number,title,depth,part,chapter,start_pdf_page,end_pdf_page_hierarchical,end_pdf_page_atomic,hierarchical_file,atomic_file,hierarchical_utf8_bytes,atomic_utf8_bytes
1,Introduction,1,1,1,22,87,24,part_01_foundations/chapter_01_introduction/hierarchical/01_introduction.md,part_01_foundations/chapter_01_introduction/atomic/01_introduction.md,135529,4310
1.1,Structure of a Typical Game Team,2,1,1,24,27,24,part_01_foundations/chapter_01_introduction/hierarchical/01.01_structure_of_a_typical_game_team.md,part_01_foundations/chapter_01_introduction/atomic/01.01_structure_of_a_typical_game_team.md,8705,667
1.1.1,Engineers,3,1,1,24,25,25,part_01_foundations/chapter_01_introduction/hierarchical/01.01.01_engineers.md,part_01_foundations/chapter_01_introduction/atomic/01.01.01_engineers.md,1890,1890
1.1.2,Artists,3,1,1,25,26,26,part_01_foundations/chapter_01_introduction/hierarchical/01.01.02_artists.md,part_01_foundations/chapter_01_introduction/atomic/01.01.02_artists.md,2657,2657
1.1.3,Game Designers,3,1,1,26,26,26,part_01_foundations/chapter_01_introduction/hierarchical/01.01.03_game_designers.md,part_01_foundations/chapter_01_introduction/atomic/01.01.03_game_designers.md,1672,1672
1.1.4,Producers,3,1,1,26,27,27,part_01_foundations/chapter_01_introduction/hierarchical/01.01.04_producers.md,part_01_foundations/chapter_01_introduction/atomic/01.01.04_producers.md,898,898
1.1.5,Other Staff,3,1,1,27,27,27,part_01_foundations/chapter_01_introduction/hierarchical/01.01.05_other_staff.md,part_01_foundations/chapter_01_introduction/atomic/01.01.05_other_staff.md,582,582
1.1.6,Publishers and Studios,3,1,1,27,27,27,part_01_foundations/chapter_01_introduction/hierarchical/01.01.06_publishers_and_studios.md,part_01_foundations/chapter_01_introduction/atomic/01.01.06_publishers_and_studios.md,1215,1215
1.2,What Is a Game?,2,1,1,27,30,28,part_01_foundations/chapter_01_introduction/hierarchical/01.02_what_is_a_game.md,part_01_foundations/chapter_01_introduction/atomic/01.02_what_is_a_game.md,7221,2076
1.2.1,Video Games as Soft Real-Time Simulations,3,1,1,28,30,30,part_01_foundations/chapter_01_introduction/hierarchical/01.02.01_video_games_as_soft_real_time_simulations.md,part_01_foundations/chapter_01_introduction/atomic/01.02.01_video_games_as_soft_real_time_simulations.md,5291,5291
1.3,What Is a Game Engine?,2,1,1,30,32,32,part_01_foundations/chapter_01_introduction/hierarchical/01.03_what_is_a_game_engine.md,part_01_foundations/chapter_01_introduction/atomic/01.03_what_is_a_game_engine.md,5837,5837
1.4,Engine Differences across Genres,2,1,1,32,50,33,part_01_foundations/chapter_01_introduction/hierarchical/01.04_engine_differences_across_genres.md,part_01_foundations/chapter_01_introduction/atomic/01.04_engine_differences_across_genres.md,31563,1663
1.4.1,First-Person Shooters (FPS),3,1,1,33,34,34,part_01_foundations/chapter_01_introduction/hierarchical/01.04.01_first_person_shooters_fps.md,part_01_foundations/chapter_01_introduction/atomic/01.04.01_first_person_shooters_fps.md,3200,3200
1.4.2,Platformers and Other Third-Person Games,3,1,1,34,36,36,part_01_foundations/chapter_01_introduction/hierarchical/01.04.02_platformers_and_other_third_person_games.md,part_01_foundations/chapter_01_introduction/atomic/01.04.02_platformers_and_other_third_person_games.md,3479,3479
1.4.3,Fighting Games,3,1,1,36,38,38,part_01_foundations/chapter_01_introduction/hierarchical/01.04.03_fighting_games.md,part_01_foundations/chapter_01_introduction/atomic/01.04.03_fighting_games.md,2319,2319
1.4.4,Racing Games,3,1,1,38,40,40,part_01_foundations/chapter_01_introduction/hierarchical/01.04.04_racing_games.md,part_01_foundations/chapter_01_introduction/atomic/01.04.04_racing_games.md,3449,3449
1.4.5,Strategy Games,3,1,1,40,42,42,part_01_foundations/chapter_01_introduction/hierarchical/01.04.05_strategy_games.md,part_01_foundations/chapter_01_introduction/atomic/01.04.05_strategy_games.md,2670,2670
1.4.6,Massively Multiplayer Online Games (MMOG),3,1,1,42,43,43,part_01_foundations/chapter_01_introduction/hierarchical/01.04.06_massively_multiplayer_online_games_mmog.md,part_01_foundations/chapter_01_introduction/atomic/01.04.06_massively_multiplayer_online_games_mmog.md,3414,3414
1.4.7,Player-Authored Content,3,1,1,44,45,45,part_01_foundations/chapter_01_introduction/hierarchical/01.04.07_player_authored_content.md,part_01_foundations/chapter_01_introduction/atomic/01.04.07_player_authored_content.md,2735,2735
1.4.8,"Virtual, Augmented and Mixed Reality",3,1,1,46,50,50,part_01_foundations/chapter_01_introduction/hierarchical/01.04.08_virtual_augmented_and_mixed_reality.md,part_01_foundations/chapter_01_introduction/atomic/01.04.08_virtual_augmented_and_mixed_reality.md,9078,9078
1.4.9,Other Genres,3,1,1,50,50,50,part_01_foundations/chapter_01_introduction/hierarchical/01.04.09_other_genres.md,part_01_foundations/chapter_01_introduction/atomic/01.04.09_other_genres.md,1348,1348
1.5,Game Engine Survey,2,1,1,50,56,50,part_01_foundations/chapter_01_introduction/hierarchical/01.05_game_engine_survey.md,part_01_foundations/chapter_01_introduction/atomic/01.05_game_engine_survey.md,15774,173
1.5.1,The Quake Family of Engines,3,1,1,50,51,51,part_01_foundations/chapter_01_introduction/hierarchical/01.05.01_the_quake_family_of_engines.md,part_01_foundations/chapter_01_introduction/atomic/01.05.01_the_quake_family_of_engines.md,2082,2082
1.5.2,Unreal Engine,3,1,1,51,52,52,part_01_foundations/chapter_01_introduction/hierarchical/01.05.02_unreal_engine.md,part_01_foundations/chapter_01_introduction/atomic/01.05.02_unreal_engine.md,2296,2296
1.5.3,The Half-Life Source Engine,3,1,1,52,52,52,part_01_foundations/chapter_01_introduction/hierarchical/01.05.03_the_half_life_source_engine.md,part_01_foundations/chapter_01_introduction/atomic/01.05.03_the_half_life_source_engine.md,491,491
1.5.4,DICE’s Frostbite,3,1,1,52,52,52,part_01_foundations/chapter_01_introduction/hierarchical/01.05.04_dices_frostbite.md,part_01_foundations/chapter_01_introduction/atomic/01.05.04_dices_frostbite.md,792,792
1.5.5,Rockstar Advanced Game Engine (RAGE),3,1,1,52,52,52,part_01_foundations/chapter_01_introduction/hierarchical/01.05.05_rockstar_advanced_game_engine_rage.md,part_01_foundations/chapter_01_introduction/atomic/01.05.05_rockstar_advanced_game_engine_rage.md,633,633
1.5.6,CRYENGINE,3,1,1,53,53,53,part_01_foundations/chapter_01_introduction/hierarchical/01.05.06_cryengine.md,part_01_foundations/chapter_01_introduction/atomic/01.05.06_cryengine.md,966,966
1.5.7,Sony’s PhyreEngine,3,1,1,53,53,53,part_01_foundations/chapter_01_introduction/hierarchical/01.05.07_sonys_phyreengine.md,part_01_foundations/chapter_01_introduction/atomic/01.05.07_sonys_phyreengine.md,1138,1138
1.5.8,Microsoft’s XNA Game Studio,3,1,1,53,53,53,part_01_foundations/chapter_01_introduction/hierarchical/01.05.08_microsofts_xna_game_studio.md,part_01_foundations/chapter_01_introduction/atomic/01.05.08_microsofts_xna_game_studio.md,827,827
1.5.9,Unity,3,1,1,54,54,54,part_01_foundations/chapter_01_introduction/hierarchical/01.05.09_unity.md,part_01_foundations/chapter_01_introduction/atomic/01.05.09_unity.md,1899,1899
1.5.10,Other Commercial Game Engines,3,1,1,54,54,54,part_01_foundations/chapter_01_introduction/hierarchical/01.05.10_other_commercial_game_engines.md,part_01_foundations/chapter_01_introduction/atomic/01.05.10_other_commercial_game_engines.md,704,704
1.5.11,Proprietary In-House Engines,3,1,1,54,55,55,part_01_foundations/chapter_01_introduction/hierarchical/01.05.11_proprietary_in_house_engines.md,part_01_foundations/chapter_01_introduction/atomic/01.05.11_proprietary_in_house_engines.md,1049,1049
1.5.12,Open Source Engines,3,1,1,55,56,56,part_01_foundations/chapter_01_introduction/hierarchical/01.05.12_open_source_engines.md,part_01_foundations/chapter_01_introduction/atomic/01.05.12_open_source_engines.md,2621,2621
1.5.13,2D Game Engines for Non-programmers,3,1,1,56,56,56,part_01_foundations/chapter_01_introduction/hierarchical/01.05.13_2d_game_engines_for_non_programmers.md,part_01_foundations/chapter_01_introduction/atomic/01.05.13_2d_game_engines_for_non_programmers.md,1939,1939
1.6,Runtime Engine Architecture,2,1,1,57,78,57,part_01_foundations/chapter_01_introduction/hierarchical/01.06_runtime_engine_architecture.md,part_01_foundations/chapter_01_introduction/atomic/01.06_runtime_engine_architecture.md,44588,1418
1.6.1,Target Hardware,3,1,1,57,57,57,part_01_foundations/chapter_01_introduction/hierarchical/01.06.01_target_hardware.md,part_01_foundations/chapter_01_introduction/atomic/01.06.01_target_hardware.md,966,966
1.6.2,Device Drivers,3,1,1,57,58,58,part_01_foundations/chapter_01_introduction/hierarchical/01.06.02_device_drivers.md,part_01_foundations/chapter_01_introduction/atomic/01.06.02_device_drivers.md,715,715
1.6.3,Operating System,3,1,1,59,59,59,part_01_foundations/chapter_01_introduction/hierarchical/01.06.03_operating_system.md,part_01_foundations/chapter_01_introduction/atomic/01.06.03_operating_system.md,1714,1714
1.6.4,Third-Party SDKs and Middleware,3,1,1,59,62,62,part_01_foundations/chapter_01_introduction/hierarchical/01.06.04_third_party_sdks_and_middleware.md,part_01_foundations/chapter_01_introduction/atomic/01.06.04_third_party_sdks_and_middleware.md,6622,6622
1.6.5,Platform Independence Layer,3,1,1,62,63,63,part_01_foundations/chapter_01_introduction/hierarchical/01.06.05_platform_independence_layer.md,part_01_foundations/chapter_01_introduction/atomic/01.06.05_platform_independence_layer.md,2049,2049
1.6.6,Core Systems,3,1,1,63,64,64,part_01_foundations/chapter_01_introduction/hierarchical/01.06.06_core_systems.md,part_01_foundations/chapter_01_introduction/atomic/01.06.06_core_systems.md,2259,2259
1.6.7,Resource Manager,3,1,1,64,64,64,part_01_foundations/chapter_01_introduction/hierarchical/01.06.07_resource_manager.md,part_01_foundations/chapter_01_introduction/atomic/01.06.07_resource_manager.md,1055,1055
1.6.8,Rendering Engine,3,1,1,64,69,69,part_01_foundations/chapter_01_introduction/hierarchical/01.06.08_rendering_engine.md,part_01_foundations/chapter_01_introduction/atomic/01.06.08_rendering_engine.md,9354,9354
1.6.9,Profiling and Debugging Tools,3,1,1,69,70,70,part_01_foundations/chapter_01_introduction/hierarchical/01.06.09_profiling_and_debugging_tools.md,part_01_foundations/chapter_01_introduction/atomic/01.06.09_profiling_and_debugging_tools.md,3161,3161
1.6.10,Collision and Physics,3,1,1,70,71,71,part_01_foundations/chapter_01_introduction/hierarchical/01.06.10_collision_and_physics.md,part_01_foundations/chapter_01_introduction/atomic/01.06.10_collision_and_physics.md,2285,2285
1.6.11,Animation,3,1,1,71,72,72,part_01_foundations/chapter_01_introduction/hierarchical/01.06.11_animation.md,part_01_foundations/chapter_01_introduction/atomic/01.06.11_animation.md,2194,2194
1.6.12,Human Interface Devices (HID),3,1,1,72,73,73,part_01_foundations/chapter_01_introduction/hierarchical/01.06.12_human_interface_devices_hid.md,part_01_foundations/chapter_01_introduction/atomic/01.06.12_human_interface_devices_hid.md,2135,2135
1.6.13,Audio,3,1,1,73,73,73,part_01_foundations/chapter_01_introduction/hierarchical/01.06.13_audio.md,part_01_foundations/chapter_01_introduction/atomic/01.06.13_audio.md,1940,1940
1.6.14,Online Multiplayer/Networking,3,1,1,74,74,74,part_01_foundations/chapter_01_introduction/hierarchical/01.06.14_online_multiplayer_networking.md,part_01_foundations/chapter_01_introduction/atomic/01.06.14_online_multiplayer_networking.md,2616,2616
1.6.15,Gameplay Foundation Systems,3,1,1,74,77,77,part_01_foundations/chapter_01_introduction/hierarchical/01.06.15_gameplay_foundation_systems.md,part_01_foundations/chapter_01_introduction/atomic/01.06.15_gameplay_foundation_systems.md,6330,6330
1.6.16,Game-Specific Subsystems,3,1,1,77,78,78,part_01_foundations/chapter_01_introduction/hierarchical/01.06.16_game_specific_subsystems.md,part_01_foundations/chapter_01_introduction/atomic/01.06.16_game_specific_subsystems.md,1309,1309
1.7,Tools and the Asset Pipeline,2,1,1,78,87,78,part_01_foundations/chapter_01_introduction/hierarchical/01.07_tools_and_the_asset_pipeline.md,part_01_foundations/chapter_01_introduction/atomic/01.07_tools_and_the_asset_pipeline.md,18562,735
1.7.1,Digital Content Creation Tools,3,1,1,78,79,79,part_01_foundations/chapter_01_introduction/hierarchical/01.07.01_digital_content_creation_tools.md,part_01_foundations/chapter_01_introduction/atomic/01.07.01_digital_content_creation_tools.md,3238,3238
1.7.2,The Asset Conditioning Pipeline,3,1,1,80,83,83,part_01_foundations/chapter_01_introduction/hierarchical/01.07.02_the_asset_conditioning_pipeline.md,part_01_foundations/chapter_01_introduction/atomic/01.07.02_the_asset_conditioning_pipeline.md,7658,7658
1.7.3,The World Editor,3,1,1,83,83,83,part_01_foundations/chapter_01_introduction/hierarchical/01.07.03_the_world_editor.md,part_01_foundations/chapter_01_introduction/atomic/01.07.03_the_world_editor.md,929,929
1.7.4,The Resource Database,3,1,1,83,84,84,part_01_foundations/chapter_01_introduction/hierarchical/01.07.04_the_resource_database.md,part_01_foundations/chapter_01_introduction/atomic/01.07.04_the_resource_database.md,2251,2251
1.7.5,Some Approaches to Tool Architecture,3,1,1,84,87,87,part_01_foundations/chapter_01_introduction/hierarchical/01.07.05_some_approaches_to_tool_architecture.md,part_01_foundations/chapter_01_introduction/atomic/01.07.05_some_approaches_to_tool_architecture.md,4630,4630
2,Tools of the Trade,1,1,2,88,123,88,part_01_foundations/chapter_02_tools_of_the_trade/hierarchical/02_tools_of_the_trade.md,part_01_foundations/chapter_02_tools_of_the_trade/atomic/02_tools_of_the_trade.md,78342,1223
2.1,Version Control,2,1,2,88,97,89,part_01_foundations/chapter_02_tools_of_the_trade/hierarchical/02.01_version_control.md,part_01_foundations/chapter_02_tools_of_the_trade/atomic/02.01_version_control.md,19187,1128
2.1.1,Why Use Version Control?,3,1,2,89,89,89,part_01_foundations/chapter_02_tools_of_the_trade/hierarchical/02.01.01_why_use_version_control.md,part_01_foundations/chapter_02_tools_of_the_trade/atomic/02.01.01_why_use_version_control.md,1011,1011
2.1.2,Common Version Control Systems,3,1,2,89,91,91,part_01_foundations/chapter_02_tools_of_the_trade/hierarchical/02.01.02_common_version_control_systems.md,part_01_foundations/chapter_02_tools_of_the_trade/atomic/02.01.02_common_version_control_systems.md,3619,3619
2.1.3,Overview of Subversion and TortoiseSVN,3,1,2,91,91,91,part_01_foundations/chapter_02_tools_of_the_trade/hierarchical/02.01.03_overview_of_subversion_and_tortoisesvn.md,part_01_foundations/chapter_02_tools_of_the_trade/atomic/02.01.03_overview_of_subversion_and_tortoisesvn.md,2117,2117
2.1.4,Setting up a Code Repository,3,1,2,91,92,92,part_01_foundations/chapter_02_tools_of_the_trade/hierarchical/02.01.04_setting_up_a_code_repository.md,part_01_foundations/chapter_02_tools_of_the_trade/atomic/02.01.04_setting_up_a_code_repository.md,967,967
2.1.5,Installing TortoiseSVN,3,1,2,92,93,93,part_01_foundations/chapter_02_tools_of_the_trade/hierarchical/02.01.05_installing_tortoisesvn.md,part_01_foundations/chapter_02_tools_of_the_trade/atomic/02.01.05_installing_tortoisesvn.md,2679,2679
2.1.6,"File Versions, Updating and Committing",3,1,2,93,95,95,part_01_foundations/chapter_02_tools_of_the_trade/hierarchical/02.01.06_file_versions_updating_and_committing.md,part_01_foundations/chapter_02_tools_of_the_trade/atomic/02.01.06_file_versions_updating_and_committing.md,3697,3697
2.1.7,"Multiple Check-Out, Branching and Merging",3,1,2,95,97,97,part_01_foundations/chapter_02_tools_of_the_trade/hierarchical/02.01.07_multiple_check_out_branching_and_merging.md,part_01_foundations/chapter_02_tools_of_the_trade/atomic/02.01.07_multiple_check_out_branching_and_merging.md,4496,4496
2.1.8,Deleting Files,3,1,2,97,97,97,part_01_foundations/chapter_02_tools_of_the_trade/hierarchical/02.01.08_deleting_files.md,part_01_foundations/chapter_02_tools_of_the_trade/atomic/02.01.08_deleting_files.md,911,911
2.2,"Compilers, Linkers and IDEs",2,1,2,97,118,98,part_01_foundations/chapter_02_tools_of_the_trade/hierarchical/02.02_compilers_linkers_and_ides.md,part_01_foundations/chapter_02_tools_of_the_trade/atomic/02.02_compilers_linkers_and_ides.md,46981,1661
2.2.1,"Source Files, Headers and Translation Units",3,1,2,98,98,98,part_01_foundations/chapter_02_tools_of_the_trade/hierarchical/02.02.01_source_files_headers_and_translation_units.md,part_01_foundations/chapter_02_tools_of_the_trade/atomic/02.02.01_source_files_headers_and_translation_units.md,1163,1163
2.2.2,"Libraries, Executables and Dynamic Link Libraries",3,1,2,98,99,99,part_01_foundations/chapter_02_tools_of_the_trade/hierarchical/02.02.02_libraries_executables_and_dynamic_link_libraries.md,part_01_foundations/chapter_02_tools_of_the_trade/atomic/02.02.02_libraries_executables_and_dynamic_link_libraries.md,2979,2979
2.2.3,Projects and Solutions,3,1,2,99,100,100,part_01_foundations/chapter_02_tools_of_the_trade/hierarchical/02.02.03_projects_and_solutions.md,part_01_foundations/chapter_02_tools_of_the_trade/atomic/02.02.03_projects_and_solutions.md,1784,1784
2.2.4,Build Configurations,3,1,2,100,110,110,part_01_foundations/chapter_02_tools_of_the_trade/hierarchical/02.02.04_build_configurations.md,part_01_foundations/chapter_02_tools_of_the_trade/atomic/02.02.04_build_configurations.md,24477,24477
2.2.5,Debugging Your Code,3,1,2,110,118,118,part_01_foundations/chapter_02_tools_of_the_trade/hierarchical/02.02.05_debugging_your_code.md,part_01_foundations/chapter_02_tools_of_the_trade/atomic/02.02.05_debugging_your_code.md,15744,15744
2.3,Profiling Tools,2,1,2,118,120,120,part_01_foundations/chapter_02_tools_of_the_trade/hierarchical/02.03_profiling_tools.md,part_01_foundations/chapter_02_tools_of_the_trade/atomic/02.03_profiling_tools.md,5755,5570
2.3.1,List of Profilers,3,1,2,120,120,120,part_01_foundations/chapter_02_tools_of_the_trade/hierarchical/02.03.01_list_of_profilers.md,part_01_foundations/chapter_02_tools_of_the_trade/atomic/02.03.01_list_of_profilers.md,334,334
2.4,Memory Leak and Corruption Detection,2,1,2,120,121,121,part_01_foundations/chapter_02_tools_of_the_trade/hierarchical/02.04_memory_leak_and_corruption_detection.md,part_01_foundations/chapter_02_tools_of_the_trade/atomic/02.04_memory_leak_and_corruption_detection.md,2616,2616
2.5,Other Tools,2,1,2,121,123,123,part_01_foundations/chapter_02_tools_of_the_trade/hierarchical/02.05_other_tools.md,part_01_foundations/chapter_02_tools_of_the_trade/atomic/02.05_other_tools.md,3305,3305
3,Fundamentals of Software Engineering for Games,1,1,3,124,221,124,part_01_foundations/chapter_03_fundamentals_of_software_engineering_for_games/hierarchical/03_fundamentals_of_software_engineering_for_games.md,part_01_foundations/chapter_03_fundamentals_of_software_engineering_for_games/atomic/03_fundamentals_of_software_engineering_for_games.md,206391,942
3.1,C++ Review and Best Practices,2,1,3,124,138,125,part_01_foundations/chapter_03_fundamentals_of_software_engineering_for_games/hierarchical/03.01_cpp_review_and_best_practices.md,part_01_foundations/chapter_03_fundamentals_of_software_engineering_for_games/atomic/03.01_cpp_review_and_best_practices.md,27982,1188
3.1.1,Brief Review of Object-Oriented Programming,3,1,3,125,132,132,part_01_foundations/chapter_03_fundamentals_of_software_engineering_for_games/hierarchical/03.01.01_brief_review_of_object_oriented_programming.md,part_01_foundations/chapter_03_fundamentals_of_software_engineering_for_games/atomic/03.01.01_brief_review_of_object_oriented_programming.md,12506,12506
3.1.2,C++ Language Standardization,3,1,3,132,137,137,part_01_foundations/chapter_03_fundamentals_of_software_engineering_for_games/hierarchical/03.01.02_cpp_language_standardization.md,part_01_foundations/chapter_03_fundamentals_of_software_engineering_for_games/atomic/03.01.02_cpp_language_standardization.md,11620,11620
3.1.3,Coding Standards: Why and How Much?,3,1,3,137,138,138,part_01_foundations/chapter_03_fundamentals_of_software_engineering_for_games/hierarchical/03.01.03_coding_standards_why_and_how_much.md,part_01_foundations/chapter_03_fundamentals_of_software_engineering_for_games/atomic/03.01.03_coding_standards_why_and_how_much.md,3115,3115
3.2,Catching and Handling Errors,2,1,3,138,150,138,part_01_foundations/chapter_03_fundamentals_of_software_engineering_for_games/hierarchical/03.02_catching_and_handling_errors.md,part_01_foundations/chapter_03_fundamentals_of_software_engineering_for_games/atomic/03.02_catching_and_handling_errors.md,27095,396
3.2.1,Types of Errors,3,1,3,138,139,139,part_01_foundations/chapter_03_fundamentals_of_software_engineering_for_games/hierarchical/03.02.01_types_of_errors.md,part_01_foundations/chapter_03_fundamentals_of_software_engineering_for_games/atomic/03.02.01_types_of_errors.md,2231,2231
3.2.2,Handling Errors,3,1,3,139,141,141,part_01_foundations/chapter_03_fundamentals_of_software_engineering_for_games/hierarchical/03.02.02_handling_errors.md,part_01_foundations/chapter_03_fundamentals_of_software_engineering_for_games/atomic/03.02.02_handling_errors.md,5079,5079
3.2.3,Implementation of Error Detection and Handling,3,1,3,141,150,150,part_01_foundations/chapter_03_fundamentals_of_software_engineering_for_games/hierarchical/03.02.03_implementation_of_error_detection_and_handling.md,part_01_foundations/chapter_03_fundamentals_of_software_engineering_for_games/atomic/03.02.03_implementation_of_error_detection_and_handling.md,19836,19836
3.3,"Data, Code and Memory Layout",2,1,3,150,183,150,part_01_foundations/chapter_03_fundamentals_of_software_engineering_for_games/hierarchical/03.03_data_code_and_memory_layout.md,part_01_foundations/chapter_03_fundamentals_of_software_engineering_for_games/atomic/03.03_data_code_and_memory_layout.md,67813,186
3.3.1,Numeric Representations,3,1,3,150,156,156,part_01_foundations/chapter_03_fundamentals_of_software_engineering_for_games/hierarchical/03.03.01_numeric_representations.md,part_01_foundations/chapter_03_fundamentals_of_software_engineering_for_games/atomic/03.03.01_numeric_representations.md,16393,16393
3.3.2,Primitive Data Types,3,1,3,156,162,162,part_01_foundations/chapter_03_fundamentals_of_software_engineering_for_games/hierarchical/03.03.02_primitive_data_types.md,part_01_foundations/chapter_03_fundamentals_of_software_engineering_for_games/atomic/03.03.02_primitive_data_types.md,12064,12064
3.3.3,Kilobytes versus Kibibytes,3,1,3,162,163,163,part_01_foundations/chapter_03_fundamentals_of_software_engineering_for_games/hierarchical/03.03.03_kilobytes_versus_kibibytes.md,part_01_foundations/chapter_03_fundamentals_of_software_engineering_for_games/atomic/03.03.03_kilobytes_versus_kibibytes.md,1984,1984
3.3.4,"Declarations, Definitions and Linkage",3,1,3,163,170,170,part_01_foundations/chapter_03_fundamentals_of_software_engineering_for_games/hierarchical/03.03.04_declarations_definitions_and_linkage.md,part_01_foundations/chapter_03_fundamentals_of_software_engineering_for_games/atomic/03.03.04_declarations_definitions_and_linkage.md,12458,12458
3.3.5,Memory Layout of a C/C++ Program,3,1,3,170,175,175,part_01_foundations/chapter_03_fundamentals_of_software_engineering_for_games/hierarchical/03.03.05_memory_layout_of_a_c_cpp_program.md,part_01_foundations/chapter_03_fundamentals_of_software_engineering_for_games/atomic/03.03.05_memory_layout_of_a_c_cpp_program.md,10332,10332
3.3.6,Member Variables,3,1,3,175,177,177,part_01_foundations/chapter_03_fundamentals_of_software_engineering_for_games/hierarchical/03.03.06_member_variables.md,part_01_foundations/chapter_03_fundamentals_of_software_engineering_for_games/atomic/03.03.06_member_variables.md,3283,3283
3.3.7,Object Layout in Memory,3,1,3,177,183,183,part_01_foundations/chapter_03_fundamentals_of_software_engineering_for_games/hierarchical/03.03.07_object_layout_in_memory.md,part_01_foundations/chapter_03_fundamentals_of_software_engineering_for_games/atomic/03.03.07_object_layout_in_memory.md,12429,12429
3.4,Computer Hardware Fundamentals,2,1,3,183,200,184,part_01_foundations/chapter_03_fundamentals_of_software_engineering_for_games/hierarchical/03.04_computer_hardware_fundamentals.md,part_01_foundations/chapter_03_fundamentals_of_software_engineering_for_games/atomic/03.04_computer_hardware_fundamentals.md,39499,1363
3.4.1,Learning from the Simpler Computers of Yesteryear,3,1,3,184,185,185,part_01_foundations/chapter_03_fundamentals_of_software_engineering_for_games/hierarchical/03.04.01_learning_from_the_simpler_computers_of_yesteryear.md,part_01_foundations/chapter_03_fundamentals_of_software_engineering_for_games/atomic/03.04.01_learning_from_the_simpler_computers_of_yesteryear.md,2185,2185
3.4.2,Anatomy of a Computer,3,1,3,185,185,185,part_01_foundations/chapter_03_fundamentals_of_software_engineering_for_games/hierarchical/03.04.02_anatomy_of_a_computer.md,part_01_foundations/chapter_03_fundamentals_of_software_engineering_for_games/atomic/03.04.02_anatomy_of_a_computer.md,846,846
3.4.3,CPU,3,1,3,185,190,190,part_01_foundations/chapter_03_fundamentals_of_software_engineering_for_games/hierarchical/03.04.03_cpu.md,part_01_foundations/chapter_03_fundamentals_of_software_engineering_for_games/atomic/03.04.03_cpu.md,11075,11075
3.4.4,Clock,3,1,3,190,191,191,part_01_foundations/chapter_03_fundamentals_of_software_engineering_for_games/hierarchical/03.04.04_clock.md,part_01_foundations/chapter_03_fundamentals_of_software_engineering_for_games/atomic/03.04.04_clock.md,3841,3841
3.4.5,Memory,3,1,3,191,192,192,part_01_foundations/chapter_03_fundamentals_of_software_engineering_for_games/hierarchical/03.04.05_memory.md,part_01_foundations/chapter_03_fundamentals_of_software_engineering_for_games/atomic/03.04.05_memory.md,2394,2394
3.4.6,Buses,3,1,3,192,194,194,part_01_foundations/chapter_03_fundamentals_of_software_engineering_for_games/hierarchical/03.04.06_buses.md,part_01_foundations/chapter_03_fundamentals_of_software_engineering_for_games/atomic/03.04.06_buses.md,5857,5857
3.4.7,Machine and Assembly Language,3,1,3,194,200,200,part_01_foundations/chapter_03_fundamentals_of_software_engineering_for_games/hierarchical/03.04.07_machine_and_assembly_language.md,part_01_foundations/chapter_03_fundamentals_of_software_engineering_for_games/atomic/03.04.07_machine_and_assembly_language.md,13254,13254
3.5,Memory Architectures,2,1,3,200,221,200,part_01_foundations/chapter_03_fundamentals_of_software_engineering_for_games/hierarchical/03.05_memory_architectures.md,part_01_foundations/chapter_03_fundamentals_of_software_engineering_for_games/atomic/03.05_memory_architectures.md,43780,1079
3.5.1,Memory Mapping,3,1,3,201,203,203,part_01_foundations/chapter_03_fundamentals_of_software_engineering_for_games/hierarchical/03.05.01_memory_mapping.md,part_01_foundations/chapter_03_fundamentals_of_software_engineering_for_games/atomic/03.05.01_memory_mapping.md,5578,5578
3.5.2,Virtual Memory,3,1,3,203,207,207,part_01_foundations/chapter_03_fundamentals_of_software_engineering_for_games/hierarchical/03.05.02_virtual_memory.md,part_01_foundations/chapter_03_fundamentals_of_software_engineering_for_games/atomic/03.05.02_virtual_memory.md,7927,7927
3.5.3,Memory Architectures for Latency Reduction,3,1,3,207,209,209,part_01_foundations/chapter_03_fundamentals_of_software_engineering_for_games/hierarchical/03.05.03_memory_architectures_for_latency_reduction.md,part_01_foundations/chapter_03_fundamentals_of_software_engineering_for_games/atomic/03.05.03_memory_architectures_for_latency_reduction.md,6333,6333
3.5.4,Memory Cache Hierarchies,3,1,3,210,217,217,part_01_foundations/chapter_03_fundamentals_of_software_engineering_for_games/hierarchical/03.05.04_memory_cache_hierarchies.md,part_01_foundations/chapter_03_fundamentals_of_software_engineering_for_games/atomic/03.05.04_memory_cache_hierarchies.md,17256,17256
3.5.5,Nonuniform Memory Access (NUMA),3,1,3,217,221,221,part_01_foundations/chapter_03_fundamentals_of_software_engineering_for_games/hierarchical/03.05.05_nonuniform_memory_access_numa.md,part_01_foundations/chapter_03_fundamentals_of_software_engineering_for_games/atomic/03.05.05_nonuniform_memory_access_numa.md,6379,6379
4,Parallelism and Concurrent Programming,1,1,4,222,377,223,part_01_foundations/chapter_04_parallelism_and_concurrent_programming/hierarchical/04_parallelism_and_concurrent_programming.md,part_01_foundations/chapter_04_parallelism_and_concurrent_programming/atomic/04_parallelism_and_concurrent_programming.md,308994,2948
4.1,Defining Concurrency and Parallelism,2,1,4,223,230,223,part_01_foundations/chapter_04_parallelism_and_concurrent_programming/hierarchical/04.01_defining_concurrency_and_parallelism.md,part_01_foundations/chapter_04_parallelism_and_concurrent_programming/atomic/04.01_defining_concurrency_and_parallelism.md,12791,286
4.1.1,Concurrency,3,1,4,223,224,224,part_01_foundations/chapter_04_parallelism_and_concurrent_programming/hierarchical/04.01.01_concurrency.md,part_01_foundations/chapter_04_parallelism_and_concurrent_programming/atomic/04.01.01_concurrency.md,2192,2192
4.1.2,Parallelism,3,1,4,224,226,226,part_01_foundations/chapter_04_parallelism_and_concurrent_programming/hierarchical/04.01.02_parallelism.md,part_01_foundations/chapter_04_parallelism_and_concurrent_programming/atomic/04.01.02_parallelism.md,3195,3195
4.1.3,Task versus Data Parallelism,3,1,4,226,226,226,part_01_foundations/chapter_04_parallelism_and_concurrent_programming/hierarchical/04.01.03_task_versus_data_parallelism.md,part_01_foundations/chapter_04_parallelism_and_concurrent_programming/atomic/04.01.03_task_versus_data_parallelism.md,935,935
4.1.4,Flynn’s Taxonomy,3,1,4,226,229,229,part_01_foundations/chapter_04_parallelism_and_concurrent_programming/hierarchical/04.01.04_flynns_taxonomy.md,part_01_foundations/chapter_04_parallelism_and_concurrent_programming/atomic/04.01.04_flynns_taxonomy.md,5383,5383
4.1.5,Orthogonality of Concurrency and Parallelism,3,1,4,230,230,230,part_01_foundations/chapter_04_parallelism_and_concurrent_programming/hierarchical/04.01.05_orthogonality_of_concurrency_and_parallelism.md,part_01_foundations/chapter_04_parallelism_and_concurrent_programming/atomic/04.01.05_orthogonality_of_concurrency_and_parallelism.md,1124,1124
4.1.6,Roadmap of the Chapter,3,1,4,230,230,230,part_01_foundations/chapter_04_parallelism_and_concurrent_programming/hierarchical/04.01.06_roadmap_of_the_chapter.md,part_01_foundations/chapter_04_parallelism_and_concurrent_programming/atomic/04.01.06_roadmap_of_the_chapter.md,720,720
4.2,Implicit Parallelism,2,1,4,230,244,231,part_01_foundations/chapter_04_parallelism_and_concurrent_programming/hierarchical/04.02_implicit_parallelism.md,part_01_foundations/chapter_04_parallelism_and_concurrent_programming/atomic/04.02_implicit_parallelism.md,29096,1208
4.2.1,Pipelining,3,1,4,231,233,233,part_01_foundations/chapter_04_parallelism_and_concurrent_programming/hierarchical/04.02.01_pipelining.md,part_01_foundations/chapter_04_parallelism_and_concurrent_programming/atomic/04.02.01_pipelining.md,4634,4634
4.2.2,Latency versus Throughput,3,1,4,233,233,233,part_01_foundations/chapter_04_parallelism_and_concurrent_programming/hierarchical/04.02.02_latency_versus_throughput.md,part_01_foundations/chapter_04_parallelism_and_concurrent_programming/atomic/04.02.02_latency_versus_throughput.md,874,874
4.2.3,Pipeline Depths,3,1,4,233,234,234,part_01_foundations/chapter_04_parallelism_and_concurrent_programming/hierarchical/04.02.03_pipeline_depths.md,part_01_foundations/chapter_04_parallelism_and_concurrent_programming/atomic/04.02.03_pipeline_depths.md,1377,1377
4.2.4,Stalls,3,1,4,234,234,234,part_01_foundations/chapter_04_parallelism_and_concurrent_programming/hierarchical/04.02.04_stalls.md,part_01_foundations/chapter_04_parallelism_and_concurrent_programming/atomic/04.02.04_stalls.md,692,692
4.2.5,Data Dependencies,3,1,4,234,236,236,part_01_foundations/chapter_04_parallelism_and_concurrent_programming/hierarchical/04.02.05_data_dependencies.md,part_01_foundations/chapter_04_parallelism_and_concurrent_programming/atomic/04.02.05_data_dependencies.md,4795,4795
4.2.6,Branch Dependencies,3,1,4,236,240,240,part_01_foundations/chapter_04_parallelism_and_concurrent_programming/hierarchical/04.02.06_branch_dependencies.md,part_01_foundations/chapter_04_parallelism_and_concurrent_programming/atomic/04.02.06_branch_dependencies.md,8503,8503
4.2.7,Superscalar CPUs,3,1,4,240,242,242,part_01_foundations/chapter_04_parallelism_and_concurrent_programming/hierarchical/04.02.07_superscalar_cpus.md,part_01_foundations/chapter_04_parallelism_and_concurrent_programming/atomic/04.02.07_superscalar_cpus.md,4608,4608
4.2.8,Very Long Instruction Word (VLIW),3,1,4,242,244,244,part_01_foundations/chapter_04_parallelism_and_concurrent_programming/hierarchical/04.02.08_very_long_instruction_word_vliw.md,part_01_foundations/chapter_04_parallelism_and_concurrent_programming/atomic/04.02.08_very_long_instruction_word_vliw.md,3961,3961
4.3,Explicit Parallelism,2,1,4,244,249,244,part_01_foundations/chapter_04_parallelism_and_concurrent_programming/hierarchical/04.03_explicit_parallelism.md,part_01_foundations/chapter_04_parallelism_and_concurrent_programming/atomic/04.03_explicit_parallelism.md,8900,677
4.3.1,Hyperthreading,3,1,4,244,245,245,part_01_foundations/chapter_04_parallelism_and_concurrent_programming/hierarchical/04.03.01_hyperthreading.md,part_01_foundations/chapter_04_parallelism_and_concurrent_programming/atomic/04.03.01_hyperthreading.md,2353,2353
4.3.2,Multicore CPUs,3,1,4,245,246,246,part_01_foundations/chapter_04_parallelism_and_concurrent_programming/hierarchical/04.03.02_multicore_cpus.md,part_01_foundations/chapter_04_parallelism_and_concurrent_programming/atomic/04.03.02_multicore_cpus.md,1938,1938
4.3.3,Symmetric versus Asymmetric Multiprocessing,3,1,4,246,248,248,part_01_foundations/chapter_04_parallelism_and_concurrent_programming/hierarchical/04.03.03_symmetric_versus_asymmetric_multiprocessing.md,part_01_foundations/chapter_04_parallelism_and_concurrent_programming/atomic/04.03.03_symmetric_versus_asymmetric_multiprocessing.md,3653,3653
4.3.4,Distributed Computing,3,1,4,248,249,249,part_01_foundations/chapter_04_parallelism_and_concurrent_programming/hierarchical/04.03.04_distributed_computing.md,part_01_foundations/chapter_04_parallelism_and_concurrent_programming/atomic/04.03.04_distributed_computing.md,1239,1239
4.4,Operating System Fundamentals,2,1,4,249,275,249,part_01_foundations/chapter_04_parallelism_and_concurrent_programming/hierarchical/04.04_operating_system_fundamentals.md,part_01_foundations/chapter_04_parallelism_and_concurrent_programming/atomic/04.04_operating_system_fundamentals.md,56736,482
4.4.1,The Kernel,3,1,4,249,251,251,part_01_foundations/chapter_04_parallelism_and_concurrent_programming/hierarchical/04.04.01_the_kernel.md,part_01_foundations/chapter_04_parallelism_and_concurrent_programming/atomic/04.04.01_the_kernel.md,3871,3871
4.4.2,Interrupts,3,1,4,251,252,252,part_01_foundations/chapter_04_parallelism_and_concurrent_programming/hierarchical/04.04.02_interrupts.md,part_01_foundations/chapter_04_parallelism_and_concurrent_programming/atomic/04.04.02_interrupts.md,2507,2507
4.4.3,Kernel Calls,3,1,4,252,252,252,part_01_foundations/chapter_04_parallelism_and_concurrent_programming/hierarchical/04.04.03_kernel_calls.md,part_01_foundations/chapter_04_parallelism_and_concurrent_programming/atomic/04.04.03_kernel_calls.md,1889,1889
4.4.4,Preemptive Multitasking,3,1,4,252,254,254,part_01_foundations/chapter_04_parallelism_and_concurrent_programming/hierarchical/04.04.04_preemptive_multitasking.md,part_01_foundations/chapter_04_parallelism_and_concurrent_programming/atomic/04.04.04_preemptive_multitasking.md,3772,3772
4.4.5,Processes,3,1,4,254,259,259,part_01_foundations/chapter_04_parallelism_and_concurrent_programming/hierarchical/04.04.05_processes.md,part_01_foundations/chapter_04_parallelism_and_concurrent_programming/atomic/04.04.05_processes.md,13033,13033
4.4.6,Threads,3,1,4,260,269,269,part_01_foundations/chapter_04_parallelism_and_concurrent_programming/hierarchical/04.04.06_threads.md,part_01_foundations/chapter_04_parallelism_and_concurrent_programming/atomic/04.04.06_threads.md,19514,19514
4.4.7,Fibers,3,1,4,269,271,271,part_01_foundations/chapter_04_parallelism_and_concurrent_programming/hierarchical/04.04.07_fibers.md,part_01_foundations/chapter_04_parallelism_and_concurrent_programming/atomic/04.04.07_fibers.md,5652,5652
4.4.8,User-Level Threads and Coroutines,3,1,4,272,274,274,part_01_foundations/chapter_04_parallelism_and_concurrent_programming/hierarchical/04.04.08_user_level_threads_and_coroutines.md,part_01_foundations/chapter_04_parallelism_and_concurrent_programming/atomic/04.04.08_user_level_threads_and_coroutines.md,6368,6368
4.4.9,Further Reading on Processes and Threads,3,1,4,274,275,275,part_01_foundations/chapter_04_parallelism_and_concurrent_programming/hierarchical/04.04.09_further_reading_on_processes_and_threads.md,part_01_foundations/chapter_04_parallelism_and_concurrent_programming/atomic/04.04.09_further_reading_on_processes_and_threads.md,1107,1107
4.5,Introduction to Concurrent Programming,2,1,4,275,286,275,part_01_foundations/chapter_04_parallelism_and_concurrent_programming/hierarchical/04.05_introduction_to_concurrent_programming.md,part_01_foundations/chapter_04_parallelism_and_concurrent_programming/atomic/04.05_introduction_to_concurrent_programming.md,22201,1610
4.5.1,Why Write Concurrent Software?,3,1,4,276,276,276,part_01_foundations/chapter_04_parallelism_and_concurrent_programming/hierarchical/04.05.01_why_write_concurrent_software.md,part_01_foundations/chapter_04_parallelism_and_concurrent_programming/atomic/04.05.01_why_write_concurrent_software.md,543,543
4.5.2,Concurrent Programming Models,3,1,4,276,277,277,part_01_foundations/chapter_04_parallelism_and_concurrent_programming/hierarchical/04.05.02_concurrent_programming_models.md,part_01_foundations/chapter_04_parallelism_and_concurrent_programming/atomic/04.05.02_concurrent_programming_models.md,3349,3349
4.5.3,Race Conditions,3,1,4,277,280,280,part_01_foundations/chapter_04_parallelism_and_concurrent_programming/hierarchical/04.05.03_race_conditions.md,part_01_foundations/chapter_04_parallelism_and_concurrent_programming/atomic/04.05.03_race_conditions.md,6384,6384
4.5.4,Critical Operations and Atomicity,3,1,4,280,286,286,part_01_foundations/chapter_04_parallelism_and_concurrent_programming/hierarchical/04.05.04_critical_operations_and_atomicity.md,part_01_foundations/chapter_04_parallelism_and_concurrent_programming/atomic/04.05.04_critical_operations_and_atomicity.md,10970,10970
4.6,Thread Synchronization Primitives,2,1,4,286,300,286,part_01_foundations/chapter_04_parallelism_and_concurrent_programming/hierarchical/04.06_thread_synchronization_primitives.md,part_01_foundations/chapter_04_parallelism_and_concurrent_programming/atomic/04.06_thread_synchronization_primitives.md,22804,1501
4.6.1,Mutexes,3,1,4,286,289,289,part_01_foundations/chapter_04_parallelism_and_concurrent_programming/hierarchical/04.06.01_mutexes.md,part_01_foundations/chapter_04_parallelism_and_concurrent_programming/atomic/04.06.01_mutexes.md,4379,4379
4.6.2,Critical Sections,3,1,4,289,290,290,part_01_foundations/chapter_04_parallelism_and_concurrent_programming/hierarchical/04.06.02_critical_sections.md,part_01_foundations/chapter_04_parallelism_and_concurrent_programming/atomic/04.06.02_critical_sections.md,3010,3010
4.6.3,Condition Variables,3,1,4,290,294,294,part_01_foundations/chapter_04_parallelism_and_concurrent_programming/hierarchical/04.06.03_condition_variables.md,part_01_foundations/chapter_04_parallelism_and_concurrent_programming/atomic/04.06.03_condition_variables.md,6045,6045
4.6.4,Semaphores,3,1,4,294,298,298,part_01_foundations/chapter_04_parallelism_and_concurrent_programming/hierarchical/04.06.04_semaphores.md,part_01_foundations/chapter_04_parallelism_and_concurrent_programming/atomic/04.06.04_semaphores.md,6774,6774
4.6.5,Windows Events,3,1,4,298,300,300,part_01_foundations/chapter_04_parallelism_and_concurrent_programming/hierarchical/04.06.05_windows_events.md,part_01_foundations/chapter_04_parallelism_and_concurrent_programming/atomic/04.06.05_windows_events.md,1840,1840
4.7,Problems with Lock-Based Concurrency,2,1,4,300,305,300,part_01_foundations/chapter_04_parallelism_and_concurrent_programming/hierarchical/04.07_problems_with_lock_based_concurrency.md,part_01_foundations/chapter_04_parallelism_and_concurrent_programming/atomic/04.07_problems_with_lock_based_concurrency.md,11629,870
4.7.1,Deadlock,3,1,4,300,302,302,part_01_foundations/chapter_04_parallelism_and_concurrent_programming/hierarchical/04.07.01_deadlock.md,part_01_foundations/chapter_04_parallelism_and_concurrent_programming/atomic/04.07.01_deadlock.md,4173,4173
4.7.2,Livelock,3,1,4,302,303,303,part_01_foundations/chapter_04_parallelism_and_concurrent_programming/hierarchical/04.07.02_livelock.md,part_01_foundations/chapter_04_parallelism_and_concurrent_programming/atomic/04.07.02_livelock.md,1539,1539
4.7.3,Starvation,3,1,4,303,303,303,part_01_foundations/chapter_04_parallelism_and_concurrent_programming/hierarchical/04.07.03_starvation.md,part_01_foundations/chapter_04_parallelism_and_concurrent_programming/atomic/04.07.03_starvation.md,1013,1013
4.7.4,Priority Inversion,3,1,4,303,304,304,part_01_foundations/chapter_04_parallelism_and_concurrent_programming/hierarchical/04.07.04_priority_inversion.md,part_01_foundations/chapter_04_parallelism_and_concurrent_programming/atomic/04.07.04_priority_inversion.md,2180,2180
4.7.5,The Dining Philosophers,3,1,4,304,305,305,part_01_foundations/chapter_04_parallelism_and_concurrent_programming/hierarchical/04.07.05_the_dining_philosophers.md,part_01_foundations/chapter_04_parallelism_and_concurrent_programming/atomic/04.07.05_the_dining_philosophers.md,2599,2599
4.8,Some Rules of Thumb for Concurrency,2,1,4,305,308,305,part_01_foundations/chapter_04_parallelism_and_concurrent_programming/hierarchical/04.08_some_rules_of_thumb_for_concurrency.md,part_01_foundations/chapter_04_parallelism_and_concurrent_programming/atomic/04.08_some_rules_of_thumb_for_concurrency.md,8098,446
4.8.1,Global Ordering Rules,3,1,4,305,306,306,part_01_foundations/chapter_04_parallelism_and_concurrent_programming/hierarchical/04.08.01_global_ordering_rules.md,part_01_foundations/chapter_04_parallelism_and_concurrent_programming/atomic/04.08.01_global_ordering_rules.md,2731,2731
4.8.2,Transaction-Based Algorithms,3,1,4,306,306,306,part_01_foundations/chapter_04_parallelism_and_concurrent_programming/hierarchical/04.08.02_transaction_based_algorithms.md,part_01_foundations/chapter_04_parallelism_and_concurrent_programming/atomic/04.08.02_transaction_based_algorithms.md,1190,1190
4.8.3,Minimizing Contention,3,1,4,306,307,307,part_01_foundations/chapter_04_parallelism_and_concurrent_programming/hierarchical/04.08.03_minimizing_contention.md,part_01_foundations/chapter_04_parallelism_and_concurrent_programming/atomic/04.08.03_minimizing_contention.md,1455,1455
4.8.4,Thread Safety,3,1,4,307,308,308,part_01_foundations/chapter_04_parallelism_and_concurrent_programming/hierarchical/04.08.04_thread_safety.md,part_01_foundations/chapter_04_parallelism_and_concurrent_programming/atomic/04.08.04_thread_safety.md,2872,2872
4.9,Lock-Free Concurrency,2,1,4,308,350,310,part_01_foundations/chapter_04_parallelism_and_concurrent_programming/hierarchical/04.09_lock_free_concurrency.md,part_01_foundations/chapter_04_parallelism_and_concurrent_programming/atomic/04.09_lock_free_concurrency.md,83443,4779
4.9.1,Causes of Data Race Bugs,3,1,4,310,311,311,part_01_foundations/chapter_04_parallelism_and_concurrent_programming/hierarchical/04.09.01_causes_of_data_race_bugs.md,part_01_foundations/chapter_04_parallelism_and_concurrent_programming/atomic/04.09.01_causes_of_data_race_bugs.md,2435,2435
4.9.2,Implementing Atomicity,3,1,4,311,319,319,part_01_foundations/chapter_04_parallelism_and_concurrent_programming/hierarchical/04.09.02_implementing_atomicity.md,part_01_foundations/chapter_04_parallelism_and_concurrent_programming/atomic/04.09.02_implementing_atomicity.md,16589,16589
4.9.3,Barriers,3,1,4,319,323,323,part_01_foundations/chapter_04_parallelism_and_concurrent_programming/hierarchical/04.09.03_barriers.md,part_01_foundations/chapter_04_parallelism_and_concurrent_programming/atomic/04.09.03_barriers.md,7457,7457
4.9.4,Memory Ordering Semantics,3,1,4,323,333,333,part_01_foundations/chapter_04_parallelism_and_concurrent_programming/hierarchical/04.09.04_memory_ordering_semantics.md,part_01_foundations/chapter_04_parallelism_and_concurrent_programming/atomic/04.09.04_memory_ordering_semantics.md,22892,22892
4.9.5,Atomic Variables,3,1,4,333,336,336,part_01_foundations/chapter_04_parallelism_and_concurrent_programming/hierarchical/04.09.05_atomic_variables.md,part_01_foundations/chapter_04_parallelism_and_concurrent_programming/atomic/04.09.05_atomic_variables.md,6525,6525
4.9.6,Concurrency in Interpreted Programming Languages,3,1,4,336,337,337,part_01_foundations/chapter_04_parallelism_and_concurrent_programming/hierarchical/04.09.06_concurrency_in_interpreted_programming_languages.md,part_01_foundations/chapter_04_parallelism_and_concurrent_programming/atomic/04.09.06_concurrency_in_interpreted_programming_languages.md,3098,3098
4.9.7,Spin Locks,3,1,4,337,346,346,part_01_foundations/chapter_04_parallelism_and_concurrent_programming/hierarchical/04.09.07_spin_locks.md,part_01_foundations/chapter_04_parallelism_and_concurrent_programming/atomic/04.09.07_spin_locks.md,14373,14373
4.9.8,Lock-Free Transactions,3,1,4,346,347,347,part_01_foundations/chapter_04_parallelism_and_concurrent_programming/hierarchical/04.09.08_lock_free_transactions.md,part_01_foundations/chapter_04_parallelism_and_concurrent_programming/atomic/04.09.08_lock_free_transactions.md,2440,2440
4.9.9,A Lock-Free Linked List,3,1,4,347,349,349,part_01_foundations/chapter_04_parallelism_and_concurrent_programming/hierarchical/04.09.09_a_lock_free_linked_list.md,part_01_foundations/chapter_04_parallelism_and_concurrent_programming/atomic/04.09.09_a_lock_free_linked_list.md,2429,2429
4.9.10,Further Reading on Lock-Free Programming,3,1,4,349,350,350,part_01_foundations/chapter_04_parallelism_and_concurrent_programming/hierarchical/04.09.10_further_reading_on_lock_free_programming.md,part_01_foundations/chapter_04_parallelism_and_concurrent_programming/atomic/04.09.10_further_reading_on_lock_free_programming.md,1916,1916
4.10,SIMD/Vector Processing,2,1,4,350,367,351,part_01_foundations/chapter_04_parallelism_and_concurrent_programming/hierarchical/04.10_simd_vector_processing.md,part_01_foundations/chapter_04_parallelism_and_concurrent_programming/atomic/04.10_simd_vector_processing.md,32938,2691
4.10.1,The SSE Instruction Set and Its Registers,3,1,4,351,355,355,part_01_foundations/chapter_04_parallelism_and_concurrent_programming/hierarchical/04.10.01_the_sse_instruction_set_and_its_registers.md,part_01_foundations/chapter_04_parallelism_and_concurrent_programming/atomic/04.10.01_the_sse_instruction_set_and_its_registers.md,10092,10092
4.10.2,Using SSE to Vectorize a Loop,3,1,4,355,356,356,part_01_foundations/chapter_04_parallelism_and_concurrent_programming/hierarchical/04.10.02_using_sse_to_vectorize_a_loop.md,part_01_foundations/chapter_04_parallelism_and_concurrent_programming/atomic/04.10.02_using_sse_to_vectorize_a_loop.md,2146,2146
4.10.3,Vectorized Dot Products,3,1,4,356,361,361,part_01_foundations/chapter_04_parallelism_and_concurrent_programming/hierarchical/04.10.03_vectorized_dot_products.md,part_01_foundations/chapter_04_parallelism_and_concurrent_programming/atomic/04.10.03_vectorized_dot_products.md,8157,8157
4.10.4,Vector-Matrix Multiplication with SSE,3,1,4,361,362,362,part_01_foundations/chapter_04_parallelism_and_concurrent_programming/hierarchical/04.10.04_vector_matrix_multiplication_with_sse.md,part_01_foundations/chapter_04_parallelism_and_concurrent_programming/atomic/04.10.04_vector_matrix_multiplication_with_sse.md,1920,1920
4.10.5,Matrix-Matrix Multiplication with SSE,3,1,4,362,362,362,part_01_foundations/chapter_04_parallelism_and_concurrent_programming/hierarchical/04.10.05_matrix_matrix_multiplication_with_sse.md,part_01_foundations/chapter_04_parallelism_and_concurrent_programming/atomic/04.10.05_matrix_matrix_multiplication_with_sse.md,578,578
4.10.6,Generalized Vectorizaton,3,1,4,362,363,363,part_01_foundations/chapter_04_parallelism_and_concurrent_programming/hierarchical/04.10.06_generalized_vectorizaton.md,part_01_foundations/chapter_04_parallelism_and_concurrent_programming/atomic/04.10.06_generalized_vectorizaton.md,2601,2601
4.10.7,Vector Predication,3,1,4,363,367,367,part_01_foundations/chapter_04_parallelism_and_concurrent_programming/hierarchical/04.10.07_vector_predication.md,part_01_foundations/chapter_04_parallelism_and_concurrent_programming/atomic/04.10.07_vector_predication.md,5887,5887
4.11,Introduction to GPGPU Programming,2,1,4,367,377,367,part_01_foundations/chapter_04_parallelism_and_concurrent_programming/hierarchical/04.11_introduction_to_gpgpu_programming.md,part_01_foundations/chapter_04_parallelism_and_concurrent_programming/atomic/04.11_introduction_to_gpgpu_programming.md,19255,839
4.11.1,Data-Parallel Computations,3,1,4,367,369,369,part_01_foundations/chapter_04_parallelism_and_concurrent_programming/hierarchical/04.11.01_data_parallel_computations.md,part_01_foundations/chapter_04_parallelism_and_concurrent_programming/atomic/04.11.01_data_parallel_computations.md,3791,3791
4.11.2,Compute Kernels,3,1,4,369,371,371,part_01_foundations/chapter_04_parallelism_and_concurrent_programming/hierarchical/04.11.02_compute_kernels.md,part_01_foundations/chapter_04_parallelism_and_concurrent_programming/atomic/04.11.02_compute_kernels.md,3740,3740
4.11.3,Executing a Kernel,3,1,4,371,372,372,part_01_foundations/chapter_04_parallelism_and_concurrent_programming/hierarchical/04.11.03_executing_a_kernel.md,part_01_foundations/chapter_04_parallelism_and_concurrent_programming/atomic/04.11.03_executing_a_kernel.md,2998,2998
4.11.4,GPU Threads and Thread Groups,3,1,4,372,376,376,part_01_foundations/chapter_04_parallelism_and_concurrent_programming/hierarchical/04.11.04_gpu_threads_and_thread_groups.md,part_01_foundations/chapter_04_parallelism_and_concurrent_programming/atomic/04.11.04_gpu_threads_and_thread_groups.md,7539,7539
4.11.5,Further Reading,3,1,4,376,377,377,part_01_foundations/chapter_04_parallelism_and_concurrent_programming/hierarchical/04.11.05_further_reading.md,part_01_foundations/chapter_04_parallelism_and_concurrent_programming/atomic/04.11.05_further_reading.md,1093,1093
5,3D Math for Games,1,1,5,378,435,378,part_01_foundations/chapter_05_3d_math_for_games/hierarchical/05_3d_math_for_games.md,part_01_foundations/chapter_05_3d_math_for_games/atomic/05_3d_math_for_games.md,114014,1245
5.1,Solving 3D Problems in 2D,2,1,5,378,379,379,part_01_foundations/chapter_05_3d_math_for_games/hierarchical/05.01_solving_3d_problems_in_2d.md,part_01_foundations/chapter_05_3d_math_for_games/atomic/05.01_solving_3d_problems_in_2d.md,1341,1341
5.2,Points and Vectors,2,1,5,379,394,379,part_01_foundations/chapter_05_3d_math_for_games/hierarchical/05.02_points_and_vectors.md,part_01_foundations/chapter_05_3d_math_for_games/atomic/05.02_points_and_vectors.md,31274,835
5.2.1,Points and Cartesian Coordinates,3,1,5,379,380,380,part_01_foundations/chapter_05_3d_math_for_games/hierarchical/05.02.01_points_and_cartesian_coordinates.md,part_01_foundations/chapter_05_3d_math_for_games/atomic/05.02.01_points_and_cartesian_coordinates.md,2677,2677
5.2.2,Left-Handed versus Right-Handed Coordinate Systems,3,1,5,380,381,381,part_01_foundations/chapter_05_3d_math_for_games/hierarchical/05.02.02_left_handed_versus_right_handed_coordinate_systems.md,part_01_foundations/chapter_05_3d_math_for_games/atomic/05.02.02_left_handed_versus_right_handed_coordinate_systems.md,3306,3306
5.2.3,Vectors,3,1,5,381,382,382,part_01_foundations/chapter_05_3d_math_for_games/hierarchical/05.02.03_vectors.md,part_01_foundations/chapter_05_3d_math_for_games/atomic/05.02.03_vectors.md,3001,3001
5.2.4,Vector Operations,3,1,5,382,394,394,part_01_foundations/chapter_05_3d_math_for_games/hierarchical/05.02.04_vector_operations.md,part_01_foundations/chapter_05_3d_math_for_games/atomic/05.02.04_vector_operations.md,21231,21231
5.2.5,Linear Interpolation of Points and Vectors,3,1,5,394,394,394,part_01_foundations/chapter_05_3d_math_for_games/hierarchical/05.02.05_linear_interpolation_of_points_and_vectors.md,part_01_foundations/chapter_05_3d_math_for_games/atomic/05.02.05_linear_interpolation_of_points_and_vectors.md,1333,1333
5.3,Matrices,2,1,5,394,413,395,part_01_foundations/chapter_05_3d_math_for_games/hierarchical/05.03_matrices.md,part_01_foundations/chapter_05_3d_math_for_games/atomic/05.03_matrices.md,37266,1934
5.3.1,Matrix Multiplication,3,1,5,395,396,396,part_01_foundations/chapter_05_3d_math_for_games/hierarchical/05.03.01_matrix_multiplication.md,part_01_foundations/chapter_05_3d_math_for_games/atomic/05.03.01_matrix_multiplication.md,1916,1916
5.3.2,Representing Points and Vectors as Matrices,3,1,5,396,397,397,part_01_foundations/chapter_05_3d_math_for_games/hierarchical/05.03.02_representing_points_and_vectors_as_matrices.md,part_01_foundations/chapter_05_3d_math_for_games/atomic/05.03.02_representing_points_and_vectors_as_matrices.md,2189,2189
5.3.3,The Identity Matrix,3,1,5,397,397,397,part_01_foundations/chapter_05_3d_math_for_games/hierarchical/05.03.03_the_identity_matrix.md,part_01_foundations/chapter_05_3d_math_for_games/atomic/05.03.03_the_identity_matrix.md,495,495
5.3.4,Matrix Inversion,3,1,5,397,398,398,part_01_foundations/chapter_05_3d_math_for_games/hierarchical/05.03.04_matrix_inversion.md,part_01_foundations/chapter_05_3d_math_for_games/atomic/05.03.04_matrix_inversion.md,1189,1189
5.3.5,Transposition,3,1,5,398,398,398,part_01_foundations/chapter_05_3d_math_for_games/hierarchical/05.03.05_transposition.md,part_01_foundations/chapter_05_3d_math_for_games/atomic/05.03.05_transposition.md,1369,1369
5.3.6,Homogeneous Coordinates,3,1,5,398,400,400,part_01_foundations/chapter_05_3d_math_for_games/hierarchical/05.03.06_homogeneous_coordinates.md,part_01_foundations/chapter_05_3d_math_for_games/atomic/05.03.06_homogeneous_coordinates.md,4416,4416
5.3.7,Atomic Transformation Matrices,3,1,5,400,403,403,part_01_foundations/chapter_05_3d_math_for_games/hierarchical/05.03.07_atomic_transformation_matrices.md,part_01_foundations/chapter_05_3d_math_for_games/atomic/05.03.07_atomic_transformation_matrices.md,4466,4466
5.3.8,4 × 3 Matrices,3,1,5,403,403,403,part_01_foundations/chapter_05_3d_math_for_games/hierarchical/05.03.08_4_3_matrices.md,part_01_foundations/chapter_05_3d_math_for_games/atomic/05.03.08_4_3_matrices.md,502,502
5.3.9,Coordinate Spaces,3,1,5,403,407,407,part_01_foundations/chapter_05_3d_math_for_games/hierarchical/05.03.09_coordinate_spaces.md,part_01_foundations/chapter_05_3d_math_for_games/atomic/05.03.09_coordinate_spaces.md,8516,8516
5.3.10,Change of Basis,3,1,5,407,410,410,part_01_foundations/chapter_05_3d_math_for_games/hierarchical/05.03.10_change_of_basis.md,part_01_foundations/chapter_05_3d_math_for_games/atomic/05.03.10_change_of_basis.md,7718,7718
5.3.11,Transforming Normal Vectors,3,1,5,411,411,411,part_01_foundations/chapter_05_3d_math_for_games/hierarchical/05.03.11_transforming_normal_vectors.md,part_01_foundations/chapter_05_3d_math_for_games/atomic/05.03.11_transforming_normal_vectors.md,1878,1878
5.3.12,Storing Matrices in Memory,3,1,5,411,413,413,part_01_foundations/chapter_05_3d_math_for_games/hierarchical/05.03.12_storing_matrices_in_memory.md,part_01_foundations/chapter_05_3d_math_for_games/atomic/05.03.12_storing_matrices_in_memory.md,2798,2798
5.4,Quaternions,2,1,5,413,422,414,part_01_foundations/chapter_05_3d_math_for_games/hierarchical/05.04_quaternions.md,part_01_foundations/chapter_05_3d_math_for_games/atomic/05.04_quaternions.md,17123,2737
5.4.1,Unit Quaternions as 3D Rotations,3,1,5,414,414,414,part_01_foundations/chapter_05_3d_math_for_games/hierarchical/05.04.01_unit_quaternions_as_3d_rotations.md,part_01_foundations/chapter_05_3d_math_for_games/atomic/05.04.01_unit_quaternions_as_3d_rotations.md,1245,1245
5.4.2,Quaternion Operations,3,1,5,415,416,416,part_01_foundations/chapter_05_3d_math_for_games/hierarchical/05.04.02_quaternion_operations.md,part_01_foundations/chapter_05_3d_math_for_games/atomic/05.04.02_quaternion_operations.md,3249,3249
5.4.3,Rotating Vectors with Quaternions,3,1,5,416,417,417,part_01_foundations/chapter_05_3d_math_for_games/hierarchical/05.04.03_rotating_vectors_with_quaternions.md,part_01_foundations/chapter_05_3d_math_for_games/atomic/05.04.03_rotating_vectors_with_quaternions.md,3138,3138
5.4.4,Quaternion-Matrix Equivalence,3,1,5,418,419,419,part_01_foundations/chapter_05_3d_math_for_games/hierarchical/05.04.04_quaternion_matrix_equivalence.md,part_01_foundations/chapter_05_3d_math_for_games/atomic/05.04.04_quaternion_matrix_equivalence.md,2754,2754
5.4.5,Rotational Linear Interpolation,3,1,5,419,422,422,part_01_foundations/chapter_05_3d_math_for_games/hierarchical/05.04.05_rotational_linear_interpolation.md,part_01_foundations/chapter_05_3d_math_for_games/atomic/05.04.05_rotational_linear_interpolation.md,4681,4681
5.5,Comparison of Rotational Representations,2,1,5,422,426,422,part_01_foundations/chapter_05_3d_math_for_games/hierarchical/05.05_comparison_of_rotational_representations.md,part_01_foundations/chapter_05_3d_math_for_games/atomic/05.05_comparison_of_rotational_representations.md,11498,550
5.5.1,Euler Angles,3,1,5,422,423,423,part_01_foundations/chapter_05_3d_math_for_games/hierarchical/05.05.01_euler_angles.md,part_01_foundations/chapter_05_3d_math_for_games/atomic/05.05.01_euler_angles.md,2219,2219
5.5.2,3 × 3 Matrices,3,1,5,423,423,423,part_01_foundations/chapter_05_3d_math_for_games/hierarchical/05.05.02_3_3_matrices.md,part_01_foundations/chapter_05_3d_math_for_games/atomic/05.05.02_3_3_matrices.md,1284,1284
5.5.3,Axis + Angle,3,1,5,423,424,424,part_01_foundations/chapter_05_3d_math_for_games/hierarchical/05.05.03_axis_angle.md,part_01_foundations/chapter_05_3d_math_for_games/atomic/05.05.03_axis_angle.md,1191,1191
5.5.4,Quaternions,3,1,5,424,424,424,part_01_foundations/chapter_05_3d_math_for_games/hierarchical/05.05.04_quaternions.md,part_01_foundations/chapter_05_3d_math_for_games/atomic/05.05.04_quaternions.md,961,961
5.5.5,SRT Transformations,3,1,5,424,424,424,part_01_foundations/chapter_05_3d_math_for_games/hierarchical/05.05.05_srt_transformations.md,part_01_foundations/chapter_05_3d_math_for_games/atomic/05.05.05_srt_transformations.md,1276,1276
5.5.6,Dual Quaternions,3,1,5,425,425,425,part_01_foundations/chapter_05_3d_math_for_games/hierarchical/05.05.06_dual_quaternions.md,part_01_foundations/chapter_05_3d_math_for_games/atomic/05.05.06_dual_quaternions.md,2258,2258
5.5.7,Rotations and Degrees of Freedom,3,1,5,425,426,426,part_01_foundations/chapter_05_3d_math_for_games/hierarchical/05.05.07_rotations_and_degrees_of_freedom.md,part_01_foundations/chapter_05_3d_math_for_games/atomic/05.05.07_rotations_and_degrees_of_freedom.md,2770,2770
5.6,Other Useful Mathematical Objects,2,1,5,426,431,427,part_01_foundations/chapter_05_3d_math_for_games/hierarchical/05.06_other_useful_mathematical_objects.md,part_01_foundations/chapter_05_3d_math_for_games/atomic/05.06_other_useful_mathematical_objects.md,10026,634
5.6.1,"Lines, Rays and Line Segments",3,1,5,427,427,427,part_01_foundations/chapter_05_3d_math_for_games/hierarchical/05.06.01_lines_rays_and_line_segments.md,part_01_foundations/chapter_05_3d_math_for_games/atomic/05.06.01_lines_rays_and_line_segments.md,1624,1624
5.6.2,Spheres,3,1,5,427,428,428,part_01_foundations/chapter_05_3d_math_for_games/hierarchical/05.06.02_spheres.md,part_01_foundations/chapter_05_3d_math_for_games/atomic/05.06.02_spheres.md,914,914
5.6.3,Planes,3,1,5,428,429,429,part_01_foundations/chapter_05_3d_math_for_games/hierarchical/05.06.03_planes.md,part_01_foundations/chapter_05_3d_math_for_games/atomic/05.06.03_planes.md,3989,3989
5.6.4,Axis-Aligned Bounding Boxes (AABB),3,1,5,430,430,430,part_01_foundations/chapter_05_3d_math_for_games/hierarchical/05.06.04_axis_aligned_bounding_boxes_aabb.md,part_01_foundations/chapter_05_3d_math_for_games/atomic/05.06.04_axis_aligned_bounding_boxes_aabb.md,1187,1187
5.6.5,Oriented Bounding Boxes (OBB),3,1,5,430,430,430,part_01_foundations/chapter_05_3d_math_for_games/hierarchical/05.06.05_oriented_bounding_boxes_obb.md,part_01_foundations/chapter_05_3d_math_for_games/atomic/05.06.05_oriented_bounding_boxes_obb.md,821,821
5.6.6,Frusta,3,1,5,430,431,431,part_01_foundations/chapter_05_3d_math_for_games/hierarchical/05.06.06_frusta.md,part_01_foundations/chapter_05_3d_math_for_games/atomic/05.06.06_frusta.md,1599,1599
5.6.7,Convex Polyhedral Regions,3,1,5,431,431,431,part_01_foundations/chapter_05_3d_math_for_games/hierarchical/05.06.07_convex_polyhedral_regions.md,part_01_foundations/chapter_05_3d_math_for_games/atomic/05.06.07_convex_polyhedral_regions.md,724,724
5.7,Random Number Generation,2,1,5,431,435,431,part_01_foundations/chapter_05_3d_math_for_games/hierarchical/05.07_random_number_generation.md,part_01_foundations/chapter_05_3d_math_for_games/atomic/05.07_random_number_generation.md,5426,941
5.7.1,Linear Congruential Generators,3,1,5,431,432,432,part_01_foundations/chapter_05_3d_math_for_games/hierarchical/05.07.01_linear_congruential_generators.md,part_01_foundations/chapter_05_3d_math_for_games/atomic/05.07.01_linear_congruential_generators.md,1224,1224
5.7.2,Mersenne Twister,3,1,5,432,432,432,part_01_foundations/chapter_05_3d_math_for_games/hierarchical/05.07.02_mersenne_twister.md,part_01_foundations/chapter_05_3d_math_for_games/atomic/05.07.02_mersenne_twister.md,1299,1299
5.7.3,"Mother-of-All, Xorshift and KISS99",3,1,5,432,433,433,part_01_foundations/chapter_05_3d_math_for_games/hierarchical/05.07.03_mother_of_all_xorshift_and_kiss99.md,part_01_foundations/chapter_05_3d_math_for_games/atomic/05.07.03_mother_of_all_xorshift_and_kiss99.md,1705,1705
5.7.4,PCG,3,1,5,433,435,435,part_01_foundations/chapter_05_3d_math_for_games/hierarchical/05.07.04_pcg.md,part_01_foundations/chapter_05_3d_math_for_games/atomic/05.07.04_pcg.md,853,853
6,Engine Support Systems,1,2,6,436,499,436,part_02_low_level_engine_systems/chapter_06_engine_support_systems/hierarchical/06_engine_support_systems.md,part_02_low_level_engine_systems/chapter_06_engine_support_systems/atomic/06_engine_support_systems.md,125635,882
6.1,Subsystem Start-Up and Shut-Down,2,2,6,436,445,436,part_02_low_level_engine_systems/chapter_06_engine_support_systems/hierarchical/06.01_subsystem_start_up_and_shut_down.md,part_02_low_level_engine_systems/chapter_06_engine_support_systems/atomic/06.01_subsystem_start_up_and_shut_down.md,12448,686
6.1.1,C++ Static Initialization Order (or Lack Thereof),3,2,6,437,439,439,part_02_low_level_engine_systems/chapter_06_engine_support_systems/hierarchical/06.01.01_cpp_static_initialization_order_or_lack_thereof.md,part_02_low_level_engine_systems/chapter_06_engine_support_systems/atomic/06.01.01_cpp_static_initialization_order_or_lack_thereof.md,3813,3813
6.1.2,A Simple Approach That Works,3,2,6,439,441,441,part_02_low_level_engine_systems/chapter_06_engine_support_systems/hierarchical/06.01.02_a_simple_approach_that_works.md,part_02_low_level_engine_systems/chapter_06_engine_support_systems/atomic/06.01.02_a_simple_approach_that_works.md,3257,3257
6.1.3,Some Examples from Real Engines,3,2,6,441,445,445,part_02_low_level_engine_systems/chapter_06_engine_support_systems/hierarchical/06.01.03_some_examples_from_real_engines.md,part_02_low_level_engine_systems/chapter_06_engine_support_systems/atomic/06.01.03_some_examples_from_real_engines.md,5107,5107
6.2,Memory Management,2,2,6,445,460,445,part_02_low_level_engine_systems/chapter_06_engine_support_systems/hierarchical/06.02_memory_management.md,part_02_low_level_engine_systems/chapter_06_engine_support_systems/atomic/06.02_memory_management.md,31013,1360
6.2.1,Optimizing Dynamic Memory Allocation,3,2,6,445,456,456,part_02_low_level_engine_systems/chapter_06_engine_support_systems/hierarchical/06.02.01_optimizing_dynamic_memory_allocation.md,part_02_low_level_engine_systems/chapter_06_engine_support_systems/atomic/06.02.01_optimizing_dynamic_memory_allocation.md,20497,20497
6.2.2,Memory Fragmentation,3,2,6,456,460,460,part_02_low_level_engine_systems/chapter_06_engine_support_systems/hierarchical/06.02.02_memory_fragmentation.md,part_02_low_level_engine_systems/chapter_06_engine_support_systems/atomic/06.02.02_memory_fragmentation.md,9545,9545
6.3,Containers,2,2,6,460,475,462,part_02_low_level_engine_systems/chapter_06_engine_support_systems/hierarchical/06.03_containers.md,part_02_low_level_engine_systems/chapter_06_engine_support_systems/atomic/06.03_containers.md,33306,3730
6.3.1,Container Operations,3,2,6,462,462,462,part_02_low_level_engine_systems/chapter_06_engine_support_systems/hierarchical/06.03.01_container_operations.md,part_02_low_level_engine_systems/chapter_06_engine_support_systems/atomic/06.03.01_container_operations.md,1577,1577
6.3.2,Iterators,3,2,6,463,464,464,part_02_low_level_engine_systems/chapter_06_engine_support_systems/hierarchical/06.03.02_iterators.md,part_02_low_level_engine_systems/chapter_06_engine_support_systems/atomic/06.03.02_iterators.md,4084,4084
6.3.3,Algorithmic Complexity,3,2,6,464,466,466,part_02_low_level_engine_systems/chapter_06_engine_support_systems/hierarchical/06.03.03_algorithmic_complexity.md,part_02_low_level_engine_systems/chapter_06_engine_support_systems/atomic/06.03.03_algorithmic_complexity.md,3637,3637
6.3.4,Building Custom Container Classes,3,2,6,466,470,470,part_02_low_level_engine_systems/chapter_06_engine_support_systems/hierarchical/06.03.04_building_custom_container_classes.md,part_02_low_level_engine_systems/chapter_06_engine_support_systems/atomic/06.03.04_building_custom_container_classes.md,9825,9825
6.3.5,Dynamic Arrays and Chunky Allocation,3,2,6,470,471,471,part_02_low_level_engine_systems/chapter_06_engine_support_systems/hierarchical/06.03.05_dynamic_arrays_and_chunky_allocation.md,part_02_low_level_engine_systems/chapter_06_engine_support_systems/atomic/06.03.05_dynamic_arrays_and_chunky_allocation.md,2447,2447
6.3.6,Dictionaries and Hash Tables,3,2,6,471,475,475,part_02_low_level_engine_systems/chapter_06_engine_support_systems/hierarchical/06.03.06_dictionaries_and_hash_tables.md,part_02_low_level_engine_systems/chapter_06_engine_support_systems/atomic/06.03.06_dictionaries_and_hash_tables.md,8959,8959
6.4,Strings,2,2,6,475,489,475,part_02_low_level_engine_systems/chapter_06_engine_support_systems/hierarchical/06.04_strings.md,part_02_low_level_engine_systems/chapter_06_engine_support_systems/atomic/06.04_strings.md,33475,503
6.4.1,The Problem with Strings,3,2,6,475,476,476,part_02_low_level_engine_systems/chapter_06_engine_support_systems/hierarchical/06.04.01_the_problem_with_strings.md,part_02_low_level_engine_systems/chapter_06_engine_support_systems/atomic/06.04.01_the_problem_with_strings.md,3062,3062
6.4.2,String Classes,3,2,6,476,477,477,part_02_low_level_engine_systems/chapter_06_engine_support_systems/hierarchical/06.04.02_string_classes.md,part_02_low_level_engine_systems/chapter_06_engine_support_systems/atomic/06.04.02_string_classes.md,2773,2773
6.4.3,Unique Identifiers,3,2,6,477,481,481,part_02_low_level_engine_systems/chapter_06_engine_support_systems/hierarchical/06.04.03_unique_identifiers.md,part_02_low_level_engine_systems/chapter_06_engine_support_systems/atomic/06.04.03_unique_identifiers.md,7602,7602
6.4.4,Localization,3,2,6,481,489,489,part_02_low_level_engine_systems/chapter_06_engine_support_systems/hierarchical/06.04.04_localization.md,part_02_low_level_engine_systems/chapter_06_engine_support_systems/atomic/06.04.04_localization.md,20131,20131
6.5,Engine Configuration,2,2,6,489,499,490,part_02_low_level_engine_systems/chapter_06_engine_support_systems/hierarchical/06.05_engine_configuration.md,part_02_low_level_engine_systems/chapter_06_engine_support_systems/atomic/06.05_engine_configuration.md,15329,1204
6.5.1,Loading and Saving Options,3,2,6,490,492,492,part_02_low_level_engine_systems/chapter_06_engine_support_systems/hierarchical/06.05.01_loading_and_saving_options.md,part_02_low_level_engine_systems/chapter_06_engine_support_systems/atomic/06.05.01_loading_and_saving_options.md,3698,3698
6.5.2,Per-User Options,3,2,6,493,493,493,part_02_low_level_engine_systems/chapter_06_engine_support_systems/hierarchical/06.05.02_per_user_options.md,part_02_low_level_engine_systems/chapter_06_engine_support_systems/atomic/06.05.02_per_user_options.md,2018,2018
6.5.3,Configuration Management in Some Real Engines,3,2,6,493,499,499,part_02_low_level_engine_systems/chapter_06_engine_support_systems/hierarchical/06.05.03_configuration_management_in_some_real_engines.md,part_02_low_level_engine_systems/chapter_06_engine_support_systems/atomic/06.05.03_configuration_management_in_some_real_engines.md,8915,8915
7,Resources and the File System,1,2,7,500,543,501,part_02_low_level_engine_systems/chapter_07_resources_and_the_file_system/hierarchical/07_resources_and_the_file_system.md,part_02_low_level_engine_systems/chapter_07_resources_and_the_file_system/atomic/07_resources_and_the_file_system.md,95302,2290
7.1,File System,2,2,7,501,511,501,part_02_low_level_engine_systems/chapter_07_resources_and_the_file_system/hierarchical/07.01_file_system.md,part_02_low_level_engine_systems/chapter_07_resources_and_the_file_system/atomic/07.01_file_system.md,21812,540
7.1.1,File Names and Paths,3,2,7,501,505,505,part_02_low_level_engine_systems/chapter_07_resources_and_the_file_system/hierarchical/07.01.01_file_names_and_paths.md,part_02_low_level_engine_systems/chapter_07_resources_and_the_file_system/atomic/07.01.01_file_names_and_paths.md,9670,9670
7.1.2,Basic File I/O,3,2,7,505,508,508,part_02_low_level_engine_systems/chapter_07_resources_and_the_file_system/hierarchical/07.01.02_basic_file_i_o.md,part_02_low_level_engine_systems/chapter_07_resources_and_the_file_system/atomic/07.01.02_basic_file_i_o.md,5485,5485
7.1.3,Asynchronous File I/O,3,2,7,508,511,511,part_02_low_level_engine_systems/chapter_07_resources_and_the_file_system/hierarchical/07.01.03_asynchronous_file_i_o.md,part_02_low_level_engine_systems/chapter_07_resources_and_the_file_system/atomic/07.01.03_asynchronous_file_i_o.md,6655,6655
7.2,The Resource Manager,2,2,7,512,543,512,part_02_low_level_engine_systems/chapter_07_resources_and_the_file_system/hierarchical/07.02_the_resource_manager.md,part_02_low_level_engine_systems/chapter_07_resources_and_the_file_system/atomic/07.02_the_resource_manager.md,71461,1785
7.2.1,Offline Resource Management and the Tool Chain,3,2,7,512,522,522,part_02_low_level_engine_systems/chapter_07_resources_and_the_file_system/hierarchical/07.02.01_offline_resource_management_and_the_tool_chain.md,part_02_low_level_engine_systems/chapter_07_resources_and_the_file_system/atomic/07.02.01_offline_resource_management_and_the_tool_chain.md,23984,23984
7.2.2,Runtime Resource Management,3,2,7,522,543,543,part_02_low_level_engine_systems/chapter_07_resources_and_the_file_system/hierarchical/07.02.02_runtime_resource_management.md,part_02_low_level_engine_systems/chapter_07_resources_and_the_file_system/atomic/07.02.02_runtime_resource_management.md,45990,45990
8,The Game Loop and Real-Time Simulation,1,2,8,544,577,544,part_02_low_level_engine_systems/chapter_08_the_game_loop_and_real_time_simulation/hierarchical/08_the_game_loop_and_real_time_simulation.md,part_02_low_level_engine_systems/chapter_08_the_game_loop_and_real_time_simulation/atomic/08_the_game_loop_and_real_time_simulation.md,73143,853
8.1,The Rendering Loop,2,2,8,544,545,545,part_02_low_level_engine_systems/chapter_08_the_game_loop_and_real_time_simulation/hierarchical/08.01_the_rendering_loop.md,part_02_low_level_engine_systems/chapter_08_the_game_loop_and_real_time_simulation/atomic/08.01_the_rendering_loop.md,2006,2006
8.2,The Game Loop,2,2,8,545,547,546,part_02_low_level_engine_systems/chapter_08_the_game_loop_and_real_time_simulation/hierarchical/08.02_the_game_loop.md,part_02_low_level_engine_systems/chapter_08_the_game_loop_and_real_time_simulation/atomic/08.02_the_game_loop.md,4648,1417
8.2.1,A Simple Example: Pong,3,2,8,546,547,547,part_02_low_level_engine_systems/chapter_08_the_game_loop_and_real_time_simulation/hierarchical/08.02.01_a_simple_example_pong.md,part_02_low_level_engine_systems/chapter_08_the_game_loop_and_real_time_simulation/atomic/08.02.01_a_simple_example_pong.md,3380,3380
8.3,Game Loop Architectural Styles,2,2,8,548,551,548,part_02_low_level_engine_systems/chapter_08_the_game_loop_and_real_time_simulation/hierarchical/08.03_game_loop_architectural_styles.md,part_02_low_level_engine_systems/chapter_08_the_game_loop_and_real_time_simulation/atomic/08.03_game_loop_architectural_styles.md,5601,415
8.3.1,Windows Message Pumps,3,2,8,548,548,548,part_02_low_level_engine_systems/chapter_08_the_game_loop_and_real_time_simulation/hierarchical/08.03.01_windows_message_pumps.md,part_02_low_level_engine_systems/chapter_08_the_game_loop_and_real_time_simulation/atomic/08.03.01_windows_message_pumps.md,1167,1167
8.3.2,Callback-Driven Frameworks,3,2,8,548,550,550,part_02_low_level_engine_systems/chapter_08_the_game_loop_and_real_time_simulation/hierarchical/08.03.02_callback_driven_frameworks.md,part_02_low_level_engine_systems/chapter_08_the_game_loop_and_real_time_simulation/atomic/08.03.02_callback_driven_frameworks.md,2939,2939
8.3.3,Event-Based Updating,3,2,8,550,551,551,part_02_low_level_engine_systems/chapter_08_the_game_loop_and_real_time_simulation/hierarchical/08.03.03_event_based_updating.md,part_02_low_level_engine_systems/chapter_08_the_game_loop_and_real_time_simulation/atomic/08.03.03_event_based_updating.md,1527,1527
8.4,Abstract Timelines,2,2,8,551,553,551,part_02_low_level_engine_systems/chapter_08_the_game_loop_and_real_time_simulation/hierarchical/08.04_abstract_timelines.md,part_02_low_level_engine_systems/chapter_08_the_game_loop_and_real_time_simulation/atomic/08.04_abstract_timelines.md,5164,548
8.4.1,Real Time,3,2,8,551,551,551,part_02_low_level_engine_systems/chapter_08_the_game_loop_and_real_time_simulation/hierarchical/08.04.01_real_time.md,part_02_low_level_engine_systems/chapter_08_the_game_loop_and_real_time_simulation/atomic/08.04.01_real_time.md,659,659
8.4.2,Game Time,3,2,8,551,552,552,part_02_low_level_engine_systems/chapter_08_the_game_loop_and_real_time_simulation/hierarchical/08.04.02_game_time.md,part_02_low_level_engine_systems/chapter_08_the_game_loop_and_real_time_simulation/atomic/08.04.02_game_time.md,2178,2178
8.4.3,Local and Global Timelines,3,2,8,552,553,553,part_02_low_level_engine_systems/chapter_08_the_game_loop_and_real_time_simulation/hierarchical/08.04.03_local_and_global_timelines.md,part_02_low_level_engine_systems/chapter_08_the_game_loop_and_real_time_simulation/atomic/08.04.03_local_and_global_timelines.md,2317,2317
8.5,Measuring and Dealing with Time,2,2,8,553,563,553,part_02_low_level_engine_systems/chapter_08_the_game_loop_and_real_time_simulation/hierarchical/08.05_measuring_and_dealing_with_time.md,part_02_low_level_engine_systems/chapter_08_the_game_loop_and_real_time_simulation/atomic/08.05_measuring_and_dealing_with_time.md,24029,473
8.5.1,Frame Rate and Time Deltas,3,2,8,553,554,554,part_02_low_level_engine_systems/chapter_08_the_game_loop_and_real_time_simulation/hierarchical/08.05.01_frame_rate_and_time_deltas.md,part_02_low_level_engine_systems/chapter_08_the_game_loop_and_real_time_simulation/atomic/08.05.01_frame_rate_and_time_deltas.md,2185,2185
8.5.2,From Frame Rate to Speed,3,2,8,554,558,558,part_02_low_level_engine_systems/chapter_08_the_game_loop_and_real_time_simulation/hierarchical/08.05.02_from_frame_rate_to_speed.md,part_02_low_level_engine_systems/chapter_08_the_game_loop_and_real_time_simulation/atomic/08.05.02_from_frame_rate_to_speed.md,10697,10697
8.5.3,Measuring Real Time with a High-Resolution Timer,3,2,8,558,559,559,part_02_low_level_engine_systems/chapter_08_the_game_loop_and_real_time_simulation/hierarchical/08.05.03_measuring_real_time_with_a_high_resolution_timer.md,part_02_low_level_engine_systems/chapter_08_the_game_loop_and_real_time_simulation/atomic/08.05.03_measuring_real_time_with_a_high_resolution_timer.md,3471,3471
8.5.4,Time Units and Clock Variables,3,2,8,559,562,562,part_02_low_level_engine_systems/chapter_08_the_game_loop_and_real_time_simulation/hierarchical/08.05.04_time_units_and_clock_variables.md,part_02_low_level_engine_systems/chapter_08_the_game_loop_and_real_time_simulation/atomic/08.05.04_time_units_and_clock_variables.md,5906,5906
8.5.5,Dealing with Breakpoints,3,2,8,562,563,563,part_02_low_level_engine_systems/chapter_08_the_game_loop_and_real_time_simulation/hierarchical/08.05.05_dealing_with_breakpoints.md,part_02_low_level_engine_systems/chapter_08_the_game_loop_and_real_time_simulation/atomic/08.05.05_dealing_with_breakpoints.md,2133,2133
8.6,Multiprocessor Game Loops,2,2,8,563,577,563,part_02_low_level_engine_systems/chapter_08_the_game_loop_and_real_time_simulation/hierarchical/08.06_multiprocessor_game_loops.md,part_02_low_level_engine_systems/chapter_08_the_game_loop_and_real_time_simulation/atomic/08.06_multiprocessor_game_loops.md,31779,574
8.6.1,Task Decomposition,3,2,8,563,564,564,part_02_low_level_engine_systems/chapter_08_the_game_loop_and_real_time_simulation/hierarchical/08.06.01_task_decomposition.md,part_02_low_level_engine_systems/chapter_08_the_game_loop_and_real_time_simulation/atomic/08.06.01_task_decomposition.md,2329,2329
8.6.2,One Thread per Subsystem,3,2,8,564,565,565,part_02_low_level_engine_systems/chapter_08_the_game_loop_and_real_time_simulation/hierarchical/08.06.02_one_thread_per_subsystem.md,part_02_low_level_engine_systems/chapter_08_the_game_loop_and_real_time_simulation/atomic/08.06.02_one_thread_per_subsystem.md,2999,2999
8.6.3,Scatter/Gather,3,2,8,565,568,568,part_02_low_level_engine_systems/chapter_08_the_game_loop_and_real_time_simulation/hierarchical/08.06.03_scatter_gather.md,part_02_low_level_engine_systems/chapter_08_the_game_loop_and_real_time_simulation/atomic/08.06.03_scatter_gather.md,6528,6528
8.6.4,Job Systems,3,2,8,568,577,577,part_02_low_level_engine_systems/chapter_08_the_game_loop_and_real_time_simulation/hierarchical/08.06.04_job_systems.md,part_02_low_level_engine_systems/chapter_08_the_game_loop_and_real_time_simulation/atomic/08.06.04_job_systems.md,20218,20218
9,Human Interface Devices,1,2,9,578,607,578,part_02_low_level_engine_systems/chapter_09_human_interface_devices/hierarchical/09_human_interface_devices.md,part_02_low_level_engine_systems/chapter_09_human_interface_devices/atomic/09_human_interface_devices.md,55399,857
9.1,Types of Human Interface Devices,2,2,9,578,580,580,part_02_low_level_engine_systems/chapter_09_human_interface_devices/hierarchical/09.01_types_of_human_interface_devices.md,part_02_low_level_engine_systems/chapter_09_human_interface_devices/atomic/09.01_types_of_human_interface_devices.md,2738,2738
9.2,Interfacing with a HID,2,2,9,580,582,580,part_02_low_level_engine_systems/chapter_09_human_interface_devices/hierarchical/09.02_interfacing_with_a_hid.md,part_02_low_level_engine_systems/chapter_09_human_interface_devices/atomic/09.02_interfacing_with_a_hid.md,3754,578
9.2.1,Polling,3,2,9,580,581,581,part_02_low_level_engine_systems/chapter_09_human_interface_devices/hierarchical/09.02.01_polling.md,part_02_low_level_engine_systems/chapter_09_human_interface_devices/atomic/09.02.01_polling.md,1495,1495
9.2.2,Interrupts,3,2,9,581,581,581,part_02_low_level_engine_systems/chapter_09_human_interface_devices/hierarchical/09.02.02_interrupts.md,part_02_low_level_engine_systems/chapter_09_human_interface_devices/atomic/09.02.02_interrupts.md,1162,1162
9.2.3,Wireless Devices,3,2,9,581,582,582,part_02_low_level_engine_systems/chapter_09_human_interface_devices/hierarchical/09.02.03_wireless_devices.md,part_02_low_level_engine_systems/chapter_09_human_interface_devices/atomic/09.02.03_wireless_devices.md,1057,1057
9.3,Types of Inputs,2,2,9,582,588,582,part_02_low_level_engine_systems/chapter_09_human_interface_devices/hierarchical/09.03_types_of_inputs.md,part_02_low_level_engine_systems/chapter_09_human_interface_devices/atomic/09.03_types_of_inputs.md,12525,396
9.3.1,Digital Buttons,3,2,9,582,583,583,part_02_low_level_engine_systems/chapter_09_human_interface_devices/hierarchical/09.03.01_digital_buttons.md,part_02_low_level_engine_systems/chapter_09_human_interface_devices/atomic/09.03.01_digital_buttons.md,3166,3166
9.3.2,Analog Axes and Buttons,3,2,9,583,585,585,part_02_low_level_engine_systems/chapter_09_human_interface_devices/hierarchical/09.03.02_analog_axes_and_buttons.md,part_02_low_level_engine_systems/chapter_09_human_interface_devices/atomic/09.03.02_analog_axes_and_buttons.md,3149,3149
9.3.3,Relative Axes,3,2,9,585,585,585,part_02_low_level_engine_systems/chapter_09_human_interface_devices/hierarchical/09.03.03_relative_axes.md,part_02_low_level_engine_systems/chapter_09_human_interface_devices/atomic/09.03.03_relative_axes.md,764,764
9.3.4,Accelerometers,3,2,9,585,585,585,part_02_low_level_engine_systems/chapter_09_human_interface_devices/hierarchical/09.03.04_accelerometers.md,part_02_low_level_engine_systems/chapter_09_human_interface_devices/atomic/09.03.04_accelerometers.md,806,806
9.3.5,3D Orientation with the Wiimote or DualShock,3,2,9,585,586,586,part_02_low_level_engine_systems/chapter_09_human_interface_devices/hierarchical/09.03.05_3d_orientation_with_the_wiimote_or_dualshock.md,part_02_low_level_engine_systems/chapter_09_human_interface_devices/atomic/09.03.05_3d_orientation_with_the_wiimote_or_dualshock.md,2645,2645
9.3.6,Cameras,3,2,9,586,588,588,part_02_low_level_engine_systems/chapter_09_human_interface_devices/hierarchical/09.03.06_cameras.md,part_02_low_level_engine_systems/chapter_09_human_interface_devices/atomic/09.03.06_cameras.md,2857,2857
9.4,Types of Outputs,2,2,9,588,589,588,part_02_low_level_engine_systems/chapter_09_human_interface_devices/hierarchical/09.04_types_of_outputs.md,part_02_low_level_engine_systems/chapter_09_human_interface_devices/atomic/09.04_types_of_outputs.md,2970,461
9.4.1,Rumble,3,2,9,588,589,589,part_02_low_level_engine_systems/chapter_09_human_interface_devices/hierarchical/09.04.01_rumble.md,part_02_low_level_engine_systems/chapter_09_human_interface_devices/atomic/09.04.01_rumble.md,832,832
9.4.2,Force-Feedback,3,2,9,589,589,589,part_02_low_level_engine_systems/chapter_09_human_interface_devices/hierarchical/09.04.02_force_feedback.md,part_02_low_level_engine_systems/chapter_09_human_interface_devices/atomic/09.04.02_force_feedback.md,670,670
9.4.3,Audio,3,2,9,589,589,589,part_02_low_level_engine_systems/chapter_09_human_interface_devices/hierarchical/09.04.03_audio.md,part_02_low_level_engine_systems/chapter_09_human_interface_devices/atomic/09.04.03_audio.md,680,680
9.4.4,Other Inputs and Outputs,3,2,9,589,589,589,part_02_low_level_engine_systems/chapter_09_human_interface_devices/hierarchical/09.04.04_other_inputs_and_outputs.md,part_02_low_level_engine_systems/chapter_09_human_interface_devices/atomic/09.04.04_other_inputs_and_outputs.md,1014,1014
9.5,Game Engine HID Systems,2,2,9,589,606,590,part_02_low_level_engine_systems/chapter_09_human_interface_devices/hierarchical/09.05_game_engine_hid_systems.md,part_02_low_level_engine_systems/chapter_09_human_interface_devices/atomic/09.05_game_engine_hid_systems.md,32453,904
9.5.1,Typical Requirements,3,2,9,590,590,590,part_02_low_level_engine_systems/chapter_09_human_interface_devices/hierarchical/09.05.01_typical_requirements.md,part_02_low_level_engine_systems/chapter_09_human_interface_devices/atomic/09.05.01_typical_requirements.md,684,684
9.5.2,Dead Zone,3,2,9,590,591,591,part_02_low_level_engine_systems/chapter_09_human_interface_devices/hierarchical/09.05.02_dead_zone.md,part_02_low_level_engine_systems/chapter_09_human_interface_devices/atomic/09.05.02_dead_zone.md,1384,1384
9.5.3,Analog Signal Filtering,3,2,9,591,593,593,part_02_low_level_engine_systems/chapter_09_human_interface_devices/hierarchical/09.05.03_analog_signal_filtering.md,part_02_low_level_engine_systems/chapter_09_human_interface_devices/atomic/09.05.03_analog_signal_filtering.md,3045,3045
9.5.4,Detecting Input Events,3,2,9,593,601,601,part_02_low_level_engine_systems/chapter_09_human_interface_devices/hierarchical/09.05.04_detecting_input_events.md,part_02_low_level_engine_systems/chapter_09_human_interface_devices/atomic/09.05.04_detecting_input_events.md,14903,14903
9.5.5,Managing Multiple HIDs for Multiple Players,3,2,9,601,601,601,part_02_low_level_engine_systems/chapter_09_human_interface_devices/hierarchical/09.05.05_managing_multiple_hids_for_multiple_players.md,part_02_low_level_engine_systems/chapter_09_human_interface_devices/atomic/09.05.05_managing_multiple_hids_for_multiple_players.md,1631,1631
9.5.6,Cross-Platform HID Systems,3,2,9,601,603,603,part_02_low_level_engine_systems/chapter_09_human_interface_devices/hierarchical/09.05.06_cross_platform_hid_systems.md,part_02_low_level_engine_systems/chapter_09_human_interface_devices/atomic/09.05.06_cross_platform_hid_systems.md,4055,4055
9.5.7,Input Remapping,3,2,9,603,604,604,part_02_low_level_engine_systems/chapter_09_human_interface_devices/hierarchical/09.05.07_input_remapping.md,part_02_low_level_engine_systems/chapter_09_human_interface_devices/atomic/09.05.07_input_remapping.md,3352,3352
9.5.8,Context-Sensitive Controls,3,2,9,605,605,605,part_02_low_level_engine_systems/chapter_09_human_interface_devices/hierarchical/09.05.08_context_sensitive_controls.md,part_02_low_level_engine_systems/chapter_09_human_interface_devices/atomic/09.05.08_context_sensitive_controls.md,2245,2245
9.5.9,Disabling Inputs,3,2,9,605,606,606,part_02_low_level_engine_systems/chapter_09_human_interface_devices/hierarchical/09.05.09_disabling_inputs.md,part_02_low_level_engine_systems/chapter_09_human_interface_devices/atomic/09.05.09_disabling_inputs.md,1741,1741
9.6,Human Interface Devices in Practice,2,2,9,606,607,607,part_02_low_level_engine_systems/chapter_09_human_interface_devices/hierarchical/09.06_human_interface_devices_in_practice.md,part_02_low_level_engine_systems/chapter_09_human_interface_devices/atomic/09.06_human_interface_devices_in_practice.md,1247,1247
10,Tools for Debugging and Development,1,2,10,608,639,608,part_02_low_level_engine_systems/chapter_10_tools_for_debugging_and_development/hierarchical/10_tools_for_debugging_and_development.md,part_02_low_level_engine_systems/chapter_10_tools_for_debugging_and_development/atomic/10_tools_for_debugging_and_development.md,52371,603
10.1,Logging and Tracing,2,2,10,608,613,609,part_02_low_level_engine_systems/chapter_10_tools_for_debugging_and_development/hierarchical/10.01_logging_and_tracing.md,part_02_low_level_engine_systems/chapter_10_tools_for_debugging_and_development/atomic/10.01_logging_and_tracing.md,10905,2653
10.1.1,Formatted Output with OutputDebugString(),3,2,10,609,610,610,part_02_low_level_engine_systems/chapter_10_tools_for_debugging_and_development/hierarchical/10.01.01_formatted_output_with_outputdebugstring.md,part_02_low_level_engine_systems/chapter_10_tools_for_debugging_and_development/atomic/10.01.01_formatted_output_with_outputdebugstring.md,1620,1620
10.1.2,Verbosity,3,2,10,610,611,611,part_02_low_level_engine_systems/chapter_10_tools_for_debugging_and_development/hierarchical/10.01.02_verbosity.md,part_02_low_level_engine_systems/chapter_10_tools_for_debugging_and_development/atomic/10.01.02_verbosity.md,1379,1379
10.1.3,Channels,3,2,10,611,612,612,part_02_low_level_engine_systems/chapter_10_tools_for_debugging_and_development/hierarchical/10.01.03_channels.md,part_02_low_level_engine_systems/chapter_10_tools_for_debugging_and_development/atomic/10.01.03_channels.md,2859,2859
10.1.4,Mirroring Output to a File,3,2,10,612,612,612,part_02_low_level_engine_systems/chapter_10_tools_for_debugging_and_development/hierarchical/10.01.04_mirroring_output_to_a_file.md,part_02_low_level_engine_systems/chapter_10_tools_for_debugging_and_development/atomic/10.01.04_mirroring_output_to_a_file.md,1321,1321
10.1.5,Crash Reports,3,2,10,613,613,613,part_02_low_level_engine_systems/chapter_10_tools_for_debugging_and_development/hierarchical/10.01.05_crash_reports.md,part_02_low_level_engine_systems/chapter_10_tools_for_debugging_and_development/atomic/10.01.05_crash_reports.md,1786,1786
10.2,Debug Drawing Facilities,2,2,10,613,620,616,part_02_low_level_engine_systems/chapter_10_tools_for_debugging_and_development/hierarchical/10.02_debug_drawing_facilities.md,part_02_low_level_engine_systems/chapter_10_tools_for_debugging_and_development/atomic/10.02_debug_drawing_facilities.md,11026,3969
10.2.1,Debug Drawing API,3,2,10,616,620,620,part_02_low_level_engine_systems/chapter_10_tools_for_debugging_and_development/hierarchical/10.02.01_debug_drawing_api.md,part_02_low_level_engine_systems/chapter_10_tools_for_debugging_and_development/atomic/10.02.01_debug_drawing_api.md,7297,7297
10.3,In-Game Menus,2,2,10,620,623,623,part_02_low_level_engine_systems/chapter_10_tools_for_debugging_and_development/hierarchical/10.03_in_game_menus.md,part_02_low_level_engine_systems/chapter_10_tools_for_debugging_and_development/atomic/10.03_in_game_menus.md,3478,3478
10.4,In-Game Console,2,2,10,623,624,624,part_02_low_level_engine_systems/chapter_10_tools_for_debugging_and_development/hierarchical/10.04_in_game_console.md,part_02_low_level_engine_systems/chapter_10_tools_for_debugging_and_development/atomic/10.04_in_game_console.md,1957,1957
10.5,Debug Cameras and Pausing the Game,2,2,10,624,624,624,part_02_low_level_engine_systems/chapter_10_tools_for_debugging_and_development/hierarchical/10.05_debug_cameras_and_pausing_the_game.md,part_02_low_level_engine_systems/chapter_10_tools_for_debugging_and_development/atomic/10.05_debug_cameras_and_pausing_the_game.md,1561,1561
10.6,Cheats,2,2,10,625,625,625,part_02_low_level_engine_systems/chapter_10_tools_for_debugging_and_development/hierarchical/10.06_cheats.md,part_02_low_level_engine_systems/chapter_10_tools_for_debugging_and_development/atomic/10.06_cheats.md,1948,1948
10.7,Screenshots and Movie Capture,2,2,10,625,627,627,part_02_low_level_engine_systems/chapter_10_tools_for_debugging_and_development/hierarchical/10.07_screenshots_and_movie_capture.md,part_02_low_level_engine_systems/chapter_10_tools_for_debugging_and_development/atomic/10.07_screenshots_and_movie_capture.md,3888,3888
10.8,In-Game Profiling,2,2,10,627,634,628,part_02_low_level_engine_systems/chapter_10_tools_for_debugging_and_development/hierarchical/10.08_in_game_profiling.md,part_02_low_level_engine_systems/chapter_10_tools_for_debugging_and_development/atomic/10.08_in_game_profiling.md,11497,1954
10.8.1,Hierarchical Profiling,3,2,10,628,633,633,part_02_low_level_engine_systems/chapter_10_tools_for_debugging_and_development/hierarchical/10.08.01_hierarchical_profiling.md,part_02_low_level_engine_systems/chapter_10_tools_for_debugging_and_development/atomic/10.08.01_hierarchical_profiling.md,8804,8804
10.8.2,Exporting to Excel,3,2,10,633,634,634,part_02_low_level_engine_systems/chapter_10_tools_for_debugging_and_development/hierarchical/10.08.02_exporting_to_excel.md,part_02_low_level_engine_systems/chapter_10_tools_for_debugging_and_development/atomic/10.08.02_exporting_to_excel.md,1128,1128
10.9,In-Game Memory Stats and Leak Detection,2,2,10,634,639,639,part_02_low_level_engine_systems/chapter_10_tools_for_debugging_and_development/hierarchical/10.09_in_game_memory_stats_and_leak_detection.md,part_02_low_level_engine_systems/chapter_10_tools_for_debugging_and_development/atomic/10.09_in_game_memory_stats_and_leak_detection.md,7082,7082
11,The Rendering Engine,1,3,11,640,739,641,part_03_graphics_motion_and_sound/chapter_11_the_rendering_engine/hierarchical/11_the_rendering_engine.md,part_03_graphics_motion_and_sound/chapter_11_the_rendering_engine/atomic/11_the_rendering_engine.md,208732,1930
11.1,Foundations of Depth-Buffered Triangle Rasterization,2,3,11,641,686,642,part_03_graphics_motion_and_sound/chapter_11_the_rendering_engine/hierarchical/11.01_foundations_of_depth_buffered_triangle_rasterization.md,part_03_graphics_motion_and_sound/chapter_11_the_rendering_engine/atomic/11.01_foundations_of_depth_buffered_triangle_rasterization.md,92191,3269
11.1.1,Describing a Scene,3,3,11,642,651,651,part_03_graphics_motion_and_sound/chapter_11_the_rendering_engine/hierarchical/11.01.01_describing_a_scene.md,part_03_graphics_motion_and_sound/chapter_11_the_rendering_engine/atomic/11.01.01_describing_a_scene.md,19488,19488
11.1.2,Describing the Visual Properties of a Surface,3,3,11,651,666,666,part_03_graphics_motion_and_sound/chapter_11_the_rendering_engine/hierarchical/11.01.02_describing_the_visual_properties_of_a_surface.md,part_03_graphics_motion_and_sound/chapter_11_the_rendering_engine/atomic/11.01.02_describing_the_visual_properties_of_a_surface.md,30892,30892
11.1.3,Lighting Basics,3,3,11,666,674,674,part_03_graphics_motion_and_sound/chapter_11_the_rendering_engine/hierarchical/11.01.03_lighting_basics.md,part_03_graphics_motion_and_sound/chapter_11_the_rendering_engine/atomic/11.01.03_lighting_basics.md,17426,17426
11.1.4,The Virtual Camera,3,3,11,674,686,686,part_03_graphics_motion_and_sound/chapter_11_the_rendering_engine/hierarchical/11.01.04_the_virtual_camera.md,part_03_graphics_motion_and_sound/chapter_11_the_rendering_engine/atomic/11.01.04_the_virtual_camera.md,21985,21985
11.2,The Rendering Pipeline,2,3,11,686,716,687,part_03_graphics_motion_and_sound/chapter_11_the_rendering_engine/hierarchical/11.02_the_rendering_pipeline.md,part_03_graphics_motion_and_sound/chapter_11_the_rendering_engine/atomic/11.02_the_rendering_pipeline.md,65747,2675
11.2.1,Overview of the Rendering Pipeline,3,3,11,687,688,688,part_03_graphics_motion_and_sound/chapter_11_the_rendering_engine/hierarchical/11.02.01_overview_of_the_rendering_pipeline.md,part_03_graphics_motion_and_sound/chapter_11_the_rendering_engine/atomic/11.02.01_overview_of_the_rendering_pipeline.md,3135,3135
11.2.2,The Tools Stage,3,3,11,688,690,690,part_03_graphics_motion_and_sound/chapter_11_the_rendering_engine/hierarchical/11.02.02_the_tools_stage.md,part_03_graphics_motion_and_sound/chapter_11_the_rendering_engine/atomic/11.02.02_the_tools_stage.md,3550,3550
11.2.3,The Asset Conditioning Stage,3,3,11,690,691,691,part_03_graphics_motion_and_sound/chapter_11_the_rendering_engine/hierarchical/11.02.03_the_asset_conditioning_stage.md,part_03_graphics_motion_and_sound/chapter_11_the_rendering_engine/atomic/11.02.03_the_asset_conditioning_stage.md,2763,2763
11.2.4,The GPU Pipeline,3,3,11,691,696,696,part_03_graphics_motion_and_sound/chapter_11_the_rendering_engine/hierarchical/11.02.04_the_gpu_pipeline.md,part_03_graphics_motion_and_sound/chapter_11_the_rendering_engine/atomic/11.02.04_the_gpu_pipeline.md,10687,10687
11.2.5,Programmable Shaders,3,3,11,696,702,702,part_03_graphics_motion_and_sound/chapter_11_the_rendering_engine/hierarchical/11.02.05_programmable_shaders.md,part_03_graphics_motion_and_sound/chapter_11_the_rendering_engine/atomic/11.02.05_programmable_shaders.md,13653,13653
11.2.6,Antialiasing,3,3,11,702,706,706,part_03_graphics_motion_and_sound/chapter_11_the_rendering_engine/hierarchical/11.02.06_antialiasing.md,part_03_graphics_motion_and_sound/chapter_11_the_rendering_engine/atomic/11.02.06_antialiasing.md,6786,6786
11.2.7,The Application Stage,3,3,11,706,716,716,part_03_graphics_motion_and_sound/chapter_11_the_rendering_engine/hierarchical/11.02.07_the_application_stage.md,part_03_graphics_motion_and_sound/chapter_11_the_rendering_engine/atomic/11.02.07_the_application_stage.md,23996,23996
11.3,Advanced Lighting and Global Illumination,2,3,11,716,729,716,part_03_graphics_motion_and_sound/chapter_11_the_rendering_engine/hierarchical/11.03_advanced_lighting_and_global_illumination.md,part_03_graphics_motion_and_sound/chapter_11_the_rendering_engine/atomic/11.03_advanced_lighting_and_global_illumination.md,27478,665
11.3.1,Image-Based Lighting,3,3,11,716,720,720,part_03_graphics_motion_and_sound/chapter_11_the_rendering_engine/hierarchical/11.03.01_image_based_lighting.md,part_03_graphics_motion_and_sound/chapter_11_the_rendering_engine/atomic/11.03.01_image_based_lighting.md,7796,7796
11.3.2,High Dynamic Range Lighting,3,3,11,721,721,721,part_03_graphics_motion_and_sound/chapter_11_the_rendering_engine/hierarchical/11.03.02_high_dynamic_range_lighting.md,part_03_graphics_motion_and_sound/chapter_11_the_rendering_engine/atomic/11.03.02_high_dynamic_range_lighting.md,2018,2018
11.3.3,Global Illumination,3,3,11,721,727,727,part_03_graphics_motion_and_sound/chapter_11_the_rendering_engine/hierarchical/11.03.03_global_illumination.md,part_03_graphics_motion_and_sound/chapter_11_the_rendering_engine/atomic/11.03.03_global_illumination.md,13369,13369
11.3.4,Deferred Rendering,3,3,11,728,728,728,part_03_graphics_motion_and_sound/chapter_11_the_rendering_engine/hierarchical/11.03.04_deferred_rendering.md,part_03_graphics_motion_and_sound/chapter_11_the_rendering_engine/atomic/11.03.04_deferred_rendering.md,2612,2612
11.3.5,Physically Based Shading,3,3,11,728,729,729,part_03_graphics_motion_and_sound/chapter_11_the_rendering_engine/hierarchical/11.03.05_physically_based_shading.md,part_03_graphics_motion_and_sound/chapter_11_the_rendering_engine/atomic/11.03.05_physically_based_shading.md,1699,1699
11.4,Visual Effects and Overlays,2,3,11,729,738,730,part_03_graphics_motion_and_sound/chapter_11_the_rendering_engine/hierarchical/11.04_visual_effects_and_overlays.md,part_03_graphics_motion_and_sound/chapter_11_the_rendering_engine/atomic/11.04_visual_effects_and_overlays.md,21100,1526
11.4.1,Particle Effects,3,3,11,730,731,731,part_03_graphics_motion_and_sound/chapter_11_the_rendering_engine/hierarchical/11.04.01_particle_effects.md,part_03_graphics_motion_and_sound/chapter_11_the_rendering_engine/atomic/11.04.01_particle_effects.md,2617,2617
11.4.2,Decals,3,3,11,731,732,732,part_03_graphics_motion_and_sound/chapter_11_the_rendering_engine/hierarchical/11.04.02_decals.md,part_03_graphics_motion_and_sound/chapter_11_the_rendering_engine/atomic/11.04.02_decals.md,1909,1909
11.4.3,Environmental Effects,3,3,11,732,735,735,part_03_graphics_motion_and_sound/chapter_11_the_rendering_engine/hierarchical/11.04.03_environmental_effects.md,part_03_graphics_motion_and_sound/chapter_11_the_rendering_engine/atomic/11.04.03_environmental_effects.md,7160,7160
11.4.4,Overlays,3,3,11,735,737,737,part_03_graphics_motion_and_sound/chapter_11_the_rendering_engine/hierarchical/11.04.04_overlays.md,part_03_graphics_motion_and_sound/chapter_11_the_rendering_engine/atomic/11.04.04_overlays.md,5670,5670
11.4.5,Gamma Correction,3,3,11,737,738,738,part_03_graphics_motion_and_sound/chapter_11_the_rendering_engine/hierarchical/11.04.05_gamma_correction.md,part_03_graphics_motion_and_sound/chapter_11_the_rendering_engine/atomic/11.04.05_gamma_correction.md,1618,1618
11.4.6,Full-Screen Post Effects,3,3,11,738,738,738,part_03_graphics_motion_and_sound/chapter_11_the_rendering_engine/hierarchical/11.04.06_full_screen_post_effects.md,part_03_graphics_motion_and_sound/chapter_11_the_rendering_engine/atomic/11.04.06_full_screen_post_effects.md,1858,1858
11.5,Further Reading,2,3,11,738,739,739,part_03_graphics_motion_and_sound/chapter_11_the_rendering_engine/hierarchical/11.05_further_reading.md,part_03_graphics_motion_and_sound/chapter_11_the_rendering_engine/atomic/11.05_further_reading.md,1282,1282
12,Animation Systems,1,3,12,740,835,740,part_03_graphics_motion_and_sound/chapter_12_animation_systems/hierarchical/12_animation_systems.md,part_03_graphics_motion_and_sound/chapter_12_animation_systems/atomic/12_animation_systems.md,193892,1162
12.1,Types of Character Animation,2,3,12,740,746,741,part_03_graphics_motion_and_sound/chapter_12_animation_systems/hierarchical/12.01_types_of_character_animation.md,part_03_graphics_motion_and_sound/chapter_12_animation_systems/atomic/12.01_types_of_character_animation.md,11875,798
12.1.1,Cel Animation,3,3,12,741,741,741,part_03_graphics_motion_and_sound/chapter_12_animation_systems/hierarchical/12.01.01_cel_animation.md,part_03_graphics_motion_and_sound/chapter_12_animation_systems/atomic/12.01.01_cel_animation.md,2154,2154
12.1.2,Rigid Hierarchical Animation,3,3,12,742,742,742,part_03_graphics_motion_and_sound/chapter_12_animation_systems/hierarchical/12.01.02_rigid_hierarchical_animation.md,part_03_graphics_motion_and_sound/chapter_12_animation_systems/atomic/12.01.02_rigid_hierarchical_animation.md,2140,2140
12.1.3,Per-Vertex Animation and Morph Targets,3,3,12,743,743,743,part_03_graphics_motion_and_sound/chapter_12_animation_systems/hierarchical/12.01.03_per_vertex_animation_and_morph_targets.md,part_03_graphics_motion_and_sound/chapter_12_animation_systems/atomic/12.01.03_per_vertex_animation_and_morph_targets.md,2309,2309
12.1.4,Skinned Animation,3,3,12,744,744,744,part_03_graphics_motion_and_sound/chapter_12_animation_systems/hierarchical/12.01.04_skinned_animation.md,part_03_graphics_motion_and_sound/chapter_12_animation_systems/atomic/12.01.04_skinned_animation.md,2305,2305
12.1.5,Animation Methods as Data Compression Techniques,3,3,12,745,746,746,part_03_graphics_motion_and_sound/chapter_12_animation_systems/hierarchical/12.01.05_animation_methods_as_data_compression_techniques.md,part_03_graphics_motion_and_sound/chapter_12_animation_systems/atomic/12.01.05_animation_methods_as_data_compression_techniques.md,2877,2877
12.2,Skeletons,2,3,12,746,748,746,part_03_graphics_motion_and_sound/chapter_12_animation_systems/hierarchical/12.02_skeletons.md,part_03_graphics_motion_and_sound/chapter_12_animation_systems/atomic/12.02_skeletons.md,4148,1148
12.2.1,The Skeleal Hierarchy,3,3,12,747,747,747,part_03_graphics_motion_and_sound/chapter_12_animation_systems/hierarchical/12.02.01_the_skeleal_hierarchy.md,part_03_graphics_motion_and_sound/chapter_12_animation_systems/atomic/12.02.01_the_skeleal_hierarchy.md,991,991
12.2.2,Representing a Skeleton in Memory,3,3,12,747,748,748,part_03_graphics_motion_and_sound/chapter_12_animation_systems/hierarchical/12.02.02_representing_a_skeleton_in_memory.md,part_03_graphics_motion_and_sound/chapter_12_animation_systems/atomic/12.02.02_representing_a_skeleton_in_memory.md,2366,2366
12.3,Poses,2,3,12,748,753,748,part_03_graphics_motion_and_sound/chapter_12_animation_systems/hierarchical/12.03_poses.md,part_03_graphics_motion_and_sound/chapter_12_animation_systems/atomic/12.03_poses.md,9783,1539
12.3.1,Bind Pose,3,3,12,748,749,749,part_03_graphics_motion_and_sound/chapter_12_animation_systems/hierarchical/12.03.01_bind_pose.md,part_03_graphics_motion_and_sound/chapter_12_animation_systems/atomic/12.03.01_bind_pose.md,1254,1254
12.3.2,Local Poses,3,3,12,749,752,752,part_03_graphics_motion_and_sound/chapter_12_animation_systems/hierarchical/12.03.02_local_poses.md,part_03_graphics_motion_and_sound/chapter_12_animation_systems/atomic/12.03.02_local_poses.md,5704,5704
12.3.3,Global Poses,3,3,12,752,753,753,part_03_graphics_motion_and_sound/chapter_12_animation_systems/hierarchical/12.03.03_global_poses.md,part_03_graphics_motion_and_sound/chapter_12_animation_systems/atomic/12.03.03_global_poses.md,2006,2006
12.4,Clips,2,3,12,753,768,754,part_03_graphics_motion_and_sound/chapter_12_animation_systems/hierarchical/12.04_clips.md,part_03_graphics_motion_and_sound/chapter_12_animation_systems/atomic/12.04_clips.md,30061,3388
12.4.1,The Local Timeline,3,3,12,754,758,758,part_03_graphics_motion_and_sound/chapter_12_animation_systems/hierarchical/12.04.01_the_local_timeline.md,part_03_graphics_motion_and_sound/chapter_12_animation_systems/atomic/12.04.01_the_local_timeline.md,7898,7898
12.4.2,The Global Timeline,3,3,12,758,760,760,part_03_graphics_motion_and_sound/chapter_12_animation_systems/hierarchical/12.04.02_the_global_timeline.md,part_03_graphics_motion_and_sound/chapter_12_animation_systems/atomic/12.04.02_the_global_timeline.md,4118,4118
12.4.3,Comparison of Local and Global Clocks,3,3,12,760,763,763,part_03_graphics_motion_and_sound/chapter_12_animation_systems/hierarchical/12.04.03_comparison_of_local_and_global_clocks.md,part_03_graphics_motion_and_sound/chapter_12_animation_systems/atomic/12.04.03_comparison_of_local_and_global_clocks.md,5367,5367
12.4.4,A Simple Animation Data Format,3,3,12,763,764,764,part_03_graphics_motion_and_sound/chapter_12_animation_systems/hierarchical/12.04.04_a_simple_animation_data_format.md,part_03_graphics_motion_and_sound/chapter_12_animation_systems/atomic/12.04.04_a_simple_animation_data_format.md,2849,2849
12.4.5,Continuous Channel Functions,3,3,12,764,765,765,part_03_graphics_motion_and_sound/chapter_12_animation_systems/hierarchical/12.04.05_continuous_channel_functions.md,part_03_graphics_motion_and_sound/chapter_12_animation_systems/atomic/12.04.05_continuous_channel_functions.md,1108,1108
12.4.6,Metachannels,3,3,12,765,767,767,part_03_graphics_motion_and_sound/chapter_12_animation_systems/hierarchical/12.04.06_metachannels.md,part_03_graphics_motion_and_sound/chapter_12_animation_systems/atomic/12.04.06_metachannels.md,3280,3280
12.4.7,"Relationship between Meshes, Skeletons and Clips",3,3,12,767,768,768,part_03_graphics_motion_and_sound/chapter_12_animation_systems/hierarchical/12.04.07_relationship_between_meshes_skeletons_and_clips.md,part_03_graphics_motion_and_sound/chapter_12_animation_systems/atomic/12.04.07_relationship_between_meshes_skeletons_and_clips.md,3642,3642
12.5,Skinning and Matrix Palette Generation,2,3,12,769,774,769,part_03_graphics_motion_and_sound/chapter_12_animation_systems/hierarchical/12.05_skinning_and_matrix_palette_generation.md,part_03_graphics_motion_and_sound/chapter_12_animation_systems/atomic/12.05_skinning_and_matrix_palette_generation.md,11586,596
12.5.1,Per-Vertex Skinning Information,3,3,12,769,769,769,part_03_graphics_motion_and_sound/chapter_12_animation_systems/hierarchical/12.05.01_per_vertex_skinning_information.md,part_03_graphics_motion_and_sound/chapter_12_animation_systems/atomic/12.05.01_per_vertex_skinning_information.md,1907,1907
12.5.2,The Mathematics of Skinning,3,3,12,770,774,774,part_03_graphics_motion_and_sound/chapter_12_animation_systems/hierarchical/12.05.02_the_mathematics_of_skinning.md,part_03_graphics_motion_and_sound/chapter_12_animation_systems/atomic/12.05.02_the_mathematics_of_skinning.md,9349,9349
12.6,Animation Blending,2,3,12,774,793,774,part_03_graphics_motion_and_sound/chapter_12_animation_systems/hierarchical/12.06_animation_blending.md,part_03_graphics_motion_and_sound/chapter_12_animation_systems/atomic/12.06_animation_blending.md,39588,1686
12.6.1,LERP Blending,3,3,12,774,776,776,part_03_graphics_motion_and_sound/chapter_12_animation_systems/hierarchical/12.06.01_lerp_blending.md,part_03_graphics_motion_and_sound/chapter_12_animation_systems/atomic/12.06.01_lerp_blending.md,3243,3243
12.6.2,Applications of LERP Blending,3,3,12,776,782,782,part_03_graphics_motion_and_sound/chapter_12_animation_systems/hierarchical/12.06.02_applications_of_lerp_blending.md,part_03_graphics_motion_and_sound/chapter_12_animation_systems/atomic/12.06.02_applications_of_lerp_blending.md,12615,12615
12.6.3,Complex LERP Blends,3,3,12,782,786,786,part_03_graphics_motion_and_sound/chapter_12_animation_systems/hierarchical/12.06.03_complex_lerp_blends.md,part_03_graphics_motion_and_sound/chapter_12_animation_systems/atomic/12.06.03_complex_lerp_blends.md,7483,7483
12.6.4,Partial-Skeleton Blending,3,3,12,786,788,788,part_03_graphics_motion_and_sound/chapter_12_animation_systems/hierarchical/12.06.04_partial_skeleton_blending.md,part_03_graphics_motion_and_sound/chapter_12_animation_systems/atomic/12.06.04_partial_skeleton_blending.md,3535,3535
12.6.5,Additive Blending,3,3,12,788,791,791,part_03_graphics_motion_and_sound/chapter_12_animation_systems/hierarchical/12.06.05_additive_blending.md,part_03_graphics_motion_and_sound/chapter_12_animation_systems/atomic/12.06.05_additive_blending.md,8282,8282
12.6.6,Applications of Additive Blending,3,3,12,791,793,793,part_03_graphics_motion_and_sound/chapter_12_animation_systems/hierarchical/12.06.06_applications_of_additive_blending.md,part_03_graphics_motion_and_sound/chapter_12_animation_systems/atomic/12.06.06_applications_of_additive_blending.md,3911,3911
12.7,Post-Processing,2,3,12,793,796,793,part_03_graphics_motion_and_sound/chapter_12_animation_systems/hierarchical/12.07_post_processing.md,part_03_graphics_motion_and_sound/chapter_12_animation_systems/atomic/12.07_post_processing.md,7430,631
12.7.1,Procedural Animations,3,3,12,794,794,794,part_03_graphics_motion_and_sound/chapter_12_animation_systems/hierarchical/12.07.01_procedural_animations.md,part_03_graphics_motion_and_sound/chapter_12_animation_systems/atomic/12.07.01_procedural_animations.md,2395,2395
12.7.2,Inverse Kinematics,3,3,12,794,796,796,part_03_graphics_motion_and_sound/chapter_12_animation_systems/hierarchical/12.07.02_inverse_kinematics.md,part_03_graphics_motion_and_sound/chapter_12_animation_systems/atomic/12.07.02_inverse_kinematics.md,3614,3614
12.7.3,Rag Dolls,3,3,12,796,796,796,part_03_graphics_motion_and_sound/chapter_12_animation_systems/hierarchical/12.07.03_rag_dolls.md,part_03_graphics_motion_and_sound/chapter_12_animation_systems/atomic/12.07.03_rag_dolls.md,1296,1296
12.8,Compression Techniques,2,3,12,796,803,797,part_03_graphics_motion_and_sound/chapter_12_animation_systems/hierarchical/12.08_compression_techniques.md,part_03_graphics_motion_and_sound/chapter_12_animation_systems/atomic/12.08_compression_techniques.md,15418,1493
12.8.1,Channel Omission,3,3,12,797,797,797,part_03_graphics_motion_and_sound/chapter_12_animation_systems/hierarchical/12.08.01_channel_omission.md,part_03_graphics_motion_and_sound/chapter_12_animation_systems/atomic/12.08.01_channel_omission.md,1496,1496
12.8.2,Quantization,3,3,12,797,801,801,part_03_graphics_motion_and_sound/chapter_12_animation_systems/hierarchical/12.08.02_quantization.md,part_03_graphics_motion_and_sound/chapter_12_animation_systems/atomic/12.08.02_quantization.md,7903,7903
12.8.3,Sampling Frequency and Key Omission,3,3,12,801,802,802,part_03_graphics_motion_and_sound/chapter_12_animation_systems/hierarchical/12.08.03_sampling_frequency_and_key_omission.md,part_03_graphics_motion_and_sound/chapter_12_animation_systems/atomic/12.08.03_sampling_frequency_and_key_omission.md,1698,1698
12.8.4,Curve-Based Compression,3,3,12,802,802,802,part_03_graphics_motion_and_sound/chapter_12_animation_systems/hierarchical/12.08.04_curve_based_compression.md,part_03_graphics_motion_and_sound/chapter_12_animation_systems/atomic/12.08.04_curve_based_compression.md,1242,1242
12.8.5,Wavelet Compression,3,3,12,802,803,803,part_03_graphics_motion_and_sound/chapter_12_animation_systems/hierarchical/12.08.05_wavelet_compression.md,part_03_graphics_motion_and_sound/chapter_12_animation_systems/atomic/12.08.05_wavelet_compression.md,1490,1490
12.8.6,Selective Loading and Streaming,3,3,12,803,803,803,part_03_graphics_motion_and_sound/chapter_12_animation_systems/hierarchical/12.08.06_selective_loading_and_streaming.md,part_03_graphics_motion_and_sound/chapter_12_animation_systems/atomic/12.08.06_selective_loading_and_streaming.md,1172,1172
12.9,The Animation Pipeline,2,3,12,803,805,805,part_03_graphics_motion_and_sound/chapter_12_animation_systems/hierarchical/12.09_the_animation_pipeline.md,part_03_graphics_motion_and_sound/chapter_12_animation_systems/atomic/12.09_the_animation_pipeline.md,3635,3635
12.10,Action State Machines,2,3,12,805,825,807,part_03_graphics_motion_and_sound/chapter_12_animation_systems/hierarchical/12.10_action_state_machines.md,part_03_graphics_motion_and_sound/chapter_12_animation_systems/atomic/12.10_action_state_machines.md,40114,4720
12.10.1,The Flat Weighted Average Approach,3,3,12,807,811,811,part_03_graphics_motion_and_sound/chapter_12_animation_systems/hierarchical/12.10.01_the_flat_weighted_average_approach.md,part_03_graphics_motion_and_sound/chapter_12_animation_systems/atomic/12.10.01_the_flat_weighted_average_approach.md,8010,8010
12.10.2,Blend Trees,3,3,12,811,815,815,part_03_graphics_motion_and_sound/chapter_12_animation_systems/hierarchical/12.10.02_blend_trees.md,part_03_graphics_motion_and_sound/chapter_12_animation_systems/atomic/12.10.02_blend_trees.md,6803,6803
12.10.3,State and Blend Tree Specifications,3,3,12,815,819,819,part_03_graphics_motion_and_sound/chapter_12_animation_systems/hierarchical/12.10.03_state_and_blend_tree_specifications.md,part_03_graphics_motion_and_sound/chapter_12_animation_systems/atomic/12.10.03_state_and_blend_tree_specifications.md,8400,8400
12.10.4,Transitions,3,3,12,819,824,824,part_03_graphics_motion_and_sound/chapter_12_animation_systems/hierarchical/12.10.04_transitions.md,part_03_graphics_motion_and_sound/chapter_12_animation_systems/atomic/12.10.04_transitions.md,9531,9531
12.10.5,Control Parameters,3,3,12,824,825,825,part_03_graphics_motion_and_sound/chapter_12_animation_systems/hierarchical/12.10.05_control_parameters.md,part_03_graphics_motion_and_sound/chapter_12_animation_systems/atomic/12.10.05_control_parameters.md,3668,3668
12.11,Constraints,2,3,12,825,835,826,part_03_graphics_motion_and_sound/chapter_12_animation_systems/hierarchical/12.11_constraints.md,part_03_graphics_motion_and_sound/chapter_12_animation_systems/atomic/12.11_constraints.md,21201,1388
12.11.1,Attachments,3,3,12,826,827,827,part_03_graphics_motion_and_sound/chapter_12_animation_systems/hierarchical/12.11.01_attachments.md,part_03_graphics_motion_and_sound/chapter_12_animation_systems/atomic/12.11.01_attachments.md,3083,3083
12.11.2,Interobject Registration,3,3,12,827,830,830,part_03_graphics_motion_and_sound/chapter_12_animation_systems/hierarchical/12.11.02_interobject_registration.md,part_03_graphics_motion_and_sound/chapter_12_animation_systems/atomic/12.11.02_interobject_registration.md,5952,5952
12.11.3,Grabbing and Hand IK,3,3,12,830,832,832,part_03_graphics_motion_and_sound/chapter_12_animation_systems/hierarchical/12.11.03_grabbing_and_hand_ik.md,part_03_graphics_motion_and_sound/chapter_12_animation_systems/atomic/12.11.03_grabbing_and_hand_ik.md,4253,4253
12.11.4,Motion Extraction and Foot IK,3,3,12,832,835,835,part_03_graphics_motion_and_sound/chapter_12_animation_systems/hierarchical/12.11.04_motion_extraction_and_foot_ik.md,part_03_graphics_motion_and_sound/chapter_12_animation_systems/atomic/12.11.04_motion_extraction_and_foot_ik.md,6138,6138
12.11.5,Other Kinds of Constraints,3,3,12,835,835,835,part_03_graphics_motion_and_sound/chapter_12_animation_systems/hierarchical/12.11.05_other_kinds_of_constraints.md,part_03_graphics_motion_and_sound/chapter_12_animation_systems/atomic/12.11.05_other_kinds_of_constraints.md,1405,1405
13,Collision and Rigid Body Dynamics,1,3,13,836,929,837,part_03_graphics_motion_and_sound/chapter_13_collision_and_rigid_body_dynamics/hierarchical/13_collision_and_rigid_body_dynamics.md,part_03_graphics_motion_and_sound/chapter_13_collision_and_rigid_body_dynamics/atomic/13_collision_and_rigid_body_dynamics.md,212474,2216
13.1,Do You Want Physics in Your Game?,2,3,13,837,842,837,part_03_graphics_motion_and_sound/chapter_13_collision_and_rigid_body_dynamics/hierarchical/13.01_do_you_want_physics_in_your_game.md,part_03_graphics_motion_and_sound/chapter_13_collision_and_rigid_body_dynamics/atomic/13.01_do_you_want_physics_in_your_game.md,11998,922
13.1.1,Things You Can Do with a Physics System,3,3,13,837,838,838,part_03_graphics_motion_and_sound/chapter_13_collision_and_rigid_body_dynamics/hierarchical/13.01.01_things_you_can_do_with_a_physics_system.md,part_03_graphics_motion_and_sound/chapter_13_collision_and_rigid_body_dynamics/atomic/13.01.01_things_you_can_do_with_a_physics_system.md,1847,1847
13.1.2,Is Physics Fun?,3,3,13,838,840,840,part_03_graphics_motion_and_sound/chapter_13_collision_and_rigid_body_dynamics/hierarchical/13.01.02_is_physics_fun.md,part_03_graphics_motion_and_sound/chapter_13_collision_and_rigid_body_dynamics/atomic/13.01.02_is_physics_fun.md,4136,4136
13.1.3,Impact of Physics on a Game,3,3,13,840,842,842,part_03_graphics_motion_and_sound/chapter_13_collision_and_rigid_body_dynamics/hierarchical/13.01.03_impact_of_physics_on_a_game.md,part_03_graphics_motion_and_sound/chapter_13_collision_and_rigid_body_dynamics/atomic/13.01.03_impact_of_physics_on_a_game.md,5540,5540
13.2,Collision/Physics Middleware,2,3,13,842,844,842,part_03_graphics_motion_and_sound/chapter_13_collision_and_rigid_body_dynamics/hierarchical/13.02_collision_physics_middleware.md,part_03_graphics_motion_and_sound/chapter_13_collision_and_rigid_body_dynamics/atomic/13.02_collision_physics_middleware.md,4837,828
13.2.1,ODE,3,3,13,842,842,842,part_03_graphics_motion_and_sound/chapter_13_collision_and_rigid_body_dynamics/hierarchical/13.02.01_ode.md,part_03_graphics_motion_and_sound/chapter_13_collision_and_rigid_body_dynamics/atomic/13.02.01_ode.md,656,656
13.2.2,Bullet,3,3,13,843,843,843,part_03_graphics_motion_and_sound/chapter_13_collision_and_rigid_body_dynamics/hierarchical/13.02.02_bullet.md,part_03_graphics_motion_and_sound/chapter_13_collision_and_rigid_body_dynamics/atomic/13.02.02_bullet.md,867,867
13.2.3,TrueAxis,3,3,13,843,843,843,part_03_graphics_motion_and_sound/chapter_13_collision_and_rigid_body_dynamics/hierarchical/13.02.03_trueaxis.md,part_03_graphics_motion_and_sound/chapter_13_collision_and_rigid_body_dynamics/atomic/13.02.03_trueaxis.md,306,306
13.2.4,PhysX,3,3,13,843,843,843,part_03_graphics_motion_and_sound/chapter_13_collision_and_rigid_body_dynamics/hierarchical/13.02.04_physx.md,part_03_graphics_motion_and_sound/chapter_13_collision_and_rigid_body_dynamics/atomic/13.02.04_physx.md,1032,1032
13.2.5,Havok,3,3,13,843,844,844,part_03_graphics_motion_and_sound/chapter_13_collision_and_rigid_body_dynamics/hierarchical/13.02.05_havok.md,part_03_graphics_motion_and_sound/chapter_13_collision_and_rigid_body_dynamics/atomic/13.02.05_havok.md,909,909
13.2.6,Physics Abstraction Layer (PAL),3,3,13,844,844,844,part_03_graphics_motion_and_sound/chapter_13_collision_and_rigid_body_dynamics/hierarchical/13.02.06_physics_abstraction_layer_pal.md,part_03_graphics_motion_and_sound/chapter_13_collision_and_rigid_body_dynamics/atomic/13.02.06_physics_abstraction_layer_pal.md,519,519
13.2.7,Digital Molecular Matter (DMM),3,3,13,844,844,844,part_03_graphics_motion_and_sound/chapter_13_collision_and_rigid_body_dynamics/hierarchical/13.02.07_digital_molecular_matter_dmm.md,part_03_graphics_motion_and_sound/chapter_13_collision_and_rigid_body_dynamics/atomic/13.02.07_digital_molecular_matter_dmm.md,731,731
13.3,The Collision Detection System,2,3,13,844,873,845,part_03_graphics_motion_and_sound/chapter_13_collision_and_rigid_body_dynamics/hierarchical/13.03_the_collision_detection_system.md,part_03_graphics_motion_and_sound/chapter_13_collision_and_rigid_body_dynamics/atomic/13.03_the_collision_detection_system.md,64149,2267
13.3.1,Collidable Entities,3,3,13,845,846,846,part_03_graphics_motion_and_sound/chapter_13_collision_and_rigid_body_dynamics/hierarchical/13.03.01_collidable_entities.md,part_03_graphics_motion_and_sound/chapter_13_collision_and_rigid_body_dynamics/atomic/13.03.01_collidable_entities.md,3809,3809
13.3.2,The Collision/Physics World,3,3,13,847,848,848,part_03_graphics_motion_and_sound/chapter_13_collision_and_rigid_body_dynamics/hierarchical/13.03.02_the_collision_physics_world.md,part_03_graphics_motion_and_sound/chapter_13_collision_and_rigid_body_dynamics/atomic/13.03.02_the_collision_physics_world.md,3690,3690
13.3.3,Shape Concepts,3,3,13,848,849,849,part_03_graphics_motion_and_sound/chapter_13_collision_and_rigid_body_dynamics/hierarchical/13.03.03_shape_concepts.md,part_03_graphics_motion_and_sound/chapter_13_collision_and_rigid_body_dynamics/atomic/13.03.03_shape_concepts.md,4154,4154
13.3.4,Collision Primitives,3,3,13,849,855,855,part_03_graphics_motion_and_sound/chapter_13_collision_and_rigid_body_dynamics/hierarchical/13.03.04_collision_primitives.md,part_03_graphics_motion_and_sound/chapter_13_collision_and_rigid_body_dynamics/atomic/13.03.04_collision_primitives.md,10428,10428
13.3.5,Collision Testing and Analytical Geometry,3,3,13,855,864,864,part_03_graphics_motion_and_sound/chapter_13_collision_and_rigid_body_dynamics/hierarchical/13.03.05_collision_testing_and_analytical_geometry.md,part_03_graphics_motion_and_sound/chapter_13_collision_and_rigid_body_dynamics/atomic/13.03.05_collision_testing_and_analytical_geometry.md,21223,21223
13.3.6,Performance Optimizations,3,3,13,864,866,866,part_03_graphics_motion_and_sound/chapter_13_collision_and_rigid_body_dynamics/hierarchical/13.03.06_performance_optimizations.md,part_03_graphics_motion_and_sound/chapter_13_collision_and_rigid_body_dynamics/atomic/13.03.06_performance_optimizations.md,4519,4519
13.3.7,Collision Queries,3,3,13,866,871,871,part_03_graphics_motion_and_sound/chapter_13_collision_and_rigid_body_dynamics/hierarchical/13.03.07_collision_queries.md,part_03_graphics_motion_and_sound/chapter_13_collision_and_rigid_body_dynamics/atomic/13.03.07_collision_queries.md,11751,11751
13.3.8,Collision Filtering,3,3,13,871,873,873,part_03_graphics_motion_and_sound/chapter_13_collision_and_rigid_body_dynamics/hierarchical/13.03.08_collision_filtering.md,part_03_graphics_motion_and_sound/chapter_13_collision_and_rigid_body_dynamics/atomic/13.03.08_collision_filtering.md,3741,3741
13.4,Rigid Body Dynamics,2,3,13,873,911,874,part_03_graphics_motion_and_sound/chapter_13_collision_and_rigid_body_dynamics/hierarchical/13.04_rigid_body_dynamics.md,part_03_graphics_motion_and_sound/chapter_13_collision_and_rigid_body_dynamics/atomic/13.04_rigid_body_dynamics.md,83316,4669
13.4.1,Some Foundations,3,3,13,875,876,876,part_03_graphics_motion_and_sound/chapter_13_collision_and_rigid_body_dynamics/hierarchical/13.04.01_some_foundations.md,part_03_graphics_motion_and_sound/chapter_13_collision_and_rigid_body_dynamics/atomic/13.04.01_some_foundations.md,4809,4809
13.4.2,Linear Dynamics,3,3,13,877,878,878,part_03_graphics_motion_and_sound/chapter_13_collision_and_rigid_body_dynamics/hierarchical/13.04.02_linear_dynamics.md,part_03_graphics_motion_and_sound/chapter_13_collision_and_rigid_body_dynamics/atomic/13.04.02_linear_dynamics.md,3187,3187
13.4.3,Solving the Equations of Motion,3,3,13,879,880,880,part_03_graphics_motion_and_sound/chapter_13_collision_and_rigid_body_dynamics/hierarchical/13.04.03_solving_the_equations_of_motion.md,part_03_graphics_motion_and_sound/chapter_13_collision_and_rigid_body_dynamics/atomic/13.04.03_solving_the_equations_of_motion.md,3957,3957
13.4.4,Numerical Integration,3,3,13,880,885,885,part_03_graphics_motion_and_sound/chapter_13_collision_and_rigid_body_dynamics/hierarchical/13.04.04_numerical_integration.md,part_03_graphics_motion_and_sound/chapter_13_collision_and_rigid_body_dynamics/atomic/13.04.04_numerical_integration.md,10232,10232
13.4.5,Angular Dynamics in Two Dimensions,3,3,13,885,889,889,part_03_graphics_motion_and_sound/chapter_13_collision_and_rigid_body_dynamics/hierarchical/13.04.05_angular_dynamics_in_two_dimensions.md,part_03_graphics_motion_and_sound/chapter_13_collision_and_rigid_body_dynamics/atomic/13.04.05_angular_dynamics_in_two_dimensions.md,7340,7340
13.4.6,Angular Dynamics in Three Dimensions,3,3,13,889,894,894,part_03_graphics_motion_and_sound/chapter_13_collision_and_rigid_body_dynamics/hierarchical/13.04.06_angular_dynamics_in_three_dimensions.md,part_03_graphics_motion_and_sound/chapter_13_collision_and_rigid_body_dynamics/atomic/13.04.06_angular_dynamics_in_three_dimensions.md,11390,11390
13.4.7,Collision Response,3,3,13,894,902,902,part_03_graphics_motion_and_sound/chapter_13_collision_and_rigid_body_dynamics/hierarchical/13.04.07_collision_response.md,part_03_graphics_motion_and_sound/chapter_13_collision_and_rigid_body_dynamics/atomic/13.04.07_collision_response.md,19444,19444
13.4.8,Constraints,3,3,13,902,906,906,part_03_graphics_motion_and_sound/chapter_13_collision_and_rigid_body_dynamics/hierarchical/13.04.08_constraints.md,part_03_graphics_motion_and_sound/chapter_13_collision_and_rigid_body_dynamics/atomic/13.04.08_constraints.md,9189,9189
13.4.9,Controlling the Motions of Rigid Bodies,3,3,13,907,908,908,part_03_graphics_motion_and_sound/chapter_13_collision_and_rigid_body_dynamics/hierarchical/13.04.09_controlling_the_motions_of_rigid_bodies.md,part_03_graphics_motion_and_sound/chapter_13_collision_and_rigid_body_dynamics/atomic/13.04.09_controlling_the_motions_of_rigid_bodies.md,4041,4041
13.4.10,The Collision/Physics Step,3,3,13,908,911,911,part_03_graphics_motion_and_sound/chapter_13_collision_and_rigid_body_dynamics/hierarchical/13.04.10_the_collision_physics_step.md,part_03_graphics_motion_and_sound/chapter_13_collision_and_rigid_body_dynamics/atomic/13.04.10_the_collision_physics_step.md,6420,6420
13.5,Integrating a Physics Engine into Your Game,2,3,13,911,928,911,part_03_graphics_motion_and_sound/chapter_13_collision_and_rigid_body_dynamics/hierarchical/13.05_integrating_a_physics_engine_into_your_game.md,part_03_graphics_motion_and_sound/chapter_13_collision_and_rigid_body_dynamics/atomic/13.05_integrating_a_physics_engine_into_your_game.md,43132,542
13.5.1,Linking Game Objects and Rigid Bodies,3,3,13,911,915,915,part_03_graphics_motion_and_sound/chapter_13_collision_and_rigid_body_dynamics/hierarchical/13.05.01_linking_game_objects_and_rigid_bodies.md,part_03_graphics_motion_and_sound/chapter_13_collision_and_rigid_body_dynamics/atomic/13.05.01_linking_game_objects_and_rigid_bodies.md,12199,12199
13.5.2,Updating the Simulation,3,3,13,916,919,919,part_03_graphics_motion_and_sound/chapter_13_collision_and_rigid_body_dynamics/hierarchical/13.05.02_updating_the_simulation.md,part_03_graphics_motion_and_sound/chapter_13_collision_and_rigid_body_dynamics/atomic/13.05.02_updating_the_simulation.md,7484,7484
13.5.3,Example Uses of Collision and Physics in a Game,3,3,13,919,928,928,part_03_graphics_motion_and_sound/chapter_13_collision_and_rigid_body_dynamics/hierarchical/13.05.03_example_uses_of_collision_and_physics_in_a_game.md,part_03_graphics_motion_and_sound/chapter_13_collision_and_rigid_body_dynamics/atomic/13.05.03_example_uses_of_collision_and_physics_in_a_game.md,23413,23413
13.6,Advanced Physics Features,2,3,13,928,929,929,part_03_graphics_motion_and_sound/chapter_13_collision_and_rigid_body_dynamics/hierarchical/13.06_advanced_physics_features.md,part_03_graphics_motion_and_sound/chapter_13_collision_and_rigid_body_dynamics/atomic/13.06_advanced_physics_features.md,3780,3780
14,Audio,1,3,14,930,1033,931,part_03_graphics_motion_and_sound/chapter_14_audio/hierarchical/14_audio.md,part_03_graphics_motion_and_sound/chapter_14_audio/atomic/14_audio.md,220809,2241
14.1,The Physics of Sound,2,3,14,931,943,932,part_03_graphics_motion_and_sound/chapter_14_audio/hierarchical/14.01_the_physics_of_sound.md,part_03_graphics_motion_and_sound/chapter_14_audio/atomic/14.01_the_physics_of_sound.md,26741,1814
14.1.1,Properties of Sound Waves,3,3,14,932,933,933,part_03_graphics_motion_and_sound/chapter_14_audio/hierarchical/14.01.01_properties_of_sound_waves.md,part_03_graphics_motion_and_sound/chapter_14_audio/atomic/14.01.01_properties_of_sound_waves.md,3059,3059
14.1.2,Perceived Loudness and the Decibel,3,3,14,933,936,936,part_03_graphics_motion_and_sound/chapter_14_audio/hierarchical/14.01.02_perceived_loudness_and_the_decibel.md,part_03_graphics_motion_and_sound/chapter_14_audio/atomic/14.01.02_perceived_loudness_and_the_decibel.md,5725,5725
14.1.3,Sound Wave Propagation,3,3,14,936,942,942,part_03_graphics_motion_and_sound/chapter_14_audio/hierarchical/14.01.03_sound_wave_propagation.md,part_03_graphics_motion_and_sound/chapter_14_audio/atomic/14.01.03_sound_wave_propagation.md,14997,14997
14.1.4,Perception of Position,3,3,14,942,943,943,part_03_graphics_motion_and_sound/chapter_14_audio/hierarchical/14.01.04_perception_of_position.md,part_03_graphics_motion_and_sound/chapter_14_audio/atomic/14.01.04_perception_of_position.md,1924,1924
14.2,The Mathematics of Sound,2,3,14,943,960,943,part_03_graphics_motion_and_sound/chapter_14_audio/hierarchical/14.02_the_mathematics_of_sound.md,part_03_graphics_motion_and_sound/chapter_14_audio/atomic/14.02_the_mathematics_of_sound.md,33917,908
14.2.1,Signals,3,3,14,943,944,944,part_03_graphics_motion_and_sound/chapter_14_audio/hierarchical/14.02.01_signals.md,part_03_graphics_motion_and_sound/chapter_14_audio/atomic/14.02.01_signals.md,3167,3167
14.2.2,Manipulating Signals,3,3,14,944,945,945,part_03_graphics_motion_and_sound/chapter_14_audio/hierarchical/14.02.02_manipulating_signals.md,part_03_graphics_motion_and_sound/chapter_14_audio/atomic/14.02.02_manipulating_signals.md,1057,1057
14.2.3,Linear Time-Invariant (LTI) Systems,3,3,14,945,946,946,part_03_graphics_motion_and_sound/chapter_14_audio/hierarchical/14.02.03_linear_time_invariant_lti_systems.md,part_03_graphics_motion_and_sound/chapter_14_audio/atomic/14.02.03_linear_time_invariant_lti_systems.md,3235,3235
14.2.4,Impulse Response of an LTI System,3,3,14,947,952,952,part_03_graphics_motion_and_sound/chapter_14_audio/hierarchical/14.02.04_impulse_response_of_an_lti_system.md,part_03_graphics_motion_and_sound/chapter_14_audio/atomic/14.02.04_impulse_response_of_an_lti_system.md,10230,10230
14.2.5,The Frequency Domain and the Fourier Transform,3,3,14,952,960,960,part_03_graphics_motion_and_sound/chapter_14_audio/hierarchical/14.02.05_the_frequency_domain_and_the_fourier_transform.md,part_03_graphics_motion_and_sound/chapter_14_audio/atomic/14.02.05_the_frequency_domain_and_the_fourier_transform.md,16215,16215
14.3,The Technology of Sound,2,3,14,960,974,960,part_03_graphics_motion_and_sound/chapter_14_audio/hierarchical/14.03_the_technology_of_sound.md,part_03_graphics_motion_and_sound/chapter_14_audio/atomic/14.03_the_technology_of_sound.md,28760,482
14.3.1,Analog Audio Technology,3,3,14,961,966,966,part_03_graphics_motion_and_sound/chapter_14_audio/hierarchical/14.03.01_analog_audio_technology.md,part_03_graphics_motion_and_sound/chapter_14_audio/atomic/14.03.01_analog_audio_technology.md,11930,11930
14.3.2,Digital Audio Technology,3,3,14,967,974,974,part_03_graphics_motion_and_sound/chapter_14_audio/hierarchical/14.03.02_digital_audio_technology.md,part_03_graphics_motion_and_sound/chapter_14_audio/atomic/14.03.02_digital_audio_technology.md,16582,16582
14.4,Rendering Audio in 3D,2,3,14,974,993,974,part_03_graphics_motion_and_sound/chapter_14_audio/hierarchical/14.04_rendering_audio_in_3d.md,part_03_graphics_motion_and_sound/chapter_14_audio/atomic/14.04_rendering_audio_in_3d.md,43315,2151
14.4.1,Overview of 3D Sound Rendering,3,3,14,974,975,975,part_03_graphics_motion_and_sound/chapter_14_audio/hierarchical/14.04.01_overview_of_3d_sound_rendering.md,part_03_graphics_motion_and_sound/chapter_14_audio/atomic/14.04.01_overview_of_3d_sound_rendering.md,1911,1911
14.4.2,Modeling the Audio World,3,3,14,975,976,976,part_03_graphics_motion_and_sound/chapter_14_audio/hierarchical/14.04.02_modeling_the_audio_world.md,part_03_graphics_motion_and_sound/chapter_14_audio/atomic/14.04.02_modeling_the_audio_world.md,1771,1771
14.4.3,Distance-Based Attenuation,3,3,14,976,978,978,part_03_graphics_motion_and_sound/chapter_14_audio/hierarchical/14.04.03_distance_based_attenuation.md,part_03_graphics_motion_and_sound/chapter_14_audio/atomic/14.04.03_distance_based_attenuation.md,4424,4424
14.4.4,Pan,3,3,14,978,984,984,part_03_graphics_motion_and_sound/chapter_14_audio/hierarchical/14.04.04_pan.md,part_03_graphics_motion_and_sound/chapter_14_audio/atomic/14.04.04_pan.md,14612,14612
14.4.5,"Propagation, Reverb and Acoustics",3,3,14,984,992,992,part_03_graphics_motion_and_sound/chapter_14_audio/hierarchical/14.04.05_propagation_reverb_and_acoustics.md,part_03_graphics_motion_and_sound/chapter_14_audio/atomic/14.04.05_propagation_reverb_and_acoustics.md,17681,17681
14.4.6,Doppler Shift,3,3,14,992,993,993,part_03_graphics_motion_and_sound/chapter_14_audio/hierarchical/14.04.06_doppler_shift.md,part_03_graphics_motion_and_sound/chapter_14_audio/atomic/14.04.06_doppler_shift.md,1841,1841
14.5,Audio Engine Architecture,2,3,14,993,1014,994,part_03_graphics_motion_and_sound/chapter_14_audio/hierarchical/14.05_audio_engine_architecture.md,part_03_graphics_motion_and_sound/chapter_14_audio/atomic/14.05_audio_engine_architecture.md,49222,3139
14.5.1,The Audio Processing Pipeline,3,3,14,994,996,996,part_03_graphics_motion_and_sound/chapter_14_audio/hierarchical/14.05.01_the_audio_processing_pipeline.md,part_03_graphics_motion_and_sound/chapter_14_audio/atomic/14.05.01_the_audio_processing_pipeline.md,2251,2251
14.5.2,Concepts and Terminology,3,3,14,996,997,997,part_03_graphics_motion_and_sound/chapter_14_audio/hierarchical/14.05.02_concepts_and_terminology.md,part_03_graphics_motion_and_sound/chapter_14_audio/atomic/14.05.02_concepts_and_terminology.md,2833,2833
14.5.3,The Voice Bus,3,3,14,997,999,999,part_03_graphics_motion_and_sound/chapter_14_audio/hierarchical/14.05.03_the_voice_bus.md,part_03_graphics_motion_and_sound/chapter_14_audio/atomic/14.05.03_the_voice_bus.md,5565,5565
14.5.4,Master Mixer,3,3,14,999,1001,1001,part_03_graphics_motion_and_sound/chapter_14_audio/hierarchical/14.05.04_master_mixer.md,part_03_graphics_motion_and_sound/chapter_14_audio/atomic/14.05.04_master_mixer.md,3893,3893
14.5.5,The Master Output Bus,3,3,14,1001,1002,1002,part_03_graphics_motion_and_sound/chapter_14_audio/hierarchical/14.05.05_the_master_output_bus.md,part_03_graphics_motion_and_sound/chapter_14_audio/atomic/14.05.05_the_master_output_bus.md,2382,2382
14.5.6,Implementing a Bus,3,3,14,1002,1004,1004,part_03_graphics_motion_and_sound/chapter_14_audio/hierarchical/14.05.06_implementing_a_bus.md,part_03_graphics_motion_and_sound/chapter_14_audio/atomic/14.05.06_implementing_a_bus.md,6262,6262
14.5.7,Asset Management,3,3,14,1004,1007,1007,part_03_graphics_motion_and_sound/chapter_14_audio/hierarchical/14.05.07_asset_management.md,part_03_graphics_motion_and_sound/chapter_14_audio/atomic/14.05.07_asset_management.md,6679,6679
14.5.8,Mixing Your Game,3,3,14,1007,1011,1011,part_03_graphics_motion_and_sound/chapter_14_audio/hierarchical/14.05.08_mixing_your_game.md,part_03_graphics_motion_and_sound/chapter_14_audio/atomic/14.05.08_mixing_your_game.md,10338,10338
14.5.9,Audio Engine Survey,3,3,14,1011,1014,1014,part_03_graphics_motion_and_sound/chapter_14_audio/hierarchical/14.05.09_audio_engine_survey.md,part_03_graphics_motion_and_sound/chapter_14_audio/atomic/14.05.09_audio_engine_survey.md,7601,7601
14.6,Game-Specific Audio Features,2,3,14,1014,1033,1015,part_03_graphics_motion_and_sound/chapter_14_audio/hierarchical/14.06_game_specific_audio_features.md,part_03_graphics_motion_and_sound/chapter_14_audio/atomic/14.06_game_specific_audio_features.md,37754,3626
14.6.1,Supporting Split-Screen,3,3,14,1016,1016,1016,part_03_graphics_motion_and_sound/chapter_14_audio/hierarchical/14.06.01_supporting_split_screen.md,part_03_graphics_motion_and_sound/chapter_14_audio/atomic/14.06.01_supporting_split_screen.md,984,984
14.6.2,Character Dialog,3,3,14,1016,1029,1029,part_03_graphics_motion_and_sound/chapter_14_audio/hierarchical/14.06.02_character_dialog.md,part_03_graphics_motion_and_sound/chapter_14_audio/atomic/14.06.02_character_dialog.md,29528,29528
14.6.3,Music,3,3,14,1029,1033,1033,part_03_graphics_motion_and_sound/chapter_14_audio/hierarchical/14.06.03_music.md,part_03_graphics_motion_and_sound/chapter_14_audio/atomic/14.06.03_music.md,4131,4131
15,Introduction to Gameplay Systems,1,4,15,1034,1057,1035,part_04_gameplay/chapter_15_introduction_to_gameplay_systems/hierarchical/15_introduction_to_gameplay_systems.md,part_04_gameplay/chapter_15_introduction_to_gameplay_systems/atomic/15_introduction_to_gameplay_systems.md,47067,2633
15.1,Anatomy of a Game World,2,4,15,1035,1040,1035,part_04_gameplay/chapter_15_introduction_to_gameplay_systems/hierarchical/15.01_anatomy_of_a_game_world.md,part_04_gameplay/chapter_15_introduction_to_gameplay_systems/atomic/15.01_anatomy_of_a_game_world.md,11722,636
15.1.1,World Elements,3,4,15,1035,1038,1038,part_04_gameplay/chapter_15_introduction_to_gameplay_systems/hierarchical/15.01.01_world_elements.md,part_04_gameplay/chapter_15_introduction_to_gameplay_systems/atomic/15.01.01_world_elements.md,6542,6542
15.1.2,World Chunks,3,4,15,1038,1038,1038,part_04_gameplay/chapter_15_introduction_to_gameplay_systems/hierarchical/15.01.02_world_chunks.md,part_04_gameplay/chapter_15_introduction_to_gameplay_systems/atomic/15.01.02_world_chunks.md,2215,2215
15.1.3,High-Level Game Flow,3,4,15,1038,1040,1040,part_04_gameplay/chapter_15_introduction_to_gameplay_systems/hierarchical/15.01.03_high_level_game_flow.md,part_04_gameplay/chapter_15_introduction_to_gameplay_systems/atomic/15.01.03_high_level_game_flow.md,3061,3061
15.2,Implementing Dynamic Elements: Game Objects,2,4,15,1040,1043,1041,part_04_gameplay/chapter_15_introduction_to_gameplay_systems/hierarchical/15.02_implementing_dynamic_elements_game_objects.md,part_04_gameplay/chapter_15_introduction_to_gameplay_systems/atomic/15.02_implementing_dynamic_elements_game_objects.md,6544,2590
15.2.1,Game Object Models,3,4,15,1041,1042,1042,part_04_gameplay/chapter_15_introduction_to_gameplay_systems/hierarchical/15.02.01_game_object_models.md,part_04_gameplay/chapter_15_introduction_to_gameplay_systems/atomic/15.02.01_game_object_models.md,2094,2094
15.2.2,Tool-Side Design versus Runtime Design,3,4,15,1042,1043,1043,part_04_gameplay/chapter_15_introduction_to_gameplay_systems/hierarchical/15.02.02_tool_side_design_versus_runtime_design.md,part_04_gameplay/chapter_15_introduction_to_gameplay_systems/atomic/15.02.02_tool_side_design_versus_runtime_design.md,2164,2164
15.3,Data-Driven Game Engines,2,4,15,1043,1044,1044,part_04_gameplay/chapter_15_introduction_to_gameplay_systems/hierarchical/15.03_data_driven_game_engines.md,part_04_gameplay/chapter_15_introduction_to_gameplay_systems/atomic/15.03_data_driven_game_engines.md,4295,4295
15.4,The Game World Editor,2,4,15,1044,1057,1047,part_04_gameplay/chapter_15_introduction_to_gameplay_systems/hierarchical/15.04_the_game_world_editor.md,part_04_gameplay/chapter_15_introduction_to_gameplay_systems/atomic/15.04_the_game_world_editor.md,22750,2836
15.4.1,Typical Features of a Game World Editor,3,4,15,1048,1054,1054,part_04_gameplay/chapter_15_introduction_to_gameplay_systems/hierarchical/15.04.01_typical_features_of_a_game_world_editor.md,part_04_gameplay/chapter_15_introduction_to_gameplay_systems/atomic/15.04.01_typical_features_of_a_game_world_editor.md,16703,16703
15.4.2,Integrated Asset Management Tools,3,4,15,1054,1057,1057,part_04_gameplay/chapter_15_introduction_to_gameplay_systems/hierarchical/15.04.02_integrated_asset_management_tools.md,part_04_gameplay/chapter_15_introduction_to_gameplay_systems/atomic/15.04.02_integrated_asset_management_tools.md,3482,3482
16,Runtime Gameplay Foundation Systems,1,4,16,1058,1179,1058,part_04_gameplay/chapter_16_runtime_gameplay_foundation_systems/hierarchical/16_runtime_gameplay_foundation_systems.md,part_04_gameplay/chapter_16_runtime_gameplay_foundation_systems/atomic/16_runtime_gameplay_foundation_systems.md,264085,195
16.1,Components of the Gameplay Foundation System,2,4,16,1058,1061,1061,part_04_gameplay/chapter_16_runtime_gameplay_foundation_systems/hierarchical/16.01_components_of_the_gameplay_foundation_system.md,part_04_gameplay/chapter_16_runtime_gameplay_foundation_systems/atomic/16.01_components_of_the_gameplay_foundation_system.md,9324,9324
16.2,Runtime Object Model Architectures,2,4,16,1062,1081,1062,part_04_gameplay/chapter_16_runtime_gameplay_foundation_systems/hierarchical/16.02_runtime_object_model_architectures.md,part_04_gameplay/chapter_16_runtime_gameplay_foundation_systems/atomic/16.02_runtime_object_model_architectures.md,40106,2704
16.2.1,Object-Centric Architectures,3,4,16,1063,1076,1076,part_04_gameplay/chapter_16_runtime_gameplay_foundation_systems/hierarchical/16.02.01_object_centric_architectures.md,part_04_gameplay/chapter_16_runtime_gameplay_foundation_systems/atomic/16.02.01_object_centric_architectures.md,28026,28026
16.2.2,Property-Centric Architectures,3,4,16,1076,1081,1081,part_04_gameplay/chapter_16_runtime_gameplay_foundation_systems/hierarchical/16.02.02_property_centric_architectures.md,part_04_gameplay/chapter_16_runtime_gameplay_foundation_systems/atomic/16.02.02_property_centric_architectures.md,9647,9647
16.3,World Chunk Data Formats,2,4,16,1081,1088,1082,part_04_gameplay/chapter_16_runtime_gameplay_foundation_systems/hierarchical/16.03_world_chunk_data_formats.md,part_04_gameplay/chapter_16_runtime_gameplay_foundation_systems/atomic/16.03_world_chunk_data_formats.md,18811,2531
16.3.1,Binary Object Images,3,4,16,1082,1082,1082,part_04_gameplay/chapter_16_runtime_gameplay_foundation_systems/hierarchical/16.03.01_binary_object_images.md,part_04_gameplay/chapter_16_runtime_gameplay_foundation_systems/atomic/16.03.01_binary_object_images.md,1331,1331
16.3.2,Serialized Game Object Descriptions,3,4,16,1082,1084,1084,part_04_gameplay/chapter_16_runtime_gameplay_foundation_systems/hierarchical/16.03.02_serialized_game_object_descriptions.md,part_04_gameplay/chapter_16_runtime_gameplay_foundation_systems/atomic/16.03.02_serialized_game_object_descriptions.md,5203,5203
16.3.3,Spawners and Type Schemas,3,4,16,1084,1088,1088,part_04_gameplay/chapter_16_runtime_gameplay_foundation_systems/hierarchical/16.03.03_spawners_and_type_schemas.md,part_04_gameplay/chapter_16_runtime_gameplay_foundation_systems/atomic/16.03.03_spawners_and_type_schemas.md,10202,10202
16.4,Loading and Streaming Game Worlds,2,4,16,1088,1097,1089,part_04_gameplay/chapter_16_runtime_gameplay_foundation_systems/hierarchical/16.04_loading_and_streaming_game_worlds.md,part_04_gameplay/chapter_16_runtime_gameplay_foundation_systems/atomic/16.04_loading_and_streaming_game_worlds.md,23380,1144
16.4.1,Simple Level Loading,3,4,16,1089,1089,1089,part_04_gameplay/chapter_16_runtime_gameplay_foundation_systems/hierarchical/16.04.01_simple_level_loading.md,part_04_gameplay/chapter_16_runtime_gameplay_foundation_systems/atomic/16.04.01_simple_level_loading.md,1972,1972
16.4.2,Toward Seamless Loading: Air Locks,3,4,16,1089,1091,1091,part_04_gameplay/chapter_16_runtime_gameplay_foundation_systems/hierarchical/16.04.02_toward_seamless_loading_air_locks.md,part_04_gameplay/chapter_16_runtime_gameplay_foundation_systems/atomic/16.04.02_toward_seamless_loading_air_locks.md,3436,3436
16.4.3,Game World Streaming,3,4,16,1091,1093,1093,part_04_gameplay/chapter_16_runtime_gameplay_foundation_systems/hierarchical/16.04.03_game_world_streaming.md,part_04_gameplay/chapter_16_runtime_gameplay_foundation_systems/atomic/16.04.03_game_world_streaming.md,5688,5688
16.4.4,Memory Management for Object Spawning,3,4,16,1093,1096,1096,part_04_gameplay/chapter_16_runtime_gameplay_foundation_systems/hierarchical/16.04.04_memory_management_for_object_spawning.md,part_04_gameplay/chapter_16_runtime_gameplay_foundation_systems/atomic/16.04.04_memory_management_for_object_spawning.md,7255,7255
16.4.5,Saved Games,3,4,16,1096,1097,1097,part_04_gameplay/chapter_16_runtime_gameplay_foundation_systems/hierarchical/16.04.05_saved_games.md,part_04_gameplay/chapter_16_runtime_gameplay_foundation_systems/atomic/16.04.05_saved_games.md,4921,4921
16.5,Object References and World Queries,2,4,16,1098,1105,1098,part_04_gameplay/chapter_16_runtime_gameplay_foundation_systems/hierarchical/16.05_object_references_and_world_queries.md,part_04_gameplay/chapter_16_runtime_gameplay_foundation_systems/atomic/16.05_object_references_and_world_queries.md,16702,1427
16.5.1,Pointers,3,4,16,1098,1099,1099,part_04_gameplay/chapter_16_runtime_gameplay_foundation_systems/hierarchical/16.05.01_pointers.md,part_04_gameplay/chapter_16_runtime_gameplay_foundation_systems/atomic/16.05.01_pointers.md,2799,2799
16.5.2,Smart Pointers,3,4,16,1099,1101,1101,part_04_gameplay/chapter_16_runtime_gameplay_foundation_systems/hierarchical/16.05.02_smart_pointers.md,part_04_gameplay/chapter_16_runtime_gameplay_foundation_systems/atomic/16.05.02_smart_pointers.md,4449,4449
16.5.3,Handles,3,4,16,1101,1104,1104,part_04_gameplay/chapter_16_runtime_gameplay_foundation_systems/hierarchical/16.05.03_handles.md,part_04_gameplay/chapter_16_runtime_gameplay_foundation_systems/atomic/16.05.03_handles.md,5365,5365
16.5.4,Game Object Queries,3,4,16,1104,1105,1105,part_04_gameplay/chapter_16_runtime_gameplay_foundation_systems/hierarchical/16.05.04_game_object_queries.md,part_04_gameplay/chapter_16_runtime_gameplay_foundation_systems/atomic/16.05.04_game_object_queries.md,3362,3362
16.6,Updating Game Objects in Real Time,2,4,16,1105,1120,1107,part_04_gameplay/chapter_16_runtime_gameplay_foundation_systems/hierarchical/16.06_updating_game_objects_in_real_time.md,part_04_gameplay/chapter_16_runtime_gameplay_foundation_systems/atomic/16.06_updating_game_objects_in_real_time.md,31165,4742
16.6.1,A Simple Approach (That Doesn’t Work),3,4,16,1107,1109,1109,part_04_gameplay/chapter_16_runtime_gameplay_foundation_systems/hierarchical/16.06.01_a_simple_approach_that_doesnt_work.md,part_04_gameplay/chapter_16_runtime_gameplay_foundation_systems/atomic/16.06.01_a_simple_approach_that_doesnt_work.md,4918,4918
16.6.2,Performance Constraints and Batched Updates,3,4,16,1109,1112,1112,part_04_gameplay/chapter_16_runtime_gameplay_foundation_systems/hierarchical/16.06.02_performance_constraints_and_batched_updates.md,part_04_gameplay/chapter_16_runtime_gameplay_foundation_systems/atomic/16.06.02_performance_constraints_and_batched_updates.md,4960,4960
16.6.3,Object and Subsystem Interdependencies,3,4,16,1112,1120,1120,part_04_gameplay/chapter_16_runtime_gameplay_foundation_systems/hierarchical/16.06.03_object_and_subsystem_interdependencies.md,part_04_gameplay/chapter_16_runtime_gameplay_foundation_systems/atomic/16.06.03_object_and_subsystem_interdependencies.md,17001,17001
16.7,Applying Concurrency to Game Object Updates,2,4,16,1120,1133,1120,part_04_gameplay/chapter_16_runtime_gameplay_foundation_systems/hierarchical/16.07_applying_concurrency_to_game_object_updates.md,part_04_gameplay/chapter_16_runtime_gameplay_foundation_systems/atomic/16.07_applying_concurrency_to_game_object_updates.md,26611,722
16.7.1,Concurrent Engine Subsystems,3,4,16,1120,1121,1121,part_04_gameplay/chapter_16_runtime_gameplay_foundation_systems/hierarchical/16.07.01_concurrent_engine_subsystems.md,part_04_gameplay/chapter_16_runtime_gameplay_foundation_systems/atomic/16.07.01_concurrent_engine_subsystems.md,2685,2685
16.7.2,Asynchronous Program Design,3,4,16,1121,1124,1124,part_04_gameplay/chapter_16_runtime_gameplay_foundation_systems/hierarchical/16.07.02_asynchronous_program_design.md,part_04_gameplay/chapter_16_runtime_gameplay_foundation_systems/atomic/16.07.02_asynchronous_program_design.md,4884,4884
16.7.3,Job Dependencies and Degree of Parallelism,3,4,16,1124,1126,1126,part_04_gameplay/chapter_16_runtime_gameplay_foundation_systems/hierarchical/16.07.03_job_dependencies_and_degree_of_parallelism.md,part_04_gameplay/chapter_16_runtime_gameplay_foundation_systems/atomic/16.07.03_job_dependencies_and_degree_of_parallelism.md,4086,4086
16.7.4,Parallelizing the Game Object Model Itself,3,4,16,1126,1133,1133,part_04_gameplay/chapter_16_runtime_gameplay_foundation_systems/hierarchical/16.07.04_parallelizing_the_game_object_model_itself.md,part_04_gameplay/chapter_16_runtime_gameplay_foundation_systems/atomic/16.07.04_parallelizing_the_game_object_model_itself.md,14934,14934
16.8,Events and Message-Passing,2,4,16,1133,1153,1133,part_04_gameplay/chapter_16_runtime_gameplay_foundation_systems/hierarchical/16.08_events_and_message_passing.md,part_04_gameplay/chapter_16_runtime_gameplay_foundation_systems/atomic/16.08_events_and_message_passing.md,44254,1148
16.8.1,The Problem with Statically Typed Function Binding,3,4,16,1133,1135,1135,part_04_gameplay/chapter_16_runtime_gameplay_foundation_systems/hierarchical/16.08.01_the_problem_with_statically_typed_function_binding.md,part_04_gameplay/chapter_16_runtime_gameplay_foundation_systems/atomic/16.08.01_the_problem_with_statically_typed_function_binding.md,3450,3450
16.8.2,Encapsulating an Event in an Object,3,4,16,1135,1136,1136,part_04_gameplay/chapter_16_runtime_gameplay_foundation_systems/hierarchical/16.08.02_encapsulating_an_event_in_an_object.md,part_04_gameplay/chapter_16_runtime_gameplay_foundation_systems/atomic/16.08.02_encapsulating_an_event_in_an_object.md,2841,2841
16.8.3,Event Types,3,4,16,1136,1137,1137,part_04_gameplay/chapter_16_runtime_gameplay_foundation_systems/hierarchical/16.08.03_event_types.md,part_04_gameplay/chapter_16_runtime_gameplay_foundation_systems/atomic/16.08.03_event_types.md,3212,3212
16.8.4,Event Arguments,3,4,16,1137,1139,1139,part_04_gameplay/chapter_16_runtime_gameplay_foundation_systems/hierarchical/16.08.04_event_arguments.md,part_04_gameplay/chapter_16_runtime_gameplay_foundation_systems/atomic/16.08.04_event_arguments.md,3329,3329
16.8.5,Event Handlers,3,4,16,1139,1140,1140,part_04_gameplay/chapter_16_runtime_gameplay_foundation_systems/hierarchical/16.08.05_event_handlers.md,part_04_gameplay/chapter_16_runtime_gameplay_foundation_systems/atomic/16.08.05_event_handlers.md,2296,2296
16.8.6,Unpacking an Event’s Arguments,3,4,16,1140,1140,1140,part_04_gameplay/chapter_16_runtime_gameplay_foundation_systems/hierarchical/16.08.06_unpacking_an_events_arguments.md,part_04_gameplay/chapter_16_runtime_gameplay_foundation_systems/atomic/16.08.06_unpacking_an_events_arguments.md,1093,1093
16.8.7,Chains of Responsibility,3,4,16,1140,1142,1142,part_04_gameplay/chapter_16_runtime_gameplay_foundation_systems/hierarchical/16.08.07_chains_of_responsibility.md,part_04_gameplay/chapter_16_runtime_gameplay_foundation_systems/atomic/16.08.07_chains_of_responsibility.md,4069,4069
16.8.8,Registering Interest in Events,3,4,16,1142,1143,1143,part_04_gameplay/chapter_16_runtime_gameplay_foundation_systems/hierarchical/16.08.08_registering_interest_in_events.md,part_04_gameplay/chapter_16_runtime_gameplay_foundation_systems/atomic/16.08.08_registering_interest_in_events.md,1857,1857
16.8.9,To Queue or Not to Queue,3,4,16,1143,1148,1148,part_04_gameplay/chapter_16_runtime_gameplay_foundation_systems/hierarchical/16.08.09_to_queue_or_not_to_queue.md,part_04_gameplay/chapter_16_runtime_gameplay_foundation_systems/atomic/16.08.09_to_queue_or_not_to_queue.md,11702,11702
16.8.10,Some Problems with Immediate Event Sending,3,4,16,1149,1149,1149,part_04_gameplay/chapter_16_runtime_gameplay_foundation_systems/hierarchical/16.08.10_some_problems_with_immediate_event_sending.md,part_04_gameplay/chapter_16_runtime_gameplay_foundation_systems/atomic/16.08.10_some_problems_with_immediate_event_sending.md,1655,1655
16.8.11,Data-Driven Event/Message-Passing Systems,3,4,16,1150,1153,1153,part_04_gameplay/chapter_16_runtime_gameplay_foundation_systems/hierarchical/16.08.11_data_driven_event_message_passing_systems.md,part_04_gameplay/chapter_16_runtime_gameplay_foundation_systems/atomic/16.08.11_data_driven_event_message_passing_systems.md,9300,9300
16.9,Scripting,2,4,16,1153,1176,1154,part_04_gameplay/chapter_16_runtime_gameplay_foundation_systems/hierarchical/16.09_scripting.md,part_04_gameplay/chapter_16_runtime_gameplay_foundation_systems/atomic/16.09_scripting.md,52261,1020
16.9.1,Runtime versus Data Definition,3,4,16,1154,1154,1154,part_04_gameplay/chapter_16_runtime_gameplay_foundation_systems/hierarchical/16.09.01_runtime_versus_data_definition.md,part_04_gameplay/chapter_16_runtime_gameplay_foundation_systems/atomic/16.09.01_runtime_versus_data_definition.md,1107,1107
16.9.2,Programming Language Characteristics,3,4,16,1154,1157,1157,part_04_gameplay/chapter_16_runtime_gameplay_foundation_systems/hierarchical/16.09.02_programming_language_characteristics.md,part_04_gameplay/chapter_16_runtime_gameplay_foundation_systems/atomic/16.09.02_programming_language_characteristics.md,6393,6393
16.9.3,Some Common Game Scripting Languages,3,4,16,1157,1161,1161,part_04_gameplay/chapter_16_runtime_gameplay_foundation_systems/hierarchical/16.09.03_some_common_game_scripting_languages.md,part_04_gameplay/chapter_16_runtime_gameplay_foundation_systems/atomic/16.09.03_some_common_game_scripting_languages.md,11078,11078
16.9.4,Architectures for Scripting,3,4,16,1161,1162,1162,part_04_gameplay/chapter_16_runtime_gameplay_foundation_systems/hierarchical/16.09.04_architectures_for_scripting.md,part_04_gameplay/chapter_16_runtime_gameplay_foundation_systems/atomic/16.09.04_architectures_for_scripting.md,3801,3801
16.9.5,Features of a Runtime Game Scripting Language,3,4,16,1162,1176,1176,part_04_gameplay/chapter_16_runtime_gameplay_foundation_systems/hierarchical/16.09.05_features_of_a_runtime_game_scripting_language.md,part_04_gameplay/chapter_16_runtime_gameplay_foundation_systems/atomic/16.09.05_features_of_a_runtime_game_scripting_language.md,29622,29622
16.10,High-Level Game Flow,2,4,16,1176,1179,1179,part_04_gameplay/chapter_16_runtime_gameplay_foundation_systems/hierarchical/16.10_high_level_game_flow.md,part_04_gameplay/chapter_16_runtime_gameplay_foundation_systems/atomic/16.10_high_level_game_flow.md,2877,2877
17,You Mean There’s More?,1,5,17,1180,1185,1180,part_05_conclusion/chapter_17_you_mean_theres_more/hierarchical/17_you_mean_theres_more.md,part_05_conclusion/chapter_17_you_mean_theres_more/atomic/17_you_mean_theres_more.md,9448,1198
17.1,Some Engine Systems We Didn’t Cover,2,5,17,1180,1181,1180,part_05_conclusion/chapter_17_you_mean_theres_more/hierarchical/17.01_some_engine_systems_we_didnt_cover.md,part_05_conclusion/chapter_17_you_mean_theres_more/atomic/17.01_some_engine_systems_we_didnt_cover.md,1564,199
17.1.1,Movie Player,3,5,17,1180,1181,1181,part_05_conclusion/chapter_17_you_mean_theres_more/hierarchical/17.01.01_movie_player.md,part_05_conclusion/chapter_17_you_mean_theres_more/atomic/17.01.01_movie_player.md,1213,1213
17.1.2,Multiplayer Networking,3,5,17,1181,1181,1181,part_05_conclusion/chapter_17_you_mean_theres_more/hierarchical/17.01.02_multiplayer_networking.md,part_05_conclusion/chapter_17_you_mean_theres_more/atomic/17.01.02_multiplayer_networking.md,456,456
17.2,Gameplay Systems,2,5,17,1181,1185,1181,part_05_conclusion/chapter_17_you_mean_theres_more/hierarchical/17.02_gameplay_systems.md,part_05_conclusion/chapter_17_you_mean_theres_more/atomic/17.02_gameplay_systems.md,6984,519
17.2.1,Player Mechanics,3,5,17,1181,1182,1182,part_05_conclusion/chapter_17_you_mean_theres_more/hierarchical/17.02.01_player_mechanics.md,part_05_conclusion/chapter_17_you_mean_theres_more/atomic/17.02.01_player_mechanics.md,1233,1233
17.2.2,Cameras,3,5,17,1182,1182,1182,part_05_conclusion/chapter_17_you_mean_theres_more/hierarchical/17.02.02_cameras.md,part_05_conclusion/chapter_17_you_mean_theres_more/atomic/17.02.02_cameras.md,2370,2370
17.2.3,Artificial Intelligence,3,5,17,1183,1183,1183,part_05_conclusion/chapter_17_you_mean_theres_more/hierarchical/17.02.03_artificial_intelligence.md,part_05_conclusion/chapter_17_you_mean_theres_more/atomic/17.02.03_artificial_intelligence.md,2384,2384
17.2.4,Other Gameplay Systems,3,5,17,1183,1185,1185,part_05_conclusion/chapter_17_you_mean_theres_more/hierarchical/17.02.04_other_gameplay_systems.md,part_05_conclusion/chapter_17_you_mean_theres_more/atomic/17.02.04_other_gameplay_systems.md,1053,1053
