# Fluffy.052 -- imported by tools/import_asset_pack.py from Fluffy.fbx
o __pending__
v -0.079587 0.104635 0.068471
v -0.153922 0.085686 0.032346
v -0.130739 0.050736 0.055508
v -0.079587 0.104635 0.068471
v -0.033159 0.162911 0.028001
v -0.102770 0.139584 0.045309
v 0.091676 0.078697 -0.136729
v 0.036645 0.061697 -0.202041
v 0.021420 0.107417 -0.144197
v 0.069966 0.121762 -0.048496
v 0.091676 0.078697 -0.136729
v 0.021420 0.107417 -0.144197
v -0.000289 0.134964 -0.051928
v -0.035418 0.069831 -0.195877
v -0.096988 0.071019 -0.139849
v -0.057127 0.112897 -0.107642
v -0.113965 0.093042 -0.041027
v -0.096988 0.101185 0.061404
v -0.057127 0.130628 0.010651
v -0.035418 0.116253 0.113822
v 0.036645 0.110507 0.123596
v 0.021420 0.136107 0.047206
v 0.091676 0.107387 0.054675
v 0.119237 0.086101 -0.039222
v 0.078259 0.023360 -0.183794
v 0.126804 0.037705 -0.088090
v 0.119237 0.086101 -0.039222
v -0.078838 0.023360 -0.183794
v -0.096988 0.071019 -0.139849
v -0.035418 0.069831 -0.195877
v -0.000289 0.017881 -0.220349
v 0.036645 0.061697 -0.202041
v -0.127383 0.055436 0.030203
v -0.096988 0.101185 0.061404
v -0.113965 0.093042 -0.041027
v -0.127383 0.037705 -0.088090
v -0.096988 0.071019 -0.139849
v -0.000289 0.075261 0.162462
v -0.078838 0.069782 0.125907
v 0.126804 0.055436 0.030203
v 0.091676 0.107387 0.054675
v 0.078259 0.069782 0.125907
v 0.126804 0.055436 0.030203
v 0.091676 0.107387 0.054675
v 0.078259 0.069782 0.125907
v 0.034839 0.024702 -0.171709
v -0.037224 0.030448 -0.181483
v -0.000289 0.017881 -0.220349
v 0.078259 0.023360 -0.183794
v -0.000289 0.017881 -0.220349
v -0.092255 0.033567 -0.112561
v -0.119815 0.007040 -0.018664
v -0.127383 0.037705 -0.088090
v -0.078838 0.023360 -0.183794
v -0.078838 0.023360 -0.183794
v -0.092255 0.014444 0.078843
v -0.037224 0.031445 0.144155
v -0.078838 0.069782 0.125907
v 0.034839 0.023310 0.137990
v 0.096409 0.022123 0.081963
v -0.000289 0.075261 0.162462
v 0.036645 0.110507 0.123596
v 0.113386 0.047912 -0.016859
v 0.096409 0.039770 -0.119291
v 0.126804 0.037705 -0.088090
v 0.126804 0.055436 0.030203
v -0.021999 0.004847 -0.105093
v 0.056548 0.010326 -0.068537
v -0.070545 0.019192 -0.009391
v -0.021999 0.033537 0.086311
v -0.037224 0.031445 0.144155
v -0.092255 0.014444 0.078843
v 0.056548 0.028058 0.049755
v -0.000289 0.005991 -0.005958
v 0.096409 0.022123 0.081963
v 0.034839 0.023310 0.137990
v 0.036645 0.061697 -0.202041
v -0.119815 0.007040 -0.018664
v -0.037224 0.031445 0.144155
v -0.078838 0.069782 0.125907
v -0.033352 -0.026418 0.132212
v -0.010506 -0.038004 0.168403
v -0.043568 -0.028052 0.174986
v -0.017671 -0.033773 0.201959
v -0.000289 -0.030992 0.129186
v 0.026458 -0.033579 0.154579
v 0.016242 -0.035213 0.197354
v 0.026458 -0.019257 0.109844
v -0.010506 -0.014831 0.096020
v 0.016242 0.002282 0.080235
v -0.017671 0.005652 0.078812
v -0.043568 -0.004879 0.102603
v 0.016242 0.002282 0.080235
v -0.017671 0.005652 0.078812
v -0.000289 0.022811 0.077062
v -0.037254 0.018385 0.090887
v -0.043568 -0.004879 0.102603
v -0.016821 0.034489 0.101539
v -0.037254 0.018385 0.090887
v -0.045796 0.025519 0.120453
v -0.016821 0.034489 0.101539
v -0.060100 0.006799 0.127079
v -0.037254 0.018385 0.090887
v -0.060100 0.006799 0.127079
v -0.045796 0.025519 0.120453
v -0.027037 0.032854 0.144314
v -0.053785 0.015741 0.160098
v -0.053785 0.015741 0.160098
v -0.034050 0.034732 0.204807
v -0.045796 0.001154 0.196561
v -0.034050 0.034732 0.204807
v -0.060100 -0.007523 0.171814
v -0.037254 -0.019110 0.208006
v -0.016821 -0.003006 0.218658
v -0.017671 -0.033773 0.201959
v -0.000289 -0.023535 0.221830
v -0.037254 -0.019110 0.208006
v -0.016821 -0.003006 0.218658
v -0.043568 -0.028052 0.174986
v -0.037254 -0.019110 0.208006
v 0.017092 -0.006376 0.220081
v -0.000289 -0.023535 0.221830
v 0.016242 -0.035213 0.197354
v 0.036675 -0.019110 0.208006
v 0.002914 0.030306 0.218631
v 0.035976 0.020354 0.212048
v 0.002914 0.030306 0.218631
v 0.035976 0.020354 0.212048
v 0.025760 0.041893 0.182439
v 0.055959 0.013336 0.158507
v 0.059521 -0.007523 0.171814
v 0.059521 -0.007523 0.171814
v 0.055959 0.013336 0.158507
v 0.035976 0.020354 0.212048
v 0.059521 0.006799 0.127079
v 0.042990 0.027328 0.123906
v 0.042990 0.027328 0.123906
v 0.045217 -0.001878 0.102331
v 0.036675 0.018385 0.090887
v 0.053206 -0.016465 0.138795
v 0.053206 -0.016465 0.138795
v 0.045217 -0.001878 0.102331
v 0.016242 0.002282 0.080235
v 0.045217 -0.026243 0.178439
v 0.059521 -0.007523 0.171814
v 0.036675 -0.019110 0.208006
v 0.045217 -0.026243 0.178439
v 0.036675 0.018385 0.090887
v 0.017092 0.033049 0.096934
v -0.000289 0.022811 0.077062
v 0.017092 0.033049 0.096934
v 0.009927 0.037280 0.130490
v -0.000289 0.022811 0.077062
v -0.007303 0.046467 0.185465
v -0.034050 0.034732 0.204807
v -0.056538 -0.014060 0.140385
v -0.056538 -0.014060 0.140385
v -0.043568 -0.004879 0.102603
v 0.258816 -0.012354 0.061707
v 0.210415 -0.012354 0.095453
v 0.210415 -0.012354 0.061707
v 0.210415 0.021391 0.095453
v 0.210415 -0.012354 0.061707
v 0.210415 -0.012354 0.095453
v 0.245155 0.012534 0.095453
v 0.210415 -0.012354 0.095453
v 0.258816 -0.012354 0.095453
v 0.279690 -0.006288 0.083646
v 0.295713 -0.026994 0.079971
v 0.295713 -0.026994 0.077190
v 0.258816 -0.012354 0.095453
v 0.245155 0.012534 0.061707
v 0.210415 0.021391 0.095453
v 0.245155 0.012534 0.095453
v 0.279690 -0.006288 0.083646
v 0.279690 -0.006288 0.073514
v 0.258816 -0.012354 0.061707
v 0.279690 -0.006288 0.073514
v 0.295713 -0.026994 0.077190
v 0.210415 -0.012354 0.061707
v 0.245155 0.012534 0.061707
v 0.258816 -0.012354 0.061707
v 0.295713 -0.026994 0.079971
v 0.212961 0.004518 0.056956
v 0.157339 -0.014209 0.089392
v 0.157339 0.004518 0.056956
v 0.157339 0.023245 0.089392
v 0.212961 0.004518 0.056956
v 0.157339 0.004518 0.056956
v 0.212961 -0.014209 0.089392
v 0.212961 0.004518 0.056956
v 0.212961 0.023245 0.089392
v 0.212961 -0.014209 0.089392
v 0.157339 0.023245 0.089392
v 0.157339 -0.014209 0.089392
v 0.157339 0.004518 0.056956
v 0.157339 -0.014209 0.089392
v 0.157339 0.023245 0.089392
v 0.061599 0.004518 0.047901
v 0.061599 -0.022051 0.093920
v 0.061599 0.031087 0.093920
v 0.164723 0.004518 0.047901
v 0.061599 -0.022051 0.093920
v 0.061599 0.004518 0.047901
v 0.061599 0.031087 0.093920
v 0.164723 0.004518 0.047901
v 0.061599 0.004518 0.047901
v 0.164723 -0.022051 0.093920
v 0.061599 0.031087 0.093920
v 0.061599 -0.022051 0.093920
v 0.164723 -0.022051 0.093920
v 0.164723 0.004518 0.047901
v 0.164723 0.031087 0.093920
v 0.252002 -0.020675 0.205257
v 0.197809 -0.020675 0.219662
v 0.205747 -0.020675 0.187413
v 0.197809 0.013070 0.219662
v 0.205747 -0.020675 0.187413
v 0.197809 -0.020675 0.219662
v 0.231009 0.004213 0.232470
v 0.197809 -0.020675 0.219662
v 0.244064 -0.020675 0.237506
v 0.266790 -0.014608 0.233919
v 0.282967 -0.035314 0.236313
v 0.283622 -0.035315 0.233655
v 0.244064 -0.020675 0.237506
v 0.238947 0.004213 0.200220
v 0.197809 0.013070 0.219662
v 0.231009 0.004213 0.232470
v 0.269174 -0.014608 0.224235
v 0.266790 -0.014608 0.233919
v 0.252002 -0.020675 0.205257
v 0.269174 -0.014608 0.224235
v 0.283622 -0.035315 0.233655
v 0.205747 -0.020675 0.187413
v 0.238947 0.004213 0.200220
v 0.283622 -0.035315 0.233655
v 0.282967 -0.035314 0.236313
v 0.209298 -0.003802 0.183811
v 0.148095 -0.022529 0.182312
v 0.157647 -0.003802 0.151315
v 0.148095 0.014925 0.182312
v 0.209298 -0.003802 0.183811
v 0.157647 -0.003802 0.151315
v 0.201668 -0.022529 0.214809
v 0.209298 -0.003802 0.183811
v 0.201668 0.014925 0.214809
v 0.201668 -0.022529 0.214809
v 0.148095 0.014925 0.182312
v 0.148095 -0.022529 0.182312
v 0.157647 -0.003802 0.151315
v 0.148095 -0.022529 0.182312
v 0.148095 0.014925 0.182312
v 0.065187 -0.003802 0.126251
v 0.057082 -0.019693 0.152554
v 0.057082 0.012088 0.152554
v 0.163739 -0.003802 0.156619
v 0.057082 -0.019693 0.152554
v 0.065187 -0.003802 0.126251
v 0.057082 0.012088 0.152554
v 0.163739 -0.003802 0.156619
v 0.065187 -0.003802 0.126251
v 0.057082 -0.019693 0.152554
v 0.155634 0.012088 0.182922
v 0.057082 0.012088 0.152554
v 0.155634 -0.019693 0.182922
v 0.163739 -0.003802 0.156619
v 0.196718 -0.020675 -0.075002
v 0.251471 -0.020675 -0.064426
v 0.206088 -0.020675 -0.043362
v 0.206088 -0.020675 -0.043362
v 0.196718 0.013070 -0.075002
v 0.196718 -0.020675 -0.075002
v 0.238662 0.004213 -0.058481
v 0.206088 -0.020675 -0.043362
v 0.251471 -0.020675 -0.064426
v 0.267765 -0.014608 -0.084581
v 0.281768 -0.035315 -0.095001
v 0.242100 -0.020675 -0.096067
v 0.281768 -0.035315 -0.095001
v 0.196718 0.013070 -0.075002
v 0.238662 0.004213 -0.058481
v 0.229292 0.004213 -0.090122
v 0.267765 -0.014608 -0.084581
v 0.264952 -0.014608 -0.094082
v 0.242100 -0.020675 -0.096067
v 0.264952 -0.014608 -0.094082
v 0.280996 -0.035315 -0.097609
v 0.196718 -0.020675 -0.075002
v 0.229292 0.004213 -0.090122
v 0.264952 -0.014608 -0.094082
v 0.281768 -0.035315 -0.095001
v 0.280996 -0.035315 -0.097609
v 0.145224 -0.003802 -0.042203
v 0.206792 -0.022529 -0.050152
v 0.156500 -0.022529 -0.011790
v 0.206792 0.014925 -0.050152
v 0.145224 -0.003802 -0.042203
v 0.156500 0.014925 -0.011790
v 0.206792 -0.022529 -0.050152
v 0.197786 -0.003802 -0.080565
v 0.206792 0.014925 -0.050152
v 0.156500 -0.022529 -0.011790
v 0.206792 0.014925 -0.050152
v 0.156500 0.014925 -0.011790
v 0.145224 -0.003802 -0.042203
v 0.156500 -0.022529 -0.011790
v 0.156500 0.014925 -0.011790
v 0.056594 -0.003802 -0.005849
v 0.066162 -0.019693 0.019957
v 0.066162 0.012088 0.019957
v 0.153286 -0.003802 -0.041699
v 0.066162 -0.019693 0.019957
v 0.056594 -0.003802 -0.005849
v 0.066162 0.012088 0.019957
v 0.153286 -0.003802 -0.041699
v 0.056594 -0.003802 -0.005849
v 0.066162 -0.019693 0.019957
v 0.162854 0.012088 -0.015893
v 0.066162 0.012088 0.019957
v 0.162854 -0.019693 -0.015893
v 0.153286 -0.003802 -0.041699
v 0.162854 0.012088 -0.015893
v -0.218988 -0.012354 0.095453
v -0.267389 -0.012354 0.061707
v -0.218988 -0.012354 0.061707
v -0.218988 -0.012354 0.061707
v -0.218988 0.021391 0.095453
v -0.218988 -0.012354 0.095453
v -0.218988 -0.012354 0.095453
v -0.253729 0.012534 0.095453
v -0.267389 -0.012354 0.095453
v -0.288264 -0.006288 0.083646
v -0.304287 -0.026994 0.079971
v -0.267389 -0.012354 0.095453
v -0.304287 -0.026994 0.077190
v -0.253729 0.012534 0.095453
v -0.218988 0.021391 0.061707
v -0.253728 0.012534 0.061707
v -0.288264 -0.006288 0.073514
v -0.267389 -0.012354 0.061707
v -0.288264 -0.006288 0.073514
v -0.253728 0.012534 0.061707
v -0.218988 -0.012354 0.061707
v -0.218988 0.021391 0.061707
v -0.304287 -0.026994 0.079971
v -0.288264 -0.006288 0.073514
v -0.304287 -0.026994 0.077190
v -0.165913 -0.014209 0.089392
v -0.221534 0.004518 0.056956
v -0.165913 0.004518 0.056956
v -0.165913 0.023245 0.089392
v -0.221534 0.004518 0.056956
v -0.221534 0.023245 0.089392
v -0.221534 -0.014209 0.089392
v -0.221534 0.023245 0.089392
v -0.221534 0.004518 0.056956
v -0.165913 0.023245 0.089392
v -0.221534 -0.014209 0.089392
v -0.165913 -0.014209 0.089392
v -0.165913 0.004518 0.056956
v -0.165913 0.023245 0.089392
v -0.165913 -0.014209 0.089392
v -0.070172 0.004518 0.047901
v -0.070172 0.031087 0.093920
v -0.070172 -0.022051 0.093920
v -0.070172 -0.022051 0.093920
v -0.173296 0.004518 0.047901
v -0.070172 0.004518 0.047901
v -0.070172 0.031087 0.093920
v -0.173296 0.004518 0.047901
v -0.173296 0.031087 0.093920
v -0.070172 0.031087 0.093920
v -0.173296 -0.022051 0.093920
v -0.070172 -0.022051 0.093920
v -0.173296 -0.022051 0.093920
v -0.173296 0.031087 0.093920
v -0.173296 0.004518 0.047901
v -0.206383 -0.020675 0.219662
v -0.260575 -0.020675 0.205257
v -0.214320 -0.020675 0.187413
v -0.214320 -0.020675 0.187413
v -0.206383 0.013070 0.219662
v -0.206383 -0.020675 0.219662
v -0.206383 -0.020675 0.219662
v -0.239583 0.004213 0.232470
v -0.252638 -0.020675 0.237506
v -0.275364 -0.014608 0.233919
v -0.291541 -0.035315 0.236313
v -0.252638 -0.020675 0.237506
v -0.292195 -0.035315 0.233655
v -0.247520 0.004213 0.200221
v -0.206383 0.013070 0.219662
v -0.214320 0.013070 0.187413
v -0.277747 -0.014608 0.224235
v -0.239583 0.004213 0.232470
v -0.260575 -0.020675 0.205257
v -0.277747 -0.014608 0.224235
v -0.247520 0.004213 0.200221
v -0.214320 -0.020675 0.187413
v -0.214320 0.013070 0.187413
v -0.292195 -0.035315 0.233655
v -0.275364 -0.014608 0.233919
v -0.277747 -0.014608 0.224235
v -0.156668 -0.022529 0.182312
v -0.217871 -0.003802 0.183811
v -0.166220 -0.003802 0.151315
v -0.156668 0.014925 0.182312
v -0.217871 -0.003802 0.183811
v -0.210241 0.014925 0.214809
v -0.210241 -0.022529 0.214809
v -0.210241 0.014925 0.214809
v -0.217871 -0.003802 0.183811
v -0.156668 0.014925 0.182312
v -0.210241 -0.022529 0.214809
v -0.156668 -0.022529 0.182312
v -0.166220 -0.003802 0.151315
v -0.156668 0.014925 0.182312
v -0.156668 -0.022529 0.182312
v -0.073760 -0.003802 0.126251
v -0.065655 0.012088 0.152554
v -0.065655 -0.019693 0.152554
v -0.065655 -0.019693 0.152554
v -0.172312 -0.003802 0.156619
v -0.073760 -0.003802 0.126251
v -0.065655 0.012088 0.152554
v -0.172312 -0.003802 0.156619
v -0.164207 0.012088 0.182922
v -0.065655 -0.019693 0.152554
v -0.164207 0.012088 0.182922
v -0.164207 -0.019693 0.182922
v -0.164207 -0.019693 0.182922
v -0.164207 0.012088 0.182922
v -0.172312 -0.003802 0.156619
v -0.205291 -0.020675 -0.075002
v -0.260044 -0.020675 -0.064426
v -0.250674 -0.020675 -0.096067
v -0.214662 -0.020675 -0.043362
v -0.205291 0.013070 -0.075002
v -0.214662 0.013070 -0.043362
v -0.247236 0.004213 -0.058481
v -0.260044 -0.020675 -0.064426
v -0.260044 -0.020675 -0.064426
v -0.276339 -0.014608 -0.084581
v -0.290341 -0.035315 -0.095001
v -0.290341 -0.035315 -0.095001
v -0.289569 -0.035315 -0.097609
v -0.247236 0.004213 -0.058481
v -0.205291 0.013070 -0.075002
v -0.237865 0.004213 -0.090122
v -0.276339 -0.014608 -0.084581
v -0.273525 -0.014608 -0.094082
v -0.250674 -0.020675 -0.096067
v -0.273525 -0.014608 -0.094082
v -0.237865 0.004213 -0.090122
v -0.205291 -0.020675 -0.075002
v -0.237865 0.004213 -0.090122
v -0.205291 0.013070 -0.075002
v -0.273525 -0.014608 -0.094082
v -0.289569 -0.035315 -0.097609
v -0.153797 -0.003802 -0.042203
v -0.215366 -0.022529 -0.050152
v -0.206359 -0.003802 -0.080565
v -0.153797 -0.003802 -0.042203
v -0.215366 0.014925 -0.050152
v -0.165073 0.014925 -0.011790
v -0.215366 -0.022529 -0.050152
v -0.215366 0.014925 -0.050152
v -0.206359 -0.003802 -0.080565
v -0.165073 -0.022529 -0.011790
v -0.153797 -0.003802 -0.042203
v -0.165073 0.014925 -0.011790
v -0.165073 -0.022529 -0.011790
v -0.065167 -0.003802 -0.005849
v -0.074735 0.012088 0.019957
v -0.074735 -0.019693 0.019957
v -0.074735 -0.019693 0.019957
v -0.161859 -0.003802 -0.041699
v -0.065167 -0.003802 -0.005849
v -0.074735 0.012088 0.019957
v -0.161859 -0.003802 -0.041699
v -0.171427 0.012088 -0.015893
v -0.171427 0.012088 -0.015893
v -0.171427 -0.019693 -0.015893
v -0.171427 -0.019693 -0.015893
v -0.171427 0.012088 -0.015893
v -0.161859 -0.003802 -0.041699
v -0.106043 -0.020019 0.284949
v -0.143497 -0.020019 0.305416
v -0.123609 -0.020019 0.273873
v -0.123609 -0.020019 0.273873
v -0.103503 -0.023021 0.286551
v -0.106043 -0.020019 0.284949
v -0.103503 0.003750 0.286551
v -0.106043 0.000748 0.284949
v -0.120318 -0.004703 0.307589
v -0.125931 -0.020019 0.316492
v -0.126149 -0.023021 0.272272
v -0.077348 -0.023021 0.245068
v -0.103503 -0.023021 0.286551
v -0.077348 0.003750 0.245068
v -0.097454 -0.020019 0.232391
v -0.077348 -0.023021 0.245068
v -0.099993 -0.023021 0.230789
v -0.079888 0.000748 0.243467
v -0.079888 -0.020019 0.243467
v -0.097454 0.000748 0.232391
v -0.077348 0.003750 0.245068
v -0.126149 0.003750 0.272272
v -0.077348 0.003750 0.245068
v -0.099993 0.003750 0.230789
v -0.099993 0.003750 0.230789
v -0.126149 0.003750 0.272272
v -0.099993 -0.023021 0.230789
v -0.126149 -0.023021 0.272272
v -0.079888 0.000748 0.243467
v -0.103544 0.007948 0.228551
v -0.097454 0.000748 0.232391
v -0.097454 -0.020019 0.232391
v -0.103544 -0.027219 0.228551
v -0.103544 0.007948 0.228551
v -0.022576 0.007948 0.166070
v -0.052323 0.007948 0.147314
v -0.103544 -0.027219 0.228551
v -0.052323 0.007948 0.147314
v -0.052323 -0.027219 0.147314
v -0.028666 0.000748 0.162230
v -0.052323 0.007948 0.147314
v -0.022576 0.007948 0.166070
v -0.046232 -0.020019 0.151154
v -0.046232 0.000748 0.151154
v -0.028666 -0.020019 0.162230
v -0.022576 -0.027219 0.166070
v -0.052323 -0.027219 0.147314
v -0.073797 -0.027219 0.247307
v -0.052323 -0.027219 0.147314
v -0.022576 -0.027219 0.166070
v -0.073797 -0.027219 0.247307
v -0.022576 0.007948 0.166070
v -0.073797 0.007948 0.247307
v -0.079888 -0.020019 0.243467
v -0.123609 0.000748 0.273873
v -0.126149 0.003750 0.272272
v -0.126149 -0.023021 0.272272
v -0.120318 -0.004703 0.307589
v -0.123609 0.000748 0.273873
v -0.137884 -0.004703 0.296514
v -0.123609 -0.020019 0.273873
v -0.137884 -0.004703 0.296514
v -0.123609 0.000748 0.273873
v -0.145929 -0.016285 0.322895
v -0.143497 -0.020019 0.305416
v -0.145929 -0.016285 0.322895
v -0.149152 -0.029027 0.335456
v -0.150600 -0.029028 0.334543
v -0.149152 -0.029027 0.335456
v -0.150600 -0.029028 0.334543
v -0.140655 -0.016285 0.326221
v -0.149152 -0.029027 0.335456
v 0.108490 -0.020019 0.284949
v 0.128596 -0.023021 0.272272
v 0.126056 -0.020019 0.273873
v 0.126056 -0.020019 0.273873
v 0.128379 -0.020019 0.316492
v 0.108490 -0.020019 0.284949
v 0.108490 0.000748 0.284949
v 0.105950 -0.023021 0.286551
v 0.122765 -0.004703 0.307589
v 0.108490 -0.020019 0.284949
v 0.128379 -0.020019 0.316492
v 0.128596 -0.023021 0.272272
v 0.079795 -0.023021 0.245068
v 0.102441 -0.023021 0.230789
v 0.105950 0.003750 0.286551
v 0.079795 -0.023021 0.245068
v 0.105950 -0.023021 0.286551
v 0.099901 -0.020019 0.232391
v 0.079795 -0.023021 0.245068
v 0.082335 -0.020019 0.243467
v 0.079795 0.003750 0.245068
v 0.082335 0.000748 0.243467
v 0.082335 -0.020019 0.243467
v 0.105991 -0.027219 0.228551
v 0.099901 -0.020019 0.232391
v 0.082335 0.000748 0.243467
v 0.076244 -0.027219 0.247307
v 0.076244 -0.027219 0.247307
v 0.054770 -0.027219 0.147314
v 0.105991 -0.027219 0.228551
v 0.076244 0.007948 0.247307
v 0.025023 -0.027219 0.166070
v 0.076244 -0.027219 0.247307
v 0.048679 -0.020019 0.151154
v 0.025023 -0.027219 0.166070
v 0.031113 -0.020019 0.162230
v 0.025023 0.007948 0.166070
v 0.031113 0.000748 0.162230
v 0.048679 0.000748 0.151154
v 0.054770 0.007948 0.147314
v 0.054770 -0.027219 0.147314
v 0.076244 0.007948 0.247307
v 0.054770 0.007948 0.147314
v 0.025023 0.007948 0.166070
v 0.105991 -0.027219 0.228551
v 0.054770 0.007948 0.147314
v 0.105991 0.007948 0.228551
v 0.105991 0.007948 0.228551
v 0.076244 0.007948 0.247307
v 0.099901 0.000748 0.232391
v 0.102441 0.003750 0.230789
v 0.099901 0.000748 0.232391
v 0.102441 -0.023021 0.230789
v 0.128596 0.003750 0.272272
v 0.079795 0.003750 0.245068
v 0.105950 0.003750 0.286551
v 0.128596 -0.023021 0.272272
v 0.102441 0.003750 0.230789
v 0.128596 0.003750 0.272272
v 0.126056 0.000748 0.273873
v 0.105950 0.003750 0.286551
v 0.128596 0.003750 0.272272
v 0.126056 0.000748 0.273873
v 0.122765 -0.004703 0.307589
v 0.140331 -0.004703 0.296514
v 0.126056 -0.020019 0.273873
v 0.140331 -0.004703 0.296514
v 0.145945 -0.020019 0.305416
v 0.143102 -0.016285 0.326221
v 0.148376 -0.016285 0.322895
v 0.148376 -0.016285 0.322895
v 0.153047 -0.029028 0.334543
v 0.145945 -0.020019 0.305416
v 0.151599 -0.029028 0.335456
v 0.151599 -0.029028 0.335456
v 0.153047 -0.029028 0.334543
v 0.143102 -0.016285 0.326221
v 0.151599 -0.029028 0.335456
v -0.051558 -0.036078 0.102348
v -0.016232 -0.042712 0.141080
v -0.071371 -0.022383 0.145290
v -0.028412 -0.019508 0.173347
v -0.000241 -0.043519 0.102134
v 0.041507 -0.040496 0.126238
v 0.026295 -0.024784 0.169379
v -0.016232 -0.042712 0.141080
v 0.026295 -0.024784 0.169379
v -0.028412 -0.019508 0.173347
v 0.040686 -0.030812 0.079386
v -0.015791 -0.027328 0.065854
v 0.025214 -0.003105 0.041938
v -0.027256 0.002438 0.038506
v -0.068979 -0.008463 0.063379
v 0.025214 -0.003105 0.041938
v -0.027256 0.002438 0.038506
v -0.000355 0.035993 0.025780
v -0.060330 0.033806 0.038778
v -0.068979 -0.008463 0.063379
v -0.026874 0.073433 0.042293
v -0.075494 0.065935 0.063644
v -0.102581 0.028424 0.078665
v -0.026874 0.073433 0.042293
v -0.075494 0.065935 0.063644
v -0.042086 0.089146 0.085434
v -0.088414 0.065177 0.108530
v -0.102581 0.028424 0.078665
v -0.088414 0.065177 0.108530
v -0.075494 0.065935 0.063644
v -0.041265 0.079461 0.132286
v -0.073058 0.051772 0.150551
v -0.102507 0.020543 0.133185
v -0.073058 0.051772 0.150551
v -0.060512 0.014553 0.172799
v -0.025793 0.051754 0.169734
v -0.060512 0.014553 0.172799
v -0.025793 0.051754 0.169734
v -0.073058 0.051772 0.150551
v -0.000224 0.012657 0.185892
v -0.071371 -0.022383 0.145290
v -0.071371 -0.022383 0.145290
v 0.026677 0.046211 0.173166
v 0.059752 0.014843 0.172893
v 0.026677 0.046211 0.173166
v 0.015213 0.075977 0.145818
v 0.068401 0.057112 0.148293
v 0.068401 0.057112 0.148293
v 0.050979 0.084727 0.109324
v 0.093207 0.060048 0.108261
v 0.102002 0.020225 0.133007
v 0.093207 0.060048 0.108261
v 0.102002 0.020225 0.133007
v 0.101928 0.028107 0.078487
v 0.093207 0.060048 0.108261
v 0.070792 0.071033 0.066382
v 0.070792 0.071033 0.066382
v 0.072479 -0.003122 0.061121
v 0.059933 0.034097 0.038872
v 0.087835 -0.016528 0.103142
v 0.087835 -0.016528 0.103142
v 0.072479 -0.003122 0.061121
v 0.025214 -0.003105 0.041938
v 0.074915 -0.017286 0.148028
v 0.087835 -0.016528 0.103142
v 0.074915 -0.017286 0.148028
v 0.027833 0.068158 0.038325
v 0.059933 0.034097 0.038872
v -0.000355 0.035993 0.025780
v 0.027833 0.068158 0.038325
v 0.015653 0.091361 0.070592
v 0.027833 0.068158 0.038325
v -0.000338 0.092168 0.109538
v -0.093785 -0.011398 0.103411
v -0.093785 -0.011398 0.103411
v -0.093785 -0.011398 0.103411
v -0.020304 -0.029999 0.185669
v -0.006708 -0.035484 0.202799
v -0.026384 -0.030773 0.205915
v -0.010972 -0.033481 0.218682
v -0.000627 -0.032165 0.184236
v 0.015291 -0.033389 0.196256
v 0.009211 -0.034162 0.216503
v 0.015291 -0.026610 0.175081
v -0.006708 -0.024515 0.168538
v 0.009211 -0.016415 0.161066
v -0.010972 -0.014820 0.160393
v -0.026384 -0.019804 0.171654
v 0.009211 -0.016415 0.161066
v -0.010972 -0.014820 0.160393
v -0.000627 -0.006698 0.159565
v -0.022626 -0.008792 0.166108
v -0.026384 -0.019804 0.171654
v -0.010466 -0.001170 0.171150
v -0.022626 -0.008792 0.166108
v -0.027710 -0.005416 0.180103
v -0.010466 -0.001170 0.171150
v -0.036223 -0.014277 0.183239
v -0.022626 -0.008792 0.166108
v -0.036223 -0.014277 0.183239
v -0.027710 -0.005416 0.180103
v -0.016546 -0.001944 0.191397
v -0.032465 -0.010044 0.198868
v -0.032465 -0.010044 0.198868
v -0.020720 -0.001055 0.220031
v -0.027710 -0.016949 0.216128
v -0.020720 -0.001055 0.220031
v -0.036223 -0.021056 0.204414
v -0.022626 -0.026540 0.221545
v -0.027710 -0.016949 0.216128
v -0.010466 -0.018918 0.226587
v -0.020720 -0.001055 0.220031
v -0.022626 -0.026540 0.221545
v -0.010972 -0.033481 0.218682
v -0.000627 -0.028635 0.228088
v -0.026384 -0.030773 0.205915
v -0.022626 -0.026540 0.221545
v 0.009717 -0.020513 0.227260
v -0.000627 -0.028635 0.228088
v 0.009211 -0.034162 0.216503
v 0.021372 -0.026540 0.221545
v 0.001279 -0.003150 0.226574
v 0.020956 -0.007861 0.223458
v 0.001279 -0.003150 0.226574
v 0.020956 -0.007861 0.223458
v 0.014875 0.002334 0.209443
v 0.032848 -0.011182 0.198115
v 0.034968 -0.021056 0.204414
v 0.032848 -0.011182 0.198115
v 0.034968 -0.021056 0.204414
v 0.034968 -0.014277 0.183239
v 0.032848 -0.011182 0.198115
v 0.025130 -0.004560 0.181737
v 0.034968 -0.014277 0.183239
v 0.026455 -0.018384 0.171525
v 0.021372 -0.008792 0.166108
v 0.025130 -0.004560 0.181737
v 0.031210 -0.025289 0.188785
v 0.031210 -0.025289 0.188785
v 0.026455 -0.018384 0.171525
v 0.009211 -0.016415 0.161066
v 0.026455 -0.029917 0.207550
v 0.034968 -0.021056 0.204414
v 0.021372 -0.026540 0.221545
v 0.026455 -0.029917 0.207550
v 0.021372 -0.008792 0.166108
v 0.009717 -0.001852 0.168970
v -0.000627 -0.006698 0.159565
v 0.009717 -0.001852 0.168970
v 0.005453 0.000151 0.184854
v -0.000627 -0.006698 0.159565
v -0.004801 0.004500 0.210875
v -0.034103 -0.024150 0.189538
v -0.034103 -0.024150 0.189538
v -0.026384 -0.019804 0.171654
v 0.022476 -0.025074 0.161115
v 0.022087 -0.031561 0.180276
v 0.011469 -0.021810 0.178316
v 0.014772 -0.026733 0.193984
v 0.033499 -0.032287 0.164719
v 0.037945 -0.036066 0.179871
v 0.026938 -0.032802 0.197073
v 0.048135 -0.032363 0.160460
v 0.038574 -0.025570 0.148868
v 0.053614 -0.023107 0.146254
v 0.042822 -0.016540 0.140549
v 0.027955 -0.015819 0.146908
v 0.038574 -0.025570 0.148868
v 0.027955 -0.015819 0.146908
v 0.042822 -0.016540 0.140549
v 0.053614 -0.023107 0.146254
v 0.042822 -0.016540 0.140549
v 0.052291 -0.011834 0.142678
v 0.036433 -0.007329 0.143082
v 0.052291 -0.011834 0.142678
v 0.036433 -0.007329 0.143082
v 0.044670 -0.002849 0.151099
v 0.036433 -0.007329 0.143082
v 0.029856 -0.001254 0.154876
v 0.044670 -0.002849 0.151099
v 0.020334 -0.006834 0.155329
v 0.029856 -0.001254 0.154876
v 0.033663 0.000415 0.168301
v 0.018623 -0.002048 0.170915
v 0.020334 -0.006834 0.155329
v 0.021433 0.005716 0.193817
v 0.018623 -0.002048 0.170915
v 0.012521 -0.007554 0.187900
v 0.021433 0.005716 0.193817
v 0.020334 -0.006834 0.155329
v 0.010145 -0.010537 0.174740
v 0.009756 -0.017024 0.193902
v 0.017994 -0.012544 0.201918
v 0.014772 -0.026733 0.193984
v 0.019317 -0.023817 0.205494
v 0.011469 -0.021810 0.178316
v 0.019317 -0.023817 0.205494
v 0.028786 -0.019111 0.207623
v 0.017994 -0.012544 0.201918
v 0.019317 -0.023817 0.205494
v 0.026938 -0.032802 0.197073
v 0.035175 -0.028322 0.205089
v 0.030994 -0.001077 0.205410
v 0.041613 -0.010828 0.207369
v 0.030994 -0.001077 0.205410
v 0.041613 -0.010828 0.207369
v 0.047092 -0.001572 0.193163
v 0.056175 -0.019954 0.186787
v 0.047092 -0.001572 0.193163
v 0.051274 -0.028817 0.192842
v 0.061463 -0.025114 0.173431
v 0.060140 -0.013841 0.169856
v 0.059087 -0.028097 0.160271
v 0.061852 -0.018627 0.154270
v 0.061463 -0.025114 0.173431
v 0.060140 -0.013841 0.169856
v 0.052986 -0.033603 0.177257
v 0.052986 -0.033603 0.177257
v 0.059087 -0.028097 0.160271
v 0.061463 -0.025114 0.173431
v 0.041752 -0.034397 0.193295
v 0.051274 -0.028817 0.192842
v 0.035175 -0.028322 0.205089
v 0.041752 -0.034397 0.193295
v 0.056836 -0.008918 0.154188
v 0.060140 -0.013841 0.169856
v 0.056836 -0.008918 0.154188
v 0.049521 -0.004090 0.167896
v 0.036069 0.005640 0.189558
v 0.030994 -0.001077 0.205410
v 0.015434 -0.015697 0.161385
v 0.022476 -0.025074 0.161115
v 0.022476 -0.025074 0.161115
v 0.015434 -0.015697 0.161385
v -0.023040 -0.025074 0.161115
v -0.012033 -0.021810 0.178316
v -0.022651 -0.031561 0.180276
v -0.015337 -0.026733 0.193984
v -0.034063 -0.032287 0.164719
v -0.038509 -0.036066 0.179871
v -0.027502 -0.032802 0.197073
v -0.048699 -0.032363 0.160460
v -0.039138 -0.025570 0.148868
v -0.054178 -0.023107 0.146254
v -0.043386 -0.016540 0.140549
v -0.028520 -0.015819 0.146908
v -0.054178 -0.023107 0.146254
v -0.052855 -0.011834 0.142678
v -0.043386 -0.016540 0.140549
v -0.036997 -0.007329 0.143082
v -0.043386 -0.016540 0.140549
v -0.036997 -0.007329 0.143082
v -0.028520 -0.015819 0.146908
v -0.045234 -0.002849 0.151099
v -0.036997 -0.007329 0.143082
v -0.045234 -0.002849 0.151099
v -0.030420 -0.001254 0.154876
v -0.020899 -0.006834 0.155329
v -0.030420 -0.001254 0.154876
v -0.034227 0.000415 0.168301
v -0.019187 -0.002048 0.170915
v -0.020899 -0.006834 0.155329
v -0.021998 0.005716 0.193817
v -0.019187 -0.002048 0.170915
v -0.021998 0.005716 0.193817
v -0.013085 -0.007554 0.187900
v -0.019187 -0.002048 0.170915
v -0.010709 -0.010537 0.174740
v -0.010709 -0.010537 0.174740
v -0.019187 -0.002048 0.170915
v -0.013085 -0.007554 0.187900
v -0.013085 -0.007554 0.187900
v -0.010320 -0.017024 0.193902
v -0.013085 -0.007554 0.187900
v -0.021998 0.005716 0.193817
v -0.018558 -0.012544 0.201918
v -0.010320 -0.017024 0.193902
v -0.013085 -0.007554 0.187900
v -0.018558 -0.012544 0.201918
v -0.015337 -0.026733 0.193984
v -0.010320 -0.017024 0.193902
v -0.019881 -0.023817 0.205494
v -0.012033 -0.021810 0.178316
v -0.015337 -0.026733 0.193984
v -0.029351 -0.019111 0.207623
v -0.027502 -0.032802 0.197073
v -0.035739 -0.028322 0.205089
v -0.031558 -0.001077 0.205410
v -0.042177 -0.010828 0.207370
v -0.031558 -0.001077 0.205410
v -0.047656 -0.001572 0.193163
v -0.042177 -0.010828 0.207370
v -0.042177 -0.010828 0.207370
v -0.047656 -0.001572 0.193163
v -0.056739 -0.019954 0.186787
v -0.051838 -0.028817 0.192842
v -0.051838 -0.028817 0.192842
v -0.062027 -0.025114 0.173431
v -0.060704 -0.013841 0.169856
v -0.059651 -0.028097 0.160271
v -0.062416 -0.018627 0.154270
v -0.053550 -0.033603 0.177257
v -0.053550 -0.033603 0.177257
v -0.059651 -0.028097 0.160271
v -0.059651 -0.028097 0.160271
v -0.062416 -0.018627 0.154270
v -0.042316 -0.034397 0.193295
v -0.051838 -0.028817 0.192842
v -0.035739 -0.028322 0.205089
v -0.042316 -0.034397 0.193295
v -0.057400 -0.008918 0.154188
v -0.052855 -0.011834 0.142678
v -0.060704 -0.013841 0.169856
v -0.050085 -0.004090 0.167896
v -0.057400 -0.008918 0.154188
v -0.052855 -0.011834 0.142678
v -0.050085 -0.004090 0.167896
v -0.036633 0.005640 0.189559
v -0.015998 -0.015697 0.161385
v -0.023040 -0.025074 0.161115
v -0.036412 -0.061362 0.242483
v -0.033186 -0.073669 0.238917
v -0.034153 -0.060365 0.245521
v -0.034624 -0.043026 0.241293
v -0.031481 -0.041602 0.246821
v -0.030395 -0.061676 0.245452
v -0.033186 -0.073669 0.238917
v -0.032010 -0.074079 0.238895
v -0.025456 -0.044130 0.247437
v -0.034153 -0.060365 0.245521
v -0.020517 -0.035478 0.234304
v -0.031481 -0.041602 0.246821
v -0.025456 -0.044130 0.247437
v -0.028809 -0.031732 0.233003
v -0.020517 -0.035478 0.234304
v -0.023225 -0.047983 0.242476
v -0.017219 -0.041262 0.226891
v -0.029230 -0.063598 0.242942
v -0.026728 -0.049514 0.237016
v -0.029230 -0.063598 0.242942
v -0.031136 -0.064825 0.240134
v -0.017219 -0.041262 0.226891
v -0.026728 -0.049514 0.237016
v -0.022320 -0.043096 0.218778
v -0.032555 -0.046822 0.236606
v -0.029965 -0.038960 0.218256
v -0.026728 -0.049514 0.237016
v -0.035145 -0.063577 0.239837
v -0.032555 -0.046822 0.236606
v -0.032836 -0.033583 0.224984
v -0.032555 -0.046822 0.236606
v -0.035145 -0.063577 0.239837
v -0.033892 -0.073981 0.237967
v -0.031136 -0.064825 0.240134
v -0.033496 -0.074673 0.237139
v -0.033496 -0.074673 0.237139
v -0.032242 -0.075064 0.237232
v -0.031646 -0.074680 0.238110
v -0.031646 -0.074680 0.238110
v -0.032242 -0.075064 0.237232
v -0.031646 -0.074680 0.238110
v -0.024992 -0.030909 0.215494
v -0.032836 -0.033583 0.224984
v -0.027413 -0.026266 0.221434
v -0.019327 -0.034534 0.216497
v -0.029965 -0.038960 0.218256
v -0.024169 -0.025249 0.228378
v -0.024992 -0.030909 0.215494
v -0.028587 -0.025515 0.221226
v -0.025664 -0.031120 0.214055
v -0.024169 -0.025249 0.228378
v -0.027413 -0.026266 0.221434
v -0.022348 -0.023685 0.210444
v -0.028587 -0.025515 0.221226
v -0.025271 -0.018081 0.217615
v -0.021355 -0.016852 0.225997
v -0.024671 -0.024287 0.229608
v -0.014516 -0.021228 0.227208
v -0.021355 -0.016852 0.225997
v -0.017832 -0.028662 0.230819
v -0.024671 -0.024287 0.229608
v -0.020853 -0.017814 0.224766
v -0.014516 -0.021228 0.227208
v -0.015188 -0.021439 0.225770
v -0.025271 -0.018081 0.217615
v -0.021355 -0.016852 0.225997
v -0.024097 -0.018832 0.217823
v -0.012767 -0.026081 0.219830
v -0.021676 -0.023474 0.211883
v -0.016011 -0.027099 0.212886
v -0.022348 -0.023685 0.210444
v -0.015510 -0.028061 0.211656
v -0.025664 -0.031120 0.214055
v -0.022348 -0.023685 0.210444
v -0.011593 -0.026832 0.220038
v -0.015510 -0.028061 0.211656
v -0.018826 -0.035495 0.215267
v -0.019327 -0.034534 0.216497
v -0.014909 -0.034267 0.223649
v -0.016083 -0.033516 0.223441
v -0.018826 -0.035495 0.215267
v -0.017832 -0.028662 0.230819
v -0.011593 -0.026832 0.220038
v -0.018504 -0.028873 0.229381
v -0.016083 -0.033516 0.223441
v -0.016083 -0.033516 0.223441
v -0.022320 -0.043096 0.218778
v -0.019327 -0.034534 0.216497
v -0.018504 -0.028873 0.229381
v -0.028809 -0.031732 0.233003
v 0.037419 -0.061362 0.242483
v 0.034193 -0.073669 0.238917
v 0.034899 -0.073981 0.237967
v 0.035161 -0.060365 0.245521
v 0.035631 -0.043026 0.241293
v 0.032488 -0.041602 0.246821
v 0.031402 -0.061676 0.245452
v 0.026463 -0.044130 0.247437
v 0.021524 -0.035478 0.234304
v 0.032488 -0.041602 0.246821
v 0.029816 -0.031732 0.233003
v 0.035631 -0.043026 0.241293
v 0.033843 -0.033583 0.224984
v 0.024232 -0.047983 0.242476
v 0.021524 -0.035478 0.234304
v 0.018226 -0.041262 0.226891
v 0.031402 -0.061676 0.245452
v 0.026463 -0.044130 0.247437
v 0.027735 -0.049514 0.237016
v 0.030237 -0.063598 0.242942
v 0.027735 -0.049514 0.237016
v 0.018226 -0.041262 0.226891
v 0.023327 -0.043096 0.218778
v 0.033562 -0.046822 0.236606
v 0.030972 -0.038960 0.218256
v 0.036152 -0.063577 0.239837
v 0.027735 -0.049514 0.237016
v 0.033562 -0.046822 0.236606
v 0.033843 -0.033583 0.224984
v 0.033562 -0.046822 0.236606
v 0.030972 -0.038960 0.218256
v 0.037419 -0.061362 0.242483
v 0.035631 -0.043026 0.241293
v 0.036152 -0.063577 0.239837
v 0.034899 -0.073981 0.237967
v 0.034503 -0.074673 0.237139
v 0.032144 -0.064825 0.240134
v 0.034503 -0.074673 0.237139
v 0.033249 -0.075064 0.237232
v 0.034503 -0.074673 0.237139
v 0.032653 -0.074680 0.238110
v 0.032653 -0.074680 0.238110
v 0.030237 -0.063598 0.242942
v 0.033017 -0.074079 0.238895
v 0.026000 -0.030909 0.215494
v 0.028421 -0.026266 0.221434
v 0.030972 -0.038960 0.218256
v 0.020334 -0.034534 0.216497
v 0.026000 -0.030909 0.215494
v 0.025176 -0.025249 0.228378
v 0.028421 -0.026266 0.221434
v 0.026000 -0.030909 0.215494
v 0.029594 -0.025515 0.221226
v 0.028421 -0.026266 0.221434
v 0.025176 -0.025249 0.228378
v 0.023356 -0.023685 0.210444
v 0.029594 -0.025515 0.221226
v 0.026672 -0.031120 0.214055
v 0.022362 -0.016852 0.225997
v 0.029594 -0.025515 0.221226
v 0.026278 -0.018081 0.217615
v 0.015523 -0.021228 0.227208
v 0.025678 -0.024287 0.229608
v 0.022362 -0.016852 0.225997
v 0.018839 -0.028662 0.230819
v 0.019511 -0.028873 0.229381
v 0.015523 -0.021228 0.227208
v 0.021860 -0.017814 0.224766
v 0.016195 -0.021439 0.225770
v 0.025105 -0.018832 0.217823
v 0.013774 -0.026081 0.219830
v 0.022683 -0.023474 0.211883
v 0.023356 -0.023685 0.210444
v 0.017018 -0.027099 0.212886
v 0.016517 -0.028061 0.211656
v 0.026672 -0.031120 0.214055
v 0.019833 -0.035495 0.215267
v 0.012601 -0.026832 0.220038
v 0.012601 -0.026832 0.220038
v 0.019833 -0.035495 0.215267
v 0.015917 -0.034267 0.223649
v 0.015917 -0.034267 0.223649
v 0.020334 -0.034534 0.216497
v 0.017090 -0.033516 0.223441
v 0.026672 -0.031120 0.214055
v 0.018839 -0.028662 0.230819
v 0.015523 -0.021228 0.227208
v 0.017090 -0.033516 0.223441
v 0.019511 -0.028873 0.229381
v 0.023327 -0.043096 0.218778
v 0.020334 -0.034534 0.216497
v 0.019511 -0.028873 0.229381
v 0.037913 0.041422 0.173114
v 0.046102 0.043157 0.171096
v 0.041763 0.047504 0.175597
v 0.047501 0.051518 0.172604
v 0.040176 0.054952 0.175555
v 0.034250 0.048712 0.175870
v 0.029723 0.043157 0.171096
v 0.027830 0.050455 0.172163
v 0.031986 0.056686 0.173536
v 0.024661 0.047697 0.165812
v 0.029723 0.043157 0.171096
v 0.027830 0.050455 0.172163
v 0.026060 0.056059 0.167320
v 0.024661 0.053309 0.159281
v 0.027830 0.060003 0.161052
v 0.031986 0.062298 0.167006
v 0.031986 0.056686 0.173536
v 0.031986 0.062298 0.167006
v 0.026060 0.056059 0.167320
v 0.031986 0.056686 0.173536
v 0.034250 0.063405 0.158771
v 0.027830 0.060003 0.161052
v 0.037913 0.061071 0.171627
v 0.040176 0.064033 0.164987
v 0.037913 0.059584 0.151979
v 0.041763 0.062954 0.157618
v 0.029723 0.057850 0.153997
v 0.037913 0.059584 0.151979
v 0.029723 0.057850 0.153997
v 0.034250 0.063405 0.158771
v 0.029723 0.057850 0.153997
v 0.046102 0.057850 0.153997
v 0.037913 0.059584 0.151979
v 0.041763 0.062954 0.157618
v 0.047501 0.060599 0.162037
v 0.051164 0.053309 0.159281
v 0.050375 0.055229 0.166607
v 0.050375 0.055229 0.166607
v 0.047501 0.060599 0.162037
v 0.045238 0.059492 0.170271
v 0.040176 0.054952 0.175555
v 0.050375 0.055229 0.166607
v 0.045238 0.059492 0.170271
v 0.051164 0.047697 0.165812
v 0.051164 0.047697 0.165812
v 0.037913 0.061071 0.171627
v -0.038927 0.041422 0.173114
v -0.030737 0.043157 0.171096
v -0.035076 0.047504 0.175597
v -0.029338 0.051518 0.172604
v -0.036663 0.054952 0.175555
v -0.042590 0.048712 0.175870
v -0.047117 0.043157 0.171096
v -0.049009 0.050455 0.172163
v -0.044853 0.056686 0.173536
v -0.052178 0.047697 0.165812
v -0.047117 0.043157 0.171096
v -0.049009 0.050455 0.172163
v -0.050779 0.056059 0.167320
v -0.052178 0.053309 0.159281
v -0.049009 0.060003 0.161052
v -0.044853 0.062298 0.167006
v -0.044853 0.056686 0.173536
v -0.044853 0.062298 0.167006
v -0.050779 0.056059 0.167320
v -0.044853 0.056686 0.173536
v -0.042590 0.063405 0.158771
v -0.049009 0.060003 0.161052
v -0.038927 0.061071 0.171627
v -0.036663 0.064033 0.164987
v -0.038927 0.059584 0.151979
v -0.035076 0.062954 0.157618
v -0.047117 0.057850 0.153997
v -0.038927 0.059584 0.151979
v -0.047117 0.057850 0.153997
v -0.042590 0.063405 0.158771
v -0.047117 0.057850 0.153997
v -0.030737 0.057850 0.153997
v -0.038927 0.059584 0.151979
v -0.035076 0.062954 0.157618
v -0.029338 0.060599 0.162037
v -0.025676 0.053309 0.159281
v -0.026465 0.055229 0.166607
v -0.026465 0.055229 0.166607
v -0.029338 0.060599 0.162037
v -0.031602 0.059492 0.170271
v -0.036663 0.054952 0.175555
v -0.026465 0.055229 0.166607
v -0.031602 0.059492 0.170271
v -0.025676 0.047697 0.165812
v -0.025676 0.047697 0.165812
v -0.038927 0.061071 0.171627
v 0.026151 0.009432 0.213039
v 0.029489 0.009432 0.217633
v 0.024659 0.012418 0.217633
v 0.029489 0.009432 0.217633
v 0.028442 0.013139 0.220855
v 0.024659 0.012418 0.217633
v 0.030982 0.008060 0.213039
v 0.034889 0.009432 0.215879
v 0.034889 0.009432 0.215879
v 0.033397 0.012418 0.220472
v 0.034889 0.009432 0.210200
v 0.029489 0.009432 0.208446
v 0.033397 0.012418 0.205606
v 0.028442 0.013139 0.205224
v 0.024659 0.012418 0.208446
v 0.033397 0.012418 0.205606
v 0.028442 0.013139 0.205224
v 0.030982 0.017248 0.203852
v 0.025581 0.017248 0.205606
v 0.024659 0.012418 0.208446
v 0.028566 0.022078 0.205606
v 0.024333 0.021357 0.208209
v 0.022243 0.017248 0.210200
v 0.027074 0.025064 0.210200
v 0.024333 0.021357 0.208209
v 0.023166 0.022078 0.213039
v 0.027074 0.025064 0.210200
v 0.022243 0.017248 0.210200
v 0.027074 0.025064 0.210200
v 0.023166 0.022078 0.213039
v 0.027074 0.025064 0.215879
v 0.024333 0.021357 0.217870
v 0.027074 0.025064 0.215879
v 0.022243 0.017248 0.215879
v 0.025581 0.017248 0.220473
v 0.024333 0.021357 0.217870
v 0.028566 0.022078 0.220472
v 0.028566 0.022078 0.220472
v 0.030982 0.017248 0.222227
v 0.025581 0.017248 0.220473
v 0.028566 0.022078 0.220472
v 0.024659 0.012418 0.217633
v 0.033521 0.021357 0.220855
v 0.036382 0.017248 0.220473
v 0.033521 0.021357 0.220855
v 0.032474 0.025064 0.217633
v 0.037304 0.022078 0.217633
v 0.037304 0.022078 0.217633
v 0.035812 0.025064 0.213039
v 0.039199 0.021357 0.213039
v 0.039720 0.017248 0.215879
v 0.039199 0.021357 0.213039
v 0.039720 0.017248 0.215879
v 0.039720 0.017248 0.210200
v 0.039199 0.021357 0.213039
v 0.037304 0.022078 0.208446
v 0.035812 0.025064 0.213039
v 0.037630 0.013139 0.208209
v 0.036382 0.017248 0.205606
v 0.038797 0.012418 0.213039
v 0.038797 0.012418 0.213039
v 0.037630 0.013139 0.208209
v 0.033397 0.012418 0.205606
v 0.037630 0.013139 0.217870
v 0.038797 0.012418 0.213039
v 0.033521 0.021357 0.205224
v 0.030982 0.017248 0.203852
v 0.032474 0.025064 0.208446
v 0.033521 0.021357 0.205224
v 0.032474 0.025064 0.208446
v 0.037304 0.022078 0.208446
v 0.032474 0.025064 0.208446
v 0.030982 0.026436 0.213039
v 0.028566 0.022078 0.205606
v 0.022764 0.013139 0.213039
v 0.026151 0.009432 0.213039
v 0.022764 0.013139 0.213039
v 0.024659 0.012418 0.208446
v -0.030767 0.009432 0.213039
v -0.027429 0.009432 0.217633
v -0.032260 0.012418 0.217633
v -0.027429 0.009432 0.217633
v -0.028476 0.013139 0.220855
v -0.032260 0.012418 0.217633
v -0.025937 0.008060 0.213039
v -0.022029 0.009432 0.215879
v -0.022029 0.009432 0.215879
v -0.023521 0.012418 0.220472
v -0.022029 0.009432 0.210200
v -0.027429 0.009432 0.208446
v -0.023521 0.012418 0.205606
v -0.028476 0.013139 0.205224
v -0.032260 0.012418 0.208446
v -0.023521 0.012418 0.205606
v -0.028476 0.013139 0.205224
v -0.025937 0.017248 0.203852
v -0.031337 0.017248 0.205606
v -0.032260 0.012418 0.208446
v -0.028352 0.022078 0.205606
v -0.032585 0.021357 0.208209
v -0.034675 0.017248 0.210200
v -0.029844 0.025064 0.210200
v -0.032585 0.021357 0.208209
v -0.033752 0.022078 0.213039
v -0.029844 0.025064 0.210200
v -0.034675 0.017248 0.210200
v -0.029844 0.025064 0.210200
v -0.033752 0.022078 0.213039
v -0.029844 0.025064 0.215879
v -0.032585 0.021357 0.217870
v -0.029844 0.025064 0.215879
v -0.034675 0.017248 0.215879
v -0.031337 0.017248 0.220473
v -0.032585 0.021357 0.217870
v -0.028352 0.022078 0.220472
v -0.028352 0.022078 0.220472
v -0.025937 0.017248 0.222227
v -0.031337 0.017248 0.220473
v -0.028352 0.022078 0.220472
v -0.032260 0.012418 0.217633
v -0.023397 0.021357 0.220855
v -0.020536 0.017248 0.220473
v -0.023397 0.021357 0.220855
v -0.024444 0.025064 0.217633
v -0.019614 0.022078 0.217633
v -0.019614 0.022078 0.217633
v -0.021106 0.025064 0.213039
v -0.017719 0.021357 0.213039
v -0.017198 0.017248 0.215879
v -0.017719 0.021357 0.213039
v -0.017198 0.017248 0.215879
v -0.017198 0.017248 0.210200
v -0.017719 0.021357 0.213039
v -0.019614 0.022078 0.208446
v -0.021106 0.025064 0.213039
v -0.019288 0.013139 0.208209
v -0.020536 0.017248 0.205606
v -0.018121 0.012418 0.213039
v -0.018121 0.012418 0.213039
v -0.019288 0.013139 0.208209
v -0.023521 0.012418 0.205606
v -0.019288 0.013139 0.217870
v -0.018121 0.012418 0.213039
v -0.023397 0.021357 0.205224
v -0.025937 0.017248 0.203852
v -0.024444 0.025064 0.208446
v -0.023397 0.021357 0.205224
v -0.024444 0.025064 0.208446
v -0.019614 0.022078 0.208446
v -0.024444 0.025064 0.208446
v -0.025937 0.026436 0.213039
v -0.028352 0.022078 0.205606
v -0.034154 0.013139 0.213039
v -0.030767 0.009432 0.213039
v -0.034154 0.013139 0.213039
v -0.032260 0.012418 0.208446
v 0.000551 0.112778 0.105110
v -0.071154 0.152388 0.083223
v -0.071154 0.104478 0.083223
v 0.000551 0.112778 0.105110
v 0.072256 0.152388 0.083223
v 0.000551 0.160688 0.105110
v 0.000551 0.107660 0.126256
v -0.071154 0.141505 0.096213
v -0.071154 0.094762 0.106722
v 0.000551 0.107660 0.126256
v 0.072256 0.141505 0.096213
v 0.000551 0.154404 0.115746
v 0.000264 0.094860 0.142790
v 0.071969 0.128705 0.112747
v 0.071969 0.081961 0.123256
v 0.000264 0.094860 0.142790
v -0.071441 0.128705 0.112747
v 0.000264 0.141603 0.132280
v 0.000551 0.073979 0.159524
v -0.071154 0.110117 0.132281
v -0.071154 0.062683 0.139022
v 0.000551 0.073979 0.159524
v 0.072256 0.110117 0.132281
v 0.000551 0.121413 0.152783
v 0.000551 0.123538 -0.083281
v -0.080310 0.138937 -0.125836
v -0.080310 0.102880 -0.094288
v 0.000551 0.123538 -0.083281
v 0.081412 0.138937 -0.125836
v 0.000551 0.159595 -0.114829
v 0.000551 0.133611 -0.063998
v -0.080310 0.139299 -0.108894
v -0.080310 0.111041 -0.070205
v 0.000551 0.133611 -0.063998
v 0.081412 0.139299 -0.108894
v 0.000551 0.161869 -0.102687
v 0.000264 0.134865 -0.043125
v 0.081125 0.140553 -0.088022
v 0.081125 0.112295 -0.049332
v 0.000264 0.134865 -0.043125
v -0.080597 0.140553 -0.088022
v 0.000264 0.163123 -0.081814
v 0.000551 0.130170 -0.016782
v -0.080310 0.139428 -0.061080
v -0.080310 0.108168 -0.024773
v 0.000551 0.130170 -0.016782
v 0.081412 0.139428 -0.061080
v 0.000551 0.161429 -0.053089
v 0.051569 0.061792 0.156191
v 0.111908 0.055635 0.135614
v 0.070858 0.091986 0.151100
v 0.063691 0.066640 0.136940
v 0.117693 0.061130 0.118524
v 0.080955 0.093662 0.132383
v -0.099312 0.027279 0.136617
v -0.099100 0.090413 0.125833
v -0.130140 0.045454 0.142003
v -0.090347 0.035767 0.117880
v -0.090158 0.092269 0.108228
v -0.117937 0.052032 0.122700
v -0.016280 0.036980 0.208468
v 0.046844 0.057512 0.190862
v -0.012348 0.072441 0.193210
v -0.041363 0.028223 0.189095
v 0.005071 0.078794 0.190721
v -0.050349 0.061654 0.171563
v 0.000551 0.135375 -0.000123
v -0.071154 0.158948 -0.038754
v -0.071154 0.117325 -0.015027
v 0.000551 0.135375 -0.000123
v 0.072256 0.158948 -0.038754
v 0.000551 0.176998 -0.023849
v -0.079929 0.111979 -0.000123
v -0.153241 0.094020 -0.038754
v -0.131207 0.058707 -0.015027
v 0.130671 0.068879 -0.019493
v 0.104140 0.147248 -0.038042
v 0.072068 0.116360 -0.020358
v 0.000551 0.135898 0.026276
v -0.071154 0.160985 -0.011389
v -0.071154 0.118454 0.010667
v 0.000551 0.135898 0.026276
v 0.072256 0.160985 -0.011389
v 0.000551 0.178429 0.004219
v 0.072256 0.160345 0.011651
v 0.000551 0.135258 0.049317
v 0.072256 0.117814 0.033708
v 0.000551 0.135258 0.049317
v -0.071154 0.160345 0.011651
v -0.071154 0.117814 0.033708
v 0.146579 0.094131 0.032346
v 0.072245 0.113080 0.068471
v 0.123396 0.059181 0.055508
v 0.072245 0.113080 0.068471
v 0.025816 0.171356 0.028001
v 0.002633 0.136407 0.051163
v -0.102770 0.139584 0.045309
v -0.009976 0.127962 0.051163
v 0.210415 0.021391 0.061707
v 0.210415 0.021391 0.095453
v 0.295713 -0.026994 0.079971
v 0.210415 0.021391 0.061707
v 0.245155 0.012534 0.061707
v 0.210415 0.021391 0.061707
v 0.279690 -0.006288 0.083646
v 0.212961 -0.014209 0.089392
v 0.212961 0.023245 0.089392
v 0.212961 0.023245 0.089392
v 0.164723 -0.022051 0.093920
v 0.164723 0.031087 0.093920
v 0.164723 0.031087 0.093920
v 0.205747 0.013070 0.187413
v 0.197809 0.013070 0.219662
v 0.282967 -0.035314 0.236313
v 0.205747 0.013070 0.187413
v 0.205747 0.013070 0.187413
v 0.201668 -0.022529 0.214809
v 0.201668 0.014925 0.214809
v 0.201668 0.014925 0.214809
v 0.155634 -0.019693 0.182922
v 0.155634 0.012088 0.182922
v 0.206088 0.013070 -0.043362
v 0.206088 0.013070 -0.043362
v 0.280996 -0.035315 -0.097609
v 0.206088 0.013070 -0.043362
v 0.196718 0.013070 -0.075002
v 0.267765 -0.014608 -0.084581
v 0.197786 -0.003802 -0.080565
v 0.197786 -0.003802 -0.080565
v 0.206792 -0.022529 -0.050152
v 0.162854 -0.019693 -0.015893
v 0.162854 0.012088 -0.015893
v 0.162854 -0.019693 -0.015893
v -0.218988 0.021391 0.061707
v -0.218988 0.021391 0.095453
v -0.304287 -0.026994 0.079971
v -0.218988 0.021391 0.095453
v -0.288264 -0.006288 0.083646
v -0.304287 -0.026994 0.077190
v -0.288264 -0.006288 0.083646
v -0.221534 -0.014209 0.089392
v -0.165913 0.004518 0.056956
v -0.221534 0.023245 0.089392
v -0.173296 -0.022051 0.093920
v -0.070172 0.004518 0.047901
v -0.173296 0.031087 0.093920
v -0.214320 0.013070 0.187413
v -0.206383 0.013070 0.219662
v -0.291541 -0.035315 0.236313
v -0.275364 -0.014608 0.233919
v -0.292195 -0.035315 0.233655
v -0.291541 -0.035315 0.236313
v -0.210241 -0.022529 0.214809
v -0.166220 -0.003802 0.151315
v -0.210241 0.014925 0.214809
v -0.164207 -0.019693 0.182922
v -0.073760 -0.003802 0.126251
v -0.065655 0.012088 0.152554
v -0.214662 -0.020675 -0.043362
v -0.205291 -0.020675 -0.075002
v -0.247236 0.004213 -0.058481
v -0.214662 0.013070 -0.043362
v -0.289569 -0.035315 -0.097609
v -0.250674 -0.020675 -0.096067
v -0.165073 -0.022529 -0.011790
v -0.206359 -0.003802 -0.080565
v -0.165073 0.014925 -0.011790
v -0.171427 -0.019693 -0.015893
v -0.065167 -0.003802 -0.005849
v -0.125931 -0.020019 0.316492
v -0.099993 -0.023021 0.230789
v -0.077348 -0.023021 0.245068
v -0.103503 0.003750 0.286551
v -0.099993 0.003750 0.230789
v -0.073797 0.007948 0.247307
v -0.103544 0.007948 0.228551
v -0.103544 -0.027219 0.228551
v -0.022576 -0.027219 0.166070
v -0.106043 0.000748 0.284949
v -0.140655 -0.016285 0.326221
v -0.150600 -0.029028 0.334543
v 0.108490 0.000748 0.284949
v 0.105950 -0.023021 0.286551
v 0.079795 0.003750 0.245068
v 0.025023 -0.027219 0.166070
v 0.025023 0.007948 0.166070
v 0.105991 0.007948 0.228551
v 0.054770 -0.027219 0.147314
v 0.102441 0.003750 0.230789
v 0.102441 -0.023021 0.230789
v 0.108490 0.000748 0.284949
v 0.126056 0.000748 0.273873
v 0.153047 -0.029028 0.334543
v -0.031481 -0.041602 0.246821
v -0.028809 -0.031732 0.233003
v -0.023225 -0.047983 0.242476
v -0.023225 -0.047983 0.242476
v -0.029965 -0.038960 0.218256
v -0.033496 -0.074673 0.237139
v -0.032242 -0.075064 0.237232
v -0.032010 -0.074079 0.238895
v -0.033892 -0.073981 0.237967
v -0.033186 -0.073669 0.238917
v -0.022320 -0.043096 0.218778
v -0.027413 -0.026266 0.221434
v -0.025664 -0.031120 0.214055
v -0.024671 -0.024287 0.229608
v -0.018826 -0.035495 0.215267
v -0.014909 -0.034267 0.223649
v -0.014909 -0.034267 0.223649
v -0.017219 -0.041262 0.226891
v -0.024169 -0.025249 0.228378
v 0.033017 -0.074079 0.238895
v 0.026463 -0.044130 0.247437
v 0.032144 -0.064825 0.240134
v 0.024232 -0.047983 0.242476
v 0.033249 -0.075064 0.237232
v 0.032653 -0.074680 0.238110
v 0.023327 -0.043096 0.218778
v 0.026278 -0.018081 0.217615
v 0.025678 -0.024287 0.229608
v 0.016517 -0.028061 0.211656
v 0.023356 -0.023685 0.210444
v 0.016517 -0.028061 0.211656
v 0.019833 -0.035495 0.215267
v 0.000551 0.160688 0.105110
v 0.072256 0.104478 0.083223
v 0.000551 0.154404 0.115746
v 0.072256 0.094762 0.106722
v 0.000264 0.141603 0.132280
v -0.071441 0.081961 0.123256
v 0.000551 0.121413 0.152783
v 0.072256 0.062683 0.139022
v 0.000551 0.159595 -0.114829
v 0.081412 0.102880 -0.094288
v 0.000551 0.161869 -0.102687
v 0.081412 0.111041 -0.070205
v 0.000264 0.163123 -0.081814
v -0.080597 0.112295 -0.049332
v 0.000551 0.161429 -0.053089
v 0.081412 0.108168 -0.024773
v 0.092619 0.025441 0.140705
v 0.100429 0.034107 0.123080
v -0.068272 0.072239 0.120446
v -0.062568 0.076004 0.103408
v 0.042913 0.022051 0.206120
v 0.014056 0.045363 0.208252
v 0.000551 0.176998 -0.023849
v 0.072256 0.117325 -0.015027
v -0.101963 0.147292 -0.023849
v 0.162743 0.099767 -0.037177
v 0.000551 0.178429 0.004219
v 0.072256 0.118454 0.010667
v 0.000551 0.177789 0.027261
v 0.000551 0.177789 0.027261
v 0.095428 0.148029 0.045309
v 0.095428 0.148029 0.045309
vt 0.500000 1.000000
vt 0.000000 0.000000
vt 0.000000 1.000000
vt 0.500000 1.000000
vt 1.000000 0.000000
vt 0.500000 0.000000
vt 0.508865 0.551343
vt 0.519455 0.474091
vt 0.474087 0.505173
vt 0.050450 0.858065
vt 0.018405 0.923701
vt 0.079350 0.945404
vt 0.112016 0.873511
vt 0.122080 0.991670
vt 0.184713 0.952223
vt 0.154124 0.926033
vt 0.214167 0.872990
vt 0.214167 0.783268
vt 0.171437 0.826725
vt 0.167406 0.731674
vt 0.105157 0.711801
vt 0.107363 0.784718
vt 0.046418 0.763015
vt 0.008330 0.836588
vt 0.558219 0.509158
vt 0.547578 0.602066
vt 0.501351 0.632155
vt 0.153833 0.627558
vt 0.195032 0.660526
vt 0.198022 0.590249
vt 0.153833 0.549831
vt 0.195031 0.528289
vt 0.513189 0.887923
vt 0.552730 0.920519
vt 0.552730 0.827826
vt 0.506505 0.781107
vt 0.541359 0.738792
vt 0.143569 0.677187
vt 0.207644 0.719194
vt 0.526084 0.680152
vt 0.474087 0.677689
vt 0.261648 0.543031
vt 0.279737 0.475387
vt 0.235191 0.515787
vt 0.068794 0.696557
vt 0.382210 0.950533
vt 0.318957 0.966952
vt 0.354852 0.991670
vt 0.421910 0.956220
vt 0.553944 0.436917
vt 0.264115 0.915841
vt 0.230828 0.831794
vt 0.230828 0.900087
vt 0.281865 0.970229
vt 0.502935 0.696812
vt 0.474209 0.929744
vt 0.486413 0.991670
vt 0.520434 0.976465
vt 0.306194 0.579661
vt 0.306614 0.512335
vt 0.261648 0.620061
vt 0.230828 0.581068
vt 0.439675 0.823033
vt 0.433043 0.906640
vt 0.457426 0.877420
vt 0.447834 0.785370
vt 0.325328 0.893888
vt 0.392386 0.858438
vt 0.274291 0.823747
vt 0.309807 0.744948
vt 0.291251 0.697732
vt 0.247294 0.751075
vt 0.382793 0.766389
vt 0.336270 0.810271
vt 0.415423 0.734210
vt 0.355797 0.693716
vt 0.057499 0.985178
vt 0.474087 0.841035
vt 0.306614 0.643387
vt 0.279737 0.677056
vt 0.115332 0.443653
vt 0.125305 0.405283
vt 0.096214 0.411625
vt 0.111525 0.381707
vt 0.144051 0.436196
vt 0.160748 0.408324
vt 0.141629 0.376295
vt 0.172680 0.448573
vt 0.144612 0.470408
vt 0.172869 0.481670
vt 0.144373 0.492505
vt 0.115521 0.476750
vt 0.171984 0.239216
vt 0.166124 0.212198
vt 0.152448 0.228797
vt 0.152448 0.193244
vt 0.171984 0.181689
vt 0.139314 0.207976
vt 0.668853 0.799398
vt 0.667326 0.773462
vt 0.649888 0.799788
vt 0.158850 0.160868
vt 0.625007 0.567774
vt 0.610166 0.597769
vt 0.628015 0.594397
vt 0.644831 0.761119
vt 0.660670 0.736830
vt 0.614974 0.628309
vt 0.631847 0.709497
vt 0.598566 0.659624
vt 0.628015 0.670852
vt 0.592856 0.636108
vt 0.579688 0.668149
vt 0.593669 0.680152
vt 0.634913 0.406345
vt 0.622240 0.396625
vt 0.622240 0.424941
vt 0.605437 0.410353
vt 0.574880 0.637609
vt 0.094559 0.386557
vt 0.606327 0.381527
vt 0.122627 0.364722
vt 0.634899 0.376020
vt 0.618096 0.361432
vt 0.574880 0.393933
vt 0.582703 0.363698
vt 0.596271 0.709496
vt 0.569869 0.724117
vt 0.589607 0.748407
vt 0.569391 0.773462
vt 0.611392 0.332805
vt 0.605910 0.540561
vt 0.588630 0.529277
vt 0.574880 0.551113
vt 0.598186 0.511429
vt 0.592324 0.799788
vt 0.579035 0.498596
vt 0.607463 0.486803
vt 0.590105 0.473630
vt 0.616980 0.515595
vt 0.189005 0.419585
vt 0.192125 0.455356
vt 0.603904 0.454435
vt 0.171825 0.386880
vt 0.187350 0.394518
vt 0.158071 0.367763
vt 0.627863 0.346472
vt 0.607170 0.823446
vt 0.622912 0.814375
vt 0.584752 0.441602
vt 0.574880 0.464970
vt 0.618725 0.785167
vt 0.642747 0.823446
vt 0.616648 0.735875
vt 0.574880 0.422249
vt 0.590385 0.607667
vt 0.094559 0.446987
vt 0.602888 0.575574
vt 0.036411 0.191399
vt 0.008330 0.234841
vt 0.036411 0.234762
vt 0.956825 0.078813
vt 0.987028 0.048675
vt 0.956825 0.048612
vt 0.778546 0.520614
vt 0.806147 0.546666
vt 0.798014 0.505799
vt 0.790368 0.485796
vt 0.806147 0.468549
vt 0.018666 0.158292
vt 0.008330 0.191478
vt 0.822807 0.519727
vt 0.852425 0.549822
vt 0.852425 0.518436
vt 0.843809 0.487332
vt 0.834916 0.487720
vt 0.890992 0.297880
vt 0.904239 0.281510
vt 0.892336 0.261701
vt 0.933091 0.219748
vt 0.955385 0.190899
vt 0.933091 0.179785
vt 0.893378 0.260213
vt 0.608089 0.083158
vt 0.574880 0.132956
vt 0.608089 0.132990
vt 0.256028 0.138918
vt 0.230828 0.088434
vt 0.230828 0.138244
vt 0.987550 0.462809
vt 0.962583 0.462809
vt 0.969529 0.490662
vt 0.715350 0.129620
vt 0.748436 0.083288
vt 0.715350 0.081737
vt 0.872557 0.602596
vt 0.872557 0.569044
vt 0.843553 0.585849
vt 0.479071 0.103249
vt 0.479071 0.055647
vt 0.437922 0.079489
vt 0.691792 0.587762
vt 0.644676 0.680103
vt 0.691792 0.680152
vt 0.509840 0.420256
vt 0.474087 0.326950
vt 0.474087 0.419299
vt 0.323274 0.335105
vt 0.370216 0.248528
vt 0.323274 0.246328
vt 0.940165 0.046719
vt 0.905795 0.038148
vt 0.905795 0.078876
vt 0.835237 0.380960
vt 0.807551 0.422646
vt 0.835237 0.424941
vt 0.715350 0.064688
vt 0.743893 0.034876
vt 0.715350 0.034487
vt 0.277638 0.206271
vt 0.305249 0.228851
vt 0.297279 0.194203
vt 0.289398 0.174470
vt 0.305249 0.159431
vt 0.817989 0.344658
vt 0.807551 0.378666
vt 0.474087 0.277761
vt 0.502995 0.305825
vt 0.502995 0.273297
vt 0.485715 0.242923
vt 0.494395 0.241583
vt 0.397218 0.288648
vt 0.409816 0.268733
vt 0.396836 0.248385
vt 0.386876 0.327633
vt 0.415158 0.306785
vt 0.491376 0.225875
vt 0.493759 0.225507
vt 0.863785 0.938146
vt 0.832564 0.983357
vt 0.864631 0.991670
vt 0.881354 0.215391
vt 0.856958 0.165548
vt 0.856075 0.219748
vt 0.964474 0.646977
vt 0.949175 0.659932
vt 0.964474 0.680152
vt 0.913626 0.742083
vt 0.946252 0.709321
vt 0.913626 0.703607
vt 0.603251 0.066464
vt 0.603251 0.034141
vt 0.574880 0.051993
vt 0.987753 0.143053
vt 0.987753 0.115626
vt 0.963679 0.130774
vt 0.743454 0.333171
vt 0.715350 0.424411
vt 0.743454 0.424941
vt 0.548207 0.420256
vt 0.526500 0.326612
vt 0.526500 0.418655
vt 0.184048 0.255880
vt 0.211997 0.336379
vt 0.211997 0.258836
vt 0.184048 0.333423
vt 0.193313 0.348061
vt 0.094559 0.164141
vt 0.122032 0.205692
vt 0.122032 0.161370
vt 0.526500 0.033548
vt 0.555198 0.063421
vt 0.555198 0.033220
vt 0.732451 0.518198
vt 0.759977 0.544758
vt 0.751588 0.501224
vt 0.744355 0.483273
vt 0.759977 0.464863
vt 0.094559 0.208462
vt 0.113927 0.238907
vt 0.794002 0.153746
vt 0.765135 0.182850
vt 0.794002 0.185479
vt 0.773498 0.214914
vt 0.782166 0.215703
vt 0.775468 0.774279
vt 0.783987 0.757273
vt 0.768120 0.739951
vt 0.768120 0.818469
vt 0.795385 0.790421
vt 0.622772 0.268885
vt 0.630681 0.247988
vt 0.628510 0.248024
vt 0.651574 0.157154
vt 0.682228 0.203168
vt 0.683368 0.147887
vt 0.432998 0.329736
vt 0.456368 0.279247
vt 0.431819 0.273333
vt 0.957285 0.240350
vt 0.957285 0.269525
vt 0.985990 0.256982
vt 0.889135 0.141015
vt 0.856075 0.090060
vt 0.856075 0.143053
vt 0.304052 0.038575
vt 0.275568 0.053473
vt 0.304052 0.071144
vt 0.987082 0.720161
vt 0.962912 0.732802
vt 0.987082 0.747797
vt 0.094559 0.348061
vt 0.122654 0.255796
vt 0.094559 0.256361
vt 0.656791 0.899350
vt 0.678204 0.990925
vt 0.678204 0.898605
vt 0.714158 0.550795
vt 0.686055 0.458945
vt 0.686055 0.551114
vt 0.984991 0.522964
vt 0.962377 0.535561
vt 0.984991 0.551113
vt 0.230828 0.155658
vt 0.258908 0.198941
vt 0.258908 0.155578
vt 0.856075 0.038323
vt 0.877884 0.071361
vt 0.877884 0.041471
vt 0.810662 0.308293
vt 0.838272 0.284736
vt 0.819499 0.267574
vt 0.826158 0.253843
vt 0.810662 0.236408
vt 0.230828 0.199021
vt 0.241164 0.231949
vt 0.862163 0.881708
vt 0.832564 0.849120
vt 0.832564 0.880033
vt 0.844693 0.911171
vt 0.809234 0.947002
vt 0.800122 0.926940
vt 0.789162 0.962006
vt 0.815904 0.986404
vt 0.786137 0.991670
vt 0.727449 0.697028
vt 0.732621 0.716224
vt 0.729939 0.697028
vt 0.765135 0.084590
vt 0.798344 0.134456
vt 0.798344 0.084624
vt 0.412076 0.089622
vt 0.386876 0.138758
vt 0.412076 0.139432
vt 0.869085 0.460561
vt 0.898141 0.477275
vt 0.898141 0.443783
vt 0.684660 0.131226
vt 0.651574 0.081793
vt 0.651574 0.129676
vt 0.230828 0.052161
vt 0.251790 0.071773
vt 0.251790 0.038599
vt 0.323274 0.034898
vt 0.333129 0.074416
vt 0.358696 0.034898
vt 0.651574 0.332503
vt 0.698690 0.424941
vt 0.698690 0.332551
vt 0.669394 0.458764
vt 0.633641 0.550157
vt 0.669394 0.551114
vt 0.055271 0.342479
vt 0.008330 0.251502
vt 0.008330 0.340279
vt 0.905795 0.119340
vt 0.947019 0.143053
vt 0.947019 0.095537
vt 0.826893 0.677732
vt 0.799256 0.636092
vt 0.799256 0.680152
vt 0.814597 0.697277
vt 0.840364 0.729404
vt 0.840364 0.699514
vt 0.753235 0.674811
vt 0.780996 0.647569
vt 0.761743 0.631369
vt 0.768970 0.613737
vt 0.753235 0.596123
vt 0.826893 0.633673
vt 0.816541 0.599837
vt 0.839415 0.187529
vt 0.810662 0.214848
vt 0.839415 0.219748
vt 0.827632 0.153331
vt 0.810662 0.182629
vt 0.762455 0.943034
vt 0.753623 0.923407
vt 0.742424 0.958945
vt 0.769476 0.986873
vt 0.739631 0.991670
vt 0.628570 0.120835
vt 0.626170 0.139935
vt 0.634913 0.140532
vt 0.506202 0.200643
vt 0.474931 0.155191
vt 0.474087 0.208846
vt 0.053071 0.229418
vt 0.076806 0.180345
vt 0.053071 0.173441
vt 0.037222 0.038245
vt 0.008330 0.055241
vt 0.037222 0.070791
vt 0.138892 0.089919
vt 0.171984 0.142793
vt 0.171984 0.088503
vt 0.957285 0.315981
vt 0.986189 0.302468
vt 0.957285 0.286185
vt 0.964020 0.884600
vt 0.964020 0.911674
vt 0.986923 0.895307
vt 0.736574 0.679695
vt 0.708453 0.588245
vt 0.708453 0.680152
vt 0.685513 0.823446
vt 0.706892 0.730552
vt 0.685513 0.731092
vt 0.722970 0.899221
vt 0.694865 0.991670
vt 0.722970 0.991605
vt 0.822807 0.442228
vt 0.822807 0.470671
vt 0.846676 0.456163
vt 0.842127 0.748723
vt 0.814597 0.790295
vt 0.842127 0.792953
vt 0.353113 0.107515
vt 0.327523 0.091076
vt 0.323274 0.107021
vt 0.334101 0.131414
vt 0.357286 0.141319
vt 0.822165 0.119197
vt 0.835295 0.105049
vt 0.823232 0.087249
vt 0.822799 0.823227
vt 0.825068 0.823446
vt 0.555474 0.177025
vt 0.526500 0.148414
vt 0.526500 0.179558
vt 0.546869 0.207959
vt 0.538169 0.208720
vt 0.908405 0.804482
vt 0.893669 0.790564
vt 0.893669 0.823446
vt 0.925775 0.949824
vt 0.947782 0.981147
vt 0.955614 0.951570
vt 0.839415 0.097739
vt 0.824363 0.085242
vt 0.747084 0.157219
vt 0.716493 0.202966
vt 0.747084 0.214035
vt 0.188644 0.181492
vt 0.212758 0.232628
vt 0.213944 0.176554
vt 0.574880 0.175517
vt 0.608349 0.177368
vt 0.593526 0.149651
vt 0.574880 0.211939
vt 0.944966 0.349629
vt 0.962309 0.369928
vt 0.962309 0.336806
vt 0.732615 0.823446
vt 0.751460 0.810872
vt 0.723552 0.807546
vt 0.139314 0.255876
vt 0.167387 0.348061
vt 0.167387 0.256521
vt 0.449654 0.585097
vt 0.427853 0.675284
vt 0.449654 0.677056
vt 0.751460 0.736212
vt 0.723552 0.732885
vt 0.957485 0.590203
vt 0.957485 0.618646
vt 0.980196 0.604869
vt 0.874332 0.315981
vt 0.856158 0.282981
vt 0.856158 0.314746
vt 0.550577 0.272547
vt 0.550160 0.258450
vt 0.547894 0.260316
vt 0.526500 0.259315
vt 0.529542 0.260986
vt 0.532471 0.278859
vt 0.545264 0.285461
vt 0.923931 0.868307
vt 0.947359 0.911674
vt 0.947359 0.869898
vt 0.529959 0.226245
vt 0.440533 0.017836
vt 0.461202 0.014406
vt 0.437922 0.015274
vt 0.458591 0.035556
vt 0.458591 0.017163
vt 0.440533 0.036230
vt 0.461202 0.038119
vt 0.940825 0.574731
vt 0.917049 0.618646
vt 0.940825 0.618172
vt 0.437922 0.038987
vt 0.162839 0.071072
vt 0.138892 0.035753
vt 0.138892 0.071843
vt 0.238223 0.319294
vt 0.235909 0.336065
vt 0.241224 0.331451
vt 0.259553 0.330302
vt 0.266948 0.334119
vt 0.606112 0.230451
vt 0.574880 0.316145
vt 0.606112 0.315522
vt 0.323275 0.229667
vt 0.354731 0.157979
vt 0.323275 0.158991
vt 0.789454 0.060645
vt 0.765135 0.067930
vt 0.795715 0.066789
vt 0.771396 0.042925
vt 0.771396 0.061319
vt 0.789454 0.042251
vt 0.795715 0.035640
vt 0.765135 0.036781
vt 0.790891 0.343130
vt 0.760115 0.422851
vt 0.790891 0.424941
vt 0.261866 0.313532
vt 0.235909 0.250561
vt 0.230828 0.315477
vt 0.256552 0.318145
vt 0.532225 0.273217
vt 0.529959 0.275083
vt 0.553618 0.274218
vt 0.437922 0.232111
vt 0.456368 0.256672
vt 0.456368 0.232230
vt 0.206953 0.156695
vt 0.190687 0.139552
vt 0.188644 0.159893
vt 0.449208 0.207052
vt 0.203103 0.129525
vt 0.197268 0.114762
vt 0.867723 0.256991
vt 0.866225 0.256889
vt 0.444506 0.194364
vt 0.446026 0.194373
vt 0.541770 0.300706
vt 0.552452 0.309951
vt 0.788597 0.702152
vt 0.768120 0.698559
vt 0.770707 0.701333
vt 0.877009 0.822253
vt 0.858787 0.791764
vt 0.858787 0.823446
vt 0.788597 0.720516
vt 0.791184 0.699615
vt 0.899502 0.198515
vt 0.916431 0.217248
vt 0.911768 0.188580
vt 0.948555 0.780242
vt 0.925065 0.823446
vt 0.948555 0.821908
vt 0.212596 0.086019
vt 0.188644 0.047190
vt 0.188644 0.085388
vt 0.498873 0.017634
vt 0.477862 0.015005
vt 0.480516 0.017687
vt 0.477862 0.038987
vt 0.480516 0.036289
vt 0.090868 0.046193
vt 0.066775 0.038723
vt 0.072977 0.045374
vt 0.090868 0.064558
vt 0.097071 0.040109
vt 0.763145 0.234384
vt 0.794002 0.313960
vt 0.794002 0.232364
vt 0.418338 0.231725
vt 0.386876 0.156093
vt 0.386876 0.230896
vt 0.676295 0.040008
vt 0.651574 0.033630
vt 0.657938 0.040061
vt 0.651574 0.065132
vt 0.657938 0.058664
vt 0.676295 0.058610
vt 0.682659 0.065042
vt 0.682659 0.033540
vt 0.682979 0.231241
vt 0.651574 0.315381
vt 0.682979 0.315842
vt 0.746485 0.315020
vt 0.715350 0.231657
vt 0.715350 0.315981
vt 0.066775 0.069822
vt 0.097071 0.071209
vt 0.072977 0.063739
vt 0.501527 0.038918
vt 0.498873 0.036236
vt 0.501527 0.014936
vt 0.922014 0.447111
vt 0.945922 0.490662
vt 0.945922 0.447462
vt 0.945716 0.550382
vt 0.922014 0.508054
vt 0.922014 0.551113
vt 0.770707 0.719698
vt 0.791184 0.723290
vt 0.768120 0.722235
vt 0.283609 0.336065
vt 0.302156 0.311572
vt 0.283609 0.311597
vt 0.437922 0.176085
vt 0.454224 0.153944
vt 0.441808 0.143575
vt 0.296094 0.286247
vt 0.290525 0.286254
vt 0.447617 0.131233
vt 0.437922 0.119910
vt 0.877009 0.790571
vt 0.865516 0.764556
vt 0.294783 0.273288
vt 0.293254 0.273290
vt 0.906620 0.179891
vt 0.916431 0.169871
vt 0.373896 0.385322
vt 0.418440 0.399456
vt 0.394614 0.355913
vt 0.431110 0.381296
vt 0.395378 0.426085
vt 0.428394 0.451899
vt 0.450387 0.426429
vt 0.323274 0.569059
vt 0.342800 0.599837
vt 0.348898 0.552088
vt 0.389838 0.469074
vt 0.357250 0.428438
vt 0.347363 0.473454
vt 0.323275 0.432786
vt 0.329567 0.388643
vt 0.640130 0.959963
vt 0.632989 0.918191
vt 0.604621 0.946600
vt 0.603478 0.892530
vt 0.640018 0.874584
vt 0.569391 0.921049
vt 0.573200 0.873161
vt 0.605015 0.843588
vt 0.137172 0.588196
vt 0.137172 0.540329
vt 0.111263 0.560503
vt 0.106200 0.513031
vt 0.297908 0.422808
vt 0.256923 0.436327
vt 0.289668 0.458727
vt 0.072041 0.543200
vt 0.064724 0.509165
vt 0.260595 0.390555
vt 0.230828 0.406137
vt 0.231247 0.367475
vt 0.031714 0.540427
vt 0.379361 0.526532
vt 0.411193 0.559278
vt 0.408977 0.523239
vt 0.378784 0.575148
vt 0.270358 0.352725
vt 0.342700 0.521738
vt 0.406031 0.603295
vt 0.377803 0.630042
vt 0.008330 0.581527
vt 0.039472 0.583890
vt 0.014303 0.625271
vt 0.411193 0.645849
vt 0.056556 0.627023
vt 0.037323 0.660526
vt 0.375779 0.676368
vt 0.407251 0.677056
vt 0.046226 0.359139
vt 0.042655 0.394290
vt 0.076325 0.385558
vt 0.080923 0.658482
vt 0.077898 0.427276
vt 0.011994 0.419350
vt 0.040294 0.446209
vt 0.008330 0.381645
vt 0.421214 0.500916
vt 0.379678 0.505078
vt 0.008330 0.461010
vt 0.345396 0.647280
vt 0.338968 0.669308
vt 0.450387 0.474473
vt 0.069999 0.471373
vt 0.608501 0.991670
vt 0.039445 0.492505
vt 0.118878 0.633890
vt 0.101759 0.613092
vt 0.576654 0.967243
vt 0.076931 0.585593
vt 0.297908 0.380927
vt 0.351254 0.353965
vt 0.640130 0.840107
vt 0.855778 0.657736
vt 0.862619 0.638767
vt 0.845449 0.643038
vt 0.855192 0.627934
vt 0.872765 0.652940
vt 0.883266 0.638767
vt 0.872936 0.624069
vt 0.889185 0.657736
vt 0.872197 0.669459
vt 0.888434 0.673731
vt 0.871487 0.680152
vt 0.855027 0.673731
vt 0.932515 0.680152
vt 0.929691 0.663915
vt 0.923220 0.673389
vt 0.923220 0.652860
vt 0.932515 0.646935
vt 0.917049 0.661761
vt 0.078447 0.143670
vt 0.091020 0.144710
vt 0.078239 0.132574
vt 0.926344 0.635307
vt 0.550303 0.080410
vt 0.543156 0.094473
vt 0.551671 0.092967
vt 0.096996 0.132549
vt 0.108797 0.143629
vt 0.545439 0.108966
vt 0.122032 0.128883
vt 0.537687 0.123821
vt 0.551671 0.129220
vt 0.534937 0.112608
vt 0.528784 0.127890
vt 0.893746 0.911674
vt 0.893290 0.899477
vt 0.878846 0.906719
vt 0.901261 0.908627
vt 0.907270 0.897854
vt 0.901239 0.891354
vt 0.526500 0.113397
vt 0.845154 0.630980
vt 0.893708 0.882288
vt 0.862143 0.619256
vt 0.907270 0.879950
vt 0.899298 0.870800
vt 0.878823 0.889446
vt 0.882537 0.871723
vt 0.122032 0.108234
vt 0.114947 0.091834
vt 0.103146 0.101402
vt 0.091019 0.087869
vt 0.896181 0.854817
vt 0.888404 0.855095
vt 0.793693 0.840294
vt 0.794487 0.854537
vt 0.800604 0.847449
vt 0.078239 0.099164
vt 0.078447 0.089612
vt 0.787749 0.866157
vt 0.794487 0.874576
vt 0.802043 0.863579
vt 0.786137 0.851291
vt 0.899502 0.643038
vt 0.900388 0.660206
vt 0.786137 0.883713
vt 0.890318 0.627934
vt 0.899208 0.630980
vt 0.882789 0.619256
vt 0.903969 0.862887
vt 0.066775 0.106037
vt 0.071162 0.115814
vt 0.793693 0.892755
vt 0.800604 0.881540
vt 0.085324 0.115565
vt 0.066775 0.126686
vt 0.109223 0.118034
vt 0.533802 0.099164
vt 0.843553 0.660206
vt 0.539800 0.084052
vt 0.854513 0.398799
vt 0.862631 0.382620
vt 0.851898 0.382471
vt 0.861346 0.370864
vt 0.865795 0.398644
vt 0.875766 0.388227
vt 0.873152 0.371898
vt 0.875766 0.407871
vt 0.862631 0.414405
vt 0.873152 0.423328
vt 0.861346 0.424941
vt 0.851898 0.414257
vt 0.839415 0.050335
vt 0.827581 0.050188
vt 0.837824 0.060452
vt 0.944966 0.407149
vt 0.946613 0.419199
vt 0.952675 0.413934
vt 0.827581 0.061465
vt 0.839415 0.068582
vt 0.953942 0.424941
vt 0.961651 0.417077
vt 0.889033 0.747797
vt 0.890168 0.736731
vt 0.879747 0.745579
vt 0.815364 0.048851
vt 0.817039 0.058179
vt 0.881940 0.728050
vt 0.892582 0.719435
vt 0.896966 0.731639
vt 0.881985 0.703808
vt 0.455971 0.536413
vt 0.446402 0.549034
vt 0.456297 0.558185
vt 0.456270 0.521919
vt 0.447453 0.536892
vt 0.436598 0.551386
vt 0.438409 0.559864
vt 0.428444 0.549034
vt 0.427853 0.559864
vt 0.436897 0.536892
vt 0.760997 0.887740
vt 0.755517 0.880582
vt 0.751630 0.888798
vt 0.868921 0.365122
vt 0.769009 0.878337
vt 0.763190 0.873758
vt 0.739631 0.879505
vt 0.746775 0.870209
vt 0.869032 0.697722
vt 0.858787 0.699177
vt 0.861099 0.713879
vt 0.755517 0.851682
vt 0.739631 0.862518
vt 0.763190 0.856771
vt 0.760997 0.843268
vt 0.751630 0.844325
vt 0.946613 0.394276
vt 0.952675 0.399285
vt 0.953942 0.386588
vt 0.961651 0.393374
vt 0.769009 0.850852
vt 0.886287 0.397149
vt 0.883694 0.413824
vt 0.890175 0.405979
vt 0.883694 0.380402
vt 0.890175 0.386335
vt 0.882057 0.370729
vt 0.769148 0.864584
vt 0.959728 0.405821
vt 0.858787 0.735730
vt 0.868208 0.747321
vt 0.869032 0.734274
vt 0.872057 0.713177
vt 0.447552 0.566664
vt 0.446910 0.524375
vt 0.439191 0.521919
vt 0.827198 0.037722
vt 0.817039 0.038994
vt 0.044059 0.115503
vt 0.046603 0.099235
vt 0.035963 0.099312
vt 0.037166 0.087615
vt 0.032837 0.115291
vt 0.022864 0.104865
vt 0.025408 0.088598
vt 0.022864 0.124487
vt 0.035963 0.131062
vt 0.025408 0.139970
vt 0.037166 0.141631
vt 0.046603 0.130985
vt 0.505245 0.082388
vt 0.499466 0.090941
vt 0.508358 0.094364
vt 0.505245 0.103249
vt 0.289480 0.087804
vt 0.281611 0.093271
vt 0.289463 0.101140
vt 0.495731 0.098996
vt 0.888097 0.551113
vt 0.894612 0.543798
vt 0.881103 0.542777
vt 0.281286 0.111172
vt 0.275568 0.104872
vt 0.882862 0.530878
vt 0.869085 0.530209
vt 0.872320 0.542715
vt 0.869085 0.511240
vt 0.627443 0.014809
vt 0.619912 0.028951
vt 0.633194 0.028951
vt 0.275568 0.122210
vt 0.283420 0.130079
vt 0.071932 0.293472
vt 0.077705 0.300616
vt 0.077705 0.283794
vt 0.279200 0.137038
vt 0.287199 0.142771
vt 0.399966 0.072287
vt 0.414926 0.069352
vt 0.401116 0.063701
vt 0.208786 0.403720
vt 0.213708 0.409304
vt 0.213708 0.395251
vt 0.386876 0.062112
vt 0.392893 0.069833
vt 0.393421 0.057720
vt 0.292917 0.131733
vt 0.295356 0.139851
vt 0.400865 0.051679
vt 0.386876 0.049630
vt 0.395099 0.043498
vt 0.415454 0.057239
vt 0.411735 0.044753
vt 0.875723 0.498723
vt 0.891500 0.507122
vt 0.884362 0.493935
vt 0.893084 0.991670
vt 0.904622 0.981691
vt 0.890345 0.970930
vt 0.397284 0.032599
vt 0.881292 0.974016
vt 0.889334 0.957885
vt 0.899961 0.957871
vt 0.890344 0.945971
vt 0.899961 0.943200
vt 0.881292 0.959346
vt 0.012310 0.113773
vt 0.014881 0.130446
vt 0.502005 0.072577
vt 0.495731 0.078135
vt 0.014881 0.097062
vt 0.008330 0.103011
vt 0.016426 0.087451
vt 0.389730 0.037915
vt 0.908425 0.945947
vt 0.909114 0.935571
vt 0.905354 0.523545
vt 0.896716 0.528333
vt 0.904672 0.538446
vt 0.901951 0.548568
vt 0.909114 0.959308
vt 0.882578 0.512962
vt 0.288927 0.118259
vt 0.296651 0.113847
vt 0.918721 0.388183
vt 0.926463 0.379955
vt 0.915777 0.387752
vt 0.911980 0.403261
vt 0.906835 0.402151
vt 0.701451 0.851449
vt 0.696656 0.840838
vt 0.695610 0.841035
vt 0.705659 0.867323
vt 0.704797 0.850819
vt 0.113731 0.071209
vt 0.120372 0.057202
vt 0.114832 0.057516
vt 0.913560 0.415773
vt 0.701836 0.876203
vt 0.700983 0.865280
vt 0.694865 0.873113
vt 0.699070 0.850452
vt 0.208786 0.489597
vt 0.213923 0.478864
vt 0.211314 0.476985
vt 0.632971 0.061680
vt 0.627598 0.048721
vt 0.627018 0.066464
vt 0.622221 0.048583
vt 0.619912 0.066464
vt 0.214064 0.449345
vt 0.208786 0.435417
vt 0.209019 0.450745
vt 0.920904 0.417562
vt 0.917153 0.402233
vt 0.921666 0.387547
vt 0.927384 0.380090
vt 0.212144 0.434984
vt 0.213014 0.426100
vt 0.154912 0.511356
vt 0.154912 0.510212
vt 0.154414 0.509582
vt 0.211969 0.467993
vt 0.211153 0.467405
vt 0.694865 0.840723
vt 0.988731 0.213900
vt 0.980524 0.219694
vt 0.989205 0.219748
vt 0.989205 0.208540
vt 0.979980 0.212921
vt 0.914289 0.422923
vt 0.989917 0.678227
vt 0.985938 0.680152
vt 0.990741 0.679200
vt 0.981959 0.674316
vt 0.985938 0.679015
vt 0.196114 0.015179
vt 0.190582 0.023014
vt 0.198052 0.022910
vt 0.196114 0.030425
vt 0.807667 0.581480
vt 0.799256 0.576564
vt 0.800563 0.582977
vt 0.981134 0.667855
vt 0.981134 0.674480
vt 0.696710 0.712984
vt 0.701488 0.708604
vt 0.700117 0.708604
vt 0.689388 0.713891
vt 0.697375 0.713891
vt 0.690094 0.712984
vt 0.696907 0.704225
vt 0.686884 0.708604
vt 0.690291 0.704225
vt 0.685513 0.708604
vt 0.806096 0.451279
vt 0.799629 0.444150
vt 0.799629 0.451889
vt 0.697613 0.703317
vt 0.689626 0.703317
vt 0.688792 0.697444
vt 0.989917 0.672739
vt 0.985938 0.666904
vt 0.985938 0.668041
vt 0.990741 0.672576
vt 0.806360 0.575066
vt 0.800563 0.569431
vt 0.981959 0.668829
vt 0.696256 0.879647
vt 0.498417 0.128745
vt 0.505024 0.120209
vt 0.498199 0.122132
vt 0.701680 0.882227
vt 0.709156 0.875476
vt 0.625791 0.297497
vt 0.630636 0.286894
vt 0.629919 0.286306
vt 0.628082 0.299377
vt 0.622772 0.313238
vt 0.626221 0.316145
vt 0.631531 0.298952
vt 0.631999 0.315242
vt 0.920072 0.353033
vt 0.914734 0.338350
vt 0.912558 0.352295
vt 0.910484 0.341736
vt 0.906835 0.357402
vt 0.662508 0.859346
vt 0.662844 0.872692
vt 0.671397 0.871836
vt 0.666413 0.847660
vt 0.656791 0.859906
vt 0.667167 0.860859
vt 0.669295 0.847396
vt 0.970616 0.767809
vt 0.965216 0.780790
vt 0.971235 0.785549
vt 0.975964 0.767670
vt 0.978297 0.785549
vt 0.077882 0.327498
vt 0.072775 0.340379
vt 0.077882 0.342479
vt 0.933459 0.307458
vt 0.935144 0.294665
vt 0.925672 0.305706
vt 0.934857 0.280534
vt 0.940624 0.295899
vt 0.931684 0.279817
vt 0.925688 0.272476
vt 0.924695 0.272252
vt 0.074400 0.326593
vt 0.076784 0.317560
vt 0.075695 0.317277
vt 0.630243 0.285625
vt 0.631999 0.286160
vt 0.074923 0.317683
vt 0.071932 0.327891
vt 0.677212 0.841453
vt 0.924695 0.314475
vt 0.931470 0.315981
vt 0.481538 0.121022
vt 0.475622 0.127862
vt 0.481538 0.128826
vt 0.914886 0.358634
vt 0.910118 0.363231
vt 0.856371 0.333792
vt 0.851898 0.337697
vt 0.853160 0.337697
vt 0.856041 0.341602
vt 0.905795 0.013110
vt 0.913656 0.020672
vt 0.913656 0.012295
vt 0.929519 0.243935
vt 0.924695 0.249338
vt 0.929519 0.251931
vt 0.861149 0.348462
vt 0.855375 0.342411
vt 0.853795 0.348462
vt 0.862730 0.342411
vt 0.862133 0.341602
vt 0.934072 0.239599
vt 0.930300 0.244563
vt 0.934072 0.240971
vt 0.930300 0.251187
vt 0.937844 0.244004
vt 0.934072 0.254219
vt 0.934072 0.255591
vt 0.937844 0.250628
vt 0.776637 0.444652
vt 0.782968 0.449541
vt 0.782968 0.442304
vt 0.938625 0.243260
vt 0.632826 0.095491
vt 0.627589 0.088871
vt 0.625501 0.095972
vt 0.866607 0.337697
vt 0.862464 0.333792
vt 0.865344 0.337697
vt 0.855775 0.332982
vt 0.627589 0.104010
vt 0.634913 0.103529
vt 0.670357 0.879335
vt 0.663512 0.880024
vt 0.678114 0.874415
vt 0.675905 0.881945
vt 0.920090 0.358857
vt 0.965216 0.808929
vt 0.965216 0.816644
vt 0.970415 0.812767
vt 0.972542 0.819024
vt 0.977070 0.812780
vt 0.972542 0.806541
vt 0.967465 0.802724
vt 0.974241 0.802209
vt 0.979319 0.806575
vt 0.900237 0.588658
vt 0.899945 0.582398
vt 0.894483 0.585942
vt 0.893607 0.592512
vt 0.900237 0.596372
vt 0.894483 0.599068
vt 0.889217 0.596349
vt 0.889217 0.588634
vt 0.969637 0.023070
vt 0.974268 0.025693
vt 0.974268 0.018192
vt 0.962975 0.026938
vt 0.968843 0.029056
vt 0.968843 0.016295
vt 0.962975 0.019437
vt 0.956825 0.028319
vt 0.957508 0.022875
vt 0.963488 0.031952
vt 0.077318 0.260710
vt 0.071932 0.266112
vt 0.077318 0.267134
vt 0.899945 0.602596
vt 0.629144 0.207555
vt 0.627632 0.214119
vt 0.633461 0.210615
vt 0.634913 0.203980
vt 0.629144 0.199864
vt 0.633461 0.197532
vt 0.958381 0.010757
vt 0.956825 0.016182
vt 0.963488 0.012314
vt 0.970468 0.011545
vt 0.974240 0.823446
vt 0.979319 0.819058
vt 0.627632 0.193986
vt 0.967465 0.822921
vt 0.981944 0.812824
vt 0.964020 0.853422
vt 0.964020 0.861137
vt 0.969219 0.857260
vt 0.971346 0.863517
vt 0.975874 0.857274
vt 0.971346 0.851035
vt 0.966269 0.847217
vt 0.973045 0.846703
vt 0.978123 0.851068
vt 0.983295 0.939876
vt 0.983002 0.933617
vt 0.977540 0.937161
vt 0.976665 0.943731
vt 0.983295 0.947591
vt 0.977540 0.950287
vt 0.972275 0.947568
vt 0.972275 0.939853
vt 0.985086 0.982788
vt 0.989717 0.985411
vt 0.989717 0.977910
vt 0.978424 0.986656
vt 0.984292 0.988774
vt 0.984292 0.976013
vt 0.978424 0.979155
vt 0.972275 0.988037
vt 0.972957 0.982593
vt 0.978937 0.991670
vt 0.736205 0.441779
vt 0.730819 0.447181
vt 0.736205 0.448202
vt 0.983002 0.953815
vt 0.629143 0.170761
vt 0.627632 0.177325
vt 0.633460 0.173822
vt 0.634913 0.167186
vt 0.629143 0.163071
vt 0.633460 0.160738
vt 0.973830 0.970475
vt 0.972275 0.975900
vt 0.978937 0.972032
vt 0.985917 0.971263
vt 0.973045 0.867939
vt 0.978123 0.863551
vt 0.627632 0.157192
vt 0.966269 0.867414
vt 0.980748 0.857317
vt 0.985125 0.413589
vt 0.989645 0.415338
vt 0.987442 0.411464
vt 0.106656 0.017868
vt 0.103005 0.019640
vt 0.104281 0.022062
vt 0.986813 0.417609
vt 0.989645 0.420396
vt 0.106594 0.012783
vt 0.103423 0.015276
vt 0.985125 0.421773
vt 0.982332 0.417566
vt 0.980128 0.421876
vt 0.978312 0.417784
vt 0.980128 0.413692
vt 0.764035 0.568097
vt 0.760079 0.568713
vt 0.762658 0.572386
vt 0.757589 0.572386
vt 0.755833 0.568097
vt 0.760060 0.576727
vt 0.755658 0.576099
vt 0.753235 0.572438
vt 0.757234 0.579463
vt 0.991327 0.182758
vt 0.987947 0.185442
vt 0.991444 0.186671
vt 0.987947 0.180380
vt 0.280260 0.020004
vt 0.284416 0.021914
vt 0.284830 0.018003
vt 0.983877 0.187146
vt 0.987065 0.189251
vt 0.983568 0.182960
vt 0.979980 0.185234
vt 0.287986 0.019187
vt 0.288430 0.014876
vt 0.982141 0.189122
vt 0.099050 0.017868
vt 0.099580 0.022062
vt 0.095145 0.019570
vt 0.979980 0.180172
vt 0.095460 0.015400
vt 0.098988 0.012783
vt 0.287041 0.010619
vt 0.284274 0.012966
vt 0.282962 0.008728
vt 0.095045 0.011342
vt 0.279362 0.011855
vt 0.278683 0.008728
vt 0.099419 0.008750
vt 0.096193 0.008538
vt 0.047947 0.017419
vt 0.044970 0.015208
vt 0.044420 0.019406
vt 0.040586 0.017783
vt 0.040853 0.021584
vt 0.044420 0.010793
vt 0.040586 0.012720
vt 0.047947 0.012356
vt 0.987442 0.424706
vt 0.983064 0.424941
vt 0.040853 0.008330
vt 0.102900 0.010989
vt 0.104119 0.008750
vt 0.036961 0.015173
vt 0.036469 0.010905
vt 0.036469 0.019096
vt 0.764283 0.576099
vt 0.762303 0.579463
vt 0.275568 0.011967
vt 0.276881 0.016205
vt 0.280916 0.015939
vt 0.276467 0.020116
vt 0.983877 0.178535
vt 0.982141 0.175870
vt 0.983064 0.411018
vt 0.987065 0.175999
vt 0.985783 0.358576
vt 0.990303 0.360325
vt 0.988099 0.356451
vt 0.078385 0.017868
vt 0.074734 0.019640
vt 0.076010 0.022062
vt 0.987471 0.362596
vt 0.990303 0.365383
vt 0.078323 0.012783
vt 0.075152 0.015275
vt 0.985783 0.366760
vt 0.982989 0.362553
vt 0.980786 0.366863
vt 0.978969 0.362771
vt 0.980786 0.358679
vt 0.934731 0.840280
vt 0.930774 0.840896
vt 0.933354 0.844569
vt 0.928284 0.844569
vt 0.926529 0.840280
vt 0.930756 0.848910
vt 0.926354 0.848282
vt 0.923931 0.844621
vt 0.927929 0.851646
vt 0.242175 0.015445
vt 0.238795 0.018129
vt 0.242292 0.019358
vt 0.238795 0.013067
vt 0.860767 0.019753
vt 0.864923 0.021663
vt 0.865337 0.017752
vt 0.234725 0.019834
vt 0.237913 0.021938
vt 0.234416 0.015647
vt 0.230828 0.017922
vt 0.868493 0.018936
vt 0.868937 0.014625
vt 0.232989 0.021810
vt 0.070779 0.017868
vt 0.071309 0.022062
vt 0.066874 0.019570
vt 0.230828 0.012860
vt 0.067190 0.015399
vt 0.070717 0.012783
vt 0.867548 0.010368
vt 0.864781 0.012715
vt 0.863469 0.008477
vt 0.066775 0.011342
vt 0.859869 0.011604
vt 0.859190 0.008477
vt 0.071148 0.008750
vt 0.067922 0.008538
vt 0.019808 0.017419
vt 0.016832 0.015208
vt 0.016281 0.019406
vt 0.012447 0.017783
vt 0.012714 0.021585
vt 0.016281 0.010793
vt 0.012447 0.012720
vt 0.019808 0.012356
vt 0.988100 0.369693
vt 0.983722 0.369928
vt 0.012714 0.008330
vt 0.074629 0.010989
vt 0.075848 0.008750
vt 0.008822 0.015173
vt 0.008330 0.010905
vt 0.008330 0.019096
vt 0.934979 0.848282
vt 0.932999 0.851646
vt 0.856075 0.011716
vt 0.857388 0.015954
vt 0.861423 0.015688
vt 0.856974 0.019865
vt 0.234725 0.011222
vt 0.232989 0.008558
vt 0.983722 0.356005
vt 0.237913 0.008686
vt 0.500000 1.000000
vt 0.000000 0.000000
vt 0.000000 1.000000
vt 0.500000 1.000000
vt 1.000000 0.000000
vt 0.500000 0.000000
vt 0.500000 1.000000
vt 0.000000 0.000000
vt 0.000000 1.000000
vt 0.500000 1.000000
vt 1.000000 0.000000
vt 0.500000 0.000000
vt 0.500000 1.000000
vt 0.000000 0.000000
vt 0.000000 1.000000
vt 0.500000 1.000000
vt 1.000000 0.000000
vt 0.500000 0.000000
vt 0.500000 1.000000
vt 0.000000 0.000000
vt 0.000000 1.000000
vt 0.500000 1.000000
vt 1.000000 0.000000
vt 0.500000 0.000000
vt 0.500000 1.000000
vt 0.000000 0.000000
vt 0.000000 1.000000
vt 0.500000 1.000000
vt 1.000000 0.000000
vt 0.500000 0.000000
vt 0.500000 1.000000
vt 0.000000 0.000000
vt 0.000000 1.000000
vt 0.500000 1.000000
vt 1.000000 0.000000
vt 0.500000 0.000000
vt 0.500000 1.000000
vt 0.000000 0.000000
vt 0.000000 1.000000
vt 0.500000 1.000000
vt 1.000000 0.000000
vt 0.500000 0.000000
vt 0.500000 1.000000
vt 0.000000 0.000000
vt 0.000000 1.000000
vt 0.500000 1.000000
vt 1.000000 0.000000
vt 0.500000 0.000000
vt 0.500000 1.000000
vt 1.000000 0.000000
vt 0.500000 0.000000
vt 0.500000 1.000000
vt 1.000000 0.000000
vt 0.500000 0.000000
vt 0.500000 1.000000
vt 1.000000 0.000000
vt 0.500000 0.000000
vt 0.500000 1.000000
vt 1.000000 0.000000
vt 0.500000 0.000000
vt 0.500000 1.000000
vt 1.000000 0.000000
vt 0.500000 0.000000
vt 0.500000 1.000000
vt 1.000000 0.000000
vt 0.500000 0.000000
vt 0.500000 1.000000
vt 0.000000 0.000000
vt 0.000000 1.000000
vt 0.500000 1.000000
vt 1.000000 0.000000
vt 0.500000 0.000000
vt 0.500000 1.000000
vt 0.000000 0.000000
vt 0.000000 1.000000
vt 0.500000 1.000000
vt 0.000000 0.000000
vt 0.000000 1.000000
vt 0.500000 1.000000
vt 0.000000 0.000000
vt 0.000000 1.000000
vt 0.500000 1.000000
vt 1.000000 0.000000
vt 0.500000 0.000000
vt 0.000000 0.000000
vt 0.500000 1.000000
vt 0.000000 1.000000
vt 0.500000 1.000000
vt 1.000000 0.000000
vt 1.000000 1.000000
vt 0.000000 0.000000
vt 0.500000 1.000000
vt 0.000000 1.000000
vt 0.500000 1.000000
vt 1.000000 0.000000
vt 1.000000 1.000000
vt 0.500000 0.000000
vt 1.000000 1.000000
vt 0.987028 0.078876
vt 0.776637 0.551113
vt 0.016352 0.158298
vt 0.822807 0.551113
vt 0.908035 0.315981
vt 0.963319 0.219525
vt 0.908035 0.276091
vt 0.574880 0.083124
vt 0.256028 0.089108
vt 0.748436 0.131171
vt 0.644676 0.587713
vt 0.509840 0.327906
vt 0.370216 0.337305
vt 0.743893 0.065077
vt 0.275568 0.231955
vt 0.815707 0.344468
vt 0.474087 0.310289
vt 0.415158 0.337305
vt 0.832564 0.928334
vt 0.881354 0.159714
vt 0.946252 0.747797
vt 0.715350 0.332641
vt 0.548207 0.328213
vt 0.526500 0.063749
vt 0.730819 0.551113
vt 0.111662 0.239135
vt 0.765135 0.151116
vt 0.797937 0.823446
vt 0.630681 0.268753
vt 0.651574 0.214119
vt 0.456368 0.337305
vt 0.889135 0.088021
vt 0.122654 0.347496
vt 0.656791 0.991670
vt 0.714158 0.458627
vt 0.856075 0.068213
vt 0.839498 0.315981
vt 0.238849 0.231955
vt 0.862163 0.850794
vt 0.853580 0.911674
vt 0.815904 0.909416
vt 0.723552 0.716224
vt 0.765135 0.134422
vt 0.386876 0.088948
vt 0.684660 0.083343
vt 0.651574 0.424893
vt 0.633641 0.457807
vt 0.055271 0.253702
vt 0.814597 0.727167
vt 0.782596 0.680152
vt 0.818819 0.599638
vt 0.818999 0.151860
vt 0.769476 0.905458
vt 0.626170 0.120671
vt 0.506202 0.145487
vt 0.077683 0.234841
vt 0.138892 0.144208
vt 0.736574 0.587788
vt 0.706892 0.822906
vt 0.694865 0.899287
vt 0.814597 0.746064
vt 0.357361 0.091571
vt 0.839415 0.135200
vt 0.555474 0.145881
vt 0.903364 0.770562
vt 0.925775 0.991670
vt 0.715350 0.147831
vt 0.188644 0.239216
vt 0.608349 0.213790
vt 0.139314 0.347417
vt 0.427853 0.583325
vt 0.874332 0.284215
vt 0.923931 0.910082
vt 0.553618 0.225380
vt 0.917049 0.575205
vt 0.162839 0.034982
vt 0.574880 0.231073
vt 0.354731 0.228655
vt 0.760115 0.341040
vt 0.266948 0.248616
vt 0.437922 0.256554
vt 0.443669 0.207016
vt 0.206953 0.102679
vt 0.898014 0.219748
vt 0.925065 0.781780
vt 0.212596 0.047821
vt 0.763145 0.315981
vt 0.418338 0.156921
vt 0.651574 0.230780
vt 0.746485 0.230696
vt 0.922014 0.490311
vt 0.945716 0.507323
vt 0.302156 0.336040
vt 0.456244 0.177703
vt 0.867018 0.764458
vt 0.710992 0.866645
vt 0.121463 0.071209
vt 0.213923 0.492505
vt 0.631639 0.045611
vt 0.928305 0.416142
vt 0.928305 0.379891
vt 0.214064 0.425964
vt 0.153908 0.509826
vt 0.154395 0.511628
vt 0.153833 0.510886
vt 0.981309 0.205911
vt 0.920393 0.424941
vt 0.188644 0.015284
vt 0.188644 0.030529
vt 0.806096 0.443541
vt 0.696779 0.697443
vt 0.807667 0.567934
vt 0.505024 0.128826
vt 0.707092 0.882561
vt 0.631714 0.286761
vt 0.920090 0.339192
vt 0.671895 0.847843
vt 0.966528 0.764718
vt 0.631406 0.285546
vt 0.678114 0.841370
vt 0.474087 0.120213
vt 0.905795 0.021488
vt 0.924695 0.241342
vt 0.938625 0.251256
vt 0.776637 0.451889
vt 0.634913 0.088390
vt 0.863129 0.332982
vt 0.500000 0.000000
vt 1.000000 1.000000
vt 0.500000 0.000000
vt 1.000000 1.000000
vt 0.500000 0.000000
vt 1.000000 1.000000
vt 0.500000 0.000000
vt 1.000000 1.000000
vt 0.500000 0.000000
vt 1.000000 1.000000
vt 0.500000 0.000000
vt 1.000000 1.000000
vt 0.500000 0.000000
vt 1.000000 1.000000
vt 0.500000 0.000000
vt 1.000000 1.000000
vt 1.000000 1.000000
vt 1.000000 1.000000
vt 1.000000 1.000000
vt 1.000000 1.000000
vt 1.000000 1.000000
vt 1.000000 1.000000
vt 0.500000 0.000000
vt 1.000000 1.000000
vt 0.500000 0.000000
vt 0.500000 0.000000
vt 0.500000 0.000000
vt 1.000000 1.000000
vt 0.500000 0.000000
vt 0.500000 0.000000
vt 0.500000 0.000000
vt 0.500000 0.000000
vn -0.473689 0.246179 0.845585
vn -0.473689 0.246179 0.845585
vn -0.473689 0.246178 0.845586
vn 0.017989 0.560598 0.827893
vn 0.017989 0.560598 0.827893
vn 0.017989 0.560598 0.827892
vn 0.678797 0.580169 -0.450154
vn 0.319409 0.485267 -0.813937
vn 0.133414 0.889597 -0.436827
vn 0.406930 0.902841 -0.138873
vn 0.678797 0.580169 -0.450154
vn 0.133414 0.889597 -0.436827
vn -0.001463 0.988582 -0.150678
vn -0.295117 0.574394 -0.763530
vn -0.731381 0.495137 -0.468958
vn -0.339028 0.886580 -0.314701
vn -0.774453 0.625347 -0.095730
vn -0.702281 0.656397 0.275580
vn -0.329440 0.943761 0.027998
vn -0.272594 0.828928 0.488438
vn 0.296587 0.774710 0.558445
vn 0.126867 0.982963 0.132995
vn 0.650533 0.722575 0.233865
vn 0.833639 0.546073 -0.082771
vn 0.640248 -0.591256 -0.490407
vn 0.776140 -0.610840 -0.156463
vn 0.833639 0.546073 -0.082771
vn -0.545245 -0.627410 -0.555935
vn -0.731381 0.495137 -0.468958
vn -0.295117 0.574394 -0.763530
vn -0.059136 -0.612888 -0.787954
vn 0.319409 0.485267 -0.813937
vn -0.972695 0.050810 0.226458
vn -0.702281 0.656397 0.275580
vn -0.774453 0.625347 -0.095730
vn -0.899038 -0.317093 -0.301966
vn -0.731381 0.495137 -0.468958
vn 0.002522 0.217379 0.976084
vn -0.694537 0.166755 0.699865
vn 0.979533 -0.139661 0.144951
vn 0.650533 0.722575 0.233865
vn 0.693085 0.154789 0.704041
vn 0.979533 -0.139661 0.144951
vn 0.650533 0.722575 0.233865
vn 0.693085 0.154789 0.704041
vn 0.055689 -0.998422 0.007285
vn -0.004214 -0.993419 0.114462
vn -0.059136 -0.612888 -0.787954
vn 0.640248 -0.591256 -0.490407
vn -0.059136 -0.612888 -0.787954
vn -0.149819 -0.987847 -0.041371
vn -0.517570 -0.855072 -0.031188
vn -0.899038 -0.317093 -0.301966
vn -0.545245 -0.627410 -0.555935
vn -0.545245 -0.627410 -0.555935
vn -0.438908 -0.826127 0.353374
vn -0.266936 -0.682064 0.680833
vn -0.694537 0.166755 0.699865
vn 0.210554 -0.783166 0.585079
vn 0.571815 -0.780638 0.252255
vn 0.002522 0.217379 0.976084
vn 0.296587 0.774710 0.558445
vn 0.258955 -0.963202 0.071995
vn 0.007331 -0.991928 0.126591
vn 0.776140 -0.610840 -0.156463
vn 0.979533 -0.139661 0.144951
vn -0.126867 -0.982963 -0.132995
vn 0.329441 -0.943761 -0.027998
vn 0.030416 -0.999468 0.011777
vn 0.049884 -0.997233 0.055112
vn -0.266936 -0.682064 0.680833
vn -0.438908 -0.826127 0.353374
vn 0.085365 -0.996312 0.008621
vn 0.001463 -0.988582 0.150678
vn 0.571815 -0.780638 0.252255
vn 0.210554 -0.783166 0.585079
vn 0.319409 0.485267 -0.813937
vn -0.517570 -0.855072 -0.031188
vn -0.266936 -0.682064 0.680833
vn -0.694537 0.166755 0.699865
vn -0.353080 -0.888057 -0.294432
vn -0.103626 -0.993565 -0.045728
vn -0.571698 -0.814407 0.099513
vn -0.240919 -0.899836 0.363666
vn 0.000326 -0.950396 -0.311041
vn 0.276102 -0.951313 -0.137010
vn 0.219431 -0.931142 0.291248
vn 0.299673 -0.830650 -0.469273
vn -0.119009 -0.797528 -0.591427
vn 0.275620 -0.368273 -0.887924
vn -0.298743 -0.257205 -0.919020
vn -0.651975 -0.482788 -0.584675
vn 0.275620 -0.368273 -0.887924
vn -0.298743 -0.257205 -0.919020
vn 0.005571 0.475583 -0.879653
vn -0.641386 0.371689 -0.671172
vn -0.651975 -0.482788 -0.584675
vn -0.219431 0.931142 -0.291248
vn -0.641386 0.371689 -0.671172
vn -0.624460 0.766043 -0.152408
vn -0.219431 0.931142 -0.291248
vn -0.961985 0.132171 -0.238987
vn -0.641386 0.371689 -0.671172
vn -0.961985 0.132171 -0.238987
vn -0.624460 0.766043 -0.152408
vn -0.356909 0.932561 -0.054281
vn -0.814474 0.569871 0.108988
vn -0.814474 0.569871 0.108988
vn -0.582194 0.621321 0.524414
vn -0.815339 0.123646 0.565627
vn -0.582194 0.621321 0.524414
vn -0.962377 -0.133943 0.236410
vn -0.636228 -0.368757 0.677667
vn -0.327421 0.041170 0.943981
vn -0.240919 -0.899836 0.363666
vn -0.005571 -0.475584 0.879653
vn -0.636228 -0.368757 0.677667
vn -0.327421 0.041170 0.943981
vn -0.571698 -0.814407 0.099513
vn -0.636228 -0.368757 0.677667
vn 0.252279 -0.058417 0.965890
vn -0.005571 -0.475584 0.879653
vn 0.219431 -0.931142 0.291248
vn 0.624206 -0.449268 0.639160
vn 0.040585 0.553672 0.831745
vn 0.625723 0.392879 0.673882
vn 0.040585 0.553672 0.831745
vn 0.625723 0.392879 0.673882
vn 0.424589 0.892579 0.151746
vn 0.870582 0.480210 0.107171
vn 0.963380 -0.163573 0.212467
vn 0.963380 -0.163573 0.212467
vn 0.870582 0.480210 0.107171
vn 0.625723 0.392879 0.673882
vn 0.962377 0.133942 -0.236410
vn 0.591123 0.790221 -0.161629
vn 0.591123 0.790221 -0.161629
vn 0.707927 -0.387286 -0.590635
vn 0.636228 0.368757 -0.677667
vn 0.732140 -0.646577 -0.214266
vn 0.732140 -0.646577 -0.214266
vn 0.707927 -0.387286 -0.590635
vn 0.275620 -0.368273 -0.887924
vn 0.624460 -0.766043 0.152408
vn 0.963380 -0.163573 0.212467
vn 0.624206 -0.449268 0.639160
vn 0.624460 -0.766043 0.152408
vn 0.636228 0.368757 -0.677667
vn 0.240919 0.899836 -0.363666
vn 0.005571 0.475583 -0.879653
vn 0.240919 0.899836 -0.363666
vn 0.076898 0.990609 -0.113048
vn 0.005571 0.475583 -0.879653
vn -0.106059 0.988624 0.106653
vn -0.582194 0.621321 0.524414
vn -0.796727 -0.574132 -0.188677
vn -0.796727 -0.574132 -0.188677
vn -0.651975 -0.482788 -0.584675
vn 0.150031 -0.559678 -0.815016
vn -0.577341 -0.577353 0.577357
vn -0.577367 -0.577335 -0.577349
vn -0.506121 0.651349 0.565319
vn -0.577367 -0.577335 -0.577349
vn -0.577341 -0.577353 0.577357
vn 0.301982 0.664266 0.683782
vn -0.577341 -0.577353 0.577357
vn 0.150033 -0.559669 0.815022
vn 0.638600 0.607103 0.472880
vn 0.733653 -0.541364 0.410704
vn 0.733678 -0.541326 -0.410709
vn 0.150033 -0.559669 0.815022
vn 0.301981 0.664272 -0.683776
vn -0.506121 0.651349 0.565319
vn 0.301982 0.664266 0.683782
vn 0.638600 0.607103 0.472880
vn 0.638597 0.607102 -0.472885
vn 0.150031 -0.559678 -0.815016
vn 0.638597 0.607102 -0.472885
vn 0.733678 -0.541326 -0.410709
vn -0.577367 -0.577335 -0.577349
vn 0.301981 0.664272 -0.683776
vn 0.150031 -0.559678 -0.815016
vn 0.733653 -0.541364 0.410704
vn 0.554688 -0.000000 -0.832059
vn -0.554690 -0.720588 0.416019
vn -0.554694 -0.000000 -0.832054
vn -0.554687 0.720584 0.416029
vn 0.554688 -0.000000 -0.832059
vn -0.554694 -0.000000 -0.832054
vn 0.554691 -0.720576 0.416038
vn 0.554688 -0.000000 -0.832059
vn 0.554693 0.720581 0.416027
vn 0.554691 -0.720576 0.416038
vn -0.554687 0.720584 0.416029
vn -0.554690 -0.720588 0.416019
vn -0.554694 -0.000000 -0.832054
vn -0.554690 -0.720588 0.416019
vn -0.554687 0.720584 0.416029
vn -0.554694 -0.000000 -0.832055
vn -0.554699 -0.720567 0.416043
vn -0.554704 0.720574 0.416024
vn 0.554704 0.000000 -0.832048
vn -0.554699 -0.720567 0.416043
vn -0.554694 -0.000000 -0.832055
vn -0.554704 0.720574 0.416024
vn 0.554704 0.000000 -0.832048
vn -0.554694 -0.000000 -0.832055
vn 0.554699 -0.720587 0.416008
vn -0.554704 0.720574 0.416024
vn -0.554699 -0.720567 0.416043
vn 0.554699 -0.720587 0.416008
vn 0.554704 0.000000 -0.832048
vn 0.554694 0.720580 0.416027
vn 0.419192 -0.575688 -0.702041
vn -0.719578 -0.584311 0.375216
vn -0.379590 -0.570967 -0.727948
vn -0.644069 0.660310 0.386220
vn -0.379590 -0.570967 -0.727948
vn -0.719578 -0.584311 0.375216
vn 0.048337 0.678062 0.733414
vn -0.719578 -0.584311 0.375216
vn -0.161416 -0.547048 0.821391
vn 0.454546 0.620645 0.638896
vn 0.586076 -0.522230 0.619509
vn 0.817589 -0.547141 -0.179401
vn -0.161416 -0.547048 0.821391
vn 0.515008 0.655865 -0.551912
vn -0.644069 0.660310 0.386220
vn 0.048337 0.678062 0.733414
vn 0.750207 0.601575 -0.274402
vn 0.454546 0.620645 0.638896
vn 0.419192 -0.575688 -0.702041
vn 0.750207 0.601575 -0.274402
vn 0.817589 -0.547141 -0.179401
vn -0.379590 -0.570967 -0.727948
vn 0.515008 0.655865 -0.551912
vn 0.817589 -0.547141 -0.179401
vn 0.586076 -0.522230 0.619509
vn 0.827046 0.000000 -0.562135
vn -0.651456 -0.748562 0.123529
vn -0.177531 -0.000000 -0.984115
vn -0.651456 0.748563 0.123526
vn 0.827046 0.000000 -0.562135
vn -0.177531 -0.000000 -0.984115
vn 0.344567 -0.697457 0.628353
vn 0.827046 0.000000 -0.562135
vn 0.344564 0.697456 0.628356
vn 0.344567 -0.697457 0.628353
vn -0.651456 0.748563 0.123526
vn -0.651456 -0.748562 0.123529
vn -0.177531 -0.000000 -0.984115
vn -0.651456 -0.748562 0.123529
vn -0.651456 0.748563 0.123526
vn -0.285076 -0.000000 -0.958505
vn -0.652625 -0.720569 0.234224
vn -0.652626 0.720557 0.234259
vn 0.775133 -0.000001 -0.631798
vn -0.652625 -0.720569 0.234224
vn -0.285076 -0.000000 -0.958505
vn -0.652626 0.720557 0.234259
vn 0.775133 -0.000001 -0.631798
vn -0.285076 -0.000000 -0.958505
vn -0.652625 -0.720569 0.234224
vn 0.407607 0.720593 0.560894
vn -0.652626 0.720557 0.234259
vn 0.407587 -0.720580 0.560925
vn 0.775133 -0.000001 -0.631798
vn -0.738865 -0.585452 -0.333653
vn 0.461230 -0.578493 0.672765
vn -0.338157 -0.570021 0.748816
vn -0.338157 -0.570021 0.748816
vn -0.663848 0.661448 -0.348987
vn -0.738865 -0.585452 -0.333653
vn 0.547494 0.655149 0.520606
vn -0.338157 -0.570021 0.748816
vn 0.461230 -0.578493 0.672765
vn 0.763243 0.601554 0.235784
vn 0.826487 -0.546566 0.134850
vn -0.218845 -0.545662 -0.808925
vn 0.826487 -0.546566 0.134850
vn -0.663848 0.661448 -0.348987
vn 0.547494 0.655149 0.520606
vn 0.000176 0.680778 -0.732489
vn 0.763243 0.601554 0.235784
vn 0.412792 0.623774 -0.663708
vn -0.218845 -0.545662 -0.808925
vn 0.412792 0.623774 -0.663708
vn 0.551417 -0.517594 -0.654244
vn -0.738865 -0.585452 -0.333653
vn 0.000176 0.680778 -0.732489
vn 0.412792 0.623774 -0.663708
vn 0.826487 -0.546566 0.134850
vn 0.551417 -0.517594 -0.654244
vn -0.879745 0.000000 -0.475446
vn 0.645229 -0.760311 0.074876
vn -0.273066 -0.696440 0.663632
vn 0.645228 0.760313 0.074872
vn -0.879745 0.000000 -0.475446
vn -0.273062 0.696438 0.663635
vn 0.645229 -0.760311 0.074876
vn 0.157337 -0.000000 -0.987545
vn 0.645228 0.760313 0.074872
vn -0.273066 -0.696440 0.663632
vn 0.645228 0.760313 0.074872
vn -0.273062 0.696438 0.663635
vn -0.879745 0.000000 -0.475446
vn -0.273066 -0.696440 0.663632
vn -0.273062 0.696438 0.663635
vn -0.809348 -0.000000 -0.587330
vn -0.375493 -0.720570 0.582910
vn -0.375473 0.720557 0.582940
vn 0.230868 -0.000000 -0.972985
vn -0.375493 -0.720570 0.582910
vn -0.809348 -0.000000 -0.587330
vn -0.375473 0.720557 0.582940
vn 0.230868 -0.000000 -0.972985
vn -0.809348 -0.000000 -0.587330
vn -0.375493 -0.720570 0.582910
vn 0.664721 0.720592 0.197213
vn -0.375473 0.720557 0.582940
vn 0.664723 -0.720580 0.197249
vn 0.230868 -0.000000 -0.972985
vn 0.664721 0.720592 0.197213
vn 0.577341 -0.577353 0.577357
vn -0.150030 -0.559678 -0.815016
vn 0.577367 -0.577335 -0.577349
vn 0.577367 -0.577335 -0.577349
vn 0.506140 0.651325 0.565331
vn 0.577341 -0.577353 0.577357
vn 0.577341 -0.577353 0.577357
vn -0.301981 0.664273 0.683776
vn -0.150032 -0.559670 0.815021
vn -0.638600 0.607103 0.472880
vn -0.733650 -0.541361 0.410714
vn -0.150032 -0.559670 0.815021
vn -0.733681 -0.541328 -0.410701
vn -0.301981 0.664273 0.683776
vn 0.506093 0.651361 -0.565330
vn -0.301982 0.664265 -0.683783
vn -0.638597 0.607101 -0.472886
vn -0.150030 -0.559678 -0.815016
vn -0.638597 0.607101 -0.472886
vn -0.301982 0.664265 -0.683783
vn 0.577367 -0.577335 -0.577349
vn 0.506093 0.651361 -0.565330
vn -0.733650 -0.541361 0.410714
vn -0.638597 0.607101 -0.472886
vn -0.733681 -0.541328 -0.410701
vn 0.554690 -0.720588 0.416019
vn -0.554687 -0.000000 -0.832059
vn 0.554694 -0.000000 -0.832054
vn 0.554687 0.720584 0.416029
vn -0.554687 -0.000000 -0.832059
vn -0.554694 0.720580 0.416027
vn -0.554690 -0.720577 0.416038
vn -0.554694 0.720580 0.416027
vn -0.554687 -0.000000 -0.832059
vn 0.554687 0.720584 0.416029
vn -0.554690 -0.720577 0.416038
vn 0.554690 -0.720588 0.416019
vn 0.554694 -0.000000 -0.832054
vn 0.554687 0.720584 0.416029
vn 0.554690 -0.720588 0.416019
vn 0.554694 -0.000000 -0.832055
vn 0.554704 0.720574 0.416024
vn 0.554699 -0.720567 0.416043
vn 0.554699 -0.720567 0.416043
vn -0.554704 -0.000000 -0.832048
vn 0.554694 -0.000000 -0.832055
vn 0.554704 0.720574 0.416024
vn -0.554704 -0.000000 -0.832048
vn -0.554694 0.720580 0.416027
vn 0.554704 0.720574 0.416024
vn -0.554699 -0.720587 0.416009
vn 0.554699 -0.720567 0.416043
vn -0.554699 -0.720587 0.416009
vn -0.554694 0.720580 0.416027
vn -0.554704 -0.000000 -0.832048
vn 0.719579 -0.584311 0.375216
vn -0.419193 -0.575688 -0.702041
vn 0.379589 -0.570967 -0.727949
vn 0.379589 -0.570967 -0.727949
vn 0.644070 0.660310 0.386219
vn 0.719579 -0.584311 0.375216
vn 0.719579 -0.584311 0.375216
vn -0.048337 0.678062 0.733414
vn 0.161416 -0.547048 0.821391
vn -0.454546 0.620645 0.638896
vn -0.586068 -0.522240 0.619508
vn 0.161416 -0.547048 0.821391
vn -0.817592 -0.547138 -0.179397
vn -0.515008 0.655866 -0.551912
vn 0.644070 0.660310 0.386219
vn 0.321787 0.640413 -0.697370
vn -0.750207 0.601576 -0.274402
vn -0.048337 0.678062 0.733414
vn -0.419193 -0.575688 -0.702041
vn -0.750207 0.601576 -0.274402
vn -0.515008 0.655866 -0.551912
vn 0.379589 -0.570967 -0.727949
vn 0.321787 0.640413 -0.697370
vn -0.817592 -0.547138 -0.179397
vn -0.454546 0.620645 0.638896
vn -0.750207 0.601576 -0.274402
vn 0.651457 -0.748561 0.123531
vn -0.827045 0.000000 -0.562135
vn 0.177532 -0.000000 -0.984115
vn 0.651456 0.748563 0.123527
vn -0.827045 0.000000 -0.562135
vn -0.344565 0.697456 0.628356
vn -0.344568 -0.697457 0.628353
vn -0.344565 0.697456 0.628356
vn -0.827045 0.000000 -0.562135
vn 0.651456 0.748563 0.123527
vn -0.344568 -0.697457 0.628353
vn 0.651457 -0.748561 0.123531
vn 0.177532 -0.000000 -0.984115
vn 0.651456 0.748563 0.123527
vn 0.651457 -0.748561 0.123531
vn 0.285077 -0.000000 -0.958505
vn 0.652627 0.720556 0.234260
vn 0.652624 -0.720570 0.234224
vn 0.652624 -0.720570 0.234224
vn -0.775133 -0.000000 -0.631798
vn 0.285077 -0.000000 -0.958505
vn 0.652627 0.720556 0.234260
vn -0.775133 -0.000000 -0.631798
vn -0.407607 0.720593 0.560895
vn 0.652624 -0.720570 0.234224
vn -0.407607 0.720593 0.560895
vn -0.407588 -0.720580 0.560925
vn -0.407588 -0.720580 0.560925
vn -0.407607 0.720593 0.560895
vn -0.775133 -0.000000 -0.631798
vn 0.738865 -0.585452 -0.333652
vn -0.461229 -0.578493 0.672766
vn 0.218844 -0.545661 -0.808926
vn 0.338157 -0.570021 0.748816
vn 0.663848 0.661449 -0.348987
vn 0.283427 0.638479 0.715551
vn -0.547494 0.655149 0.520606
vn -0.461229 -0.578493 0.672766
vn -0.461229 -0.578493 0.672766
vn -0.763243 0.601553 0.235784
vn -0.826489 -0.546564 0.134851
vn -0.826489 -0.546564 0.134851
vn -0.551418 -0.517597 -0.654242
vn -0.547494 0.655149 0.520606
vn 0.663848 0.661449 -0.348987
vn -0.000176 0.680779 -0.732489
vn -0.763243 0.601553 0.235784
vn -0.412792 0.623775 -0.663708
vn 0.218844 -0.545661 -0.808926
vn -0.412792 0.623775 -0.663708
vn -0.000176 0.680779 -0.732489
vn 0.738865 -0.585452 -0.333652
vn -0.000176 0.680779 -0.732489
vn 0.663848 0.661449 -0.348987
vn -0.412792 0.623775 -0.663708
vn -0.551418 -0.517597 -0.654242
vn 0.879745 -0.000000 -0.475447
vn -0.645229 -0.760311 0.074877
vn -0.157338 -0.000000 -0.987545
vn 0.879745 -0.000000 -0.475447
vn -0.645228 0.760312 0.074873
vn 0.273062 0.696438 0.663635
vn -0.645229 -0.760311 0.074877
vn -0.645228 0.760312 0.074873
vn -0.157338 -0.000000 -0.987545
vn 0.273066 -0.696440 0.663631
vn 0.879745 -0.000000 -0.475447
vn 0.273062 0.696438 0.663635
vn 0.273066 -0.696440 0.663631
vn 0.809348 -0.000000 -0.587329
vn 0.375472 0.720556 0.582940
vn 0.375492 -0.720570 0.582911
vn 0.375492 -0.720570 0.582911
vn -0.230869 0.000000 -0.972985
vn 0.809348 -0.000000 -0.587329
vn 0.375472 0.720556 0.582940
vn -0.230869 0.000000 -0.972985
vn -0.664720 0.720593 0.197214
vn -0.664720 0.720593 0.197214
vn -0.664723 -0.720580 0.197250
vn -0.664723 -0.720580 0.197250
vn -0.664720 0.720593 0.197214
vn -0.230869 0.000000 -0.972985
vn -0.227385 -0.301515 0.925951
vn -0.753546 -0.568899 -0.329426
vn -0.737484 -0.301519 0.604322
vn -0.737484 -0.301519 0.604322
vn 0.180426 -0.577349 0.796313
vn -0.227385 -0.301515 0.925951
vn 0.180443 0.577350 0.796309
vn -0.280151 0.283374 0.917178
vn 0.448854 0.682661 0.576632
vn 0.622076 -0.568906 0.537928
vn -0.796316 -0.577332 0.180470
vn 0.796314 -0.577341 -0.180448
vn 0.180426 -0.577349 0.796313
vn 0.796310 0.577340 -0.180467
vn 0.092912 0.623090 0.776612
vn 0.796314 -0.577341 -0.180448
vn -0.180413 -0.577341 -0.796322
vn -0.720872 -0.419187 0.551930
vn 0.375929 0.874336 0.306944
vn 0.476555 -0.664172 0.575995
vn 0.796310 0.577340 -0.180467
vn -0.796310 0.577342 0.180465
vn 0.796310 0.577340 -0.180467
vn -0.180431 0.577343 -0.796316
vn -0.180431 0.577343 -0.796316
vn -0.796310 0.577342 0.180465
vn -0.180413 -0.577341 -0.796322
vn -0.796316 -0.577332 0.180470
vn -0.720872 -0.419187 0.551930
vn -0.796319 0.577340 0.180426
vn 0.476555 -0.664172 0.575995
vn 0.092912 0.623090 0.776612
vn -0.796299 -0.577349 0.180489
vn -0.796319 0.577340 0.180426
vn 0.796310 0.577340 -0.180469
vn -0.180442 0.577371 -0.796294
vn -0.796299 -0.577349 0.180489
vn -0.180442 0.577371 -0.796294
vn -0.180428 -0.577319 -0.796334
vn 0.533353 -0.000000 -0.845893
vn -0.180442 0.577371 -0.796294
vn 0.796310 0.577340 -0.180469
vn 0.533352 -0.000000 -0.845893
vn 0.533352 0.000000 -0.845893
vn 0.533353 0.000000 -0.845893
vn 0.796308 -0.577349 -0.180446
vn -0.180428 -0.577319 -0.796334
vn 0.180445 -0.577349 0.796308
vn -0.180428 -0.577319 -0.796334
vn 0.796308 -0.577349 -0.180446
vn 0.180445 -0.577349 0.796308
vn 0.796310 0.577340 -0.180469
vn 0.180424 0.577339 0.796321
vn 0.375929 0.874336 0.306944
vn -0.706823 0.283383 0.648147
vn -0.796310 0.577342 0.180465
vn -0.796316 -0.577332 0.180470
vn 0.448854 0.682661 0.576632
vn -0.706823 0.283383 0.648147
vn -0.713794 0.682660 -0.156439
vn -0.737484 -0.301519 0.604322
vn -0.713794 0.682660 -0.156439
vn -0.706823 0.283383 0.648147
vn -0.726706 0.656017 0.203813
vn -0.753546 -0.568899 -0.329426
vn -0.726706 0.656017 0.203813
vn -0.047215 -0.469477 0.881681
vn -0.775185 -0.469506 0.422674
vn -0.047215 -0.469477 0.881681
vn -0.775185 -0.469506 0.422674
vn 0.129351 0.656019 0.743577
vn -0.047215 -0.469477 0.881681
vn 0.227387 -0.301518 0.925949
vn 0.796308 -0.577348 0.180454
vn 0.737484 -0.301518 0.604322
vn 0.737484 -0.301518 0.604322
vn -0.622078 -0.568902 0.537931
vn 0.227387 -0.301518 0.925949
vn 0.280148 0.283374 0.917179
vn -0.180434 -0.577344 0.796315
vn -0.448846 0.682667 0.576630
vn 0.227387 -0.301518 0.925949
vn -0.622078 -0.568902 0.537931
vn 0.796308 -0.577348 0.180454
vn -0.796310 -0.577340 -0.180467
vn 0.180433 -0.577341 -0.796317
vn -0.180427 0.577349 0.796313
vn -0.796310 -0.577340 -0.180467
vn -0.180434 -0.577344 0.796315
vn -0.078117 0.776956 0.624689
vn -0.796310 -0.577340 -0.180467
vn 0.467848 0.166143 0.868052
vn -0.796314 0.577337 -0.180460
vn 0.496596 0.487921 0.717862
vn 0.467848 0.166143 0.868052
vn 0.796296 -0.577360 0.180466
vn -0.078117 0.776956 0.624689
vn 0.496596 0.487921 0.717862
vn -0.180448 -0.577329 0.796323
vn -0.180448 -0.577329 0.796323
vn 0.180428 -0.577320 -0.796334
vn 0.796296 -0.577360 0.180466
vn -0.180405 0.577331 0.796331
vn -0.796296 -0.577360 -0.180466
vn -0.180448 -0.577329 0.796323
vn -0.533352 -0.000000 -0.845893
vn -0.796296 -0.577360 -0.180466
vn -0.533353 0.000000 -0.845893
vn -0.796308 0.577350 -0.180446
vn -0.533353 0.000001 -0.845893
vn -0.533352 0.000001 -0.845893
vn 0.180445 0.577350 -0.796308
vn 0.180428 -0.577320 -0.796334
vn -0.180405 0.577331 0.796331
vn 0.180445 0.577350 -0.796308
vn -0.796308 0.577350 -0.180446
vn 0.796296 -0.577360 0.180466
vn 0.180445 0.577350 -0.796308
vn 0.796305 0.577361 0.180423
vn 0.796305 0.577361 0.180423
vn -0.180405 0.577331 0.796331
vn -0.552819 -0.419714 0.719882
vn 0.180424 0.577348 -0.796314
vn -0.552819 -0.419714 0.719882
vn 0.180433 -0.577341 -0.796317
vn 0.796314 0.577334 0.180469
vn -0.796314 0.577337 -0.180460
vn -0.180427 0.577349 0.796313
vn 0.796308 -0.577348 0.180454
vn 0.180424 0.577348 -0.796314
vn 0.796314 0.577334 0.180469
vn 0.706821 0.283386 0.648148
vn -0.180427 0.577349 0.796313
vn 0.796314 0.577334 0.180469
vn 0.706821 0.283386 0.648148
vn -0.448846 0.682667 0.576630
vn 0.713798 0.682654 -0.156446
vn 0.737484 -0.301518 0.604322
vn 0.713798 0.682654 -0.156446
vn 0.753544 -0.568903 -0.329425
vn -0.129352 0.656017 0.743579
vn 0.726705 0.656018 0.203815
vn 0.726705 0.656018 0.203815
vn 0.775194 -0.469496 0.422668
vn 0.753544 -0.568903 -0.329425
vn 0.047222 -0.469477 0.881681
vn 0.047222 -0.469477 0.881681
vn 0.775194 -0.469496 0.422668
vn -0.129352 0.656017 0.743579
vn 0.047222 -0.469477 0.881681
vn -0.334991 -0.926246 -0.172771
vn -0.107068 -0.952611 0.284726
vn -0.570241 -0.689457 0.446626
vn -0.208918 -0.567126 0.796694
vn 0.000137 -0.980386 -0.197086
vn 0.279962 -0.953876 0.108358
vn 0.197394 -0.653600 0.730645
vn -0.107068 -0.952611 0.284726
vn 0.197394 -0.653600 0.730645
vn -0.208918 -0.567126 0.796694
vn 0.251040 -0.869021 -0.426357
vn -0.089744 -0.823994 -0.559446
vn 0.160928 -0.548328 -0.820633
vn -0.172436 -0.484540 -0.857605
vn -0.497939 -0.604962 -0.621351
vn 0.160928 -0.548328 -0.820633
vn -0.172436 -0.484540 -0.857605
vn -0.002961 0.008325 -0.999961
vn -0.467725 0.008541 -0.883833
vn -0.497939 -0.604962 -0.621351
vn -0.197394 0.653601 -0.730645
vn -0.611751 0.612703 -0.500355
vn -0.921488 0.018778 -0.387952
vn -0.197394 0.653601 -0.730645
vn -0.611751 0.612703 -0.500355
vn -0.279961 0.953876 -0.108357
vn -0.721524 0.681306 0.123391
vn -0.921488 0.018778 -0.387952
vn -0.721524 0.681306 0.123391
vn -0.611751 0.612703 -0.500355
vn -0.251040 0.869021 0.426357
vn -0.537326 0.541141 0.646875
vn -0.919448 -0.007997 0.393130
vn -0.537326 0.541141 0.646875
vn -0.473345 -0.020078 0.880648
vn -0.160928 0.548328 0.820633
vn -0.473345 -0.020078 0.880648
vn -0.160928 0.548328 0.820633
vn -0.537326 0.541141 0.646875
vn 0.002961 -0.008325 0.999961
vn -0.570241 -0.689457 0.446626
vn -0.570241 -0.689457 0.446626
vn 0.172436 0.484541 0.857605
vn 0.467725 -0.008541 0.883833
vn 0.172436 0.484541 0.857605
vn 0.089744 0.823994 0.559446
vn 0.497939 0.604962 0.621351
vn 0.497939 0.604962 0.621351
vn 0.334992 0.926246 0.172771
vn 0.781642 0.613908 0.110240
vn 0.921488 -0.018778 0.387952
vn 0.781642 0.613908 0.110240
vn 0.921488 -0.018778 0.387952
vn 0.919448 0.007997 -0.393130
vn 0.781642 0.613908 0.110240
vn 0.570242 0.689456 -0.446625
vn 0.570242 0.689456 -0.446625
vn 0.537326 -0.541141 -0.646875
vn 0.473345 0.020078 -0.880648
vn 0.721524 -0.681306 -0.123391
vn 0.721524 -0.681306 -0.123391
vn 0.537326 -0.541141 -0.646875
vn 0.160928 -0.548328 -0.820633
vn 0.611751 -0.612703 0.500355
vn 0.721524 -0.681306 -0.123391
vn 0.611751 -0.612703 0.500355
vn 0.208918 0.567126 -0.796694
vn 0.473345 0.020078 -0.880648
vn -0.002961 0.008325 -0.999961
vn 0.208918 0.567126 -0.796694
vn 0.107068 0.952611 -0.284726
vn 0.208918 0.567126 -0.796694
vn -0.000137 0.980386 0.197086
vn -0.781642 -0.613908 -0.110239
vn -0.781642 -0.613908 -0.110239
vn -0.781642 -0.613908 -0.110239
vn -0.292635 -0.907575 -0.301120
vn -0.084037 -0.995404 -0.045909
vn -0.501382 -0.857862 0.112646
vn -0.199758 -0.906974 0.370803
vn 0.000018 -0.950396 -0.311042
vn 0.226307 -0.964070 -0.139116
vn 0.180451 -0.938031 0.295864
vn 0.247176 -0.843287 -0.477254
vn -0.096704 -0.799602 -0.592693
vn 0.231155 -0.368164 -0.900568
vn -0.253205 -0.254409 -0.933361
vn -0.586824 -0.503045 -0.634495
vn 0.231155 -0.368164 -0.900568
vn -0.253205 -0.254409 -0.933361
vn 0.004400 0.474575 -0.880204
vn -0.573857 0.386162 -0.722196
vn -0.586824 -0.503045 -0.634495
vn -0.180450 0.938031 -0.295863
vn -0.573857 0.386162 -0.722196
vn -0.555426 0.813980 -0.170113
vn -0.180450 0.938031 -0.295863
vn -0.946451 0.151962 -0.284847
vn -0.573857 0.386162 -0.722196
vn -0.946451 0.151962 -0.284847
vn -0.555426 0.813980 -0.170113
vn -0.295016 0.953878 -0.055525
vn -0.759489 0.635861 0.137320
vn -0.759489 0.635861 0.137320
vn -0.534505 0.643624 0.547771
vn -0.759135 0.144446 0.634704
vn -0.534505 0.643624 0.547771
vn -0.947579 -0.149317 0.282486
vn -0.567388 -0.389927 0.725277
vn -0.759135 0.144446 0.634704
vn -0.273667 0.036814 0.961120
vn -0.534505 0.643624 0.547771
vn -0.567388 -0.389927 0.725277
vn -0.199758 -0.906974 0.370803
vn -0.004400 -0.474577 0.880203
vn -0.501382 -0.857862 0.112646
vn -0.567388 -0.389927 0.725277
vn 0.210122 -0.066574 0.975406
vn -0.004400 -0.474577 0.880203
vn 0.180451 -0.938031 0.295864
vn 0.557511 -0.473605 0.681820
vn 0.035427 0.555963 0.830452
vn 0.571792 0.417243 0.706373
vn 0.035427 0.555963 0.830452
vn 0.571792 0.417243 0.706373
vn 0.360327 0.919023 0.159877
vn 0.824912 0.550337 0.129032
vn 0.949168 -0.185065 0.254618
vn 0.824912 0.550337 0.129032
vn 0.949168 -0.185065 0.254618
vn 0.947579 0.149317 -0.282486
vn 0.824912 0.550337 0.129032
vn 0.523527 0.833465 -0.176791
vn 0.947579 0.149317 -0.282486
vn 0.645608 -0.406228 -0.646660
vn 0.567387 0.389929 -0.725277
vn 0.523527 0.833465 -0.176791
vn 0.676501 -0.698428 -0.233546
vn 0.676501 -0.698428 -0.233546
vn 0.645608 -0.406228 -0.646660
vn 0.231155 -0.368164 -0.900568
vn 0.555426 -0.813980 0.170112
vn 0.949168 -0.185065 0.254618
vn 0.557511 -0.473605 0.681820
vn 0.555426 -0.813980 0.170112
vn 0.567387 0.389929 -0.725277
vn 0.199757 0.906974 -0.370802
vn 0.004400 0.474575 -0.880204
vn 0.199757 0.906974 -0.370802
vn 0.063389 0.991198 -0.116222
vn 0.004400 0.474575 -0.880204
vn -0.084489 0.990322 0.110107
vn -0.748209 -0.629437 -0.209744
vn -0.748209 -0.629437 -0.209744
vn -0.586824 -0.503045 -0.634495
vn -0.577514 -0.684831 -0.444391
vn -0.475009 -0.871899 -0.118992
vn -0.863651 -0.473625 -0.172588
vn -0.709244 -0.675537 0.201550
vn -0.262867 -0.910542 -0.319084
vn -0.056447 -0.997639 -0.039113
vn -0.255537 -0.909100 0.328995
vn 0.128461 -0.935501 -0.329144
vn -0.218747 -0.750199 -0.623980
vn 0.427123 -0.558462 -0.711116
vn -0.060065 -0.221222 -0.973372
vn -0.576830 -0.232546 -0.783064
vn -0.218747 -0.750199 -0.623980
vn -0.576830 -0.232546 -0.783064
vn -0.060065 -0.221222 -0.973372
vn 0.427123 -0.558462 -0.711116
vn -0.060065 -0.221222 -0.973372
vn 0.505192 0.330240 -0.797323
vn -0.212804 0.513404 -0.831343
vn 0.505192 0.330240 -0.797323
vn -0.212804 0.513404 -0.831343
vn 0.255537 0.909101 -0.328993
vn -0.212804 0.513404 -0.831343
vn -0.230212 0.905906 -0.355439
vn 0.255537 0.909101 -0.328993
vn -0.701264 0.449676 -0.553191
vn -0.230212 0.905906 -0.355439
vn 0.037145 0.984667 -0.170446
vn -0.544502 0.811184 -0.213304
vn -0.701264 0.449676 -0.553191
vn -0.459377 0.848385 0.263090
vn -0.544502 0.811184 -0.213304
vn -0.859753 0.482740 0.166696
vn -0.459377 0.848385 0.263090
vn -0.701264 0.449676 -0.553191
vn -0.944782 0.278011 -0.173483
vn -0.943718 0.008739 0.330635
vn -0.623031 0.288966 0.726864
vn -0.709244 -0.675537 0.201550
vn -0.505192 -0.330241 0.797322
vn -0.863651 -0.473625 -0.172588
vn -0.505192 -0.330241 0.797322
vn -0.120540 -0.040377 0.991887
vn -0.623031 0.288966 0.726864
vn -0.505192 -0.330241 0.797322
vn -0.255537 -0.909100 0.328995
vn 0.180089 -0.575089 0.798023
vn -0.041269 0.589514 0.806703
vn 0.476922 0.172928 0.861767
vn -0.041269 0.589514 0.806703
vn 0.476922 0.172928 0.861767
vn 0.688559 0.641659 0.337877
vn 0.897254 0.071274 0.435724
vn 0.688559 0.641659 0.337877
vn 0.698840 -0.479843 0.530447
vn 0.944782 -0.278011 0.173483
vn 0.890518 0.438170 0.122415
vn 0.682507 -0.688791 -0.244441
vn 0.943718 -0.008737 -0.330635
vn 0.944782 -0.278011 0.173483
vn 0.890518 0.438170 0.122415
vn 0.481669 -0.872689 0.080052
vn 0.481669 -0.872689 0.080052
vn 0.682507 -0.688791 -0.244441
vn 0.944782 -0.278011 0.173483
vn 0.230213 -0.905905 0.355440
vn 0.698840 -0.479843 0.530447
vn 0.180089 -0.575089 0.798023
vn 0.230213 -0.905905 0.355440
vn 0.709244 0.675538 -0.201549
vn 0.890518 0.438170 0.122415
vn 0.709244 0.675538 -0.201549
vn 0.503216 0.863347 -0.037507
vn 0.247618 0.965254 0.083492
vn -0.041269 0.589514 0.806703
vn -0.849860 -0.200165 -0.487517
vn -0.577514 -0.684831 -0.444391
vn -0.577514 -0.684831 -0.444391
vn -0.849860 -0.200165 -0.487517
vn 0.577514 -0.684832 -0.444391
vn 0.863651 -0.473625 -0.172588
vn 0.475009 -0.871899 -0.118992
vn 0.709245 -0.675536 0.201550
vn 0.262866 -0.910542 -0.319084
vn 0.056447 -0.997639 -0.039113
vn 0.255537 -0.909100 0.328995
vn -0.128461 -0.935501 -0.329144
vn 0.218747 -0.750199 -0.623980
vn -0.427123 -0.558462 -0.711116
vn 0.060064 -0.221221 -0.973372
vn 0.576830 -0.232546 -0.783065
vn -0.427123 -0.558462 -0.711116
vn -0.505191 0.330240 -0.797323
vn 0.060064 -0.221221 -0.973372
vn 0.212804 0.513404 -0.831343
vn 0.060064 -0.221221 -0.973372
vn 0.212804 0.513404 -0.831343
vn 0.576830 -0.232546 -0.783065
vn -0.255538 0.909101 -0.328993
vn 0.212804 0.513404 -0.831343
vn -0.255538 0.909101 -0.328993
vn 0.230213 0.905905 -0.355440
vn 0.701264 0.449677 -0.553191
vn 0.230213 0.905905 -0.355440
vn -0.037146 0.984667 -0.170446
vn 0.544503 0.811183 -0.213304
vn 0.701264 0.449677 -0.553191
vn 0.459377 0.848385 0.263090
vn 0.544503 0.811183 -0.213304
vn 0.459377 0.848385 0.263090
vn 0.859753 0.482739 0.166696
vn 0.544503 0.811183 -0.213304
vn 0.944782 0.278011 -0.173483
vn 0.944782 0.278011 -0.173483
vn 0.544503 0.811183 -0.213304
vn 0.859753 0.482739 0.166696
vn 0.859753 0.482739 0.166696
vn 0.943718 0.008738 0.330635
vn 0.859753 0.482739 0.166696
vn 0.459377 0.848385 0.263090
vn 0.623032 0.288964 0.726864
vn 0.943718 0.008738 0.330635
vn 0.859753 0.482739 0.166696
vn 0.623032 0.288964 0.726864
vn 0.709245 -0.675536 0.201550
vn 0.943718 0.008738 0.330635
vn 0.505192 -0.330241 0.797322
vn 0.863651 -0.473625 -0.172588
vn 0.709245 -0.675536 0.201550
vn 0.120540 -0.040377 0.991887
vn 0.255537 -0.909100 0.328995
vn -0.180089 -0.575088 0.798024
vn 0.041269 0.589514 0.806703
vn -0.476922 0.172928 0.861767
vn 0.041269 0.589514 0.806703
vn -0.688559 0.641659 0.337877
vn -0.476922 0.172928 0.861767
vn -0.476922 0.172928 0.861767
vn -0.688559 0.641659 0.337877
vn -0.897254 0.071275 0.435724
vn -0.698840 -0.479842 0.530447
vn -0.698840 -0.479842 0.530447
vn -0.944782 -0.278011 0.173484
vn -0.890518 0.438170 0.122415
vn -0.682507 -0.688791 -0.244442
vn -0.943718 -0.008738 -0.330635
vn -0.481669 -0.872689 0.080052
vn -0.481669 -0.872689 0.080052
vn -0.682507 -0.688791 -0.244442
vn -0.682507 -0.688791 -0.244442
vn -0.943718 -0.008738 -0.330635
vn -0.230213 -0.905905 0.355440
vn -0.698840 -0.479842 0.530447
vn -0.180089 -0.575088 0.798024
vn -0.230213 -0.905905 0.355440
vn -0.709243 0.675538 -0.201549
vn -0.505191 0.330240 -0.797323
vn -0.890518 0.438170 0.122415
vn -0.503216 0.863347 -0.037507
vn -0.709243 0.675538 -0.201549
vn -0.505191 0.330240 -0.797323
vn -0.503216 0.863347 -0.037507
vn -0.247618 0.965254 0.083491
vn 0.849860 -0.200164 -0.487517
vn 0.577514 -0.684832 -0.444391
vn -0.981879 -0.097833 0.162306
vn -0.403524 -0.582580 0.705528
vn -0.484596 -0.161532 0.859694
vn -0.964374 0.229087 0.132297
vn -0.389379 0.484755 0.783197
vn 0.336217 -0.340750 0.877979
vn -0.403524 -0.582580 0.705528
vn 0.164643 -0.655986 0.736597
vn 0.486944 0.203924 0.849294
vn -0.484596 -0.161532 0.859694
vn 0.687019 0.386633 0.615240
vn -0.389379 0.484755 0.783197
vn 0.486944 0.203924 0.849294
vn -0.395673 0.747867 0.533046
vn 0.687019 0.386633 0.615240
vn 0.921283 -0.315359 0.227566
vn 0.910304 -0.413695 -0.014268
vn 0.916614 -0.368256 0.155582
vn 0.369941 -0.710456 -0.598662
vn 0.916614 -0.368256 0.155582
vn 0.529274 -0.018482 -0.848249
vn 0.910304 -0.413695 -0.014268
vn 0.369941 -0.710456 -0.598662
vn 0.243348 -0.709439 -0.661421
vn -0.751678 -0.343342 -0.563113
vn -0.634400 -0.316416 -0.705278
vn 0.369941 -0.710456 -0.598662
vn -0.583329 -0.016238 -0.812074
vn -0.751678 -0.343342 -0.563113
vn -0.942338 0.300280 -0.147751
vn -0.751678 -0.343342 -0.563113
vn -0.583329 -0.016238 -0.812074
vn -0.848406 -0.501225 0.170238
vn 0.529274 -0.018482 -0.848249
vn -0.486675 -0.638599 -0.596103
vn -0.486675 -0.638599 -0.596103
vn 0.260298 -0.806091 -0.531471
vn 0.679024 -0.729195 0.084862
vn 0.679024 -0.729195 0.084862
vn 0.260298 -0.806091 -0.531471
vn 0.679024 -0.729195 0.084862
vn -0.746841 -0.643232 -0.168763
vn -0.942338 0.300280 -0.147751
vn -0.928393 -0.312824 0.200568
vn -0.231120 -0.959222 -0.162714
vn -0.634400 -0.316416 -0.705278
vn -0.685270 -0.276266 0.673856
vn -0.746841 -0.643232 -0.168763
vn -0.980452 -0.144096 0.133977
vn -0.710942 -0.554113 -0.433036
vn -0.685270 -0.276266 0.673856
vn -0.928393 -0.312824 0.200568
vn -0.141316 0.404631 -0.903495
vn -0.980452 -0.144096 0.133977
vn -0.400865 0.848542 -0.345375
vn -0.040861 0.941684 0.334009
vn -0.604039 -0.013969 0.796832
vn 0.710941 0.554112 0.433039
vn -0.040861 0.941684 0.334009
vn 0.141315 -0.404631 0.903495
vn -0.604039 -0.013969 0.796832
vn 0.546709 0.753183 -0.365822
vn 0.710941 0.554112 0.433039
vn 0.546709 0.753183 -0.365821
vn -0.400865 0.848542 -0.345375
vn -0.040861 0.941684 0.334009
vn 0.546706 0.753183 -0.365825
vn 0.546710 0.753182 -0.365822
vn 0.546708 0.753181 -0.365827
vn 0.546707 0.753184 -0.365823
vn -0.141316 0.404631 -0.903495
vn 0.604037 0.013967 -0.796834
vn -0.710942 -0.554113 -0.433036
vn -0.141316 0.404631 -0.903495
vn 0.980452 0.144096 -0.133978
vn 0.604037 0.013967 -0.796834
vn 0.040858 -0.941686 -0.334004
vn -0.231120 -0.959222 -0.162714
vn 0.400868 -0.848542 0.345370
vn 0.225520 -0.905264 0.360053
vn 0.040858 -0.941686 -0.334004
vn 0.141315 -0.404631 0.903495
vn 0.980452 0.144096 -0.133978
vn -0.123598 -0.503300 0.855227
vn 0.225520 -0.905264 0.360053
vn 0.225520 -0.905264 0.360053
vn 0.243348 -0.709439 -0.661421
vn -0.231120 -0.959222 -0.162714
vn -0.123598 -0.503300 0.855227
vn -0.395673 0.747867 0.533046
vn 0.981879 -0.097831 0.162306
vn 0.403517 -0.582602 0.705513
vn 0.848403 -0.501232 0.170229
vn 0.484596 -0.161532 0.859694
vn 0.964374 0.229086 0.132297
vn 0.389380 0.484755 0.783196
vn -0.336219 -0.340752 0.877978
vn -0.486944 0.203925 0.849294
vn -0.687019 0.386634 0.615240
vn 0.389380 0.484755 0.783196
vn 0.395672 0.747867 0.533046
vn 0.964374 0.229086 0.132297
vn 0.942338 0.300280 -0.147751
vn -0.921283 -0.315358 0.227565
vn -0.687019 0.386634 0.615240
vn -0.910304 -0.413694 -0.014268
vn -0.336219 -0.340752 0.877978
vn -0.486944 0.203925 0.849294
vn -0.369941 -0.710456 -0.598662
vn -0.916615 -0.368255 0.155580
vn -0.369941 -0.710456 -0.598662
vn -0.910304 -0.413694 -0.014268
vn -0.243348 -0.709439 -0.661421
vn 0.751678 -0.343343 -0.563113
vn 0.634400 -0.316416 -0.705278
vn 0.583329 -0.016236 -0.812074
vn -0.369941 -0.710456 -0.598662
vn 0.751678 -0.343343 -0.563113
vn 0.942338 0.300280 -0.147751
vn 0.751678 -0.343343 -0.563113
vn 0.634400 -0.316416 -0.705278
vn 0.981879 -0.097831 0.162306
vn 0.964374 0.229086 0.132297
vn 0.583329 -0.016236 -0.812074
vn 0.848403 -0.501232 0.170229
vn 0.486672 -0.638598 -0.596107
vn -0.529276 -0.018484 -0.848248
vn 0.486672 -0.638598 -0.596107
vn -0.260315 -0.806082 -0.531477
vn 0.486672 -0.638598 -0.596107
vn -0.679024 -0.729194 0.084871
vn -0.679024 -0.729194 0.084871
vn -0.916615 -0.368255 0.155580
vn -0.164648 -0.655981 0.736600
vn 0.746838 -0.643236 -0.168763
vn 0.928392 -0.312827 0.200567
vn 0.634400 -0.316416 -0.705278
vn 0.231117 -0.959223 -0.162716
vn 0.746838 -0.643236 -0.168763
vn 0.685269 -0.276270 0.673855
vn 0.928392 -0.312827 0.200567
vn 0.746838 -0.643236 -0.168763
vn 0.980452 -0.144097 0.133977
vn 0.928392 -0.312827 0.200567
vn 0.685269 -0.276270 0.673855
vn 0.141315 0.404630 -0.903496
vn 0.980452 -0.144097 0.133977
vn 0.710941 -0.554114 -0.433036
vn 0.040862 0.941683 0.334010
vn 0.980452 -0.144097 0.133977
vn 0.400863 0.848543 -0.345374
vn -0.710944 0.554110 0.433036
vn 0.604039 -0.013970 0.796832
vn 0.040862 0.941683 0.334010
vn -0.141312 -0.404626 0.903498
vn 0.123604 -0.503291 0.855231
vn -0.710944 0.554110 0.433036
vn -0.546709 0.753183 -0.365822
vn -0.546713 0.753178 -0.365825
vn -0.546710 0.753181 -0.365823
vn -0.546710 0.753182 -0.365822
vn -0.546709 0.753180 -0.365827
vn 0.141315 0.404630 -0.903496
vn -0.546707 0.753183 -0.365823
vn -0.604038 0.013966 -0.796833
vn 0.710941 -0.554114 -0.433036
vn -0.040860 -0.941686 -0.334003
vn -0.980452 0.144097 -0.133978
vn -0.980452 0.144097 -0.133978
vn -0.040860 -0.941686 -0.334003
vn -0.400868 -0.848542 0.345370
vn -0.400868 -0.848542 0.345370
vn 0.231117 -0.959223 -0.162716
vn -0.225519 -0.905263 0.360055
vn 0.710941 -0.554114 -0.433036
vn -0.141312 -0.404626 0.903498
vn -0.710944 0.554110 0.433036
vn -0.225519 -0.905263 0.360055
vn 0.123604 -0.503291 0.855231
vn -0.243348 -0.709439 -0.661421
vn 0.231117 -0.959223 -0.162716
vn 0.123604 -0.503291 0.855231
vn -0.015453 -0.467262 0.883984
vn 0.585584 -0.339981 0.735870
vn 0.276391 -0.215216 0.936638
vn 0.688190 0.072869 0.721862
vn 0.162458 0.319301 0.933624
vn -0.262868 -0.128528 0.956233
vn -0.560580 -0.351825 0.749646
vn -0.723608 -0.003449 0.690203
vn -0.425324 0.443775 0.788773
vn -0.932040 -0.018604 0.361876
vn -0.560580 -0.351825 0.749646
vn -0.723608 -0.003449 0.690203
vn -0.850649 0.398738 0.342643
vn -0.932041 0.354956 -0.072843
vn -0.723608 0.681826 -0.107263
vn -0.425324 0.846567 0.320037
vn -0.425324 0.443775 0.788773
vn -0.425324 0.846567 0.320037
vn -0.850649 0.398738 0.342643
vn -0.425324 0.443775 0.788773
vn -0.262868 0.926007 -0.270945
vn -0.723608 0.681826 -0.107263
vn 0.000002 0.758442 0.651741
vn 0.162457 0.971039 0.175188
vn -0.015454 0.803615 -0.594949
vn 0.276389 0.893593 -0.353696
vn -0.560580 0.688175 -0.460614
vn -0.015454 0.803615 -0.594949
vn -0.560580 0.688175 -0.460614
vn -0.262868 0.926007 -0.270945
vn -0.560580 0.688175 -0.460614
vn 0.585584 0.676336 -0.446834
vn -0.015454 0.803615 -0.594949
vn 0.276389 0.893593 -0.353696
vn 0.688190 0.724608 -0.036577
vn 0.922490 0.374114 -0.095137
vn 0.894426 0.339187 0.291469
vn 0.894426 0.339187 0.291469
vn 0.688190 0.724608 -0.036577
vn 0.525731 0.645169 0.554404
vn 0.162458 0.319301 0.933624
vn 0.894426 0.339187 0.291469
vn 0.525731 0.645169 0.554404
vn 0.922489 -0.037762 0.384171
vn 0.922489 -0.037762 0.384171
vn 0.000002 0.758442 0.651741
vn -0.015453 -0.467261 0.883984
vn 0.585584 -0.339982 0.735870
vn 0.276391 -0.215216 0.936638
vn 0.688190 0.072869 0.721862
vn 0.162458 0.319302 0.933624
vn -0.262868 -0.128528 0.956233
vn -0.560580 -0.351824 0.749647
vn -0.723608 -0.003450 0.690203
vn -0.425324 0.443774 0.788773
vn -0.932041 -0.018604 0.361876
vn -0.560580 -0.351824 0.749647
vn -0.723608 -0.003450 0.690203
vn -0.850649 0.398738 0.342643
vn -0.932041 0.354955 -0.072843
vn -0.723608 0.681826 -0.107263
vn -0.425323 0.846567 0.320038
vn -0.425324 0.443774 0.788773
vn -0.425323 0.846567 0.320038
vn -0.850649 0.398738 0.342643
vn -0.425324 0.443774 0.788773
vn -0.262868 0.926007 -0.270944
vn -0.723608 0.681826 -0.107263
vn 0.000002 0.758442 0.651741
vn 0.162457 0.971039 0.175188
vn -0.015454 0.803615 -0.594949
vn 0.276389 0.893593 -0.353695
vn -0.560580 0.688175 -0.460614
vn -0.015454 0.803615 -0.594949
vn -0.560580 0.688175 -0.460614
vn -0.262868 0.926007 -0.270944
vn -0.560580 0.688175 -0.460614
vn 0.585585 0.676336 -0.446834
vn -0.015454 0.803615 -0.594949
vn 0.276389 0.893593 -0.353695
vn 0.688190 0.724608 -0.036577
vn 0.922490 0.374113 -0.095137
vn 0.894426 0.339187 0.291469
vn 0.894426 0.339187 0.291469
vn 0.688190 0.724608 -0.036577
vn 0.525731 0.645169 0.554404
vn 0.162458 0.319302 0.933624
vn 0.894426 0.339187 0.291469
vn 0.525731 0.645169 0.554404
vn 0.922489 -0.037762 0.384171
vn 0.922489 -0.037762 0.384171
vn 0.000002 0.758442 0.651741
vn -0.525730 -0.850651 0.000001
vn -0.162457 -0.850653 0.499997
vn -0.688190 -0.525733 0.499999
vn -0.162457 -0.850653 0.499997
vn -0.276389 -0.447216 0.850651
vn -0.688190 -0.525733 0.499999
vn -0.000001 -1.000000 -0.000000
vn 0.425324 -0.850653 0.309013
vn 0.425324 -0.850653 0.309013
vn 0.262869 -0.525735 0.809013
vn 0.425324 -0.850653 -0.309013
vn -0.162457 -0.850653 -0.499997
vn 0.262869 -0.525736 -0.809013
vn -0.276388 -0.447218 -0.850650
vn -0.688191 -0.525733 -0.499999
vn 0.262869 -0.525736 -0.809013
vn -0.276388 -0.447218 -0.850650
vn -0.000000 -0.000001 -1.000000
vn -0.587786 -0.000001 -0.809017
vn -0.688191 -0.525733 -0.499999
vn -0.262869 0.525734 -0.809014
vn -0.723608 0.447217 -0.525727
vn -0.951057 0.000001 -0.309014
vn -0.425324 0.850653 -0.309013
vn -0.723608 0.447217 -0.525727
vn -0.850648 0.525735 0.000000
vn -0.425324 0.850653 -0.309013
vn -0.951057 0.000001 -0.309014
vn -0.425324 0.850653 -0.309013
vn -0.850648 0.525735 0.000000
vn -0.425324 0.850653 0.309013
vn -0.723607 0.447218 0.525728
vn -0.425324 0.850653 0.309013
vn -0.951057 0.000001 0.309016
vn -0.587785 0.000001 0.809017
vn -0.723607 0.447218 0.525728
vn -0.262870 0.525735 0.809013
vn -0.262870 0.525735 0.809013
vn -0.000000 -0.000001 1.000000
vn -0.587785 0.000001 0.809017
vn -0.262870 0.525735 0.809013
vn -0.688190 -0.525733 0.499999
vn 0.276388 0.447218 0.850650
vn 0.587785 0.000000 0.809017
vn 0.276388 0.447218 0.850650
vn 0.162456 0.850653 0.499998
vn 0.688189 0.525734 0.499999
vn 0.688189 0.525734 0.499999
vn 0.525730 0.850651 0.000000
vn 0.894427 0.447214 -0.000000
vn 0.951057 -0.000001 0.309015
vn 0.894427 0.447214 -0.000000
vn 0.951057 -0.000001 0.309015
vn 0.951058 -0.000001 -0.309014
vn 0.894427 0.447214 -0.000000
vn 0.688190 0.525733 -0.499999
vn 0.525730 0.850651 0.000000
vn 0.723607 -0.447218 -0.525727
vn 0.587786 -0.000001 -0.809017
vn 0.850649 -0.525735 0.000001
vn 0.850649 -0.525735 0.000001
vn 0.723607 -0.447218 -0.525727
vn 0.262869 -0.525736 -0.809013
vn 0.723606 -0.447218 0.525728
vn 0.850649 -0.525735 0.000001
vn 0.276388 0.447218 -0.850650
vn -0.000000 -0.000001 -1.000000
vn 0.162457 0.850653 -0.499997
vn 0.276388 0.447218 -0.850650
vn 0.162457 0.850653 -0.499997
vn 0.688190 0.525733 -0.499999
vn 0.162457 0.850653 -0.499997
vn 0.000001 1.000000 0.000000
vn -0.262869 0.525734 -0.809014
vn -0.894427 -0.447215 -0.000001
vn -0.525730 -0.850651 0.000001
vn -0.894427 -0.447215 -0.000001
vn -0.688191 -0.525733 -0.499999
vn -0.525730 -0.850651 0.000000
vn -0.162457 -0.850653 0.499997
vn -0.688190 -0.525733 0.499999
vn -0.162457 -0.850653 0.499997
vn -0.276389 -0.447216 0.850651
vn -0.688190 -0.525733 0.499999
vn -0.000001 -1.000000 -0.000000
vn 0.425324 -0.850653 0.309013
vn 0.425324 -0.850653 0.309013
vn 0.262869 -0.525735 0.809013
vn 0.425324 -0.850653 -0.309013
vn -0.162457 -0.850653 -0.499997
vn 0.262869 -0.525736 -0.809013
vn -0.276388 -0.447218 -0.850650
vn -0.688191 -0.525733 -0.499999
vn 0.262869 -0.525736 -0.809013
vn -0.276388 -0.447218 -0.850650
vn -0.000000 -0.000001 -1.000000
vn -0.587786 -0.000001 -0.809017
vn -0.688191 -0.525733 -0.499999
vn -0.262869 0.525734 -0.809014
vn -0.723608 0.447217 -0.525727
vn -0.951057 0.000001 -0.309014
vn -0.425324 0.850653 -0.309013
vn -0.723608 0.447217 -0.525727
vn -0.850649 0.525735 0.000000
vn -0.425324 0.850653 -0.309013
vn -0.951057 0.000001 -0.309014
vn -0.425324 0.850653 -0.309013
vn -0.850649 0.525735 0.000000
vn -0.425324 0.850653 0.309012
vn -0.723607 0.447218 0.525728
vn -0.425324 0.850653 0.309012
vn -0.951057 0.000001 0.309016
vn -0.587785 0.000001 0.809017
vn -0.723607 0.447218 0.525728
vn -0.262870 0.525735 0.809013
vn -0.262870 0.525735 0.809013
vn -0.000000 -0.000001 1.000000
vn -0.587785 0.000001 0.809017
vn -0.262870 0.525735 0.809013
vn -0.688190 -0.525733 0.499999
vn 0.276388 0.447218 0.850650
vn 0.587785 0.000000 0.809017
vn 0.276388 0.447218 0.850650
vn 0.162456 0.850653 0.499998
vn 0.688189 0.525734 0.499999
vn 0.688189 0.525734 0.499999
vn 0.525730 0.850651 0.000000
vn 0.894427 0.447214 -0.000000
vn 0.951057 -0.000001 0.309015
vn 0.894427 0.447214 -0.000000
vn 0.951057 -0.000001 0.309015
vn 0.951057 -0.000001 -0.309014
vn 0.894427 0.447214 -0.000000
vn 0.688190 0.525733 -0.499999
vn 0.525730 0.850651 0.000000
vn 0.723607 -0.447218 -0.525727
vn 0.587786 -0.000001 -0.809017
vn 0.850649 -0.525735 0.000001
vn 0.850649 -0.525735 0.000001
vn 0.723607 -0.447218 -0.525727
vn 0.262869 -0.525736 -0.809013
vn 0.723606 -0.447218 0.525728
vn 0.850649 -0.525735 0.000001
vn 0.276388 0.447218 -0.850650
vn -0.000000 -0.000001 -1.000000
vn 0.162457 0.850653 -0.499997
vn 0.276388 0.447218 -0.850650
vn 0.162457 0.850653 -0.499997
vn 0.688190 0.525733 -0.499999
vn 0.162457 0.850653 -0.499997
vn 0.000001 1.000000 0.000000
vn -0.262869 0.525734 -0.809014
vn -0.894427 -0.447214 -0.000001
vn -0.525730 -0.850651 0.000000
vn -0.894427 -0.447214 -0.000001
vn -0.688191 -0.525733 -0.499999
vn -0.291941 0.000001 0.956436
vn -0.291942 0.000001 0.956436
vn -0.291942 0.000001 0.956436
vn 0.291941 0.000001 0.956436
vn 0.291941 0.000001 0.956436
vn 0.291941 0.000001 0.956436
vn -0.291942 0.209798 0.933142
vn -0.291942 0.209798 0.933142
vn -0.291942 0.209798 0.933142
vn 0.291942 0.209798 0.933142
vn 0.291942 0.209798 0.933142
vn 0.291942 0.209798 0.933142
vn -0.291942 -0.209798 -0.933143
vn -0.291942 -0.209798 -0.933143
vn -0.291942 -0.209797 -0.933143
vn 0.291942 -0.209798 -0.933142
vn 0.291942 -0.209798 -0.933143
vn 0.291942 -0.209798 -0.933142
vn -0.291942 0.134561 0.946923
vn -0.291942 0.134562 0.946923
vn -0.291942 0.134562 0.946923
vn 0.291942 0.134561 0.946923
vn 0.291942 0.134562 0.946923
vn 0.291942 0.134561 0.946923
vn -0.261273 0.635617 0.726448
vn -0.261274 0.635617 0.726448
vn -0.261274 0.635617 0.726448
vn 0.261274 0.635617 0.726448
vn 0.261274 0.635617 0.726448
vn 0.261273 0.635617 0.726448
vn -0.261273 0.779486 0.569331
vn -0.261273 0.779486 0.569331
vn -0.261273 0.779486 0.569331
vn 0.261273 0.779486 0.569331
vn 0.261273 0.779486 0.569331
vn 0.261273 0.779486 0.569331
vn -0.261273 -0.779486 -0.569331
vn -0.261273 -0.779486 -0.569331
vn -0.261273 -0.779486 -0.569331
vn 0.261273 -0.779486 -0.569331
vn 0.261273 -0.779486 -0.569331
vn 0.261273 -0.779486 -0.569331
vn -0.261273 0.731500 0.629797
vn -0.261273 0.731500 0.629797
vn -0.261273 0.731499 0.629798
vn 0.261273 0.731500 0.629797
vn 0.261273 0.731499 0.629797
vn 0.261273 0.731500 0.629797
vn 0.318466 -0.043776 0.946923
vn 0.318465 -0.043777 0.946923
vn 0.318465 -0.043776 0.946923
vn 0.318466 -0.043776 0.946923
vn 0.318466 -0.043776 0.946923
vn 0.318466 -0.043776 0.946923
vn 0.261557 0.161669 0.951552
vn 0.261557 0.161669 0.951552
vn 0.261557 0.161669 0.951552
vn 0.261558 0.161669 0.951552
vn 0.261558 0.161669 0.951552
vn 0.261558 0.161669 0.951552
vn 0.132018 0.379398 0.915767
vn 0.132018 0.379398 0.915767
vn 0.132018 0.379397 0.915767
vn -0.399351 0.339298 0.851702
vn -0.399351 0.339297 0.851702
vn -0.399351 0.339299 0.851701
vn -0.291942 0.473644 0.830922
vn -0.291942 0.473644 0.830922
vn -0.291942 0.473644 0.830922
vn 0.291942 0.473644 0.830922
vn 0.291942 0.473644 0.830922
vn 0.291942 0.473644 0.830922
vn -0.498417 0.247283 0.830922
vn -0.498417 0.247283 0.830922
vn -0.498417 0.247283 0.830922
vn 0.226332 0.296239 0.927910
vn 0.226332 0.296239 0.927910
vn 0.226332 0.296239 0.927910
vn -0.291941 0.440308 0.849058
vn -0.291942 0.440307 0.849058
vn -0.291942 0.440307 0.849058
vn 0.291942 0.440308 0.849058
vn 0.291942 0.440307 0.849058
vn 0.291941 0.440308 0.849058
vn 0.291942 0.440307 0.849058
vn 0.291941 0.440307 0.849058
vn 0.291942 0.440307 0.849058
vn -0.291942 0.440308 0.849058
vn -0.291942 0.440307 0.849058
vn -0.291942 0.440307 0.849058
vn 0.473689 0.246179 0.845585
vn 0.473689 0.246179 0.845585
vn 0.473689 0.246179 0.845586
vn -0.017989 0.560598 0.827893
vn -0.017989 0.560598 0.827893
vn -0.017990 0.560598 0.827893
vn -0.473689 0.246180 0.845585
vn 0.017990 0.560598 0.827893
vn -0.506112 0.651337 -0.565341
vn -0.506121 0.651349 0.565319
vn 0.733653 -0.541364 0.410704
vn -0.506112 0.651337 -0.565341
vn 0.301981 0.664272 -0.683776
vn -0.506112 0.651337 -0.565341
vn 0.638600 0.607103 0.472880
vn 0.554691 -0.720576 0.416038
vn 0.554693 0.720581 0.416027
vn 0.554693 0.720581 0.416027
vn 0.554699 -0.720587 0.416008
vn 0.554694 0.720580 0.416027
vn 0.554694 0.720580 0.416027
vn -0.321788 0.640412 -0.697370
vn -0.644069 0.660310 0.386220
vn 0.586076 -0.522230 0.619509
vn -0.321788 0.640412 -0.697370
vn -0.321788 0.640412 -0.697370
vn 0.344567 -0.697457 0.628353
vn 0.344564 0.697456 0.628356
vn 0.344564 0.697456 0.628356
vn 0.407587 -0.720580 0.560925
vn 0.407607 0.720593 0.560894
vn -0.283428 0.638479 0.715551
vn -0.283428 0.638479 0.715551
vn 0.551417 -0.517594 -0.654244
vn -0.283428 0.638479 0.715551
vn -0.663848 0.661448 -0.348987
vn 0.763243 0.601554 0.235784
vn 0.157337 -0.000000 -0.987545
vn 0.157337 -0.000000 -0.987545
vn 0.645229 -0.760311 0.074876
vn 0.664723 -0.720580 0.197249
vn 0.664721 0.720592 0.197213
vn 0.664723 -0.720580 0.197249
vn 0.506093 0.651361 -0.565330
vn 0.506140 0.651325 0.565331
vn -0.733650 -0.541361 0.410714
vn 0.506140 0.651325 0.565331
vn -0.638600 0.607103 0.472880
vn -0.733681 -0.541328 -0.410701
vn -0.638600 0.607103 0.472880
vn -0.554690 -0.720577 0.416038
vn 0.554694 -0.000000 -0.832054
vn -0.554694 0.720580 0.416027
vn -0.554699 -0.720587 0.416009
vn 0.554694 -0.000000 -0.832055
vn -0.554694 0.720580 0.416027
vn 0.321787 0.640413 -0.697370
vn 0.644070 0.660310 0.386219
vn -0.586068 -0.522240 0.619508
vn -0.454546 0.620645 0.638896
vn -0.817592 -0.547138 -0.179397
vn -0.586068 -0.522240 0.619508
vn -0.344568 -0.697457 0.628353
vn 0.177532 -0.000000 -0.984115
vn -0.344565 0.697456 0.628356
vn -0.407588 -0.720580 0.560925
vn 0.285077 -0.000000 -0.958505
vn 0.652627 0.720556 0.234260
vn 0.338157 -0.570021 0.748816
vn 0.738865 -0.585452 -0.333652
vn -0.547494 0.655149 0.520606
vn 0.283427 0.638479 0.715551
vn -0.551418 -0.517597 -0.654242
vn 0.218844 -0.545661 -0.808926
vn 0.273066 -0.696440 0.663631
vn -0.157338 -0.000000 -0.987545
vn 0.273062 0.696438 0.663635
vn -0.664723 -0.720580 0.197250
vn 0.809348 -0.000000 -0.587329
vn 0.622076 -0.568906 0.537928
vn -0.180413 -0.577341 -0.796322
vn 0.796314 -0.577341 -0.180448
vn 0.180443 0.577350 0.796309
vn -0.180431 0.577343 -0.796316
vn 0.180424 0.577339 0.796321
vn -0.796319 0.577340 0.180426
vn -0.796299 -0.577349 0.180489
vn 0.796308 -0.577349 -0.180446
vn -0.280151 0.283374 0.917178
vn 0.129351 0.656019 0.743577
vn -0.775185 -0.469506 0.422674
vn 0.280148 0.283374 0.917179
vn -0.180434 -0.577344 0.796315
vn -0.796314 0.577337 -0.180460
vn -0.796296 -0.577360 -0.180466
vn -0.796308 0.577350 -0.180446
vn 0.796305 0.577361 0.180423
vn 0.180428 -0.577320 -0.796334
vn 0.180424 0.577348 -0.796314
vn 0.180433 -0.577341 -0.796317
vn 0.280148 0.283374 0.917179
vn 0.706821 0.283386 0.648148
vn 0.775194 -0.469496 0.422668
vn -0.389379 0.484755 0.783197
vn -0.395673 0.747867 0.533046
vn 0.921283 -0.315359 0.227566
vn 0.921283 -0.315359 0.227566
vn -0.634400 -0.316416 -0.705278
vn -0.486675 -0.638599 -0.596103
vn 0.260298 -0.806091 -0.531471
vn 0.164643 -0.655986 0.736597
vn -0.848406 -0.501225 0.170238
vn -0.403524 -0.582580 0.705528
vn 0.243348 -0.709439 -0.661421
vn -0.928393 -0.312824 0.200568
vn -0.710942 -0.554113 -0.433036
vn -0.604039 -0.013969 0.796832
vn 0.040858 -0.941686 -0.334004
vn 0.400868 -0.848542 0.345370
vn 0.400868 -0.848542 0.345370
vn 0.910304 -0.413695 -0.014268
vn -0.685270 -0.276266 0.673856
vn -0.164648 -0.655981 0.736600
vn -0.486944 0.203925 0.849294
vn -0.529276 -0.018484 -0.848248
vn -0.921283 -0.315358 0.227565
vn -0.260315 -0.806082 -0.531477
vn -0.679024 -0.729194 0.084871
vn -0.243348 -0.709439 -0.661421
vn 0.400863 0.848543 -0.345374
vn 0.604039 -0.013970 0.796832
vn -0.604038 0.013966 -0.796833
vn 0.141315 0.404630 -0.903496
vn -0.604038 0.013966 -0.796833
vn -0.040860 -0.941686 -0.334003
vn -0.291941 0.000001 0.956436
vn 0.291942 0.000001 0.956436
vn -0.291942 0.209798 0.933142
vn 0.291942 0.209798 0.933142
vn -0.291942 -0.209798 -0.933143
vn 0.291942 -0.209797 -0.933143
vn -0.291942 0.134561 0.946923
vn 0.291942 0.134562 0.946923
vn -0.261273 0.635617 0.726448
vn 0.261274 0.635617 0.726448
vn -0.261273 0.779486 0.569331
vn 0.261273 0.779486 0.569331
vn -0.261273 -0.779486 -0.569331
vn 0.261273 -0.779486 -0.569331
vn -0.261273 0.731500 0.629797
vn 0.261273 0.731499 0.629798
vn 0.318465 -0.043778 0.946923
vn 0.318466 -0.043776 0.946923
vn 0.261557 0.161669 0.951552
vn 0.261557 0.161669 0.951552
vn 0.132018 0.379398 0.915766
vn -0.399351 0.339297 0.851702
vn -0.291942 0.473644 0.830922
vn 0.291942 0.473644 0.830922
vn -0.498417 0.247283 0.830922
vn 0.226333 0.296239 0.927909
vn -0.291941 0.440308 0.849058
vn 0.291942 0.440307 0.849058
vn 0.291941 0.440308 0.849058
vn -0.291941 0.440308 0.849058
vn 0.473689 0.246179 0.845585
vn -0.017989 0.560598 0.827892
f 1/1/1 2/2/2 3/3/3
f 4/4/4 5/5/5 6/6/6
f 7/7/7 8/8/8 9/9/9
f 10/10/10 11/11/11 12/12/12
f 10/10/10 12/12/12 13/13/13
f 14/14/14 15/15/15 16/16/16
f 12/12/12 14/14/14 16/16/16
f 12/12/12 16/16/16 13/13/13
f 17/17/17 18/18/18 19/19/19
f 16/16/16 17/17/17 19/19/19
f 16/16/16 19/19/19 13/13/13
f 20/20/20 21/21/21 22/22/22
f 19/19/19 20/20/20 22/22/22
f 19/19/19 22/22/22 13/13/13
f 23/23/23 24/24/24 10/10/10
f 22/22/22 23/23/23 10/10/10
f 22/22/22 10/10/10 13/13/13
f 25/25/25 8/8/8 7/7/7
f 26/26/26 25/25/25 7/7/7
f 26/26/26 7/7/7 27/27/27
f 28/28/28 29/29/29 30/30/30
f 31/31/31 28/28/28 30/30/30
f 31/31/31 30/30/30 32/32/32
f 33/33/33 34/34/34 35/35/35
f 36/36/36 33/33/33 35/35/35
f 36/36/36 35/35/35 37/37/37
f 38/38/38 21/21/21 20/20/20
f 39/39/39 38/38/38 20/20/20
f 39/39/39 20/20/20 18/18/18
f 40/40/40 27/27/27 41/41/41
f 42/42/42 43/43/43 44/44/44
f 45/45/45 23/23/23 21/21/21
f 46/46/46 47/47/47 48/48/48
f 49/49/49 46/46/46 48/48/48
f 25/25/25 50/50/50 8/8/8
f 51/51/51 52/52/52 53/53/53
f 54/54/54 51/51/51 53/53/53
f 55/55/55 36/36/36 37/37/37
f 56/56/56 57/57/57 58/58/58
f 33/33/33 56/56/56 58/58/58
f 33/33/33 58/58/58 34/34/34
f 59/59/59 60/60/60 42/42/42
f 61/61/61 59/59/59 42/42/42
f 61/61/61 42/42/42 62/62/62
f 63/63/63 64/64/64 65/65/65
f 66/66/66 63/63/63 65/65/65
f 40/40/40 26/26/26 27/27/27
f 67/67/67 47/47/47 46/46/46
f 68/68/68 67/67/67 46/46/46
f 68/68/68 46/46/46 64/64/64
f 69/69/69 52/52/52 51/51/51
f 67/67/67 69/69/69 51/51/51
f 67/67/67 51/51/51 47/47/47
f 70/70/70 71/71/71 72/72/72
f 69/69/69 70/70/70 72/72/72
f 69/69/69 72/72/72 52/52/52
f 73/73/73 74/74/74 68/68/68
f 63/63/63 73/73/73 68/68/68
f 63/63/63 68/68/68 64/64/64
f 73/73/73 75/75/75 76/76/76
f 70/70/70 73/73/73 76/76/76
f 70/70/70 76/76/76 71/71/71
f 24/24/24 11/11/11 10/10/10
f 77/77/77 14/14/14 12/12/12
f 15/15/15 17/17/17 16/16/16
f 18/18/18 20/20/20 19/19/19
f 21/21/21 23/23/23 22/22/22
f 64/64/64 49/49/49 65/65/65
f 47/47/47 54/54/54 48/48/48
f 78/78/78 33/33/33 36/36/36
f 79/79/79 61/61/61 80/80/80
f 60/60/60 43/43/43 42/42/42
f 64/64/64 46/46/46 49/49/49
f 47/47/47 51/51/51 54/54/54
f 78/78/78 56/56/56 33/33/33
f 79/79/79 59/59/59 61/61/61
f 75/75/75 63/63/63 66/66/66
f 74/74/74 67/67/67 68/68/68
f 74/74/74 69/69/69 67/67/67
f 74/74/74 70/70/70 69/69/69
f 75/75/75 73/73/73 63/63/63
f 74/74/74 73/73/73 70/70/70
f 81/81/81 82/82/82 83/83/83
f 82/82/82 84/84/84 83/83/83
f 85/85/85 82/82/82 81/81/81
f 85/85/85 86/86/86 82/82/82
f 82/82/82 86/86/86 87/87/87
f 82/82/82 87/87/87 84/84/84
f 86/86/86 85/85/85 88/88/88
f 85/85/85 89/89/89 88/88/88
f 85/85/85 81/81/81 89/89/89
f 88/88/88 89/89/89 90/90/90
f 89/89/89 91/91/91 90/90/90
f 89/89/89 81/81/81 92/92/92
f 89/89/89 92/92/92 91/91/91
f 93/93/93 94/94/94 95/95/95
f 94/94/94 96/96/96 95/95/95
f 94/94/94 97/97/97 96/96/96
f 95/95/95 96/96/96 98/98/98
f 99/99/99 100/100/100 101/101/101
f 96/96/96 97/97/97 102/102/102
f 103/103/103 104/104/104 105/105/105
f 101/101/101 100/100/100 106/106/106
f 100/100/100 107/107/107 106/106/106
f 104/104/104 108/108/108 105/105/105
f 106/106/106 107/107/107 109/109/109
f 108/108/108 110/110/110 111/111/111
f 104/104/104 112/112/112 108/108/108
f 112/112/112 110/110/110 108/108/108
f 112/112/112 113/113/113 110/110/110
f 110/110/110 114/114/114 111/111/111
f 113/113/113 114/114/114 110/110/110
f 115/115/115 116/116/116 117/117/117
f 117/117/117 116/116/116 118/118/118
f 112/112/112 119/119/119 113/113/113
f 83/83/83 84/84/84 120/120/120
f 116/116/116 121/121/121 118/118/118
f 84/84/84 87/87/87 122/122/122
f 116/116/116 123/123/123 124/124/124
f 116/116/116 124/124/124 121/121/121
f 118/118/118 121/121/121 125/125/125
f 121/121/121 126/126/126 125/125/125
f 124/124/124 126/126/126 121/121/121
f 127/127/127 128/128/128 129/129/129
f 128/128/128 130/130/130 129/129/129
f 124/124/124 131/131/131 126/126/126
f 132/132/132 133/133/133 134/134/134
f 132/132/132 135/135/135 133/133/133
f 130/130/130 136/136/136 129/129/129
f 135/135/135 137/137/137 133/133/133
f 138/138/138 139/139/139 135/135/135
f 135/135/135 139/139/139 137/137/137
f 132/132/132 140/140/140 135/135/135
f 140/140/140 138/138/138 135/135/135
f 141/141/141 88/88/88 142/142/142
f 138/138/138 143/143/143 139/139/139
f 88/88/88 90/90/90 142/142/142
f 144/144/144 141/141/141 145/145/145
f 144/144/144 86/86/86 141/141/141
f 141/141/141 86/86/86 88/88/88
f 86/86/86 144/144/144 87/87/87
f 87/87/87 144/144/144 146/146/146
f 147/147/147 131/131/131 124/124/124
f 148/148/148 149/149/149 136/136/136
f 139/139/139 143/143/143 150/150/150
f 139/139/139 150/150/150 151/151/151
f 136/136/136 149/149/149 152/152/152
f 149/149/149 101/101/101 152/152/152
f 153/153/153 101/101/101 149/149/149
f 129/129/129 136/136/136 152/152/152
f 129/129/129 152/152/152 154/154/154
f 152/152/152 101/101/101 106/106/106
f 152/152/152 106/106/106 154/154/154
f 127/127/127 129/129/129 154/154/154
f 109/109/109 127/127/127 154/154/154
f 106/106/106 109/109/109 154/154/154
f 155/155/155 118/118/118 125/125/125
f 156/156/156 112/112/112 104/104/104
f 156/156/156 119/119/119 112/112/112
f 81/81/81 83/83/83 157/157/157
f 81/81/81 157/157/157 92/92/92
f 158/158/158 156/156/156 104/104/104
f 159/159/159 160/160/160 161/161/161
f 162/162/162 163/163/163 164/164/164
f 165/165/165 166/166/166 167/167/167
f 168/168/168 167/167/167 169/169/169
f 170/170/170 171/171/171 159/159/159
f 172/172/172 173/173/173 174/174/174
f 172/172/172 175/175/175 176/176/176
f 177/177/177 178/178/178 179/179/179
f 180/180/180 181/181/181 182/182/182
f 178/178/178 183/183/183 179/179/179
f 184/184/184 185/185/185 186/186/186
f 187/187/187 188/188/188 189/189/189
f 190/190/190 191/191/191 192/192/192
f 193/193/193 194/194/194 195/195/195
f 196/196/196 197/197/197 198/198/198
f 199/199/199 200/200/200 201/201/201
f 202/202/202 203/203/203 204/204/204
f 205/205/205 206/206/206 207/207/207
f 208/208/208 209/209/209 210/210/210
f 211/211/211 212/212/212 213/213/213
f 214/214/214 215/215/215 216/216/216
f 217/217/217 218/218/218 219/219/219
f 220/220/220 221/221/221 222/222/222
f 223/223/223 222/222/222 224/224/224
f 225/225/225 226/226/226 214/214/214
f 227/227/227 228/228/228 229/229/229
f 230/230/230 229/229/229 231/231/231
f 232/232/232 233/233/233 234/234/234
f 235/235/235 236/236/236 232/232/232
f 237/237/237 231/231/231 238/238/238
f 239/239/239 240/240/240 241/241/241
f 242/242/242 243/243/243 244/244/244
f 245/245/245 246/246/246 247/247/247
f 248/248/248 249/249/249 250/250/250
f 251/251/251 252/252/252 253/253/253
f 254/254/254 255/255/255 256/256/256
f 257/257/257 258/258/258 259/259/259
f 260/260/260 261/261/261 262/262/262
f 263/263/263 264/264/264 265/265/265
f 266/266/266 267/267/267 264/264/264
f 268/268/268 269/269/269 270/270/270
f 271/271/271 272/272/272 273/273/273
f 274/274/274 275/275/275 276/276/276
f 277/277/277 276/276/276 278/278/278
f 279/279/279 280/280/280 269/269/269
f 281/281/281 282/282/282 283/283/283
f 283/283/283 284/284/284 285/285/285
f 286/286/286 287/287/287 288/288/288
f 289/289/289 290/290/290 286/286/286
f 291/291/291 292/292/292 293/293/293
f 294/294/294 295/295/295 296/296/296
f 297/297/297 298/298/298 299/299/299
f 300/300/300 301/301/301 302/302/302
f 303/303/303 304/304/304 305/305/305
f 306/306/306 307/307/307 308/308/308
f 309/309/309 310/310/310 311/311/311
f 312/312/312 313/313/313 314/314/314
f 315/315/315 316/316/316 317/317/317
f 318/318/318 319/319/319 320/320/320
f 321/321/321 322/322/322 323/323/323
f 324/324/324 325/325/325 326/326/326
f 327/327/327 328/328/328 329/329/329
f 330/330/330 331/331/331 332/332/332
f 332/332/332 333/333/333 334/334/334
f 335/335/335 336/336/336 325/325/325
f 337/337/337 338/338/338 339/339/339
f 340/340/340 337/337/337 339/339/339
f 341/341/341 342/342/342 343/343/343
f 344/344/344 343/343/343 345/345/345
f 346/346/346 347/347/347 348/348/348
f 349/349/349 350/350/350 351/351/351
f 352/352/352 353/353/353 354/354/354
f 355/355/355 356/356/356 357/357/357
f 358/358/358 359/359/359 360/360/360
f 361/361/361 362/362/362 363/363/363
f 364/364/364 365/365/365 366/366/366
f 367/367/367 368/368/368 369/369/369
f 370/370/370 371/371/371 372/372/372
f 373/373/373 374/374/374 375/375/375
f 376/376/376 377/377/377 378/378/378
f 379/379/379 380/380/380 381/381/381
f 382/382/382 383/383/383 384/384/384
f 385/385/385 386/386/386 387/387/387
f 387/387/387 388/388/388 389/389/389
f 390/390/390 391/391/391 380/380/380
f 392/392/392 393/393/393 394/394/394
f 395/395/395 396/396/396 392/392/392
f 397/397/397 398/398/398 399/399/399
f 400/400/400 399/399/399 401/401/401
f 402/402/402 403/403/403 404/404/404
f 405/405/405 406/406/406 407/407/407
f 408/408/408 409/409/409 410/410/410
f 411/411/411 412/412/412 413/413/413
f 414/414/414 415/415/415 416/416/416
f 417/417/417 418/418/418 419/419/419
f 420/420/420 421/421/421 422/422/422
f 423/423/423 424/424/424 425/425/425
f 426/426/426 427/427/427 428/428/428
f 429/429/429 430/430/430 431/431/431
f 432/432/432 433/433/433 434/434/434
f 435/435/435 436/436/436 437/437/437
f 438/438/438 439/439/439 440/440/440
f 438/438/438 441/441/441 442/442/442
f 443/443/443 444/444/444 445/445/445
f 437/437/437 446/446/446 447/447/447
f 448/448/448 449/449/449 450/450/450
f 451/451/451 450/450/450 452/452/452
f 453/453/453 454/454/454 455/455/455
f 456/456/456 457/457/457 458/458/458
f 445/445/445 459/459/459 460/460/460
f 461/461/461 462/462/462 463/463/463
f 464/464/464 465/465/465 466/466/466
f 467/467/467 468/468/468 469/469/469
f 470/470/470 468/468/468 467/467/467
f 471/471/471 472/472/472 473/473/473
f 474/474/474 475/475/475 476/476/476
f 477/477/477 478/478/478 479/479/479
f 480/480/480 481/481/481 482/482/482
f 476/476/476 483/483/483 484/484/484
f 485/485/485 486/486/486 487/487/487
f 488/488/488 489/489/489 490/490/490
f 491/491/491 492/492/492 493/493/493
f 493/493/493 494/494/494 495/495/495
f 493/493/493 496/496/496 497/497/497
f 498/498/498 499/499/499 500/500/500
f 492/492/492 501/501/501 494/494/494
f 502/502/502 503/503/503 504/504/504
f 505/505/505 503/503/503 506/506/506
f 507/507/507 508/508/508 505/505/505
f 509/509/509 510/510/510 511/511/511
f 502/502/502 512/512/512 507/507/507
f 513/513/513 514/514/514 515/515/515
f 516/516/516 517/517/517 518/518/518
f 519/519/519 517/517/517 520/520/520
f 521/521/521 522/522/522 523/523/523
f 524/524/524 525/525/525 526/526/526
f 527/527/527 528/528/528 529/529/529
f 530/530/530 528/528/528 531/531/531
f 532/532/532 531/531/531 527/527/527
f 530/530/530 533/533/533 534/534/534
f 532/532/532 529/529/529 533/533/533
f 535/535/535 536/536/536 537/537/537
f 538/538/538 539/539/539 540/540/540
f 519/519/519 538/538/538 541/541/541
f 516/516/516 538/538/538 540/540/540
f 542/542/542 494/494/494 543/543/543
f 491/491/491 543/543/543 544/544/544
f 545/545/545 546/546/546 547/547/547
f 548/548/548 549/549/549 550/550/550
f 551/551/551 545/545/545 547/547/547
f 552/552/552 553/553/553 549/549/549
f 489/489/489 554/554/554 555/555/555
f 556/556/556 551/551/551 557/557/557
f 497/497/497 558/558/558 559/559/559
f 560/560/560 561/561/561 562/562/562
f 563/563/563 564/564/564 565/565/565
f 566/566/566 567/567/567 560/560/560
f 568/568/568 569/569/569 570/570/570
f 571/571/571 572/572/572 573/573/573
f 574/574/574 575/575/575 576/576/576
f 577/577/577 578/578/578 579/579/579
f 579/579/579 580/580/580 581/581/581
f 582/582/582 583/583/583 584/584/584
f 585/585/585 586/586/586 582/582/582
f 587/587/587 588/588/588 589/589/589
f 590/590/590 591/591/591 592/592/592
f 593/593/593 594/594/594 595/595/595
f 595/595/595 596/596/596 597/597/597
f 595/595/595 598/598/598 593/593/593
f 597/597/597 599/599/599 598/598/598
f 593/593/593 599/599/599 600/600/600
f 601/601/601 602/602/602 603/603/603
f 604/604/604 605/605/605 606/606/606
f 585/585/585 607/607/607 608/608/608
f 584/584/584 607/607/607 609/609/609
f 581/581/581 610/610/610 611/611/611
f 611/611/611 612/612/612 577/577/577
f 613/613/613 614/614/614 615/615/615
f 616/616/616 617/617/617 618/618/618
f 619/619/619 620/620/620 566/566/566
f 619/619/619 561/561/561 621/621/621
f 622/622/622 623/623/623 624/624/624
f 625/625/625 626/626/626 627/627/627
f 624/624/624 628/628/628 629/629/629
f 627/627/627 630/630/630 631/631/631
f 632/632/632 633/633/633 564/564/564
f 629/629/629 634/634/634 635/635/635
f 636/636/636 570/570/570 637/637/637
f 638/638/638 639/639/639 640/640/640
f 639/639/639 641/641/641 640/640/640
f 642/642/642 639/639/639 638/638/638
f 642/642/642 643/643/643 639/639/639
f 639/639/639 643/643/643 644/644/644
f 645/645/645 646/646/646 647/647/647
f 643/643/643 642/642/642 648/648/648
f 642/642/642 649/649/649 648/648/648
f 642/642/642 638/638/638 649/649/649
f 648/648/648 649/649/649 650/650/650
f 649/649/649 651/651/651 650/650/650
f 649/649/649 638/638/638 652/652/652
f 649/649/649 652/652/652 651/651/651
f 653/653/653 654/654/654 655/655/655
f 654/654/654 656/656/656 655/655/655
f 654/654/654 657/657/657 656/656/656
f 655/655/655 656/656/656 658/658/658
f 656/656/656 659/659/659 658/658/658
f 656/656/656 657/657/657 660/660/660
f 656/656/656 660/660/660 659/659/659
f 661/661/661 662/662/662 663/663/663
f 662/662/662 664/664/664 663/663/663
f 665/665/665 666/666/666 667/667/667
f 663/663/663 664/664/664 668/668/668
f 664/664/664 669/669/669 668/668/668
f 665/665/665 670/670/670 666/666/666
f 670/670/670 671/671/671 666/666/666
f 670/670/670 672/672/672 671/671/671
f 669/669/669 673/673/673 668/668/668
f 674/674/674 675/675/675 676/676/676
f 647/647/647 677/677/677 674/674/674
f 674/674/674 677/677/677 675/675/675
f 670/670/670 678/678/678 672/672/672
f 679/679/679 647/647/647 674/674/674
f 677/677/677 680/680/680 675/675/675
f 647/647/647 646/646/646 677/677/677
f 677/677/677 646/646/646 681/681/681
f 677/677/677 681/681/681 680/680/680
f 673/673/673 682/682/682 683/683/683
f 682/682/682 684/684/684 683/683/683
f 681/681/681 685/685/685 680/680/680
f 683/683/683 684/684/684 686/686/686
f 684/684/684 687/687/687 686/686/686
f 681/681/681 688/688/688 685/685/685
f 688/688/688 689/689/689 685/685/685
f 690/690/690 691/691/691 692/692/692
f 687/687/687 693/693/693 686/686/686
f 691/691/691 694/694/694 692/692/692
f 695/695/695 696/696/696 691/691/691
f 691/691/691 696/696/696 694/694/694
f 690/690/690 697/697/697 691/691/691
f 697/697/697 695/695/695 691/691/691
f 698/698/698 648/648/648 699/699/699
f 695/695/695 700/700/700 696/696/696
f 648/648/648 650/650/650 699/699/699
f 701/701/701 702/702/702 688/688/688
f 703/703/703 643/643/643 698/698/698
f 698/698/698 643/643/643 648/648/648
f 643/643/643 703/703/703 644/644/644
f 646/646/646 701/701/701 681/681/681
f 701/701/701 688/688/688 681/681/681
f 696/696/696 704/704/704 694/694/694
f 705/705/705 653/653/653 655/655/655
f 696/696/696 706/706/706 704/704/704
f 693/693/693 707/707/707 708/708/708
f 707/707/707 661/661/661 708/708/708
f 655/655/655 658/658/658 709/709/709
f 686/686/686 693/693/693 708/708/708
f 686/686/686 708/708/708 710/710/710
f 708/708/708 661/661/661 663/663/663
f 708/708/708 663/663/663 710/710/710
f 683/683/683 686/686/686 710/710/710
f 668/668/668 683/683/683 710/710/710
f 663/663/663 668/668/668 710/710/710
f 668/668/668 673/673/673 683/683/683
f 711/711/711 670/670/670 665/665/665
f 711/711/711 678/678/678 670/670/670
f 638/638/638 640/640/640 712/712/712
f 638/638/638 712/712/712 652/652/652
f 657/657/657 713/713/713 660/660/660
f 714/714/714 715/715/715 716/716/716
f 715/715/715 717/717/717 716/716/716
f 718/718/718 715/715/715 714/714/714
f 718/718/718 719/719/719 715/715/715
f 715/715/715 719/719/719 720/720/720
f 715/715/715 720/720/720 717/717/717
f 719/719/719 718/718/718 721/721/721
f 718/718/718 722/722/722 721/721/721
f 718/718/718 714/714/714 722/722/722
f 721/721/721 722/722/722 723/723/723
f 722/722/722 724/724/724 723/723/723
f 722/722/722 714/714/714 725/725/725
f 722/722/722 725/725/725 724/724/724
f 726/726/726 727/727/727 728/728/728
f 727/727/727 729/729/729 728/728/728
f 727/727/727 730/730/730 729/729/729
f 728/728/728 729/729/729 731/731/731
f 732/732/732 733/733/733 734/734/734
f 729/729/729 730/730/730 735/735/735
f 736/736/736 737/737/737 738/738/738
f 734/734/734 733/733/733 739/739/739
f 733/733/733 740/740/740 739/739/739
f 737/737/737 741/741/741 738/738/738
f 739/739/739 740/740/740 742/742/742
f 741/741/741 743/743/743 744/744/744
f 737/737/737 745/745/745 741/741/741
f 745/745/745 743/743/743 741/741/741
f 745/745/745 746/746/746 743/743/743
f 747/747/747 748/748/748 749/749/749
f 750/750/750 748/748/748 747/747/747
f 751/751/751 752/752/752 750/750/750
f 750/750/750 752/752/752 748/748/748
f 745/745/745 753/753/753 746/746/746
f 716/716/716 717/717/717 754/754/754
f 752/752/752 755/755/755 748/748/748
f 717/717/717 720/720/720 756/756/756
f 752/752/752 757/757/757 758/758/758
f 752/752/752 758/758/758 755/755/755
f 748/748/748 755/755/755 759/759/759
f 755/755/755 760/760/760 759/759/759
f 758/758/758 760/760/760 755/755/755
f 761/761/761 762/762/762 763/763/763
f 762/762/762 764/764/764 763/763/763
f 758/758/758 765/765/765 760/760/760
f 765/765/765 766/766/766 760/760/760
f 767/767/767 768/768/768 769/769/769
f 764/764/764 770/770/770 763/763/763
f 771/771/771 770/770/770 764/764/764
f 772/772/772 773/773/773 768/768/768
f 768/768/768 773/773/773 774/774/774
f 767/767/767 775/775/775 768/768/768
f 775/775/775 772/772/772 768/768/768
f 776/776/776 721/721/721 777/777/777
f 772/772/772 778/778/778 773/773/773
f 721/721/721 723/723/723 777/777/777
f 779/779/779 776/776/776 780/780/780
f 779/779/779 719/719/719 776/776/776
f 776/776/776 719/719/719 721/721/721
f 719/719/719 779/779/779 720/720/720
f 720/720/720 779/779/779 781/781/781
f 782/782/782 765/765/765 758/758/758
f 783/783/783 784/784/784 770/770/770
f 773/773/773 778/778/778 785/785/785
f 773/773/773 785/785/785 786/786/786
f 770/770/770 784/784/784 787/787/787
f 784/784/784 734/734/734 787/787/787
f 788/788/788 734/734/734 784/784/784
f 763/763/763 770/770/770 787/787/787
f 763/763/763 787/787/787 789/789/789
f 787/787/787 734/734/734 739/739/739
f 787/787/787 739/739/739 789/789/789
f 761/761/761 763/763/763 789/789/789
f 742/742/742 761/761/761 789/789/789
f 739/739/739 742/742/742 789/789/789
f 749/749/749 748/748/748 759/759/759
f 790/790/790 745/745/745 737/737/737
f 790/790/790 753/753/753 745/745/745
f 714/714/714 716/716/716 791/791/791
f 714/714/714 791/791/791 725/725/725
f 792/792/792 790/790/790 737/737/737
f 793/793/793 794/794/794 795/795/795
f 794/794/794 796/796/796 795/795/795
f 797/797/797 794/794/794 793/793/793
f 797/797/797 798/798/798 794/794/794
f 794/794/794 798/798/798 799/799/799
f 794/794/794 799/799/799 796/796/796
f 798/798/798 797/797/797 800/800/800
f 797/797/797 801/801/801 800/800/800
f 797/797/797 793/793/793 801/801/801
f 800/800/800 801/801/801 802/802/802
f 801/801/801 803/803/803 802/802/802
f 801/801/801 793/793/793 804/804/804
f 805/805/805 806/806/806 807/807/807
f 808/808/808 809/809/809 810/810/810
f 807/807/807 811/811/811 812/812/812
f 807/807/807 806/806/806 811/811/811
f 810/810/810 813/813/813 814/814/814
f 815/815/815 816/816/816 817/817/817
f 811/811/811 806/806/806 818/818/818
f 811/811/811 818/818/818 819/819/819
f 817/817/817 816/816/816 820/820/820
f 816/816/816 821/821/821 820/820/820
f 822/822/822 821/821/821 816/816/816
f 820/820/820 821/821/821 823/823/823
f 824/824/824 825/825/825 826/826/826
f 827/827/827 828/828/828 824/824/824
f 828/828/828 825/825/825 824/824/824
f 828/828/828 829/829/829 825/825/825
f 825/825/825 830/830/830 826/826/826
f 829/829/829 830/830/830 825/825/825
f 831/831/831 832/832/832 829/829/829
f 829/829/829 832/832/832 830/830/830
f 828/828/828 833/833/833 829/829/829
f 833/833/833 831/831/831 829/829/829
f 834/834/834 835/835/835 836/836/836
f 796/796/796 799/799/799 837/837/837
f 834/834/834 838/838/838 839/839/839
f 834/834/834 839/839/839 835/835/835
f 836/836/836 835/835/835 840/840/840
f 835/835/835 841/841/841 840/840/840
f 839/839/839 841/841/841 835/835/835
f 842/842/842 843/843/843 844/844/844
f 841/841/841 845/845/845 846/846/846
f 839/839/839 847/847/847 841/841/841
f 847/847/847 845/845/845 841/841/841
f 847/847/847 848/848/848 845/845/845
f 845/845/845 849/849/849 846/846/846
f 848/848/848 849/849/849 845/845/845
f 850/850/850 851/851/851 852/852/852
f 852/852/852 851/851/851 853/853/853
f 847/847/847 854/854/854 848/848/848
f 855/855/855 856/856/856 857/857/857
f 855/855/855 800/800/800 856/856/856
f 850/850/850 808/808/808 851/851/851
f 800/800/800 802/802/802 856/856/856
f 858/858/858 855/855/855 859/859/859
f 858/858/858 798/798/798 855/855/855
f 855/855/855 798/798/798 800/800/800
f 798/798/798 858/858/858 799/799/799
f 799/799/799 858/858/858 860/860/860
f 861/861/861 847/847/847 839/839/839
f 851/851/851 862/862/862 853/853/853
f 851/851/851 808/808/808 810/810/810
f 851/851/851 810/810/810 862/862/862
f 863/863/863 864/864/864 865/865/865
f 864/864/864 817/817/817 865/865/865
f 810/810/810 814/814/814 862/862/862
f 844/844/844 863/863/863 865/865/865
f 844/844/844 865/865/865 866/866/866
f 865/865/865 817/817/817 820/820/820
f 865/865/865 820/820/820 866/866/866
f 842/842/842 844/844/844 866/866/866
f 823/823/823 842/842/842 866/866/866
f 820/820/820 823/823/823 866/866/866
f 826/826/826 830/830/830 867/867/867
f 868/868/868 828/828/828 827/827/827
f 868/868/868 833/833/833 828/828/828
f 869/869/869 833/833/833 868/868/868
f 870/870/870 871/871/871 806/806/806
f 806/806/806 871/871/871 818/818/818
f 872/872/872 873/873/873 874/874/874
f 874/874/874 873/873/873 875/875/875
f 876/876/876 872/872/872 874/874/874
f 876/876/876 874/874/874 877/877/877
f 874/874/874 878/878/878 877/877/877
f 874/874/874 875/875/875 878/878/878
f 877/877/877 879/879/879 876/876/876
f 876/876/876 879/879/879 880/880/880
f 876/876/876 880/880/880 872/872/872
f 879/879/879 881/881/881 880/880/880
f 880/880/880 881/881/881 882/882/882
f 880/880/880 883/883/883 872/872/872
f 880/880/880 882/882/882 883/883/883
f 884/884/884 885/885/885 886/886/886
f 886/886/886 885/885/885 887/887/887
f 888/888/888 889/889/889 890/890/890
f 885/885/885 891/891/891 887/887/887
f 892/892/892 893/893/893 894/894/894
f 889/889/889 895/895/895 890/890/890
f 889/889/889 896/896/896 895/895/895
f 893/893/893 897/897/897 894/894/894
f 894/894/894 897/897/897 898/898/898
f 899/899/899 894/894/894 898/898/898
f 897/897/897 900/900/900 898/898/898
f 901/901/901 902/902/902 903/903/903
f 895/895/895 904/904/904 905/905/905
f 906/906/906 907/907/907 908/908/908
f 905/905/905 909/909/909 910/910/910
f 911/911/911 912/912/912 913/913/913
f 914/914/914 915/915/915 916/916/916
f 917/917/917 918/918/918 919/919/919
f 918/918/918 913/913/913 919/919/919
f 905/905/905 910/910/910 920/920/920
f 920/920/920 910/910/910 921/921/921
f 919/919/919 913/913/913 922/922/922
f 917/917/917 919/919/919 923/923/923
f 919/919/919 924/924/924 923/923/923
f 919/919/919 922/922/922 924/924/924
f 913/913/913 925/925/925 922/922/922
f 922/922/922 925/925/925 926/926/926
f 924/924/924 922/922/922 926/926/926
f 927/927/927 928/928/928 929/929/929
f 930/930/930 931/931/931 932/932/932
f 924/924/924 926/926/926 933/933/933
f 934/934/934 930/930/930 932/932/932
f 934/934/934 932/932/932 935/935/935
f 932/932/932 931/931/931 936/936/936
f 935/935/935 932/932/932 936/936/936
f 937/937/937 935/935/935 938/938/938
f 935/935/935 936/936/936 938/938/938
f 934/934/934 935/935/935 939/939/939
f 939/939/939 935/935/935 937/937/937
f 940/940/940 941/941/941 879/879/879
f 942/942/942 943/943/943 884/884/884
f 879/879/879 941/941/941 881/881/881
f 944/944/944 945/945/945 940/940/940
f 944/944/944 940/940/940 877/877/877
f 940/940/940 879/879/879 877/877/877
f 877/877/877 878/878/878 944/944/944
f 878/878/878 946/946/946 944/944/944
f 947/947/947 924/924/924 933/933/933
f 938/938/938 936/936/936 948/948/948
f 943/943/943 885/885/885 884/884/884
f 938/938/938 948/948/948 949/949/949
f 950/950/950 951/951/951 952/952/952
f 952/952/952 951/951/951 893/893/893
f 953/953/953 952/952/952 893/893/893
f 931/931/931 954/954/954 936/936/936
f 928/928/928 955/955/955 951/951/951
f 951/951/951 897/897/897 893/893/893
f 951/951/951 955/955/955 897/897/897
f 927/927/927 955/955/955 928/928/928
f 900/900/900 955/955/955 927/927/927
f 897/897/897 955/955/955 900/900/900
f 912/912/912 925/925/925 913/913/913
f 956/956/956 895/895/895 905/905/905
f 956/956/956 905/905/905 920/920/920
f 957/957/957 956/956/956 920/920/920
f 957/957/957 890/890/890 956/956/956
f 890/890/890 895/895/895 956/956/956
f 958/958/958 959/959/959 960/960/960
f 961/961/961 960/960/960 962/962/962
f 963/963/963 964/964/964 965/965/965
f 966/966/966 967/967/967 963/963/963
f 968/968/968 969/969/969 970/970/970
f 971/971/971 961/961/961 962/962/962
f 972/972/972 973/973/973 974/974/974
f 973/973/973 963/963/963 975/975/975
f 976/976/976 977/977/977 978/978/978
f 979/979/979 980/980/980 981/981/981
f 981/981/981 982/982/982 983/983/983
f 984/984/984 985/985/985 986/986/986
f 987/987/987 988/988/988 961/961/961
f 988/988/988 958/958/958 961/961/961
f 989/989/989 990/990/990 958/958/958
f 991/991/991 992/992/992 985/985/985
f 993/993/993 994/994/994 995/995/995
f 978/978/978 996/996/996 997/997/997
f 975/975/975 965/965/965 998/998/998
f 999/999/999 1000/1000/1000 1001/1001/1001
f 1002/1002/1002 1003/1003/1003 999/999/999
f 1004/1004/1004 987/987/987 971/971/971
f 1005/1005/1005 1006/1006/1006 1007/1007/1007
f 1008/1008/1008 1006/1006/1006 1009/1009/1009
f 1010/1010/1010 1011/1011/1011 1012/1012/1012
f 1011/1011/1011 1013/1013/1013 1012/1012/1012
f 1014/1014/1014 1015/1015/1015 1016/1016/1016
f 1008/1008/1008 1017/1017/1017 1018/1018/1018
f 1019/1019/1019 1020/1020/1020 1021/1021/1021
f 1019/1019/1019 1022/1022/1022 1023/1023/1023
f 1024/1024/1024 1025/1025/1025 1026/1026/1026
f 1026/1026/1026 1022/1022/1022 1024/1024/1024
f 1027/1027/1027 1028/1028/1028 1026/1026/1026
f 1029/1029/1029 1030/1030/1030 1031/1031/1031
f 1027/1027/1027 1032/1032/1032 1033/1033/1033
f 1032/1032/1032 1034/1034/1034 1033/1033/1033
f 1035/1035/1035 1036/1036/1036 1037/1037/1037
f 1035/1035/1035 1007/1007/1007 1038/1038/1038
f 1039/1039/1039 1040/1040/1040 1015/1015/1015
f 1041/1041/1041 1036/1036/1036 1017/1017/1017
f 1042/1042/1042 972/972/972 974/974/974
f 1043/1043/1043 1044/1044/1044 1045/1045/1045
f 1046/1046/1046 1047/1047/1047 972/972/972
f 1021/1021/1021 1032/1032/1032 1025/1025/1025
f 1048/1048/1048 1049/1049/1049 1050/1050/1050
f 1051/1051/1051 1052/1052/1052 1053/1053/1053
f 1054/1054/1054 1049/1049/1049 1051/1051/1051
f 1055/1055/1055 1051/1051/1051 1053/1053/1053
f 1056/1056/1056 1057/1057/1057 1058/1058/1058
f 1058/1058/1058 1059/1059/1059 1060/1060/1060
f 1061/1061/1061 1062/1062/1062 1063/1063/1063
f 1061/1061/1061 1064/1064/1064 1065/1065/1065
f 1066/1066/1066 1067/1067/1067 1061/1061/1061
f 1068/1068/1068 1069/1069/1069 1070/1070/1070
f 1071/1071/1071 1070/1070/1070 1072/1072/1072
f 1073/1073/1073 1074/1074/1074 1075/1075/1075
f 1076/1076/1076 1077/1077/1077 1078/1078/1078
f 1079/1079/1079 1077/1077/1077 1080/1080/1080
f 1081/1081/1081 1082/1082/1082 1083/1083/1083
f 1084/1084/1084 1085/1085/1085 1086/1086/1086
f 1087/1087/1087 1050/1050/1050 1088/1088/1088
f 1084/1084/1084 1089/1089/1089 1090/1090/1090
f 1067/1067/1067 1091/1091/1091 1064/1064/1064
f 1076/1076/1076 1092/1092/1092 1093/1093/1093
f 1094/1094/1094 1095/1095/1095 1096/1096/1096
f 1097/1097/1097 1060/1060/1060 1098/1098/1098
f 1099/1099/1099 1100/1100/1100 1101/1101/1101
f 1100/1100/1100 1102/1102/1102 1101/1101/1101
f 1103/1103/1103 1104/1104/1104 1105/1105/1105
f 1106/1106/1106 1107/1107/1107 1108/1108/1108
f 1109/1109/1109 1110/1110/1110 1111/1111/1111
f 1102/1102/1102 1112/1112/1112 1113/1113/1113
f 1114/1114/1114 1115/1115/1115 1116/1116/1116
f 1115/1115/1115 1108/1108/1108 1117/1117/1117
f 1118/1118/1118 1116/1116/1116 1117/1117/1117
f 1108/1108/1108 1119/1119/1119 1117/1117/1117
f 1120/1120/1120 1121/1121/1121 1119/1119/1119
f 1122/1122/1122 1123/1123/1123 1124/1124/1124
f 1121/1121/1121 1125/1125/1125 1118/1118/1118
f 1126/1126/1126 1127/1127/1127 1128/1128/1128
f 1129/1129/1129 1130/1130/1130 1131/1131/1131
f 1130/1130/1130 1132/1132/1132 1099/1099/1099
f 1126/1126/1126 1133/1133/1133 1134/1134/1134
f 1113/1113/1113 1129/1129/1129 1131/1131/1131
f 1135/1135/1135 1062/1062/1062 1136/1136/1136
f 1137/1137/1137 1135/1135/1135 1138/1138/1138
f 1139/1139/1139 1058/1058/1058 1097/1097/1097
f 1125/1125/1125 1116/1116/1116 1118/1118/1118
f 1140/1140/1140 1141/1141/1141 1142/1142/1142
f 1141/1141/1141 1143/1143/1143 1142/1142/1142
f 1142/1142/1142 1143/1143/1143 1144/1144/1144
f 1145/1145/1145 1142/1142/1142 1144/1144/1144
f 1140/1140/1140 1142/1142/1142 1145/1145/1145
f 1146/1146/1146 1145/1145/1145 1147/1147/1147
f 1147/1147/1147 1145/1145/1145 1148/1148/1148
f 1148/1148/1148 1145/1145/1145 1144/1144/1144
f 1146/1146/1146 1140/1140/1140 1145/1145/1145
f 1149/1149/1149 1150/1150/1150 1151/1151/1151
f 1149/1149/1149 1151/1151/1151 1152/1152/1152
f 1153/1153/1153 1149/1149/1149 1152/1152/1152
f 1153/1153/1153 1152/1152/1152 1154/1154/1154
f 1154/1154/1154 1152/1152/1152 1155/1155/1155
f 1152/1152/1152 1151/1151/1151 1156/1156/1156
f 1157/1157/1157 1158/1158/1158 1159/1159/1159
f 1160/1160/1160 1161/1161/1161 1157/1157/1157
f 1157/1157/1157 1159/1159/1159 1162/1162/1162
f 1163/1163/1163 1157/1157/1157 1162/1162/1162
f 1163/1163/1163 1160/1160/1160 1157/1157/1157
f 1164/1164/1164 1160/1160/1160 1165/1165/1165
f 1165/1165/1165 1160/1160/1160 1163/1163/1163
f 1166/1166/1166 1161/1161/1161 1160/1160/1160
f 1167/1167/1167 1168/1168/1168 1169/1169/1169
f 1170/1170/1170 1153/1153/1153 1154/1154/1154
f 1171/1171/1171 1172/1172/1172 1173/1173/1173
f 1171/1171/1171 1173/1173/1173 1174/1174/1174
f 1175/1175/1175 1171/1171/1171 1174/1174/1174
f 1175/1175/1175 1174/1174/1174 1176/1176/1176
f 1177/1177/1177 1178/1178/1178 1179/1179/1179
f 1178/1178/1178 1165/1165/1165 1163/1163/1163
f 1179/1179/1179 1178/1178/1178 1163/1163/1163
f 1180/1180/1180 1179/1179/1179 1162/1162/1162
f 1179/1179/1179 1163/1163/1163 1162/1162/1162
f 1143/1143/1143 1181/1181/1181 1182/1182/1182
f 1144/1144/1144 1143/1143/1143 1182/1182/1182
f 1183/1183/1183 1175/1175/1175 1176/1176/1176
f 1184/1184/1184 1181/1181/1181 1143/1143/1143
f 1141/1141/1141 1184/1184/1184 1143/1143/1143
f 1148/1148/1148 1144/1144/1144 1185/1185/1185
f 1186/1186/1186 1187/1187/1187 1188/1188/1188
f 1187/1187/1187 1189/1189/1189 1188/1188/1188
f 1188/1188/1188 1189/1189/1189 1190/1190/1190
f 1191/1191/1191 1188/1188/1188 1190/1190/1190
f 1186/1186/1186 1188/1188/1188 1191/1191/1191
f 1192/1192/1192 1191/1191/1191 1193/1193/1193
f 1193/1193/1193 1191/1191/1191 1194/1194/1194
f 1194/1194/1194 1191/1191/1191 1190/1190/1190
f 1192/1192/1192 1186/1186/1186 1191/1191/1191
f 1195/1195/1195 1196/1196/1196 1197/1197/1197
f 1195/1195/1195 1197/1197/1197 1198/1198/1198
f 1199/1199/1199 1195/1195/1195 1198/1198/1198
f 1199/1199/1199 1198/1198/1198 1200/1200/1200
f 1200/1200/1200 1198/1198/1198 1201/1201/1201
f 1198/1198/1198 1197/1197/1197 1202/1202/1202
f 1203/1203/1203 1204/1204/1204 1205/1205/1205
f 1206/1206/1206 1207/1207/1207 1203/1203/1203
f 1203/1203/1203 1205/1205/1205 1208/1208/1208
f 1209/1209/1209 1203/1203/1203 1208/1208/1208
f 1209/1209/1209 1206/1206/1206 1203/1203/1203
f 1210/1210/1210 1206/1206/1206 1211/1211/1211
f 1211/1211/1211 1206/1206/1206 1209/1209/1209
f 1212/1212/1212 1207/1207/1207 1206/1206/1206
f 1213/1213/1213 1214/1214/1214 1215/1215/1215
f 1216/1216/1216 1199/1199/1199 1200/1200/1200
f 1217/1217/1217 1218/1218/1218 1219/1219/1219
f 1217/1217/1217 1219/1219/1219 1220/1220/1220
f 1221/1221/1221 1217/1217/1217 1220/1220/1220
f 1221/1221/1221 1220/1220/1220 1222/1222/1222
f 1223/1223/1223 1224/1224/1224 1225/1225/1225
f 1224/1224/1224 1211/1211/1211 1209/1209/1209
f 1225/1225/1225 1224/1224/1224 1209/1209/1209
f 1226/1226/1226 1225/1225/1225 1208/1208/1208
f 1225/1225/1225 1209/1209/1209 1208/1208/1208
f 1189/1189/1189 1227/1227/1227 1228/1228/1228
f 1190/1190/1190 1189/1189/1189 1228/1228/1228
f 1229/1229/1229 1221/1221/1221 1222/1222/1222
f 1230/1230/1230 1227/1227/1227 1189/1189/1189
f 1187/1187/1187 1230/1230/1230 1189/1189/1189
f 1194/1194/1194 1190/1190/1190 1231/1231/1231
f 1232/1232/1232 1233/1233/1233 1234/1234/1234
f 1235/1235/1235 1236/1236/1236 1237/1237/1237
f 1238/1238/1238 1233/1233/1233 1232/1232/1232
f 1238/1238/1238 1239/1239/1239 1233/1233/1233
f 1235/1235/1235 1240/1240/1240 1241/1241/1241
f 1235/1235/1235 1241/1241/1241 1236/1236/1236
f 1239/1239/1239 1238/1238/1238 1242/1242/1242
f 1238/1238/1238 1243/1243/1243 1242/1242/1242
f 1238/1238/1238 1232/1232/1232 1243/1243/1243
f 1242/1242/1242 1243/1243/1243 1244/1244/1244
f 1243/1243/1243 1245/1245/1245 1244/1244/1244
f 1243/1243/1243 1232/1232/1232 1246/1246/1246
f 1243/1243/1243 1246/1246/1246 1245/1245/1245
f 1247/1247/1247 1248/1248/1248 1249/1249/1249
f 1248/1248/1248 1250/1250/1250 1249/1249/1249
f 1248/1248/1248 1251/1251/1251 1250/1250/1250
f 1249/1249/1249 1250/1250/1250 1252/1252/1252
f 1250/1250/1250 1253/1253/1253 1252/1252/1252
f 1250/1250/1250 1251/1251/1251 1254/1254/1254
f 1250/1250/1250 1254/1254/1254 1253/1253/1253
f 1252/1252/1252 1253/1253/1253 1255/1255/1255
f 1256/1256/1256 1257/1257/1257 1258/1258/1258
f 1259/1259/1259 1257/1257/1257 1256/1256/1256
f 1260/1260/1260 1261/1261/1261 1262/1262/1262
f 1257/1257/1257 1263/1263/1263 1264/1264/1264
f 1259/1259/1259 1265/1265/1265 1257/1257/1257
f 1265/1265/1265 1263/1263/1263 1257/1257/1257
f 1265/1265/1265 1266/1266/1266 1263/1263/1263
f 1267/1267/1267 1268/1268/1268 1262/1262/1262
f 1266/1266/1266 1269/1269/1269 1263/1263/1263
f 1236/1236/1236 1270/1270/1270 1271/1271/1271
f 1271/1271/1271 1270/1270/1270 1272/1272/1272
f 1265/1265/1265 1273/1273/1273 1266/1266/1266
f 1237/1237/1237 1236/1236/1236 1271/1271/1271
f 1270/1270/1270 1274/1274/1274 1272/1272/1272
f 1236/1236/1236 1241/1241/1241 1270/1270/1270
f 1270/1270/1270 1241/1241/1241 1275/1275/1275
f 1270/1270/1270 1275/1275/1275 1274/1274/1274
f 1268/1268/1268 1276/1276/1276 1277/1277/1277
f 1276/1276/1276 1278/1278/1278 1277/1277/1277
f 1275/1275/1275 1279/1279/1279 1274/1274/1274
f 1277/1277/1277 1278/1278/1278 1280/1280/1280
f 1278/1278/1278 1281/1281/1281 1280/1280/1280
f 1275/1275/1275 1282/1282/1282 1279/1279/1279
f 1282/1282/1282 1283/1283/1283 1279/1279/1279
f 1284/1284/1284 1285/1285/1285 1286/1286/1286
f 1286/1286/1286 1287/1287/1287 1288/1288/1288
f 1285/1285/1285 1287/1287/1287 1286/1286/1286
f 1289/1289/1289 1290/1290/1290 1285/1285/1285
f 1285/1285/1285 1290/1290/1290 1287/1287/1287
f 1284/1284/1284 1291/1291/1291 1285/1285/1285
f 1291/1291/1291 1289/1289/1289 1285/1285/1285
f 1292/1292/1292 1242/1242/1242 1293/1293/1293
f 1289/1289/1289 1294/1294/1294 1290/1290/1290
f 1242/1242/1242 1244/1244/1244 1293/1293/1293
f 1295/1295/1295 1296/1296/1296 1282/1282/1282
f 1295/1295/1295 1240/1240/1240 1296/1296/1296
f 1292/1292/1292 1239/1239/1239 1242/1242/1242
f 1240/1240/1240 1295/1295/1295 1241/1241/1241
f 1241/1241/1241 1295/1295/1295 1275/1275/1275
f 1295/1295/1295 1282/1282/1282 1275/1275/1275
f 1290/1290/1290 1297/1297/1297 1287/1287/1287
f 1290/1290/1290 1294/1294/1294 1298/1298/1298
f 1290/1290/1290 1298/1298/1298 1297/1297/1297
f 1287/1287/1287 1297/1297/1297 1299/1299/1299
f 1300/1300/1300 1252/1252/1252 1301/1301/1301
f 1249/1249/1249 1252/1252/1252 1300/1300/1300
f 1280/1280/1280 1302/1302/1302 1303/1303/1303
f 1280/1280/1280 1303/1303/1303 1304/1304/1304
f 1303/1303/1303 1305/1305/1305 1260/1260/1260
f 1303/1303/1303 1260/1260/1260 1304/1304/1304
f 1277/1277/1277 1280/1280/1280 1304/1304/1304
f 1262/1262/1262 1277/1277/1277 1304/1304/1304
f 1260/1260/1260 1262/1262/1262 1304/1304/1304
f 1262/1262/1262 1268/1268/1268 1277/1277/1277
f 1306/1306/1306 1265/1265/1265 1259/1259/1259
f 1306/1306/1306 1273/1273/1273 1265/1265/1265
f 1307/1307/1307 1273/1273/1273 1306/1306/1306
f 1232/1232/1232 1308/1308/1308 1246/1246/1246
f 1309/1309/1309 1306/1306/1306 1259/1259/1259
f 1310/1310/1310 1311/1311/1311 1312/1312/1312
f 1313/1313/1313 1314/1314/1314 1315/1315/1315
f 1316/1316/1316 1311/1311/1311 1310/1310/1310
f 1316/1316/1316 1317/1317/1317 1311/1311/1311
f 1313/1313/1313 1318/1318/1318 1319/1319/1319
f 1313/1313/1313 1319/1319/1319 1314/1314/1314
f 1317/1317/1317 1316/1316/1316 1320/1320/1320
f 1316/1316/1316 1321/1321/1321 1320/1320/1320
f 1316/1316/1316 1310/1310/1310 1321/1321/1321
f 1320/1320/1320 1321/1321/1321 1322/1322/1322
f 1321/1321/1321 1323/1323/1323 1322/1322/1322
f 1321/1321/1321 1310/1310/1310 1324/1324/1324
f 1321/1321/1321 1324/1324/1324 1323/1323/1323
f 1325/1325/1325 1326/1326/1326 1327/1327/1327
f 1326/1326/1326 1328/1328/1328 1327/1327/1327
f 1326/1326/1326 1329/1329/1329 1328/1328/1328
f 1327/1327/1327 1328/1328/1328 1330/1330/1330
f 1328/1328/1328 1331/1331/1331 1330/1330/1330
f 1328/1328/1328 1329/1329/1329 1332/1332/1332
f 1328/1328/1328 1332/1332/1332 1331/1331/1331
f 1330/1330/1330 1331/1331/1331 1333/1333/1333
f 1334/1334/1334 1335/1335/1335 1336/1336/1336
f 1337/1337/1337 1335/1335/1335 1334/1334/1334
f 1338/1338/1338 1339/1339/1339 1340/1340/1340
f 1335/1335/1335 1341/1341/1341 1342/1342/1342
f 1337/1337/1337 1343/1343/1343 1335/1335/1335
f 1343/1343/1343 1341/1341/1341 1335/1335/1335
f 1343/1343/1343 1344/1344/1344 1341/1341/1341
f 1345/1345/1345 1346/1346/1346 1340/1340/1340
f 1344/1344/1344 1347/1347/1347 1341/1341/1341
f 1314/1314/1314 1348/1348/1348 1349/1349/1349
f 1349/1349/1349 1348/1348/1348 1350/1350/1350
f 1343/1343/1343 1351/1351/1351 1344/1344/1344
f 1315/1315/1315 1314/1314/1314 1349/1349/1349
f 1348/1348/1348 1352/1352/1352 1350/1350/1350
f 1314/1314/1314 1319/1319/1319 1348/1348/1348
f 1348/1348/1348 1319/1319/1319 1353/1353/1353
f 1348/1348/1348 1353/1353/1353 1352/1352/1352
f 1346/1346/1346 1354/1354/1354 1355/1355/1355
f 1354/1354/1354 1356/1356/1356 1355/1355/1355
f 1353/1353/1353 1357/1357/1357 1352/1352/1352
f 1355/1355/1355 1356/1356/1356 1358/1358/1358
f 1356/1356/1356 1359/1359/1359 1358/1358/1358
f 1353/1353/1353 1360/1360/1360 1357/1357/1357
f 1360/1360/1360 1361/1361/1361 1357/1357/1357
f 1362/1362/1362 1363/1363/1363 1364/1364/1364
f 1364/1364/1364 1365/1365/1365 1366/1366/1366
f 1363/1363/1363 1365/1365/1365 1364/1364/1364
f 1367/1367/1367 1368/1368/1368 1363/1363/1363
f 1363/1363/1363 1368/1368/1368 1365/1365/1365
f 1362/1362/1362 1369/1369/1369 1363/1363/1363
f 1369/1369/1369 1367/1367/1367 1363/1363/1363
f 1370/1370/1370 1320/1320/1320 1371/1371/1371
f 1367/1367/1367 1372/1372/1372 1368/1368/1368
f 1320/1320/1320 1322/1322/1322 1371/1371/1371
f 1373/1373/1373 1374/1374/1374 1360/1360/1360
f 1373/1373/1373 1318/1318/1318 1374/1374/1374
f 1370/1370/1370 1317/1317/1317 1320/1320/1320
f 1318/1318/1318 1373/1373/1373 1319/1319/1319
f 1319/1319/1319 1373/1373/1373 1353/1353/1353
f 1373/1373/1373 1360/1360/1360 1353/1353/1353
f 1368/1368/1368 1375/1375/1375 1365/1365/1365
f 1368/1368/1368 1372/1372/1372 1376/1376/1376
f 1368/1368/1368 1376/1376/1376 1375/1375/1375
f 1365/1365/1365 1375/1375/1375 1377/1377/1377
f 1378/1378/1378 1330/1330/1330 1379/1379/1379
f 1327/1327/1327 1330/1330/1330 1378/1378/1378
f 1358/1358/1358 1380/1380/1380 1381/1381/1381
f 1358/1358/1358 1381/1381/1381 1382/1382/1382
f 1381/1381/1381 1383/1383/1383 1338/1338/1338
f 1381/1381/1381 1338/1338/1338 1382/1382/1382
f 1355/1355/1355 1358/1358/1358 1382/1382/1382
f 1340/1340/1340 1355/1355/1355 1382/1382/1382
f 1338/1338/1338 1340/1340/1340 1382/1382/1382
f 1340/1340/1340 1346/1346/1346 1355/1355/1355
f 1384/1384/1384 1343/1343/1343 1337/1337/1337
f 1384/1384/1384 1351/1351/1351 1343/1343/1343
f 1385/1385/1385 1351/1351/1351 1384/1384/1384
f 1310/1310/1310 1386/1386/1386 1324/1324/1324
f 1387/1387/1387 1384/1384/1384 1337/1337/1337
f 1388/1388/1388 1389/1389/1389 1390/1390/1390
f 1391/1391/1391 1392/1392/1392 1393/1393/1393
f 1394/1394/1394 1395/1395/1395 1396/1396/1396
f 1397/1397/1397 1398/1398/1398 1399/1399/1399
f 1400/1400/1400 1401/1401/1401 1402/1402/1402
f 1403/1403/1403 1404/1404/1404 1405/1405/1405
f 1406/1406/1406 1407/1407/1407 1408/1408/1408
f 1409/1409/1409 1410/1410/1410 1411/1411/1411
f 1412/1412/1412 1413/1413/1413 1414/1414/1414
f 1415/1415/1415 1416/1416/1416 1417/1417/1417
f 1418/1418/1418 1419/1419/1419 1420/1420/1420
f 1421/1421/1421 1422/1422/1422 1423/1423/1423
f 1424/1424/1424 1425/1425/1425 1426/1426/1426
f 1427/1427/1427 1428/1428/1428 1429/1429/1429
f 1430/1430/1430 1431/1431/1431 1432/1432/1432
f 1433/1433/1433 1434/1434/1434 1435/1435/1435
f 1436/1436/1436 1437/1437/1437 1438/1438/1438
f 1439/1439/1439 1440/1440/1440 1441/1441/1441
f 1442/1442/1442 1443/1443/1443 1444/1444/1444
f 1445/1445/1445 1446/1446/1446 1447/1447/1447
f 1448/1448/1448 1449/1449/1449 1450/1450/1450
f 1451/1451/1451 1452/1452/1452 1453/1453/1453
f 1454/1454/1454 1455/1455/1455 1456/1456/1456
f 1457/1457/1457 1458/1458/1458 1459/1459/1459
f 1460/1460/1460 1461/1461/1461 1462/1462/1462
f 1463/1463/1463 1464/1464/1464 1465/1465/1465
f 1466/1466/1466 1467/1467/1467 1468/1468/1468
f 1469/1469/1469 1470/1470/1470 1471/1471/1471
f 1472/1472/1472 1473/1473/1473 1474/1474/1474
f 1475/1475/1475 1476/1476/1476 1477/1477/1477
f 1478/1478/1478 1479/1479/1479 1480/1480/1480
f 1481/1481/1481 1482/1482/1482 1483/1483/1483
f 1/1/1 1484/1484/1484 2/2/2
f 4/4/4 1485/1485/1485 5/5/5
f 159/159/159 171/171/171 160/160/160
f 162/162/162 1486/1486/1486 163/163/163
f 165/165/165 1487/1487/1487 166/166/166
f 168/168/168 165/165/165 167/167/167
f 170/170/170 1488/1488/1488 171/171/171
f 172/172/172 1489/1489/1489 173/173/173
f 172/172/172 174/174/174 175/175/175
f 177/177/177 1490/1490/1490 178/178/178
f 180/180/180 1491/1491/1491 181/181/181
f 178/178/178 1492/1492/1492 183/183/183
f 184/184/184 1493/1493/1493 185/185/185
f 187/187/187 1494/1494/1494 188/188/188
f 193/193/193 1495/1495/1495 194/194/194
f 202/202/202 1496/1496/1496 203/203/203
f 205/205/205 1497/1497/1497 206/206/206
f 208/208/208 1498/1498/1498 209/209/209
f 214/214/214 226/226/226 215/215/215
f 217/217/217 1499/1499/1499 218/218/218
f 220/220/220 1500/1500/1500 221/221/221
f 223/223/223 220/220/220 222/222/222
f 225/225/225 1501/1501/1501 226/226/226
f 227/227/227 1502/1502/1502 228/228/228
f 230/230/230 227/227/227 229/229/229
f 232/232/232 236/236/236 233/233/233
f 235/235/235 1503/1503/1503 236/236/236
f 237/237/237 230/230/230 231/231/231
f 239/239/239 1504/1504/1504 240/240/240
f 242/242/242 1505/1505/1505 243/243/243
f 248/248/248 1506/1506/1506 249/249/249
f 257/257/257 1507/1507/1507 258/258/258
f 260/260/260 1508/1508/1508 261/261/261
f 263/263/263 266/266/266 264/264/264
f 268/268/268 279/279/279 269/269/269
f 271/271/271 1509/1509/1509 272/272/272
f 274/274/274 1510/1510/1510 275/275/275
f 277/277/277 274/274/274 276/276/276
f 279/279/279 1511/1511/1511 280/280/280
f 281/281/281 1512/1512/1512 282/282/282
f 283/283/283 282/282/282 284/284/284
f 286/286/286 290/290/290 287/287/287
f 289/289/289 1513/1513/1513 290/290/290
f 291/291/291 1514/1514/1514 292/292/292
f 294/294/294 1515/1515/1515 295/295/295
f 297/297/297 1516/1516/1516 298/298/298
f 303/303/303 1517/1517/1517 304/304/304
f 312/312/312 1518/1518/1518 313/313/313
f 315/315/315 1519/1519/1519 316/316/316
f 318/318/318 1520/1520/1520 319/319/319
f 324/324/324 335/335/335 325/325/325
f 327/327/327 1521/1521/1521 328/328/328
f 330/330/330 1522/1522/1522 331/331/331
f 332/332/332 331/331/331 333/333/333
f 335/335/335 1523/1523/1523 336/336/336
f 337/337/337 1524/1524/1524 338/338/338
f 340/340/340 1525/1525/1525 337/337/337
f 341/341/341 1526/1526/1526 342/342/342
f 344/344/344 341/341/341 343/343/343
f 346/346/346 1527/1527/1527 347/347/347
f 349/349/349 1528/1528/1528 350/350/350
f 352/352/352 1529/1529/1529 353/353/353
f 358/358/358 1530/1530/1530 359/359/359
f 367/367/367 1531/1531/1531 368/368/368
f 370/370/370 1532/1532/1532 371/371/371
f 373/373/373 1533/1533/1533 374/374/374
f 379/379/379 390/390/390 380/380/380
f 382/382/382 1534/1534/1534 383/383/383
f 385/385/385 1535/1535/1535 386/386/386
f 387/387/387 386/386/386 388/388/388
f 390/390/390 1536/1536/1536 391/391/391
f 392/392/392 396/396/396 393/393/393
f 395/395/395 1537/1537/1537 396/396/396
f 397/397/397 1538/1538/1538 398/398/398
f 400/400/400 397/397/397 399/399/399
f 402/402/402 1539/1539/1539 403/403/403
f 405/405/405 1540/1540/1540 406/406/406
f 408/408/408 1541/1541/1541 409/409/409
f 414/414/414 1542/1542/1542 415/415/415
f 423/423/423 1543/1543/1543 424/424/424
f 426/426/426 1544/1544/1544 427/427/427
f 429/429/429 1545/1545/1545 430/430/430
f 435/435/435 1546/1546/1546 436/436/436
f 438/438/438 1547/1547/1547 439/439/439
f 438/438/438 440/440/440 441/441/441
f 443/443/443 1548/1548/1548 444/444/444
f 437/437/437 436/436/436 446/446/446
f 448/448/448 1549/1549/1549 449/449/449
f 451/451/451 448/448/448 450/450/450
f 453/453/453 1550/1550/1550 454/454/454
f 456/456/456 1551/1551/1551 457/457/457
f 445/445/445 444/444/444 459/459/459
f 461/461/461 1552/1552/1552 462/462/462
f 464/464/464 1553/1553/1553 465/465/465
f 470/470/470 1554/1554/1554 468/468/468
f 477/477/477 1555/1555/1555 478/478/478
f 480/480/480 1556/1556/1556 481/481/481
f 476/476/476 475/475/475 483/483/483
f 488/488/488 1557/1557/1557 489/489/489
f 491/491/491 544/544/544 492/492/492
f 493/493/493 492/492/492 494/494/494
f 493/493/493 495/495/495 496/496/496
f 498/498/498 1558/1558/1558 499/499/499
f 492/492/492 1559/1559/1559 501/501/501
f 502/502/502 506/506/506 503/503/503
f 505/505/505 508/508/508 503/503/503
f 507/507/507 512/512/512 508/508/508
f 509/509/509 1560/1560/1560 510/510/510
f 502/502/502 504/504/504 512/512/512
f 513/513/513 1561/1561/1561 514/514/514
f 516/516/516 540/540/540 517/517/517
f 519/519/519 518/518/518 517/517/517
f 521/521/521 1562/1562/1562 522/522/522
f 524/524/524 1563/1563/1563 525/525/525
f 527/527/527 531/531/531 528/528/528
f 530/530/530 534/534/534 528/528/528
f 532/532/532 530/530/530 531/531/531
f 530/530/530 532/532/532 533/533/533
f 532/532/532 527/527/527 529/529/529
f 535/535/535 1564/1564/1564 536/536/536
f 538/538/538 1565/1565/1565 539/539/539
f 519/519/519 520/520/520 538/538/538
f 516/516/516 541/541/541 538/538/538
f 542/542/542 495/495/495 494/494/494
f 491/491/491 542/542/542 543/543/543
f 545/545/545 1566/1566/1566 546/546/546
f 548/548/548 552/552/552 549/549/549
f 551/551/551 1567/1567/1567 545/545/545
f 552/552/552 1568/1568/1568 553/553/553
f 489/489/489 1557/1557/1557 554/554/554
f 556/556/556 1567/1567/1567 551/551/551
f 497/497/497 496/496/496 558/558/558
f 560/560/560 567/567/567 561/561/561
f 563/563/563 632/632/632 564/564/564
f 566/566/566 620/620/620 567/567/567
f 568/568/568 1569/1569/1569 569/569/569
f 571/571/571 1570/1570/1570 572/572/572
f 574/574/574 1571/1571/1571 575/575/575
f 577/577/577 612/612/612 578/578/578
f 579/579/579 578/578/578 580/580/580
f 582/582/582 586/586/586 583/583/583
f 585/585/585 608/608/608 586/586/586
f 587/587/587 1572/1572/1572 588/588/588
f 590/590/590 1573/1573/1573 591/591/591
f 593/593/593 600/600/600 594/594/594
f 595/595/595 594/594/594 596/596/596
f 595/595/595 597/597/597 598/598/598
f 597/597/597 596/596/596 599/599/599
f 593/593/593 598/598/598 599/599/599
f 601/601/601 1574/1574/1574 602/602/602
f 604/604/604 1575/1575/1575 605/605/605
f 585/585/585 609/609/609 607/607/607
f 584/584/584 583/583/583 607/607/607
f 581/581/581 580/580/580 610/610/610
f 611/611/611 610/610/610 612/612/612
f 613/613/613 1576/1576/1576 614/614/614
f 616/616/616 1577/1577/1577 617/617/617
f 619/619/619 621/621/621 620/620/620
f 619/619/619 562/562/562 561/561/561
f 622/622/622 1578/1578/1578 623/623/623
f 625/625/625 1579/1579/1579 626/626/626
f 624/624/624 623/623/623 628/628/628
f 627/627/627 626/626/626 630/630/630
f 632/632/632 1580/1580/1580 633/633/633
f 629/629/629 628/628/628 634/634/634
f 636/636/636 568/568/568 570/570/570
f 958/958/958 990/990/990 959/959/959
f 961/961/961 958/958/958 960/960/960
f 963/963/963 967/967/967 964/964/964
f 966/966/966 1581/1581/1581 967/967/967
f 968/968/968 1582/1582/1582 969/969/969
f 971/971/971 987/987/987 961/961/961
f 972/972/972 966/966/966 973/973/973
f 973/973/973 966/966/966 963/963/963
f 976/976/976 1583/1583/1583 977/977/977
f 979/979/979 1584/1584/1584 980/980/980
f 981/981/981 980/980/980 982/982/982
f 984/984/984 991/991/991 985/985/985
f 987/987/987 1585/1585/1585 988/988/988
f 988/988/988 989/989/989 958/958/958
f 989/989/989 1586/1586/1586 990/990/990
f 991/991/991 1587/1587/1587 992/992/992
f 995/995/995 1588/1588/1588 1589/1589/1589
f 1588/1588/1588 1590/1590/1590 1589/1589/1589
f 1589/1589/1589 993/993/993 995/995/995
f 978/978/978 977/977/977 996/996/996
f 975/975/975 963/963/963 965/965/965
f 999/999/999 1003/1003/1003 1000/1000/1000
f 1002/1002/1002 1591/1591/1591 1003/1003/1003
f 1004/1004/1004 1592/1592/1592 987/987/987
f 1005/1005/1005 1009/1009/1009 1006/1006/1006
f 1008/1008/1008 1018/1018/1018 1006/1006/1006
f 1010/1010/1010 1593/1593/1593 1011/1011/1011
f 1011/1011/1011 1594/1594/1594 1013/1013/1013
f 1014/1014/1014 1039/1039/1039 1015/1015/1015
f 1008/1008/1008 1041/1041/1041 1017/1017/1017
f 1019/1019/1019 1023/1023/1023 1020/1020/1020
f 1019/1019/1019 1024/1024/1024 1022/1022/1022
f 1024/1024/1024 1019/1019/1019 1021/1021/1021
f 1021/1021/1021 1025/1025/1025 1024/1024/1024
f 1025/1025/1025 1027/1027/1027 1026/1026/1026
f 1026/1026/1026 1028/1028/1028 1022/1022/1022
f 1027/1027/1027 1033/1033/1033 1028/1028/1028
f 1029/1029/1029 1595/1595/1595 1030/1030/1030
f 1027/1027/1027 1025/1025/1025 1032/1032/1032
f 1032/1032/1032 1596/1596/1596 1034/1034/1034
f 1035/1035/1035 1038/1038/1038 1036/1036/1036
f 1035/1035/1035 1005/1005/1005 1007/1007/1007
f 1039/1039/1039 1597/1597/1597 1040/1040/1040
f 1041/1041/1041 1037/1037/1037 1036/1036/1036
f 1042/1042/1042 1046/1046/1046 972/972/972
f 1043/1043/1043 1598/1598/1598 1044/1044/1044
f 1046/1046/1046 1599/1599/1599 1047/1047/1047
f 1021/1021/1021 1020/1020/1020 1032/1032/1032
f 1048/1048/1048 1051/1051/1051 1049/1049/1049
f 1051/1051/1051 1048/1048/1048 1052/1052/1052
f 1054/1054/1054 1600/1600/1600 1049/1049/1049
f 1055/1055/1055 1054/1054/1054 1051/1051/1051
f 1056/1056/1056 1601/1601/1601 1057/1057/1057
f 1058/1058/1058 1057/1057/1057 1059/1059/1059
f 1061/1061/1061 1065/1065/1065 1062/1062/1062
f 1061/1061/1061 1067/1067/1067 1064/1064/1064
f 1066/1066/1066 1602/1602/1602 1067/1067/1067
f 1068/1068/1068 1603/1603/1603 1069/1069/1069
f 1071/1071/1071 1068/1068/1068 1070/1070/1070
f 1073/1073/1073 1084/1084/1084 1074/1074/1074
f 1076/1076/1076 1080/1080/1080 1077/1077/1077
f 1079/1079/1079 1081/1081/1081 1077/1077/1077
f 1081/1081/1081 1079/1079/1079 1082/1082/1082
f 1084/1084/1084 1073/1073/1073 1085/1085/1085
f 1049/1049/1049 1600/1600/1600 1050/1050/1050
f 1600/1600/1600 1088/1088/1088 1050/1050/1050
f 1088/1088/1088 1604/1604/1604 1087/1087/1087
f 1084/1084/1084 1086/1086/1086 1089/1089/1089
f 1067/1067/1067 1605/1605/1605 1091/1091/1091
f 1076/1076/1076 1078/1078/1078 1092/1092/1092
f 1094/1094/1094 1606/1606/1606 1095/1095/1095
f 1097/1097/1097 1058/1058/1058 1060/1060/1060
f 1099/1099/1099 1132/1132/1132 1100/1100/1100
f 1100/1100/1100 1110/1110/1110 1102/1102/1102
f 1103/1103/1103 1607/1607/1607 1104/1104/1104
f 1106/1106/1106 1608/1608/1608 1107/1107/1107
f 1109/1109/1109 1112/1112/1112 1110/1110/1110
f 1102/1102/1102 1110/1110/1110 1112/1112/1112
f 1114/1114/1114 1106/1106/1106 1115/1115/1115
f 1115/1115/1115 1106/1106/1106 1108/1108/1108
f 1116/1116/1116 1115/1115/1115 1117/1117/1117
f 1117/1117/1117 1119/1119/1119 1118/1118/1118
f 1119/1119/1119 1121/1121/1121 1118/1118/1118
f 1108/1108/1108 1120/1120/1120 1119/1119/1119
f 1120/1120/1120 1609/1609/1609 1121/1121/1121
f 1122/1122/1122 1610/1610/1610 1123/1123/1123
f 1121/1121/1121 1609/1609/1609 1125/1125/1125
f 1126/1126/1126 1611/1611/1611 1127/1127/1127
f 1129/1129/1129 1612/1612/1612 1130/1130/1130
f 1130/1130/1130 1612/1612/1612 1132/1132/1132
f 1126/1126/1126 1128/1128/1128 1133/1133/1133
f 1113/1113/1113 1112/1112/1112 1129/1129/1129
f 1135/1135/1135 1063/1063/1063 1062/1062/1062
f 1137/1137/1137 1063/1063/1063 1135/1135/1135
f 1139/1139/1139 1056/1056/1056 1058/1058/1058
f 1125/1125/1125 1114/1114/1114 1116/1116/1116
f 1388/1388/1388 1613/1613/1613 1389/1389/1389
f 1391/1391/1391 1614/1614/1614 1392/1392/1392
f 1394/1394/1394 1615/1615/1615 1395/1395/1395
f 1397/1397/1397 1616/1616/1616 1398/1398/1398
f 1400/1400/1400 1617/1617/1617 1401/1401/1401
f 1403/1403/1403 1618/1618/1618 1404/1404/1404
f 1406/1406/1406 1619/1619/1619 1407/1407/1407
f 1409/1409/1409 1620/1620/1620 1410/1410/1410
f 1412/1412/1412 1621/1621/1621 1413/1413/1413
f 1415/1415/1415 1622/1622/1622 1416/1416/1416
f 1418/1418/1418 1623/1623/1623 1419/1419/1419
f 1421/1421/1421 1624/1624/1624 1422/1422/1422
f 1424/1424/1424 1625/1625/1625 1425/1425/1425
f 1427/1427/1427 1626/1626/1626 1428/1428/1428
f 1430/1430/1430 1627/1627/1627 1431/1431/1431
f 1433/1433/1433 1628/1628/1628 1434/1434/1434
f 1436/1436/1436 1629/1629/1629 1437/1437/1437
f 1439/1439/1439 1630/1630/1630 1440/1440/1440
f 1442/1442/1442 1631/1631/1631 1443/1443/1443
f 1445/1445/1445 1632/1632/1632 1446/1446/1446
f 1448/1448/1448 1633/1633/1633 1449/1449/1449
f 1451/1451/1451 1634/1634/1634 1452/1452/1452
f 1454/1454/1454 1635/1635/1635 1455/1455/1455
f 1457/1457/1457 1636/1636/1636 1458/1458/1458
f 1460/1460/1460 1637/1637/1637 1461/1461/1461
f 1463/1463/1463 1638/1638/1638 1464/1464/1464
f 1466/1466/1466 1639/1639/1639 1467/1467/1467
f 1469/1469/1469 1640/1640/1640 1470/1470/1470
f 1472/1472/1472 1641/1641/1641 1473/1473/1473
f 1475/1475/1475 1642/1642/1642 1476/1476/1476
f 1478/1478/1478 1643/1643/1643 1479/1479/1479
f 1481/1481/1481 1644/1644/1644 1482/1482/1482
