# Goat -- imported by tools/import_asset_pack.py from Goat.fbx
o __pending__
v 0.197006 0.222494 0.102172
v 0.118257 0.079653 0.170242
v 0.232690 0.064997 0.102172
v 0.000000 -0.127545 -0.170242
v 0.124760 0.013673 -0.206946
v 0.168001 -0.073507 -0.170242
v 0.000000 0.025882 0.232326
v 0.151887 0.009395 0.170242
v 0.197006 0.222494 -0.000000
v 0.232690 0.064997 0.102172
v 0.232690 0.064997 0.000000
v 0.264551 -0.054268 0.000000
v 0.219574 -0.132009 0.170242
v 0.219574 -0.132009 0.000000
v 0.000000 -0.211024 0.170242
v 0.000000 -0.211025 0.000000
v 0.138011 0.277295 -0.000000
v 0.000000 0.299267 0.142714
v 0.138011 0.269955 0.142714
v 0.138011 0.277295 -0.000000
v 0.197006 0.222494 0.102172
v 0.186985 -0.020341 -0.170242
v 0.130668 0.030217 -0.206946
v 0.138011 0.269955 0.142714
v 0.000000 0.094308 0.212147
v 0.173537 0.061223 -0.170242
v 0.121796 0.089119 -0.206946
v 0.158474 0.168934 -0.170242
v 0.241996 -0.013698 0.102172
v 0.241996 -0.013698 0.000000
v 0.177465 0.007405 -0.170242
v 0.130668 0.030217 -0.206946
v 0.127705 0.038852 -0.206946
v 0.241996 -0.013698 0.102172
v 0.264551 -0.054268 0.170242
v 0.216746 -0.025981 0.194894
v 0.234347 -0.058533 0.190687
v 0.133572 0.206412 -0.170242
v 0.000000 0.107020 -0.206946
v 0.000000 0.226458 -0.170242
v 0.264551 -0.054268 0.000000
v 0.114046 0.100782 -0.206946
v 0.219574 -0.132009 0.170242
v 0.234347 -0.058533 0.190687
v 0.199249 -0.120908 0.199076
v 0.216746 -0.025981 0.194894
v 0.146427 -0.007453 0.211700
v 0.000000 -0.184306 0.264954
v 0.000000 0.025882 0.232326
v 0.146427 -0.007453 0.211700
v 0.151887 0.009395 0.170242
v 0.216746 -0.025981 0.194894
v 0.241996 -0.013698 0.102172
v 0.199249 -0.120908 0.199076
v 0.000000 -0.184306 0.264954
v 0.189380 0.329933 -0.036446
v 0.185186 0.375323 0.000000
v 0.220569 0.325088 -0.018223
v 0.220569 0.325088 -0.018223
v 0.185186 0.375323 0.000000
v 0.220569 0.325088 0.018223
v 0.220569 0.325088 0.018223
v 0.185186 0.375323 0.000000
v 0.189380 0.329933 0.036446
v 0.158191 0.334776 0.018223
v 0.142082 0.313194 -0.021755
v 0.158191 0.334776 -0.018223
v 0.158191 0.334776 0.018223
v 0.185186 0.375323 0.000000
v 0.158191 0.334776 -0.018223
v 0.196983 0.261565 0.021756
v 0.166391 0.219029 -0.025713
v 0.196983 0.261565 -0.021755
v 0.196983 0.261565 -0.021755
v 0.169532 0.287380 -0.043511
v 0.158191 0.334776 0.018223
v 0.142082 0.313194 -0.021755
v 0.142082 0.313194 0.021756
v 0.142082 0.313194 0.021756
v 0.169532 0.287380 0.043511
v 0.196983 0.261565 0.021756
v 0.196983 0.261565 -0.021755
v 0.133947 0.249540 0.051427
v 0.101503 0.280051 0.025714
v 0.101503 0.280051 -0.025713
v 0.101503 0.280051 0.025714
v 0.133947 0.249540 0.051427
v 0.166391 0.219029 0.025714
v 0.133947 0.249540 -0.051427
v 0.101503 0.280051 -0.025713
v 0.186985 -0.020341 -0.170242
v 0.133572 0.206412 -0.170242
v 0.158474 0.168934 -0.170242
v 0.000000 0.226458 -0.170242
v 0.133572 0.206412 -0.170242
v 0.168001 -0.073507 -0.170242
v 0.000000 -0.127545 -0.170242
v 0.168001 -0.073507 -0.170242
v 0.219574 -0.132009 0.000000
v 0.173537 0.061223 -0.170242
v 0.111452 0.058719 -0.206946
v 0.126483 0.055600 -0.206946
v 0.000000 0.061838 -0.206946
v 0.000000 0.040268 -0.206946
v 0.115869 0.043766 -0.206946
v 0.127705 0.038852 -0.206946
v 0.000000 -0.003144 -0.206946
v 0.161694 0.040160 0.093283
v 0.140433 0.070693 0.090441
v 0.168549 0.076054 0.114381
v 0.150602 -0.017918 0.127420
v 0.139510 0.004265 0.093284
v 0.170967 0.009626 0.112625
v 0.186496 0.040160 0.127420
v 0.161694 0.040160 0.093283
v 0.168549 0.076054 0.114381
v 0.110472 -0.017918 0.114381
v 0.074578 0.004266 0.114381
v 0.102693 0.009626 0.090441
v 0.182629 0.070693 0.148518
v 0.110472 -0.017918 0.182655
v 0.102693 0.009626 0.206595
v 0.074578 0.004266 0.182655
v 0.081433 0.040160 0.093283
v 0.072160 0.070693 0.112625
v 0.103616 0.076054 0.093284
v 0.085669 -0.017918 0.148518
v 0.110472 -0.017918 0.182655
v 0.074578 0.004266 0.182655
v 0.121563 0.040160 0.080244
v 0.085669 -0.017918 0.148518
v 0.074578 0.004266 0.182655
v 0.060497 0.009626 0.148518
v 0.150602 -0.017918 0.169615
v 0.121563 -0.028114 0.148518
v 0.056631 0.040160 0.169615
v 0.072160 0.070693 0.184411
v 0.063486 0.076054 0.148518
v 0.179640 0.004266 0.148518
v 0.056631 0.040160 0.127420
v 0.072160 0.070693 0.112625
v 0.170967 0.009626 0.184411
v 0.139510 0.004265 0.203753
v 0.121563 0.040160 0.216792
v 0.140433 0.070693 0.206595
v 0.103616 0.076054 0.203753
v 0.081433 0.040160 0.203753
v 0.139510 0.004265 0.203753
v 0.072160 0.070693 0.184411
v 0.157457 0.098237 0.148518
v 0.186496 0.040160 0.169615
v 0.168549 0.076054 0.182655
v 0.132655 0.098237 0.114381
v 0.161694 0.040160 0.203753
v 0.072160 0.070693 0.112625
v 0.063486 0.076054 0.148518
v 0.092525 0.098237 0.127420
v 0.161694 0.040160 0.203753
v 0.168549 0.076054 0.182655
v 0.072160 0.070693 0.184411
v 0.103616 0.076054 0.203753
v 0.092525 0.098237 0.169615
v 0.139510 0.004265 0.093284
v 0.132655 0.098237 0.182655
v 0.170967 0.009626 0.112625
v 0.132655 0.098237 0.114381
v 0.157457 0.098237 0.148518
v 0.132655 0.098237 0.114381
v 0.121563 0.108434 0.148518
v 0.074578 0.004266 0.114381
v 0.103616 0.076054 0.093284
v 0.081433 0.040160 0.093283
v 0.170967 0.009626 0.184411
v 0.170967 0.009626 0.112625
v 0.081433 0.040160 0.203753
v 0.170967 0.009626 0.184411
v 0.179640 0.004266 0.148518
v 0.132655 0.098237 0.182655
v 0.110472 -0.017918 0.114381
v 0.168549 0.076054 0.182655
v 0.110472 -0.017918 0.114381
v 0.265397 0.168100 0.078449
v 0.181479 0.185925 0.084359
v 0.238725 0.131292 0.094273
v 0.205197 0.165505 -0.029057
v 0.328790 0.111964 0.054721
v 0.240047 0.123282 -0.068530
v 0.302117 0.075156 0.070545
v 0.361169 0.069063 0.009508
v 0.328790 0.111964 0.054721
v 0.302117 0.075156 0.070545
v 0.178525 0.128697 -0.013233
v 0.213375 0.086474 -0.052706
v 0.205197 0.165505 -0.029057
v 0.213375 0.086474 -0.052706
v 0.178525 0.128697 -0.013233
v 0.163621 0.183775 0.049259
v 0.193393 0.202366 0.077291
v 0.175535 0.200216 0.042191
v 0.175535 0.200216 0.042191
v 0.205197 0.165505 -0.029057
v 0.265397 0.168100 0.078449
v 0.238725 0.131292 0.094273
v 0.163621 0.183775 0.049259
v 0.310497 0.062523 -0.091114
v 0.344028 -0.013702 -0.065503
v 0.283825 0.025715 -0.075289
v 0.361169 0.069063 0.009508
v 0.310497 0.062523 -0.091114
v 0.334497 0.032256 0.025333
v 0.240047 0.123282 -0.068530
v 0.371929 -0.001029 0.011004
v 0.420827 -0.009948 -0.018695
v 0.398601 0.035779 -0.004820
v 0.370700 0.023106 -0.081327
v 0.344028 -0.013702 -0.065503
v 0.371929 -0.001029 0.011004
v 0.404986 -0.008880 -0.042910
v 0.414205 -0.019086 -0.014767
v 0.398365 -0.018017 -0.038982
v 0.398601 0.035779 -0.004820
v 0.404986 -0.008880 -0.042910
v 0.371929 -0.001029 0.011004
v 0.370700 0.023106 -0.081327
v 0.398365 -0.018017 -0.038982
v 0.000000 -0.143320 0.069447
v 0.000000 -0.188872 -0.069447
v 0.000000 -0.188872 0.069447
v 0.099146 -0.250531 -0.083666
v 0.031485 -0.264663 -0.232241
v 0.096151 -0.261064 -0.246461
v 0.110711 -0.138010 -0.069447
v 0.167530 -0.183116 0.069447
v 0.167530 -0.183116 -0.069447
v 0.018279 -0.142444 0.069447
v 0.000000 -0.188872 0.069447
v 0.027660 -0.187922 0.069447
v 0.000000 -0.143320 -0.069447
v 0.018279 -0.142444 0.069447
v 0.018279 -0.142444 -0.069447
v 0.000000 -0.234424 0.069447
v 0.034480 -0.252662 0.069447
v 0.163813 -0.248400 0.069447
v 0.163813 -0.248400 -0.069447
v 0.000000 -0.233853 -0.232241
v 0.000000 -0.234424 -0.069447
v 0.000000 -0.234424 0.069447
v 0.160817 -0.257464 -0.232241
v 0.163813 -0.248400 -0.069447
v 0.097595 -0.185519 0.083666
v 0.099146 -0.250531 0.083667
v 0.064495 -0.140227 0.083666
v 0.064495 -0.140227 -0.083666
v 0.034480 -0.252662 -0.069447
v 0.000000 -0.234424 0.069447
v 0.000000 -0.234424 -0.069447
v 0.064495 -0.140227 0.083666
v 0.000000 -0.143320 -0.069447
v 0.000000 -0.156902 -0.232241
v 0.162753 -0.356979 0.069447
v 0.103448 -0.345313 0.096407
v 0.172437 -0.357024 0.077732
v 0.026906 -0.359069 -0.069447
v 0.017655 -0.358495 0.078194
v 0.026906 -0.359069 0.069447
v 0.162753 -0.356979 -0.069447
v 0.103448 -0.345313 -0.096407
v 0.103154 -0.345356 -0.083666
v 0.017655 -0.358495 -0.078194
v 0.172437 -0.357024 -0.077731
v 0.110711 -0.138010 0.069447
v 0.167530 -0.183116 0.069447
v 0.110711 -0.138010 -0.069447
v 0.110711 -0.138010 0.069447
v 0.163813 -0.248400 0.069447
v 0.160817 -0.257464 -0.232241
v 0.164534 -0.147178 -0.232241
v 0.103154 -0.345356 0.083667
v 0.107715 -0.070980 -0.232241
v 0.061499 -0.060494 -0.246461
v 0.103154 -0.345356 0.083667
v 0.162753 -0.356979 0.069447
v 0.034480 -0.252662 -0.069447
v 0.103154 -0.345356 -0.083666
v 0.026906 -0.359069 -0.069447
v 0.034480 -0.252662 -0.069447
v 0.026906 -0.359069 0.069447
v 0.034480 -0.252662 0.069447
v 0.162753 -0.356979 -0.069447
v 0.163813 -0.248400 -0.069447
v 0.099146 -0.250531 -0.083666
v 0.017655 -0.358495 0.078194
v 0.105192 -0.397199 0.093939
v 0.103448 -0.345313 0.096407
v 0.169011 -0.416475 -0.075763
v 0.105192 -0.397199 0.093939
v 0.105192 -0.397199 -0.093938
v 0.172437 -0.357024 -0.077731
v 0.105192 -0.397199 -0.093938
v 0.103448 -0.345313 -0.096407
v 0.172437 -0.357024 0.077732
v 0.169011 -0.416475 -0.075763
v 0.172437 -0.357024 -0.077731
v 0.017655 -0.358495 -0.078194
v 0.016106 -0.416979 0.075964
v 0.017655 -0.358495 0.078194
v 0.017655 -0.358495 -0.078194
v 0.016106 -0.416979 -0.075963
v 0.016106 -0.416979 0.075964
v 0.016106 -0.416979 -0.075963
v 0.172437 -0.357024 0.077732
v 0.169011 -0.416475 0.075763
v 0.000000 -0.232539 -0.382049
v 0.160695 -0.256150 -0.362879
v 0.164412 -0.145864 -0.362879
v 0.107593 -0.069666 -0.362879
v 0.061377 -0.073411 -0.377099
v 0.015162 -0.069829 -0.362879
v 0.015283 -0.056805 -0.232241
v 0.107715 -0.070980 -0.232241
v 0.107593 -0.069666 -0.362879
v 0.000000 -0.062527 -0.362879
v 0.000000 -0.058286 -0.232241
v 0.034480 -0.252662 -0.069447
v 0.000000 -0.233853 -0.232241
v 0.031485 -0.264663 -0.232241
v 0.094477 -0.149923 -0.377099
v 0.107593 -0.069666 -0.362879
v 0.164412 -0.145864 -0.362879
v 0.160695 -0.256150 -0.362879
v 0.096029 -0.259750 -0.377099
v 0.000000 -0.232539 -0.382049
v 0.024542 -0.153983 -0.378440
v 0.031363 -0.263349 -0.378440
v 0.000000 -0.155588 -0.382049
v 0.015162 -0.069829 -0.362879
v 0.061377 -0.073411 -0.377099
v 0.096151 -0.261064 -0.246461
v 0.037330 -0.369679 -0.233303
v 0.101997 -0.366079 -0.247522
v 0.166541 -0.361166 -0.363941
v 0.000000 -0.062527 -0.362879
v 0.000000 -0.155588 -0.382049
v 0.031363 -0.263349 -0.378440
v 0.037209 -0.368365 -0.363941
v 0.037330 -0.369679 -0.233303
v 0.101875 -0.364766 -0.378160
v 0.037209 -0.368365 -0.363941
v 0.166662 -0.362480 -0.233303
v 0.160817 -0.257464 -0.232241
v 0.166541 -0.361166 -0.363941
v 0.166541 -0.361166 -0.363941
v 0.101829 -0.364552 -0.395152
v 0.101875 -0.364766 -0.378160
v 0.166662 -0.362480 -0.233303
v 0.179716 -0.360103 -0.374620
v 0.037209 -0.368365 -0.363941
v 0.023937 -0.369164 -0.374522
v 0.037330 -0.369679 -0.233303
v 0.026644 -0.370599 -0.220123
v 0.102042 -0.366293 -0.230531
v 0.101997 -0.366079 -0.247522
v 0.177224 -0.361906 -0.220003
v 0.102042 -0.366293 -0.230531
v 0.032025 -0.420204 -0.222998
v 0.105530 -0.419341 -0.237124
v 0.178892 -0.411912 -0.223037
v 0.177224 -0.361906 -0.220003
v 0.105530 -0.419341 -0.237124
v 0.029978 -0.419176 -0.373177
v 0.105350 -0.416112 -0.391532
v 0.180678 -0.410643 -0.373167
v 0.178892 -0.411912 -0.223037
v 0.023937 -0.369164 -0.374522
v 0.032025 -0.420204 -0.222998
v 0.026644 -0.370599 -0.220123
v 0.101829 -0.364552 -0.395152
v 0.029978 -0.419176 -0.373177
v 0.023937 -0.369164 -0.374522
v 0.179716 -0.360103 -0.374620
v 0.178892 -0.411912 -0.223037
v 0.180678 -0.410643 -0.373167
v 0.180678 -0.410643 -0.373167
v 0.105350 -0.416112 -0.391532
v 0.039036 -0.094946 -0.440686
v 0.039036 -0.057377 -0.360920
v 0.039036 -0.116092 -0.384347
v 0.039036 -0.127723 -0.460224
v 0.034015 -0.079955 -0.482188
v 0.039036 -0.116092 -0.384347
v 0.019993 -0.090189 -0.353903
v 0.019993 -0.112996 -0.363002
v 0.029601 -0.094910 -0.507288
v 0.029601 -0.072065 -0.493670
v 0.029601 -0.017439 -0.461108
v 0.034015 -0.014216 -0.443001
v 0.019993 -0.122534 -0.366808
v 0.039036 -0.140647 -0.394144
v 0.039036 -0.016570 -0.393965
v 0.039036 -0.140647 -0.394144
v 0.022191 -0.092453 -0.516577
v 0.015926 -0.082136 -0.522717
v 0.022191 -0.077407 -0.507609
v 0.000000 -0.082136 -0.522717
v 0.015926 -0.090586 -0.527755
v 0.000000 -0.090586 -0.527755
v 0.023653 -0.013827 -0.501606
v 0.004618 -0.008570 -0.546123
v 0.011177 -0.016824 -0.551044
v 0.004618 -0.016824 -0.551044
v 0.011177 -0.016824 -0.551044
v 0.011177 -0.008570 -0.546123
v -0.004036 0.255798 0.086562
v 0.009852 0.240020 0.105516
v -0.010928 0.260684 0.113575
v 0.035644 0.240484 0.130640
v 0.009852 0.240020 0.105516
v 0.045855 0.240126 0.105346
v -0.011092 0.282562 0.092477
v 0.009587 0.275419 0.071380
v -0.004036 0.255798 0.086562
v 0.009587 0.275419 0.071380
v 0.022532 0.249127 0.079438
v 0.070649 0.251854 0.139208
v 0.000289 0.275639 0.144350
v 0.012395 0.251682 0.139483
v 0.029187 0.279660 0.168365
v 0.000010 0.312860 0.108457
v -0.008551 0.294224 0.126444
v 0.016079 0.327831 0.139208
v 0.035193 0.300709 0.072563
v 0.011965 0.308960 0.084249
v 0.049438 0.329795 0.092033
v 0.057216 0.255978 0.086273
v 0.045590 0.275525 0.071210
v 0.083164 0.282839 0.092033
v 0.049968 0.258996 0.160307
v 0.016243 0.305953 0.160307
v 0.000010 0.312860 0.108457
v 0.016079 0.327831 0.139208
v 0.028758 0.336937 0.113131
v 0.070219 0.309131 0.083974
v 0.057216 0.255978 0.086273
v 0.083164 0.282839 0.092033
v 0.083328 0.260961 0.113131
v 0.064213 0.288083 0.179777
v 0.087441 0.279832 0.168090
v 0.089819 0.313372 0.180959
v 0.042191 0.332813 0.166066
v 0.053817 0.313266 0.181129
v 0.076875 0.339664 0.172901
v 0.063762 0.348307 0.121699
v 0.053551 0.348665 0.146993
v 0.089554 0.348771 0.146823
v 0.099117 0.313152 0.107989
v 0.087012 0.337109 0.112856
v 0.110335 0.328107 0.138764
v 0.099396 0.275931 0.143882
v 0.107957 0.294567 0.125895
v 0.110499 0.306229 0.159862
v 0.103442 0.332993 0.165777
v 0.089554 0.348771 0.146823
v 0.087012 0.337109 0.112856
v 0.076875 0.339664 0.172901
v 0.103442 0.332993 0.165777
v 0.042191 0.332813 0.166066
v 0.103442 0.332993 0.165777
v 0.110499 0.306229 0.159862
v 0.087441 0.279832 0.168090
v 0.099396 0.275931 0.143882
v 0.110499 0.306229 0.159862
v 0.107957 0.294567 0.125895
v 0.083328 0.260961 0.113131
v 0.083164 0.282839 0.092033
v 0.087012 0.337109 0.112856
v 0.099117 0.313152 0.107989
v 0.049438 0.329795 0.092033
v 0.049968 0.258996 0.160307
v 0.011965 0.308960 0.084249
v 0.016243 0.305953 0.160307
v 0.016243 0.305953 0.160307
v 0.000289 0.275639 0.144350
v 0.012395 0.251682 0.139483
v -0.011092 0.282562 0.092477
v 0.011965 0.308960 0.084249
v 0.022532 0.249127 0.079438
v -0.004036 0.255798 0.086562
v 0.012395 0.251682 0.139483
v -0.118257 0.079653 0.170242
v -0.197006 0.222494 0.102172
v -0.232690 0.064997 0.102172
v -0.124760 0.013673 -0.206946
v -0.168001 -0.073507 -0.170242
v -0.151887 0.009395 0.170242
v -0.232690 0.064997 0.102172
v -0.197006 0.222494 -0.000000
v -0.232690 0.064997 0.000000
v -0.219574 -0.132009 0.170242
v -0.264551 -0.054268 0.000000
v -0.219574 -0.132009 0.000000
v -0.219574 -0.132009 0.000000
v -0.138011 0.277295 -0.000000
v 0.000000 0.306607 -0.000000
v -0.197006 0.222494 0.102172
v -0.197006 0.222494 -0.000000
v -0.186985 -0.020341 -0.170242
v -0.138011 0.269955 0.142714
v -0.121796 0.089119 -0.206946
v -0.173537 0.061223 -0.170242
v -0.158474 0.168934 -0.170242
v -0.241996 -0.013698 0.000000
v -0.177465 0.007405 -0.170242
v -0.130668 0.030217 -0.206946
v -0.241996 -0.013698 0.102172
v -0.264551 -0.054268 0.170242
v -0.216746 -0.025981 0.194894
v -0.241996 -0.013698 0.102172
v -0.133572 0.206412 -0.170242
v -0.241996 -0.013698 0.102172
v -0.114046 0.100782 -0.206946
v -0.219574 -0.132009 0.170242
v -0.234347 -0.058533 0.190687
v -0.264551 -0.054268 0.170242
v -0.199249 -0.120908 0.199076
v -0.216746 -0.025981 0.194894
v -0.146427 -0.007453 0.211700
v -0.146427 -0.007453 0.211700
v -0.151887 0.009395 0.170242
v -0.199249 -0.120908 0.199076
v -0.219574 -0.132009 0.170242
v -0.189380 0.329933 -0.036446
v -0.220569 0.325088 -0.018223
v -0.185186 0.375323 0.000000
v -0.220569 0.325088 -0.018223
v -0.220569 0.325088 0.018223
v -0.185186 0.375323 0.000000
v -0.220569 0.325088 0.018223
v -0.189380 0.329933 0.036446
v -0.185186 0.375323 0.000000
v -0.158191 0.334776 0.018223
v -0.142082 0.313194 -0.021755
v -0.158191 0.334776 -0.018223
v -0.158191 0.334776 0.018223
v -0.158191 0.334776 -0.018223
v -0.185186 0.375323 0.000000
v -0.166391 0.219029 -0.025713
v -0.196983 0.261565 0.021756
v -0.196983 0.261565 -0.021755
v -0.196983 0.261565 -0.021755
v -0.142082 0.313194 -0.021755
v -0.142082 0.313194 0.021756
v -0.196983 0.261565 0.021756
v -0.220569 0.325088 0.018223
v -0.220569 0.325088 -0.018223
v -0.166391 0.219029 0.025714
v -0.166391 0.219029 -0.025713
v -0.101503 0.280051 -0.025713
v -0.101503 0.280051 0.025714
v -0.142082 0.313194 0.021756
v -0.133947 0.249540 0.051427
v -0.169532 0.287380 0.043511
v -0.133947 0.249540 -0.051427
v -0.169532 0.287380 -0.043511
v -0.186985 -0.020341 -0.170242
v -0.177465 0.007405 -0.170242
v -0.173537 0.061223 -0.170242
v -0.133572 0.206412 -0.170242
v -0.158474 0.168934 -0.170242
v -0.168001 -0.073507 -0.170242
v -0.168001 -0.073507 -0.170242
v -0.158474 0.168934 -0.170242
v -0.111452 0.058719 -0.206946
v -0.115869 0.043766 -0.206946
v -0.126483 0.055600 -0.206946
v -0.127705 0.038852 -0.206946
v -0.161694 0.040160 0.093283
v -0.168549 0.076054 0.114381
v -0.140433 0.070693 0.090441
v -0.150602 -0.017918 0.127420
v -0.170967 0.009626 0.112625
v -0.139510 0.004265 0.093284
v -0.186496 0.040160 0.127420
v -0.168549 0.076054 0.114381
v -0.161694 0.040160 0.093283
v -0.110472 -0.017918 0.114381
v -0.102693 0.009626 0.090441
v -0.074578 0.004266 0.114381
v -0.182629 0.070693 0.148518
v -0.110472 -0.017918 0.182655
v -0.074578 0.004266 0.182655
v -0.102693 0.009626 0.206595
v -0.081433 0.040160 0.093283
v -0.103616 0.076054 0.093284
v -0.072160 0.070693 0.112625
v -0.085669 -0.017918 0.148518
v -0.121563 0.040160 0.080244
v -0.060497 0.009626 0.148518
v -0.150602 -0.017918 0.169615
v -0.150602 -0.017918 0.127420
v -0.121563 -0.028114 0.148518
v -0.056631 0.040160 0.169615
v -0.063486 0.076054 0.148518
v -0.072160 0.070693 0.184411
v -0.179640 0.004266 0.148518
v -0.150602 -0.017918 0.169615
v -0.056631 0.040160 0.127420
v -0.072160 0.070693 0.112625
v -0.150602 -0.017918 0.169615
v -0.139510 0.004265 0.203753
v -0.170967 0.009626 0.184411
v -0.121563 0.040160 0.216792
v -0.103616 0.076054 0.203753
v -0.140433 0.070693 0.206595
v -0.139510 0.004265 0.203753
v -0.081433 0.040160 0.203753
v -0.110472 -0.017918 0.182655
v -0.102693 0.009626 0.206595
v -0.072160 0.070693 0.184411
v -0.182629 0.070693 0.148518
v -0.157457 0.098237 0.148518
v -0.168549 0.076054 0.114381
v -0.186496 0.040160 0.169615
v -0.168549 0.076054 0.182655
v -0.132655 0.098237 0.114381
v -0.161694 0.040160 0.203753
v -0.092525 0.098237 0.127420
v -0.161694 0.040160 0.203753
v -0.168549 0.076054 0.182655
v -0.092525 0.098237 0.169615
v -0.139510 0.004265 0.093284
v -0.102693 0.009626 0.090441
v -0.140433 0.070693 0.206595
v -0.132655 0.098237 0.182655
v -0.168549 0.076054 0.182655
v -0.132655 0.098237 0.114381
v -0.140433 0.070693 0.090441
v -0.121563 0.108434 0.148518
v -0.074578 0.004266 0.114381
v -0.060497 0.009626 0.148518
v -0.103616 0.076054 0.093284
v -0.081433 0.040160 0.093283
v -0.092525 0.098237 0.127420
v -0.103616 0.076054 0.093284
v -0.170967 0.009626 0.184411
v -0.074578 0.004266 0.182655
v -0.170967 0.009626 0.112625
v -0.092525 0.098237 0.169615
v -0.081433 0.040160 0.203753
v -0.074578 0.004266 0.182655
v -0.074578 0.004266 0.114381
v -0.092525 0.098237 0.169615
v -0.132655 0.098237 0.182655
v -0.103616 0.076054 0.203753
v -0.110472 -0.017918 0.114381
v -0.139510 0.004265 0.093284
v -0.368145 0.023106 -0.081327
v -0.358614 0.069063 0.009508
v -0.307943 0.062523 -0.091114
v -0.396047 0.035779 -0.004820
v -0.411651 -0.019086 -0.014767
v -0.369375 -0.001029 0.011004
v -0.237492 0.123282 -0.068530
v -0.326235 0.111964 0.054721
v -0.395811 -0.018017 -0.038982
v -0.418272 -0.009948 -0.018695
v -0.402432 -0.008880 -0.042910
v -0.369375 -0.001029 0.011004
v -0.395811 -0.018017 -0.038982
v -0.341473 -0.013702 -0.065503
v -0.331942 0.032256 0.025333
v -0.281271 0.025715 -0.075289
v -0.161067 0.183775 0.049259
v -0.236171 0.131292 0.094273
v -0.175970 0.128697 -0.013233
v -0.395811 -0.018017 -0.038982
v -0.368145 0.023106 -0.081327
v -0.341473 -0.013702 -0.065503
v -0.331942 0.032256 0.025333
v -0.358614 0.069063 0.009508
v -0.396047 0.035779 -0.004820
v -0.368145 0.023106 -0.081327
v -0.262843 0.168100 0.078449
v -0.172981 0.200216 0.042191
v -0.202642 0.165505 -0.029057
v -0.307943 0.062523 -0.091114
v -0.281271 0.025715 -0.075289
v -0.210820 0.086474 -0.052706
v -0.299563 0.075156 0.070545
v -0.237492 0.123282 -0.068530
v -0.210820 0.086474 -0.052706
v -0.326235 0.111964 0.054721
v -0.331942 0.032256 0.025333
v -0.299563 0.075156 0.070545
v -0.172981 0.200216 0.042191
v -0.178924 0.185925 0.084359
v -0.161067 0.183775 0.049259
v -0.326235 0.111964 0.054721
v -0.236171 0.131292 0.094273
v -0.262843 0.168100 0.078449
v -0.175970 0.128697 -0.013233
v -0.202642 0.165505 -0.029057
v -0.178924 0.185925 0.084359
v -0.175970 0.128697 -0.013233
v -0.202642 0.165505 -0.029057
v -0.099146 -0.250531 -0.083666
v -0.031485 -0.264663 -0.232241
v -0.034480 -0.252662 -0.069447
v -0.167530 -0.183116 0.069447
v -0.110711 -0.138010 -0.069447
v -0.167530 -0.183116 -0.069447
v -0.018279 -0.142444 0.069447
v -0.027660 -0.187922 0.069447
v -0.018279 -0.142444 0.069447
v 0.000000 -0.143320 -0.069447
v -0.018279 -0.142444 -0.069447
v 0.000000 -0.234424 0.069447
v -0.034480 -0.252662 0.069447
v -0.163813 -0.248400 0.069447
v -0.167530 -0.183116 -0.069447
v -0.163813 -0.248400 -0.069447
v -0.160817 -0.257464 -0.232241
v -0.163813 -0.248400 -0.069447
v -0.097595 -0.185519 0.083666
v -0.099146 -0.250531 0.083667
v -0.064495 -0.140227 -0.083666
v 0.000000 -0.234424 0.069447
v 0.000000 -0.234424 -0.069447
v -0.064495 -0.140227 0.083666
v -0.162753 -0.356979 0.069447
v -0.103448 -0.345313 0.096407
v -0.103154 -0.345356 0.083667
v -0.017655 -0.358495 0.078194
v -0.026906 -0.359069 -0.069447
v -0.026906 -0.359069 0.069447
v -0.103448 -0.345313 -0.096407
v -0.162753 -0.356979 -0.069447
v -0.103154 -0.345356 -0.083666
v -0.172437 -0.357024 -0.077731
v -0.110711 -0.138010 0.069447
v -0.167530 -0.183116 0.069447
v -0.064495 -0.140227 0.083666
v -0.163813 -0.248400 0.069447
v -0.160817 -0.257464 -0.232241
v -0.107715 -0.070980 -0.232241
v -0.103154 -0.345356 0.083667
v -0.034480 -0.252662 -0.069447
v -0.103154 -0.345356 -0.083666
v -0.099146 -0.250531 -0.083666
v -0.026906 -0.359069 0.069447
v -0.034480 -0.252662 -0.069447
v -0.034480 -0.252662 0.069447
v -0.162753 -0.356979 -0.069447
v -0.163813 -0.248400 -0.069447
v -0.105192 -0.397199 0.093939
v -0.017655 -0.358495 0.078194
v -0.103448 -0.345313 0.096407
v -0.105192 -0.397199 0.093939
v -0.169011 -0.416475 -0.075763
v -0.105192 -0.397199 -0.093938
v -0.105192 -0.397199 -0.093938
v -0.172437 -0.357024 -0.077731
v -0.103448 -0.345313 -0.096407
v -0.169011 -0.416475 -0.075763
v -0.172437 -0.357024 0.077732
v -0.172437 -0.357024 -0.077731
v -0.016106 -0.416979 0.075964
v -0.017655 -0.358495 -0.078194
v -0.017655 -0.358495 0.078194
v -0.017655 -0.358495 -0.078194
v -0.016106 -0.416979 0.075964
v -0.016106 -0.416979 -0.075963
v -0.172437 -0.357024 0.077732
v -0.164534 -0.147178 -0.232241
v -0.160695 -0.256150 -0.362879
v -0.061499 -0.060494 -0.246461
v -0.107593 -0.069666 -0.362879
v -0.015162 -0.069829 -0.362879
v -0.015283 -0.056805 -0.232241
v -0.164412 -0.145864 -0.362879
v -0.164534 -0.147178 -0.232241
v 0.000000 -0.062527 -0.362879
v 0.000000 -0.058286 -0.232241
v 0.000000 -0.233853 -0.232241
v -0.094477 -0.149923 -0.377099
v -0.107593 -0.069666 -0.362879
v -0.061377 -0.073411 -0.377099
v -0.160695 -0.256150 -0.362879
v -0.096029 -0.259750 -0.377099
v 0.000000 -0.232539 -0.382049
v -0.024542 -0.153983 -0.378440
v 0.000000 -0.155588 -0.382049
v -0.015162 -0.069829 -0.362879
v 0.000000 -0.062527 -0.362879
v -0.031363 -0.263349 -0.378440
v -0.096151 -0.261064 -0.246461
v -0.037330 -0.369679 -0.233303
v -0.031485 -0.264663 -0.232241
v -0.166662 -0.362480 -0.233303
v -0.031363 -0.263349 -0.378440
v -0.031485 -0.264663 -0.232241
v -0.037209 -0.368365 -0.363941
v -0.031363 -0.263349 -0.378440
v -0.101875 -0.364766 -0.378160
v -0.166662 -0.362480 -0.233303
v -0.160817 -0.257464 -0.232241
v -0.166541 -0.361166 -0.363941
v -0.101829 -0.364552 -0.395152
v -0.166541 -0.361166 -0.363941
v -0.101875 -0.364766 -0.378160
v -0.179716 -0.360103 -0.374620
v -0.166662 -0.362480 -0.233303
v -0.037209 -0.368365 -0.363941
v -0.037330 -0.369679 -0.233303
v -0.023937 -0.369164 -0.374522
v -0.102042 -0.366293 -0.230531
v -0.101997 -0.366079 -0.247522
v -0.102042 -0.366293 -0.230531
v -0.032025 -0.420204 -0.222998
v -0.026644 -0.370599 -0.220123
v -0.178892 -0.411912 -0.223037
v -0.177224 -0.361906 -0.220003
v -0.105530 -0.419341 -0.237124
v -0.029978 -0.419176 -0.373177
v -0.032025 -0.420204 -0.222998
v -0.180678 -0.410643 -0.373167
v -0.178892 -0.411912 -0.223037
v -0.032025 -0.420204 -0.222998
v -0.023937 -0.369164 -0.374522
v -0.026644 -0.370599 -0.220123
v -0.029978 -0.419176 -0.373177
v -0.101829 -0.364552 -0.395152
v -0.023937 -0.369164 -0.374522
v -0.179716 -0.360103 -0.374620
v -0.178892 -0.411912 -0.223037
v -0.177224 -0.361906 -0.220003
v -0.180678 -0.410643 -0.373167
v -0.179716 -0.360103 -0.374620
v -0.039036 -0.057377 -0.360920
v -0.039036 -0.094946 -0.440686
v -0.039036 -0.116092 -0.384347
v -0.034015 -0.079955 -0.482188
v -0.039036 -0.127723 -0.460224
v -0.019993 -0.090189 -0.353903
v -0.029601 -0.094910 -0.507288
v -0.034015 -0.107446 -0.498575
v -0.029601 -0.017439 -0.461108
v -0.034015 -0.014216 -0.443001
v -0.019993 -0.122534 -0.366808
v -0.039036 -0.140647 -0.394144
v -0.039036 -0.016570 -0.393965
v -0.015926 -0.082136 -0.522717
v -0.022191 -0.092453 -0.516577
v -0.022191 -0.077407 -0.507609
v -0.029601 -0.072065 -0.493670
v -0.015926 -0.090586 -0.527755
v -0.023653 -0.013827 -0.501606
v -0.011177 -0.016824 -0.551044
v -0.004618 -0.008570 -0.546123
v -0.004618 -0.016824 -0.551044
v -0.011177 -0.016824 -0.551044
v -0.023653 -0.053483 -0.525245
v 0.014312 0.215670 0.071811
v 0.017833 0.231926 0.097922
v -0.008349 0.212521 0.088650
v -0.034987 0.241822 0.104135
v -0.039618 0.234612 0.077646
v -0.008349 0.212521 0.088650
v 0.014312 0.215670 0.071811
v 0.031724 0.250638 0.073648
v 0.017833 0.231926 0.097922
v 0.014126 0.242798 0.049374
v 0.014312 0.215670 0.071811
v -0.010640 0.219240 0.058646
v 0.014126 0.242798 0.049374
v -0.061738 0.283042 0.099115
v 0.009557 0.274835 0.119909
v -0.017958 0.310287 0.132662
v -0.011144 0.247297 0.116922
v 0.033188 0.306671 0.078611
v 0.020699 0.352557 0.099115
v 0.028929 0.285415 0.101920
v 0.003249 0.293331 0.037314
v 0.000809 0.351436 0.044837
v 0.025221 0.296286 0.053371
v -0.038886 0.253253 0.053088
v -0.050140 0.308473 0.044837
v -0.017143 0.264888 0.038369
v -0.044140 0.290883 0.123390
v 0.006808 0.333845 0.123390
v 0.018407 0.359276 0.069111
v -0.025373 0.332031 0.035565
v -0.038886 0.253253 0.053088
v -0.064030 0.289761 0.069111
v -0.050140 0.308473 0.044837
v -0.046580 0.348986 0.130913
v -0.057456 0.399520 0.118852
v -0.068552 0.346032 0.114855
v -0.004445 0.389065 0.115138
v -0.032691 0.423078 0.109580
v -0.026188 0.377430 0.129857
v -0.008344 0.400496 0.064092
v -0.034982 0.429796 0.079576
v -0.003713 0.407706 0.090581
v -0.052888 0.367483 0.048317
v -0.061164 0.410392 0.070304
v -0.032187 0.395020 0.051304
v -0.076519 0.335647 0.089615
v -0.075054 0.391680 0.094578
v -0.072260 0.356903 0.066307
v -0.057643 0.426647 0.096415
v -0.061164 0.410392 0.070304
v -0.052888 0.367483 0.048317
v -0.061164 0.410392 0.070304
v -0.057643 0.426647 0.096415
v -0.034982 0.429796 0.079576
v -0.034982 0.429796 0.079576
v -0.008344 0.400496 0.064092
v -0.032691 0.423078 0.109580
v -0.032691 0.423078 0.109580
v -0.004445 0.389065 0.115138
v -0.057643 0.426647 0.096415
v -0.057456 0.399520 0.118852
v -0.068552 0.346032 0.114855
v -0.072260 0.356903 0.066307
v -0.044140 0.290883 0.123390
v 0.000809 0.351436 0.044837
v 0.025221 0.296286 0.053371
v 0.006808 0.333845 0.123390
v 0.028929 0.285415 0.101920
v -0.034987 0.241822 0.104135
v 0.017833 0.231926 0.097922
v -0.010640 0.219240 0.058646
v -0.010640 0.219240 0.058646
v -0.008349 0.212521 0.088650
v 0.039036 -0.016570 -0.393965
v -0.034015 -0.014216 -0.443001
v -0.039036 -0.016570 -0.393965
v 0.029601 -0.017439 -0.461108
v 0.034015 -0.014216 -0.443001
v 0.023653 -0.013827 -0.501606
v -0.029601 -0.017439 -0.461108
v -0.004618 -0.008570 -0.546123
v -0.023653 -0.013827 -0.501606
v -0.039036 -0.016570 -0.393965
v 0.039036 -0.057377 -0.360920
v 0.039036 -0.016570 -0.393965
v -0.039036 -0.057377 -0.360920
v -0.019993 -0.122534 -0.366808
v 0.039036 -0.140647 -0.394144
v 0.019993 -0.122534 -0.366808
v -0.039036 -0.140647 -0.394144
v 0.039036 -0.127723 -0.460224
v -0.034015 -0.107446 -0.498575
v 0.034015 -0.107446 -0.498575
v -0.034015 -0.107446 -0.498575
v 0.029601 -0.094910 -0.507288
v 0.034015 -0.107446 -0.498575
v 0.029601 -0.094910 -0.507288
v -0.022191 -0.092453 -0.516577
v 0.022191 -0.092453 -0.516577
v -0.015926 -0.090586 -0.527755
v 0.000000 -0.090586 -0.527755
v 0.022191 -0.077407 -0.507609
v 0.000000 -0.082136 -0.522717
v -0.022191 -0.077407 -0.507609
v 0.029601 -0.072065 -0.493670
v -0.023653 -0.053483 -0.525245
v 0.023653 -0.053483 -0.525245
v 0.023653 -0.053483 -0.525245
v 0.264551 -0.054268 0.170242
v 0.138011 0.269955 0.142714
v 0.000000 0.299267 0.142714
v 0.264551 -0.054268 0.170242
v 0.000000 -0.020641 0.264954
v 0.000000 -0.020641 0.264954
v 0.166391 0.219029 0.025714
v 0.158191 0.334776 -0.018223
v 0.196983 0.261565 0.021756
v 0.133947 0.249540 -0.051427
v 0.166391 0.219029 -0.025713
v 0.166391 0.219029 0.025714
v 0.101503 0.280051 -0.025713
v 0.166391 0.219029 -0.025713
v 0.101503 0.280051 0.025714
v 0.177465 0.007405 -0.170242
v 0.193393 0.202366 0.077291
v 0.265397 0.168100 0.078449
v 0.334497 0.032256 0.025333
v 0.181479 0.185925 0.084359
v 0.205197 0.165505 -0.029057
v 0.181479 0.185925 0.084359
v 0.283825 0.025715 -0.075289
v 0.414205 -0.019086 -0.014767
v 0.420827 -0.009948 -0.018695
v 0.420827 -0.009948 -0.018695
v 0.344028 -0.013702 -0.065503
v 0.404986 -0.008880 -0.042910
v 0.034480 -0.252662 -0.069447
v 0.110711 -0.138010 0.069447
v 0.000000 -0.143320 0.069447
v 0.000000 -0.143320 0.069447
v 0.034480 -0.252662 0.069447
v 0.000000 -0.058286 -0.232241
v 0.026906 -0.359069 -0.069447
v 0.162753 -0.356979 0.069447
v 0.162753 -0.356979 -0.069447
v 0.026906 -0.359069 0.069447
v 0.016106 -0.416979 0.075964
v 0.169011 -0.416475 0.075763
v 0.169011 -0.416475 -0.075763
v 0.169011 -0.416475 0.075763
v 0.016106 -0.416979 -0.075963
v 0.000000 -0.234424 -0.069447
v 0.000000 -0.062527 -0.362879
v 0.031485 -0.264663 -0.232241
v 0.166662 -0.362480 -0.233303
v 0.000000 -0.232539 -0.382049
v 0.026644 -0.370599 -0.220123
v 0.032025 -0.420204 -0.222998
v 0.029978 -0.419176 -0.373177
v 0.177224 -0.361906 -0.220003
v 0.179716 -0.360103 -0.374620
v 0.034015 -0.107446 -0.498575
v 0.015926 -0.090586 -0.527755
v 0.015926 -0.082136 -0.522717
v 0.023653 -0.053483 -0.525245
v 0.011177 -0.008570 -0.546123
v -0.197006 0.222494 0.102172
v -0.264551 -0.054268 0.170242
v -0.138011 0.269955 0.142714
v -0.234347 -0.058533 0.190687
v -0.166391 0.219029 0.025714
v -0.133947 0.249540 -0.051427
v -0.101503 0.280051 0.025714
v -0.133947 0.249540 0.051427
v -0.101503 0.280051 -0.025713
v -0.166391 0.219029 0.025714
v -0.166391 0.219029 -0.025713
v -0.101503 0.280051 -0.025713
v -0.101503 0.280051 0.025714
v -0.396047 0.035779 -0.004820
v -0.418272 -0.009948 -0.018695
v -0.411651 -0.019086 -0.014767
v -0.411651 -0.019086 -0.014767
v -0.178924 0.185925 0.084359
v -0.402432 -0.008880 -0.042910
v -0.190838 0.202366 0.077291
v -0.358614 0.069063 0.009508
v -0.190838 0.202366 0.077291
v -0.299563 0.075156 0.070545
v -0.190838 0.202366 0.077291
v -0.096151 -0.261064 -0.246461
v -0.110711 -0.138010 0.069447
v -0.167530 -0.183116 0.069447
v -0.034480 -0.252662 0.069447
v -0.172437 -0.357024 0.077732
v -0.017655 -0.358495 -0.078194
v -0.162753 -0.356979 0.069447
v -0.026906 -0.359069 -0.069447
v -0.026906 -0.359069 -0.069447
v -0.162753 -0.356979 0.069447
v -0.162753 -0.356979 -0.069447
v -0.026906 -0.359069 0.069447
v -0.016106 -0.416979 0.075964
v -0.169011 -0.416475 0.075763
v -0.169011 -0.416475 -0.075763
v -0.169011 -0.416475 0.075763
v -0.016106 -0.416979 -0.075963
v -0.016106 -0.416979 -0.075963
v -0.169011 -0.416475 0.075763
v -0.164412 -0.145864 -0.362879
v -0.061377 -0.073411 -0.377099
v -0.164412 -0.145864 -0.362879
v -0.101997 -0.366079 -0.247522
v -0.166541 -0.361166 -0.363941
v 0.000000 -0.232539 -0.382049
v -0.037330 -0.369679 -0.233303
v -0.037209 -0.368365 -0.363941
v -0.177224 -0.361906 -0.220003
v -0.026644 -0.370599 -0.220123
v -0.105530 -0.419341 -0.237124
v -0.105350 -0.416112 -0.391532
v -0.029978 -0.419176 -0.373177
v -0.105350 -0.416112 -0.391532
v -0.180678 -0.410643 -0.373167
v -0.019993 -0.112996 -0.363002
v -0.015926 -0.090586 -0.527755
v -0.015926 -0.082136 -0.522717
v -0.011177 -0.008570 -0.546123
v -0.011177 -0.008570 -0.546123
v 0.011177 -0.008570 -0.546123
v 0.004618 -0.008570 -0.546123
v -0.011177 -0.008570 -0.546123
v -0.019993 -0.090189 -0.353903
v -0.039036 -0.127723 -0.460224
v -0.029601 -0.094910 -0.507288
v -0.029601 -0.094910 -0.507288
v 0.015926 -0.090586 -0.527755
v -0.029601 -0.072065 -0.493670
v 0.029601 -0.072065 -0.493670
v 0.015926 -0.082136 -0.522717
v -0.015926 -0.082136 -0.522717
v -0.029601 -0.072065 -0.493670
v -0.023653 -0.053483 -0.525245
vt 0.232048 0.542283
vt 0.300457 0.579821
vt 0.306505 0.525408
vt 0.178356 0.412064
vt 0.252198 0.363583
vt 0.215373 0.337285
vt 0.326676 0.636014
vt 0.333673 0.563917
vt 0.471083 0.490512
vt 0.505607 0.407231
vt 0.458095 0.415308
vt 0.276680 0.993011
vt 0.356736 0.961463
vt 0.276238 0.961465
vt 0.356677 0.851167
vt 0.276179 0.851168
vt 0.074503 0.494847
vt 0.007092 0.432836
vt 0.006989 0.494284
vt 0.475047 0.522508
vt 0.518594 0.482436
vt 0.241537 0.332135
vt 0.260340 0.361981
vt 0.210138 0.570359
vt 0.294065 0.635926
vt 0.278692 0.344145
vt 0.287230 0.370261
vt 0.327946 0.358744
vt 0.499016 0.370722
vt 0.451504 0.378798
vt 0.373366 0.409808
vt 0.357683 0.428811
vt 0.358383 0.433060
vt 0.343706 0.521008
vt 0.527484 0.344296
vt 0.540786 0.361034
vt 0.536268 0.344544
vt 0.343706 0.373018
vt 0.287053 0.428477
vt 0.343706 0.436892
vt 0.448318 0.357754
vt 0.292134 0.374703
vt 0.065369 0.764077
vt 0.030905 0.757181
vt 0.060497 0.773815
vt 0.015571 0.765523
vt 0.007024 0.798849
vt 0.091308 0.868326
vt 0.120879 0.884291
vt 0.130515 0.949272
vt 0.150179 0.953292
vt 0.138397 0.980247
vt 0.182287 0.993011
vt 0.370493 0.953932
vt 0.401648 0.855052
vt 0.914447 0.429143
vt 0.898390 0.444726
vt 0.926835 0.437443
vt 0.515551 0.180511
vt 0.523425 0.207766
vt 0.532742 0.180511
vt 0.915638 0.742787
vt 0.943968 0.749879
vt 0.928152 0.734570
vt 0.940860 0.726818
vt 0.902551 0.408790
vt 0.901566 0.421548
vt 0.809437 0.537193
vt 0.792579 0.546324
vt 0.809437 0.554419
vt 0.947116 0.298252
vt 0.967069 0.275579
vt 0.947116 0.277678
vt 0.938148 0.407416
vt 0.920644 0.407682
vt 0.881762 0.571031
vt 0.900605 0.561614
vt 0.880029 0.561614
vt 0.939859 0.714080
vt 0.921935 0.713161
vt 0.904245 0.712799
vt 0.512561 0.154339
vt 0.634118 0.544004
vt 0.634118 0.564428
vt 0.654016 0.578389
vt 0.878071 0.539798
vt 0.922784 0.688521
vt 0.901875 0.688092
vt 0.919775 0.383004
vt 0.898390 0.384313
vt 0.371117 0.396155
vt 0.389791 0.504684
vt 0.386896 0.484735
vt 0.154829 0.426091
vt 0.154758 0.486310
vt 0.196265 0.946769
vt 0.196265 0.863313
vt 0.366362 0.374651
vt 0.441161 0.328465
vt 0.377903 0.434472
vt 0.272305 0.372967
vt 0.271902 0.365718
vt 0.265949 0.425308
vt 0.255875 0.423795
vt 0.265631 0.369852
vt 0.264165 0.363972
vt 0.235597 0.420751
vt 0.954237 0.793363
vt 0.944708 0.808079
vt 0.958167 0.810678
vt 0.971889 0.507942
vt 0.965128 0.522508
vt 0.982188 0.518633
vt 0.955449 0.634165
vt 0.953221 0.651199
vt 0.971232 0.645894
vt 0.929097 0.767336
vt 0.912518 0.778432
vt 0.925817 0.779913
vt 0.972245 0.628892
vt 0.936403 0.043722
vt 0.939718 0.056560
vt 0.952980 0.054829
vt 0.916308 0.794762
vt 0.912518 0.809787
vt 0.927412 0.811318
vt 0.947424 0.489031
vt 0.963131 0.477344
vt 0.950956 0.472999
vt 0.935229 0.793758
vt 0.947117 0.330152
vt 0.952664 0.349092
vt 0.961052 0.335083
vt 0.978251 0.489031
vt 0.961278 0.493853
vt 0.971747 0.349092
vt 0.982061 0.359524
vt 0.990343 0.344518
vt 0.990542 0.503597
vt 0.977994 0.330152
vt 0.992688 0.327302
vt 0.993011 0.486461
vt 0.981783 0.472999
vt 0.930321 0.070522
vt 0.920825 0.084749
vt 0.938116 0.087961
vt 0.949221 0.071392
vt 0.922398 0.053421
vt 0.952980 0.086229
vt 0.986985 0.634165
vt 0.961449 0.615188
vt 0.980939 0.615188
vt 0.941588 0.821775
vt 0.968928 0.601516
vt 0.952227 0.541886
vt 0.943554 0.556875
vt 0.961391 0.552188
vt 0.911293 0.069991
vt 0.907329 0.087101
vt 0.941603 0.574128
vt 0.953068 0.587539
vt 0.955146 0.571139
vt 0.943133 0.776807
vt 0.923907 0.098207
vt 0.941603 0.637918
vt 0.984757 0.651199
vt 0.986889 0.571139
vt 0.981009 0.552188
vt 0.971948 0.566155
vt 0.962771 0.318447
vt 0.969417 0.537923
vt 0.981366 0.313873
vt 0.951809 0.605632
vt 0.958156 0.779241
vt 0.965013 0.363458
vt 0.907346 0.055655
vt 0.943438 0.620493
vt 0.970905 0.582852
vt 0.952837 0.507942
vt 0.984811 0.587539
vt 0.950489 0.313873
vt 0.160292 0.704638
vt 0.182287 0.738740
vt 0.181725 0.701266
vt 0.099987 0.311697
vt 0.152324 0.285695
vt 0.089349 0.284149
vt 0.179206 0.661433
vt 0.160854 0.639930
vt 0.157772 0.664805
vt 0.596799 0.283123
vt 0.643300 0.304444
vt 0.654692 0.277335
vt 0.757414 0.363458
vt 0.731424 0.335634
vt 0.736333 0.361710
vt 0.278676 0.078396
vt 0.285824 0.097461
vt 0.286449 0.078826
vt 0.628675 0.344376
vt 0.655503 0.316443
vt 0.312032 0.112795
vt 0.594747 0.316360
vt 0.623224 0.339016
vt 0.752425 0.293099
vt 0.736278 0.257796
vt 0.731344 0.291351
vt 0.139004 0.257364
vt 0.090873 0.246791
vt 0.610700 0.255081
vt 0.752505 0.337382
vt 0.180842 0.612994
vt 0.167206 0.593772
vt 0.159408 0.616366
vt 0.103881 0.224186
vt 0.644900 0.220904
vt 0.612036 0.235348
vt 0.690154 0.559656
vt 0.692563 0.572920
vt 0.694826 0.559744
vt 0.138876 0.236768
vt 0.127303 0.211387
vt 0.712384 0.578389
vt 0.757360 0.259544
vt 0.752181 0.237479
vt 0.465399 0.749879
vt 0.444496 0.684233
vt 0.444141 0.749879
vt 0.821741 0.742274
vt 0.851795 0.670992
vt 0.821954 0.665177
vt 0.548167 0.925758
vt 0.575009 0.993011
vt 0.575663 0.927500
vt 0.674411 0.905146
vt 0.696356 0.913790
vt 0.695910 0.900710
vt 0.060969 0.582099
vt 0.050282 0.516720
vt 0.052407 0.582367
vt 0.717889 0.913790
vt 0.726515 0.897484
vt 0.604402 0.992616
vt 0.605056 0.927105
vt 0.423920 0.607290
vt 0.423237 0.684233
vt 0.422883 0.749879
vt 0.792579 0.672800
vt 0.792579 0.749879
vt 0.694970 0.867701
vt 0.725703 0.866967
vt 0.028418 0.510677
vt 0.030978 0.589766
vt 0.415625 0.927574
vt 0.434040 0.992123
vt 0.428459 0.926685
vt 0.673555 0.883354
vt 0.465754 0.684233
vt 0.459832 0.607290
vt 0.775883 0.284949
vt 0.802372 0.272278
vt 0.771391 0.281025
vt 0.839145 0.350713
vt 0.843389 0.280903
vt 0.839145 0.285031
vt 0.775883 0.350630
vt 0.802372 0.363458
vt 0.802512 0.357433
vt 0.843389 0.354857
vt 0.771391 0.354542
vt 0.672326 0.861436
vt 0.693656 0.834568
vt 0.009114 0.583723
vt 0.006989 0.518076
vt 0.724516 0.836326
vt 0.609604 0.850181
vt 0.559639 0.850762
vt 0.802512 0.278303
vt 0.006989 0.661047
vt 0.027715 0.667169
vt 0.770529 0.865072
vt 0.775844 0.836827
vt 0.530572 0.055255
vt 0.575181 0.087025
vt 0.580770 0.050914
vt 0.684272 0.126721
vt 0.733351 0.060688
vt 0.684272 0.061073
vt 0.654563 0.926621
vt 0.529499 0.116439
vt 0.530369 0.085807
vt 0.574913 0.131223
vt 0.556273 0.172492
vt 0.580770 0.171732
vt 0.790792 0.912490
vt 0.816705 0.993011
vt 0.816705 0.904175
vt 0.283254 0.200784
vt 0.302503 0.168884
vt 0.278051 0.168129
vt 0.857366 0.363458
vt 0.884124 0.290428
vt 0.857366 0.290128
vt 0.227399 0.200745
vt 0.254574 0.127712
vt 0.227399 0.126829
vt 0.283714 0.127585
vt 0.311282 0.126772
vt 0.859670 0.984575
vt 0.859670 0.912737
vt 0.575370 0.204421
vt 0.547298 0.202723
vt 0.424915 0.536485
vt 0.609604 0.788565
vt 0.559639 0.789146
vt 0.008926 0.722798
vt 0.030927 0.728831
vt 0.051837 0.721469
vt 0.048614 0.659808
vt 0.517930 0.849148
vt 0.517930 0.787532
vt 0.058219 0.721298
vt 0.055840 0.659579
vt 0.412093 0.683687
vt 0.423920 0.607290
vt 0.407136 0.606792
vt 0.736977 0.626477
vt 0.775216 0.620240
vt 0.739220 0.593370
vt 0.687130 0.595128
vt 0.685104 0.625743
vt 0.697852 0.671167
vt 0.735037 0.659552
vt 0.683380 0.656327
vt 0.734197 0.671167
vt 0.775151 0.663950
vt 0.773120 0.642130
vt 0.228259 0.082279
vt 0.178381 0.051580
vt 0.178552 0.082279
vt 0.658322 0.787829
vt 0.504209 0.545545
vt 0.460828 0.536485
vt 0.408132 0.537695
vt 0.358639 0.544455
vt 0.357683 0.606198
vt 0.635477 0.622982
vt 0.634118 0.653527
vt 0.178356 0.112832
vt 0.228063 0.112832
vt 0.637503 0.592366
vt 0.690475 0.208766
vt 0.720852 0.223502
vt 0.720835 0.215466
vt 0.690426 0.146983
vt 0.684272 0.213822
vt 0.751171 0.208718
vt 0.757414 0.213716
vt 0.751122 0.146936
vt 0.756155 0.140698
vt 0.720770 0.145648
vt 0.720786 0.153684
vt 0.685460 0.140698
vt 0.898691 0.957454
vt 0.874949 0.922973
vt 0.873647 0.957776
vt 0.875084 0.992534
vt 0.898691 0.993011
vt 0.464890 0.201071
vt 0.498584 0.136763
vt 0.464185 0.128085
vt 0.429530 0.136787
vt 0.430827 0.207766
vt 0.006989 0.187088
vt 0.030564 0.115178
vt 0.006989 0.114145
vt 0.128537 0.160440
vt 0.151813 0.125114
vt 0.128096 0.123620
vt 0.044757 0.114253
vt 0.067828 0.185443
vt 0.067972 0.114697
vt 0.151920 0.196492
vt 0.152862 0.160710
vt 0.446023 0.255817
vt 0.469983 0.221743
vt 0.441459 0.228085
vt 0.429530 0.262351
vt 0.449689 0.276476
vt 0.907372 0.123663
vt 0.916511 0.135510
vt 0.916471 0.124849
vt 0.441237 0.287200
vt 0.452731 0.282645
vt 0.480218 0.271756
vt 0.482767 0.263371
vt 0.916454 0.120390
vt 0.907329 0.112184
vt 0.485460 0.240193
vt 0.429530 0.230737
vt 0.442363 0.292099
vt 0.447180 0.296081
vt 0.449934 0.289100
vt 0.539036 0.306944
vt 0.534925 0.299425
vt 0.534927 0.306956
vt 0.478949 0.291125
vt 0.798908 0.773785
vt 0.794893 0.770695
vt 0.794894 0.773797
vt 0.474652 0.314488
vt 0.478805 0.312842
vt 0.979378 0.219598
vt 0.968152 0.214895
vt 0.968387 0.226842
vt 0.920947 0.318350
vt 0.911484 0.304692
vt 0.908328 0.320599
vt 0.981416 0.232776
vt 0.989234 0.224497
vt 0.690396 0.763860
vt 0.685787 0.773818
vt 0.699457 0.773151
vt 0.921712 0.336204
vt 0.831848 0.378912
vt 0.819211 0.378511
vt 0.826690 0.391553
vt 0.979379 0.247805
vt 0.968387 0.243421
vt 0.968152 0.258301
vt 0.681321 0.790250
vt 0.672299 0.782764
vt 0.672299 0.803138
vt 0.704578 0.789115
vt 0.694123 0.788663
vt 0.699457 0.806116
vt 0.933139 0.329942
vt 0.840607 0.392271
vt 0.935515 0.939020
vt 0.922896 0.950360
vt 0.936279 0.954658
vt 0.685787 0.806783
vt 0.898178 0.326237
vt 0.898100 0.342079
vt 0.908329 0.340840
vt 0.822075 0.407863
vt 0.813466 0.415720
vt 0.826690 0.424224
vt 0.845752 0.409085
vt 0.834863 0.409288
vt 0.840607 0.424942
vt 0.935514 0.972380
vt 0.922896 0.969968
vt 0.926052 0.986394
vt 0.960895 0.726638
vt 0.957945 0.738884
vt 0.972542 0.737579
vt 0.982879 0.717507
vt 0.972542 0.721217
vt 0.985464 0.732212
vt 0.982879 0.745344
vt 0.970867 0.749879
vt 0.941386 0.981235
vt 0.912669 0.982095
vt 0.918115 0.993011
vt 0.912745 0.965067
vt 0.831848 0.434495
vt 0.819211 0.431374
vt 0.933139 0.350183
vt 0.920947 0.352786
vt 0.926818 0.363458
vt 0.911484 0.357684
vt 0.970867 0.707043
vt 0.957945 0.712410
vt 0.677633 0.820591
vt 0.690396 0.819944
vt 0.947707 0.961621
vt 0.813466 0.395528
vt 0.947707 0.942012
vt 0.912669 0.950367
vt 0.955123 0.252367
vt 0.957211 0.237708
vt 0.926818 0.310466
vt 0.677633 0.767252
vt 0.989235 0.241077
vt 0.898100 0.309328
vt 0.903546 0.299176
vt 0.955123 0.225540
vt 0.300428 0.691664
vt 0.232000 0.728604
vt 0.306448 0.745478
vt 0.234706 0.480277
vt 0.191820 0.494423
vt 0.333636 0.707567
vt 0.587440 0.451469
vt 0.636294 0.522508
vt 0.635730 0.451730
vt 0.555474 0.358353
vt 0.635226 0.398504
vt 0.635938 0.358788
vt 0.277226 0.763858
vt 0.074503 0.366689
vt 0.074606 0.433399
vt 0.025993 0.334447
vt 0.074309 0.334379
vt 0.215322 0.507030
vt 0.210104 0.700884
vt 0.270154 0.484182
vt 0.254362 0.506461
vt 0.305728 0.506972
vt 0.635583 0.415715
vt 0.228949 0.504524
vt 0.242020 0.484200
vt 0.343647 0.749879
vt 0.149954 0.754223
vt 0.138397 0.778975
vt 0.182287 0.768291
vt 0.324979 0.497954
vt 0.587293 0.415454
vt 0.276145 0.481376
vt 0.065315 0.971743
vt 0.030848 0.978818
vt 0.028560 0.993011
vt 0.060449 0.962258
vt 0.015518 0.970514
vt 0.006989 0.937335
vt 0.130515 0.813298
vt 0.150179 0.812248
vt 0.371390 0.774617
vt 0.357724 0.763856
vt 0.924982 0.242808
vt 0.912652 0.251032
vt 0.941145 0.258301
vt 0.830122 0.766164
vt 0.812887 0.766164
vt 0.821652 0.787102
vt 0.457953 0.107041
vt 0.445540 0.098960
vt 0.429530 0.114107
vt 0.432692 0.091137
vt 0.936961 0.222421
vt 0.937940 0.235171
vt 0.177117 0.557150
vt 0.159926 0.557150
vt 0.167991 0.578958
vt 0.884036 0.380857
vt 0.861236 0.403047
vt 0.881802 0.403047
vt 0.901376 0.220992
vt 0.158599 0.545330
vt 0.433681 0.078413
vt 0.469282 0.077034
vt 0.862703 0.434495
vt 0.879929 0.434495
vt 0.992515 0.432427
vt 0.992515 0.408110
vt 0.954440 0.408390
vt 0.182030 0.525257
vt 0.179123 0.545330
vt 0.450876 0.052971
vt 0.451741 0.077570
vt 0.919673 0.196698
vt 0.918794 0.221356
vt 0.716916 0.408849
vt 0.717066 0.421071
vt 0.717128 0.445887
vt 0.154758 0.362273
vt 0.154626 0.347347
vt 0.197021 0.795577
vt 0.717216 0.382587
vt 0.717367 0.495004
vt 0.256680 0.477212
vt 0.249386 0.478230
vt 0.254169 0.484023
vt 0.246261 0.483420
vt 0.916342 0.861790
vt 0.912518 0.879111
vt 0.925858 0.876500
vt 0.788657 0.017979
vt 0.801712 0.027077
vt 0.807579 0.018018
vt 0.803244 0.044023
vt 0.816594 0.054069
vt 0.816594 0.034115
vt 0.115843 0.065862
vt 0.108337 0.054717
vt 0.096465 0.065936
vt 0.801713 0.061025
vt 0.115843 0.098145
vt 0.096465 0.098219
vt 0.108337 0.109640
vt 0.954273 0.863166
vt 0.943170 0.879728
vt 0.958159 0.878192
vt 0.104683 0.081948
vt 0.935286 0.862171
vt 0.089349 0.082083
vt 0.133901 0.092070
vt 0.133901 0.072118
vt 0.122318 0.081957
vt 0.879124 0.069595
vt 0.861886 0.059731
vt 0.863284 0.076331
vt 0.785978 0.034050
vt 0.771391 0.027960
vt 0.879124 0.049692
vt 0.863284 0.042470
vt 0.754052 0.764731
vt 0.749323 0.774946
vt 0.764205 0.777201
vt 0.741507 0.792034
vt 0.733588 0.809469
vt 0.750906 0.806274
vt 0.125683 0.108342
vt 0.722491 0.792889
vt 0.735138 0.765240
vt 0.732027 0.778066
vt 0.718555 0.807728
vt 0.051297 0.072732
vt 0.037137 0.072809
vt 0.044278 0.088884
vt 0.785978 0.054004
vt 0.788657 0.070219
vt 0.929098 0.890197
vt 0.771391 0.060247
vt 0.848223 0.049022
vt 0.760420 0.791526
vt 0.764191 0.808647
vt 0.728592 0.820591
vt 0.927445 0.845228
vt 0.944747 0.848323
vt 0.031705 0.045240
vt 0.025621 0.056650
vt 0.044278 0.056598
vt 0.025621 0.088936
vt 0.031705 0.100168
vt 0.019556 0.072820
vt 0.893352 0.042643
vt 0.892610 0.059252
vt 0.857016 0.032365
vt 0.876114 0.032778
vt 0.006989 0.082743
vt 0.014130 0.098818
vt 0.772338 0.044059
vt 0.718555 0.776329
vt 0.912518 0.847674
vt 0.848223 0.068925
vt 0.876114 0.084886
vt 0.893352 0.074847
vt 0.958165 0.846838
vt 0.006989 0.062790
vt 0.747608 0.819736
vt 0.014130 0.046578
vt 0.941585 0.835752
vt 0.125683 0.056107
vt 0.059592 0.201273
vt 0.021452 0.222503
vt 0.073718 0.229811
vt 0.263742 0.089324
vt 0.249231 0.066762
vt 0.242236 0.087092
vt 0.075372 0.269365
vt 0.006989 0.246983
vt 0.728179 0.557348
vt 0.731402 0.568209
vt 0.733220 0.556638
vt 0.784938 0.401744
vt 0.766609 0.380962
vt 0.747069 0.401130
vt 0.785076 0.424507
vt 0.732993 0.431119
vt 0.767002 0.522508
vt 0.799489 0.489256
vt 0.742854 0.499540
vt 0.560106 0.218398
vt 0.554763 0.240294
vt 0.575903 0.238630
vt 0.242236 0.110601
vt 0.263742 0.112832
vt 0.749273 0.578389
vt 0.749273 0.540956
vt 0.006989 0.283189
vt 0.037001 0.320401
vt 0.063822 0.294050
vt 0.559630 0.273810
vt 0.580770 0.272146
vt 0.731344 0.473077
vt 0.799489 0.450815
vt 0.559574 0.318165
vt 0.580714 0.316501
vt 0.892800 0.804894
vt 0.873500 0.770777
vt 0.873500 0.797961
vt 0.487139 0.098090
vt 0.499798 0.114108
vt 0.496789 0.098090
vt 0.520947 0.238457
vt 0.499437 0.276014
vt 0.520947 0.278203
vt 0.507188 0.061150
vt 0.485585 0.061150
vt 0.501055 0.313510
vt 0.575903 0.342712
vt 0.554763 0.344376
vt 0.474683 0.916107
vt 0.440404 0.848270
vt 0.446557 0.925092
vt 0.140157 0.513794
vt 0.111872 0.580542
vt 0.142282 0.579442
vt 0.674406 0.922433
vt 0.695904 0.926870
vt 0.067248 0.516195
vt 0.060969 0.582099
vt 0.069373 0.581842
vt 0.717889 0.913790
vt 0.726507 0.930095
vt 0.565727 0.544834
vt 0.535620 0.610887
vt 0.566369 0.610479
vt 0.497375 0.843754
vt 0.503953 0.920520
vt 0.694946 0.960003
vt 0.725678 0.960737
vt 0.090840 0.587913
vt 0.434040 0.992123
vt 0.428459 0.926685
vt 0.673540 0.944351
vt 0.838625 0.179870
vt 0.810042 0.167121
vt 0.809909 0.173146
vt 0.771391 0.175633
vt 0.775738 0.245455
vt 0.775738 0.179773
vt 0.810042 0.258301
vt 0.838625 0.245551
vt 0.809909 0.252276
vt 0.843125 0.249475
vt 0.672299 0.966143
vt 0.693615 0.993011
vt 0.088280 0.508824
vt 0.724476 0.991254
vt 0.571580 0.687399
vt 0.106966 0.657952
vt 0.770504 0.962632
vt 0.407880 0.056829
vt 0.363271 0.088646
vt 0.408083 0.087451
vt 0.927626 0.650523
vt 0.878071 0.585685
vt 0.878071 0.651199
vt 0.617117 0.609725
vt 0.408953 0.118013
vt 0.837964 0.490711
vt 0.819323 0.449314
vt 0.813466 0.489985
vt 0.828002 0.890197
vt 0.859523 0.809964
vt 0.828002 0.801361
vt 0.366462 0.174196
vt 0.385711 0.206025
vt 0.390914 0.173466
vt 0.885109 0.257274
vt 0.857102 0.184822
vt 0.857102 0.258301
vt 0.205276 0.199066
vt 0.178356 0.126810
vt 0.178356 0.200576
vt 0.385252 0.132828
vt 0.790792 0.881358
vt 0.790792 0.809520
vt 0.818866 0.522508
vt 0.519832 0.688126
vt 0.571580 0.749152
vt 0.084796 0.665402
vt 0.108791 0.719707
vt 0.065909 0.721034
vt 0.062800 0.659369
vt 0.141988 0.718410
vt 0.140163 0.656655
vt 0.058219 0.721298
vt 0.055840 0.659579
vt 0.421835 0.849998
vt 0.737001 0.715833
vt 0.775243 0.722001
vt 0.773135 0.700180
vt 0.687169 0.747112
vt 0.685127 0.716567
vt 0.697852 0.671167
vt 0.735043 0.682765
vt 0.734197 0.671167
vt 0.775155 0.678290
vt 0.778601 0.671120
vt 0.683388 0.685990
vt 0.594747 0.082590
vt 0.644651 0.052015
vt 0.594946 0.052015
vt 0.620141 0.687071
vt 0.434285 0.779420
vt 0.771391 0.153144
vt 0.818631 0.090333
vt 0.771391 0.084196
vt 0.635502 0.719334
vt 0.644633 0.113269
vt 0.594928 0.113269
vt 0.637544 0.749879
vt 0.828340 0.651199
vt 0.858067 0.636463
vt 0.828373 0.643164
vt 0.864094 0.641519
vt 0.858177 0.574681
vt 0.798664 0.636416
vt 0.798774 0.574633
vt 0.792579 0.641414
vt 0.828515 0.573346
vt 0.828483 0.581382
vt 0.873500 0.854546
vt 0.897250 0.820122
vt 0.873736 0.818871
vt 0.897106 0.889685
vt 0.873500 0.890197
vt 0.629137 0.200231
vt 0.594747 0.135925
vt 0.596224 0.206927
vt 0.661319 0.135949
vt 0.661106 0.206927
vt 0.887800 0.748016
vt 0.865772 0.677151
vt 0.865772 0.749879
vt 0.090404 0.125092
vt 0.113672 0.160540
vt 0.114119 0.123617
vt 0.860915 0.522508
vt 0.884140 0.450409
vt 0.860915 0.449455
vt 0.090296 0.196473
vt 0.114119 0.197410
vt 0.376235 0.223622
vt 0.394915 0.260672
vt 0.403959 0.233700
vt 0.388911 0.280597
vt 0.410485 0.269350
vt 0.392901 0.220002
vt 0.396590 0.292260
vt 0.401971 0.287875
vt 0.359788 0.271749
vt 0.357683 0.263192
vt 0.408173 0.225554
vt 0.415553 0.237914
vt 0.357683 0.239921
vt 0.391907 0.299943
vt 0.396148 0.296787
vt 0.389001 0.292803
vt 0.385738 0.286212
vt 0.534929 0.314488
vt 0.359149 0.291020
vt 0.794896 0.781266
vt 0.798909 0.778152
vt 0.794895 0.778164
vt 0.362224 0.314488
vt 0.377987 0.301519
vt 0.329897 0.182514
vt 0.340652 0.189928
vt 0.340652 0.174658
vt 0.237518 0.230090
vt 0.250066 0.227614
vt 0.245837 0.214722
vt 0.679433 0.240701
vt 0.681614 0.254509
vt 0.692223 0.247300
vt 0.669480 0.253446
vt 0.197090 0.214553
vt 0.186240 0.219470
vt 0.200694 0.226299
vt 0.238670 0.251441
vt 0.288455 0.239822
vt 0.295770 0.259637
vt 0.301755 0.230492
vt 0.685298 0.279837
vt 0.695670 0.302007
vt 0.695670 0.270304
vt 0.202948 0.250341
vt 0.210277 0.276996
vt 0.213422 0.248851
vt 0.178356 0.238723
vt 0.181151 0.265009
vt 0.189683 0.240506
vt 0.227399 0.253274
vt 0.281120 0.266721
vt 0.681614 0.305805
vt 0.195605 0.271839
vt 0.261350 0.236749
vt 0.252679 0.255355
vt 0.264074 0.263520
vt 0.302990 0.281235
vt 0.300420 0.305681
vt 0.313172 0.283291
vt 0.278067 0.293287
vt 0.285770 0.312765
vt 0.289664 0.291063
vt 0.679434 0.327972
vt 0.686646 0.344376
vt 0.692223 0.330300
vt 0.188432 0.292029
vt 0.191084 0.313001
vt 0.201744 0.301499
vt 0.241963 0.277286
vt 0.238670 0.303206
vt 0.252679 0.287347
vt 0.237517 0.318158
vt 0.250065 0.311371
vt 0.261350 0.291178
vt 0.857530 0.767870
vt 0.846715 0.774486
vt 0.857530 0.782429
vt 0.205755 0.318158
vt 0.213393 0.300803
vt 0.844099 0.787102
vt 0.700701 0.340578
vt 0.703346 0.321510
vt 0.296366 0.318158
vt 0.227399 0.305039
vt 0.230012 0.281015
vt 0.178356 0.290449
vt 0.310299 0.254834
vt 0.669480 0.304743
vt 0.672927 0.276449
vt 0.706279 0.294799
vt 0.278051 0.241954
vt 0.313172 0.231651
vt 0.290804 0.219564
vt 0.259846 0.218635
vt 0.327150 0.170478
vt 0.305333 0.214761
vt 0.857102 0.098863
vt 0.890842 0.122060
vt 0.893352 0.098863
vt 0.861606 0.130611
vt 0.859255 0.122060
vt 0.864071 0.149775
vt 0.889094 0.130611
vt 0.876755 0.170845
vt 0.886035 0.149775
vt 0.944249 0.170845
vt 0.907475 0.151111
vt 0.907330 0.170836
vt 0.944394 0.151121
vt 0.910358 0.458703
vt 0.933447 0.473306
vt 0.928312 0.459877
vt 0.898390 0.471014
vt 0.933447 0.504518
vt 0.902505 0.520510
vt 0.933053 0.522508
vt 0.327158 0.318158
vt 0.332867 0.288096
vt 0.327150 0.285986
vt 0.336794 0.230545
vt 0.332420 0.207619
vt 0.332420 0.227590
vt 0.327150 0.210736
vt 0.327150 0.217902
vt 0.333722 0.268080
vt 0.340850 0.257342
vt 0.333722 0.247473
vt 0.778036 0.578288
vt 0.763250 0.557102
vt 0.763250 0.578389
vt 0.778182 0.764731
vt 0.357179 0.993010
vt 0.540786 0.507929
vt 0.196265 0.635621
vt 0.028625 0.742809
vt 0.013940 0.868326
vt 0.105285 0.880137
vt 0.967069 0.299896
vt 0.898997 0.571031
vt 0.533085 0.154339
vt 0.673914 0.571925
vt 0.673914 0.551501
vt 0.654016 0.537540
vt 0.902390 0.539798
vt 0.940463 0.382688
vt 0.943968 0.689606
vt 0.253830 0.338533
vt 0.172714 0.740246
vt 0.152324 0.320401
vt 0.182287 0.636558
vt 0.278051 0.097031
vt 0.312032 0.054640
vt 0.607575 0.343625
vt 0.655503 0.241663
vt 0.172527 0.592935
vt 0.687891 0.572832
vt 0.139435 0.212373
vt 0.712384 0.539429
vt 0.757414 0.237913
vt 0.851369 0.748107
vt 0.547513 0.991269
vt 0.674823 0.913790
vt 0.058843 0.516452
vt 0.421206 0.993011
vt 0.505855 0.607290
vt 0.733351 0.126336
vt 0.653909 0.992132
vt 0.580770 0.115163
vt 0.776815 0.901066
vt 0.547298 0.130416
vt 0.790792 0.984138
vt 0.311282 0.199082
vt 0.884124 0.361901
vt 0.254574 0.199519
vt 0.423237 0.684233
vt 0.778601 0.671120
vt 0.228088 0.051580
vt 0.658322 0.849446
vt 0.424915 0.536485
vt 0.898465 0.921688
vt 0.498121 0.207766
vt 0.030780 0.186134
vt 0.044757 0.187089
vt 0.128096 0.197410
vt 0.435856 0.281956
vt 0.442927 0.297765
vt 0.539034 0.299412
vt 0.458995 0.299031
vt 0.798907 0.770683
vt 0.588004 0.522247
vt 0.554763 0.398069
vt 0.006989 0.366126
vt 0.140271 0.767878
vt 0.859729 0.380857
vt 0.973478 0.396091
vt 0.954440 0.432707
vt 0.973478 0.444726
vt 0.157772 0.525257
vt 0.471608 0.052337
vt 0.899086 0.196268
vt 0.941145 0.197956
vt 0.429530 0.053967
vt 0.021591 0.201066
vt 0.254570 0.067316
vt 0.726361 0.568920
vt 0.779737 0.377436
vt 0.785200 0.520105
vt 0.554858 0.218811
vt 0.018739 0.317760
vt 0.892800 0.777711
vt 0.490149 0.114108
vt 0.499437 0.236268
vt 0.510664 0.314488
vt 0.468318 0.839313
vt 0.109747 0.514895
vt 0.534978 0.545242
vt 0.452138 0.990530
vt 0.843125 0.175958
vt 0.771391 0.249587
vt 0.775804 0.990753
vt 0.357683 0.052462
vt 0.927626 0.585008
vt 0.616475 0.544080
vt 0.357683 0.116711
vt 0.776809 0.926513
vt 0.846938 0.448472
vt 0.859523 0.881613
vt 0.357683 0.204299
vt 0.885109 0.185655
vt 0.205276 0.127404
vt 0.357683 0.131990
vt 0.846938 0.520778
vt 0.519832 0.749879
vt 0.087896 0.727068
vt 0.739260 0.748870
vt 0.644452 0.082590
vt 0.620141 0.748824
vt 0.415625 0.779444
vt 0.818693 0.151941
vt 0.634127 0.688719
vt 0.863023 0.568396
vt 0.793888 0.568396
vt 0.898541 0.854801
vt 0.628168 0.127246
vt 0.887898 0.677253
vt 0.089349 0.160780
vt 0.884413 0.521346
vt 0.403669 0.223917
vt 0.395922 0.302180
vt 0.539038 0.314475
vt 0.798910 0.781254
vt 0.358303 0.312302
vt 0.869421 0.170845
vt 0.872467 0.170845
vt 0.879800 0.170845
vt 0.935419 0.135515
vt 0.898390 0.502226
vt 0.332874 0.316092
vt 0.336794 0.203905
vt 0.327150 0.225069
vt 0.327150 0.244522
vt 0.327150 0.272009
vt 0.340850 0.264737
vt 0.340850 0.249948
vt 0.778036 0.551649
vt 0.778188 0.787102
vn 0.826935 0.408773 0.386113
vn 0.436454 0.161316 0.885147
vn 0.873630 0.167533 0.456841
vn -0.000000 -0.694809 -0.719195
vn 0.190613 -0.157881 -0.968886
vn 0.489715 -0.529480 -0.692697
vn 0.000000 0.472137 0.881525
vn 0.454699 0.603454 0.655051
vn 0.854385 0.496913 -0.152000
vn 0.873630 0.167533 0.456841
vn 0.974318 0.158117 -0.160322
vn 0.981233 -0.022804 -0.191473
vn 0.631915 -0.708277 0.314688
vn 0.628303 -0.750751 -0.203979
vn 0.000000 -0.989140 0.146974
vn -0.000000 -0.977915 -0.209003
vn 0.432909 0.885704 -0.167686
vn -0.000000 0.821664 0.569972
vn 0.455772 0.652430 0.605481
vn 0.432909 0.885704 -0.167686
vn 0.826935 0.408773 0.386113
vn 0.779661 0.001643 -0.626200
vn 0.380216 0.065365 -0.922585
vn 0.455772 0.652430 0.605481
vn 0.000000 0.237945 0.971279
vn 0.809423 0.086256 -0.580856
vn 0.318033 0.079099 -0.944774
vn 0.725539 0.292504 -0.622924
vn 0.868490 0.442972 0.222489
vn 0.935783 0.312226 -0.163787
vn 0.810616 0.182524 -0.556405
vn 0.380216 0.065365 -0.922585
vn 0.310193 0.048288 -0.949446
vn 0.868490 0.442972 0.222489
vn 0.904449 0.098844 0.414971
vn 0.444434 0.534500 0.718880
vn 0.473027 -0.059563 0.879032
vn 0.392773 0.622050 -0.677336
vn 0.000000 0.161082 -0.986941
vn 0.000000 0.685240 -0.728317
vn 0.981233 -0.022804 -0.191473
vn 0.145415 0.184104 -0.972091
vn 0.631915 -0.708277 0.314688
vn 0.473027 -0.059563 0.879032
vn 0.443743 -0.425542 0.788674
vn 0.444434 0.534500 0.718880
vn 0.329386 0.542321 0.772912
vn 0.000000 -0.610675 0.791881
vn 0.000000 0.472137 0.881525
vn 0.329386 0.542321 0.772912
vn 0.454699 0.603454 0.655051
vn 0.444434 0.534500 0.718880
vn 0.868490 0.442972 0.222489
vn 0.443743 -0.425542 0.788674
vn 0.000000 -0.610675 0.791881
vn 0.145148 0.346615 -0.926709
vn -0.007585 0.999971 -0.000001
vn 0.880236 0.149345 -0.450423
vn 0.880236 0.149345 -0.450423
vn -0.007585 0.999971 -0.000001
vn 0.880239 0.149340 0.450419
vn 0.880239 0.149340 0.450419
vn -0.007585 0.999971 -0.000001
vn 0.145149 0.346616 0.926709
vn -0.653623 0.596304 0.466046
vn -0.592024 0.622158 -0.512277
vn -0.653622 0.596303 -0.466048
vn -0.653623 0.596304 0.466046
vn -0.007585 0.999971 -0.000001
vn -0.653622 0.596303 -0.466048
vn 0.791319 -0.389772 0.471054
vn 0.147126 -0.897065 -0.416686
vn 0.791313 -0.389766 -0.471069
vn 0.791313 -0.389766 -0.471069
vn 0.145990 0.092157 -0.984984
vn -0.653623 0.596304 0.466046
vn -0.592024 0.622158 -0.512277
vn -0.592014 0.622150 0.512298
vn -0.592014 0.622150 0.512298
vn 0.146000 0.092149 0.984984
vn 0.791319 -0.389772 0.471054
vn 0.791313 -0.389766 -0.471069
vn -0.378635 -0.402623 0.833385
vn -0.904403 0.091807 0.416685
vn -0.904399 0.091807 -0.416695
vn -0.904403 0.091807 0.416685
vn -0.378635 -0.402623 0.833385
vn 0.147128 -0.897063 0.416692
vn -0.378637 -0.402633 -0.833379
vn -0.904399 0.091807 -0.416695
vn 0.779661 0.001643 -0.626200
vn 0.392773 0.622050 -0.677336
vn 0.725539 0.292504 -0.622924
vn 0.000000 0.685240 -0.728317
vn 0.392773 0.622050 -0.677336
vn 0.489715 -0.529480 -0.692697
vn -0.000000 -0.694809 -0.719195
vn 0.489715 -0.529480 -0.692697
vn 0.628303 -0.750751 -0.203979
vn 0.809423 0.086256 -0.580856
vn 0.000000 0.000000 -1.000000
vn 0.327824 0.034774 -0.944099
vn 0.000000 -0.000000 -1.000000
vn 0.000000 -0.000000 -1.000000
vn 0.000000 -0.000000 -1.000000
vn 0.310193 0.048288 -0.949446
vn 0.000000 -0.154865 -0.987936
vn 0.587786 0.000000 -0.809016
vn 0.276390 0.447218 -0.850650
vn 0.688189 0.525734 -0.499999
vn 0.425324 -0.850653 -0.309013
vn 0.262869 -0.525735 -0.809013
vn 0.723608 -0.447217 -0.525726
vn 0.951057 -0.000001 -0.309015
vn 0.587786 0.000000 -0.809016
vn 0.688189 0.525734 -0.499999
vn -0.162457 -0.850653 -0.499996
vn -0.688189 -0.525734 -0.499999
vn -0.276390 -0.447218 -0.850650
vn 0.894426 0.447215 -0.000000
vn -0.162457 -0.850653 0.499997
vn -0.276390 -0.447218 0.850650
vn -0.688189 -0.525734 0.499999
vn -0.587786 -0.000001 -0.809016
vn -0.723608 0.447217 -0.525727
vn -0.262869 0.525735 -0.809013
vn -0.525730 -0.850652 0.000000
vn -0.162457 -0.850653 0.499997
vn -0.688189 -0.525734 0.499999
vn -0.000000 -0.000000 -1.000000
vn -0.525730 -0.850652 0.000000
vn -0.688189 -0.525734 0.499999
vn -0.894426 -0.447215 0.000000
vn 0.425324 -0.850653 0.309013
vn -0.000002 -1.000000 0.000000
vn -0.951057 0.000000 0.309015
vn -0.723608 0.447217 0.525727
vn -0.850649 0.525734 -0.000000
vn 0.850649 -0.525734 0.000000
vn -0.951057 0.000000 -0.309015
vn -0.723608 0.447217 -0.525727
vn 0.723608 -0.447217 0.525727
vn 0.262869 -0.525735 0.809013
vn -0.000000 0.000000 1.000000
vn 0.276390 0.447218 0.850649
vn -0.262869 0.525735 0.809013
vn -0.587786 -0.000000 0.809016
vn 0.262869 -0.525735 0.809013
vn -0.723608 0.447217 0.525727
vn 0.525729 0.850652 -0.000000
vn 0.951057 -0.000000 0.309015
vn 0.688189 0.525735 0.499999
vn 0.162457 0.850653 -0.499996
vn 0.587786 0.000000 0.809016
vn -0.723608 0.447217 -0.525727
vn -0.850649 0.525734 -0.000000
vn -0.425323 0.850653 -0.309013
vn 0.587786 0.000000 0.809016
vn 0.688189 0.525735 0.499999
vn -0.723608 0.447217 0.525727
vn -0.262869 0.525735 0.809013
vn -0.425324 0.850653 0.309013
vn 0.262869 -0.525735 -0.809013
vn 0.162457 0.850654 0.499996
vn 0.723608 -0.447217 -0.525726
vn 0.162457 0.850653 -0.499996
vn 0.525729 0.850652 -0.000000
vn 0.162457 0.850653 -0.499996
vn 0.000002 1.000000 -0.000000
vn -0.688189 -0.525734 -0.499999
vn -0.262869 0.525735 -0.809013
vn -0.587786 -0.000001 -0.809016
vn 0.723608 -0.447217 0.525727
vn 0.723608 -0.447217 -0.525726
vn -0.587786 -0.000000 0.809016
vn 0.723608 -0.447217 0.525727
vn 0.850649 -0.525734 0.000000
vn 0.162457 0.850654 0.499996
vn -0.162457 -0.850653 -0.499996
vn 0.688189 0.525735 0.499999
vn -0.162457 -0.850653 -0.499996
vn 0.547653 0.693121 0.468679
vn -0.603852 0.079175 0.793154
vn -0.205382 -0.346077 0.915450
vn -0.174634 0.728671 -0.662225
vn 0.793676 0.458670 0.399625
vn -0.030650 0.523906 -0.851225
vn 0.063097 -0.549552 0.833074
vn 0.792359 0.541986 0.280032
vn 0.793676 0.458670 0.399625
vn 0.063097 -0.549552 0.833074
vn -0.926270 -0.308627 -0.216274
vn -0.766033 -0.490933 -0.414944
vn -0.174634 0.728671 -0.662225
vn -0.766033 -0.490933 -0.414944
vn -0.926270 -0.308627 -0.216274
vn -0.990805 0.054616 0.123786
vn -0.011082 0.897205 0.441476
vn -0.383473 0.892749 -0.236531
vn -0.383473 0.892749 -0.236531
vn -0.174634 0.728671 -0.662225
vn 0.547653 0.693121 0.468679
vn -0.205382 -0.346077 0.915450
vn -0.990805 0.054616 0.123786
vn 0.191948 0.334359 -0.922692
vn -0.229908 -0.881369 -0.412711
vn -0.545538 -0.683391 -0.485144
vn 0.792359 0.541986 0.280032
vn 0.191948 0.334359 -0.922692
vn -0.051624 -0.622722 0.780739
vn -0.030650 0.523906 -0.851225
vn 0.012479 -0.595347 0.803372
vn 0.993134 -0.084901 0.080482
vn 0.802141 0.494404 0.334866
vn 0.507931 0.136869 -0.850455
vn -0.229908 -0.881369 -0.412711
vn 0.012479 -0.595347 0.803372
vn 0.742521 -0.174376 -0.646726
vn 0.484463 -0.786863 0.382286
vn 0.198637 -0.924953 -0.324046
vn 0.802141 0.494404 0.334866
vn 0.742521 -0.174376 -0.646726
vn 0.012479 -0.595347 0.803372
vn 0.507931 0.136869 -0.850455
vn 0.198637 -0.924953 -0.324046
vn -0.329034 0.657234 0.678071
vn -1.000000 0.000000 0.000000
vn -0.447225 -0.000043 0.894422
vn 0.029983 -0.781550 -0.623121
vn -0.596928 -0.737245 0.316461
vn 0.035927 -0.643586 0.764531
vn 0.318686 0.937833 0.137504
vn 0.764807 0.332739 0.551684
vn 0.923385 0.382348 0.034199
vn -0.126028 0.729861 0.671878
vn -0.447182 0.000022 0.894443
vn -0.115513 -0.032897 0.992761
vn -0.498575 0.842217 0.205167
vn -0.126028 0.729861 0.671878
vn -0.017207 0.975969 0.217228
vn -0.302615 -0.533176 0.790030
vn -0.558863 -0.243680 0.792649
vn 0.774859 -0.020917 0.631788
vn 0.925628 -0.274665 -0.260329
vn -0.549472 -0.835375 0.015136
vn -0.509463 -0.860321 0.017199
vn -0.301741 -0.533294 0.790285
vn 0.871610 -0.371224 0.320138
vn 0.925628 -0.274665 -0.260329
vn 0.049701 0.051426 0.997439
vn -0.001253 -0.000041 0.999999
vn -0.084104 0.639094 0.764517
vn -0.023517 0.966073 0.257195
vn -0.618575 -0.734544 -0.278945
vn -0.302615 -0.533176 0.790030
vn -0.442746 -0.896646 -0.001249
vn -0.084104 0.639094 0.764517
vn -0.513870 0.833314 0.203779
vn -1.000000 0.000000 0.000000
vn 0.435626 0.874934 0.211473
vn 0.020003 0.682786 0.730344
vn 0.685341 0.543125 0.485101
vn -0.380011 0.906379 -0.184575
vn -0.638432 0.577088 0.509288
vn -0.380022 0.906375 0.184573
vn 0.435638 0.874928 -0.211472
vn 0.020003 0.682786 -0.730344
vn 0.019454 0.716518 -0.697297
vn -0.638407 0.577104 -0.509300
vn 0.685360 0.543112 -0.485089
vn 0.320239 0.804296 0.500554
vn 0.764807 0.332739 0.551684
vn 0.318686 0.937833 0.137504
vn 0.320239 0.804296 0.500554
vn 0.774859 -0.020917 0.631788
vn 0.871610 -0.371224 0.320138
vn 0.940931 0.333505 0.058506
vn 0.019454 0.716519 0.697297
vn 0.474570 0.855130 0.208654
vn 0.123865 0.981253 0.147650
vn 0.019454 0.716519 0.697297
vn 0.435626 0.874934 0.211473
vn -0.618575 -0.734544 -0.278945
vn 0.019454 0.716518 -0.697297
vn -0.380011 0.906379 -0.184575
vn -0.618575 -0.734544 -0.278945
vn -0.380022 0.906375 0.184573
vn -0.558863 -0.243680 0.792649
vn 0.435638 0.874928 -0.211472
vn 0.925628 -0.274665 -0.260329
vn 0.029983 -0.781550 -0.623121
vn -0.638432 0.577088 0.509288
vn 0.014210 -0.611741 0.790930
vn 0.020003 0.682786 0.730344
vn 0.523697 -0.706866 -0.475480
vn 0.014210 -0.611741 0.790930
vn 0.014211 -0.611743 -0.790929
vn 0.685360 0.543112 -0.485089
vn 0.014211 -0.611743 -0.790929
vn 0.020003 0.682786 -0.730344
vn 0.685341 0.543125 0.485101
vn 0.523697 -0.706866 -0.475480
vn 0.685360 0.543112 -0.485089
vn -0.638407 0.577104 -0.509300
vn -0.565136 -0.658989 0.496342
vn -0.638432 0.577088 0.509288
vn -0.638407 0.577104 -0.509300
vn -0.565140 -0.658992 -0.496334
vn -0.565136 -0.658989 0.496342
vn -0.565140 -0.658992 -0.496334
vn 0.685341 0.543125 0.485101
vn 0.523706 -0.706864 0.475474
vn -0.295106 -0.391403 -0.871617
vn 0.771687 0.013571 -0.635858
vn 0.783616 0.242089 -0.572135
vn 0.428563 0.739615 -0.518945
vn 0.004218 0.636854 -0.770973
vn 0.109896 0.720534 -0.684655
vn 0.030267 0.974739 0.221285
vn 0.474570 0.855130 0.208654
vn 0.428563 0.739615 -0.518945
vn -0.238306 0.781471 -0.576640
vn -0.552118 0.811800 0.190124
vn -0.618575 -0.734544 -0.278945
vn -0.585209 -0.810465 0.026024
vn -0.596928 -0.737245 0.316461
vn 0.128470 0.042393 -0.990807
vn 0.428563 0.739615 -0.518945
vn 0.783616 0.242089 -0.572135
vn 0.771687 0.013571 -0.635858
vn 0.116425 0.009268 -0.993156
vn -0.300032 -0.388887 -0.871061
vn 0.050273 0.063076 -0.996742
vn -0.528915 -0.274369 -0.803101
vn -0.420882 0.085490 -0.903078
vn 0.109896 0.720534 -0.684655
vn 0.004218 0.636854 -0.770973
vn 0.035927 -0.643586 0.764531
vn -0.289324 0.907344 0.304989
vn -0.036343 0.652912 0.756561
vn 0.314501 0.904491 -0.288071
vn -0.387914 0.762775 -0.517394
vn -0.431161 0.087669 -0.898006
vn -0.528915 -0.274369 -0.803101
vn -0.464165 0.835462 -0.294200
vn -0.289324 0.907344 0.304989
vn -0.013947 0.751095 -0.660047
vn -0.464165 0.835462 -0.294200
vn 0.173943 0.938882 0.297060
vn 0.871610 -0.371224 0.320138
vn 0.314501 0.904491 -0.288071
vn 0.314501 0.904491 -0.288071
vn -0.037204 0.634399 -0.772110
vn -0.013947 0.751095 -0.660047
vn 0.173943 0.938882 0.297060
vn 0.615363 0.616205 -0.491549
vn -0.464165 0.835462 -0.294200
vn -0.691825 0.528208 -0.492315
vn -0.289324 0.907344 0.304989
vn -0.578114 0.504430 0.641353
vn -0.038331 0.700366 0.712754
vn -0.036343 0.652912 0.756561
vn 0.504766 0.576530 0.642514
vn -0.038331 0.700366 0.712754
vn -0.488957 -0.620637 0.612970
vn 0.044862 -0.800012 0.598304
vn 0.565326 -0.554757 0.610452
vn 0.504766 0.576530 0.642514
vn 0.044862 -0.800012 0.598304
vn -0.593868 -0.639802 -0.487827
vn 0.039637 -0.678822 -0.733233
vn 0.669289 -0.560880 -0.487304
vn 0.565326 -0.554757 0.610452
vn -0.691825 0.528208 -0.492315
vn -0.488957 -0.620637 0.612970
vn -0.578114 0.504430 0.641353
vn -0.037204 0.634399 -0.772110
vn -0.593868 -0.639802 -0.487827
vn -0.691825 0.528208 -0.492315
vn 0.615363 0.616205 -0.491549
vn 0.565326 -0.554757 0.610452
vn 0.669289 -0.560880 -0.487304
vn 0.669289 -0.560880 -0.487304
vn 0.039637 -0.678822 -0.733233
vn 0.998337 0.029522 -0.049525
vn 0.665184 0.256099 0.701386
vn 0.922009 -0.143477 0.359601
vn 0.691739 -0.666291 -0.278482
vn 0.977732 0.107452 -0.180259
vn 0.922009 -0.143477 0.359601
vn 0.417624 -0.048338 0.907333
vn 0.700201 -0.264576 0.663113
vn 0.694512 -0.224303 -0.683624
vn 0.888951 0.118856 -0.442312
vn 0.656052 0.731106 -0.187295
vn 0.658481 0.740595 -0.133874
vn 0.416171 -0.597220 0.685660
vn 0.644031 -0.732176 0.221679
vn 0.636077 0.698368 0.328159
vn 0.644031 -0.732176 0.221679
vn 0.638095 -0.541469 -0.547399
vn 0.414560 0.675490 -0.609798
vn 0.463811 0.734289 -0.495681
vn 0.000000 0.784889 -0.619636
vn 0.405320 -0.346765 -0.845855
vn 0.000000 -0.420416 -0.907332
vn 0.679786 0.731116 -0.057965
vn 0.000000 0.896998 -0.442035
vn 0.491054 0.010091 -0.871071
vn 0.000000 -0.037840 -0.999284
vn 0.491054 0.010091 -0.871071
vn 0.491064 0.761420 -0.423197
vn -0.696885 -0.500534 -0.513630
vn -0.373162 -0.926297 -0.052187
vn -0.904351 -0.398112 0.153802
vn -0.009201 -0.949860 0.312540
vn -0.373162 -0.926297 -0.052187
vn 0.260147 -0.943954 -0.203161
vn -0.908542 0.161115 -0.385479
vn -0.379942 -0.021457 -0.924762
vn -0.696885 -0.500534 -0.513630
vn -0.379942 -0.021457 -0.924762
vn -0.049061 -0.693512 -0.718772
vn 0.425901 -0.865049 0.265139
vn -0.770350 -0.193017 0.607705
vn -0.474476 -0.690233 0.546307
vn -0.417175 -0.299634 0.858012
vn -0.776353 0.608308 -0.165039
vn -0.934323 0.243765 0.260037
vn -0.683728 0.679866 0.265139
vn -0.018915 0.346699 -0.937786
vn -0.483898 0.567281 -0.666360
vn -0.005393 0.719815 -0.694146
vn 0.455209 -0.616300 -0.642619
vn 0.254325 -0.166775 -0.952631
vn 0.680396 -0.234996 -0.694146
vn 0.005393 -0.719814 0.694146
vn -0.680396 0.234996 0.694146
vn -0.776353 0.608308 -0.165039
vn -0.683728 0.679866 0.265139
vn -0.425901 0.865049 -0.265139
vn 0.417175 0.299634 -0.858012
vn 0.455209 -0.616300 -0.642619
vn 0.680396 -0.234996 -0.694146
vn 0.683728 -0.679866 -0.265139
vn 0.018915 -0.346699 0.937786
vn 0.483898 -0.567281 0.666360
vn 0.379942 0.021457 0.924762
vn -0.455209 0.616300 0.642620
vn -0.254325 0.166775 0.952631
vn 0.049061 0.693513 0.718772
vn 0.009201 0.949860 -0.312540
vn -0.260147 0.943954 0.203161
vn 0.373163 0.926297 0.052187
vn 0.770350 0.193017 -0.607705
vn 0.474476 0.690233 -0.546306
vn 0.904351 0.398113 -0.153801
vn 0.776353 -0.608307 0.165038
vn 0.934323 -0.243765 -0.260038
vn 0.908542 -0.161114 0.385479
vn 0.696886 0.500534 0.513630
vn 0.373163 0.926297 0.052187
vn 0.474476 0.690233 -0.546306
vn 0.049061 0.693513 0.718772
vn 0.696886 0.500534 0.513630
vn -0.455209 0.616300 0.642620
vn 0.696886 0.500534 0.513630
vn 0.908542 -0.161114 0.385479
vn 0.483898 -0.567281 0.666360
vn 0.776353 -0.608307 0.165038
vn 0.908542 -0.161114 0.385479
vn 0.934323 -0.243765 -0.260038
vn 0.683728 -0.679866 -0.265139
vn 0.680396 -0.234996 -0.694146
vn 0.474476 0.690233 -0.546306
vn 0.770350 0.193017 -0.607705
vn -0.005393 0.719815 -0.694146
vn 0.005393 -0.719814 0.694146
vn -0.483898 0.567281 -0.666360
vn -0.680396 0.234996 0.694146
vn -0.680396 0.234996 0.694146
vn -0.770350 -0.193017 0.607705
vn -0.474476 -0.690233 0.546307
vn -0.908542 0.161115 -0.385479
vn -0.483898 0.567281 -0.666360
vn -0.049061 -0.693512 -0.718772
vn -0.696885 -0.500534 -0.513630
vn -0.474476 -0.690233 0.546307
vn -0.436454 0.161316 0.885147
vn -0.826935 0.408773 0.386113
vn -0.873632 0.167532 0.456836
vn -0.190613 -0.157881 -0.968886
vn -0.489715 -0.529480 -0.692697
vn -0.454699 0.603454 0.655051
vn -0.873632 0.167532 0.456836
vn -0.854385 0.496913 -0.152000
vn -0.974318 0.158117 -0.160323
vn -0.631915 -0.708277 0.314688
vn -0.981233 -0.022804 -0.191473
vn -0.628303 -0.750751 -0.203979
vn -0.628303 -0.750751 -0.203979
vn -0.432909 0.885704 -0.167686
vn 0.000000 0.982310 -0.187262
vn -0.826935 0.408773 0.386113
vn -0.854385 0.496913 -0.152000
vn -0.779661 0.001643 -0.626200
vn -0.455772 0.652430 0.605481
vn -0.318033 0.079098 -0.944774
vn -0.809423 0.086256 -0.580856
vn -0.725539 0.292504 -0.622924
vn -0.935784 0.312224 -0.163785
vn -0.810616 0.182524 -0.556405
vn -0.380216 0.065365 -0.922585
vn -0.868488 0.442974 0.222491
vn -0.904449 0.098844 0.414971
vn -0.444434 0.534500 0.718880
vn -0.868488 0.442974 0.222491
vn -0.392773 0.622050 -0.677336
vn -0.868488 0.442974 0.222491
vn -0.145415 0.184104 -0.972091
vn -0.631915 -0.708277 0.314688
vn -0.473027 -0.059563 0.879032
vn -0.904449 0.098844 0.414971
vn -0.443743 -0.425542 0.788674
vn -0.444434 0.534500 0.718880
vn -0.329386 0.542321 0.772912
vn -0.329386 0.542321 0.772912
vn -0.454699 0.603454 0.655051
vn -0.443743 -0.425542 0.788674
vn -0.631915 -0.708277 0.314688
vn -0.145148 0.346615 -0.926709
vn -0.880236 0.149345 -0.450423
vn 0.007585 0.999971 -0.000001
vn -0.880236 0.149345 -0.450423
vn -0.880239 0.149340 0.450419
vn 0.007585 0.999971 -0.000001
vn -0.880239 0.149340 0.450419
vn -0.145149 0.346616 0.926709
vn 0.007585 0.999971 -0.000001
vn 0.653622 0.596304 0.466046
vn 0.592018 0.622155 -0.512287
vn 0.653622 0.596303 -0.466048
vn 0.653622 0.596304 0.466046
vn 0.653622 0.596303 -0.466048
vn 0.007585 0.999971 -0.000001
vn -0.147126 -0.897066 -0.416686
vn -0.791319 -0.389772 0.471054
vn -0.791313 -0.389766 -0.471069
vn -0.791313 -0.389766 -0.471069
vn 0.592018 0.622155 -0.512287
vn 0.592014 0.622150 0.512298
vn -0.791319 -0.389772 0.471054
vn -0.880239 0.149340 0.450419
vn -0.880236 0.149345 -0.450423
vn -0.147128 -0.897063 0.416692
vn -0.147126 -0.897066 -0.416686
vn 0.904402 0.091803 -0.416689
vn 0.904403 0.091807 0.416685
vn 0.592014 0.622150 0.512298
vn 0.378635 -0.402623 0.833385
vn -0.146000 0.092149 0.984984
vn 0.378637 -0.402626 -0.833382
vn -0.145999 0.092149 -0.984984
vn -0.779661 0.001643 -0.626200
vn -0.810616 0.182524 -0.556405
vn -0.809423 0.086256 -0.580856
vn -0.392773 0.622050 -0.677336
vn -0.725539 0.292504 -0.622924
vn -0.489715 -0.529480 -0.692697
vn -0.489715 -0.529480 -0.692697
vn -0.725539 0.292504 -0.622924
vn 0.000000 0.000000 -1.000000
vn 0.000000 -0.000000 -1.000000
vn -0.327824 0.034774 -0.944099
vn -0.310193 0.048287 -0.949446
vn -0.587786 0.000000 -0.809016
vn -0.688189 0.525734 -0.499999
vn -0.276390 0.447218 -0.850650
vn -0.425324 -0.850653 -0.309013
vn -0.723608 -0.447217 -0.525726
vn -0.262869 -0.525735 -0.809013
vn -0.951057 -0.000001 -0.309015
vn -0.688189 0.525734 -0.499999
vn -0.587786 0.000000 -0.809016
vn 0.162457 -0.850654 -0.499996
vn 0.276390 -0.447218 -0.850650
vn 0.688189 -0.525734 -0.499999
vn -0.894426 0.447215 -0.000000
vn 0.162457 -0.850653 0.499997
vn 0.688189 -0.525734 0.499999
vn 0.276390 -0.447218 0.850650
vn 0.587786 -0.000001 -0.809016
vn 0.262869 0.525735 -0.809013
vn 0.723608 0.447217 -0.525727
vn 0.525730 -0.850652 0.000000
vn 0.000000 -0.000000 -1.000000
vn 0.894426 -0.447215 0.000000
vn -0.425324 -0.850653 0.309013
vn -0.425324 -0.850653 -0.309013
vn 0.000002 -1.000000 0.000000
vn 0.951057 0.000000 0.309015
vn 0.850649 0.525734 -0.000000
vn 0.723608 0.447217 0.525727
vn -0.850649 -0.525734 0.000000
vn -0.425324 -0.850653 0.309013
vn 0.951057 0.000000 -0.309015
vn 0.723608 0.447217 -0.525727
vn -0.425324 -0.850653 0.309013
vn -0.262869 -0.525735 0.809013
vn -0.723608 -0.447217 0.525727
vn 0.000000 0.000000 1.000000
vn 0.262869 0.525735 0.809013
vn -0.276390 0.447219 0.850649
vn -0.262869 -0.525735 0.809013
vn 0.587786 -0.000000 0.809016
vn 0.162457 -0.850653 0.499997
vn 0.276390 -0.447218 0.850650
vn 0.723608 0.447217 0.525727
vn -0.894426 0.447215 -0.000000
vn -0.525729 0.850652 -0.000000
vn -0.688189 0.525734 -0.499999
vn -0.951057 -0.000000 0.309015
vn -0.688189 0.525735 0.499999
vn -0.162457 0.850653 -0.499996
vn -0.587786 0.000000 0.809016
vn 0.425323 0.850653 -0.309013
vn -0.587786 0.000000 0.809016
vn -0.688189 0.525735 0.499999
vn 0.425323 0.850653 0.309013
vn -0.262869 -0.525735 -0.809013
vn 0.276390 -0.447218 -0.850650
vn -0.276390 0.447219 0.850649
vn -0.162457 0.850654 0.499996
vn -0.688189 0.525735 0.499999
vn -0.162457 0.850653 -0.499996
vn -0.276390 0.447218 -0.850650
vn -0.000002 1.000000 -0.000000
vn 0.688189 -0.525734 -0.499999
vn 0.894426 -0.447215 0.000000
vn 0.262869 0.525735 -0.809013
vn 0.587786 -0.000001 -0.809016
vn 0.425323 0.850653 -0.309013
vn 0.262869 0.525735 -0.809013
vn -0.723608 -0.447217 0.525727
vn 0.688189 -0.525734 0.499999
vn -0.723608 -0.447217 -0.525726
vn 0.425323 0.850653 0.309013
vn 0.587786 -0.000000 0.809016
vn 0.688189 -0.525734 0.499999
vn 0.688189 -0.525734 -0.499999
vn 0.425323 0.850653 0.309013
vn -0.162457 0.850654 0.499996
vn 0.262869 0.525735 0.809013
vn 0.162457 -0.850654 -0.499996
vn -0.262869 -0.525735 -0.809013
vn -0.507931 0.136869 -0.850455
vn -0.792359 0.541994 0.280016
vn -0.191948 0.334359 -0.922692
vn -0.802138 0.494399 0.334879
vn -0.484468 -0.786870 0.382264
vn -0.012472 -0.595357 0.803365
vn 0.030657 0.523904 -0.851226
vn -0.793677 0.458666 0.399628
vn -0.198630 -0.924955 -0.324043
vn -0.993133 -0.084887 0.080501
vn -0.742521 -0.174383 -0.646725
vn -0.012472 -0.595357 0.803365
vn -0.198630 -0.924955 -0.324043
vn 0.229908 -0.881370 -0.412710
vn 0.051612 -0.622712 0.780747
vn 0.545538 -0.683391 -0.485144
vn 0.990804 0.054621 0.123787
vn 0.205382 -0.346077 0.915450
vn 0.926269 -0.308623 -0.216279
vn -0.198630 -0.924955 -0.324043
vn -0.507931 0.136869 -0.850455
vn 0.229908 -0.881370 -0.412710
vn 0.051612 -0.622712 0.780747
vn -0.792359 0.541994 0.280016
vn -0.802138 0.494399 0.334879
vn -0.507931 0.136869 -0.850455
vn -0.547653 0.693121 0.468678
vn 0.383470 0.892750 -0.236535
vn 0.174629 0.728675 -0.662222
vn -0.191948 0.334359 -0.922692
vn 0.545538 -0.683391 -0.485144
vn 0.766032 -0.490937 -0.414940
vn -0.063092 -0.549553 0.833073
vn 0.030657 0.523904 -0.851226
vn 0.766032 -0.490937 -0.414940
vn -0.793677 0.458666 0.399628
vn 0.051612 -0.622712 0.780747
vn -0.063092 -0.549553 0.833073
vn 0.383470 0.892750 -0.236535
vn 0.603851 0.079171 0.793156
vn 0.990804 0.054621 0.123787
vn -0.793677 0.458666 0.399628
vn 0.205382 -0.346077 0.915450
vn -0.547653 0.693121 0.468678
vn 0.926269 -0.308623 -0.216279
vn 0.174629 0.728675 -0.662222
vn 0.603851 0.079171 0.793156
vn 0.926269 -0.308623 -0.216279
vn 0.174629 0.728675 -0.662222
vn -0.029983 -0.781550 -0.623121
vn 0.596928 -0.737245 0.316461
vn 0.618575 -0.734544 -0.278945
vn -0.764807 0.332739 0.551684
vn -0.318686 0.937833 0.137504
vn -0.923385 0.382348 0.034199
vn 0.126029 0.729853 0.671887
vn 0.115513 -0.032897 0.992761
vn 0.126029 0.729853 0.671887
vn -0.514346 0.833208 0.203011
vn 0.017208 0.975970 0.217225
vn -0.330793 -0.527906 0.782235
vn 0.558863 -0.243680 0.792649
vn -0.774859 -0.020917 0.631788
vn -0.923385 0.382348 0.034199
vn -0.925628 -0.274666 -0.260329
vn -0.871607 -0.371229 0.320142
vn -0.925628 -0.274666 -0.260329
vn -0.049701 0.051426 0.997439
vn 0.001253 -0.000041 0.999999
vn 0.023517 0.966073 0.257196
vn -0.330793 -0.527906 0.782235
vn -0.559145 -0.829024 0.008734
vn 0.084104 0.639095 0.764516
vn -0.435628 0.874933 0.211473
vn -0.020003 0.682786 0.730344
vn -0.019454 0.716519 0.697297
vn 0.638433 0.577087 0.509288
vn 0.380011 0.906380 -0.184575
vn 0.380022 0.906375 0.184573
vn -0.020003 0.682786 -0.730344
vn -0.435636 0.874929 -0.211472
vn -0.019454 0.716518 -0.697297
vn -0.685361 0.543110 -0.485090
vn -0.320239 0.804296 0.500554
vn -0.764807 0.332739 0.551684
vn 0.084104 0.639095 0.764516
vn -0.774859 -0.020917 0.631788
vn -0.871607 -0.371229 0.320142
vn -0.474570 0.855130 0.208654
vn -0.019454 0.716519 0.697297
vn 0.618575 -0.734544 -0.278945
vn -0.019454 0.716518 -0.697297
vn -0.029983 -0.781550 -0.623121
vn 0.380022 0.906375 0.184573
vn 0.618575 -0.734544 -0.278945
vn 0.558863 -0.243680 0.792649
vn -0.435636 0.874929 -0.211472
vn -0.925628 -0.274666 -0.260329
vn -0.014210 -0.611741 0.790930
vn 0.638433 0.577087 0.509288
vn -0.020003 0.682786 0.730344
vn -0.014210 -0.611741 0.790930
vn -0.523697 -0.706866 -0.475480
vn -0.014211 -0.611743 -0.790929
vn -0.014211 -0.611743 -0.790929
vn -0.685361 0.543110 -0.485090
vn -0.020003 0.682786 -0.730344
vn -0.523697 -0.706866 -0.475480
vn -0.685340 0.543127 0.485100
vn -0.685361 0.543110 -0.485090
vn 0.565135 -0.658989 0.496342
vn 0.638407 0.577104 -0.509300
vn 0.638433 0.577087 0.509288
vn 0.638407 0.577104 -0.509300
vn 0.565135 -0.658989 0.496342
vn 0.565140 -0.658992 -0.496334
vn -0.685340 0.543127 0.485100
vn -0.940931 0.333505 0.058506
vn -0.771692 0.013571 -0.635852
vn -0.123865 0.981253 0.147650
vn -0.428563 0.739615 -0.518945
vn -0.109895 0.720534 -0.684655
vn -0.030267 0.974739 0.221285
vn -0.783616 0.242089 -0.572135
vn -0.940931 0.333505 0.058506
vn -0.511704 0.690764 -0.510885
vn -0.262995 0.939358 0.220093
vn -0.531355 -0.846968 0.017503
vn -0.128470 0.042393 -0.990807
vn -0.428563 0.739615 -0.518945
vn -0.004218 0.636854 -0.770973
vn -0.771692 0.013571 -0.635852
vn -0.116425 0.009268 -0.993156
vn -0.292388 -0.391839 -0.872337
vn -0.050273 0.063076 -0.996742
vn -0.443128 0.084053 -0.892509
vn -0.109895 0.720534 -0.684655
vn -0.511704 0.690764 -0.510885
vn 0.528915 -0.274369 -0.803101
vn -0.035927 -0.643586 0.764531
vn 0.289324 0.907344 0.304989
vn 0.596928 -0.737245 0.316461
vn -0.173956 0.938880 0.297059
vn 0.528915 -0.274369 -0.803101
vn 0.596928 -0.737245 0.316461
vn 0.464165 0.835462 -0.294199
vn 0.528915 -0.274369 -0.803101
vn 0.013947 0.751095 -0.660047
vn -0.173956 0.938880 0.297059
vn -0.871607 -0.371229 0.320142
vn -0.314489 0.904495 -0.288072
vn 0.037204 0.634399 -0.772110
vn -0.314489 0.904495 -0.288072
vn 0.013947 0.751095 -0.660047
vn -0.615362 0.616205 -0.491549
vn -0.173956 0.938880 0.297059
vn 0.464165 0.835462 -0.294199
vn 0.289324 0.907344 0.304989
vn 0.691825 0.528208 -0.492315
vn 0.038330 0.700366 0.712754
vn 0.036343 0.652912 0.756561
vn 0.038330 0.700366 0.712754
vn 0.488957 -0.620637 0.612970
vn 0.578114 0.504430 0.641353
vn -0.565326 -0.554757 0.610452
vn -0.504767 0.576530 0.642514
vn -0.044862 -0.800012 0.598304
vn 0.593868 -0.639801 -0.487826
vn 0.488957 -0.620637 0.612970
vn -0.669289 -0.560880 -0.487304
vn -0.565326 -0.554757 0.610452
vn 0.488957 -0.620637 0.612970
vn 0.691825 0.528208 -0.492315
vn 0.578114 0.504430 0.641353
vn 0.593868 -0.639801 -0.487826
vn 0.037204 0.634399 -0.772110
vn 0.691825 0.528208 -0.492315
vn -0.615362 0.616205 -0.491549
vn -0.565326 -0.554757 0.610452
vn -0.504767 0.576530 0.642514
vn -0.669289 -0.560880 -0.487304
vn -0.615362 0.616205 -0.491549
vn -0.665184 0.256096 0.701388
vn -0.998337 0.029522 -0.049525
vn -0.922009 -0.143477 0.359601
vn -0.977732 0.107452 -0.180259
vn -0.691747 -0.666283 -0.278483
vn -0.417622 -0.048338 0.907334
vn -0.694499 -0.224316 -0.683633
vn -0.655147 -0.489605 -0.575386
vn -0.656046 0.731112 -0.187293
vn -0.658483 0.740593 -0.133872
vn -0.416175 -0.597218 0.685660
vn -0.644024 -0.732185 0.221670
vn -0.636076 0.698367 0.328163
vn -0.414560 0.675490 -0.609798
vn -0.638093 -0.541470 -0.547400
vn -0.463804 0.734295 -0.495679
vn -0.888950 0.118868 -0.442309
vn -0.405320 -0.346764 -0.845855
vn -0.679790 0.731112 -0.057966
vn -0.491054 0.010091 -0.871071
vn 0.000000 0.897000 -0.442031
vn 0.000000 -0.037827 -0.999284
vn -0.491054 0.010091 -0.871071
vn -0.648679 -0.472256 -0.596816
vn 0.549901 -0.813855 -0.187747
vn 0.634652 -0.518606 0.572944
vn -0.130909 -0.933664 0.333368
vn -0.577523 -0.569245 0.585173
vn -0.758842 -0.647089 -0.073711
vn -0.130909 -0.933664 0.333368
vn 0.549901 -0.813855 -0.187747
vn 0.963237 -0.240453 -0.119818
vn 0.634652 -0.518606 0.572944
vn 0.502676 -0.348040 -0.791319
vn 0.549901 -0.813855 -0.187747
vn -0.201760 -0.772081 -0.602647
vn 0.502676 -0.348040 -0.791319
vn -0.878354 -0.349592 0.326007
vn 0.478370 -0.182969 0.858886
vn 0.073343 -0.093432 0.992921
vn -0.004023 -0.453820 0.891084
vn 0.992018 0.115972 -0.049516
vn 0.906380 0.281518 0.314997
vn 0.882003 -0.046035 0.468990
vn 0.334610 -0.009377 -0.942310
vn 0.480529 0.269074 -0.834680
vn 0.801101 0.054031 -0.596085
vn -0.632581 -0.415103 -0.653858
vn -0.585046 -0.108433 -0.803719
vn -0.137885 -0.246587 -0.959261
vn -0.480529 -0.269074 0.834680
vn 0.585045 0.108433 0.803719
vn 0.878353 0.349592 -0.326007
vn -0.073343 0.093432 -0.992921
vn -0.632581 -0.415103 -0.653858
vn -0.906380 -0.281518 -0.314997
vn -0.585046 -0.108433 -0.803719
vn -0.334610 0.009377 0.942310
vn -0.502676 0.348039 0.791319
vn -0.801101 -0.054031 0.596085
vn 0.632581 0.415102 0.653859
vn 0.201759 0.772081 0.602647
vn 0.137885 0.246588 0.959261
vn 0.577522 0.569245 -0.585173
vn 0.130909 0.933664 -0.333368
vn 0.758842 0.647090 0.073711
vn -0.478370 0.182969 -0.858886
vn -0.634651 0.518607 -0.572944
vn 0.004023 0.453820 -0.891084
vn -0.992018 -0.115972 0.049516
vn -0.963237 0.240454 0.119818
vn -0.882003 0.046035 -0.468990
vn -0.549901 0.813855 0.187747
vn -0.634651 0.518607 -0.572944
vn -0.478370 0.182969 -0.858886
vn -0.634651 0.518607 -0.572944
vn -0.549901 0.813855 0.187747
vn 0.130909 0.933664 -0.333368
vn 0.130909 0.933664 -0.333368
vn 0.577522 0.569245 -0.585173
vn 0.201759 0.772081 0.602647
vn 0.201759 0.772081 0.602647
vn 0.632581 0.415102 0.653859
vn -0.549901 0.813855 0.187747
vn -0.502676 0.348039 0.791319
vn -0.801101 -0.054031 0.596085
vn -0.882003 0.046035 -0.468990
vn -0.480529 -0.269074 0.834680
vn 0.480529 0.269074 -0.834680
vn 0.801101 0.054031 -0.596085
vn 0.585045 0.108433 0.803719
vn 0.882003 -0.046035 0.468990
vn -0.577523 -0.569245 0.585173
vn 0.634652 -0.518606 0.572944
vn -0.201760 -0.772081 -0.602647
vn -0.201760 -0.772081 -0.602647
vn -0.130909 -0.933664 0.333368
vn 0.636077 0.698368 0.328159
vn -0.658483 0.740593 -0.133872
vn -0.636076 0.698367 0.328163
vn 0.656052 0.731106 -0.187295
vn 0.658481 0.740595 -0.133874
vn 0.679786 0.731116 -0.057965
vn -0.656046 0.731112 -0.187293
vn 0.000000 0.897000 -0.442031
vn -0.679790 0.731112 -0.057966
vn -0.636076 0.698367 0.328163
vn 0.665184 0.256099 0.701386
vn 0.636077 0.698368 0.328159
vn -0.665184 0.256096 0.701388
vn -0.416175 -0.597218 0.685660
vn 0.644031 -0.732176 0.221679
vn 0.416171 -0.597220 0.685660
vn -0.644024 -0.732185 0.221670
vn 0.691739 -0.666291 -0.278482
vn -0.655147 -0.489605 -0.575386
vn 0.655143 -0.489607 -0.575389
vn -0.655147 -0.489605 -0.575386
vn 0.694512 -0.224303 -0.683624
vn 0.655143 -0.489607 -0.575389
vn 0.694512 -0.224303 -0.683624
vn -0.638093 -0.541470 -0.547400
vn 0.638095 -0.541469 -0.547399
vn -0.405320 -0.346764 -0.845855
vn 0.000000 -0.420416 -0.907332
vn 0.463811 0.734289 -0.495681
vn 0.000000 0.784889 -0.619636
vn -0.463804 0.734295 -0.495679
vn 0.888951 0.118856 -0.442312
vn -0.648679 -0.472256 -0.596816
vn 0.648679 -0.472256 -0.596816
vn 0.648679 -0.472256 -0.596816
vn 0.904449 0.098844 0.414971
vn 0.455772 0.652430 0.605481
vn -0.000000 0.821664 0.569972
vn 0.904449 0.098844 0.414971
vn 0.000000 0.269947 0.962875
vn 0.000000 0.269947 0.962875
vn 0.147128 -0.897063 0.416692
vn -0.653622 0.596303 -0.466048
vn 0.791319 -0.389772 0.471054
vn -0.378637 -0.402633 -0.833379
vn 0.147126 -0.897065 -0.416686
vn 0.147128 -0.897063 0.416692
vn -0.904399 0.091807 -0.416695
vn 0.147126 -0.897065 -0.416686
vn -0.904403 0.091807 0.416685
vn 0.810616 0.182524 -0.556405
vn -0.011082 0.897205 0.441476
vn 0.547653 0.693121 0.468679
vn -0.051624 -0.622722 0.780739
vn -0.603852 0.079175 0.793154
vn -0.174634 0.728671 -0.662225
vn -0.603852 0.079175 0.793154
vn -0.545538 -0.683391 -0.485144
vn 0.484463 -0.786863 0.382286
vn 0.993134 -0.084901 0.080482
vn 0.993134 -0.084901 0.080482
vn -0.229908 -0.881369 -0.412711
vn 0.742521 -0.174376 -0.646726
vn -0.618575 -0.734544 -0.278945
vn 0.320239 0.804296 0.500554
vn -0.328955 0.657254 0.678090
vn -0.328955 0.657254 0.678090
vn -0.558863 -0.243680 0.792649
vn -0.396777 0.896863 0.195458
vn -0.380011 0.906379 -0.184575
vn 0.435626 0.874934 0.211473
vn 0.435638 0.874928 -0.211472
vn -0.380022 0.906375 0.184573
vn -0.565136 -0.658989 0.496342
vn 0.523706 -0.706864 0.475474
vn 0.523697 -0.706866 -0.475480
vn 0.523706 -0.706864 0.475474
vn -0.565140 -0.658992 -0.496334
vn -0.442746 -0.896646 -0.001249
vn -0.238306 0.781471 -0.576640
vn -0.596928 -0.737245 0.316461
vn 0.173943 0.938882 0.297060
vn -0.300032 -0.388887 -0.871061
vn -0.578114 0.504430 0.641353
vn -0.488957 -0.620637 0.612970
vn -0.593868 -0.639802 -0.487827
vn 0.504766 0.576530 0.642514
vn 0.615363 0.616205 -0.491549
vn 0.655143 -0.489607 -0.575389
vn 0.405320 -0.346765 -0.845855
vn 0.414560 0.675490 -0.609798
vn 0.648679 -0.472256 -0.596816
vn 0.491064 0.761420 -0.423197
vn -0.826935 0.408773 0.386113
vn -0.904449 0.098844 0.414971
vn -0.455772 0.652430 0.605481
vn -0.473027 -0.059563 0.879032
vn -0.147128 -0.897063 0.416692
vn 0.378637 -0.402626 -0.833382
vn 0.904403 0.091807 0.416685
vn 0.378635 -0.402623 0.833385
vn 0.904402 0.091803 -0.416689
vn -0.147128 -0.897063 0.416692
vn -0.147126 -0.897066 -0.416686
vn 0.904402 0.091803 -0.416689
vn 0.904403 0.091807 0.416685
vn -0.802138 0.494399 0.334879
vn -0.993133 -0.084887 0.080501
vn -0.484468 -0.786870 0.382264
vn -0.484468 -0.786870 0.382264
vn 0.603851 0.079171 0.793156
vn -0.742521 -0.174383 -0.646725
vn 0.011088 0.897205 0.441476
vn -0.792359 0.541994 0.280016
vn 0.011088 0.897205 0.441476
vn -0.063092 -0.549553 0.833073
vn 0.011088 0.897205 0.441476
vn -0.035927 -0.643586 0.764531
vn -0.320239 0.804296 0.500554
vn -0.764807 0.332739 0.551684
vn 0.558863 -0.243680 0.792649
vn -0.685340 0.543127 0.485100
vn 0.638407 0.577104 -0.509300
vn -0.435628 0.874933 0.211473
vn 0.380011 0.906380 -0.184575
vn 0.380011 0.906380 -0.184575
vn -0.435628 0.874933 0.211473
vn -0.435636 0.874929 -0.211472
vn 0.380022 0.906375 0.184573
vn 0.565135 -0.658989 0.496342
vn -0.523706 -0.706864 0.475474
vn -0.523697 -0.706866 -0.475480
vn -0.523706 -0.706864 0.475474
vn 0.565140 -0.658992 -0.496334
vn 0.565140 -0.658992 -0.496334
vn -0.523706 -0.706864 0.475474
vn -0.783616 0.242089 -0.572135
vn -0.004218 0.636854 -0.770973
vn -0.783616 0.242089 -0.572135
vn 0.036343 0.652912 0.756561
vn -0.314489 0.904495 -0.288072
vn -0.292388 -0.391839 -0.872337
vn 0.289324 0.907344 0.304989
vn 0.464165 0.835462 -0.294199
vn -0.504767 0.576530 0.642514
vn 0.578114 0.504430 0.641353
vn -0.044862 -0.800012 0.598304
vn -0.039637 -0.678822 -0.733233
vn 0.593868 -0.639801 -0.487826
vn -0.039637 -0.678822 -0.733233
vn -0.669289 -0.560880 -0.487304
vn -0.700201 -0.264576 0.663113
vn -0.405320 -0.346764 -0.845855
vn -0.414560 0.675490 -0.609798
vn -0.491064 0.761420 -0.423197
vn -0.491064 0.761420 -0.423197
vn 0.491064 0.761420 -0.423197
vn 0.000000 0.896998 -0.442035
vn -0.491064 0.761420 -0.423197
vn -0.417622 -0.048338 0.907334
vn -0.691747 -0.666283 -0.278483
vn -0.694499 -0.224316 -0.683633
vn -0.694499 -0.224316 -0.683633
vn 0.405320 -0.346765 -0.845855
vn -0.888950 0.118868 -0.442309
vn 0.888951 0.118856 -0.442312
vn 0.414560 0.675490 -0.609798
vn -0.414560 0.675490 -0.609798
vn -0.888950 0.118868 -0.442309
vn -0.648679 -0.472256 -0.596816
f 1/1/1 2/2/2 3/3/3
f 4/4/4 5/5/5 6/6/6
f 2/2/2 7/7/7 8/8/8
f 9/9/9 10/10/10 11/11/11
f 12/12/12 13/13/13 14/14/14
f 14/14/14 15/15/15 16/16/16
f 17/17/17 18/18/18 19/19/19
f 20/20/20 21/21/21 9/9/9
f 22/22/22 5/5/5 23/23/23
f 24/24/24 25/25/25 2/2/2
f 26/26/26 27/27/27 28/28/28
f 11/11/11 29/29/29 30/30/30
f 31/31/31 32/32/32 33/33/33
f 3/3/3 8/8/8 34/34/34
f 35/35/35 36/36/36 37/37/37
f 38/38/38 39/39/39 40/40/40
f 41/41/41 29/29/29 35/35/35
f 28/28/28 42/42/42 38/38/38
f 43/43/43 44/44/44 45/45/45
f 46/46/46 45/45/45 44/44/44
f 47/47/47 48/48/48 45/45/45
f 49/49/49 50/50/50 51/51/51
f 51/51/51 52/52/52 53/53/53
f 15/15/15 54/54/54 55/55/55
f 56/56/56 57/57/57 58/58/58
f 59/59/59 60/60/60 61/61/61
f 62/62/62 63/63/63 64/64/64
f 64/64/64 63/63/63 65/65/65
f 56/56/56 66/66/66 67/67/67
f 68/68/68 69/69/69 70/70/70
f 67/67/67 57/57/57 56/56/56
f 71/71/71 72/72/72 73/73/73
f 56/56/56 74/74/74 75/75/75
f 76/76/76 77/77/77 78/78/78
f 64/64/64 79/79/79 80/80/80
f 64/64/64 81/81/81 62/62/62
f 61/61/61 82/82/82 59/59/59
f 83/83/83 84/84/84 85/85/85
f 77/77/77 86/86/86 78/78/78
f 81/81/81 87/87/87 88/88/88
f 74/74/74 89/89/89 75/75/75
f 75/75/75 90/90/90 66/66/66
f 79/79/79 87/87/87 80/80/80
f 91/91/91 30/30/30 41/41/41
f 31/31/31 11/11/11 30/30/30
f 92/92/92 9/9/9 93/93/93
f 94/94/94 17/17/17 95/95/95
f 96/96/96 16/16/16 97/97/97
f 98/98/98 41/41/41 99/99/99
f 93/93/93 11/11/11 100/100/100
f 101/101/101 27/27/27 102/102/102
f 103/103/103 42/42/42 101/101/101
f 104/104/104 101/101/101 105/105/105
f 105/105/105 102/102/102 106/106/106
f 105/105/105 23/23/23 5/5/5
f 107/107/107 105/105/105 5/5/5
f 26/26/26 106/106/106 102/102/102
f 108/108/108 109/109/109 110/110/110
f 111/111/111 112/112/112 113/113/113
f 114/114/114 115/115/115 116/116/116
f 117/117/117 118/118/118 119/119/119
f 114/114/114 116/116/116 120/120/120
f 121/121/121 122/122/122 123/123/123
f 124/124/124 125/125/125 126/126/126
f 127/127/127 128/128/128 129/129/129
f 130/130/130 124/124/124 126/126/126
f 131/131/131 132/132/132 133/133/133
f 130/130/130 126/126/126 109/109/109
f 134/134/134 135/135/135 111/111/111
f 136/136/136 137/137/137 138/138/138
f 139/139/139 134/134/134 111/111/111
f 140/140/140 136/136/136 138/138/138
f 139/139/139 111/111/111 113/113/113
f 140/140/140 138/138/138 141/141/141
f 134/134/134 142/142/142 143/143/143
f 144/144/144 145/145/145 146/146/146
f 128/128/128 134/134/134 143/143/143
f 147/147/147 144/144/144 146/146/146
f 121/121/121 148/148/148 122/122/122
f 147/147/147 146/146/146 149/149/149
f 120/120/120 116/116/116 150/150/150
f 151/151/151 120/120/120 152/152/152
f 109/109/109 126/126/126 153/153/153
f 154/154/154 151/151/151 152/152/152
f 155/155/155 156/156/156 157/157/157
f 158/158/158 159/159/159 145/145/145
f 160/160/160 161/161/161 162/162/162
f 163/163/163 119/119/119 130/130/130
f 145/145/145 159/159/159 164/164/164
f 110/110/110 109/109/109 153/153/153
f 108/108/108 163/163/163 130/130/130
f 165/165/165 115/115/115 114/114/114
f 150/150/150 116/116/116 166/166/166
f 108/108/108 130/130/130 109/109/109
f 119/119/119 124/124/124 130/130/130
f 167/167/167 168/168/168 169/169/169
f 170/170/170 133/133/133 140/140/140
f 133/133/133 136/136/136 140/140/140
f 171/171/171 155/155/155 157/157/157
f 172/172/172 170/170/170 140/140/140
f 122/122/122 144/144/144 147/147/147
f 168/168/168 171/171/171 157/157/157
f 172/172/172 140/140/140 141/141/141
f 173/173/173 151/151/151 154/154/154
f 168/168/168 157/157/157 169/169/169
f 123/123/123 122/122/122 147/147/147
f 174/174/174 163/163/163 108/108/108
f 156/156/156 160/160/160 162/162/162
f 136/136/136 132/132/132 175/175/175
f 119/119/119 118/118/118 124/124/124
f 157/157/157 156/156/156 162/162/162
f 136/136/136 175/175/175 137/137/137
f 133/133/133 132/132/132 136/136/136
f 157/157/157 162/162/162 169/169/169
f 148/148/148 176/176/176 158/158/158
f 122/122/122 148/148/148 144/144/144
f 146/146/146 145/145/145 164/164/164
f 144/144/144 148/148/148 158/158/158
f 173/173/173 177/177/177 151/151/151
f 162/162/162 161/161/161 178/178/178
f 144/144/144 158/158/158 145/145/145
f 135/135/135 179/179/179 111/111/111
f 162/162/162 178/178/178 169/169/169
f 177/177/177 165/165/165 114/114/114
f 135/135/135 127/127/127 179/179/179
f 152/152/152 120/120/120 150/150/150
f 151/151/151 177/177/177 114/114/114
f 135/135/135 128/128/128 127/127/127
f 178/178/178 180/180/180 167/167/167
f 151/151/151 114/114/114 120/120/120
f 142/142/142 134/134/134 139/139/139
f 181/181/181 131/131/131 170/170/170
f 117/117/117 119/119/119 163/163/163
f 135/135/135 134/134/134 128/128/128
f 178/178/178 167/167/167 169/169/169
f 131/131/131 133/133/133 170/170/170
f 111/111/111 179/179/179 112/112/112
f 182/182/182 183/183/183 184/184/184
f 185/185/185 186/186/186 187/187/187
f 188/188/188 189/189/189 190/190/190
f 191/191/191 192/192/192 193/193/193
f 194/194/194 195/195/195 196/196/196
f 190/190/190 184/184/184 188/188/188
f 197/197/197 198/198/198 199/199/199
f 192/192/192 200/200/200 201/201/201
f 202/202/202 199/199/199 198/198/198
f 203/203/203 204/204/204 192/192/192
f 205/205/205 206/206/206 207/207/207
f 187/187/187 208/208/208 209/209/209
f 193/193/193 210/210/210 191/191/191
f 211/211/211 207/207/207 195/195/195
f 212/212/212 213/213/213 214/214/214
f 189/189/189 212/212/212 214/214/214
f 208/208/208 215/215/215 209/209/209
f 210/210/210 216/216/216 217/217/217
f 218/218/218 219/219/219 220/220/220
f 221/221/221 222/222/222 215/215/215
f 223/223/223 220/220/220 219/219/219
f 224/224/224 225/225/225 206/206/206
f 226/226/226 227/227/227 228/228/228
f 229/229/229 230/230/230 231/231/231
f 232/232/232 233/233/233 234/234/234
f 235/235/235 236/236/236 237/237/237
f 238/238/238 239/239/239 240/240/240
f 237/237/237 241/241/241 242/242/242
f 234/234/234 243/243/243 244/244/244
f 227/227/227 245/245/245 246/246/246
f 228/228/228 246/246/246 247/247/247
f 229/229/229 248/248/248 249/249/249
f 250/250/250 242/242/242 251/251/251
f 240/240/240 252/252/252 253/253/253
f 254/254/254 255/255/255 256/256/256
f 257/257/257 237/237/237 250/250/250
f 258/258/258 259/259/259 227/227/227
f 260/260/260 261/261/261 262/262/262
f 263/263/263 264/264/264 265/265/265
f 266/266/266 267/267/267 268/268/268
f 263/263/263 267/267/267 269/269/269
f 266/266/266 262/262/262 270/270/270
f 271/271/271 250/250/250 272/272/272
f 273/273/273 252/252/252 274/274/274
f 275/275/275 250/250/250 251/251/251
f 234/234/234 276/276/276 277/277/277
f 265/265/265 261/261/261 278/278/278
f 253/253/253 279/279/279 280/280/280
f 275/275/275 281/281/281 282/282/282
f 283/283/283 284/284/284 285/285/285
f 286/286/286 287/287/287 288/288/288
f 243/243/243 289/289/289 244/244/244
f 290/290/290 284/284/284 291/291/291
f 242/242/242 281/281/281 251/251/251
f 292/292/292 293/293/293 294/294/294
f 295/295/295 296/296/296 297/297/297
f 298/298/298 299/299/299 300/300/300
f 301/301/301 302/302/302 303/303/303
f 304/304/304 305/305/305 306/306/306
f 307/307/307 299/299/299 308/308/308
f 297/297/297 309/309/309 310/310/310
f 311/311/311 293/293/293 312/312/312
f 259/259/259 313/313/313 245/245/245
f 277/277/277 314/314/314 315/315/315
f 280/280/280 316/316/316 317/317/317
f 280/280/280 318/318/318 319/319/319
f 320/320/320 315/315/315 321/321/321
f 319/319/319 322/322/322 323/323/323
f 253/253/253 319/319/319 240/240/240
f 232/232/232 277/277/277 320/320/320
f 324/324/324 325/325/325 326/326/326
f 240/240/240 323/323/323 238/238/238
f 327/327/327 328/328/328 329/329/329
f 327/327/327 330/330/330 331/331/331
f 332/332/332 333/333/333 334/334/334
f 335/335/335 336/336/336 333/333/333
f 333/333/333 331/331/331 334/334/334
f 333/333/333 337/337/337 327/327/327
f 338/338/338 339/339/339 340/340/340
f 276/276/276 341/341/341 314/314/314
f 259/259/259 342/342/342 343/343/343
f 325/325/325 344/344/344 326/326/326
f 326/326/326 345/345/345 346/346/346
f 334/334/334 347/347/347 348/348/348
f 338/338/338 349/349/349 350/350/350
f 331/331/331 351/351/351 347/347/347
f 352/352/352 353/353/353 354/354/354
f 355/355/355 356/356/356 352/352/352
f 357/357/357 353/353/353 358/358/358
f 359/359/359 358/358/358 360/360/360
f 359/359/359 361/361/361 362/362/362
f 355/355/355 361/361/361 363/363/363
f 364/364/364 365/365/365 366/366/366
f 364/364/364 367/367/367 368/368/368
f 369/369/369 370/370/370 371/371/371
f 369/369/369 372/372/372 373/373/373
f 374/374/374 375/375/375 376/376/376
f 377/377/377 378/378/378 379/379/379
f 380/380/380 381/381/381 382/382/382
f 377/377/377 383/383/383 384/384/384
f 385/385/385 386/386/386 387/387/387
f 388/388/388 389/389/389 385/385/385
f 390/390/390 391/391/391 392/392/392
f 389/389/389 393/393/393 394/394/394
f 389/389/389 395/395/395 396/396/396
f 390/390/390 397/397/397 398/398/398
f 385/385/385 396/396/396 399/399/399
f 400/400/400 385/385/385 387/387/387
f 401/401/401 402/402/402 403/403/403
f 393/393/393 403/403/403 394/394/394
f 404/404/404 405/405/405 406/406/406
f 394/394/394 407/407/407 395/395/395
f 408/408/408 409/409/409 410/410/410
f 407/407/407 411/411/411 412/412/412
f 413/413/413 414/414/414 415/415/415
f 416/416/416 417/417/417 418/418/418
f 413/413/413 415/415/415 419/419/419
f 413/413/413 419/419/419 420/420/420
f 421/421/421 422/422/422 423/423/423
f 416/416/416 418/418/418 424/424/424
f 425/425/425 426/426/426 427/427/427
f 428/428/428 429/429/429 430/430/430
f 431/431/431 432/432/432 433/433/433
f 434/434/434 435/435/435 436/436/436
f 416/416/416 424/424/424 437/437/437
f 425/425/425 427/427/427 438/438/438
f 439/439/439 440/440/440 441/441/441
f 431/431/431 433/433/433 442/442/442
f 443/443/443 444/444/444 445/445/445
f 446/446/446 447/447/447 448/448/448
f 449/449/449 450/450/450 451/451/451
f 452/452/452 453/453/453 454/454/454
f 455/455/455 456/456/456 457/457/457
f 458/458/458 459/459/459 460/460/460
f 460/460/460 457/457/457 461/461/461
f 460/460/460 459/459/459 457/457/457
f 459/459/459 455/455/455 457/457/457
f 457/457/457 462/462/462 461/461/461
f 457/457/457 456/456/456 462/462/462
f 463/463/463 452/452/452 454/454/454
f 454/454/454 464/464/464 465/465/465
f 454/454/454 453/453/453 464/464/464
f 453/453/453 466/466/466 464/464/464
f 451/451/451 448/448/448 467/467/467
f 451/451/451 450/450/450 448/448/448
f 450/450/450 446/446/446 448/448/448
f 448/448/448 468/468/468 467/467/467
f 448/448/448 447/447/447 468/468/468
f 469/469/469 470/470/470 471/471/471
f 445/445/445 472/472/472 470/470/470
f 473/473/473 474/474/474 459/459/459
f 474/474/474 455/455/455 459/459/459
f 442/442/442 475/475/475 476/476/476
f 442/442/442 433/433/433 475/475/475
f 477/477/477 452/452/452 463/463/463
f 441/441/441 453/453/453 452/452/452
f 441/441/441 440/440/440 453/453/453
f 440/440/440 466/466/466 453/453/453
f 438/438/438 450/450/450 449/449/449
f 438/438/438 427/427/427 450/450/450
f 427/427/427 446/446/446 450/450/450
f 478/478/478 447/447/447 446/446/446
f 437/437/437 424/424/424 469/469/469
f 424/424/424 470/470/470 469/469/469
f 436/436/436 442/442/442 476/476/476
f 436/436/436 435/435/435 442/442/442
f 435/435/435 431/431/431 442/442/442
f 477/477/477 441/441/441 452/452/452
f 477/477/477 479/479/479 441/441/441
f 479/479/479 439/439/439 441/441/441
f 440/440/440 480/480/480 466/466/466
f 430/430/430 429/429/429 481/481/481
f 429/429/429 482/482/482 481/481/481
f 427/427/427 478/478/478 446/446/446
f 427/427/427 426/426/426 478/478/478
f 483/483/483 416/416/416 437/437/437
f 424/424/424 445/445/445 470/470/470
f 424/424/424 418/418/418 445/445/445
f 418/418/418 443/443/443 445/445/445
f 423/423/423 435/435/435 434/434/434
f 423/423/423 422/422/422 435/435/435
f 422/422/422 431/431/431 435/435/435
f 422/422/422 432/432/432 431/431/431
f 422/422/422 484/484/484 432/432/432
f 419/419/419 428/428/428 485/485/485
f 419/419/419 429/429/429 428/428/428
f 419/419/419 415/415/415 429/429/429
f 415/415/415 482/482/482 429/429/429
f 418/418/418 486/486/486 443/443/443
f 418/418/418 417/417/417 486/486/486
f 417/417/417 487/487/487 486/486/486
f 415/415/415 488/488/488 482/482/482
f 415/415/415 414/414/414 488/488/488
f 417/417/417 416/416/416 483/483/483
f 489/489/489 490/490/490 491/491/491
f 492/492/492 4/4/4 493/493/493
f 7/7/7 489/489/489 494/494/494
f 495/495/495 496/496/496 497/497/497
f 498/498/498 499/499/499 500/500/500
f 15/15/15 501/501/501 16/16/16
f 502/502/502 18/18/18 503/503/503
f 504/504/504 502/502/502 505/505/505
f 506/506/506 492/492/492 493/493/493
f 25/25/25 507/507/507 489/489/489
f 508/508/508 509/509/509 510/510/510
f 511/511/511 495/495/495 497/497/497
f 512/512/512 513/513/513 506/506/506
f 494/494/494 491/491/491 514/514/514
f 515/515/515 516/516/516 517/517/517
f 39/39/39 518/518/518 40/40/40
f 499/499/499 519/519/519 511/511/511
f 520/520/520 510/510/510 518/518/518
f 521/521/521 522/522/522 523/523/523
f 524/524/524 525/525/525 522/522/522
f 48/48/48 526/526/526 524/524/524
f 527/527/527 49/49/49 528/528/528
f 516/516/516 528/528/528 517/517/517
f 15/15/15 529/529/529 530/530/530
f 531/531/531 532/532/532 533/533/533
f 534/534/534 535/535/535 536/536/536
f 537/537/537 538/538/538 539/539/539
f 538/538/538 540/540/540 539/539/539
f 541/541/541 531/531/531 542/542/542
f 543/543/543 544/544/544 545/545/545
f 542/542/542 531/531/531 533/533/533
f 546/546/546 547/547/547 548/548/548
f 531/531/531 549/549/549 532/532/532
f 543/543/543 550/550/550 544/544/544
f 538/538/538 551/551/551 540/540/540
f 552/552/552 538/538/538 537/537/537
f 548/548/548 553/553/553 554/554/554
f 555/555/555 556/556/556 557/557/557
f 558/558/558 550/550/550 559/559/559
f 552/552/552 560/560/560 561/561/561
f 562/562/562 549/549/549 563/563/563
f 541/541/541 562/562/562 563/563/563
f 560/560/560 551/551/551 561/561/561
f 564/564/564 511/511/511 565/565/565
f 565/565/565 497/497/497 566/566/566
f 505/505/505 567/567/567 568/568/568
f 502/502/502 94/94/94 567/567/567
f 16/16/16 569/569/569 97/97/97
f 570/570/570 499/499/499 564/564/564
f 497/497/497 571/571/571 566/566/566
f 572/572/572 508/508/508 520/520/520
f 103/103/103 520/520/520 39/39/39
f 104/104/104 572/572/572 103/103/103
f 573/573/573 574/574/574 572/572/572
f 513/513/513 573/573/573 492/492/492
f 107/107/107 573/573/573 104/104/104
f 509/509/509 575/575/575 512/512/512
f 576/576/576 577/577/577 578/578/578
f 579/579/579 580/580/580 581/581/581
f 582/582/582 583/583/583 584/584/584
f 585/585/585 586/586/586 587/587/587
f 582/582/582 588/588/588 583/583/583
f 589/589/589 590/590/590 591/591/591
f 592/592/592 593/593/593 594/594/594
f 595/595/595 590/590/590 589/589/589
f 596/596/596 593/593/593 592/592/592
f 595/595/595 597/597/597 590/590/590
f 596/596/596 578/578/578 593/593/593
f 598/598/598 599/599/599 600/600/600
f 601/601/601 602/602/602 603/603/603
f 604/604/604 579/579/579 605/605/605
f 606/606/606 602/602/602 601/601/601
f 604/604/604 580/580/580 579/579/579
f 606/606/606 607/607/607 602/602/602
f 608/608/608 609/609/609 610/610/610
f 611/611/611 612/612/612 613/613/613
f 589/589/589 614/614/614 598/598/598
f 615/615/615 612/612/612 611/611/611
f 616/616/616 617/617/617 609/609/609
f 615/615/615 618/618/618 612/612/612
f 619/619/619 620/620/620 621/621/621
f 622/622/622 623/623/623 588/588/588
f 578/578/578 624/624/624 593/593/593
f 625/625/625 623/623/623 622/622/622
f 607/607/607 626/626/626 602/602/602
f 627/627/627 613/613/613 628/628/628
f 618/618/618 629/629/629 612/612/612
f 630/630/630 596/596/596 631/631/631
f 632/632/632 633/633/633 634/634/634
f 621/621/621 635/635/635 636/636/636
f 576/576/576 596/596/596 630/630/630
f 580/580/580 582/582/582 584/584/584
f 620/620/620 635/635/635 621/621/621
f 576/576/576 578/578/578 596/596/596
f 631/631/631 596/596/596 592/592/592
f 620/620/620 637/637/637 635/635/635
f 638/638/638 606/606/606 639/639/639
f 639/639/639 606/606/606 601/601/601
f 640/640/640 626/626/626 607/607/607
f 641/641/641 606/606/606 638/638/638
f 617/617/617 615/615/615 611/611/611
f 635/635/635 642/642/642 643/643/643
f 641/641/641 607/607/607 606/606/606
f 644/644/644 625/625/625 622/622/622
f 635/635/635 637/637/637 642/642/642
f 645/645/645 615/615/615 617/617/617
f 646/646/646 576/576/576 630/630/630
f 602/602/602 647/647/647 603/603/603
f 601/601/601 648/648/648 649/649/649
f 631/631/631 592/592/592 650/650/650
f 626/626/626 647/647/647 602/602/602
f 601/601/601 603/603/603 648/648/648
f 639/639/639 601/601/601 649/649/649
f 642/642/642 637/637/637 651/651/651
f 609/609/609 627/627/627 610/610/610
f 617/617/617 611/611/611 609/609/609
f 612/612/612 652/652/652 613/613/613
f 611/611/611 627/627/627 609/609/609
f 644/644/644 622/622/622 604/604/604
f 651/651/651 633/633/633 653/653/653
f 611/611/611 613/613/613 627/627/627
f 600/600/600 599/599/599 585/585/585
f 651/651/651 637/637/637 633/633/633
f 604/604/604 582/582/582 580/580/580
f 600/600/600 585/585/585 595/595/595
f 634/634/634 620/620/620 619/619/619
f 622/622/622 582/582/582 604/604/604
f 600/600/600 595/595/595 589/589/589
f 633/633/633 620/620/620 634/634/634
f 622/622/622 588/588/588 582/582/582
f 644/644/644 604/604/604 605/605/605
f 585/585/585 587/587/587 595/595/595
f 654/654/654 630/630/630 631/631/631
f 600/600/600 589/589/589 598/598/598
f 633/633/633 637/637/637 620/620/620
f 595/595/595 587/587/587 597/597/597
f 599/599/599 655/655/655 585/585/585
f 656/656/656 657/657/657 658/658/658
f 659/659/659 660/660/660 661/661/661
f 662/662/662 657/657/657 663/663/663
f 664/664/664 665/665/665 666/666/666
f 667/667/667 668/668/668 669/669/669
f 670/670/670 669/669/669 671/671/671
f 672/672/672 673/673/673 674/674/674
f 675/675/675 676/676/676 677/677/677
f 659/659/659 678/678/678 679/679/679
f 666/666/666 680/680/680 681/681/681
f 682/682/682 683/683/683 684/684/684
f 677/677/677 685/685/685 686/686/686
f 670/670/670 687/687/687 688/688/688
f 686/686/686 689/689/689 690/690/690
f 691/691/691 692/692/692 693/693/693
f 694/694/694 695/695/695 696/696/696
f 697/697/697 698/698/698 699/699/699
f 694/694/694 700/700/700 701/701/701
f 702/702/702 699/699/699 698/698/698
f 684/684/684 663/663/663 682/682/682
f 674/674/674 688/688/688 687/687/687
f 703/703/703 689/689/689 704/704/704
f 705/705/705 706/706/706 707/707/707
f 708/708/708 709/709/709 710/710/710
f 236/236/236 711/711/711 712/712/712
f 713/713/713 714/714/714 715/715/715
f 716/716/716 712/712/712 717/717/717
f 718/718/718 719/719/719 720/720/720
f 721/721/721 705/705/705 722/722/722
f 717/717/717 723/723/723 724/724/724
f 725/725/725 713/713/713 715/715/715
f 726/726/726 707/707/707 727/727/727
f 712/712/712 728/728/728 723/723/723
f 729/729/729 730/730/730 731/731/731
f 732/732/732 733/733/733 734/734/734
f 735/735/735 736/736/736 737/737/737
f 733/733/733 735/735/735 737/737/737
f 738/738/738 729/729/729 736/736/736
f 723/723/723 739/739/739 740/740/740
f 709/709/709 741/741/741 725/725/725
f 742/742/742 723/723/723 740/740/740
f 719/719/719 743/743/743 720/720/720
f 730/730/730 734/734/734 731/731/731
f 725/725/725 744/744/744 709/709/709
f 742/742/742 745/745/745 724/724/724
f 746/746/746 747/747/747 748/748/748
f 749/749/749 750/750/750 751/751/751
f 752/752/752 718/718/718 720/720/720
f 747/747/747 753/753/753 748/748/748
f 745/745/745 717/717/717 724/724/724
f 754/754/754 755/755/755 756/756/756
f 757/757/757 758/758/758 759/759/759
f 760/760/760 761/761/761 762/762/762
f 763/763/763 764/764/764 765/765/765
f 766/766/766 767/767/767 768/768/768
f 769/769/769 760/760/760 762/762/762
f 770/770/770 759/759/759 771/771/771
f 772/772/772 754/754/754 756/756/756
f 773/773/773 774/774/774 743/743/743
f 775/775/775 776/776/776 744/744/744
f 777/777/777 775/775/775 778/778/778
f 744/744/744 779/779/779 780/780/780
f 781/781/781 778/778/778 782/782/782
f 778/778/778 725/725/725 715/715/715
f 709/709/709 780/780/780 710/710/710
f 707/707/707 783/783/783 727/727/727
f 782/782/782 715/715/715 714/714/714
f 784/784/784 785/785/785 786/786/786
f 787/787/787 784/784/784 788/788/788
f 789/789/789 790/790/790 791/791/791
f 791/791/791 792/792/792 793/793/793
f 788/788/788 790/790/790 794/794/794
f 790/790/790 786/786/786 792/792/792
f 795/795/795 796/796/796 797/797/797
f 774/774/774 798/798/798 743/743/743
f 799/799/799 783/783/783 706/706/706
f 800/800/800 801/801/801 802/802/802
f 794/794/794 803/803/803 788/788/788
f 804/804/804 795/795/795 805/805/805
f 788/788/788 806/806/806 787/787/787
f 807/807/807 808/808/808 809/809/809
f 810/810/810 811/811/811 808/808/808
f 812/812/812 807/807/807 809/809/809
f 813/813/813 814/814/814 812/812/812
f 815/815/815 813/813/813 816/816/816
f 811/811/811 815/815/815 816/816/816
f 817/817/817 818/818/818 819/819/819
f 820/820/820 817/817/817 821/821/821
f 822/822/822 823/823/823 824/824/824
f 825/825/825 822/822/822 826/826/826
f 827/827/827 828/828/828 829/829/829
f 830/830/830 831/831/831 832/832/832
f 833/833/833 834/834/834 835/835/835
f 831/831/831 836/836/836 837/837/837
f 838/838/838 839/839/839 840/840/840
f 841/841/841 842/842/842 839/839/839
f 840/840/840 843/843/843 838/838/838
f 841/841/841 844/844/844 845/845/845
f 846/846/846 841/841/841 847/847/847
f 848/848/848 840/840/840 849/849/849
f 847/847/847 839/839/839 850/850/850
f 849/849/849 839/839/839 842/842/842
f 851/851/851 852/852/852 853/853/853
f 853/853/853 844/844/844 854/854/854
f 855/855/855 404/404/404 406/406/406
f 856/856/856 854/854/854 846/846/846
f 857/857/857 858/858/858 859/859/859
f 856/856/856 860/860/860 861/861/861
f 862/862/862 863/863/863 864/864/864
f 865/865/865 866/866/866 867/867/867
f 868/868/868 869/869/869 870/870/870
f 868/868/868 871/871/871 869/869/869
f 872/872/872 873/873/873 874/874/874
f 865/865/865 875/875/875 866/866/866
f 876/876/876 877/877/877 878/878/878
f 879/879/879 880/880/880 881/881/881
f 882/882/882 883/883/883 884/884/884
f 885/885/885 886/886/886 887/887/887
f 865/865/865 888/888/888 875/875/875
f 876/876/876 889/889/889 877/877/877
f 879/879/879 890/890/890 880/880/880
f 882/882/882 891/891/891 883/883/883
f 892/892/892 893/893/893 894/894/894
f 895/895/895 896/896/896 897/897/897
f 898/898/898 899/899/899 900/900/900
f 901/901/901 902/902/902 903/903/903
f 904/904/904 905/905/905 906/906/906
f 907/907/907 908/908/908 909/909/909
f 908/908/908 910/910/910 911/911/911
f 908/908/908 911/911/911 909/909/909
f 909/909/909 911/911/911 912/912/912
f 913/913/913 914/914/914 915/915/915
f 905/905/905 916/916/916 906/906/906
f 906/906/906 916/916/916 917/917/917
f 915/915/915 914/914/914 918/918/918
f 902/902/902 919/919/919 903/903/903
f 903/903/903 919/919/919 920/920/920
f 899/899/899 921/921/921 896/896/896
f 899/899/899 896/896/896 900/900/900
f 900/900/900 896/896/896 895/895/895
f 922/922/922 910/910/910 908/908/908
f 922/922/922 908/908/908 923/923/923
f 923/923/923 908/908/908 907/907/907
f 893/893/893 907/907/907 909/909/909
f 893/893/893 909/909/909 894/894/894
f 886/886/886 924/924/924 904/904/904
f 891/891/891 904/904/904 906/906/906
f 891/891/891 906/906/906 883/883/883
f 883/883/883 906/906/906 917/917/917
f 890/890/890 901/901/901 903/903/903
f 890/890/890 903/903/903 880/880/880
f 880/880/880 903/903/903 920/920/920
f 889/889/889 898/898/898 900/900/900
f 889/889/889 900/900/900 877/877/877
f 877/877/877 900/900/900 895/895/895
f 925/925/925 895/895/895 897/897/897
f 888/888/888 923/923/923 875/875/875
f 875/875/875 923/923/923 907/907/907
f 886/886/886 904/904/904 891/891/891
f 886/886/886 891/891/891 887/887/887
f 887/887/887 891/891/891 882/882/882
f 926/926/926 901/901/901 890/890/890
f 926/926/926 890/890/890 927/927/927
f 927/927/927 890/890/890 879/879/879
f 880/880/880 920/920/920 928/928/928
f 880/880/880 928/928/928 881/881/881
f 929/929/929 889/889/889 876/876/876
f 877/877/877 895/895/895 925/925/925
f 877/877/877 925/925/925 878/878/878
f 878/878/878 925/925/925 930/930/930
f 875/875/875 907/907/907 893/893/893
f 875/875/875 893/893/893 866/866/866
f 866/866/866 893/893/893 892/892/892
f 873/873/873 885/885/885 887/887/887
f 873/873/873 887/887/887 874/874/874
f 874/874/874 887/887/887 882/882/882
f 874/874/874 882/882/882 884/884/884
f 871/871/871 927/927/927 869/869/869
f 869/869/869 927/927/927 879/879/879
f 869/869/869 879/879/879 881/881/881
f 869/869/869 881/881/881 870/870/870
f 931/931/931 929/929/929 876/876/876
f 866/866/866 892/892/892 932/932/932
f 866/866/866 932/932/932 867/867/867
f 864/864/864 933/933/933 862/862/862
f 931/931/931 876/876/876 878/878/878
f 931/931/931 878/878/878 934/934/934
f 934/934/934 878/878/878 930/930/930
f 935/935/935 936/936/936 937/937/937
f 938/938/938 936/936/936 939/939/939
f 940/940/940 941/941/941 938/938/938
f 942/942/942 943/943/943 940/940/940
f 944/944/944 945/945/945 946/946/946
f 947/947/947 391/391/391 945/945/945
f 948/948/948 949/949/949 950/950/950
f 951/951/951 952/952/952 949/949/949
f 952/952/952 953/953/953 954/954/954
f 955/955/955 956/956/956 957/957/957
f 958/958/958 959/959/959 960/960/960
f 959/959/959 961/961/961 962/962/962
f 963/963/963 964/964/964 965/965/965
f 966/966/966 967/967/967 968/968/968
f 859/859/859 410/410/410 969/969/969
f 859/859/859 408/408/408 410/410/410
f 1/1/1 24/24/24 2/2/2
f 4/4/4 107/107/107 5/5/5
f 2/2/2 25/25/25 7/7/7
f 9/9/9 21/21/21 10/10/10
f 12/12/12 970/970/970 13/13/13
f 14/14/14 13/13/13 15/15/15
f 17/17/17 503/503/503 18/18/18
f 20/20/20 971/971/971 21/21/21
f 22/22/22 6/6/6 5/5/5
f 24/24/24 972/972/972 25/25/25
f 26/26/26 102/102/102 27/27/27
f 11/11/11 10/10/10 29/29/29
f 31/31/31 91/91/91 32/32/32
f 3/3/3 2/2/2 8/8/8
f 35/35/35 29/29/29 36/36/36
f 38/38/38 42/42/42 39/39/39
f 41/41/41 30/30/30 29/29/29
f 28/28/28 27/27/27 42/42/42
f 43/43/43 973/973/973 44/44/44
f 46/46/46 47/47/47 45/45/45
f 47/47/47 974/974/974 48/48/48
f 49/49/49 975/975/975 50/50/50
f 51/51/51 50/50/50 52/52/52
f 15/15/15 13/13/13 54/54/54
f 56/56/56 75/75/75 66/66/66
f 71/71/71 976/976/976 72/72/72
f 56/56/56 58/58/58 74/74/74
f 76/76/76 977/977/977 77/77/77
f 64/64/64 65/65/65 79/79/79
f 64/64/64 80/80/80 81/81/81
f 61/61/61 978/978/978 82/82/82
f 85/85/85 979/979/979 980/980/980
f 980/980/980 981/981/981 85/85/85
f 981/981/981 83/83/83 85/85/85
f 77/77/77 982/982/982 86/86/86
f 81/81/81 80/80/80 87/87/87
f 74/74/74 983/983/983 89/89/89
f 75/75/75 89/89/89 90/90/90
f 79/79/79 984/984/984 87/87/87
f 91/91/91 31/31/31 30/30/30
f 31/31/31 100/100/100 11/11/11
f 92/92/92 20/20/20 9/9/9
f 94/94/94 503/503/503 17/17/17
f 96/96/96 14/14/14 16/16/16
f 98/98/98 91/91/91 41/41/41
f 93/93/93 9/9/9 11/11/11
f 101/101/101 42/42/42 27/27/27
f 103/103/103 39/39/39 42/42/42
f 104/104/104 103/103/103 101/101/101
f 105/105/105 101/101/101 102/102/102
f 105/105/105 106/106/106 23/23/23
f 107/107/107 104/104/104 105/105/105
f 26/26/26 985/985/985 106/106/106
f 182/182/182 986/986/986 183/183/183
f 185/185/185 987/987/987 186/186/186
f 188/188/188 988/988/988 189/189/189
f 191/191/191 203/203/203 192/192/192
f 194/194/194 211/211/211 195/195/195
f 190/190/190 182/182/182 184/184/184
f 197/197/197 989/989/989 198/198/198
f 192/192/192 204/204/204 200/200/200
f 202/202/202 990/990/990 199/199/199
f 203/203/203 991/991/991 204/204/204
f 205/205/205 224/224/224 206/206/206
f 187/187/187 186/186/186 208/208/208
f 193/193/193 992/992/992 210/210/210
f 211/211/211 205/205/205 207/207/207
f 212/212/212 993/993/993 213/213/213
f 189/189/189 988/988/988 212/212/212
f 208/208/208 221/221/221 215/215/215
f 210/210/210 992/992/992 216/216/216
f 218/218/218 994/994/994 219/219/219
f 221/221/221 995/995/995 222/222/222
f 223/223/223 996/996/996 220/220/220
f 224/224/224 997/997/997 225/225/225
f 226/226/226 258/258/258 227/227/227
f 229/229/229 998/998/998 230/230/230
f 232/232/232 999/999/999 233/233/233
f 235/235/235 1000/1000/1000 236/236/236
f 238/238/238 1001/1001/1001 239/239/239
f 237/237/237 236/236/236 241/241/241
f 234/234/234 233/233/233 243/243/243
f 227/227/227 259/259/259 245/245/245
f 228/228/228 227/227/227 246/246/246
f 229/229/229 231/231/231 248/248/248
f 250/250/250 237/237/237 242/242/242
f 240/240/240 239/239/239 252/252/252
f 254/254/254 1002/1002/1002 255/255/255
f 257/257/257 235/235/235 237/237/237
f 258/258/258 1003/1003/1003 259/259/259
f 260/260/260 278/278/278 261/261/261
f 263/263/263 269/269/269 264/264/264
f 266/266/266 270/270/270 267/267/267
f 263/263/263 268/268/268 267/267/267
f 266/266/266 260/260/260 262/262/262
f 271/271/271 257/257/257 250/250/250
f 273/273/273 253/253/253 252/252/252
f 275/275/275 272/272/272 250/250/250
f 234/234/234 244/244/244 276/276/276
f 265/265/265 264/264/264 261/261/261
f 253/253/253 273/273/273 279/279/279
f 275/275/275 251/251/251 281/281/281
f 283/283/283 291/291/291 284/284/284
f 286/286/286 1004/1004/1004 287/287/287
f 243/243/243 1005/1005/1005 289/289/289
f 290/290/290 1006/1006/1006 284/284/284
f 242/242/242 1007/1007/1007 281/281/281
f 292/292/292 1008/1008/1008 293/293/293
f 295/295/295 1009/1009/1009 296/296/296
f 298/298/298 1010/1010/1010 299/299/299
f 301/301/301 1011/1011/1011 302/302/302
f 304/304/304 1012/1012/1012 305/305/305
f 307/307/307 300/300/300 299/299/299
f 297/297/297 296/296/296 309/309/309
f 311/311/311 294/294/294 293/293/293
f 259/259/259 343/343/343 313/313/313
f 277/277/277 276/276/276 314/314/314
f 280/280/280 279/279/279 316/316/316
f 280/280/280 317/317/317 318/318/318
f 320/320/320 277/277/277 315/315/315
f 319/319/319 318/318/318 322/322/322
f 253/253/253 280/280/280 319/319/319
f 232/232/232 234/234/234 277/277/277
f 324/324/324 1013/1013/1013 325/325/325
f 240/240/240 319/319/319 323/323/323
f 327/327/327 337/337/337 328/328/328
f 327/327/327 329/329/329 330/330/330
f 332/332/332 335/335/335 333/333/333
f 335/335/335 1014/1014/1014 336/336/336
f 333/333/333 327/327/327 331/331/331
f 333/333/333 336/336/336 337/337/337
f 338/338/338 1015/1015/1015 339/339/339
f 276/276/276 1016/1016/1016 341/341/341
f 259/259/259 1003/1003/1003 342/342/342
f 325/325/325 1017/1017/1017 344/344/344
f 326/326/326 344/344/344 345/345/345
f 334/334/334 331/331/331 347/347/347
f 338/338/338 340/340/340 349/349/349
f 331/331/331 330/330/330 351/351/351
f 352/352/352 356/356/356 353/353/353
f 355/355/355 363/363/363 356/356/356
f 357/357/357 354/354/354 353/353/353
f 359/359/359 357/357/357 358/358/358
f 359/359/359 360/360/360 361/361/361
f 355/355/355 362/362/362 361/361/361
f 364/364/364 1018/1018/1018 365/365/365
f 364/364/364 366/366/366 367/367/367
f 369/369/369 1019/1019/1019 370/370/370
f 369/369/369 371/371/371 372/372/372
f 374/374/374 1020/1020/1020 375/375/375
f 377/377/377 384/384/384 378/378/378
f 380/380/380 1021/1021/1021 381/381/381
f 377/377/377 1022/1022/1022 383/383/383
f 385/385/385 399/399/399 386/386/386
f 388/388/388 1023/1023/1023 389/389/389
f 390/390/390 945/945/945 391/391/391
f 389/389/389 1023/1023/1023 393/393/393
f 389/389/389 394/394/394 395/395/395
f 390/390/390 392/392/392 397/397/397
f 385/385/385 389/389/389 396/396/396
f 400/400/400 388/388/388 385/385/385
f 401/401/401 1024/1024/1024 402/402/402
f 393/393/393 401/401/401 403/403/403
f 404/404/404 1025/1025/1025 405/405/405
f 394/394/394 1026/1026/1026 407/407/407
f 408/408/408 1027/1027/1027 409/409/409
f 407/407/407 1026/1026/1026 411/411/411
f 489/489/489 507/507/507 490/490/490
f 492/492/492 107/107/107 4/4/4
f 7/7/7 25/25/25 489/489/489
f 495/495/495 1028/1028/1028 496/496/496
f 498/498/498 1029/1029/1029 499/499/499
f 15/15/15 530/530/530 501/501/501
f 502/502/502 1030/1030/1030 18/18/18
f 504/504/504 1030/1030/1030 502/502/502
f 506/506/506 513/513/513 492/492/492
f 25/25/25 972/972/972 507/507/507
f 508/508/508 574/574/574 509/509/509
f 511/511/511 519/519/519 495/495/495
f 512/512/512 575/575/575 513/513/513
f 494/494/494 489/489/489 491/491/491
f 515/515/515 1031/1031/1031 516/516/516
f 39/39/39 520/520/520 518/518/518
f 499/499/499 1029/1029/1029 519/519/519
f 520/520/520 508/508/508 510/510/510
f 521/521/521 524/524/524 522/522/522
f 524/524/524 526/526/526 525/525/525
f 48/48/48 974/974/974 526/526/526
f 527/527/527 975/975/975 49/49/49
f 516/516/516 527/527/527 528/528/528
f 15/15/15 55/55/55 529/529/529
f 541/541/541 563/563/563 531/531/531
f 546/546/546 1032/1032/1032 547/547/547
f 531/531/531 563/563/563 549/549/549
f 543/543/543 559/559/559 550/550/550
f 538/538/538 561/561/561 551/551/551
f 552/552/552 561/561/561 538/538/538
f 548/548/548 547/547/547 553/553/553
f 556/556/556 1033/1033/1033 557/557/557
f 557/557/557 1034/1034/1034 1035/1035/1035
f 1035/1035/1035 555/555/555 557/557/557
f 558/558/558 1036/1036/1036 550/550/550
f 552/552/552 1037/1037/1037 560/560/560
f 562/562/562 1038/1038/1038 549/549/549
f 541/541/541 1039/1039/1039 562/562/562
f 560/560/560 1040/1040/1040 551/551/551
f 564/564/564 499/499/499 511/511/511
f 565/565/565 511/511/511 497/497/497
f 505/505/505 502/502/502 567/567/567
f 502/502/502 503/503/503 94/94/94
f 16/16/16 501/501/501 569/569/569
f 570/570/570 500/500/500 499/499/499
f 497/497/497 496/496/496 571/571/571
f 572/572/572 574/574/574 508/508/508
f 103/103/103 572/572/572 520/520/520
f 104/104/104 573/573/573 572/572/572
f 573/573/573 575/575/575 574/574/574
f 513/513/513 575/575/575 573/573/573
f 107/107/107 492/492/492 573/573/573
f 509/509/509 574/574/574 575/575/575
f 656/656/656 1041/1041/1041 657/657/657
f 659/659/659 1042/1042/1042 660/660/660
f 662/662/662 658/658/658 657/657/657
f 664/664/664 1043/1043/1043 665/665/665
f 667/667/667 1044/1044/1044 668/668/668
f 670/670/670 667/667/667 669/669/669
f 672/672/672 1045/1045/1045 673/673/673
f 675/675/675 1046/1046/1046 676/676/676
f 659/659/659 661/661/661 678/678/678
f 666/666/666 665/665/665 680/680/680
f 682/682/682 1047/1047/1047 683/683/683
f 677/677/677 676/676/676 685/685/685
f 670/670/670 671/671/671 687/687/687
f 686/686/686 685/685/685 689/689/689
f 691/691/691 1048/1048/1048 692/692/692
f 694/694/694 1049/1049/1049 695/695/695
f 697/697/697 1050/1050/1050 698/698/698
f 694/694/694 696/696/696 700/700/700
f 702/702/702 1051/1051/1051 699/699/699
f 684/684/684 662/662/662 663/663/663
f 674/674/674 673/673/673 688/688/688
f 703/703/703 690/690/690 689/689/689
f 705/705/705 1052/1052/1052 706/706/706
f 708/708/708 1053/1053/1053 709/709/709
f 236/236/236 1000/1000/1000 711/711/711
f 713/713/713 1001/1001/1001 714/714/714
f 716/716/716 236/236/236 712/712/712
f 718/718/718 1054/1054/1054 719/719/719
f 721/721/721 1052/1052/1052 705/705/705
f 717/717/717 712/712/712 723/723/723
f 725/725/725 741/741/741 713/713/713
f 726/726/726 1055/1055/1055 707/707/707
f 712/712/712 711/711/711 728/728/728
f 729/729/729 1056/1056/1056 730/730/730
f 732/732/732 1057/1057/1057 733/733/733
f 735/735/735 738/738/738 736/736/736
f 733/733/733 1057/1057/1057 735/735/735
f 738/738/738 1056/1056/1056 729/729/729
f 723/723/723 728/728/728 739/739/739
f 709/709/709 1053/1053/1053 741/741/741
f 742/742/742 724/724/724 723/723/723
f 719/719/719 773/773/773 743/743/743
f 730/730/730 732/732/732 734/734/734
f 725/725/725 775/775/775 744/744/744
f 742/742/742 1058/1058/1058 745/745/745
f 746/746/746 1059/1059/1059 747/747/747
f 749/749/749 1060/1060/1060 750/750/750
f 752/752/752 1061/1061/1061 718/718/718
f 747/747/747 1062/1062/1062 753/753/753
f 745/745/745 1063/1063/1063 717/717/717
f 754/754/754 1064/1064/1064 755/755/755
f 757/757/757 1065/1065/1065 758/758/758
f 760/760/760 1066/1066/1066 761/761/761
f 763/763/763 1067/1067/1067 764/764/764
f 766/766/766 1068/1068/1068 767/767/767
f 769/769/769 1069/1069/1069 760/760/760
f 770/770/770 757/757/757 759/759/759
f 772/772/772 1070/1070/1070 754/754/754
f 773/773/773 1071/1071/1071 774/774/774
f 775/775/775 1072/1072/1072 776/776/776
f 777/777/777 1072/1072/1072 775/775/775
f 744/744/744 776/776/776 779/779/779
f 781/781/781 777/777/777 778/778/778
f 778/778/778 775/775/775 725/725/725
f 709/709/709 744/744/744 780/780/780
f 707/707/707 706/706/706 783/783/783
f 782/782/782 778/778/778 715/715/715
f 784/784/784 1073/1073/1073 785/785/785
f 787/787/787 1073/1073/1073 784/784/784
f 789/789/789 794/794/794 790/790/790
f 791/791/791 790/790/790 792/792/792
f 788/788/788 784/784/784 790/790/790
f 790/790/790 784/784/784 786/786/786
f 795/795/795 1074/1074/1074 796/796/796
f 774/774/774 1075/1075/1075 798/798/798
f 799/799/799 1076/1076/1076 783/783/783
f 800/800/800 1077/1077/1077 801/801/801
f 794/794/794 1078/1078/1078 803/803/803
f 804/804/804 1074/1074/1074 795/795/795
f 788/788/788 803/803/803 806/806/806
f 807/807/807 810/810/810 808/808/808
f 810/810/810 1079/1079/1079 811/811/811
f 812/812/812 814/814/814 807/807/807
f 813/813/813 1080/1080/1080 814/814/814
f 815/815/815 1080/1080/1080 813/813/813
f 811/811/811 1079/1079/1079 815/815/815
f 817/817/817 1081/1081/1081 818/818/818
f 820/820/820 1081/1081/1081 817/817/817
f 822/822/822 1082/1082/1082 823/823/823
f 825/825/825 1082/1082/1082 822/822/822
f 827/827/827 1083/1083/1083 828/828/828
f 830/830/830 1084/1084/1084 831/831/831
f 833/833/833 1085/1085/1085 834/834/834
f 831/831/831 1084/1084/1084 836/836/836
f 838/838/838 850/850/850 839/839/839
f 841/841/841 845/845/845 842/842/842
f 840/840/840 1086/1086/1086 843/843/843
f 841/841/841 854/854/854 844/844/844
f 846/846/846 854/854/854 841/841/841
f 848/848/848 1086/1086/1086 840/840/840
f 847/847/847 841/841/841 839/839/839
f 849/849/849 840/840/840 839/839/839
f 851/851/851 1087/1087/1087 852/852/852
f 853/853/853 852/852/852 844/844/844
f 855/855/855 1088/1088/1088 404/404/404
f 856/856/856 861/861/861 854/854/854
f 857/857/857 1089/1089/1089 858/858/858
f 856/856/856 1090/1090/1090 860/860/860
f 935/935/935 939/939/939 936/936/936
f 938/938/938 941/941/941 936/936/936
f 940/940/940 943/943/943 941/941/941
f 940/940/940 1091/1091/1091 1092/1092/1092
f 942/942/942 1093/1093/1093 943/943/943
f 940/940/940 1092/1092/1092 942/942/942
f 944/944/944 947/947/947 945/945/945
f 947/947/947 1094/1094/1094 391/391/391
f 948/948/948 951/951/951 949/949/949
f 951/951/951 1095/1095/1095 952/952/952
f 952/952/952 1095/1095/1095 953/953/953
f 955/955/955 1096/1096/1096 956/956/956
f 958/958/958 1097/1097/1097 959/959/959
f 962/962/962 1098/1098/1098 960/960/960
f 960/960/960 959/959/959 962/962/962
f 1099/1099/1099 1100/1100/1100 963/963/963
f 963/963/963 1101/1101/1101 964/964/964
f 964/964/964 1102/1102/1102 965/965/965
f 965/965/965 1099/1099/1099 963/963/963
f 966/966/966 1103/1103/1103 967/967/967
f 410/410/410 409/409/409 969/969/969
f 969/969/969 1104/1104/1104 859/859/859
f 1104/1104/1104 857/857/857 859/859/859
f 859/859/859 858/858/858 408/408/408
