# Death -- imported by tools/import_asset_pack.py from Skull.fbx
o __pending__
v -1.476209 -0.033674 0.076027
v -1.528801 -0.020499 0.089547
v -1.476209 -0.015878 0.077073
v -1.476209 -0.015878 0.077073
v -1.521652 -0.021268 0.102632
v -1.469059 -0.016648 0.090158
v -1.521652 -0.021268 0.102632
v -1.469059 -0.034443 0.089112
v -1.469059 -0.016648 0.090158
v -1.521652 -0.035190 0.101814
v -1.476209 -0.033674 0.076027
v -1.469059 -0.034443 0.089112
v -1.456475 -0.017228 0.069958
v -1.447157 -0.036376 0.085945
v -1.456475 -0.035373 0.068891
v -1.521652 -0.021268 0.102632
v -1.528801 -0.034420 0.088729
v -1.521652 -0.035190 0.101814
v -1.456475 -0.035373 0.068891
v -1.447157 -0.036376 0.085945
v -1.447157 -0.018231 0.087012
v -1.447157 -0.036376 0.085945
v -1.456475 -0.017228 0.069958
v -1.447157 -0.018231 0.087012
v -1.456475 -0.017228 0.069958
v -1.456475 -0.035373 0.068891
v -1.546434 -0.034671 0.092987
v -1.526878 -0.017862 0.086614
v -1.526878 -0.036696 0.085507
v -1.517205 -0.018902 0.104316
v -1.526878 -0.036696 0.085507
v -1.526878 -0.017862 0.086614
v -1.539285 -0.035440 0.106072
v -1.526878 -0.036696 0.085507
v -1.517205 -0.037736 0.103209
v -1.573258 -0.032888 0.111759
v -1.546434 -0.034671 0.092987
v -1.577813 -0.022293 0.104016
v -1.546434 -0.016875 0.094034
v -1.591877 -0.036187 0.118774
v -1.577813 -0.032397 0.103422
v -1.577813 -0.032397 0.103422
v -1.599026 -0.021496 0.106507
v -1.546434 -0.016875 0.094034
v -1.573258 -0.022783 0.112353
v -1.539285 -0.017645 0.107119
v -1.577813 -0.022293 0.104016
v -1.591877 -0.022265 0.119592
v -1.573258 -0.022783 0.112353
v -1.539285 -0.035440 0.106072
v -1.539285 -0.017645 0.107119
v -1.591877 -0.022265 0.119592
v -1.573258 -0.032888 0.111759
v -1.591877 -0.022265 0.119592
v -1.599026 -0.035417 0.105689
v -1.591877 -0.036187 0.118774
v -1.526878 -0.017862 0.086614
v -1.517205 -0.018902 0.104316
v -1.517205 -0.018902 0.104316
v -1.517205 -0.037736 0.103209
v -1.593810 -0.020384 0.112379
v -1.590068 -0.033406 0.118485
v -1.597552 -0.032601 0.104788
v -1.593810 -0.020384 0.112379
v -1.689375 -0.030154 0.134964
v -1.590068 -0.033406 0.118485
v -1.597552 -0.032601 0.104788
v -1.689375 -0.030154 0.134964
v -1.593810 -0.020384 0.112379
v -1.590068 -0.033406 0.118485
v -1.689375 -0.030154 0.134964
v -1.597552 -0.032601 0.104788
v -1.480592 -0.034099 0.032438
v -1.453422 -0.008923 0.034351
v -1.453704 -0.035492 0.032845
v -1.457043 -0.010464 0.061381
v -1.453704 -0.035492 0.032845
v -1.453422 -0.008923 0.034351
v -1.457344 -0.037146 0.059692
v -1.480592 -0.034099 0.032438
v -1.453704 -0.035492 0.032845
v -1.483225 -0.035541 0.056542
v -1.539668 -0.033051 0.029431
v -1.539788 -0.010764 0.030694
v -1.480236 -0.005841 0.034317
v -1.480236 -0.005841 0.034317
v -1.457043 -0.010464 0.061381
v -1.453422 -0.008923 0.034351
v -1.539788 -0.010764 0.030694
v -1.482924 -0.007240 0.058053
v -1.457043 -0.010464 0.061381
v -1.483225 -0.035541 0.056542
v -1.457344 -0.037146 0.059692
v -1.542756 -0.012129 0.053008
v -1.482924 -0.007240 0.058053
v -1.539788 -0.010764 0.030694
v -1.542640 -0.034294 0.051686
v -1.542756 -0.012129 0.053008
v -1.555467 -0.033771 0.027640
v -1.527793 -0.008247 0.029189
v -1.528076 -0.035557 0.027642
v -1.531523 -0.009829 0.056961
v -1.528076 -0.035557 0.027642
v -1.527793 -0.008247 0.029189
v -1.531825 -0.037256 0.055226
v -1.555467 -0.033771 0.027640
v -1.528076 -0.035557 0.027642
v -1.558136 -0.035225 0.051643
v -1.588883 -0.030963 0.028124
v -1.589289 -0.010564 0.029306
v -1.555060 -0.005590 0.029487
v -1.590761 -0.032079 0.047275
v -1.613432 -0.033035 0.024432
v -1.588883 -0.030963 0.028124
v -1.613592 -0.010214 0.025710
v -1.589289 -0.010564 0.029306
v -1.557778 -0.006974 0.053186
v -1.555060 -0.005590 0.029487
v -1.613592 -0.010214 0.025710
v -1.591175 -0.011660 0.048407
v -1.591175 -0.011660 0.048407
v -1.558136 -0.035225 0.051643
v -1.557778 -0.006974 0.053186
v -1.616630 -0.011624 0.048527
v -1.590761 -0.032079 0.047275
v -1.613592 -0.010214 0.025710
v -1.616481 -0.034290 0.047164
v -1.616630 -0.011624 0.048527
v -1.531523 -0.009829 0.056961
v -1.527793 -0.008247 0.029189
v -1.531523 -0.009829 0.056961
v -1.531825 -0.037256 0.055226
v -1.605488 -0.007664 0.037806
v -1.607170 -0.030311 0.049165
v -1.603824 -0.028722 0.024073
v -1.605488 -0.007664 0.037806
v -1.717875 -0.021801 0.029626
v -1.607170 -0.030311 0.049165
v -1.603824 -0.028722 0.024073
v -1.717875 -0.021801 0.029626
v -1.605488 -0.007664 0.037806
v -1.607170 -0.030311 0.049165
v -1.717875 -0.021801 0.029626
v -1.603824 -0.028722 0.024073
v -1.456052 -0.021685 0.002007
v -1.435493 -0.005997 0.008820
v -1.435493 -0.024142 0.007754
v -1.435493 -0.005997 0.008820
v -1.449715 -0.025053 0.023240
v -1.435493 -0.024142 0.007754
v -1.449715 -0.025053 0.023240
v -1.456052 -0.021685 0.002007
v -1.435493 -0.024142 0.007754
v -1.466964 -0.022384 0.013888
v -1.503808 -0.020546 -0.017379
v -1.503808 -0.006624 -0.016561
v -1.456052 -0.003890 0.003053
v -1.456052 -0.003890 0.003053
v -1.449715 -0.006908 0.024307
v -1.435493 -0.005997 0.008820
v -1.503808 -0.006624 -0.016561
v -1.466964 -0.004589 0.014935
v -1.449715 -0.006908 0.024307
v -1.466964 -0.022384 0.013888
v -1.449715 -0.025053 0.023240
v -1.514720 -0.007323 -0.004679
v -1.466964 -0.004589 0.014935
v -1.503808 -0.006624 -0.016561
v -1.514720 -0.021244 -0.005498
v -1.514720 -0.007323 -0.004679
v -1.519820 -0.020163 -0.023879
v -1.498991 -0.004114 -0.017339
v -1.498991 -0.022947 -0.018446
v -1.513754 -0.005059 -0.001265
v -1.498991 -0.022947 -0.018446
v -1.498991 -0.004114 -0.017339
v -1.513754 -0.023893 -0.002372
v -1.519820 -0.020163 -0.023879
v -1.498991 -0.022947 -0.018446
v -1.530732 -0.020862 -0.011997
v -1.551472 -0.016705 -0.033599
v -1.551472 -0.006600 -0.033005
v -1.519820 -0.002368 -0.022833
v -1.558425 -0.017150 -0.026028
v -1.567577 -0.019024 -0.043265
v -1.551472 -0.016705 -0.033599
v -1.567577 -0.005102 -0.042447
v -1.551472 -0.006600 -0.033005
v -1.530732 -0.003067 -0.010951
v -1.519820 -0.002368 -0.022833
v -1.567577 -0.005102 -0.042447
v -1.558425 -0.007046 -0.025434
v -1.558425 -0.007046 -0.025434
v -1.530732 -0.020862 -0.011997
v -1.530732 -0.003067 -0.010951
v -1.578489 -0.005801 -0.030565
v -1.558425 -0.017150 -0.026028
v -1.578489 -0.005801 -0.030565
v -1.567577 -0.019024 -0.043265
v -1.578489 -0.019722 -0.031383
v -1.513754 -0.005059 -0.001265
v -1.498991 -0.004114 -0.017339
v -1.513754 -0.005059 -0.001265
v -1.513754 -0.023893 -0.002372
v -1.571119 -0.004021 -0.036040
v -1.576831 -0.017007 -0.030563
v -1.565409 -0.016276 -0.043001
v -1.571119 -0.004021 -0.036040
v -1.657897 -0.010363 -0.071761
v -1.576831 -0.017007 -0.030563
v -1.565409 -0.016276 -0.043001
v -1.657897 -0.010363 -0.071761
v -1.571119 -0.004021 -0.036040
v -1.576831 -0.017007 -0.030563
v -1.657897 -0.010363 -0.071761
v -1.565409 -0.016276 -0.043001
v -1.474169 -0.033934 -0.046482
v -1.450130 -0.008758 -0.033677
v -1.449774 -0.035327 -0.035167
v -1.464439 -0.010299 -0.010461
v -1.449774 -0.035327 -0.035167
v -1.450130 -0.008758 -0.033677
v -1.464026 -0.036981 -0.012126
v -1.474169 -0.033934 -0.046482
v -1.449774 -0.035327 -0.035167
v -1.486384 -0.035376 -0.025537
v -1.526906 -0.032886 -0.073274
v -1.527530 -0.010599 -0.072169
v -1.474608 -0.005676 -0.044621
v -1.474608 -0.005676 -0.044621
v -1.464439 -0.010299 -0.010461
v -1.450130 -0.008758 -0.033677
v -1.527530 -0.010599 -0.072169
v -1.486724 -0.007075 -0.024035
v -1.464439 -0.010299 -0.010461
v -1.486384 -0.035376 -0.025537
v -1.464026 -0.036981 -0.012126
v -1.539323 -0.011964 -0.052995
v -1.486724 -0.007075 -0.024035
v -1.527530 -0.010599 -0.072169
v -1.538679 -0.034130 -0.054155
v -1.539323 -0.011964 -0.052995
v -1.540609 -0.033607 -0.081340
v -1.515961 -0.008082 -0.068661
v -1.515590 -0.035392 -0.070190
v -1.530671 -0.009665 -0.044812
v -1.515590 -0.035392 -0.070190
v -1.515961 -0.008082 -0.068661
v -1.530241 -0.037091 -0.046520
v -1.540609 -0.033607 -0.081340
v -1.515590 -0.035392 -0.070190
v -1.552816 -0.035060 -0.060501
v -1.571329 -0.030798 -0.094499
v -1.572181 -0.010400 -0.093584
v -1.540989 -0.005425 -0.079487
v -1.580839 -0.031914 -0.077770
v -1.592250 -0.032870 -0.107862
v -1.571329 -0.030798 -0.094499
v -1.592916 -0.010049 -0.106760
v -1.572181 -0.010400 -0.093584
v -1.553117 -0.006809 -0.058947
v -1.540989 -0.005425 -0.079487
v -1.592916 -0.010049 -0.106760
v -1.581678 -0.011495 -0.076905
v -1.581678 -0.011495 -0.076905
v -1.552816 -0.035060 -0.060501
v -1.553117 -0.006809 -0.058947
v -1.604977 -0.011459 -0.087155
v -1.580839 -0.031914 -0.077770
v -1.592916 -0.010049 -0.106760
v -1.604287 -0.034126 -0.088340
v -1.604977 -0.011459 -0.087155
v -1.530671 -0.009665 -0.044812
v -1.515961 -0.008082 -0.068661
v -1.530671 -0.009665 -0.044812
v -1.530241 -0.037091 -0.046520
v -1.590437 -0.007499 -0.092413
v -1.596597 -0.030147 -0.082722
v -1.583327 -0.028557 -0.104280
v -1.590437 -0.007499 -0.092413
v -1.689764 -0.021637 -0.145627
v -1.596597 -0.030147 -0.082722
v -1.583327 -0.028557 -0.104280
v -1.689764 -0.021637 -0.145627
v -1.590437 -0.007499 -0.092413
v -1.596597 -0.030147 -0.082722
v -1.689764 -0.021637 -0.145627
v -1.583327 -0.028557 -0.104280
v -1.457240 -0.030066 0.130578
v -1.436395 -0.022301 0.094391
v -1.443818 -0.010127 0.098584
v -1.469202 -0.049835 0.180734
v -1.449818 -0.042240 0.126386
v -1.465331 -0.041134 0.124840
v -1.469202 -0.049835 0.180734
v -1.457240 -0.030066 0.130578
v -1.451908 -0.021195 0.092846
v -1.443818 -0.010127 0.098584
v -1.436395 -0.022301 0.094391
v -1.451908 -0.021195 0.092846
v -1.449818 -0.042240 0.126386
v -1.451908 -0.021195 0.092846
v -1.436395 -0.022301 0.094391
v -1.469202 -0.049835 0.180734
v -1.465331 -0.041134 0.124840
v -1.379275 -0.017228 0.069958
v -1.359541 -0.033674 0.076027
v -1.379275 -0.035373 0.068891
v -1.379275 -0.017228 0.069958
v -1.388593 -0.036376 0.085945
v -1.388593 -0.018231 0.087012
v -1.379275 -0.035373 0.068891
v -1.366691 -0.034443 0.089112
v -1.388593 -0.036376 0.085945
v -1.359541 -0.033674 0.076027
v -1.314098 -0.035190 0.101814
v -1.306949 -0.020499 0.089547
v -1.306949 -0.034420 0.088729
v -1.379275 -0.017228 0.069958
v -1.366691 -0.016648 0.090158
v -1.359541 -0.015878 0.077074
v -1.314098 -0.021268 0.102632
v -1.306949 -0.020499 0.089547
v -1.388593 -0.018231 0.087012
v -1.366691 -0.034443 0.089112
v -1.366691 -0.016648 0.090158
v -1.314098 -0.021268 0.102632
v -1.314098 -0.021268 0.102632
v -1.306949 -0.034420 0.088729
v -1.306949 -0.020499 0.089547
v -1.308872 -0.017862 0.086614
v -1.289316 -0.034671 0.092987
v -1.308872 -0.036696 0.085507
v -1.308872 -0.036696 0.085507
v -1.318544 -0.018902 0.104316
v -1.308872 -0.017862 0.086614
v -1.308872 -0.036696 0.085507
v -1.296465 -0.035440 0.106072
v -1.318544 -0.037736 0.103209
v -1.289316 -0.034671 0.092987
v -1.262492 -0.032888 0.111759
v -1.257936 -0.022293 0.104016
v -1.257936 -0.032397 0.103422
v -1.257936 -0.032397 0.103422
v -1.243873 -0.036187 0.118774
v -1.236723 -0.021496 0.106507
v -1.236723 -0.035417 0.105689
v -1.289316 -0.016875 0.094034
v -1.262492 -0.022783 0.112353
v -1.257936 -0.022293 0.104016
v -1.243873 -0.022265 0.119592
v -1.236723 -0.021496 0.106507
v -1.296465 -0.035440 0.106072
v -1.262492 -0.022783 0.112353
v -1.296465 -0.017645 0.107119
v -1.262492 -0.032888 0.111759
v -1.243873 -0.022265 0.119592
v -1.243873 -0.022265 0.119592
v -1.236723 -0.035417 0.105689
v -1.236723 -0.021496 0.106507
v -1.308872 -0.017862 0.086614
v -1.296465 -0.017645 0.107119
v -1.318544 -0.018902 0.104316
v -1.241939 -0.020384 0.112379
v -1.238197 -0.032601 0.104788
v -1.245681 -0.033406 0.118485
v -1.241939 -0.020384 0.112379
v -1.245681 -0.033406 0.118485
v -1.146374 -0.030154 0.134964
v -1.238197 -0.032601 0.104788
v -1.241939 -0.020384 0.112379
v -1.146374 -0.030154 0.134964
v -1.245681 -0.033406 0.118485
v -1.238197 -0.032601 0.104788
v -1.146374 -0.030154 0.134964
v -1.382328 -0.008923 0.034351
v -1.355157 -0.034099 0.032438
v -1.382046 -0.035492 0.032845
v -1.382046 -0.035492 0.032845
v -1.378707 -0.010464 0.061381
v -1.382328 -0.008923 0.034351
v -1.378406 -0.037146 0.059692
v -1.355157 -0.034099 0.032438
v -1.352525 -0.035541 0.056542
v -1.296082 -0.033051 0.029431
v -1.293109 -0.034294 0.051686
v -1.295961 -0.010764 0.030694
v -1.296082 -0.033051 0.029431
v -1.378707 -0.010464 0.061381
v -1.355514 -0.005841 0.034317
v -1.382328 -0.008923 0.034351
v -1.352826 -0.007240 0.058053
v -1.295961 -0.010764 0.030694
v -1.378707 -0.010464 0.061381
v -1.352525 -0.035541 0.056542
v -1.352826 -0.007240 0.058053
v -1.292994 -0.012129 0.053008
v -1.293109 -0.034294 0.051686
v -1.295961 -0.010764 0.030694
v -1.292994 -0.012129 0.053008
v -1.307957 -0.008247 0.029189
v -1.280283 -0.033771 0.027640
v -1.307674 -0.035557 0.027642
v -1.307674 -0.035557 0.027642
v -1.304227 -0.009829 0.056961
v -1.307957 -0.008247 0.029189
v -1.303925 -0.037256 0.055226
v -1.280283 -0.033771 0.027640
v -1.277614 -0.035225 0.051643
v -1.246867 -0.030963 0.028124
v -1.244989 -0.032079 0.047275
v -1.246460 -0.010564 0.029306
v -1.246867 -0.030963 0.028124
v -1.222317 -0.033035 0.024432
v -1.219269 -0.034290 0.047164
v -1.222157 -0.010214 0.025710
v -1.222317 -0.033035 0.024432
v -1.277971 -0.006974 0.053186
v -1.246460 -0.010564 0.029306
v -1.280690 -0.005590 0.029487
v -1.244574 -0.011660 0.048407
v -1.222157 -0.010214 0.025710
v -1.277614 -0.035225 0.051643
v -1.244574 -0.011660 0.048407
v -1.277971 -0.006974 0.053186
v -1.244989 -0.032079 0.047275
v -1.219120 -0.011624 0.048527
v -1.219269 -0.034290 0.047164
v -1.222157 -0.010214 0.025710
v -1.219120 -0.011624 0.048527
v -1.304227 -0.009829 0.056961
v -1.307957 -0.008247 0.029189
v -1.304227 -0.009829 0.056961
v -1.230261 -0.007664 0.037806
v -1.231926 -0.028722 0.024073
v -1.228579 -0.030311 0.049165
v -1.230261 -0.007664 0.037806
v -1.228579 -0.030311 0.049165
v -1.117875 -0.021801 0.029626
v -1.231926 -0.028722 0.024073
v -1.230261 -0.007664 0.037806
v -1.117875 -0.021801 0.029626
v -1.228579 -0.030311 0.049165
v -1.231926 -0.028722 0.024073
v -1.117875 -0.021801 0.029626
v -1.400257 -0.005997 0.008820
v -1.379698 -0.021685 0.002007
v -1.400257 -0.024142 0.007754
v -1.400257 -0.024142 0.007754
v -1.386035 -0.006908 0.024307
v -1.400257 -0.005997 0.008820
v -1.386035 -0.025053 0.023240
v -1.379698 -0.021685 0.002007
v -1.368786 -0.022384 0.013888
v -1.331941 -0.020546 -0.017379
v -1.321030 -0.021244 -0.005498
v -1.331941 -0.006624 -0.016561
v -1.331941 -0.020546 -0.017379
v -1.386035 -0.006908 0.024307
v -1.379698 -0.003890 0.003053
v -1.400257 -0.005997 0.008820
v -1.368786 -0.004589 0.014935
v -1.331941 -0.006624 -0.016561
v -1.386035 -0.006908 0.024307
v -1.368786 -0.022384 0.013888
v -1.368786 -0.004589 0.014935
v -1.321030 -0.007323 -0.004679
v -1.321030 -0.021244 -0.005498
v -1.321030 -0.007323 -0.004679
v -1.336758 -0.004114 -0.017339
v -1.315929 -0.020163 -0.023879
v -1.336758 -0.022947 -0.018446
v -1.336758 -0.022947 -0.018446
v -1.321996 -0.005059 -0.001265
v -1.336758 -0.004114 -0.017339
v -1.321996 -0.023893 -0.002372
v -1.315929 -0.020163 -0.023879
v -1.305018 -0.020862 -0.011997
v -1.284278 -0.016705 -0.033599
v -1.277325 -0.017150 -0.026028
v -1.284278 -0.006600 -0.033005
v -1.284278 -0.016705 -0.033599
v -1.268173 -0.019024 -0.043265
v -1.257261 -0.019722 -0.031383
v -1.268173 -0.005102 -0.042447
v -1.268173 -0.019024 -0.043265
v -1.305018 -0.003067 -0.010951
v -1.284278 -0.006600 -0.033005
v -1.315929 -0.002368 -0.022833
v -1.277325 -0.007046 -0.025434
v -1.268173 -0.005102 -0.042447
v -1.305018 -0.020862 -0.011997
v -1.277325 -0.007046 -0.025434
v -1.305018 -0.003067 -0.010951
v -1.277325 -0.017150 -0.026028
v -1.257261 -0.005801 -0.030565
v -1.257261 -0.005801 -0.030565
v -1.321996 -0.005059 -0.001265
v -1.336758 -0.004114 -0.017339
v -1.321996 -0.005059 -0.001265
v -1.264630 -0.004021 -0.036040
v -1.270341 -0.016276 -0.043001
v -1.258919 -0.017007 -0.030563
v -1.264630 -0.004021 -0.036040
v -1.258919 -0.017007 -0.030563
v -1.177852 -0.010363 -0.071761
v -1.270341 -0.016276 -0.043001
v -1.264630 -0.004021 -0.036040
v -1.177852 -0.010363 -0.071761
v -1.258919 -0.017007 -0.030563
v -1.270341 -0.016276 -0.043001
v -1.177852 -0.010363 -0.071761
v -1.385620 -0.008758 -0.033677
v -1.361581 -0.033934 -0.046482
v -1.385975 -0.035327 -0.035167
v -1.385975 -0.035327 -0.035167
v -1.371311 -0.010299 -0.010461
v -1.385620 -0.008758 -0.033677
v -1.371724 -0.036981 -0.012126
v -1.361581 -0.033934 -0.046482
v -1.349365 -0.035376 -0.025537
v -1.308844 -0.032886 -0.073274
v -1.297070 -0.034130 -0.054155
v -1.308220 -0.010599 -0.072169
v -1.308844 -0.032886 -0.073274
v -1.371311 -0.010299 -0.010461
v -1.361141 -0.005676 -0.044621
v -1.385620 -0.008758 -0.033677
v -1.349025 -0.007075 -0.024035
v -1.308220 -0.010599 -0.072169
v -1.371311 -0.010299 -0.010461
v -1.349365 -0.035376 -0.025537
v -1.349025 -0.007075 -0.024035
v -1.296427 -0.011964 -0.052995
v -1.297070 -0.034130 -0.054155
v -1.308220 -0.010599 -0.072169
v -1.296427 -0.011964 -0.052995
v -1.319789 -0.008082 -0.068661
v -1.295141 -0.033607 -0.081340
v -1.320160 -0.035392 -0.070190
v -1.320160 -0.035392 -0.070190
v -1.305078 -0.009665 -0.044812
v -1.319789 -0.008082 -0.068661
v -1.305509 -0.037091 -0.046520
v -1.295141 -0.033607 -0.081340
v -1.282934 -0.035060 -0.060501
v -1.264421 -0.030798 -0.094499
v -1.254911 -0.031914 -0.077770
v -1.263569 -0.010400 -0.093584
v -1.264421 -0.030798 -0.094499
v -1.243499 -0.032870 -0.107862
v -1.231463 -0.034126 -0.088340
v -1.242833 -0.010049 -0.106760
v -1.243499 -0.032870 -0.107862
v -1.282632 -0.006809 -0.058947
v -1.263569 -0.010400 -0.093584
v -1.294761 -0.005425 -0.079487
v -1.254072 -0.011495 -0.076905
v -1.242833 -0.010049 -0.106760
v -1.282934 -0.035060 -0.060501
v -1.254072 -0.011495 -0.076905
v -1.282632 -0.006809 -0.058947
v -1.254911 -0.031914 -0.077770
v -1.230772 -0.011459 -0.087155
v -1.231463 -0.034126 -0.088340
v -1.242833 -0.010049 -0.106760
v -1.230772 -0.011459 -0.087155
v -1.305078 -0.009665 -0.044812
v -1.319789 -0.008082 -0.068661
v -1.305078 -0.009665 -0.044812
v -1.245312 -0.007499 -0.092413
v -1.252422 -0.028557 -0.104280
v -1.239153 -0.030147 -0.082722
v -1.245312 -0.007499 -0.092413
v -1.239153 -0.030147 -0.082722
v -1.145985 -0.021637 -0.145627
v -1.252422 -0.028557 -0.104280
v -1.245312 -0.007499 -0.092413
v -1.145985 -0.021637 -0.145627
v -1.239153 -0.030147 -0.082722
v -1.252422 -0.028557 -0.104280
v -1.145985 -0.021637 -0.145627
v -1.378509 -0.030066 0.130578
v -1.399354 -0.022301 0.094391
v -1.385932 -0.042240 0.126386
v -1.366548 -0.049835 0.180734
v -1.370419 -0.041134 0.124840
v -1.378509 -0.030066 0.130578
v -1.366548 -0.049835 0.180734
v -1.383842 -0.021195 0.092846
v -1.391932 -0.010127 0.098584
v -1.383842 -0.021195 0.092846
v -1.399354 -0.022301 0.094391
v -1.385932 -0.042240 0.126386
v -1.383842 -0.021195 0.092846
v -1.370419 -0.041134 0.124840
v -1.366548 -0.049835 0.180734
v -1.485936 0.012305 -0.020637
v -1.459502 0.012305 0.034282
v -1.469385 0.040892 0.003166
v -1.459502 0.012305 0.034282
v -1.435859 0.045910 0.034282
v -1.469385 0.040892 0.003166
v -1.469385 0.040892 0.003166
v -1.435859 0.045910 0.034282
v -1.447680 0.066679 -0.020637
v -1.494992 0.058384 -0.066122
v -1.494992 0.058384 -0.066122
v -1.494992 0.058384 -0.066122
v -1.450856 0.072794 -0.018438
v -1.501138 0.062021 -0.064979
v -1.494992 0.058384 -0.066122
v -1.493025 0.012439 -0.019210
v -1.485936 0.012305 -0.020637
v -1.511825 0.023127 -0.116098
v -1.501138 0.062021 -0.064979
v -1.489271 0.068759 -0.139434
v -1.489271 0.068759 -0.139434
v -1.501138 0.062021 -0.064979
v -1.458727 0.098603 -0.102773
v -1.450856 0.072794 -0.018438
v -1.493025 0.012439 -0.019210
v -1.499277 -0.020093 -0.079772
v -1.493025 0.012439 -0.019210
v -1.505770 -0.023271 -0.079540
v -1.505770 -0.023271 -0.079540
v -1.499277 -0.020093 -0.079772
v -1.471485 -0.026509 0.002157
v -1.466808 -0.021300 0.000340
v -1.468379 -0.059370 -0.086149
v -1.471485 -0.026509 0.002157
v -1.485604 -0.019470 -0.151006
v -1.464892 -0.053047 -0.085732
v -1.430170 -0.048944 0.001900
v -1.428552 -0.042070 0.000340
v -1.464892 -0.053047 -0.085732
v -1.471485 -0.026509 0.002157
v -1.468379 -0.059370 -0.086149
v -1.415750 -0.072123 -0.088055
v -1.430170 -0.048944 0.001900
v -1.468379 -0.059370 -0.086149
v -1.432810 -0.048177 -0.155648
v -1.485604 -0.019470 -0.151006
v -1.374723 -0.052436 -0.128842
v -1.432810 -0.048177 -0.155648
v -1.445058 -0.004997 -0.199557
v -1.389870 -0.012886 -0.194696
v -1.485604 -0.019470 -0.151006
v -1.389870 -0.012886 -0.194696
v -1.344191 -0.011953 -0.153433
v -1.344191 -0.011953 -0.153433
v -1.356515 0.035295 -0.186741
v -1.416731 0.040295 -0.214995
v -1.388404 0.077742 -0.185207
v -1.416731 0.040295 -0.214995
v -1.443592 0.083533 -0.177973
v -1.388404 0.077742 -0.185207
v -1.476947 0.035487 -0.186708
v -1.443592 0.083533 -0.177973
v -1.445058 -0.004997 -0.199557
v -1.476947 0.035487 -0.186708
v -1.476947 0.035487 -0.186708
v -1.400651 0.103614 -0.129321
v -1.347858 0.075020 -0.134617
v -1.418179 0.103560 -0.058556
v -1.365083 0.090992 -0.061820
v -1.321635 0.023155 -0.116082
v -1.347858 0.075020 -0.134617
v -1.327274 0.053707 -0.066895
v -1.365083 0.090992 -0.061820
v -1.356515 0.035295 -0.186741
v -1.388404 0.077742 -0.185207
v -1.340446 0.011675 -0.019298
v -1.332579 -0.031067 -0.080902
v -1.344191 -0.011953 -0.153433
v -1.338470 -0.026871 -0.080908
v -1.340446 0.011675 -0.019298
v -1.347526 0.012305 -0.020637
v -1.338470 -0.026871 -0.080908
v -1.382646 -0.048569 -0.020145
v -1.332579 -0.031067 -0.080902
v -1.332579 -0.031067 -0.080902
v -1.382646 -0.048569 -0.020145
v -1.416278 -0.064921 -0.087648
v -1.382646 -0.048569 -0.020145
v -1.385782 -0.042069 -0.020637
v -1.385782 -0.042069 -0.020637
v -1.364077 -0.016282 0.003166
v -1.397603 -0.021301 0.034282
v -1.338470 -0.026871 -0.080908
v -1.416278 -0.064921 -0.087648
v -1.428552 -0.042070 0.000340
v -1.436843 -0.016282 0.038855
v -1.436843 -0.016282 0.038855
v -1.397603 -0.021301 0.034282
v -1.416731 0.012305 0.055260
v -1.373960 0.012305 0.034282
v -1.373960 0.012305 0.034282
v -1.396619 0.040892 0.038855
v -1.373960 0.012305 0.034282
v -1.366654 0.045910 0.000340
v -1.396619 0.040892 0.038855
v -1.364077 -0.016282 0.003166
v -1.347526 0.012305 -0.020637
v -1.338470 -0.026871 -0.080908
v -1.334185 0.051619 -0.067334
v -1.340446 0.011675 -0.019298
v -1.327274 0.053707 -0.066895
v -1.334185 0.051619 -0.067334
v -1.368570 0.084655 -0.061849
v -1.365083 0.090992 -0.061820
v -1.368570 0.084655 -0.061849
v -1.417184 0.096481 -0.059654
v -1.418179 0.103560 -0.058556
v -1.404910 0.066679 0.000340
v -1.368570 0.084655 -0.061849
v -1.417184 0.096481 -0.059654
v -1.366654 0.045910 0.000340
v -1.396619 0.040892 0.038855
v -1.417184 0.096481 -0.059654
v -1.450856 0.072794 -0.018438
v -1.447680 0.066679 -0.020637
v -1.466808 -0.021300 0.000340
v -1.466808 -0.021300 0.000340
v -1.436843 -0.016282 0.038855
v -1.499277 -0.020093 -0.079772
v -1.416278 -0.064921 -0.087648
v -1.430170 -0.048944 0.001900
v -1.415750 -0.072123 -0.088055
v -1.373549 0.017196 0.098798
v -1.384670 0.012583 0.092396
v -1.373017 0.015623 0.098920
v -1.390907 0.020595 0.093783
v -1.408207 0.007415 0.101472
v -1.384627 0.003787 0.093335
v -1.374591 -0.003861 0.101795
v -1.372378 0.001711 0.100389
v -1.370729 0.002297 0.099207
v -1.370098 0.015722 0.096819
v -1.370649 0.006679 0.098518
v -1.377944 -0.005771 0.106653
v -1.383196 -0.015865 0.113821
v -1.376848 -0.018437 0.102896
v -1.369353 -0.005052 0.095679
v -1.370729 0.002297 0.099207
v -1.363324 0.004931 0.093902
v -1.377649 -0.017442 0.099613
v -1.369353 -0.005052 0.095679
v -1.376848 -0.018437 0.102896
v -1.383124 -0.025275 0.116200
v -1.376767 -0.028889 0.105468
v -1.377568 -0.028213 0.102116
v -1.377649 -0.017442 0.099613
v -1.383684 -0.025679 0.111262
v -1.376767 -0.028889 0.105468
v -1.383124 -0.025275 0.116200
v -1.378370 -0.027538 0.098763
v -1.378449 -0.016447 0.096330
v -1.384245 -0.026082 0.106325
v -1.377568 -0.028213 0.102116
v -1.390120 -0.024626 0.113886
v -1.389800 -0.023144 0.120409
v -1.389480 -0.021662 0.126932
v -1.390440 -0.026108 0.107363
v -1.384805 -0.026486 0.101387
v -1.378370 -0.027538 0.098763
v -1.390759 -0.027590 0.100840
v -1.385366 -0.026889 0.096449
v -1.379171 -0.026863 0.095411
v -1.391079 -0.029072 0.094316
v -1.385926 -0.027293 0.091511
v -1.379972 -0.026188 0.092058
v -1.391399 -0.030555 0.087793
v -1.386487 -0.027696 0.086573
v -1.380773 -0.025513 0.088706
v -1.391460 -0.018401 0.085213
v -1.386487 -0.027696 0.086573
v -1.391399 -0.030555 0.087793
v -1.386554 -0.015435 0.084205
v -1.381574 -0.024838 0.085353
v -1.384487 -0.031024 0.051748
v -1.386554 -0.015435 0.084205
v -1.391460 -0.018401 0.085213
v -1.380069 -0.028612 0.051652
v -1.381649 -0.012469 0.083198
v -1.380027 -0.033903 0.032413
v -1.383183 -0.035743 0.032000
v -1.376871 -0.032062 0.032826
v -1.375488 -0.019223 0.008595
v -1.371895 -0.018491 0.013445
v -1.375488 -0.019223 0.008595
v -1.375647 0.006978 0.006606
v -1.371895 -0.018491 0.013445
v -1.379080 -0.019955 0.003745
v -1.378191 0.007009 0.001516
v -1.375390 0.018431 0.002595
v -1.380735 0.007039 -0.003573
v -1.372391 0.034245 0.010965
v -1.373035 0.016231 0.007641
v -1.377746 0.020631 -0.002451
v -1.374424 0.035809 0.008909
v -1.371250 0.056017 0.032586
v -1.369050 0.054305 0.033604
v -1.373449 0.057729 0.031568
v -1.376030 0.060959 0.066364
v -1.377888 0.062820 0.066384
v -1.377461 0.061864 0.068931
v -1.375581 0.060146 0.068534
v -1.379341 0.063582 0.069328
v -1.377034 0.060908 0.071479
v -1.375132 0.059332 0.070705
v -1.378936 0.062484 0.072252
v -1.374683 0.058518 0.072876
v -1.376607 0.059952 0.074026
v -1.374233 0.057704 0.075046
v -1.378531 0.061386 0.075177
v -1.376180 0.058996 0.076574
v -1.373784 0.056890 0.077217
v -1.378126 0.060288 0.078101
v -1.375753 0.058040 0.079121
v -1.373335 0.056076 0.079387
v -1.377721 0.059190 0.081026
v -1.375326 0.057084 0.081669
v -1.374405 0.038394 0.092671
v -1.377316 0.058091 0.083950
v -1.377094 0.038840 0.095031
v -1.371717 0.037948 0.090311
v -1.375954 0.023033 0.098840
v -1.374378 0.019778 0.098673
v -1.374405 0.038394 0.092671
v -1.371717 0.037948 0.090311
v -1.392877 0.022419 0.094298
v -1.376964 0.025121 0.098947
v -1.377444 0.026331 0.099170
v -1.387511 0.041723 0.106813
v -1.394847 0.024243 0.094812
v -1.388747 0.030537 0.111675
v -1.396023 0.031313 0.112972
v -1.398834 0.029556 0.114226
v -1.396023 0.031313 0.112972
v -1.402473 0.044338 0.109063
v -1.385029 0.061995 0.092788
v -1.387511 0.041723 0.106813
v -1.385029 0.061995 0.092788
v -1.417434 0.020130 0.121647
v -1.403714 0.019691 0.119114
v -1.401232 0.066786 0.094754
v -1.417434 0.046953 0.111312
v -1.401374 0.068485 0.089908
v -1.417434 0.071576 0.096720
v -1.401232 0.066786 0.094754
v -1.385314 0.063675 0.088414
v -1.385029 0.061995 0.092788
v -1.385598 0.065354 0.084041
v -1.401516 0.070184 0.085062
v -1.417434 0.073295 0.091402
v -1.385883 0.067033 0.079667
v -1.401659 0.071883 0.080217
v -1.417434 0.075014 0.086084
v -1.386168 0.068712 0.075294
v -1.401801 0.073581 0.075371
v -1.417434 0.076732 0.080766
v -1.386453 0.070391 0.070921
v -1.401944 0.075280 0.070525
v -1.417434 0.078451 0.075448
v -1.386738 0.072070 0.066547
v -1.402086 0.076979 0.065679
v -1.417434 0.080170 0.070130
v -1.399885 0.069533 0.026757
v -1.381854 0.064453 0.027658
v -1.417916 0.074614 0.025856
v -1.400885 0.048683 -0.002045
v -1.384335 0.043432 -0.001110
v -1.417434 0.053935 -0.002979
v -1.402153 0.025834 -0.009434
v -1.384335 0.043432 -0.001110
v -1.386871 0.023311 -0.008985
v -1.417434 0.028356 -0.009883
v -1.400885 0.048683 -0.002045
v -1.390590 0.007497 -0.008458
v -1.403904 0.007297 -0.008447
v -1.417219 0.007096 -0.008437
v -1.392999 -0.022451 -0.000211
v -1.405109 -0.022752 -0.000195
v -1.417219 -0.023053 -0.000179
v -1.405109 -0.022752 -0.000195
v -1.395408 -0.042873 0.030401
v -1.406313 -0.043262 0.030500
v -1.417219 -0.023053 -0.000179
v -1.417219 -0.043651 0.030599
v -1.417677 -0.037722 0.052062
v -1.405751 -0.037371 0.052007
v -1.406708 -0.023312 0.087957
v -1.417434 -0.023635 0.088008
v -1.395982 -0.022989 0.087906
v -1.417434 -0.023635 0.088008
v -1.406668 -0.035184 0.090889
v -1.417409 -0.035501 0.090963
v -1.406708 -0.023312 0.087957
v -1.395927 -0.034867 0.090815
v -1.417409 -0.035501 0.090963
v -1.406582 -0.033218 0.099073
v -1.417409 -0.033373 0.099508
v -1.406668 -0.035184 0.090889
v -1.395756 -0.033064 0.098637
v -1.406497 -0.031252 0.107256
v -1.417409 -0.031244 0.108053
v -1.395585 -0.031260 0.106460
v -1.406412 -0.029286 0.115440
v -1.417409 -0.029115 0.116598
v -1.395415 -0.029456 0.114282
v -1.406326 -0.027320 0.123623
v -1.417409 -0.026987 0.125143
v -1.395244 -0.027652 0.122104
v -1.406241 -0.025354 0.131807
v -1.417409 -0.024858 0.133687
v -1.395073 -0.025849 0.129926
v -1.406156 -0.023387 0.139990
v -1.417409 -0.022730 0.142232
v -1.394902 -0.024045 0.137748
v -1.406197 -0.016267 0.137598
v -1.394902 -0.024045 0.137748
v -1.394959 -0.016707 0.135323
v -1.411245 -0.018120 0.139312
v -1.412932 -0.016558 0.139149
v -1.417409 -0.022730 0.142232
v -1.395481 0.002810 0.130041
v -1.404955 0.003563 0.131989
v -1.410857 -0.007490 0.133809
v -1.409117 -0.012172 0.136006
v -1.399818 0.007134 0.123625
v -1.417434 0.004532 0.134568
v -1.415742 0.004401 0.134218
v -1.412958 0.005296 0.133125
v -1.412733 0.004167 0.133596
v -1.412958 0.005296 0.133125
v -1.412958 0.005127 0.132468
v -1.409117 -0.013501 0.130829
v -1.410857 -0.007490 0.133809
v -1.410857 -0.008485 0.129937
v -1.408789 -0.016156 0.131301
v -1.409117 -0.012172 0.136006
v -1.408789 -0.014621 0.137276
v -1.408698 -0.016939 0.134329
v -1.408662 -0.016839 0.137132
v -1.410452 -0.017084 0.131467
v -1.408789 -0.016156 0.131301
v -1.409117 -0.013501 0.130829
v -1.408735 -0.017041 0.131459
v -1.408698 -0.016939 0.134329
v -1.406798 -0.016827 0.136148
v -1.403414 -0.016884 0.132093
v -1.413649 -0.017230 0.129590
v -1.417032 -0.017173 0.133646
v -1.413939 -0.017171 0.131482
v -1.413649 -0.017230 0.129590
v -1.409879 -0.036327 0.132454
v -1.412730 -0.035754 0.134107
v -1.417032 -0.017173 0.133646
v -1.412730 -0.035754 0.134107
v -1.414808 -0.035671 0.135981
v -1.412730 -0.035754 0.134107
v -1.411643 -0.035532 0.138773
v -1.414808 -0.035671 0.135981
v -1.409879 -0.036327 0.132454
v -1.408780 -0.035726 0.137067
v -1.406717 -0.036284 0.135241
v -1.406798 -0.016827 0.136148
v -1.408780 -0.035726 0.137067
v -1.408780 -0.035726 0.137067
v -1.408621 -0.017512 0.137207
v -1.411245 -0.018277 0.138699
v -1.408662 -0.016839 0.137132
v -1.411245 -0.018277 0.138699
v -1.408621 -0.017197 0.138435
v -1.408621 -0.017512 0.137207
v -1.411245 -0.018120 0.139312
v -1.411727 -0.017773 0.138878
v -1.412932 -0.016558 0.139149
v -1.414505 -0.014595 0.138542
v -1.413376 -0.015985 0.139051
v -1.412959 -0.016933 0.137544
v -1.411727 -0.017773 0.138878
v -1.412932 -0.016962 0.137575
v -1.417032 -0.017173 0.133646
v -1.414505 -0.014595 0.138542
v -1.417434 -0.011615 0.137563
v -1.417434 -0.015826 0.139873
v -1.418945 -0.014524 0.138820
v -1.420518 -0.016486 0.139427
v -1.422205 -0.018050 0.139585
v -1.418945 -0.016442 0.131352
v -1.419657 -0.017194 0.132158
v -1.420169 -0.017070 0.135323
v -1.420518 -0.016486 0.139427
v -1.424765 -0.016114 0.138389
v -1.422205 -0.018050 0.139585
v -1.424333 -0.012100 0.136284
v -1.422593 -0.007415 0.134104
v -1.440146 0.003875 0.134189
v -1.424661 -0.014550 0.137554
v -1.424805 -0.016853 0.138179
v -1.424730 -0.017058 0.132396
v -1.424829 -0.017126 0.138710
v -1.422205 -0.018050 0.139585
v -1.423725 -0.017574 0.138848
v -1.424829 -0.017251 0.138223
v -1.424805 -0.016853 0.138179
v -1.428651 -0.016827 0.136148
v -1.424805 -0.016853 0.138179
v -1.424730 -0.017058 0.132396
v -1.428651 -0.016827 0.136148
v -1.428732 -0.034213 0.135241
v -1.428651 -0.016827 0.136148
v -1.432034 -0.016884 0.132093
v -1.432034 -0.016884 0.132093
v -1.424718 -0.017091 0.131468
v -1.426669 -0.033655 0.137067
v -1.425569 -0.034256 0.132454
v -1.422719 -0.033683 0.134107
v -1.423805 -0.033461 0.138773
v -1.420641 -0.033599 0.135981
v -1.420177 -0.018028 0.131635
v -1.419657 -0.017194 0.132158
v -1.418416 -0.017173 0.133646
v -1.425569 -0.034256 0.132454
v -1.421800 -0.017230 0.129590
v -1.422719 -0.033683 0.134107
v -1.421800 -0.017230 0.129590
v -1.422904 -0.017136 0.131476
v -1.420216 -0.017204 0.131488
v -1.424661 -0.016156 0.131301
v -1.423766 -0.017115 0.131472
v -1.422904 -0.017136 0.131476
v -1.424333 -0.012100 0.136284
v -1.424661 -0.016156 0.131301
v -1.424333 -0.013501 0.130829
v -1.420216 -0.017204 0.131488
v -1.420177 -0.018028 0.131635
v -1.418945 -0.016442 0.131352
v -1.416725 -0.011900 0.130544
v -1.424333 -0.013501 0.130829
v -1.422593 -0.007415 0.134104
v -1.422593 -0.008485 0.129937
v -1.416725 0.003606 0.132739
v -1.422593 -0.008485 0.129937
v -1.420493 0.005127 0.132468
v -1.420645 0.004777 0.134409
v -1.417906 0.004568 0.134545
v -1.420493 0.005536 0.134058
v -1.420645 0.004777 0.134409
v -1.435424 0.008011 0.127039
v -1.420493 0.005536 0.134058
v -1.417906 0.004568 0.134545
v -1.417434 0.004394 0.134644
v -1.416725 0.003606 0.132739
v -1.417434 0.004394 0.134644
v -1.417906 0.004568 0.134545
v -1.416725 0.004093 0.134638
v -1.415742 0.004401 0.134218
v -1.416725 0.004093 0.134638
v -1.410857 -0.008485 0.129937
v -1.434790 0.029641 0.114559
v -1.434717 0.027677 0.115335
v -1.435898 0.019539 0.118238
v -1.434717 0.027677 0.115335
v -1.421844 0.015989 0.099777
v -1.425721 0.002802 0.101616
v -1.437056 0.015941 0.120757
v -1.425546 0.007118 0.100732
v -1.422268 0.004321 0.103639
v -1.436490 0.011159 0.124546
v -1.425721 0.002802 0.101616
v -1.440146 0.003875 0.134189
v -1.438668 0.006150 0.133518
v -1.435424 0.008011 0.127039
v -1.424786 -0.001168 0.103625
v -1.425721 0.002802 0.101616
v -1.432588 -0.001764 0.100828
v -1.424786 -0.001168 0.103625
v -1.432588 -0.001764 0.100828
v -1.444004 0.005278 0.130458
v -1.449820 0.002947 0.095371
v -1.452504 -0.005834 0.110212
v -1.439910 -0.016707 0.135323
v -1.442183 0.004689 0.133883
v -1.444004 0.005278 0.130458
v -1.458020 -0.018437 0.102896
v -1.453684 -0.006793 0.108637
v -1.459255 -0.003668 0.102549
v -1.445814 -0.001793 0.097425
v -1.459255 -0.003668 0.102549
v -1.453684 -0.006793 0.108637
v -1.463178 0.006863 0.099236
v -1.461210 0.001255 0.101306
v -1.425546 0.007118 0.100732
v -1.449851 0.011593 0.093502
v -1.459437 0.019957 0.099369
v -1.460868 0.015589 0.099629
v -1.443491 0.019628 0.093411
v -1.464140 0.002297 0.099207
v -1.464770 0.015722 0.096819
v -1.457924 0.023083 0.099529
v -1.457774 0.038840 0.095031
v -1.463152 0.037948 0.090311
v -1.471544 0.015952 0.091942
v -1.468530 0.037055 0.085591
v -1.471544 0.004931 0.093902
v -1.463152 0.037948 0.090311
v -1.465516 0.051542 0.076559
v -1.468530 0.037055 0.085591
v -1.457552 0.058091 0.083950
v -1.461534 0.056076 0.079387
v -1.457774 0.038840 0.095031
v -1.449840 0.061995 0.092788
v -1.457552 0.058091 0.083950
v -1.456534 0.026589 0.100175
v -1.447358 0.041723 0.106813
v -1.457871 0.023217 0.099554
v -1.441476 0.021471 0.093534
v -1.456534 0.026589 0.100175
v -1.446114 0.030467 0.111706
v -1.456534 0.026589 0.100175
v -1.439461 0.023315 0.093657
v -1.434790 0.029641 0.114559
v -1.422997 0.019549 0.098713
v -1.421480 0.017523 0.099540
v -1.422997 0.019549 0.098713
v -1.439461 0.023315 0.093657
v -1.421844 0.015989 0.099777
v -1.449840 0.061995 0.092788
v -1.447358 0.041723 0.106813
v -1.457552 0.058091 0.083950
v -1.449555 0.063675 0.088414
v -1.457147 0.059190 0.081026
v -1.449270 0.065354 0.084041
v -1.456742 0.060288 0.078101
v -1.461085 0.056890 0.077217
v -1.460635 0.057704 0.075046
v -1.461534 0.056076 0.079387
v -1.464529 0.053441 0.073148
v -1.461085 0.056890 0.077217
v -1.460635 0.057704 0.075046
v -1.465022 0.052492 0.074853
v -1.461534 0.056076 0.079387
v -1.467508 0.037364 0.082916
v -1.466485 0.037673 0.080240
v -1.468442 0.016654 0.086123
v -1.469993 0.016303 0.089032
v -1.470994 0.004795 0.091258
v -1.471544 0.015952 0.091942
v -1.470442 0.004659 0.088613
v -1.465516 -0.005052 0.095679
v -1.465101 -0.005300 0.093263
v -1.464687 -0.005547 0.090847
v -1.456420 -0.016447 0.096330
v -1.457220 -0.017442 0.099613
v -1.456448 -0.027538 0.098763
v -1.457249 -0.028213 0.102116
v -1.458051 -0.028889 0.105468
v -1.445018 -0.025086 0.116472
v -1.458051 -0.028889 0.105468
v -1.457249 -0.028213 0.102116
v -1.444698 -0.026180 0.110736
v -1.456448 -0.027538 0.098763
v -1.445325 -0.015163 0.119883
v -1.445338 -0.023992 0.122208
v -1.439915 -0.024045 0.137748
v -1.439745 -0.025849 0.129926
v -1.445338 -0.023992 0.122208
v -1.439915 -0.024045 0.137748
v -1.439574 -0.027652 0.122104
v -1.439403 -0.029456 0.114282
v -1.439403 -0.029456 0.114282
v -1.444698 -0.026180 0.110736
v -1.444378 -0.027273 0.105000
v -1.444378 -0.027273 0.105000
v -1.455647 -0.026863 0.095411
v -1.444059 -0.028367 0.099265
v -1.454846 -0.026188 0.092058
v -1.439233 -0.031260 0.106460
v -1.444059 -0.028367 0.099265
v -1.439062 -0.033064 0.098637
v -1.443739 -0.029461 0.093529
v -1.443739 -0.029461 0.093529
v -1.454045 -0.025513 0.088706
v -1.438891 -0.034867 0.090815
v -1.443419 -0.030555 0.087793
v -1.443419 -0.030555 0.087793
v -1.453244 -0.024838 0.085353
v -1.438887 -0.022989 0.087906
v -1.443419 -0.030555 0.087793
v -1.443409 -0.018401 0.085213
v -1.453244 -0.024838 0.085353
v -1.453220 -0.012469 0.083198
v -1.441527 -0.037021 0.051952
v -1.443409 -0.018401 0.085213
v -1.450866 -0.031024 0.051748
v -1.450866 -0.031024 0.051748
v -1.453220 -0.012469 0.083198
v -1.459703 -0.026200 0.051556
v -1.441527 -0.037021 0.051952
v -1.451255 -0.035743 0.032000
v -1.439030 -0.042873 0.030401
v -1.457567 -0.032062 0.032826
v -1.438887 -0.022989 0.087906
v -1.441439 -0.022451 -0.000211
v -1.441439 -0.022451 -0.000211
v -1.453703 0.007039 -0.003573
v -1.443848 0.007497 -0.008458
v -1.451255 -0.035743 0.032000
v -1.462543 -0.018491 0.013445
v -1.455357 -0.019955 0.003745
v -1.458790 0.006978 0.006606
v -1.453703 0.007039 -0.003573
v -1.463878 -0.028381 0.033652
v -1.457567 -0.032062 0.032826
v -1.463878 0.006916 0.016786
v -1.461834 0.016231 0.007641
v -1.457123 0.020631 -0.002451
v -1.462478 0.034245 0.010965
v -1.458411 0.037373 0.006853
v -1.466545 0.031117 0.015076
v -1.468112 0.008469 0.041196
v -1.466545 0.015860 0.014958
v -1.471092 0.026150 0.037442
v -1.462236 0.018060 0.074485
v -1.462395 0.038908 0.069537
v -1.471182 0.044203 0.035027
v -1.462555 0.057239 0.066324
v -1.466782 0.054305 0.033604
v -1.462383 0.057729 0.031568
v -1.458839 0.060959 0.066364
v -1.462383 0.057729 0.031568
v -1.466782 0.054305 0.033604
v -1.455122 0.064680 0.066403
v -1.453978 0.064453 0.027658
v -1.453978 0.064453 0.027658
v -1.450534 0.043432 -0.001110
v -1.448131 0.072070 0.066547
v -1.450534 0.043432 -0.001110
v -1.450534 0.043432 -0.001110
v -1.417434 0.053935 -0.002979
v -1.447998 0.023311 -0.008985
v -1.447998 0.023311 -0.008985
v -1.417434 0.081889 0.064812
v -1.448416 0.070391 0.070921
v -1.455527 0.063582 0.069328
v -1.448701 0.068712 0.075294
v -1.459288 0.060146 0.068534
v -1.455932 0.062484 0.072252
v -1.463048 0.056289 0.068030
v -1.459737 0.059332 0.070705
v -1.462555 0.057239 0.066324
v -1.463418 0.038599 0.072213
v -1.463541 0.055340 0.069736
v -1.463048 0.056289 0.068030
v -1.463787 0.017708 0.077394
v -1.464440 0.038290 0.074889
v -1.468789 0.004252 0.080680
v -1.465339 0.017357 0.080304
v -1.468238 0.004116 0.078036
v -1.463445 -0.006290 0.083600
v -1.469340 0.004388 0.083325
v -1.463031 -0.006538 0.081184
v -1.463445 -0.006290 0.083600
v -1.463031 -0.006538 0.081184
v -1.454020 -0.013464 0.086481
v -1.463859 -0.006043 0.086016
v -1.454820 -0.014458 0.089764
v -1.454045 -0.025513 0.088706
v -1.454846 -0.026188 0.092058
v -1.453244 -0.024838 0.085353
v -1.455620 -0.015453 0.093047
v -1.455647 -0.026863 0.095411
v -1.464273 -0.005795 0.088431
v -1.469891 0.004523 0.085969
v -1.466890 0.017006 0.083213
v -1.465463 0.037982 0.077564
v -1.464035 0.054390 0.071442
v -1.460186 0.058518 0.072876
v -1.463541 0.055340 0.069736
v -1.460186 0.058518 0.072876
v -1.456337 0.061386 0.075177
v -1.448985 0.067033 0.079667
v -1.474643 -0.012591 0.048865
v -1.468539 -0.021375 0.051363
v -1.468539 -0.021375 0.051363
v -1.463878 -0.028381 0.033652
v -1.469729 -0.021431 0.030390
v -1.438891 -0.034867 0.090815
v -1.439062 -0.033064 0.098637
v -1.438891 -0.034867 0.090815
v -1.439233 -0.031260 0.106460
v -1.464140 0.002297 0.099207
v -1.471544 0.004931 0.093902
v -1.414505 -0.016442 0.131352
v -1.416725 -0.010321 0.136695
v -1.418945 -0.014524 0.138820
v -1.417434 -0.011615 0.137563
v -1.419657 -0.017194 0.132158
v -1.420169 -0.017070 0.135323
v -1.418416 -0.017173 0.133646
v -1.418416 -0.017173 0.133646
v -1.420518 -0.017438 0.135723
v -1.422205 -0.018573 0.137547
v -1.420518 -0.016486 0.139427
v -1.422205 -0.018573 0.137547
v -1.425569 -0.034256 0.132454
v -1.426711 -0.017198 0.126997
v -1.403414 -0.016884 0.132093
v -1.406717 -0.036284 0.135241
v -1.399818 0.007134 0.123625
v -1.395481 0.002810 0.130041
v -1.404079 -0.004203 0.101240
v -1.404079 -0.004203 0.101240
v -1.395481 0.002810 0.130041
v -1.395442 0.002825 0.130022
v -1.392476 0.002595 0.129409
v -1.392287 0.004051 0.128775
v -1.395442 0.002825 0.130022
v -1.392476 0.002595 0.129409
v -1.389544 -0.013294 0.124745
v -1.388665 0.000019 0.119476
v -1.391196 0.004422 0.127124
v -1.388665 0.000019 0.119476
v -1.382165 -0.004915 0.111662
v -1.401301 -0.001441 0.099935
v -1.382165 -0.004915 0.111662
v -1.388472 -0.001136 0.095260
v -1.379962 -0.006888 0.108265
v -1.377944 -0.005771 0.106653
v -1.401301 -0.001441 0.099935
v -1.388472 -0.001136 0.095260
v -1.408280 0.000003 0.102303
v -1.404079 -0.004203 0.101240
v -1.408000 0.003029 0.101873
v -1.408280 0.000003 0.102303
v -1.408207 0.007415 0.101472
v -1.398382 0.010463 0.121836
v -1.411872 0.016345 0.101829
v -1.398899 0.027595 0.115018
v -1.397677 0.019498 0.117999
v -1.412238 0.017897 0.101793
v -1.398899 0.027595 0.115018
v -1.411872 0.016345 0.101829
v -1.411872 0.016345 0.101829
v -1.410784 0.019996 0.101039
v -1.398834 0.029556 0.114226
v -1.412238 0.017897 0.101793
v -1.410784 0.019996 0.101039
v -1.412238 0.017897 0.101793
v -1.394959 -0.016707 0.135323
v -1.389480 -0.021662 0.126932
v -1.395927 -0.034867 0.090815
v -1.395982 -0.022989 0.087906
v -1.393826 -0.037021 0.051952
v -1.392999 -0.022451 -0.000211
v -1.380735 0.007039 -0.003573
v -1.379080 -0.019955 0.003745
v -1.376458 0.037373 0.006853
v -1.377746 0.020631 -0.002451
v -1.376458 0.037373 0.006853
v -1.381854 0.064453 0.027658
v -1.379746 0.064680 0.066403
v -1.386453 0.070391 0.070921
v -1.386168 0.068712 0.075294
v -1.385883 0.067033 0.079667
v -1.385598 0.065354 0.084041
v -1.385314 0.063675 0.088414
v -1.363324 0.015952 0.091942
v -1.369353 0.051542 0.076559
v -1.366339 0.037055 0.085591
v -1.364876 0.016303 0.089032
v -1.363324 0.015952 0.091942
v -1.367361 0.037364 0.082916
v -1.368384 0.037673 0.080240
v -1.369847 0.052492 0.074853
v -1.366427 0.016654 0.086123
v -1.370340 0.053441 0.073148
v -1.369406 0.037982 0.077564
v -1.370834 0.054390 0.071442
v -1.370429 0.038290 0.074889
v -1.371327 0.055340 0.069736
v -1.367979 0.017006 0.083213
v -1.369530 0.017357 0.080304
v -1.364977 0.004523 0.085969
v -1.364426 0.004659 0.088613
v -1.365528 0.004388 0.083325
v -1.370596 -0.005795 0.088431
v -1.370181 -0.005547 0.090847
v -1.371010 -0.006043 0.086016
v -1.380049 -0.014458 0.089764
v -1.370596 -0.005795 0.088431
v -1.379249 -0.015453 0.093047
v -1.370181 -0.005547 0.090847
v -1.378449 -0.016447 0.096330
v -1.379249 -0.015453 0.093047
v -1.379972 -0.026188 0.092058
v -1.380049 -0.014458 0.089764
v -1.379171 -0.026863 0.095411
v -1.369767 -0.005300 0.093263
v -1.380773 -0.025513 0.088706
v -1.380849 -0.013464 0.086481
v -1.380849 -0.013464 0.086481
v -1.371010 -0.006043 0.086016
v -1.381574 -0.024838 0.085353
v -1.381649 -0.012469 0.083198
v -1.371424 -0.006290 0.083600
v -1.371838 -0.006538 0.081184
v -1.366079 0.004252 0.080680
v -1.371424 -0.006290 0.083600
v -1.366630 0.004116 0.078036
v -1.371081 0.017708 0.077394
v -1.372633 0.018060 0.074485
v -1.371451 0.038599 0.072213
v -1.372474 0.038908 0.069537
v -1.371821 0.056289 0.068030
v -1.372314 0.057239 0.066324
v -1.364651 0.044203 0.035027
v -1.364741 0.026150 0.037442
v -1.368324 0.031117 0.015076
v -1.368324 0.015860 0.014958
v -1.367241 0.008469 0.041196
v -1.370560 0.006916 0.016786
v -1.360710 -0.012591 0.048865
v -1.364709 -0.021431 0.030390
v -1.366814 -0.021375 0.051363
v -1.364709 -0.021431 0.030390
v -1.366814 -0.021375 0.051363
v -1.370560 -0.028381 0.033652
v -1.375651 -0.026200 0.051556
v -1.371838 -0.006538 0.081184
v -1.363875 0.004795 0.091258
v -1.369767 -0.005300 0.093263
v -1.363324 0.004931 0.093902
v -1.387812 -0.038842 0.102235
v -1.378776 -0.039987 0.097776
v -1.379909 -0.038842 0.102235
v -1.379909 -0.026872 0.100045
v -1.387812 -0.038842 0.102235
v -1.379909 -0.038842 0.102235
v -1.378776 -0.027679 0.095227
v -1.379909 -0.038842 0.102235
v -1.378776 -0.039987 0.097776
v -1.379909 -0.041132 0.093317
v -1.387812 -0.041132 0.093317
v -1.388946 -0.039987 0.097776
v -1.387812 -0.026872 0.100045
v -1.378776 -0.027679 0.095227
v -1.388946 -0.027679 0.095227
v -1.387812 -0.028485 0.090409
v -1.379909 -0.028485 0.090409
v -1.388946 -0.027679 0.095227
v -1.387812 -0.041132 0.093317
v -1.388946 -0.039987 0.097776
v -1.387812 -0.038842 0.102235
v -1.387812 -0.028485 0.090409
v -1.379909 -0.041132 0.093317
v -1.387812 -0.041132 0.093317
v -1.387812 -0.035191 0.111996
v -1.378776 -0.036336 0.107538
v -1.379909 -0.035191 0.111996
v -1.379909 -0.025490 0.110210
v -1.387812 -0.035191 0.111996
v -1.379909 -0.035191 0.111996
v -1.378776 -0.026374 0.105406
v -1.379909 -0.035191 0.111996
v -1.378776 -0.036336 0.107538
v -1.379909 -0.037481 0.103079
v -1.387812 -0.037481 0.103079
v -1.388946 -0.036336 0.107538
v -1.387812 -0.025490 0.110210
v -1.378776 -0.026374 0.105406
v -1.388946 -0.026374 0.105406
v -1.387812 -0.027258 0.100602
v -1.379909 -0.027258 0.100602
v -1.388946 -0.026374 0.105406
v -1.387812 -0.037481 0.103079
v -1.388946 -0.036336 0.107538
v -1.387812 -0.035191 0.111996
v -1.387812 -0.027258 0.100602
v -1.379909 -0.037481 0.103079
v -1.387812 -0.037481 0.103079
v -1.387681 -0.032886 0.120603
v -1.387358 -0.035649 0.111848
v -1.383499 -0.034853 0.115033
v -1.383049 -0.025268 0.112884
v -1.387681 -0.032886 0.120603
v -1.383499 -0.034853 0.115033
v -1.387176 -0.025767 0.109473
v -1.383499 -0.034853 0.115033
v -1.387358 -0.035649 0.111848
v -1.392417 -0.035880 0.110261
v -1.392740 -0.033117 0.119016
v -1.392417 -0.035880 0.110261
v -1.387230 -0.023300 0.118454
v -1.387176 -0.025767 0.109473
v -1.392558 -0.023235 0.116642
v -1.392504 -0.025701 0.107661
v -1.396686 -0.023734 0.113231
v -1.392558 -0.023235 0.116642
v -1.396599 -0.033913 0.115832
v -1.392740 -0.033117 0.119016
v -1.387230 -0.023300 0.118454
v -1.387681 -0.032886 0.120603
v -1.396599 -0.033913 0.115832
v -1.392504 -0.025701 0.107661
v -1.392417 -0.035880 0.110261
v -1.399577 -0.032715 0.122437
v -1.393493 -0.031758 0.129775
v -1.400694 -0.031789 0.126936
v -1.392935 -0.019064 0.127850
v -1.400694 -0.031789 0.126936
v -1.393493 -0.031758 0.129775
v -1.390310 -0.032675 0.126091
v -1.392935 -0.019064 0.127850
v -1.393493 -0.031758 0.129775
v -1.389193 -0.033602 0.121593
v -1.389596 -0.019604 0.123839
v -1.396394 -0.033632 0.118754
v -1.390310 -0.032675 0.126091
v -1.398863 -0.019643 0.120185
v -1.392935 -0.019064 0.127850
v -1.389596 -0.019604 0.123839
v -1.395524 -0.020183 0.116175
v -1.388323 -0.020152 0.119014
v -1.398863 -0.019643 0.120185
v -1.396394 -0.033632 0.118754
v -1.399577 -0.032715 0.122437
v -1.400136 -0.019095 0.125011
v -1.400694 -0.031789 0.126936
v -1.396394 -0.033632 0.118754
v -1.388323 -0.020152 0.119014
v -1.389193 -0.033602 0.121593
v -1.401440 -0.033400 0.130602
v -1.400318 -0.032993 0.135392
v -1.403559 -0.033259 0.132547
v -1.400021 -0.021102 0.133591
v -1.403559 -0.033259 0.132547
v -1.400318 -0.032993 0.135392
v -1.397387 -0.033204 0.133662
v -1.395286 -0.033797 0.131778
v -1.396811 -0.021316 0.131641
v -1.397387 -0.033204 0.133662
v -1.398524 -0.033973 0.128926
v -1.397387 -0.033204 0.133662
v -1.400866 -0.021543 0.128576
v -1.400021 -0.021102 0.133591
v -1.396811 -0.021316 0.131641
v -1.397762 -0.021310 0.126656
v -1.394519 -0.021028 0.129521
v -1.400866 -0.021543 0.128576
v -1.398524 -0.033973 0.128926
v -1.401440 -0.033400 0.130602
v -1.403254 -0.021279 0.130757
v -1.401440 -0.033400 0.130602
v -1.403559 -0.033259 0.132547
v -1.394519 -0.021028 0.129521
v -1.395286 -0.033797 0.131778
v -1.447637 -0.038842 0.102235
v -1.456673 -0.039987 0.097776
v -1.446503 -0.039987 0.097776
v -1.447637 -0.038842 0.102235
v -1.455539 -0.026872 0.100045
v -1.455539 -0.038842 0.102235
v -1.455539 -0.038842 0.102235
v -1.456673 -0.027679 0.095227
v -1.456673 -0.039987 0.097776
v -1.455539 -0.041132 0.093317
v -1.455539 -0.028485 0.090409
v -1.447637 -0.041132 0.093317
v -1.456673 -0.027679 0.095227
v -1.447637 -0.026872 0.100045
v -1.446503 -0.027679 0.095227
v -1.447637 -0.028485 0.090409
v -1.447637 -0.041132 0.093317
v -1.446503 -0.027679 0.095227
v -1.446503 -0.039987 0.097776
v -1.447637 -0.038842 0.102235
v -1.447637 -0.026872 0.100045
v -1.455539 -0.041132 0.093317
v -1.447637 -0.028485 0.090409
v -1.447637 -0.041132 0.093317
v -1.447637 -0.035191 0.111996
v -1.456673 -0.036336 0.107538
v -1.446503 -0.036336 0.107538
v -1.447637 -0.035191 0.111996
v -1.455539 -0.025490 0.110210
v -1.455539 -0.035191 0.111996
v -1.455539 -0.035191 0.111996
v -1.456673 -0.026374 0.105406
v -1.456673 -0.036336 0.107538
v -1.455539 -0.037481 0.103079
v -1.455539 -0.027258 0.100602
v -1.455539 -0.037481 0.103079
v -1.447637 -0.037481 0.103079
v -1.456673 -0.026374 0.105406
v -1.447637 -0.025490 0.110210
v -1.446503 -0.026374 0.105406
v -1.447637 -0.027258 0.100602
v -1.447637 -0.037481 0.103079
v -1.446503 -0.026374 0.105406
v -1.446503 -0.036336 0.107538
v -1.447637 -0.035191 0.111996
v -1.447637 -0.025490 0.110210
v -1.455539 -0.037481 0.103079
v -1.447637 -0.027258 0.100602
v -1.447637 -0.037481 0.103079
v -1.447768 -0.032886 0.120603
v -1.448090 -0.035649 0.111848
v -1.442709 -0.033117 0.119016
v -1.447768 -0.032886 0.120603
v -1.452400 -0.025268 0.112884
v -1.451949 -0.034853 0.115033
v -1.451949 -0.034853 0.115033
v -1.448272 -0.025767 0.109473
v -1.448090 -0.035649 0.111848
v -1.443031 -0.035880 0.110261
v -1.442944 -0.025701 0.107661
v -1.443031 -0.035880 0.110261
v -1.438850 -0.033913 0.115832
v -1.448272 -0.025767 0.109473
v -1.448218 -0.023300 0.118454
v -1.442891 -0.023235 0.116642
v -1.442944 -0.025701 0.107661
v -1.438763 -0.023734 0.113231
v -1.438850 -0.033913 0.115832
v -1.442891 -0.023235 0.116642
v -1.442709 -0.033117 0.119016
v -1.448218 -0.023300 0.118454
v -1.447768 -0.032886 0.120603
v -1.438850 -0.033913 0.115832
v -1.442944 -0.025701 0.107661
v -1.438763 -0.023734 0.113231
v -1.441955 -0.031758 0.129775
v -1.435871 -0.032715 0.122437
v -1.434754 -0.031789 0.126936
v -1.434754 -0.031789 0.126936
v -1.442513 -0.019064 0.127850
v -1.441955 -0.031758 0.129775
v -1.445138 -0.032675 0.126091
v -1.442513 -0.019064 0.127850
v -1.445853 -0.019604 0.123839
v -1.446255 -0.033602 0.121593
v -1.447126 -0.020152 0.119014
v -1.445138 -0.032675 0.126091
v -1.439054 -0.033632 0.118754
v -1.436586 -0.019643 0.120185
v -1.442513 -0.019064 0.127850
v -1.435312 -0.019095 0.125011
v -1.439925 -0.020183 0.116175
v -1.445853 -0.019604 0.123839
v -1.439054 -0.033632 0.118754
v -1.436586 -0.019643 0.120185
v -1.435871 -0.032715 0.122437
v -1.435871 -0.032715 0.122437
v -1.435312 -0.019095 0.125011
v -1.434754 -0.031789 0.126936
v -1.447126 -0.020152 0.119014
v -1.439925 -0.020183 0.116175
v -1.435130 -0.032993 0.135392
v -1.434008 -0.033400 0.130602
v -1.431889 -0.033259 0.132547
v -1.431889 -0.033259 0.132547
v -1.435427 -0.021102 0.133591
v -1.435130 -0.032993 0.135392
v -1.438062 -0.033204 0.133662
v -1.435427 -0.021102 0.133591
v -1.438638 -0.021316 0.131641
v -1.440162 -0.033797 0.131778
v -1.440929 -0.021028 0.129521
v -1.438062 -0.033204 0.133662
v -1.436924 -0.033973 0.128926
v -1.434583 -0.021543 0.128576
v -1.435427 -0.021102 0.133591
v -1.432195 -0.021279 0.130757
v -1.437687 -0.021310 0.126656
v -1.438638 -0.021316 0.131641
v -1.436924 -0.033973 0.128926
v -1.434583 -0.021543 0.128576
v -1.434008 -0.033400 0.130602
v -1.432195 -0.021279 0.130757
v -1.431889 -0.033259 0.132547
v -1.440929 -0.021028 0.129521
v -1.437687 -0.021310 0.126656
v -1.342854 0.016973 0.006690
v -1.334153 0.017260 0.001219
v -1.334577 0.018223 0.001258
v -1.342854 0.016973 0.006690
v -1.345228 0.016277 0.021058
v -1.340414 0.010979 0.006442
v -1.339313 0.006660 0.009819
v -1.339313 0.006660 0.009819
v -1.331158 0.005891 0.005427
v -1.331674 0.008977 0.003113
v -1.331741 0.009080 0.001784
v -1.334175 0.016867 -0.001020
v -1.332535 0.011641 0.000964
v -1.329699 0.005636 0.009058
v -1.326870 0.000831 0.015473
v -1.329840 -0.002736 0.008776
v -1.332239 0.003977 0.000776
v -1.332041 0.009540 -0.004184
v -1.331901 -0.002619 0.007944
v -1.332239 0.003977 0.000776
v -1.329840 -0.002736 0.008776
v -1.324620 -0.004535 0.017414
v -1.327376 -0.008709 0.010907
v -1.329439 -0.008797 0.010091
v -1.327283 -0.005545 0.016066
v -1.327376 -0.008709 0.010907
v -1.324620 -0.004535 0.017414
v -1.331502 -0.008886 0.009276
v -1.333963 -0.002502 0.007112
v -1.329947 -0.006554 0.014718
v -1.329439 -0.008797 0.010091
v -1.328391 -0.004221 0.020159
v -1.325127 -0.002292 0.022040
v -1.321863 -0.000362 0.023922
v -1.331655 -0.006151 0.018278
v -1.332610 -0.007563 0.013369
v -1.331502 -0.008886 0.009276
v -1.334919 -0.008081 0.016397
v -1.335273 -0.008572 0.012021
v -1.333565 -0.008975 0.008460
v -1.338183 -0.010011 0.014516
v -1.337937 -0.009582 0.010673
v -1.335628 -0.009064 0.007645
v -1.341447 -0.011940 0.012635
v -1.340600 -0.010591 0.009325
v -1.337690 -0.009153 0.006829
v -1.344091 -0.004931 0.010280
v -1.340600 -0.010591 0.009325
v -1.341447 -0.011940 0.012635
v -1.343150 -0.003482 0.007032
v -1.339753 -0.009241 0.006014
v -1.357181 -0.018246 -0.003202
v -1.343150 -0.003482 0.007032
v -1.344091 -0.004931 0.010280
v -1.355895 -0.016970 -0.005817
v -1.342210 -0.002033 0.003785
v -1.365066 -0.023263 -0.011761
v -1.366216 -0.024323 -0.010043
v -1.363915 -0.022203 -0.013479
v -1.377093 -0.018281 -0.024067
v -1.373414 -0.017209 -0.024357
v -1.377093 -0.018281 -0.024067
v -1.380991 -0.002601 -0.027908
v -1.373414 -0.017209 -0.024357
v -1.380772 -0.019352 -0.023777
v -1.384495 -0.003288 -0.028337
v -1.384170 0.003739 -0.030830
v -1.387998 -0.003976 -0.028765
v -1.380550 0.014600 -0.031477
v -1.380522 0.003104 -0.030050
v -1.387818 0.004375 -0.031610
v -1.382497 0.015310 -0.031322
v -1.371525 0.031281 -0.027371
v -1.370029 0.030308 -0.027949
v -1.373021 0.032254 -0.026794
v -1.371525 0.031281 -0.027371
v -1.356654 0.039869 -0.013965
v -1.370029 0.030308 -0.027949
v -1.373021 0.032254 -0.026794
v -1.357516 0.041084 -0.013228
v -1.355966 0.040888 -0.012460
v -1.355303 0.039700 -0.013355
v -1.356630 0.042077 -0.011565
v -1.354416 0.040693 -0.011691
v -1.353951 0.039530 -0.012744
v -1.354882 0.041856 -0.010639
v -1.352600 0.039361 -0.012134
v -1.352867 0.040498 -0.010923
v -1.351249 0.039191 -0.011523
v -1.353134 0.041635 -0.009712
v -1.351317 0.040302 -0.010155
v -1.349898 0.039021 -0.010912
v -1.351385 0.041413 -0.008786
v -1.349767 0.040107 -0.009386
v -1.348547 0.038852 -0.010302
v -1.349637 0.041192 -0.007860
v -1.348218 0.039911 -0.008618
v -1.340285 0.030219 -0.003018
v -1.347889 0.040971 -0.006933
v -1.340108 0.030977 -0.000877
v -1.340462 0.029461 -0.005160
v -1.348218 0.039911 -0.008618
v -1.336055 0.021890 0.001792
v -1.335219 0.019812 0.001324
v -1.334577 0.018223 0.001258
v -1.336055 0.021890 0.001792
v -1.335219 0.019812 0.001324
v -1.343537 0.018521 0.007041
v -1.336591 0.023222 0.002093
v -1.336783 0.024016 0.002267
v -1.338207 0.035038 0.008179
v -1.344220 0.020069 0.007393
v -1.334978 0.029035 0.011865
v -1.337033 0.030013 0.015973
v -1.337222 0.029255 0.018073
v -1.337033 0.030013 0.015973
v -1.342753 0.037603 0.016359
v -1.346614 0.045075 -0.000409
v -1.339159 0.025445 0.031392
v -1.335440 0.024212 0.023488
v -1.351988 0.048974 0.008047
v -1.347300 0.040169 0.024539
v -1.354681 0.049246 0.006254
v -1.357362 0.052873 0.016502
v -1.351988 0.048974 0.008047
v -1.349117 0.045416 -0.001964
v -1.346614 0.045075 -0.000409
v -1.351619 0.045756 -0.003520
v -1.357374 0.049517 0.004461
v -1.360245 0.053076 0.014472
v -1.354122 0.046096 -0.005076
v -1.360067 0.049789 0.002667
v -1.363128 0.053278 0.012441
v -1.356624 0.046436 -0.006631
v -1.362759 0.050060 0.000874
v -1.366011 0.053481 0.010410
v -1.359127 0.046777 -0.008187
v -1.365452 0.050331 -0.000919
v -1.368894 0.053683 0.008379
v -1.361630 0.047117 -0.009743
v -1.368145 0.050603 -0.002712
v -1.371777 0.053886 0.006349
v -1.386287 0.039774 -0.016234
v -1.378767 0.036079 -0.024618
v -1.393807 0.043468 -0.007849
v -1.399003 0.022506 -0.022981
v -1.391983 0.018773 -0.030567
v -1.406023 0.026239 -0.015395
v -1.400739 0.007437 -0.022023
v -1.391983 0.018773 -0.030567
v -1.394718 0.005344 -0.029458
v -1.406760 0.009530 -0.014589
v -1.399003 0.022506 -0.022981
v -1.394086 -0.004071 -0.025397
v -1.398868 -0.003647 -0.018485
v -1.403651 -0.003223 -0.011574
v -1.387537 -0.020936 -0.017625
v -1.391871 -0.020622 -0.011322
v -1.396205 -0.020308 -0.005018
v -1.391871 -0.020622 -0.011322
v -1.370674 -0.028429 -0.003387
v -1.374521 -0.028204 0.002333
v -1.396205 -0.020308 -0.005018
v -1.378368 -0.027980 0.008053
v -1.368288 -0.020927 0.014892
v -1.364046 -0.021209 0.008665
v -1.347677 -0.006868 0.019709
v -1.351492 -0.006618 0.025311
v -1.343863 -0.007118 0.014106
v -1.351492 -0.006618 0.025311
v -1.344892 -0.013648 0.022160
v -1.348701 -0.013390 0.027777
v -1.347677 -0.006868 0.019709
v -1.341084 -0.013906 0.016543
v -1.348701 -0.013390 0.027777
v -1.340923 -0.011149 0.024670
v -1.344597 -0.010731 0.030435
v -1.344892 -0.013648 0.022160
v -1.337250 -0.011567 0.018905
v -1.336954 -0.008650 0.027180
v -1.340493 -0.008072 0.033092
v -1.333416 -0.009228 0.021268
v -1.332985 -0.006152 0.029690
v -1.336389 -0.005413 0.035750
v -1.329581 -0.006890 0.023630
v -1.329016 -0.003653 0.032200
v -1.332285 -0.002754 0.038407
v -1.325747 -0.004551 0.025992
v -1.325047 -0.001154 0.034710
v -1.328181 -0.000095 0.041065
v -1.321913 -0.002212 0.028355
v -1.321078 0.001345 0.037220
v -1.324077 0.002564 0.043722
v -1.318079 0.000127 0.030717
v -1.323076 0.005312 0.035542
v -1.318079 0.000127 0.030717
v -1.320122 0.004221 0.029009
v -1.323830 0.004660 0.038966
v -1.324691 0.005656 0.039590
v -1.324077 0.002564 0.043722
v -1.325099 0.015313 0.025057
v -1.327616 0.016470 0.030527
v -1.327630 0.010255 0.035569
v -1.325381 0.007677 0.036000
v -1.330388 0.017108 0.024571
v -1.330920 0.017982 0.037741
v -1.330472 0.017777 0.036762
v -1.330117 0.018036 0.034838
v -1.329675 0.017412 0.035023
v -1.330117 0.018036 0.034838
v -1.330432 0.017828 0.034635
v -1.327863 0.006041 0.034395
v -1.327630 0.010255 0.035569
v -1.329486 0.009032 0.034368
v -1.327218 0.004483 0.034715
v -1.325381 0.007677 0.036000
v -1.324353 0.006370 0.036568
v -1.325565 0.004483 0.035800
v -1.324141 0.004989 0.036728
v -1.327635 0.004011 0.035747
v -1.327218 0.004483 0.034715
v -1.327863 0.006041 0.034395
v -1.327023 0.003966 0.034851
v -1.325565 0.004483 0.035800
v -1.323968 0.004764 0.035426
v -1.324796 0.003945 0.032298
v -1.329725 0.003754 0.036776
v -1.328897 0.004573 0.039904
v -1.328877 0.004103 0.037565
v -1.329725 0.003754 0.036776
v -1.324848 -0.007599 0.038170
v -1.325101 -0.006870 0.040138
v -1.328897 0.004573 0.039904
v -1.324910 -0.006435 0.041843
v -1.325101 -0.006870 0.040138
v -1.322365 -0.006036 0.041144
v -1.324910 -0.006435 0.041843
v -1.324848 -0.007599 0.038170
v -1.322175 -0.006543 0.039104
v -1.322296 -0.007259 0.037483
v -1.323968 0.004764 0.035426
v -1.322175 -0.006543 0.039104
v -1.324015 0.004589 0.036816
v -1.324124 0.004467 0.038777
v -1.324141 0.004989 0.036728
v -1.324124 0.004467 0.038777
v -1.323427 0.004976 0.037196
v -1.324015 0.004589 0.036816
v -1.323830 0.004660 0.038966
v -1.324262 0.004822 0.039025
v -1.324691 0.005656 0.039590
v -1.325779 0.006822 0.039953
v -1.324963 0.006008 0.039715
v -1.325474 0.005173 0.039102
v -1.324262 0.004822 0.039025
v -1.325446 0.005159 0.039102
v -1.328897 0.004573 0.039904
v -1.325779 0.006822 0.039953
v -1.327656 0.008605 0.040763
v -1.326029 0.006402 0.042074
v -1.327250 0.007091 0.042334
v -1.327298 0.006054 0.043598
v -1.327659 0.005195 0.044718
v -1.330830 0.004732 0.040019
v -1.330598 0.004430 0.040756
v -1.329191 0.005031 0.042087
v -1.327298 0.006054 0.043598
v -1.329399 0.006290 0.045392
v -1.327659 0.005195 0.044718
v -1.330744 0.008387 0.043953
v -1.331728 0.010828 0.041728
v -1.339247 0.018450 0.049434
v -1.329441 0.005808 0.045433
v -1.332325 0.004759 0.043443
v -1.329954 0.007108 0.044860
v -1.329150 0.005726 0.045660
v -1.327659 0.005195 0.044718
v -1.328633 0.005430 0.045193
v -1.329383 0.005572 0.045509
v -1.329441 0.005808 0.045433
v -1.331863 0.005657 0.046723
v -1.329441 0.005808 0.045433
v -1.332325 0.004759 0.043443
v -1.331863 0.005657 0.046723
v -1.330473 -0.005094 0.048607
v -1.335136 0.005115 0.047093
v -1.335136 0.005115 0.047093
v -1.332787 0.004591 0.043123
v -1.328862 -0.004547 0.048096
v -1.330740 -0.005693 0.046025
v -1.328933 -0.005197 0.045046
v -1.326983 -0.004274 0.047175
v -1.327241 -0.004933 0.044602
v -1.330961 0.003859 0.040949
v -1.330598 0.004430 0.040756
v -1.329397 0.004629 0.040620
v -1.330740 -0.005693 0.046025
v -1.332670 0.004087 0.040990
v -1.328933 -0.005197 0.045046
v -1.332670 0.004087 0.040990
v -1.332123 0.004490 0.042194
v -1.331139 0.004341 0.040817
v -1.332952 0.005132 0.042921
v -1.332438 0.004538 0.042635
v -1.332123 0.004490 0.042194
v -1.330744 0.008387 0.043953
v -1.332952 0.005132 0.042921
v -1.333360 0.006664 0.042261
v -1.331139 0.004341 0.040817
v -1.330961 0.003859 0.040949
v -1.330830 0.004732 0.040019
v -1.330929 0.007284 0.038033
v -1.333360 0.006664 0.042261
v -1.331728 0.010828 0.041728
v -1.333726 0.009512 0.040436
v -1.331491 0.017097 0.036863
v -1.333726 0.009512 0.040436
v -1.333154 0.018136 0.038530
v -1.332187 0.018238 0.039316
v -1.331106 0.018020 0.037972
v -1.332392 0.018638 0.039023
v -1.332187 0.018238 0.039316
v -1.341614 0.019643 0.044036
v -1.332392 0.018638 0.039023
v -1.339159 0.025445 0.031392
v -1.331106 0.018020 0.037972
v -1.330867 0.017910 0.037783
v -1.331491 0.017097 0.036863
v -1.330867 0.017910 0.037783
v -1.331106 0.018020 0.037972
v -1.330581 0.017696 0.037452
v -1.330472 0.017777 0.036762
v -1.330581 0.017696 0.037452
v -1.329486 0.009032 0.034368
v -1.350053 0.030831 0.036764
v -1.349420 0.029752 0.037235
v -1.347495 0.025297 0.039845
v -1.349420 0.029752 0.037235
v -1.352746 0.022495 0.027529
v -1.349570 0.014621 0.029702
v -1.346247 0.023549 0.041751
v -1.351092 0.016941 0.029449
v -1.348331 0.013128 0.029693
v -1.343604 0.021210 0.043345
v -1.339247 0.018450 0.049434
v -1.339298 0.019671 0.048158
v -1.341614 0.019643 0.044036
v -1.350909 0.010596 0.032770
v -1.348331 0.013128 0.029693
v -1.349570 0.014621 0.029702
v -1.348655 0.009879 0.031669
v -1.350909 0.010596 0.032770
v -1.342684 0.018870 0.049979
v -1.360264 0.009032 0.039799
v -1.354823 0.009213 0.048828
v -1.336362 0.006060 0.052247
v -1.340225 0.018981 0.050281
v -1.342684 0.018870 0.049979
v -1.359164 0.000584 0.050739
v -1.355944 0.008426 0.049018
v -1.361382 0.009592 0.049430
v -1.355944 0.008426 0.049018
v -1.360264 0.009032 0.039799
v -1.361382 0.009592 0.049430
v -1.363483 0.013590 0.039454
v -1.365618 0.015652 0.049022
v -1.363251 0.012479 0.049407
v -1.351092 0.016941 0.029449
v -1.363483 0.013590 0.039454
v -1.363653 0.019328 0.036455
v -1.365614 0.023511 0.045512
v -1.365527 0.020945 0.046882
v -1.363653 0.019328 0.036455
v -1.365487 0.012900 0.050075
v -1.365618 0.015652 0.049022
v -1.368377 0.020738 0.047922
v -1.365324 0.025382 0.044398
v -1.369254 0.034277 0.040832
v -1.373495 0.033201 0.042109
v -1.373322 0.020380 0.049728
v -1.377735 0.032124 0.043387
v -1.371137 0.013966 0.051763
v -1.382793 0.039405 0.036947
v -1.376875 0.044252 0.034546
v -1.380410 0.042459 0.035294
v -1.370028 0.047726 0.033097
v -1.364873 0.027568 0.043466
v -1.359827 0.037485 0.039118
v -1.363447 0.020775 0.035533
v -1.365307 0.025466 0.044363
v -1.365324 0.025382 0.044398
v -1.363241 0.022222 0.034612
v -1.364873 0.027568 0.043466
v -1.355680 0.031344 0.041541
v -1.364873 0.027568 0.043466
v -1.363241 0.022222 0.034612
v -1.350053 0.030831 0.036764
v -1.354575 0.024104 0.027865
v -1.353155 0.023391 0.027313
v -1.363447 0.020775 0.035533
v -1.354575 0.024104 0.027865
v -1.363241 0.022222 0.034612
v -1.352746 0.022495 0.027529
v -1.353155 0.023391 0.027313
v -1.347300 0.040169 0.024539
v -1.370028 0.047726 0.033097
v -1.359827 0.037485 0.039118
v -1.376875 0.044252 0.034546
v -1.372325 0.048043 0.031247
v -1.378331 0.044440 0.033201
v -1.374622 0.048360 0.029397
v -1.379786 0.044629 0.031856
v -1.381436 0.042592 0.034219
v -1.382463 0.042725 0.033144
v -1.380410 0.042459 0.035294
v -1.384372 0.039980 0.035036
v -1.381436 0.042592 0.034219
v -1.382463 0.042725 0.033144
v -1.383582 0.039692 0.035991
v -1.378756 0.031845 0.041905
v -1.382793 0.039405 0.036947
v -1.383582 0.039692 0.035991
v -1.379777 0.031566 0.040424
v -1.384372 0.039980 0.035036
v -1.375229 0.019755 0.046048
v -1.374276 0.020068 0.047888
v -1.377735 0.032124 0.043387
v -1.372264 0.013440 0.050591
v -1.373322 0.020380 0.049728
v -1.373392 0.012913 0.049419
v -1.366979 0.007910 0.050489
v -1.372264 0.013440 0.050591
v -1.368028 0.007357 0.049480
v -1.369077 0.006805 0.048471
v -1.373392 0.012913 0.049419
v -1.362131 0.000687 0.047421
v -1.368028 0.007357 0.049480
v -1.369077 0.006805 0.048471
v -1.360648 0.000636 0.049080
v -1.366979 0.007910 0.050489
v -1.368028 0.007357 0.049480
v -1.359709 -0.005693 0.049640
v -1.358225 -0.005539 0.051284
v -1.359164 0.000584 0.050739
v -1.356741 -0.005384 0.052928
v -1.346863 -0.001845 0.049481
v -1.356741 -0.005384 0.052928
v -1.358225 -0.005539 0.051284
v -1.349538 -0.003439 0.047490
v -1.359709 -0.005693 0.049640
v -1.346316 0.004766 0.049577
v -1.356741 -0.005384 0.052928
v -1.344187 -0.000252 0.051472
v -1.334340 0.001968 0.053987
v -1.338051 -0.000385 0.051449
v -1.344187 -0.000252 0.051472
v -1.334340 0.001968 0.053987
v -1.341762 -0.002738 0.048910
v -1.345473 -0.005091 0.046371
v -1.352214 -0.005032 0.045500
v -1.361193 -0.005847 0.047996
v -1.354889 -0.006626 0.043509
v -1.362677 -0.006002 0.046353
v -1.349184 -0.007443 0.043832
v -1.352895 -0.009796 0.041293
v -1.357565 -0.008219 0.041518
v -1.364161 -0.006156 0.044709
v -1.356605 -0.012149 0.038754
v -1.357565 -0.008219 0.041518
v -1.360240 -0.009813 0.039528
v -1.360240 -0.009813 0.039528
v -1.365645 -0.006310 0.043065
v -1.359363 -0.005363 0.036287
v -1.360240 -0.009813 0.039528
v -1.362859 -0.002807 0.037136
v -1.362859 -0.002807 0.037136
v -1.365645 -0.006310 0.043065
v -1.368066 0.000894 0.040785
v -1.377036 -0.019541 0.027098
v -1.362859 -0.002807 0.037136
v -1.381161 -0.015532 0.031114
v -1.381161 -0.015532 0.031114
v -1.368066 0.000894 0.040785
v -1.384973 -0.012257 0.035019
v -1.377036 -0.019541 0.027098
v -1.390808 -0.021539 0.025149
v -1.386433 -0.026645 0.019164
v -1.393067 -0.018903 0.028238
v -1.359363 -0.005363 0.036287
v -1.405036 -0.018955 0.007417
v -1.405036 -0.018955 0.007417
v -1.414359 -0.000991 0.008957
v -1.413326 -0.001893 0.002136
v -1.406162 -0.013502 0.022505
v -1.408328 -0.016233 0.015656
v -1.408328 -0.016233 0.015656
v -1.411027 0.000799 0.015074
v -1.395326 -0.016267 0.031327
v -1.406162 -0.013502 0.022505
v -1.407695 0.002590 0.021192
v -1.412602 0.006735 0.015856
v -1.416494 0.007622 0.009426
v -1.413096 0.018284 0.015095
v -1.414050 0.019373 0.011200
v -1.412142 0.017196 0.018990
v -1.397012 0.007596 0.031534
v -1.410552 0.007866 0.020839
v -1.407695 0.002590 0.021192
v -1.401903 0.017911 0.029602
v -1.412142 0.017196 0.018990
v -1.379041 0.018507 0.038688
v -1.383861 0.030449 0.034498
v -1.405112 0.028547 0.026588
v -1.387530 0.041131 0.031213
v -1.405336 0.034306 0.022576
v -1.405112 0.028547 0.026588
v -1.405149 0.035891 0.019182
v -1.386569 0.043256 0.028844
v -1.405149 0.035891 0.019182
v -1.405336 0.034306 0.022576
v -1.385609 0.045381 0.026476
v -1.404822 0.039029 0.012668
v -1.404822 0.039029 0.012668
v -1.415898 0.021480 0.003655
v -1.383809 0.049628 0.021996
v -1.406023 0.026239 -0.015395
v -1.416801 0.007844 0.002143
v -1.374661 0.054088 0.004318
v -1.381512 0.049311 0.023846
v -1.384153 0.045193 0.027821
v -1.379215 0.048994 0.025696
v -1.385543 0.043123 0.029919
v -1.382698 0.045005 0.029166
v -1.386740 0.040843 0.032168
v -1.384516 0.042990 0.030994
v -1.387530 0.041131 0.031213
v -1.382840 0.030728 0.035979
v -1.385951 0.040556 0.033124
v -1.386740 0.040843 0.032168
v -1.383861 0.030449 0.034498
v -1.387530 0.041131 0.031213
v -1.378088 0.018819 0.040528
v -1.381819 0.031008 0.037461
v -1.379041 0.018507 0.038688
v -1.376775 0.011334 0.045903
v -1.377135 0.019131 0.042368
v -1.377902 0.010808 0.044731
v -1.372224 0.005147 0.045443
v -1.375647 0.011861 0.047075
v -1.376775 0.011334 0.045903
v -1.373273 0.004594 0.044434
v -1.377902 0.010808 0.044731
v -1.372224 0.005147 0.045443
v -1.373273 0.004594 0.044434
v -1.366582 0.000842 0.042444
v -1.371175 0.005699 0.046452
v -1.365098 0.000791 0.044103
v -1.364161 -0.006156 0.044709
v -1.362677 -0.006002 0.046353
v -1.366582 0.000842 0.042444
v -1.363615 0.000739 0.045762
v -1.361193 -0.005847 0.047996
v -1.365098 0.000791 0.044103
v -1.370126 0.006252 0.047462
v -1.362131 0.000687 0.047421
v -1.363615 0.000739 0.045762
v -1.371175 0.005699 0.046452
v -1.374519 0.012387 0.048247
v -1.370126 0.006252 0.047462
v -1.374519 0.012387 0.048247
v -1.376182 0.019443 0.044208
v -1.375647 0.011861 0.047075
v -1.380798 0.031287 0.038942
v -1.385161 0.040268 0.034080
v -1.385161 0.040268 0.034080
v -1.383489 0.042858 0.032069
v -1.385951 0.040556 0.033124
v -1.381242 0.044817 0.030511
v -1.376918 0.048677 0.027547
v -1.393206 -0.003769 0.040138
v -1.388785 -0.008982 0.038924
v -1.388785 -0.008982 0.038924
v -1.399846 -0.012305 0.032376
v -1.395326 -0.016267 0.031327
v -1.399846 -0.012305 0.032376
v -1.397012 0.007596 0.031534
v -1.356605 -0.012149 0.038754
v -1.359363 -0.005363 0.036287
v -1.356605 -0.012149 0.038754
v -1.329226 0.004551 0.037724
v -1.327980 0.009227 0.039939
v -1.330830 0.004732 0.040019
v -1.327250 0.007091 0.042334
v -1.327656 0.008605 0.040763
v -1.330598 0.004430 0.040756
v -1.329191 0.005031 0.042087
v -1.329397 0.004629 0.040620
v -1.329397 0.004629 0.040620
v -1.329074 0.004884 0.042449
v -1.328636 0.004551 0.044086
v -1.327298 0.006054 0.043598
v -1.328636 0.004551 0.044086
v -1.330740 -0.005693 0.046025
v -1.335136 0.005115 0.047093
v -1.335763 0.003895 0.042638
v -1.324848 -0.007599 0.038170
v -1.324796 0.003945 0.032298
v -1.322296 -0.007259 0.037483
v -1.330388 0.017108 0.024571
v -1.325099 0.015313 0.025057
v -1.342830 0.009219 0.023334
v -1.342830 0.009219 0.023334
v -1.325099 0.015313 0.025057
v -1.325096 0.015317 0.025028
v -1.324311 0.014958 0.023314
v -1.324721 0.015738 0.022819
v -1.325096 0.015317 0.025028
v -1.323900 0.004399 0.022171
v -1.327694 0.011649 0.018267
v -1.325205 0.015657 0.021645
v -1.327694 0.011649 0.018267
v -1.328776 0.007128 0.012847
v -1.339593 0.005530 0.013782
v -1.328776 0.007128 0.012847
v -1.339313 0.006660 0.009819
v -1.329489 0.005293 0.010790
v -1.329699 0.005636 0.009058
v -1.342529 0.009647 0.020778
v -1.339593 0.005530 0.013782
v -1.344326 0.012675 0.023961
v -1.342830 0.009219 0.023334
v -1.331136 0.018796 0.022805
v -1.344326 0.012675 0.023961
v -1.344636 0.014063 0.022642
v -1.345228 0.016277 0.021058
v -1.347186 0.021866 0.019572
v -1.336632 0.028187 0.018620
v -1.333804 0.023670 0.020010
v -1.347463 0.022747 0.019169
v -1.343537 0.018521 0.007041
v -1.347186 0.021866 0.019572
v -1.347386 0.023290 0.017578
v -1.337222 0.029255 0.018073
v -1.347463 0.022747 0.019169
v -1.347386 0.023290 0.017578
v -1.347463 0.022747 0.019169
v -1.321863 -0.000362 0.023922
v -1.341084 -0.013906 0.016543
v -1.343863 -0.007118 0.014106
v -1.359804 -0.021492 0.002438
v -1.387537 -0.020936 -0.017625
v -1.387537 -0.020936 -0.017625
v -1.394718 0.005344 -0.029458
v -1.394086 -0.004071 -0.025397
v -1.384443 0.016021 -0.031168
v -1.378767 0.036079 -0.024618
v -1.358378 0.042299 -0.012491
v -1.347889 0.040971 -0.006933
v -1.334226 0.015954 -0.006218
v -1.348053 0.035472 -0.012766
v -1.340817 0.027945 -0.009443
v -1.336301 0.015768 -0.006454
v -1.340817 0.027945 -0.009443
v -1.334226 0.015954 -0.006218
v -1.342577 0.027749 -0.009867
v -1.348053 0.035472 -0.012766
v -1.344337 0.027554 -0.010292
v -1.349199 0.035800 -0.013211
v -1.338375 0.015583 -0.006690
v -1.348547 0.038852 -0.010302
v -1.350345 0.036128 -0.013657
v -1.349898 0.039021 -0.010912
v -1.346097 0.027358 -0.010716
v -1.351491 0.036456 -0.014102
v -1.351249 0.039191 -0.011523
v -1.347856 0.027163 -0.011140
v -1.352637 0.036784 -0.014548
v -1.351491 0.036456 -0.014102
v -1.340449 0.015398 -0.006926
v -1.342523 0.015213 -0.007162
v -1.336618 0.008096 -0.005990
v -1.335092 0.008577 -0.005388
v -1.338144 0.007615 -0.006593
v -1.336284 0.002421 -0.000967
v -1.334935 0.002939 -0.000386
v -1.337632 0.001902 -0.001548
v -1.338086 -0.002267 0.005448
v -1.336284 0.002421 -0.000967
v -1.336025 -0.002385 0.006280
v -1.334935 0.002939 -0.000386
v -1.333963 -0.002502 0.007112
v -1.336025 -0.002385 0.006280
v -1.335628 -0.009064 0.007645
v -1.338086 -0.002267 0.005448
v -1.333565 -0.008975 0.008460
v -1.333587 0.003458 0.000195
v -1.337690 -0.009153 0.006829
v -1.340148 -0.002150 0.004617
v -1.340148 -0.002150 0.004617
v -1.337632 0.001902 -0.001548
v -1.339753 -0.009241 0.006014
v -1.342210 -0.002033 0.003785
v -1.338980 0.001383 -0.002129
v -1.340328 0.000865 -0.002710
v -1.339669 0.007134 -0.007195
v -1.338980 0.001383 -0.002129
v -1.341195 0.006652 -0.007797
v -1.344597 0.015027 -0.007398
v -1.346671 0.014842 -0.007634
v -1.349616 0.026967 -0.011565
v -1.352637 0.036784 -0.014548
v -1.351376 0.026772 -0.011989
v -1.353783 0.037112 -0.014994
v -1.353783 0.037112 -0.014994
v -1.354929 0.037440 -0.015439
v -1.354929 0.037440 -0.015439
v -1.366626 0.024190 -0.028486
v -1.363482 0.013561 -0.025379
v -1.376658 0.013179 -0.031787
v -1.375069 0.003849 -0.029938
v -1.360571 0.003470 -0.020614
v -1.373983 -0.001227 -0.027051
v -1.352046 -0.008429 -0.018762
v -1.361906 -0.016600 -0.021915
v -1.352046 -0.008429 -0.018762
v -1.340328 0.000865 -0.002710
v -1.352035 -0.013142 -0.013665
v -1.361906 -0.016600 -0.021915
v -1.352035 -0.013142 -0.013665
v -1.361614 -0.020083 -0.016915
v -1.354608 -0.015694 -0.008433
v -1.340328 0.000865 -0.002710
v -1.333567 0.009059 -0.004786
v -1.332041 0.009540 -0.004184
v -1.338288 -0.003925 0.053271
v -1.339708 -0.005926 0.047736
v -1.337123 -0.004690 0.048582
v -1.337123 -0.004690 0.048582
v -1.340838 0.003538 0.051330
v -1.338288 -0.003925 0.053271
v -1.341207 -0.004941 0.053771
v -1.340838 0.003538 0.051330
v -1.344020 0.002707 0.051753
v -1.343792 -0.006177 0.052926
v -1.346868 0.001656 0.050829
v -1.341207 -0.004941 0.053771
v -1.342627 -0.006942 0.048236
v -1.342521 0.001722 0.045717
v -1.340838 0.003538 0.051330
v -1.339673 0.002773 0.046641
v -1.345703 0.000891 0.046140
v -1.344020 0.002707 0.051753
v -1.342627 -0.006942 0.048236
v -1.342521 0.001722 0.045717
v -1.339708 -0.005926 0.047736
v -1.339673 0.002773 0.046641
v -1.337123 -0.004690 0.048582
v -1.342627 -0.006942 0.048236
v -1.346868 0.001656 0.050829
v -1.345703 0.000891 0.046140
v -1.479547 0.019814 0.036865
v -1.479119 0.020966 0.047073
v -1.479114 0.021911 0.046611
v -1.479547 0.019814 0.036865
v -1.490596 0.016464 0.027963
v -1.479473 0.013929 0.039569
v -1.482151 0.009032 0.039242
v -1.482151 0.009032 0.039242
v -1.482200 0.008954 0.048536
v -1.480502 0.012430 0.048960
v -1.479348 0.012782 0.049530
v -1.477119 0.021002 0.048155
v -1.478706 0.015466 0.049034
v -1.485976 0.007991 0.048094
v -1.492011 0.002011 0.047860
v -1.484209 -0.000173 0.048737
v -1.477355 0.007971 0.049961
v -1.474166 0.014366 0.052089
v -1.482518 0.000137 0.047323
v -1.477355 0.007971 0.049961
v -1.484209 -0.000173 0.048737
v -1.493831 -0.003667 0.049304
v -1.486190 -0.006486 0.050322
v -1.484477 -0.006381 0.048914
v -1.482518 0.000137 0.047323
v -1.491210 -0.004354 0.047695
v -1.486190 -0.006486 0.050322
v -1.493831 -0.003667 0.049304
v -1.482763 -0.006276 0.047507
v -1.480827 0.000447 0.045909
v -1.488588 -0.005041 0.046087
v -1.484477 -0.006381 0.048914
v -1.494413 -0.003806 0.044667
v -1.497942 -0.002327 0.046476
v -1.501472 -0.000848 0.048285
v -1.490884 -0.005286 0.042858
v -1.485967 -0.005728 0.044479
v -1.482763 -0.006276 0.047507
v -1.487355 -0.006765 0.041048
v -1.483346 -0.006415 0.042870
v -1.481050 -0.006171 0.046100
v -1.483826 -0.008244 0.039239
v -1.480724 -0.007102 0.041262
v -1.479336 -0.006066 0.044692
v -1.480297 -0.009723 0.037430
v -1.478103 -0.007789 0.039654
v -1.477623 -0.005961 0.043285
v -1.478216 -0.002348 0.035716
v -1.478103 -0.007789 0.039654
v -1.480297 -0.009723 0.037430
v -1.476139 -0.000330 0.037984
v -1.475909 -0.005856 0.041877
v -1.458002 -0.012635 0.031722
v -1.476139 -0.000330 0.037984
v -1.478216 -0.002348 0.035716
v -1.456604 -0.010912 0.034003
v -1.474062 0.001688 0.040252
v -1.445972 -0.015799 0.029300
v -1.446704 -0.017142 0.027551
v -1.445240 -0.014455 0.031049
v -1.430463 -0.008362 0.024294
v -1.432181 -0.007323 0.027570
v -1.430463 -0.008362 0.024294
v -1.428009 0.007831 0.021541
v -1.432181 -0.007323 0.027570
v -1.428743 -0.009400 0.021018
v -1.425825 0.007302 0.018733
v -1.425066 0.014667 0.019680
v -1.423641 0.006773 0.015925
v -1.428153 0.025385 0.022338
v -1.427391 0.013827 0.022546
v -1.422742 0.015506 0.016814
v -1.427467 0.026089 0.020508
v -1.438946 0.040821 0.027010
v -1.439006 0.039947 0.028668
v -1.438885 0.041696 0.025352
v -1.438946 0.040821 0.027010
v -1.459135 0.046448 0.032954
v -1.439006 0.039947 0.028668
v -1.438885 0.041696 0.025352
v -1.459561 0.047518 0.031755
v -1.460936 0.047152 0.032758
v -1.460284 0.046141 0.033856
v -1.459561 0.047518 0.031755
v -1.461589 0.048163 0.031659
v -1.460936 0.047152 0.032758
v -1.462312 0.046786 0.033760
v -1.461432 0.045835 0.034759
v -1.463191 0.047738 0.032762
v -1.462580 0.045528 0.035661
v -1.463687 0.046421 0.034763
v -1.463728 0.045221 0.036564
v -1.464794 0.047314 0.033864
v -1.465062 0.046055 0.035765
v -1.464877 0.044914 0.037466
v -1.466396 0.046889 0.034967
v -1.466437 0.045689 0.036768
v -1.466025 0.044607 0.038369
v -1.467998 0.046465 0.036070
v -1.467813 0.045324 0.037771
v -1.474770 0.034603 0.042760
v -1.469601 0.046040 0.037172
v -1.476824 0.034940 0.041833
v -1.472715 0.034266 0.043687
v -1.467813 0.045324 0.037771
v -1.479494 0.025439 0.044785
v -1.479136 0.023472 0.045898
v -1.479114 0.021911 0.046611
v -1.479494 0.025439 0.044785
v -1.479136 0.023472 0.045898
v -1.479787 0.021280 0.035983
v -1.479724 0.026701 0.044072
v -1.479919 0.027450 0.043762
v -1.486216 0.037183 0.038855
v -1.480026 0.022746 0.035100
v -1.489895 0.030535 0.040368
v -1.492594 0.030758 0.036530
v -1.494171 0.029621 0.035416
v -1.492594 0.030758 0.036530
v -1.491475 0.038244 0.030769
v -1.476527 0.048816 0.034854
v -1.491475 0.038244 0.030769
v -1.486216 0.037183 0.038855
v -1.476527 0.048816 0.034854
v -1.503991 0.023403 0.027634
v -1.498800 0.023615 0.034764
v -1.481853 0.051149 0.025812
v -1.496734 0.039305 0.022683
v -1.479059 0.051804 0.024295
v -1.487180 0.053482 0.016770
v -1.474040 0.049490 0.033384
v -1.471554 0.050164 0.031914
v -1.476265 0.052458 0.022777
v -1.484078 0.054118 0.015205
v -1.469067 0.050838 0.030444
v -1.473470 0.053113 0.021259
v -1.480976 0.054753 0.013640
v -1.466580 0.051512 0.028974
v -1.470676 0.053768 0.019742
v -1.477873 0.055389 0.012074
v -1.464094 0.052186 0.027504
v -1.467881 0.054423 0.018224
v -1.474771 0.056024 0.010509
v -1.461607 0.052860 0.026034
v -1.465087 0.055078 0.016706
v -1.471669 0.056660 0.008944
v -1.442825 0.047333 0.008125
v -1.438634 0.045148 0.018995
v -1.447016 0.049519 -0.002745
v -1.427879 0.031888 0.001533
v -1.438634 0.045148 0.018995
v -1.424123 0.029523 0.011587
v -1.431634 0.034253 -0.008520
v -1.442825 0.047333 0.008125
v -1.425239 0.016944 0.000692
v -1.421415 0.016180 0.009675
v -1.429062 0.017708 -0.008291
v -1.423566 0.006157 0.008995
v -1.427250 0.005359 0.001471
v -1.430935 0.004560 -0.006053
v -1.430468 -0.011990 0.012275
v -1.433829 -0.012790 0.005443
v -1.437190 -0.013590 -0.001389
v -1.433829 -0.012790 0.005443
v -1.449539 -0.022347 0.020776
v -1.452620 -0.023134 0.014656
v -1.437190 -0.013590 -0.001389
v -1.455701 -0.023921 0.008535
v -1.467673 -0.018473 0.013547
v -1.464338 -0.017655 0.020260
v -1.484228 -0.005961 0.028212
v -1.487229 -0.006702 0.022174
v -1.481227 -0.005220 0.034249
v -1.487229 -0.006702 0.022174
v -1.486499 -0.013133 0.029985
v -1.489517 -0.013869 0.023946
v -1.484228 -0.005961 0.028212
v -1.483482 -0.012397 0.036025
v -1.489517 -0.013869 0.023946
v -1.491008 -0.011226 0.032068
v -1.494246 -0.011835 0.026063
v -1.486499 -0.013133 0.029985
v -1.487771 -0.010618 0.038072
v -1.495517 -0.009320 0.034150
v -1.498974 -0.009802 0.028181
v -1.492060 -0.008838 0.040119
v -1.500026 -0.007414 0.036232
v -1.503702 -0.007769 0.030298
v -1.496349 -0.007059 0.042166
v -1.504534 -0.005508 0.038314
v -1.508431 -0.005736 0.032415
v -1.500638 -0.005279 0.044213
v -1.509043 -0.003601 0.040396
v -1.513159 -0.003703 0.034533
v -1.504927 -0.003500 0.046259
v -1.513552 -0.001695 0.042478
v -1.517887 -0.001670 0.036650
v -1.509216 -0.001721 0.048306
v -1.511835 0.002553 0.041235
v -1.509216 -0.001721 0.048306
v -1.507474 0.002660 0.047028
v -1.514294 0.001281 0.038985
v -1.514584 0.002158 0.037858
v -1.517887 -0.001670 0.036650
v -1.503604 0.014388 0.043730
v -1.507278 0.014540 0.038823
v -1.510514 0.007487 0.036866
v -1.511524 0.004832 0.038821
v -1.498800 0.023615 0.034764
v -1.507278 0.014540 0.038823
v -1.500939 0.016341 0.039201
v -1.512126 0.014725 0.032365
v -1.511469 0.014700 0.033241
v -1.510036 0.015310 0.034453
v -1.510300 0.014655 0.034798
v -1.510036 0.015310 0.034453
v -1.509673 0.015151 0.034290
v -1.508661 0.003575 0.037541
v -1.510514 0.007487 0.036866
v -1.508372 0.006547 0.035908
v -1.508977 0.001973 0.038070
v -1.511524 0.004832 0.038821
v -1.512801 0.002530 0.039952
v -1.512281 0.003423 0.039546
v -1.512280 0.002032 0.039760
v -1.509577 0.001322 0.037247
v -1.508977 0.001973 0.038070
v -1.508661 0.003575 0.037541
v -1.509098 0.001436 0.038214
v -1.510708 0.001737 0.038996
v -1.511209 0.002053 0.040551
v -1.507983 0.001855 0.041386
v -1.509403 0.000914 0.034945
v -1.512629 0.001113 0.034110
v -1.510551 0.001092 0.035283
v -1.509403 0.000914 0.034945
v -1.510986 -0.010586 0.039400
v -1.512678 -0.010237 0.038182
v -1.512629 0.001113 0.034110
v -1.514307 -0.010135 0.037500
v -1.512678 -0.010237 0.038182
v -1.515010 -0.009659 0.040030
v -1.514307 -0.010135 0.037500
v -1.510986 -0.010586 0.039400
v -1.513265 -0.009775 0.041211
v -1.511691 -0.010170 0.041936
v -1.511209 0.002053 0.040551
v -1.513265 -0.009775 0.041211
v -1.512347 0.001620 0.039858
v -1.513955 0.001133 0.038833
v -1.512280 0.002032 0.039760
v -1.513955 0.001133 0.038833
v -1.513026 0.001918 0.040161
v -1.512347 0.001620 0.039858
v -1.514294 0.001281 0.038985
v -1.514163 0.001438 0.038567
v -1.514584 0.002158 0.037858
v -1.514571 0.003254 0.036645
v -1.514622 0.002485 0.037534
v -1.513703 0.001790 0.037443
v -1.514163 0.001438 0.038567
v -1.513714 0.001776 0.037469
v -1.512629 0.001113 0.034110
v -1.514571 0.003254 0.036645
v -1.514668 0.004887 0.034481
v -1.516197 0.002446 0.035442
v -1.515948 0.003097 0.034198
v -1.516828 0.001841 0.033629
v -1.517464 0.000792 0.032843
v -1.511819 0.001284 0.032352
v -1.512511 0.000844 0.032226
v -1.514438 0.001156 0.032774
v -1.516828 0.001841 0.033629
v -1.517391 0.001773 0.030915
v -1.517464 0.000792 0.032843
v -1.515870 0.004129 0.030269
v -1.513910 0.006964 0.030289
v -1.518203 0.013133 0.019449
v -1.517321 0.001293 0.030896
v -1.514036 0.000692 0.029404
v -1.516808 0.002687 0.030622
v -1.517643 0.001164 0.031047
v -1.517464 0.000792 0.032843
v -1.517441 0.000952 0.031745
v -1.517374 0.001046 0.030926
v -1.517321 0.001293 0.030896
v -1.517229 0.000946 0.028170
v -1.517321 0.001293 0.030896
v -1.514036 0.000692 0.029404
v -1.517229 0.000946 0.028170
v -1.517648 -0.009991 0.029294
v -1.515867 0.000406 0.025171
v -1.515867 0.000406 0.025171
v -1.513509 0.000596 0.029165
v -1.518084 -0.009388 0.030907
v -1.515200 -0.010087 0.030343
v -1.515321 -0.009449 0.032354
v -1.518252 -0.008981 0.032971
v -1.515806 -0.009137 0.034027
v -1.512401 0.000254 0.031859
v -1.512511 0.000844 0.032226
v -1.513010 0.001043 0.033326
v -1.515200 -0.010087 0.030343
v -1.511649 0.000501 0.030327
v -1.515321 -0.009449 0.032354
v -1.511649 0.000501 0.030327
v -1.513016 0.000660 0.030199
v -1.512286 0.000755 0.031730
v -1.513350 0.001169 0.029077
v -1.513250 0.000629 0.029708
v -1.513016 0.000660 0.030199
v -1.515870 0.004129 0.030269
v -1.513350 0.001169 0.029077
v -1.512853 0.002805 0.028920
v -1.512286 0.000755 0.031730
v -1.512401 0.000254 0.031859
v -1.511819 0.001284 0.032352
v -1.510512 0.004166 0.033024
v -1.512853 0.002805 0.028920
v -1.513910 0.006964 0.030289
v -1.511606 0.005952 0.029259
v -1.510943 0.014032 0.032352
v -1.511606 0.005952 0.029259
v -1.511748 0.014769 0.030021
v -1.512908 0.014702 0.030484
v -1.512241 0.014722 0.032089
v -1.512627 0.015155 0.030414
v -1.512908 0.014702 0.030484
v -1.512636 0.015367 0.019872
v -1.512627 0.015155 0.030414
v -1.503991 0.023403 0.027634
v -1.512241 0.014722 0.032089
v -1.512176 0.014645 0.032397
v -1.512126 0.014725 0.032365
v -1.510943 0.014032 0.032352
v -1.512176 0.014645 0.032397
v -1.512241 0.014722 0.032089
v -1.511994 0.014493 0.032822
v -1.512126 0.014725 0.032365
v -1.512176 0.014645 0.032397
v -1.511469 0.014700 0.033241
v -1.511994 0.014493 0.032822
v -1.508372 0.006547 0.035908
v -1.504260 0.027880 0.015127
v -1.504782 0.026721 0.015537
v -1.507178 0.021818 0.016307
v -1.504782 0.026721 0.015537
v -1.493587 0.021489 0.017820
v -1.495618 0.013288 0.020152
v -1.509112 0.019719 0.016619
v -1.495068 0.015642 0.018767
v -1.495951 0.011801 0.021353
v -1.511352 0.017073 0.018344
v -1.518203 0.013133 0.019449
v -1.517296 0.014574 0.019922
v -1.512636 0.015367 0.019872
v -1.496901 0.008782 0.017816
v -1.495951 0.011801 0.021353
v -1.495618 0.013288 0.020152
v -1.496924 0.008244 0.020369
v -1.496901 0.008782 0.017816
v -1.517079 0.013507 0.016150
v -1.498127 0.006095 0.006386
v -1.508535 0.004468 0.006810
v -1.519857 0.000383 0.021560
v -1.518548 0.013513 0.018147
v -1.517079 0.013507 0.016150
v -1.506571 -0.004285 0.002749
v -1.508018 0.003680 0.005798
v -1.505941 0.004848 0.000755
v -1.508018 0.003680 0.005798
v -1.498127 0.006095 0.006386
v -1.505941 0.004848 0.000755
v -1.497065 0.010695 0.003391
v -1.504594 0.010954 -0.003211
v -1.505518 0.007722 -0.001086
v -1.495068 0.015642 0.018767
v -1.497065 0.010695 0.003391
v -1.495408 0.016898 0.004246
v -1.502953 0.019332 -0.002121
v -1.503723 0.016554 -0.002506
v -1.495408 0.016898 0.004246
v -1.505082 0.008051 -0.003393
v -1.504594 0.010954 -0.003211
v -1.503200 0.016207 -0.005481
v -1.502464 0.021375 -0.001475
v -1.499050 0.030854 -0.003876
v -1.497905 0.029635 -0.008116
v -1.502291 0.015606 -0.010645
v -1.496760 0.028416 -0.012355
v -1.503979 0.008884 -0.009224
v -1.490055 0.036874 -0.014246
v -1.491705 0.041976 -0.008286
v -1.490323 0.040140 -0.011601
v -1.494381 0.045533 -0.001865
v -1.502263 0.023688 -0.000799
v -1.502702 0.034152 0.004949
v -1.494970 0.018488 0.004758
v -1.502456 0.021463 -0.001449
v -1.502464 0.021375 -0.001475
v -1.494531 0.020079 0.005270
v -1.502263 0.023688 -0.000799
v -1.505720 0.027588 0.007880
v -1.502263 0.023688 -0.000799
v -1.494531 0.020079 0.005270
v -1.504260 0.027880 0.015127
v -1.493269 0.023039 0.015938
v -1.493360 0.022417 0.017499
v -1.494970 0.018488 0.004758
v -1.493269 0.023039 0.015938
v -1.494531 0.020079 0.005270
v -1.493587 0.021489 0.017820
v -1.493360 0.022417 0.017499
v -1.496734 0.039305 0.022683
v -1.491705 0.041976 -0.008286
v -1.491738 0.046236 -0.003012
v -1.489879 0.042442 -0.008930
v -1.489094 0.046939 -0.004160
v -1.488054 0.042907 -0.009573
v -1.488927 0.040492 -0.011994
v -1.487531 0.040845 -0.012388
v -1.490323 0.040140 -0.011601
v -1.487751 0.037829 -0.014756
v -1.488903 0.037351 -0.014501
v -1.494946 0.028441 -0.012518
v -1.490055 0.036874 -0.014246
v -1.488903 0.037351 -0.014501
v -1.493133 0.028465 -0.012681
v -1.487751 0.037829 -0.014756
v -1.498104 0.015723 -0.010504
v -1.500198 0.015665 -0.010575
v -1.496760 0.028416 -0.012355
v -1.502336 0.008610 -0.009610
v -1.502291 0.015606 -0.010645
v -1.500694 0.008335 -0.009995
v -1.503847 0.003101 -0.004521
v -1.502377 0.002768 -0.004913
v -1.500908 0.002436 -0.005306
v -1.502307 -0.003502 0.001733
v -1.504439 -0.003893 0.002241
v -1.504273 -0.010230 0.003271
v -1.506428 -0.010416 0.003771
v -1.506571 -0.004285 0.002749
v -1.508583 -0.010603 0.004270
v -1.511026 -0.006661 0.014295
v -1.508583 -0.010603 0.004270
v -1.506428 -0.010416 0.003771
v -1.507746 -0.007801 0.013027
v -1.504273 -0.010230 0.003271
v -1.512523 -0.000198 0.014228
v -1.508583 -0.010603 0.004270
v -1.514305 -0.005522 0.015562
v -1.521617 -0.004001 0.022804
v -1.517234 -0.005763 0.020950
v -1.514305 -0.005522 0.015562
v -1.521617 -0.004001 0.022804
v -1.512850 -0.007525 0.019097
v -1.508467 -0.009287 0.017244
v -1.504467 -0.008940 0.011760
v -1.502118 -0.010044 0.002772
v -1.501187 -0.010079 0.010492
v -1.499963 -0.009858 0.002272
v -1.504084 -0.011049 0.015390
v -1.499701 -0.012811 0.013537
v -1.497908 -0.011218 0.009225
v -1.497808 -0.009672 0.001772
v -1.495318 -0.014573 0.011684
v -1.497908 -0.011218 0.009225
v -1.494628 -0.012358 0.007958
v -1.494628 -0.012358 0.007958
v -1.495653 -0.009486 0.001273
v -1.493047 -0.007393 0.009940
v -1.494628 -0.012358 0.007958
v -1.492527 -0.004979 0.006284
v -1.495653 -0.009486 0.001273
v -1.493779 -0.001937 -0.000297
v -1.474145 -0.019252 -0.000052
v -1.492527 -0.004979 0.006284
v -1.476288 -0.015997 -0.005885
v -1.493779 -0.001937 -0.000297
v -1.478361 -0.013447 -0.011335
v -1.474145 -0.019252 -0.000052
v -1.465457 -0.020590 -0.011015
v -1.461556 -0.024556 -0.003938
v -1.476288 -0.015997 -0.005885
v -1.467471 -0.018543 -0.014669
v -1.493047 -0.007393 0.009940
v -1.443813 -0.014444 -0.015169
v -1.443813 -0.014444 -0.015169
v -1.443743 0.003077 -0.025415
v -1.438238 0.003460 -0.021179
v -1.443813 -0.014444 -0.015169
v -1.457154 -0.011915 -0.023787
v -1.449757 -0.013264 -0.022197
v -1.449757 -0.013264 -0.022197
v -1.450914 0.003619 -0.025564
v -1.469485 -0.016495 -0.018323
v -1.457154 -0.011915 -0.023787
v -1.458084 0.004162 -0.025713
v -1.451854 0.009330 -0.027763
v -1.444610 0.011485 -0.028157
v -1.452971 0.020822 -0.028702
v -1.449358 0.022643 -0.027754
v -1.456584 0.019001 -0.029649
v -1.472996 0.006927 -0.021695
v -1.457315 0.009462 -0.028441
v -1.470765 0.017510 -0.025826
v -1.489729 0.015957 -0.010222
v -1.485880 0.028562 -0.013333
v -1.468477 0.028582 -0.027992
v -1.483144 0.039739 -0.015775
v -1.465930 0.034997 -0.026702
v -1.463385 0.037191 -0.025034
v -1.481948 0.042254 -0.013962
v -1.463385 0.037191 -0.025034
v -1.465930 0.034997 -0.026702
v -1.480752 0.044769 -0.012148
v -1.458503 0.041495 -0.021867
v -1.458503 0.041495 -0.021867
v -1.442360 0.026170 -0.025918
v -1.478520 0.049751 -0.008749
v -1.431634 0.034253 -0.008520
v -1.442360 0.026170 -0.025918
v -1.442360 0.026170 -0.025918
v -1.438255 0.013083 -0.024957
v -1.438238 0.003460 -0.021179
v -1.468567 0.057295 0.007379
v -1.481164 0.049048 -0.007602
v -1.482577 0.044304 -0.011504
v -1.483807 0.048345 -0.006454
v -1.483344 0.041902 -0.013568
v -1.484403 0.043838 -0.010861
v -1.484296 0.039261 -0.015520
v -1.484740 0.041549 -0.013175
v -1.483144 0.039739 -0.015775
v -1.487693 0.028538 -0.013170
v -1.485448 0.038784 -0.015265
v -1.484296 0.039261 -0.015520
v -1.491823 0.015898 -0.010293
v -1.489506 0.028514 -0.013007
v -1.495766 0.007511 -0.011152
v -1.493917 0.015840 -0.010363
v -1.494124 0.007236 -0.011538
v -1.496500 0.001438 -0.006485
v -1.497409 0.007785 -0.010766
v -1.495030 0.001105 -0.006878
v -1.493779 -0.001937 -0.000297
v -1.496500 0.001438 -0.006485
v -1.495030 0.001105 -0.006878
v -1.495911 -0.002328 0.000211
v -1.497969 0.001770 -0.006092
v -1.498043 -0.002719 0.000718
v -1.497808 -0.009672 0.001772
v -1.499963 -0.009858 0.002272
v -1.495911 -0.002328 0.000211
v -1.495653 -0.009486 0.001273
v -1.500175 -0.003111 0.001226
v -1.502118 -0.010044 0.002772
v -1.498043 -0.002719 0.000718
v -1.499438 0.002103 -0.005699
v -1.499438 0.002103 -0.005699
v -1.497969 0.001770 -0.006092
v -1.499051 0.008060 -0.010381
v -1.496010 0.015781 -0.010434
v -1.491320 0.028489 -0.012844
v -1.486600 0.038306 -0.015011
v -1.486600 0.038306 -0.015011
v -1.486135 0.041197 -0.012781
v -1.485448 0.038784 -0.015265
v -1.486228 0.043373 -0.010217
v -1.486451 0.047642 -0.005307
v -1.495030 0.001105 -0.006878
v -1.480240 -0.005926 -0.021627
v -1.480434 -0.010897 -0.016786
v -1.478361 -0.013447 -0.011335
v -1.480434 -0.010897 -0.016786
v -1.468885 -0.012719 -0.023077
v -1.469485 -0.016495 -0.018323
v -1.480240 -0.005926 -0.021627
v -1.495318 -0.014573 0.011684
v -1.495318 -0.014573 0.011684
v -1.503847 0.003101 -0.004521
v -1.510596 0.001509 0.034868
v -1.513913 0.005659 0.034544
v -1.514571 0.003254 0.036645
v -1.515948 0.003097 0.034198
v -1.514668 0.004887 0.034481
v -1.512511 0.000844 0.032226
v -1.514438 0.001156 0.032774
v -1.513010 0.001043 0.033326
v -1.513010 0.001043 0.033326
v -1.514780 0.000942 0.032714
v -1.516337 0.000298 0.032339
v -1.516828 0.001841 0.033629
v -1.516337 0.000298 0.032339
v -1.517464 0.000792 0.032843
v -1.515200 -0.010087 0.030343
v -1.515867 0.000406 0.025171
v -1.511531 0.000060 0.026847
v -1.510986 -0.010586 0.039400
v -1.507983 0.001855 0.041386
v -1.511691 -0.010170 0.041936
v -1.500939 0.016341 0.039201
v -1.503604 0.014388 0.043730
v -1.492482 0.009060 0.029503
v -1.492482 0.009060 0.029503
v -1.503604 0.014388 0.043730
v -1.503582 0.014398 0.043745
v -1.502430 0.014354 0.045280
v -1.501943 0.015221 0.045099
v -1.503582 0.014398 0.043745
v -1.502430 0.014354 0.045280
v -1.499812 0.004195 0.046983
v -1.495889 0.012120 0.044986
v -1.500687 0.015372 0.045244
v -1.495889 0.012120 0.044986
v -1.489931 0.008724 0.046975
v -1.485217 0.007180 0.037185
v -1.489931 0.008724 0.046975
v -1.482151 0.009032 0.039242
v -1.487503 0.007324 0.047473
v -1.485976 0.007991 0.048094
v -1.490510 0.009957 0.030958
v -1.485217 0.007180 0.037185
v -1.492897 0.012363 0.027634
v -1.492482 0.009060 0.029503
v -1.499356 0.018346 0.039264
v -1.492897 0.012363 0.027634
v -1.491856 0.013980 0.027890
v -1.490596 0.016464 0.027963
v -1.499356 0.018346 0.039264
v -1.491856 0.013980 0.027890
v -1.489347 0.022268 0.026540
v -1.494740 0.028459 0.035751
v -1.496515 0.023708 0.037901
v -1.489020 0.023215 0.026424
v -1.479787 0.021280 0.035983
v -1.489347 0.022268 0.026540
v -1.487787 0.024047 0.027212
v -1.494171 0.029621 0.035416
v -1.489020 0.023215 0.026424
v -1.487787 0.024047 0.027212
v -1.489020 0.023215 0.026424
v -1.507474 0.002660 0.047028
v -1.501472 -0.000848 0.048285
v -1.483482 -0.012397 0.036025
v -1.481227 -0.005220 0.034249
v -1.480297 -0.009723 0.037430
v -1.483482 -0.012397 0.036025
v -1.461004 -0.016836 0.026973
v -1.478216 -0.002348 0.035716
v -1.481227 -0.005220 0.034249
v -1.461004 -0.016836 0.026973
v -1.430468 -0.011990 0.012275
v -1.426781 0.026794 0.018677
v -1.459987 0.048587 0.030557
v -1.459987 0.048587 0.030557
v -1.464094 0.052186 0.027504
v -1.466580 0.051512 0.028974
v -1.463191 0.047738 0.032762
v -1.464794 0.047314 0.033864
v -1.469601 0.046040 0.037172
v -1.472478 0.021087 0.050667
v -1.463564 0.041744 0.040235
v -1.468607 0.033592 0.045542
v -1.471239 0.020989 0.048980
v -1.468607 0.033592 0.045542
v -1.472478 0.021087 0.050667
v -1.467357 0.033513 0.044220
v -1.463564 0.041744 0.040235
v -1.466107 0.033434 0.042898
v -1.462684 0.042172 0.039421
v -1.470000 0.020890 0.047292
v -1.462684 0.042172 0.039421
v -1.466025 0.044607 0.038369
v -1.461804 0.042599 0.038607
v -1.464877 0.044914 0.037466
v -1.464857 0.033355 0.041577
v -1.461804 0.042599 0.038607
v -1.460924 0.043027 0.037793
v -1.463728 0.045221 0.036564
v -1.463607 0.033275 0.040255
v -1.460924 0.043027 0.037793
v -1.460044 0.043454 0.036979
v -1.462580 0.045528 0.035661
v -1.468762 0.020791 0.045605
v -1.467523 0.020692 0.043918
v -1.470149 0.013374 0.049059
v -1.471488 0.013704 0.050069
v -1.468810 0.013043 0.048049
v -1.473631 0.006848 0.047375
v -1.471488 0.013704 0.050069
v -1.474873 0.007222 0.048237
v -1.472390 0.006473 0.046513
v -1.470149 0.013374 0.049059
v -1.477444 0.001068 0.043080
v -1.473631 0.006848 0.047375
v -1.479135 0.000757 0.044494
v -1.474873 0.007222 0.048237
v -1.480827 0.000447 0.045909
v -1.479135 0.000757 0.044494
v -1.479336 -0.006066 0.044692
v -1.477444 0.001068 0.043080
v -1.481050 -0.006171 0.046100
v -1.476114 0.007597 0.049099
v -1.477623 -0.005961 0.043285
v -1.475753 0.001378 0.041666
v -1.475753 0.001378 0.041666
v -1.472390 0.006473 0.046513
v -1.475909 -0.005856 0.041877
v -1.474062 0.001688 0.040252
v -1.471149 0.006098 0.045650
v -1.469908 0.005724 0.044788
v -1.467471 0.012713 0.047039
v -1.471149 0.006098 0.045650
v -1.468810 0.013043 0.048049
v -1.467471 0.012713 0.047039
v -1.466132 0.012382 0.046029
v -1.466284 0.020594 0.042230
v -1.465045 0.020495 0.040543
v -1.462357 0.033196 0.038934
v -1.460044 0.043454 0.036979
v -1.461107 0.033117 0.037612
v -1.459164 0.043882 0.036165
v -1.459164 0.043882 0.036165
v -1.461432 0.045835 0.034759
v -1.458284 0.044309 0.035351
v -1.460284 0.046141 0.033856
v -1.439006 0.039947 0.028668
v -1.439129 0.033978 0.032363
v -1.461107 0.033117 0.037612
v -1.441466 0.022897 0.034427
v -1.429525 0.023976 0.025998
v -1.430257 0.014437 0.027207
v -1.439129 0.033978 0.032363
v -1.429525 0.023976 0.025998
v -1.465045 0.020495 0.040543
v -1.445207 0.012036 0.035454
v -1.432376 0.008888 0.027157
v -1.466132 0.012382 0.046029
v -1.448853 -0.000155 0.042922
v -1.439953 -0.007400 0.036422
v -1.452410 -0.005745 0.040847
v -1.443776 -0.011769 0.034547
v -1.443776 -0.011769 0.034547
v -1.455206 -0.009190 0.036285
v -1.469908 0.005724 0.044788
v -1.432376 0.008888 0.027157
v -1.439953 -0.007400 0.036422
v -1.430257 0.014437 0.027207
v -1.472827 0.014035 0.051079
v -1.476114 0.007597 0.049099
v -1.472827 0.014035 0.051079
v -1.474166 0.014366 0.052089
v -1.506581 -0.016958 0.005636
v -1.501626 -0.017583 0.009653
v -1.504404 -0.016558 0.010113
v -1.504404 -0.016558 0.010113
v -1.504714 -0.009663 0.004076
v -1.506581 -0.016958 0.005636
v -1.506581 -0.016958 0.005636
v -1.502339 -0.010621 0.002207
v -1.504427 -0.018098 0.003891
v -1.501650 -0.019123 0.003432
v -1.499340 -0.011464 0.001624
v -1.504427 -0.018098 0.003891
v -1.499473 -0.018723 0.007909
v -1.499538 -0.010105 0.007969
v -1.504714 -0.009663 0.004076
v -1.502537 -0.009263 0.008553
v -1.499340 -0.011464 0.001624
v -1.497163 -0.011063 0.006101
v -1.499473 -0.018723 0.007909
v -1.499538 -0.010105 0.007969
v -1.501626 -0.017583 0.009653
v -1.504404 -0.016558 0.010113
v -1.502537 -0.009263 0.008553
v -1.499473 -0.018723 0.007909
v -1.499340 -0.011464 0.001624
v -1.497163 -0.011063 0.006101
v -1.416462 -0.033516 0.143312
v -1.415339 -0.033924 0.138522
v -1.413221 -0.033782 0.140467
v -1.413221 -0.033782 0.140467
v -1.416758 -0.021626 0.141511
v -1.416462 -0.033516 0.143312
v -1.419393 -0.033727 0.141582
v -1.416758 -0.021626 0.141511
v -1.419969 -0.021839 0.139561
v -1.421494 -0.034320 0.139698
v -1.422260 -0.021551 0.137441
v -1.419393 -0.033727 0.141582
v -1.418256 -0.034496 0.136846
v -1.415914 -0.022066 0.136496
v -1.416758 -0.021626 0.141511
v -1.413526 -0.021802 0.138677
v -1.419018 -0.021833 0.134577
v -1.419969 -0.021839 0.139561
v -1.418256 -0.034496 0.136846
v -1.415914 -0.022066 0.136496
v -1.415339 -0.033924 0.138522
v -1.413526 -0.021802 0.138677
v -1.413221 -0.033782 0.140467
v -1.422260 -0.021551 0.137441
v -1.419018 -0.021833 0.134577
v -1.432085 -0.032323 0.140370
v -1.430962 -0.032731 0.135580
v -1.428844 -0.032589 0.137526
v -1.428844 -0.032589 0.137526
v -1.432382 -0.020433 0.138570
v -1.432085 -0.032323 0.140370
v -1.435016 -0.032535 0.138640
v -1.432382 -0.020433 0.138570
v -1.435592 -0.020646 0.136619
v -1.437117 -0.033128 0.136756
v -1.437883 -0.020359 0.134500
v -1.435016 -0.032535 0.138640
v -1.433879 -0.033303 0.133905
v -1.431537 -0.020873 0.133555
v -1.432382 -0.020433 0.138570
v -1.429149 -0.020609 0.135735
v -1.434641 -0.020641 0.131635
v -1.435592 -0.020646 0.136619
v -1.433879 -0.033303 0.133905
v -1.431537 -0.020873 0.133555
v -1.430962 -0.032731 0.135580
v -1.429149 -0.020609 0.135735
v -1.428844 -0.032589 0.137526
v -1.437883 -0.020359 0.134500
v -1.434641 -0.020641 0.131635
v -1.528801 -0.034420 0.088729
v -1.528801 -0.020499 0.089547
v -1.521652 -0.035190 0.101814
v -1.528801 -0.034420 0.088729
v -1.447157 -0.018231 0.087012
v -1.528801 -0.020499 0.089547
v -1.517205 -0.037736 0.103209
v -1.599026 -0.035417 0.105689
v -1.599026 -0.035417 0.105689
v -1.599026 -0.021496 0.106507
v -1.591877 -0.036187 0.118774
v -1.599026 -0.021496 0.106507
v -1.457344 -0.037146 0.059692
v -1.542640 -0.034294 0.051686
v -1.539668 -0.033051 0.029431
v -1.542756 -0.012129 0.053008
v -1.542640 -0.034294 0.051686
v -1.539668 -0.033051 0.029431
v -1.531825 -0.037256 0.055226
v -1.616481 -0.034290 0.047164
v -1.613432 -0.033035 0.024432
v -1.616630 -0.011624 0.048527
v -1.616481 -0.034290 0.047164
v -1.613432 -0.033035 0.024432
v -1.449715 -0.006908 0.024307
v -1.514720 -0.021244 -0.005498
v -1.503808 -0.020546 -0.017379
v -1.514720 -0.007323 -0.004679
v -1.514720 -0.021244 -0.005498
v -1.503808 -0.020546 -0.017379
v -1.513754 -0.023893 -0.002372
v -1.578489 -0.019722 -0.031383
v -1.567577 -0.019024 -0.043265
v -1.578489 -0.005801 -0.030565
v -1.578489 -0.019722 -0.031383
v -1.567577 -0.005102 -0.042447
v -1.464026 -0.036981 -0.012126
v -1.538679 -0.034130 -0.054155
v -1.526906 -0.032886 -0.073274
v -1.539323 -0.011964 -0.052995
v -1.538679 -0.034130 -0.054155
v -1.526906 -0.032886 -0.073274
v -1.530241 -0.037091 -0.046520
v -1.604287 -0.034126 -0.088340
v -1.592250 -0.032870 -0.107862
v -1.604977 -0.011459 -0.087155
v -1.604287 -0.034126 -0.088340
v -1.592250 -0.032870 -0.107862
v -1.443818 -0.010127 0.098584
v -1.359541 -0.015878 0.077074
v -1.379275 -0.035373 0.068891
v -1.306949 -0.034420 0.088729
v -1.388593 -0.018231 0.087012
v -1.388593 -0.036376 0.085945
v -1.314098 -0.035190 0.101814
v -1.314098 -0.035190 0.101814
v -1.289316 -0.016875 0.094034
v -1.318544 -0.037736 0.103209
v -1.236723 -0.035417 0.105689
v -1.243873 -0.036187 0.118774
v -1.243873 -0.036187 0.118774
v -1.318544 -0.018902 0.104316
v -1.318544 -0.037736 0.103209
v -1.355514 -0.005841 0.034317
v -1.378406 -0.037146 0.059692
v -1.382046 -0.035492 0.032845
v -1.292994 -0.012129 0.053008
v -1.378406 -0.037146 0.059692
v -1.293109 -0.034294 0.051686
v -1.296082 -0.033051 0.029431
v -1.280690 -0.005590 0.029487
v -1.303925 -0.037256 0.055226
v -1.307674 -0.035557 0.027642
v -1.219120 -0.011624 0.048527
v -1.219269 -0.034290 0.047164
v -1.222317 -0.033035 0.024432
v -1.303925 -0.037256 0.055226
v -1.379698 -0.003890 0.003053
v -1.386035 -0.025053 0.023240
v -1.400257 -0.024142 0.007754
v -1.321030 -0.007323 -0.004679
v -1.386035 -0.025053 0.023240
v -1.321030 -0.021244 -0.005498
v -1.315929 -0.002368 -0.022833
v -1.321996 -0.023893 -0.002372
v -1.336758 -0.022947 -0.018446
v -1.257261 -0.005801 -0.030565
v -1.257261 -0.019722 -0.031383
v -1.257261 -0.019722 -0.031383
v -1.321996 -0.023893 -0.002372
v -1.361141 -0.005676 -0.044621
v -1.371724 -0.036981 -0.012126
v -1.385975 -0.035327 -0.035167
v -1.296427 -0.011964 -0.052995
v -1.371724 -0.036981 -0.012126
v -1.297070 -0.034130 -0.054155
v -1.308844 -0.032886 -0.073274
v -1.294761 -0.005425 -0.079487
v -1.305509 -0.037091 -0.046520
v -1.320160 -0.035392 -0.070190
v -1.230772 -0.011459 -0.087155
v -1.231463 -0.034126 -0.088340
v -1.243499 -0.032870 -0.107862
v -1.305509 -0.037091 -0.046520
v -1.391932 -0.010127 0.098584
v -1.391932 -0.010127 0.098584
v -1.399354 -0.022301 0.094391
v -1.447680 0.066679 -0.020637
v -1.501138 0.062021 -0.064979
v -1.485936 0.012305 -0.020637
v -1.505770 -0.023271 -0.079540
v -1.468379 -0.059370 -0.086149
v -1.332579 -0.031067 -0.080902
v -1.385782 -0.042069 -0.020637
v -1.415750 -0.072123 -0.088055
v -1.347526 0.012305 -0.020637
v -1.418179 0.103560 -0.058556
v -1.428552 -0.042070 0.000340
v -1.408000 0.003029 0.101873
v -1.374591 -0.003861 0.101795
v -1.372378 0.001711 0.100389
v -1.381574 -0.024838 0.085353
v -1.381649 -0.012469 0.083198
v -1.379080 -0.019955 0.003745
v -1.377094 0.038840 0.095031
v -1.377444 0.026331 0.099170
v -1.394847 0.024243 0.094812
v -1.388747 0.030537 0.111675
v -1.376964 0.025121 0.098947
v -1.377444 0.026331 0.099170
v -1.397677 0.019498 0.117999
v -1.398899 0.027595 0.115018
v -1.388747 0.030537 0.111675
v -1.417434 0.071576 0.096720
v -1.406156 -0.023387 0.139990
v -1.408621 -0.017197 0.138435
v -1.408686 -0.016169 0.138102
v -1.413376 -0.015985 0.139051
v -1.395494 0.002829 0.130033
v -1.408789 -0.014621 0.137276
v -1.412733 0.004167 0.133596
v -1.398382 0.010463 0.121836
v -1.397070 0.015611 0.119470
v -1.408735 -0.017041 0.131459
v -1.408621 -0.017197 0.138435
v -1.408686 -0.016169 0.138102
v -1.408621 -0.017512 0.137207
v -1.414505 -0.016442 0.131352
v -1.411683 -0.017115 0.131472
v -1.413939 -0.017171 0.131482
v -1.408738 -0.017198 0.126997
v -1.408735 -0.017041 0.131459
v -1.410452 -0.017084 0.131467
v -1.411683 -0.017115 0.131472
v -1.412959 -0.016933 0.137544
v -1.408738 -0.017198 0.126997
v -1.413649 -0.017230 0.129590
v -1.406717 -0.036284 0.135241
v -1.403414 -0.016884 0.132093
v -1.411643 -0.035532 0.138773
v -1.406798 -0.016827 0.136148
v -1.408662 -0.016839 0.137132
v -1.411245 -0.018120 0.139312
v -1.411245 -0.018277 0.138699
v -1.412932 -0.016962 0.137575
v -1.413939 -0.017171 0.131482
v -1.414808 -0.035671 0.135981
v -1.412959 -0.016933 0.137544
v -1.416725 -0.010321 0.136695
v -1.420088 -0.015930 0.139336
v -1.439910 -0.016707 0.135323
v -1.439915 -0.024045 0.137748
v -1.424829 -0.017126 0.138710
v -1.424765 -0.016114 0.138389
v -1.420088 -0.015930 0.139336
v -1.420177 -0.018028 0.131635
v -1.420518 -0.017438 0.135723
v -1.420518 -0.016486 0.139427
v -1.420088 -0.015930 0.139336
v -1.424829 -0.017126 0.138710
v -1.442183 0.004689 0.133883
v -1.424661 -0.014550 0.137554
v -1.420645 0.004777 0.134409
v -1.438668 0.006150 0.133518
v -1.424718 -0.017091 0.131468
v -1.424765 -0.016114 0.138389
v -1.424829 -0.017126 0.138710
v -1.424829 -0.017251 0.138223
v -1.424829 -0.017251 0.138223
v -1.426669 -0.033655 0.137067
v -1.423805 -0.033461 0.138773
v -1.423725 -0.017574 0.138848
v -1.426669 -0.033655 0.137067
v -1.426711 -0.017198 0.126997
v -1.423766 -0.017115 0.131472
v -1.428732 -0.034213 0.135241
v -1.420641 -0.033599 0.135981
v -1.420216 -0.017204 0.131488
v -1.426711 -0.017198 0.126997
v -1.424718 -0.017091 0.131468
v -1.420493 0.005127 0.132468
v -1.420493 0.005536 0.134058
v -1.435898 0.019539 0.118238
v -1.437056 0.015941 0.120757
v -1.436490 0.011159 0.124546
v -1.420493 0.005536 0.134058
v -1.420493 0.005127 0.132468
v -1.412958 0.005127 0.132468
v -1.412958 0.005296 0.133125
v -1.412958 0.005127 0.132468
v -1.446114 0.030467 0.111706
v -1.437563 0.031379 0.113230
v -1.436490 0.011159 0.124546
v -1.435424 0.008011 0.127039
v -1.422268 0.004321 0.103639
v -1.424786 -0.001168 0.103625
v -1.422268 0.004321 0.103639
v -1.442183 0.004689 0.133883
v -1.440146 0.003875 0.134189
v -1.445814 -0.001793 0.097425
v -1.453684 -0.006793 0.108637
v -1.452504 -0.005834 0.110212
v -1.461210 0.001255 0.101306
v -1.457924 0.023083 0.099529
v -1.457871 0.023217 0.099554
v -1.446114 0.030467 0.111706
v -1.422997 0.019549 0.098713
v -1.437563 0.031379 0.113230
v -1.437563 0.031379 0.113230
v -1.421480 0.017523 0.099540
v -1.449840 0.061995 0.092788
v -1.439574 -0.027652 0.122104
v -1.438887 -0.022989 0.087906
v -1.443409 -0.018401 0.085213
v -1.455357 -0.019955 0.003745
v -1.455357 -0.019955 0.003745
v -1.458839 0.060959 0.066364
v -1.457123 0.020631 -0.002451
v -1.454020 -0.013464 0.086481
v -1.453220 -0.012469 0.083198
v -1.464035 0.054390 0.071442
v -1.416725 -0.011900 0.130544
v -1.416725 -0.010321 0.136695
v -1.416725 -0.011900 0.130544
v -1.423725 -0.017574 0.138848
v -1.423805 -0.033461 0.138773
v -1.420641 -0.033599 0.135981
v -1.420169 -0.017070 0.135323
v -1.420518 -0.017438 0.135723
v -1.395494 0.002829 0.130033
v -1.392287 0.004051 0.128775
v -1.391196 0.004422 0.127124
v -1.392287 0.004051 0.128775
v -1.379962 -0.006888 0.108265
v -1.374591 -0.003861 0.101795
v -1.384627 0.003787 0.093335
v -1.397070 0.015611 0.119470
v -1.398834 0.029556 0.114226
v -1.394902 -0.024045 0.137748
v -1.384335 0.043432 -0.001110
v -1.386738 0.072070 0.066547
v -1.366339 0.037055 0.085591
v -1.360710 -0.012591 0.048865
v -1.387812 -0.026872 0.100045
v -1.379909 -0.026872 0.100045
v -1.379909 -0.028485 0.090409
v -1.379909 -0.041132 0.093317
v -1.379909 -0.026872 0.100045
v -1.387812 -0.028485 0.090409
v -1.387812 -0.026872 0.100045
v -1.379909 -0.028485 0.090409
v -1.387812 -0.025490 0.110210
v -1.379909 -0.025490 0.110210
v -1.379909 -0.027258 0.100602
v -1.379909 -0.037481 0.103079
v -1.379909 -0.025490 0.110210
v -1.387812 -0.027258 0.100602
v -1.387812 -0.025490 0.110210
v -1.379909 -0.027258 0.100602
v -1.387230 -0.023300 0.118454
v -1.383049 -0.025268 0.112884
v -1.392504 -0.025701 0.107661
v -1.396599 -0.033913 0.115832
v -1.383049 -0.025268 0.112884
v -1.396686 -0.023734 0.113231
v -1.396686 -0.023734 0.113231
v -1.400136 -0.019095 0.125011
v -1.388323 -0.020152 0.119014
v -1.389193 -0.033602 0.121593
v -1.400136 -0.019095 0.125011
v -1.395524 -0.020183 0.116175
v -1.395524 -0.020183 0.116175
v -1.403254 -0.021279 0.130757
v -1.396811 -0.021316 0.131641
v -1.394519 -0.021028 0.129521
v -1.395286 -0.033797 0.131778
v -1.403254 -0.021279 0.130757
v -1.397762 -0.021310 0.126656
v -1.400866 -0.021543 0.128576
v -1.455539 -0.038842 0.102235
v -1.447637 -0.026872 0.100045
v -1.455539 -0.026872 0.100045
v -1.455539 -0.041132 0.093317
v -1.455539 -0.026872 0.100045
v -1.455539 -0.028485 0.090409
v -1.447637 -0.028485 0.090409
v -1.455539 -0.028485 0.090409
v -1.455539 -0.035191 0.111996
v -1.447637 -0.025490 0.110210
v -1.455539 -0.025490 0.110210
v -1.455539 -0.025490 0.110210
v -1.455539 -0.027258 0.100602
v -1.447637 -0.027258 0.100602
v -1.455539 -0.027258 0.100602
v -1.451949 -0.034853 0.115033
v -1.448218 -0.023300 0.118454
v -1.452400 -0.025268 0.112884
v -1.452400 -0.025268 0.112884
v -1.438763 -0.023734 0.113231
v -1.443031 -0.035880 0.110261
v -1.435312 -0.019095 0.125011
v -1.441955 -0.031758 0.129775
v -1.446255 -0.033602 0.121593
v -1.447126 -0.020152 0.119014
v -1.436586 -0.019643 0.120185
v -1.446255 -0.033602 0.121593
v -1.432195 -0.021279 0.130757
v -1.435130 -0.032993 0.135392
v -1.440162 -0.033797 0.131778
v -1.440929 -0.021028 0.129521
v -1.440162 -0.033797 0.131778
v -1.340414 0.010979 0.006442
v -1.332535 0.011641 0.000964
v -1.344636 0.014063 0.022642
v -1.334153 0.017260 0.001219
v -1.331674 0.008977 0.003113
v -1.331158 0.005891 0.005427
v -1.327376 -0.008709 0.010907
v -1.339753 -0.009241 0.006014
v -1.342210 -0.002033 0.003785
v -1.380772 -0.019352 -0.023777
v -1.348547 0.038852 -0.010302
v -1.336591 0.023222 0.002093
v -1.336783 0.024016 0.002267
v -1.344220 0.020069 0.007393
v -1.334978 0.029035 0.011865
v -1.336783 0.024016 0.002267
v -1.333804 0.023670 0.020010
v -1.336632 0.028187 0.018620
v -1.357362 0.052873 0.016502
v -1.321078 0.001345 0.037220
v -1.323427 0.004976 0.037196
v -1.323730 0.005553 0.036989
v -1.324963 0.006008 0.039715
v -1.325110 0.015324 0.025059
v -1.324353 0.006370 0.036568
v -1.329675 0.017412 0.035023
v -1.331136 0.018796 0.022805
v -1.332418 0.021507 0.020680
v -1.327023 0.003966 0.034851
v -1.323427 0.004976 0.037196
v -1.323730 0.005553 0.036989
v -1.324015 0.004589 0.036816
v -1.329226 0.004551 0.037724
v -1.328073 0.004044 0.036389
v -1.328877 0.004103 0.037565
v -1.329270 0.003160 0.033347
v -1.327023 0.003966 0.034851
v -1.327635 0.004011 0.035747
v -1.328073 0.004044 0.036389
v -1.325474 0.005173 0.039102
v -1.329270 0.003160 0.033347
v -1.322296 -0.007259 0.037483
v -1.324796 0.003945 0.032298
v -1.322365 -0.006036 0.041144
v -1.324141 0.004989 0.036728
v -1.324262 0.004822 0.039025
v -1.323830 0.004660 0.038966
v -1.324124 0.004467 0.038777
v -1.325446 0.005159 0.039102
v -1.328877 0.004103 0.037565
v -1.324910 -0.006435 0.041843
v -1.322365 -0.006036 0.041144
v -1.325474 0.005173 0.039102
v -1.327980 0.009227 0.039939
v -1.327249 0.006362 0.043275
v -1.336362 0.006060 0.052247
v -1.334340 0.001968 0.053987
v -1.329150 0.005726 0.045660
v -1.329399 0.006290 0.045392
v -1.327249 0.006362 0.043275
v -1.327250 0.007091 0.042334
v -1.330961 0.003859 0.040949
v -1.329074 0.004884 0.042449
v -1.327298 0.006054 0.043598
v -1.327249 0.006362 0.043275
v -1.329150 0.005726 0.045660
v -1.340225 0.018981 0.050281
v -1.329954 0.007108 0.044860
v -1.332187 0.018238 0.039316
v -1.339298 0.019671 0.048158
v -1.332787 0.004591 0.043123
v -1.329399 0.006290 0.045392
v -1.329150 0.005726 0.045660
v -1.329383 0.005572 0.045509
v -1.329383 0.005572 0.045509
v -1.328862 -0.004547 0.048096
v -1.326983 -0.004274 0.047175
v -1.328633 0.005430 0.045193
v -1.335763 0.003895 0.042638
v -1.332438 0.004538 0.042635
v -1.330473 -0.005094 0.048607
v -1.327241 -0.004933 0.044602
v -1.331139 0.004341 0.040817
v -1.335763 0.003895 0.042638
v -1.332787 0.004591 0.043123
v -1.333154 0.018136 0.038530
v -1.332392 0.018638 0.039023
v -1.347495 0.025297 0.039845
v -1.346247 0.023549 0.041751
v -1.343604 0.021210 0.043345
v -1.339298 0.019671 0.048158
v -1.332187 0.018238 0.039316
v -1.331106 0.018020 0.037972
v -1.330920 0.017982 0.037741
v -1.332392 0.018638 0.039023
v -1.333154 0.018136 0.038530
v -1.330432 0.017828 0.034635
v -1.330117 0.018036 0.034838
v -1.330432 0.017828 0.034635
v -1.359827 0.037485 0.039118
v -1.355680 0.031344 0.041541
v -1.351916 0.031793 0.037528
v -1.347495 0.025297 0.039845
v -1.348655 0.009879 0.031669
v -1.348655 0.009879 0.031669
v -1.340225 0.018981 0.050281
v -1.339247 0.018450 0.049434
v -1.356738 0.007471 0.038317
v -1.356738 0.007471 0.038317
v -1.354823 0.009213 0.048828
v -1.363251 0.012479 0.049407
v -1.361382 0.009592 0.049430
v -1.360264 0.009032 0.039799
v -1.365527 0.020945 0.046882
v -1.365614 0.023511 0.045512
v -1.365307 0.025466 0.044363
v -1.355680 0.031344 0.041541
v -1.351916 0.031793 0.037528
v -1.353155 0.023391 0.027313
v -1.350053 0.030831 0.036764
v -1.371137 0.013966 0.051763
v -1.360648 0.000636 0.049080
v -1.352895 -0.009796 0.041293
v -1.356605 -0.012149 0.038754
v -1.360240 -0.009813 0.039528
v -1.359363 -0.005363 0.036287
v -1.362859 -0.002807 0.037136
v -1.399846 -0.012305 0.032376
v -1.410552 0.007866 0.020839
v -1.386569 0.043256 0.028844
v -1.405336 0.034306 0.022576
v -1.393807 0.043468 -0.007849
v -1.384372 0.039980 0.035036
v -1.393206 -0.003769 0.040138
v -1.330929 0.007284 0.038033
v -1.327980 0.009227 0.039939
v -1.330929 0.007284 0.038033
v -1.328633 0.005430 0.045193
v -1.326983 -0.004274 0.047175
v -1.327241 -0.004933 0.044602
v -1.329191 0.005031 0.042087
v -1.329074 0.004884 0.042449
v -1.330473 -0.005094 0.048607
v -1.329270 0.003160 0.033347
v -1.325110 0.015324 0.025059
v -1.324721 0.015738 0.022819
v -1.325205 0.015657 0.021645
v -1.342529 0.009647 0.020778
v -1.329489 0.005293 0.010790
v -1.331158 0.005891 0.005427
v -1.332418 0.021507 0.020680
v -1.337222 0.029255 0.018073
v -1.344220 0.020069 0.007393
v -1.391983 0.018773 -0.030567
v -1.352600 0.039361 -0.012134
v -1.356654 0.039869 -0.013965
v -1.341195 0.006652 -0.007797
v -1.352046 -0.008429 -0.018762
v -1.339673 0.002773 0.046641
v -1.338288 -0.003925 0.053271
v -1.343792 -0.006177 0.052926
v -1.346868 0.001656 0.050829
v -1.345703 0.000891 0.046140
v -1.343792 -0.006177 0.052926
v -1.479473 0.013929 0.039569
v -1.478706 0.015466 0.049034
v -1.491856 0.013980 0.027890
v -1.479119 0.020966 0.047073
v -1.480502 0.012430 0.048960
v -1.482200 0.008954 0.048536
v -1.475909 -0.005856 0.041877
v -1.474062 0.001688 0.040252
v -1.428743 -0.009400 0.021018
v -1.461589 0.048163 0.031659
v -1.479724 0.026701 0.044072
v -1.479919 0.027450 0.043762
v -1.480026 0.022746 0.035100
v -1.489895 0.030535 0.040368
v -1.479919 0.027450 0.043762
v -1.496515 0.023708 0.037901
v -1.494740 0.028459 0.035751
v -1.489895 0.030535 0.040368
v -1.486216 0.037183 0.038855
v -1.447016 0.049519 -0.002745
v -1.481227 -0.005220 0.034249
v -1.513552 -0.001695 0.042478
v -1.513026 0.001918 0.040161
v -1.512801 0.002530 0.039952
v -1.514622 0.002485 0.037534
v -1.503602 0.014399 0.043718
v -1.512281 0.003423 0.039546
v -1.510300 0.014655 0.034798
v -1.503602 0.014399 0.043718
v -1.499356 0.018346 0.039264
v -1.497385 0.021432 0.038955
v -1.496515 0.023708 0.037901
v -1.510300 0.014655 0.034798
v -1.507278 0.014540 0.038823
v -1.498800 0.023615 0.034764
v -1.510708 0.001737 0.038996
v -1.509098 0.001436 0.038214
v -1.512347 0.001620 0.039858
v -1.513026 0.001918 0.040161
v -1.510596 0.001509 0.034868
v -1.509921 0.001241 0.036553
v -1.510551 0.001092 0.035283
v -1.506580 0.000970 0.037029
v -1.509098 0.001436 0.038214
v -1.509577 0.001322 0.037247
v -1.509921 0.001241 0.036553
v -1.513703 0.001790 0.037443
v -1.506580 0.000970 0.037029
v -1.511691 -0.010170 0.041936
v -1.507983 0.001855 0.041386
v -1.515010 -0.009659 0.040030
v -1.512280 0.002032 0.039760
v -1.514163 0.001438 0.038567
v -1.514294 0.001281 0.038985
v -1.513955 0.001133 0.038833
v -1.513714 0.001776 0.037469
v -1.510551 0.001092 0.035283
v -1.510596 0.001509 0.034868
v -1.514307 -0.010135 0.037500
v -1.515010 -0.009659 0.040030
v -1.513703 0.001790 0.037443
v -1.513913 0.005659 0.034544
v -1.516629 0.002203 0.033803
v -1.517643 0.001164 0.031047
v -1.517391 0.001773 0.030915
v -1.516629 0.002203 0.033803
v -1.512401 0.000254 0.031859
v -1.514780 0.000942 0.032714
v -1.516629 0.002203 0.033803
v -1.517643 0.001164 0.031047
v -1.516808 0.002687 0.030622
v -1.512908 0.014702 0.030484
v -1.517296 0.014574 0.019922
v -1.513509 0.000596 0.029165
v -1.517391 0.001773 0.030915
v -1.517643 0.001164 0.031047
v -1.517374 0.001046 0.030926
v -1.517374 0.001046 0.030926
v -1.516337 0.000298 0.032339
v -1.518084 -0.009388 0.030907
v -1.518252 -0.008981 0.032971
v -1.517441 0.000952 0.031745
v -1.511531 0.000060 0.026847
v -1.513250 0.000629 0.029708
v -1.517648 -0.009991 0.029294
v -1.515806 -0.009137 0.034027
v -1.512286 0.000755 0.031730
v -1.511531 0.000060 0.026847
v -1.513509 0.000596 0.029165
v -1.511748 0.014769 0.030021
v -1.512627 0.015155 0.030414
v -1.507178 0.021818 0.016307
v -1.509112 0.019719 0.016619
v -1.511352 0.017073 0.018344
v -1.517296 0.014574 0.019922
v -1.512908 0.014702 0.030484
v -1.512241 0.014722 0.032089
v -1.512627 0.015155 0.030414
v -1.511748 0.014769 0.030021
v -1.511469 0.014700 0.033241
v -1.509673 0.015151 0.034290
v -1.510036 0.015310 0.034453
v -1.509673 0.015151 0.034290
v -1.505720 0.027588 0.007880
v -1.504180 0.028716 0.013059
v -1.507178 0.021818 0.016307
v -1.496924 0.008244 0.020369
v -1.496924 0.008244 0.020369
v -1.518548 0.013513 0.018147
v -1.518203 0.013133 0.019449
v -1.498291 0.004776 0.010298
v -1.498291 0.004776 0.010298
v -1.508535 0.004468 0.006810
v -1.505518 0.007722 -0.001086
v -1.505941 0.004848 0.000755
v -1.498127 0.006095 0.006386
v -1.503723 0.016554 -0.002506
v -1.502953 0.019332 -0.002121
v -1.502456 0.021463 -0.001449
v -1.504180 0.028716 0.013059
v -1.493360 0.022417 0.017499
v -1.504260 0.027880 0.015127
v -1.487180 0.053482 0.016770
v -1.494381 0.045533 -0.001865
v -1.490055 0.036874 -0.014246
v -1.503979 0.008884 -0.009224
v -1.499701 -0.012811 0.013537
v -1.493047 -0.007393 0.009940
v -1.468885 -0.012719 -0.023077
v -1.481948 0.042254 -0.013962
v -1.438255 0.013083 -0.024957
v -1.493779 -0.001937 -0.000297
v -1.500175 -0.003111 0.001226
v -1.494124 0.007236 -0.011538
v -1.480434 -0.010897 -0.016786
v -1.510512 0.004166 0.033024
v -1.513913 0.005659 0.034544
v -1.510512 0.004166 0.033024
v -1.517441 0.000952 0.031745
v -1.518252 -0.008981 0.032971
v -1.515806 -0.009137 0.034027
v -1.514438 0.001156 0.032774
v -1.517648 -0.009991 0.029294
v -1.506580 0.000970 0.037029
v -1.492897 0.012363 0.027634
v -1.503602 0.014399 0.043718
v -1.501943 0.015221 0.045099
v -1.500687 0.015372 0.045244
v -1.490510 0.009957 0.030958
v -1.501943 0.015221 0.045099
v -1.487503 0.007324 0.047473
v -1.482200 0.008954 0.048536
v -1.500939 0.016341 0.039201
v -1.497385 0.021432 0.038955
v -1.494171 0.029621 0.035416
v -1.480026 0.022746 0.035100
v -1.509216 -0.001721 0.048306
v -1.478216 -0.002348 0.035716
v -1.458002 -0.012635 0.031722
v -1.461607 0.052860 0.026034
v -1.469067 0.050838 0.030444
v -1.458284 0.044309 0.035351
v -1.459135 0.046448 0.032954
v -1.452410 -0.005745 0.040847
v -1.439953 -0.007400 0.036422
v -1.502537 -0.009263 0.008553
v -1.504714 -0.009663 0.004076
v -1.501650 -0.019123 0.003432
v -1.502339 -0.010621 0.002207
v -1.497163 -0.011063 0.006101
v -1.501650 -0.019123 0.003432
v -1.413526 -0.021802 0.138677
v -1.416462 -0.033516 0.143312
v -1.421494 -0.034320 0.139698
v -1.422260 -0.021551 0.137441
v -1.421494 -0.034320 0.139698
v -1.429149 -0.020609 0.135735
v -1.432085 -0.032323 0.140370
v -1.437117 -0.033128 0.136756
v -1.437883 -0.020359 0.134500
v -1.437117 -0.033128 0.136756
vt 0.764363 0.420377
vt 0.808322 0.409631
vt 0.763921 0.405276
vt 0.678743 0.364836
vt 0.721679 0.351714
vt 0.675097 0.352713
vt 0.810848 0.846814
vt 0.766562 0.836681
vt 0.766108 0.851618
vt 0.518698 0.245966
vt 0.505730 0.288662
vt 0.517702 0.291636
vt 0.172006 0.104202
vt 0.186059 0.087209
vt 0.172006 0.088836
vt 0.899446 0.648610
vt 0.910932 0.659877
vt 0.911396 0.648610
vt 0.503093 0.305950
vt 0.518698 0.309826
vt 0.747475 0.850359
vt 0.747938 0.835128
vt 0.660977 0.367516
vt 0.656225 0.351714
vt 0.747476 0.406047
vt 0.747926 0.421445
vt 0.764141 0.385864
vt 0.747475 0.371126
vt 0.747879 0.387110
vt 0.056568 0.102513
vt 0.041982 0.088253
vt 0.041982 0.104202
vt 0.449470 0.291614
vt 0.434444 0.305745
vt 0.450627 0.309826
vt 0.448599 0.263157
vt 0.437508 0.288597
vt 0.790133 0.375976
vt 0.763760 0.370762
vt 0.450627 0.245947
vt 0.440977 0.261235
vt 0.790349 0.384552
vt 0.808144 0.375295
vt 0.678917 0.399031
vt 0.704907 0.388674
vt 0.675207 0.386927
vt 0.707271 0.396387
vt 0.721782 0.385682
vt 0.795324 0.881832
vt 0.766657 0.871587
vt 0.766287 0.886527
vt 0.811000 0.881473
vt 0.795535 0.873348
vt 0.899446 0.678044
vt 0.910932 0.689311
vt 0.911396 0.678044
vt 0.661244 0.402057
vt 0.656225 0.385682
vt 0.747475 0.885597
vt 0.747868 0.869785
vt 0.898982 0.745342
vt 0.911649 0.745342
vt 0.905451 0.735820
vt 0.428897 0.507910
vt 0.417022 0.426844
vt 0.417022 0.511355
vt 0.560030 0.894156
vt 0.636268 0.884988
vt 0.555044 0.884988
vt 0.490181 0.511355
vt 0.490181 0.427409
vt 0.477794 0.507706
vt 0.136882 0.351150
vt 0.158968 0.328279
vt 0.136405 0.328063
vt 0.830523 0.164939
vt 0.854074 0.187491
vt 0.853957 0.165038
vt 0.658213 0.990917
vt 0.678307 0.969800
vt 0.656225 0.967953
vt 0.679555 0.990373
vt 0.727357 0.971872
vt 0.155322 0.402460
vt 0.160857 0.351314
vt 0.577699 0.540096
vt 0.556104 0.519302
vt 0.555044 0.542545
vt 0.629118 0.538482
vt 0.578213 0.519730
vt 0.095850 0.328624
vt 0.117513 0.350461
vt 0.118239 0.328065
vt 0.099644 0.402460
vt 0.093728 0.351084
vt 0.664007 0.126695
vt 0.644973 0.145743
vt 0.664007 0.145906
vt 0.433659 0.352033
vt 0.456111 0.328782
vt 0.432918 0.328533
vt 0.830523 0.285563
vt 0.854723 0.308746
vt 0.854600 0.285665
vt 0.658246 0.847665
vt 0.678618 0.826363
vt 0.656225 0.824068
vt 0.679879 0.846853
vt 0.705779 0.829635
vt 0.452359 0.381398
vt 0.457572 0.352176
vt 0.706566 0.845968
vt 0.726819 0.828209
vt 0.435056 0.380685
vt 0.452289 0.402460
vt 0.070337 0.349868
vt 0.052446 0.378908
vt 0.072784 0.379419
vt 0.071290 0.328880
vt 0.053969 0.349717
vt 0.394667 0.380645
vt 0.413664 0.351332
vt 0.389925 0.351946
vt 0.395741 0.402460
vt 0.411793 0.379625
vt 0.486697 0.126262
vt 0.467230 0.145741
vt 0.486697 0.145906
vt 0.051678 0.401399
vt 0.075562 0.402459
vt 0.391740 0.329152
vt 0.414752 0.328530
vt 0.196790 0.145906
vt 0.196790 0.124457
vt 0.178021 0.135466
vt 0.436525 0.870045
vt 0.534034 0.870045
vt 0.439949 0.849510
vt 0.436525 0.831344
vt 0.533707 0.823496
vt 0.436525 0.814622
vt 0.441545 0.679195
vt 0.530666 0.658257
vt 0.436525 0.658257
vt 0.790605 0.440624
vt 0.807542 0.454969
vt 0.808732 0.439611
vt 0.074735 0.102190
vt 0.088929 0.088836
vt 0.074735 0.086824
vt 0.754521 0.990917
vt 0.764559 0.975778
vt 0.747476 0.974266
vt 0.769965 0.988553
vt 0.806951 0.974266
vt 0.747476 0.451394
vt 0.789438 0.455686
vt 0.276368 0.291800
vt 0.261318 0.302875
vt 0.277983 0.309826
vt 0.277983 0.247454
vt 0.263582 0.286468
vt 0.804512 0.265432
vt 0.790750 0.278943
vt 0.806262 0.280569
vt 0.747475 0.268955
vt 0.789035 0.264097
vt 0.899692 0.773731
vt 0.910932 0.763508
vt 0.898982 0.763508
vt 0.790645 0.532618
vt 0.807712 0.547381
vt 0.809008 0.531445
vt 0.023816 0.104202
vt 0.009083 0.086164
vt 0.009083 0.102113
vt 0.724337 0.302413
vt 0.708854 0.292683
vt 0.707096 0.309826
vt 0.721598 0.287203
vt 0.710313 0.266059
vt 0.761999 0.542421
vt 0.789421 0.547676
vt 0.718434 0.262567
vt 0.707096 0.250300
vt 0.762694 0.533871
vt 0.747475 0.543224
vt 0.205056 0.262853
vt 0.193251 0.286234
vt 0.206013 0.291625
vt 0.207828 0.247286
vt 0.196925 0.259418
vt 0.218842 0.205246
vt 0.229102 0.179418
vt 0.214268 0.181229
vt 0.219394 0.222757
vt 0.227266 0.204217
vt 0.898982 0.791897
vt 0.911642 0.802120
vt 0.910932 0.791897
vt 0.190564 0.302533
vt 0.207828 0.309826
vt 0.215299 0.165989
vt 0.231000 0.164072
vt 0.898982 0.256285
vt 0.910387 0.256285
vt 0.906090 0.245604
vt 0.555044 0.619990
vt 0.631086 0.619990
vt 0.559864 0.608240
vt 0.636440 0.912323
vt 0.555044 0.912323
vt 0.631154 0.921687
vt 0.561419 0.810502
vt 0.633990 0.797456
vt 0.555044 0.797456
vt 0.705077 0.572762
vt 0.724920 0.594779
vt 0.726795 0.572298
vt 0.830523 0.347757
vt 0.854863 0.326952
vt 0.832312 0.326913
vt 0.657494 0.680157
vt 0.678090 0.658697
vt 0.656225 0.656888
vt 0.678697 0.679537
vt 0.726760 0.660872
vt 0.656225 0.591146
vt 0.703050 0.596645
vt 0.577574 0.498805
vt 0.556099 0.477784
vt 0.555044 0.501136
vt 0.628975 0.497056
vt 0.578087 0.478342
vt 0.722362 0.422359
vt 0.705256 0.443822
vt 0.725253 0.444564
vt 0.656225 0.426120
vt 0.702257 0.420223
vt 0.626705 0.145493
vt 0.610241 0.126844
vt 0.610189 0.145906
vt 0.704190 0.530310
vt 0.724501 0.552697
vt 0.726455 0.529590
vt 0.830523 0.467773
vt 0.855505 0.446356
vt 0.832323 0.446356
vt 0.657503 0.638722
vt 0.678378 0.617037
vt 0.656225 0.614811
vt 0.678996 0.637795
vt 0.705221 0.620166
vt 0.674882 0.548911
vt 0.702195 0.554131
vt 0.705496 0.636707
vt 0.726220 0.619021
vt 0.676849 0.531673
vt 0.656225 0.548890
vt 0.197745 0.349950
vt 0.179911 0.379025
vt 0.200345 0.379536
vt 0.198730 0.329019
vt 0.181300 0.349800
vt 0.013749 0.289373
vt 0.032631 0.261450
vt 0.009083 0.264455
vt 0.014891 0.309826
vt 0.030735 0.286657
vt 0.448935 0.145518
vt 0.432123 0.126411
vt 0.432046 0.145905
vt 0.179023 0.401402
vt 0.203018 0.402460
vt 0.010924 0.244213
vt 0.033743 0.241190
vt 0.143166 0.145906
vt 0.159854 0.134282
vt 0.143166 0.124345
vt 0.297464 0.511355
vt 0.297464 0.423626
vt 0.277198 0.505259
vt 0.530797 0.623829
vt 0.436525 0.623829
vt 0.523873 0.640090
vt 0.440913 0.605663
vt 0.529508 0.584335
vt 0.436525 0.584335
vt 0.587126 0.709252
vt 0.555712 0.700078
vt 0.555044 0.712145
vt 0.633532 0.712145
vt 0.587794 0.697185
vt 0.586837 0.679018
vt 0.633520 0.665561
vt 0.587563 0.668833
vt 0.555044 0.675747
vt 0.898982 0.327836
vt 0.902872 0.338849
vt 0.910555 0.327836
vt 0.604258 0.767410
vt 0.629204 0.776097
vt 0.633815 0.764217
vt 0.555044 0.764217
vt 0.599646 0.779290
vt 0.747476 0.746929
vt 0.764891 0.732597
vt 0.747535 0.731525
vt 0.467152 0.103595
vt 0.452476 0.088627
vt 0.452476 0.104202
vt 0.365513 0.247524
vt 0.380257 0.261167
vt 0.381406 0.242383
vt 0.368063 0.265112
vt 0.381406 0.305881
vt 0.810734 0.743344
vt 0.810780 0.731525
vt 0.102398 0.246086
vt 0.087589 0.260085
vt 0.099767 0.263947
vt 0.086524 0.305965
vt 0.098703 0.309826
vt 0.747476 0.905951
vt 0.766509 0.919637
vt 0.766398 0.904693
vt 0.812132 0.909497
vt 0.898982 0.831972
vt 0.911723 0.820286
vt 0.899933 0.820286
vt 0.810589 0.697370
vt 0.793360 0.712110
vt 0.810589 0.713359
vt 0.219459 0.087406
vt 0.204225 0.104202
vt 0.219459 0.103572
vt 0.330873 0.247559
vt 0.346014 0.261122
vt 0.347347 0.242155
vt 0.333837 0.265117
vt 0.344970 0.290286
vt 0.765810 0.702216
vt 0.765810 0.710794
vt 0.337211 0.292832
vt 0.347347 0.305831
vt 0.747476 0.701540
vt 0.747476 0.713358
vt 0.065372 0.263953
vt 0.054874 0.289034
vt 0.062621 0.291535
vt 0.051910 0.305901
vt 0.064068 0.309826
vt 0.766572 0.954299
vt 0.795952 0.944053
vt 0.766543 0.939354
vt 0.795969 0.952539
vt 0.812250 0.944408
vt 0.898982 0.861823
vt 0.911723 0.850138
vt 0.899933 0.850138
vt 0.068358 0.246233
vt 0.053213 0.260028
vt 0.747476 0.940283
vt 0.898982 0.717654
vt 0.911528 0.717654
vt 0.905562 0.707478
vt 0.398855 0.428505
vt 0.386977 0.425398
vt 0.386977 0.511355
vt 0.508347 0.507517
vt 0.517676 0.511355
vt 0.517676 0.427450
vt 0.459628 0.426985
vt 0.447064 0.431686
vt 0.459628 0.511355
vt 0.010967 0.328763
vt 0.033038 0.351048
vt 0.033512 0.327992
vt 0.031903 0.145668
vt 0.009083 0.122637
vt 0.009083 0.145905
vt 0.728536 0.888602
vt 0.705865 0.867629
vt 0.706385 0.888032
vt 0.656225 0.869526
vt 0.656237 0.888416
vt 0.014610 0.402460
vt 0.033512 0.401507
vt 0.221184 0.328699
vt 0.241887 0.351172
vt 0.244379 0.328131
vt 0.221565 0.351249
vt 0.240322 0.402015
vt 0.284909 0.329360
vt 0.263274 0.350427
vt 0.287033 0.351583
vt 0.281120 0.402460
vt 0.526856 0.126278
vt 0.545697 0.145906
vt 0.545599 0.126919
vt 0.348585 0.329246
vt 0.371023 0.351951
vt 0.371758 0.328426
vt 0.830768 0.267285
vt 0.854430 0.243829
vt 0.830523 0.243829
vt 0.728025 0.805902
vt 0.704902 0.784740
vt 0.705391 0.805060
vt 0.676622 0.787961
vt 0.677212 0.804160
vt 0.352344 0.381845
vt 0.369633 0.380702
vt 0.656225 0.786363
vt 0.656231 0.805660
vt 0.352403 0.402459
vt 0.371758 0.401436
vt 0.476462 0.352108
vt 0.494367 0.380962
vt 0.496757 0.352033
vt 0.478034 0.380764
vt 0.495308 0.402033
vt 0.518830 0.351259
vt 0.537811 0.380634
vt 0.542542 0.352409
vt 0.520704 0.379226
vt 0.536727 0.402459
vt 0.394594 0.125853
vt 0.413880 0.145906
vt 0.413757 0.126491
vt 0.475739 0.329217
vt 0.499572 0.328663
vt 0.540723 0.329895
vt 0.106250 0.135457
vt 0.125000 0.145906
vt 0.125000 0.124295
vt 0.530868 0.718221
vt 0.531291 0.697362
vt 0.436525 0.697362
vt 0.534813 0.904770
vt 0.531467 0.888212
vt 0.436525 0.904770
vt 0.530145 0.796456
vt 0.533155 0.775396
vt 0.436525 0.775396
vt 0.157028 0.242878
vt 0.170722 0.259233
vt 0.172397 0.241838
vt 0.379399 0.088627
vt 0.366060 0.103278
vt 0.379399 0.104202
vt 0.484927 0.249169
vt 0.470473 0.261311
vt 0.482851 0.266056
vt 0.468794 0.305081
vt 0.481172 0.309826
vt 0.158353 0.299842
vt 0.170144 0.299045
vt 0.296149 0.248826
vt 0.310998 0.260459
vt 0.312707 0.242124
vt 0.298294 0.265602
vt 0.312707 0.304684
vt 0.599967 0.168188
vt 0.586525 0.180784
vt 0.601317 0.182915
vt 0.596456 0.222757
vt 0.172397 0.309028
vt 0.160606 0.309826
vt 0.121534 0.242664
vt 0.135633 0.259197
vt 0.137483 0.241530
vt 0.153840 0.088036
vt 0.139995 0.103242
vt 0.153840 0.104202
vt 0.416278 0.249266
vt 0.401521 0.261246
vt 0.413869 0.266067
vt 0.403184 0.289695
vt 0.411052 0.292767
vt 0.124783 0.286526
vt 0.133340 0.285917
vt 0.399572 0.305005
vt 0.411921 0.309826
vt 0.123406 0.299850
vt 0.135195 0.299011
vt 0.228573 0.265609
vt 0.240467 0.288790
vt 0.241255 0.260413
vt 0.232386 0.292101
vt 0.243152 0.304630
vt 0.621399 0.180717
vt 0.631640 0.205664
vt 0.636176 0.182949
vt 0.623249 0.204397
vt 0.631044 0.222757
vt 0.125694 0.309826
vt 0.225995 0.248977
vt 0.243152 0.241947
vt 0.635123 0.168490
vt 0.898982 0.552487
vt 0.906110 0.561831
vt 0.911400 0.552487
vt 0.729142 0.918516
vt 0.724035 0.906769
vt 0.656225 0.918516
vt 0.632928 0.647395
vt 0.626566 0.638156
vt 0.555044 0.647395
vt 0.632093 0.952530
vt 0.637736 0.939854
vt 0.555044 0.939854
vt 0.538714 0.245991
vt 0.560680 0.263758
vt 0.561136 0.243433
vt 0.853301 0.225519
vt 0.831530 0.205658
vt 0.830523 0.225663
vt 0.583021 0.329256
vt 0.562569 0.352024
vt 0.582566 0.351631
vt 0.564502 0.402354
vt 0.583021 0.402460
vt 0.542337 0.309826
vt 0.561136 0.307409
vt 0.555749 0.459618
vt 0.578020 0.439034
vt 0.555044 0.436490
vt 0.578218 0.459296
vt 0.629148 0.440537
vt 0.644046 0.247323
vt 0.622678 0.262661
vt 0.646186 0.266343
vt 0.640300 0.309826
vt 0.302817 0.124868
vt 0.287110 0.145905
vt 0.302817 0.143535
vt 0.580717 0.246364
vt 0.603056 0.264607
vt 0.603762 0.243707
vt 0.853936 0.386326
vt 0.831561 0.365923
vt 0.830523 0.386474
vt 0.624113 0.329777
vt 0.603522 0.352984
vt 0.623434 0.352611
vt 0.606899 0.381498
vt 0.622777 0.380994
vt 0.584526 0.292812
vt 0.601717 0.290348
vt 0.605194 0.402358
vt 0.624113 0.402460
vt 0.584515 0.309826
vt 0.603762 0.307311
vt 0.328294 0.378941
vt 0.310378 0.349957
vt 0.308059 0.379137
vt 0.326663 0.350060
vt 0.309452 0.328863
vt 0.665475 0.263242
vt 0.684300 0.290245
vt 0.688930 0.266938
vt 0.667382 0.287051
vt 0.683128 0.309826
vt 0.231017 0.124382
vt 0.214957 0.145905
vt 0.231017 0.143466
vt 0.328963 0.401764
vt 0.305199 0.402459
vt 0.687078 0.247834
vt 0.376428 0.145906
vt 0.376428 0.125594
vt 0.359315 0.132922
vt 0.555044 0.970697
vt 0.561706 0.990917
vt 0.638058 0.970697
vt 0.525730 0.566168
vt 0.516945 0.550142
vt 0.436525 0.566168
vt 0.533074 0.757230
vt 0.533074 0.736387
vt 0.436525 0.750975
vt 0.587648 0.832299
vt 0.556345 0.839160
vt 0.588950 0.842791
vt 0.634074 0.828668
vt 0.587873 0.730312
vt 0.587528 0.742163
vt 0.633602 0.746051
vt 0.555389 0.734200
vt 0.898982 0.190193
vt 0.898982 0.201231
vt 0.910297 0.194338
vt 0.703515 0.949787
vt 0.727220 0.936683
vt 0.701426 0.936683
vt 0.656225 0.948146
vt 0.481905 0.955689
vt 0.528605 0.949276
vt 0.497965 0.929110
vt 0.346168 0.498732
vt 0.315630 0.481388
vt 0.318786 0.511355
vt 0.167719 0.556143
vt 0.142215 0.586362
vt 0.187183 0.575530
vt 0.224607 0.532745
vt 0.436525 0.922936
vt 0.804478 0.241874
vt 0.747476 0.245931
vt 0.806732 0.245931
vt 0.834439 0.985001
vt 0.879681 0.990917
vt 0.880815 0.985001
vt 0.057114 0.932236
vt 0.009083 0.906089
vt 0.031398 0.966305
vt 0.238978 0.955916
vt 0.276166 0.903600
vt 0.228336 0.913576
vt 0.254423 0.848164
vt 0.031636 0.852355
vt 0.468250 0.166378
vt 0.474028 0.222272
vt 0.474028 0.164518
vt 0.080388 0.886882
vt 0.628775 0.590074
vt 0.555622 0.584758
vt 0.555044 0.589220
vt 0.113103 0.878147
vt 0.055526 0.821156
vt 0.104411 0.943509
vt 0.630068 0.565855
vt 0.555044 0.560712
vt 0.555894 0.566591
vt 0.011619 0.533683
vt 0.089455 0.530289
vt 0.010502 0.529521
vt 0.220972 0.734473
vt 0.261978 0.802989
vt 0.260092 0.720512
vt 0.205725 0.681209
vt 0.243768 0.672244
vt 0.171861 0.720640
vt 0.381421 0.784222
vt 0.378138 0.741384
vt 0.336717 0.765817
vt 0.413938 0.745151
vt 0.153631 0.672244
vt 0.133858 0.719549
vt 0.299128 0.784222
vt 0.294332 0.739307
vt 0.341241 0.712986
vt 0.305832 0.695735
vt 0.155322 0.990000
vt 0.188878 0.967322
vt 0.143637 0.953053
vt 0.390010 0.700601
vt 0.347650 0.674284
vt 0.113103 0.985606
vt 0.075060 0.990917
vt 0.212585 0.990917
vt 0.173374 0.912092
vt 0.131269 0.899372
vt 0.213395 0.864077
vt 0.171422 0.848164
vt 0.069261 0.719380
vt 0.020473 0.708267
vt 0.045748 0.763374
vt 0.009083 0.772634
vt 0.049471 0.662464
vt 0.009083 0.668479
vt 0.082344 0.802989
vt 0.115691 0.747601
vt 0.093274 0.687551
vt 0.565054 0.165888
vt 0.560978 0.222757
vt 0.566718 0.221647
vt 0.658789 0.222757
vt 0.654342 0.166310
vt 0.654342 0.222536
vt 0.154418 0.775658
vt 0.217502 0.802181
vt 0.807588 0.610230
vt 0.748787 0.604405
vt 0.747476 0.610042
vt 0.069069 0.599557
vt 0.092517 0.621975
vt 0.118115 0.591845
vt 0.019949 0.644298
vt 0.009083 0.571962
vt 0.086524 0.563084
vt 0.122213 0.559923
vt 0.368811 0.476727
vt 0.368811 0.443083
vt 0.345034 0.461035
vt 0.122213 0.618315
vt 0.338273 0.425740
vt 0.316857 0.447221
vt 0.392822 0.600248
vt 0.358323 0.621615
vt 0.392822 0.628327
vt 0.371001 0.570062
vt 0.345497 0.587368
vt 0.300936 0.543958
vt 0.248510 0.566427
vt 0.276534 0.536868
vt 0.242773 0.564063
vt 0.299056 0.610495
vt 0.299562 0.644298
vt 0.248643 0.608144
vt 0.254359 0.605822
vt 0.280890 0.639242
vt 0.277852 0.644298
vt 0.171114 0.612939
vt 0.224607 0.642865
vt 0.219757 0.602128
vt 0.174272 0.644298
vt 0.140380 0.619788
vt 0.832779 0.864411
vt 0.873141 0.870324
vt 0.874193 0.864411
vt 0.088552 0.535304
vt 0.504777 0.982188
vt 0.536877 0.974192
vt 0.436525 0.990917
vt 0.633870 0.860958
vt 0.555069 0.866821
vt 0.635820 0.866821
vt 0.838898 0.827124
vt 0.849076 0.825542
vt 0.838644 0.825722
vt 0.853318 0.832823
vt 0.869531 0.822787
vt 0.850145 0.818028
vt 0.842411 0.809168
vt 0.839849 0.813770
vt 0.838400 0.814230
vt 0.836199 0.825750
vt 0.837786 0.817992
vt 0.389494 0.926278
vt 0.396642 0.919005
vt 0.387112 0.915208
vt 0.379555 0.924904
vt 0.382134 0.931522
vt 0.831890 0.816295
vt 0.091206 0.502343
vt 0.087544 0.511355
vt 0.093776 0.503208
vt 0.399334 0.911199
vt 0.390042 0.906534
vt 0.387177 0.907031
vt 0.384285 0.915978
vt 0.661508 0.484707
vt 0.656225 0.479409
vt 0.661090 0.488959
vt 0.384313 0.907527
vt 0.381457 0.916748
vt 0.661925 0.480455
vt 0.656668 0.476629
vt 0.666739 0.487061
vt 0.666347 0.492786
vt 0.665956 0.498510
vt 0.667130 0.481337
vt 0.662342 0.476203
vt 0.657111 0.473849
vt 0.667522 0.475612
vt 0.662760 0.471951
vt 0.657554 0.471070
vt 0.667913 0.469888
vt 0.663177 0.467699
vt 0.657998 0.468290
vt 0.668305 0.464163
vt 0.663594 0.463447
vt 0.658441 0.465510
vt 0.755913 0.571096
vt 0.751628 0.579164
vt 0.755781 0.581719
vt 0.751752 0.568469
vt 0.747476 0.576609
vt 0.050920 0.487560
vt 0.079734 0.493477
vt 0.081111 0.488932
vt 0.050343 0.491702
vt 0.078357 0.498022
vt 0.033737 0.488088
vt 0.033734 0.485041
vt 0.033739 0.491135
vt 0.014068 0.491943
vt 0.017659 0.495680
vt 0.306517 0.908789
vt 0.302979 0.930788
vt 0.310396 0.909133
vt 0.302639 0.908445
vt 0.298780 0.930909
vt 0.298729 0.940168
vt 0.294580 0.931031
vt 0.304586 0.953528
vt 0.303055 0.938244
vt 0.294403 0.942092
vt 0.302840 0.955042
vt 0.321455 0.972979
vt 0.322315 0.971253
vt 0.320595 0.974704
vt 0.350250 0.979875
vt 0.350246 0.981734
vt 0.352464 0.981011
vt 0.352135 0.979247
vt 0.352794 0.982775
vt 0.354683 0.980288
vt 0.354020 0.978618
vt 0.355346 0.981958
vt 0.355905 0.977990
vt 0.356902 0.979566
vt 0.357790 0.977361
vt 0.357898 0.981141
vt 0.359120 0.978843
vt 0.359676 0.976733
vt 0.360450 0.980325
vt 0.361339 0.978120
vt 0.361561 0.976105
vt 0.363002 0.979508
vt 0.363557 0.977398
vt 0.374221 0.962144
vt 0.365554 0.978691
vt 0.376366 0.963077
vt 0.372077 0.961211
vt 0.840192 0.832306
vt 0.839274 0.829408
vt 0.837047 0.845881
vt 0.834872 0.845518
vt 0.854747 0.834519
vt 0.840780 0.834164
vt 0.380806 0.952827
vt 0.386849 0.967818
vt 0.843395 0.627614
vt 0.842465 0.643781
vt 0.848493 0.643063
vt 0.214571 0.473281
vt 0.212199 0.474946
vt 0.217810 0.486536
vt 0.203406 0.503779
vt 0.205082 0.484633
vt 0.373288 0.983700
vt 0.230285 0.464254
vt 0.218620 0.464235
vt 0.217195 0.507567
vt 0.230537 0.488440
vt 0.170005 0.504895
vt 0.156582 0.511355
vt 0.170111 0.508914
vt 0.183420 0.502861
vt 0.183641 0.506474
vt 0.183200 0.499247
vt 0.169898 0.500875
vt 0.156589 0.506928
vt 0.182979 0.495634
vt 0.169792 0.496855
vt 0.156597 0.502502
vt 0.182758 0.492020
vt 0.169685 0.492835
vt 0.156604 0.498076
vt 0.182538 0.488406
vt 0.169578 0.488815
vt 0.156611 0.493649
vt 0.182317 0.484793
vt 0.169472 0.484795
vt 0.156619 0.489223
vt 0.170107 0.450884
vt 0.185240 0.450831
vt 0.154973 0.450937
vt 0.167326 0.424738
vt 0.181180 0.424738
vt 0.153473 0.424738
vt 0.702792 0.741249
vt 0.718344 0.755903
vt 0.715950 0.739379
vt 0.689633 0.743118
vt 0.704028 0.760121
vt 0.713027 0.725743
vt 0.701623 0.725287
vt 0.690219 0.724830
vt 0.711932 0.699357
vt 0.701562 0.698840
vt 0.691192 0.698323
vt 0.010923 0.465717
vt 0.033724 0.473238
vt 0.035444 0.464214
vt 0.012763 0.455713
vt 0.037163 0.455190
vt 0.055753 0.458891
vt 0.053913 0.468749
vt 0.085387 0.475696
vt 0.087043 0.466827
vt 0.083730 0.484565
vt 0.778034 0.575827
vt 0.768704 0.585961
vt 0.777907 0.586239
vt 0.768842 0.575546
vt 0.759502 0.585684
vt 0.691103 0.466306
vt 0.681820 0.473472
vt 0.690903 0.473825
vt 0.682069 0.466278
vt 0.672738 0.473118
vt 0.681572 0.480665
vt 0.690702 0.481345
vt 0.672441 0.479986
vt 0.681323 0.487859
vt 0.690501 0.488865
vt 0.672144 0.486853
vt 0.681074 0.495052
vt 0.690300 0.496384
vt 0.671847 0.493720
vt 0.680825 0.502246
vt 0.690100 0.503904
vt 0.671550 0.500588
vt 0.680576 0.509439
vt 0.689899 0.511424
vt 0.671253 0.507455
vt 0.220217 0.431166
vt 0.210571 0.424549
vt 0.210671 0.431110
vt 0.224490 0.429356
vt 0.225934 0.430703
vt 0.229688 0.425039
vt 0.211207 0.448396
vt 0.219251 0.448763
vt 0.224316 0.439136
vt 0.222762 0.434860
vt 0.215173 0.452958
vt 0.229845 0.449225
vt 0.228408 0.449162
vt 0.226059 0.450074
vt 0.586203 0.144859
vt 0.586384 0.145906
vt 0.586966 0.145888
vt 0.591883 0.130374
vt 0.588232 0.134952
vt 0.591666 0.134846
vt 0.591988 0.128045
vt 0.587294 0.130516
vt 0.586691 0.128209
vt 0.589597 0.126817
vt 0.587228 0.126373
vt 0.683665 0.126547
vt 0.682173 0.127229
vt 0.682252 0.129561
vt 0.682194 0.126455
vt 0.936197 0.101014
vt 0.936197 0.103271
vt 0.940725 0.102962
vt 0.936197 0.095134
vt 0.931669 0.095443
vt 0.934851 0.096077
vt 0.305524 0.103765
vt 0.309496 0.087336
vt 0.307149 0.087574
vt 0.646277 0.104034
vt 0.647907 0.087910
vt 0.646277 0.087914
vt 0.960832 0.012252
vt 0.964272 0.010050
vt 0.960746 0.009865
vt 0.961390 0.014933
vt 0.964891 0.012796
vt 0.697139 0.087994
vt 0.700127 0.104202
vt 0.698938 0.088515
vt 0.538275 0.088038
vt 0.538102 0.103464
vt 0.540290 0.102594
vt 0.934479 0.102699
vt 0.986061 0.532063
vt 0.988178 0.533018
vt 0.988669 0.532063
vt 0.925215 0.060320
vt 0.924974 0.060759
vt 0.925565 0.061857
vt 0.925612 0.063803
vt 0.925643 0.062406
vt 0.924162 0.061891
vt 0.540695 0.102994
vt 0.541785 0.103856
vt 0.545475 0.104202
vt 0.227296 0.432451
vt 0.229831 0.435115
vt 0.229762 0.431222
vt 0.231094 0.432473
vt 0.232432 0.430725
vt 0.233884 0.429377
vt 0.678839 0.033956
vt 0.678087 0.034480
vt 0.677547 0.037152
vt 0.232432 0.430725
vt 0.236119 0.431185
vt 0.233884 0.429377
vt 0.235810 0.434882
vt 0.234376 0.439159
vt 0.249359 0.448721
vt 0.781020 0.129168
vt 0.781133 0.127161
vt 0.776269 0.128126
vt 0.989538 0.737825
vt 0.987362 0.737118
vt 0.988623 0.737730
vt 0.834913 0.103180
vt 0.834853 0.103520
vt 0.838185 0.104202
vt 0.824364 0.067998
vt 0.828506 0.065257
vt 0.823939 0.064308
vt 0.721123 0.088910
vt 0.718294 0.103552
vt 0.721710 0.104202
vt 0.825175 0.059966
vt 0.829170 0.064817
vt 0.420351 0.011972
vt 0.416770 0.009969
vt 0.416216 0.012774
vt 0.419843 0.014729
vt 0.416263 0.015114
vt 0.814217 0.103425
vt 0.814660 0.104118
vt 0.815822 0.104069
vt 0.810400 0.089225
vt 0.812653 0.104202
vt 0.812925 0.089717
vt 0.831920 0.065966
vt 0.830046 0.066099
vt 0.831342 0.067998
vt 0.695744 0.128420
vt 0.695050 0.127519
vt 0.694315 0.127436
vt 0.780377 0.131400
vt 0.775516 0.129078
vt 0.775575 0.131322
vt 0.692023 0.127175
vt 0.692052 0.126455
vt 0.690878 0.127742
vt 0.688636 0.131525
vt 0.695262 0.130704
vt 0.779240 0.135474
vt 0.775572 0.135414
vt 0.687312 0.144300
vt 0.693395 0.134934
vt 0.779960 0.145883
vt 0.781528 0.145229
vt 0.230250 0.449259
vt 0.232484 0.450147
vt 0.232606 0.449455
vt 0.245580 0.453225
vt 0.232484 0.450147
vt 0.230250 0.449259
vt 0.229843 0.449098
vt 0.964472 0.724926
vt 0.964956 0.726638
vt 0.965312 0.726573
vt 0.229236 0.448843
vt 0.963530 0.726276
vt 0.964424 0.726599
vt 0.683360 0.134054
vt 0.245416 0.473307
vt 0.245334 0.471533
vt 0.257826 0.143508
vt 0.265158 0.143737
vt 0.260037 0.127263
vt 0.249183 0.124660
vt 0.254229 0.144411
vt 0.252890 0.125316
vt 0.050178 0.123006
vt 0.053786 0.144324
vt 0.053786 0.122369
vt 0.830523 0.485939
vt 0.830726 0.487871
vt 0.835920 0.490333
vt 0.807795 0.486899
vt 0.804473 0.485165
vt 0.803424 0.492133
vt 0.860649 0.710537
vt 0.859885 0.703440
vt 0.832453 0.706306
vt 0.790027 0.500366
vt 0.845296 0.691241
vt 0.295782 0.809056
vt 0.295172 0.827568
vt 0.298033 0.828481
vt 0.323479 0.811518
vt 0.317623 0.820677
vt 0.322509 0.824220
vt 0.795568 0.500539
vt 0.789903 0.510619
vt 0.795832 0.509110
vt 0.780551 0.507078
vt 0.785504 0.509061
vt 0.801704 0.482584
vt 0.784251 0.495437
vt 0.774327 0.497329
vt 0.776341 0.500717
vt 0.782689 0.486805
vt 0.782917 0.510256
vt 0.773692 0.503012
vt 0.773205 0.494606
vt 0.762651 0.485424
vt 0.759573 0.489138
vt 0.769094 0.506995
vt 0.756495 0.492851
vt 0.776377 0.513278
vt 0.329398 0.861001
vt 0.339978 0.873920
vt 0.333457 0.860989
vt 0.749034 0.473852
vt 0.747475 0.477296
vt 0.849458 0.789029
vt 0.831014 0.782932
vt 0.830523 0.791002
vt 0.860919 0.789311
vt 0.851938 0.779086
vt 0.773153 0.494498
vt 0.782662 0.484472
vt 0.771838 0.491779
vt 0.327668 0.145906
vt 0.341149 0.143130
vt 0.333619 0.130170
vt 0.266973 0.143741
vt 0.263279 0.127573
vt 0.261313 0.127551
vt 0.794946 0.473852
vt 0.782634 0.482139
vt 0.798003 0.475158
vt 0.259031 0.503779
vt 0.256447 0.484633
vt 0.121086 0.500452
vt 0.128388 0.504479
vt 0.121447 0.498019
vt 0.128655 0.500851
vt 0.121807 0.495586
vt 0.117849 0.494691
vt 0.118244 0.492881
vt 0.117454 0.496501
vt 0.342743 0.875768
vt 0.339004 0.878139
vt 0.340795 0.878990
vt 0.341361 0.874844
vt 0.337213 0.877288
vt 0.335729 0.861416
vt 0.338000 0.861842
vt 0.334738 0.843543
vt 0.332265 0.843095
vt 0.331330 0.833156
vt 0.329792 0.842646
vt 0.333608 0.833231
vt 0.328440 0.824030
vt 0.330531 0.823999
vt 0.332622 0.823967
vt 0.328940 0.813673
vt 0.326210 0.812595
vt 0.327803 0.804010
vt 0.324986 0.803199
vt 0.322169 0.802388
vt 0.712738 0.489212
vt 0.724092 0.479409
vt 0.723197 0.476629
vt 0.712538 0.484203
vt 0.722302 0.473849
vt 0.308800 0.812040
vt 0.307563 0.804314
vt 0.294332 0.802592
vt 0.708848 0.500588
vt 0.712937 0.494222
vt 0.708836 0.507455
vt 0.708860 0.493720
vt 0.708872 0.486853
vt 0.837418 0.578655
vt 0.839792 0.582326
vt 0.844814 0.582326
vt 0.712338 0.479193
vt 0.721408 0.471070
vt 0.712138 0.474183
vt 0.720513 0.468290
vt 0.844314 0.578409
vt 0.849836 0.582326
vt 0.851209 0.578163
vt 0.854858 0.582326
vt 0.711938 0.469173
vt 0.719618 0.465510
vt 0.858105 0.577917
vt 0.859879 0.582326
vt 0.711739 0.464163
vt 0.718724 0.462731
vt 0.796421 0.575266
vt 0.800364 0.581719
vt 0.800434 0.571096
vt 0.808898 0.576609
vt 0.808929 0.565842
vt 0.863604 0.755504
vt 0.831157 0.760273
vt 0.861681 0.760919
vt 0.061053 0.433072
vt 0.089282 0.439272
vt 0.062597 0.426849
vt 0.059353 0.439452
vt 0.044126 0.429163
vt 0.040383 0.437431
vt 0.046058 0.424894
vt 0.090280 0.449345
vt 0.016478 0.435959
vt 0.670431 0.698323
vt 0.659279 0.723560
vt 0.667398 0.724607
vt 0.385639 0.802388
vt 0.399928 0.819411
vt 0.408417 0.818530
vt 0.403647 0.841471
vt 0.412396 0.842066
vt 0.383477 0.809336
vt 0.384558 0.805862
vt 0.394898 0.840875
vt 0.401946 0.849468
vt 0.410247 0.853779
vt 0.397566 0.864585
vt 0.400856 0.867342
vt 0.394277 0.861828
vt 0.373852 0.840384
vt 0.395675 0.848829
vt 0.375530 0.855973
vt 0.344630 0.845337
vt 0.347086 0.863547
vt 0.376060 0.871578
vt 0.348274 0.879462
vt 0.376461 0.880030
vt 0.377953 0.882841
vt 0.119825 0.485642
vt 0.115894 0.455715
vt 0.111942 0.457319
vt 0.123251 0.485854
vt 0.123455 0.452647
vt 0.380807 0.888368
vt 0.407227 0.872682
vt 0.129724 0.486339
vt 0.124471 0.426406
vt 0.661628 0.754491
vt 0.689713 0.764339
vt 0.415695 0.856036
vt 0.663579 0.738075
vt 0.156626 0.484797
vt 0.129457 0.489967
vt 0.122890 0.488287
vt 0.129190 0.493595
vt 0.119430 0.487452
vt 0.122529 0.490720
vt 0.115947 0.486834
vt 0.119034 0.489262
vt 0.116398 0.485431
vt 0.344815 0.863121
vt 0.345509 0.877615
vt 0.346891 0.878538
vt 0.342157 0.844889
vt 0.342543 0.862695
vt 0.340442 0.833456
vt 0.339684 0.844440
vt 0.342721 0.833531
vt 0.338894 0.823874
vt 0.338164 0.833381
vt 0.340985 0.823842
vt 0.091640 0.432283
vt 0.089523 0.432255
vt 0.337132 0.816904
vt 0.336803 0.823905
vt 0.334401 0.815827
vt 0.336254 0.806442
vt 0.333437 0.805631
vt 0.339071 0.807253
vt 0.331671 0.814750
vt 0.330620 0.804820
vt 0.334713 0.823936
vt 0.335886 0.833306
vt 0.337211 0.843992
vt 0.340272 0.862268
vt 0.344126 0.876691
vt 0.342587 0.879840
vt 0.115496 0.488237
vt 0.118639 0.491071
vt 0.122168 0.493153
vt 0.128922 0.497223
vt 0.369022 0.822191
vt 0.367692 0.814095
vt 0.064141 0.420626
vt 0.047990 0.420626
vt 0.385619 0.815917
vt 0.796323 0.585684
vt 0.708896 0.473118
vt 0.708908 0.466251
vt 0.708884 0.479986
vt 0.324812 0.829906
vt 0.329052 0.833081
vt 0.919282 0.063803
vt 0.925153 0.067998
vt 0.678839 0.040580
vt 0.681428 0.040122
vt 0.988572 0.492802
vt 0.985816 0.492802
vt 0.987486 0.494052
vt 0.899061 0.879990
vt 0.899300 0.881907
vt 0.900286 0.883455
vt 0.985816 0.737118
vt 0.987362 0.738903
vt 0.723539 0.089004
vt 0.726149 0.104202
vt 0.314444 0.104202
vt 0.312388 0.087235
vt 0.834854 0.422960
vt 0.830523 0.428190
vt 0.854943 0.428190
vt 0.856840 0.535699
vt 0.830523 0.535699
vt 0.830527 0.535736
vt 0.208657 0.448302
vt 0.208511 0.449625
vt 0.211175 0.448412
vt 0.409210 0.936927
vt 0.406172 0.922801
vt 0.400678 0.933579
vt 0.407052 0.938135
vt 0.837712 0.543866
vt 0.842924 0.550992
vt 0.856967 0.538415
vt 0.393964 0.927950
vt 0.857564 0.550134
vt 0.845329 0.553586
vt 0.846043 0.555693
vt 0.864832 0.814738
vt 0.853999 0.814095
vt 0.870523 0.816463
vt 0.867516 0.812575
vt 0.852955 0.421739
vt 0.853015 0.424292
vt 0.852621 0.417993
vt 0.836003 0.420090
vt 0.850639 0.410118
vt 0.839144 0.404640
vt 0.837958 0.412035
vt 0.809601 0.207591
vt 0.811013 0.221726
vt 0.810860 0.207067
vt 0.871494 0.830670
vt 0.858514 0.627745
vt 0.851363 0.643039
vt 0.860215 0.627614
vt 0.870119 0.833711
vt 0.871607 0.832021
vt 0.415772 0.921386
vt 0.408627 0.915864
vt 0.673035 0.466251
vt 0.759650 0.575266
vt 0.052072 0.478608
vt 0.009083 0.475721
vt 0.721795 0.725117
vt 0.724078 0.701426
vt 0.725699 0.750169
vt 0.724232 0.736689
vt 0.301095 0.956555
vt 0.317281 0.981449
vt 0.350242 0.983592
vt 0.354097 0.989714
vt 0.357936 0.988511
vt 0.361774 0.987309
vt 0.365612 0.986106
vt 0.369450 0.984903
vt 0.830523 0.825816
vt 0.359227 0.971497
vt 0.367787 0.959345
vt 0.372104 0.941824
vt 0.374522 0.941457
vt 0.365540 0.959607
vt 0.363293 0.959869
vt 0.357732 0.972274
vt 0.369685 0.942190
vt 0.356237 0.973051
vt 0.361046 0.960131
vt 0.354742 0.973828
vt 0.358799 0.960393
vt 0.353247 0.974605
vt 0.367267 0.942556
vt 0.364849 0.942922
vt 0.370324 0.931727
vt 0.372541 0.931912
vt 0.368107 0.931543
vt 0.373490 0.924045
vt 0.375511 0.924331
vt 0.371468 0.923758
vt 0.083496 0.499751
vt 0.081573 0.509234
vt 0.086066 0.500615
vt 0.083563 0.509941
vt 0.088636 0.501479
vt 0.378630 0.917518
vt 0.378585 0.908520
vt 0.375802 0.918287
vt 0.381449 0.908024
vt 0.085554 0.510648
vt 0.375721 0.909017
vt 0.372975 0.919057
vt 0.080927 0.498887
vt 0.079583 0.508527
vt 0.372856 0.909514
vt 0.370147 0.919827
vt 0.077593 0.507820
vt 0.367424 0.923185
vt 0.365890 0.931358
vt 0.369446 0.923472
vt 0.363673 0.931174
vt 0.362431 0.943288
vt 0.360013 0.943654
vt 0.356552 0.960655
vt 0.354305 0.960917
vt 0.351752 0.975381
vt 0.350257 0.976158
vt 0.323981 0.962136
vt 0.327324 0.947071
vt 0.308077 0.950501
vt 0.309053 0.937630
vt 0.331927 0.932773
vt 0.311378 0.930544
vt 0.339576 0.914453
vt 0.324653 0.906534
vt 0.342693 0.908142
vt 0.030619 0.503129
vt 0.048613 0.504129
vt 0.033745 0.497228
vt 0.049766 0.495845
vt 0.075602 0.507113
vt 0.374758 0.932096
vt 0.377533 0.924618
vt 0.376975 0.932281
vt 0.575406 0.060565
vt 0.571479 0.067998
vt 0.575406 0.067163
vt 0.931675 0.621010
vt 0.942124 0.627792
vt 0.942130 0.621010
vt 0.932015 0.836633
vt 0.942385 0.840773
vt 0.942686 0.836737
vt 0.942686 0.832928
vt 0.567551 0.060342
vt 0.571479 0.059506
vt 0.359088 0.060278
vt 0.363273 0.067998
vt 0.363273 0.059282
vt 0.367458 0.060229
vt 0.367458 0.067002
vt 0.899169 0.119078
vt 0.910104 0.123287
vt 0.909939 0.119313
vt 0.909916 0.115380
vt 0.931669 0.932733
vt 0.942803 0.939505
vt 0.942744 0.932733
vt 0.627450 0.060565
vt 0.623522 0.067998
vt 0.627450 0.067163
vt 0.697858 0.067991
vt 0.704640 0.059522
vt 0.697858 0.059516
vt 0.195271 0.067770
vt 0.199553 0.059475
vt 0.195521 0.059123
vt 0.191712 0.059075
vt 0.619594 0.060341
vt 0.623522 0.059506
vt 0.438686 0.060283
vt 0.442865 0.067998
vt 0.442865 0.059282
vt 0.447044 0.060224
vt 0.447044 0.066997
vt 0.013253 0.067829
vt 0.017464 0.058982
vt 0.013488 0.059101
vt 0.009555 0.059078
vt 0.114734 0.067998
vt 0.121506 0.058969
vt 0.114734 0.059034
vt 0.548226 0.067998
vt 0.541749 0.063704
vt 0.542294 0.067998
vt 0.932686 0.121437
vt 0.939954 0.126880
vt 0.940970 0.121437
vt 0.169292 0.067832
vt 0.172833 0.059596
vt 0.169326 0.059168
vt 0.164890 0.059063
vt 0.549385 0.063704
vt 0.542908 0.059411
vt 0.931669 0.196031
vt 0.936276 0.202415
vt 0.936276 0.194656
vt 0.940883 0.201041
vt 0.940883 0.195012
vt 0.066822 0.067898
vt 0.070512 0.059003
vt 0.067057 0.059189
vt 0.062178 0.067531
vt 0.062647 0.059108
vt 0.940680 0.352659
vt 0.932374 0.357795
vt 0.941384 0.357795
vt 0.801800 0.059739
vt 0.805772 0.066840
vt 0.805772 0.060423
vt 0.931762 0.859080
vt 0.942712 0.865392
vt 0.942805 0.859080
vt 0.910389 0.223430
vt 0.899071 0.227438
vt 0.909874 0.226985
vt 0.910490 0.219398
vt 0.899234 0.223656
vt 0.797827 0.060897
vt 0.801800 0.067998
vt 0.515062 0.063720
vt 0.522209 0.067998
vt 0.523583 0.063720
vt 0.516437 0.059442
vt 0.523058 0.059442
vt 0.898982 0.306146
vt 0.910672 0.309670
vt 0.910302 0.306363
vt 0.899229 0.301966
vt 0.910188 0.302400
vt 0.910859 0.382748
vt 0.898982 0.389100
vt 0.910731 0.389100
vt 0.915541 0.012220
vt 0.919098 0.009945
vt 0.915466 0.009769
vt 0.931835 0.574993
vt 0.942081 0.577875
vt 0.942172 0.574967
vt 0.942042 0.572529
vt 0.942569 0.645959
vt 0.931958 0.647919
vt 0.942112 0.647839
vt 0.916148 0.014949
vt 0.919762 0.012740
vt 0.963775 0.880037
vt 0.961420 0.883738
vt 0.964591 0.884323
vt 0.966859 0.880624
vt 0.967273 0.884323
vt 0.932259 0.782429
vt 0.942816 0.784831
vt 0.942587 0.782429
vt 0.931669 0.443967
vt 0.942030 0.445704
vt 0.942030 0.444006
vt 0.931669 0.787910
vt 0.942803 0.787789
vt 0.653471 0.067163
vt 0.649544 0.059506
vt 0.649544 0.067998
vt 0.942130 0.596061
vt 0.931669 0.602843
vt 0.942124 0.602843
vt 0.909916 0.141925
vt 0.899169 0.145623
vt 0.909939 0.145859
vt 0.910104 0.149833
vt 0.898982 0.149833
vt 0.645616 0.066939
vt 0.389810 0.059282
vt 0.385625 0.067050
vt 0.389810 0.067998
vt 0.393995 0.067002
vt 0.942686 0.806426
vt 0.932015 0.810131
vt 0.942686 0.810235
vt 0.942385 0.814272
vt 0.932059 0.814412
vt 0.942744 0.907794
vt 0.931728 0.914566
vt 0.942803 0.914566
vt 0.601428 0.067163
vt 0.597500 0.059506
vt 0.597500 0.067998
vt 0.722807 0.059516
vt 0.729589 0.067998
vt 0.729589 0.059522
vt 0.036102 0.059078
vt 0.039800 0.067829
vt 0.040035 0.059101
vt 0.044011 0.058982
vt 0.044011 0.067998
vt 0.593573 0.060342
vt 0.593573 0.066940
vt 0.416340 0.059282
vt 0.412161 0.067055
vt 0.416340 0.067998
vt 0.420519 0.066997
vt 0.218219 0.059075
vt 0.221778 0.067770
vt 0.222028 0.059123
vt 0.226060 0.059475
vt 0.226060 0.067846
vt 0.139672 0.059034
vt 0.146444 0.067933
vt 0.146445 0.058969
vt 0.778224 0.059598
vt 0.771659 0.063798
vt 0.779661 0.063798
vt 0.465210 0.059550
vt 0.470176 0.067662
vt 0.470176 0.059214
vt 0.267397 0.059511
vt 0.270280 0.067783
vt 0.270498 0.059120
vt 0.274733 0.059060
vt 0.274733 0.067998
vt 0.773097 0.067998
vt 0.779314 0.067998
vt 0.936263 0.168590
vt 0.931669 0.174985
vt 0.936263 0.176490
vt 0.940857 0.170095
vt 0.940857 0.176233
vt 0.088679 0.059003
vt 0.092073 0.067932
vt 0.091851 0.059222
vt 0.096568 0.067606
vt 0.096124 0.059180
vt 0.248794 0.058899
vt 0.244226 0.067998
vt 0.248794 0.067815
vt 0.679692 0.060923
vt 0.675665 0.067998
vt 0.679692 0.067469
vt 0.942711 0.883558
vt 0.931780 0.889628
vt 0.942822 0.889628
vt 0.910768 0.360584
vt 0.899741 0.357015
vt 0.899356 0.360438
vt 0.910773 0.364512
vt 0.898982 0.364581
vt 0.675665 0.059573
vt 0.671638 0.066648
vt 0.496896 0.063713
vt 0.489745 0.067998
vt 0.496392 0.067998
vt 0.495493 0.059428
vt 0.488342 0.063713
vt 0.910851 0.456306
vt 0.899188 0.459292
vt 0.910583 0.459292
vt 0.910331 0.168213
vt 0.899365 0.172027
vt 0.910331 0.172026
vt 0.898982 0.450178
vt 0.899095 0.456175
vt 0.374895 0.014842
vt 0.371236 0.012696
vt 0.371236 0.015114
vt 0.942181 0.464051
vt 0.931669 0.466792
vt 0.941910 0.466792
vt 0.942664 0.739114
vt 0.932494 0.736365
vt 0.932290 0.739199
vt 0.942829 0.741009
vt 0.931669 0.741231
vt 0.375505 0.012041
vt 0.371892 0.009854
vt 0.963782 0.749102
vt 0.961387 0.745428
vt 0.960995 0.749102
vt 0.966823 0.748515
vt 0.964555 0.744804
vt 0.910121 0.092020
vt 0.899571 0.094557
vt 0.909902 0.094641
vt 0.899643 0.096742
vt 0.910047 0.096575
vt 0.898982 0.089202
vt 0.899072 0.091798
vt 0.492468 0.099724
vt 0.485318 0.098217
vt 0.485378 0.099100
vt 0.778394 0.091832
vt 0.783552 0.103198
vt 0.783266 0.089393
vt 0.787910 0.090513
vt 0.492665 0.090036
vt 0.486275 0.087690
vt 0.485767 0.090632
vt 0.683306 0.186882
vt 0.682875 0.194204
vt 0.683248 0.189267
vt 0.688380 0.182171
vt 0.692377 0.176436
vt 0.686412 0.175388
vt 0.681459 0.182988
vt 0.678501 0.188633
vt 0.050845 0.219568
vt 0.044511 0.219791
vt 0.051283 0.221342
vt 0.692619 0.171315
vt 0.686662 0.169701
vt 0.056583 0.220956
vt 0.870895 0.952773
vt 0.874478 0.955948
vt 0.871214 0.950088
vt 0.056320 0.219156
vt 0.050407 0.217794
vt 0.870575 0.955458
vt 0.874081 0.957762
vt 0.867466 0.951339
vt 0.867708 0.947783
vt 0.867950 0.944227
vt 0.867223 0.954894
vt 0.870256 0.958143
vt 0.873685 0.959577
vt 0.866981 0.958450
vt 0.869937 0.960828
vt 0.873289 0.961392
vt 0.866738 0.962005
vt 0.869617 0.963513
vt 0.872892 0.963206
vt 0.866496 0.965561
vt 0.869298 0.966198
vt 0.872496 0.965021
vt 0.836247 0.663958
vt 0.835732 0.669076
vt 0.838643 0.669998
vt 0.833385 0.662953
vt 0.832821 0.668153
vt 0.792550 0.323220
vt 0.791455 0.305485
vt 0.788633 0.305082
vt 0.795060 0.323146
vt 0.794278 0.305888
vt 0.795268 0.333642
vt 0.793480 0.333957
vt 0.797055 0.333327
vt 0.799014 0.346300
vt 0.800878 0.343580
vt 0.055247 0.177646
vt 0.041137 0.176194
vt 0.054768 0.180891
vt 0.055725 0.174401
vt 0.041240 0.173113
vt 0.035095 0.174181
vt 0.041344 0.170031
vt 0.026307 0.178633
vt 0.036162 0.177230
vt 0.034028 0.171132
vt 0.025482 0.177082
vt 0.013753 0.188658
vt 0.014702 0.189772
vt 0.012805 0.187544
vt 0.449065 0.194916
vt 0.439165 0.209863
vt 0.449817 0.196036
vt 0.448313 0.193796
vt 0.438348 0.209317
vt 0.437918 0.210713
vt 0.438841 0.211072
vt 0.436996 0.210355
vt 0.437488 0.212110
vt 0.438516 0.212282
vt 0.436461 0.211937
vt 0.438192 0.213492
vt 0.437059 0.213506
vt 0.437867 0.214701
vt 0.435925 0.213520
vt 0.436629 0.214902
vt 0.437543 0.215911
vt 0.435390 0.215103
vt 0.436199 0.216298
vt 0.437218 0.217121
vt 0.434855 0.216685
vt 0.435769 0.217694
vt 0.684668 0.206377
vt 0.684492 0.217036
vt 0.686578 0.206496
vt 0.682758 0.206257
vt 0.682914 0.216586
vt 0.686451 0.197933
vt 0.685540 0.196227
vt 0.685085 0.194857
vt 0.485497 0.102369
vt 0.485429 0.100542
vt 0.492567 0.101103
vt 0.485540 0.103541
vt 0.687366 0.199662
vt 0.694709 0.207557
vt 0.601687 0.093574
vt 0.591392 0.095965
vt 0.592094 0.099863
vt 0.701574 0.200477
vt 0.699976 0.201544
vt 0.702494 0.208409
vt 0.690608 0.218779
vt 0.711995 0.194619
vt 0.704805 0.194904
vt 0.698987 0.220768
vt 0.710278 0.209261
vt 0.421717 0.214827
vt 0.412451 0.214144
vt 0.420578 0.217317
vt 0.429665 0.218196
vt 0.428706 0.220489
vt 0.430624 0.215903
vt 0.422856 0.212337
vt 0.413770 0.211458
vt 0.431583 0.213610
vt 0.423995 0.209847
vt 0.415088 0.208771
vt 0.432542 0.211316
vt 0.425134 0.207357
vt 0.416407 0.206084
vt 0.433501 0.209023
vt 0.426273 0.204867
vt 0.417726 0.203397
vt 0.434460 0.206730
vt 0.427411 0.202377
vt 0.419045 0.200711
vt 0.437113 0.184481
vt 0.445455 0.189494
vt 0.428770 0.179468
vt 0.442222 0.171574
vt 0.449824 0.176264
vt 0.434620 0.166883
vt 0.189343 0.199176
vt 0.192717 0.210429
vt 0.196102 0.199574
vt 0.182584 0.198778
vt 0.185279 0.211342
vt 0.195934 0.190748
vt 0.190165 0.189123
vt 0.184397 0.187497
vt 0.195386 0.174457
vt 0.190149 0.172915
vt 0.184913 0.171374
vt 0.783038 0.351774
vt 0.786554 0.335178
vt 0.780640 0.335374
vt 0.776480 0.352040
vt 0.774727 0.335569
vt 0.774274 0.323870
vt 0.780736 0.323628
vt 0.780084 0.303989
vt 0.774271 0.304206
vt 0.785896 0.303772
vt 0.849224 0.664118
vt 0.846901 0.670727
vt 0.851703 0.669960
vt 0.844435 0.664878
vt 0.842100 0.671495
vt 0.852178 0.963884
vt 0.858141 0.959460
vt 0.852278 0.959225
vt 0.858002 0.963921
vt 0.864004 0.959695
vt 0.858280 0.954998
vt 0.852379 0.954565
vt 0.864181 0.955431
vt 0.858419 0.950536
vt 0.852479 0.949906
vt 0.864358 0.951167
vt 0.858557 0.946075
vt 0.852580 0.945247
vt 0.864535 0.946903
vt 0.858696 0.941613
vt 0.852680 0.940587
vt 0.864712 0.942639
vt 0.858835 0.937152
vt 0.852781 0.935928
vt 0.864889 0.938375
vt 0.709496 0.175136
vt 0.703890 0.171328
vt 0.703552 0.175327
vt 0.712272 0.173931
vt 0.713088 0.174718
vt 0.715792 0.171179
vt 0.703136 0.185939
vt 0.708169 0.185984
vt 0.711040 0.179762
vt 0.710616 0.177266
vt 0.703675 0.188193
vt 0.714802 0.186031
vt 0.713902 0.186024
vt 0.712328 0.186622
vt 0.899648 0.601551
vt 0.898982 0.601649
vt 0.898990 0.601966
vt 0.908854 0.604490
vt 0.905923 0.602727
vt 0.905969 0.604595
vt 0.910326 0.604597
vt 0.908792 0.601993
vt 0.910254 0.601716
vt 0.911111 0.603351
vt 0.911404 0.602084
vt 0.911053 0.623653
vt 0.910550 0.622814
vt 0.909113 0.622835
vt 0.911029 0.622834
vt 0.963830 0.094318
vt 0.963830 0.095738
vt 0.966665 0.095589
vt 0.963830 0.090618
vt 0.960995 0.090767
vt 0.962987 0.091198
vt 0.931750 0.422805
vt 0.941824 0.423714
vt 0.941545 0.421927
vt 0.931669 0.420043
vt 0.941494 0.420420
vt 0.987331 0.635809
vt 0.986066 0.633532
vt 0.985816 0.635809
vt 0.989059 0.635460
vt 0.987830 0.633184
vt 0.942413 0.690592
vt 0.931959 0.692195
vt 0.942291 0.692079
vt 0.932472 0.693284
vt 0.933090 0.694858
vt 0.962754 0.095362
vt 0.985976 0.455376
vt 0.987330 0.455925
vt 0.987649 0.455376
vt 0.966727 0.049173
vt 0.966389 0.048980
vt 0.965674 0.049156
vt 0.964357 0.049088
vt 0.965310 0.049173
vt 0.965500 0.048380
vt 0.932166 0.397951
vt 0.931686 0.398882
vt 0.931669 0.401877
vt 0.713748 0.175731
vt 0.714991 0.177250
vt 0.715441 0.174944
vt 0.715930 0.175606
vt 0.716763 0.174480
vt 0.717548 0.173570
vt 0.988694 0.573375
vt 0.988409 0.572748
vt 0.987280 0.572297
vt 0.716763 0.174480
vt 0.718521 0.174539
vt 0.717548 0.173570
vt 0.717913 0.176751
vt 0.716689 0.179376
vt 0.725456 0.184858
vt 0.910882 0.431780
vt 0.910919 0.429081
vt 0.909638 0.431619
vt 0.985816 0.512439
vt 0.986771 0.513609
vt 0.986275 0.512826
vt 0.931947 0.307487
vt 0.931731 0.307499
vt 0.931669 0.309546
vt 0.985816 0.986234
vt 0.987557 0.988790
vt 0.988160 0.985944
vt 0.941111 0.310055
vt 0.931669 0.312390
vt 0.990917 0.986683
vt 0.987836 0.989200
vt 0.987888 0.677475
vt 0.989110 0.675210
vt 0.987335 0.674858
vt 0.986104 0.677151
vt 0.985816 0.674885
vt 0.932475 0.148975
vt 0.932053 0.149387
vt 0.932113 0.150423
vt 0.940975 0.147407
vt 0.931951 0.147598
vt 0.940819 0.148976
vt 0.987107 0.990917
vt 0.987022 0.989752
vt 0.985816 0.990571
vt 0.910550 0.630369
vt 0.911069 0.629991
vt 0.911081 0.629582
vt 0.908317 0.431211
vt 0.910421 0.428623
vt 0.909000 0.428598
vt 0.911118 0.628307
vt 0.911564 0.628330
vt 0.910705 0.627663
vt 0.908246 0.626374
vt 0.909113 0.630077
vt 0.905856 0.430850
vt 0.906378 0.428853
vt 0.899806 0.626879
vt 0.906397 0.628993
vt 0.899181 0.431158
vt 0.899388 0.432012
vt 0.987031 0.361189
vt 0.985816 0.361126
vt 0.985816 0.361567
vt 0.900539 0.280072
vt 0.908839 0.283546
vt 0.910270 0.275632
vt 0.715021 0.186033
vt 0.714816 0.185955
vt 0.987777 0.862864
vt 0.987431 0.861823
vt 0.987185 0.861875
vt 0.714467 0.185818
vt 0.988347 0.862054
vt 0.987800 0.861829
vt 0.906397 0.623407
vt 0.718727 0.199220
vt 0.718823 0.198150
vt 0.116272 0.099278
vt 0.120783 0.098826
vt 0.118660 0.088782
vt 0.111549 0.087670
vt 0.114168 0.100134
vt 0.113544 0.088320
vt 0.110310 0.087110
vt 0.111627 0.100500
vt 0.107095 0.104202
vt 0.108498 0.103624
vt 0.110043 0.100442
vt 0.859317 0.091192
vt 0.856351 0.092692
vt 0.856799 0.094276
vt 0.816588 0.127628
vt 0.814449 0.127610
vt 0.813777 0.144671
vt 0.867327 0.092232
vt 0.804887 0.137963
vt 0.748058 0.632472
vt 0.747840 0.644178
vt 0.749881 0.644767
vt 0.768154 0.634154
vt 0.763465 0.639901
vt 0.767613 0.642184
vt 0.803947 0.137577
vt 0.804473 0.128954
vt 0.799695 0.135794
vt 0.425799 0.094139
vt 0.434309 0.093124
vt 0.433422 0.090207
vt 0.857173 0.096634
vt 0.868245 0.096923
vt 0.425070 0.099633
vt 0.433762 0.100440
vt 0.434109 0.097974
vt 0.866310 0.101846
vt 0.770109 0.645817
vt 0.769496 0.648224
vt 0.770423 0.653199
vt 0.766705 0.656672
vt 0.767592 0.665380
vt 0.771346 0.665419
vt 0.774568 0.653921
vt 0.775101 0.665458
vt 0.774458 0.647887
vt 0.777329 0.673574
vt 0.771214 0.676309
vt 0.774577 0.675664
vt 0.764699 0.677557
vt 0.765763 0.658454
vt 0.759034 0.665787
vt 0.424725 0.101040
vt 0.433368 0.102308
vt 0.433375 0.102233
vt 0.424379 0.102447
vt 0.433204 0.104202
vt 0.678210 0.095943
vt 0.674285 0.088319
vt 0.667945 0.093461
vt 0.677579 0.102183
vt 0.667945 0.103021
vt 0.668108 0.104202
vt 0.865624 0.103024
vt 0.857361 0.103608
vt 0.864938 0.104202
vt 0.856486 0.101776
vt 0.119461 0.088934
vt 0.407813 0.222757
vt 0.397034 0.205178
vt 0.393964 0.213831
vt 0.395111 0.199313
vt 0.398272 0.203020
vt 0.396042 0.197921
vt 0.399509 0.200861
vt 0.396973 0.196530
vt 0.394881 0.195287
vt 0.395645 0.194290
vt 0.394118 0.196284
vt 0.778468 0.674724
vt 0.775382 0.676193
vt 0.776186 0.676722
vt 0.777899 0.674149
vt 0.842333 0.601697
vt 0.834390 0.602324
vt 0.833745 0.602910
vt 0.841895 0.602901
vt 0.833101 0.603497
vt 0.853358 0.603478
vt 0.853910 0.601985
vt 0.842770 0.600493
vt 0.860132 0.602636
vt 0.854462 0.600493
vt 0.859999 0.603700
vt 0.772636 0.642115
vt 0.775517 0.647924
vt 0.773638 0.642087
vt 0.774639 0.642059
vt 0.776576 0.647961
vt 0.753373 0.300488
vt 0.749313 0.302224
vt 0.749581 0.303528
vt 0.902125 0.909141
vt 0.898982 0.915123
vt 0.899927 0.914992
vt 0.903291 0.903761
vt 0.901936 0.903379
vt 0.900810 0.908586
vt 0.900581 0.902996
vt 0.837753 0.949938
vt 0.830523 0.955948
vt 0.830993 0.957762
vt 0.837876 0.953063
vt 0.831463 0.959577
vt 0.756541 0.634384
vt 0.767734 0.628396
vt 0.756113 0.629511
vt 0.747475 0.628396
vt 0.840555 0.942639
vt 0.837631 0.946814
vt 0.840548 0.938375
vt 0.840563 0.946903
vt 0.840570 0.951167
vt 0.837998 0.956187
vt 0.831933 0.961392
vt 0.838121 0.959312
vt 0.832403 0.963206
vt 0.840578 0.955431
vt 0.840586 0.959695
vt 0.838243 0.962437
vt 0.832874 0.965021
vt 0.964496 0.618307
vt 0.962935 0.615717
vt 0.960996 0.617482
vt 0.838365 0.965561
vt 0.833344 0.966835
vt 0.934727 0.264956
vt 0.938303 0.262864
vt 0.931669 0.263048
vt 0.912752 0.909499
vt 0.908712 0.905292
vt 0.908702 0.911917
vt 0.563863 0.126938
vt 0.568037 0.144481
vt 0.568037 0.125594
vt 0.756686 0.324712
vt 0.755609 0.307497
vt 0.752158 0.324962
vt 0.761426 0.324458
vt 0.756701 0.335487
vt 0.762986 0.336159
vt 0.753456 0.335140
vt 0.762715 0.304737
vt 0.763425 0.352595
vt 0.174337 0.168930
vt 0.167044 0.183234
vt 0.172791 0.184672
vt 0.751902 0.345617
vt 0.755938 0.350734
vt 0.166810 0.168610
vt 0.161689 0.182472
vt 0.750212 0.334793
vt 0.160537 0.168426
vt 0.156334 0.181711
vt 0.159103 0.187021
vt 0.163825 0.190041
vt 0.155960 0.196462
vt 0.158680 0.198646
vt 0.153239 0.194277
vt 0.797277 0.652370
vt 0.808276 0.657639
vt 0.807317 0.652595
vt 0.798582 0.662234
vt 0.807136 0.665845
vt 0.779724 0.655495
vt 0.780542 0.666983
vt 0.798424 0.672081
vt 0.780747 0.677024
vt 0.797096 0.677369
vt 0.143716 0.200404
vt 0.147232 0.208638
vt 0.398699 0.190300
vt 0.404854 0.172786
vt 0.402058 0.172947
vt 0.400697 0.190965
vt 0.410210 0.172456
vt 0.151409 0.213223
vt 0.163951 0.202876
vt 0.404458 0.192226
vt 0.177842 0.212255
vt 0.169540 0.192600
vt 0.420363 0.198024
vt 0.403221 0.194385
vt 0.399766 0.192356
vt 0.401984 0.196543
vt 0.397936 0.191297
vt 0.398835 0.193747
vt 0.396017 0.190405
vt 0.397172 0.192295
vt 0.396702 0.189635
vt 0.840583 0.606515
vt 0.831812 0.604669
vt 0.831167 0.605256
vt 0.840145 0.607719
vt 0.830523 0.605842
vt 0.851702 0.607955
vt 0.841020 0.605310
vt 0.851150 0.609448
vt 0.859603 0.606891
vt 0.852254 0.606463
vt 0.859470 0.607955
vt 0.777644 0.641975
vt 0.778694 0.648035
vt 0.779753 0.648073
vt 0.778646 0.641947
vt 0.780812 0.648110
vt 0.750385 0.307441
vt 0.750653 0.308745
vt 0.755050 0.305745
vt 0.750117 0.306136
vt 0.906071 0.910807
vt 0.907356 0.904909
vt 0.906001 0.904527
vt 0.907387 0.911362
vt 0.904756 0.910252
vt 0.904646 0.904144
vt 0.754491 0.303992
vt 0.749849 0.304832
vt 0.903441 0.909696
vt 0.753932 0.302240
vt 0.776643 0.642003
vt 0.777635 0.647998
vt 0.775641 0.642031
vt 0.859867 0.604764
vt 0.852806 0.604970
vt 0.859735 0.605827
vt 0.841458 0.604106
vt 0.832456 0.604083
vt 0.394648 0.191945
vt 0.396409 0.193292
vt 0.395333 0.191175
vt 0.397904 0.195139
vt 0.400746 0.198702
vt 0.797144 0.640967
vt 0.794886 0.635799
vt 0.747630 0.325212
vt 0.804801 0.636924
vt 0.802135 0.632716
vt 0.152470 0.165799
vt 0.146781 0.181697
vt 0.861045 0.667799
vt 0.858565 0.661948
vt 0.840593 0.963959
vt 0.963675 0.045594
vt 0.961579 0.048986
vt 0.989786 0.799718
vt 0.986183 0.799718
vt 0.985842 0.801236
vt 0.987529 0.436415
vt 0.985816 0.436415
vt 0.986846 0.437210
vt 0.315021 0.067984
vt 0.316559 0.067790
vt 0.317816 0.067133
vt 0.987695 0.513896
vt 0.987280 0.512685
vt 0.296223 0.059000
vt 0.292899 0.067998
vt 0.296855 0.067998
vt 0.941977 0.528451
vt 0.931796 0.530621
vt 0.942129 0.530621
vt 0.344973 0.100373
vt 0.347894 0.104202
vt 0.347894 0.088049
vt 0.237625 0.104202
vt 0.253314 0.104202
vt 0.253314 0.104178
vt 0.701537 0.185938
vt 0.701335 0.186740
vt 0.703113 0.185949
vt 0.698341 0.177484
vt 0.697035 0.184785
vt 0.700399 0.186998
vt 0.250167 0.098460
vt 0.248381 0.093664
vt 0.239159 0.095494
vt 0.691725 0.182429
vt 0.239083 0.092169
vt 0.247437 0.091869
vt 0.247111 0.090441
vt 0.788939 0.100496
vt 0.790107 0.093298
vt 0.787454 0.104202
vt 0.790107 0.102405
vt 0.343216 0.100171
vt 0.344764 0.087795
vt 0.343415 0.087881
vt 0.341294 0.087956
vt 0.336086 0.087844
vt 0.333692 0.098135
vt 0.338255 0.099245
vt 0.335255 0.087847
vt 0.777228 0.092694
vt 0.778463 0.104083
vt 0.601687 0.102895
vt 0.592036 0.101604
vt 0.601582 0.104202
vt 0.776650 0.103001
vt 0.777606 0.104085
vt 0.698575 0.172929
vt 0.863827 0.963959
vt 0.839645 0.665638
vt 0.787198 0.323386
vt 0.789597 0.351507
vt 0.056846 0.168758
vt 0.032572 0.165512
vt 0.041010 0.165021
vt 0.024657 0.175532
vt 0.009083 0.183275
vt 0.437531 0.208772
vt 0.434320 0.218268
vt 0.678393 0.194625
vt 0.678539 0.213854
vt 0.678939 0.206017
vt 0.033322 0.217529
vt 0.022180 0.215138
vt 0.033446 0.219324
vt 0.022084 0.213600
vt 0.014593 0.209820
vt 0.021989 0.212061
vt 0.014130 0.208869
vt 0.033198 0.215734
vt 0.011927 0.209961
vt 0.013666 0.207918
vt 0.011555 0.208807
vt 0.021893 0.210523
vt 0.013202 0.206967
vt 0.011183 0.207654
vt 0.021798 0.208984
vt 0.440395 0.212960
vt 0.440193 0.213963
vt 0.033074 0.213940
vt 0.032950 0.212145
vt 0.039808 0.216284
vt 0.039651 0.217670
vt 0.039965 0.214898
vt 0.045148 0.216074
vt 0.044936 0.217313
vt 0.045361 0.214835
vt 0.794889 0.302312
vt 0.800463 0.302727
vt 0.795195 0.300524
vt 0.800642 0.301404
vt 0.795500 0.298736
vt 0.049968 0.216021
vt 0.055795 0.215555
vt 0.049530 0.214247
vt 0.056058 0.217355
vt 0.044723 0.218552
vt 0.055533 0.213754
vt 0.049092 0.212473
vt 0.794584 0.304100
vt 0.800283 0.304050
vt 0.055270 0.211953
vt 0.048654 0.210700
vt 0.800103 0.305373
vt 0.045785 0.212356
vt 0.040121 0.213512
vt 0.045573 0.213595
vt 0.040278 0.212127
vt 0.032825 0.210351
vt 0.032701 0.208556
vt 0.021702 0.207446
vt 0.012738 0.206016
vt 0.021607 0.205907
vt 0.012274 0.205065
vt 0.440598 0.211956
vt 0.440800 0.210953
vt 0.011810 0.204114
vt 0.020235 0.191835
vt 0.029913 0.193269
vt 0.027958 0.181734
vt 0.036219 0.181957
vt 0.039274 0.194657
vt 0.040930 0.182358
vt 0.050563 0.200428
vt 0.055925 0.190849
vt 0.912930 0.933911
vt 0.900053 0.939863
vt 0.913169 0.939863
vt 0.804217 0.334258
vt 0.802592 0.322926
vt 0.800631 0.332696
vt 0.797571 0.323073
vt 0.799924 0.306695
vt 0.039494 0.219056
vt 0.039338 0.220441
vt 0.823424 0.014212
vt 0.825941 0.009723
vt 0.823424 0.010023
vt 0.529025 0.033851
vt 0.533192 0.040597
vt 0.533192 0.033715
vt 0.059228 0.033353
vt 0.056264 0.040281
vt 0.059076 0.040547
vt 0.061674 0.033300
vt 0.061674 0.040733
vt 0.825941 0.015114
vt 0.828458 0.010624
vt 0.779204 0.009725
vt 0.781840 0.014174
vt 0.781840 0.009987
vt 0.776569 0.010665
vt 0.779204 0.015114
vt 0.127403 0.033332
vt 0.130039 0.040498
vt 0.130044 0.033332
vt 0.132671 0.040392
vt 0.132518 0.033461
vt 0.154925 0.033592
vt 0.150837 0.040427
vt 0.154925 0.040733
vt 0.572525 0.099666
vt 0.563859 0.098006
vt 0.564001 0.098897
vt 0.901398 0.981405
vt 0.906232 0.990174
vt 0.906405 0.979468
vt 0.911062 0.980294
vt 0.573226 0.090393
vt 0.565610 0.087985
vt 0.564426 0.090622
vt 0.770087 0.799617
vt 0.770429 0.792213
vt 0.770123 0.797209
vt 0.765260 0.804623
vt 0.761223 0.810661
vt 0.768207 0.811159
vt 0.772625 0.803301
vt 0.774340 0.797681
vt 0.373934 0.217477
vt 0.369960 0.222757
vt 0.375797 0.217906
vt 0.760786 0.815890
vt 0.767756 0.816961
vt 0.769074 0.816382
vt 0.769471 0.810412
vt 0.833881 0.902104
vt 0.830523 0.899587
vt 0.833443 0.904611
vt 0.770393 0.815802
vt 0.770734 0.809665
vt 0.834320 0.899597
vt 0.830977 0.897738
vt 0.837208 0.903305
vt 0.836785 0.906470
vt 0.836362 0.909634
vt 0.837630 0.900141
vt 0.834759 0.897090
vt 0.831432 0.895888
vt 0.838053 0.896977
vt 0.835197 0.894583
vt 0.831887 0.894039
vt 0.838476 0.893813
vt 0.835636 0.892076
vt 0.832341 0.892189
vt 0.838898 0.890649
vt 0.836075 0.889569
vt 0.832796 0.890340
vt 0.873465 0.066300
vt 0.875486 0.060910
vt 0.873465 0.060133
vt 0.875554 0.067149
vt 0.877506 0.061686
vt 0.351137 0.211762
vt 0.365604 0.212498
vt 0.366589 0.209665
vt 0.350712 0.214312
vt 0.364619 0.215331
vt 0.341523 0.213528
vt 0.341594 0.211688
vt 0.341451 0.215368
vt 0.326846 0.216522
vt 0.329256 0.218613
vt 0.531587 0.169015
vt 0.530410 0.182570
vt 0.534612 0.169809
vt 0.528562 0.168221
vt 0.527787 0.182092
vt 0.529154 0.188091
vt 0.525163 0.181615
vt 0.532596 0.197288
vt 0.531723 0.187431
vt 0.526586 0.188750
vt 0.531040 0.197965
vt 0.538824 0.211352
vt 0.540166 0.210460
vt 0.537483 0.212243
vt 0.298792 0.212570
vt 0.281854 0.218212
vt 0.298687 0.213925
vt 0.298897 0.211215
vt 0.281555 0.217268
vt 0.280355 0.218108
vt 0.280851 0.218969
vt 0.854589 0.040704
vt 0.855723 0.039270
vt 0.854567 0.039478
vt 0.279154 0.218949
vt 0.279849 0.219727
vt 0.278459 0.218170
vt 0.278846 0.220484
vt 0.277953 0.219789
vt 0.277844 0.221242
vt 0.277060 0.219093
vt 0.276753 0.220629
vt 0.276841 0.221999
vt 0.275662 0.220017
vt 0.275552 0.221470
vt 0.275839 0.222757
vt 0.274263 0.220940
vt 0.274351 0.222310
vt 0.769650 0.779808
vt 0.771598 0.768660
vt 0.767803 0.779786
vt 0.771497 0.779830
vt 0.773265 0.769004
vt 0.767426 0.788536
vt 0.768148 0.790245
vt 0.768489 0.791626
vt 0.564605 0.102270
vt 0.564194 0.100356
vt 0.572875 0.101104
vt 0.564869 0.103498
vt 0.766647 0.786814
vt 0.759325 0.779263
vt 0.397565 0.097819
vt 0.406213 0.097186
vt 0.405579 0.093372
vt 0.750391 0.199980
vt 0.749286 0.200646
vt 0.752887 0.207844
vt 0.267102 0.220131
vt 0.253615 0.215948
vt 0.258064 0.222757
vt 0.765143 0.767328
vt 0.757843 0.196702
vt 0.751885 0.195338
vt 0.262675 0.212599
vt 0.249166 0.209140
vt 0.265109 0.211330
vt 0.258247 0.205067
vt 0.269274 0.218906
vt 0.271446 0.217681
vt 0.267544 0.210060
vt 0.260944 0.203753
vt 0.273618 0.216456
vt 0.269978 0.208791
vt 0.263641 0.202440
vt 0.275790 0.215230
vt 0.272413 0.207522
vt 0.266338 0.201126
vt 0.277962 0.214005
vt 0.274847 0.206252
vt 0.269035 0.199813
vt 0.280134 0.212780
vt 0.277282 0.204983
vt 0.271732 0.198499
vt 0.295858 0.196912
vt 0.299324 0.206028
vt 0.292392 0.187797
vt 0.515428 0.204779
vt 0.532348 0.215741
vt 0.523453 0.201262
vt 0.507404 0.208295
vt 0.523651 0.219249
vt 0.513210 0.191908
vt 0.520454 0.189835
vt 0.505966 0.193981
vt 0.519209 0.181771
vt 0.513061 0.182364
vt 0.506912 0.182957
vt 0.521054 0.167149
vt 0.515466 0.167627
vt 0.509878 0.168105
vt 0.322820 0.200143
vt 0.341870 0.204558
vt 0.341982 0.198667
vt 0.322875 0.193610
vt 0.342094 0.192776
vt 0.352342 0.193432
vt 0.352258 0.199869
vt 0.368781 0.201167
vt 0.368858 0.195376
vt 0.368704 0.206957
vt 0.849929 0.735406
vt 0.857451 0.731005
vt 0.852590 0.730045
vt 0.854788 0.736371
vt 0.862312 0.731964
vt 0.853177 0.893067
vt 0.847012 0.896932
vt 0.852835 0.897183
vt 0.847380 0.892980
vt 0.841188 0.896682
vt 0.846643 0.900885
vt 0.852493 0.901299
vt 0.840794 0.900472
vt 0.846275 0.904838
vt 0.852151 0.905415
vt 0.840399 0.904262
vt 0.845907 0.908791
vt 0.851809 0.909530
vt 0.840005 0.908052
vt 0.845539 0.912744
vt 0.851467 0.913646
vt 0.839611 0.911843
vt 0.845170 0.916697
vt 0.851125 0.917762
vt 0.839216 0.915633
vt 0.749796 0.177367
vt 0.744607 0.172408
vt 0.744969 0.176195
vt 0.751867 0.176837
vt 0.752663 0.177783
vt 0.754276 0.174982
vt 0.745820 0.186364
vt 0.749869 0.187558
vt 0.752661 0.182172
vt 0.751448 0.179672
vt 0.900084 0.410432
vt 0.911021 0.410432
vt 0.906323 0.407267
vt 0.747533 0.138505
vt 0.747733 0.139416
vt 0.748436 0.140921
vt 0.899601 0.505165
vt 0.898982 0.505264
vt 0.899047 0.505581
vt 0.908892 0.508395
vt 0.905832 0.506203
vt 0.906216 0.508072
vt 0.910331 0.508406
vt 0.908379 0.505897
vt 0.910604 0.505248
vt 0.909739 0.505523
vt 0.910927 0.505745
vt 0.911421 0.527403
vt 0.911011 0.526630
vt 0.909606 0.526885
vt 0.911476 0.526572
vt 0.963827 0.068757
vt 0.963827 0.067339
vt 0.960995 0.067480
vt 0.963827 0.072451
vt 0.966659 0.072310
vt 0.964669 0.071875
vt 0.931857 0.551611
vt 0.942158 0.551797
vt 0.941949 0.550233
vt 0.931978 0.548787
vt 0.941987 0.548787
vt 0.987850 0.612432
vt 0.988851 0.614717
vt 0.989288 0.612481
vt 0.986240 0.612777
vt 0.987159 0.615017
vt 0.942415 0.666852
vt 0.932044 0.668878
vt 0.942312 0.668294
vt 0.932542 0.669797
vt 0.933137 0.671122
vt 0.964902 0.067718
vt 0.987490 0.474635
vt 0.986136 0.474091
vt 0.985816 0.474635
vt 0.985824 0.553823
vt 0.985979 0.553470
vt 0.985849 0.552587
vt 0.985832 0.551184
vt 0.985816 0.552191
vt 0.986455 0.552562
vt 0.932148 0.375961
vt 0.931685 0.376825
vt 0.931669 0.379785
vt 0.753499 0.178910
vt 0.755044 0.180656
vt 0.754623 0.178539
vt 0.755565 0.179281
vt 0.756243 0.178379
vt 0.757073 0.177672
vt 0.056796 0.012456
vt 0.056485 0.011823
vt 0.055010 0.011130
vt 0.756243 0.178379
vt 0.758532 0.178820
vt 0.757073 0.177672
vt 0.758701 0.180812
vt 0.758234 0.183067
vt 0.766249 0.190365
vt 0.911495 0.583174
vt 0.910852 0.580481
vt 0.910199 0.583172
vt 0.987221 0.380303
vt 0.985817 0.379734
vt 0.986630 0.380182
vt 0.932410 0.283778
vt 0.932203 0.283746
vt 0.931849 0.286081
vt 0.985816 0.963107
vt 0.987556 0.965653
vt 0.988158 0.962811
vt 0.941100 0.287720
vt 0.931669 0.288715
vt 0.990913 0.963540
vt 0.987835 0.966061
vt 0.988087 0.718952
vt 0.989081 0.716822
vt 0.987324 0.716500
vt 0.986295 0.718711
vt 0.985816 0.716595
vt 0.752086 0.067488
vt 0.752490 0.067938
vt 0.753493 0.067998
vt 0.749599 0.059483
vt 0.750759 0.067834
vt 0.751395 0.059715
vt 0.987105 0.967778
vt 0.987021 0.966616
vt 0.985816 0.967437
vt 0.910293 0.534321
vt 0.910836 0.533852
vt 0.910886 0.533434
vt 0.908731 0.582847
vt 0.910234 0.580088
vt 0.908762 0.580157
vt 0.911043 0.532129
vt 0.911476 0.532080
vt 0.910701 0.531541
vt 0.908424 0.530629
vt 0.908919 0.534257
vt 0.905897 0.582053
vt 0.905920 0.579997
vt 0.899949 0.529972
vt 0.906372 0.533595
vt 0.898991 0.582507
vt 0.899434 0.583385
vt 0.987308 0.398948
vt 0.985816 0.398948
vt 0.985973 0.399288
vt 0.751614 0.128666
vt 0.747850 0.136851
vt 0.755808 0.138508
vt 0.985816 0.324570
vt 0.986090 0.324570
vt 0.986047 0.324514
vt 0.987974 0.902376
vt 0.988256 0.903245
vt 0.988499 0.903166
vt 0.986029 0.342959
vt 0.985841 0.342736
vt 0.985816 0.342816
vt 0.987355 0.903023
vt 0.987897 0.903289
vt 0.906902 0.527909
vt 0.767613 0.202610
vt 0.767456 0.201599
vt 0.723655 0.138591
vt 0.728267 0.137575
vt 0.725913 0.127063
vt 0.718505 0.127028
vt 0.721506 0.139787
vt 0.720680 0.127124
vt 0.717109 0.126928
vt 0.718732 0.141018
vt 0.714030 0.145905
vt 0.715371 0.145381
vt 0.716944 0.141643
vt 0.745446 0.100524
vt 0.746881 0.104202
vt 0.748397 0.103618
vt 0.834754 0.145888
vt 0.836900 0.145905
vt 0.837574 0.128898
vt 0.746440 0.090507
vt 0.846403 0.135497
vt 0.766607 0.179401
vt 0.767276 0.190928
vt 0.768983 0.191170
vt 0.783457 0.177847
vt 0.779515 0.184109
vt 0.783597 0.185818
vt 0.847338 0.135874
vt 0.846856 0.144514
vt 0.851610 0.137656
vt 0.511316 0.093960
vt 0.518139 0.093517
vt 0.518145 0.090394
vt 0.750654 0.103112
vt 0.750930 0.089286
vt 0.511039 0.099308
vt 0.518268 0.100631
vt 0.518415 0.098230
vt 0.755640 0.091622
vt 0.786562 0.189160
vt 0.785925 0.191537
vt 0.786969 0.196248
vt 0.782729 0.199860
vt 0.783199 0.208015
vt 0.786996 0.207642
vt 0.791435 0.196566
vt 0.790792 0.207268
vt 0.791350 0.190784
vt 0.791058 0.214271
vt 0.785146 0.217646
vt 0.788272 0.216581
vt 0.779091 0.219708
vt 0.781771 0.201675
vt 0.775148 0.209513
vt 0.510935 0.100645
vt 0.518205 0.102406
vt 0.518197 0.102335
vt 0.510832 0.101983
vt 0.518415 0.104202
vt 0.628110 0.095377
vt 0.624678 0.087959
vt 0.619853 0.093470
vt 0.627927 0.101676
vt 0.619853 0.102991
vt 0.620274 0.104202
vt 0.756768 0.092460
vt 0.757327 0.102766
vt 0.757895 0.093298
vt 0.755574 0.103888
vt 0.726756 0.127073
vt 0.759433 0.210444
vt 0.253609 0.182792
vt 0.253857 0.187624
vt 0.255202 0.182263
vt 0.256166 0.186676
vt 0.256795 0.181735
vt 0.255891 0.179488
vt 0.257109 0.179168
vt 0.254673 0.179808
vt 0.256726 0.176918
vt 0.255709 0.177109
vt 0.110774 0.215091
vt 0.118486 0.211640
vt 0.119005 0.210709
vt 0.110951 0.213557
vt 0.119524 0.209778
vt 0.099525 0.216738
vt 0.099317 0.218525
vt 0.110597 0.216626
vt 0.093060 0.219780
vt 0.099110 0.220313
vt 0.092988 0.218386
vt 0.087811 0.220315
vt 0.087677 0.219065
vt 0.087543 0.217815
vt 0.081768 0.218087
vt 0.081224 0.219842
vt 0.075753 0.219176
vt 0.075382 0.220967
vt 0.080680 0.221598
vt 0.075012 0.222757
vt 0.866706 0.904723
vt 0.874232 0.899587
vt 0.873825 0.897738
vt 0.866739 0.901908
vt 0.873418 0.895888
vt 0.772999 0.179699
vt 0.783215 0.172408
vt 0.772750 0.175113
vt 0.766274 0.175618
vt 0.863632 0.911843
vt 0.866673 0.907537
vt 0.863421 0.915633
vt 0.863843 0.908052
vt 0.864054 0.904262
vt 0.866772 0.899093
vt 0.873011 0.894039
vt 0.866805 0.896278
vt 0.872604 0.892189
vt 0.864264 0.900472
vt 0.864475 0.896682
vt 0.866838 0.893463
vt 0.872197 0.890340
vt 0.989518 0.944644
vt 0.986173 0.943064
vt 0.985816 0.944644
vt 0.866872 0.890649
vt 0.871790 0.888490
vt 0.839951 0.734081
vt 0.839081 0.729926
vt 0.836480 0.735507
vt 0.833051 0.731565
vt 0.830523 0.737337
vt 0.086234 0.123945
vt 0.072045 0.126973
vt 0.086639 0.129731
vt 0.073013 0.133156
vt 0.087361 0.134902
vt 0.352175 0.180656
vt 0.341594 0.175082
vt 0.341870 0.181100
vt 0.351137 0.176067
vt 0.341451 0.171975
vt 0.368704 0.183885
vt 0.322765 0.180629
vt 0.078494 0.168585
vt 0.094304 0.170501
vt 0.094694 0.165529
vt 0.498659 0.169687
vt 0.329256 0.169868
vt 0.324435 0.173413
vt 0.079643 0.174241
vt 0.094218 0.176670
vt 0.341309 0.168868
vt 0.080350 0.180763
vt 0.094131 0.182839
vt 0.099196 0.178035
vt 0.101633 0.172034
vt 0.108974 0.179873
vt 0.110725 0.176853
vt 0.107224 0.182894
vt 0.094971 0.195477
vt 0.098940 0.182754
vt 0.104513 0.194619
vt 0.100355 0.209587
vt 0.111658 0.207420
vt 0.114307 0.193609
vt 0.121599 0.206055
vt 0.119856 0.191801
vt 0.121778 0.189667
vt 0.261981 0.177888
vt 0.277555 0.167909
vt 0.275233 0.166334
vt 0.263168 0.179620
vt 0.282016 0.170907
vt 0.125550 0.185583
vt 0.114117 0.171001
vt 0.265401 0.182884
vt 0.304599 0.181616
vt 0.294872 0.166193
vt 0.492848 0.204731
vt 0.103213 0.166497
vt 0.494587 0.184561
vt 0.274429 0.197186
vt 0.263092 0.183832
vt 0.261575 0.180148
vt 0.260783 0.184780
vt 0.260763 0.178208
vt 0.259982 0.180677
vt 0.259777 0.176347
vt 0.259545 0.178528
vt 0.260794 0.176157
vt 0.111481 0.208954
vt 0.120561 0.207917
vt 0.121080 0.206986
vt 0.100147 0.211375
vt 0.111304 0.210489
vt 0.092772 0.214204
vt 0.099940 0.213162
vt 0.092700 0.212810
vt 0.087140 0.214066
vt 0.092844 0.215598
vt 0.087006 0.212816
vt 0.961813 0.990917
vt 0.962217 0.985839
vt 0.960995 0.985712
vt 0.963726 0.990917
vt 0.963438 0.985966
vt 0.082856 0.214575
vt 0.076864 0.213805
vt 0.076494 0.215595
vt 0.083400 0.212820
vt 0.077234 0.212015
vt 0.082312 0.216331
vt 0.076123 0.217386
vt 0.965638 0.990917
vt 0.964660 0.986093
vt 0.087408 0.216565
vt 0.087274 0.215315
vt 0.092916 0.216992
vt 0.099732 0.214950
vt 0.111128 0.212023
vt 0.120042 0.208847
vt 0.257743 0.176728
vt 0.258327 0.178848
vt 0.258760 0.176538
vt 0.258389 0.181206
vt 0.258475 0.185728
vt 0.073980 0.139339
vt 0.086924 0.145905
vt 0.088084 0.140073
vt 0.350287 0.171664
vt 0.078788 0.200207
vt 0.078685 0.190667
vt 0.075012 0.190573
vt 0.083455 0.200739
vt 0.842590 0.728703
vt 0.864686 0.892892
vt 0.788372 0.185117
vt 0.989710 0.781551
vt 0.985816 0.779193
vt 0.986165 0.781551
vt 0.053182 0.011768
vt 0.053316 0.013642
vt 0.985816 0.418249
vt 0.987524 0.418249
vt 0.986496 0.417455
vt 0.337066 0.067987
vt 0.338598 0.067787
vt 0.339880 0.067122
vt 0.053063 0.010478
vt 0.053989 0.009648
vt 0.053002 0.009460
vt 0.940998 0.222748
vt 0.931769 0.220581
vt 0.931669 0.224426
vt 0.941111 0.330741
vt 0.931669 0.334493
vt 0.941207 0.333002
vt 0.902129 0.958406
vt 0.898982 0.961302
vt 0.913284 0.961302
vt 0.287358 0.087534
vt 0.271731 0.087534
vt 0.271731 0.087558
vt 0.744539 0.185997
vt 0.744552 0.186726
vt 0.745806 0.186368
vt 0.750156 0.801994
vt 0.754238 0.810164
vt 0.756008 0.802614
vt 0.751438 0.800826
vt 0.274837 0.093273
vt 0.276568 0.098062
vt 0.285778 0.096236
vt 0.761737 0.804596
vt 0.285871 0.099563
vt 0.277490 0.099855
vt 0.277822 0.101284
vt 0.911769 0.988028
vt 0.913191 0.982434
vt 0.910143 0.990917
vt 0.912886 0.989498
vt 0.809601 0.188250
vt 0.811222 0.176865
vt 0.809998 0.176593
vt 0.910100 0.485246
vt 0.899571 0.486999
vt 0.910866 0.486999
vt 0.909329 0.480388
vt 0.899341 0.478416
vt 0.899112 0.482672
vt 0.909129 0.479652
vt 0.900190 0.982084
vt 0.901057 0.990907
vt 0.397565 0.088915
vt 0.405971 0.091554
vt 0.397917 0.087557
vt 0.899260 0.990085
vt 0.900191 0.990917
vt 0.748084 0.812844
vt 0.753817 0.814818
vt 0.841582 0.892892
vt 0.934658 0.242592
vt 0.938353 0.244697
vt 0.941226 0.242592
vt 0.508690 0.126787
vt 0.504863 0.144460
vt 0.508026 0.145905
vt 0.352175 0.206306
vt 0.322765 0.206677
vt 0.529483 0.198641
vt 0.281257 0.216324
vt 0.855738 0.040697
vt 0.860267 0.038516
vt 0.860267 0.036299
vt 0.855708 0.037843
vt 0.855694 0.036416
vt 0.272864 0.221863
vt 0.774485 0.791613
vt 0.777626 0.771511
vt 0.775192 0.779874
vt 0.852122 0.516037
vt 0.841448 0.517533
vt 0.852543 0.517533
vt 0.841149 0.516324
vt 0.833750 0.515693
vt 0.840850 0.515116
vt 0.833212 0.515104
vt 0.851701 0.514540
vt 0.778231 0.770892
vt 0.774931 0.769347
vt 0.778837 0.770272
vt 0.775776 0.768768
vt 0.840552 0.513907
vt 0.832674 0.514515
vt 0.779442 0.769653
vt 0.776621 0.768188
vt 0.840253 0.512699
vt 0.832136 0.513926
vt 0.780048 0.769034
vt 0.777467 0.767609
vt 0.851280 0.513044
vt 0.850859 0.511548
vt 0.858111 0.513246
vt 0.858091 0.514315
vt 0.858130 0.512177
vt 0.775759 0.803223
vt 0.776556 0.797483
vt 0.774715 0.803249
vt 0.776804 0.803198
vt 0.777665 0.797384
vt 0.368345 0.216189
vt 0.366304 0.221876
vt 0.370208 0.216618
vt 0.367523 0.222170
vt 0.372071 0.217047
vt 0.771997 0.808918
vt 0.773029 0.814643
vt 0.773261 0.808172
vt 0.771711 0.815223
vt 0.368742 0.222463
vt 0.774348 0.814063
vt 0.774524 0.807425
vt 0.366482 0.215760
vt 0.365086 0.221583
vt 0.775666 0.813484
vt 0.775788 0.806678
vt 0.363867 0.221289
vt 0.778893 0.803146
vt 0.779881 0.797186
vt 0.777848 0.803172
vt 0.778773 0.797285
vt 0.858150 0.511108
vt 0.858169 0.510039
vt 0.850439 0.510051
vt 0.850018 0.508555
vt 0.839954 0.511490
vt 0.831599 0.513337
vt 0.839656 0.510282
vt 0.831061 0.512748
vt 0.780653 0.768414
vt 0.778312 0.767029
vt 0.781259 0.767795
vt 0.779157 0.766450
vt 0.797707 0.767039
vt 0.798905 0.772486
vt 0.780998 0.777888
vt 0.799019 0.782373
vt 0.808244 0.778221
vt 0.809375 0.786426
vt 0.542811 0.205088
vt 0.535709 0.195935
vt 0.780100 0.789457
vt 0.797843 0.792202
vt 0.808559 0.791412
vt 0.780989 0.797087
vt 0.797437 0.803937
vt 0.805697 0.807496
vt 0.795279 0.808963
vt 0.803117 0.811582
vt 0.341309 0.219049
vt 0.350287 0.216862
vt 0.362648 0.220996
vt 0.535658 0.183524
vt 0.542811 0.169972
vt 0.535989 0.187890
vt 0.775448 0.797582
vt 0.773670 0.803275
vt 0.858072 0.515384
vt 0.858052 0.516453
vt 0.602418 0.010436
vt 0.600276 0.015114
vt 0.602418 0.014685
vt 0.700810 0.033828
vt 0.704604 0.040733
vt 0.704604 0.034456
vt 0.440560 0.034174
vt 0.442314 0.040637
vt 0.442445 0.033868
vt 0.444928 0.033712
vt 0.444928 0.040692
vt 0.600276 0.009645
vt 0.598134 0.014323
vt 0.212986 0.015114
vt 0.210472 0.010234
vt 0.210472 0.014524
vt 0.215500 0.010183
vt 0.215500 0.014473
vt 0.394672 0.033707
vt 0.396700 0.040718
vt 0.396570 0.033909
vt 0.399058 0.034025
vt 0.399320 0.040617
vt 0.198318 0.033312
vt 0.194788 0.040733
vt 0.198318 0.039704
vt 0.352405 0.014842
vt 0.348746 0.012696
vt 0.348746 0.015114
vt 0.942181 0.484958
vt 0.931669 0.487699
vt 0.941910 0.487699
vt 0.942664 0.716082
vt 0.932494 0.713333
vt 0.932290 0.716167
vt 0.942829 0.717977
vt 0.931669 0.718199
vt 0.353015 0.012041
vt 0.349402 0.009854
vt 0.963782 0.794030
vt 0.961387 0.790356
vt 0.960995 0.794030
vt 0.966823 0.793443
vt 0.964555 0.789732
vt 0.942808 0.960489
vt 0.932258 0.963026
vt 0.942590 0.963110
vt 0.932331 0.965211
vt 0.942734 0.965044
vt 0.931669 0.957671
vt 0.931759 0.960267
vt 0.397385 0.014842
vt 0.393726 0.012696
vt 0.393726 0.015114
vt 0.942181 0.505865
vt 0.931669 0.508606
vt 0.941911 0.508606
vt 0.942664 0.762146
vt 0.932494 0.759397
vt 0.932290 0.762231
vt 0.942829 0.764041
vt 0.931669 0.764262
vt 0.397995 0.012041
vt 0.394382 0.009854
vt 0.963783 0.771566
vt 0.961387 0.767892
vt 0.960996 0.771566
vt 0.966823 0.770979
vt 0.964555 0.767268
vt 0.942808 0.986195
vt 0.932258 0.988732
vt 0.942590 0.988816
vt 0.932331 0.990917
vt 0.942734 0.990750
vt 0.931669 0.983377
vt 0.931759 0.985973
vt 0.808668 0.421445
vt 0.725325 0.363838
vt 0.811204 0.835128
vt 0.506725 0.242992
vt 0.186059 0.102575
vt 0.898982 0.659877
vt 0.056568 0.086563
vt 0.438665 0.242931
vt 0.808442 0.387110
vt 0.725493 0.397786
vt 0.811290 0.869785
vt 0.898982 0.689311
vt 0.830792 0.187491
vt 0.728941 0.990917
vt 0.136405 0.401972
vt 0.629981 0.519302
vt 0.118239 0.401677
vt 0.644871 0.126588
vt 0.830801 0.308746
vt 0.728421 0.847665
vt 0.432918 0.401911
vt 0.051678 0.328024
vt 0.414752 0.401600
vt 0.467101 0.126177
vt 0.088929 0.104202
vt 0.812357 0.987041
vt 0.748388 0.439611
vt 0.265197 0.242121
vt 0.748817 0.280569
vt 0.911642 0.773731
vt 0.023816 0.088253
vt 0.719840 0.244821
vt 0.748433 0.531445
vt 0.195067 0.241895
vt 0.231000 0.221340
vt 0.899692 0.802120
vt 0.853185 0.347648
vt 0.727747 0.680157
vt 0.658086 0.572298
vt 0.629837 0.477784
vt 0.658895 0.444564
vt 0.626705 0.126332
vt 0.853819 0.467621
vt 0.727205 0.638722
vt 0.658174 0.529590
vt 0.179023 0.328163
vt 0.033743 0.307029
vt 0.448935 0.125896
vt 0.555769 0.665561
vt 0.764833 0.747704
vt 0.467152 0.088020
vt 0.369213 0.309826
vt 0.086524 0.241053
vt 0.747588 0.921188
vt 0.812218 0.921188
vt 0.910771 0.831972
vt 0.793360 0.697002
vt 0.204225 0.088036
vt 0.335170 0.309826
vt 0.812272 0.956099
vt 0.910771 0.861823
vt 0.051910 0.240923
vt 0.747506 0.956099
vt 0.009083 0.351836
vt 0.032012 0.122550
vt 0.728536 0.865832
vt 0.221184 0.402459
vt 0.262545 0.328275
vt 0.262545 0.401248
vt 0.526856 0.145204
vt 0.347130 0.352713
vt 0.854521 0.267397
vt 0.728025 0.782505
vt 0.475739 0.402460
vt 0.517738 0.401160
vt 0.394594 0.145183
vt 0.517738 0.328732
vt 0.155649 0.260252
vt 0.366060 0.087703
vt 0.468794 0.242984
vt 0.300003 0.309826
vt 0.584885 0.166015
vt 0.584884 0.221089
vt 0.120564 0.260270
vt 0.139995 0.087076
vt 0.399572 0.242744
vt 0.230470 0.309826
vt 0.619483 0.221011
vt 0.137483 0.308987
vt 0.619483 0.166128
vt 0.536864 0.266546
vt 0.854411 0.205658
vt 0.560708 0.329102
vt 0.629711 0.459618
vt 0.621929 0.243767
vt 0.621929 0.306621
vt 0.287161 0.127135
vt 0.579302 0.267361
vt 0.855080 0.365923
vt 0.601187 0.329633
vt 0.328963 0.328317
vt 0.664352 0.306481
vt 0.215032 0.126689
vt 0.664352 0.244125
vt 0.555044 0.828668
vt 0.555044 0.746051
vt 0.729309 0.949787
vt 0.748174 0.243055
vt 0.830523 0.989503
vt 0.467991 0.222757
vt 0.631008 0.584758
vt 0.630853 0.560712
vt 0.560978 0.165448
vt 0.660227 0.167361
vt 0.809757 0.604405
vt 0.280890 0.541239
vt 0.830523 0.870195
vt 0.555044 0.861042
vt 0.869907 0.819027
vt 0.385009 0.927082
vt 0.383282 0.931353
vt 0.658884 0.462731
vt 0.747590 0.565842
vt 0.010476 0.488205
vt 0.839222 0.846245
vt 0.841028 0.835205
vt 0.856175 0.836216
vt 0.391865 0.958864
vt 0.380672 0.951719
vt 0.830523 0.635980
vt 0.213487 0.464227
vt 0.214606 0.471509
vt 0.206015 0.474469
vt 0.230985 0.511355
vt 0.220130 0.424794
vt 0.222269 0.430261
vt 0.222331 0.431178
vt 0.226315 0.431202
vt 0.211219 0.448413
vt 0.222444 0.432606
vt 0.225854 0.449051
vt 0.213993 0.456030
vt 0.212931 0.460725
vt 0.592022 0.127272
vt 0.586203 0.125827
vt 0.586289 0.126753
vt 0.587291 0.125794
vt 0.687082 0.127409
vt 0.684720 0.126612
vt 0.686653 0.126732
vt 0.940725 0.096639
vt 0.937957 0.099288
vt 0.936932 0.098228
vt 0.936197 0.097469
vt 0.931669 0.100280
vt 0.309556 0.104202
vt 0.649779 0.104202
vt 0.964891 0.015114
vt 0.696377 0.104202
vt 0.540658 0.087949
vt 0.536582 0.104202
vt 0.538139 0.104045
vt 0.985816 0.532539
vt 0.924676 0.060320
vt 0.924179 0.061857
vt 0.919187 0.063102
vt 0.543496 0.088203
vt 0.541810 0.103885
vt 0.229250 0.436334
vt 0.232063 0.431209
vt 0.249252 0.431110
vt 0.249204 0.424549
vt 0.236167 0.430282
vt 0.236119 0.431185
vt 0.677632 0.040733
vt 0.677538 0.033878
vt 0.677178 0.037413
vt 0.677178 0.040699
vt 0.232063 0.431209
vt 0.236167 0.430282
vt 0.251114 0.449453
vt 0.236054 0.432628
vt 0.232606 0.449455
vt 0.248102 0.450743
vt 0.775489 0.128281
vt 0.781440 0.127725
vt 0.781528 0.126833
vt 0.781100 0.126826
vt 0.989538 0.738252
vt 0.838185 0.089714
vt 0.835677 0.089357
vt 0.833988 0.102713
vt 0.719528 0.089035
vt 0.831377 0.061254
vt 0.829630 0.065490
vt 0.420351 0.009561
vt 0.814827 0.089731
vt 0.814136 0.104140
vt 0.808274 0.104202
vt 0.695863 0.127611
vt 0.690418 0.145906
vt 0.781359 0.145906
vt 0.246281 0.464228
vt 0.247193 0.460826
vt 0.246579 0.456242
vt 0.967263 0.726268
vt 0.967303 0.724867
vt 0.961012 0.724867
vt 0.960995 0.725446
vt 0.683976 0.145340
vt 0.255250 0.474406
vt 0.247840 0.474967
vt 0.249183 0.145906
vt 0.052971 0.145906
vt 0.856467 0.490389
vt 0.857369 0.485939
vt 0.805713 0.482192
vt 0.830523 0.708928
vt 0.831088 0.710537
vt 0.857521 0.691993
vt 0.846103 0.689661
vt 0.316207 0.821283
vt 0.323134 0.828650
vt 0.863355 0.791002
vt 0.863262 0.790937
vt 0.862532 0.779217
vt 0.320983 0.125631
vt 0.320983 0.142693
vt 0.268944 0.143306
vt 0.797198 0.474049
vt 0.128120 0.508107
vt 0.830523 0.578901
vt 0.830523 0.755504
vt 0.089042 0.446288
vt 0.022120 0.425592
vt 0.658727 0.699798
vt 0.347960 0.882392
vt 0.656225 0.734995
vt 0.092096 0.438823
vt 0.339862 0.817982
vt 0.115045 0.489640
vt 0.919738 0.067998
vt 0.682644 0.039660
vt 0.682644 0.034204
vt 0.899434 0.884830
vt 0.912688 0.882664
vt 0.912826 0.879990
vt 0.898982 0.881585
vt 0.985816 0.740361
vt 0.830525 0.428171
vt 0.830650 0.538687
vt 0.831695 0.540016
vt 0.408555 0.938089
vt 0.391069 0.925744
vt 0.849008 0.559751
vt 0.857738 0.553966
vt 0.837357 0.415594
vt 0.809601 0.222757
vt 0.418358 0.915333
vt 0.294332 0.962419
vt 0.350259 0.990917
vt 0.830523 0.844791
vt 0.046228 0.510738
vt 0.931669 0.627792
vt 0.932059 0.840914
vt 0.931669 0.832578
vt 0.567551 0.066940
vt 0.359088 0.067050
vt 0.898982 0.123287
vt 0.899499 0.114908
vt 0.931728 0.939505
vt 0.704640 0.067998
vt 0.199553 0.067847
vt 0.191212 0.067998
vt 0.619594 0.066939
vt 0.438686 0.067055
vt 0.017464 0.067998
vt 0.009083 0.067519
vt 0.121506 0.067933
vt 0.931669 0.126880
vt 0.173046 0.067988
vt 0.164611 0.067998
vt 0.548840 0.059411
vt 0.931669 0.202060
vt 0.070512 0.067998
vt 0.931669 0.352659
vt 0.931669 0.865392
vt 0.898982 0.219398
vt 0.797827 0.067314
vt 0.515588 0.067998
vt 0.898991 0.309670
vt 0.899110 0.382748
vt 0.931669 0.577895
vt 0.931669 0.572325
vt 0.931669 0.645959
vt 0.919762 0.015114
vt 0.960995 0.880074
vt 0.931773 0.784951
vt 0.931759 0.445885
vt 0.653471 0.060565
vt 0.931675 0.596061
vt 0.899499 0.141454
vt 0.645616 0.060341
vt 0.385625 0.060278
vt 0.393995 0.060229
vt 0.931669 0.806076
vt 0.931669 0.907794
vt 0.601428 0.060565
vt 0.722807 0.067991
vt 0.035630 0.067519
vt 0.412161 0.060283
vt 0.420519 0.060224
vt 0.217719 0.067998
vt 0.139672 0.067998
vt 0.772007 0.059598
vt 0.465210 0.067998
vt 0.266960 0.067901
vt 0.931669 0.168847
vt 0.088679 0.067998
vt 0.244226 0.059081
vt 0.931669 0.883558
vt 0.910773 0.357376
vt 0.671638 0.060101
vt 0.488847 0.059428
vt 0.898982 0.167999
vt 0.910739 0.450309
vt 0.931865 0.464072
vt 0.942829 0.736527
vt 0.375560 0.009568
vt 0.967192 0.744815
vt 0.910121 0.089423
vt 0.492260 0.094283
vt 0.485663 0.093314
vt 0.785886 0.103653
vt 0.684806 0.194023
vt 0.684375 0.186493
vt 0.685589 0.183379
vt 0.056846 0.222757
vt 0.872100 0.966835
vt 0.830523 0.661948
vt 0.797150 0.349020
vt 0.681335 0.216136
vt 0.687036 0.199026
vt 0.485462 0.104202
vt 0.492665 0.102481
vt 0.696156 0.201400
vt 0.595713 0.088034
vt 0.701642 0.195029
vt 0.701740 0.199404
vt 0.707367 0.222757
vt 0.709841 0.171254
vt 0.710832 0.174535
vt 0.710813 0.175093
vt 0.713294 0.175013
vt 0.703141 0.185949
vt 0.710703 0.175937
vt 0.712303 0.186013
vt 0.702648 0.190068
vt 0.701595 0.192929
vt 0.910811 0.604648
vt 0.911752 0.601551
vt 0.911170 0.601559
vt 0.911767 0.602143
vt 0.910705 0.625550
vt 0.911069 0.624241
vt 0.911100 0.625317
vt 0.966665 0.091610
vt 0.964932 0.093249
vt 0.964290 0.092572
vt 0.963830 0.092087
vt 0.960995 0.093811
vt 0.931669 0.425801
vt 0.989306 0.633189
vt 0.931669 0.689539
vt 0.942413 0.693887
vt 0.932110 0.693330
vt 0.932853 0.695167
vt 0.985816 0.455650
vt 0.966669 0.048876
vt 0.965525 0.048392
vt 0.964141 0.045575
vt 0.941778 0.400531
vt 0.941802 0.398331
vt 0.931669 0.398904
vt 0.714475 0.177986
vt 0.716556 0.174797
vt 0.724884 0.173703
vt 0.725251 0.169701
vt 0.718598 0.173985
vt 0.718521 0.174539
vt 0.985848 0.572369
vt 0.986028 0.573375
vt 0.988598 0.572290
vt 0.987139 0.571990
vt 0.985816 0.571990
vt 0.716556 0.174797
vt 0.718598 0.173985
vt 0.726373 0.185228
vt 0.718311 0.175399
vt 0.716293 0.186049
vt 0.724663 0.186151
vt 0.910925 0.428648
vt 0.910488 0.431919
vt 0.911036 0.432012
vt 0.911097 0.431779
vt 0.985938 0.512218
vt 0.940830 0.308616
vt 0.940759 0.307001
vt 0.932135 0.306881
vt 0.990099 0.990547
vt 0.987409 0.989490
vt 0.989404 0.677475
vt 0.940889 0.150423
vt 0.932027 0.148920
vt 0.931669 0.145046
vt 0.911057 0.630443
vt 0.898982 0.628595
vt 0.898982 0.431919
vt 0.900138 0.274452
vt 0.899548 0.276126
vt 0.899919 0.278519
vt 0.898982 0.283800
vt 0.908758 0.283800
vt 0.910244 0.283800
vt 0.910500 0.283800
vt 0.985836 0.862131
vt 0.985816 0.862998
vt 0.989891 0.862998
vt 0.989899 0.862639
vt 0.898982 0.625008
vt 0.723109 0.205394
vt 0.723385 0.199288
vt 0.719760 0.200075
vt 0.719844 0.193667
vt 0.107095 0.087548
vt 0.857781 0.090011
vt 0.815512 0.145905
vt 0.816588 0.145614
vt 0.865084 0.090011
vt 0.807712 0.129119
vt 0.762341 0.640275
vt 0.768388 0.644998
vt 0.432386 0.087686
vt 0.424379 0.090033
vt 0.768034 0.652783
vt 0.767433 0.655074
vt 0.766669 0.656740
vt 0.757247 0.659410
vt 0.677399 0.100616
vt 0.856488 0.102642
vt 0.121829 0.098847
vt 0.860264 0.601572
vt 0.752814 0.298736
vt 0.967130 0.615717
vt 0.941241 0.264956
vt 0.912624 0.902996
vt 0.564743 0.145906
vt 0.760565 0.306249
vt 0.747476 0.336618
vt 0.154830 0.186181
vt 0.779402 0.678836
vt 0.145039 0.206289
vt 0.166602 0.222757
vt 0.393964 0.192715
vt 0.143716 0.169661
vt 0.960996 0.045997
vt 0.985816 0.801949
vt 0.988783 0.801949
vt 0.318899 0.067639
vt 0.318599 0.059016
vt 0.316360 0.059016
vt 0.316296 0.067998
vt 0.988620 0.512218
vt 0.293952 0.058916
vt 0.931669 0.526772
vt 0.347882 0.104197
vt 0.253442 0.102288
vt 0.252908 0.101335
vt 0.237656 0.102025
vt 0.689718 0.181476
vt 0.245526 0.087525
vt 0.340449 0.099803
vt 0.332611 0.097929
vt 0.776062 0.093556
vt 0.021460 0.169525
vt 0.010811 0.206500
vt 0.009695 0.203040
vt 0.898982 0.933289
vt 0.806388 0.324047
vt 0.529025 0.040733
vt 0.056569 0.033326
vt 0.828458 0.014813
vt 0.776569 0.014852
vt 0.127241 0.040733
vt 0.150837 0.033287
vt 0.571785 0.094158
vt 0.563641 0.092981
vt 0.908577 0.990505
vt 0.768682 0.792471
vt 0.769140 0.800049
vt 0.768290 0.803190
vt 0.833251 0.888490
vt 0.877642 0.067998
vt 0.324435 0.214430
vt 0.279858 0.217247
vt 0.766963 0.787440
vt 0.564931 0.104202
vt 0.573226 0.102542
vt 0.757503 0.785647
vt 0.402306 0.104202
vt 0.749263 0.194738
vt 0.750297 0.198982
vt 0.746135 0.199635
vt 0.746340 0.205245
vt 0.514955 0.222757
vt 0.859647 0.737337
vt 0.749442 0.173695
vt 0.750789 0.177092
vt 0.750865 0.177626
vt 0.752880 0.178115
vt 0.745828 0.186375
vt 0.751064 0.178413
vt 0.753190 0.188531
vt 0.909424 0.407367
vt 0.904144 0.407336
vt 0.901021 0.407795
vt 0.898982 0.408615
vt 0.748089 0.141035
vt 0.749009 0.145221
vt 0.757323 0.145906
vt 0.910871 0.507054
vt 0.910813 0.508395
vt 0.911292 0.505757
vt 0.911170 0.505165
vt 0.910902 0.529390
vt 0.911382 0.527998
vt 0.911309 0.529089
vt 0.960995 0.071453
vt 0.962727 0.069821
vt 0.963368 0.070499
vt 0.963827 0.070984
vt 0.966659 0.069271
vt 0.931669 0.554159
vt 0.985816 0.615017
vt 0.931669 0.666085
vt 0.942415 0.669860
vt 0.932176 0.669827
vt 0.932893 0.671373
vt 0.987650 0.474364
vt 0.986057 0.553823
vt 0.986448 0.552587
vt 0.988606 0.551689
vt 0.988566 0.551184
vt 0.941609 0.379042
vt 0.941647 0.376819
vt 0.931669 0.376845
vt 0.754871 0.181246
vt 0.756038 0.178640
vt 0.758519 0.178302
vt 0.758532 0.178820
vt 0.053059 0.010824
vt 0.056796 0.011463
vt 0.054855 0.010819
vt 0.756038 0.178640
vt 0.758519 0.178302
vt 0.758632 0.179600
vt 0.756774 0.189470
vt 0.765621 0.191438
vt 0.910749 0.580049
vt 0.911133 0.583362
vt 0.911709 0.583385
vt 0.911712 0.583145
vt 0.987221 0.380553
vt 0.985816 0.380782
vt 0.940958 0.286236
vt 0.941100 0.284432
vt 0.932677 0.283122
vt 0.990095 0.967400
vt 0.987407 0.966353
vt 0.989557 0.718952
vt 0.752895 0.059777
vt 0.752039 0.067911
vt 0.747755 0.067998
vt 0.910780 0.534315
vt 0.898982 0.531852
vt 0.898982 0.583291
vt 0.757323 0.128423
vt 0.755645 0.127786
vt 0.753208 0.128090
vt 0.747935 0.126987
vt 0.747594 0.136763
vt 0.747542 0.138249
vt 0.989830 0.902763
vt 0.989895 0.901999
vt 0.986459 0.342736
vt 0.985843 0.901999
vt 0.985816 0.902315
vt 0.899322 0.528202
vt 0.773744 0.203690
vt 0.769215 0.203659
vt 0.767600 0.197500
vt 0.714030 0.127154
vt 0.744316 0.102460
vt 0.835834 0.127669
vt 0.834754 0.127960
vt 0.744316 0.093343
vt 0.843601 0.144345
vt 0.778520 0.184631
vt 0.784668 0.188518
vt 0.517821 0.087703
vt 0.511116 0.089570
vt 0.784395 0.196065
vt 0.783612 0.198285
vt 0.782692 0.199929
vt 0.627401 0.100067
vt 0.756402 0.103872
vt 0.729367 0.137390
vt 0.762163 0.222757
vt 0.251548 0.188571
vt 0.254691 0.177299
vt 0.093132 0.221174
vt 0.990011 0.942286
vt 0.071952 0.123229
vt 0.338531 0.166159
vt 0.123677 0.205084
vt 0.492194 0.193038
vt 0.083944 0.211064
vt 0.967550 0.990917
vt 0.071952 0.145580
vt 0.349436 0.167260
vt 0.988849 0.779193
vt 0.053514 0.014547
vt 0.056490 0.015114
vt 0.340922 0.067629
vt 0.340517 0.059015
vt 0.338356 0.059015
vt 0.338326 0.067998
vt 0.941129 0.220581
vt 0.931669 0.330556
vt 0.913503 0.958029
vt 0.898987 0.961289
vt 0.271609 0.089449
vt 0.272143 0.090403
vt 0.287333 0.089712
vt 0.750401 0.801162
vt 0.764052 0.805378
vt 0.279414 0.104202
vt 0.811222 0.188901
vt 0.898982 0.484718
vt 0.899266 0.477459
vt 0.898982 0.982764
vt 0.747476 0.816961
vt 0.931669 0.244513
vt 0.504863 0.125503
vt 0.860267 0.040733
vt 0.860267 0.034082
vt 0.830523 0.512159
vt 0.780002 0.765870
vt 0.349436 0.221962
vt 0.338531 0.222632
vt 0.700810 0.040105
vt 0.440300 0.040733
vt 0.598134 0.010074
vt 0.212986 0.009593
vt 0.394672 0.040733
vt 0.194788 0.034341
vt 0.931865 0.484979
vt 0.942829 0.713495
vt 0.353069 0.009568
vt 0.967192 0.789743
vt 0.942808 0.957892
vt 0.931865 0.505886
vt 0.942829 0.759559
vt 0.398049 0.009568
vt 0.967192 0.767279
vt 0.942808 0.983598
vn -0.231547 -0.669980 -0.705346
vn -0.770606 0.562434 -0.299724
vn -0.196600 0.772511 -0.603801
vn -0.196600 0.772511 -0.603801
vn -0.344827 0.521654 0.780366
vn 0.140704 0.696315 0.703810
vn -0.344827 0.521654 0.780366
vn 0.092429 -0.739891 0.666347
vn 0.140704 0.696315 0.703810
vn -0.326342 -0.634598 0.700561
vn -0.231547 -0.669980 -0.705346
vn 0.092429 -0.739891 0.666347
vn 0.308494 0.601493 -0.736911
vn 0.718014 -0.607876 0.339032
vn 0.263627 -0.574647 -0.774778
vn -0.344827 0.521654 0.780366
vn -0.754512 -0.544202 -0.366819
vn -0.326342 -0.634598 0.700561
vn 0.263627 -0.574647 -0.774778
vn 0.718014 -0.607876 0.339032
vn 0.756645 0.515249 0.402500
vn 0.718014 -0.607876 0.339032
vn 0.308494 0.601493 -0.736911
vn 0.756645 0.515249 0.402500
vn 0.308494 0.601493 -0.736911
vn 0.263627 -0.574647 -0.774778
vn -0.300696 -0.672132 -0.676624
vn 0.298214 0.606345 -0.737167
vn 0.253413 -0.578582 -0.775258
vn 0.750664 0.518914 0.408940
vn 0.253413 -0.578582 -0.775258
vn 0.298214 0.606345 -0.737167
vn 0.032210 -0.732650 0.679843
vn 0.253413 -0.578582 -0.775258
vn 0.712186 -0.611482 0.344792
vn 0.194672 -0.744314 0.638826
vn -0.300696 -0.672132 -0.676624
vn -0.174628 0.750448 -0.637443
vn -0.259085 0.771452 -0.581151
vn -0.243401 -0.672688 0.698747
vn -0.120566 -0.656186 -0.744905
vn -0.120566 -0.656186 -0.744905
vn -0.725904 0.593382 -0.347795
vn -0.259085 0.771452 -0.581151
vn 0.142107 0.660489 0.737265
vn 0.085923 0.689859 0.718827
vn -0.174628 0.750448 -0.637443
vn -0.267961 0.554736 0.787696
vn 0.142107 0.660489 0.737265
vn 0.032210 -0.732650 0.679843
vn 0.085923 0.689859 0.718827
vn -0.267961 0.554736 0.787696
vn 0.194672 -0.744314 0.638826
vn -0.267961 0.554736 0.787696
vn -0.705370 -0.572638 -0.417777
vn -0.243401 -0.672688 0.698747
vn 0.298214 0.606345 -0.737167
vn 0.750664 0.518914 0.408940
vn 0.750664 0.518914 0.408940
vn 0.712186 -0.611482 0.344792
vn 0.501650 0.859739 -0.095900
vn 0.770607 -0.422680 0.476977
vn 0.208286 -0.391812 -0.896159
vn 0.501650 0.859739 -0.095900
vn -0.971714 -0.013893 0.235751
vn 0.770607 -0.422680 0.476977
vn 0.208286 -0.391812 -0.896159
vn -0.971714 -0.013893 0.235751
vn 0.501650 0.859739 -0.095900
vn 0.770607 -0.422680 0.476977
vn -0.971714 -0.013893 0.235751
vn 0.208286 -0.391812 -0.896159
vn -0.000395 -0.660563 -0.750771
vn 0.651022 0.563562 -0.508497
vn 0.606663 -0.556992 -0.567204
vn 0.527204 0.498293 0.688302
vn 0.606663 -0.556992 -0.567204
vn 0.651022 0.563562 -0.508497
vn 0.480245 -0.635493 0.604577
vn -0.000395 -0.660563 -0.750771
vn 0.606663 -0.556992 -0.567204
vn -0.098723 -0.746164 0.658402
vn -0.522279 -0.541613 -0.658696
vn -0.543330 0.588368 -0.598846
vn 0.036006 0.774646 -0.631369
vn 0.036006 0.774646 -0.631369
vn 0.527204 0.498293 0.688302
vn 0.651022 0.563562 -0.508497
vn -0.543330 0.588368 -0.598846
vn -0.061715 0.695507 0.715865
vn 0.527204 0.498293 0.688302
vn -0.098723 -0.746164 0.658402
vn 0.480245 -0.635493 0.604577
vn -0.660217 0.514171 0.547487
vn -0.061715 0.695507 0.715865
vn -0.543330 0.588368 -0.598846
vn -0.640170 -0.599861 0.479947
vn -0.660217 0.514171 0.547487
vn -0.054881 -0.657877 -0.751123
vn 0.643768 0.568477 -0.512246
vn 0.599827 -0.560043 -0.571454
vn 0.518603 0.503027 0.691386
vn 0.599827 -0.560043 -0.571454
vn 0.643768 0.568477 -0.512246
vn 0.472043 -0.639053 0.607278
vn -0.054881 -0.657877 -0.751123
vn 0.599827 -0.560043 -0.571454
vn -0.152687 -0.745303 0.649007
vn 0.048549 -0.661586 -0.748296
vn -0.002059 0.745172 -0.666869
vn -0.013310 0.772580 -0.634777
vn -0.047064 -0.742308 0.668404
vn -0.466603 -0.568603 -0.677475
vn 0.048549 -0.661586 -0.748296
vn -0.492934 0.613755 -0.616702
vn -0.002059 0.745172 -0.666869
vn -0.111010 0.695297 0.710097
vn -0.013310 0.772580 -0.634777
vn -0.492934 0.613755 -0.616702
vn -0.097074 0.663895 0.741499
vn -0.097074 0.663895 0.741499
vn -0.152687 -0.745303 0.649007
vn -0.111010 0.695297 0.710097
vn -0.618698 0.535537 0.574815
vn -0.047064 -0.742308 0.668404
vn -0.492934 0.613755 -0.616702
vn -0.594158 -0.627621 0.503059
vn -0.618698 0.535537 0.574815
vn 0.518603 0.503027 0.691386
vn 0.643768 0.568477 -0.512246
vn 0.518603 0.503027 0.691386
vn 0.472043 -0.639053 0.607278
vn 0.506385 0.857886 0.087213
vn 0.427046 -0.483327 0.764216
vn 0.583912 -0.381717 -0.716476
vn 0.506385 0.857886 0.087213
vn -0.997802 0.003871 -0.066150
vn 0.427046 -0.483327 0.764216
vn 0.583912 -0.381717 -0.716476
vn -0.997802 0.003871 -0.066150
vn 0.506385 0.857886 0.087213
vn 0.427046 -0.483327 0.764216
vn -0.997802 0.003871 -0.066150
vn 0.583912 -0.381717 -0.716476
vn 0.190876 -0.654824 -0.731281
vn 0.815910 0.546002 -0.190194
vn 0.778807 -0.568730 -0.264584
vn 0.815910 0.546002 -0.190194
vn 0.106692 -0.671613 0.733180
vn 0.778807 -0.568730 -0.264584
vn 0.106692 -0.671613 0.733180
vn 0.190876 -0.654824 -0.731281
vn 0.778807 -0.568730 -0.264584
vn -0.330510 -0.747476 0.576232
vn -0.175854 -0.551478 -0.815443
vn -0.193431 0.615690 -0.763879
vn 0.237384 0.775222 -0.585389
vn 0.237384 0.775222 -0.585389
vn 0.148928 0.510128 0.847107
vn 0.815910 0.546002 -0.190194
vn -0.193431 0.615690 -0.763879
vn -0.295994 0.701807 0.647962
vn 0.148928 0.510128 0.847107
vn -0.330510 -0.747476 0.576232
vn 0.106692 -0.671613 0.733180
vn -0.823211 0.528175 0.208218
vn -0.295994 0.701807 0.647962
vn -0.193431 0.615690 -0.763879
vn -0.807710 -0.570585 0.148449
vn -0.823211 0.528175 0.208218
vn 0.131916 -0.643095 -0.754339
vn 0.811048 0.550600 -0.197589
vn 0.774211 -0.571528 -0.271946
vn 0.137519 0.515465 0.845804
vn 0.774211 -0.571528 -0.271946
vn 0.811048 0.550600 -0.197589
vn 0.095305 -0.675759 0.730936
vn 0.131916 -0.643095 -0.754339
vn 0.774211 -0.571528 -0.271946
vn -0.400638 -0.746593 0.531119
vn 0.292759 -0.667483 -0.684659
vn 0.242066 0.738790 -0.628962
vn 0.183871 0.769624 -0.611449
vn -0.218608 -0.735417 0.641383
vn -0.084938 -0.593817 -0.800104
vn 0.292759 -0.667483 -0.684659
vn -0.108234 0.651445 -0.750936
vn 0.242066 0.738790 -0.628962
vn -0.359648 0.705071 0.611169
vn 0.183871 0.769624 -0.611449
vn -0.108234 0.651445 -0.750936
vn -0.270372 0.674498 0.686987
vn -0.270372 0.674498 0.686987
vn -0.400638 -0.746593 0.531119
vn -0.359648 0.705071 0.611169
vn -0.787796 0.553206 0.270815
vn -0.218608 -0.735417 0.641383
vn -0.787796 0.553206 0.270815
vn -0.084938 -0.593817 -0.800104
vn -0.768160 -0.605731 0.207412
vn 0.137519 0.515465 0.845804
vn 0.811048 0.550600 -0.197589
vn 0.137519 0.515465 0.845804
vn 0.095305 -0.675759 0.730936
vn 0.467485 0.839042 0.278327
vn 0.024159 -0.495635 0.868195
vn 0.860153 -0.354590 -0.366610
vn 0.467485 0.839042 0.278327
vn -0.925678 0.022198 -0.377662
vn 0.024159 -0.495635 0.868195
vn 0.860153 -0.354590 -0.366610
vn -0.925678 0.022198 -0.377662
vn 0.467485 0.839042 0.278327
vn 0.024159 -0.495635 0.868195
vn -0.925678 0.022198 -0.377662
vn 0.860153 -0.354590 -0.366610
vn 0.305210 -0.660563 -0.685933
vn 0.801622 0.563562 -0.199501
vn 0.784998 -0.556992 -0.271180
vn 0.201416 0.498293 0.843288
vn 0.784998 -0.556992 -0.271180
vn 0.801622 0.563562 -0.199501
vn 0.192599 -0.635493 0.747699
vn 0.305210 -0.660563 -0.685933
vn 0.784998 -0.556992 -0.271180
vn -0.358151 -0.746164 0.561219
vn -0.208967 -0.541613 -0.814241
vn -0.252556 0.588368 -0.768140
vn 0.289862 0.774646 -0.562053
vn 0.289862 0.774646 -0.562053
vn 0.201416 0.498293 0.843288
vn 0.801622 0.563562 -0.199501
vn -0.252556 0.588368 -0.768140
vn -0.347736 0.695506 0.628769
vn 0.201416 0.498293 0.843288
vn -0.358151 -0.746164 0.561219
vn 0.192599 -0.635493 0.747699
vn -0.825890 0.514171 0.231373
vn -0.347736 0.695506 0.628769
vn -0.252556 0.588368 -0.768140
vn -0.780089 -0.599861 0.177840
vn -0.825890 0.514171 0.231373
vn 0.255584 -0.657877 -0.708431
vn 0.796522 0.568478 -0.205878
vn 0.780483 -0.560043 -0.277845
vn 0.192304 0.503027 0.842605
vn 0.780483 -0.560043 -0.277845
vn 0.796522 0.568478 -0.205878
vn 0.184007 -0.639052 0.746829
vn 0.255584 -0.657877 -0.708431
vn 0.780483 -0.560043 -0.277845
vn -0.403619 -0.745303 0.530674
vn 0.348910 -0.661586 -0.663751
vn 0.269542 0.745171 -0.609973
vn 0.246203 0.772580 -0.585238
vn -0.315036 -0.742308 0.591380
vn -0.150466 -0.568602 -0.808734
vn 0.348910 -0.661586 -0.663751
vn -0.199255 0.613754 -0.763939
vn 0.269542 0.745171 -0.609973
vn -0.390416 0.695297 0.603438
vn 0.246203 0.772580 -0.585238
vn -0.199255 0.613754 -0.763939
vn -0.390466 0.663895 0.637793
vn -0.390466 0.663895 0.637793
vn -0.403619 -0.745303 0.530674
vn -0.390416 0.695297 0.603438
vn -0.799089 0.535536 0.273234
vn -0.315036 -0.742308 0.591380
vn -0.199255 0.613754 -0.763939
vn -0.747468 -0.627621 0.217679
vn -0.799089 0.535536 0.273234
vn 0.192304 0.503027 0.842605
vn 0.796522 0.568478 -0.205878
vn 0.192304 0.503027 0.842605
vn 0.184007 -0.639052 0.746829
vn 0.427048 0.857886 0.285766
vn 0.079031 -0.483327 0.871866
vn 0.824972 -0.381717 -0.416789
vn 0.427048 0.857886 0.285766
vn -0.884495 0.003869 -0.466534
vn 0.079031 -0.483327 0.871866
vn 0.824972 -0.381717 -0.416789
vn -0.884495 0.003869 -0.466534
vn 0.427048 0.857886 0.285766
vn 0.079031 -0.483327 0.871866
vn -0.884495 0.003869 -0.466534
vn 0.824972 -0.381717 -0.416789
vn -0.022650 0.897678 0.440070
vn 0.847526 -0.164931 -0.504477
vn 0.172107 0.980126 -0.098655
vn -0.208422 -0.216512 0.953773
vn 0.760993 -0.647909 0.033210
vn -0.847355 -0.415076 -0.331212
vn -0.208422 -0.216512 0.953773
vn -0.022650 0.897678 0.440070
vn -0.596763 -0.028131 -0.801925
vn 0.172107 0.980126 -0.098655
vn 0.847526 -0.164931 -0.504477
vn -0.596763 -0.028131 -0.801925
vn 0.760993 -0.647909 0.033210
vn -0.596763 -0.028131 -0.801925
vn 0.847526 -0.164931 -0.504477
vn -0.208422 -0.216512 0.953773
vn -0.847355 -0.415076 -0.331212
vn -0.308494 0.601493 -0.736911
vn 0.231547 -0.669980 -0.705346
vn -0.263627 -0.574647 -0.774779
vn -0.308494 0.601493 -0.736911
vn -0.718014 -0.607876 0.339032
vn -0.756645 0.515249 0.402500
vn -0.263627 -0.574647 -0.774779
vn -0.092429 -0.739891 0.666347
vn -0.718014 -0.607876 0.339032
vn 0.231547 -0.669980 -0.705346
vn 0.326342 -0.634598 0.700561
vn 0.770606 0.562434 -0.299723
vn 0.754512 -0.544203 -0.366818
vn -0.308494 0.601493 -0.736911
vn -0.140704 0.696315 0.703810
vn 0.196600 0.772511 -0.603801
vn 0.344827 0.521654 0.780366
vn 0.770606 0.562434 -0.299723
vn -0.756645 0.515249 0.402500
vn -0.092429 -0.739891 0.666347
vn -0.140704 0.696315 0.703810
vn 0.344827 0.521654 0.780366
vn 0.344827 0.521654 0.780366
vn 0.754512 -0.544203 -0.366818
vn 0.770606 0.562434 -0.299723
vn -0.298214 0.606345 -0.737167
vn 0.300696 -0.672132 -0.676624
vn -0.253413 -0.578583 -0.775257
vn -0.253413 -0.578583 -0.775257
vn -0.750664 0.518914 0.408940
vn -0.298214 0.606345 -0.737167
vn -0.253413 -0.578583 -0.775257
vn -0.032210 -0.732650 0.679843
vn -0.712186 -0.611482 0.344792
vn 0.300696 -0.672132 -0.676624
vn -0.194672 -0.744314 0.638827
vn 0.174627 0.750448 -0.637443
vn 0.120565 -0.656186 -0.744905
vn 0.120565 -0.656186 -0.744905
vn 0.243401 -0.672688 0.698747
vn 0.725904 0.593383 -0.347794
vn 0.705370 -0.572639 -0.417777
vn 0.259085 0.771452 -0.581151
vn -0.142106 0.660488 0.737266
vn 0.174627 0.750448 -0.637443
vn 0.267961 0.554736 0.787696
vn 0.725904 0.593383 -0.347794
vn -0.032210 -0.732650 0.679843
vn -0.142106 0.660488 0.737266
vn -0.085923 0.689859 0.718827
vn -0.194672 -0.744314 0.638827
vn 0.267961 0.554736 0.787696
vn 0.267961 0.554736 0.787696
vn 0.705370 -0.572639 -0.417777
vn 0.725904 0.593383 -0.347794
vn -0.298214 0.606345 -0.737167
vn -0.085923 0.689859 0.718827
vn -0.750664 0.518914 0.408940
vn -0.501649 0.859739 -0.095902
vn -0.208286 -0.391812 -0.896159
vn -0.770607 -0.422679 0.476976
vn -0.501649 0.859739 -0.095902
vn -0.770607 -0.422679 0.476976
vn 0.971717 -0.013888 0.235738
vn -0.208286 -0.391812 -0.896159
vn -0.501649 0.859739 -0.095902
vn 0.971717 -0.013888 0.235738
vn -0.770607 -0.422679 0.476976
vn -0.208286 -0.391812 -0.896159
vn 0.971717 -0.013888 0.235738
vn -0.651022 0.563561 -0.508497
vn 0.000395 -0.660563 -0.750771
vn -0.606663 -0.556992 -0.567204
vn -0.606663 -0.556992 -0.567204
vn -0.527204 0.498293 0.688302
vn -0.651022 0.563561 -0.508497
vn -0.480245 -0.635493 0.604577
vn 0.000395 -0.660563 -0.750771
vn 0.098723 -0.746164 0.658402
vn 0.522279 -0.541613 -0.658696
vn 0.640170 -0.599861 0.479947
vn 0.543330 0.588368 -0.598845
vn 0.522279 -0.541613 -0.658696
vn -0.527204 0.498293 0.688302
vn -0.036006 0.774646 -0.631370
vn -0.651022 0.563561 -0.508497
vn 0.061715 0.695507 0.715864
vn 0.543330 0.588368 -0.598845
vn -0.527204 0.498293 0.688302
vn 0.098723 -0.746164 0.658402
vn 0.061715 0.695507 0.715864
vn 0.660217 0.514171 0.547487
vn 0.640170 -0.599861 0.479947
vn 0.543330 0.588368 -0.598845
vn 0.660217 0.514171 0.547487
vn -0.643768 0.568477 -0.512246
vn 0.054881 -0.657877 -0.751123
vn -0.599827 -0.560043 -0.571454
vn -0.599827 -0.560043 -0.571454
vn -0.518603 0.503027 0.691386
vn -0.643768 0.568477 -0.512246
vn -0.472043 -0.639053 0.607279
vn 0.054881 -0.657877 -0.751123
vn 0.152687 -0.745303 0.649007
vn -0.048549 -0.661586 -0.748296
vn 0.047065 -0.742308 0.668404
vn 0.002059 0.745172 -0.666869
vn -0.048549 -0.661586 -0.748296
vn 0.466602 -0.568602 -0.677476
vn 0.594159 -0.627621 0.503058
vn 0.492934 0.613755 -0.616702
vn 0.466602 -0.568602 -0.677476
vn 0.111010 0.695297 0.710097
vn 0.002059 0.745172 -0.666869
vn 0.013309 0.772580 -0.634777
vn 0.097074 0.663895 0.741499
vn 0.492934 0.613755 -0.616702
vn 0.152687 -0.745303 0.649007
vn 0.097074 0.663895 0.741499
vn 0.111010 0.695297 0.710097
vn 0.047065 -0.742308 0.668404
vn 0.618699 0.535537 0.574814
vn 0.594159 -0.627621 0.503058
vn 0.492934 0.613755 -0.616702
vn 0.618699 0.535537 0.574814
vn -0.518603 0.503027 0.691386
vn -0.643768 0.568477 -0.512246
vn -0.518603 0.503027 0.691386
vn -0.506385 0.857886 0.087213
vn -0.583913 -0.381717 -0.716476
vn -0.427045 -0.483327 0.764217
vn -0.506385 0.857886 0.087213
vn -0.427045 -0.483327 0.764217
vn 0.997803 0.003867 -0.066145
vn -0.583913 -0.381717 -0.716476
vn -0.506385 0.857886 0.087213
vn 0.997803 0.003867 -0.066145
vn -0.427045 -0.483327 0.764217
vn -0.583913 -0.381717 -0.716476
vn 0.997803 0.003867 -0.066145
vn -0.815896 0.546012 -0.190223
vn -0.190876 -0.654824 -0.731281
vn -0.778824 -0.568722 -0.264552
vn -0.778824 -0.568722 -0.264552
vn -0.148943 0.510119 0.847110
vn -0.815896 0.546012 -0.190223
vn -0.106674 -0.671623 0.733173
vn -0.190876 -0.654824 -0.731281
vn 0.330510 -0.747476 0.576232
vn 0.175854 -0.551478 -0.815443
vn 0.807710 -0.570585 0.148448
vn 0.193431 0.615690 -0.763879
vn 0.175854 -0.551478 -0.815443
vn -0.148943 0.510119 0.847110
vn -0.237384 0.775221 -0.585389
vn -0.815896 0.546012 -0.190223
vn 0.295994 0.701807 0.647962
vn 0.193431 0.615690 -0.763879
vn -0.148943 0.510119 0.847110
vn 0.330510 -0.747476 0.576232
vn 0.295994 0.701807 0.647962
vn 0.823211 0.528176 0.208217
vn 0.807710 -0.570585 0.148448
vn 0.823211 0.528176 0.208217
vn -0.811048 0.550600 -0.197588
vn -0.131916 -0.643095 -0.754339
vn -0.774211 -0.571527 -0.271945
vn -0.774211 -0.571527 -0.271945
vn -0.137519 0.515466 0.845804
vn -0.811048 0.550600 -0.197588
vn -0.095305 -0.675759 0.730936
vn -0.131916 -0.643095 -0.754339
vn 0.400638 -0.746593 0.531119
vn -0.292760 -0.667483 -0.684659
vn 0.218608 -0.735417 0.641383
vn -0.242066 0.738790 -0.628962
vn -0.292760 -0.667483 -0.684659
vn 0.084939 -0.593817 -0.800104
vn 0.768161 -0.605731 0.207411
vn 0.108235 0.651446 -0.750935
vn 0.084939 -0.593817 -0.800104
vn 0.359648 0.705071 0.611169
vn -0.242066 0.738790 -0.628962
vn -0.183871 0.769624 -0.611449
vn 0.270372 0.674498 0.686987
vn 0.108235 0.651446 -0.750935
vn 0.400638 -0.746593 0.531119
vn 0.270372 0.674498 0.686987
vn 0.359648 0.705071 0.611169
vn 0.218608 -0.735417 0.641383
vn 0.787796 0.553206 0.270816
vn 0.787796 0.553206 0.270816
vn -0.137519 0.515466 0.845804
vn -0.811048 0.550600 -0.197588
vn -0.137519 0.515466 0.845804
vn -0.467485 0.839042 0.278327
vn -0.860153 -0.354589 -0.366611
vn -0.024159 -0.495636 0.868195
vn -0.467485 0.839042 0.278327
vn -0.024159 -0.495636 0.868195
vn 0.925672 0.022210 -0.377675
vn -0.860153 -0.354589 -0.366611
vn -0.467485 0.839042 0.278327
vn 0.925672 0.022210 -0.377675
vn -0.024159 -0.495636 0.868195
vn -0.860153 -0.354589 -0.366611
vn 0.925672 0.022210 -0.377675
vn -0.801622 0.563562 -0.199501
vn -0.305210 -0.660563 -0.685933
vn -0.784998 -0.556992 -0.271180
vn -0.784998 -0.556992 -0.271180
vn -0.201416 0.498293 0.843288
vn -0.801622 0.563562 -0.199501
vn -0.192599 -0.635493 0.747699
vn -0.305210 -0.660563 -0.685933
vn 0.358152 -0.746164 0.561219
vn 0.208966 -0.541613 -0.814241
vn 0.780089 -0.599861 0.177840
vn 0.252555 0.588368 -0.768140
vn 0.208966 -0.541613 -0.814241
vn -0.201416 0.498293 0.843288
vn -0.289862 0.774646 -0.562053
vn -0.801622 0.563562 -0.199501
vn 0.347736 0.695506 0.628769
vn 0.252555 0.588368 -0.768140
vn -0.201416 0.498293 0.843288
vn 0.358152 -0.746164 0.561219
vn 0.347736 0.695506 0.628769
vn 0.825890 0.514171 0.231373
vn 0.780089 -0.599861 0.177840
vn 0.252555 0.588368 -0.768140
vn 0.825890 0.514171 0.231373
vn -0.796522 0.568477 -0.205878
vn -0.255585 -0.657877 -0.708431
vn -0.780484 -0.560043 -0.277845
vn -0.780484 -0.560043 -0.277845
vn -0.192304 0.503027 0.842605
vn -0.796522 0.568477 -0.205878
vn -0.184008 -0.639053 0.746829
vn -0.255585 -0.657877 -0.708431
vn 0.403619 -0.745303 0.530674
vn -0.348910 -0.661586 -0.663751
vn 0.315036 -0.742308 0.591380
vn -0.269542 0.745172 -0.609972
vn -0.348910 -0.661586 -0.663751
vn 0.150466 -0.568602 -0.808734
vn 0.747467 -0.627621 0.217678
vn 0.199254 0.613754 -0.763939
vn 0.150466 -0.568602 -0.808734
vn 0.390416 0.695298 0.603438
vn -0.269542 0.745172 -0.609972
vn -0.246203 0.772580 -0.585238
vn 0.390466 0.663895 0.637793
vn 0.199254 0.613754 -0.763939
vn 0.403619 -0.745303 0.530674
vn 0.390466 0.663895 0.637793
vn 0.390416 0.695298 0.603438
vn 0.315036 -0.742308 0.591380
vn 0.799089 0.535537 0.273233
vn 0.747467 -0.627621 0.217678
vn 0.199254 0.613754 -0.763939
vn 0.799089 0.535537 0.273233
vn -0.192304 0.503027 0.842605
vn -0.796522 0.568477 -0.205878
vn -0.192304 0.503027 0.842605
vn -0.427048 0.857886 0.285766
vn -0.824972 -0.381717 -0.416789
vn -0.079031 -0.483327 0.871865
vn -0.427048 0.857886 0.285766
vn -0.079031 -0.483327 0.871865
vn 0.884495 0.003868 -0.466534
vn -0.824972 -0.381717 -0.416789
vn -0.427048 0.857886 0.285766
vn 0.884495 0.003868 -0.466534
vn -0.079031 -0.483327 0.871865
vn -0.824972 -0.381717 -0.416789
vn 0.884495 0.003868 -0.466534
vn 0.022650 0.897677 0.440071
vn -0.847526 -0.164931 -0.504477
vn -0.760993 -0.647909 0.033210
vn 0.208422 -0.216511 0.953773
vn 0.847355 -0.415076 -0.331212
vn 0.022650 0.897677 0.440071
vn 0.208422 -0.216511 0.953773
vn 0.596763 -0.028131 -0.801925
vn -0.172107 0.980126 -0.098655
vn 0.596763 -0.028131 -0.801925
vn -0.847526 -0.164931 -0.504477
vn -0.760993 -0.647909 0.033210
vn 0.596763 -0.028131 -0.801925
vn 0.847355 -0.415076 -0.331212
vn 0.208422 -0.216511 0.953773
vn -0.732693 -0.096001 0.673754
vn -0.704940 0.006429 0.709238
vn -0.733126 0.498012 0.463151
vn -0.704940 0.006429 0.709238
vn -0.310501 0.661635 0.682516
vn -0.733126 0.498012 0.463151
vn -0.733126 0.498012 0.463151
vn -0.310501 0.661635 0.682516
vn -0.258620 0.610870 0.748300
vn -0.216297 0.102307 0.970953
vn -0.216297 0.102307 0.970953
vn -0.216297 0.102307 0.970953
vn -0.148154 0.266524 0.952373
vn -0.767135 0.460339 0.446757
vn -0.216297 0.102307 0.970953
vn -0.393802 -0.109163 0.912690
vn -0.732693 -0.096001 0.673754
vn -0.984108 0.029291 -0.175139
vn -0.767135 0.460339 0.446757
vn -0.760781 0.575813 -0.299421
vn -0.760781 0.575813 -0.299421
vn -0.767135 0.460339 0.446757
vn -0.407465 0.913170 -0.009669
vn -0.148154 0.266524 0.952373
vn -0.393802 -0.109163 0.912690
vn -0.352515 -0.070423 0.933153
vn -0.393802 -0.109163 0.912690
vn -0.893151 -0.412896 0.178323
vn -0.893151 -0.412896 0.178323
vn -0.352515 -0.070423 0.933153
vn -0.197167 -0.247317 0.948662
vn -0.646742 -0.513076 0.564338
vn -0.478022 -0.876121 0.062509
vn -0.197167 -0.247317 0.948662
vn -0.716477 -0.521833 -0.462980
vn -0.159540 -0.391597 0.906200
vn -0.011729 -0.357509 0.933836
vn -0.112329 -0.840752 0.529639
vn -0.159540 -0.391597 0.906200
vn -0.197167 -0.247317 0.948662
vn -0.478022 -0.876121 0.062509
vn 0.096415 -0.991187 0.090842
vn -0.011729 -0.357509 0.933836
vn -0.478022 -0.876121 0.062509
vn -0.157536 -0.852337 -0.498703
vn -0.716477 -0.521833 -0.462980
vn 0.408000 -0.862395 -0.299685
vn -0.157536 -0.852337 -0.498703
vn -0.330107 -0.445293 -0.832312
vn 0.309000 -0.527490 -0.791375
vn -0.716477 -0.521833 -0.462980
vn 0.309000 -0.527490 -0.791375
vn 0.760855 -0.441411 -0.475664
vn 0.760855 -0.441411 -0.475664
vn 0.699744 0.115696 -0.704963
vn -0.000000 0.170888 -0.985290
vn 0.330107 0.699566 -0.633748
vn -0.000000 0.170888 -0.985290
vn -0.308966 0.763118 -0.567618
vn 0.330107 0.699566 -0.633748
vn -0.699737 0.128458 -0.702757
vn -0.308966 0.763118 -0.567618
vn -0.330107 -0.445293 -0.832312
vn -0.699737 0.128458 -0.702757
vn -0.699737 0.128458 -0.702757
vn 0.157090 0.970348 -0.183705
vn 0.716700 0.646736 -0.260908
vn 0.110619 0.803549 0.584869
vn 0.410952 0.630439 0.658533
vn 0.984332 0.029443 -0.173851
vn 0.716700 0.646736 -0.260908
vn 0.762904 0.436245 0.477145
vn 0.410952 0.630439 0.658533
vn 0.699744 0.115696 -0.704963
vn 0.330107 0.699566 -0.633748
vn 0.393110 -0.096168 0.914448
vn 0.777368 -0.571237 0.263417
vn 0.760855 -0.441411 -0.475664
vn 0.261501 -0.275698 0.924991
vn 0.393110 -0.096168 0.914448
vn 0.737093 -0.024749 0.675339
vn 0.261501 -0.275698 0.924991
vn 0.150377 -0.478877 0.864907
vn 0.777368 -0.571237 0.263417
vn 0.777368 -0.571237 0.263417
vn 0.150377 -0.478877 0.864907
vn 0.186768 -0.422143 0.887081
vn 0.150377 -0.478877 0.864907
vn 0.280748 -0.757354 0.589572
vn 0.280748 -0.757354 0.589572
vn 0.745224 -0.509199 0.430532
vn 0.310501 -0.661635 0.682517
vn 0.261501 -0.275698 0.924991
vn 0.186768 -0.422143 0.887081
vn -0.112329 -0.840752 0.529639
vn -0.332199 -0.587075 0.738232
vn -0.332199 -0.587075 0.738232
vn 0.310501 -0.661635 0.682517
vn 0.000000 0.000000 1.000000
vn 0.704940 -0.006429 0.709238
vn 0.704940 -0.006429 0.709238
vn 0.332199 0.587076 0.738232
vn 0.704940 -0.006429 0.709238
vn 0.694507 0.538034 0.477681
vn 0.332199 0.587076 0.738232
vn 0.745224 -0.509199 0.430532
vn 0.737093 -0.024749 0.675339
vn 0.261501 -0.275698 0.924991
vn 0.187544 0.457064 0.869436
vn 0.393110 -0.096168 0.914448
vn 0.762904 0.436245 0.477145
vn 0.187544 0.457064 0.869436
vn 0.294213 0.379916 0.876985
vn 0.410952 0.630439 0.658533
vn 0.294213 0.379916 0.876985
vn 0.356716 0.342323 0.869235
vn 0.110619 0.803549 0.584869
vn 0.124509 0.875279 0.467316
vn 0.294213 0.379916 0.876985
vn 0.356716 0.342323 0.869235
vn 0.694507 0.538034 0.477681
vn 0.332199 0.587076 0.738232
vn 0.356716 0.342323 0.869235
vn -0.148154 0.266524 0.952373
vn -0.258620 0.610870 0.748300
vn -0.646742 -0.513076 0.564338
vn -0.646742 -0.513076 0.564338
vn -0.332199 -0.587075 0.738232
vn -0.352515 -0.070423 0.933153
vn 0.186768 -0.422143 0.887081
vn -0.011729 -0.357509 0.933836
vn 0.096415 -0.991187 0.090842
vn 0.063695 0.095488 0.993391
vn -0.080296 -0.061795 0.994854
vn 0.074312 0.042804 0.996316
vn 0.040602 -0.189154 0.981108
vn 0.913741 0.149504 0.377790
vn -0.069841 0.259683 0.963165
vn 0.362429 0.336092 0.869303
vn 0.110747 0.243727 0.963500
vn 0.612990 -0.016392 0.789920
vn 0.566535 0.197542 0.800009
vn 0.190802 0.156390 0.969091
vn 0.494324 0.562621 0.662647
vn 0.863002 0.063090 0.501245
vn 0.979068 -0.117781 0.165992
vn 0.872729 -0.411641 0.262479
vn 0.612990 -0.016392 0.789920
vn 0.919097 -0.175347 0.352865
vn 0.884796 -0.345857 -0.312280
vn 0.872729 -0.411641 0.262479
vn 0.979068 -0.117781 0.165992
vn 0.517007 -0.694699 0.500096
vn 0.590984 -0.793652 0.144411
vn 0.501375 -0.825201 -0.260128
vn 0.884796 -0.345857 -0.312280
vn -0.235403 -0.965714 0.109466
vn 0.590984 -0.793652 0.144411
vn 0.517007 -0.694699 0.500096
vn 0.561651 -0.785662 -0.259390
vn 0.874305 -0.368830 -0.315524
vn -0.119723 -0.987824 0.099352
vn 0.501375 -0.825201 -0.260128
vn 0.333536 -0.924444 0.184817
vn 0.274613 -0.941697 0.194407
vn 0.845334 -0.349457 0.404093
vn 0.399026 -0.900564 0.172520
vn 0.015344 -0.996277 0.084837
vn 0.561651 -0.785662 -0.259390
vn 0.470728 -0.867993 0.158124
vn 0.167866 -0.983730 0.063998
vn 0.630799 -0.732126 -0.257068
vn 0.545657 -0.825616 0.143583
vn 0.332440 -0.942382 0.037411
vn 0.703953 -0.663091 -0.254481
vn 0.164420 -0.729497 -0.663928
vn 0.211150 -0.720359 -0.660680
vn 0.774042 -0.579791 -0.254365
vn 0.447167 -0.764496 -0.464314
vn 0.211150 -0.720359 -0.660680
vn 0.164420 -0.729497 -0.663928
vn 0.365836 -0.789910 -0.492145
vn 0.551172 -0.423357 -0.719012
vn 0.490227 -0.810960 0.319407
vn 0.365836 -0.789910 -0.492145
vn 0.447167 -0.764496 -0.464314
vn 0.460460 -0.824839 0.328051
vn 0.662349 -0.742913 -0.096818
vn 0.513465 -0.854328 -0.080481
vn 0.504631 -0.856719 -0.106681
vn 0.510687 -0.854977 -0.090625
vn 0.758293 -0.427452 -0.492216
vn 0.809552 -0.363902 -0.460653
vn 0.758293 -0.427452 -0.492216
vn 0.885224 -0.100377 -0.454206
vn 0.809552 -0.363902 -0.460653
vn 0.556333 -0.496696 -0.666173
vn 0.885864 -0.113105 -0.449948
vn 0.895674 -0.047814 -0.442133
vn 0.665992 -0.163809 -0.727751
vn 0.793645 0.279401 -0.540428
vn 0.864818 -0.106042 -0.490760
vn 0.762045 0.077655 -0.642851
vn 0.791403 0.320477 -0.520554
vn 0.671954 0.677603 -0.298883
vn 0.796746 0.560266 -0.226491
vn 0.675858 0.676311 -0.292949
vn 0.702478 0.708738 0.064931
vn 0.702910 0.707595 0.072291
vn 0.684589 0.712843 0.152291
vn 0.695164 0.707152 0.129165
vn 0.690941 0.702772 0.169447
vn 0.667166 0.728530 0.155348
vn 0.696212 0.706957 0.124499
vn 0.676149 0.716784 0.170419
vn 0.697369 0.705398 0.126845
vn 0.651329 0.739902 0.168271
vn 0.695756 0.706871 0.127503
vn 0.662829 0.726238 0.182309
vn 0.635794 0.751675 0.175358
vn 0.693912 0.708554 0.128209
vn 0.647686 0.738171 0.188699
vn 0.620750 0.762579 0.182051
vn 0.747246 0.589307 0.307150
vn 0.632818 0.749414 0.194729
vn 0.718974 0.587389 0.371551
vn 0.656204 0.312510 0.686829
vn 0.728490 0.566227 0.385602
vn 0.713474 0.273662 0.645031
vn 0.652098 0.355547 0.669593
vn 0.185585 0.031337 0.982128
vn 0.180283 0.039646 0.982815
vn 0.656204 0.312510 0.686829
vn 0.652098 0.355547 0.669593
vn 0.081607 -0.177164 0.980792
vn 0.219059 0.010358 0.975657
vn 0.505544 -0.146652 0.850246
vn 0.501483 0.371071 0.781551
vn 0.223174 -0.545155 0.808084
vn 0.365864 -0.375956 0.851352
vn 0.318727 -0.279136 0.905812
vn 0.676503 -0.144307 0.722162
vn 0.318727 -0.279136 0.905812
vn 0.209088 0.443916 0.871333
vn 0.524619 0.641931 0.559196
vn 0.501483 0.371071 0.781551
vn 0.524619 0.641931 0.559196
vn -0.002432 0.515035 0.857166
vn 0.223016 0.437129 0.871311
vn 0.288635 0.744783 0.601655
vn -0.000203 0.450276 0.892889
vn 0.299084 0.903190 0.307891
vn 0.000125 0.791217 0.611536
vn 0.288635 0.744783 0.601655
vn 0.482631 0.828696 0.283425
vn 0.524619 0.641931 0.559196
vn 0.487336 0.826429 0.281990
vn 0.294209 0.904575 0.308521
vn 0.000115 0.951066 0.308989
vn 0.492263 0.823994 0.280556
vn 0.289214 0.905969 0.309153
vn 0.000121 0.951054 0.309024
vn 0.500013 0.820872 0.275966
vn 0.284095 0.907368 0.309794
vn 0.000126 0.951044 0.309057
vn 0.508499 0.815639 0.275973
vn 0.278847 0.908774 0.310442
vn 0.000132 0.951032 0.309091
vn 0.498163 0.862316 0.090805
vn 0.298856 0.951550 0.072371
vn 0.000139 0.951022 0.309123
vn 0.273236 0.886592 -0.373225
vn 0.496983 0.795016 -0.347788
vn -0.003908 0.925564 -0.378571
vn 0.211899 0.555910 -0.803781
vn 0.503694 0.466965 -0.726798
vn 0.003645 0.599532 -0.800342
vn 0.055082 0.134136 -0.989431
vn 0.503694 0.466965 -0.726798
vn 0.343973 0.135543 -0.929145
vn -0.002834 0.133759 -0.991010
vn 0.211899 0.555910 -0.803781
vn 0.209169 -0.177572 -0.961622
vn 0.001741 -0.160130 -0.987094
vn 0.001839 -0.166110 -0.986106
vn 0.181322 -0.588161 -0.788155
vn 0.013543 -0.585361 -0.810659
vn -0.000202 -0.588774 -0.808298
vn 0.013543 -0.585361 -0.810659
vn 0.255571 -0.953417 -0.160246
vn 0.032829 -0.986594 -0.159857
vn -0.000202 -0.588774 -0.808298
vn 0.000266 -0.987812 -0.155649
vn -0.000666 -0.949260 0.314492
vn 0.029900 -0.948984 0.313904
vn 0.024087 -0.887586 -0.460012
vn 0.000274 -0.884218 -0.467074
vn 0.065884 -0.762097 -0.644102
vn 0.000274 -0.884218 -0.467074
vn 0.020496 -0.853661 -0.520425
vn 0.000467 -0.860862 -0.508838
vn 0.024087 -0.887586 -0.460012
vn 0.275036 -0.862171 -0.425461
vn 0.000467 -0.860862 -0.508838
vn 0.023207 -0.972127 0.233304
vn 0.000335 -0.970813 0.239837
vn 0.020496 -0.853661 -0.520425
vn 0.394886 -0.897560 0.196090
vn 0.016287 -0.972243 0.233405
vn 0.000340 -0.970812 0.239839
vn 0.381302 -0.903034 0.197831
vn 0.009478 -0.972312 0.233495
vn 0.000344 -0.970811 0.239847
vn 0.368159 -0.908087 0.199595
vn 0.002777 -0.972336 0.233572
vn 0.000347 -0.970808 0.239858
vn 0.355478 -0.912746 0.201323
vn -0.003817 -0.972316 0.233637
vn 0.000348 -0.970804 0.239873
vn 0.343274 -0.917044 0.202964
vn 0.144145 -0.487323 0.861242
vn 0.000264 -0.423945 0.905688
vn 0.497766 -0.453794 0.739121
vn 0.166992 0.323747 0.931290
vn 0.497766 -0.453794 0.739121
vn 0.582687 0.219732 0.782428
vn 0.280245 0.715789 0.639616
vn 0.596381 0.615754 0.514953
vn 0.000264 -0.423945 0.905688
vn 0.286192 0.657549 0.696939
vn 0.244302 0.442095 0.863058
vn -0.806638 -0.018093 0.590769
vn -0.723177 0.083389 0.685610
vn 0.895075 0.399963 0.197157
vn 0.104204 0.538839 0.835939
vn 0.441256 -0.357261 0.823200
vn -0.013803 0.180256 0.983523
vn -0.566648 0.090028 0.819027
vn -0.013803 0.180256 0.983523
vn -0.402575 -0.679370 0.613505
vn -0.705927 -0.034646 0.707437
vn -0.806638 -0.018093 0.590769
vn -0.559527 -0.173765 0.810392
vn -0.708678 0.060826 0.702906
vn -0.723177 0.083389 0.685610
vn -0.633076 0.313037 0.707971
vn -0.736029 0.676795 -0.014498
vn -0.469211 0.520497 0.713389
vn -0.016724 0.777549 0.628600
vn -0.708678 0.060826 0.702906
vn -0.705927 -0.034646 0.707437
vn -0.606466 0.606410 0.514263
vn -0.736087 0.676731 -0.014494
vn 0.476166 0.679234 0.558487
vn 0.847194 0.520543 -0.106285
vn -0.511685 0.567091 -0.645434
vn -0.853602 0.520730 -0.014253
vn 0.375487 0.777508 0.504471
vn -0.511685 0.567091 -0.645434
vn 0.023900 -0.755560 -0.654643
vn -0.451167 -0.752854 -0.479229
vn -0.853602 0.520730 -0.014253
vn -0.451167 -0.752854 -0.479229
vn -0.784307 -0.617513 0.059498
vn -0.451167 -0.752854 -0.479229
vn -0.081560 -0.572249 0.816014
vn -0.784307 -0.617513 0.059498
vn 0.023900 -0.755560 -0.654643
vn 0.367754 -0.656436 0.658673
vn 0.722341 -0.685714 0.089552
vn 0.476166 0.679234 0.558487
vn 0.367754 -0.656436 0.658673
vn 0.367754 -0.656436 0.658673
vn -0.509256 0.498985 0.701193
vn 0.311073 0.848196 0.428716
vn -0.521205 0.519312 0.677245
vn 0.343833 0.858314 0.380889
vn -0.274385 0.592778 0.757184
vn -0.514167 0.490440 0.703634
vn 0.280245 0.715789 0.639616
vn 0.197098 0.645615 0.737790
vn 0.596381 0.615754 0.514953
vn 0.628349 0.611620 0.480727
vn 0.620968 0.601870 0.502147
vn 0.043250 0.814475 0.578585
vn 0.159515 0.643600 0.748554
vn 0.155056 0.793083 0.589047
vn -0.853602 0.520730 -0.014253
vn 0.628349 0.611620 0.480727
vn -0.524659 0.641046 0.560172
vn -0.000474 0.401085 0.916041
vn -0.628334 0.611619 0.480749
vn -0.484562 0.536089 0.691236
vn -0.278462 0.735426 0.617743
vn -0.630768 0.502275 0.591482
vn 0.038949 0.642931 -0.764933
vn -0.045219 0.811923 0.582011
vn -0.483930 0.534137 0.693188
vn 0.441102 0.192444 0.876581
vn -0.281957 0.730101 0.622457
vn 0.671647 0.083225 0.736182
vn 0.787656 -0.047217 0.614303
vn -0.093772 0.566949 0.818398
vn 0.633056 0.313046 0.707985
vn 0.469919 0.521938 0.711869
vn 0.736028 0.676796 -0.014498
vn 0.350096 0.620193 0.701993
vn -0.285496 0.755884 0.589179
vn 0.239157 0.655334 0.716478
vn 0.517199 0.502170 0.693059
vn 0.517797 0.522371 0.677506
vn -0.472375 0.675826 0.565793
vn 0.517797 0.522371 0.677506
vn 0.736090 0.676728 -0.014562
vn -0.472375 0.675826 0.565793
vn -0.715596 -0.691789 0.096700
vn -0.472375 0.675826 0.565793
vn -0.851672 0.511986 -0.111911
vn -0.851672 0.511986 -0.111911
vn 0.606510 0.606349 0.514283
vn -0.365823 -0.655878 0.660301
vn -0.022004 -0.765909 -0.642572
vn 0.439535 -0.765519 -0.469884
vn 0.079461 -0.571018 0.817083
vn 0.774223 -0.628643 0.073395
vn 0.407498 0.913087 0.014722
vn 0.005997 0.685989 -0.727588
vn 0.850849 0.525340 -0.008656
vn -0.022004 -0.765909 -0.642572
vn 0.503414 0.560909 -0.657233
vn 0.439535 -0.765519 -0.469884
vn 0.503414 0.560909 -0.657233
vn 0.016715 0.777479 0.628686
vn 0.765683 0.513746 0.387034
vn 0.708693 0.060822 0.702890
vn 0.016675 0.777538 0.628615
vn 0.016722 0.777535 0.628617
vn 0.671647 0.083225 0.736182
vn 0.708693 0.060822 0.702890
vn 0.705927 -0.034649 0.707436
vn 0.809887 0.511954 0.286333
vn 0.392407 0.919524 0.022207
vn -0.630768 0.502275 0.591482
vn -0.000003 0.317058 0.948406
vn 0.705927 -0.034649 0.707436
vn 0.787656 -0.047217 0.614303
vn 0.559577 -0.174186 0.810267
vn 0.000008 -0.599253 0.800559
vn 0.559577 -0.174186 0.810267
vn 0.405397 -0.678068 0.613088
vn 0.419068 0.223018 0.880139
vn -0.432288 -0.149161 0.889313
vn 0.318716 -0.088445 0.943715
vn 0.473869 0.307768 0.825062
vn -0.797008 0.594922 0.104145
vn 0.292195 -0.161243 0.942668
vn -0.277036 -0.318049 0.906695
vn -0.200056 -0.322539 0.925174
vn 0.000008 -0.599253 0.800559
vn -0.200056 -0.322539 0.925174
vn -0.277036 -0.318049 0.906695
vn 0.112210 -0.486689 0.866339
vn 0.441256 -0.357261 0.823200
vn 0.112210 -0.486689 0.866339
vn -0.559527 -0.173765 0.810392
vn -0.681632 -0.117088 0.722266
vn -0.916354 0.180967 0.357136
vn -0.897719 0.380222 0.222557
vn -0.916354 0.180967 0.357136
vn -0.916980 0.304275 0.258002
vn -0.563104 -0.018971 0.826168
vn -0.906870 0.303430 0.292431
vn -0.887493 0.231939 0.398198
vn -0.856328 -0.429601 0.286610
vn -0.895611 0.074132 0.438618
vn -0.563104 -0.018971 0.826168
vn -0.093772 0.566949 0.818398
vn -0.486396 0.713826 0.503856
vn -0.797008 0.594922 0.104145
vn -0.613496 0.768425 0.182060
vn -0.563104 -0.018971 0.826168
vn -0.249529 0.808448 0.533055
vn -0.613496 0.768425 0.182060
vn -0.249529 0.808448 0.533055
vn -0.576160 0.782790 0.235114
vn 0.086592 0.329340 0.940232
vn -0.786350 0.558076 0.264963
vn -0.647489 0.134538 0.750105
vn -0.323881 0.698495 0.638127
vn -0.576160 0.782790 0.235114
vn -0.967915 -0.101849 0.229713
vn -0.729230 0.439575 0.524402
vn -0.331413 0.308538 0.891611
vn -0.090229 0.668621 0.738109
vn -0.331413 0.308538 0.891611
vn -0.729230 0.439575 0.524402
vn -0.201116 0.155331 0.967174
vn -0.125110 0.236408 0.963566
vn -0.887493 0.231939 0.398198
vn 0.127547 0.037995 0.991104
vn -0.125675 0.042886 0.991144
vn -0.080694 0.035828 0.996095
vn 0.045472 -0.079338 0.995810
vn -0.614697 -0.018955 0.788535
vn -0.570147 0.193152 0.798514
vn -0.171778 -0.007934 0.985104
vn -0.713474 0.273662 0.645030
vn -0.654667 0.346315 0.671920
vn -0.962503 0.133170 0.236333
vn -0.941941 0.259824 0.212693
vn -0.919097 -0.175348 0.352865
vn -0.654667 0.346315 0.671920
vn -0.944576 0.315103 0.092125
vn -0.941941 0.259824 0.212693
vn -0.723319 0.572863 0.385536
vn -0.748162 0.588422 0.306614
vn -0.713474 0.273662 0.645030
vn -0.522690 0.641939 0.560989
vn -0.723319 0.572863 0.385536
vn -0.497789 -0.171212 0.850231
vn -0.501498 0.371057 0.781547
vn -0.281785 -0.067116 0.957127
vn 0.018373 -0.082573 0.996416
vn -0.497789 -0.171212 0.850231
vn -0.368422 -0.368694 0.853423
vn -0.497789 -0.171212 0.850231
vn -0.152726 -0.487835 0.859472
vn -0.681632 -0.117088 0.722266
vn -0.642990 -0.452456 0.617938
vn -0.961799 -0.027797 0.272343
vn -0.642990 -0.452456 0.617938
vn -0.152726 -0.487835 0.859472
vn -0.916980 0.304275 0.258002
vn -0.522690 0.641939 0.560989
vn -0.501498 0.371057 0.781547
vn -0.723319 0.572863 0.385536
vn -0.482733 0.828649 0.283390
vn -0.631752 0.750218 0.195096
vn -0.487442 0.826378 0.281957
vn -0.646617 0.739055 0.188905
vn -0.694912 0.707632 0.127885
vn -0.696754 0.705915 0.127347
vn -0.748162 0.588422 0.306614
vn -0.938659 0.332337 -0.092041
vn -0.694912 0.707632 0.127885
vn -0.696754 0.705915 0.127347
vn -0.938375 0.333435 -0.090964
vn -0.748162 0.588422 0.306614
vn -0.932509 -0.019445 -0.360623
vn -0.931569 -0.033866 -0.361983
vn -0.888742 0.024768 -0.457739
vn -0.888288 0.001353 -0.459284
vn -0.943728 -0.268882 -0.192561
vn -0.962503 0.133170 0.236333
vn -0.954279 -0.224044 -0.197877
vn -0.872730 -0.411640 0.262479
vn -0.822324 -0.561209 -0.093955
vn -0.804610 -0.586651 -0.091895
vn -0.873262 -0.370972 -0.315903
vn -0.883775 -0.348090 -0.312689
vn -0.603676 -0.751349 -0.266553
vn -0.548741 -0.792292 -0.266752
vn -0.641145 -0.746997 0.175863
vn -0.219142 -0.961366 0.166589
vn -0.641145 -0.746997 0.175863
vn -0.548741 -0.792292 -0.266752
vn -0.293636 -0.942785 0.157905
vn -0.603676 -0.751349 -0.266553
vn -0.885561 -0.002764 0.464515
vn -0.787716 -0.484420 0.380579
vn -0.528353 -0.440927 0.725553
vn -0.272759 -0.939038 0.209310
vn -0.787716 -0.484420 0.380579
vn -0.528353 -0.440927 0.725553
vn -0.297584 -0.932145 0.206277
vn -0.323082 -0.924413 0.202680
vn -0.323082 -0.924413 0.202680
vn -0.293636 -0.942785 0.157905
vn -0.371532 -0.916672 0.147231
vn -0.371532 -0.916672 0.147231
vn -0.663777 -0.699366 -0.265118
vn -0.451654 -0.882031 0.134274
vn -0.725252 -0.636286 -0.262962
vn -0.349510 -0.915636 0.198629
vn -0.451654 -0.882031 0.134274
vn -0.376869 -0.905584 0.194648
vn -0.532367 -0.838052 0.119390
vn -0.532367 -0.838052 0.119390
vn -0.783310 -0.564005 -0.261388
vn -0.267885 -0.863652 -0.427016
vn -0.143741 -0.725500 -0.673044
vn -0.143741 -0.725500 -0.673044
vn -0.554008 -0.425168 -0.715757
vn -0.063665 -0.763689 -0.642437
vn -0.143741 -0.725500 -0.673044
vn -0.444205 -0.766388 -0.464038
vn -0.554008 -0.425168 -0.715757
vn -0.660244 -0.744955 -0.095499
vn -0.298606 -0.903053 0.308756
vn -0.444205 -0.766388 -0.464038
vn -0.492839 -0.811211 0.314716
vn -0.492839 -0.811211 0.314716
vn -0.660244 -0.744955 -0.095499
vn -0.462507 -0.822222 0.331722
vn -0.298606 -0.903053 0.308756
vn -0.508010 -0.852983 -0.119775
vn -0.252304 -0.953620 -0.164172
vn -0.511144 -0.853441 -0.101833
vn -0.063665 -0.763689 -0.642437
vn -0.181203 -0.588090 -0.788236
vn -0.181203 -0.588090 -0.788236
vn -0.664813 -0.171859 -0.726972
vn -0.208439 -0.180706 -0.961196
vn -0.508010 -0.852983 -0.119775
vn -0.807084 -0.368959 -0.460962
vn -0.562896 -0.490225 -0.665453
vn -0.878105 -0.124513 -0.461983
vn -0.664813 -0.171859 -0.726972
vn -0.603805 -0.792204 -0.088500
vn -0.511144 -0.853441 -0.101833
vn -0.935209 -0.127478 -0.330354
vn -0.860577 -0.126713 -0.493306
vn -0.757700 0.056938 -0.650114
vn -0.800417 0.283339 -0.528254
vn -0.766782 0.343135 -0.542499
vn -0.881583 0.159530 -0.444254
vn -0.998190 0.044878 -0.040024
vn -0.916219 -0.173133 -0.361340
vn -0.997846 -0.058616 0.029449
vn -0.979398 0.122262 -0.160721
vn -0.998351 -0.017953 -0.054530
vn -0.976360 0.197828 -0.087098
vn -0.879433 0.469506 0.078495
vn -0.798491 0.558588 -0.224479
vn -0.679609 0.671768 -0.294719
vn -0.699794 0.710625 0.072805
vn -0.679609 0.671768 -0.294719
vn -0.798491 0.558588 -0.224479
vn -0.709017 0.700682 0.079622
vn -0.501734 0.792373 -0.346998
vn -0.501734 0.792373 -0.346998
vn -0.497020 0.462241 -0.734374
vn -0.494944 0.863779 0.094433
vn -0.497020 0.462241 -0.734374
vn -0.497020 0.462241 -0.734374
vn 0.003645 0.599532 -0.800342
vn -0.345626 0.131514 -0.929111
vn -0.345626 0.131514 -0.929111
vn 0.001280 0.998582 0.053227
vn -0.508620 0.815574 0.275944
vn -0.692031 0.701931 0.168480
vn -0.500128 0.820811 0.275936
vn -0.694189 0.707932 0.130128
vn -0.676128 0.717049 0.169385
vn -0.935836 0.341393 -0.087530
vn -0.696212 0.706957 0.124499
vn -0.879433 0.469506 0.078495
vn -0.927851 -0.074464 -0.365441
vn -0.937365 0.336458 -0.090237
vn -0.935836 0.341393 -0.087530
vn -0.887792 0.079662 -0.453298
vn -0.929229 -0.061328 -0.364380
vn -0.972300 -0.113988 -0.204059
vn -0.888355 0.063760 -0.454709
vn -0.999842 0.016384 -0.006918
vn -0.736823 -0.671734 -0.076584
vn -0.968078 -0.147784 -0.202448
vn -0.743242 -0.642263 0.187325
vn -0.736823 -0.671734 -0.076584
vn -0.743242 -0.642263 0.187325
vn -0.829853 -0.452870 -0.325964
vn -0.763175 -0.640890 -0.082608
vn -0.846589 -0.423378 -0.322548
vn -0.783310 -0.564005 -0.261388
vn -0.725252 -0.636286 -0.262962
vn -0.554008 -0.425168 -0.715757
vn -0.860962 -0.396055 -0.319194
vn -0.663777 -0.699366 -0.265118
vn -0.785653 -0.612426 -0.087659
vn -0.962192 -0.184436 -0.200425
vn -0.888712 0.045524 -0.456200
vn -0.930471 -0.047810 -0.363233
vn -0.938306 0.333410 -0.091755
vn -0.698301 0.704474 0.126858
vn -0.937365 0.336458 -0.090237
vn -0.698301 0.704474 0.126858
vn -0.661827 0.727141 0.182348
vn -0.492374 0.823938 0.280524
vn -0.988984 -0.142616 0.039631
vn -0.672702 -0.683298 0.283859
vn -0.672702 -0.683298 0.283859
vn -0.603805 -0.792204 -0.088500
vn -0.892386 -0.374855 -0.251260
vn -0.267885 -0.863652 -0.427016
vn -0.376869 -0.905584 0.194648
vn -0.267885 -0.863652 -0.427016
vn -0.349510 -0.915636 0.198629
vn -0.614697 -0.018955 0.788535
vn -0.919097 -0.175348 0.352865
vn 0.630759 0.502266 0.591500
vn 0.010679 0.981397 0.191693
vn -0.628334 0.611619 0.480749
vn -0.524659 0.641046 0.560172
vn 0.005997 0.685989 -0.727588
vn -0.118818 0.840977 0.527864
vn 0.850849 0.525340 -0.008656
vn 0.850849 0.525340 -0.008656
vn -0.157950 0.791152 0.590873
vn 0.164921 0.891741 0.421426
vn -0.484582 0.535041 0.692034
vn 0.170444 0.890288 0.422298
vn -0.022004 -0.765909 -0.642572
vn -0.122692 0.461222 -0.878761
vn 0.847194 0.520543 -0.106285
vn 0.722341 -0.685714 0.089552
vn 0.895075 0.399963 0.197157
vn 0.286192 0.657549 0.696939
vn 0.186282 0.897558 0.399611
vn 0.186282 0.897558 0.399611
vn 0.286192 0.657549 0.696939
vn -0.123965 0.874451 0.469007
vn 0.620863 0.188826 0.760838
vn 0.269416 0.799894 0.536269
vn -0.123965 0.874451 0.469007
vn 0.620863 0.188826 0.760838
vn 0.876083 0.091894 0.473322
vn 0.781421 0.621304 0.057995
vn 0.558492 0.799419 0.221397
vn 0.781421 0.621304 0.057995
vn 0.762159 0.588485 0.269813
vn 0.104944 0.640836 0.760471
vn 0.762159 0.588485 0.269813
vn 0.129862 0.642321 0.755354
vn 0.564663 0.593150 0.573872
vn 0.494324 0.562621 0.662647
vn 0.104944 0.640836 0.760471
vn 0.129862 0.642321 0.755354
vn 0.897376 0.359383 0.256048
vn 0.186282 0.897558 0.399611
vn 0.902635 0.007902 0.430334
vn 0.897376 0.359383 0.256048
vn 0.913741 0.149504 0.377790
vn 0.881979 -0.036578 0.469868
vn 0.944894 0.264938 0.192311
vn 0.930664 0.176891 0.320272
vn 0.905858 0.305853 0.293045
vn 0.986081 -0.039071 0.161609
vn 0.930664 0.176891 0.320272
vn 0.944894 0.264938 0.192311
vn 0.944894 0.264938 0.192311
vn 0.696442 -0.487453 0.526648
vn 0.676503 -0.144307 0.722162
vn 0.986081 -0.039071 0.161609
vn 0.696442 -0.487453 0.526648
vn 0.986081 -0.039071 0.161609
vn 0.582687 0.219732 0.782428
vn 0.845334 -0.349457 0.404093
vn 0.275036 -0.862171 -0.425461
vn 0.065884 -0.762097 -0.644102
vn 0.293698 -0.902903 0.313859
vn 0.181322 -0.588161 -0.788155
vn 0.665992 -0.163809 -0.727751
vn 0.556333 -0.496696 -0.666173
vn 0.767408 0.352058 -0.535855
vn 0.762045 0.077655 -0.642851
vn 0.767408 0.352058 -0.535855
vn 0.496983 0.795016 -0.347788
vn 0.709590 0.701082 0.070472
vn 0.508499 0.815639 0.275973
vn 0.500013 0.820872 0.275966
vn 0.492263 0.823994 0.280556
vn 0.487336 0.826429 0.281990
vn 0.482631 0.828696 0.283425
vn 0.962503 0.133170 0.236335
vn 0.944576 0.315103 0.092126
vn 0.941941 0.259824 0.212694
vn 0.888289 0.001353 -0.459282
vn 0.962503 0.133170 0.236335
vn 0.932509 -0.019445 -0.360622
vn 0.931570 -0.033866 -0.361981
vn 0.938374 0.333437 -0.090963
vn 0.888741 0.024768 -0.457739
vn 0.938659 0.332336 -0.092041
vn 0.930472 -0.047810 -0.363231
vn 0.938306 0.333410 -0.091754
vn 0.929229 -0.061328 -0.364380
vn 0.937365 0.336457 -0.090238
vn 0.888712 0.045524 -0.456200
vn 0.888354 0.063760 -0.454710
vn 0.962192 -0.184437 -0.200424
vn 0.954280 -0.224045 -0.197875
vn 0.968078 -0.147783 -0.202449
vn 0.785653 -0.612426 -0.087662
vn 0.804611 -0.586649 -0.091893
vn 0.763174 -0.640891 -0.082611
vn 0.847687 -0.421416 -0.322233
vn 0.785653 -0.612426 -0.087662
vn 0.862031 -0.394004 -0.318848
vn 0.804611 -0.586649 -0.091893
vn 0.874305 -0.368830 -0.315524
vn 0.862031 -0.394004 -0.318848
vn 0.703953 -0.663091 -0.254481
vn 0.847687 -0.421416 -0.322233
vn 0.630799 -0.732126 -0.257068
vn 0.822325 -0.561208 -0.093953
vn 0.774042 -0.579791 -0.254365
vn 0.830984 -0.450997 -0.325680
vn 0.830984 -0.450997 -0.325680
vn 0.763174 -0.640891 -0.082611
vn 0.551172 -0.423357 -0.719012
vn 0.662349 -0.742913 -0.096818
vn 0.736823 -0.671735 -0.076581
vn 0.743822 -0.643089 0.182111
vn 0.972299 -0.113988 -0.204060
vn 0.736823 -0.671735 -0.076581
vn 0.999800 0.014281 -0.014029
vn 0.887792 0.079662 -0.453299
vn 0.977852 0.122062 -0.170017
vn 0.927851 -0.074464 -0.365441
vn 0.997473 -0.020589 -0.067999
vn 0.935836 0.341393 -0.087529
vn 0.881550 0.467587 0.065060
vn 0.976146 0.200103 -0.084253
vn 0.998198 -0.047959 0.036066
vn 0.889605 0.168417 -0.424544
vn 0.925197 -0.151869 -0.347774
vn 0.997588 0.062503 -0.030184
vn 0.943302 -0.102619 -0.315677
vn 0.988917 -0.138882 0.052492
vn 0.900472 -0.367823 -0.232070
vn 0.669570 -0.681598 0.295126
vn 0.900472 -0.367823 -0.232070
vn 0.669570 -0.681598 0.295126
vn 0.608304 -0.790292 -0.073519
vn 0.461095 -0.819839 0.339494
vn 0.743822 -0.643089 0.182111
vn 0.943728 -0.268882 -0.192561
vn 0.822325 -0.561208 -0.093953
vn 0.919097 -0.175347 0.352865
vn -0.500439 -0.438675 0.746408
vn 0.753955 -0.637605 0.158151
vn 0.500438 -0.438686 0.746403
vn 0.502447 0.690138 0.520823
vn -0.500439 -0.438675 0.746408
vn 0.500438 -0.438686 0.746403
vn 0.752936 0.648375 -0.112684
vn 0.500438 -0.438686 0.746403
vn 0.753955 -0.637605 0.158151
vn 0.498301 -0.724157 -0.476753
vn -0.498304 -0.724150 -0.476759
vn -0.753964 -0.637595 0.158150
vn -0.502452 0.690131 0.520827
vn 0.752936 0.648375 -0.112684
vn -0.752946 0.648364 -0.112682
vn -0.500751 0.457396 -0.734872
vn 0.500746 0.457405 -0.734870
vn -0.752946 0.648364 -0.112682
vn -0.498304 -0.724150 -0.476759
vn -0.753964 -0.637595 0.158150
vn -0.500439 -0.438675 0.746408
vn -0.500751 0.457396 -0.734872
vn 0.498301 -0.724157 -0.476753
vn -0.498304 -0.724150 -0.476759
vn -0.500697 -0.438179 0.746526
vn 0.753930 -0.637450 0.158891
vn 0.500701 -0.438198 0.746513
vn 0.502103 0.694960 0.514708
vn -0.500697 -0.438179 0.746526
vn 0.500701 -0.438198 0.746513
vn 0.753101 0.646472 -0.122114
vn 0.500701 -0.438198 0.746513
vn 0.753930 -0.637450 0.158891
vn 0.498806 -0.726541 -0.472579
vn -0.498815 -0.726538 -0.472574
vn -0.753940 -0.637440 0.158889
vn -0.502113 0.694958 0.514699
vn 0.753101 0.646472 -0.122114
vn -0.753111 0.646461 -0.122112
vn -0.500846 0.446982 -0.741189
vn 0.500847 0.447001 -0.741176
vn -0.753111 0.646461 -0.122112
vn -0.498815 -0.726538 -0.472574
vn -0.753940 -0.637440 0.158889
vn -0.500697 -0.438179 0.746526
vn -0.500846 0.446982 -0.741189
vn 0.498806 -0.726541 -0.472579
vn -0.498815 -0.726538 -0.472574
vn 0.226959 -0.386937 0.893739
vn 0.338982 -0.826855 -0.448778
vn 0.778076 -0.625511 0.057746
vn 0.849276 0.477971 -0.224219
vn 0.226959 -0.386937 0.893739
vn 0.778076 -0.625511 0.057746
vn 0.411242 0.460731 -0.786516
vn 0.778076 -0.625511 0.057746
vn 0.338982 -0.826855 -0.448778
vn -0.267059 -0.775828 -0.571639
vn -0.383420 -0.455079 0.803674
vn -0.267059 -0.775828 -0.571639
vn 0.294591 0.743415 0.600459
vn 0.411242 0.460731 -0.786516
vn -0.307662 0.828601 0.467723
vn -0.224455 0.390448 -0.892844
vn -0.775578 0.628636 -0.057403
vn -0.307662 0.828601 0.467723
vn -0.821191 -0.513169 0.249605
vn -0.383420 -0.455079 0.803674
vn 0.294591 0.743415 0.600459
vn 0.226959 -0.386937 0.893739
vn -0.821191 -0.513169 0.249605
vn -0.224455 0.390448 -0.892844
vn -0.267059 -0.775828 -0.571639
vn -0.710629 -0.667524 -0.222303
vn 0.164567 -0.467123 0.868743
vn -0.752516 -0.471554 0.459734
vn 0.224440 0.680858 0.697179
vn -0.752516 -0.471554 0.459734
vn 0.164567 -0.467123 0.868743
vn 0.626729 -0.627475 0.462045
vn 0.224440 0.680858 0.697179
vn 0.164567 -0.467123 0.868743
vn 0.680250 -0.688951 -0.250212
vn 0.691128 0.672475 0.264801
vn -0.239372 -0.716357 -0.655388
vn 0.626729 -0.627475 0.462045
vn -0.644308 0.639141 -0.419959
vn 0.224440 0.680858 0.697179
vn 0.691128 0.672475 0.264801
vn -0.171884 0.487664 -0.855944
vn 0.748777 0.488905 -0.447554
vn -0.644308 0.639141 -0.419959
vn -0.239372 -0.716357 -0.655388
vn -0.710629 -0.667524 -0.222303
vn -0.699950 0.653834 0.287352
vn -0.752516 -0.471554 0.459734
vn -0.239372 -0.716357 -0.655388
vn 0.748777 0.488905 -0.447554
vn 0.680250 -0.688951 -0.250212
vn -0.464263 -0.730282 -0.501148
vn -0.085316 -0.494550 0.864952
vn -0.823961 -0.560861 0.080768
vn -0.057632 0.686003 0.725312
vn -0.823961 -0.560861 0.080768
vn -0.085316 -0.494550 0.864952
vn 0.404790 -0.592037 0.696877
vn 0.767667 -0.632605 0.102462
vn 0.409410 0.722775 0.556758
vn 0.404790 -0.592037 0.696877
vn 0.025998 -0.731521 -0.681323
vn 0.404790 -0.592037 0.696877
vn -0.463507 0.608789 -0.643846
vn -0.057632 0.686003 0.725312
vn 0.409410 0.722775 0.556758
vn 0.066852 0.531761 -0.844252
vn 0.802696 0.592343 -0.069346
vn -0.463507 0.608789 -0.643846
vn 0.025998 -0.731521 -0.681323
vn -0.464263 -0.730282 -0.501148
vn -0.805472 0.588843 -0.066926
vn -0.464263 -0.730282 -0.501148
vn -0.823961 -0.560861 0.080768
vn 0.802696 0.592343 -0.069346
vn 0.767667 -0.632605 0.102462
vn 0.500439 -0.438675 0.746408
vn -0.753955 -0.637605 0.158151
vn 0.753964 -0.637595 0.158149
vn 0.500439 -0.438675 0.746408
vn -0.502447 0.690138 0.520823
vn -0.500437 -0.438686 0.746403
vn -0.500437 -0.438686 0.746403
vn -0.752936 0.648375 -0.112684
vn -0.753955 -0.637605 0.158151
vn -0.498300 -0.724157 -0.476753
vn -0.500746 0.457405 -0.734870
vn 0.498305 -0.724150 -0.476759
vn -0.752936 0.648375 -0.112684
vn 0.502452 0.690131 0.520827
vn 0.752946 0.648364 -0.112682
vn 0.500751 0.457396 -0.734872
vn 0.498305 -0.724150 -0.476759
vn 0.752946 0.648364 -0.112682
vn 0.753964 -0.637595 0.158149
vn 0.500439 -0.438675 0.746408
vn 0.502452 0.690131 0.520827
vn -0.498300 -0.724157 -0.476753
vn 0.500751 0.457396 -0.734872
vn 0.498305 -0.724150 -0.476759
vn 0.500697 -0.438179 0.746526
vn -0.753935 -0.637445 0.158890
vn 0.753935 -0.637445 0.158891
vn 0.500697 -0.438179 0.746526
vn -0.502102 0.694961 0.514707
vn -0.500700 -0.438198 0.746513
vn -0.500700 -0.438198 0.746513
vn -0.753102 0.646472 -0.122114
vn -0.753935 -0.637445 0.158890
vn -0.498809 -0.726535 -0.472585
vn -0.500847 0.447001 -0.741176
vn -0.498809 -0.726535 -0.472585
vn 0.498811 -0.726545 -0.472567
vn -0.753102 0.646472 -0.122114
vn 0.502113 0.694958 0.514700
vn 0.753112 0.646461 -0.122111
vn 0.500845 0.446982 -0.741189
vn 0.498811 -0.726545 -0.472567
vn 0.753112 0.646461 -0.122111
vn 0.753935 -0.637445 0.158891
vn 0.500697 -0.438179 0.746526
vn 0.502113 0.694958 0.514700
vn -0.498809 -0.726535 -0.472585
vn 0.500845 0.446982 -0.741189
vn 0.498811 -0.726545 -0.472567
vn -0.226959 -0.386937 0.893739
vn -0.338982 -0.826855 -0.448778
vn 0.383420 -0.455079 0.803674
vn -0.226959 -0.386937 0.893739
vn -0.849276 0.477971 -0.224219
vn -0.778075 -0.625511 0.057746
vn -0.778075 -0.625511 0.057746
vn -0.411242 0.460731 -0.786516
vn -0.338982 -0.826855 -0.448778
vn 0.267059 -0.775828 -0.571639
vn 0.224455 0.390448 -0.892844
vn 0.267059 -0.775828 -0.571639
vn 0.821191 -0.513169 0.249606
vn -0.411242 0.460731 -0.786516
vn -0.294591 0.743415 0.600459
vn 0.307662 0.828601 0.467723
vn 0.224455 0.390448 -0.892844
vn 0.775578 0.628636 -0.057402
vn 0.821191 -0.513169 0.249606
vn 0.307662 0.828601 0.467723
vn 0.383420 -0.455079 0.803674
vn -0.294591 0.743415 0.600459
vn -0.226959 -0.386937 0.893739
vn 0.821191 -0.513169 0.249606
vn 0.224455 0.390448 -0.892844
vn 0.775578 0.628636 -0.057402
vn -0.164566 -0.467123 0.868743
vn 0.710629 -0.667524 -0.222303
vn 0.752517 -0.471555 0.459734
vn 0.752517 -0.471555 0.459734
vn -0.224440 0.680859 0.697179
vn -0.164566 -0.467123 0.868743
vn -0.626729 -0.627475 0.462046
vn -0.224440 0.680859 0.697179
vn -0.691129 0.672474 0.264802
vn -0.680250 -0.688951 -0.250213
vn -0.748776 0.488906 -0.447554
vn -0.626729 -0.627475 0.462046
vn 0.239372 -0.716357 -0.655388
vn 0.644308 0.639141 -0.419959
vn -0.224440 0.680859 0.697179
vn 0.699950 0.653834 0.287352
vn 0.171885 0.487664 -0.855944
vn -0.691129 0.672474 0.264802
vn 0.239372 -0.716357 -0.655388
vn 0.644308 0.639141 -0.419959
vn 0.710629 -0.667524 -0.222303
vn 0.710629 -0.667524 -0.222303
vn 0.699950 0.653834 0.287352
vn 0.752517 -0.471555 0.459734
vn -0.748776 0.488906 -0.447554
vn 0.171885 0.487664 -0.855944
vn 0.085317 -0.494550 0.864951
vn 0.464263 -0.730281 -0.501149
vn 0.823961 -0.560861 0.080767
vn 0.823961 -0.560861 0.080767
vn 0.057632 0.686003 0.725313
vn 0.085317 -0.494550 0.864951
vn -0.404789 -0.592037 0.696877
vn 0.057632 0.686003 0.725313
vn -0.409413 0.722774 0.556758
vn -0.767667 -0.632605 0.102463
vn -0.802697 0.592341 -0.069351
vn -0.404789 -0.592037 0.696877
vn -0.025998 -0.731521 -0.681323
vn 0.463507 0.608789 -0.643846
vn 0.057632 0.686003 0.725313
vn 0.805472 0.588843 -0.066926
vn -0.066851 0.531761 -0.844252
vn -0.409413 0.722774 0.556758
vn -0.025998 -0.731521 -0.681323
vn 0.463507 0.608789 -0.643846
vn 0.464263 -0.730281 -0.501149
vn 0.805472 0.588843 -0.066926
vn 0.823961 -0.560861 0.080767
vn -0.802697 0.592341 -0.069351
vn -0.066851 0.531761 -0.844252
vn 0.785817 0.254993 0.563445
vn 0.851568 0.298792 0.430761
vn 0.833394 0.347235 0.429979
vn 0.785817 0.254993 0.563445
vn 0.849411 0.003593 -0.527720
vn 0.709107 0.419422 0.566792
vn 0.583472 0.728140 0.359683
vn 0.583472 0.728140 0.359683
vn 0.853067 0.508083 0.118864
vn 0.809834 0.461767 0.361857
vn 0.987113 0.143440 -0.070940
vn 0.932076 0.355554 -0.069394
vn 0.872352 0.373039 0.315981
vn 0.706450 0.691162 -0.152392
vn 0.884766 0.131305 -0.447156
vn 0.712990 -0.135285 -0.688000
vn 0.779885 -0.387858 -0.491269
vn 0.838524 -0.139925 -0.526592
vn 0.314283 -0.469860 -0.824899
vn 0.779885 -0.387858 -0.491269
vn 0.712990 -0.135285 -0.688000
vn 0.815647 -0.578319 -0.016329
vn 0.589409 -0.768230 -0.249839
vn 0.218934 -0.894771 -0.389170
vn 0.118421 -0.889697 0.440926
vn 0.589409 -0.768230 -0.249839
vn 0.815647 -0.578319 -0.016329
vn 0.247221 -0.860308 -0.445817
vn 0.309613 -0.492181 -0.813571
vn 0.180208 -0.921080 0.345162
vn 0.218934 -0.894771 -0.389170
vn 0.497042 -0.867688 0.008222
vn 0.474008 -0.878119 0.064983
vn 0.867242 -0.290376 -0.404441
vn 0.520525 -0.851963 -0.056675
vn 0.247209 -0.941638 0.228487
vn 0.247221 -0.860308 -0.445817
vn 0.544388 -0.828779 -0.129493
vn 0.315522 -0.944641 0.089998
vn 0.279457 -0.812502 -0.511610
vn 0.568301 -0.796370 -0.206950
vn 0.381188 -0.922060 -0.067097
vn 0.311543 -0.749924 -0.583571
vn -0.314089 -0.882244 -0.350705
vn -0.286333 -0.875628 -0.388960
vn 0.337455 -0.673997 -0.657155
vn 0.013707 -0.884067 -0.467159
vn -0.286333 -0.875628 -0.388960
vn -0.314089 -0.882244 -0.350705
vn -0.050770 -0.910353 -0.410707
vn -0.189573 -0.625534 -0.756815
vn 0.675213 -0.734353 -0.069379
vn -0.050770 -0.910353 -0.410707
vn 0.013707 -0.884067 -0.467159
vn 0.667508 -0.743651 -0.037638
vn 0.427937 -0.784603 -0.448628
vn 0.374996 -0.878438 -0.296184
vn 0.349328 -0.886773 -0.302661
vn 0.365377 -0.881439 -0.299272
vn 0.111527 -0.585776 -0.802763
vn 0.155289 -0.519780 -0.840068
vn 0.111527 -0.585776 -0.802763
vn 0.158656 -0.268592 -0.950098
vn 0.155289 -0.519780 -0.840068
vn -0.131679 -0.683377 -0.718092
vn 0.164616 -0.279851 -0.945825
vn 0.165329 -0.215472 -0.962413
vn -0.175335 -0.384544 -0.906302
vn -0.027824 0.082336 -0.996216
vn 0.118625 -0.281948 -0.952068
vn -0.093585 -0.136219 -0.986249
vn -0.020182 0.127149 -0.991678
vn 0.028367 0.535549 -0.844028
vn 0.177864 0.432397 -0.883966
vn 0.035580 0.535542 -0.843759
vn 0.028367 0.535549 -0.844028
vn 0.332459 0.655255 -0.678316
vn 0.177864 0.432397 -0.883966
vn 0.035580 0.535542 -0.843759
vn 0.338810 0.655976 -0.674466
vn 0.391638 0.682377 -0.617236
vn 0.380098 0.670372 -0.637281
vn 0.410762 0.676562 -0.611178
vn 0.381452 0.699420 -0.604405
vn 0.376990 0.668940 -0.640623
vn 0.400689 0.691294 -0.601300
vn 0.379800 0.667951 -0.639995
vn 0.380824 0.714679 -0.586691
vn 0.379151 0.669642 -0.638611
vn 0.401000 0.704277 -0.585827
vn 0.375623 0.728837 -0.572455
vn 0.378376 0.671565 -0.637049
vn 0.395436 0.718388 -0.572319
vn 0.370532 0.742027 -0.558661
vn 0.572855 0.598033 -0.560529
vn 0.389852 0.731727 -0.559099
vn 0.608708 0.614228 -0.502194
vn 0.872843 0.432263 -0.226481
vn 0.629038 0.596718 -0.498235
vn 0.878678 0.380519 -0.288324
vn 0.849305 0.469745 -0.240874
vn 0.608708 0.614228 -0.502194
vn 0.871556 0.257216 0.417410
vn 0.876196 0.299310 0.377749
vn 0.833394 0.347235 0.429979
vn 0.871556 0.257216 0.417410
vn 0.876196 0.299310 0.377749
vn 0.804975 0.230576 0.546672
vn 0.887877 0.221259 0.403384
vn 0.998495 0.009066 0.054089
vn 0.850405 0.522677 -0.060159
vn 0.848257 -0.160172 0.504781
vn 0.966436 -0.123859 0.225078
vn 0.947823 -0.051231 0.314653
vn 0.985799 0.034413 -0.164364
vn 0.947823 -0.051231 0.314653
vn 0.742867 0.634547 0.213303
vn 0.638873 0.726727 -0.252407
vn 0.598430 0.713341 0.364728
vn 0.751970 0.627088 0.203228
vn 0.520469 0.852005 -0.056560
vn 0.639447 0.659661 0.394912
vn 0.263605 0.930308 -0.255028
vn 0.355546 0.917999 0.175682
vn 0.520469 0.852005 -0.056560
vn 0.361628 0.840337 -0.403806
vn 0.638873 0.726727 -0.252407
vn 0.363555 0.837482 -0.407985
vn 0.261090 0.932119 -0.250970
vn 0.085409 0.996160 -0.019264
vn 0.365633 0.834451 -0.412315
vn 0.258502 0.933948 -0.246817
vn 0.085443 0.996157 -0.019246
vn 0.366912 0.829779 -0.420525
vn 0.255850 0.935792 -0.242556
vn 0.085475 0.996155 -0.019232
vn 0.372666 0.824179 -0.426437
vn 0.253133 0.937652 -0.238187
vn 0.085507 0.996152 -0.019217
vn 0.210177 0.823288 -0.527279
vn 0.066201 0.917707 -0.391702
vn 0.085543 0.996149 -0.019201
vn -0.294935 0.744425 -0.599037
vn -0.130967 0.647926 -0.750359
vn -0.464306 0.798645 -0.382866
vn -0.618978 0.320658 -0.716969
vn -0.375198 0.235277 -0.896589
vn -0.742717 0.377122 -0.553308
vn -0.785483 -0.123214 -0.606494
vn -0.375198 0.235277 -0.896589
vn -0.572212 -0.125368 -0.810467
vn -0.819791 -0.120228 -0.559900
vn -0.618978 0.320658 -0.716969
vn -0.621790 -0.427169 -0.656433
vn -0.763781 -0.403318 -0.503958
vn -0.761909 -0.408850 -0.502332
vn -0.428290 -0.778149 -0.459405
vn -0.542732 -0.770255 -0.334887
vn -0.548110 -0.772066 -0.321697
vn -0.542732 -0.770255 -0.334887
vn 0.180513 -0.977518 -0.108968
vn 0.059178 -0.995042 0.079938
vn -0.548110 -0.772066 -0.321697
vn 0.044149 -0.993051 0.109088
vn 0.414319 -0.837367 0.356589
vn 0.431272 -0.839227 0.331214
vn -0.203628 -0.974462 -0.094653
vn -0.223483 -0.971448 -0.079654
vn -0.348929 -0.902354 -0.252993
vn -0.223483 -0.971448 -0.079654
vn -0.259964 -0.956686 -0.131037
vn -0.260881 -0.959425 -0.106976
vn -0.203628 -0.974462 -0.094653
vn -0.036802 -0.957459 -0.286213
vn -0.260881 -0.959425 -0.106976
vn 0.366721 -0.881438 0.297628
vn 0.358665 -0.877045 0.319613
vn -0.259964 -0.956686 -0.131037
vn 0.536560 -0.842859 -0.041129
vn 0.362866 -0.881078 0.303365
vn 0.358670 -0.877044 0.319610
vn 0.531128 -0.846829 -0.028003
vn 0.359058 -0.880681 0.308997
vn 0.358678 -0.877040 0.319610
vn 0.525894 -0.850412 -0.015310
vn 0.355294 -0.880250 0.314525
vn 0.358688 -0.877035 0.319613
vn 0.520830 -0.853655 -0.003090
vn 0.351574 -0.879788 0.319951
vn 0.358700 -0.877028 0.319620
vn 0.515906 -0.856602 0.008622
vn 0.856881 -0.263000 0.443380
vn 0.799470 -0.181297 0.572695
vn 0.955276 -0.284261 0.081506
vn 0.787470 0.536334 0.303707
vn 0.955276 -0.284261 0.081506
vn 0.923405 0.371509 -0.096463
vn 0.551097 0.834110 -0.023496
vn 0.648862 0.685667 -0.329909
vn 0.799470 -0.181297 0.572695
vn 0.616385 0.786166 0.044863
vn 0.756665 0.628427 0.180380
vn 0.016111 0.183501 0.982888
vn 0.122582 0.299979 0.946037
vn 0.568125 0.288147 -0.770847
vn 0.638253 0.724117 0.261319
vn 0.973951 -0.166172 0.154296
vn 0.750575 0.422633 0.507956
vn 0.317990 0.329855 0.888863
vn 0.750575 0.422633 0.507956
vn 0.378399 -0.475451 0.794204
vn 0.170142 0.190384 0.966854
vn 0.016111 0.183501 0.982888
vn 0.360237 0.072502 0.930039
vn 0.148588 0.281597 0.947958
vn 0.122582 0.299979 0.946037
vn 0.152758 0.521526 0.839450
vn -0.548058 0.697555 0.461573
vn 0.215287 0.712630 0.667690
vn 0.361979 0.910188 0.201317
vn 0.148588 0.281597 0.947958
vn 0.170142 0.190384 0.966854
vn -0.037640 0.754294 0.655457
vn -0.548078 0.697501 0.461631
vn 0.604228 0.765703 -0.220472
vn 0.309958 0.421051 -0.852433
vn -0.907421 0.418154 -0.041640
vn -0.588400 0.554467 0.588516
vn 0.486528 0.853510 -0.186578
vn -0.907421 0.418154 -0.041640
vn -0.382501 -0.895981 -0.225632
vn -0.513746 -0.818450 0.257304
vn -0.588400 0.554467 0.588516
vn -0.294975 -0.530537 0.794683
vn -0.513746 -0.818450 0.257304
vn 0.706093 -0.341788 0.620172
vn -0.294975 -0.530537 0.794683
vn -0.382501 -0.895981 -0.225632
vn 0.851050 -0.491778 0.184034
vn 0.602011 -0.686321 -0.408102
vn 0.604228 0.765703 -0.220472
vn 0.851050 -0.491778 0.184034
vn 0.186285 0.691369 0.698074
vn 0.376823 0.906857 -0.188720
vn 0.156765 0.705738 0.690912
vn 0.355448 0.902442 -0.243424
vn 0.349440 0.780825 0.517884
vn 0.186896 0.684052 0.705084
vn 0.551097 0.834110 -0.023496
vn 0.594449 0.796386 0.111356
vn 0.648862 0.685667 -0.329909
vn 0.640375 0.670984 -0.373764
vn 0.655000 0.667449 -0.354240
vn 0.349671 0.929400 0.118090
vn 0.581853 0.799656 0.148315
vn 0.425705 0.904126 0.036489
vn -0.588400 0.554467 0.588516
vn 0.640375 0.670984 -0.373764
vn 0.040043 0.794029 0.606559
vn 0.666281 0.618009 0.417294
vn -0.077934 0.752306 0.654188
vn 0.186070 0.723093 0.665218
vn 0.210829 0.883715 0.417850
vn 0.028231 0.674773 0.737486
vn -0.701535 0.425657 -0.571546
vn 0.302396 0.933490 0.192753
vn 0.188344 0.721656 0.666138
vn 0.922702 0.378025 0.075623
vn 0.213481 0.880012 0.424271
vn 0.960482 0.222297 -0.167507
vn 0.951289 0.058140 -0.302769
vn 0.506228 0.759618 0.408306
vn 0.750635 0.652861 -0.101581
vn 0.293307 0.602221 -0.742497
vn 0.876497 0.439611 -0.196203
vn 0.657436 0.752984 -0.028157
vn 0.180385 0.896733 0.404143
vn 0.599632 0.797749 0.063548
vn 0.765954 0.625965 -0.146572
vn 0.750358 0.641521 -0.159417
vn 0.068479 0.825633 0.560036
vn 0.750358 0.641521 -0.159417
vn 0.293361 0.602156 -0.742528
vn 0.068479 0.825633 0.560036
vn -0.213148 -0.597333 0.773150
vn -0.664178 0.521307 0.535824
vn -0.664178 0.521307 0.535824
vn 0.655725 0.675756 -0.336717
vn 0.432940 -0.443362 0.784852
vn -0.397287 -0.899962 -0.179531
vn 0.005055 -0.885965 -0.463724
vn 0.798780 -0.350749 0.488801
vn 0.608943 -0.638638 -0.470457
vn 0.088615 0.859047 -0.504169
vn -0.697777 0.478783 -0.532798
vn 0.389571 0.450035 -0.803556
vn -0.397287 -0.899962 -0.179531
vn -0.335596 0.343526 -0.877135
vn 0.005055 -0.885965 -0.463724
vn -0.335596 0.343526 -0.877135
vn 0.381145 0.907979 0.174075
vn 0.660427 0.543993 -0.517599
vn 0.958771 0.189878 -0.211433
vn 0.381016 0.908038 0.174049
vn 0.381074 0.908019 0.174022
vn 0.960482 0.222297 -0.167507
vn 0.958771 0.189878 -0.211433
vn 0.977164 0.099021 -0.188004
vn 0.605183 0.514049 -0.607871
vn 0.084891 0.868100 -0.489076
vn 0.028231 0.674773 0.737486
vn 0.706892 0.544994 0.450871
vn 0.977164 0.099021 -0.188004
vn 0.951289 0.058140 -0.302769
vn 0.999892 -0.000352 0.014662
vn 0.744930 -0.377037 0.550383
vn 0.999892 -0.000352 0.014662
vn 0.839681 -0.526586 0.132822
vn 0.907732 0.409877 0.089576
vn 0.492098 0.107891 0.863828
vn 0.954633 0.131661 0.267097
vn 0.880366 0.474293 -0.001637
vn -0.473721 0.652264 0.591727
vn 0.951097 0.062791 0.302442
vn 0.598430 0.713341 0.364728
vn 0.623676 -0.060855 0.779311
vn 0.683242 -0.065447 0.727253
vn 0.744930 -0.377037 0.550383
vn 0.683242 -0.065447 0.727253
vn 0.623676 -0.060855 0.779311
vn 0.842614 -0.259051 0.472117
vn 0.973951 -0.166172 0.154296
vn 0.842614 -0.259051 0.472117
vn 0.360237 0.072502 0.930039
vn 0.184266 0.127342 0.974592
vn -0.234462 0.343933 0.909251
vn -0.384409 0.451028 0.805483
vn -0.234462 0.343933 0.909251
vn -0.313971 0.165206 0.934949
vn -0.124213 -0.043902 0.991284
vn -0.362854 0.371085 0.854771
vn -0.197822 0.122586 0.972543
vn -0.379898 0.153780 0.912156
vn -0.221969 0.242322 0.944463
vn 0.506228 0.759618 0.408306
vn 0.004267 0.847639 0.530556
vn -0.473721 0.652264 0.591727
vn 0.247012 0.872763 0.421034
vn -0.379898 0.153780 0.912156
vn -0.124213 -0.043902 0.991284
vn -0.213393 0.892491 0.397396
vn 0.247012 0.872763 0.421034
vn -0.272979 0.851899 0.446934
vn 0.597932 0.728246 0.334867
vn -0.425548 0.658772 0.620426
vn 0.208856 0.360711 0.908992
vn 0.207532 0.856132 0.473254
vn -0.272979 0.851899 0.446934
vn -0.351503 0.022138 0.935925
vn -0.056394 0.688300 0.723231
vn 0.487425 0.549092 0.678908
vn -0.056394 0.688300 0.723231
vn 0.597932 0.728246 0.334867
vn 0.487425 0.549092 0.678908
vn 0.815642 0.407591 0.410607
vn 0.637178 0.399270 0.659232
vn 0.663230 0.481928 0.572601
vn -0.197822 0.122586 0.972543
vn 0.815642 0.407591 0.410607
vn 0.826666 0.244878 0.506615
vn 0.719964 0.310364 0.620746
vn 0.732324 0.299927 0.611347
vn 0.826666 0.244878 0.506615
vn 0.284687 0.220052 0.933022
vn 0.637178 0.399270 0.659232
vn 0.281892 0.424497 0.860430
vn 0.710393 0.240782 0.661336
vn 0.063025 0.472859 0.878881
vn 0.105796 0.545979 0.831092
vn -0.383285 0.250390 0.889043
vn -0.412156 0.365405 0.834630
vn -0.212200 -0.020978 0.977001
vn -0.519876 0.388585 0.760743
vn -0.202010 0.697055 0.687972
vn -0.282210 0.693815 0.662554
vn 0.041662 0.794959 0.605231
vn 0.404603 0.065748 0.912126
vn 0.277095 0.587567 0.760252
vn 0.815220 0.223688 0.534210
vn 0.640462 0.188838 0.744412
vn 0.710393 0.240782 0.661336
vn 0.761009 -0.155404 0.629853
vn 0.404603 0.065748 0.912126
vn 0.535268 -0.077805 0.841091
vn 0.404603 0.065748 0.912126
vn 0.761009 -0.155404 0.629853
vn 0.184266 0.127342 0.974592
vn 0.390305 -0.332643 0.858493
vn -0.159527 -0.146013 0.976336
vn 0.815220 0.223688 0.534210
vn 0.390305 -0.332643 0.858493
vn 0.761009 -0.155404 0.629853
vn -0.313971 0.165206 0.934949
vn -0.159527 -0.146013 0.976336
vn 0.639447 0.659661 0.394912
vn 0.041662 0.794959 0.605231
vn 0.277095 0.587567 0.760252
vn -0.202010 0.697055 0.687972
vn -0.190200 0.902753 0.385825
vn -0.332827 0.814426 0.475327
vn -0.193655 0.900504 0.389347
vn -0.344384 0.803050 0.486323
vn -0.415586 0.760467 0.498977
vn -0.416774 0.758793 0.500531
vn -0.282210 0.693815 0.662554
vn -0.667233 0.358467 0.652918
vn -0.415586 0.760467 0.498977
vn -0.416774 0.758793 0.500531
vn -0.666393 0.359786 0.653050
vn -0.819106 -0.049248 0.571525
vn -0.519876 0.388585 0.760743
vn -0.666393 0.359786 0.653050
vn -0.817196 -0.063579 0.572842
vn -0.667233 0.358467 0.652918
vn -0.879587 -0.033846 0.474533
vn -0.876563 -0.056874 0.477914
vn -0.412156 0.365405 0.834630
vn -0.647998 -0.247060 0.720459
vn -0.383285 0.250390 0.889043
vn -0.665960 -0.204419 0.717433
vn -0.217825 -0.274906 0.936472
vn -0.647998 -0.247060 0.720459
vn -0.449485 -0.512353 0.731750
vn -0.433356 -0.537546 0.723358
vn -0.665960 -0.204419 0.717433
vn -0.689244 -0.381257 0.616105
vn -0.449485 -0.512353 0.731750
vn -0.433356 -0.537546 0.723358
vn -0.696588 -0.357673 0.621961
vn -0.217825 -0.274906 0.936472
vn -0.449485 -0.512353 0.731750
vn -0.430503 -0.753570 0.496790
vn -0.392261 -0.796709 0.459768
vn -0.351503 0.022138 0.935925
vn -0.097620 -0.635529 0.765881
vn 0.172813 -0.872166 0.457671
vn -0.097620 -0.635529 0.765881
vn -0.392261 -0.796709 0.459768
vn 0.120085 -0.851590 0.510268
vn -0.430503 -0.753570 0.496790
vn -0.132939 0.171616 0.976153
vn -0.097620 -0.635529 0.765881
vn -0.062011 -0.320940 0.945067
vn 0.355651 -0.208853 0.910985
vn 0.172633 -0.836378 0.520259
vn -0.062011 -0.320940 0.945067
vn 0.355651 -0.208853 0.910985
vn 0.154829 -0.828879 0.537576
vn 0.136045 -0.820668 0.554974
vn 0.062528 -0.824023 0.563095
vn -0.472594 -0.699123 0.536546
vn 0.000409 -0.788652 0.614840
vn -0.516789 -0.633692 0.575642
vn 0.116187 -0.811505 0.572679
vn 0.095635 -0.801029 0.590937
vn -0.065191 -0.744711 0.664196
vn -0.561073 -0.559743 0.609823
vn -0.348133 -0.924148 0.157330
vn -0.065191 -0.744711 0.664196
vn -0.498235 -0.860740 -0.104349
vn -0.498235 -0.860740 -0.104349
vn -0.818380 -0.554944 0.149303
vn -0.421372 -0.895089 -0.145815
vn -0.498235 -0.860740 -0.104349
vn -0.495262 -0.828143 0.262478
vn -0.495262 -0.828143 0.262478
vn -0.818380 -0.554944 0.149303
vn -0.326657 -0.700656 0.634331
vn 0.231510 -0.774914 0.588142
vn -0.495262 -0.828143 0.262478
vn 0.109564 -0.672162 0.732253
vn 0.109564 -0.672162 0.732253
vn -0.326657 -0.700656 0.634331
vn 0.142433 -0.680473 0.718797
vn 0.231510 -0.774914 0.588142
vn -0.240650 -0.820934 0.517837
vn -0.112907 -0.945837 0.304377
vn -0.227964 -0.816655 0.530195
vn -0.421372 -0.895089 -0.145815
vn -0.635589 -0.754640 -0.162927
vn -0.635589 -0.754640 -0.162927
vn -0.934030 -0.306003 0.184258
vn -0.859619 -0.403064 -0.313998
vn -0.768173 -0.420127 0.483119
vn -0.771965 -0.604521 0.196528
vn -0.771965 -0.604521 0.196528
vn -0.851387 -0.179750 0.492778
vn -0.280701 -0.748171 0.601205
vn -0.768173 -0.420127 0.483119
vn -0.777887 -0.145769 0.611264
vn -0.866129 -0.190897 0.461929
vn -0.964567 -0.059709 0.256991
vn -0.929903 0.192357 0.313496
vn -0.932333 0.244332 0.266567
vn -0.887717 0.099213 0.449572
vn -0.610366 0.097848 0.786053
vn -0.784093 -0.198887 0.587914
vn -0.777887 -0.145769 0.611264
vn -0.536719 0.015388 0.843621
vn -0.887717 0.099213 0.449572
vn -0.709717 0.140959 0.690241
vn -0.611354 0.033537 0.790646
vn -0.661817 0.232270 0.712775
vn -0.519978 0.530035 0.669840
vn -0.732084 0.534515 0.422311
vn -0.661817 0.232270 0.712775
vn -0.739852 0.618420 0.264907
vn -0.463092 0.749802 0.472592
vn -0.739852 0.618420 0.264907
vn -0.732084 0.534515 0.422311
vn -0.461192 0.742514 0.485773
vn -0.700754 0.710201 0.067510
vn -0.700754 0.710201 0.067510
vn -0.952484 0.293564 -0.081204
vn -0.354828 0.889878 0.286731
vn -0.742717 0.377122 -0.553308
vn -0.965674 -0.084626 -0.245586
vn -0.127298 0.977557 -0.167860
vn -0.208738 0.889927 0.405535
vn -0.380387 0.764998 0.519695
vn -0.204787 0.894432 0.397558
vn -0.413425 0.761276 0.499539
vn -0.373152 0.778797 0.504215
vn -0.663547 0.368168 0.651274
vn -0.418932 0.759048 0.498339
vn -0.519978 0.530035 0.669840
vn -0.810903 -0.103891 0.575885
vn -0.665753 0.362815 0.652026
vn -0.663547 0.368168 0.651274
vn -0.611354 0.033537 0.790646
vn -0.519978 0.530035 0.669840
vn -0.884867 0.020216 0.465404
vn -0.813085 -0.090850 0.575013
vn -0.709717 0.140959 0.690241
vn -0.700042 -0.098540 0.707270
vn -0.883602 0.004542 0.468217
vn -0.579870 0.078780 0.810892
vn -0.367770 -0.620236 0.692858
vn -0.690557 -0.131037 0.711309
vn -0.700042 -0.098540 0.707270
vn -0.164689 -0.524901 0.835079
vn -0.579870 0.078780 0.810892
vn -0.367770 -0.620236 0.692858
vn -0.164689 -0.524901 0.835079
vn -0.658502 -0.465683 0.591197
vn -0.392942 -0.590265 0.705113
vn -0.670371 -0.435261 0.600958
vn -0.561073 -0.559743 0.609823
vn -0.516789 -0.633692 0.575642
vn -0.658502 -0.465683 0.591197
vn -0.680566 -0.407104 0.609176
vn -0.472594 -0.699123 0.536546
vn -0.670371 -0.435261 0.600958
vn -0.414710 -0.562595 0.715194
vn -0.689244 -0.381257 0.616105
vn -0.680566 -0.407104 0.609176
vn -0.392942 -0.590265 0.705113
vn -0.679298 -0.166303 0.714771
vn -0.414710 -0.562595 0.715194
vn -0.679298 -0.166303 0.714771
vn -0.881885 -0.013419 0.471274
vn -0.690557 -0.131037 0.711309
vn -0.815187 -0.077429 0.574000
vn -0.666990 0.359552 0.652569
vn -0.666990 0.359552 0.652569
vn -0.417810 0.757378 0.501810
vn -0.665753 0.362815 0.652026
vn -0.356303 0.790880 0.497551
vn -0.197207 0.898106 0.393084
vn -0.509119 -0.063732 0.858333
vn -0.039881 -0.544779 0.837630
vn -0.039881 -0.544779 0.837630
vn -0.647636 -0.367490 0.667472
vn -0.280701 -0.748171 0.601205
vn -0.647636 -0.367490 0.667472
vn -0.610366 0.097848 0.786053
vn -0.348133 -0.924148 0.157330
vn -0.421372 -0.895089 -0.145815
vn -0.348133 -0.924148 0.157330
vn 0.749347 0.593134 -0.294401
vn -0.007877 0.995224 -0.097297
vn 0.028231 0.674773 0.737486
vn -0.077934 0.752306 0.654188
vn 0.040043 0.794029 0.606559
vn -0.697777 0.478783 -0.532798
vn 0.211936 0.952668 0.217962
vn 0.389571 0.450035 -0.803556
vn 0.389571 0.450035 -0.803556
vn 0.248567 0.922974 0.293824
vn 0.279982 0.956528 -0.081631
vn 0.186897 0.722280 0.665869
vn 0.284089 0.954988 -0.085393
vn -0.397287 -0.899962 -0.179531
vn -0.664178 0.521307 0.535824
vn -0.854214 0.231997 -0.465291
vn -0.382501 -0.895981 -0.225632
vn 0.309958 0.421051 -0.852433
vn 0.602011 -0.686321 -0.408102
vn 0.568125 0.288147 -0.770847
vn 0.616385 0.786166 0.044863
vn 0.366981 0.825827 -0.428176
vn 0.366981 0.825827 -0.428176
vn 0.616385 0.786166 0.044863
vn 0.225126 0.957062 0.182621
vn 0.933179 0.333773 -0.133313
vn 0.447574 0.890006 -0.086987
vn 0.225126 0.957062 0.182621
vn 0.864909 0.151239 -0.478601
vn 0.377178 0.579964 -0.722065
vn 0.403032 0.764099 -0.503704
vn 0.377178 0.579964 -0.722065
vn 0.481456 0.579800 -0.657291
vn 0.435056 0.891648 -0.125257
vn 0.481456 0.579800 -0.657291
vn 0.583472 0.728140 0.359683
vn 0.603453 0.767087 -0.217765
vn 0.706450 0.691162 -0.152392
vn 0.543966 0.839107 0.000784
vn 0.435056 0.891648 -0.125257
vn 0.732014 0.024253 -0.680857
vn 0.366981 0.825827 -0.428176
vn 0.874386 -0.033208 -0.484094
vn 0.732014 0.024253 -0.680857
vn 0.878771 -0.158528 -0.450144
vn 0.849411 0.003593 -0.527720
vn 0.777365 0.041302 -0.627693
vn 0.790061 0.233055 -0.567000
vn 0.739856 0.283558 -0.610088
vn 0.846713 -0.259439 -0.464508
vn 0.804975 0.230576 0.546672
vn 0.777365 0.041302 -0.627693
vn 0.913998 -0.390590 0.109761
vn 0.985799 0.034413 -0.164364
vn 0.846713 -0.259439 -0.464508
vn 0.913998 -0.390590 0.109761
vn 0.846713 -0.259439 -0.464508
vn 0.867242 -0.290376 -0.404441
vn -0.036802 -0.957459 -0.286213
vn -0.348929 -0.902354 -0.252993
vn 0.574144 -0.811813 0.106385
vn -0.428290 -0.778149 -0.459405
vn -0.428290 -0.778149 -0.459405
vn -0.572212 -0.125368 -0.810467
vn -0.621790 -0.427169 -0.656433
vn -0.051576 0.155344 -0.986513
vn -0.130967 0.647926 -0.750359
vn 0.342284 0.648796 -0.679637
vn 0.629038 0.596718 -0.498235
vn 0.717064 0.125823 -0.685556
vn 0.559969 0.266334 -0.784539
vn 0.664681 0.243496 -0.706335
vn 0.138941 -0.171838 -0.975278
vn 0.664681 0.243496 -0.706335
vn 0.717064 0.125823 -0.685556
vn 0.246950 -0.169936 -0.954011
vn 0.559969 0.266334 -0.784539
vn 0.247785 -0.184143 -0.951154
vn 0.406373 0.238337 -0.882075
vn 0.136432 -0.148869 -0.979400
vn 0.572855 0.598033 -0.560529
vn 0.405860 0.236986 -0.882675
vn 0.378376 0.671565 -0.637049
vn 0.248538 -0.197850 -0.948200
vn 0.405695 0.238117 -0.882446
vn 0.379151 0.669642 -0.638611
vn 0.249218 -0.211112 -0.945157
vn 0.405850 0.241498 -0.881456
vn 0.405695 0.238117 -0.882446
vn 0.134102 -0.128438 -0.982609
vn 0.131977 -0.110430 -0.985082
vn 0.420689 -0.290830 -0.859324
vn 0.424984 -0.327922 -0.843715
vn 0.416156 -0.256330 -0.872416
vn 0.483458 -0.664276 -0.570093
vn 0.486487 -0.641680 -0.592939
vn 0.479524 -0.689037 -0.543402
vn 0.298006 -0.542924 -0.785128
vn 0.483458 -0.664276 -0.570093
vn 0.304234 -0.516532 -0.800398
vn 0.486487 -0.641680 -0.592939
vn 0.309613 -0.492181 -0.813571
vn 0.304234 -0.516532 -0.800398
vn 0.311543 -0.749924 -0.583571
vn 0.298006 -0.542924 -0.785128
vn 0.279457 -0.812502 -0.511610
vn 0.490604 -0.618779 -0.613531
vn 0.337455 -0.673997 -0.657155
vn 0.290749 -0.571277 -0.767534
vn 0.290749 -0.571277 -0.767534
vn 0.479524 -0.689037 -0.543402
vn -0.189573 -0.625534 -0.756815
vn 0.427937 -0.784603 -0.448628
vn 0.474575 -0.715597 -0.512543
vn 0.681285 -0.623240 -0.383956
vn 0.411505 -0.224375 -0.883357
vn 0.474575 -0.715597 -0.512543
vn 0.557795 -0.054439 -0.828192
vn 0.130068 -0.094684 -0.986974
vn 0.401635 0.011769 -0.915724
vn 0.249828 -0.223975 -0.942030
vn 0.405850 0.241498 -0.881456
vn 0.519115 -0.101551 -0.848650
vn 0.406312 0.247050 -0.879703
vn 0.406312 0.247050 -0.879703
vn 0.476157 0.410841 -0.777486
vn 0.476157 0.410841 -0.777486
vn 0.456140 0.108835 -0.883228
vn 0.607720 -0.101821 -0.787597
vn 0.139002 -0.001856 -0.990290
vn 0.275724 -0.294097 -0.915141
vn 0.535316 -0.011802 -0.844569
vn 0.303410 -0.239629 -0.922237
vn 0.631144 -0.184879 -0.753310
vn 0.391370 -0.471884 -0.790035
vn 0.631144 -0.184879 -0.753310
vn 0.681285 -0.623240 -0.383956
vn 0.736121 -0.627161 -0.254550
vn 0.391370 -0.471884 -0.790035
vn 0.736121 -0.627161 -0.254550
vn 0.423843 -0.820988 -0.382538
vn 0.676200 -0.735981 -0.032947
vn 0.681285 -0.623240 -0.383956
vn 0.430882 -0.369196 -0.823429
vn 0.838524 -0.139925 -0.526592
vn 0.682986 -0.221627 0.695996
vn 0.341939 -0.746533 -0.570759
vn 0.879717 -0.388256 -0.274509
vn 0.879717 -0.388256 -0.274509
vn 0.314782 0.847537 0.427310
vn 0.682986 -0.221627 0.695996
vn 0.119850 -0.448979 0.885468
vn 0.314782 0.847537 0.427310
vn -0.297535 0.760752 0.576827
vn -0.471830 -0.684246 0.556042
vn -0.870772 0.407836 0.274638
vn 0.119850 -0.448979 0.885468
vn -0.266640 -0.872256 -0.409966
vn -0.078021 0.469705 -0.879369
vn 0.314782 0.847537 0.427310
vn 0.518900 0.658416 -0.545190
vn -0.672043 0.244213 -0.699083
vn -0.297535 0.760752 0.576827
vn -0.266640 -0.872256 -0.409966
vn -0.078021 0.469705 -0.879369
vn 0.341939 -0.746533 -0.570759
vn 0.518900 0.658416 -0.545190
vn 0.879717 -0.388256 -0.274509
vn -0.266640 -0.872256 -0.409966
vn -0.870772 0.407836 0.274638
vn -0.672043 0.244213 -0.699083
vn -0.907996 0.129462 0.398476
vn -0.833677 0.196270 0.516198
vn -0.832630 0.244323 0.497025
vn -0.907996 0.129462 0.398476
vn 0.040603 0.087283 0.995356
vn -0.902321 0.291705 0.317372
vn -0.717586 0.636234 0.283331
vn -0.717586 0.636234 0.283331
vn -0.603350 0.460582 0.651025
vn -0.782724 0.370072 0.500390
vn -0.442083 0.135863 0.886625
vn -0.453650 0.344864 0.821748
vn -0.758260 0.290446 0.583680
vn -0.331600 0.694240 0.638805
vn -0.067811 0.196823 0.978091
vn 0.268252 -0.016304 0.963211
vn 0.111094 -0.302655 0.946603
vn 0.069869 -0.053645 0.996113
vn 0.636888 -0.311570 0.705193
vn 0.111094 -0.302655 0.946603
vn 0.268252 -0.016304 0.963211
vn -0.280357 -0.579923 0.764912
vn 0.062451 -0.718132 0.693099
vn 0.383320 -0.809204 0.445258
vn 0.636888 -0.311570 0.705193
vn -0.280694 -0.958947 -0.040385
vn 0.062451 -0.718132 0.693099
vn -0.280357 -0.579923 0.764912
vn 0.412206 -0.765204 0.494518
vn 0.633319 -0.335537 0.697368
vn -0.223035 -0.972845 0.061868
vn 0.383320 -0.809204 0.445258
vn -0.096810 -0.862751 0.496275
vn -0.132517 -0.883272 0.449744
vn -0.022614 -0.224944 0.974109
vn -0.055266 -0.835506 0.546695
vn -0.151854 -0.972266 0.177876
vn 0.412206 -0.765204 0.494518
vn -0.008412 -0.799448 0.600677
vn -0.065656 -0.950359 0.304149
vn 0.444700 -0.706453 0.550605
vn 0.040791 -0.753460 0.656227
vn 0.033329 -0.899773 0.435084
vn 0.479986 -0.632032 0.608399
vn 0.606252 -0.794248 -0.040366
vn 0.624466 -0.781050 0.001726
vn 0.517332 -0.544082 0.660562
vn 0.547709 -0.780165 0.302255
vn 0.624466 -0.781050 0.001726
vn 0.606252 -0.794248 -0.040366
vn 0.535093 -0.815424 0.220814
vn 0.849552 -0.467895 0.243591
vn -0.139729 -0.720508 0.679223
vn 0.535093 -0.815424 0.220814
vn 0.547709 -0.780165 0.302255
vn -0.161599 -0.735482 0.657991
vn 0.313947 -0.693704 0.648237
vn 0.225181 -0.813611 0.536032
vn 0.244614 -0.820095 0.517308
vn 0.233009 -0.815797 0.529322
vn 0.736242 -0.425790 0.525976
vn 0.735563 -0.354768 0.577137
vn 0.736242 -0.425790 0.525976
vn 0.784595 -0.087440 0.613811
vn 0.735563 -0.354768 0.577137
vn 0.798374 -0.533072 0.280059
vn 0.780005 -0.099412 0.617827
vn 0.782685 -0.033084 0.621538
vn 0.928928 -0.203339 0.309428
vn 0.853402 0.269293 0.446303
vn 0.807990 -0.099437 0.580744
vn 0.914709 0.054044 0.400483
vn 0.838018 0.312299 0.447432
vn 0.616869 0.684534 0.388440
vn 0.596669 0.588008 0.546106
vn 0.613146 0.684343 0.394622
vn 0.616869 0.684534 0.388440
vn 0.306710 0.765154 0.566099
vn 0.596669 0.588008 0.546106
vn 0.613146 0.684343 0.394622
vn 0.300208 0.765017 0.569758
vn 0.220964 0.779162 0.586585
vn 0.245828 0.771370 0.586991
vn 0.300208 0.765017 0.569758
vn 0.207524 0.771954 0.600851
vn 0.220964 0.779162 0.586585
vn 0.211927 0.793663 0.570250
vn 0.250450 0.770650 0.585980
vn 0.201364 0.784742 0.586202
vn 0.248716 0.769511 0.588212
vn 0.194382 0.805317 0.560072
vn 0.247549 0.770922 0.586855
vn 0.185683 0.794564 0.578092
vn 0.182236 0.816629 0.547638
vn 0.246252 0.772530 0.585284
vn 0.174343 0.805976 0.565692
vn 0.170582 0.827072 0.535587
vn 0.099258 0.682278 0.724323
vn 0.163394 0.816683 0.553471
vn 0.029066 0.686509 0.726540
vn -0.303609 0.450917 0.839342
vn 0.018870 0.668193 0.743749
vn -0.244406 0.411669 0.877949
vn -0.286389 0.490872 0.822816
vn 0.029066 0.686509 0.726540
vn -0.824676 0.157598 0.543206
vn -0.800235 0.206328 0.563074
vn -0.832630 0.244323 0.497025
vn -0.824676 0.157598 0.543206
vn -0.800235 0.206328 0.563074
vn -0.898643 0.108295 0.425104
vn -0.814297 0.124638 0.566909
vn -0.531437 -0.019868 0.846865
vn -0.451090 0.508732 0.733287
vn -0.815719 -0.268271 0.512477
vn -0.639416 -0.182048 0.746998
vn -0.719846 -0.127289 0.682364
vn -0.342376 0.046464 0.938413
vn -0.719846 -0.127289 0.682364
vn -0.652968 0.568987 0.499887
vn -0.219302 0.749286 0.624882
vn -0.652968 0.568987 0.499887
vn -0.451090 0.508732 0.733287
vn -0.219302 0.749286 0.624882
vn -0.726581 0.620472 0.295117
vn -0.647440 0.563394 0.513233
vn -0.351697 0.837547 0.418119
vn -0.762988 0.561309 0.320596
vn -0.070756 0.956648 0.282522
vn -0.482464 0.861601 0.157711
vn 0.025007 0.894553 0.446263
vn 0.028153 0.892501 0.450166
vn -0.073331 0.957708 0.278241
vn -0.198090 0.980144 0.008826
vn 0.031384 0.890303 0.454286
vn -0.075958 0.958768 0.273850
vn -0.198121 0.980138 0.008847
vn 0.038618 0.887241 0.459686
vn -0.078649 0.959824 0.269354
vn -0.198149 0.980132 0.008869
vn 0.041879 0.882751 0.467970
vn -0.081401 0.960876 0.264746
vn -0.198179 0.980126 0.008890
vn 0.207184 0.903921 0.374168
vn 0.144219 0.973730 0.176210
vn -0.198207 0.980120 0.008912
vn 0.527007 0.849420 -0.027388
vn 0.594154 0.780168 0.195751
vn 0.414222 0.865026 -0.283107
vn 0.858740 0.461610 -0.222447
vn 0.594154 0.780168 0.195751
vn 0.909572 0.407129 0.083216
vn 0.768496 0.488478 -0.413284
vn 0.527007 0.849420 -0.027388
vn 0.921829 0.008042 -0.387512
vn 0.993843 0.040439 -0.103155
vn 0.897969 0.002822 -0.440050
vn 0.938256 -0.284025 -0.197497
vn 0.872113 -0.286730 -0.396490
vn 0.870775 -0.292504 -0.395213
vn 0.736655 -0.669409 -0.096081
vn 0.683922 -0.683020 -0.256386
vn 0.675531 -0.687186 -0.267269
vn 0.683922 -0.683020 -0.256386
vn 0.176047 -0.942595 0.283765
vn 0.075860 -0.993181 0.088525
vn 0.675531 -0.687186 -0.267269
vn 0.057794 -0.996446 0.061276
vn -0.360751 -0.897160 0.254878
vn -0.346878 -0.894514 0.281994
vn 0.349243 -0.935151 -0.059348
vn 0.345471 -0.934651 -0.084123
vn 0.542833 -0.831778 -0.116095
vn 0.345471 -0.934651 -0.084123
vn 0.404630 -0.909785 -0.092553
vn 0.384917 -0.916997 -0.104666
vn 0.349243 -0.935151 -0.059348
vn 0.429769 -0.885422 0.176995
vn 0.384917 -0.916997 -0.104666
vn -0.279480 -0.928424 0.244785
vn -0.295196 -0.928107 0.226884
vn 0.404630 -0.909785 -0.092553
vn -0.077944 -0.829797 0.552595
vn -0.282596 -0.929080 0.238640
vn -0.295195 -0.928106 0.226890
vn -0.085879 -0.836070 0.541860
vn -0.285650 -0.929682 0.232583
vn -0.295200 -0.928103 0.226896
vn -0.093607 -0.841886 0.531475
vn -0.288643 -0.930232 0.226613
vn -0.295209 -0.928098 0.226903
vn -0.101069 -0.847281 0.521441
vn -0.291575 -0.930733 0.220727
vn -0.295221 -0.928093 0.226911
vn -0.108216 -0.852292 0.511750
vn -0.749359 -0.357811 0.557164
vn -0.846658 -0.300916 0.438885
vn -0.483001 -0.312249 0.818053
vn -0.735004 0.454671 0.503034
vn -0.483001 -0.312249 0.818053
vn -0.429015 0.365797 0.825917
vn -0.391763 0.813173 0.430431
vn -0.150539 0.723406 0.673811
vn -0.846658 -0.300916 0.438885
vn -0.473609 0.751948 0.458550
vn -0.630354 0.568931 0.528178
vn -0.882536 -0.005543 -0.470212
vn -0.922748 0.113791 -0.368222
vn -0.647440 0.563394 0.513233
vn -0.630354 0.568931 0.528178
vn 0.335792 0.417774 0.844221
vn -0.659063 0.649818 0.378646
vn -0.574994 -0.210377 0.790647
vn -0.872509 0.305184 0.381563
vn -0.973537 0.150279 -0.172171
vn -0.872509 0.305184 0.381563
vn -0.781551 -0.623699 -0.013309
vn -0.944568 0.001373 -0.328314
vn -0.882536 -0.005543 -0.470212
vn -0.984541 -0.110962 -0.135522
vn -0.933794 0.094910 -0.344995
vn -0.922748 0.113791 -0.368222
vn -0.907568 0.318478 -0.273665
vn -0.884494 0.350874 -0.307504
vn -0.800721 0.569758 -0.184993
vn -0.506267 0.848944 0.151617
vn -0.933794 0.094910 -0.344995
vn -0.944568 0.001373 -0.328314
vn -0.674996 0.617689 -0.403535
vn -0.251805 0.607887 -0.753039
vn -0.236694 0.782173 0.576351
vn 0.507644 0.568460 0.647418
vn 0.402359 0.435303 -0.805368
vn -0.316173 0.444337 -0.838212
vn -0.224036 0.864184 0.450548
vn 0.402359 0.435303 -0.805368
vn 0.534517 -0.830058 -0.159046
vn 0.170466 -0.842594 -0.510858
vn -0.316173 0.444337 -0.838212
vn -0.446341 -0.665343 -0.598413
vn 0.170466 -0.842594 -0.510858
vn -0.814241 -0.465717 0.346583
vn -0.446341 -0.665343 -0.598413
vn 0.534517 -0.830058 -0.159046
vn -0.484358 -0.533408 0.693451
vn 0.177820 -0.608087 0.773699
vn -0.236694 0.782173 0.576351
vn -0.484358 -0.533408 0.693451
vn -0.809024 0.543677 -0.223373
vn -0.178374 0.919007 0.351581
vn -0.791100 0.559688 -0.246798
vn -0.120332 0.925394 0.359397
vn -0.749092 0.662466 -0.001078
vn -0.814075 0.535161 -0.225577
vn -0.391763 0.813173 0.430431
vn -0.521815 0.749953 0.406546
vn -0.150539 0.723406 0.673811
vn -0.106275 0.717420 0.688487
vn -0.129473 0.709996 0.692201
vn -0.432128 0.883799 0.179347
vn -0.548013 0.746349 0.377683
vn -0.394590 0.872967 0.286754
vn -0.316173 0.444337 -0.838212
vn -0.106275 0.717420 0.688487
vn -0.677610 0.664462 -0.315174
vn -0.787928 0.515692 0.336498
vn -0.654068 0.616707 -0.438027
vn -0.786282 0.581025 -0.210166
vn -0.614087 0.784945 -0.082216
vn -0.763415 0.522892 -0.379185
vn 0.755760 0.538801 -0.372184
vn -0.474054 0.874582 0.101874
vn -0.787925 0.579397 -0.208505
vn -0.577372 0.339741 0.742440
vn -0.620232 0.780048 -0.082689
vn -0.360096 0.232002 0.903607
vn -0.211107 0.096509 0.972687
vn -0.727352 0.659405 0.190115
vn -0.389870 0.646220 0.656050
vn 0.389925 0.725915 0.566574
vn -0.332616 0.452352 0.827493
vn -0.425111 0.732428 0.531817
vn -0.589851 0.800882 -0.103267
vn -0.483568 0.760150 0.433975
vn -0.354066 0.628021 0.692985
vn -0.338204 0.646006 0.684321
vn -0.656981 0.703742 -0.270413
vn -0.338204 0.646006 0.684321
vn 0.389940 0.725859 0.566635
vn -0.656981 0.703742 -0.270413
vn -0.455873 -0.728392 -0.511493
vn -0.228537 0.423125 -0.876776
vn -0.228537 0.423125 -0.876776
vn -0.146300 0.714829 0.683825
vn -0.805528 -0.591434 0.036472
vn 0.502840 -0.842386 -0.193745
vn 0.549284 -0.782516 0.293181
vn -0.744908 -0.451455 0.491223
vn 0.219636 -0.549634 0.806017
vn 0.240026 0.936934 0.254052
vn 0.711472 0.583585 -0.391454
vn 0.422143 0.586214 0.691483
vn 0.502840 -0.842386 -0.193745
vn 0.854888 0.509008 0.100386
vn 0.549284 -0.782516 0.293181
vn 0.854888 0.509008 0.100386
vn -0.491772 0.851566 0.181645
vn 0.029517 0.619491 0.784448
vn -0.315966 0.208491 0.925579
vn -0.491689 0.851638 0.181533
vn -0.491753 0.851609 0.181495
vn -0.360096 0.232002 0.903607
vn -0.315966 0.208491 0.925579
vn -0.329159 0.114518 0.937305
vn 0.138825 0.608138 0.781598
vn 0.227301 0.943042 0.242914
vn -0.763415 0.522892 -0.379185
vn -0.823688 0.436909 0.361453
vn -0.329159 0.114518 0.937305
vn -0.211107 0.096509 0.972687
vn -0.496664 -0.021707 0.867672
vn -0.767075 -0.487883 0.416614
vn -0.496664 -0.021707 0.867672
vn -0.428887 -0.557709 0.710645
vn -0.587623 0.368671 0.720264
vn -0.997770 -0.066158 0.008849
vn -0.714153 0.061109 0.697317
vn -0.507357 0.449643 0.735126
vn -0.391467 0.537620 -0.746805
vn -0.730790 -0.013086 0.682477
vn -0.726581 0.620472 0.295117
vn -0.959667 -0.218317 0.177135
vn -0.943056 -0.214172 0.254509
vn -0.659063 0.649818 0.378646
vn -0.767075 -0.487883 0.416614
vn -0.943056 -0.214172 0.254509
vn -0.959667 -0.218317 0.177135
vn -0.767790 -0.359085 0.530619
vn -0.659063 0.649818 0.378646
vn -0.943056 -0.214172 0.254509
vn -0.574994 -0.210377 0.790647
vn -0.767790 -0.359085 0.530619
vn -0.984541 -0.110962 -0.135522
vn -0.947077 -0.062248 -0.314913
vn -0.725968 0.170535 -0.666249
vn -0.583008 0.298047 -0.755824
vn -0.725968 0.170535 -0.666249
vn -0.678422 -0.008326 -0.734625
vn -0.782240 -0.227796 -0.579836
vn -0.621806 0.209856 -0.754532
vn -0.759484 -0.059426 -0.647806
vn -0.624966 -0.014015 -0.780526
vn -0.744539 0.063886 -0.664515
vn -0.727352 0.659405 0.190115
vn -0.604437 0.732105 -0.314132
vn -0.391467 0.537620 -0.746805
vn -0.632433 0.772918 -0.051257
vn -0.624966 -0.014015 -0.780526
vn -0.782240 -0.227796 -0.579836
vn -0.392663 0.805312 -0.444171
vn -0.632433 0.772918 -0.051257
vn -0.399232 0.757216 -0.516950
vn -0.703327 0.640749 0.307851
vn -0.440532 0.537706 -0.718891
vn -0.943320 0.178808 -0.279597
vn -0.655203 0.747470 -0.109533
vn -0.399232 0.757216 -0.516950
vn -0.636201 -0.148286 -0.757139
vn -0.712572 0.540432 -0.447409
vn -0.913672 0.401996 0.060014
vn -0.712572 0.540432 -0.447409
vn -0.703327 0.640749 0.307851
vn -0.913672 0.401996 0.060014
vn -0.817920 0.307572 0.486216
vn -0.943254 0.255821 0.211727
vn -0.895961 0.352834 0.269744
vn -0.759484 -0.059426 -0.647806
vn -0.817920 0.307572 0.486216
vn -0.877285 0.129492 0.462172
vn -0.934875 0.174243 0.309270
vn -0.930986 0.165539 0.325366
vn -0.877285 0.129492 0.462172
vn -0.976180 0.034757 -0.214161
vn -0.943254 0.255821 0.211727
vn -0.948137 0.249239 -0.197271
vn -0.952953 0.098434 0.286691
vn -0.866393 0.297314 -0.401206
vn -0.858842 0.377329 -0.346429
vn -0.620312 0.085264 -0.779707
vn -0.579672 0.208993 -0.787593
vn -0.731377 -0.200958 -0.651693
vn -0.468186 0.247698 -0.848202
vn -0.613352 0.558389 -0.558571
vn -0.552160 0.561495 -0.616315
vn -0.677416 0.665596 -0.313194
vn -0.989489 -0.115038 -0.087621
vn -0.888274 0.428341 -0.165812
vn -0.891721 0.103692 0.440548
vn -0.981302 0.033042 0.189614
vn -0.952953 0.098434 0.286691
vn -0.881551 -0.285561 0.375930
vn -0.989489 -0.115038 -0.087621
vn -0.966878 -0.245019 0.071500
vn -0.989489 -0.115038 -0.087621
vn -0.881551 -0.285561 0.375930
vn -0.947077 -0.062248 -0.314913
vn -0.867286 -0.495823 -0.044427
vn -0.734564 -0.324583 -0.595871
vn -0.891721 0.103692 0.440548
vn -0.867286 -0.495823 -0.044427
vn -0.881551 -0.285561 0.375930
vn -0.678422 -0.008326 -0.734625
vn -0.734564 -0.324583 -0.595871
vn -0.762988 0.561309 0.320596
vn -0.613352 0.558389 -0.558571
vn -0.395754 0.817138 -0.419124
vn -0.388081 0.716180 -0.580068
vn -0.396711 0.814329 -0.423660
vn -0.389937 0.703151 -0.594582
vn -0.358905 0.660278 -0.659712
vn -0.359373 0.658364 -0.661368
vn -0.552160 0.561495 -0.616315
vn -0.299140 0.241206 -0.923220
vn -0.299891 0.242460 -0.922648
vn -0.084897 -0.140938 -0.986372
vn -0.468186 0.247698 -0.848202
vn -0.299891 0.242460 -0.922648
vn -0.084462 -0.155293 -0.984251
vn -0.299140 0.241206 -0.923220
vn 0.024875 -0.106393 -0.994013
vn 0.024518 -0.129698 -0.991250
vn -0.579672 0.208993 -0.787593
vn -0.261057 -0.366439 -0.893069
vn -0.620312 0.085264 -0.779707
vn -0.257180 -0.323669 -0.910548
vn -0.649737 -0.442533 -0.618067
vn -0.320720 -0.632748 -0.704818
vn -0.316947 -0.656201 -0.684796
vn -0.128259 -0.477752 -0.869082
vn -0.133829 -0.455565 -0.880086
vn -0.086481 -0.825618 -0.557562
vn -0.065747 -0.861702 -0.503137
vn -0.636201 -0.148286 -0.757139
vn -0.498936 -0.766672 -0.404076
vn -0.324437 -0.945905 -0.002141
vn -0.498936 -0.766672 -0.404076
vn -0.065747 -0.861702 -0.503137
vn -0.347586 -0.934644 -0.074993
vn -0.086481 -0.825618 -0.557562
vn -0.802524 -0.013171 -0.596475
vn -0.498936 -0.766672 -0.404076
vn -0.724544 -0.492253 -0.482414
vn -0.917048 -0.383535 -0.109198
vn -0.384243 -0.922570 -0.034955
vn -0.724544 -0.492253 -0.482414
vn -0.917048 -0.383535 -0.109198
vn -0.391776 -0.918142 -0.059384
vn -0.399027 -0.913013 -0.084762
vn -0.369811 -0.916472 -0.152706
vn -0.109660 -0.778876 -0.617517
vn -0.390256 -0.890348 -0.234480
vn -0.133164 -0.721183 -0.679825
vn -0.406189 -0.906986 -0.111300
vn -0.413714 -0.899763 -0.138806
vn -0.408457 -0.855294 -0.318802
vn -0.153892 -0.654200 -0.740499
vn 0.194389 -0.930598 -0.310163
vn -0.408457 -0.855294 -0.318802
vn 0.480428 -0.816183 -0.320990
vn 0.480428 -0.816183 -0.320990
vn 0.364754 -0.557827 -0.745509
vn 0.484742 -0.843516 -0.231316
vn 0.480428 -0.816183 -0.320990
vn 0.158767 -0.853433 -0.496433
vn 0.364754 -0.557827 -0.745509
vn -0.263906 -0.801542 -0.536547
vn -0.481652 -0.876121 -0.020580
vn 0.158767 -0.853433 -0.496433
vn -0.564050 -0.800150 -0.203980
vn -0.263906 -0.801542 -0.536547
vn -0.566981 -0.806384 -0.168161
vn -0.481652 -0.876121 -0.020580
vn -0.184740 -0.899262 -0.396484
vn -0.041829 -0.984007 -0.173148
vn -0.564050 -0.800150 -0.203980
vn -0.202223 -0.897628 -0.391624
vn 0.484742 -0.843516 -0.231316
vn 0.578713 -0.698401 -0.421102
vn 0.578713 -0.698401 -0.421102
vn 0.347482 -0.317843 -0.882174
vn 0.755586 -0.320534 -0.571269
vn 0.578713 -0.698401 -0.421102
vn 0.030751 -0.489361 -0.871539
vn 0.310408 -0.616278 -0.723774
vn 0.310408 -0.616278 -0.723774
vn 0.020954 -0.253618 -0.967077
vn -0.249489 -0.842801 -0.476909
vn 0.030751 -0.489361 -0.871539
vn -0.122147 -0.243973 -0.962059
vn 0.056485 -0.258469 -0.964367
vn 0.257065 -0.089168 -0.962272
vn 0.147988 0.147024 -0.978000
vn 0.180366 0.206955 -0.961581
vn 0.027076 0.029115 -0.999209
vn -0.395512 -0.040861 -0.917552
vn -0.089881 -0.291607 -0.952306
vn -0.466194 -0.134055 -0.874467
vn -0.272747 0.021391 -0.961848
vn -0.387788 -0.104854 -0.915765
vn -0.331142 0.105905 -0.937619
vn -0.414794 0.403730 -0.815443
vn -0.100614 0.458772 -0.882839
vn 0.023527 0.570994 -0.820617
vn -0.311417 0.655669 -0.687836
vn 0.023527 0.570994 -0.820617
vn -0.100614 0.458772 -0.882839
vn -0.322373 0.645990 -0.691933
vn 0.157899 0.697622 -0.698850
vn 0.157899 0.697622 -0.698850
vn 0.479772 0.321275 -0.816457
vn -0.228832 0.826252 -0.514728
vn 0.768496 0.488478 -0.413284
vn 0.479772 0.321275 -0.816457
vn 0.479772 0.321275 -0.816457
vn 0.692891 -0.018802 -0.720797
vn 0.755586 -0.320534 -0.571269
vn 0.035560 0.993867 -0.104712
vn -0.401453 0.801171 -0.443803
vn -0.394499 0.660164 -0.639182
vn -0.397306 0.807027 -0.436870
vn -0.360574 0.660926 -0.658151
vn -0.387128 0.676497 -0.626485
vn -0.301206 0.250970 -0.919939
vn -0.356493 0.659066 -0.662228
vn -0.414794 0.403730 -0.815443
vn -0.083103 -0.195565 -0.977163
vn -0.299850 0.245617 -0.921825
vn -0.301206 0.250970 -0.919939
vn 0.025858 -0.051490 -0.998339
vn -0.083567 -0.182554 -0.979638
vn -0.250375 -0.217158 -0.943480
vn 0.025562 -0.067434 -0.997396
vn -0.428260 -0.064837 -0.901327
vn -0.308172 -0.732857 -0.606589
vn -0.252779 -0.250005 -0.934666
vn -0.545039 -0.669857 -0.504206
vn -0.263906 -0.801542 -0.536547
vn -0.308172 -0.732857 -0.606589
vn -0.545039 -0.669857 -0.504206
vn -0.107107 -0.556520 -0.823902
vn -0.311707 -0.705273 -0.636733
vn -0.115022 -0.528269 -0.841250
vn -0.153892 -0.654200 -0.740499
vn -0.133164 -0.721183 -0.679825
vn -0.107107 -0.556520 -0.823902
vn 0.364754 -0.557827 -0.745509
vn -0.122025 -0.501984 -0.856226
vn -0.109660 -0.778876 -0.617517
vn -0.115022 -0.528269 -0.841250
vn -0.314620 -0.679601 -0.662689
vn -0.314620 -0.679601 -0.662689
vn -0.311707 -0.705273 -0.636733
vn -0.255068 -0.285493 -0.923815
vn 0.025231 -0.085679 -0.996003
vn -0.084016 -0.169147 -0.982003
vn -0.299147 0.242334 -0.922922
vn -0.299147 0.242334 -0.922922
vn -0.359720 0.656750 -0.662783
vn -0.299850 0.245617 -0.921825
vn -0.391676 0.689305 -0.609466
vn -0.397780 0.811336 -0.428374
vn -0.545039 -0.669857 -0.504206
vn -0.478413 -0.215030 -0.851401
vn -0.604203 -0.692176 -0.394754
vn -0.566981 -0.806384 -0.168161
vn -0.604203 -0.692176 -0.394754
vn -0.194850 -0.474699 -0.858309
vn -0.249489 -0.842801 -0.476909
vn -0.478413 -0.215030 -0.851401
vn 0.194389 -0.930598 -0.310163
vn 0.194389 -0.930598 -0.310163
vn -0.649737 -0.442533 -0.618067
vn -0.213552 0.623979 0.751695
vn -0.085848 0.995681 -0.035359
vn -0.106275 0.717420 0.688487
vn -0.654068 0.616707 -0.438027
vn -0.677610 0.664462 -0.315174
vn 0.711472 0.583585 -0.391454
vn -0.455201 0.890341 0.009244
vn 0.422143 0.586214 0.691483
vn 0.422143 0.586214 0.691483
vn -0.532901 0.846147 0.007197
vn -0.231929 0.949379 0.211871
vn -0.787100 0.580088 -0.209693
vn -0.230424 0.948499 0.217382
vn -0.589851 0.800882 -0.103267
vn 0.502840 -0.842386 -0.193745
vn -0.228537 0.423125 -0.876776
vn 0.772250 0.331455 -0.542002
vn 0.534517 -0.830058 -0.159046
vn 0.507644 0.568460 0.647418
vn 0.177820 -0.608087 0.773699
vn 0.335792 0.417774 0.844221
vn -0.473609 0.751948 0.458550
vn 0.045839 0.884786 0.463737
vn 0.045839 0.884786 0.463737
vn -0.473609 0.751948 0.458550
vn -0.431896 0.901158 0.037150
vn -0.395588 0.335516 0.854950
vn -0.296918 0.881959 0.366045
vn -0.431896 0.901158 0.037150
vn -0.395588 0.335516 0.854950
vn -0.034700 0.222698 0.974270
vn 0.335666 0.698649 0.631837
vn 0.103876 0.837769 0.536053
vn 0.335666 0.698649 0.631837
vn 0.229658 0.684329 0.692062
vn -0.258326 0.891020 0.373297
vn 0.229658 0.684329 0.692062
vn -0.717586 0.636234 0.283331
vn -0.238874 0.783035 0.574278
vn -0.331600 0.694240 0.638805
vn -0.410004 0.813628 0.412197
vn -0.258326 0.891020 0.373297
vn 0.225168 0.138642 0.964405
vn 0.045839 0.884786 0.463737
vn -0.002498 0.042454 0.999095
vn 0.225168 0.138642 0.964405
vn -0.011937 -0.087079 0.996130
vn 0.040603 0.087283 0.995356
vn -0.002498 0.042454 0.999095
vn -0.011937 -0.087079 0.996130
vn 0.154660 0.144510 0.977342
vn 0.063112 0.321099 0.944940
vn 0.115586 0.379747 0.917841
vn 0.033456 -0.182853 0.982571
vn -0.898643 0.108295 0.425104
vn 0.154660 0.144510 0.977342
vn -0.468750 -0.421211 0.776437
vn -0.342376 0.046464 0.938413
vn 0.033456 -0.182853 0.982571
vn -0.468750 -0.421211 0.776437
vn 0.033456 -0.182853 0.982571
vn -0.429015 0.365797 0.825917
vn -0.022614 -0.224944 0.974109
vn 0.429769 -0.885422 0.176995
vn 0.542833 -0.831778 -0.116095
vn 0.606252 -0.794248 -0.040366
vn 0.429769 -0.885422 0.176995
vn -0.228035 -0.827841 0.512522
vn 0.547709 -0.780165 0.302255
vn 0.542833 -0.831778 -0.116095
vn -0.228035 -0.827841 0.512522
vn 0.736655 -0.669409 -0.096081
vn 0.843886 0.339591 0.415373
vn 0.304211 0.758878 0.575812
vn 0.304211 0.758878 0.575812
vn 0.041879 0.882751 0.467970
vn 0.038618 0.887241 0.459686
vn 0.201364 0.784742 0.586202
vn 0.185683 0.794564 0.578092
vn 0.018870 0.668193 0.743749
vn 0.218774 0.239533 0.945918
vn 0.355272 0.399092 0.845285
vn 0.241486 0.359968 0.901170
vn 0.798907 0.012677 0.601321
vn 0.241486 0.359968 0.901170
vn 0.218774 0.239533 0.945918
vn 0.728041 0.008525 0.685480
vn 0.355272 0.399092 0.845285
vn 0.727658 -0.005981 0.685914
vn 0.518151 0.392862 0.759723
vn 0.799659 0.036053 0.599371
vn 0.518151 0.392862 0.759723
vn 0.099258 0.682278 0.724323
vn 0.519154 0.391655 0.759661
vn 0.246252 0.772530 0.585284
vn 0.727141 -0.020010 0.686196
vn 0.519154 0.391655 0.759661
vn 0.518837 0.392723 0.759327
vn 0.247549 0.770922 0.586855
vn 0.726509 -0.033618 0.686334
vn 0.518837 0.392723 0.759327
vn 0.517323 0.395858 0.758731
vn 0.248716 0.769511 0.588212
vn 0.799986 0.056763 0.597328
vn 0.800005 0.074950 0.595294
vn 0.583749 -0.131272 0.801252
vn 0.574733 -0.170716 0.800336
vn 0.591170 -0.094843 0.800951
vn 0.370290 -0.553677 0.745873
vn 0.574733 -0.170716 0.800336
vn 0.384483 -0.527237 0.757756
vn 0.353613 -0.582951 0.731523
vn 0.583749 -0.131272 0.801252
vn 0.623372 -0.390512 0.677427
vn 0.370290 -0.553677 0.745873
vn 0.628860 -0.361832 0.688195
vn 0.384483 -0.527237 0.757756
vn 0.633319 -0.335537 0.697368
vn 0.628860 -0.361832 0.688195
vn 0.479986 -0.632032 0.608399
vn 0.623372 -0.390512 0.677427
vn 0.444700 -0.706453 0.550605
vn 0.396164 -0.500946 0.769485
vn 0.517332 -0.544082 0.660562
vn 0.616732 -0.421532 0.664795
vn 0.616732 -0.421532 0.664795
vn 0.353613 -0.582951 0.731523
vn 0.849552 -0.467895 0.243591
vn 0.313947 -0.693704 0.648237
vn 0.334170 -0.614759 0.714424
vn 0.107756 -0.552180 0.826732
vn 0.597245 -0.061317 0.799712
vn 0.334170 -0.614759 0.714424
vn 0.591170 -0.094843 0.800951
vn 0.597245 -0.061317 0.799712
vn 0.449549 0.092411 0.888462
vn 0.799812 0.090804 0.593343
vn 0.588707 0.176836 0.788767
vn 0.725773 -0.046849 0.686337
vn 0.517323 0.395858 0.758731
vn 0.494018 0.050731 0.867970
vn 0.514636 0.400966 0.757876
vn 0.514636 0.400966 0.757876
vn 0.250450 0.770650 0.585980
vn 0.364676 0.541207 0.757698
vn 0.245828 0.771370 0.586991
vn 0.596669 0.588008 0.546106
vn 0.517568 0.264997 0.813572
vn 0.494018 0.050731 0.867970
vn 0.398808 0.037301 0.916276
vn 0.782185 0.182405 0.595748
vn 0.702372 -0.121252 0.701407
vn 0.517568 0.264997 0.813572
vn 0.782185 0.182405 0.595748
vn 0.588707 0.176836 0.788767
vn 0.467063 0.137781 0.873423
vn 0.685578 -0.066949 0.724915
vn 0.449549 0.092411 0.888462
vn 0.372511 -0.051155 0.926617
vn 0.570018 -0.321570 0.756090
vn -0.029081 -0.581460 0.813055
vn 0.265585 -0.741821 0.615765
vn 0.265585 -0.741821 0.615765
vn -0.171164 -0.728998 0.662771
vn 0.107756 -0.552180 0.826732
vn 0.685578 -0.066949 0.724915
vn 0.570018 -0.321570 0.756090
vn 0.702372 -0.121252 0.701407
vn 0.561661 -0.215179 0.798896
vn 0.396164 -0.500946 0.769485
vn 0.561661 -0.215179 0.798896
vn 0.069869 -0.053645 0.996113
vn -0.923383 -0.376357 -0.075620
vn 0.134105 -0.549067 0.824949
vn -0.487113 -0.296152 0.821593
vn -0.487113 -0.296152 0.821593
vn -0.628613 0.709609 -0.318278
vn -0.923383 -0.376357 -0.075620
vn -0.923383 -0.376357 -0.075620
vn -0.173516 0.565709 -0.806143
vn -0.523179 -0.669909 -0.526788
vn 0.150081 -0.817692 -0.555747
vn 0.478193 0.316123 -0.819388
vn -0.523179 -0.669909 -0.526788
vn 0.584494 -0.737817 0.337628
vn 0.482879 0.686400 0.543767
vn -0.628613 0.709609 -0.318278
vn -0.190582 0.790148 0.582534
vn 0.478193 0.316123 -0.819388
vn 0.914729 0.396394 0.078378
vn 0.584494 -0.737817 0.337628
vn 0.482879 0.686400 0.543767
vn 0.134105 -0.549067 0.824949
vn -0.487113 -0.296152 0.821593
vn -0.190582 0.790148 0.582534
vn 0.584494 -0.737817 0.337628
vn 0.478193 0.316123 -0.819388
vn 0.914729 0.396394 0.078378
vn 0.085315 -0.494550 0.864952
vn 0.464264 -0.730280 -0.501148
vn 0.823962 -0.560859 0.080767
vn 0.823962 -0.560859 0.080767
vn 0.057630 0.686004 0.725312
vn 0.085315 -0.494550 0.864952
vn -0.404788 -0.592038 0.696878
vn 0.057630 0.686004 0.725312
vn -0.409413 0.722773 0.556759
vn -0.767667 -0.632605 0.102464
vn -0.802696 0.592341 -0.069355
vn -0.404788 -0.592038 0.696878
vn -0.025997 -0.731521 -0.681323
vn 0.463507 0.608788 -0.643847
vn 0.057630 0.686004 0.725312
vn 0.805472 0.588843 -0.066919
vn -0.066850 0.531760 -0.844253
vn -0.409413 0.722773 0.556759
vn -0.025997 -0.731521 -0.681323
vn 0.463507 0.608788 -0.643847
vn 0.464264 -0.730280 -0.501148
vn 0.805472 0.588843 -0.066919
vn 0.823962 -0.560859 0.080767
vn -0.802696 0.592341 -0.069355
vn -0.066850 0.531760 -0.844253
vn 0.085317 -0.494549 0.864952
vn 0.464265 -0.730279 -0.501149
vn 0.823961 -0.560859 0.080776
vn 0.823961 -0.560859 0.080776
vn 0.057631 0.686006 0.725310
vn 0.085317 -0.494549 0.864952
vn -0.404783 -0.592035 0.696882
vn 0.057631 0.686006 0.725310
vn -0.409409 0.722774 0.556760
vn -0.767666 -0.632605 0.102465
vn -0.802696 0.592343 -0.069352
vn -0.404783 -0.592035 0.696882
vn -0.025999 -0.731522 -0.681322
vn 0.463504 0.608788 -0.643849
vn 0.057631 0.686006 0.725310
vn 0.805472 0.588843 -0.066923
vn -0.066850 0.531760 -0.844252
vn -0.409409 0.722774 0.556760
vn -0.025999 -0.731522 -0.681322
vn 0.463504 0.608788 -0.643849
vn 0.464265 -0.730279 -0.501149
vn 0.805472 0.588843 -0.066923
vn 0.823961 -0.560859 0.080776
vn -0.802696 0.592343 -0.069352
vn -0.066850 0.531760 -0.844252
vn -0.754512 -0.544202 -0.366819
vn -0.770606 0.562434 -0.299724
vn -0.326342 -0.634598 0.700561
vn -0.754512 -0.544202 -0.366819
vn 0.756645 0.515249 0.402500
vn -0.770606 0.562434 -0.299724
vn 0.712186 -0.611482 0.344792
vn -0.705370 -0.572638 -0.417777
vn -0.705370 -0.572638 -0.417777
vn -0.725904 0.593382 -0.347795
vn -0.243401 -0.672688 0.698747
vn -0.725904 0.593382 -0.347795
vn 0.480245 -0.635493 0.604577
vn -0.640170 -0.599861 0.479947
vn -0.522279 -0.541613 -0.658696
vn -0.660217 0.514171 0.547487
vn -0.640170 -0.599861 0.479947
vn -0.522279 -0.541613 -0.658696
vn 0.472043 -0.639053 0.607278
vn -0.594158 -0.627621 0.503059
vn -0.466603 -0.568603 -0.677475
vn -0.618698 0.535537 0.574815
vn -0.594158 -0.627621 0.503059
vn -0.466603 -0.568603 -0.677475
vn 0.148928 0.510128 0.847107
vn -0.807710 -0.570585 0.148449
vn -0.175854 -0.551478 -0.815443
vn -0.823211 0.528175 0.208218
vn -0.807710 -0.570585 0.148449
vn -0.175854 -0.551478 -0.815443
vn 0.095305 -0.675759 0.730936
vn -0.768160 -0.605731 0.207412
vn -0.084938 -0.593817 -0.800104
vn -0.787796 0.553206 0.270815
vn -0.768160 -0.605731 0.207412
vn -0.108234 0.651445 -0.750936
vn 0.192599 -0.635493 0.747699
vn -0.780089 -0.599861 0.177840
vn -0.208967 -0.541613 -0.814241
vn -0.825890 0.514171 0.231373
vn -0.780089 -0.599861 0.177840
vn -0.208967 -0.541613 -0.814241
vn 0.184007 -0.639052 0.746829
vn -0.747468 -0.627621 0.217679
vn -0.150466 -0.568602 -0.808734
vn -0.799089 0.535536 0.273234
vn -0.747468 -0.627621 0.217679
vn -0.150466 -0.568602 -0.808734
vn 0.172107 0.980126 -0.098655
vn 0.196600 0.772511 -0.603801
vn -0.263627 -0.574647 -0.774779
vn 0.754512 -0.544203 -0.366818
vn -0.756645 0.515249 0.402500
vn -0.718014 -0.607876 0.339032
vn 0.326342 -0.634598 0.700561
vn 0.326342 -0.634598 0.700561
vn 0.259085 0.771452 -0.581151
vn -0.712186 -0.611482 0.344792
vn 0.705370 -0.572639 -0.417777
vn 0.243401 -0.672688 0.698747
vn 0.243401 -0.672688 0.698747
vn -0.750664 0.518914 0.408940
vn -0.712186 -0.611482 0.344792
vn -0.036006 0.774646 -0.631370
vn -0.480245 -0.635493 0.604577
vn -0.606663 -0.556992 -0.567204
vn 0.660217 0.514171 0.547487
vn -0.480245 -0.635493 0.604577
vn 0.640170 -0.599861 0.479947
vn 0.522279 -0.541613 -0.658696
vn 0.013309 0.772580 -0.634777
vn -0.472043 -0.639053 0.607279
vn -0.599827 -0.560043 -0.571454
vn 0.618699 0.535537 0.574814
vn 0.594159 -0.627621 0.503058
vn 0.466602 -0.568602 -0.677476
vn -0.472043 -0.639053 0.607279
vn -0.237384 0.775221 -0.585389
vn -0.106674 -0.671623 0.733173
vn -0.778824 -0.568722 -0.264552
vn 0.823211 0.528176 0.208217
vn -0.106674 -0.671623 0.733173
vn 0.807710 -0.570585 0.148448
vn -0.183871 0.769624 -0.611449
vn -0.095305 -0.675759 0.730936
vn -0.774211 -0.571527 -0.271945
vn 0.787796 0.553206 0.270816
vn 0.768161 -0.605731 0.207411
vn 0.768161 -0.605731 0.207411
vn -0.095305 -0.675759 0.730936
vn -0.289862 0.774646 -0.562053
vn -0.192599 -0.635493 0.747699
vn -0.784998 -0.556992 -0.271180
vn 0.825890 0.514171 0.231373
vn -0.192599 -0.635493 0.747699
vn 0.780089 -0.599861 0.177840
vn 0.208966 -0.541613 -0.814241
vn -0.246203 0.772580 -0.585238
vn -0.184008 -0.639053 0.746829
vn -0.780484 -0.560043 -0.277845
vn 0.799089 0.535537 0.273233
vn 0.747467 -0.627621 0.217678
vn 0.150466 -0.568602 -0.808734
vn -0.184008 -0.639053 0.746829
vn -0.172107 0.980126 -0.098655
vn -0.172107 0.980126 -0.098655
vn -0.847526 -0.164931 -0.504477
vn -0.258620 0.610870 0.748300
vn -0.767135 0.460339 0.446757
vn -0.732693 -0.096001 0.673754
vn -0.893151 -0.412896 0.178323
vn -0.478022 -0.876121 0.062509
vn 0.777368 -0.571237 0.263417
vn 0.280748 -0.757354 0.589572
vn 0.096415 -0.991187 0.090842
vn 0.737093 -0.024749 0.675339
vn 0.110619 0.803549 0.584869
vn -0.112329 -0.840752 0.529639
vn 0.902635 0.007902 0.430334
vn 0.362429 0.336092 0.869303
vn 0.110747 0.243727 0.963500
vn 0.551172 -0.423357 -0.719012
vn 0.662349 -0.742913 -0.096818
vn 0.556333 -0.496696 -0.666173
vn 0.713474 0.273662 0.645031
vn 0.505544 -0.146652 0.850246
vn 0.223174 -0.545155 0.808084
vn 0.365864 -0.375956 0.851352
vn 0.219059 0.010358 0.975657
vn 0.505544 -0.146652 0.850246
vn 0.905858 0.305853 0.293045
vn 0.930664 0.176891 0.320272
vn 0.365864 -0.375956 0.851352
vn 0.000125 0.791217 0.611536
vn 0.144145 -0.487323 0.861242
vn -0.274385 0.592778 0.757184
vn -0.615419 0.274766 0.738757
vn 0.620968 0.601870 0.502147
vn 0.591738 0.714389 0.373490
vn -0.633076 0.313037 0.707971
vn -0.566648 0.090028 0.819027
vn 0.881979 -0.036578 0.469868
vn 0.925046 0.114886 0.362066
vn -0.606466 0.606410 0.514263
vn -0.274385 0.592778 0.757184
vn -0.615419 0.274766 0.738757
vn -0.514167 0.490440 0.703634
vn 0.630759 0.502266 0.591500
vn -0.016729 0.777542 0.628609
vn 0.375489 0.777495 0.504490
vn 0.120996 0.473699 -0.872335
vn -0.606528 0.606348 0.514263
vn -0.016717 0.777479 0.628687
vn -0.016671 0.777480 0.628686
vn 0.116478 0.842419 0.526084
vn 0.120996 0.473699 -0.872335
vn -0.511685 0.567091 -0.645434
vn 0.722341 -0.685714 0.089552
vn 0.847194 0.520543 -0.106285
vn -0.081560 -0.572249 0.816014
vn 0.476166 0.679234 0.558487
vn -0.521205 0.519312 0.677245
vn 0.280245 0.715789 0.639616
vn 0.343833 0.858314 0.380889
vn 0.098344 0.752439 0.651278
vn 0.375489 0.777495 0.504490
vn -0.784307 -0.617513 0.059498
vn 0.116478 0.842419 0.526084
vn 0.010679 0.981397 0.191693
vn -0.566925 0.567741 0.596880
vn -0.647489 0.134538 0.750105
vn -0.528353 -0.440927 0.725553
vn 0.327095 0.611353 0.720595
vn 0.404562 0.333467 0.851546
vn -0.566925 0.567741 0.596880
vn 0.392407 0.919524 0.022207
vn -0.099001 0.748085 0.656176
vn -0.484582 0.535041 0.692034
vn -0.570864 0.570438 0.590521
vn 0.325596 0.610889 0.721666
vn -0.323881 0.698495 0.638127
vn 0.633056 0.313046 0.707985
vn 0.419068 0.223018 0.880139
vn -0.486396 0.713826 0.503856
vn 0.606515 0.606401 0.514215
vn 0.404562 0.333467 0.851546
vn 0.350096 0.620193 0.701993
vn 0.514718 0.492838 0.701552
vn 0.514718 0.492838 0.701552
vn -0.365823 -0.655878 0.660301
vn 0.079461 -0.571018 0.817083
vn 0.217215 0.632256 0.743687
vn -0.365823 -0.655878 0.660301
vn -0.122692 0.461222 -0.878761
vn 0.016678 0.777481 0.628685
vn -0.715596 -0.691789 0.096700
vn 0.774223 -0.628643 0.073395
vn 0.765683 0.513746 0.387034
vn -0.122692 0.461222 -0.878761
vn 0.606515 0.606401 0.514215
vn 0.405397 -0.678068 0.613088
vn 0.318090 -0.092416 0.943546
vn -0.897719 0.380222 0.222557
vn -0.906870 0.303430 0.292431
vn -0.895611 0.074132 0.438618
vn 0.318090 -0.092416 0.943546
vn 0.405397 -0.678068 0.613088
vn -0.402575 -0.679370 0.613505
vn -0.013803 0.180256 0.983523
vn -0.402575 -0.679370 0.613505
vn -0.368422 -0.368694 0.853423
vn -0.326443 -0.273735 0.904712
vn -0.895611 0.074132 0.438618
vn -0.797008 0.594922 0.104145
vn -0.856328 -0.429601 0.286610
vn -0.613496 0.768425 0.182060
vn -0.856328 -0.429601 0.286610
vn -0.323881 0.698495 0.638127
vn -0.093772 0.566949 0.818398
vn -0.090229 0.668621 0.738109
vn -0.729230 0.439575 0.524402
vn -0.786350 0.558076 0.264963
vn -0.125110 0.236408 0.963566
vn -0.171778 -0.007934 0.985104
vn -0.281785 -0.067116 0.957127
vn -0.368422 -0.368694 0.853423
vn -0.642990 -0.452456 0.617938
vn -0.326443 -0.273735 0.904712
vn -0.326443 -0.273735 0.904712
vn -0.961799 -0.027797 0.272343
vn -0.522690 0.641939 0.560989
vn -0.297584 -0.932145 0.206277
vn -0.063665 -0.763689 -0.642437
vn -0.444205 -0.766388 -0.464038
vn -0.562896 -0.490225 -0.665453
vn -0.562896 -0.490225 -0.665453
vn -0.699794 0.710625 0.072805
vn -0.757700 0.056938 -0.650114
vn -0.829853 -0.452870 -0.325964
vn -0.660244 -0.744955 -0.095499
vn -0.938306 0.333410 -0.091755
vn -0.000003 0.317058 0.948406
vn 0.010679 0.981397 0.191693
vn -0.000003 0.317058 0.948406
vn 0.217215 0.632256 0.743687
vn 0.079461 -0.571018 0.817083
vn 0.774223 -0.628643 0.073395
vn -0.118818 0.840977 0.527864
vn -0.099001 0.748085 0.656176
vn 0.591738 0.714389 0.373490
vn 0.269416 0.799894 0.536269
vn 0.558492 0.799419 0.221397
vn 0.269416 0.799894 0.536269
vn 0.564663 0.593150 0.573872
vn 0.362429 0.336092 0.869303
vn -0.069841 0.259683 0.963165
vn 0.925046 0.114886 0.362066
vn 0.676503 -0.144307 0.722162
vn 0.497766 -0.453794 0.739121
vn 0.503694 0.466965 -0.726798
vn 0.498163 0.862316 0.090805
vn 0.941941 0.259824 0.212694
vn 0.988917 -0.138882 0.052492
vn -0.502452 0.690131 0.520827
vn 0.502447 0.690138 0.520823
vn 0.500746 0.457405 -0.734870
vn 0.498301 -0.724157 -0.476753
vn 0.502447 0.690138 0.520823
vn -0.500751 0.457396 -0.734872
vn -0.502452 0.690131 0.520827
vn 0.500746 0.457405 -0.734870
vn -0.502113 0.694958 0.514699
vn 0.502103 0.694960 0.514708
vn 0.500847 0.447001 -0.741176
vn 0.498806 -0.726541 -0.472579
vn 0.502103 0.694960 0.514708
vn -0.500846 0.446982 -0.741189
vn -0.502113 0.694958 0.514699
vn 0.500847 0.447001 -0.741176
vn 0.294591 0.743415 0.600459
vn 0.849276 0.477971 -0.224219
vn -0.224455 0.390448 -0.892844
vn -0.821191 -0.513169 0.249605
vn 0.849276 0.477971 -0.224219
vn -0.775578 0.628636 -0.057403
vn -0.775578 0.628636 -0.057403
vn -0.699950 0.653834 0.287352
vn 0.748777 0.488905 -0.447554
vn 0.680250 -0.688951 -0.250212
vn -0.699950 0.653834 0.287352
vn -0.171884 0.487664 -0.855944
vn -0.171884 0.487664 -0.855944
vn -0.805472 0.588843 -0.066926
vn 0.409410 0.722775 0.556758
vn 0.802696 0.592343 -0.069346
vn 0.767667 -0.632605 0.102462
vn -0.805472 0.588843 -0.066926
vn 0.066852 0.531761 -0.844252
vn -0.463507 0.608789 -0.643846
vn -0.500437 -0.438686 0.746403
vn 0.502452 0.690131 0.520827
vn -0.502447 0.690138 0.520823
vn -0.498300 -0.724157 -0.476753
vn -0.502447 0.690138 0.520823
vn -0.500746 0.457405 -0.734870
vn 0.500751 0.457396 -0.734872
vn -0.500746 0.457405 -0.734870
vn -0.500700 -0.438198 0.746513
vn 0.502113 0.694958 0.514700
vn -0.502102 0.694961 0.514707
vn -0.502102 0.694961 0.514707
vn -0.500847 0.447001 -0.741176
vn 0.500845 0.446982 -0.741189
vn -0.500847 0.447001 -0.741176
vn -0.778075 -0.625511 0.057746
vn -0.294591 0.743415 0.600459
vn -0.849276 0.477971 -0.224219
vn -0.849276 0.477971 -0.224219
vn 0.775578 0.628636 -0.057402
vn 0.267059 -0.775828 -0.571639
vn 0.699950 0.653834 0.287352
vn -0.164566 -0.467123 0.868743
vn -0.680250 -0.688951 -0.250213
vn -0.748776 0.488906 -0.447554
vn 0.644308 0.639141 -0.419959
vn -0.680250 -0.688951 -0.250213
vn 0.805472 0.588843 -0.066926
vn 0.085317 -0.494550 0.864951
vn -0.767667 -0.632605 0.102463
vn -0.802697 0.592341 -0.069351
vn -0.767667 -0.632605 0.102463
vn 0.709107 0.419422 0.566792
vn 0.872352 0.373039 0.315981
vn 0.878771 -0.158528 -0.450144
vn 0.851568 0.298792 0.430761
vn 0.809834 0.461767 0.361857
vn 0.853067 0.508083 0.118864
vn 0.589409 -0.768230 -0.249839
vn -0.189573 -0.625534 -0.756815
vn 0.427937 -0.784603 -0.448628
vn -0.131679 -0.683377 -0.718092
vn 0.572855 0.598033 -0.560529
vn 0.887877 0.221259 0.403384
vn 0.998495 0.009066 0.054089
vn 0.848257 -0.160172 0.504781
vn 0.966436 -0.123859 0.225078
vn 0.998495 0.009066 0.054089
vn 0.739856 0.283558 -0.610088
vn 0.790061 0.233055 -0.567000
vn 0.355546 0.917999 0.175682
vn 0.856881 -0.263000 0.443380
vn 0.349440 0.780825 0.517884
vn 0.194131 0.491189 0.849144
vn 0.655000 0.667449 -0.354240
vn 0.515572 0.745863 -0.421750
vn 0.152758 0.521526 0.839450
vn 0.317990 0.329855 0.888863
vn 0.874386 -0.033208 -0.484094
vn 0.795640 0.116021 -0.594556
vn -0.037640 0.754294 0.655457
vn 0.349440 0.780825 0.517884
vn 0.194131 0.491189 0.849144
vn 0.186896 0.684052 0.705084
vn 0.749347 0.593134 -0.294401
vn 0.361955 0.910186 0.201369
vn 0.486555 0.853498 -0.186562
vn -0.711898 0.229893 -0.663589
vn -0.037711 0.754240 0.655515
vn 0.362062 0.910142 0.201375
vn 0.362054 0.910145 0.201380
vn 0.344735 0.938369 0.024908
vn -0.711898 0.229893 -0.663589
vn 0.602011 -0.686321 -0.408102
vn 0.309958 0.421051 -0.852433
vn 0.706093 -0.341788 0.620172
vn 0.156765 0.705738 0.690912
vn 0.581853 0.799656 0.148315
vn 0.551097 0.834110 -0.023496
vn 0.355448 0.902442 -0.243424
vn 0.450066 0.884278 0.124471
vn 0.486555 0.853498 -0.186562
vn -0.294975 -0.530537 0.794683
vn 0.706093 -0.341788 0.620172
vn 0.344735 0.938369 0.024908
vn -0.007877 0.995224 -0.097297
vn 0.057853 0.735226 0.675348
vn 0.208856 0.360711 0.908992
vn 0.355651 -0.208853 0.910985
vn 0.660727 0.750623 0.002459
vn 0.857614 0.510251 0.064363
vn 0.057853 0.735226 0.675348
vn -0.077934 0.752306 0.654188
vn 0.084891 0.868100 -0.489076
vn 0.342089 0.894007 0.289356
vn 0.186897 0.722280 0.665869
vn 0.050059 0.736476 0.674609
vn 0.660815 0.750536 0.004367
vn 0.207532 0.856132 0.473254
vn 0.876497 0.439611 -0.196203
vn 0.907732 0.409877 0.089576
vn 0.004267 0.847639 0.530556
vn 0.655658 0.675794 -0.336771
vn 0.857614 0.510251 0.064363
vn 0.657436 0.752984 -0.028157
vn 0.772952 0.619253 -0.138099
vn 0.772952 0.619253 -0.138099
vn 0.432940 -0.443362 0.784852
vn 0.798780 -0.350749 0.488801
vn 0.612870 0.783739 0.100718
vn -0.854214 0.231997 -0.465291
vn 0.381074 0.908018 0.174028
vn -0.213148 -0.597333 0.773150
vn 0.608943 -0.638638 -0.470457
vn 0.660427 0.543993 -0.517599
vn -0.854214 0.231997 -0.465291
vn 0.655658 0.675794 -0.336771
vn 0.839681 -0.526586 0.132822
vn 0.954835 0.127789 0.268253
vn -0.384409 0.451028 0.805483
vn -0.362854 0.371085 0.854771
vn -0.221969 0.242322 0.944463
vn 0.004267 0.847639 0.530556
vn 0.907732 0.409877 0.089576
vn 0.623676 -0.060855 0.779311
vn 0.638253 0.724117 0.261319
vn 0.954835 0.127789 0.268253
vn 0.839681 -0.526586 0.132822
vn 0.378399 -0.475451 0.794204
vn 0.750575 0.422633 0.507956
vn 0.378399 -0.475451 0.794204
vn 0.277095 0.587567 0.760252
vn 0.535268 -0.077805 0.841091
vn 0.609940 -0.015464 0.792297
vn -0.384409 0.451028 0.805483
vn -0.213393 0.892491 0.397396
vn -0.213393 0.892491 0.397396
vn 0.207532 0.856132 0.473254
vn 0.506228 0.759618 0.408306
vn 0.117472 0.927429 0.355071
vn 0.117472 0.927429 0.355071
vn -0.425548 0.658772 0.620426
vn 0.663230 0.481928 0.572601
vn 0.487425 0.549092 0.678908
vn 0.597932 0.728246 0.334867
vn 0.732324 0.299927 0.611347
vn 0.719964 0.310364 0.620746
vn 0.640462 0.188838 0.744412
vn 0.535268 -0.077805 0.841091
vn 0.609940 -0.015464 0.792297
vn -0.159527 -0.146013 0.976336
vn 0.184266 0.127342 0.974592
vn -0.212200 -0.020978 0.977001
vn -0.696588 -0.357673 0.621961
vn 0.095635 -0.801029 0.590937
vn -0.348133 -0.924148 0.157330
vn -0.498235 -0.860740 -0.104349
vn -0.421372 -0.895089 -0.145815
vn -0.495262 -0.828143 0.262478
vn -0.647636 -0.367490 0.667472
vn -0.784093 -0.198887 0.587914
vn -0.463092 0.749802 0.472592
vn -0.732084 0.534515 0.422311
vn -0.464306 0.798645 -0.382866
vn -0.667233 0.358467 0.652918
vn -0.509119 -0.063732 0.858333
vn 0.706892 0.544994 0.450871
vn -0.007877 0.995224 -0.097297
vn 0.706892 0.544994 0.450871
vn 0.612870 0.783739 0.100718
vn 0.798780 -0.350749 0.488801
vn 0.608943 -0.638638 -0.470457
vn 0.211936 0.952668 0.217962
vn 0.342089 0.894007 0.289356
vn -0.213148 -0.597333 0.773150
vn -0.711898 0.229893 -0.663589
vn 0.515572 0.745863 -0.421750
vn 0.447574 0.890006 -0.086987
vn 0.403032 0.764099 -0.503704
vn 0.543966 0.839107 0.000784
vn 0.603453 0.767087 -0.217765
vn 0.853067 0.508083 0.118864
vn 0.795640 0.116021 -0.594556
vn 0.985799 0.034413 -0.164364
vn 0.848257 -0.160172 0.504781
vn -0.375198 0.235277 -0.896589
vn 0.379800 0.667951 -0.639995
vn 0.332459 0.655255 -0.678316
vn 0.557795 -0.054439 -0.828192
vn 0.631144 -0.184879 -0.753310
vn 0.518900 0.658416 -0.545190
vn 0.682986 -0.221627 0.695996
vn -0.471830 -0.684246 0.556042
vn -0.870772 0.407836 0.274638
vn -0.672043 0.244213 -0.699083
vn -0.471830 -0.684246 0.556042
vn -0.902321 0.291705 0.317372
vn -0.758260 0.290446 0.583680
vn -0.011937 -0.087079 0.996130
vn -0.833677 0.196270 0.516198
vn -0.782724 0.370072 0.500390
vn -0.603350 0.460582 0.651025
vn 0.849552 -0.467895 0.243591
vn 0.313947 -0.693704 0.648237
vn 0.798374 -0.533072 0.280059
vn 0.207524 0.771954 0.600851
vn -0.814297 0.124638 0.566909
vn -0.531437 -0.019868 0.846865
vn -0.815719 -0.268271 0.512477
vn -0.639416 -0.182048 0.746998
vn -0.531437 -0.019868 0.846865
vn 0.115586 0.379747 0.917841
vn 0.063112 0.321099 0.944940
vn -0.639416 -0.182048 0.746998
vn -0.451090 0.508732 0.733287
vn 0.414222 0.865026 -0.283107
vn 0.542833 -0.831778 -0.116095
vn -0.749359 -0.357811 0.557164
vn -0.749092 0.662466 -0.001078
vn -0.907568 0.318478 -0.273665
vn -0.129473 0.709996 0.692201
vn -0.017642 0.802113 0.596912
vn -0.884494 0.350874 -0.307504
vn -0.973537 0.150279 -0.172171
vn -0.017642 0.802113 0.596912
vn -0.002498 0.042454 0.999095
vn 0.104396 0.211281 0.971834
vn 0.115586 0.379747 0.917841
vn -0.973537 0.150279 -0.172171
vn -0.630354 0.568931 0.528178
vn -0.647440 0.563394 0.513233
vn -0.251778 0.607951 -0.752996
vn -0.674996 0.617689 -0.403535
vn -0.814075 0.535161 -0.225577
vn -0.749092 0.662466 -0.001078
vn -0.213552 0.623979 0.751695
vn -0.506239 0.848962 0.151607
vn -0.224074 0.864173 0.450550
vn 0.873745 0.364150 -0.322436
vn -0.674989 0.617643 -0.403618
vn -0.506323 0.848891 0.151726
vn -0.506286 0.848918 0.151702
vn -0.351266 0.910295 0.219031
vn 0.873745 0.364150 -0.322436
vn 0.177820 -0.608087 0.773699
vn 0.507644 0.568460 0.647418
vn -0.814241 -0.465717 0.346583
vn -0.791100 0.559688 -0.246798
vn -0.548013 0.746349 0.377683
vn -0.391763 0.813173 0.430431
vn -0.120332 0.925394 0.359397
vn -0.478421 0.836368 0.267585
vn -0.224074 0.864173 0.450550
vn -0.213552 0.623979 0.751695
vn -0.446341 -0.665343 -0.598413
vn -0.814241 -0.465717 0.346583
vn -0.351266 0.910295 0.219031
vn -0.085848 0.995681 -0.035359
vn -0.735000 0.593410 -0.328086
vn -0.452585 0.724262 0.520204
vn -0.559180 0.472909 0.680937
vn -0.735000 0.593410 -0.328086
vn 0.227301 0.943042 0.242914
vn -0.569244 0.816853 0.093341
vn -0.730810 0.594921 -0.334643
vn -0.454254 0.723811 0.519376
vn -0.332616 0.452352 0.827493
vn -0.587623 0.368671 0.720264
vn -0.604437 0.732105 -0.314132
vn -0.146235 0.714881 0.683784
vn -0.559180 0.472909 0.680937
vn -0.425111 0.732428 0.531817
vn -0.363512 0.619707 0.695574
vn -0.363512 0.619707 0.695574
vn -0.230424 0.948499 0.217382
vn -0.805528 -0.591434 0.036472
vn -0.744908 -0.451455 0.491223
vn -0.519437 0.739128 0.428807
vn 0.772250 0.331455 -0.542002
vn -0.491736 0.851591 0.181629
vn -0.455873 -0.728392 -0.511493
vn 0.219636 -0.549634 0.806017
vn 0.029517 0.619491 0.784448
vn 0.772250 0.331455 -0.542002
vn -0.146235 0.714881 0.683784
vn -0.428887 -0.557709 0.710645
vn -0.714587 0.057119 0.697210
vn -0.583008 0.298047 -0.755824
vn -0.621806 0.209856 -0.754532
vn -0.744539 0.063886 -0.664515
vn -0.604437 0.732105 -0.314132
vn -0.587623 0.368671 0.720264
vn -0.959667 -0.218317 0.177135
vn -0.714587 0.057119 0.697210
vn -0.428887 -0.557709 0.710645
vn -0.574994 -0.210377 0.790647
vn -0.781551 -0.623699 -0.013309
vn -0.872509 0.305184 0.381563
vn -0.781551 -0.623699 -0.013309
vn -0.966878 -0.245019 0.071500
vn -0.972037 -0.175991 0.155474
vn -0.583008 0.298047 -0.755824
vn -0.392663 0.805312 -0.444171
vn -0.392663 0.805312 -0.444171
vn -0.655203 0.747470 -0.109533
vn -0.727352 0.659405 0.190115
vn -0.522654 0.841445 -0.137123
vn -0.522654 0.841445 -0.137123
vn -0.440532 0.537706 -0.718891
vn -0.895961 0.352834 0.269744
vn -0.913672 0.401996 0.060014
vn -0.703327 0.640749 0.307851
vn -0.930986 0.165539 0.325366
vn -0.934875 0.174243 0.309270
vn -0.981302 0.033042 0.189614
vn -0.972037 -0.175991 0.155474
vn -0.734564 -0.324583 -0.595871
vn -0.947077 -0.062248 -0.314913
vn -0.482464 0.861601 0.157711
vn -0.677416 0.665596 -0.313194
vn -0.468186 0.247698 -0.848202
vn -0.731377 -0.200958 -0.651693
vn -0.413714 -0.899763 -0.138806
vn 0.484742 -0.843516 -0.231316
vn -0.194850 -0.474699 -0.858309
vn -0.311417 0.655669 -0.687836
vn 0.692891 -0.018802 -0.720797
vn -0.263906 -0.801542 -0.536547
vn -0.122025 -0.501984 -0.856226
vn -0.428260 -0.064837 -0.901327
vn -0.604203 -0.692176 -0.394754
vn -0.823688 0.436909 0.361453
vn -0.085848 0.995681 -0.035359
vn -0.823688 0.436909 0.361453
vn -0.519437 0.739128 0.428807
vn -0.744908 -0.451455 0.491223
vn 0.219636 -0.549634 0.806017
vn -0.455201 0.890341 0.009244
vn -0.455873 -0.728392 -0.511493
vn 0.873745 0.364150 -0.322436
vn 0.225168 0.138642 0.964405
vn -0.017642 0.802113 0.596912
vn -0.296918 0.881959 0.366045
vn 0.103876 0.837769 0.536053
vn -0.410004 0.813628 0.412197
vn -0.296918 0.881959 0.366045
vn -0.238874 0.783035 0.574278
vn -0.603350 0.460582 0.651025
vn 0.335792 0.417774 0.844221
vn 0.104396 0.211281 0.971834
vn -0.342376 0.046464 0.938413
vn -0.815719 -0.268271 0.512477
vn -0.483001 -0.312249 0.818053
vn 0.547709 -0.780165 0.302255
vn -0.139729 -0.720508 0.679223
vn 0.207184 0.903921 0.374168
vn 0.031384 0.890303 0.454286
vn 0.364676 0.541207 0.757698
vn 0.306710 0.765154 0.566099
vn -0.029081 -0.581460 0.813055
vn 0.570018 -0.321570 0.756090
vn -0.190582 0.790148 0.582534
vn -0.628613 0.709609 -0.318278
vn 0.150081 -0.817692 -0.555747
vn -0.173516 0.565709 -0.806143
vn 0.914729 0.396394 0.078378
vn 0.150081 -0.817692 -0.555747
vn 0.805472 0.588843 -0.066919
vn 0.085315 -0.494550 0.864952
vn -0.767667 -0.632605 0.102464
vn -0.802696 0.592341 -0.069355
vn -0.767667 -0.632605 0.102464
vn 0.805472 0.588843 -0.066923
vn 0.085317 -0.494549 0.864952
vn -0.767666 -0.632605 0.102465
vn -0.802696 0.592343 -0.069352
vn -0.767666 -0.632605 0.102465
f 1/1/1 2/2/2 3/3/3
f 4/4/4 5/5/5 6/6/6
f 7/7/7 8/8/8 9/9/9
f 10/10/10 11/11/11 12/12/12
f 13/13/13 14/14/14 15/15/15
f 16/16/16 17/17/17 18/18/18
f 12/12/12 19/19/19 20/20/20
f 21/21/21 8/8/8 22/22/22
f 23/23/23 6/6/6 24/24/24
f 1/1/1 25/25/25 26/26/26
f 27/27/27 28/28/28 29/29/29
f 30/30/30 31/31/31 32/32/32
f 33/33/33 34/34/34 35/35/35
f 36/36/36 37/37/37 33/33/33
f 27/27/27 38/38/38 39/39/39
f 40/40/40 41/41/41 36/36/36
f 42/42/42 43/43/43 38/38/38
f 44/44/44 45/45/45 46/46/46
f 47/47/47 48/48/48 45/45/45
f 49/49/49 50/50/50 51/51/51
f 52/52/52 53/53/53 49/49/49
f 54/54/54 55/55/55 56/56/56
f 57/57/57 46/46/46 58/58/58
f 59/59/59 50/50/50 60/60/60
f 61/61/61 62/62/62 63/63/63
f 64/64/64 65/65/65 66/66/66
f 67/67/67 68/68/68 69/69/69
f 70/70/70 71/71/71 72/72/72
f 73/73/73 74/74/74 75/75/75
f 76/76/76 77/77/77 78/78/78
f 79/79/79 80/80/80 81/81/81
f 82/82/82 83/83/83 80/80/80
f 73/73/73 84/84/84 85/85/85
f 86/86/86 87/87/87 88/88/88
f 89/89/89 90/90/90 86/86/86
f 91/91/91 92/92/92 93/93/93
f 94/94/94 92/92/92 95/95/95
f 96/96/96 97/97/97 98/98/98
f 99/99/99 100/100/100 101/101/101
f 102/102/102 103/103/103 104/104/104
f 105/105/105 106/106/106 107/107/107
f 108/108/108 109/109/109 106/106/106
f 99/99/99 110/110/110 111/111/111
f 112/112/112 113/113/113 109/109/109
f 114/114/114 115/115/115 110/110/110
f 116/116/116 117/117/117 118/118/118
f 119/119/119 120/120/120 116/116/116
f 121/121/121 122/122/122 123/123/123
f 124/124/124 125/125/125 121/121/121
f 126/126/126 127/127/127 128/128/128
f 118/118/118 129/129/129 130/130/130
f 131/131/131 122/122/122 132/132/132
f 133/133/133 134/134/134 135/135/135
f 136/136/136 137/137/137 138/138/138
f 139/139/139 140/140/140 141/141/141
f 142/142/142 143/143/143 144/144/144
f 145/145/145 146/146/146 147/147/147
f 148/148/148 149/149/149 150/150/150
f 151/151/151 152/152/152 153/153/153
f 154/154/154 155/155/155 152/152/152
f 145/145/145 156/156/156 157/157/157
f 158/158/158 159/159/159 160/160/160
f 161/161/161 162/162/162 158/158/158
f 163/163/163 164/164/164 165/165/165
f 166/166/166 164/164/164 167/167/167
f 168/168/168 169/169/169 170/170/170
f 171/171/171 172/172/172 173/173/173
f 174/174/174 175/175/175 176/176/176
f 177/177/177 178/178/178 179/179/179
f 180/180/180 181/181/181 178/178/178
f 171/171/171 182/182/182 183/183/183
f 184/184/184 185/185/185 181/181/181
f 186/186/186 187/187/187 182/182/182
f 188/188/188 189/189/189 190/190/190
f 191/191/191 192/192/192 188/188/188
f 193/193/193 194/194/194 195/195/195
f 196/196/196 197/197/197 193/193/193
f 198/198/198 199/199/199 200/200/200
f 190/190/190 201/201/201 202/202/202
f 203/203/203 194/194/194 204/204/204
f 205/205/205 206/206/206 207/207/207
f 208/208/208 209/209/209 210/210/210
f 211/211/211 212/212/212 213/213/213
f 214/214/214 215/215/215 216/216/216
f 217/217/217 218/218/218 219/219/219
f 220/220/220 221/221/221 222/222/222
f 223/223/223 224/224/224 225/225/225
f 226/226/226 227/227/227 224/224/224
f 217/217/217 228/228/228 229/229/229
f 230/230/230 231/231/231 232/232/232
f 233/233/233 234/234/234 230/230/230
f 235/235/235 236/236/236 237/237/237
f 238/238/238 236/236/236 239/239/239
f 240/240/240 241/241/241 242/242/242
f 243/243/243 244/244/244 245/245/245
f 246/246/246 247/247/247 248/248/248
f 249/249/249 250/250/250 251/251/251
f 252/252/252 253/253/253 250/250/250
f 243/243/243 254/254/254 255/255/255
f 256/256/256 257/257/257 253/253/253
f 258/258/258 259/259/259 254/254/254
f 260/260/260 261/261/261 262/262/262
f 263/263/263 264/264/264 260/260/260
f 265/265/265 266/266/266 267/267/267
f 268/268/268 269/269/269 265/265/265
f 270/270/270 271/271/271 272/272/272
f 262/262/262 273/273/273 274/274/274
f 275/275/275 266/266/266 276/276/276
f 277/277/277 278/278/278 279/279/279
f 280/280/280 281/281/281 282/282/282
f 283/283/283 284/284/284 285/285/285
f 286/286/286 287/287/287 288/288/288
f 289/289/289 290/290/290 291/291/291
f 289/289/289 292/292/292 293/293/293
f 294/294/294 295/295/295 296/296/296
f 296/296/296 297/297/297 294/294/294
f 298/298/298 299/299/299 300/300/300
f 301/301/301 302/302/302 303/303/303
f 301/301/301 304/304/304 305/305/305
f 306/306/306 307/307/307 308/308/308
f 309/309/309 310/310/310 311/311/311
f 312/312/312 313/313/313 314/314/314
f 315/315/315 316/316/316 313/313/313
f 307/307/307 317/317/317 318/318/318
f 319/319/319 320/320/320 321/321/321
f 321/321/321 322/322/322 323/323/323
f 324/324/324 325/325/325 326/326/326
f 325/325/325 327/327/327 326/326/326
f 328/328/328 329/329/329 330/330/330
f 331/331/331 332/332/332 333/333/333
f 334/334/334 335/335/335 336/336/336
f 337/337/337 338/338/338 339/339/339
f 340/340/340 341/341/341 338/338/338
f 332/332/332 342/342/342 343/343/343
f 344/344/344 345/345/345 341/341/341
f 343/343/343 346/346/346 347/347/347
f 348/348/348 349/349/349 350/350/350
f 350/350/350 351/351/351 352/352/352
f 353/353/353 354/354/354 355/355/355
f 356/356/356 357/357/357 354/354/354
f 358/358/358 359/359/359 360/360/360
f 361/361/361 362/362/362 348/348/348
f 363/363/363 353/353/353 355/355/355
f 364/364/364 365/365/365 366/366/366
f 367/367/367 368/368/368 369/369/369
f 370/370/370 371/371/371 372/372/372
f 373/373/373 374/374/374 375/375/375
f 376/376/376 377/377/377 378/378/378
f 379/379/379 380/380/380 381/381/381
f 382/382/382 383/383/383 384/384/384
f 384/384/384 385/385/385 386/386/386
f 377/377/377 387/387/387 388/388/388
f 389/389/389 390/390/390 391/391/391
f 392/392/392 393/393/393 390/390/390
f 394/394/394 395/395/395 396/396/396
f 395/395/395 397/397/397 396/396/396
f 398/398/398 399/399/399 400/400/400
f 401/401/401 402/402/402 403/403/403
f 404/404/404 405/405/405 406/406/406
f 407/407/407 408/408/408 409/409/409
f 409/409/409 410/410/410 411/411/411
f 402/402/402 412/412/412 413/413/413
f 411/411/411 414/414/414 415/415/415
f 413/413/413 416/416/416 417/417/417
f 418/418/418 419/419/419 420/420/420
f 421/421/421 422/422/422 419/419/419
f 423/423/423 424/424/424 425/425/425
f 426/426/426 427/427/427 424/424/424
f 428/428/428 429/429/429 430/430/430
f 431/431/431 420/420/420 432/432/432
f 433/433/433 423/423/423 425/425/425
f 434/434/434 435/435/435 436/436/436
f 437/437/437 438/438/438 439/439/439
f 440/440/440 441/441/441 442/442/442
f 443/443/443 444/444/444 445/445/445
f 446/446/446 447/447/447 448/448/448
f 449/449/449 450/450/450 451/451/451
f 452/452/452 453/453/453 454/454/454
f 454/454/454 455/455/455 456/456/456
f 447/447/447 457/457/457 458/458/458
f 459/459/459 460/460/460 461/461/461
f 462/462/462 463/463/463 460/460/460
f 464/464/464 465/465/465 466/466/466
f 465/465/465 467/467/467 466/466/466
f 468/468/468 457/457/457 469/469/469
f 470/470/470 471/471/471 472/472/472
f 473/473/473 474/474/474 475/475/475
f 476/476/476 477/477/477 478/478/478
f 478/478/478 479/479/479 480/480/480
f 471/471/471 481/481/481 482/482/482
f 480/480/480 483/483/483 484/484/484
f 482/482/482 485/485/485 486/486/486
f 487/487/487 488/488/488 489/489/489
f 490/490/490 491/491/491 488/488/488
f 492/492/492 493/493/493 494/494/494
f 495/495/495 496/496/496 493/493/493
f 497/497/497 486/486/486 485/485/485
f 498/498/498 489/489/489 499/499/499
f 500/500/500 492/492/492 494/494/494
f 501/501/501 502/502/502 503/503/503
f 504/504/504 505/505/505 506/506/506
f 507/507/507 508/508/508 509/509/509
f 510/510/510 511/511/511 512/512/512
f 513/513/513 514/514/514 515/515/515
f 516/516/516 517/517/517 518/518/518
f 519/519/519 520/520/520 521/521/521
f 521/521/521 522/522/522 523/523/523
f 514/514/514 524/524/524 525/525/525
f 526/526/526 527/527/527 528/528/528
f 529/529/529 530/530/530 527/527/527
f 531/531/531 532/532/532 533/533/533
f 532/532/532 534/534/534 533/533/533
f 535/535/535 536/536/536 537/537/537
f 538/538/538 539/539/539 540/540/540
f 541/541/541 542/542/542 543/543/543
f 544/544/544 545/545/545 546/546/546
f 546/546/546 547/547/547 548/548/548
f 539/539/539 549/549/549 550/550/550
f 548/548/548 551/551/551 552/552/552
f 550/550/550 553/553/553 554/554/554
f 555/555/555 556/556/556 557/557/557
f 558/558/558 559/559/559 556/556/556
f 560/560/560 561/561/561 562/562/562
f 563/563/563 564/564/564 561/561/561
f 565/565/565 566/566/566 567/567/567
f 568/568/568 557/557/557 569/569/569
f 570/570/570 560/560/560 562/562/562
f 571/571/571 572/572/572 573/573/573
f 574/574/574 575/575/575 576/576/576
f 577/577/577 578/578/578 579/579/579
f 580/580/580 581/581/581 582/582/582
f 583/583/583 584/584/584 585/585/585
f 583/583/583 585/585/585 586/586/586
f 587/587/587 588/588/588 589/589/589
f 590/590/590 588/588/588 587/587/587
f 591/591/591 592/592/592 593/593/593
f 594/594/594 595/595/595 596/596/596
f 594/594/594 596/596/596 597/597/597
f 598/598/598 599/599/599 600/600/600
f 601/601/601 602/602/602 603/603/603
f 604/604/604 605/605/605 606/606/606
f 607/607/607 604/604/604 606/606/606
f 598/598/598 600/600/600 608/608/608
f 609/609/609 610/610/610 611/611/611
f 612/612/612 613/613/613 614/614/614
f 615/615/615 616/616/616 617/617/617
f 618/618/618 619/619/619 620/620/620
f 620/620/620 619/619/619 621/621/621
f 615/615/615 622/622/622 616/616/616
f 623/623/623 624/624/624 625/625/625
f 626/626/626 622/622/622 615/615/615
f 627/627/627 628/628/628 629/629/629
f 630/630/630 631/631/631 626/626/626
f 630/630/630 626/626/626 632/632/632
f 632/632/632 626/626/626 615/615/615
f 633/633/633 634/634/634 635/635/635
f 636/636/636 637/637/637 638/638/638
f 639/639/639 640/640/640 641/641/641
f 639/639/639 641/641/641 642/642/642
f 642/642/642 641/641/641 643/643/643
f 639/639/639 642/642/642 644/644/644
f 645/645/645 646/646/646 647/647/647
f 645/645/645 648/648/648 646/646/646
f 644/644/644 642/642/642 649/649/649
f 644/644/644 649/649/649 650/650/650
f 651/651/651 647/647/647 652/652/652
f 647/647/647 646/646/646 653/653/653
f 652/652/652 647/647/647 653/653/653
f 652/652/652 653/653/653 654/654/654
f 655/655/655 656/656/656 657/657/657
f 646/646/646 658/658/658 653/653/653
f 653/653/653 658/658/658 659/659/659
f 660/660/660 632/632/632 661/661/661
f 661/661/661 615/615/615 617/617/617
f 662/662/662 618/618/618 656/656/656
f 661/661/661 632/632/632 615/615/615
f 657/657/657 656/656/656 663/663/663
f 656/656/656 618/618/618 620/620/620
f 663/663/663 656/656/656 620/620/620
f 664/664/664 657/657/657 663/663/663
f 663/663/663 620/620/620 665/665/665
f 666/666/666 663/663/663 665/665/665
f 666/666/666 664/664/664 663/663/663
f 667/667/667 668/668/668 669/669/669
f 669/669/669 668/668/668 670/670/670
f 671/671/671 672/672/672 668/668/668
f 667/667/667 671/671/671 668/668/668
f 673/673/673 667/667/667 669/669/669
f 674/674/674 675/675/675 667/667/667
f 675/675/675 671/671/671 667/667/667
f 673/673/673 674/674/674 667/667/667
f 676/676/676 677/677/677 678/678/678
f 679/679/679 680/680/680 681/681/681
f 682/682/682 644/644/644 650/650/650
f 682/682/682 683/683/683 644/644/644
f 684/684/684 685/685/685 686/686/686
f 683/683/683 639/639/639 644/644/644
f 687/687/687 688/688/688 689/689/689
f 688/688/688 687/687/687 690/690/690
f 691/691/691 687/687/687 692/692/692
f 692/692/692 687/687/687 689/689/689
f 692/692/692 689/689/689 693/693/693
f 694/694/694 695/695/695 696/696/696
f 689/689/689 688/688/688 697/697/697
f 696/696/696 695/695/695 698/698/698
f 696/696/696 698/698/698 699/699/699
f 700/700/700 701/701/701 702/702/702
f 703/703/703 704/704/704 700/700/700
f 700/700/700 704/704/704 701/701/701
f 703/703/703 705/705/705 704/704/704
f 706/706/706 707/707/707 708/708/708
f 704/704/704 709/709/709 701/701/701
f 701/701/701 709/709/709 710/710/710
f 706/706/706 711/711/711 712/712/712
f 713/713/713 711/711/711 714/714/714
f 715/715/715 716/716/716 717/717/717
f 715/715/715 718/718/718 716/716/716
f 605/605/605 719/719/719 715/715/715
f 719/719/719 718/718/718 715/715/715
f 606/606/606 715/715/715 717/717/717
f 606/606/606 605/605/605 715/715/715
f 720/720/720 721/721/721 722/722/722
f 696/696/696 699/699/699 602/602/602
f 694/694/694 696/696/696 601/601/601
f 601/601/601 696/696/696 602/602/602
f 692/692/692 693/693/693 723/723/723
f 724/724/724 725/725/725 599/599/599
f 726/726/726 724/724/724 598/598/598
f 598/598/598 724/724/724 599/599/599
f 636/636/636 692/692/692 723/723/723
f 727/727/727 728/728/728 729/729/729
f 620/620/620 621/621/621 665/665/665
f 730/730/730 731/731/731 732/732/732
f 733/733/733 734/734/734 731/731/731
f 734/734/734 735/735/735 731/731/731
f 735/735/735 736/736/736 737/737/737
f 738/738/738 739/739/739 740/740/740
f 741/741/741 742/742/742 743/743/743
f 744/744/744 745/745/745 743/743/743
f 746/746/746 739/739/739 738/738/738
f 747/747/747 748/748/748 749/749/749
f 743/743/743 750/750/750 751/751/751
f 743/743/743 752/752/752 753/753/753
f 754/754/754 755/755/755 756/756/756
f 753/753/753 757/757/757 758/758/758
f 759/759/759 760/760/760 754/754/754
f 761/761/761 754/754/754 762/762/762
f 762/762/762 756/756/756 763/763/763
f 764/764/764 759/759/759 761/761/761
f 765/765/765 766/766/766 759/759/759
f 767/767/767 765/765/765 764/764/764
f 768/768/768 769/769/769 765/765/765
f 770/770/770 768/768/768 767/767/767
f 771/771/771 772/772/772 768/768/768
f 773/773/773 771/771/771 770/770/770
f 774/774/774 775/775/775 771/771/771
f 776/776/776 777/777/777 778/778/778
f 779/779/779 780/780/780 777/777/777
f 781/781/781 782/782/782 783/783/783
f 784/784/784 785/785/785 782/782/782
f 786/786/786 781/781/781 787/787/787
f 788/788/788 784/784/784 786/786/786
f 787/787/787 789/789/789 786/786/786
f 786/786/786 790/790/790 788/788/788
f 791/791/791 792/792/792 793/793/793
f 794/794/794 795/795/795 791/791/791
f 796/796/796 792/792/792 795/795/795
f 797/797/797 796/796/796 795/795/795
f 796/796/796 798/798/798 799/799/799
f 800/800/800 801/801/801 796/796/796
f 798/798/798 802/802/802 803/803/803
f 801/801/801 804/804/804 802/802/802
f 802/802/802 805/805/805 803/803/803
f 804/804/804 806/806/806 802/802/802
f 805/805/805 807/807/807 808/808/808
f 806/806/806 809/809/809 807/807/807
f 808/808/808 810/810/810 811/811/811
f 807/807/807 812/812/812 810/810/810
f 810/810/810 813/813/813 811/811/811
f 812/812/812 814/814/814 810/810/810
f 814/814/814 815/815/815 813/813/813
f 816/816/816 817/817/817 814/814/814
f 817/817/817 818/818/818 815/815/815
f 819/819/819 820/820/820 817/817/817
f 820/820/820 821/821/821 818/818/818
f 822/822/822 823/823/823 820/820/820
f 824/824/824 825/825/825 826/826/826
f 827/827/827 823/823/823 824/824/824
f 828/828/828 829/829/829 830/830/830
f 831/831/831 830/830/830 730/730/730
f 828/828/828 733/733/733 829/829/829
f 832/832/832 828/828/828 833/833/833
f 834/834/834 826/826/826 835/835/835
f 836/836/836 837/837/837 838/838/838
f 839/839/839 840/840/840 841/841/841
f 842/842/842 841/841/841 843/843/843
f 826/826/826 844/844/844 835/835/835
f 841/841/841 845/845/845 846/846/846
f 847/847/847 848/848/848 841/841/841
f 849/849/849 850/850/850 851/851/851
f 852/852/852 851/851/851 853/853/853
f 854/854/854 849/849/849 852/852/852
f 855/855/855 856/856/856 849/849/849
f 857/857/857 855/855/855 854/854/854
f 858/858/858 859/859/859 855/855/855
f 860/860/860 858/858/858 857/857/857
f 861/861/861 862/862/862 858/858/858
f 863/863/863 861/861/861 860/860/860
f 864/864/864 865/865/865 861/861/861
f 866/866/866 864/864/864 863/863/863
f 867/867/867 868/868/868 864/864/864
f 869/869/869 866/866/866 870/870/870
f 871/871/871 867/867/867 869/869/869
f 872/872/872 870/870/870 873/873/873
f 874/874/874 869/869/869 872/872/872
f 875/875/875 876/876/876 877/877/877
f 878/878/878 879/879/879 875/875/875
f 875/875/875 880/880/880 881/881/881
f 882/882/882 875/875/875 881/881/881
f 881/881/881 883/883/883 884/884/884
f 882/882/882 884/884/884 885/885/885
f 886/886/886 887/887/887 888/888/888
f 889/889/889 888/888/888 890/890/890
f 888/888/888 891/891/891 890/890/890
f 887/887/887 892/892/892 888/888/888
f 891/891/891 893/893/893 894/894/894
f 892/892/892 895/895/895 893/893/893
f 896/896/896 897/897/897 898/898/898
f 899/899/899 900/900/900 897/897/897
f 901/901/901 902/902/902 903/903/903
f 904/904/904 905/905/905 902/902/902
f 903/903/903 906/906/906 907/907/907
f 902/902/902 908/908/908 906/906/906
f 907/907/907 909/909/909 910/910/910
f 906/906/906 911/911/911 909/909/909
f 910/910/910 912/912/912 913/913/913
f 909/909/909 914/914/914 912/912/912
f 913/913/913 915/915/915 916/916/916
f 912/912/912 917/917/917 915/915/915
f 916/916/916 918/918/918 919/919/919
f 915/915/915 920/920/920 918/918/918
f 921/921/921 922/922/922 923/923/923
f 924/924/924 925/925/925 926/926/926
f 923/923/923 927/927/927 928/928/928
f 928/928/928 929/929/929 930/930/930
f 846/846/846 928/928/928 931/931/931
f 932/932/932 933/933/933 934/934/934
f 935/935/935 936/936/936 937/937/937
f 938/938/938 939/939/939 940/940/940
f 941/941/941 942/942/942 938/938/938
f 943/943/943 944/944/944 945/945/945
f 946/946/946 947/947/947 948/948/948
f 949/949/949 947/947/947 946/946/946
f 950/950/950 951/951/951 952/952/952
f 953/953/953 954/954/954 955/955/955
f 956/956/956 957/957/957 958/958/958
f 959/959/959 960/960/960 961/961/961
f 962/962/962 963/963/963 964/964/964
f 965/965/965 966/966/966 962/962/962
f 967/967/967 968/968/968 969/969/969
f 970/970/970 971/971/971 972/972/972
f 950/950/950 973/973/973 951/951/951
f 974/974/974 975/975/975 976/976/976
f 977/977/977 978/978/978 979/979/979
f 980/980/980 981/981/981 982/982/982
f 983/983/983 984/984/984 985/985/985
f 986/986/986 987/987/987 988/988/988
f 989/989/989 988/988/988 987/987/987
f 926/926/926 990/990/990 991/991/991
f 992/992/992 993/993/993 994/994/994
f 995/995/995 996/996/996 997/997/997
f 998/998/998 999/999/999 1000/1000/1000
f 1001/1001/1001 1002/1002/1002 1003/1003/1003
f 1004/1004/1004 1005/1005/1005 1006/1006/1006
f 1007/1007/1007 1008/1008/1008 1009/1009/1009
f 1010/1010/1010 1011/1011/1011 1012/1012/1012
f 1013/1013/1013 1014/1014/1014 1015/1015/1015
f 1016/1016/1016 1011/1011/1011 1017/1017/1017
f 1018/1018/1018 1019/1019/1019 1020/1020/1020
f 1021/1021/1021 1020/1020/1020 1022/1022/1022
f 1023/1023/1023 1024/1024/1024 1025/1025/1025
f 1026/1026/1026 1027/1027/1027 1028/1028/1028
f 1029/1029/1029 1030/1030/1030 1031/1031/1031
f 1032/1032/1032 1033/1033/1033 1034/1034/1034
f 1035/1035/1035 1036/1036/1036 1037/1037/1037
f 1038/1038/1038 1039/1039/1039 1040/1040/1040
f 1041/1041/1041 1042/1042/1042 1040/1040/1040
f 1043/1043/1043 1037/1037/1037 1044/1044/1044
f 1045/1045/1045 1046/1046/1046 1041/1041/1041
f 1047/1047/1047 1048/1048/1048 1043/1043/1043
f 1049/1049/1049 1050/1050/1050 1051/1051/1051
f 1052/1052/1052 1053/1053/1053 845/845/845
f 1054/1054/1054 1055/1055/1055 932/932/932
f 1056/1056/1056 1057/1057/1057 1058/1058/1058
f 1059/1059/1059 932/932/932 1055/1055/1055
f 1060/1060/1060 1061/1061/1061 1056/1056/1056
f 1062/1062/1062 1045/1045/1045 1041/1041/1041
f 1063/1063/1063 1064/1064/1064 845/845/845
f 1065/1065/1065 1066/1066/1066 1067/1067/1067
f 1068/1068/1068 1069/1069/1069 1070/1070/1070
f 1071/1071/1071 1072/1072/1072 1073/1073/1073
f 1074/1074/1074 1075/1075/1075 1076/1076/1076
f 1077/1077/1077 1078/1078/1078 1079/1079/1079
f 1080/1080/1080 1081/1081/1081 1082/1082/1082
f 1083/1083/1083 1079/1079/1079 1078/1078/1078
f 1084/1084/1084 1082/1082/1082 1081/1081/1081
f 1085/1085/1085 1086/1086/1086 1087/1087/1087
f 1088/1088/1088 1089/1089/1089 1090/1090/1090
f 1091/1091/1091 1092/1092/1092 1093/1093/1093
f 1083/1083/1083 1094/1094/1094 1095/1095/1095
f 1083/1083/1083 1096/1096/1096 1097/1097/1097
f 1097/1097/1097 1098/1098/1098 1099/1099/1099
f 1096/1096/1096 1100/1100/1100 1097/1097/1097
f 1101/1101/1101 1094/1094/1094 1102/1102/1102
f 1103/1103/1103 1104/1104/1104 1105/1105/1105
f 1106/1106/1106 1105/1105/1105 1107/1107/1107
f 1108/1108/1108 1102/1102/1102 1106/1106/1106
f 1109/1109/1109 1110/1110/1110 1111/1111/1111
f 1105/1105/1105 1112/1112/1112 1113/1113/1113
f 1114/1114/1114 1115/1115/1115 1116/1116/1116
f 1117/1117/1117 1118/1118/1118 1114/1114/1114
f 1100/1100/1100 1119/1119/1119 1103/1103/1103
f 1120/1120/1120 1121/1121/1121 1119/1119/1119
f 1122/1122/1122 1123/1123/1123 1124/1124/1124
f 1125/1125/1125 1126/1126/1126 1127/1127/1127
f 1120/1120/1120 1128/1128/1128 1129/1129/1129
f 1130/1130/1130 1120/1120/1120 1100/1100/1100
f 1066/1066/1066 1127/1127/1127 1067/1067/1067
f 848/848/848 1131/1131/1131 1132/1132/1132
f 1133/1133/1133 1134/1134/1134 1135/1135/1135
f 1134/1134/1134 850/850/850 856/856/856
f 1136/1136/1136 856/856/856 859/859/859
f 1135/1135/1135 1136/1136/1136 1137/1137/1137
f 1138/1138/1138 1137/1137/1137 1139/1139/1139
f 1140/1140/1140 1135/1135/1135 1138/1138/1138
f 1141/1141/1141 1142/1142/1142 1143/1143/1143
f 1144/1144/1144 1145/1145/1145 1142/1142/1142
f 1146/1146/1146 1110/1110/1110 1144/1144/1144
f 1147/1147/1147 1144/1144/1144 1141/1141/1141
f 1148/1148/1148 1146/1146/1146 1147/1147/1147
f 1149/1149/1149 1111/1111/1111 1146/1146/1146
f 1150/1150/1150 1151/1151/1151 1149/1149/1149
f 1152/1152/1152 1149/1149/1149 1148/1148/1148
f 1153/1153/1153 1150/1150/1150 1154/1154/1154
f 1155/1155/1155 1150/1150/1150 1152/1152/1152
f 1156/1156/1156 1154/1154/1154 1155/1155/1155
f 1157/1157/1157 1153/1153/1153 1154/1154/1154
f 1157/1157/1157 1158/1158/1158 1159/1159/1159
f 1088/1088/1088 1159/1159/1159 1160/1160/1160
f 1161/1161/1161 1162/1162/1162 1163/1163/1163
f 1164/1164/1164 1163/1163/1163 1165/1165/1165
f 1166/1166/1166 1160/1160/1160 1167/1167/1167
f 1085/1085/1085 1167/1167/1167 1168/1168/1168
f 1169/1169/1169 1170/1170/1170 1161/1161/1161
f 916/916/916 1171/1171/1171 1169/1169/1169
f 913/913/913 1169/1169/1169 1172/1172/1172
f 1172/1172/1172 1161/1161/1161 1164/1164/1164
f 910/910/910 1172/1172/1172 1173/1173/1173
f 1174/1174/1174 1175/1175/1175 1176/1176/1176
f 1177/1177/1177 1165/1165/1165 1178/1178/1178
f 1179/1179/1179 1178/1178/1178 1180/1180/1180
f 1181/1181/1181 1176/1176/1176 1182/1182/1182
f 1183/1183/1183 1182/1182/1182 1184/1184/1184
f 1185/1185/1185 1180/1180/1180 1186/1186/1186
f 1187/1187/1187 1184/1184/1184 1188/1188/1188
f 1189/1189/1189 1186/1186/1186 1190/1190/1190
f 1191/1191/1191 1192/1192/1192 1193/1193/1193
f 1193/1193/1193 1194/1194/1194 1195/1195/1195
f 1196/1196/1196 1197/1197/1197 1198/1198/1198
f 1199/1199/1199 1200/1200/1200 1201/1201/1201
f 1202/1202/1202 1203/1203/1203 1204/1204/1204
f 1199/1199/1199 1205/1205/1205 1203/1203/1203
f 891/891/891 1206/1206/1206 1202/1202/1202
f 891/891/891 1204/1204/1204 890/890/890
f 1203/1203/1203 1207/1207/1207 1204/1204/1204
f 1204/1204/1204 889/889/889 890/890/890
f 1208/1208/1208 1209/1209/1209 1210/1210/1210
f 1208/1208/1208 882/882/882 885/885/885
f 1211/1211/1211 1212/1212/1212 1213/1213/1213
f 1213/1213/1213 1214/1214/1214 1215/1215/1215
f 1216/1216/1216 1212/1212/1212 1217/1217/1217
f 1212/1212/1212 1218/1218/1218 1214/1214/1214
f 1218/1218/1218 1219/1219/1219 1214/1214/1214
f 1214/1214/1214 1220/1220/1220 1215/1215/1215
f 1220/1220/1220 1221/1221/1221 1222/1222/1222
f 1219/1219/1219 1223/1223/1223 1221/1221/1221
f 1224/1224/1224 1225/1225/1225 1218/1218/1218
f 1226/1226/1226 1223/1223/1223 1225/1225/1225
f 1227/1227/1227 1226/1226/1226 1224/1224/1224
f 1228/1228/1228 1229/1229/1229 1226/1226/1226
f 1230/1230/1230 1231/1231/1231 1229/1229/1229
f 1229/1229/1229 1221/1221/1221 1223/1223/1223
f 1221/1221/1221 1232/1232/1232 1222/1222/1222
f 1233/1233/1233 1234/1234/1234 1235/1235/1235
f 1236/1236/1236 1237/1237/1237 1234/1234/1234
f 1222/1222/1222 1238/1238/1238 1239/1239/1239
f 1240/1240/1240 871/871/871 1237/1237/1237
f 1237/1237/1237 874/874/874 1241/1241/1241
f 878/878/878 1242/1242/1242 1243/1243/1243
f 1244/1244/1244 1222/1222/1222 1239/1239/1239
f 1210/1210/1210 878/878/878 882/882/882
f 1209/1209/1209 1245/1245/1245 1210/1210/1210
f 1240/1240/1240 868/868/868 1246/1246/1246
f 1236/1236/1236 1247/1247/1247 1240/1240/1240
f 1247/1247/1247 865/865/865 868/868/868
f 1248/1248/1248 1249/1249/1249 1247/1247/1247
f 1250/1250/1250 1251/1251/1251 1248/1248/1248
f 1233/1233/1233 1248/1248/1248 1236/1236/1236
f 1252/1252/1252 1253/1253/1253 1250/1250/1250
f 1254/1254/1254 1250/1250/1250 1233/1233/1233
f 1255/1255/1255 1256/1256/1256 1257/1257/1257
f 1228/1228/1228 1257/1257/1257 1230/1230/1230
f 1258/1258/1258 1259/1259/1259 1255/1255/1255
f 1227/1227/1227 1255/1255/1255 1228/1228/1228
f 1260/1260/1260 1261/1261/1261 1258/1258/1258
f 1262/1262/1262 1258/1258/1258 1227/1227/1227
f 1263/1263/1263 1264/1264/1264 1260/1260/1260
f 1265/1265/1265 1260/1260/1260 1262/1262/1262
f 1200/1200/1200 1266/1266/1266 1267/1267/1267
f 1268/1268/1268 1269/1269/1269 1263/1263/1263
f 1270/1270/1270 1271/1271/1271 1272/1272/1272
f 1268/1268/1268 1273/1273/1273 1271/1271/1271
f 1274/1274/1274 1272/1272/1272 1275/1275/1275
f 1270/1270/1270 1276/1276/1276 1269/1269/1269
f 1156/1156/1156 1275/1275/1275 1158/1158/1158
f 1274/1274/1274 1155/1155/1155 1276/1276/1276
f 1269/1269/1269 1277/1277/1277 1264/1264/1264
f 1276/1276/1276 1152/1152/1152 1277/1277/1277
f 1277/1277/1277 1148/1148/1148 1278/1278/1278
f 1264/1264/1264 1278/1278/1278 1261/1261/1261
f 1278/1278/1278 1147/1147/1147 1279/1279/1279
f 1261/1261/1261 1279/1279/1279 1259/1259/1259
f 1259/1259/1259 1280/1280/1280 1256/1256/1256
f 1279/1279/1279 1141/1141/1141 1280/1280/1280
f 1280/1280/1280 1143/1143/1143 1281/1281/1281
f 1282/1282/1282 1283/1283/1283 1253/1253/1253
f 1283/1283/1283 1251/1251/1251 1253/1253/1253
f 1139/1139/1139 1284/1284/1284 1283/1283/1283
f 1137/1137/1137 1285/1285/1285 1284/1284/1284
f 1284/1284/1284 1249/1249/1249 1251/1251/1251
f 1285/1285/1285 859/859/859 862/862/862
f 1249/1249/1249 862/862/862 865/865/865
f 1265/1265/1265 1286/1286/1286 1287/1287/1287
f 1201/1201/1201 1267/1267/1267 1288/1288/1288
f 1201/1201/1201 1289/1289/1289 1205/1205/1205
f 1287/1287/1287 1290/1290/1290 1216/1216/1216
f 1262/1262/1262 1224/1224/1224 1286/1286/1286
f 1290/1290/1290 1224/1224/1224 1218/1218/1218
f 896/896/896 1291/1291/1291 1191/1191/1191
f 901/901/901 1292/1292/1292 1293/1293/1293
f 903/903/903 1294/1294/1294 1292/1292/1292
f 907/907/907 1173/1173/1173 1294/1294/1294
f 1153/1153/1153 1295/1295/1295 1296/1296/1296
f 1041/1041/1041 948/948/948 1062/1062/1062
f 1297/1297/1297 1298/1298/1298 980/980/980
f 992/992/992 1299/1299/1299 1300/1300/1300
f 1301/1301/1301 1302/1302/1302 1303/1303/1303
f 1304/1304/1304 1305/1305/1305 1306/1306/1306
f 1307/1307/1307 1308/1308/1308 1005/1005/1005
f 1309/1309/1309 1015/1015/1015 1310/1310/1310
f 957/957/957 1311/1311/1311 1312/1312/1312
f 1313/1313/1313 1314/1314/1314 1315/1315/1315
f 1316/1316/1316 1317/1317/1317 1318/1318/1318
f 1319/1319/1319 1320/1320/1320 1321/1321/1321
f 1322/1322/1322 1323/1323/1323 1324/1324/1324
f 1325/1325/1325 1322/1322/1322 1324/1324/1324
f 1326/1326/1326 1327/1327/1327 1328/1328/1328
f 1329/1329/1329 1323/1323/1323 742/742/742
f 1330/1330/1330 1331/1331/1331 1332/1332/1332
f 735/735/735 1333/1333/1333 1334/1334/1334
f 1333/1333/1333 1335/1335/1335 1336/1336/1336
f 1337/1337/1337 1313/1313/1313 1338/1338/1338
f 1339/1339/1339 1340/1340/1340 1337/1337/1337
f 1341/1341/1341 1342/1342/1342 1343/1343/1343
f 1344/1344/1344 1345/1345/1345 1346/1346/1346
f 832/832/832 1347/1347/1347 733/733/733
f 1348/1348/1348 1349/1349/1349 1350/1350/1350
f 832/832/832 1351/1351/1351 1352/1352/1352
f 1353/1353/1353 1354/1354/1354 1323/1323/1323
f 742/742/742 1354/1354/1354 750/750/750
f 917/917/917 763/763/763 920/920/920
f 914/914/914 762/762/762 917/917/917
f 911/911/911 761/761/761 914/914/914
f 908/908/908 764/764/764 911/911/911
f 905/905/905 767/767/767 908/908/908
f 1355/1355/1355 770/770/770 905/905/905
f 1356/1356/1356 778/778/778 900/900/900
f 1357/1357/1357 783/783/783 895/895/895
f 787/787/787 1357/1357/1357 887/887/887
f 1358/1358/1358 787/787/787 887/887/887
f 883/883/883 1359/1359/1359 1360/1360/1360
f 877/877/877 1359/1359/1359 880/880/880
f 877/877/877 1361/1361/1361 1362/1362/1362
f 1363/1363/1363 1364/1364/1364 804/804/804
f 1364/1364/1364 1365/1365/1365 804/804/804
f 1365/1365/1365 1366/1366/1366 809/809/809
f 809/809/809 1367/1367/1367 812/812/812
f 1367/1367/1367 816/816/816 812/812/812
f 1368/1368/1368 819/819/819 816/816/816
f 1369/1369/1369 822/822/822 819/819/819
f 1370/1370/1370 825/825/825 822/822/822
f 1371/1371/1371 831/831/831 739/739/739
f 1372/1372/1372 827/827/827 1373/1373/1373
f 1374/1374/1374 1373/1373/1373 1375/1375/1375
f 1376/1376/1376 1372/1372/1372 1373/1373/1373
f 1377/1377/1377 1378/1378/1378 1376/1376/1376
f 1379/1379/1379 1376/1376/1376 1374/1374/1374
f 1378/1378/1378 821/821/821 1372/1372/1372
f 1380/1380/1380 818/818/818 1378/1378/1378
f 1381/1381/1381 1380/1380/1380 1377/1377/1377
f 1382/1382/1382 815/815/815 1380/1380/1380
f 1383/1383/1383 1382/1382/1382 1381/1381/1381
f 1384/1384/1384 813/813/813 1382/1382/1382
f 1385/1385/1385 1377/1377/1377 1379/1379/1379
f 1386/1386/1386 1381/1381/1381 1385/1385/1385
f 1387/1387/1387 1379/1379/1379 1388/1388/1388
f 1389/1389/1389 1385/1385/1385 1387/1387/1387
f 1390/1390/1390 1388/1388/1388 1391/1391/1391
f 1392/1392/1392 1387/1387/1387 1390/1390/1390
f 1393/1393/1393 1394/1394/1394 1395/1395/1395
f 1395/1395/1395 1396/1396/1396 1397/1397/1397
f 1398/1398/1398 1399/1399/1399 1400/1400/1400
f 758/758/758 1401/1401/1401 1398/1398/1398
f 1397/1397/1397 1402/1402/1402 747/747/747
f 1400/1400/1400 1403/1403/1403 1404/1404/1404
f 1405/1405/1405 1406/1406/1406 1393/1393/1393
f 1404/1404/1404 1407/1407/1407 1408/1408/1408
f 785/785/785 1409/1409/1409 1405/1405/1405
f 1410/1410/1410 1411/1411/1411 1412/1412/1412
f 1412/1412/1412 1389/1389/1389 1392/1392/1392
f 1411/1411/1411 1386/1386/1386 1389/1389/1389
f 1413/1413/1413 1414/1414/1414 1411/1411/1411
f 1414/1414/1414 1383/1383/1383 1386/1386/1386
f 1415/1415/1415 1416/1416/1416 1414/1414/1414
f 1416/1416/1416 1384/1384/1384 1383/1383/1383
f 1417/1417/1417 1418/1418/1418 1416/1416/1416
f 1418/1418/1418 811/811/811 1384/1384/1384
f 1419/1419/1419 808/808/808 1418/1418/1418
f 803/803/803 1419/1419/1419 1420/1420/1420
f 1420/1420/1420 1417/1417/1417 1421/1421/1421
f 1422/1422/1422 1421/1421/1421 1423/1423/1423
f 798/798/798 1420/1420/1420 1422/1422/1422
f 1421/1421/1421 1415/1415/1415 1424/1424/1424
f 1423/1423/1423 1424/1424/1424 1425/1425/1425
f 1424/1424/1424 1413/1413/1413 1426/1426/1426
f 1427/1427/1427 1424/1424/1424 1426/1426/1426
f 1426/1426/1426 1410/1410/1410 1428/1428/1428
f 1429/1429/1429 1430/1430/1430 1431/1431/1431
f 1431/1431/1431 1432/1432/1432 788/788/788
f 1432/1432/1432 1433/1433/1433 785/785/785
f 790/790/790 1431/1431/1431 788/788/788
f 793/793/793 1425/1425/1425 1427/1427/1427
f 799/799/799 1425/1425/1425 792/792/792
f 799/799/799 1422/1422/1422 1423/1423/1423
f 1391/1391/1391 1434/1434/1434 1435/1435/1435
f 1434/1434/1434 744/744/744 1435/1435/1435
f 1434/1434/1434 1375/1375/1375 1436/1436/1436
f 1388/1388/1388 1374/1374/1374 1434/1434/1434
f 1437/1437/1437 1438/1438/1438 1439/1439/1439
f 1440/1440/1440 1441/1441/1441 1442/1442/1442
f 1443/1443/1443 1444/1444/1444 1445/1445/1445
f 1446/1446/1446 1443/1443/1443 1445/1445/1445
f 1447/1447/1447 1438/1438/1438 1448/1448/1448
f 1449/1449/1449 1450/1450/1450 1451/1451/1451
f 1452/1452/1452 1450/1450/1450 1453/1453/1453
f 1454/1454/1454 1455/1455/1455 1456/1456/1456
f 1457/1457/1457 1454/1454/1454 1456/1456/1456
f 1458/1458/1458 1459/1459/1459 1460/1460/1460
f 1461/1461/1461 1462/1462/1462 1463/1463/1463
f 1464/1464/1464 1465/1465/1465 1466/1466/1466
f 1467/1467/1467 1468/1468/1468 1469/1469/1469
f 1470/1470/1470 1467/1467/1467 1469/1469/1469
f 1471/1471/1471 1462/1462/1462 1472/1472/1472
f 1473/1473/1473 1474/1474/1474 1475/1475/1475
f 1476/1476/1476 1474/1474/1474 1477/1477/1477
f 1478/1478/1478 1479/1479/1479 1480/1480/1480
f 1481/1481/1481 1478/1478/1478 1480/1480/1480
f 1482/1482/1482 1483/1483/1483 1484/1484/1484
f 1485/1485/1485 1486/1486/1486 1487/1487/1487
f 1488/1488/1488 1489/1489/1489 1490/1490/1490
f 1491/1491/1491 1492/1492/1492 1493/1493/1493
f 1494/1494/1494 1491/1491/1491 1493/1493/1493
f 1495/1495/1495 1496/1496/1496 1486/1486/1486
f 1497/1497/1497 1498/1498/1498 1499/1499/1499
f 1499/1499/1499 1500/1500/1500 1501/1501/1501
f 1502/1502/1502 1503/1503/1503 1504/1504/1504
f 1505/1505/1505 1504/1504/1504 1506/1506/1506
f 1507/1507/1507 1508/1508/1508 1509/1509/1509
f 1510/1510/1510 1511/1511/1511 1512/1512/1512
f 1513/1513/1513 1514/1514/1514 1515/1515/1515
f 1516/1516/1516 1517/1517/1517 1518/1518/1518
f 1519/1519/1519 1520/1520/1520 1516/1516/1516
f 1521/1521/1521 1522/1522/1522 1510/1510/1510
f 1523/1523/1523 1524/1524/1524 1525/1525/1525
f 1526/1526/1526 1525/1525/1525 1527/1527/1527
f 1528/1528/1528 1529/1529/1529 1530/1530/1530
f 1531/1531/1531 1530/1530/1530 1532/1532/1532
f 1533/1533/1533 1534/1534/1534 1535/1535/1535
f 1536/1536/1536 1537/1537/1537 1538/1538/1538
f 1539/1539/1539 1540/1540/1540 1541/1541/1541
f 1542/1542/1542 1539/1539/1539 1541/1541/1541
f 1543/1543/1543 1544/1544/1544 1545/1545/1545
f 1546/1546/1546 1547/1547/1547 1536/1536/1536
f 1548/1548/1548 1549/1549/1549 1550/1550/1550
f 1551/1551/1551 1550/1550/1550 1552/1552/1552
f 1553/1553/1553 1554/1554/1554 1555/1555/1555
f 1556/1556/1556 1557/1557/1557 1558/1558/1558
f 1554/1554/1554 1559/1559/1559 1560/1560/1560
f 1561/1561/1561 1562/1562/1562 1563/1563/1563
f 1564/1564/1564 1565/1565/1565 1566/1566/1566
f 1567/1567/1567 1568/1568/1568 1569/1569/1569
f 1570/1570/1570 1568/1568/1568 1571/1571/1571
f 1562/1562/1562 1572/1572/1572 1563/1563/1563
f 1573/1573/1573 1574/1574/1574 1575/1575/1575
f 1576/1576/1576 1573/1573/1573 1575/1575/1575
f 1577/1577/1577 1578/1578/1578 1579/1579/1579
f 1580/1580/1580 1578/1578/1578 1581/1581/1581
f 1582/1582/1582 1583/1583/1583 1584/1584/1584
f 1585/1585/1585 1586/1586/1586 1587/1587/1587
f 1588/1588/1588 1589/1589/1589 1590/1590/1590
f 1591/1591/1591 1592/1592/1592 1593/1593/1593
f 1594/1594/1594 1592/1592/1592 1595/1595/1595
f 1587/1587/1587 1596/1596/1596 1597/1597/1597
f 1598/1598/1598 1599/1599/1599 1600/1600/1600
f 1601/1601/1601 1598/1598/1598 1600/1600/1600
f 1602/1602/1602 1603/1603/1603 1604/1604/1604
f 1605/1605/1605 1603/1603/1603 1606/1606/1606
f 1607/1607/1607 1608/1608/1608 1609/1609/1609
f 1610/1610/1610 1611/1611/1611 1612/1612/1612
f 1613/1613/1613 1614/1614/1614 1615/1615/1615
f 1616/1616/1616 1617/1617/1617 1618/1618/1618
f 1619/1619/1619 1617/1617/1617 1620/1620/1620
f 1612/1612/1612 1621/1621/1621 1622/1622/1622
f 1623/1623/1623 1624/1624/1624 1625/1625/1625
f 1626/1626/1626 1625/1625/1625 1627/1627/1627
f 1628/1628/1628 1629/1629/1629 1630/1630/1630
f 1630/1630/1630 1631/1631/1631 1632/1632/1632
f 1633/1633/1633 1634/1634/1634 1635/1635/1635
f 1636/1636/1636 1637/1637/1637 1638/1638/1638
f 1639/1639/1639 1640/1640/1640 1641/1641/1641
f 1642/1642/1642 1643/1643/1643 1644/1644/1644
f 1645/1645/1645 1644/1644/1644 1646/1646/1646
f 1647/1647/1647 1648/1648/1648 1637/1637/1637
f 1649/1649/1649 1650/1650/1650 1651/1651/1651
f 1652/1652/1652 1653/1653/1653 1649/1649/1649
f 1654/1654/1654 1655/1655/1655 1656/1656/1656
f 1657/1657/1657 1658/1658/1658 1659/1659/1659
f 1654/1654/1654 1660/1660/1660 1661/1661/1661
f 1662/1662/1662 1663/1663/1663 1664/1664/1664
f 1665/1665/1665 1666/1666/1666 1667/1667/1667
f 1668/1668/1668 1669/1669/1669 1670/1670/1670
f 1671/1671/1671 1670/1670/1670 1672/1672/1672
f 1673/1673/1673 1674/1674/1674 1663/1663/1663
f 1675/1675/1675 1676/1676/1676 1677/1677/1677
f 1678/1678/1678 1679/1679/1679 1675/1675/1675
f 1680/1680/1680 1681/1681/1681 1682/1682/1682
f 1682/1682/1682 1683/1683/1683 1684/1684/1684
f 1680/1680/1680 1685/1685/1685 1686/1686/1686
f 1687/1687/1687 1688/1688/1688 1689/1689/1689
f 1690/1690/1690 1691/1691/1691 1692/1692/1692
f 1691/1691/1691 1693/1693/1693 1692/1692/1692
f 1694/1694/1694 1695/1695/1695 1696/1696/1696
f 1697/1697/1697 1698/1698/1698 1699/1699/1699
f 1700/1700/1700 1701/1701/1701 1702/1702/1702
f 1703/1703/1703 1697/1697/1697 1702/1702/1702
f 1704/1704/1704 1698/1698/1698 1697/1697/1697
f 1705/1705/1705 1706/1706/1706 1707/1707/1707
f 1702/1702/1702 1708/1708/1708 1709/1709/1709
f 1707/1707/1707 1710/1710/1710 1705/1705/1705
f 1711/1711/1711 1712/1712/1712 1713/1713/1713
f 1705/1705/1705 1714/1714/1714 1715/1715/1715
f 1716/1716/1716 1717/1717/1717 1711/1711/1711
f 1718/1718/1718 1711/1711/1711 1719/1719/1719
f 1719/1719/1719 1713/1713/1713 1720/1720/1720
f 1721/1721/1721 1716/1716/1716 1718/1718/1718
f 1722/1722/1722 1723/1723/1723 1716/1716/1716
f 1724/1724/1724 1722/1722/1722 1721/1721/1721
f 1725/1725/1725 1726/1726/1726 1722/1722/1722
f 1727/1727/1727 1725/1725/1725 1724/1724/1724
f 1728/1728/1728 1729/1729/1729 1725/1725/1725
f 1730/1730/1730 1728/1728/1728 1727/1727/1727
f 1731/1731/1731 1732/1732/1732 1728/1728/1728
f 1733/1733/1733 1734/1734/1734 1735/1735/1735
f 1736/1736/1736 1737/1737/1737 1734/1734/1734
f 1738/1738/1738 1739/1739/1739 1740/1740/1740
f 1741/1741/1741 1742/1742/1742 1739/1739/1739
f 1743/1743/1743 1738/1738/1738 1744/1744/1744
f 1745/1745/1745 1741/1741/1741 1743/1743/1743
f 1744/1744/1744 1746/1746/1746 1743/1743/1743
f 1743/1743/1743 1747/1747/1747 1745/1745/1745
f 1748/1748/1748 1749/1749/1749 1750/1750/1750
f 1751/1751/1751 1752/1752/1752 1748/1748/1748
f 1753/1753/1753 1749/1749/1749 1752/1752/1752
f 1754/1754/1754 1753/1753/1753 1752/1752/1752
f 1753/1753/1753 1755/1755/1755 1756/1756/1756
f 1757/1757/1757 1758/1758/1758 1753/1753/1753
f 1755/1755/1755 1759/1759/1759 1760/1760/1760
f 1758/1758/1758 1761/1761/1761 1759/1759/1759
f 1762/1762/1762 1763/1763/1763 1764/1764/1764
f 1765/1765/1765 1766/1766/1766 1762/1762/1762
f 1763/1763/1763 1767/1767/1767 1768/1768/1768
f 1766/1766/1766 1769/1769/1769 1767/1767/1767
f 1768/1768/1768 1770/1770/1770 1771/1771/1771
f 1767/1767/1767 1772/1772/1772 1770/1770/1770
f 1770/1770/1770 1773/1773/1773 1771/1771/1771
f 1772/1772/1772 1774/1774/1774 1770/1770/1770
f 1774/1774/1774 1775/1775/1775 1773/1773/1773
f 1776/1776/1776 1777/1777/1777 1774/1774/1774
f 1777/1777/1777 1778/1778/1778 1775/1775/1775
f 1779/1779/1779 1780/1780/1780 1777/1777/1777
f 1780/1780/1780 1781/1781/1781 1778/1778/1778
f 1782/1782/1782 1783/1783/1783 1780/1780/1780
f 1784/1784/1784 1785/1785/1785 1786/1786/1786
f 1787/1787/1787 1788/1788/1788 1784/1784/1784
f 1789/1789/1789 1790/1790/1790 1784/1784/1784
f 1787/1787/1787 1784/1784/1784 1791/1791/1791
f 1792/1792/1792 1687/1687/1687 1793/1793/1793
f 1794/1794/1794 1792/1792/1792 1795/1795/1795
f 1796/1796/1796 1786/1786/1786 1797/1797/1797
f 1798/1798/1798 1799/1799/1799 1800/1800/1800
f 1801/1801/1801 1802/1802/1802 1803/1803/1803
f 1804/1804/1804 1803/1803/1803 1797/1797/1797
f 1786/1786/1786 1804/1804/1804 1797/1797/1797
f 1803/1803/1803 1805/1805/1805 1806/1806/1806
f 1807/1807/1807 1808/1808/1808 1803/1803/1803
f 1809/1809/1809 1810/1810/1810 1811/1811/1811
f 1812/1812/1812 1811/1811/1811 1813/1813/1813
f 1814/1814/1814 1809/1809/1809 1812/1812/1812
f 1815/1815/1815 1816/1816/1816 1809/1809/1809
f 1817/1817/1817 1815/1815/1815 1814/1814/1814
f 1818/1818/1818 1819/1819/1819 1815/1815/1815
f 1820/1820/1820 1818/1818/1818 1817/1817/1817
f 1821/1821/1821 1822/1822/1822 1818/1818/1818
f 1823/1823/1823 1821/1821/1821 1820/1820/1820
f 1824/1824/1824 1825/1825/1825 1821/1821/1821
f 1826/1826/1826 1824/1824/1824 1823/1823/1823
f 1827/1827/1827 1828/1828/1828 1824/1824/1824
f 1829/1829/1829 1826/1826/1826 1830/1830/1830
f 1831/1831/1831 1827/1827/1827 1829/1829/1829
f 1832/1832/1832 1830/1830/1830 1833/1833/1833
f 1834/1834/1834 1829/1829/1829 1832/1832/1832
f 1835/1835/1835 1836/1836/1836 1837/1837/1837
f 1838/1838/1838 1839/1839/1839 1835/1835/1835
f 1835/1835/1835 1840/1840/1840 1841/1841/1841
f 1842/1842/1842 1835/1835/1835 1841/1841/1841
f 1841/1841/1841 1843/1843/1843 1844/1844/1844
f 1842/1842/1842 1844/1844/1844 1845/1845/1845
f 1846/1846/1846 1847/1847/1847 1848/1848/1848
f 1849/1849/1849 1848/1848/1848 1850/1850/1850
f 1848/1848/1848 1851/1851/1851 1850/1850/1850
f 1847/1847/1847 1852/1852/1852 1848/1848/1848
f 1851/1851/1851 1853/1853/1853 1854/1854/1854
f 1852/1852/1852 1855/1855/1855 1853/1853/1853
f 1856/1856/1856 1857/1857/1857 1858/1858/1858
f 1859/1859/1859 1860/1860/1860 1857/1857/1857
f 1861/1861/1861 1862/1862/1862 1863/1863/1863
f 1864/1864/1864 1865/1865/1865 1862/1862/1862
f 1863/1863/1863 1866/1866/1866 1867/1867/1867
f 1862/1862/1862 1868/1868/1868 1866/1866/1866
f 1867/1867/1867 1869/1869/1869 1870/1870/1870
f 1866/1866/1866 1871/1871/1871 1869/1869/1869
f 1870/1870/1870 1872/1872/1872 1873/1873/1873
f 1869/1869/1869 1874/1874/1874 1872/1872/1872
f 1873/1873/1873 1875/1875/1875 1876/1876/1876
f 1872/1872/1872 1877/1877/1877 1875/1875/1875
f 1876/1876/1876 1878/1878/1878 1879/1879/1879
f 1875/1875/1875 1880/1880/1880 1878/1878/1878
f 1881/1881/1881 1882/1882/1882 1883/1883/1883
f 1884/1884/1884 1885/1885/1885 1886/1886/1886
f 1883/1883/1883 1887/1887/1887 1888/1888/1888
f 1888/1888/1888 1889/1889/1889 1890/1890/1890
f 1806/1806/1806 1888/1888/1888 1891/1891/1891
f 1892/1892/1892 1893/1893/1893 1894/1894/1894
f 1895/1895/1895 1896/1896/1896 1897/1897/1897
f 1898/1898/1898 1899/1899/1899 1900/1900/1900
f 1901/1901/1901 1902/1902/1902 1898/1898/1898
f 1903/1903/1903 1904/1904/1904 1905/1905/1905
f 1906/1906/1906 1907/1907/1907 1908/1908/1908
f 1909/1909/1909 1907/1907/1907 1906/1906/1906
f 1910/1910/1910 1911/1911/1911 1912/1912/1912
f 1913/1913/1913 1914/1914/1914 1915/1915/1915
f 1916/1916/1916 1917/1917/1917 1918/1918/1918
f 1919/1919/1919 1918/1918/1918 1920/1920/1920
f 1921/1921/1921 1922/1922/1922 1923/1923/1923
f 1924/1924/1924 1925/1925/1925 1921/1921/1921
f 1926/1926/1926 1927/1927/1927 1928/1928/1928
f 1928/1928/1928 1929/1929/1929 1930/1930/1930
f 1910/1910/1910 1931/1931/1931 1911/1911/1911
f 1932/1932/1932 1933/1933/1933 1934/1934/1934
f 1935/1935/1935 1936/1936/1936 1937/1937/1937
f 1938/1938/1938 1939/1939/1939 1940/1940/1940
f 1941/1941/1941 1942/1942/1942 1943/1943/1943
f 1944/1944/1944 1945/1945/1945 1946/1946/1946
f 1947/1947/1947 1946/1946/1946 1945/1945/1945
f 1886/1886/1886 1948/1948/1948 1949/1949/1949
f 1950/1950/1950 1951/1951/1951 1952/1952/1952
f 1953/1953/1953 1954/1954/1954 1955/1955/1955
f 1956/1956/1956 1957/1957/1957 1958/1958/1958
f 1959/1959/1959 1960/1960/1960 1961/1961/1961
f 1962/1962/1962 1963/1963/1963 1964/1964/1964
f 1965/1965/1965 1966/1966/1966 1967/1967/1967
f 1968/1968/1968 1969/1969/1969 1970/1970/1970
f 1971/1971/1971 1967/1967/1967 1972/1972/1972
f 1973/1973/1973 1969/1969/1969 1974/1974/1974
f 1975/1975/1975 1976/1976/1976 1977/1977/1977
f 1978/1978/1978 1977/1977/1977 1979/1979/1979
f 1980/1980/1980 1981/1981/1981 1982/1982/1982
f 1983/1983/1983 1984/1984/1984 1985/1985/1985
f 1986/1986/1986 1987/1987/1987 1988/1988/1988
f 1989/1989/1989 1990/1990/1990 1991/1991/1991
f 1992/1992/1992 1993/1993/1993 1994/1994/1994
f 1995/1995/1995 1996/1996/1996 1997/1997/1997
f 1998/1998/1998 1999/1999/1999 1997/1997/1997
f 2000/2000/2000 1994/1994/1994 2001/2001/2001
f 2002/2002/2002 2003/2003/2003 1998/1998/1998
f 2004/2004/2004 2005/2005/2005 2000/2000/2000
f 2006/2006/2006 2007/2007/2007 2008/2008/2008
f 2009/2009/2009 2010/2010/2010 2011/2011/2011
f 2012/2012/2012 2013/2013/2013 1892/1892/1892
f 2014/2014/2014 2015/2015/2015 2016/2016/2016
f 2017/2017/2017 1892/1892/1892 2013/2013/2013
f 2018/2018/2018 2019/2019/2019 2014/2014/2014
f 2020/2020/2020 2002/2002/2002 1998/1998/1998
f 2021/2021/2021 2022/2022/2022 1805/1805/1805
f 2023/2023/2023 2024/2024/2024 2025/2025/2025
f 2026/2026/2026 2027/2027/2027 2028/2028/2028
f 2029/2029/2029 2030/2030/2030 2026/2026/2026
f 2031/2031/2031 2032/2032/2032 2033/2033/2033
f 2034/2034/2034 2035/2035/2035 2036/2036/2036
f 2037/2037/2037 2038/2038/2038 2039/2039/2039
f 2040/2040/2040 2034/2034/2034 2036/2036/2036
f 2041/2041/2041 2039/2039/2039 2038/2038/2038
f 2042/2042/2042 2043/2043/2043 2044/2044/2044
f 2045/2045/2045 2046/2046/2046 2047/2047/2047
f 2048/2048/2048 2049/2049/2049 2050/2050/2050
f 2051/2051/2051 2052/2052/2052 2053/2053/2053
f 2040/2040/2040 2054/2054/2054 2055/2055/2055
f 2056/2056/2056 2057/2057/2057 2058/2058/2058
f 2054/2054/2054 2059/2059/2059 2055/2055/2055
f 2060/2060/2060 2061/2061/2061 2062/2062/2062
f 2063/2063/2063 2064/2064/2064 2065/2065/2065
f 2066/2066/2066 2065/2065/2065 2067/2067/2067
f 2068/2068/2068 2062/2062/2062 2066/2066/2066
f 2065/2065/2065 2069/2069/2069 2067/2067/2067
f 2065/2065/2065 2070/2070/2070 2071/2071/2071
f 2064/2064/2064 2072/2072/2072 2070/2070/2070
f 2073/2073/2073 2074/2074/2074 2064/2064/2064
f 2075/2075/2075 2076/2076/2076 2077/2077/2077
f 2076/2076/2076 2078/2078/2078 2079/2079/2079
f 2080/2080/2080 2081/2081/2081 2082/2082/2082
f 2083/2083/2083 2084/2084/2084 2085/2085/2085
f 2086/2086/2086 2087/2087/2087 2088/2088/2088
f 2089/2089/2089 2086/2086/2086 2059/2059/2059
f 2024/2024/2024 2090/2090/2090 2025/2025/2025
f 2091/2091/2091 2092/2092/2092 2093/2093/2093
f 2094/2094/2094 2095/2095/2095 2096/2096/2096
f 2095/2095/2095 1810/1810/1810 1816/1816/1816
f 2097/2097/2097 1816/1816/1816 1819/1819/1819
f 2096/2096/2096 2097/2097/2097 2098/2098/2098
f 2099/2099/2099 2098/2098/2098 2100/2100/2100
f 2101/2101/2101 2096/2096/2096 2099/2099/2099
f 2102/2102/2102 2103/2103/2103 2104/2104/2104
f 2105/2105/2105 2071/2071/2071 2103/2103/2103
f 2106/2106/2106 2107/2107/2107 2108/2108/2108
f 2109/2109/2109 2108/2108/2108 2110/2110/2110
f 2111/2111/2111 2106/2106/2106 2109/2109/2109
f 2112/2112/2112 2113/2113/2113 2106/2106/2106
f 2114/2114/2114 2115/2115/2115 2112/2112/2112
f 2116/2116/2116 2112/2112/2112 2111/2111/2111
f 2117/2117/2117 2118/2118/2118 2119/2119/2119
f 2120/2120/2120 2118/2118/2118 2121/2121/2121
f 2122/2122/2122 2123/2123/2123 2124/2124/2124
f 2125/2125/2125 2126/2126/2126 2127/2127/2127
f 2125/2125/2125 2128/2128/2128 2129/2129/2129
f 2130/2130/2130 2129/2129/2129 2131/2131/2131
f 2132/2132/2132 2133/2133/2133 2134/2134/2134
f 2135/2135/2135 2134/2134/2134 2136/2136/2136
f 2137/2137/2137 2138/2138/2138 2139/2139/2139
f 2042/2042/2042 2139/2139/2139 2140/2140/2140
f 2141/2141/2141 2142/2142/2142 2132/2132/2132
f 1876/1876/1876 2143/2143/2143 2141/2141/2141
f 1873/1873/1873 2141/2141/2141 2144/2144/2144
f 2144/2144/2144 2132/2132/2132 2135/2135/2135
f 1870/1870/1870 2144/2144/2144 2145/2145/2145
f 2145/2145/2145 2135/2135/2135 2146/2146/2146
f 2146/2146/2146 2136/2136/2136 2147/2147/2147
f 2148/2148/2148 2147/2147/2147 2149/2149/2149
f 2150/2150/2150 2146/2146/2146 2148/2148/2148
f 2151/2151/2151 2148/2148/2148 2152/2152/2152
f 2152/2152/2152 2149/2149/2149 2153/2153/2153
f 2154/2154/2154 2155/2155/2155 2156/2156/2156
f 2157/2157/2157 2153/2153/2153 2158/2158/2158
f 2159/2159/2159 2160/2160/2160 2161/2161/2161
f 2162/2162/2162 2163/2163/2163 2164/2164/2164
f 2165/2165/2165 2166/2166/2166 2167/2167/2167
f 2168/2168/2168 2169/2169/2169 2170/2170/2170
f 2171/2171/2171 2172/2172/2172 2173/2173/2173
f 2168/2168/2168 2174/2174/2174 2172/2172/2172
f 1851/1851/1851 2175/2175/2175 2171/2171/2171
f 1851/1851/1851 2173/2173/2173 1850/1850/1850
f 2172/2172/2172 2176/2176/2176 2173/2173/2173
f 2173/2173/2173 1849/1849/1849 1850/1850/1850
f 2177/2177/2177 2178/2178/2178 2179/2179/2179
f 2177/2177/2177 1842/1842/1842 1845/1845/1845
f 2172/2172/2172 2180/2180/2180 2181/2181/2181
f 2182/2182/2182 2183/2183/2183 2178/2178/2178
f 2184/2184/2184 2180/2180/2180 2174/2174/2174
f 2185/2185/2185 2186/2186/2186 2183/2183/2183
f 2186/2186/2186 2187/2187/2187 2183/2183/2183
f 2183/2183/2183 2188/2188/2188 2178/2178/2178
f 2188/2188/2188 2189/2189/2189 2190/2190/2190
f 2187/2187/2187 2191/2191/2191 2189/2189/2189
f 2192/2192/2192 2193/2193/2193 2194/2194/2194
f 2195/2195/2195 2196/2196/2196 2193/2193/2193
f 2197/2197/2197 2195/2195/2195 2192/2192/2192
f 2198/2198/2198 2199/2199/2199 2195/2195/2195
f 2200/2200/2200 2201/2201/2201 2199/2199/2199
f 2202/2202/2202 2189/2189/2189 2191/2191/2191
f 2189/2189/2189 2203/2203/2203 2190/2190/2190
f 2204/2204/2204 2205/2205/2205 2206/2206/2206
f 2207/2207/2207 2208/2208/2208 2205/2205/2205
f 2190/2190/2190 2209/2209/2209 2210/2210/2210
f 2211/2211/2211 1831/1831/1831 2208/2208/2208
f 2209/2209/2209 2212/2212/2212 2210/2210/2210
f 1838/1838/1838 2210/2210/2210 2212/2212/2212
f 2213/2213/2213 2190/2190/2190 2210/2210/2210
f 2179/2179/2179 1838/1838/1838 1842/1842/1842
f 2178/2178/2178 2213/2213/2213 2179/2179/2179
f 2211/2211/2211 1828/1828/1828 2214/2214/2214
f 2207/2207/2207 2215/2215/2215 2211/2211/2211
f 2215/2215/2215 1825/1825/1825 1828/1828/1828
f 2216/2216/2216 2217/2217/2217 2215/2215/2215
f 2218/2218/2218 2219/2219/2219 2216/2216/2216
f 2204/2204/2204 2216/2216/2216 2207/2207/2207
f 2220/2220/2220 2221/2221/2221 2218/2218/2218
f 2222/2222/2222 2218/2218/2218 2204/2204/2204
f 2223/2223/2223 2224/2224/2224 2225/2225/2225
f 2226/2226/2226 2225/2225/2225 2227/2227/2227
f 2228/2228/2228 2229/2229/2229 2223/2223/2223
f 2230/2230/2230 2223/2223/2223 2226/2226/2226
f 2231/2231/2231 2232/2232/2232 2228/2228/2228
f 2233/2233/2233 2228/2228/2228 2230/2230/2230
f 2234/2234/2234 2235/2235/2235 2236/2236/2236
f 2237/2237/2237 2236/2236/2236 2238/2238/2238
f 2169/2169/2169 2239/2239/2239 2240/2240/2240
f 2241/2241/2241 2242/2242/2242 2239/2239/2239
f 2243/2243/2243 2244/2244/2244 2245/2245/2245
f 2246/2246/2246 2163/2163/2163 2244/2244/2244
f 2247/2247/2247 2245/2245/2245 2248/2248/2248
f 2249/2249/2249 2250/2250/2250 2242/2242/2242
f 2251/2251/2251 2248/2248/2248 2128/2128/2128
f 2252/2252/2252 2124/2124/2124 2250/2250/2250
f 2253/2253/2253 2254/2254/2254 2235/2235/2235
f 2255/2255/2255 2121/2121/2121 2254/2254/2254
f 2256/2256/2256 2111/2111/2111 2257/2257/2257
f 2258/2258/2258 2257/2257/2257 2232/2232/2232
f 2257/2257/2257 2109/2109/2109 2259/2259/2259
f 2232/2232/2232 2259/2259/2259 2229/2229/2229
f 2229/2229/2229 2260/2260/2260 2224/2224/2224
f 2259/2259/2259 2110/2110/2110 2260/2260/2260
f 2261/2261/2261 2100/2100/2100 2262/2262/2262
f 2263/2263/2263 2262/2262/2262 2221/2221/2221
f 2262/2262/2262 2219/2219/2219 2221/2221/2221
f 2100/2100/2100 2264/2264/2264 2262/2262/2262
f 2098/2098/2098 2265/2265/2265 2264/2264/2264
f 2264/2264/2264 2217/2217/2217 2219/2219/2219
f 2265/2265/2265 1819/1819/1819 1822/1822/1822
f 2217/2217/2217 1822/1822/1822 1825/1825/1825
f 2237/2237/2237 2266/2266/2266 2267/2267/2267
f 2170/2170/2170 2240/2240/2240 2268/2268/2268
f 2170/2170/2170 2184/2184/2184 2174/2174/2174
f 2267/2267/2267 2269/2269/2269 2270/2270/2270
f 2238/2238/2238 2192/2192/2192 2266/2266/2266
f 2271/2271/2271 2272/2272/2272 2186/2186/2186
f 1856/1856/1856 2273/2273/2273 2274/2274/2274
f 1861/1861/1861 2151/2151/2151 2275/2275/2275
f 1863/1863/1863 2150/2150/2150 2151/2151/2151
f 1867/1867/1867 2145/2145/2145 2150/2150/2150
f 2117/2117/2117 2060/2060/2060 2068/2068/2068
f 1998/1998/1998 1908/1908/1908 2020/2020/2020
f 2276/2276/2276 2277/2277/2277 1938/1938/1938
f 2278/2278/2278 2279/2279/2279 2280/2280/2280
f 2281/2281/2281 2282/2282/2282 2283/2283/2283
f 2284/2284/2284 2285/2285/2285 2286/2286/2286
f 2287/2287/2287 2288/2288/2288 1963/1963/1963
f 2289/2289/2289 2290/2290/2290 2291/2291/2291
f 2292/2292/2292 2293/2293/2293 2294/2294/2294
f 2295/2295/2295 2296/2296/2296 2297/2297/2297
f 2298/2298/2298 2299/2299/2299 2300/2300/2300
f 2301/2301/2301 2302/2302/2302 2303/2303/2303
f 2301/2301/2301 2304/2304/2304 2305/2305/2305
f 2306/2306/2306 2301/2301/2301 2305/2305/2305
f 2307/2307/2307 2308/2308/2308 2309/2309/2309
f 2310/2310/2310 2304/2304/2304 1701/1701/1701
f 2311/2311/2311 2312/2312/2312 2313/2313/2313
f 1693/1693/1693 2314/2314/2314 2315/2315/2315
f 2314/2314/2314 2316/2316/2316 2317/2317/2317
f 2318/2318/2318 2319/2319/2319 2320/2320/2320
f 2321/2321/2321 2318/2318/2318 2320/2320/2320
f 2322/2322/2322 2323/2323/2323 2324/2324/2324
f 2325/2325/2325 2323/2323/2323 2322/2322/2322
f 2326/2326/2326 2327/2327/2327 1690/1690/1690
f 2328/2328/2328 2329/2329/2329 2330/2330/2330
f 2326/2326/2326 2331/2331/2331 2332/2332/2332
f 1883/1883/1883 2333/2333/2333 2304/2304/2304
f 1701/1701/1701 2333/2333/2333 1708/1708/1708
f 1877/1877/1877 1720/1720/1720 1880/1880/1880
f 1874/1874/1874 1719/1719/1719 1877/1877/1877
f 1871/1871/1871 1718/1718/1718 1874/1874/1874
f 1868/1868/1868 1721/1721/1721 1871/1871/1871
f 1865/1865/1865 1724/1724/1724 1868/1868/1868
f 2334/2334/2334 1727/1727/1727 1865/1865/1865
f 2335/2335/2335 1735/1735/1735 1860/1860/1860
f 2336/2336/2336 1740/1740/1740 1855/1855/1855
f 1744/1744/1744 2336/2336/2336 1847/1847/1847
f 2337/2337/2337 1744/1744/1744 1847/1847/1847
f 2338/2338/2338 1754/1754/1754 1751/1751/1751
f 2339/2339/2339 1754/1754/1754 2340/2340/2340
f 2339/2339/2339 2341/2341/2341 1757/1757/1757
f 2341/2341/2341 2342/2342/2342 1761/1761/1761
f 1830/1830/1830 2343/2343/2343 1765/1765/1765
f 2343/2343/2343 1823/1823/1823 1769/1769/1769
f 1769/1769/1769 1820/1820/1820 1772/1772/1772
f 1820/1820/1820 1776/1776/1776 1772/1772/1772
f 1817/1817/1817 1779/1779/1779 1776/1776/1776
f 1814/1814/1814 1782/1782/1782 1779/1779/1779
f 1812/1812/1812 2344/2344/2344 1782/1782/1782
f 2345/2345/2345 1787/1787/1787 1698/1698/1698
f 2346/2346/2346 1787/1787/1787 2347/2347/2347
f 2348/2348/2348 2349/2349/2349 2350/2350/2350
f 2351/2351/2351 2352/2352/2352 2349/2349/2349
f 2353/2353/2353 2354/2354/2354 2351/2351/2351
f 2355/2355/2355 2351/2351/2351 2348/2348/2348
f 2354/2354/2354 2356/2356/2356 2352/2352/2352
f 2357/2357/2357 2358/2358/2358 2354/2354/2354
f 2359/2359/2359 2357/2357/2357 2353/2353/2353
f 2360/2360/2360 2361/2361/2361 2357/2357/2357
f 2362/2362/2362 2360/2360/2360 2359/2359/2359
f 2363/2363/2363 1773/1773/1773 2364/2364/2364
f 2365/2365/2365 2353/2353/2353 2355/2355/2355
f 2366/2366/2366 2359/2359/2359 2365/2365/2365
f 2367/2367/2367 2355/2355/2355 2368/2368/2368
f 2369/2369/2369 2365/2365/2365 2367/2367/2367
f 2370/2370/2370 2368/2368/2368 2371/2371/2371
f 2372/2372/2372 2367/2367/2367 2370/2370/2370
f 2373/2373/2373 2374/2374/2374 2375/2375/2375
f 2375/2375/2375 2376/2376/2376 2377/2377/2377
f 2378/2378/2378 2379/2379/2379 2380/2380/2380
f 1715/1715/1715 2381/2381/2381 2378/2378/2378
f 1715/1715/1715 2382/2382/2382 1705/1705/1705
f 2380/2380/2380 2383/2383/2383 2384/2384/2384
f 2385/2385/2385 2386/2386/2386 2373/2373/2373
f 2384/2384/2384 2387/2387/2387 2388/2388/2388
f 1742/1742/1742 2389/2389/2389 2385/2385/2385
f 2390/2390/2390 2391/2391/2391 2392/2392/2392
f 2392/2392/2392 2369/2369/2369 2372/2372/2372
f 2391/2391/2391 2366/2366/2366 2369/2369/2369
f 2393/2393/2393 2394/2394/2394 2391/2391/2391
f 2394/2394/2394 2362/2362/2362 2366/2366/2366
f 2395/2395/2395 2396/2396/2396 2394/2394/2394
f 2396/2396/2396 2397/2397/2397 2362/2362/2362
f 2398/2398/2398 2399/2399/2399 2396/2396/2396
f 2400/2400/2400 1771/1771/1771 2363/2363/2363
f 2401/2401/2401 1768/1768/1768 2400/2400/2400
f 1760/1760/1760 2402/2402/2402 2403/2403/2403
f 2403/2403/2403 2398/2398/2398 2404/2404/2404
f 2405/2405/2405 2404/2404/2404 2406/2406/2406
f 1755/1755/1755 2403/2403/2403 2405/2405/2405
f 2404/2404/2404 2395/2395/2395 2407/2407/2407
f 2406/2406/2406 2407/2407/2407 2408/2408/2408
f 2407/2407/2407 2393/2393/2393 2409/2409/2409
f 2410/2410/2410 2407/2407/2407 2409/2409/2409
f 2411/2411/2411 2412/2412/2412 2413/2413/2413
f 2414/2414/2414 2415/2415/2415 2416/2416/2416
f 2416/2416/2416 2417/2417/2417 1745/1745/1745
f 2417/2417/2417 2418/2418/2418 1742/1742/1742
f 1747/1747/1747 2416/2416/2416 1745/1745/1745
f 1750/1750/1750 2408/2408/2408 2410/2410/2410
f 1756/1756/1756 2408/2408/2408 1749/1749/1749
f 1756/1756/1756 2405/2405/2405 2406/2406/2406
f 2371/2371/2371 2419/2419/2419 2382/2382/2382
f 2419/2419/2419 1706/1706/1706 2382/2382/2382
f 2419/2419/2419 2350/2350/2350 2420/2420/2420
f 2368/2368/2368 2348/2348/2348 2419/2419/2419
f 2421/2421/2421 2422/2422/2422 2423/2423/2423
f 2424/2424/2424 2425/2425/2425 2426/2426/2426
f 2427/2427/2427 2428/2428/2428 2429/2429/2429
f 2430/2430/2430 2429/2429/2429 2431/2431/2431
f 2432/2432/2432 2433/2433/2433 2422/2422/2422
f 2434/2434/2434 2435/2435/2435 2436/2436/2436
f 2437/2437/2437 2438/2438/2438 2434/2434/2434
f 2439/2439/2439 2440/2440/2440 2441/2441/2441
f 2441/2441/2441 2442/2442/2442 2443/2443/2443
f 2444/2444/2444 2445/2445/2445 2446/2446/2446
f 2447/2447/2447 2448/2448/2448 2449/2449/2449
f 2450/2450/2450 2451/2451/2451 2452/2452/2452
f 2451/2451/2451 2453/2453/2453 2452/2452/2452
f 2454/2454/2454 2455/2455/2455 2456/2456/2456
f 2457/2457/2457 2458/2458/2458 2459/2459/2459
f 2460/2460/2460 2461/2461/2461 2462/2462/2462
f 2463/2463/2463 2457/2457/2457 2462/2462/2462
f 2464/2464/2464 2458/2458/2458 2457/2457/2457
f 2465/2465/2465 2466/2466/2466 2467/2467/2467
f 2462/2462/2462 2468/2468/2468 2469/2469/2469
f 2462/2462/2462 2470/2470/2470 2471/2471/2471
f 2472/2472/2472 2473/2473/2473 2474/2474/2474
f 2471/2471/2471 2475/2475/2475 2476/2476/2476
f 2477/2477/2477 2478/2478/2478 2472/2472/2472
f 2479/2479/2479 2472/2472/2472 2480/2480/2480
f 2480/2480/2480 2474/2474/2474 2481/2481/2481
f 2482/2482/2482 2477/2477/2477 2479/2479/2479
f 2483/2483/2483 2484/2484/2484 2477/2477/2477
f 2485/2485/2485 2483/2483/2483 2482/2482/2482
f 2486/2486/2486 2487/2487/2487 2483/2483/2483
f 2488/2488/2488 2486/2486/2486 2485/2485/2485
f 2489/2489/2489 2490/2490/2490 2486/2486/2486
f 2491/2491/2491 2489/2489/2489 2488/2488/2488
f 2492/2492/2492 2493/2493/2493 2489/2489/2489
f 2494/2494/2494 2495/2495/2495 2496/2496/2496
f 2497/2497/2497 2498/2498/2498 2495/2495/2495
f 2499/2499/2499 2500/2500/2500 2501/2501/2501
f 2502/2502/2502 2503/2503/2503 2500/2500/2500
f 2504/2504/2504 2499/2499/2499 2505/2505/2505
f 2506/2506/2506 2502/2502/2502 2504/2504/2504
f 2505/2505/2505 2507/2507/2507 2504/2504/2504
f 2504/2504/2504 2508/2508/2508 2506/2506/2506
f 2509/2509/2509 2510/2510/2510 2511/2511/2511
f 2512/2512/2512 2513/2513/2513 2509/2509/2509
f 2514/2514/2514 2510/2510/2510 2513/2513/2513
f 2515/2515/2515 2514/2514/2514 2513/2513/2513
f 2514/2514/2514 2516/2516/2516 2517/2517/2517
f 2518/2518/2518 2519/2519/2519 2514/2514/2514
f 2516/2516/2516 2520/2520/2520 2521/2521/2521
f 2519/2519/2519 2522/2522/2522 2520/2520/2520
f 2523/2523/2523 2524/2524/2524 2525/2525/2525
f 2526/2526/2526 2527/2527/2527 2523/2523/2523
f 2524/2524/2524 2528/2528/2528 2529/2529/2529
f 2530/2530/2530 2531/2531/2531 2532/2532/2532
f 2529/2529/2529 2533/2533/2533 2534/2534/2534
f 2528/2528/2528 2535/2535/2535 2533/2533/2533
f 2533/2533/2533 2536/2536/2536 2534/2534/2534
f 2535/2535/2535 2537/2537/2537 2533/2533/2533
f 2537/2537/2537 2538/2538/2538 2536/2536/2536
f 2539/2539/2539 2540/2540/2540 2537/2537/2537
f 2540/2540/2540 2541/2541/2541 2538/2538/2538
f 2542/2542/2542 2543/2543/2543 2540/2540/2540
f 2543/2543/2543 2544/2544/2544 2541/2541/2541
f 2545/2545/2545 2546/2546/2546 2543/2543/2543
f 2547/2547/2547 2548/2548/2548 2549/2549/2549
f 2550/2550/2550 2551/2551/2551 2547/2547/2547
f 2552/2552/2552 2553/2553/2553 2547/2547/2547
f 2550/2550/2550 2547/2547/2547 2554/2554/2554
f 2555/2555/2555 2447/2447/2447 2556/2556/2556
f 2557/2557/2557 2555/2555/2555 2558/2558/2558
f 2559/2559/2559 2549/2549/2549 2560/2560/2560
f 2561/2561/2561 2562/2562/2562 2563/2563/2563
f 2564/2564/2564 2565/2565/2565 2566/2566/2566
f 2567/2567/2567 2568/2568/2568 2569/2569/2569
f 2549/2549/2549 2570/2570/2570 2560/2560/2560
f 2566/2566/2566 2571/2571/2571 2572/2572/2572
f 2573/2573/2573 2574/2574/2574 2568/2568/2568
f 2575/2575/2575 2576/2576/2576 2573/2573/2573
f 2577/2577/2577 2573/2573/2573 2567/2567/2567
f 2578/2578/2578 2575/2575/2575 2577/2577/2577
f 2579/2579/2579 2580/2580/2580 2575/2575/2575
f 2581/2581/2581 2579/2579/2579 2578/2578/2578
f 2582/2582/2582 2583/2583/2583 2579/2579/2579
f 2584/2584/2584 2582/2582/2582 2581/2581/2581
f 2585/2585/2585 2586/2586/2586 2582/2582/2582
f 2587/2587/2587 2585/2585/2585 2584/2584/2584
f 2588/2588/2588 2589/2589/2589 2585/2585/2585
f 2590/2590/2590 2588/2588/2588 2587/2587/2587
f 2591/2591/2591 2592/2592/2592 2588/2588/2588
f 2593/2593/2593 2590/2590/2590 2594/2594/2594
f 2595/2595/2595 2591/2591/2591 2593/2593/2593
f 2596/2596/2596 2597/2597/2597 2598/2598/2598
f 2599/2599/2599 2600/2600/2600 2596/2596/2596
f 2601/2601/2601 2598/2598/2598 2602/2602/2602
f 2603/2603/2603 2596/2596/2596 2601/2601/2601
f 2601/2601/2601 2604/2604/2604 2605/2605/2605
f 2606/2606/2606 2601/2601/2601 2605/2605/2605
f 2605/2605/2605 2607/2607/2607 2608/2608/2608
f 2606/2606/2606 2608/2608/2608 2609/2609/2609
f 2610/2610/2610 2611/2611/2611 2612/2612/2612
f 2613/2613/2613 2612/2612/2612 2614/2614/2614
f 2612/2612/2612 2615/2615/2615 2614/2614/2614
f 2611/2611/2611 2616/2616/2616 2612/2612/2612
f 2615/2615/2615 2617/2617/2617 2618/2618/2618
f 2616/2616/2616 2619/2619/2619 2617/2617/2617
f 2620/2620/2620 2621/2621/2621 2622/2622/2622
f 2623/2623/2623 2624/2624/2624 2621/2621/2621
f 2625/2625/2625 2626/2626/2626 2627/2627/2627
f 2628/2628/2628 2629/2629/2629 2626/2626/2626
f 2627/2627/2627 2630/2630/2630 2631/2631/2631
f 2626/2626/2626 2632/2632/2632 2630/2630/2630
f 2631/2631/2631 2633/2633/2633 2634/2634/2634
f 2630/2630/2630 2635/2635/2635 2633/2633/2633
f 2634/2634/2634 2636/2636/2636 2637/2637/2637
f 2633/2633/2633 2638/2638/2638 2636/2636/2636
f 2637/2637/2637 2639/2639/2639 2640/2640/2640
f 2636/2636/2636 2641/2641/2641 2639/2639/2639
f 2640/2640/2640 2642/2642/2642 2643/2643/2643
f 2639/2639/2639 2644/2644/2644 2642/2642/2642
f 2645/2645/2645 2646/2646/2646 2647/2647/2647
f 2648/2648/2648 2649/2649/2649 2650/2650/2650
f 2647/2647/2647 2651/2651/2651 2652/2652/2652
f 2652/2652/2652 2653/2653/2653 2654/2654/2654
f 2655/2655/2655 2656/2656/2656 2657/2657/2657
f 2658/2658/2658 2659/2659/2659 2660/2660/2660
f 2661/2661/2661 2662/2662/2662 2663/2663/2663
f 2664/2664/2664 2665/2665/2665 2666/2666/2666
f 2667/2667/2667 2668/2668/2668 2664/2664/2664
f 2669/2669/2669 2670/2670/2670 2671/2671/2671
f 2672/2672/2672 2673/2673/2673 2674/2674/2674
f 2675/2675/2675 2673/2673/2673 2672/2672/2672
f 2676/2676/2676 2677/2677/2677 2678/2678/2678
f 2679/2679/2679 2680/2680/2680 2681/2681/2681
f 2682/2682/2682 2683/2683/2683 2684/2684/2684
f 2685/2685/2685 2684/2684/2684 2686/2686/2686
f 2687/2687/2687 2688/2688/2688 2689/2689/2689
f 2690/2690/2690 2691/2691/2691 2687/2687/2687
f 2692/2692/2692 2693/2693/2693 2694/2694/2694
f 2694/2694/2694 2695/2695/2695 2696/2696/2696
f 2676/2676/2676 2697/2697/2697 2677/2677/2677
f 2698/2698/2698 2699/2699/2699 2700/2700/2700
f 2701/2701/2701 2702/2702/2702 2703/2703/2703
f 2704/2704/2704 2705/2705/2705 2706/2706/2706
f 2707/2707/2707 2708/2708/2708 2709/2709/2709
f 2710/2710/2710 2711/2711/2711 2712/2712/2712
f 2713/2713/2713 2712/2712/2712 2711/2711/2711
f 2650/2650/2650 2714/2714/2714 2715/2715/2715
f 2716/2716/2716 2717/2717/2717 2718/2718/2718
f 2719/2719/2719 2720/2720/2720 2721/2721/2721
f 2722/2722/2722 2723/2723/2723 2724/2724/2724
f 2725/2725/2725 2726/2726/2726 2727/2727/2727
f 2728/2728/2728 2729/2729/2729 2730/2730/2730
f 2731/2731/2731 2732/2732/2732 2733/2733/2733
f 2734/2734/2734 2735/2735/2735 2736/2736/2736
f 2737/2737/2737 2733/2733/2733 2738/2738/2738
f 2739/2739/2739 2735/2735/2735 2740/2740/2740
f 2741/2741/2741 2742/2742/2742 2743/2743/2743
f 2744/2744/2744 2743/2743/2743 2745/2745/2745
f 2746/2746/2746 2747/2747/2747 2748/2748/2748
f 2749/2749/2749 2750/2750/2750 2751/2751/2751
f 2752/2752/2752 2753/2753/2753 2754/2754/2754
f 2755/2755/2755 2756/2756/2756 2757/2757/2757
f 2758/2758/2758 2759/2759/2759 2760/2760/2760
f 2761/2761/2761 2762/2762/2762 2763/2763/2763
f 2764/2764/2764 2765/2765/2765 2763/2763/2763
f 2766/2766/2766 2760/2760/2760 2767/2767/2767
f 2768/2768/2768 2769/2769/2769 2764/2764/2764
f 2770/2770/2770 2771/2771/2771 2766/2766/2766
f 2772/2772/2772 2773/2773/2773 2774/2774/2774
f 2775/2775/2775 2776/2776/2776 2777/2777/2777
f 2778/2778/2778 2779/2779/2779 2780/2780/2780
f 2781/2781/2781 2782/2782/2782 2783/2783/2783
f 2784/2784/2784 2785/2785/2785 2786/2786/2786
f 2787/2787/2787 2788/2788/2788 2781/2781/2781
f 2789/2789/2789 2768/2768/2768 2764/2764/2764
f 2790/2790/2790 2791/2791/2791 2571/2571/2571
f 2792/2792/2792 2793/2793/2793 2794/2794/2794
f 2795/2795/2795 2796/2796/2796 2797/2797/2797
f 2798/2798/2798 2799/2799/2799 2795/2795/2795
f 2800/2800/2800 2801/2801/2801 2802/2802/2802
f 2803/2803/2803 2804/2804/2804 2805/2805/2805
f 2806/2806/2806 2807/2807/2807 2808/2808/2808
f 2809/2809/2809 2803/2803/2803 2805/2805/2805
f 2810/2810/2810 2808/2808/2808 2807/2807/2807
f 2811/2811/2811 2812/2812/2812 2813/2813/2813
f 2814/2814/2814 2815/2815/2815 2816/2816/2816
f 2817/2817/2817 2818/2818/2818 2819/2819/2819
f 2820/2820/2820 2821/2821/2821 2822/2822/2822
f 2809/2809/2809 2823/2823/2823 2824/2824/2824
f 2825/2825/2825 2826/2826/2826 2827/2827/2827
f 2823/2823/2823 2828/2828/2828 2824/2824/2824
f 2829/2829/2829 2830/2830/2830 2831/2831/2831
f 2832/2832/2832 2833/2833/2833 2834/2834/2834
f 2835/2835/2835 2834/2834/2834 2836/2836/2836
f 2837/2837/2837 2831/2831/2831 2835/2835/2835
f 2834/2834/2834 2838/2838/2838 2836/2836/2836
f 2834/2834/2834 2839/2839/2839 2840/2840/2840
f 2833/2833/2833 2841/2841/2841 2839/2839/2839
f 2842/2842/2842 2843/2843/2843 2833/2833/2833
f 2844/2844/2844 2845/2845/2845 2846/2846/2846
f 2845/2845/2845 2847/2847/2847 2848/2848/2848
f 2849/2849/2849 2850/2850/2850 2851/2851/2851
f 2852/2852/2852 2853/2853/2853 2854/2854/2854
f 2855/2855/2855 2856/2856/2856 2857/2857/2857
f 2858/2858/2858 2855/2855/2855 2828/2828/2828
f 2793/2793/2793 2859/2859/2859 2794/2794/2794
f 2860/2860/2860 2841/2841/2841 2843/2843/2843
f 2861/2861/2861 2862/2862/2862 2863/2863/2863
f 2862/2862/2862 2576/2576/2576 2580/2580/2580
f 2864/2864/2864 2580/2580/2580 2583/2583/2583
f 2863/2863/2863 2864/2864/2864 2865/2865/2865
f 2866/2866/2866 2865/2865/2865 2867/2867/2867
f 2868/2868/2868 2863/2863/2863 2866/2866/2866
f 2869/2869/2869 2866/2866/2866 2867/2867/2867
f 2870/2870/2870 2868/2868/2868 2866/2866/2866
f 2871/2871/2871 2872/2872/2872 2873/2873/2873
f 2874/2874/2874 2873/2873/2873 2875/2875/2875
f 2876/2876/2876 2871/2871/2871 2874/2874/2874
f 2877/2877/2877 2878/2878/2878 2871/2871/2871
f 2879/2879/2879 2880/2880/2880 2877/2877/2877
f 2881/2881/2881 2877/2877/2877 2876/2876/2876
f 2882/2882/2882 2879/2879/2879 2883/2883/2883
f 2884/2884/2884 2879/2879/2879 2881/2881/2881
f 2885/2885/2885 2883/2883/2883 2884/2884/2884
f 2886/2886/2886 2882/2882/2882 2883/2883/2883
f 2886/2886/2886 2887/2887/2887 2888/2888/2888
f 2889/2889/2889 2888/2888/2888 2890/2890/2890
f 2891/2891/2891 2892/2892/2892 2893/2893/2893
f 2894/2894/2894 2893/2893/2893 2895/2895/2895
f 2896/2896/2896 2897/2897/2897 2898/2898/2898
f 2811/2811/2811 2898/2898/2898 2899/2899/2899
f 2900/2900/2900 2901/2901/2901 2891/2891/2891
f 2640/2640/2640 2902/2902/2902 2900/2900/2900
f 2637/2637/2637 2900/2900/2900 2903/2903/2903
f 2903/2903/2903 2891/2891/2891 2894/2894/2894
f 2634/2634/2634 2903/2903/2903 2904/2904/2904
f 2904/2904/2904 2894/2894/2894 2905/2905/2905
f 2905/2905/2905 2895/2895/2895 2906/2906/2906
f 2907/2907/2907 2906/2906/2906 2908/2908/2908
f 2909/2909/2909 2905/2905/2905 2907/2907/2907
f 2910/2910/2910 2907/2907/2907 2911/2911/2911
f 2911/2911/2911 2908/2908/2908 2912/2912/2912
f 2913/2913/2913 2914/2914/2914 2915/2915/2915
f 2916/2916/2916 2912/2912/2912 2917/2917/2917
f 2918/2918/2918 2919/2919/2919 2920/2920/2920
f 2920/2920/2920 2921/2921/2921 2922/2922/2922
f 2923/2923/2923 2924/2924/2924 2925/2925/2925
f 2925/2925/2925 2926/2926/2926 2927/2927/2927
f 2928/2928/2928 2929/2929/2929 2930/2930/2930
f 2931/2931/2931 2932/2932/2932 2929/2929/2929
f 2615/2615/2615 2933/2933/2933 2928/2928/2928
f 2615/2615/2615 2930/2930/2930 2614/2614/2614
f 2929/2929/2929 2934/2934/2934 2930/2930/2930
f 2930/2930/2930 2613/2613/2613 2614/2614/2614
f 2935/2935/2935 2936/2936/2936 2937/2937/2937
f 2938/2938/2938 2606/2606/2606 2609/2609/2609
f 2929/2929/2929 2939/2939/2939 2940/2940/2940
f 2941/2941/2941 2942/2942/2942 2936/2936/2936
f 2943/2943/2943 2939/2939/2939 2932/2932/2932
f 2944/2944/2944 2945/2945/2945 2942/2942/2942
f 2945/2945/2945 2946/2946/2946 2942/2942/2942
f 2942/2942/2942 2947/2947/2947 2936/2936/2936
f 2947/2947/2947 2948/2948/2948 2949/2949/2949
f 2946/2946/2946 2950/2950/2950 2948/2948/2948
f 2951/2951/2951 2952/2952/2952 2945/2945/2945
f 2953/2953/2953 2950/2950/2950 2952/2952/2952
f 2954/2954/2954 2953/2953/2953 2951/2951/2951
f 2955/2955/2955 2956/2956/2956 2953/2953/2953
f 2957/2957/2957 2958/2958/2958 2956/2956/2956
f 2956/2956/2956 2948/2948/2948 2950/2950/2950
f 2948/2948/2948 2959/2959/2959 2949/2949/2949
f 2960/2960/2960 2961/2961/2961 2962/2962/2962
f 2963/2963/2963 2964/2964/2964 2961/2961/2961
f 2949/2949/2949 2965/2965/2965 2966/2966/2966
f 2967/2967/2967 2595/2595/2595 2964/2964/2964
f 2964/2964/2964 2968/2968/2968 2969/2969/2969
f 2603/2603/2603 2970/2970/2970 2599/2599/2599
f 2971/2971/2971 2949/2949/2949 2966/2966/2966
f 2972/2972/2972 2603/2603/2603 2606/2606/2606
f 2936/2936/2936 2971/2971/2971 2937/2937/2937
f 2967/2967/2967 2592/2592/2592 2973/2973/2973
f 2963/2963/2963 2974/2974/2974 2967/2967/2967
f 2974/2974/2974 2589/2589/2589 2592/2592/2592
f 2975/2975/2975 2976/2976/2976 2974/2974/2974
f 2977/2977/2977 2978/2978/2978 2975/2975/2975
f 2960/2960/2960 2975/2975/2975 2963/2963/2963
f 2979/2979/2979 2980/2980/2980 2977/2977/2977
f 2981/2981/2981 2977/2977/2977 2960/2960/2960
f 2982/2982/2982 2983/2983/2983 2984/2984/2984
f 2955/2955/2955 2984/2984/2984 2957/2957/2957
f 2985/2985/2985 2986/2986/2986 2982/2982/2982
f 2954/2954/2954 2982/2982/2982 2955/2955/2955
f 2987/2987/2987 2988/2988/2988 2985/2985/2985
f 2989/2989/2989 2985/2985/2985 2954/2954/2954
f 2990/2990/2990 2991/2991/2991 2987/2987/2987
f 2992/2992/2992 2987/2987/2987 2989/2989/2989
f 2993/2993/2993 2994/2994/2994 2995/2995/2995
f 2996/2996/2996 2997/2997/2997 2994/2994/2994
f 2998/2998/2998 2999/2999/2999 3000/3000/3000
f 3001/3001/3001 3002/3002/3002 2999/2999/2999
f 3003/3003/3003 3000/3000/3000 3004/3004/3004
f 3005/3005/3005 3006/3006/3006 2997/2997/2997
f 2885/2885/2885 3004/3004/3004 2887/2887/2887
f 3003/3003/3003 2884/2884/2884 3007/3007/3007
f 3008/3008/3008 3009/3009/3009 2991/2991/2991
f 3007/3007/3007 2881/2881/2881 3009/3009/3009
f 3009/3009/3009 2876/2876/2876 3010/3010/3010
f 2991/2991/2991 3010/3010/3010 2988/2988/2988
f 3010/3010/3010 2874/2874/2874 3011/3011/3011
f 2988/2988/2988 3011/3011/3011 2986/2986/2986
f 2986/2986/2986 3012/3012/3012 2983/2983/2983
f 3011/3011/3011 2875/2875/2875 3012/3012/3012
f 3013/3013/3013 2867/2867/2867 3014/3014/3014
f 3015/3015/3015 3014/3014/3014 2980/2980/2980
f 3014/3014/3014 2978/2978/2978 2980/2980/2980
f 2867/2867/2867 3016/3016/3016 3014/3014/3014
f 2865/2865/2865 3017/3017/3017 3016/3016/3016
f 3016/3016/3016 2976/2976/2976 2978/2978/2978
f 3017/3017/3017 2583/2583/2583 2586/2586/2586
f 2976/2976/2976 2586/2586/2586 2589/2589/2589
f 3018/3018/3018 3019/3019/3019 3020/3020/3020
f 2927/2927/2927 3018/3018/3018 3020/3020/3020
f 3021/3021/3021 2943/2943/2943 2932/2932/2932
f 3022/3022/3022 3023/3023/3023 3024/3024/3024
f 2989/2989/2989 2951/2951/2951 3025/3025/3025
f 3023/3023/3023 2951/2951/2951 2945/2945/2945
f 2620/2620/2620 3026/3026/3026 2918/2918/2918
f 2625/2625/2625 2910/2910/2910 3027/3027/3027
f 2627/2627/2627 2909/2909/2909 2910/2910/2910
f 2631/2631/2631 2904/2904/2904 2909/2909/2909
f 3028/3028/3028 2829/2829/2829 2837/2837/2837
f 2764/2764/2764 2674/2674/2674 2789/2789/2789
f 3029/3029/3029 3030/3030/3030 3031/3031/3031
f 2716/2716/2716 3032/3032/3032 3033/3033/3033
f 3034/3034/3034 3035/3035/3035 3036/3036/3036
f 3037/3037/3037 3038/3038/3038 3039/3039/3039
f 3040/3040/3040 3041/3041/3041 3042/3042/3042
f 3043/3043/3043 3044/3044/3044 3045/3045/3045
f 3046/3046/3046 3047/3047/3047 3048/3048/3048
f 3049/3049/3049 3050/3050/3050 3051/3051/3051
f 3052/3052/3052 3053/3053/3053 3054/3054/3054
f 3055/3055/3055 3056/3056/3056 3057/3057/3057
f 3058/3058/3058 3059/3059/3059 3060/3060/3060
f 3061/3061/3061 3058/3058/3058 3060/3060/3060
f 3062/3062/3062 3063/3063/3063 3064/3064/3064
f 3065/3065/3065 3059/3059/3059 2461/2461/2461
f 3066/3066/3066 3067/3067/3067 3068/3068/3068
f 2453/2453/2453 3069/3069/3069 3070/3070/3070
f 3069/3069/3069 3071/3071/3071 3072/3072/3072
f 3073/3073/3073 3074/3074/3074 3075/3075/3075
f 3076/3076/3076 3077/3077/3077 3078/3078/3078
f 3079/3079/3079 3080/3080/3080 3081/3081/3081
f 3082/3082/3082 3080/3080/3080 3079/3079/3079
f 3083/3083/3083 3084/3084/3084 2450/2450/2450
f 3085/3085/3085 3086/3086/3086 3087/3087/3087
f 3083/3083/3083 3088/3088/3088 3089/3089/3089
f 3090/3090/3090 3091/3091/3091 3059/3059/3059
f 2461/2461/2461 3091/3091/3091 2468/2468/2468
f 2641/2641/2641 2481/2481/2481 2644/2644/2644
f 2638/2638/2638 2480/2480/2480 2641/2641/2641
f 2635/2635/2635 2479/2479/2479 2638/2638/2638
f 2632/2632/2632 2482/2482/2482 2635/2635/2635
f 2629/2629/2629 2485/2485/2485 2632/2632/2632
f 3092/3092/3092 2488/2488/2488 2629/2629/2629
f 3093/3093/3093 3094/3094/3094 3095/3095/3095
f 3096/3096/3096 3097/3097/3097 3098/3098/3098
f 2505/2505/2505 3099/3099/3099 2611/2611/2611
f 3100/3100/3100 2505/2505/2505 2611/2611/2611
f 2607/2607/2607 2515/2515/2515 2512/2512/2512
f 2602/2602/2602 2515/2515/2515 2604/2604/2604
f 2602/2602/2602 3101/3101/3101 2518/2518/2518
f 3101/3101/3101 2597/2597/2597 2522/2522/2522
f 2594/2594/2594 3102/3102/3102 2526/2526/2526
f 3103/3103/3103 3104/3104/3104 2531/2531/2531
f 2531/2531/2531 3105/3105/3105 3106/3106/3106
f 3105/3105/3105 3107/3107/3107 3106/3106/3106
f 2581/2581/2581 2542/2542/2542 2539/2539/2539
f 2578/2578/2578 2545/2545/2545 2542/2542/2542
f 2577/2577/2577 3108/3108/3108 2545/2545/2545
f 3109/3109/3109 2550/2550/2550 2458/2458/2458
f 3110/3110/3110 2550/2550/2550 3111/3111/3111
f 3112/3112/3112 3113/3113/3113 3114/3114/3114
f 3115/3115/3115 3116/3116/3116 3113/3113/3113
f 3117/3117/3117 3118/3118/3118 3115/3115/3115
f 3119/3119/3119 3115/3115/3115 3112/3112/3112
f 3120/3120/3120 3121/3121/3121 3110/3110/3110
f 3122/3122/3122 3123/3123/3123 3120/3120/3120
f 3124/3124/3124 3125/3125/3125 3117/3117/3117
f 3126/3126/3126 3127/3127/3127 3122/3122/3122
f 3128/3128/3128 3129/3129/3129 3124/3124/3124
f 3130/3130/3130 3131/3131/3131 3126/3126/3126
f 3132/3132/3132 3117/3117/3117 3119/3119/3119
f 3133/3133/3133 3124/3124/3124 3132/3132/3132
f 3134/3134/3134 3119/3119/3119 3135/3135/3135
f 3136/3136/3136 3132/3132/3132 3134/3134/3134
f 3137/3137/3137 3138/3138/3138 3139/3139/3139
f 3140/3140/3140 3141/3141/3141 3137/3137/3137
f 3142/3142/3142 3143/3143/3143 3144/3144/3144
f 3144/3144/3144 3145/3145/3145 3146/3146/3146
f 3147/3147/3147 3148/3148/3148 3149/3149/3149
f 2476/2476/2476 3150/3150/3150 3147/3147/3147
f 3146/3146/3146 3151/3151/3151 2465/2465/2465
f 3149/3149/3149 3152/3152/3152 3153/3153/3153
f 3154/3154/3154 3155/3155/3155 3142/3142/3142
f 3153/3153/3153 3156/3156/3156 3157/3157/3157
f 2503/2503/2503 3158/3158/3158 3154/3154/3154
f 3159/3159/3159 3160/3160/3160 3161/3161/3161
f 3161/3161/3161 3162/3162/3162 3140/3140/3140
f 3163/3163/3163 3133/3133/3133 3136/3136/3136
f 3164/3164/3164 3165/3165/3165 3163/3163/3163
f 3165/3165/3165 3128/3128/3128 3133/3133/3133
f 3166/3166/3166 3167/3167/3167 3165/3165/3165
f 3167/3167/3167 3168/3168/3168 3128/3128/3128
f 3169/3169/3169 3170/3170/3170 3167/3167/3167
f 3171/3171/3171 3172/3172/3172 3130/3130/3130
f 3173/3173/3173 3174/3174/3174 3171/3171/3171
f 3175/3175/3175 3173/3173/3173 3176/3176/3176
f 3176/3176/3176 3177/3177/3177 3178/3178/3178
f 3179/3179/3179 3178/3178/3178 3180/3180/3180
f 2516/2516/2516 3181/3181/3181 3182/3182/3182
f 3178/3178/3178 3183/3183/3183 3184/3184/3184
f 3180/3180/3180 3184/3184/3184 3185/3185/3185
f 3184/3184/3184 3186/3186/3186 3187/3187/3187
f 3188/3188/3188 3184/3184/3184 3187/3187/3187
f 3187/3187/3187 3159/3159/3159 3189/3189/3189
f 3188/3188/3188 3189/3189/3189 3190/3190/3190
f 3191/3191/3191 3192/3192/3192 2506/2506/2506
f 3192/3192/3192 3193/3193/3193 2503/2503/2503
f 2508/2508/2508 3191/3191/3191 2506/2506/2506
f 2511/2511/2511 3194/3194/3194 3195/3195/3195
f 2517/2517/2517 3194/3194/3194 2510/2510/2510
f 2517/2517/2517 3182/3182/3182 3196/3196/3196
f 3139/3139/3139 3197/3197/3197 3198/3198/3198
f 3197/3197/3197 2463/2463/2463 3198/3198/3198
f 3199/3199/3199 3114/3114/3114 3200/3200/3200
f 3135/3135/3135 3112/3112/3112 3199/3199/3199
f 3201/3201/3201 3202/3202/3202 3203/3203/3203
f 3204/3204/3204 3205/3205/3205 3206/3206/3206
f 3207/3207/3207 3208/3208/3208 3209/3209/3209
f 3210/3210/3210 3208/3208/3208 3211/3211/3211
f 3212/3212/3212 3213/3213/3213 3202/3202/3202
f 3214/3214/3214 3215/3215/3215 3216/3216/3216
f 3217/3217/3217 3214/3214/3214 3218/3218/3218
f 3219/3219/3219 3220/3220/3220 3221/3221/3221
f 3222/3222/3222 3220/3220/3220 3223/3223/3223
f 3224/3224/3224 3225/3225/3225 3226/3226/3226
f 3227/3227/3227 3228/3228/3228 3229/3229/3229
f 3230/3230/3230 3231/3231/3231 3232/3232/3232
f 3233/3233/3233 3234/3234/3234 3235/3235/3235
f 3236/3236/3236 3235/3235/3235 3237/3237/3237
f 3238/3238/3238 3239/3239/3239 3228/3228/3228
f 3240/3240/3240 3241/3241/3241 3242/3242/3242
f 3243/3243/3243 3244/3244/3244 3240/3240/3240
f 3245/3245/3245 3246/3246/3246 3247/3247/3247
f 3247/3247/3247 3248/3248/3248 3249/3249/3249
f 3245/3245/3245 3250/3250/3250 3251/3251/3251
f 3252/3252/3252 3253/3253/3253 3254/3254/3254
f 3255/3255/3255 3256/3256/3256 3257/3257/3257
f 3258/3258/3258 3259/3259/3259 3260/3260/3260
f 3261/3261/3261 3260/3260/3260 3262/3262/3262
f 3263/3263/3263 3264/3264/3264 3253/3253/3253
f 3265/3265/3265 3266/3266/3266 3267/3267/3267
f 3268/3268/3268 3269/3269/3269 3265/3265/3265
f 3270/3270/3270 3271/3271/3271 3272/3272/3272
f 3272/3272/3272 3273/3273/3273 3274/3274/3274
f 3270/3270/3270 3275/3275/3275 3276/3276/3276
f 1/1/1 3277/3277/3277 2/2/2
f 4/4/4 3278/3278/3278 5/5/5
f 7/7/7 3279/3279/3279 8/8/8
f 10/10/10 3280/3280/3280 11/11/11
f 13/13/13 3281/3281/3281 14/14/14
f 16/16/16 3282/3282/3282 17/17/17
f 12/12/12 11/11/11 19/19/19
f 21/21/21 9/9/9 8/8/8
f 23/23/23 4/4/4 6/6/6
f 1/1/1 3/3/3 25/25/25
f 27/27/27 39/39/39 28/28/28
f 30/30/30 3283/3283/3283 31/31/31
f 33/33/33 37/37/37 34/34/34
f 36/36/36 41/41/41 37/37/37
f 27/27/27 42/42/42 38/38/38
f 40/40/40 3284/3284/3284 41/41/41
f 42/42/42 3285/3285/3285 43/43/43
f 44/44/44 47/47/47 45/45/45
f 47/47/47 3286/3286/3286 48/48/48
f 49/49/49 53/53/53 50/50/50
f 52/52/52 3287/3287/3287 53/53/53
f 54/54/54 3288/3288/3288 55/55/55
f 57/57/57 44/44/44 46/46/46
f 59/59/59 51/51/51 50/50/50
f 73/73/73 85/85/85 74/74/74
f 76/76/76 3289/3289/3289 77/77/77
f 79/79/79 82/82/82 80/80/80
f 82/82/82 3290/3290/3290 83/83/83
f 73/73/73 3291/3291/3291 84/84/84
f 86/86/86 90/90/90 87/87/87
f 89/89/89 3292/3292/3292 90/90/90
f 91/91/91 95/95/95 92/92/92
f 94/94/94 3293/3293/3293 92/92/92
f 96/96/96 3294/3294/3294 97/97/97
f 99/99/99 111/111/111 100/100/100
f 102/102/102 3295/3295/3295 103/103/103
f 105/105/105 108/108/108 106/106/106
f 108/108/108 112/112/112 109/109/109
f 99/99/99 114/114/114 110/110/110
f 112/112/112 3296/3296/3296 113/113/113
f 114/114/114 3297/3297/3297 115/115/115
f 116/116/116 120/120/120 117/117/117
f 119/119/119 3298/3298/3298 120/120/120
f 121/121/121 125/125/125 122/122/122
f 124/124/124 3299/3299/3299 125/125/125
f 126/126/126 3300/3300/3300 127/127/127
f 118/118/118 117/117/117 129/129/129
f 131/131/131 123/123/123 122/122/122
f 145/145/145 157/157/157 146/146/146
f 148/148/148 3301/3301/3301 149/149/149
f 151/151/151 154/154/154 152/152/152
f 154/154/154 3302/3302/3302 155/155/155
f 145/145/145 3303/3303/3303 156/156/156
f 158/158/158 162/162/162 159/159/159
f 161/161/161 3304/3304/3304 162/162/162
f 163/163/163 167/167/167 164/164/164
f 166/166/166 3305/3305/3305 164/164/164
f 168/168/168 3306/3306/3306 169/169/169
f 171/171/171 183/183/183 172/172/172
f 174/174/174 3307/3307/3307 175/175/175
f 177/177/177 180/180/180 178/178/178
f 180/180/180 184/184/184 181/181/181
f 171/171/171 186/186/186 182/182/182
f 184/184/184 3308/3308/3308 185/185/185
f 186/186/186 3309/3309/3309 187/187/187
f 188/188/188 192/192/192 189/189/189
f 191/191/191 3310/3310/3310 192/192/192
f 193/193/193 197/197/197 194/194/194
f 196/196/196 3311/3311/3311 197/197/197
f 198/198/198 3312/3312/3312 199/199/199
f 190/190/190 189/189/189 201/201/201
f 203/203/203 195/195/195 194/194/194
f 217/217/217 229/229/229 218/218/218
f 220/220/220 3313/3313/3313 221/221/221
f 223/223/223 226/226/226 224/224/224
f 226/226/226 3314/3314/3314 227/227/227
f 217/217/217 3315/3315/3315 228/228/228
f 230/230/230 234/234/234 231/231/231
f 233/233/233 3316/3316/3316 234/234/234
f 235/235/235 239/239/239 236/236/236
f 238/238/238 3317/3317/3317 236/236/236
f 240/240/240 3318/3318/3318 241/241/241
f 243/243/243 255/255/255 244/244/244
f 246/246/246 3319/3319/3319 247/247/247
f 249/249/249 252/252/252 250/250/250
f 252/252/252 256/256/256 253/253/253
f 243/243/243 258/258/258 254/254/254
f 256/256/256 3320/3320/3320 257/257/257
f 258/258/258 3321/3321/3321 259/259/259
f 260/260/260 264/264/264 261/261/261
f 263/263/263 3322/3322/3322 264/264/264
f 265/265/265 269/269/269 266/266/266
f 268/268/268 3323/3323/3323 269/269/269
f 270/270/270 3324/3324/3324 271/271/271
f 262/262/262 261/261/261 273/273/273
f 275/275/275 267/267/267 266/266/266
f 289/289/289 293/293/293 290/290/290
f 296/296/296 3325/3325/3325 297/297/297
f 301/301/301 305/305/305 302/302/302
f 306/306/306 3326/3326/3326 307/307/307
f 309/309/309 3327/3327/3327 310/310/310
f 312/312/312 315/315/315 313/313/313
f 315/315/315 3328/3328/3328 316/316/316
f 307/307/307 3326/3326/3326 317/317/317
f 319/319/319 3329/3329/3329 320/320/320
f 321/321/321 320/320/320 322/322/322
f 324/324/324 3330/3330/3330 325/325/325
f 325/325/325 3331/3331/3331 327/327/327
f 328/328/328 3332/3332/3332 329/329/329
f 331/331/331 3333/3333/3333 332/332/332
f 334/334/334 3334/3334/3334 335/335/335
f 337/337/337 340/340/340 338/338/338
f 340/340/340 344/344/344 341/341/341
f 332/332/332 3333/3333/3333 342/342/342
f 344/344/344 3335/3335/3335 345/345/345
f 343/343/343 342/342/342 346/346/346
f 348/348/348 362/362/362 349/349/349
f 350/350/350 349/349/349 351/351/351
f 353/353/353 356/356/356 354/354/354
f 356/356/356 3336/3336/3336 357/357/357
f 358/358/358 3337/3337/3337 359/359/359
f 361/361/361 3338/3338/3338 362/362/362
f 363/363/363 3339/3339/3339 353/353/353
f 376/376/376 3340/3340/3340 377/377/377
f 379/379/379 3341/3341/3341 380/380/380
f 382/382/382 3342/3342/3342 383/383/383
f 384/384/384 383/383/383 385/385/385
f 377/377/377 3340/3340/3340 387/387/387
f 389/389/389 392/392/392 390/390/390
f 392/392/392 3343/3343/3343 393/393/393
f 394/394/394 3344/3344/3344 395/395/395
f 395/395/395 3345/3345/3345 397/397/397
f 398/398/398 3346/3346/3346 399/399/399
f 401/401/401 3347/3347/3347 402/402/402
f 404/404/404 3348/3348/3348 405/405/405
f 407/407/407 3349/3349/3349 408/408/408
f 409/409/409 408/408/408 410/410/410
f 402/402/402 3347/3347/3347 412/412/412
f 411/411/411 410/410/410 414/414/414
f 413/413/413 412/412/412 416/416/416
f 418/418/418 421/421/421 419/419/419
f 421/421/421 3350/3350/3350 422/422/422
f 423/423/423 426/426/426 424/424/424
f 426/426/426 3351/3351/3351 427/427/427
f 428/428/428 3352/3352/3352 429/429/429
f 431/431/431 418/418/418 420/420/420
f 433/433/433 3353/3353/3353 423/423/423
f 446/446/446 3354/3354/3354 447/447/447
f 449/449/449 3355/3355/3355 450/450/450
f 452/452/452 3356/3356/3356 453/453/453
f 454/454/454 453/453/453 455/455/455
f 447/447/447 3354/3354/3354 457/457/457
f 459/459/459 462/462/462 460/460/460
f 462/462/462 3357/3357/3357 463/463/463
f 464/464/464 3358/3358/3358 465/465/465
f 465/465/465 3359/3359/3359 467/467/467
f 468/468/468 458/458/458 457/457/457
f 470/470/470 3360/3360/3360 471/471/471
f 473/473/473 3361/3361/3361 474/474/474
f 476/476/476 3362/3362/3362 477/477/477
f 478/478/478 477/477/477 479/479/479
f 471/471/471 3360/3360/3360 481/481/481
f 480/480/480 479/479/479 483/483/483
f 482/482/482 481/481/481 485/485/485
f 487/487/487 490/490/490 488/488/488
f 490/490/490 3363/3363/3363 491/491/491
f 492/492/492 495/495/495 493/493/493
f 495/495/495 3364/3364/3364 496/496/496
f 497/497/497 3365/3365/3365 486/486/486
f 498/498/498 487/487/487 489/489/489
f 500/500/500 3366/3366/3366 492/492/492
f 513/513/513 3367/3367/3367 514/514/514
f 516/516/516 3368/3368/3368 517/517/517
f 519/519/519 3369/3369/3369 520/520/520
f 521/521/521 520/520/520 522/522/522
f 514/514/514 3367/3367/3367 524/524/524
f 526/526/526 529/529/529 527/527/527
f 529/529/529 3370/3370/3370 530/530/530
f 531/531/531 3371/3371/3371 532/532/532
f 532/532/532 3372/3372/3372 534/534/534
f 535/535/535 3373/3373/3373 536/536/536
f 538/538/538 3374/3374/3374 539/539/539
f 541/541/541 3375/3375/3375 542/542/542
f 544/544/544 3376/3376/3376 545/545/545
f 546/546/546 545/545/545 547/547/547
f 539/539/539 3374/3374/3374 549/549/549
f 548/548/548 547/547/547 551/551/551
f 550/550/550 549/549/549 553/553/553
f 555/555/555 558/558/558 556/556/556
f 558/558/558 3377/3377/3377 559/559/559
f 560/560/560 563/563/563 561/561/561
f 563/563/563 3378/3378/3378 564/564/564
f 565/565/565 3379/3379/3379 566/566/566
f 568/568/568 555/555/555 557/557/557
f 570/570/570 3380/3380/3380 560/560/560
f 583/583/583 3381/3381/3381 584/584/584
f 590/590/590 3382/3382/3382 588/588/588
f 594/594/594 3383/3383/3383 595/595/595
f 609/609/609 3384/3384/3384 610/610/610
f 612/612/612 3385/3385/3385 613/613/613
f 623/623/623 3386/3386/3386 624/624/624
f 627/627/627 3387/3387/3387 628/628/628
f 633/633/633 3388/3388/3388 634/634/634
f 636/636/636 723/723/723 637/637/637
f 676/676/676 3389/3389/3389 677/677/677
f 679/679/679 3390/3390/3390 680/680/680
f 684/684/684 3391/3391/3391 685/685/685
f 706/706/706 3392/3392/3392 707/707/707
f 706/706/706 708/708/708 711/711/711
f 713/713/713 712/712/712 711/711/711
f 720/720/720 3393/3393/3393 721/721/721
f 727/727/727 3394/3394/3394 728/728/728
f 730/730/730 829/829/829 731/731/731
f 829/829/829 733/733/733 731/731/731
f 731/731/731 740/740/740 732/732/732
f 733/733/733 1347/1347/1347 734/734/734
f 734/734/734 3395/3395/3395 735/735/735
f 737/737/737 740/740/740 735/735/735
f 740/740/740 731/731/731 735/735/735
f 739/739/739 732/732/732 740/740/740
f 740/740/740 737/737/737 738/738/738
f 743/743/743 745/745/745 3396/3396/3396
f 745/745/745 3397/3397/3397 3396/3396/3396
f 3396/3396/3396 741/741/741 743/743/743
f 744/744/744 1436/1436/1436 745/745/745
f 746/746/746 1371/1371/1371 739/739/739
f 747/747/747 1402/1402/1402 748/748/748
f 743/743/743 742/742/742 750/750/750
f 743/743/743 751/751/751 752/752/752
f 754/754/754 760/760/760 755/755/755
f 753/753/753 752/752/752 757/757/757
f 759/759/759 766/766/766 760/760/760
f 761/761/761 759/759/759 754/754/754
f 762/762/762 754/754/754 756/756/756
f 764/764/764 765/765/765 759/759/759
f 765/765/765 769/769/769 766/766/766
f 767/767/767 768/768/768 765/765/765
f 768/768/768 772/772/772 769/769/769
f 770/770/770 771/771/771 768/768/768
f 771/771/771 775/775/775 772/772/772
f 773/773/773 774/774/774 771/771/771
f 774/774/774 3398/3398/3398 775/775/775
f 776/776/776 779/779/779 777/777/777
f 779/779/779 3399/3399/3399 780/780/780
f 781/781/781 784/784/784 782/782/782
f 784/784/784 1432/1432/1432 785/785/785
f 786/786/786 784/784/784 781/781/781
f 788/788/788 1432/1432/1432 784/784/784
f 787/787/787 3400/3400/3400 789/789/789
f 786/786/786 789/789/789 790/790/790
f 791/791/791 795/795/795 792/792/792
f 794/794/794 797/797/797 795/795/795
f 796/796/796 799/799/799 792/792/792
f 797/797/797 800/800/800 796/796/796
f 796/796/796 801/801/801 798/798/798
f 800/800/800 1363/1363/1363 801/801/801
f 798/798/798 801/801/801 802/802/802
f 801/801/801 1363/1363/1363 804/804/804
f 802/802/802 806/806/806 805/805/805
f 804/804/804 1365/1365/1365 806/806/806
f 805/805/805 806/806/806 807/807/807
f 806/806/806 1365/1365/1365 809/809/809
f 808/808/808 807/807/807 810/810/810
f 807/807/807 809/809/809 812/812/812
f 810/810/810 814/814/814 813/813/813
f 812/812/812 816/816/816 814/814/814
f 814/814/814 817/817/817 815/815/815
f 816/816/816 819/819/819 817/817/817
f 817/817/817 820/820/820 818/818/818
f 819/819/819 822/822/822 820/820/820
f 820/820/820 823/823/823 821/821/821
f 822/822/822 825/825/825 823/823/823
f 824/824/824 823/823/823 825/825/825
f 827/827/827 821/821/821 823/823/823
f 3401/3401/3401 833/833/833 830/830/830
f 833/833/833 828/828/828 830/830/830
f 829/829/829 730/730/730 830/830/830
f 732/732/732 739/739/739 730/730/730
f 739/739/739 831/831/831 730/730/730
f 828/828/828 832/832/832 733/733/733
f 833/833/833 3402/3402/3402 832/832/832
f 3402/3402/3402 3403/3403/3403 832/832/832
f 835/835/835 3404/3404/3404 834/834/834
f 834/834/834 3405/3405/3405 826/826/826
f 838/838/838 1348/1348/1348 836/836/836
f 836/836/836 3406/3406/3406 837/837/837
f 846/846/846 3407/3407/3407 3408/3408/3408
f 846/846/846 3408/3408/3408 839/839/839
f 3409/3409/3409 843/843/843 840/840/840
f 843/843/843 841/841/841 840/840/840
f 841/841/841 846/846/846 839/839/839
f 842/842/842 847/847/847 841/841/841
f 826/826/826 825/825/825 844/844/844
f 841/841/841 848/848/848 845/845/845
f 847/847/847 3410/3410/3410 848/848/848
f 849/849/849 856/856/856 850/850/850
f 852/852/852 849/849/849 851/851/851
f 854/854/854 855/855/855 849/849/849
f 855/855/855 859/859/859 856/856/856
f 857/857/857 858/858/858 855/855/855
f 858/858/858 862/862/862 859/859/859
f 860/860/860 861/861/861 858/858/858
f 861/861/861 865/865/865 862/862/862
f 863/863/863 864/864/864 861/861/861
f 864/864/864 868/868/868 865/865/865
f 866/866/866 867/867/867 864/864/864
f 867/867/867 1246/1246/1246 868/868/868
f 869/869/869 867/867/867 866/866/866
f 871/871/871 1246/1246/1246 867/867/867
f 872/872/872 869/869/869 870/870/870
f 874/874/874 871/871/871 869/869/869
f 875/875/875 879/879/879 876/876/876
f 878/878/878 1243/1243/1243 879/879/879
f 875/875/875 877/877/877 880/880/880
f 882/882/882 878/878/878 875/875/875
f 881/881/881 880/880/880 883/883/883
f 882/882/882 881/881/881 884/884/884
f 886/886/886 1358/1358/1358 887/887/887
f 889/889/889 886/886/886 888/888/888
f 888/888/888 892/892/892 891/891/891
f 887/887/887 1357/1357/1357 892/892/892
f 891/891/891 892/892/892 893/893/893
f 892/892/892 1357/1357/1357 895/895/895
f 896/896/896 899/899/899 897/897/897
f 899/899/899 1356/1356/1356 900/900/900
f 901/901/901 904/904/904 902/902/902
f 904/904/904 1355/1355/1355 905/905/905
f 903/903/903 902/902/902 906/906/906
f 902/902/902 905/905/905 908/908/908
f 907/907/907 906/906/906 909/909/909
f 906/906/906 908/908/908 911/911/911
f 910/910/910 909/909/909 912/912/912
f 909/909/909 911/911/911 914/914/914
f 913/913/913 912/912/912 915/915/915
f 912/912/912 914/914/914 917/917/917
f 916/916/916 915/915/915 918/918/918
f 915/915/915 917/917/917 920/920/920
f 921/921/921 3411/3411/3411 922/922/922
f 3411/3411/3411 921/921/921 3412/3412/3412
f 921/921/921 3413/3413/3413 3412/3412/3412
f 988/988/988 926/926/926 925/925/925
f 926/926/926 3411/3411/3411 924/924/924
f 925/925/925 3414/3414/3414 988/988/988
f 3411/3411/3411 3412/3412/3412 924/924/924
f 921/921/921 923/923/923 928/928/928
f 923/923/923 1319/1319/1319 927/927/927
f 1319/1319/1319 1321/1321/1321 927/927/927
f 927/927/927 3415/3415/3415 928/928/928
f 3413/3413/3413 921/921/921 3416/3416/3416
f 921/921/921 928/928/928 930/930/930
f 3416/3416/3416 921/921/921 930/930/930
f 928/928/928 3417/3417/3417 929/929/929
f 928/928/928 3415/3415/3415 931/931/931
f 931/931/931 3418/3418/3418 846/846/846
f 3418/3418/3418 3419/3419/3419 846/846/846
f 3419/3419/3419 3407/3407/3407 846/846/846
f 3417/3417/3417 928/928/928 934/934/934
f 928/928/928 846/846/846 934/934/934
f 846/846/846 845/845/845 934/934/934
f 845/845/845 932/932/932 934/934/934
f 937/937/937 940/940/940 935/935/935
f 940/940/940 939/939/939 935/935/935
f 938/938/938 942/942/942 939/939/939
f 941/941/941 943/943/943 942/942/942
f 943/943/943 941/941/941 944/944/944
f 941/941/941 3420/3420/3420 944/944/944
f 3421/3421/3421 3422/3422/3422 945/945/945
f 3422/3422/3422 943/943/943 945/945/945
f 945/945/945 3423/3423/3423 3421/3421/3421
f 948/948/948 3424/3424/3424 3425/3425/3425
f 3424/3424/3424 3426/3426/3426 3425/3425/3425
f 3425/3425/3425 946/946/946 948/948/948
f 952/952/952 3427/3427/3427 3428/3428/3428
f 3427/3427/3427 953/953/953 3429/3429/3429
f 3428/3428/3428 3427/3427/3427 3429/3429/3429
f 953/953/953 3430/3430/3430 3429/3429/3429
f 3428/3428/3428 950/950/950 952/952/952
f 954/954/954 3431/3431/3431 955/955/955
f 955/955/955 3430/3430/3430 953/953/953
f 956/956/956 3432/3432/3432 957/957/957
f 959/959/959 3433/3433/3433 960/960/960
f 962/962/962 966/966/966 963/963/963
f 965/965/965 3434/3434/3434 966/966/966
f 967/967/967 3435/3435/3435 968/968/968
f 3436/3436/3436 970/970/970 972/972/972
f 970/970/970 3437/3437/3437 971/971/971
f 3437/3437/3437 3438/3438/3438 971/971/971
f 972/972/972 983/983/983 3436/3436/3436
f 974/974/974 3439/3439/3439 975/975/975
f 977/977/977 3440/3440/3440 978/978/978
f 978/978/978 3441/3441/3441 979/979/979
f 981/981/981 979/979/979 3441/3441/3441
f 982/982/982 3442/3442/3442 1297/1297/1297
f 981/981/981 3441/3441/3441 982/982/982
f 1297/1297/1297 980/980/980 982/982/982
f 3443/3443/3443 3436/3436/3436 983/983/983
f 984/984/984 3444/3444/3444 985/985/985
f 3443/3443/3443 983/983/983 985/985/985
f 988/988/988 3414/3414/3414 986/986/986
f 986/986/986 3445/3445/3445 987/987/987
f 989/989/989 3446/3446/3446 988/988/988
f 926/926/926 988/988/988 990/990/990
f 988/988/988 3446/3446/3446 990/990/990
f 3447/3447/3447 3448/3448/3448 3449/3449/3449
f 3448/3448/3448 926/926/926 3449/3449/3449
f 3449/3449/3449 926/926/926 991/991/991
f 3449/3449/3449 3450/3450/3450 3447/3447/3447
f 3451/3451/3451 1299/1299/1299 994/994/994
f 1299/1299/1299 992/992/992 994/994/994
f 992/992/992 3452/3452/3452 993/993/993
f 994/994/994 3453/3453/3453 3451/3451/3451
f 3453/3453/3453 3454/3454/3454 3451/3451/3451
f 3455/3455/3455 996/996/996 995/995/995
f 996/996/996 3456/3456/3456 997/997/997
f 3457/3457/3457 3447/3447/3447 1000/1000/1000
f 3447/3447/3447 3450/3450/3450 3458/3458/3458
f 3447/3447/3447 3458/3458/3458 998/998/998
f 1000/1000/1000 3447/3447/3447 998/998/998
f 3459/3459/3459 3460/3460/3460 999/999/999
f 3460/3460/3460 1000/1000/1000 999/999/999
f 3461/3461/3461 1036/1036/1036 1003/1003/1003
f 1036/1036/1036 1001/1001/1001 1003/1003/1003
f 1001/1001/1001 3462/3462/3462 1002/1002/1002
f 3462/3462/3462 3463/3463/3463 1002/1002/1002
f 3463/3463/3463 3464/3464/3464 1002/1002/1002
f 1006/1006/1006 3465/3465/3465 1004/1004/1004
f 1005/1005/1005 1308/1308/1308 1006/1006/1006
f 1009/1009/1009 3466/3466/3466 1007/1007/1007
f 3466/3466/3466 3467/3467/3467 3468/3468/3468
f 1007/1007/1007 3466/3466/3466 3468/3468/3468
f 1013/1013/1013 3469/3469/3469 1014/1014/1014
f 1029/1029/1029 3470/3470/3470 1017/1017/1017
f 3470/3470/3470 1016/1016/1016 1017/1017/1017
f 1016/1016/1016 1012/1012/1012 1011/1011/1011
f 1017/1017/1017 3471/3471/3471 1029/1029/1029
f 1018/1018/1018 3472/3472/3472 1019/1019/1019
f 1021/1021/1021 1018/1018/1018 1020/1020/1020
f 1025/1025/1025 3473/3473/3473 1023/1023/1023
f 3473/3473/3473 1028/1028/1028 1023/1023/1023
f 1028/1028/1028 1027/1027/1027 1023/1023/1023
f 1027/1027/1027 3474/3474/3474 1023/1023/1023
f 1026/1026/1026 3475/3475/3475 1027/1027/1027
f 1029/1029/1029 3471/3471/3471 1030/1030/1030
f 1032/1032/1032 3476/3476/3476 1033/1033/1033
f 1035/1035/1035 1001/1001/1001 1036/1036/1036
f 1040/1040/1040 1042/1042/1042 1038/1038/1038
f 1042/1042/1042 1032/1032/1032 1034/1034/1034
f 1038/1038/1038 1042/1042/1042 1034/1034/1034
f 1041/1041/1041 1046/1046/1046 1042/1042/1042
f 1043/1043/1043 1035/1035/1035 1037/1037/1037
f 1045/1045/1045 3477/3477/3477 1046/1046/1046
f 1043/1043/1043 1044/1044/1044 1047/1047/1047
f 1047/1047/1047 3478/3478/3478 1048/1048/1048
f 845/845/845 3479/3479/3479 3480/3480/3480
f 3480/3480/3480 3481/3481/3481 845/845/845
f 3481/3481/3481 1052/1052/1052 845/845/845
f 1052/1052/1052 3460/3460/3460 3459/3459/3459
f 1053/1053/1053 1054/1054/1054 932/932/932
f 1052/1052/1052 3459/3459/3459 1053/1053/1053
f 1053/1053/1053 932/932/932 845/845/845
f 3482/3482/3482 3483/3483/3483 1058/1058/1058
f 3483/3483/3483 1056/1056/1056 1058/1058/1058
f 1056/1056/1056 1061/1061/1061 1057/1057/1057
f 1059/1059/1059 933/933/933 932/932/932
f 1056/1056/1056 3484/3484/3484 1060/1060/1060
f 3484/3484/3484 3485/3485/3485 1060/1060/1060
f 1062/1062/1062 3486/3486/3486 1045/1045/1045
f 1132/1132/1132 3487/3487/3487 3488/3488/3488
f 1132/1132/1132 3488/3488/3488 848/848/848
f 3488/3488/3488 1063/1063/1063 848/848/848
f 845/845/845 848/848/848 1063/1063/1063
f 1064/1064/1064 3479/3479/3479 845/845/845
f 1067/1067/1067 1070/1070/1070 1065/1065/1065
f 1070/1070/1070 1069/1069/1069 1065/1065/1065
f 1068/1068/1068 3489/3489/3489 1069/1069/1069
f 1071/1071/1071 3490/3490/3490 1072/1072/1072
f 1076/1076/1076 3491/3491/3491 3492/3492/3492
f 3492/3492/3492 1074/1074/1074 1076/1076/1076
f 1077/1077/1077 3493/3493/3493 1078/1078/1078
f 3494/3494/3494 3495/3495/3495 1082/1082/1082
f 3495/3495/3495 1080/1080/1080 1082/1082/1082
f 1083/1083/1083 1091/1091/1091 1079/1079/1079
f 1081/1081/1081 3496/3496/3496 1084/1084/1084
f 3496/3496/3496 3497/3497/3497 1084/1084/1084
f 3498/3498/3498 1166/1166/1166 1087/1087/1087
f 1166/1166/1166 1085/1085/1085 1087/1087/1087
f 1088/1088/1088 1166/1166/1166 1089/1089/1089
f 1166/1166/1166 3498/3498/3498 1089/1089/1089
f 3499/3499/3499 1295/1295/1295 1090/1090/1090
f 1295/1295/1295 1088/1088/1088 1090/1090/1090
f 1091/1091/1091 1083/1083/1083 1092/1092/1092
f 1095/1095/1095 1092/1092/1092 1083/1083/1083
f 1083/1083/1083 1097/1097/1097 1094/1094/1094
f 1083/1083/1083 1078/1078/1078 1096/1096/1096
f 1099/1099/1099 1094/1094/1094 1097/1097/1097
f 1097/1097/1097 1100/1100/1100 1098/1098/1098
f 1096/1096/1096 1130/1130/1130 1100/1100/1100
f 1101/1101/1101 1095/1095/1095 1094/1094/1094
f 1094/1094/1094 1099/1099/1099 1102/1102/1102
f 1105/1105/1105 1102/1102/1102 1103/1103/1103
f 1102/1102/1102 1099/1099/1099 1098/1098/1098
f 1098/1098/1098 1103/1103/1103 1102/1102/1102
f 1106/1106/1106 1102/1102/1102 1105/1105/1105
f 1108/1108/1108 1101/1101/1101 1102/1102/1102
f 1109/1109/1109 1145/1145/1145 1110/1110/1110
f 1105/1105/1105 1104/1104/1104 1112/1112/1112
f 1114/1114/1114 1118/1118/1118 1115/1115/1115
f 1114/1114/1114 3500/3500/3500 3501/3501/3501
f 1117/1117/1117 3502/3502/3502 1118/1118/1118
f 1114/1114/1114 3501/3501/3501 1117/1117/1117
f 1103/1103/1103 1098/1098/1098 1100/1100/1100
f 1100/1100/1100 1120/1120/1120 1119/1119/1119
f 1120/1120/1120 1129/1129/1129 1121/1121/1121
f 1124/1124/1124 3503/3503/3503 3504/3504/3504
f 3504/3504/3504 1122/1122/1122 1124/1124/1124
f 1125/1125/1125 3505/3505/3505 1126/1126/1126
f 1120/1120/1120 3506/3506/3506 1128/1128/1128
f 1130/1130/1130 3506/3506/3506 1120/1120/1120
f 1066/1066/1066 1125/1125/1125 1127/1127/1127
f 848/848/848 3410/3410/3410 1131/1131/1131
f 1133/1133/1133 3507/3507/3507 1134/1134/1134
f 1134/1134/1134 3507/3507/3507 850/850/850
f 1136/1136/1136 1134/1134/1134 856/856/856
f 1135/1135/1135 1134/1134/1134 1136/1136/1136
f 1138/1138/1138 1135/1135/1135 1137/1137/1137
f 1140/1140/1140 1133/1133/1133 1135/1135/1135
f 1141/1141/1141 1144/1144/1144 1142/1142/1142
f 1144/1144/1144 1110/1110/1110 1145/1145/1145
f 1146/1146/1146 1111/1111/1111 1110/1110/1110
f 1147/1147/1147 1146/1146/1146 1144/1144/1144
f 1148/1148/1148 1149/1149/1149 1146/1146/1146
f 1149/1149/1149 1151/1151/1151 1111/1111/1111
f 1150/1150/1150 1296/1296/1296 1151/1151/1151
f 1152/1152/1152 1150/1150/1150 1149/1149/1149
f 1153/1153/1153 1296/1296/1296 1150/1150/1150
f 1155/1155/1155 1154/1154/1154 1150/1150/1150
f 1156/1156/1156 1157/1157/1157 1154/1154/1154
f 1157/1157/1157 1088/1088/1088 1153/1153/1153
f 1157/1157/1157 1156/1156/1156 1158/1158/1158
f 1088/1088/1088 1157/1157/1157 1159/1159/1159
f 1161/1161/1161 1170/1170/1170 1162/1162/1162
f 1164/1164/1164 1161/1161/1161 1163/1163/1163
f 1166/1166/1166 1088/1088/1088 1160/1160/1160
f 1085/1085/1085 1166/1166/1166 1167/1167/1167
f 1169/1169/1169 1171/1171/1171 1170/1170/1170
f 916/916/916 919/919/919 1171/1171/1171
f 913/913/913 916/916/916 1169/1169/1169
f 1172/1172/1172 1169/1169/1169 1161/1161/1161
f 910/910/910 913/913/913 1172/1172/1172
f 1174/1174/1174 3508/3508/3508 1175/1175/1175
f 1177/1177/1177 1164/1164/1164 1165/1165/1165
f 1179/1179/1179 1177/1177/1177 1178/1178/1178
f 1181/1181/1181 1174/1174/1174 1176/1176/1176
f 1183/1183/1183 1181/1181/1181 1182/1182/1182
f 1185/1185/1185 1179/1179/1179 1180/1180/1180
f 1187/1187/1187 1183/1183/1183 1184/1184/1184
f 1189/1189/1189 1185/1185/1185 1186/1186/1186
f 1191/1191/1191 1291/1291/1291 1192/1192/1192
f 1193/1193/1193 1192/1192/1192 1194/1194/1194
f 1196/1196/1196 3509/3509/3509 1197/1197/1197
f 1199/1199/1199 3510/3510/3510 1200/1200/1200
f 1202/1202/1202 1199/1199/1199 1203/1203/1203
f 1199/1199/1199 1201/1201/1201 1205/1205/1205
f 891/891/891 894/894/894 1206/1206/1206
f 891/891/891 1202/1202/1202 1204/1204/1204
f 1203/1203/1203 3511/3511/3511 1207/1207/1207
f 1204/1204/1204 1207/1207/1207 889/889/889
f 1208/1208/1208 3512/3512/3512 1209/1209/1209
f 1208/1208/1208 1210/1210/1210 882/882/882
f 1211/1211/1211 1217/1217/1217 1212/1212/1212
f 1213/1213/1213 1212/1212/1212 1214/1214/1214
f 1216/1216/1216 1290/1290/1290 1212/1212/1212
f 1212/1212/1212 1290/1290/1290 1218/1218/1218
f 1218/1218/1218 1225/1225/1225 1219/1219/1219
f 1214/1214/1214 1219/1219/1219 1220/1220/1220
f 1220/1220/1220 1219/1219/1219 1221/1221/1221
f 1219/1219/1219 1225/1225/1225 1223/1223/1223
f 1224/1224/1224 1226/1226/1226 1225/1225/1225
f 1226/1226/1226 1229/1229/1229 1223/1223/1223
f 1227/1227/1227 1228/1228/1228 1226/1226/1226
f 1228/1228/1228 1230/1230/1230 1229/1229/1229
f 1230/1230/1230 3513/3513/3513 1231/1231/1231
f 1229/1229/1229 1231/1231/1231 1221/1221/1221
f 1221/1221/1221 1231/1231/1231 1232/1232/1232
f 1233/1233/1233 1236/1236/1236 1234/1234/1234
f 1236/1236/1236 1240/1240/1240 1237/1237/1237
f 1222/1222/1222 1232/1232/1232 1238/1238/1238
f 1240/1240/1240 1246/1246/1246 871/871/871
f 1237/1237/1237 871/871/871 874/874/874
f 878/878/878 1245/1245/1245 1242/1242/1242
f 1244/1244/1244 1220/1220/1220 1222/1222/1222
f 1210/1210/1210 1245/1245/1245 878/878/878
f 1209/1209/1209 3514/3514/3514 1245/1245/1245
f 1240/1240/1240 1247/1247/1247 868/868/868
f 1236/1236/1236 1248/1248/1248 1247/1247/1247
f 1247/1247/1247 1249/1249/1249 865/865/865
f 1248/1248/1248 1251/1251/1251 1249/1249/1249
f 1250/1250/1250 1253/1253/1253 1251/1251/1251
f 1233/1233/1233 1250/1250/1250 1248/1248/1248
f 1252/1252/1252 1282/1282/1282 1253/1253/1253
f 1254/1254/1254 1252/1252/1252 1250/1250/1250
f 1255/1255/1255 1259/1259/1259 1256/1256/1256
f 1228/1228/1228 1255/1255/1255 1257/1257/1257
f 1258/1258/1258 1261/1261/1261 1259/1259/1259
f 1227/1227/1227 1258/1258/1258 1255/1255/1255
f 1260/1260/1260 1264/1264/1264 1261/1261/1261
f 1262/1262/1262 1260/1260/1260 1258/1258/1258
f 1263/1263/1263 1269/1269/1269 1264/1264/1264
f 1265/1265/1265 1263/1263/1263 1260/1260/1260
f 1200/1200/1200 3515/3515/3515 1266/1266/1266
f 1268/1268/1268 1270/1270/1270 1269/1269/1269
f 1270/1270/1270 1268/1268/1268 1271/1271/1271
f 1268/1268/1268 3516/3516/3516 1273/1273/1273
f 1274/1274/1274 1270/1270/1270 1272/1272/1272
f 1270/1270/1270 1274/1274/1274 1276/1276/1276
f 1156/1156/1156 1274/1274/1274 1275/1275/1275
f 1274/1274/1274 1156/1156/1156 1155/1155/1155
f 1269/1269/1269 1276/1276/1276 1277/1277/1277
f 1276/1276/1276 1155/1155/1155 1152/1152/1152
f 1277/1277/1277 1152/1152/1152 1148/1148/1148
f 1264/1264/1264 1277/1277/1277 1278/1278/1278
f 1278/1278/1278 1148/1148/1148 1147/1147/1147
f 1261/1261/1261 1278/1278/1278 1279/1279/1279
f 1259/1259/1259 1279/1279/1279 1280/1280/1280
f 1279/1279/1279 1147/1147/1147 1141/1141/1141
f 1280/1280/1280 1141/1141/1141 1143/1143/1143
f 1282/1282/1282 3517/3517/3517 1283/1283/1283
f 1283/1283/1283 1284/1284/1284 1251/1251/1251
f 1139/1139/1139 1137/1137/1137 1284/1284/1284
f 1137/1137/1137 1136/1136/1136 1285/1285/1285
f 1284/1284/1284 1285/1285/1285 1249/1249/1249
f 1285/1285/1285 1136/1136/1136 859/859/859
f 1249/1249/1249 1285/1285/1285 862/862/862
f 1265/1265/1265 1262/1262/1262 1286/1286/1286
f 1201/1201/1201 1200/1200/1200 1267/1267/1267
f 1201/1201/1201 1288/1288/1288 1289/1289/1289
f 1287/1287/1287 1286/1286/1286 1290/1290/1290
f 1262/1262/1262 1227/1227/1227 1224/1224/1224
f 1290/1290/1290 1286/1286/1286 1224/1224/1224
f 896/896/896 898/898/898 1291/1291/1291
f 901/901/901 903/903/903 1292/1292/1292
f 903/903/903 907/907/907 1294/1294/1294
f 907/907/907 910/910/910 1173/1173/1173
f 1153/1153/1153 1088/1088/1088 1295/1295/1295
f 1041/1041/1041 3424/3424/3424 948/948/948
f 1297/1297/1297 3518/3518/3518 1298/1298/1298
f 1300/1300/1300 3519/3519/3519 3520/3520/3520
f 3520/3520/3520 992/992/992 1300/1300/1300
f 3521/3521/3521 3522/3522/3522 1306/1306/1306
f 3522/3522/3522 3523/3523/3523 1306/1306/1306
f 3523/3523/3523 1304/1304/1304 1306/1306/1306
f 1304/1304/1304 3524/3524/3524 1305/1305/1305
f 1307/1307/1307 3525/3525/3525 1308/1308/1308
f 1309/1309/1309 1013/1013/1013 1015/1015/1015
f 957/957/957 3432/3432/3432 1311/1311/1311
f 1315/1315/1315 1338/1338/1338 1313/1313/1313
f 1313/1313/1313 3526/3526/3526 1314/1314/1314
f 3527/3527/3527 3528/3528/3528 1318/1318/1318
f 3528/3528/3528 1328/1328/1328 1316/1316/1316
f 1318/1318/1318 3528/3528/3528 1316/1316/1316
f 1353/1353/1353 1323/1323/1323 1322/1322/1322
f 1323/1323/1323 1329/1329/1329 1324/1324/1324
f 1325/1325/1325 3529/3529/3529 1322/1322/1322
f 1331/1331/1331 1330/1330/1330 1327/1327/1327
f 1330/1330/1330 1328/1328/1328 1327/1327/1327
f 1328/1328/1328 3528/3528/3528 1326/1326/1326
f 742/742/742 741/741/741 3530/3530/3530
f 3530/3530/3530 1329/1329/1329 742/742/742
f 1332/1332/1332 3531/3531/3531 1330/1330/1330
f 3531/3531/3531 3532/3532/3532 1330/1330/1330
f 735/735/735 3395/3395/3395 1333/1333/1333
f 1333/1333/1333 3395/3395/3395 1335/1335/1335
f 1337/1337/1337 1340/1340/1340 1313/1313/1313
f 1339/1339/1339 3533/3533/3533 1340/1340/1340
f 3533/3533/3533 1339/1339/1339 1343/1343/1343
f 1339/1339/1339 1341/1341/1341 1343/1343/1343
f 1344/1344/1344 3534/3534/3534 1345/1345/1345
f 832/832/832 1352/1352/1352 1347/1347/1347
f 1348/1348/1348 838/838/838 1349/1349/1349
f 832/832/832 3403/3403/3403 1351/1351/1351
f 1353/1353/1353 3535/3535/3535 1354/1354/1354
f 742/742/742 1323/1323/1323 1354/1354/1354
f 917/917/917 762/762/762 763/763/763
f 914/914/914 761/761/761 762/762/762
f 911/911/911 764/764/764 761/761/761
f 908/908/908 767/767/767 764/764/764
f 905/905/905 770/770/770 767/767/767
f 1355/1355/1355 773/773/773 770/770/770
f 1356/1356/1356 776/776/776 778/778/778
f 1357/1357/1357 781/781/781 783/783/783
f 787/787/787 781/781/781 1357/1357/1357
f 1358/1358/1358 3400/3400/3400 787/787/787
f 883/883/883 880/880/880 1359/1359/1359
f 877/877/877 1362/1362/1362 1359/1359/1359
f 877/877/877 876/876/876 1361/1361/1361
f 1363/1363/1363 3536/3536/3536 1364/1364/1364
f 1364/1364/1364 3537/3537/3537 1365/1365/1365
f 1365/1365/1365 3537/3537/3537 1366/1366/1366
f 809/809/809 1366/1366/1366 1367/1367/1367
f 1367/1367/1367 1368/1368/1368 816/816/816
f 1368/1368/1368 1369/1369/1369 819/819/819
f 1369/1369/1369 1370/1370/1370 822/822/822
f 1370/1370/1370 844/844/844 825/825/825
f 1371/1371/1371 3538/3538/3538 831/831/831
f 1372/1372/1372 821/821/821 827/827/827
f 1374/1374/1374 1376/1376/1376 1373/1373/1373
f 1376/1376/1376 1378/1378/1378 1372/1372/1372
f 1377/1377/1377 1380/1380/1380 1378/1378/1378
f 1379/1379/1379 1377/1377/1377 1376/1376/1376
f 1378/1378/1378 818/818/818 821/821/821
f 1380/1380/1380 815/815/815 818/818/818
f 1381/1381/1381 1382/1382/1382 1380/1380/1380
f 1382/1382/1382 813/813/813 815/815/815
f 1383/1383/1383 1384/1384/1384 1382/1382/1382
f 1384/1384/1384 811/811/811 813/813/813
f 1385/1385/1385 1381/1381/1381 1377/1377/1377
f 1386/1386/1386 1383/1383/1383 1381/1381/1381
f 1387/1387/1387 1385/1385/1385 1379/1379/1379
f 1389/1389/1389 1386/1386/1386 1385/1385/1385
f 1390/1390/1390 1387/1387/1387 1388/1388/1388
f 1392/1392/1392 1389/1389/1389 1387/1387/1387
f 1393/1393/1393 1406/1406/1406 1394/1394/1394
f 1395/1395/1395 1394/1394/1394 1396/1396/1396
f 1398/1398/1398 1401/1401/1401 1399/1399/1399
f 758/758/758 757/757/757 1401/1401/1401
f 1397/1397/1397 1396/1396/1396 1402/1402/1402
f 1400/1400/1400 1399/1399/1399 1403/1403/1403
f 1405/1405/1405 1409/1409/1409 1406/1406/1406
f 1404/1404/1404 1403/1403/1403 1407/1407/1407
f 785/785/785 1433/1433/1433 1409/1409/1409
f 1410/1410/1410 1413/1413/1413 1411/1411/1411
f 1412/1412/1412 1411/1411/1411 1389/1389/1389
f 1411/1411/1411 1414/1414/1414 1386/1386/1386
f 1413/1413/1413 1415/1415/1415 1414/1414/1414
f 1414/1414/1414 1416/1416/1416 1383/1383/1383
f 1415/1415/1415 1417/1417/1417 1416/1416/1416
f 1416/1416/1416 1418/1418/1418 1384/1384/1384
f 1417/1417/1417 1419/1419/1419 1418/1418/1418
f 1418/1418/1418 808/808/808 811/811/811
f 1419/1419/1419 805/805/805 808/808/808
f 803/803/803 805/805/805 1419/1419/1419
f 1420/1420/1420 1419/1419/1419 1417/1417/1417
f 1422/1422/1422 1420/1420/1420 1421/1421/1421
f 798/798/798 803/803/803 1420/1420/1420
f 1421/1421/1421 1417/1417/1417 1415/1415/1415
f 1423/1423/1423 1421/1421/1421 1424/1424/1424
f 1424/1424/1424 1415/1415/1415 1413/1413/1413
f 1427/1427/1427 1425/1425/1425 1424/1424/1424
f 1426/1426/1426 1413/1413/1413 1410/1410/1410
f 1429/1429/1429 3539/3539/3539 1430/1430/1430
f 1431/1431/1431 1430/1430/1430 1432/1432/1432
f 1432/1432/1432 1430/1430/1430 1433/1433/1433
f 790/790/790 1429/1429/1429 1431/1431/1431
f 793/793/793 792/792/792 1425/1425/1425
f 799/799/799 1423/1423/1423 1425/1425/1425
f 799/799/799 798/798/798 1422/1422/1422
f 1391/1391/1391 1388/1388/1388 1434/1434/1434
f 1434/1434/1434 1436/1436/1436 744/744/744
f 1434/1434/1434 1374/1374/1374 1375/1375/1375
f 1388/1388/1388 1379/1379/1379 1374/1374/1374
f 1437/1437/1437 1448/1448/1448 1438/1438/1438
f 1440/1440/1440 3540/3540/3540 1441/1441/1441
f 1443/1443/1443 3541/3541/3541 1444/1444/1444
f 1446/1446/1446 3542/3542/3542 1443/1443/1443
f 1447/1447/1447 3543/3543/3543 1438/1438/1438
f 1449/1449/1449 3544/3544/3544 1450/1450/1450
f 1452/1452/1452 1451/1451/1451 1450/1450/1450
f 1454/1454/1454 3545/3545/3545 1455/1455/1455
f 1457/1457/1457 3546/3546/3546 1454/1454/1454
f 1458/1458/1458 3547/3547/3547 1459/1459/1459
f 1461/1461/1461 1472/1472/1472 1462/1462/1462
f 1464/1464/1464 3548/3548/3548 1465/1465/1465
f 1467/1467/1467 3549/3549/3549 1468/1468/1468
f 1470/1470/1470 3550/3550/3550 1467/1467/1467
f 1471/1471/1471 3551/3551/3551 1462/1462/1462
f 1473/1473/1473 3552/3552/3552 1474/1474/1474
f 1476/1476/1476 1475/1475/1475 1474/1474/1474
f 1478/1478/1478 3553/3553/3553 1479/1479/1479
f 1481/1481/1481 3554/3554/3554 1478/1478/1478
f 1482/1482/1482 3555/3555/3555 1483/1483/1483
f 1485/1485/1485 1495/1495/1495 1486/1486/1486
f 1488/1488/1488 3556/3556/3556 1489/1489/1489
f 1491/1491/1491 3557/3557/3557 1492/1492/1492
f 1494/1494/1494 3558/3558/3558 1491/1491/1491
f 1495/1495/1495 3559/3559/3559 1496/1496/1496
f 1497/1497/1497 3560/3560/3560 1498/1498/1498
f 1499/1499/1499 1498/1498/1498 1500/1500/1500
f 1502/1502/1502 3561/3561/3561 1503/1503/1503
f 1505/1505/1505 1502/1502/1502 1504/1504/1504
f 1507/1507/1507 3562/3562/3562 1508/1508/1508
f 1510/1510/1510 1522/1522/1522 1511/1511/1511
f 1513/1513/1513 3563/3563/3563 1514/1514/1514
f 1516/1516/1516 1520/1520/1520 1517/1517/1517
f 1519/1519/1519 3564/3564/3564 1520/1520/1520
f 1521/1521/1521 3565/3565/3565 1522/1522/1522
f 1523/1523/1523 3566/3566/3566 1524/1524/1524
f 1526/1526/1526 1523/1523/1523 1525/1525/1525
f 1528/1528/1528 3567/3567/3567 1529/1529/1529
f 1531/1531/1531 1528/1528/1528 1530/1530/1530
f 1533/1533/1533 3568/3568/3568 1534/1534/1534
f 1536/1536/1536 1547/1547/1547 1537/1537/1537
f 1539/1539/1539 3569/3569/3569 1540/1540/1540
f 1542/1542/1542 3570/3570/3570 1539/1539/1539
f 1543/1543/1543 3571/3571/3571 1544/1544/1544
f 1546/1546/1546 3572/3572/3572 1547/1547/1547
f 1548/1548/1548 3573/3573/3573 1549/1549/1549
f 1551/1551/1551 1548/1548/1548 1550/1550/1550
f 1553/1553/1553 3574/3574/3574 1554/1554/1554
f 1556/1556/1556 3575/3575/3575 1557/1557/1557
f 1554/1554/1554 3574/3574/3574 1559/1559/1559
f 1561/1561/1561 3576/3576/3576 1562/1562/1562
f 1564/1564/1564 3577/3577/3577 1565/1565/1565
f 1567/1567/1567 3578/3578/3578 1568/1568/1568
f 1570/1570/1570 1569/1569/1569 1568/1568/1568
f 1562/1562/1562 3579/3579/3579 1572/1572/1572
f 1573/1573/1573 3580/3580/3580 1574/1574/1574
f 1576/1576/1576 3581/3581/3581 1573/1573/1573
f 1577/1577/1577 3582/3582/3582 1578/1578/1578
f 1580/1580/1580 1579/1579/1579 1578/1578/1578
f 1582/1582/1582 3583/3583/3583 1583/1583/1583
f 1585/1585/1585 3584/3584/3584 1586/1586/1586
f 1588/1588/1588 3585/3585/3585 1589/1589/1589
f 1591/1591/1591 3586/3586/3586 1592/1592/1592
f 1594/1594/1594 1593/1593/1593 1592/1592/1592
f 1587/1587/1587 1586/1586/1586 1596/1596/1596
f 1598/1598/1598 3587/3587/3587 1599/1599/1599
f 1601/1601/1601 3588/3588/3588 1598/1598/1598
f 1602/1602/1602 3589/3589/3589 1603/1603/1603
f 1605/1605/1605 1604/1604/1604 1603/1603/1603
f 1607/1607/1607 3590/3590/3590 1608/1608/1608
f 1610/1610/1610 3591/3591/3591 1611/1611/1611
f 1613/1613/1613 3592/3592/3592 1614/1614/1614
f 1616/1616/1616 3593/3593/3593 1617/1617/1617
f 1619/1619/1619 1618/1618/1618 1617/1617/1617
f 1612/1612/1612 1611/1611/1611 1621/1621/1621
f 1623/1623/1623 3594/3594/3594 1624/1624/1624
f 1626/1626/1626 1623/1623/1623 1625/1625/1625
f 1628/1628/1628 3595/3595/3595 1629/1629/1629
f 1630/1630/1630 1629/1629/1629 1631/1631/1631
f 1633/1633/1633 3596/3596/3596 1634/1634/1634
f 1636/1636/1636 1647/1647/1647 1637/1637/1637
f 1639/1639/1639 3597/3597/3597 1640/1640/1640
f 1642/1642/1642 3598/3598/3598 1643/1643/1643
f 1645/1645/1645 1642/1642/1642 1644/1644/1644
f 1647/1647/1647 3599/3599/3599 1648/1648/1648
f 1649/1649/1649 1653/1653/1653 1650/1650/1650
f 1652/1652/1652 3600/3600/3600 1653/1653/1653
f 1654/1654/1654 1661/1661/1661 1655/1655/1655
f 1657/1657/1657 3601/3601/3601 1658/1658/1658
f 1654/1654/1654 3602/3602/3602 1660/1660/1660
f 1662/1662/1662 1673/1673/1673 1663/1663/1663
f 1665/1665/1665 3603/3603/3603 1666/1666/1666
f 1668/1668/1668 3604/3604/3604 1669/1669/1669
f 1671/1671/1671 1668/1668/1668 1670/1670/1670
f 1673/1673/1673 3605/3605/3605 1674/1674/1674
f 1675/1675/1675 1679/1679/1679 1676/1676/1676
f 1678/1678/1678 3606/3606/3606 1679/1679/1679
f 1680/1680/1680 1686/1686/1686 1681/1681/1681
f 1682/1682/1682 1681/1681/1681 1683/1683/1683
f 1680/1680/1680 3607/3607/3607 1685/1685/1685
f 1689/1689/1689 1793/1793/1793 1687/1687/1687
f 1687/1687/1687 3608/3608/3608 1688/1688/1688
f 3608/3608/3608 3609/3609/3609 1688/1688/1688
f 1690/1690/1690 2327/2327/2327 1691/1691/1691
f 1691/1691/1691 3610/3610/3610 1693/1693/1693
f 1696/1696/1696 3609/3609/3609 3608/3608/3608
f 3608/3608/3608 1694/1694/1694 1696/1696/1696
f 1698/1698/1698 3611/3611/3611 1699/1699/1699
f 1699/1699/1699 3612/3612/3612 1697/1697/1697
f 1702/1702/1702 1697/1697/1697 3613/3613/3613
f 1697/1697/1697 3612/3612/3612 3613/3613/3613
f 3613/3613/3613 1700/1700/1700 1702/1702/1702
f 1703/1703/1703 1704/1704/1704 1697/1697/1697
f 1704/1704/1704 2345/2345/2345 1698/1698/1698
f 1705/1705/1705 2382/2382/2382 1706/1706/1706
f 1702/1702/1702 1701/1701/1701 1708/1708/1708
f 1707/1707/1707 3614/3614/3614 1710/1710/1710
f 1711/1711/1711 1717/1717/1717 1712/1712/1712
f 1705/1705/1705 1710/1710/1710 1714/1714/1714
f 1716/1716/1716 1723/1723/1723 1717/1717/1717
f 1718/1718/1718 1716/1716/1716 1711/1711/1711
f 1719/1719/1719 1711/1711/1711 1713/1713/1713
f 1721/1721/1721 1722/1722/1722 1716/1716/1716
f 1722/1722/1722 1726/1726/1726 1723/1723/1723
f 1724/1724/1724 1725/1725/1725 1722/1722/1722
f 1725/1725/1725 1729/1729/1729 1726/1726/1726
f 1727/1727/1727 1728/1728/1728 1725/1725/1725
f 1728/1728/1728 1732/1732/1732 1729/1729/1729
f 1730/1730/1730 1731/1731/1731 1728/1728/1728
f 1731/1731/1731 3615/3615/3615 1732/1732/1732
f 1733/1733/1733 1736/1736/1736 1734/1734/1734
f 1736/1736/1736 3616/3616/3616 1737/1737/1737
f 1738/1738/1738 1741/1741/1741 1739/1739/1739
f 1741/1741/1741 2417/2417/2417 1742/1742/1742
f 1743/1743/1743 1741/1741/1741 1738/1738/1738
f 1745/1745/1745 2417/2417/2417 1741/1741/1741
f 1744/1744/1744 3617/3617/3617 1746/1746/1746
f 1743/1743/1743 1746/1746/1746 1747/1747/1747
f 1748/1748/1748 1752/1752/1752 1749/1749/1749
f 1751/1751/1751 1754/1754/1754 1752/1752/1752
f 1753/1753/1753 1756/1756/1756 1749/1749/1749
f 1754/1754/1754 1757/1757/1757 1753/1753/1753
f 1753/1753/1753 1758/1758/1758 1755/1755/1755
f 1757/1757/1757 2341/2341/2341 1758/1758/1758
f 1755/1755/1755 1758/1758/1758 1759/1759/1759
f 1758/1758/1758 2341/2341/2341 1761/1761/1761
f 1762/1762/1762 1766/1766/1766 1763/1763/1763
f 1765/1765/1765 2343/2343/2343 1766/1766/1766
f 1763/1763/1763 1766/1766/1766 1767/1767/1767
f 1766/1766/1766 2343/2343/2343 1769/1769/1769
f 1768/1768/1768 1767/1767/1767 1770/1770/1770
f 1767/1767/1767 1769/1769/1769 1772/1772/1772
f 1770/1770/1770 1774/1774/1774 1773/1773/1773
f 1772/1772/1772 1776/1776/1776 1774/1774/1774
f 1774/1774/1774 1777/1777/1777 1775/1775/1775
f 1776/1776/1776 1779/1779/1779 1777/1777/1777
f 1777/1777/1777 1780/1780/1780 1778/1778/1778
f 1779/1779/1779 1782/1782/1782 1780/1780/1780
f 1780/1780/1780 1783/1783/1783 1781/1781/1781
f 1782/1782/1782 2344/2344/2344 1783/1783/1783
f 1784/1784/1784 1788/1788/1788 1785/1785/1785
f 1787/1787/1787 3618/3618/3618 1788/1788/1788
f 1786/1786/1786 3619/3619/3619 1784/1784/1784
f 3619/3619/3619 1789/1789/1789 1784/1784/1784
f 1790/1790/1790 1791/1791/1791 1784/1784/1784
f 3611/3611/3611 1698/1698/1698 1791/1791/1791
f 1698/1698/1698 1787/1787/1787 1791/1791/1791
f 1792/1792/1792 1794/1794/1794 1687/1687/1687
f 1795/1795/1795 3620/3620/3620 3621/3621/3621
f 3621/3621/3621 1794/1794/1794 1795/1795/1795
f 1797/1797/1797 3622/3622/3622 1796/1796/1796
f 1796/1796/1796 3619/3619/3619 1786/1786/1786
f 1800/1800/1800 2328/2328/2328 1798/1798/1798
f 1798/1798/1798 3623/3623/3623 1799/1799/1799
f 1806/1806/1806 3624/3624/3624 3625/3625/3625
f 1806/1806/1806 3625/3625/3625 1801/1801/1801
f 3622/3622/3622 1797/1797/1797 1802/1802/1802
f 1797/1797/1797 1803/1803/1803 1802/1802/1802
f 1803/1803/1803 1806/1806/1806 1801/1801/1801
f 1804/1804/1804 1807/1807/1807 1803/1803/1803
f 1786/1786/1786 1785/1785/1785 1804/1804/1804
f 1803/1803/1803 1808/1808/1808 1805/1805/1805
f 1807/1807/1807 3626/3626/3626 1808/1808/1808
f 1809/1809/1809 1816/1816/1816 1810/1810/1810
f 1812/1812/1812 1809/1809/1809 1811/1811/1811
f 1814/1814/1814 1815/1815/1815 1809/1809/1809
f 1815/1815/1815 1819/1819/1819 1816/1816/1816
f 1817/1817/1817 1818/1818/1818 1815/1815/1815
f 1818/1818/1818 1822/1822/1822 1819/1819/1819
f 1820/1820/1820 1821/1821/1821 1818/1818/1818
f 1821/1821/1821 1825/1825/1825 1822/1822/1822
f 1823/1823/1823 1824/1824/1824 1821/1821/1821
f 1824/1824/1824 1828/1828/1828 1825/1825/1825
f 1826/1826/1826 1827/1827/1827 1824/1824/1824
f 1827/1827/1827 2214/2214/2214 1828/1828/1828
f 1829/1829/1829 1827/1827/1827 1826/1826/1826
f 1831/1831/1831 2214/2214/2214 1827/1827/1827
f 1832/1832/1832 1829/1829/1829 1830/1830/1830
f 1834/1834/1834 1831/1831/1831 1829/1829/1829
f 1835/1835/1835 1839/1839/1839 1836/1836/1836
f 1838/1838/1838 2212/2212/2212 1839/1839/1839
f 1835/1835/1835 1837/1837/1837 1840/1840/1840
f 1842/1842/1842 1838/1838/1838 1835/1835/1835
f 1841/1841/1841 1840/1840/1840 1843/1843/1843
f 1842/1842/1842 1841/1841/1841 1844/1844/1844
f 1846/1846/1846 2337/2337/2337 1847/1847/1847
f 1849/1849/1849 1846/1846/1846 1848/1848/1848
f 1848/1848/1848 1852/1852/1852 1851/1851/1851
f 1847/1847/1847 2336/2336/2336 1852/1852/1852
f 1851/1851/1851 1852/1852/1852 1853/1853/1853
f 1852/1852/1852 2336/2336/2336 1855/1855/1855
f 1856/1856/1856 1859/1859/1859 1857/1857/1857
f 1859/1859/1859 2335/2335/2335 1860/1860/1860
f 1861/1861/1861 1864/1864/1864 1862/1862/1862
f 1864/1864/1864 2334/2334/2334 1865/1865/1865
f 1863/1863/1863 1862/1862/1862 1866/1866/1866
f 1862/1862/1862 1865/1865/1865 1868/1868/1868
f 1867/1867/1867 1866/1866/1866 1869/1869/1869
f 1866/1866/1866 1868/1868/1868 1871/1871/1871
f 1870/1870/1870 1869/1869/1869 1872/1872/1872
f 1869/1869/1869 1871/1871/1871 1874/1874/1874
f 1873/1873/1873 1872/1872/1872 1875/1875/1875
f 1872/1872/1872 1874/1874/1874 1877/1877/1877
f 1876/1876/1876 1875/1875/1875 1878/1878/1878
f 1875/1875/1875 1877/1877/1877 1880/1880/1880
f 1881/1881/1881 3627/3627/3627 1882/1882/1882
f 3627/3627/3627 1881/1881/1881 3628/3628/3628
f 1881/1881/1881 3629/3629/3629 3628/3628/3628
f 1946/1946/1946 1886/1886/1886 1885/1885/1885
f 1886/1886/1886 3627/3627/3627 1884/1884/1884
f 1885/1885/1885 3630/3630/3630 1946/1946/1946
f 3627/3627/3627 3628/3628/3628 1884/1884/1884
f 1881/1881/1881 1883/1883/1883 1888/1888/1888
f 1883/1883/1883 2301/2301/2301 1887/1887/1887
f 2301/2301/2301 2303/2303/2303 1887/1887/1887
f 1887/1887/1887 3631/3631/3631 1888/1888/1888
f 3629/3629/3629 1881/1881/1881 3632/3632/3632
f 1881/1881/1881 1888/1888/1888 1890/1890/1890
f 3632/3632/3632 1881/1881/1881 1890/1890/1890
f 1888/1888/1888 3633/3633/3633 1889/1889/1889
f 1888/1888/1888 3631/3631/3631 1891/1891/1891
f 1891/1891/1891 3634/3634/3634 1806/1806/1806
f 3634/3634/3634 3635/3635/3635 1806/1806/1806
f 3635/3635/3635 3624/3624/3624 1806/1806/1806
f 3633/3633/3633 1888/1888/1888 1894/1894/1894
f 1888/1888/1888 1806/1806/1806 1894/1894/1894
f 1806/1806/1806 1805/1805/1805 1894/1894/1894
f 1805/1805/1805 1892/1892/1892 1894/1894/1894
f 1897/1897/1897 1900/1900/1900 1895/1895/1895
f 1900/1900/1900 1899/1899/1899 1895/1895/1895
f 1898/1898/1898 1902/1902/1902 1899/1899/1899
f 1901/1901/1901 1903/1903/1903 1902/1902/1902
f 1903/1903/1903 1901/1901/1901 1904/1904/1904
f 1901/1901/1901 3636/3636/3636 1904/1904/1904
f 3637/3637/3637 3638/3638/3638 1905/1905/1905
f 3638/3638/3638 1903/1903/1903 1905/1905/1905
f 1905/1905/1905 3639/3639/3639 3637/3637/3637
f 1908/1908/1908 3640/3640/3640 3641/3641/3641
f 3640/3640/3640 3642/3642/3642 3641/3641/3641
f 3641/3641/3641 1906/1906/1906 1908/1908/1908
f 1912/1912/1912 3643/3643/3643 3644/3644/3644
f 3643/3643/3643 1913/1913/1913 3645/3645/3645
f 3644/3644/3644 3643/3643/3643 3645/3645/3645
f 1913/1913/1913 3646/3646/3646 3645/3645/3645
f 3644/3644/3644 1910/1910/1910 1912/1912/1912
f 1914/1914/1914 3647/3647/3647 1915/1915/1915
f 1915/1915/1915 3646/3646/3646 1913/1913/1913
f 1916/1916/1916 3648/3648/3648 1917/1917/1917
f 1919/1919/1919 1916/1916/1916 1918/1918/1918
f 1921/1921/1921 1925/1925/1925 1922/1922/1922
f 1924/1924/1924 3649/3649/3649 1925/1925/1925
f 1926/1926/1926 3650/3650/3650 1927/1927/1927
f 3651/3651/3651 1928/1928/1928 1930/1930/1930
f 1928/1928/1928 1927/1927/1927 1929/1929/1929
f 1927/1927/1927 3652/3652/3652 1929/1929/1929
f 1930/1930/1930 3653/3653/3653 3651/3651/3651
f 1932/1932/1932 3654/3654/3654 1933/1933/1933
f 1935/1935/1935 3655/3655/3655 1936/1936/1936
f 1936/1936/1936 3656/3656/3656 1937/1937/1937
f 1939/1939/1939 1937/1937/1937 3656/3656/3656
f 1940/1940/1940 3657/3657/3657 2276/2276/2276
f 1939/1939/1939 3656/3656/3656 1940/1940/1940
f 2276/2276/2276 1938/1938/1938 1940/1940/1940
f 3658/3658/3658 3659/3659/3659 1941/1941/1941
f 1942/1942/1942 3660/3660/3660 1943/1943/1943
f 3658/3658/3658 1941/1941/1941 1943/1943/1943
f 1946/1946/1946 3630/3630/3630 1944/1944/1944
f 1944/1944/1944 3661/3661/3661 1945/1945/1945
f 1947/1947/1947 3662/3662/3662 1946/1946/1946
f 1886/1886/1886 1946/1946/1946 1948/1948/1948
f 1946/1946/1946 3662/3662/3662 1948/1948/1948
f 3663/3663/3663 3664/3664/3664 3665/3665/3665
f 3664/3664/3664 1886/1886/1886 3665/3665/3665
f 3665/3665/3665 1886/1886/1886 1949/1949/1949
f 3665/3665/3665 3666/3666/3666 3663/3663/3663
f 3667/3667/3667 3668/3668/3668 1952/1952/1952
f 3668/3668/3668 1950/1950/1950 1952/1952/1952
f 1950/1950/1950 3669/3669/3669 1951/1951/1951
f 1952/1952/1952 3670/3670/3670 3667/3667/3667
f 3670/3670/3670 3671/3671/3671 3667/3667/3667
f 3672/3672/3672 1954/1954/1954 1953/1953/1953
f 1954/1954/1954 3673/3673/3673 1955/1955/1955
f 3674/3674/3674 3663/3663/3663 1958/1958/1958
f 3663/3663/3663 3666/3666/3666 3675/3675/3675
f 3663/3663/3663 3675/3675/3675 1956/1956/1956
f 1958/1958/1958 3663/3663/3663 1956/1956/1956
f 3676/3676/3676 3677/3677/3677 1957/1957/1957
f 3677/3677/3677 1958/1958/1958 1957/1957/1957
f 3678/3678/3678 1993/1993/1993 1960/1960/1960
f 1993/1993/1993 1961/1961/1961 1960/1960/1960
f 1961/1961/1961 3679/3679/3679 1959/1959/1959
f 3679/3679/3679 3680/3680/3680 1959/1959/1959
f 3680/3680/3680 3681/3681/3681 1959/1959/1959
f 1964/1964/1964 3682/3682/3682 1962/1962/1962
f 1963/1963/1963 2288/2288/2288 1964/1964/1964
f 1967/1967/1967 3683/3683/3683 1965/1965/1965
f 3683/3683/3683 3684/3684/3684 3685/3685/3685
f 1965/1965/1965 3683/3683/3683 3685/3685/3685
f 1971/1971/1971 3683/3683/3683 1967/1967/1967
f 1986/1986/1986 3686/3686/3686 1974/1974/1974
f 3686/3686/3686 1973/1973/1973 1974/1974/1974
f 1973/1973/1973 1970/1970/1970 1969/1969/1969
f 1974/1974/1974 3687/3687/3687 1986/1986/1986
f 1975/1975/1975 3688/3688/3688 1976/1976/1976
f 1978/1978/1978 1975/1975/1975 1977/1977/1977
f 1982/1982/1982 3689/3689/3689 1980/1980/1980
f 3689/3689/3689 1985/1985/1985 1980/1980/1980
f 1985/1985/1985 1984/1984/1984 1980/1980/1980
f 1984/1984/1984 3690/3690/3690 1980/1980/1980
f 1983/1983/1983 3691/3691/3691 1984/1984/1984
f 1986/1986/1986 3687/3687/3687 1987/1987/1987
f 1989/1989/1989 3692/3692/3692 1990/1990/1990
f 1992/1992/1992 1961/1961/1961 1993/1993/1993
f 1997/1997/1997 1999/1999/1999 1995/1995/1995
f 1999/1999/1999 1989/1989/1989 1991/1991/1991
f 1995/1995/1995 1999/1999/1999 1991/1991/1991
f 1998/1998/1998 2003/2003/2003 1999/1999/1999
f 2000/2000/2000 1992/1992/1992 1994/1994/1994
f 2002/2002/2002 3693/3693/3693 2003/2003/2003
f 2000/2000/2000 2001/2001/2001 2004/2004/2004
f 2004/2004/2004 3694/3694/3694 2005/2005/2005
f 2011/2011/2011 3695/3695/3695 3696/3696/3696
f 3696/3696/3696 3697/3697/3697 2011/2011/2011
f 3697/3697/3697 2009/2009/2009 2011/2011/2011
f 2009/2009/2009 3698/3698/3698 3699/3699/3699
f 2010/2010/2010 3700/3700/3700 3701/3701/3701
f 2009/2009/2009 3699/3699/3699 2010/2010/2010
f 2010/2010/2010 3701/3701/3701 2011/2011/2011
f 3702/3702/3702 3703/3703/3703 2016/2016/2016
f 3703/3703/3703 2014/2014/2014 2016/2016/2016
f 2014/2014/2014 2019/2019/2019 2015/2015/2015
f 2017/2017/2017 1893/1893/1893 1892/1892/1892
f 2014/2014/2014 3704/3704/3704 2018/2018/2018
f 3704/3704/3704 3705/3705/3705 2018/2018/2018
f 2020/2020/2020 3706/3706/3706 2002/2002/2002
f 3707/3707/3707 3708/3708/3708 3709/3709/3709
f 3707/3707/3707 3709/3709/3709 1808/1808/1808
f 3709/3709/3709 2021/2021/2021 1808/1808/1808
f 1805/1805/1805 1808/1808/1808 2021/2021/2021
f 2022/2022/2022 3710/3710/3710 1805/1805/1805
f 2025/2025/2025 2028/2028/2028 2023/2023/2023
f 2028/2028/2028 2027/2027/2027 2023/2023/2023
f 2026/2026/2026 2030/2030/2030 2027/2027/2027
f 2029/2029/2029 2033/2033/2033 2030/2030/2030
f 2033/2033/2033 2029/2029/2029 3711/3711/3711
f 3711/3711/3711 2031/2031/2031 2033/2033/2033
f 2034/2034/2034 3712/3712/3712 2035/2035/2035
f 3713/3713/3713 3714/3714/3714 2039/2039/2039
f 3714/3714/3714 2037/2037/2037 2039/2039/2039
f 2040/2040/2040 3715/3715/3715 2034/2034/2034
f 2038/2038/2038 3716/3716/3716 2041/2041/2041
f 3716/3716/3716 2048/2048/2048 2041/2041/2041
f 3717/3717/3717 2137/2137/2137 2044/2044/2044
f 2137/2137/2137 2042/2042/2042 2044/2044/2044
f 2045/2045/2045 2137/2137/2137 2046/2046/2046
f 2137/2137/2137 3717/3717/3717 2046/2046/2046
f 3718/3718/3718 2060/2060/2060 2047/2047/2047
f 2060/2060/2060 2045/2045/2045 2047/2047/2047
f 2048/2048/2048 3716/3716/3716 2049/2049/2049
f 2053/2053/2053 3719/3719/3719 3720/3720/3720
f 3720/3720/3720 2051/2051/2051 2053/2053/2053
f 2040/2040/2040 2036/2036/2036 2054/2054/2054
f 2058/2058/2058 2052/2052/2052 2051/2051/2051
f 2051/2051/2051 2056/2056/2056 2058/2058/2058
f 2054/2054/2054 2089/2089/2089 2059/2059/2059
f 2060/2060/2060 3718/3718/3718 2061/2061/2061
f 2061/2061/2061 3721/3721/3721 2062/2062/2062
f 2065/2065/2065 2062/2062/2062 2063/2063/2063
f 2062/2062/2062 3721/3721/3721 3722/3722/3722
f 3722/3722/3722 2063/2063/2063 2062/2062/2062
f 2066/2066/2066 2062/2062/2062 2065/2065/2065
f 2068/2068/2068 2060/2060/2060 2062/2062/2062
f 2065/2065/2065 2071/2071/2071 2069/2069/2069
f 2065/2065/2065 2064/2064/2064 2070/2070/2070
f 2064/2064/2064 2074/2074/2074 2072/2072/2072
f 2064/2064/2064 2063/2063/2063 3723/3723/3723
f 2073/2073/2073 3724/3724/3724 2074/2074/2074
f 2064/2064/2064 3723/3723/3723 2073/2073/2073
f 2077/2077/2077 2057/2057/2057 2056/2056/2056
f 2056/2056/2056 2075/2075/2075 2077/2077/2077
f 2076/2076/2076 2075/2075/2075 2078/2078/2078
f 2082/2082/2082 2084/2084/2084 3725/3725/3725
f 3725/3725/3725 2080/2080/2080 2082/2082/2082
f 2083/2083/2083 3725/3725/3725 2084/2084/2084
f 2086/2086/2086 3726/3726/3726 2087/2087/2087
f 2089/2089/2089 3726/3726/3726 2086/2086/2086
f 2024/2024/2024 3727/3727/3727 2090/2090/2090
f 2091/2091/2091 1810/1810/1810 2092/2092/2092
f 2094/2094/2094 2092/2092/2092 2095/2095/2095
f 2095/2095/2095 2092/2092/2092 1810/1810/1810
f 2097/2097/2097 2095/2095/2095 1816/1816/1816
f 2096/2096/2096 2095/2095/2095 2097/2097/2097
f 2099/2099/2099 2096/2096/2096 2098/2098/2098
f 2101/2101/2101 2094/2094/2094 2096/2096/2096
f 2102/2102/2102 2105/2105/2105 2103/2103/2103
f 2105/2105/2105 2069/2069/2069 2071/2071/2071
f 2106/2106/2106 2113/2113/2113 2107/2107/2107
f 2109/2109/2109 2106/2106/2106 2108/2108/2108
f 2111/2111/2111 2112/2112/2112 2106/2106/2106
f 2112/2112/2112 2115/2115/2115 2113/2113/2113
f 2114/2114/2114 3728/3728/3728 2115/2115/2115
f 2116/2116/2116 2114/2114/2114 2112/2112/2112
f 2117/2117/2117 2068/2068/2068 2118/2118/2118
f 2120/2120/2120 2119/2119/2119 2118/2118/2118
f 2122/2122/2122 3729/3729/3729 2123/2123/2123
f 2125/2125/2125 2130/2130/2130 2126/2126/2126
f 2125/2125/2125 2251/2251/2251 2128/2128/2128
f 2130/2130/2130 2125/2125/2125 2129/2129/2129
f 2132/2132/2132 2142/2142/2142 2133/2133/2133
f 2135/2135/2135 2132/2132/2132 2134/2134/2134
f 2137/2137/2137 2045/2045/2045 2138/2138/2138
f 2042/2042/2042 2137/2137/2137 2139/2139/2139
f 2141/2141/2141 2143/2143/2143 2142/2142/2142
f 1876/1876/1876 1879/1879/1879 2143/2143/2143
f 1873/1873/1873 1876/1876/1876 2141/2141/2141
f 2144/2144/2144 2141/2141/2141 2132/2132/2132
f 1870/1870/1870 1873/1873/1873 2144/2144/2144
f 2145/2145/2145 2144/2144/2144 2135/2135/2135
f 2146/2146/2146 2135/2135/2135 2136/2136/2136
f 2148/2148/2148 2146/2146/2146 2147/2147/2147
f 2150/2150/2150 2145/2145/2145 2146/2146/2146
f 2151/2151/2151 2150/2150/2150 2148/2148/2148
f 2152/2152/2152 2148/2148/2148 2149/2149/2149
f 2154/2154/2154 3730/3730/3730 2155/2155/2155
f 2157/2157/2157 2152/2152/2152 2153/2153/2153
f 2159/2159/2159 3731/3731/3731 2160/2160/2160
f 2162/2162/2162 3732/3732/3732 2163/2163/2163
f 2165/2165/2165 3733/3733/3733 2166/2166/2166
f 2168/2168/2168 3734/3734/3734 2169/2169/2169
f 2171/2171/2171 2168/2168/2168 2172/2172/2172
f 2168/2168/2168 2170/2170/2170 2174/2174/2174
f 1851/1851/1851 1854/1854/1854 2175/2175/2175
f 1851/1851/1851 2171/2171/2171 2173/2173/2173
f 2172/2172/2172 2181/2181/2181 2176/2176/2176
f 2173/2173/2173 2176/2176/2176 1849/1849/1849
f 2177/2177/2177 2182/2182/2182 2178/2178/2178
f 2177/2177/2177 2179/2179/2179 1842/1842/1842
f 2172/2172/2172 2174/2174/2174 2180/2180/2180
f 2182/2182/2182 2185/2185/2185 2183/2183/2183
f 2184/2184/2184 3735/3735/3735 2180/2180/2180
f 2185/2185/2185 2271/2271/2271 2186/2186/2186
f 2186/2186/2186 3736/3736/3736 2187/2187/2187
f 2183/2183/2183 2187/2187/2187 2188/2188/2188
f 2188/2188/2188 2187/2187/2187 2189/2189/2189
f 2187/2187/2187 3736/3736/3736 2191/2191/2191
f 2192/2192/2192 2195/2195/2195 2193/2193/2193
f 2195/2195/2195 2199/2199/2199 2196/2196/2196
f 2197/2197/2197 2198/2198/2198 2195/2195/2195
f 2198/2198/2198 2200/2200/2200 2199/2199/2199
f 2200/2200/2200 3737/3737/3737 2201/2201/2201
f 2202/2202/2202 3738/3738/3738 2189/2189/2189
f 2189/2189/2189 3738/3738/3738 2203/2203/2203
f 2204/2204/2204 2207/2207/2207 2205/2205/2205
f 2207/2207/2207 2211/2211/2211 2208/2208/2208
f 2190/2190/2190 2203/2203/2203 2209/2209/2209
f 2211/2211/2211 2214/2214/2214 1831/1831/1831
f 2209/2209/2209 3739/3739/3739 2212/2212/2212
f 1838/1838/1838 2213/2213/2213 2210/2210/2210
f 2213/2213/2213 2188/2188/2188 2190/2190/2190
f 2179/2179/2179 2213/2213/2213 1838/1838/1838
f 2178/2178/2178 2188/2188/2188 2213/2213/2213
f 2211/2211/2211 2215/2215/2215 1828/1828/1828
f 2207/2207/2207 2216/2216/2216 2215/2215/2215
f 2215/2215/2215 2217/2217/2217 1825/1825/1825
f 2216/2216/2216 2219/2219/2219 2217/2217/2217
f 2218/2218/2218 2221/2221/2221 2219/2219/2219
f 2204/2204/2204 2218/2218/2218 2216/2216/2216
f 2220/2220/2220 2263/2263/2263 2221/2221/2221
f 2222/2222/2222 2220/2220/2220 2218/2218/2218
f 2223/2223/2223 2229/2229/2229 2224/2224/2224
f 2226/2226/2226 2223/2223/2223 2225/2225/2225
f 2228/2228/2228 2232/2232/2232 2229/2229/2229
f 2230/2230/2230 2228/2228/2228 2223/2223/2223
f 2231/2231/2231 2258/2258/2258 2232/2232/2232
f 2233/2233/2233 2231/2231/2231 2228/2228/2228
f 2234/2234/2234 2253/2253/2253 2235/2235/2235
f 2237/2237/2237 2234/2234/2234 2236/2236/2236
f 2169/2169/2169 2241/2241/2241 2239/2239/2239
f 2241/2241/2241 2249/2249/2249 2242/2242/2242
f 2243/2243/2243 2246/2246/2246 2244/2244/2244
f 2246/2246/2246 2164/2164/2164 2163/2163/2163
f 2247/2247/2247 2243/2243/2243 2245/2245/2245
f 2249/2249/2249 2252/2252/2252 2250/2250/2250
f 2251/2251/2251 2247/2247/2247 2248/2248/2248
f 2252/2252/2252 2122/2122/2122 2124/2124/2124
f 2253/2253/2253 2255/2255/2255 2254/2254/2254
f 2255/2255/2255 2120/2120/2120 2121/2121/2121
f 2256/2256/2256 2116/2116/2116 2111/2111/2111
f 2258/2258/2258 2256/2256/2256 2257/2257/2257
f 2257/2257/2257 2111/2111/2111 2109/2109/2109
f 2232/2232/2232 2257/2257/2257 2259/2259/2259
f 2229/2229/2229 2259/2259/2259 2260/2260/2260
f 2259/2259/2259 2109/2109/2109 2110/2110/2110
f 2261/2261/2261 3740/3740/3740 2100/2100/2100
f 2263/2263/2263 2261/2261/2261 2262/2262/2262
f 2262/2262/2262 2264/2264/2264 2219/2219/2219
f 2100/2100/2100 2098/2098/2098 2264/2264/2264
f 2098/2098/2098 2097/2097/2097 2265/2265/2265
f 2264/2264/2264 2265/2265/2265 2217/2217/2217
f 2265/2265/2265 2097/2097/2097 1819/1819/1819
f 2217/2217/2217 2265/2265/2265 1822/1822/1822
f 2237/2237/2237 2238/2238/2238 2266/2266/2266
f 2170/2170/2170 2169/2169/2169 2240/2240/2240
f 2170/2170/2170 2268/2268/2268 2184/2184/2184
f 2267/2267/2267 2266/2266/2266 2269/2269/2269
f 2238/2238/2238 2197/2197/2197 2192/2192/2192
f 2271/2271/2271 3741/3741/3741 2272/2272/2272
f 1856/1856/1856 1858/1858/1858 2273/2273/2273
f 1861/1861/1861 1863/1863/1863 2151/2151/2151
f 1863/1863/1863 1867/1867/1867 2150/2150/2150
f 1867/1867/1867 1870/1870/1870 2145/2145/2145
f 2117/2117/2117 2045/2045/2045 2060/2060/2060
f 1998/1998/1998 3640/3640/3640 1908/1908/1908
f 2276/2276/2276 3742/3742/3742 2277/2277/2277
f 2280/2280/2280 3743/3743/3743 3744/3744/3744
f 3744/3744/3744 2278/2278/2278 2280/2280/2280
f 3745/3745/3745 3746/3746/3746 2286/2286/2286
f 3746/3746/3746 3747/3747/3747 2286/2286/2286
f 3747/3747/3747 2284/2284/2284 2286/2286/2286
f 2284/2284/2284 3748/3748/3748 2285/2285/2285
f 2287/2287/2287 3749/3749/3749 2288/2288/2288
f 2289/2289/2289 3750/3750/3750 2290/2290/2290
f 2292/2292/2292 3751/3751/3751 2293/2293/2293
f 2297/2297/2297 2319/2319/2319 2295/2295/2295
f 2295/2295/2295 3752/3752/3752 2296/2296/2296
f 3753/3753/3753 3754/3754/3754 2300/2300/2300
f 3754/3754/3754 3755/3755/3755 2300/2300/2300
f 3755/3755/3755 2298/2298/2298 2300/2300/2300
f 1883/1883/1883 2304/2304/2304 2301/2301/2301
f 2304/2304/2304 2310/2310/2310 2305/2305/2305
f 2306/2306/2306 2302/2302/2302 2301/2301/2301
f 2312/2312/2312 2309/2309/2309 2308/2308/2308
f 2309/2309/2309 3755/3755/3755 2307/2307/2307
f 3755/3755/3755 3754/3754/3754 2307/2307/2307
f 1701/1701/1701 1700/1700/1700 3756/3756/3756
f 3756/3756/3756 2310/2310/2310 1701/1701/1701
f 2313/2313/2313 3757/3757/3757 2311/2311/2311
f 2311/2311/2311 2309/2309/2309 2312/2312/2312
f 1693/1693/1693 3610/3610/3610 2314/2314/2314
f 2314/2314/2314 3610/3610/3610 2316/2316/2316
f 2318/2318/2318 2295/2295/2295 2319/2319/2319
f 2321/2321/2321 3758/3758/3758 2318/2318/2318
f 3758/3758/3758 2321/2321/2321 2324/2324/2324
f 2321/2321/2321 2322/2322/2322 2324/2324/2324
f 2325/2325/2325 3759/3759/3759 2323/2323/2323
f 2326/2326/2326 2332/2332/2332 2327/2327/2327
f 2328/2328/2328 1800/1800/1800 2329/2329/2329
f 2326/2326/2326 3760/3760/3760 2331/2331/2331
f 1883/1883/1883 1882/1882/1882 2333/2333/2333
f 1701/1701/1701 2304/2304/2304 2333/2333/2333
f 1877/1877/1877 1719/1719/1719 1720/1720/1720
f 1874/1874/1874 1718/1718/1718 1719/1719/1719
f 1871/1871/1871 1721/1721/1721 1718/1718/1718
f 1868/1868/1868 1724/1724/1724 1721/1721/1721
f 1865/1865/1865 1727/1727/1727 1724/1724/1724
f 2334/2334/2334 1730/1730/1730 1727/1727/1727
f 2335/2335/2335 1733/1733/1733 1735/1735/1735
f 2336/2336/2336 1738/1738/1738 1740/1740/1740
f 1744/1744/1744 1738/1738/1738 2336/2336/2336
f 2337/2337/2337 3617/3617/3617 1744/1744/1744
f 2338/2338/2338 2340/2340/2340 1754/1754/1754
f 2339/2339/2339 1757/1757/1757 1754/1754/1754
f 2339/2339/2339 3761/3761/3761 2341/2341/2341
f 2341/2341/2341 3761/3761/3761 2342/2342/2342
f 1830/1830/1830 1826/1826/1826 2343/2343/2343
f 2343/2343/2343 1826/1826/1826 1823/1823/1823
f 1769/1769/1769 1823/1823/1823 1820/1820/1820
f 1820/1820/1820 1817/1817/1817 1776/1776/1776
f 1817/1817/1817 1814/1814/1814 1779/1779/1779
f 1814/1814/1814 1812/1812/1812 1782/1782/1782
f 1812/1812/1812 1813/1813/1813 2344/2344/2344
f 2345/2345/2345 2347/2347/2347 1787/1787/1787
f 2346/2346/2346 3618/3618/3618 1787/1787/1787
f 2348/2348/2348 2351/2351/2351 2349/2349/2349
f 2351/2351/2351 2354/2354/2354 2352/2352/2352
f 2353/2353/2353 2357/2357/2357 2354/2354/2354
f 2355/2355/2355 2353/2353/2353 2351/2351/2351
f 2354/2354/2354 2358/2358/2358 2356/2356/2356
f 2357/2357/2357 2361/2361/2361 2358/2358/2358
f 2359/2359/2359 2360/2360/2360 2357/2357/2357
f 2360/2360/2360 3762/3762/3762 2361/2361/2361
f 2362/2362/2362 2397/2397/2397 2360/2360/2360
f 2363/2363/2363 1771/1771/1771 1773/1773/1773
f 2365/2365/2365 2359/2359/2359 2353/2353/2353
f 2366/2366/2366 2362/2362/2362 2359/2359/2359
f 2367/2367/2367 2365/2365/2365 2355/2355/2355
f 2369/2369/2369 2366/2366/2366 2365/2365/2365
f 2370/2370/2370 2367/2367/2367 2368/2368/2368
f 2372/2372/2372 2369/2369/2369 2367/2367/2367
f 2373/2373/2373 2386/2386/2386 2374/2374/2374
f 2375/2375/2375 2374/2374/2374 2376/2376/2376
f 2378/2378/2378 2381/2381/2381 2379/2379/2379
f 1715/1715/1715 1714/1714/1714 2381/2381/2381
f 1715/1715/1715 2371/2371/2371 2382/2382/2382
f 2380/2380/2380 2379/2379/2379 2383/2383/2383
f 2385/2385/2385 2389/2389/2389 2386/2386/2386
f 2384/2384/2384 2383/2383/2383 2387/2387/2387
f 1742/1742/1742 2418/2418/2418 2389/2389/2389
f 2390/2390/2390 2393/2393/2393 2391/2391/2391
f 2392/2392/2392 2391/2391/2391 2369/2369/2369
f 2391/2391/2391 2394/2394/2394 2366/2366/2366
f 2393/2393/2393 2395/2395/2395 2394/2394/2394
f 2394/2394/2394 2396/2396/2396 2362/2362/2362
f 2395/2395/2395 2398/2398/2398 2396/2396/2396
f 2396/2396/2396 2399/2399/2399 2397/2397/2397
f 2398/2398/2398 2402/2402/2402 2399/2399/2399
f 2400/2400/2400 1768/1768/1768 1771/1771/1771
f 2401/2401/2401 1763/1763/1763 1768/1768/1768
f 1760/1760/1760 3763/3763/3763 2402/2402/2402
f 2403/2403/2403 2402/2402/2402 2398/2398/2398
f 2405/2405/2405 2403/2403/2403 2404/2404/2404
f 1755/1755/1755 1760/1760/1760 2403/2403/2403
f 2404/2404/2404 2398/2398/2398 2395/2395/2395
f 2406/2406/2406 2404/2404/2404 2407/2407/2407
f 2407/2407/2407 2395/2395/2395 2393/2393/2393
f 2410/2410/2410 2408/2408/2408 2407/2407/2407
f 2411/2411/2411 3764/3764/3764 2412/2412/2412
f 2414/2414/2414 3765/3765/3765 2415/2415/2415
f 2416/2416/2416 2415/2415/2415 2417/2417/2417
f 2417/2417/2417 2415/2415/2415 2418/2418/2418
f 1747/1747/1747 2414/2414/2414 2416/2416/2416
f 1750/1750/1750 1749/1749/1749 2408/2408/2408
f 1756/1756/1756 2406/2406/2406 2408/2408/2408
f 1756/1756/1756 1755/1755/1755 2405/2405/2405
f 2371/2371/2371 2368/2368/2368 2419/2419/2419
f 2419/2419/2419 2420/2420/2420 1706/1706/1706
f 2419/2419/2419 2348/2348/2348 2350/2350/2350
f 2368/2368/2368 2355/2355/2355 2348/2348/2348
f 2421/2421/2421 2432/2432/2432 2422/2422/2422
f 2424/2424/2424 3766/3766/3766 2425/2425/2425
f 2427/2427/2427 3767/3767/3767 2428/2428/2428
f 2430/2430/2430 2427/2427/2427 2429/2429/2429
f 2432/2432/2432 3768/3768/3768 2433/2433/2433
f 2434/2434/2434 2438/2438/2438 2435/2435/2435
f 2437/2437/2437 3769/3769/3769 2438/2438/2438
f 2439/2439/2439 3770/3770/3770 2440/2440/2440
f 2441/2441/2441 2440/2440/2440 2442/2442/2442
f 2444/2444/2444 3771/3771/3771 2445/2445/2445
f 2449/2449/2449 2556/2556/2556 2447/2447/2447
f 2447/2447/2447 3772/3772/3772 2448/2448/2448
f 3772/3772/3772 3773/3773/3773 2448/2448/2448
f 2450/2450/2450 3084/3084/3084 2451/2451/2451
f 2451/2451/2451 3774/3774/3774 2453/2453/2453
f 2456/2456/2456 3773/3773/3773 3772/3772/3772
f 3772/3772/3772 2454/2454/2454 2456/2456/2456
f 2458/2458/2458 3775/3775/3775 2459/2459/2459
f 2459/2459/2459 3776/3776/3776 2457/2457/2457
f 2462/2462/2462 2457/2457/2457 3777/3777/3777
f 2457/2457/2457 3776/3776/3776 3777/3777/3777
f 3777/3777/3777 2460/2460/2460 2462/2462/2462
f 2463/2463/2463 2464/2464/2464 2457/2457/2457
f 2464/2464/2464 3109/3109/3109 2458/2458/2458
f 2465/2465/2465 3151/3151/3151 2466/2466/2466
f 2462/2462/2462 2461/2461/2461 2468/2468/2468
f 2462/2462/2462 2469/2469/2469 2470/2470/2470
f 2472/2472/2472 2478/2478/2478 2473/2473/2473
f 2471/2471/2471 2470/2470/2470 2475/2475/2475
f 2477/2477/2477 2484/2484/2484 2478/2478/2478
f 2479/2479/2479 2477/2477/2477 2472/2472/2472
f 2480/2480/2480 2472/2472/2472 2474/2474/2474
f 2482/2482/2482 2483/2483/2483 2477/2477/2477
f 2483/2483/2483 2487/2487/2487 2484/2484/2484
f 2485/2485/2485 2486/2486/2486 2483/2483/2483
f 2486/2486/2486 2490/2490/2490 2487/2487/2487
f 2488/2488/2488 2489/2489/2489 2486/2486/2486
f 2489/2489/2489 2493/2493/2493 2490/2490/2490
f 2491/2491/2491 2492/2492/2492 2489/2489/2489
f 2492/2492/2492 3778/3778/3778 2493/2493/2493
f 2494/2494/2494 2497/2497/2497 2495/2495/2495
f 2497/2497/2497 3779/3779/3779 2498/2498/2498
f 2499/2499/2499 2502/2502/2502 2500/2500/2500
f 2502/2502/2502 3192/3192/3192 2503/2503/2503
f 2504/2504/2504 2502/2502/2502 2499/2499/2499
f 2506/2506/2506 3192/3192/3192 2502/2502/2502
f 2505/2505/2505 3780/3780/3780 2507/2507/2507
f 2504/2504/2504 2507/2507/2507 2508/2508/2508
f 2509/2509/2509 2513/2513/2513 2510/2510/2510
f 2512/2512/2512 2515/2515/2515 2513/2513/2513
f 2514/2514/2514 2517/2517/2517 2510/2510/2510
f 2515/2515/2515 2518/2518/2518 2514/2514/2514
f 2514/2514/2514 2519/2519/2519 2516/2516/2516
f 2518/2518/2518 3101/3101/3101 2519/2519/2519
f 2516/2516/2516 2519/2519/2519 2520/2520/2520
f 2519/2519/2519 3101/3101/3101 2522/2522/2522
f 2523/2523/2523 2527/2527/2527 2524/2524/2524
f 2526/2526/2526 3102/3102/3102 2527/2527/2527
f 2524/2524/2524 2527/2527/2527 2528/2528/2528
f 2530/2530/2530 3103/3103/3103 2531/2531/2531
f 2529/2529/2529 2528/2528/2528 2533/2533/2533
f 2528/2528/2528 3781/3781/3781 2535/2535/2535
f 2533/2533/2533 2537/2537/2537 2536/2536/2536
f 2535/2535/2535 2539/2539/2539 2537/2537/2537
f 2537/2537/2537 2540/2540/2540 2538/2538/2538
f 2539/2539/2539 2542/2542/2542 2540/2540/2540
f 2540/2540/2540 2543/2543/2543 2541/2541/2541
f 2542/2542/2542 2545/2545/2545 2543/2543/2543
f 2543/2543/2543 2546/2546/2546 2544/2544/2544
f 2545/2545/2545 3108/3108/3108 2546/2546/2546
f 2547/2547/2547 2551/2551/2551 2548/2548/2548
f 2550/2550/2550 3121/3121/3121 2551/2551/2551
f 2549/2549/2549 3782/3782/3782 2547/2547/2547
f 3782/3782/3782 2552/2552/2552 2547/2547/2547
f 2553/2553/2553 2554/2554/2554 2547/2547/2547
f 3775/3775/3775 2458/2458/2458 2554/2554/2554
f 2458/2458/2458 2550/2550/2550 2554/2554/2554
f 2555/2555/2555 2557/2557/2557 2447/2447/2447
f 2558/2558/2558 3783/3783/3783 3784/3784/3784
f 3784/3784/3784 2557/2557/2557 2558/2558/2558
f 2560/2560/2560 3785/3785/3785 2559/2559/2559
f 2559/2559/2559 3782/3782/3782 2549/2549/2549
f 2563/2563/2563 3085/3085/3085 2561/2561/2561
f 2561/2561/2561 3786/3786/3786 2562/2562/2562
f 2572/2572/2572 3787/3787/3787 3788/3788/3788
f 2572/2572/2572 3788/3788/3788 2564/2564/2564
f 3789/3789/3789 3790/3790/3790 2565/2565/2565
f 3790/3790/3790 2566/2566/2566 2565/2565/2565
f 2566/2566/2566 2572/2572/2572 2564/2564/2564
f 2567/2567/2567 2573/2573/2573 2568/2568/2568
f 2549/2549/2549 2548/2548/2548 2570/2570/2570
f 2566/2566/2566 2860/2860/2860 2571/2571/2571
f 2573/2573/2573 2576/2576/2576 2574/2574/2574
f 2575/2575/2575 2580/2580/2580 2576/2576/2576
f 2577/2577/2577 2575/2575/2575 2573/2573/2573
f 2578/2578/2578 2579/2579/2579 2575/2575/2575
f 2579/2579/2579 2583/2583/2583 2580/2580/2580
f 2581/2581/2581 2582/2582/2582 2579/2579/2579
f 2582/2582/2582 2586/2586/2586 2583/2583/2583
f 2584/2584/2584 2585/2585/2585 2582/2582/2582
f 2585/2585/2585 2589/2589/2589 2586/2586/2586
f 2587/2587/2587 2588/2588/2588 2585/2585/2585
f 2588/2588/2588 2592/2592/2592 2589/2589/2589
f 2590/2590/2590 2591/2591/2591 2588/2588/2588
f 2591/2591/2591 2973/2973/2973 2592/2592/2592
f 2593/2593/2593 2591/2591/2591 2590/2590/2590
f 2595/2595/2595 2973/2973/2973 2591/2591/2591
f 2596/2596/2596 2600/2600/2600 2597/2597/2597
f 2599/2599/2599 3791/3791/3791 2600/2600/2600
f 2601/2601/2601 2596/2596/2596 2598/2598/2598
f 2603/2603/2603 2599/2599/2599 2596/2596/2596
f 2601/2601/2601 2602/2602/2602 2604/2604/2604
f 2606/2606/2606 2603/2603/2603 2601/2601/2601
f 2605/2605/2605 2604/2604/2604 2607/2607/2607
f 2606/2606/2606 2605/2605/2605 2608/2608/2608
f 2610/2610/2610 3100/3100/3100 2611/2611/2611
f 2613/2613/2613 2610/2610/2610 2612/2612/2612
f 2612/2612/2612 2616/2616/2616 2615/2615/2615
f 2611/2611/2611 3099/3099/3099 2616/2616/2616
f 2615/2615/2615 2616/2616/2616 2617/2617/2617
f 2616/2616/2616 3099/3099/3099 2619/2619/2619
f 2620/2620/2620 2623/2623/2623 2621/2621/2621
f 2623/2623/2623 3792/3792/3792 2624/2624/2624
f 2625/2625/2625 2628/2628/2628 2626/2626/2626
f 2628/2628/2628 3092/3092/3092 2629/2629/2629
f 2627/2627/2627 2626/2626/2626 2630/2630/2630
f 2626/2626/2626 2629/2629/2629 2632/2632/2632
f 2631/2631/2631 2630/2630/2630 2633/2633/2633
f 2630/2630/2630 2632/2632/2632 2635/2635/2635
f 2634/2634/2634 2633/2633/2633 2636/2636/2636
f 2633/2633/2633 2635/2635/2635 2638/2638/2638
f 2637/2637/2637 2636/2636/2636 2639/2639/2639
f 2636/2636/2636 2638/2638/2638 2641/2641/2641
f 2640/2640/2640 2639/2639/2639 2642/2642/2642
f 2639/2639/2639 2641/2641/2641 2644/2644/2644
f 2645/2645/2645 3793/3793/3793 2646/2646/2646
f 3793/3793/3793 2645/2645/2645 3794/3794/3794
f 2645/2645/2645 3795/3795/3795 3794/3794/3794
f 2712/2712/2712 2650/2650/2650 2649/2649/2649
f 2650/2650/2650 3793/3793/3793 2648/2648/2648
f 2649/2649/2649 3796/3796/3796 2712/2712/2712
f 3793/3793/3793 3794/3794/3794 2648/2648/2648
f 2645/2645/2645 2647/2647/2647 2652/2652/2652
f 2647/2647/2647 3055/3055/3055 2651/2651/2651
f 3055/3055/3055 3057/3057/3057 2651/2651/2651
f 2651/2651/2651 3797/3797/3797 2652/2652/2652
f 3795/3795/3795 2645/2645/2645 3798/3798/3798
f 2645/2645/2645 2652/2652/2652 2654/2654/2654
f 3798/3798/3798 2645/2645/2645 2654/2654/2654
f 2652/2652/2652 3799/3799/3799 2653/2653/2653
f 2656/2656/2656 3800/3800/3800 2657/2657/2657
f 2657/2657/2657 3801/3801/3801 2655/2655/2655
f 3801/3801/3801 3802/3802/3802 2655/2655/2655
f 3802/3802/3802 3803/3803/3803 2655/2655/2655
f 3804/3804/3804 3805/3805/3805 2660/2660/2660
f 3805/3805/3805 3806/3806/3806 2660/2660/2660
f 3806/3806/3806 2777/2777/2777 2660/2660/2660
f 2777/2777/2777 2658/2658/2658 2660/2660/2660
f 2663/2663/2663 2666/2666/2666 2661/2661/2661
f 2666/2666/2666 2665/2665/2665 2661/2661/2661
f 2664/2664/2664 2668/2668/2668 2665/2665/2665
f 2667/2667/2667 2670/2670/2670 2668/2668/2668
f 2670/2670/2670 2667/2667/2667 3807/3807/3807
f 2667/2667/2667 3808/3808/3808 3807/3807/3807
f 3807/3807/3807 2671/2671/2671 2670/2670/2670
f 2671/2671/2671 3809/3809/3809 3810/3810/3810
f 3810/3810/3810 2669/2669/2669 2671/2671/2671
f 2674/2674/2674 3811/3811/3811 3812/3812/3812
f 3811/3811/3811 3813/3813/3813 3812/3812/3812
f 3812/3812/3812 2672/2672/2672 2674/2674/2674
f 2678/2678/2678 3814/3814/3814 3815/3815/3815
f 3814/3814/3814 2679/2679/2679 3816/3816/3816
f 3815/3815/3815 3814/3814/3814 3816/3816/3816
f 2679/2679/2679 3817/3817/3817 3816/3816/3816
f 3815/3815/3815 2676/2676/2676 2678/2678/2678
f 2680/2680/2680 3818/3818/3818 2681/2681/2681
f 2681/2681/2681 3817/3817/3817 2679/2679/2679
f 2682/2682/2682 3819/3819/3819 2683/2683/2683
f 2685/2685/2685 2682/2682/2682 2684/2684/2684
f 2687/2687/2687 2691/2691/2691 2688/2688/2688
f 2690/2690/2690 3820/3820/3820 2691/2691/2691
f 2692/2692/2692 3821/3821/3821 2693/2693/2693
f 3822/3822/3822 2694/2694/2694 2696/2696/2696
f 2694/2694/2694 2693/2693/2693 2695/2695/2695
f 2693/2693/2693 3823/3823/3823 2695/2695/2695
f 2696/2696/2696 3824/3824/3824 3822/3822/3822
f 2698/2698/2698 3825/3825/3825 2699/2699/2699
f 2701/2701/2701 3826/3826/3826 2702/2702/2702
f 2702/2702/2702 3827/3827/3827 2703/2703/2703
f 2705/2705/2705 2703/2703/2703 3827/3827/3827
f 2706/2706/2706 3828/3828/3828 3829/3829/3829
f 2705/2705/2705 3827/3827/3827 2706/2706/2706
f 3829/3829/3829 2704/2704/2704 2706/2706/2706
f 3830/3830/3830 3831/3831/3831 2707/2707/2707
f 2708/2708/2708 3832/3832/3832 2709/2709/2709
f 3830/3830/3830 2707/2707/2707 2709/2709/2709
f 2712/2712/2712 3796/3796/3796 2710/2710/2710
f 2710/2710/2710 3833/3833/3833 2711/2711/2711
f 2713/2713/2713 3834/3834/3834 2712/2712/2712
f 2650/2650/2650 2712/2712/2712 2714/2714/2714
f 2712/2712/2712 3834/3834/3834 2714/2714/2714
f 2811/2811/2811 2899/2899/2899 3835/3835/3835
f 2899/2899/2899 2650/2650/2650 3835/3835/3835
f 3835/3835/3835 2650/2650/2650 2715/2715/2715
f 3835/3835/3835 3836/3836/3836 2811/2811/2811
f 3837/3837/3837 3032/3032/3032 2718/2718/2718
f 3032/3032/3032 2716/2716/2716 2718/2718/2718
f 2716/2716/2716 3838/3838/3838 2717/2717/2717
f 2718/2718/2718 3839/3839/3839 3837/3837/3837
f 3839/3839/3839 3040/3040/3040 3837/3837/3837
f 3840/3840/3840 2720/2720/2720 2719/2719/2719
f 2720/2720/2720 3841/3841/3841 2721/2721/2721
f 2812/2812/2812 2811/2811/2811 2724/2724/2724
f 2811/2811/2811 3836/3836/3836 3842/3842/3842
f 2811/2811/2811 3842/3842/3842 2722/2722/2722
f 2724/2724/2724 2811/2811/2811 2722/2722/2722
f 3843/3843/3843 3844/3844/3844 2723/2723/2723
f 3844/3844/3844 2724/2724/2724 2723/2723/2723
f 3845/3845/3845 2759/2759/2759 2726/2726/2726
f 2759/2759/2759 2727/2727/2727 2726/2726/2726
f 2727/2727/2727 3846/3846/3846 2725/2725/2725
f 3846/3846/3846 3847/3847/3847 2725/2725/2725
f 3847/3847/3847 3848/3848/3848 2725/2725/2725
f 2730/2730/2730 3849/3849/3849 2728/2728/2728
f 2729/2729/2729 3850/3850/3850 2730/2730/2730
f 2733/2733/2733 3851/3851/3851 2731/2731/2731
f 3851/3851/3851 3852/3852/3852 3853/3853/3853
f 2731/2731/2731 3851/3851/3851 3853/3853/3853
f 2737/2737/2737 3851/3851/3851 2733/2733/2733
f 2752/2752/2752 3854/3854/3854 2740/2740/2740
f 3854/3854/3854 2739/2739/2739 2740/2740/2740
f 2739/2739/2739 2736/2736/2736 2735/2735/2735
f 2740/2740/2740 3855/3855/3855 2752/2752/2752
f 2741/2741/2741 3856/3856/3856 2742/2742/2742
f 2744/2744/2744 2741/2741/2741 2743/2743/2743
f 2748/2748/2748 3857/3857/3857 2746/2746/2746
f 3857/3857/3857 2751/2751/2751 2746/2746/2746
f 2751/2751/2751 2750/2750/2750 2746/2746/2746
f 2750/2750/2750 3858/3858/3858 2746/2746/2746
f 2749/2749/2749 3859/3859/3859 2750/2750/2750
f 2752/2752/2752 3855/3855/3855 2753/2753/2753
f 2755/2755/2755 3860/3860/3860 2756/2756/2756
f 2758/2758/2758 2727/2727/2727 2759/2759/2759
f 2763/2763/2763 2765/2765/2765 2761/2761/2761
f 2765/2765/2765 2755/2755/2755 2757/2757/2757
f 2761/2761/2761 2765/2765/2765 2757/2757/2757
f 2764/2764/2764 2769/2769/2769 2765/2765/2765
f 2766/2766/2766 2758/2758/2758 2760/2760/2760
f 2768/2768/2768 3861/3861/3861 2769/2769/2769
f 2766/2766/2766 2767/2767/2767 2770/2770/2770
f 2770/2770/2770 3862/3862/3862 2771/2771/2771
f 2777/2777/2777 3863/3863/3863 3864/3864/3864
f 3864/3864/3864 3865/3865/3865 2777/2777/2777
f 3865/3865/3865 2775/2775/2775 2777/2777/2777
f 2775/2775/2775 3866/3866/3866 3867/3867/3867
f 2776/2776/2776 3868/3868/3868 2658/2658/2658
f 2775/2775/2775 3867/3867/3867 2776/2776/2776
f 2776/2776/2776 2658/2658/2658 2777/2777/2777
f 3869/3869/3869 3870/3870/3870 2783/2783/2783
f 3870/3870/3870 2781/2781/2781 2783/2783/2783
f 2781/2781/2781 2788/2788/2788 2782/2782/2782
f 2784/2784/2784 3871/3871/3871 2785/2785/2785
f 2781/2781/2781 3872/3872/3872 2787/2787/2787
f 3872/3872/3872 3873/3873/3873 2787/2787/2787
f 2789/2789/2789 3874/3874/3874 2768/2768/2768
f 2843/2843/2843 3875/3875/3875 3876/3876/3876
f 2843/2843/2843 3876/3876/3876 2860/2860/2860
f 3876/3876/3876 2790/2790/2790 2860/2860/2860
f 2571/2571/2571 2860/2860/2860 2790/2790/2790
f 2791/2791/2791 3877/3877/3877 2571/2571/2571
f 2794/2794/2794 2797/2797/2797 2792/2792/2792
f 2797/2797/2797 2796/2796/2796 2792/2792/2792
f 2795/2795/2795 2799/2799/2799 2796/2796/2796
f 2798/2798/2798 2802/2802/2802 2799/2799/2799
f 2802/2802/2802 2798/2798/2798 3878/3878/3878
f 3878/3878/3878 2800/2800/2800 2802/2802/2802
f 2803/2803/2803 3879/3879/3879 2804/2804/2804
f 3880/3880/3880 3881/3881/3881 2808/2808/2808
f 3881/3881/3881 2806/2806/2806 2808/2808/2808
f 2809/2809/2809 3882/3882/3882 2803/2803/2803
f 2807/2807/2807 3883/3883/3883 2810/2810/2810
f 3883/3883/3883 2817/2817/2817 2810/2810/2810
f 3884/3884/3884 2896/2896/2896 2813/2813/2813
f 2896/2896/2896 2811/2811/2811 2813/2813/2813
f 2814/2814/2814 2896/2896/2896 2815/2815/2815
f 2896/2896/2896 3884/3884/3884 2815/2815/2815
f 3885/3885/3885 2829/2829/2829 2816/2816/2816
f 2829/2829/2829 2814/2814/2814 2816/2816/2816
f 2817/2817/2817 3883/3883/3883 2818/2818/2818
f 2822/2822/2822 3886/3886/3886 3887/3887/3887
f 3887/3887/3887 2820/2820/2820 2822/2822/2822
f 2809/2809/2809 2805/2805/2805 2823/2823/2823
f 2827/2827/2827 2821/2821/2821 2820/2820/2820
f 2820/2820/2820 2825/2825/2825 2827/2827/2827
f 2823/2823/2823 2858/2858/2858 2828/2828/2828
f 2829/2829/2829 3885/3885/3885 2830/2830/2830
f 2830/2830/2830 3888/3888/3888 2831/2831/2831
f 2834/2834/2834 2831/2831/2831 2832/2832/2832
f 2831/2831/2831 3888/3888/3888 3889/3889/3889
f 3889/3889/3889 2832/2832/2832 2831/2831/2831
f 2835/2835/2835 2831/2831/2831 2834/2834/2834
f 2837/2837/2837 2829/2829/2829 2831/2831/2831
f 2834/2834/2834 2840/2840/2840 2838/2838/2838
f 2834/2834/2834 2833/2833/2833 2839/2839/2839
f 2833/2833/2833 2843/2843/2843 2841/2841/2841
f 2833/2833/2833 2832/2832/2832 3890/3890/3890
f 2842/2842/2842 3875/3875/3875 2843/2843/2843
f 2833/2833/2833 3890/3890/3890 2842/2842/2842
f 2846/2846/2846 2826/2826/2826 2825/2825/2825
f 2825/2825/2825 2844/2844/2844 2846/2846/2846
f 2845/2845/2845 2844/2844/2844 2847/2847/2847
f 2851/2851/2851 2853/2853/2853 3891/3891/3891
f 3891/3891/3891 2849/2849/2849 2851/2851/2851
f 2852/2852/2852 3891/3891/3891 2853/2853/2853
f 2855/2855/2855 3892/3892/3892 2856/2856/2856
f 2858/2858/2858 3892/3892/3892 2855/2855/2855
f 2793/2793/2793 3893/3893/3893 2859/2859/2859
f 2860/2860/2860 3894/3894/3894 2841/2841/2841
f 2861/2861/2861 3895/3895/3895 2862/2862/2862
f 2862/2862/2862 3895/3895/3895 2576/2576/2576
f 2864/2864/2864 2862/2862/2862 2580/2580/2580
f 2863/2863/2863 2862/2862/2862 2864/2864/2864
f 2866/2866/2866 2863/2863/2863 2865/2865/2865
f 2868/2868/2868 2861/2861/2861 2863/2863/2863
f 2869/2869/2869 2870/2870/2870 2866/2866/2866
f 2870/2870/2870 3896/3896/3896 2868/2868/2868
f 2871/2871/2871 2878/2878/2878 2872/2872/2872
f 2874/2874/2874 2871/2871/2871 2873/2873/2873
f 2876/2876/2876 2877/2877/2877 2871/2871/2871
f 2877/2877/2877 2880/2880/2880 2878/2878/2878
f 2879/2879/2879 3897/3897/3897 2880/2880/2880
f 2881/2881/2881 2879/2879/2879 2877/2877/2877
f 2882/2882/2882 3897/3897/3897 2879/2879/2879
f 2884/2884/2884 2883/2883/2883 2879/2879/2879
f 2885/2885/2885 2886/2886/2886 2883/2883/2883
f 2886/2886/2886 2889/2889/2889 2882/2882/2882
f 2886/2886/2886 2885/2885/2885 2887/2887/2887
f 2889/2889/2889 2886/2886/2886 2888/2888/2888
f 2891/2891/2891 2901/2901/2901 2892/2892/2892
f 2894/2894/2894 2891/2891/2891 2893/2893/2893
f 2896/2896/2896 2814/2814/2814 2897/2897/2897
f 2811/2811/2811 2896/2896/2896 2898/2898/2898
f 2900/2900/2900 2902/2902/2902 2901/2901/2901
f 2640/2640/2640 2643/2643/2643 2902/2902/2902
f 2637/2637/2637 2640/2640/2640 2900/2900/2900
f 2903/2903/2903 2900/2900/2900 2891/2891/2891
f 2634/2634/2634 2637/2637/2637 2903/2903/2903
f 2904/2904/2904 2903/2903/2903 2894/2894/2894
f 2905/2905/2905 2894/2894/2894 2895/2895/2895
f 2907/2907/2907 2905/2905/2905 2906/2906/2906
f 2909/2909/2909 2904/2904/2904 2905/2905/2905
f 2910/2910/2910 2909/2909/2909 2907/2907/2907
f 2911/2911/2911 2907/2907/2907 2908/2908/2908
f 2913/2913/2913 3898/3898/3898 2914/2914/2914
f 2916/2916/2916 2911/2911/2911 2912/2912/2912
f 2918/2918/2918 3026/3026/3026 2919/2919/2919
f 2920/2920/2920 2919/2919/2919 2921/2921/2921
f 2923/2923/2923 3899/3899/3899 2924/2924/2924
f 2925/2925/2925 2924/2924/2924 2926/2926/2926
f 2928/2928/2928 2931/2931/2931 2929/2929/2929
f 2931/2931/2931 3021/3021/3021 2932/2932/2932
f 2615/2615/2615 2618/2618/2618 2933/2933/2933
f 2615/2615/2615 2928/2928/2928 2930/2930/2930
f 2929/2929/2929 2940/2940/2940 2934/2934/2934
f 2930/2930/2930 2934/2934/2934 2613/2613/2613
f 2935/2935/2935 2941/2941/2941 2936/2936/2936
f 2938/2938/2938 2972/2972/2972 2606/2606/2606
f 2929/2929/2929 2932/2932/2932 2939/2939/2939
f 2941/2941/2941 2944/2944/2944 2942/2942/2942
f 2943/2943/2943 3900/3900/3900 2939/2939/2939
f 2944/2944/2944 3023/3023/3023 2945/2945/2945
f 2945/2945/2945 2952/2952/2952 2946/2946/2946
f 2942/2942/2942 2946/2946/2946 2947/2947/2947
f 2947/2947/2947 2946/2946/2946 2948/2948/2948
f 2946/2946/2946 2952/2952/2952 2950/2950/2950
f 2951/2951/2951 2953/2953/2953 2952/2952/2952
f 2953/2953/2953 2956/2956/2956 2950/2950/2950
f 2954/2954/2954 2955/2955/2955 2953/2953/2953
f 2955/2955/2955 2957/2957/2957 2956/2956/2956
f 2957/2957/2957 3901/3901/3901 2958/2958/2958
f 2956/2956/2956 2958/2958/2958 2948/2948/2948
f 2948/2948/2948 2958/2958/2958 2959/2959/2959
f 2960/2960/2960 2963/2963/2963 2961/2961/2961
f 2963/2963/2963 2967/2967/2967 2964/2964/2964
f 2949/2949/2949 2959/2959/2959 2965/2965/2965
f 2967/2967/2967 2973/2973/2973 2595/2595/2595
f 2964/2964/2964 2595/2595/2595 2968/2968/2968
f 2603/2603/2603 3902/3902/3902 2970/2970/2970
f 2971/2971/2971 2947/2947/2947 2949/2949/2949
f 2972/2972/2972 3902/3902/3902 2603/2603/2603
f 2936/2936/2936 2947/2947/2947 2971/2971/2971
f 2967/2967/2967 2974/2974/2974 2592/2592/2592
f 2963/2963/2963 2975/2975/2975 2974/2974/2974
f 2974/2974/2974 2976/2976/2976 2589/2589/2589
f 2975/2975/2975 2978/2978/2978 2976/2976/2976
f 2977/2977/2977 2980/2980/2980 2978/2978/2978
f 2960/2960/2960 2977/2977/2977 2975/2975/2975
f 2979/2979/2979 3015/3015/3015 2980/2980/2980
f 2981/2981/2981 2979/2979/2979 2977/2977/2977
f 2982/2982/2982 2986/2986/2986 2983/2983/2983
f 2955/2955/2955 2982/2982/2982 2984/2984/2984
f 2985/2985/2985 2988/2988/2988 2986/2986/2986
f 2954/2954/2954 2985/2985/2985 2982/2982/2982
f 2987/2987/2987 2991/2991/2991 2988/2988/2988
f 2989/2989/2989 2987/2987/2987 2985/2985/2985
f 2990/2990/2990 3008/3008/3008 2991/2991/2991
f 2992/2992/2992 2990/2990/2990 2987/2987/2987
f 2993/2993/2993 2996/2996/2996 2994/2994/2994
f 2996/2996/2996 3005/3005/3005 2997/2997/2997
f 2998/2998/2998 3001/3001/3001 2999/2999/2999
f 3001/3001/3001 3903/3903/3903 3002/3002/3002
f 3003/3003/3003 2998/2998/2998 3000/3000/3000
f 3005/3005/3005 3904/3904/3904 3006/3006/3006
f 2885/2885/2885 3003/3003/3003 3004/3004/3004
f 3003/3003/3003 2885/2885/2885 2884/2884/2884
f 3008/3008/3008 3007/3007/3007 3009/3009/3009
f 3007/3007/3007 2884/2884/2884 2881/2881/2881
f 3009/3009/3009 2881/2881/2881 2876/2876/2876
f 2991/2991/2991 3009/3009/3009 3010/3010/3010
f 3010/3010/3010 2876/2876/2876 2874/2874/2874
f 2988/2988/2988 3010/3010/3010 3011/3011/3011
f 2986/2986/2986 3011/3011/3011 3012/3012/3012
f 3011/3011/3011 2874/2874/2874 2875/2875/2875
f 3013/3013/3013 2869/2869/2869 2867/2867/2867
f 3015/3015/3015 3013/3013/3013 3014/3014/3014
f 3014/3014/3014 3016/3016/3016 2978/2978/2978
f 2867/2867/2867 2865/2865/2865 3016/3016/3016
f 2865/2865/2865 2864/2864/2864 3017/3017/3017
f 3016/3016/3016 3017/3017/3017 2976/2976/2976
f 3017/3017/3017 2864/2864/2864 2583/2583/2583
f 2976/2976/2976 3017/3017/3017 2586/2586/2586
f 3018/3018/3018 3905/3905/3905 3019/3019/3019
f 2927/2927/2927 2926/2926/2926 3018/3018/3018
f 3021/3021/3021 3906/3906/3906 2943/2943/2943
f 3022/3022/3022 3025/3025/3025 3023/3023/3023
f 2989/2989/2989 2954/2954/2954 2951/2951/2951
f 3023/3023/3023 3025/3025/3025 2951/2951/2951
f 2620/2620/2620 2622/2622/2622 3026/3026/3026
f 2625/2625/2625 2627/2627/2627 2910/2910/2910
f 2627/2627/2627 2631/2631/2631 2909/2909/2909
f 2631/2631/2631 2634/2634/2634 2904/2904/2904
f 3028/3028/3028 2814/2814/2814 2829/2829/2829
f 2764/2764/2764 3811/3811/3811 2674/2674/2674
f 3029/3029/3029 3907/3907/3907 3030/3030/3030
f 3033/3033/3033 3908/3908/3908 3909/3909/3909
f 3909/3909/3909 2716/2716/2716 3033/3033/3033
f 3910/3910/3910 3911/3911/3911 3039/3039/3039
f 3911/3911/3911 3912/3912/3912 3039/3039/3039
f 3912/3912/3912 3037/3037/3037 3039/3039/3039
f 3037/3037/3037 3913/3913/3913 3038/3038/3038
f 3040/3040/3040 3839/3839/3839 3041/3041/3041
f 3043/3043/3043 3914/3914/3914 3044/3044/3044
f 3046/3046/3046 3915/3915/3915 3047/3047/3047
f 3051/3051/3051 3916/3916/3916 3049/3049/3049
f 3049/3049/3049 3917/3917/3917 3050/3050/3050
f 3918/3918/3918 3919/3919/3919 3054/3054/3054
f 3919/3919/3919 3920/3920/3920 3054/3054/3054
f 3920/3920/3920 3052/3052/3052 3054/3054/3054
f 3090/3090/3090 3059/3059/3059 3058/3058/3058
f 3059/3059/3059 3065/3065/3065 3060/3060/3060
f 3061/3061/3061 3921/3921/3921 3058/3058/3058
f 3067/3067/3067 3064/3064/3064 3063/3063/3063
f 3064/3064/3064 3920/3920/3920 3062/3062/3062
f 3920/3920/3920 3919/3919/3919 3062/3062/3062
f 2461/2461/2461 2460/2460/2460 3922/3922/3922
f 3922/3922/3922 3065/3065/3065 2461/2461/2461
f 3068/3068/3068 3923/3923/3923 3066/3066/3066
f 3066/3066/3066 3064/3064/3064 3067/3067/3067
f 2453/2453/2453 3774/3774/3774 3069/3069/3069
f 3069/3069/3069 3774/3774/3774 3071/3071/3071
f 3073/3073/3073 3924/3924/3924 3074/3074/3074
f 3076/3076/3076 3925/3925/3925 3077/3077/3077
f 3925/3925/3925 3076/3076/3076 3081/3081/3081
f 3076/3076/3076 3079/3079/3079 3081/3081/3081
f 3082/3082/3082 3926/3926/3926 3080/3080/3080
f 3083/3083/3083 3089/3089/3089 3084/3084/3084
f 3085/3085/3085 2563/2563/2563 3086/3086/3086
f 3083/3083/3083 3927/3927/3927 3088/3088/3088
f 3090/3090/3090 3928/3928/3928 3091/3091/3091
f 2461/2461/2461 3059/3059/3059 3091/3091/3091
f 2641/2641/2641 2480/2480/2480 2481/2481/2481
f 2638/2638/2638 2479/2479/2479 2480/2480/2480
f 2635/2635/2635 2482/2482/2482 2479/2479/2479
f 2632/2632/2632 2485/2485/2485 2482/2482/2482
f 2629/2629/2629 2488/2488/2488 2485/2485/2485
f 3092/3092/3092 2491/2491/2491 2488/2488/2488
f 3093/3093/3093 3929/3929/3929 3094/3094/3094
f 3096/3096/3096 3930/3930/3930 3097/3097/3097
f 2505/2505/2505 2499/2499/2499 3099/3099/3099
f 3100/3100/3100 3780/3780/3780 2505/2505/2505
f 2607/2607/2607 2604/2604/2604 2515/2515/2515
f 2602/2602/2602 2518/2518/2518 2515/2515/2515
f 2602/2602/2602 2598/2598/2598 3101/3101/3101
f 3101/3101/3101 2598/2598/2598 2597/2597/2597
f 2594/2594/2594 2590/2590/2590 3102/3102/3102
f 3103/3103/3103 3931/3931/3931 3104/3104/3104
f 2531/2531/2531 3104/3104/3104 3105/3105/3105
f 3105/3105/3105 3932/3932/3932 3107/3107/3107
f 2581/2581/2581 2578/2578/2578 2542/2542/2542
f 2578/2578/2578 2577/2577/2577 2545/2545/2545
f 2577/2577/2577 2567/2567/2567 3108/3108/3108
f 3109/3109/3109 3111/3111/3111 2550/2550/2550
f 3110/3110/3110 3121/3121/3121 2550/2550/2550
f 3112/3112/3112 3115/3115/3115 3113/3113/3113
f 3115/3115/3115 3118/3118/3118 3116/3116/3116
f 3117/3117/3117 3125/3125/3125 3118/3118/3118
f 3119/3119/3119 3117/3117/3117 3115/3115/3115
f 3120/3120/3120 3123/3123/3123 3121/3121/3121
f 3122/3122/3122 3127/3127/3127 3123/3123/3123
f 3124/3124/3124 3129/3129/3129 3125/3125/3125
f 3126/3126/3126 3131/3131/3131 3127/3127/3127
f 3128/3128/3128 3168/3168/3168 3129/3129/3129
f 3130/3130/3130 3172/3172/3172 3131/3131/3131
f 3132/3132/3132 3124/3124/3124 3117/3117/3117
f 3133/3133/3133 3128/3128/3128 3124/3124/3124
f 3134/3134/3134 3132/3132/3132 3119/3119/3119
f 3136/3136/3136 3133/3133/3133 3132/3132/3132
f 3137/3137/3137 3141/3141/3141 3138/3138/3138
f 3140/3140/3140 3162/3162/3162 3141/3141/3141
f 3142/3142/3142 3155/3155/3155 3143/3143/3143
f 3144/3144/3144 3143/3143/3143 3145/3145/3145
f 3147/3147/3147 3150/3150/3150 3148/3148/3148
f 2476/2476/2476 2475/2475/2475 3150/3150/3150
f 3146/3146/3146 3145/3145/3145 3151/3151/3151
f 3149/3149/3149 3148/3148/3148 3152/3152/3152
f 3154/3154/3154 3158/3158/3158 3155/3155/3155
f 3153/3153/3153 3152/3152/3152 3156/3156/3156
f 2503/2503/2503 3193/3193/3193 3158/3158/3158
f 3159/3159/3159 3186/3186/3186 3160/3160/3160
f 3161/3161/3161 3160/3160/3160 3162/3162/3162
f 3163/3163/3163 3165/3165/3165 3133/3133/3133
f 3164/3164/3164 3166/3166/3166 3165/3165/3165
f 3165/3165/3165 3167/3167/3167 3128/3128/3128
f 3166/3166/3166 3169/3169/3169 3167/3167/3167
f 3167/3167/3167 3170/3170/3170 3168/3168/3168
f 3169/3169/3169 3933/3933/3933 3170/3170/3170
f 3171/3171/3171 3174/3174/3174 3172/3172/3172
f 3173/3173/3173 3934/3934/3934 3174/3174/3174
f 3175/3175/3175 3934/3934/3934 3173/3173/3173
f 3176/3176/3176 3173/3173/3173 3177/3177/3177
f 3179/3179/3179 3176/3176/3176 3178/3178/3178
f 2516/2516/2516 2521/2521/2521 3181/3181/3181
f 3178/3178/3178 3177/3177/3177 3183/3183/3183
f 3180/3180/3180 3178/3178/3178 3184/3184/3184
f 3184/3184/3184 3183/3183/3183 3186/3186/3186
f 3188/3188/3188 3185/3185/3185 3184/3184/3184
f 3187/3187/3187 3186/3186/3186 3159/3159/3159
f 3188/3188/3188 3187/3187/3187 3189/3189/3189
f 3191/3191/3191 3935/3935/3935 3192/3192/3192
f 3192/3192/3192 3935/3935/3935 3193/3193/3193
f 2508/2508/2508 3936/3936/3936 3191/3191/3191
f 2511/2511/2511 2510/2510/2510 3194/3194/3194
f 2517/2517/2517 3196/3196/3196 3194/3194/3194
f 2517/2517/2517 2516/2516/2516 3182/3182/3182
f 3139/3139/3139 3138/3138/3138 3197/3197/3197
f 3197/3197/3197 2464/2464/2464 2463/2463/2463
f 3199/3199/3199 3112/3112/3112 3114/3114/3114
f 3135/3135/3135 3119/3119/3119 3112/3112/3112
f 3201/3201/3201 3212/3212/3212 3202/3202/3202
f 3204/3204/3204 3937/3937/3937 3205/3205/3205
f 3207/3207/3207 3938/3938/3938 3208/3208/3208
f 3210/3210/3210 3209/3209/3209 3208/3208/3208
f 3212/3212/3212 3939/3939/3939 3213/3213/3213
f 3214/3214/3214 3940/3940/3940 3215/3215/3215
f 3217/3217/3217 3940/3940/3940 3214/3214/3214
f 3219/3219/3219 3941/3941/3941 3220/3220/3220
f 3222/3222/3222 3221/3221/3221 3220/3220/3220
f 3224/3224/3224 3942/3942/3942 3225/3225/3225
f 3227/3227/3227 3238/3238/3238 3228/3228/3228
f 3230/3230/3230 3943/3943/3943 3231/3231/3231
f 3233/3233/3233 3944/3944/3944 3234/3234/3234
f 3236/3236/3236 3233/3233/3233 3235/3235/3235
f 3238/3238/3238 3945/3945/3945 3239/3239/3239
f 3240/3240/3240 3244/3244/3244 3241/3241/3241
f 3243/3243/3243 3946/3946/3946 3244/3244/3244
f 3245/3245/3245 3251/3251/3251 3246/3246/3246
f 3247/3247/3247 3246/3246/3246 3248/3248/3248
f 3245/3245/3245 3947/3947/3947 3250/3250/3250
f 3252/3252/3252 3263/3263/3263 3253/3253/3253
f 3255/3255/3255 3948/3948/3948 3256/3256/3256
f 3258/3258/3258 3949/3949/3949 3259/3259/3259
f 3261/3261/3261 3258/3258/3258 3260/3260/3260
f 3263/3263/3263 3950/3950/3950 3264/3264/3264
f 3265/3265/3265 3269/3269/3269 3266/3266/3266
f 3268/3268/3268 3951/3951/3951 3269/3269/3269
f 3270/3270/3270 3276/3276/3276 3271/3271/3271
f 3272/3272/3272 3271/3271/3271 3273/3273/3273
f 3270/3270/3270 3952/3952/3952 3275/3275/3275
