# Cube -- imported by tools/import_asset_pack.py from Backpack2.fbx
o __pending__
v 0.172908 0.074514 0.087081
v 0.000000 0.156283 0.087977
v 0.000000 0.074514 0.087081
v 0.172908 0.074514 -0.114815
v 0.172908 -0.081531 0.087081
v 0.172908 -0.081531 -0.114815
v 0.000000 0.074514 -0.114815
v 0.172908 -0.081531 -0.114815
v 0.000000 -0.081531 -0.114815
v 0.180572 -0.169618 0.087081
v 0.180901 -0.180998 -0.107337
v 0.180572 -0.169618 -0.114815
v 0.174820 -0.146916 0.087081
v 0.174820 -0.146916 -0.114815
v 0.174820 -0.146916 -0.114815
v 0.000000 -0.169618 -0.114815
v 0.000000 -0.146916 -0.114815
v 0.180572 -0.169618 -0.114815
v 0.000000 -0.180998 -0.107337
v 0.180901 -0.180998 0.079603
v 0.178051 -0.195005 -0.093534
v 0.000000 -0.180998 -0.107337
v 0.178051 -0.195005 -0.093534
v 0.000000 -0.195005 -0.093534
v 0.178051 -0.195005 0.065799
v 0.160946 -0.204593 -0.063371
v 0.000000 -0.204593 -0.063371
v 0.172908 0.156283 0.087977
v 0.000000 0.199591 0.087847
v 0.172908 0.074514 0.087081
v 0.172908 0.156283 -0.101312
v 0.172908 0.156283 0.087977
v 0.189851 0.199591 -0.071181
v 0.189851 0.199591 0.087847
v 0.189851 0.254310 -0.055099
v 0.189851 0.254310 0.078709
v 0.189851 0.199591 0.087847
v 0.000000 0.254310 0.078709
v 0.172908 0.284360 0.056527
v 0.000000 0.284360 0.056527
v 0.172908 0.284360 0.056527
v 0.172908 0.284360 -0.032917
v 0.172908 0.291462 0.029278
v 0.172908 0.284360 0.056527
v 0.000000 0.291462 0.029278
v 0.000000 0.284360 0.056527
v 0.000000 -0.138574 -0.114815
v 0.172908 -0.138574 -0.114815
v 0.172908 -0.138574 -0.114815
v 0.172908 -0.138574 0.087081
v 0.167019 -0.127195 0.044972
v 0.167019 -0.088694 -0.084527
v 0.167019 -0.125998 -0.059670
v 0.167019 -0.088694 -0.084527
v 0.204673 -0.126119 -0.060787
v 0.167019 -0.125998 -0.059670
v 0.213368 -0.120115 -0.070738
v 0.204673 -0.126603 0.044972
v 0.204673 -0.126119 -0.060787
v 0.204673 -0.126603 0.044972
v 0.167019 -0.088953 0.073318
v 0.167019 -0.127195 0.044972
v 0.167019 -0.125998 -0.059670
v 0.167019 -0.127195 0.044972
v 0.213701 -0.120177 0.057028
v 0.223423 -0.093899 -0.084806
v 0.223423 -0.094871 0.073318
v 0.167019 -0.054494 0.080552
v 0.224812 -0.046800 0.080552
v 0.167019 0.030141 0.082481
v 0.167019 -0.088953 0.073318
v 0.167019 -0.054018 -0.085364
v 0.223423 -0.094871 0.073318
v 0.223423 -0.093899 -0.084806
v 0.213368 -0.120115 -0.070738
v 0.167019 0.030140 -0.086481
v 0.222729 0.025998 -0.086481
v 0.224812 -0.046324 -0.085364
v 0.167019 -0.054018 -0.085364
v 0.224812 -0.046324 -0.085364
v 0.224812 -0.046800 0.080552
v 0.167019 -0.054494 0.080552
v 0.167019 0.030140 -0.086481
v 0.222729 0.025998 -0.086481
v 0.219256 0.068611 0.082481
v 0.222729 0.025998 0.082481
v 0.167019 0.030141 0.082481
v 0.167019 0.068611 -0.086481
v 0.222729 0.025998 0.082481
v 0.167019 0.068611 0.082481
v 0.219256 0.068611 0.082481
v 0.167019 0.082223 0.082481
v 0.167019 0.075121 0.082481
v 0.167019 0.068611 0.082481
v 0.167019 0.075121 -0.086481
v 0.167019 0.068611 -0.086481
v 0.219256 0.068611 -0.086481
v 0.222034 0.076305 -0.086481
v 0.215784 0.105897 0.082481
v 0.222034 0.076305 0.082481
v 0.167019 0.082223 -0.086481
v 0.222034 0.076305 -0.086481
v 0.219256 0.068611 -0.086481
v 0.167019 0.075121 0.082481
v 0.167019 0.082223 -0.086481
v 0.207451 0.137376 -0.080620
v 0.207451 0.139041 0.082481
v 0.167019 0.082223 0.082481
v 0.167019 0.108265 -0.086481
v 0.215784 0.105897 0.082481
v 0.167019 0.108265 0.082481
v 0.215784 0.105897 -0.086481
v 0.167019 0.132530 0.082481
v 0.201201 0.150286 0.082481
v 0.167019 0.150286 0.082481
v 0.167019 0.108265 0.082481
v 0.167019 0.132055 -0.084806
v 0.207451 0.139041 0.082481
v 0.167019 0.108265 -0.086481
v 0.207451 0.137376 -0.080620
v 0.201201 0.150286 0.082481
v 0.190090 0.170354 -0.044619
v 0.190090 0.174807 0.077830
v 0.167019 0.132055 -0.084806
v 0.201201 0.149572 -0.071410
v 0.201201 0.149572 -0.071410
v 0.167019 0.132530 0.082481
v 0.167019 0.149572 -0.071410
v 0.190090 0.174807 0.077830
v 0.167262 0.184673 0.069409
v 0.167019 0.175399 0.077830
v 0.167019 0.150286 0.082481
v 0.167019 0.170946 -0.044619
v 0.167019 0.149572 -0.071410
v 0.190090 0.170354 -0.044619
v 0.201201 0.149572 -0.071410
v 0.213701 -0.120177 0.057028
v 0.167019 -0.127195 0.044972
v 0.204673 -0.126603 0.044972
v 0.190333 0.184081 0.069409
v 0.167463 0.189260 0.057364
v 0.167262 0.184673 0.069409
v 0.167262 0.180219 -0.011212
v 0.190333 0.179628 -0.011212
v 0.190333 0.179628 -0.011212
v 0.190333 0.184081 0.069409
v 0.167019 0.175399 0.077830
v 0.167262 0.180219 -0.011212
v 0.167463 0.187506 0.010059
v 0.190594 0.189041 0.023275
v 0.190535 0.186916 0.010013
v 0.190535 0.186916 0.010013
v 0.190535 0.188670 0.057318
v 0.167262 0.184673 0.069409
v 0.167463 0.187506 0.010059
v 0.167523 0.189630 0.023329
v 0.190594 0.189931 0.043875
v 0.190594 0.189041 0.023275
v 0.190594 0.189931 0.043875
v 0.167463 0.189260 0.057364
v 0.167523 0.189630 0.023329
v 0.190535 0.188670 0.057318
v 0.167523 0.190520 0.043929
v 0.172908 -0.138574 0.087081
v 0.000000 -0.146916 0.087081
v 0.174820 -0.146916 0.087081
v 0.000000 -0.081531 0.087081
v 0.172908 -0.081531 0.087081
v 0.000000 0.291462 -0.005668
v 0.172908 0.291462 0.029278
v 0.172908 0.291462 -0.005668
v 0.000000 0.254310 -0.055099
v 0.172908 0.284360 -0.032917
v 0.189851 0.254310 -0.055099
v 0.000000 0.284360 -0.032917
v 0.172908 0.284360 -0.032917
v 0.172908 0.156283 -0.101312
v 0.000000 0.199591 -0.071181
v 0.189851 0.199591 -0.071181
v 0.172908 0.074514 -0.114815
v 0.000000 -0.195005 0.065799
v 0.160946 -0.204593 0.035637
v 0.180572 -0.169618 0.087081
v 0.000000 -0.180998 0.079603
v 0.180901 -0.180998 0.079603
v 0.178051 -0.195005 0.065799
v 0.000000 -0.169618 0.087081
v 0.000000 0.197978 -0.038284
v 0.000000 0.116706 -0.119765
v 0.000000 0.116706 0.027196
v 0.145133 0.182596 -0.091936
v 0.147087 0.126639 -0.119765
v 0.134138 0.125764 -0.119765
v 0.147087 0.126639 -0.119765
v 0.159144 0.182566 -0.038284
v 0.147087 0.126639 0.027196
v 0.134138 0.125764 0.027196
v 0.000000 0.197978 -0.038284
v 0.000000 0.116706 0.027196
v 0.147087 0.126639 -0.119765
v 0.134138 0.125764 0.027196
v 0.134138 0.125764 -0.119765
v 0.168229 0.208651 -0.075826
v 0.165014 0.208651 -0.045517
v 0.178678 0.254683 -0.060715
v 0.178678 0.254684 -0.019958
v 0.000000 0.182908 -0.092303
v 0.000000 0.202828 -0.045517
v 0.000000 0.202828 -0.099135
v 0.159144 0.182566 -0.038284
v 0.150486 0.208138 -0.045517
v 0.145133 0.183922 -0.038284
v 0.000000 0.202828 -0.099135
v 0.150486 0.208138 -0.099135
v 0.162947 0.254714 -0.019958
v 0.173159 0.271740 -0.034557
v 0.157914 0.271680 -0.034557
v 0.000000 0.255026 -0.073575
v 0.165014 0.208651 -0.045517
v 0.000000 0.255026 -0.073575
v 0.162947 0.254714 -0.073575
v 0.173159 0.271740 -0.034557
v 0.163514 0.284071 -0.032479
v 0.163514 0.284071 -0.017651
v 0.157914 0.271680 -0.057047
v 0.000000 0.255026 -0.019958
v 0.000000 0.271055 -0.057047
v 0.000000 0.283385 -0.032479
v 0.149118 0.284010 -0.017651
v 0.149118 0.284010 -0.032479
v 0.000000 0.271055 -0.034557
v 0.000000 0.283385 -0.032479
v 0.157914 0.271680 -0.034557
v 0.163514 0.284071 -0.017651
v 0.149118 0.284010 -0.017651
v 0.000000 0.271055 -0.057047
v 0.157914 0.271680 -0.057047
v 0.163514 0.284071 -0.032479
v 0.173159 0.271740 -0.048608
v 0.000000 0.271055 -0.034557
v 0.000000 0.283385 -0.017651
v 0.163514 0.284071 -0.017651
v 0.178678 0.254683 -0.060715
v 0.173159 0.271740 -0.048608
v 0.162947 0.254714 -0.073575
v 0.000000 0.255026 -0.019958
v 0.000000 0.202828 -0.045517
v 0.000000 0.271055 -0.034557
v 0.159144 0.182565 -0.091901
v 0.168229 0.208651 -0.075826
v 0.000000 0.197978 -0.038284
v 0.000000 0.116706 0.027196
v 0.000000 0.116706 -0.119765
v 0.147087 0.126639 0.027196
v 0.145133 0.183922 -0.038284
v 0.000000 0.182908 -0.092303
v 0.000000 0.116706 -0.119765
v 0.085392 -0.082754 0.116514
v 0.085392 -0.139369 0.065693
v 0.085392 -0.094411 0.128797
v 0.168886 -0.127711 0.053411
v 0.085392 -0.139369 0.065693
v 0.085392 -0.127711 0.053411
v 0.168886 -0.082754 0.116514
v 0.168886 -0.139369 0.065693
v 0.168886 -0.127711 0.053411
v 0.158805 -0.035473 0.168762
v 0.168886 -0.094411 0.128797
v 0.085392 -0.082754 0.116514
v 0.168886 -0.127711 0.053411
v 0.085392 -0.127711 0.053411
v 0.168886 -0.094411 0.128797
v 0.168886 -0.139369 0.065693
v 0.091813 0.046145 0.201689
v 0.158805 -0.035473 0.168762
v 0.095473 -0.035473 0.168762
v 0.095473 -0.035473 0.168762
v 0.095473 -0.035473 0.168762
v 0.168886 -0.082754 0.116514
v 0.168886 -0.094411 0.128797
v 0.095473 -0.039065 0.182302
v 0.085392 -0.094411 0.128797
v 0.091813 0.042138 0.216795
v 0.091813 0.088665 0.215783
v 0.091813 0.046145 0.201689
v 0.095473 -0.039065 0.182302
v 0.162466 0.042138 0.216795
v 0.158805 -0.039065 0.182302
v 0.162466 0.046145 0.201689
v 0.158805 -0.039065 0.182302
v 0.162466 0.125883 0.228923
v 0.091813 0.089858 0.230888
v 0.162466 0.089858 0.230888
v 0.091813 0.042138 0.216795
v 0.162466 0.088665 0.215783
v 0.162466 0.042138 0.216795
v 0.091813 0.088665 0.215783
v 0.162466 0.046145 0.201689
v 0.091813 0.152217 0.197651
v 0.162466 0.121539 0.214697
v 0.091813 0.121539 0.214697
v 0.162466 0.121539 0.214697
v 0.162466 0.089858 0.230888
v 0.162466 0.088665 0.215783
v 0.091813 0.089858 0.230888
v 0.091813 0.121539 0.214697
v 0.162466 0.187389 0.172409
v 0.091813 0.159534 0.209944
v 0.162466 0.159534 0.209944
v 0.091813 0.159534 0.209944
v 0.091813 0.125883 0.228923
v 0.162466 0.159534 0.209944
v 0.091813 0.125883 0.228923
v 0.162466 0.159534 0.209944
v 0.162466 0.125883 0.228923
v 0.162466 0.176795 0.164391
v 0.162466 0.192421 0.134043
v 0.162466 0.187389 0.172409
v 0.162466 0.152217 0.197651
v 0.091813 0.176795 0.164391
v 0.162466 0.152217 0.197651
v 0.091813 0.152217 0.197651
v 0.091813 0.187389 0.172409
v 0.091813 0.152217 0.197651
v 0.091813 0.172687 0.108190
v 0.162466 0.179963 0.133168
v 0.091813 0.179963 0.133168
v 0.162466 0.176795 0.164391
v 0.091813 0.192421 0.134043
v 0.091813 0.176795 0.164391
v 0.162466 0.192421 0.134043
v 0.091813 0.187389 0.172409
v 0.168886 0.174461 0.066470
v 0.091813 0.184773 0.104412
v 0.162466 0.184773 0.104412
v 0.091813 0.184773 0.104412
v 0.091813 0.179963 0.133168
v 0.091813 0.192421 0.134043
v 0.162466 0.179963 0.133168
v 0.162466 0.184773 0.104412
v 0.085392 0.160179 0.070935
v 0.168886 0.174461 0.066470
v 0.168886 0.160179 0.070935
v 0.168886 0.160179 0.070935
v 0.162466 0.172687 0.108190
v 0.085392 0.160179 0.070935
v 0.162466 0.172687 0.108190
v 0.085392 0.160179 0.070935
v 0.091813 0.172687 0.108190
v -0.172908 0.074514 0.087081
v -0.172908 -0.081531 0.087081
v -0.172908 0.074514 -0.114815
v -0.172908 -0.081531 -0.114815
v -0.172908 -0.081531 -0.114815
v -0.180901 -0.180998 -0.107337
v -0.180572 -0.169618 0.087081
v -0.180572 -0.169618 -0.114815
v -0.174820 -0.146916 0.087081
v -0.174820 -0.146916 -0.114815
v -0.174820 -0.146916 -0.114815
v -0.180572 -0.169618 -0.114815
v -0.178051 -0.195005 -0.093534
v -0.180901 -0.180998 0.079603
v -0.178051 -0.195005 -0.093534
v -0.180901 -0.180998 -0.107337
v 0.000000 -0.204593 0.035637
v -0.160946 -0.204593 -0.063371
v -0.178051 -0.195005 0.065799
v -0.172908 0.156283 0.087977
v -0.172908 0.074514 0.087081
v -0.172908 0.156283 -0.101312
v -0.172908 0.156283 0.087977
v -0.189851 0.199591 -0.071181
v -0.189851 0.199591 0.087847
v -0.189851 0.254310 -0.055099
v -0.189851 0.199591 0.087847
v -0.172908 0.284360 0.056527
v -0.189851 0.254310 0.078709
v -0.172908 0.284360 0.056527
v -0.189851 0.254310 0.078709
v -0.172908 0.291462 0.029278
v -0.172908 0.284360 -0.032917
v -0.172908 0.284360 0.056527
v -0.172908 -0.138574 -0.114815
v -0.172908 -0.138574 -0.114815
v -0.172908 -0.138574 0.087081
v -0.167019 -0.127195 0.044972
v -0.167019 -0.088694 -0.084527
v -0.167019 -0.088953 0.073318
v -0.204673 -0.126119 -0.060787
v -0.167019 -0.088694 -0.084527
v -0.167019 -0.125998 -0.059670
v -0.204673 -0.126603 0.044972
v -0.213368 -0.120115 -0.070738
v -0.204673 -0.126119 -0.060787
v -0.204673 -0.126603 0.044972
v -0.167019 -0.088953 0.073318
v -0.213701 -0.120177 0.057028
v -0.167019 -0.125998 -0.059670
v -0.213701 -0.120177 0.057028
v -0.223423 -0.093899 -0.084806
v -0.213368 -0.120115 -0.070738
v -0.167019 -0.054494 0.080552
v -0.224812 -0.046800 0.080552
v -0.223423 -0.094871 0.073318
v -0.167019 -0.054018 -0.085364
v -0.223423 -0.093899 -0.084806
v -0.213368 -0.120115 -0.070738
v -0.222729 0.025998 -0.086481
v -0.167019 0.030140 -0.086481
v -0.224812 -0.046324 -0.085364
v -0.167019 -0.054018 -0.085364
v -0.223423 -0.094871 0.073318
v -0.224812 -0.046324 -0.085364
v -0.167019 0.030140 -0.086481
v -0.167019 -0.054494 0.080552
v -0.219256 0.068611 0.082481
v -0.222729 0.025998 -0.086481
v -0.222729 0.025998 0.082481
v -0.224812 -0.046800 0.080552
v -0.167019 0.068611 -0.086481
v -0.167019 0.030141 0.082481
v -0.167019 0.030141 0.082481
v -0.222729 0.025998 0.082481
v -0.167019 0.082223 0.082481
v -0.219256 0.068611 0.082481
v -0.167019 0.075121 0.082481
v -0.167019 0.075121 -0.086481
v -0.167019 0.068611 0.082481
v -0.167019 0.068611 0.082481
v -0.219256 0.068611 -0.086481
v -0.167019 0.068611 -0.086481
v -0.215784 0.105897 0.082481
v -0.222034 0.076305 -0.086481
v -0.222034 0.076305 0.082481
v -0.167019 0.082223 -0.086481
v -0.167019 0.075121 -0.086481
v -0.219256 0.068611 -0.086481
v -0.167019 0.082223 -0.086481
v -0.167019 0.075121 0.082481
v -0.207451 0.137376 -0.080620
v -0.215784 0.105897 -0.086481
v -0.167019 0.108265 -0.086481
v -0.167019 0.082223 0.082481
v -0.215784 0.105897 0.082481
v -0.222034 0.076305 0.082481
v -0.215784 0.105897 -0.086481
v -0.222034 0.076305 -0.086481
v -0.167019 0.132530 0.082481
v -0.201201 0.150286 0.082481
v -0.207451 0.139041 0.082481
v -0.167019 0.132055 -0.084806
v -0.167019 0.108265 0.082481
v -0.167019 0.108265 0.082481
v -0.207451 0.137376 -0.080620
v -0.167019 0.108265 -0.086481
v -0.201201 0.150286 0.082481
v -0.190090 0.170354 -0.044619
v -0.201201 0.149572 -0.071410
v -0.201201 0.149572 -0.071410
v -0.167019 0.132055 -0.084806
v -0.207451 0.139041 0.082481
v -0.167019 0.149572 -0.071410
v -0.167019 0.132530 0.082481
v -0.167262 0.184673 0.069409
v -0.190090 0.174807 0.077830
v -0.167019 0.175399 0.077830
v -0.167019 0.170946 -0.044619
v -0.167019 0.150286 0.082481
v -0.167019 0.150286 0.082481
v -0.190090 0.170354 -0.044619
v -0.167019 0.149572 -0.071410
v -0.201201 0.149572 -0.071410
v -0.213701 -0.120177 0.057028
v -0.204673 -0.126603 0.044972
v -0.167019 -0.127195 0.044972
v -0.167463 0.189260 0.057364
v -0.190333 0.184081 0.069409
v -0.167262 0.184673 0.069409
v -0.167262 0.180219 -0.011212
v -0.167019 0.170946 -0.044619
v -0.190090 0.174807 0.077830
v -0.190333 0.179628 -0.011212
v -0.167262 0.180219 -0.011212
v -0.167019 0.175399 0.077830
v -0.190594 0.189041 0.023275
v -0.167463 0.187506 0.010059
v -0.190535 0.186916 0.010013
v -0.190333 0.179628 -0.011212
v -0.190333 0.184081 0.069409
v -0.190535 0.186916 0.010013
v -0.167463 0.187506 0.010059
v -0.167262 0.184673 0.069409
v -0.190594 0.189931 0.043875
v -0.167523 0.189630 0.023329
v -0.190535 0.188670 0.057318
v -0.190594 0.189041 0.023275
v -0.167523 0.189630 0.023329
v -0.167463 0.189260 0.057364
v -0.167523 0.190520 0.043929
v -0.190535 0.188670 0.057318
v -0.172908 -0.138574 0.087081
v 0.000000 -0.138574 0.087081
v -0.172908 -0.081531 0.087081
v -0.172908 0.291462 0.029278
v -0.172908 0.291462 -0.005668
v -0.172908 0.284360 -0.032917
v -0.189851 0.254310 -0.055099
v -0.172908 0.284360 -0.032917
v -0.172908 0.156283 -0.101312
v 0.000000 0.156283 -0.101312
v -0.189851 0.199591 -0.071181
v -0.172908 0.074514 -0.114815
v -0.160946 -0.204593 0.035637
v -0.180572 -0.169618 0.087081
v -0.178051 -0.195005 0.065799
v -0.180901 -0.180998 0.079603
v -0.174820 -0.146916 0.087081
v -0.147087 0.126639 -0.119765
v -0.145133 0.182596 -0.091936
v -0.134138 0.125764 -0.119765
v -0.147087 0.126639 -0.119765
v -0.159144 0.182566 -0.038284
v -0.159144 0.182565 -0.091901
v -0.134138 0.125764 0.027196
v 0.000000 0.197978 -0.038284
v -0.145133 0.183922 -0.038284
v -0.134138 0.125764 0.027196
v -0.147087 0.126639 -0.119765
v -0.134138 0.125764 -0.119765
v -0.168229 0.208651 -0.075826
v -0.165014 0.208651 -0.045517
v -0.178678 0.254683 -0.060715
v -0.150486 0.208138 -0.045517
v -0.159144 0.182566 -0.038284
v -0.145133 0.183922 -0.038284
v 0.000000 0.202828 -0.099135
v 0.000000 0.182908 -0.092303
v -0.162947 0.254714 -0.019958
v -0.173159 0.271740 -0.034557
v -0.178678 0.254684 -0.019958
v -0.165014 0.208651 -0.045517
v -0.150486 0.208138 -0.099135
v 0.000000 0.255026 -0.073575
v -0.173159 0.271740 -0.034557
v -0.163514 0.284071 -0.032479
v -0.173159 0.271740 -0.048608
v -0.157914 0.271680 -0.057047
v -0.162947 0.254714 -0.073575
v -0.178678 0.254684 -0.019958
v -0.149118 0.284010 -0.017651
v 0.000000 0.283385 -0.032479
v -0.149118 0.284010 -0.032479
v -0.157914 0.271680 -0.034557
v -0.163514 0.284071 -0.017651
v -0.173159 0.271740 -0.034557
v 0.000000 0.271055 -0.057047
v -0.157914 0.271680 -0.057047
v -0.163514 0.284071 -0.032479
v -0.173159 0.271740 -0.048608
v 0.000000 0.271055 -0.034557
v -0.149118 0.284010 -0.017651
v -0.163514 0.284071 -0.017651
v -0.178678 0.254683 -0.060715
v -0.162947 0.254714 -0.073575
v -0.150486 0.208138 -0.099135
v 0.000000 0.255026 -0.019958
v 0.000000 0.202828 -0.045517
v -0.157914 0.271680 -0.034557
v -0.159144 0.182565 -0.091901
v 0.000000 0.197978 -0.038284
v 0.000000 0.116706 0.027196
v 0.000000 0.116706 -0.119765
v -0.147087 0.126639 0.027196
v -0.159144 0.182566 -0.038284
v 0.000000 0.116706 -0.119765
v -0.085392 -0.082754 0.116514
v -0.085392 -0.139369 0.065693
v -0.085392 -0.127711 0.053411
v -0.085392 -0.139369 0.065693
v -0.168886 -0.127711 0.053411
v -0.085392 -0.127711 0.053411
v -0.168886 -0.139369 0.065693
v -0.168886 -0.082754 0.116514
v -0.168886 -0.127711 0.053411
v -0.168886 -0.094411 0.128797
v -0.158805 -0.035473 0.168762
v -0.168886 -0.127711 0.053411
v -0.085392 -0.082754 0.116514
v -0.085392 -0.127711 0.053411
v -0.168886 -0.094411 0.128797
v -0.168886 -0.139369 0.065693
v -0.158805 -0.035473 0.168762
v -0.091813 0.046145 0.201689
v -0.095473 -0.035473 0.168762
v -0.085392 -0.094411 0.128797
v -0.095473 -0.035473 0.168762
v -0.095473 -0.039065 0.182302
v -0.168886 -0.082754 0.116514
v -0.095473 -0.035473 0.168762
v -0.168886 -0.094411 0.128797
v -0.095473 -0.039065 0.182302
v -0.158805 -0.039065 0.182302
v -0.091813 0.042138 0.216795
v -0.091813 0.088665 0.215783
v -0.091813 0.089858 0.230888
v -0.091813 0.046145 0.201689
v -0.162466 0.042138 0.216795
v -0.158805 -0.039065 0.182302
v -0.162466 0.046145 0.201689
v -0.091813 0.089858 0.230888
v -0.162466 0.125883 0.228923
v -0.162466 0.089858 0.230888
v -0.091813 0.042138 0.216795
v -0.162466 0.042138 0.216795
v -0.162466 0.088665 0.215783
v -0.162466 0.046145 0.201689
v -0.091813 0.088665 0.215783
v -0.162466 0.121539 0.214697
v -0.091813 0.152217 0.197651
v -0.091813 0.121539 0.214697
v -0.162466 0.089858 0.230888
v -0.162466 0.121539 0.214697
v -0.162466 0.088665 0.215783
v -0.091813 0.121539 0.214697
v -0.091813 0.125883 0.228923
v -0.091813 0.159534 0.209944
v -0.162466 0.187389 0.172409
v -0.162466 0.159534 0.209944
v -0.091813 0.159534 0.209944
v -0.091813 0.125883 0.228923
v -0.162466 0.159534 0.209944
v -0.162466 0.159534 0.209944
v -0.162466 0.152217 0.197651
v -0.162466 0.176795 0.164391
v -0.162466 0.192421 0.134043
v -0.162466 0.179963 0.133168
v -0.162466 0.187389 0.172409
v -0.162466 0.152217 0.197651
v -0.091813 0.176795 0.164391
v -0.091813 0.152217 0.197651
v -0.091813 0.152217 0.197651
v -0.091813 0.187389 0.172409
v -0.162466 0.179963 0.133168
v -0.091813 0.172687 0.108190
v -0.091813 0.179963 0.133168
v -0.162466 0.176795 0.164391
v -0.091813 0.176795 0.164391
v -0.091813 0.192421 0.134043
v -0.091813 0.187389 0.172409
v -0.162466 0.192421 0.134043
v -0.162466 0.184773 0.104412
v -0.085392 0.174461 0.066470
v -0.168886 0.174461 0.066470
v -0.091813 0.179963 0.133168
v -0.091813 0.184773 0.104412
v -0.091813 0.192421 0.134043
v -0.162466 0.184773 0.104412
v -0.162466 0.172687 0.108190
v -0.168886 0.174461 0.066470
v -0.085392 0.160179 0.070935
v -0.168886 0.160179 0.070935
v -0.168886 0.160179 0.070935
v -0.162466 0.172687 0.108190
v -0.085392 0.160179 0.070935
v -0.085392 0.160179 0.070935
v -0.085392 0.174461 0.066470
v -0.014881 0.133953 -0.085513
v -0.014881 0.122996 -0.090484
v -0.006846 0.116609 -0.093382
v 0.014974 0.143129 -0.113359
v 0.014974 0.122996 -0.090484
v 0.014974 0.132172 -0.118330
v 0.011419 0.141136 -0.111851
v 0.011419 0.132789 -0.115638
v 0.005297 0.127922 -0.117846
v -0.006846 0.149517 -0.110461
v 0.006938 0.140341 -0.082615
v 0.006938 0.149517 -0.110461
v -0.014881 0.122996 -0.090484
v -0.014881 0.143129 -0.113359
v -0.014881 0.132172 -0.118330
v 0.006938 0.149517 -0.110461
v -0.005204 0.146003 -0.109643
v -0.006846 0.149517 -0.110461
v -0.006846 0.116609 -0.093382
v -0.014881 0.132172 -0.118330
v -0.006846 0.125785 -0.121227
v -0.014881 0.133953 -0.085513
v -0.006846 0.140341 -0.082615
v 0.006938 0.116609 -0.093382
v 0.014974 0.133953 -0.085513
v 0.014974 0.143129 -0.113359
v 0.006938 0.125785 -0.121227
v -0.006846 0.125785 -0.121227
v -0.011327 0.132789 -0.115638
v -0.005204 0.127922 -0.117846
v 0.005297 0.127922 -0.117846
v 0.006938 0.125785 -0.121227
v 0.014974 0.143129 -0.113359
v 0.005297 0.146003 -0.109643
v 0.011419 0.132789 -0.115638
v 0.014974 0.132172 -0.118330
v -0.014881 0.143129 -0.113359
v -0.011327 0.132789 -0.115638
v -0.014881 0.132172 -0.118330
v -0.011327 0.141136 -0.111851
v -0.068987 0.288499 0.024138
v -0.060615 0.288704 -0.003064
v -0.060615 0.288704 0.024138
v 0.046147 0.309857 0.000794
v 0.060847 0.289497 -0.003064
v 0.042658 0.305600 0.000794
v 0.073639 0.289292 -0.003064
v 0.060847 0.289497 0.024138
v 0.060847 0.289497 -0.003064
v -0.041728 0.311245 0.020280
v -0.060615 0.288704 0.024138
v -0.039402 0.305997 0.020280
v 0.042658 0.305600 0.020280
v 0.042658 0.305600 0.000794
v -0.068987 0.288499 -0.003064
v -0.041728 0.311245 0.020280
v -0.041728 0.311245 0.000794
v 0.046147 0.309857 0.000794
v 0.073639 0.289292 0.024138
v 0.073639 0.289292 -0.003064
v 0.021213 0.315209 0.000794
v 0.046147 0.309857 0.020280
v 0.000698 0.315407 0.000794
v 0.021213 0.315209 0.020280
v -0.021678 0.315209 0.000794
v 0.000698 0.315407 0.020280
v -0.021678 0.315209 0.020280
v -0.039402 0.305997 0.000794
v -0.021678 0.309565 0.000794
v -0.039402 0.305997 0.020280
v 0.000698 0.309763 0.000794
v -0.021678 0.309565 0.020280
v 0.021213 0.309565 0.000794
v 0.000698 0.309763 0.020280
v 0.021213 0.309565 0.020280
v 0.060847 0.289497 0.024138
v 0.046147 0.309857 0.020280
v 0.042658 0.305600 0.020280
v 0.021213 0.315209 0.020280
v 0.021213 0.309565 0.020280
v 0.000698 0.309763 0.020280
v -0.021678 0.315209 0.020280
v -0.021678 0.309565 0.020280
v -0.060615 0.288704 -0.003064
v -0.041728 0.311245 0.000794
v -0.039402 0.305997 0.000794
v -0.021678 0.315209 0.000794
v -0.021678 0.309565 0.000794
v 0.000698 0.309763 0.000794
v 0.021213 0.315209 0.000794
v 0.021213 0.309565 0.000794
v -0.127714 0.051702 0.016212
v -0.127714 -0.105207 0.016212
v -0.102803 -0.130189 0.016212
v -0.098960 0.028099 -0.140199
v -0.051986 -0.043460 -0.146803
v -0.098960 -0.081605 -0.140199
v 0.127714 -0.105111 -0.119182
v 0.098960 0.028099 -0.140199
v 0.127714 0.051605 -0.119182
v -0.102624 0.076683 -0.119182
v 0.102803 0.076683 0.016212
v 0.102624 0.076683 -0.119182
v -0.127714 0.051702 0.016212
v -0.127714 -0.105111 -0.119182
v -0.127714 -0.105207 0.016212
v -0.127714 -0.105111 -0.119182
v 0.051986 -0.010046 -0.146804
v 0.051986 -0.043460 -0.146803
v 0.025997 -0.068856 -0.146803
v 0.102624 0.076683 -0.119182
v -0.073298 0.053395 -0.140199
v -0.102624 0.076683 -0.119182
v 0.127714 0.051605 -0.119182
v 0.127714 -0.105207 0.016212
v 0.127714 -0.105111 -0.119182
v -0.102624 -0.130189 -0.119182
v 0.073298 -0.106901 -0.140199
v 0.102624 -0.130189 -0.119182
v -0.073298 -0.106901 -0.140199
v 0.025997 0.015350 -0.146804
v -0.025997 0.015350 -0.146804
v -0.102803 -0.130189 0.016212
v -0.127714 -0.105111 -0.119182
v -0.102624 -0.130189 -0.119182
v -0.102803 0.076683 0.016212
v -0.127714 0.051605 -0.119182
v 0.102803 -0.130189 0.016212
v 0.127714 0.051605 -0.119182
v 0.098960 -0.081605 -0.140199
v 0.073298 0.053395 -0.140199
v -0.051986 -0.010046 -0.146804
v 0.102624 -0.130189 -0.119182
v 0.192502 0.092207 -0.014934
v 0.195545 0.080567 -0.014934
v 0.197319 0.073781 -0.006898
v 0.221499 0.096535 0.014921
v 0.195545 0.080567 0.014921
v 0.224542 0.084894 0.014921
v 0.219675 0.094826 0.011367
v 0.221994 0.085958 0.011367
v 0.223346 0.080787 0.005245
v 0.219725 0.103321 -0.006898
v 0.190727 0.098993 0.006885
v 0.219725 0.103321 0.006886
v 0.195545 0.080567 -0.014934
v 0.221499 0.096535 -0.014933
v 0.224542 0.084894 -0.014933
v 0.219725 0.103321 0.006886
v 0.218324 0.099996 -0.005257
v 0.219725 0.103321 -0.006898
v 0.197319 0.073781 -0.006898
v 0.224542 0.084894 -0.014933
v 0.226317 0.078108 -0.006898
v 0.192502 0.092207 -0.014934
v 0.190727 0.098993 -0.006898
v 0.197319 0.073781 0.006886
v 0.224542 0.084894 0.014921
v 0.195545 0.080567 0.014921
v 0.192501 0.092207 0.014921
v 0.221499 0.096535 0.014921
v 0.226317 0.078108 0.006886
v 0.226317 0.078108 -0.006898
v 0.221994 0.085957 -0.011379
v 0.223346 0.080787 -0.005257
v 0.226317 0.078108 -0.006898
v 0.223346 0.080787 0.005245
v 0.226317 0.078108 0.006886
v 0.221499 0.096535 0.014921
v 0.218324 0.099996 0.005245
v 0.226317 0.078108 0.006886
v 0.224542 0.084894 0.014921
v 0.221499 0.096535 -0.014933
v 0.224542 0.084894 -0.014933
v 0.219676 0.094826 -0.011379
v -0.191707 0.092207 0.014921
v -0.194751 0.080567 0.014921
v -0.196525 0.073781 0.006886
v -0.220705 0.096535 -0.014934
v -0.194750 0.080567 -0.014933
v -0.223748 0.084894 -0.014934
v -0.218881 0.094826 -0.011379
v -0.221200 0.085958 -0.011379
v -0.222552 0.080787 -0.005257
v -0.218931 0.103321 0.006886
v -0.189933 0.098993 -0.006898
v -0.218930 0.103321 -0.006898
v -0.194751 0.080567 0.014921
v -0.220705 0.096535 0.014921
v -0.223748 0.084894 0.014921
v -0.218930 0.103321 -0.006898
v -0.217530 0.099996 0.005245
v -0.218931 0.103321 0.006886
v -0.196525 0.073781 0.006886
v -0.223748 0.084894 0.014921
v -0.225522 0.078108 0.006886
v -0.191707 0.092207 0.014921
v -0.189933 0.098993 0.006886
v -0.196525 0.073781 -0.006898
v -0.223748 0.084894 -0.014934
v -0.194750 0.080567 -0.014933
v -0.191707 0.092207 -0.014933
v -0.220705 0.096535 -0.014934
v -0.225522 0.078108 -0.006898
v -0.225522 0.078108 0.006886
v -0.221200 0.085957 0.011367
v -0.222552 0.080787 0.005244
v -0.225522 0.078108 0.006886
v -0.222552 0.080787 -0.005257
v -0.225522 0.078108 -0.006898
v -0.220705 0.096535 -0.014934
v -0.217529 0.099996 -0.005257
v -0.225522 0.078108 -0.006898
v -0.223748 0.084894 -0.014934
v -0.220705 0.096535 0.014921
v -0.223748 0.084894 0.014921
v -0.218881 0.094826 0.011367
v 0.091997 0.050937 -0.140522
v 0.095888 0.097268 -0.128189
v 0.095833 0.050937 -0.153245
v 0.129561 0.050937 -0.129198
v 0.095888 0.097268 -0.114901
v 0.091997 0.050937 -0.140522
v 0.129561 0.050937 -0.129198
v 0.135122 0.097268 -0.128189
v 0.135122 0.097268 -0.114901
v 0.133397 0.050937 -0.141921
v 0.095888 0.097268 -0.128189
v 0.135122 0.097268 -0.128189
v 0.092397 -0.003205 -0.148245
v 0.136043 0.110740 -0.121818
v 0.098159 0.130739 -0.109491
v 0.136043 0.110740 -0.121818
v 0.096809 0.110740 -0.121818
v 0.095888 0.097268 -0.114901
v 0.096809 0.110740 -0.121818
v 0.135122 0.097268 -0.114901
v 0.096809 0.106074 -0.109376
v 0.137393 0.130739 -0.109491
v 0.098159 0.122616 -0.098974
v 0.137393 0.122616 -0.098974
v 0.136043 0.106074 -0.109376
v 0.098159 0.122616 -0.098974
v 0.137393 0.130739 -0.109491
v 0.136043 0.106074 -0.109376
v 0.096809 0.106074 -0.109376
v 0.098159 0.130739 -0.109491
v 0.118676 -0.102791 -0.141366
v 0.132998 -0.008435 -0.141914
v 0.126785 -0.008687 -0.130170
v 0.092397 -0.003205 -0.148245
v 0.133397 0.050937 -0.141921
v 0.098610 -0.002954 -0.159989
v 0.095833 0.050937 -0.153245
v 0.113181 -0.136071 -0.157532
v 0.084489 -0.100618 -0.164656
v 0.122261 -0.102032 -0.154140
v 0.084489 -0.100618 -0.164656
v 0.098610 -0.002954 -0.159989
v 0.132998 -0.008435 -0.141914
v 0.118676 -0.102791 -0.141366
v 0.126785 -0.008687 -0.130170
v 0.109170 -0.143925 -0.148478
v 0.113181 -0.136071 -0.157532
v 0.113251 -0.127703 -0.147609
v 0.080905 -0.101378 -0.151883
v 0.113251 -0.127703 -0.147609
v 0.122261 -0.102032 -0.154140
v 0.088739 -0.131675 -0.152666
v 0.080905 -0.101378 -0.151883
v 0.098714 -0.145489 -0.149866
v 0.109117 -0.146846 -0.152180
v 0.109170 -0.143925 -0.148478
v 0.088669 -0.140043 -0.162589
v 0.098714 -0.145489 -0.149866
v 0.098662 -0.148410 -0.153568
v 0.088669 -0.140043 -0.162589
v 0.098714 -0.145489 -0.149866
v 0.088739 -0.131675 -0.152666
v -0.122481 0.050937 -0.128432
v -0.123000 0.097268 -0.128189
v -0.126900 0.050937 -0.140964
v -0.122481 0.050937 -0.128432
v -0.083766 0.097268 -0.114901
v -0.123000 0.097268 -0.114901
v -0.085480 0.050937 -0.141479
v -0.083766 0.097268 -0.128189
v -0.083766 0.097268 -0.114901
v -0.089899 0.050937 -0.154011
v -0.123000 0.097268 -0.128189
v -0.083766 0.097268 -0.128189
v -0.119641 -0.003205 -0.129549
v -0.085480 0.050937 -0.141479
v -0.082845 0.110740 -0.121818
v -0.120728 0.130739 -0.109491
v -0.082845 0.110740 -0.121818
v -0.122079 0.110740 -0.121818
v -0.123000 0.097268 -0.114901
v -0.122079 0.110740 -0.121818
v -0.122079 0.106074 -0.109376
v -0.081494 0.130739 -0.109491
v -0.120728 0.122616 -0.098974
v -0.081494 0.122616 -0.098974
v -0.082845 0.106074 -0.109376
v -0.120728 0.122616 -0.098974
v -0.081494 0.130739 -0.109491
v -0.082845 0.106074 -0.109376
v -0.122079 0.106074 -0.109376
v -0.120728 0.130739 -0.109491
v -0.096738 -0.102791 -0.150813
v -0.092739 -0.008435 -0.160610
v -0.086079 -0.008687 -0.149114
v -0.126302 -0.002954 -0.141045
v -0.089899 0.050937 -0.154011
v -0.126302 -0.002954 -0.141045
v -0.126900 0.050937 -0.140964
v -0.107549 -0.134635 -0.145039
v -0.137870 -0.100618 -0.155209
v -0.099607 -0.102032 -0.163766
v -0.135002 -0.101378 -0.142257
v -0.119641 -0.003205 -0.129549
v -0.092739 -0.008435 -0.160610
v -0.096738 -0.102791 -0.150813
v -0.086079 -0.008687 -0.149114
v -0.111560 -0.142489 -0.135985
v -0.107549 -0.134635 -0.145039
v -0.107479 -0.126267 -0.135116
v -0.135002 -0.101378 -0.142257
v -0.107479 -0.126267 -0.135116
v -0.099607 -0.102032 -0.163766
v -0.137870 -0.100618 -0.155209
v -0.131990 -0.130239 -0.140172
v -0.122016 -0.144053 -0.137373
v -0.111613 -0.145410 -0.139687
v -0.111560 -0.142489 -0.135985
v -0.132061 -0.138607 -0.150095
v -0.122016 -0.144053 -0.137373
v -0.122068 -0.146974 -0.141075
v -0.132061 -0.138607 -0.150095
v -0.122016 -0.144053 -0.137373
v -0.131990 -0.130239 -0.140172
v 0.180901 -0.180998 -0.107337
v 0.178051 -0.195005 0.065799
v 0.180901 -0.180998 -0.107337
v 0.189851 0.254310 0.078709
v 0.172908 0.291462 -0.005668
v 0.213701 -0.120177 0.057028
v 0.213701 -0.120177 0.057028
v 0.213368 -0.120115 -0.070738
v 0.222034 0.076305 0.082481
v 0.167019 0.075121 -0.086481
v 0.215784 0.105897 -0.086481
v 0.167019 0.149572 -0.071410
v 0.190333 0.184081 0.069409
v 0.167019 0.170946 -0.044619
v 0.167523 0.190520 0.043929
v 0.000000 0.284360 -0.032917
v 0.000000 -0.195005 0.065799
v 0.159144 0.182565 -0.091901
v 0.147087 0.126639 0.027196
v 0.178678 0.254684 -0.019958
v 0.173159 0.271740 -0.048608
v 0.000000 0.271055 -0.057047
v 0.000000 0.283385 -0.017651
v 0.000000 0.283385 -0.017651
v 0.173159 0.271740 -0.034557
v 0.150486 0.208138 -0.099135
v 0.159144 0.182566 -0.038284
v 0.085392 -0.127711 0.053411
v 0.085392 -0.094411 0.128797
v 0.158805 -0.035473 0.168762
v 0.162466 0.152217 0.197651
v 0.091813 0.159534 0.209944
v 0.085392 0.174461 0.066470
v 0.085392 0.174461 0.066470
v 0.168886 0.174461 0.066470
v 0.168886 0.160179 0.070935
v 0.085392 0.174461 0.066470
v -0.180901 -0.180998 -0.107337
v -0.178051 -0.195005 0.065799
v -0.172908 0.291462 -0.005668
v -0.167019 -0.125998 -0.059670
v -0.213701 -0.120177 0.057028
v -0.167019 -0.127195 0.044972
v -0.167019 -0.127195 0.044972
v -0.167019 0.149572 -0.071410
v -0.190333 0.184081 0.069409
v -0.190594 0.189931 0.043875
v -0.167523 0.190520 0.043929
v -0.147087 0.126639 0.027196
v 0.000000 0.116706 0.027196
v -0.147087 0.126639 0.027196
v -0.163514 0.284071 -0.017651
v 0.000000 0.271055 -0.057047
v 0.000000 0.283385 -0.017651
v 0.000000 0.283385 -0.017651
v -0.173159 0.271740 -0.048608
v 0.000000 0.271055 -0.034557
v -0.168229 0.208651 -0.075826
v -0.085392 -0.094411 0.128797
v -0.158805 -0.035473 0.168762
v -0.085392 -0.094411 0.128797
v -0.162466 0.152217 0.197651
v -0.162466 0.125883 0.228923
v -0.091813 0.159534 0.209944
v -0.091813 0.184773 0.104412
v -0.091813 0.172687 0.108190
v -0.085392 0.174461 0.066470
v -0.168886 0.174461 0.066470
v -0.168886 0.160179 0.070935
v 0.006938 0.116609 -0.093382
v 0.006938 0.140341 -0.082615
v 0.014974 0.122996 -0.090484
v 0.014974 0.133953 -0.085513
v -0.006846 0.140341 -0.082615
v 0.014974 0.133953 -0.085513
v -0.005204 0.127922 -0.117846
v -0.014881 0.133953 -0.085513
v -0.014881 0.122996 -0.090484
v -0.014881 0.143129 -0.113359
v 0.006938 0.125785 -0.121227
v 0.006938 0.116609 -0.093382
v -0.014881 0.132172 -0.118330
v 0.014974 0.132172 -0.118330
v -0.068987 0.288499 -0.003064
v 0.073639 0.289292 -0.003064
v 0.073639 0.289292 0.024138
v -0.068987 0.288499 0.024138
v -0.068987 0.288499 0.024138
v 0.073639 0.289292 0.024138
v 0.000698 0.315407 0.020280
v -0.068987 0.288499 -0.003064
v 0.000698 0.315407 0.000794
v 0.102803 -0.130189 0.016212
v 0.102803 0.076683 0.016212
v 0.127714 -0.105207 0.016212
v 0.127714 0.051702 0.016212
v -0.102803 0.076683 0.016212
v -0.102803 0.076683 0.016212
v -0.127714 0.051605 -0.119182
v -0.025997 -0.068856 -0.146803
v 0.127714 0.051702 0.016212
v -0.127714 -0.105207 0.016212
v -0.102624 0.076683 -0.119182
v 0.102624 -0.130189 -0.119182
v 0.127714 0.051702 0.016212
v 0.102803 -0.130189 0.016212
v 0.197319 0.073781 0.006886
v 0.190727 0.098993 0.006885
v 0.195545 0.080567 0.014921
v 0.192501 0.092207 0.014921
v 0.190727 0.098993 -0.006898
v 0.192501 0.092207 0.014921
v 0.192502 0.092207 -0.014934
v 0.195545 0.080567 -0.014934
v 0.221499 0.096535 -0.014933
v 0.223346 0.080787 -0.005257
v -0.196525 0.073781 -0.006898
v -0.189933 0.098993 -0.006898
v -0.194750 0.080567 -0.014933
v -0.191707 0.092207 -0.014933
v -0.189933 0.098993 0.006886
v -0.191707 0.092207 -0.014933
v -0.191707 0.092207 0.014921
v -0.194751 0.080567 0.014921
v -0.220705 0.096535 0.014921
v -0.222552 0.080787 0.005244
v 0.137393 0.130739 -0.109491
v 0.098159 0.130739 -0.109491
v 0.137393 0.122616 -0.098974
v 0.137393 0.122616 -0.098974
v 0.098159 0.122616 -0.098974
v 0.109117 -0.146846 -0.152180
v 0.098662 -0.148410 -0.153568
v 0.098662 -0.148410 -0.153568
v 0.109117 -0.146846 -0.152180
v 0.109170 -0.143925 -0.148478
v -0.081494 0.130739 -0.109491
v -0.120728 0.130739 -0.109491
v -0.081494 0.122616 -0.098974
v -0.081494 0.122616 -0.098974
v -0.120728 0.122616 -0.098974
v -0.111613 -0.145410 -0.139687
v -0.122068 -0.146974 -0.141075
v -0.122068 -0.146974 -0.141075
v -0.111613 -0.145410 -0.139687
v -0.111560 -0.142489 -0.135985
vt 0.020459 0.874552
vt 0.115529 0.919509
vt 0.115533 0.874593
vt 0.375887 0.869669
vt 0.487154 0.784577
vt 0.376144 0.784154
vt 0.115475 0.585363
vt 0.210551 0.499754
vt 0.115475 0.499770
vt 0.487256 0.736651
vt 0.380374 0.730022
vt 0.376246 0.736228
vt 0.487251 0.748832
vt 0.376241 0.748409
vt 0.211603 0.463890
vt 0.115475 0.451454
vt 0.115475 0.463906
vt 0.214766 0.451437
vt 0.115485 0.445500
vt 0.483161 0.730414
vt 0.388003 0.722246
vt 0.470549 0.600555
vt 0.463377 0.502429
vt 0.463377 0.600275
vt 0.375887 0.502268
vt 0.447093 0.511616
vt 0.447093 0.600062
vt 0.020456 0.919468
vt 0.115530 0.943278
vt 0.486897 0.870092
vt 0.383177 0.914508
vt 0.487256 0.914904
vt 0.399579 0.939068
vt 0.487018 0.939401
vt 0.408332 0.969089
vt 0.481904 0.969369
vt 0.011139 0.943234
vt 0.115567 0.973027
vt 0.020584 0.988779
vt 0.115658 0.988820
vt 0.469753 0.985026
vt 0.420573 0.984838
vt 0.454758 0.988861
vt 0.558715 0.798706
vt 0.543696 0.893784
vt 0.558715 0.893783
vt 0.115475 0.468482
vt 0.376238 0.752895
vt 0.210551 0.468466
vt 0.487247 0.753318
vt 0.633558 0.814160
vt 0.704763 0.835334
vt 0.691096 0.814821
vt 0.725698 0.164849
vt 0.746434 0.145234
vt 0.725730 0.145347
vt 0.963359 0.918705
vt 0.968179 0.982032
vt 0.968036 0.923974
vt 0.733993 0.528308
vt 0.754582 0.549884
vt 0.754698 0.527992
vt 0.988733 0.924498
vt 0.988861 0.981923
vt 0.757851 0.318365
vt 0.679811 0.333141
vt 0.766754 0.332679
vt 0.754552 0.569029
vt 0.722775 0.573239
vt 0.754545 0.615551
vt 0.617972 0.835187
vt 0.705223 0.854401
vt 0.723568 0.546621
vt 0.756712 0.161978
vt 0.751202 0.148142
vt 0.725695 0.229956
vt 0.756328 0.227678
vt 0.757475 0.188052
vt 0.725697 0.183837
vt 0.679497 0.359275
vt 0.770724 0.359088
vt 0.613995 0.854135
vt 0.705837 0.900676
vt 0.678894 0.398814
vt 0.771815 0.422085
vt 0.771796 0.398889
vt 0.612934 0.900672
vt 0.705837 0.921829
vt 0.723912 0.613263
vt 0.754545 0.636669
vt 0.725821 0.636657
vt 0.754545 0.644142
vt 0.754545 0.640243
vt 0.612934 0.921825
vt 0.705837 0.925409
vt 0.725695 0.251057
vt 0.754419 0.251052
vt 0.678898 0.426351
vt 0.771834 0.442362
vt 0.771800 0.426427
vt 0.725695 0.258524
vt 0.755946 0.255272
vt 0.678913 0.422010
vt 0.612934 0.925404
vt 0.705837 0.929314
vt 0.682200 0.459164
vt 0.771879 0.460149
vt 0.612934 0.929310
vt 0.705837 0.943634
vt 0.727731 0.657126
vt 0.754545 0.658437
vt 0.752510 0.271505
vt 0.754545 0.671758
vt 0.735749 0.681497
vt 0.754545 0.681505
vt 0.612934 0.943629
vt 0.704917 0.956715
vt 0.732313 0.675323
vt 0.725695 0.272808
vt 0.747935 0.288998
vt 0.771913 0.466029
vt 0.702089 0.476468
vt 0.769417 0.478963
vt 0.725697 0.285922
vt 0.744511 0.296044
vt 0.687297 0.465569
vt 0.612934 0.956972
vt 0.697551 0.966347
vt 0.741878 0.694813
vt 0.754464 0.699967
vt 0.754564 0.695144
vt 0.612934 0.966735
vt 0.682819 0.978098
vt 0.511624 0.110806
vt 0.498937 0.096185
vt 0.492828 0.110812
vt 0.963359 0.988861
vt 0.988861 0.981923
vt 0.968179 0.982032
vt 0.498786 0.033559
vt 0.511365 0.040204
vt 0.511472 0.033558
vt 0.511486 0.077863
vt 0.498800 0.077865
vt 0.720456 0.481576
vt 0.764785 0.484053
vt 0.615491 0.980543
vt 0.664450 0.983197
vt 0.511373 0.066205
vt 0.498652 0.058951
vt 0.498687 0.066232
vt 0.732125 0.485589
vt 0.758135 0.486571
vt 0.620121 0.985644
vt 0.652753 0.987204
vt 0.511338 0.058920
vt 0.498648 0.047628
vt 0.739417 0.486762
vt 0.750744 0.487259
vt 0.626742 0.988167
vt 0.645456 0.988372
vt 0.498678 0.040231
vt 0.511335 0.047597
vt 0.020459 0.757577
vt 0.115533 0.753038
vt 0.019407 0.752997
vt 0.115533 0.788931
vt 0.020459 0.788890
vt 0.524481 0.893784
vt 0.543696 0.798708
vt 0.524481 0.798708
vt 0.115554 0.686289
vt 0.210659 0.703612
vt 0.219947 0.686271
vt 0.509535 0.893782
vt 0.509535 0.798706
vt 0.210569 0.630720
vt 0.115533 0.655654
vt 0.219926 0.655636
vt 0.210551 0.585347
vt 0.375887 0.600114
vt 0.392728 0.511517
vt 0.016245 0.740533
vt 0.115564 0.734091
vt 0.016094 0.734049
vt 0.017718 0.725923
vt 0.115533 0.740575
vt 0.918473 0.440298
vt 0.963276 0.395612
vt 0.882469 0.395608
vt 0.279439 0.520870
vt 0.247671 0.519832
vt 0.247193 0.526953
vt 0.725695 0.035894
vt 0.770431 0.067123
vt 0.806501 0.035959
vt 0.529157 0.319893
vt 0.492828 0.393691
vt 0.529250 0.393650
vt 0.857673 0.538307
vt 0.777002 0.545259
vt 0.857699 0.545407
vt 0.749740 0.081811
vt 0.766422 0.081679
vt 0.757992 0.107516
vt 0.780401 0.107534
vt 0.948176 0.432013
vt 0.922451 0.442965
vt 0.951932 0.442966
vt 0.541977 0.514290
vt 0.528166 0.519080
vt 0.541229 0.521994
vt 0.290272 0.600683
vt 0.293171 0.517936
vt 0.501791 0.512124
vt 0.492909 0.506569
vt 0.492939 0.514951
vt 0.937878 0.471667
vt 0.527888 0.511092
vt 0.319890 0.600650
vt 0.319704 0.511050
vt 0.772404 0.116626
vt 0.773599 0.122949
vt 0.781752 0.122955
vt 0.329648 0.513796
vt 0.908397 0.471665
vt 0.928791 0.480480
vt 0.577705 0.604756
vt 0.585854 0.522760
vt 0.577701 0.522760
vt 0.916424 0.480480
vt 0.915282 0.487259
vt 0.590637 0.806922
vt 0.580994 0.804064
vt 0.580996 0.811973
vt 0.564259 0.604753
vt 0.564256 0.517921
vt 0.577701 0.514845
vt 0.568896 0.509538
vt 0.590655 0.893690
vt 0.581014 0.893908
vt 0.585854 0.514845
vt 0.320182 0.502384
vt 0.330006 0.505403
vt 0.751006 0.106817
vt 0.501581 0.601721
vt 0.531046 0.601825
vt 0.493245 0.601780
vt 0.279422 0.513166
vt 0.294350 0.508149
vt 0.533479 0.601796
vt 0.777265 0.618800
vt 0.857962 0.618948
vt 0.529148 0.312773
vt 0.492850 0.313884
vt 0.279609 0.600674
vt 0.242237 0.600711
vt 0.666898 0.548364
vt 0.693472 0.516057
vt 0.659874 0.542251
vt 0.551897 0.729986
vt 0.545492 0.775635
vt 0.551897 0.775869
vt 0.409483 0.328069
vt 0.382911 0.295839
vt 0.375887 0.301924
vt 0.437135 0.354771
vt 0.416507 0.321985
vt 0.057050 0.042924
vt 0.011139 0.077403
vt 0.057050 0.077390
vt 0.509535 0.730544
vt 0.545492 0.729752
vt 0.866525 0.781796
vt 0.903319 0.735750
vt 0.868495 0.735756
vt 0.639272 0.575611
vt 0.051509 0.014441
vt 0.011139 0.042938
vt 0.286459 0.131566
vt 0.326607 0.163661
vt 0.332369 0.131586
vt 0.614746 0.619372
vt 0.616406 0.644908
vt 0.623139 0.621216
vt 0.631749 0.573958
vt 0.289631 0.209316
vt 0.291784 0.163647
vt 0.453257 0.400420
vt 0.444658 0.353133
vt 0.289581 0.255673
vt 0.328422 0.235975
vt 0.289573 0.235958
vt 0.328479 0.209332
vt 0.459990 0.424041
vt 0.461650 0.398592
vt 0.866544 0.805663
vt 0.905375 0.781790
vt 0.866520 0.839822
vt 0.905392 0.823646
vt 0.866543 0.823653
vt 0.458613 0.442014
vt 0.468259 0.425061
vt 0.905394 0.805656
vt 0.608137 0.645921
vt 0.617783 0.662941
vt 0.358181 0.052650
vt 0.397025 0.031869
vt 0.358175 0.031869
vt 0.621296 0.683701
vt 0.610071 0.665665
vt 0.289659 0.273544
vt 0.328430 0.255689
vt 0.455100 0.462701
vt 0.466324 0.444737
vt 0.429668 0.471045
vt 0.412627 0.478864
vt 0.433821 0.477040
vt 0.448521 0.458396
vt 0.655511 0.774333
vt 0.616183 0.791881
vt 0.655010 0.791881
vt 0.642577 0.698113
vt 0.627875 0.679390
vt 0.655489 0.743354
vt 0.616776 0.757280
vt 0.655603 0.757280
vt 0.616684 0.774333
vt 0.663772 0.699967
vt 0.646730 0.692103
vt 0.358182 0.073772
vt 0.397031 0.052650
vt 0.354648 0.110834
vt 0.397030 0.090025
vt 0.358181 0.090025
vt 0.679868 0.695063
vt 0.663957 0.693103
vt 0.397032 0.073772
vt 0.412442 0.472022
vt 0.396532 0.473958
vt 0.749266 0.791875
vt 0.756920 0.745971
vt 0.749258 0.745965
vt 0.378679 0.459969
vt 0.398894 0.467433
vt 0.658817 0.722533
vt 0.616663 0.743354
vt 0.697704 0.680737
vt 0.677505 0.688514
vt 0.210607 0.874633
vt 0.242343 0.783860
vt 0.353608 0.869340
vt 0.353355 0.783538
vt 0.020399 0.499786
vt 0.349119 0.728831
vt 0.242237 0.735400
vt 0.353248 0.735078
vt 0.242246 0.747902
vt 0.353258 0.747579
vt 0.019347 0.463922
vt 0.016184 0.451470
vt 0.341493 0.721161
vt 0.246331 0.729130
vt 0.463377 0.698121
vt 0.470549 0.699967
vt 0.392728 0.599962
vt 0.447093 0.688508
vt 0.375887 0.697960
vt 0.210603 0.919549
vt 0.242597 0.869663
vt 0.346317 0.914323
vt 0.242237 0.914625
vt 0.329900 0.938129
vt 0.242460 0.938383
vt 0.321146 0.968243
vt 0.219920 0.943323
vt 0.210732 0.988861
vt 0.219958 0.973072
vt 0.259738 0.984999
vt 0.247573 0.968456
vt 0.274732 0.988861
vt 0.308918 0.984856
vt 0.558715 0.988859
vt 0.353262 0.752172
vt 0.020399 0.468498
vt 0.242251 0.752495
vt 0.083418 0.249116
vt 0.012214 0.270157
vt 0.099003 0.270086
vt 0.503934 0.133091
vt 0.524608 0.152699
vt 0.524641 0.133197
vt 0.307163 0.102476
vt 0.312229 0.039132
vt 0.307323 0.044418
vt 0.748974 0.817219
vt 0.728153 0.838776
vt 0.753888 0.821131
vt 0.286631 0.045019
vt 0.140375 0.252614
vt 0.218409 0.267036
vt 0.210626 0.252652
vt 0.728124 0.857922
vt 0.759902 0.862159
vt 0.759168 0.835541
vt 0.011753 0.289160
vt 0.493592 0.149839
vt 0.499140 0.136001
vt 0.493972 0.215538
vt 0.524605 0.217806
vt 0.492828 0.175912
vt 0.524607 0.171687
vt 0.131465 0.266497
vt 0.218722 0.293191
vt 0.011139 0.335279
vt 0.102981 0.288973
vt 0.126407 0.356402
vt 0.219326 0.332964
vt 0.126423 0.332959
vt 0.127494 0.292924
vt 0.011139 0.356361
vt 0.104042 0.335355
vt 0.728116 0.904444
vt 0.758749 0.902182
vt 0.728116 0.933035
vt 0.756839 0.925574
vt 0.728116 0.929136
vt 0.011139 0.359929
vt 0.104042 0.356437
vt 0.728116 0.925562
vt 0.495881 0.238912
vt 0.524605 0.238907
vt 0.126390 0.376915
vt 0.219323 0.360628
vt 0.126420 0.360624
vt 0.524605 0.246374
vt 0.524605 0.242478
vt 0.219310 0.356407
vt 0.011139 0.363821
vt 0.104042 0.360004
vt 0.216031 0.394256
vt 0.219293 0.376920
vt 0.011139 0.378092
vt 0.104042 0.363897
vt 0.754930 0.946042
vt 0.758367 0.929799
vt 0.497791 0.259364
vt 0.494354 0.243132
vt 0.728116 0.960651
vt 0.746911 0.970406
vt 0.750348 0.964234
vt 0.012060 0.391130
vt 0.104042 0.378168
vt 0.728116 0.947330
vt 0.502380 0.276856
vt 0.524605 0.260658
vt 0.126320 0.401370
vt 0.196153 0.412444
vt 0.210937 0.400982
vt 0.505829 0.283900
vt 0.524607 0.273771
vt 0.126350 0.395167
vt 0.019426 0.400736
vt 0.104042 0.391466
vt 0.728303 0.988861
vt 0.740821 0.983717
vt 0.728135 0.984037
vt 0.034157 0.412461
vt 0.104042 0.401196
vt 0.728116 0.970398
vt 0.576947 0.095477
vt 0.564256 0.110101
vt 0.583052 0.110101
vt 0.312229 0.109287
vt 0.307163 0.102476
vt 0.286459 0.102443
vt 0.564510 0.039499
vt 0.577084 0.032850
vt 0.564398 0.032853
vt 0.564397 0.077159
vt 0.564261 0.095480
vt 0.128824 0.414889
vt 0.177785 0.417542
vt 0.052527 0.417547
vt 0.101485 0.414956
vt 0.577229 0.058242
vt 0.564510 0.065501
vt 0.577195 0.065523
vt 0.577083 0.077156
vt 0.133456 0.419988
vt 0.166116 0.421548
vt 0.064224 0.421540
vt 0.096855 0.420023
vt 0.577229 0.046920
vt 0.564543 0.058215
vt 0.140105 0.422511
vt 0.158824 0.422716
vt 0.071520 0.422708
vt 0.090234 0.422523
vt 0.564543 0.046893
vt 0.577196 0.039522
vt 0.210607 0.757658
vt 0.115533 0.757617
vt 0.210607 0.788972
vt 0.543696 0.988861
vt 0.524481 0.988860
vt 0.020507 0.703644
vt 0.011161 0.686306
vt 0.509535 0.988859
vt 0.020417 0.630752
vt 0.115493 0.630736
vt 0.011139 0.655671
vt 0.020399 0.585379
vt 0.392728 0.688408
vt 0.214821 0.740618
vt 0.213522 0.726006
vt 0.215033 0.734134
vt 0.211659 0.753079
vt 0.247698 0.681589
vt 0.279466 0.680478
vt 0.247218 0.674469
vt 0.691077 0.030287
vt 0.646332 0.060998
vt 0.675813 0.060999
vt 0.529250 0.467410
vt 0.492828 0.393691
vt 0.492951 0.473492
vt 0.777002 0.692687
vt 0.857673 0.699968
vt 0.857699 0.692835
vt 0.667018 0.075313
vt 0.650338 0.075322
vt 0.658759 0.100590
vt 0.528095 0.684571
vt 0.541902 0.689301
vt 0.541161 0.681598
vt 0.290272 0.600683
vt 0.279609 0.600674
vt 0.501715 0.691318
vt 0.492828 0.696992
vt 0.501727 0.699967
vt 0.527811 0.692559
vt 0.293199 0.683431
vt 0.319890 0.600650
vt 0.644350 0.109986
vt 0.643161 0.116797
vt 0.652076 0.109986
vt 0.329678 0.687460
vt 0.319734 0.690249
vt 0.636349 0.100589
vt 0.585854 0.686751
vt 0.577705 0.604756
vt 0.577701 0.686751
vt 0.590637 0.980482
vt 0.580994 0.983778
vt 0.590635 0.988861
vt 0.564259 0.604753
vt 0.564256 0.691585
vt 0.577701 0.694667
vt 0.568896 0.699967
vt 0.590655 0.893690
vt 0.580996 0.975866
vt 0.585854 0.694667
vt 0.320215 0.698882
vt 0.665755 0.100658
vt 0.679750 0.075089
vt 0.501581 0.601721
vt 0.531046 0.601825
vt 0.492865 0.688610
vt 0.279452 0.688182
vt 0.533479 0.601796
vt 0.777265 0.618800
vt 0.857962 0.618948
vt 0.529250 0.474531
vt 0.492962 0.481196
vt 0.242237 0.600711
vt 0.275832 0.329310
vt 0.249260 0.297080
vt 0.242237 0.303164
vt 0.162278 0.020930
vt 0.168683 0.067047
vt 0.168683 0.021164
vt 0.649591 0.303349
vt 0.623017 0.335656
vt 0.656615 0.309462
vt 0.615993 0.329543
vt 0.595392 0.362903
vt 0.926151 0.577576
vt 0.880241 0.543124
vt 0.880241 0.577590
vt 0.126320 0.067605
vt 0.162278 0.066813
vt 0.879678 0.205598
vt 0.916559 0.251631
vt 0.914503 0.205592
vt 0.282856 0.323226
vt 0.303484 0.356012
vt 0.311007 0.354374
vt 0.926151 0.543110
vt 0.885786 0.514637
vt 0.656180 0.139096
vt 0.615595 0.171156
vt 0.650419 0.171171
vt 0.328000 0.399833
vt 0.326339 0.425282
vt 0.334608 0.426302
vt 0.319607 0.401661
vt 0.652291 0.216842
vt 0.587868 0.361250
vt 0.579258 0.408508
vt 0.613384 0.243468
vt 0.652241 0.263199
vt 0.652233 0.243485
vt 0.613442 0.216826
vt 0.570865 0.406664
vt 0.572526 0.432200
vt 0.877709 0.251638
vt 0.916577 0.275498
vt 0.877726 0.293495
vt 0.916553 0.309657
vt 0.916576 0.293488
vt 0.564256 0.433213
vt 0.573903 0.450233
vt 0.877728 0.275505
vt 0.324962 0.443254
vt 0.332674 0.445978
vt 0.785708 0.731832
vt 0.824564 0.752613
vt 0.824558 0.731832
vt 0.321449 0.463941
vt 0.613392 0.263183
vt 0.652319 0.281070
vt 0.577416 0.470993
vt 0.583995 0.466682
vt 0.602849 0.479395
vt 0.619891 0.487259
vt 0.620077 0.480395
vt 0.598696 0.485405
vt 0.723172 0.791881
vt 0.684846 0.774333
vt 0.684345 0.791881
vt 0.314871 0.459637
vt 0.300170 0.478281
vt 0.723765 0.757280
vt 0.684825 0.743354
vt 0.684938 0.757280
vt 0.723673 0.774333
vt 0.296017 0.472286
vt 0.278976 0.480105
vt 0.785714 0.752613
vt 0.824565 0.773734
vt 0.824564 0.789988
vt 0.782181 0.810797
vt 0.828092 0.810797
vt 0.278791 0.473263
vt 0.262881 0.475199
vt 0.785716 0.773734
vt 0.635987 0.482355
vt 0.633625 0.475806
vt 0.581846 0.775669
vt 0.574176 0.729752
vt 0.574184 0.775663
vt 0.653823 0.468029
vt 0.723651 0.743354
vt 0.681096 0.722533
vt 0.245028 0.461209
vt 0.242237 0.468920
vt 0.966955 0.896406
vt 0.973128 0.896426
vt 0.976728 0.892019
vt 0.927113 0.059166
vt 0.920554 0.043782
vt 0.920554 0.059893
vt 0.972387 0.825352
vt 0.967662 0.825357
vt 0.964908 0.828726
vt 0.889703 0.058602
vt 0.882124 0.043243
vt 0.882124 0.058601
vt 0.955008 0.561469
vt 0.948430 0.576880
vt 0.955008 0.577590
vt 0.977038 0.827814
vt 0.975143 0.834490
vt 0.977039 0.835393
vt 0.935246 0.737401
vt 0.939804 0.724092
vt 0.935246 0.722376
vt 0.894120 0.044805
vt 0.889703 0.043244
vt 0.916399 0.044051
vt 0.877704 0.044803
vt 0.877704 0.060161
vt 0.927672 0.722479
vt 0.964908 0.796700
vt 0.967945 0.799166
vt 0.966757 0.795798
vt 0.966757 0.790024
vt 0.964908 0.789121
vt 0.973422 0.823399
vt 0.975142 0.828715
vt 0.967945 0.786659
vt 0.966469 0.784704
vt 0.973424 0.839815
vt 0.967664 0.837864
vt 0.967223 0.839822
vt 0.972389 0.837859
vt 0.422845 0.110802
vt 0.437777 0.106237
vt 0.422841 0.106205
vt 0.841348 0.118711
vt 0.852709 0.126728
vt 0.843672 0.116780
vt 0.437782 0.032471
vt 0.422837 0.039472
vt 0.437774 0.039504
vt 0.951137 0.246275
vt 0.938944 0.235843
vt 0.948249 0.247539
vt 0.424484 0.049778
vt 0.435184 0.049801
vt 0.927673 0.839821
vt 0.940392 0.824838
vt 0.929678 0.824837
vt 0.929687 0.776518
vt 0.942629 0.761397
vt 0.927673 0.761396
vt 0.929659 0.790229
vt 0.940401 0.776518
vt 0.929657 0.801510
vt 0.940373 0.790230
vt 0.929658 0.813813
vt 0.940372 0.801510
vt 0.940372 0.813814
vt 0.435159 0.094904
vt 0.435058 0.085232
vt 0.424459 0.094881
vt 0.435056 0.072939
vt 0.424359 0.085209
vt 0.435065 0.061662
vt 0.424356 0.072916
vt 0.424365 0.061639
vt 0.939008 0.302631
vt 0.950108 0.294589
vt 0.947781 0.292659
vt 0.953121 0.280894
vt 0.950023 0.280878
vt 0.950194 0.269599
vt 0.953252 0.257311
vt 0.950154 0.257295
vt 0.852773 0.059939
vt 0.840319 0.070396
vt 0.843204 0.071660
vt 0.838206 0.081433
vt 0.841301 0.081416
vt 0.841261 0.093720
vt 0.838336 0.105017
vt 0.841432 0.105000
vt 0.368355 0.273561
vt 0.454491 0.273561
vt 0.468211 0.259863
vt 0.212350 0.214552
vt 0.172840 0.188731
vt 0.152176 0.214552
vt 0.140073 0.089884
vt 0.212332 0.105722
vt 0.226034 0.089884
vt 0.866634 0.988837
vt 0.940965 0.875804
vt 0.866520 0.875978
vt 0.880360 0.686146
vt 0.954806 0.599925
vt 0.880360 0.599869
vt 0.140097 0.230335
vt 0.191158 0.131561
vt 0.172830 0.131561
vt 0.158903 0.145851
vt 0.239792 0.103680
vt 0.226223 0.200441
vt 0.239811 0.216539
vt 0.877704 0.183200
vt 0.952149 0.097325
vt 0.877704 0.097317
vt 0.126339 0.216539
vt 0.138285 0.119833
vt 0.126320 0.103680
vt 0.138299 0.200441
vt 0.205091 0.145851
vt 0.205096 0.174441
vt 0.011821 0.212670
vt 0.085481 0.226741
vt 0.086165 0.212474
vt 0.880241 0.699963
vt 0.954806 0.686097
vt 0.952284 0.082510
vt 0.866635 0.862176
vt 0.152158 0.105722
vt 0.226209 0.119833
vt 0.191168 0.188731
vt 0.085809 0.099682
vt 0.953117 0.060163
vt 0.959508 0.060148
vt 0.963234 0.055722
vt 0.540470 0.110096
vt 0.533903 0.094693
vt 0.533903 0.110812
vt 0.966739 0.737172
vt 0.971494 0.737160
vt 0.974269 0.733786
vt 0.083711 0.061449
vt 0.091290 0.077403
vt 0.091290 0.061460
vt 0.466622 0.094714
vt 0.460061 0.110118
vt 0.466622 0.110834
vt 0.962083 0.734708
vt 0.963974 0.728039
vt 0.962090 0.727129
vt 0.922759 0.372183
vt 0.926965 0.357475
vt 0.922759 0.356330
vt 0.079329 0.076410
vt 0.083711 0.077393
vt 0.915191 0.372109
vt 0.910573 0.357315
vt 0.910573 0.373168
vt 0.095745 0.076433
vt 0.095745 0.060489
vt 0.915191 0.356256
vt 0.975609 0.727094
vt 0.971504 0.724653
vt 0.974274 0.728012
vt 0.262090 0.230335
vt 0.263724 0.223672
vt 0.262090 0.222756
vt 0.965719 0.739117
vt 0.963969 0.733813
vt 0.975603 0.734672
vt 0.971960 0.739100
vt 0.965732 0.722701
vt 0.971974 0.722685
vt 0.966749 0.724666
vt 0.952226 0.538463
vt 0.958742 0.538480
vt 0.962545 0.534071
vt 0.466622 0.071005
vt 0.460061 0.055598
vt 0.460061 0.071719
vt 0.953915 0.371351
vt 0.958799 0.371362
vt 0.961646 0.368002
vt 0.202923 0.066614
vt 0.195344 0.050679
vt 0.195344 0.066625
vt 0.540469 0.055576
vt 0.533903 0.070987
vt 0.540469 0.071697
vt 0.949244 0.368887
vt 0.951068 0.362204
vt 0.949244 0.361308
vt 0.234273 0.051587
vt 0.229656 0.066787
vt 0.234273 0.067605
vt 0.207378 0.051636
vt 0.202923 0.050668
vt 0.241841 0.051541
vt 0.246049 0.066689
vt 0.246049 0.050671
vt 0.190962 0.051659
vt 0.190962 0.067605
vt 0.241841 0.067560
vt 0.963129 0.361340
vt 0.958799 0.358855
vt 0.961646 0.362228
vt 0.263723 0.192899
vt 0.262090 0.199589
vt 0.263723 0.200477
vt 0.952981 0.373314
vt 0.951068 0.367978
vt 0.963129 0.368919
vt 0.959391 0.373329
vt 0.952982 0.356898
vt 0.959392 0.356913
vt 0.953915 0.358844
vt 0.809312 0.440943
vt 0.807384 0.467252
vt 0.816170 0.439654
vt 0.839586 0.446728
vt 0.860088 0.471036
vt 0.860190 0.444696
vt 0.835100 0.943541
vt 0.830984 0.968856
vt 0.838169 0.970181
vt 0.804242 0.943782
vt 0.782181 0.968504
vt 0.803719 0.969738
vt 0.857567 0.414844
vt 0.833083 0.976793
vt 0.782358 0.987627
vt 0.803795 0.977390
vt 0.782257 0.976157
vt 0.800206 0.468614
vt 0.805321 0.475187
vt 0.838586 0.472781
vt 0.859968 0.476072
vt 0.882469 0.351755
vt 0.888294 0.373327
vt 0.888294 0.351753
vt 0.838466 0.477817
vt 0.859951 0.485515
vt 0.837750 0.988861
vt 0.840272 0.975519
vt 0.798121 0.473941
vt 0.800706 0.487259
vt 0.843886 0.858996
vt 0.834056 0.910420
vt 0.840515 0.911187
vt 0.807931 0.410905
vt 0.828169 0.942438
vt 0.786856 0.912479
vt 0.783631 0.942163
vt 0.799040 0.840136
vt 0.782181 0.858373
vt 0.802951 0.859193
vt 0.806841 0.356567
vt 0.814276 0.409862
vt 0.805890 0.911257
vt 0.838709 0.361745
vt 0.838449 0.413951
vt 0.844241 0.835702
vt 0.838514 0.839207
vt 0.843050 0.844710
vt 0.859488 0.360503
vt 0.840579 0.347674
vt 0.836856 0.858286
vt 0.797162 0.341036
vt 0.799878 0.357451
vt 0.801356 0.515607
vt 0.803456 0.510106
vt 0.801356 0.509833
vt 0.801664 0.335498
vt 0.794192 0.333900
vt 0.791454 0.833076
vt 0.785713 0.836995
vt 0.847756 0.337224
vt 0.853843 0.344249
vt 0.848586 0.264741
vt 0.852087 0.289973
vt 0.855425 0.263742
vt 0.586186 0.239491
vt 0.566458 0.266598
vt 0.587992 0.265292
vt 0.685669 0.250135
vt 0.689425 0.276366
vt 0.696662 0.277368
vt 0.814500 0.263949
vt 0.794375 0.288902
vt 0.815886 0.290541
vt 0.582818 0.209884
vt 0.565906 0.240306
vt 0.691877 0.284201
vt 0.794192 0.308025
vt 0.815818 0.298194
vt 0.794307 0.296555
vt 0.844855 0.291015
vt 0.849672 0.297808
vt 0.587769 0.270324
vt 0.242237 0.253228
vt 0.248061 0.274800
vt 0.248061 0.253226
vt 0.566235 0.271630
vt 0.587559 0.279765
vt 0.697081 0.296048
vt 0.699003 0.282606
vt 0.842535 0.296244
vt 0.844525 0.309664
vt 0.692202 0.165478
vt 0.679769 0.216141
vt 0.685972 0.217164
vt 0.851242 0.234408
vt 0.678894 0.248996
vt 0.796771 0.233455
vt 0.794192 0.262907
vt 0.812559 0.162065
vt 0.794530 0.179010
vt 0.815582 0.179505
vt 0.844223 0.180713
vt 0.844937 0.235198
vt 0.815433 0.231104
vt 0.566962 0.155402
vt 0.564256 0.207374
vt 0.703416 0.144393
vt 0.697852 0.148150
vt 0.702630 0.153445
vt 0.587992 0.155176
vt 0.572038 0.142681
vt 0.685124 0.164788
vt 0.851345 0.180100
vt 0.840814 0.165180
vt 0.776977 0.515607
vt 0.779077 0.510106
vt 0.776977 0.509833
vt 0.845559 0.159848
vt 0.838165 0.157920
vt 0.805107 0.154863
vt 0.799294 0.158673
vt 0.579426 0.132380
vt 0.585369 0.139528
vt 0.214956 0.445484
vt 0.475610 0.722580
vt 0.470549 0.501143
vt 0.011177 0.972982
vt 0.435544 0.988787
vt 0.963359 0.988861
vt 0.728980 0.532216
vt 0.687601 0.318327
vt 0.724294 0.640880
vt 0.725695 0.254628
vt 0.678932 0.442286
vt 0.725715 0.296048
vt 0.741778 0.699637
vt 0.511624 0.096184
vt 0.634129 0.988861
vt 0.115583 0.703628
vt 0.115620 0.725965
vt 0.740951 0.067099
vt 0.776977 0.538159
vt 0.501811 0.503474
vt 0.764679 0.116620
vt 0.329320 0.600628
vt 0.585858 0.604756
vt 0.907129 0.487259
vt 0.590635 0.798546
vt 0.737020 0.080719
vt 0.492852 0.306179
vt 0.700496 0.522170
vt 0.509535 0.776427
vt 0.016685 0.014451
vt 0.905370 0.839815
vt 0.328507 0.273560
vt 0.400558 0.110834
vt 0.756928 0.791881
vt 0.375887 0.467680
vt 0.612934 0.722533
vt 0.700496 0.688477
vt 0.016013 0.445517
vt 0.253885 0.721415
vt 0.293947 0.988805
vt 0.025881 0.249725
vt 0.312229 0.109287
vt 0.728269 0.816885
vt 0.286459 0.102443
vt 0.524625 0.283897
vt 0.740989 0.988541
vt 0.147497 0.423205
vt 0.082847 0.423205
vt 0.610271 0.030283
vt 0.529250 0.393650
vt 0.776977 0.699819
vt 0.635008 0.116797
vt 0.329320 0.600628
vt 0.585858 0.604756
vt 0.581014 0.893908
vt 0.330038 0.695831
vt 0.493245 0.601780
vt 0.294381 0.693156
vt 0.126320 0.021722
vt 0.920611 0.514627
vt 0.610271 0.139076
vt 0.877704 0.309664
vt 0.566191 0.452957
vt 0.613470 0.281054
vt 0.785714 0.789988
vt 0.265243 0.468673
vt 0.581838 0.729758
vt 0.656615 0.475769
vt 0.726979 0.722533
vt 0.976731 0.884441
vt 0.963362 0.884397
vt 0.973135 0.880010
vt 0.966962 0.879990
vt 0.963359 0.891975
vt 0.927113 0.043055
vt 0.964909 0.834500
vt 0.948430 0.560759
vt 0.939804 0.739117
vt 0.894120 0.060163
vt 0.916399 0.060163
vt 0.927672 0.737503
vt 0.966469 0.801120
vt 0.967220 0.823406
vt 0.437782 0.110834
vt 0.852861 0.133761
vt 0.422845 0.032439
vt 0.938856 0.231239
vt 0.942629 0.839822
vt 0.938856 0.309664
vt 0.953293 0.269615
vt 0.852861 0.055335
vt 0.838165 0.093737
vt 0.468259 0.146810
vt 0.354696 0.146810
vt 0.454551 0.133113
vt 0.368415 0.133113
vt 0.354648 0.259863
vt 0.941080 0.988861
vt 0.226058 0.230335
vt 0.158908 0.174441
vt 0.952149 0.183313
vt 0.011139 0.226837
vt 0.954686 0.699967
vt 0.877840 0.082442
vt 0.941080 0.862101
vt 0.011464 0.099682
vt 0.963234 0.048143
vt 0.949392 0.048174
vt 0.959509 0.043733
vt 0.953118 0.043747
vt 0.949392 0.055753
vt 0.540470 0.093976
vt 0.460061 0.093998
vt 0.926965 0.373329
vt 0.079329 0.060466
vt 0.263724 0.229446
vt 0.962551 0.526492
vt 0.948437 0.526457
vt 0.958756 0.522064
vt 0.952239 0.522048
vt 0.948430 0.534035
vt 0.466622 0.054884
vt 0.533903 0.054865
vt 0.229656 0.050769
vt 0.207378 0.067582
vt 0.262090 0.193815
vt 0.803896 0.988861
vt 0.882469 0.373329
vt 0.838449 0.487259
vt 0.844241 0.985532
vt 0.794192 0.483949
vt 0.842529 0.833756
vt 0.803456 0.515880
vt 0.795893 0.331943
vt 0.797144 0.834315
vt 0.842094 0.338589
vt 0.815703 0.309664
vt 0.242237 0.274801
vt 0.566025 0.281070
vt 0.703416 0.292431
vt 0.838165 0.306067
vt 0.701619 0.142526
vt 0.779077 0.515880
vt 0.839951 0.156040
vt 0.810772 0.156209
vt 0.573737 0.133629
vn 0.708332 -0.003870 0.705869
vn 0.000000 -0.003975 0.999992
vn 0.000000 -0.005483 0.999985
vn 0.689173 0.059228 -0.722172
vn 0.707105 0.000000 0.707108
vn 0.707107 -0.000000 -0.707107
vn 0.000000 0.081735 -0.996654
vn 0.707107 -0.000000 -0.707107
vn 0.000000 -0.000000 -1.000000
vn 0.681767 -0.125272 0.720764
vn 0.697122 -0.462445 -0.547874
vn 0.681768 -0.125270 -0.720763
vn 0.684883 0.165262 0.709664
vn 0.684885 0.165262 -0.709662
vn 0.684885 0.165262 -0.709662
vn 0.000000 -0.286616 -0.958046
vn 0.000000 -0.000000 -1.000000
vn 0.681768 -0.125270 -0.720763
vn 0.000000 -0.628583 -0.777742
vn 0.697119 -0.462446 0.547876
vn 0.586726 -0.728946 -0.352690
vn 0.000000 -0.628583 -0.777742
vn 0.586726 -0.728946 -0.352690
vn 0.000000 -0.852394 -0.522900
vn 0.586727 -0.728942 0.352695
vn 0.210957 -0.971808 -0.105289
vn 0.000000 -0.988183 -0.153281
vn 0.646654 -0.124758 0.752512
vn 0.000000 0.084147 0.996453
vn 0.708332 -0.003870 0.705869
vn 0.634566 0.230673 -0.737642
vn 0.646654 -0.124758 0.752512
vn 0.787467 0.091324 -0.609554
vn 0.720290 -0.078036 0.689270
vn 0.683139 0.404218 -0.608217
vn 0.674373 0.369817 0.639106
vn 0.720290 -0.078036 0.689270
vn 0.000000 0.390046 0.920795
vn 0.445838 0.789953 0.420955
vn 0.000000 0.828182 0.560459
vn 0.445838 0.789953 0.420955
vn 0.445836 0.789954 -0.420955
vn 0.679584 0.727644 0.093271
vn 0.445838 0.789953 0.420955
vn 0.000000 0.991885 0.127139
vn 0.000000 0.828182 0.560459
vn 0.000000 -0.000000 -1.000000
vn 0.675566 0.076464 -0.733324
vn 0.675566 0.076464 -0.733324
vn 0.675586 0.076466 0.733305
vn -0.574265 -0.731977 0.366646
vn -0.665439 -0.211857 -0.715756
vn -0.621230 -0.692464 -0.366834
vn -0.665439 -0.211857 -0.715756
vn 0.169848 -0.932763 -0.317971
vn -0.621230 -0.692464 -0.366834
vn 0.458323 -0.728502 -0.509141
vn 0.174625 -0.923780 0.340789
vn 0.169848 -0.932763 -0.317971
vn 0.110862 -0.954074 0.278303
vn -0.679243 -0.295794 0.671666
vn -0.574265 -0.731977 0.366646
vn -0.621230 -0.692464 -0.366834
vn -0.574265 -0.731977 0.366646
vn 0.386677 -0.793299 0.470274
vn 0.661505 -0.278106 -0.696468
vn 0.662263 -0.349683 0.662669
vn -0.686955 -0.078894 0.722404
vn 0.703453 -0.056939 0.708457
vn -0.704517 -0.008428 0.709637
vn -0.679243 -0.295794 0.671666
vn -0.706220 -0.011481 -0.707900
vn 0.662263 -0.349683 0.662669
vn 0.661505 -0.278106 -0.696468
vn 0.458323 -0.728502 -0.509141
vn -0.705591 -0.004900 -0.708602
vn 0.710063 0.033333 -0.703349
vn 0.714275 -0.009017 -0.699807
vn -0.706220 -0.011481 -0.707900
vn 0.714275 -0.009017 -0.699807
vn 0.703453 -0.056939 0.708457
vn -0.686955 -0.078894 0.722404
vn -0.705591 -0.004900 -0.708602
vn 0.710063 0.033333 -0.703349
vn 0.646368 -0.086205 0.758141
vn 0.708828 0.029056 0.704782
vn -0.704517 -0.008428 0.709637
vn -0.707095 -0.000000 -0.707119
vn 0.708828 0.029056 0.704782
vn -0.707103 0.000000 0.707110
vn 0.646368 -0.086205 0.758141
vn -0.707115 0.000000 0.707099
vn -0.707109 0.000000 0.707104
vn -0.707103 0.000000 0.707110
vn -0.707110 -0.000000 -0.707104
vn -0.707095 -0.000000 -0.707119
vn 0.646379 -0.086205 -0.758132
vn 0.757809 -0.052497 -0.650361
vn 0.693312 0.160884 0.702449
vn 0.757814 -0.052497 0.650355
vn -0.707119 -0.000000 -0.707095
vn 0.757809 -0.052497 -0.650361
vn 0.646379 -0.086205 -0.758132
vn -0.707109 0.000000 0.707104
vn -0.707119 -0.000000 -0.707095
vn 0.614448 0.459474 -0.641356
vn 0.683476 0.270401 0.678044
vn -0.707115 0.000000 0.707099
vn -0.688652 0.044457 -0.723728
vn 0.693312 0.160884 0.702449
vn -0.707095 0.000000 0.707119
vn 0.669978 0.212034 -0.711457
vn -0.707119 0.000000 0.707094
vn 0.597311 0.353195 0.720051
vn -0.686689 0.067280 0.723831
vn -0.707095 0.000000 0.707119
vn -0.627388 0.254112 -0.736079
vn 0.683476 0.270401 0.678044
vn -0.688652 0.044457 -0.723728
vn 0.614448 0.459474 -0.641356
vn 0.597311 0.353195 0.720051
vn 0.483776 0.816259 -0.315725
vn 0.546907 0.468534 0.693807
vn -0.627388 0.254112 -0.736079
vn 0.518634 0.711482 -0.474143
vn 0.518634 0.711482 -0.474143
vn -0.707119 0.000000 0.707094
vn -0.679333 0.515757 -0.522017
vn 0.546907 0.468534 0.693807
vn -0.642724 0.638508 0.423336
vn -0.647345 0.344546 0.679877
vn -0.686689 0.067280 0.723831
vn -0.656321 0.672615 -0.341808
vn -0.679333 0.515757 -0.522017
vn 0.483776 0.816259 -0.315725
vn 0.518634 0.711482 -0.474143
vn 0.455378 -0.708050 0.539718
vn -0.598293 -0.730440 0.329398
vn 0.162810 -0.922915 0.348885
vn 0.673406 0.604775 0.425172
vn -0.654143 0.738140 0.165064
vn -0.642724 0.638508 0.423336
vn -0.694810 0.688542 -0.207723
vn 0.732434 0.648545 -0.207196
vn 0.732434 0.648545 -0.207196
vn 0.673406 0.604775 0.425172
vn -0.647345 0.344546 0.679877
vn -0.694810 0.688542 -0.207723
vn -0.667493 0.723507 -0.176041
vn 0.716130 0.694231 -0.072113
vn 0.708610 0.683472 -0.175320
vn 0.708610 0.683472 -0.175320
vn 0.701237 0.692862 0.167954
vn -0.642724 0.638508 0.423336
vn -0.667493 0.723507 -0.176041
vn -0.671848 0.737080 -0.073024
vn 0.712605 0.701305 0.019122
vn 0.716130 0.694231 -0.072113
vn 0.712605 0.701305 0.019122
vn -0.654143 0.738140 0.165064
vn -0.671848 0.737080 -0.073024
vn 0.701237 0.692862 0.167954
vn -0.670879 0.741365 0.017306
vn 0.675586 0.076466 0.733305
vn 0.000000 0.000000 1.000000
vn 0.684883 0.165262 0.709664
vn 0.000000 0.000000 1.000000
vn 0.707105 0.000000 0.707108
vn 0.000000 0.991885 -0.127142
vn 0.679584 0.727644 0.093271
vn 0.679586 0.727643 -0.093269
vn 0.000000 0.444728 -0.895666
vn 0.445836 0.789954 -0.420955
vn 0.683139 0.404218 -0.608217
vn 0.000000 0.828181 -0.560461
vn 0.445836 0.789954 -0.420955
vn 0.634566 0.230673 -0.737642
vn 0.000000 0.432137 -0.901808
vn 0.787467 0.091324 -0.609554
vn 0.689173 0.059228 -0.722172
vn 0.000000 -0.852394 0.522901
vn 0.210959 -0.971808 0.105289
vn 0.681767 -0.125272 0.720764
vn 0.000000 -0.628583 0.777743
vn 0.697119 -0.462446 0.547876
vn 0.586727 -0.728942 0.352695
vn 0.000000 -0.286615 0.958046
vn -0.417966 0.513239 0.749593
vn -0.332518 -0.535104 -0.776592
vn -0.341860 -0.404845 0.848076
vn 0.003715 0.089931 -0.995941
vn 0.516212 -0.445423 -0.731521
vn 0.048617 -0.530612 -0.846219
vn 0.516212 -0.445423 -0.731521
vn 0.804897 0.158903 0.571744
vn 0.517281 -0.280601 0.808507
vn 0.080535 -0.368897 0.925975
vn -0.385935 0.699830 0.601076
vn -0.410386 -0.419020 0.809942
vn 0.516212 -0.445423 -0.731521
vn 0.080535 -0.368897 0.925975
vn 0.048617 -0.530612 -0.846219
vn 0.952406 -0.104241 -0.286456
vn 0.731554 -0.277911 0.622571
vn 0.887479 0.221076 -0.404359
vn 0.655111 0.066021 0.752643
vn -0.549312 0.051020 -0.834059
vn -0.633965 -0.000806 0.773362
vn -0.375464 0.074784 -0.923815
vn 0.804897 0.158903 0.571744
vn 0.002632 -0.107284 0.994225
vn 0.039082 0.541320 0.839908
vn -0.371952 0.052823 -0.926748
vn 0.344542 0.117794 -0.931351
vn 0.000657 0.102438 0.994739
vn 0.785763 0.472824 0.398765
vn 0.001964 -0.113545 0.993531
vn -0.410724 0.538942 -0.735424
vn 0.731554 -0.277911 0.622571
vn -0.406830 0.539561 -0.737132
vn 0.361447 0.491108 -0.792571
vn 0.785763 0.472824 0.398765
vn 0.382843 0.906775 -0.176609
vn 0.425261 0.301183 0.853488
vn 0.160059 0.784497 -0.599121
vn -0.351931 0.115447 0.928879
vn -0.415788 0.737342 -0.532397
vn -0.393705 0.894462 -0.211978
vn -0.001476 0.310547 0.950557
vn -0.004017 0.972944 -0.231006
vn -0.751562 -0.069792 0.655960
vn -0.400866 0.891388 -0.211504
vn 0.001964 -0.113545 0.993531
vn 0.425261 0.301183 0.853488
vn -0.001476 0.310547 0.950557
vn -0.412536 0.742515 -0.527718
vn 0.160059 0.784497 -0.599121
vn 0.382843 0.906775 -0.176609
vn 0.691492 0.637383 -0.339974
vn -0.812528 -0.057646 0.580065
vn -0.307237 0.292727 0.905492
vn 0.425261 0.301183 0.853488
vn 0.887479 0.221076 -0.404359
vn 0.691492 0.637383 -0.339974
vn 0.361447 0.491108 -0.792571
vn -0.331785 0.128006 0.934630
vn -0.642935 0.180681 0.744304
vn -0.812528 -0.057646 0.580065
vn 0.774589 -0.081484 -0.627194
vn 0.952406 -0.104241 -0.286456
vn -0.385935 0.699830 0.601076
vn -0.410386 -0.419020 0.809942
vn -0.346229 -0.542874 -0.765123
vn 0.517281 -0.280601 0.808507
vn 0.039082 0.541320 0.839908
vn -0.561456 0.032687 -0.826861
vn -0.346229 -0.542874 -0.765123
vn -0.730677 0.561529 -0.388326
vn -0.588144 -0.806770 -0.056643
vn -0.703622 -0.504773 0.500121
vn 0.567894 0.057714 -0.821076
vn -0.588144 -0.806770 -0.056643
vn -0.567900 0.057674 -0.821074
vn 0.730681 0.561524 -0.388325
vn 0.588150 -0.806764 -0.056669
vn 0.567894 0.057714 -0.821076
vn 0.731369 0.433552 -0.526433
vn 0.703607 -0.504785 0.500129
vn -0.730677 0.561529 -0.388326
vn 0.567894 0.057714 -0.821076
vn -0.567900 0.057674 -0.821074
vn 0.703607 -0.504785 0.500129
vn 0.588150 -0.806764 -0.056669
vn -0.719421 0.224075 -0.657438
vn 0.731369 0.433552 -0.526433
vn -0.731370 0.433559 -0.526427
vn -0.731370 0.433559 -0.526427
vn -0.731370 0.433559 -0.526427
vn 0.730681 0.561524 -0.388325
vn 0.703607 -0.504785 0.500129
vn -0.650351 -0.406561 0.641679
vn -0.703622 -0.504773 0.500121
vn -0.698420 -0.254050 0.669080
vn -0.748849 0.094796 -0.655926
vn -0.719421 0.224075 -0.657438
vn -0.650351 -0.406561 0.641679
vn 0.698423 -0.254049 0.669077
vn 0.650374 -0.406549 0.641663
vn 0.719421 0.224075 -0.657438
vn 0.650374 -0.406549 0.641663
vn 0.659307 0.210686 0.721752
vn -0.670759 -0.086093 0.736662
vn 0.670749 -0.086094 0.736670
vn -0.698420 -0.254050 0.669080
vn 0.748857 0.094797 -0.655917
vn 0.698423 -0.254049 0.669077
vn -0.748849 0.094796 -0.655926
vn 0.719421 0.224075 -0.657438
vn -0.758075 -0.430413 -0.489966
vn 0.763990 -0.172152 -0.621839
vn -0.763991 -0.172157 -0.621836
vn 0.763990 -0.172152 -0.621839
vn 0.670749 -0.086094 0.736670
vn 0.748857 0.094797 -0.655917
vn -0.670759 -0.086093 0.736662
vn -0.763991 -0.172157 -0.621836
vn 0.654660 0.700753 0.283488
vn -0.663154 0.495194 0.561258
vn 0.663160 0.495190 0.561254
vn -0.663154 0.495194 0.561258
vn -0.659306 0.210683 0.721754
vn 0.663160 0.495190 0.561254
vn -0.659306 0.210683 0.721754
vn 0.663160 0.495190 0.561254
vn 0.659307 0.210686 0.721752
vn 0.771755 -0.593169 -0.229227
vn 0.666658 0.743973 -0.045517
vn 0.654660 0.700753 0.283488
vn 0.758072 -0.430414 -0.489971
vn -0.771749 -0.593177 -0.229226
vn 0.758072 -0.430414 -0.489971
vn -0.758075 -0.430413 -0.489966
vn -0.654666 0.700748 0.283487
vn -0.758075 -0.430413 -0.489966
vn -0.690286 -0.671326 0.269865
vn 0.752766 -0.655555 0.059929
vn -0.752765 -0.655556 0.059936
vn 0.771755 -0.593169 -0.229227
vn -0.666663 0.743969 -0.045512
vn -0.771749 -0.593177 -0.229226
vn 0.666658 0.743973 -0.045517
vn -0.654666 0.700748 0.283487
vn 0.623818 0.397609 -0.672873
vn -0.682793 0.718638 -0.131732
vn 0.682797 0.718634 -0.131731
vn -0.682793 0.718638 -0.131732
vn -0.752765 -0.655556 0.059936
vn -0.666663 0.743969 -0.045512
vn 0.752766 -0.655555 0.059929
vn 0.682797 0.718634 -0.131731
vn -0.624959 -0.706627 -0.331820
vn 0.623818 0.397609 -0.672873
vn 0.624953 -0.706630 -0.331824
vn 0.624953 -0.706630 -0.331824
vn 0.690280 -0.671331 0.269866
vn -0.624959 -0.706627 -0.331820
vn 0.690280 -0.671331 0.269866
vn -0.624959 -0.706627 -0.331820
vn -0.690286 -0.671326 0.269865
vn -0.708332 -0.003870 0.705869
vn -0.707105 0.000000 0.707108
vn -0.689173 0.059228 -0.722172
vn -0.707107 -0.000000 -0.707107
vn -0.707107 -0.000000 -0.707107
vn -0.697122 -0.462445 -0.547874
vn -0.681767 -0.125272 0.720764
vn -0.681768 -0.125271 -0.720763
vn -0.684883 0.165262 0.709664
vn -0.684885 0.165262 -0.709662
vn -0.684885 0.165262 -0.709662
vn -0.681768 -0.125271 -0.720763
vn -0.586726 -0.728947 -0.352690
vn -0.697119 -0.462446 0.547876
vn -0.586726 -0.728947 -0.352690
vn -0.697122 -0.462445 -0.547874
vn 0.000000 -0.988183 0.153281
vn -0.210956 -0.971808 -0.105289
vn -0.586727 -0.728942 0.352695
vn -0.646654 -0.124758 0.752512
vn -0.708332 -0.003870 0.705869
vn -0.634566 0.230673 -0.737642
vn -0.646654 -0.124758 0.752512
vn -0.787467 0.091324 -0.609554
vn -0.720290 -0.078036 0.689270
vn -0.683139 0.404218 -0.608217
vn -0.720290 -0.078036 0.689270
vn -0.445838 0.789953 0.420955
vn -0.674373 0.369817 0.639106
vn -0.445838 0.789953 0.420955
vn -0.674373 0.369817 0.639106
vn -0.679584 0.727644 0.093271
vn -0.445836 0.789954 -0.420955
vn -0.445838 0.789953 0.420955
vn -0.675566 0.076464 -0.733324
vn -0.675566 0.076464 -0.733324
vn -0.675586 0.076466 0.733305
vn 0.574265 -0.731977 0.366646
vn 0.665439 -0.211857 -0.715756
vn 0.679243 -0.295794 0.671666
vn -0.169848 -0.932763 -0.317971
vn 0.665439 -0.211857 -0.715756
vn 0.621230 -0.692464 -0.366834
vn -0.174661 -0.923766 0.340809
vn -0.458323 -0.728502 -0.509141
vn -0.169848 -0.932763 -0.317971
vn -0.110931 -0.954056 0.278337
vn 0.679243 -0.295794 0.671666
vn -0.386677 -0.793299 0.470274
vn 0.621230 -0.692464 -0.366834
vn -0.386677 -0.793299 0.470274
vn -0.661506 -0.278106 -0.696468
vn -0.458323 -0.728502 -0.509141
vn 0.686955 -0.078894 0.722404
vn -0.703453 -0.056939 0.708457
vn -0.662263 -0.349683 0.662669
vn 0.706220 -0.011481 -0.707900
vn -0.661506 -0.278106 -0.696468
vn -0.458323 -0.728502 -0.509141
vn -0.710063 0.033333 -0.703349
vn 0.705591 -0.004900 -0.708602
vn -0.714275 -0.009017 -0.699807
vn 0.706220 -0.011481 -0.707900
vn -0.662263 -0.349683 0.662669
vn -0.714275 -0.009017 -0.699807
vn 0.705591 -0.004900 -0.708602
vn 0.686955 -0.078894 0.722404
vn -0.646368 -0.086205 0.758141
vn -0.710063 0.033333 -0.703349
vn -0.708828 0.029056 0.704782
vn -0.703453 -0.056939 0.708457
vn 0.707095 -0.000000 -0.707119
vn 0.704517 -0.008428 0.709637
vn 0.704517 -0.008428 0.709637
vn -0.708828 0.029056 0.704782
vn 0.707115 0.000000 0.707099
vn -0.646368 -0.086205 0.758141
vn 0.707109 0.000000 0.707104
vn 0.707110 -0.000000 -0.707104
vn 0.707103 0.000000 0.707110
vn 0.707103 0.000000 0.707110
vn -0.646379 -0.086205 -0.758132
vn 0.707095 -0.000000 -0.707119
vn -0.693312 0.160884 0.702449
vn -0.757809 -0.052497 -0.650361
vn -0.757814 -0.052497 0.650355
vn 0.707119 -0.000000 -0.707095
vn 0.707110 -0.000000 -0.707104
vn -0.646379 -0.086205 -0.758132
vn 0.707119 -0.000000 -0.707095
vn 0.707109 0.000000 0.707104
vn -0.614448 0.459474 -0.641356
vn -0.669978 0.212034 -0.711457
vn 0.688652 0.044457 -0.723728
vn 0.707115 0.000000 0.707099
vn -0.693312 0.160884 0.702449
vn -0.757814 -0.052497 0.650355
vn -0.669978 0.212034 -0.711457
vn -0.757809 -0.052497 -0.650361
vn 0.707119 0.000000 0.707094
vn -0.597311 0.353195 0.720051
vn -0.683476 0.270401 0.678044
vn 0.627388 0.254112 -0.736079
vn 0.707095 0.000000 0.707119
vn 0.707095 0.000000 0.707119
vn -0.614448 0.459474 -0.641356
vn 0.688652 0.044457 -0.723728
vn -0.597311 0.353195 0.720051
vn -0.483776 0.816259 -0.315725
vn -0.518634 0.711482 -0.474143
vn -0.518634 0.711482 -0.474143
vn 0.627388 0.254112 -0.736079
vn -0.683476 0.270401 0.678044
vn 0.679333 0.515757 -0.522017
vn 0.707119 0.000000 0.707094
vn 0.642724 0.638508 0.423336
vn -0.546907 0.468534 0.693807
vn 0.647345 0.344546 0.679876
vn 0.656321 0.672615 -0.341808
vn 0.686689 0.067280 0.723831
vn 0.686689 0.067280 0.723831
vn -0.483776 0.816259 -0.315725
vn 0.679333 0.515757 -0.522017
vn -0.518634 0.711482 -0.474143
vn -0.455385 -0.708058 0.539702
vn -0.162796 -0.922924 0.348869
vn 0.598291 -0.730452 0.329373
vn 0.654143 0.738140 0.165064
vn -0.673406 0.604775 0.425172
vn 0.642724 0.638508 0.423336
vn 0.694810 0.688542 -0.207723
vn 0.656321 0.672615 -0.341808
vn -0.546907 0.468534 0.693807
vn -0.732434 0.648545 -0.207196
vn 0.694810 0.688542 -0.207723
vn 0.647345 0.344546 0.679876
vn -0.716130 0.694231 -0.072113
vn 0.667493 0.723507 -0.176041
vn -0.708611 0.683472 -0.175320
vn -0.732434 0.648545 -0.207196
vn -0.673406 0.604775 0.425172
vn -0.708611 0.683472 -0.175320
vn 0.667493 0.723507 -0.176041
vn 0.642724 0.638508 0.423336
vn -0.712604 0.701305 0.019122
vn 0.671848 0.737080 -0.073023
vn -0.701237 0.692862 0.167954
vn -0.716130 0.694231 -0.072113
vn 0.671848 0.737080 -0.073023
vn 0.654143 0.738140 0.165064
vn 0.670879 0.741365 0.017306
vn -0.701237 0.692862 0.167954
vn -0.675586 0.076466 0.733305
vn 0.000000 0.000000 1.000000
vn -0.707105 0.000000 0.707108
vn -0.679584 0.727644 0.093271
vn -0.679586 0.727643 -0.093269
vn -0.445836 0.789954 -0.420955
vn -0.683139 0.404218 -0.608217
vn -0.445836 0.789954 -0.420955
vn -0.634566 0.230673 -0.737642
vn 0.000000 0.376265 -0.926512
vn -0.787467 0.091324 -0.609554
vn -0.689173 0.059228 -0.722172
vn -0.210959 -0.971808 0.105289
vn -0.681767 -0.125272 0.720764
vn -0.586727 -0.728942 0.352695
vn -0.697119 -0.462446 0.547876
vn -0.684883 0.165262 0.709664
vn -0.516212 -0.445423 -0.731521
vn -0.003715 0.089931 -0.995941
vn -0.048617 -0.530612 -0.846219
vn -0.516212 -0.445423 -0.731521
vn -0.804897 0.158903 0.571744
vn -0.774589 -0.081484 -0.627194
vn -0.080535 -0.368897 0.925975
vn -0.439568 0.683760 0.582453
vn -0.039082 0.541320 0.839908
vn -0.080535 -0.368897 0.925975
vn -0.516212 -0.445423 -0.731521
vn -0.048617 -0.530612 -0.846219
vn -0.952406 -0.104241 -0.286456
vn -0.731554 -0.277911 0.622571
vn -0.887479 0.221075 -0.404359
vn -0.002632 -0.107284 0.994225
vn -0.804897 0.158903 0.571744
vn -0.039082 0.541320 0.839908
vn -0.360181 0.053118 -0.931369
vn -0.552132 0.033006 -0.833103
vn -0.000657 0.102438 0.994739
vn -0.785763 0.472824 0.398765
vn -0.655111 0.066022 0.752643
vn -0.731554 -0.277911 0.622571
vn -0.344542 0.117794 -0.931351
vn -0.400737 0.541130 -0.739316
vn -0.785763 0.472824 0.398765
vn -0.382843 0.906775 -0.176609
vn -0.691492 0.637383 -0.339974
vn -0.160060 0.784497 -0.599121
vn -0.361447 0.491108 -0.792571
vn -0.655111 0.066022 0.752643
vn 0.001476 0.310547 0.950557
vn -0.393429 0.894577 -0.212004
vn 0.004017 0.972944 -0.231006
vn -0.001964 -0.113545 0.993531
vn -0.425261 0.301184 0.853488
vn -0.785763 0.472824 0.398765
vn -0.410445 0.743262 -0.528296
vn -0.160060 0.784497 -0.599121
vn -0.382843 0.906775 -0.176609
vn -0.691492 0.637383 -0.339974
vn -0.810588 -0.057853 0.582752
vn 0.001476 0.310547 0.950557
vn -0.425261 0.301184 0.853488
vn -0.887479 0.221075 -0.404359
vn -0.361447 0.491108 -0.792571
vn -0.344542 0.117794 -0.931351
vn -0.335569 0.127888 0.933294
vn -0.708837 0.171035 0.684323
vn -0.001964 -0.113545 0.993531
vn -0.774589 -0.081484 -0.627194
vn -0.439568 0.683760 0.582453
vn -0.277564 -0.445370 0.851236
vn -0.320133 -0.548868 -0.772178
vn -0.517281 -0.280601 0.808507
vn -0.804897 0.158903 0.571744
vn -0.320133 -0.548868 -0.772178
vn 0.730677 0.561529 -0.388326
vn 0.588144 -0.806770 -0.056643
vn 0.567900 0.057674 -0.821074
vn 0.588144 -0.806770 -0.056643
vn -0.567894 0.057714 -0.821076
vn 0.567900 0.057674 -0.821074
vn -0.588150 -0.806764 -0.056669
vn -0.730681 0.561524 -0.388325
vn -0.567894 0.057714 -0.821076
vn -0.703607 -0.504785 0.500129
vn -0.731369 0.433553 -0.526433
vn -0.567894 0.057714 -0.821076
vn 0.730677 0.561529 -0.388326
vn 0.567900 0.057674 -0.821074
vn -0.703607 -0.504785 0.500129
vn -0.588150 -0.806764 -0.056669
vn -0.731369 0.433553 -0.526433
vn 0.719421 0.224075 -0.657438
vn 0.731370 0.433559 -0.526427
vn 0.703622 -0.504773 0.500121
vn 0.731370 0.433559 -0.526427
vn 0.650351 -0.406561 0.641679
vn -0.730681 0.561524 -0.388325
vn 0.731370 0.433559 -0.526427
vn -0.703607 -0.504785 0.500129
vn 0.650351 -0.406561 0.641679
vn -0.650374 -0.406549 0.641663
vn 0.698420 -0.254050 0.669080
vn 0.748849 0.094796 -0.655926
vn 0.670759 -0.086093 0.736662
vn 0.719421 0.224075 -0.657438
vn -0.698423 -0.254049 0.669077
vn -0.650374 -0.406549 0.641663
vn -0.719421 0.224075 -0.657438
vn 0.670759 -0.086093 0.736662
vn -0.659307 0.210686 0.721751
vn -0.670749 -0.086094 0.736670
vn 0.698420 -0.254050 0.669080
vn -0.698423 -0.254049 0.669077
vn -0.748857 0.094797 -0.655917
vn -0.719421 0.224075 -0.657438
vn 0.748849 0.094796 -0.655926
vn -0.763990 -0.172152 -0.621839
vn 0.758075 -0.430413 -0.489966
vn 0.763991 -0.172157 -0.621836
vn -0.670749 -0.086094 0.736670
vn -0.763990 -0.172152 -0.621839
vn -0.748857 0.094797 -0.655917
vn 0.763991 -0.172157 -0.621836
vn 0.659306 0.210683 0.721754
vn 0.663154 0.495194 0.561258
vn -0.654660 0.700753 0.283488
vn -0.663160 0.495190 0.561254
vn 0.663154 0.495194 0.561258
vn 0.659306 0.210683 0.721754
vn -0.663160 0.495190 0.561254
vn -0.663160 0.495190 0.561254
vn -0.758072 -0.430414 -0.489971
vn -0.771755 -0.593169 -0.229227
vn -0.666658 0.743973 -0.045517
vn -0.752766 -0.655555 0.059929
vn -0.654660 0.700753 0.283488
vn -0.758072 -0.430414 -0.489971
vn 0.771749 -0.593177 -0.229226
vn 0.758075 -0.430413 -0.489966
vn 0.758075 -0.430413 -0.489966
vn 0.654666 0.700748 0.283487
vn -0.752766 -0.655555 0.059929
vn 0.690286 -0.671326 0.269865
vn 0.752765 -0.655556 0.059936
vn -0.771755 -0.593169 -0.229227
vn 0.771749 -0.593177 -0.229226
vn 0.666663 0.743969 -0.045512
vn 0.654666 0.700748 0.283487
vn -0.666658 0.743973 -0.045517
vn -0.682801 0.718631 -0.131730
vn 0.623815 0.397604 -0.672879
vn -0.623816 0.397615 -0.672872
vn 0.752765 -0.655556 0.059936
vn 0.682790 0.718641 -0.131733
vn 0.666663 0.743969 -0.045512
vn -0.682801 0.718631 -0.131730
vn -0.690280 -0.671331 0.269866
vn -0.623816 0.397615 -0.672872
vn 0.624959 -0.706627 -0.331820
vn -0.624953 -0.706630 -0.331824
vn -0.624953 -0.706630 -0.331824
vn -0.690280 -0.671331 0.269866
vn 0.624959 -0.706627 -0.331820
vn 0.624959 -0.706627 -0.331820
vn 0.623815 0.397604 -0.672879
vn -0.714982 0.065308 0.696086
vn -0.707277 -0.537189 0.459551
vn -0.265709 -0.906566 0.327928
vn 0.572716 0.541086 -0.615810
vn 0.707271 -0.537190 0.459560
vn 0.588495 0.040029 -0.807509
vn -0.293391 0.257319 -0.920711
vn -0.286253 0.509293 -0.811591
vn -0.104202 0.666262 -0.738401
vn -0.194211 0.820238 -0.538045
vn 0.275428 0.438797 0.855334
vn 0.194208 0.820241 -0.538042
vn -0.707277 -0.537189 0.459551
vn -0.572716 0.541086 -0.615810
vn -0.588495 0.040029 -0.807509
vn 0.194208 0.820241 -0.538042
vn 0.110114 0.081332 -0.990586
vn -0.194211 0.820238 -0.538045
vn -0.265709 -0.906566 0.327928
vn -0.588495 0.040029 -0.807509
vn -0.213726 -0.251088 -0.944074
vn -0.714982 0.065308 0.696086
vn -0.275419 0.438785 0.855343
vn 0.265700 -0.906564 0.327941
vn 0.714987 0.065313 0.696080
vn 0.572716 0.541086 -0.615810
vn 0.213730 -0.251082 -0.944075
vn -0.213726 -0.251088 -0.944074
vn 0.286250 0.509292 -0.811592
vn 0.104197 0.666262 -0.738402
vn -0.104202 0.666262 -0.738401
vn 0.213730 -0.251082 -0.944075
vn 0.572716 0.541086 -0.615810
vn -0.110110 0.081332 -0.990586
vn -0.286253 0.509293 -0.811591
vn 0.588495 0.040029 -0.807509
vn -0.572716 0.541086 -0.615810
vn 0.286250 0.509292 -0.811592
vn -0.588495 0.040029 -0.807509
vn 0.293393 0.257318 -0.920711
vn -0.770642 -0.282577 0.571193
vn 0.276127 -0.655822 -0.702603
vn 0.276128 -0.655836 0.702590
vn 0.277338 0.722497 -0.633310
vn -0.290411 -0.648354 -0.703775
vn -0.337385 -0.555683 -0.759861
vn 0.779026 -0.258989 -0.571003
vn -0.290408 -0.648340 0.703789
vn -0.290411 -0.648354 -0.703775
vn -0.299046 0.709586 0.638012
vn 0.276128 -0.655836 0.702590
vn 0.338607 -0.571802 0.747253
vn -0.337393 -0.555679 0.759860
vn -0.337385 -0.555683 -0.759861
vn -0.770610 -0.282677 -0.571187
vn -0.299046 0.709586 0.638012
vn -0.299037 0.709590 -0.638011
vn 0.277338 0.722497 -0.633310
vn 0.778998 -0.259075 0.571001
vn 0.779026 -0.258989 -0.571003
vn 0.080364 0.724002 -0.685101
vn 0.277330 0.722497 0.633313
vn 0.000285 0.709186 -0.705021
vn 0.080361 0.724006 0.685097
vn -0.074036 0.723134 -0.686728
vn 0.000285 0.709186 0.705022
vn -0.074040 0.723135 0.686727
vn 0.338616 -0.571800 -0.747251
vn 0.070886 -0.680770 -0.729059
vn 0.338607 -0.571802 0.747253
vn -0.000284 -0.705033 -0.709174
vn 0.070884 -0.680769 0.729060
vn -0.065960 -0.683372 -0.727084
vn -0.000283 -0.705034 0.709174
vn -0.065963 -0.683371 0.727085
vn -0.290408 -0.648340 0.703789
vn 0.277330 0.722497 0.633313
vn -0.337393 -0.555679 0.759860
vn 0.080361 0.724006 0.685097
vn -0.065963 -0.683371 0.727085
vn -0.000283 -0.705034 0.709174
vn -0.074040 0.723135 0.686727
vn 0.070884 -0.680769 0.729060
vn 0.276127 -0.655822 -0.702603
vn -0.299037 0.709590 -0.638011
vn 0.338616 -0.571800 -0.747251
vn -0.074036 0.723134 -0.686728
vn 0.070886 -0.680770 -0.729059
vn -0.000284 -0.705033 -0.709174
vn 0.080364 0.724002 -0.685101
vn -0.065960 -0.683372 -0.727084
vn -0.717452 0.296708 0.630259
vn -0.717441 -0.296712 0.630271
vn -0.297793 -0.717190 0.630046
vn -0.350765 0.117110 -0.929112
vn -0.070505 -0.020946 -0.997292
vn -0.350764 -0.117109 -0.929113
vn 0.819205 -0.352763 -0.452175
vn 0.350765 0.117110 -0.929112
vn 0.819210 0.352758 -0.452169
vn -0.363155 0.819651 -0.443046
vn 0.297793 0.717190 0.630046
vn 0.363160 0.819651 -0.443044
vn -0.717452 0.296708 0.630259
vn -0.819210 -0.352758 -0.452168
vn -0.717441 -0.296712 0.630271
vn -0.819210 -0.352758 -0.452168
vn 0.070505 0.020946 -0.997292
vn 0.070505 -0.020946 -0.997292
vn 0.017671 -0.085262 -0.996202
vn 0.363160 0.819651 -0.443044
vn -0.108293 0.395234 -0.912175
vn -0.363155 0.819651 -0.443046
vn 0.819210 0.352758 -0.452169
vn 0.717452 -0.296708 0.630259
vn 0.819205 -0.352763 -0.452175
vn -0.363160 -0.819651 -0.443043
vn 0.108291 -0.395230 -0.912177
vn 0.363155 -0.819652 -0.443046
vn -0.108293 -0.395235 -0.912174
vn 0.017671 0.085261 -0.996202
vn -0.017671 0.085263 -0.996202
vn -0.297793 -0.717190 0.630046
vn -0.819210 -0.352758 -0.452168
vn -0.363160 -0.819651 -0.443043
vn -0.297796 0.717193 0.630041
vn -0.819205 0.352763 -0.452175
vn 0.297796 -0.717193 0.630041
vn 0.819210 0.352758 -0.452169
vn 0.350764 -0.117109 -0.929113
vn 0.108291 0.395230 -0.912177
vn -0.070505 0.020946 -0.997292
vn 0.363155 -0.819652 -0.443046
vn -0.674965 0.182253 -0.714987
vn -0.543886 -0.451600 -0.707280
vn -0.476726 -0.837932 -0.265711
vn 0.698551 0.428975 0.572719
vn -0.543904 -0.451596 0.707269
vn 0.802619 -0.097310 0.588500
vn 0.950993 0.097666 -0.293384
vn 0.886123 0.364483 -0.286248
vn 0.840574 0.531581 -0.104197
vn 0.669192 0.717263 -0.194208
vn -0.768665 0.577320 0.275421
vn 0.669184 0.717269 0.194211
vn -0.543886 -0.451600 -0.707280
vn 0.698557 0.428973 -0.572713
vn 0.802628 -0.097312 -0.588489
vn 0.669184 0.717269 0.194211
vn 0.990049 -0.087612 0.110121
vn 0.669192 0.717263 -0.194208
vn -0.476726 -0.837932 -0.265711
vn 0.802628 -0.097312 -0.588489
vn 0.887914 -0.407349 -0.213719
vn -0.674965 0.182253 -0.714987
vn -0.768672 0.577308 -0.275425
vn -0.476743 -0.837927 0.265698
vn 0.802619 -0.097310 0.588500
vn -0.543904 -0.451596 0.707269
vn -0.674970 0.182259 0.714981
vn 0.698551 0.428975 0.572719
vn 0.887912 -0.407346 0.213733
vn 0.887914 -0.407349 -0.213719
vn 0.886120 0.364484 0.286255
vn 0.840573 0.531582 0.104203
vn 0.887914 -0.407349 -0.213719
vn 0.840574 0.531581 -0.104197
vn 0.887912 -0.407346 0.213733
vn 0.698551 0.428975 0.572719
vn 0.990052 -0.087610 -0.110103
vn 0.887912 -0.407346 0.213733
vn 0.802619 -0.097310 0.588500
vn 0.698557 0.428973 -0.572713
vn 0.802628 -0.097312 -0.588489
vn 0.950988 0.097668 0.293398
vn 0.674964 0.182253 0.714987
vn 0.543887 -0.451600 0.707279
vn 0.476726 -0.837932 0.265711
vn -0.698552 0.428977 -0.572717
vn 0.543904 -0.451597 -0.707268
vn -0.802619 -0.097311 -0.588501
vn -0.950991 0.097666 0.293390
vn -0.886124 0.364484 0.286245
vn -0.840574 0.531581 0.104195
vn -0.669192 0.717263 0.194207
vn 0.768665 0.577319 -0.275421
vn -0.669184 0.717268 -0.194214
vn 0.543887 -0.451600 0.707279
vn -0.698558 0.428976 0.572710
vn -0.802627 -0.097311 0.588490
vn -0.669184 0.717268 -0.194214
vn -0.990049 -0.087612 -0.110120
vn -0.669192 0.717263 0.194207
vn 0.476726 -0.837932 0.265711
vn -0.802627 -0.097311 0.588490
vn -0.887914 -0.407350 0.213717
vn 0.674964 0.182253 0.714987
vn 0.768672 0.577308 0.275426
vn 0.476742 -0.837927 -0.265697
vn -0.802619 -0.097311 -0.588501
vn 0.543904 -0.451597 -0.707268
vn 0.674970 0.182259 -0.714981
vn -0.698552 0.428977 -0.572717
vn -0.887912 -0.407345 -0.213735
vn -0.887914 -0.407350 0.213717
vn -0.886120 0.364483 -0.286256
vn -0.840572 0.531582 -0.104205
vn -0.887914 -0.407350 0.213717
vn -0.840574 0.531581 0.104195
vn -0.887912 -0.407345 -0.213735
vn -0.698552 0.428977 -0.572717
vn -0.990052 -0.087610 0.110101
vn -0.887912 -0.407345 -0.213735
vn -0.802619 -0.097311 -0.588501
vn -0.698558 0.428976 0.572710
vn -0.802627 -0.097311 0.588490
vn -0.950988 0.097668 -0.293400
vn -0.914418 -0.107733 0.390171
vn -0.678968 0.335926 -0.652806
vn -0.445088 0.263067 -0.855975
vn 0.507902 -0.222474 0.832190
vn -0.742763 -0.251378 0.620574
vn -0.914418 -0.107733 0.390171
vn 0.507902 -0.222474 0.832190
vn 0.705477 0.197856 -0.680555
vn 0.726132 -0.348361 0.592771
vn 0.845398 0.148159 -0.513178
vn -0.678968 0.335926 -0.652806
vn 0.705477 0.197856 -0.680555
vn -0.945760 0.024535 0.323939
vn 0.699593 0.300593 -0.648239
vn -0.551908 0.821754 -0.141841
vn 0.699593 0.300593 -0.648239
vn -0.687179 0.384529 -0.616379
vn -0.742763 -0.251378 0.620574
vn -0.687179 0.384529 -0.616379
vn 0.726132 -0.348361 0.592771
vn -0.707093 -0.331306 0.624705
vn 0.591652 0.791552 -0.152949
vn -0.559626 0.155352 0.814054
vn 0.604813 0.128146 0.785990
vn 0.703552 -0.420535 0.572856
vn -0.559626 0.155352 0.814054
vn 0.591652 0.791552 -0.152949
vn 0.703552 -0.420535 0.572856
vn -0.707093 -0.331306 0.624705
vn -0.551908 0.821754 -0.141841
vn 0.469999 -0.208207 0.857759
vn 0.960852 -0.043295 -0.273658
vn 0.293232 -0.084230 0.952324
vn -0.945760 0.024535 0.323939
vn 0.845398 0.148159 -0.513178
vn -0.278203 0.087966 -0.956486
vn -0.445088 0.263067 -0.855975
vn 0.760862 -0.312195 -0.568879
vn -0.534978 -0.023259 -0.844546
vn 0.866980 -0.129002 -0.481357
vn -0.534978 -0.023259 -0.844546
vn -0.278203 0.087966 -0.956486
vn 0.960852 -0.043295 -0.273658
vn 0.469999 -0.208207 0.857759
vn 0.293232 -0.084230 0.952324
vn 0.468911 -0.408998 0.782843
vn 0.760862 -0.312195 -0.568879
vn 0.527223 -0.242121 0.814502
vn -0.883945 -0.085246 0.459756
vn 0.527223 -0.242121 0.814502
vn 0.866980 -0.129002 -0.481357
vn -0.742345 -0.183546 0.644387
vn -0.883945 -0.085246 0.459756
vn -0.371630 -0.469541 0.800889
vn 0.533491 -0.840476 -0.094800
vn 0.468911 -0.408998 0.782843
vn -0.604773 -0.527589 -0.596574
vn -0.371630 -0.469541 0.800889
vn -0.231054 -0.968758 -0.090118
vn -0.604773 -0.527589 -0.596574
vn -0.371630 -0.469541 0.800889
vn -0.742345 -0.183546 0.644387
vn -0.509764 -0.156377 0.845983
vn -0.716817 0.311193 -0.623965
vn -0.881247 0.095079 -0.462994
vn -0.509764 -0.156377 0.845983
vn 0.719805 -0.355061 0.596501
vn -0.752104 -0.237767 0.614660
vn 0.933900 -0.131680 0.332403
vn 0.718413 0.286055 -0.634078
vn 0.719805 -0.355061 0.596501
vn 0.398565 0.181010 -0.899100
vn -0.716817 0.311193 -0.623965
vn 0.718413 0.286055 -0.634078
vn -0.248961 -0.057318 0.966816
vn 0.933900 -0.131680 0.332403
vn 0.699593 0.300593 -0.648239
vn -0.551908 0.821754 -0.141841
vn 0.699593 0.300593 -0.648239
vn -0.687179 0.384529 -0.616379
vn -0.752104 -0.237767 0.614660
vn -0.687179 0.384529 -0.616379
vn -0.707093 -0.331306 0.624705
vn 0.591652 0.791552 -0.152949
vn -0.559626 0.155352 0.814054
vn 0.604813 0.128146 0.785990
vn 0.703552 -0.420535 0.572856
vn -0.559626 0.155352 0.814054
vn 0.591652 0.791552 -0.152949
vn 0.703552 -0.420535 0.572856
vn -0.707093 -0.331306 0.624705
vn -0.551908 0.821754 -0.141841
vn 0.907145 -0.111109 0.405885
vn 0.293626 0.068227 -0.953483
vn 0.967598 -0.087121 0.236990
vn -0.958511 0.096962 -0.268056
vn 0.398565 0.181010 -0.899100
vn -0.958511 0.096962 -0.268056
vn -0.881247 0.095079 -0.462994
vn 0.740022 -0.452266 -0.497818
vn -0.820773 -0.088291 -0.564391
vn 0.486104 -0.250102 -0.837348
vn -0.634671 0.037271 0.771883
vn -0.248961 -0.057318 0.966816
vn 0.293626 0.068227 -0.953483
vn 0.907145 -0.111109 0.405885
vn 0.967598 -0.087121 0.236990
vn 0.468910 -0.408998 0.782844
vn 0.740022 -0.452266 -0.497818
vn 0.527292 -0.006775 0.849657
vn -0.634671 0.037271 0.771883
vn 0.527292 -0.006775 0.849657
vn 0.486104 -0.250102 -0.837348
vn -0.820773 -0.088291 -0.564391
vn -0.727527 -0.143023 0.671006
vn -0.371629 -0.469542 0.800889
vn 0.533492 -0.840476 -0.094800
vn 0.468910 -0.408998 0.782844
vn -0.595688 -0.561617 -0.574232
vn -0.371629 -0.469542 0.800889
vn -0.231052 -0.968759 -0.090117
vn -0.595688 -0.561617 -0.574232
vn -0.371629 -0.469542 0.800889
vn -0.727527 -0.143023 0.671006
vn 0.697122 -0.462445 -0.547874
vn 0.586727 -0.728942 0.352695
vn 0.697122 -0.462445 -0.547874
vn 0.674373 0.369817 0.639106
vn 0.679586 0.727643 -0.093269
vn 0.386677 -0.793299 0.470274
vn 0.386677 -0.793299 0.470274
vn 0.458323 -0.728502 -0.509141
vn 0.757814 -0.052497 0.650355
vn -0.707110 -0.000000 -0.707104
vn 0.669978 0.212034 -0.711457
vn -0.679333 0.515757 -0.522017
vn 0.673406 0.604775 0.425172
vn -0.656321 0.672615 -0.341808
vn -0.670879 0.741365 0.017306
vn 0.000000 0.828181 -0.560461
vn 0.000000 -0.852394 0.522901
vn 0.774589 -0.081484 -0.627194
vn 0.517281 -0.280601 0.808507
vn 0.655111 0.066021 0.752643
vn 0.691492 0.637383 -0.339974
vn -0.412536 0.742515 -0.527718
vn -0.307237 0.292727 0.905492
vn -0.307448 0.292944 0.905351
vn 0.785763 0.472824 0.398765
vn 0.344542 0.117794 -0.931351
vn 0.804897 0.158903 0.571744
vn -0.567900 0.057674 -0.821074
vn -0.703622 -0.504773 0.500121
vn 0.731369 0.433552 -0.526433
vn 0.758072 -0.430414 -0.489971
vn -0.663154 0.495194 0.561258
vn -0.623812 0.397609 -0.672878
vn -0.623812 0.397609 -0.672878
vn 0.623818 0.397609 -0.672873
vn 0.624953 -0.706630 -0.331824
vn -0.623812 0.397609 -0.672878
vn -0.697122 -0.462445 -0.547874
vn -0.586727 -0.728942 0.352695
vn -0.679586 0.727643 -0.093269
vn 0.621230 -0.692464 -0.366834
vn -0.386677 -0.793299 0.470274
vn 0.574265 -0.731977 0.366646
vn 0.574265 -0.731977 0.366646
vn 0.679333 0.515757 -0.522017
vn -0.673406 0.604775 0.425172
vn -0.712604 0.701305 0.019122
vn 0.670879 0.741365 0.017306
vn -0.517281 -0.280601 0.808507
vn -0.277564 -0.445370 0.851236
vn -0.517281 -0.280601 0.808507
vn -0.425261 0.301184 0.853488
vn -0.410445 0.743262 -0.528296
vn -0.307512 0.292690 0.905411
vn -0.307512 0.292690 0.905411
vn -0.691492 0.637383 -0.339974
vn -0.810588 -0.057853 0.582752
vn -0.952406 -0.104241 -0.286456
vn 0.703622 -0.504773 0.500121
vn -0.731369 0.433553 -0.526433
vn 0.703622 -0.504773 0.500121
vn -0.758072 -0.430414 -0.489971
vn -0.659307 0.210686 0.721751
vn 0.663154 0.495194 0.561258
vn 0.682790 0.718641 -0.131733
vn 0.690286 -0.671326 0.269865
vn 0.623815 0.397604 -0.672879
vn -0.623816 0.397615 -0.672872
vn -0.624953 -0.706630 -0.331824
vn 0.265700 -0.906564 0.327941
vn 0.275428 0.438797 0.855334
vn 0.707271 -0.537190 0.459560
vn 0.714987 0.065313 0.696080
vn -0.275419 0.438785 0.855343
vn 0.714987 0.065313 0.696080
vn 0.104197 0.666262 -0.738402
vn -0.714982 0.065308 0.696086
vn -0.707277 -0.537189 0.459551
vn -0.572716 0.541086 -0.615810
vn 0.213730 -0.251082 -0.944075
vn 0.265700 -0.906564 0.327941
vn -0.588495 0.040029 -0.807509
vn 0.588495 0.040029 -0.807509
vn -0.770610 -0.282677 -0.571187
vn 0.779026 -0.258989 -0.571003
vn 0.778998 -0.259075 0.571001
vn -0.770642 -0.282577 0.571193
vn -0.770642 -0.282577 0.571193
vn 0.778998 -0.259075 0.571001
vn 0.000285 0.709186 0.705022
vn -0.770610 -0.282677 -0.571187
vn 0.000285 0.709186 -0.705021
vn 0.297796 -0.717193 0.630041
vn 0.297793 0.717190 0.630046
vn 0.717452 -0.296708 0.630259
vn 0.717441 0.296712 0.630270
vn -0.297796 0.717193 0.630041
vn -0.297796 0.717193 0.630041
vn -0.819205 0.352763 -0.452175
vn -0.017671 -0.085261 -0.996202
vn 0.717441 0.296712 0.630270
vn -0.717441 -0.296712 0.630271
vn -0.363155 0.819651 -0.443046
vn 0.363155 -0.819652 -0.443046
vn 0.717441 0.296712 0.630270
vn 0.297796 -0.717193 0.630041
vn -0.476743 -0.837927 0.265698
vn -0.768665 0.577320 0.275421
vn -0.543904 -0.451596 0.707269
vn -0.674970 0.182259 0.714981
vn -0.768672 0.577308 -0.275425
vn -0.674970 0.182259 0.714981
vn -0.674965 0.182253 -0.714987
vn -0.543886 -0.451600 -0.707280
vn 0.698557 0.428973 -0.572713
vn 0.840573 0.531582 0.104203
vn 0.476742 -0.837927 -0.265697
vn 0.768665 0.577319 -0.275421
vn 0.543904 -0.451597 -0.707268
vn 0.674970 0.182259 -0.714981
vn 0.768672 0.577308 0.275426
vn 0.674970 0.182259 -0.714981
vn 0.674964 0.182253 0.714987
vn 0.543887 -0.451600 0.707279
vn -0.698558 0.428976 0.572710
vn -0.840572 0.531582 -0.104205
vn 0.591652 0.791552 -0.152949
vn -0.551908 0.821754 -0.141841
vn 0.604813 0.128146 0.785990
vn 0.604813 0.128146 0.785990
vn -0.559626 0.155352 0.814054
vn 0.533491 -0.840476 -0.094800
vn -0.231054 -0.968758 -0.090118
vn -0.231054 -0.968758 -0.090118
vn 0.533491 -0.840476 -0.094800
vn 0.468911 -0.408998 0.782843
vn 0.591652 0.791552 -0.152949
vn -0.551908 0.821754 -0.141841
vn 0.604813 0.128146 0.785990
vn 0.604813 0.128146 0.785990
vn -0.559626 0.155352 0.814054
vn 0.533492 -0.840476 -0.094800
vn -0.231052 -0.968759 -0.090117
vn -0.231052 -0.968759 -0.090117
vn 0.533492 -0.840476 -0.094800
vn 0.468910 -0.408998 0.782844
f 1/1/1 2/2/2 3/3/3
f 4/4/4 5/5/5 6/6/6
f 7/7/7 8/8/8 9/9/9
f 10/10/10 11/11/11 12/12/12
f 13/13/13 12/12/12 14/14/14
f 15/15/15 16/16/16 17/17/17
f 18/18/18 19/19/19 16/16/16
f 20/20/20 21/21/21 11/11/11
f 22/22/22 23/23/23 24/24/24
f 25/25/25 26/26/26 23/23/23
f 24/24/24 26/26/26 27/27/27
f 28/28/28 29/29/29 2/2/2
f 30/30/30 31/31/31 32/32/32
f 32/32/32 33/33/33 34/34/34
f 34/34/34 35/35/35 36/36/36
f 37/37/37 38/38/38 29/29/29
f 38/38/38 39/39/39 40/40/40
f 35/35/35 41/41/41 36/36/36
f 42/42/42 43/43/43 41/41/41
f 44/44/44 45/45/45 46/46/46
f 8/8/8 47/47/47 9/9/9
f 5/5/5 48/48/48 6/6/6
f 49/49/49 17/17/17 47/47/47
f 50/50/50 14/14/14 48/48/48
f 51/51/51 52/52/52 53/53/53
f 54/54/54 55/55/55 56/56/56
f 57/57/57 58/58/58 59/59/59
f 60/60/60 61/61/61 62/62/62
f 63/63/63 58/58/58 64/64/64
f 65/65/65 66/66/66 67/67/67
f 68/68/68 69/69/69 70/70/70
f 71/71/71 72/72/72 52/52/52
f 61/61/61 73/73/73 68/68/68
f 54/54/54 74/74/74 75/75/75
f 76/76/76 77/77/77 78/78/78
f 79/79/79 78/78/78 74/74/74
f 67/67/67 80/80/80 81/81/81
f 82/82/82 83/83/83 72/72/72
f 84/84/84 85/85/85 86/86/86
f 81/81/81 84/84/84 86/86/86
f 87/87/87 88/88/88 83/83/83
f 70/70/70 89/89/89 90/90/90
f 91/91/91 92/92/92 93/93/93
f 94/94/94 95/95/95 88/88/88
f 90/90/90 91/91/91 93/93/93
f 96/96/96 97/97/97 77/77/77
f 98/98/98 99/99/99 100/100/100
f 97/97/97 101/101/101 102/102/102
f 103/103/103 100/100/100 85/85/85
f 104/104/104 105/105/105 95/95/95
f 99/99/99 106/106/106 107/107/107
f 108/108/108 109/109/109 105/105/105
f 92/92/92 110/110/110 111/111/111
f 101/101/101 112/112/112 102/102/102
f 113/113/113 114/114/114 115/115/115
f 116/116/116 117/117/117 109/109/109
f 111/111/111 118/118/118 113/113/113
f 119/119/119 120/120/120 112/112/112
f 121/121/121 122/122/122 123/123/123
f 124/124/124 125/125/125 120/120/120
f 107/107/107 126/126/126 121/121/121
f 127/127/127 128/128/128 117/117/117
f 129/129/129 130/130/130 131/131/131
f 132/132/132 133/133/133 128/128/128
f 115/115/115 129/129/129 131/131/131
f 134/134/134 135/135/135 136/136/136
f 137/137/137 138/138/138 139/139/139
f 140/140/140 141/141/141 142/142/142
f 135/135/135 143/143/143 144/144/144
f 123/123/123 145/145/145 146/146/146
f 147/147/147 148/148/148 133/133/133
f 149/149/149 150/150/150 151/151/151
f 143/143/143 151/151/151 144/144/144
f 146/146/146 152/152/152 153/153/153
f 154/154/154 155/155/155 148/148/148
f 156/156/156 157/157/157 150/150/150
f 153/153/153 158/158/158 159/159/159
f 160/160/160 161/161/161 155/155/155
f 162/162/162 163/163/163 141/141/141
f 164/164/164 165/165/165 166/166/166
f 167/167/167 164/164/164 168/168/168
f 169/169/169 170/170/170 171/171/171
f 172/172/172 173/173/173 174/174/174
f 175/175/175 171/171/171 176/176/176
f 177/177/177 178/178/178 179/179/179
f 178/178/178 174/174/174 179/179/179
f 7/7/7 177/177/177 180/180/180
f 181/181/181 182/182/182 25/25/25
f 183/183/183 184/184/184 185/185/185
f 184/184/184 186/186/186 185/185/185
f 166/166/166 187/187/187 183/183/183
f 1/1/1 167/167/167 168/168/168
f 188/188/188 189/189/189 190/190/190
f 191/191/191 192/192/192 193/193/193
f 194/194/194 195/195/195 196/196/196
f 197/197/197 198/198/198 199/199/199
f 200/200/200 201/201/201 202/202/202
f 195/195/195 203/203/203 204/204/204
f 204/204/204 205/205/205 206/206/206
f 207/207/207 208/208/208 209/209/209
f 210/210/210 211/211/211 212/212/212
f 191/191/191 213/213/213 214/214/214
f 215/215/215 216/216/216 217/217/217
f 208/208/208 218/218/218 209/209/209
f 219/219/219 215/215/215 211/211/211
f 214/214/214 220/220/220 221/221/221
f 222/222/222 223/223/223 224/224/224
f 220/220/220 225/225/225 221/221/221
f 205/205/205 222/222/222 206/206/206
f 226/226/226 227/227/227 218/218/218
f 228/228/228 229/229/229 230/230/230
f 231/231/231 232/232/232 227/227/227
f 233/233/233 234/234/234 235/235/235
f 236/236/236 230/230/230 237/237/237
f 237/237/237 238/238/238 239/239/239
f 240/240/240 235/235/235 241/241/241
f 230/230/230 242/242/242 238/238/238
f 243/243/243 225/225/225 244/244/244
f 203/203/203 245/245/245 205/205/205
f 211/211/211 246/246/246 247/247/247
f 246/246/246 217/217/217 248/248/248
f 249/249/249 214/214/214 250/250/250
f 212/212/212 247/247/247 251/251/251
f 202/202/202 252/252/252 253/253/253
f 254/254/254 255/255/255 197/197/197
f 256/256/256 193/193/193 257/257/257
f 258/258/258 259/259/259 260/260/260
f 261/261/261 262/262/262 263/263/263
f 264/264/264 265/265/265 266/266/266
f 267/267/267 268/268/268 264/264/264
f 269/269/269 270/270/270 271/271/271
f 272/272/272 262/262/262 273/273/273
f 274/274/274 275/275/275 276/276/276
f 260/260/260 277/277/277 258/258/258
f 278/278/278 279/279/279 269/269/269
f 280/280/280 281/281/281 282/282/282
f 283/283/283 284/284/284 285/285/285
f 286/286/286 285/285/285 277/277/277
f 287/287/287 281/281/281 288/288/288
f 289/289/289 290/290/290 267/267/267
f 291/291/291 292/292/292 293/293/293
f 293/293/293 294/294/294 287/287/287
f 295/295/295 296/296/296 289/289/289
f 297/297/297 298/298/298 274/274/274
f 299/299/299 300/300/300 301/301/301
f 302/302/302 303/303/303 295/295/295
f 301/301/301 304/304/304 297/297/297
f 305/305/305 306/306/306 284/284/284
f 307/307/307 308/308/308 309/309/309
f 310/310/310 306/306/306 311/311/311
f 312/312/312 313/313/313 291/291/291
f 302/302/302 314/314/314 315/315/315
f 316/316/316 317/317/317 318/318/318
f 319/319/319 318/318/318 314/314/314
f 320/320/320 321/321/321 322/322/322
f 323/323/323 324/324/324 310/310/310
f 325/325/325 326/326/326 327/327/327
f 327/327/327 328/328/328 320/320/320
f 329/329/329 330/330/330 323/323/323
f 331/331/331 332/332/332 307/307/307
f 333/333/333 334/334/334 335/335/335
f 336/336/336 337/337/337 329/329/329
f 335/335/335 338/338/338 331/331/331
f 339/339/339 340/340/340 317/317/317
f 341/341/341 342/342/342 343/343/343
f 344/344/344 340/340/340 345/345/345
f 346/346/346 347/347/347 325/325/325
f 336/336/336 348/348/348 349/349/349
f 2/2/2 350/350/350 3/3/3
f 351/351/351 352/352/352 353/353/353
f 354/354/354 7/7/7 9/9/9
f 355/355/355 356/356/356 357/357/357
f 357/357/357 358/358/358 359/359/359
f 16/16/16 360/360/360 17/17/17
f 19/19/19 361/361/361 16/16/16
f 362/362/362 363/363/363 355/355/355
f 22/22/22 364/364/364 365/365/365
f 366/366/366 367/367/367 27/27/27
f 367/367/367 368/368/368 364/364/364
f 24/24/24 367/367/367 364/364/364
f 29/29/29 369/369/369 2/2/2
f 370/370/370 371/371/371 352/352/352
f 372/372/372 373/373/373 371/371/371
f 374/374/374 375/375/375 373/373/373
f 38/38/38 376/376/376 29/29/29
f 38/38/38 377/377/377 378/378/378
f 379/379/379 375/375/375 380/380/380
f 381/381/381 382/382/382 379/379/379
f 45/45/45 383/383/383 46/46/46
f 47/47/47 354/354/354 9/9/9
f 384/384/384 351/351/351 353/353/353
f 17/17/17 385/385/385 47/47/47
f 359/359/359 386/386/386 384/384/384
f 387/387/387 388/388/388 389/389/389
f 390/390/390 391/391/391 392/392/392
f 393/393/393 394/394/394 395/395/395
f 396/396/396 397/397/397 398/398/398
f 399/399/399 393/393/393 395/395/395
f 400/400/400 401/401/401 402/402/402
f 403/403/403 404/404/404 405/405/405
f 406/406/406 389/389/389 388/388/388
f 397/397/397 405/405/405 398/398/398
f 407/407/407 391/391/391 408/408/408
f 409/409/409 410/410/410 411/411/411
f 411/411/411 412/412/412 407/407/407
f 413/413/413 414/414/414 401/401/401
f 415/415/415 416/416/416 406/406/406
f 417/417/417 418/418/418 419/419/419
f 420/420/420 418/418/418 414/414/414
f 421/421/421 422/422/422 415/415/415
f 423/423/423 424/424/424 404/404/404
f 425/425/425 426/426/426 427/427/427
f 428/428/428 429/429/429 421/421/421
f 430/430/430 426/426/426 424/424/424
f 431/431/431 432/432/432 409/409/409
f 433/433/433 434/434/434 435/435/435
f 431/431/431 436/436/436 437/437/437
f 435/435/435 438/438/438 417/417/417
f 439/439/439 440/440/440 428/428/428
f 433/433/433 441/441/441 442/442/442
f 443/443/443 444/444/444 439/439/439
f 425/425/425 445/445/445 446/446/446
f 447/447/447 436/436/436 448/448/448
f 449/449/449 450/450/450 451/451/451
f 452/452/452 453/453/453 443/443/443
f 454/454/454 451/451/451 445/445/445
f 455/455/455 456/456/456 447/447/447
f 457/457/457 458/458/458 459/459/459
f 460/460/460 461/461/461 455/455/455
f 462/462/462 459/459/459 441/441/441
f 463/463/463 464/464/464 452/452/452
f 465/465/465 466/466/466 467/467/467
f 468/468/468 469/469/469 463/463/463
f 470/470/470 466/466/466 450/450/450
f 471/471/471 472/472/472 473/473/473
f 474/474/474 475/475/475 476/476/476
f 477/477/477 478/478/478 479/479/479
f 471/471/471 480/480/480 481/481/481
f 482/482/482 483/483/483 458/458/458
f 484/484/484 485/485/485 468/468/468
f 486/486/486 487/487/487 488/488/488
f 488/488/488 480/480/480 489/489/489
f 490/490/490 491/491/491 483/483/483
f 492/492/492 493/493/493 484/484/484
f 494/494/494 495/495/495 486/486/486
f 496/496/496 497/497/497 491/491/491
f 498/498/498 499/499/499 492/492/492
f 500/500/500 501/501/501 477/477/477
f 502/502/502 165/165/165 503/503/503
f 502/502/502 167/167/167 504/504/504
f 505/505/505 169/169/169 506/506/506
f 507/507/507 172/172/172 508/508/508
f 506/506/506 175/175/175 509/509/509
f 510/510/510 178/178/178 511/511/511
f 508/508/508 178/178/178 512/512/512
f 510/510/510 7/7/7 513/513/513
f 514/514/514 181/181/181 368/368/368
f 515/515/515 184/184/184 187/187/187
f 516/516/516 184/184/184 517/517/517
f 518/518/518 187/187/187 165/165/165
f 167/167/167 350/350/350 504/504/504
f 519/519/519 520/520/520 521/521/521
f 522/522/522 523/523/523 524/524/524
f 525/525/525 526/526/526 527/527/527
f 528/528/528 529/529/529 530/530/530
f 523/523/523 531/531/531 524/524/524
f 532/532/532 533/533/533 531/531/531
f 534/534/534 535/535/535 536/536/536
f 520/520/520 537/537/537 538/538/538
f 539/539/539 540/540/540 541/541/541
f 539/539/539 542/542/542 534/534/534
f 543/543/543 544/544/544 537/537/537
f 545/545/545 546/546/546 547/547/547
f 548/548/548 544/544/544 549/549/549
f 545/545/545 533/533/533 550/550/550
f 551/551/551 552/552/552 553/553/553
f 554/554/554 555/555/555 556/556/556
f 553/553/553 557/557/557 558/558/558
f 559/559/559 558/558/558 560/560/560
f 561/561/561 562/562/562 554/554/554
f 563/563/563 553/553/553 559/559/559
f 564/564/564 548/548/548 549/549/549
f 531/531/531 565/565/565 566/566/566
f 567/567/567 534/534/534 568/568/568
f 567/567/567 569/569/569 539/539/539
f 570/570/570 543/543/543 520/520/520
f 568/568/568 536/536/536 571/571/571
f 572/572/572 530/530/530 573/573/573
f 574/574/574 527/527/527 575/575/575
f 521/521/521 538/538/538 576/576/576
f 577/577/577 578/578/578 579/579/579
f 580/580/580 581/581/581 582/582/582
f 583/583/583 584/584/584 585/585/585
f 586/586/586 587/587/587 584/584/584
f 588/588/588 589/589/589 590/590/590
f 580/580/580 591/591/591 592/592/592
f 593/593/593 594/594/594 595/595/595
f 596/596/596 597/597/597 598/598/598
f 599/599/599 600/600/600 589/589/589
f 601/601/601 602/602/602 603/603/603
f 604/604/604 605/605/605 606/606/606
f 598/598/598 607/607/607 604/604/604
f 602/602/602 608/608/608 603/603/603
f 609/609/609 610/610/610 587/587/587
f 611/611/611 612/612/612 613/613/613
f 614/614/614 613/613/613 608/608/608
f 615/615/615 616/616/616 610/610/610
f 617/617/617 618/618/618 594/594/594
f 619/619/619 620/620/620 621/621/621
f 622/622/622 623/623/623 616/616/616
f 624/624/624 621/621/621 618/618/618
f 606/606/606 625/625/625 626/626/626
f 627/627/627 628/628/628 629/629/629
f 625/625/625 630/630/630 626/626/626
f 631/631/631 632/632/632 612/612/612
f 623/623/623 633/633/633 634/634/634
f 635/635/635 636/636/636 637/637/637
f 634/634/634 638/638/638 635/635/635
f 639/639/639 640/640/640 641/641/641
f 642/642/642 643/643/643 630/630/630
f 644/644/644 645/645/645 646/646/646
f 647/647/647 646/646/646 640/640/640
f 648/648/648 649/649/649 643/643/643
f 650/650/650 651/651/651 628/628/628
f 652/652/652 653/653/653 654/654/654
f 655/655/655 656/656/656 649/649/649
f 657/657/657 652/652/652 651/651/651
f 637/637/637 658/658/658 659/659/659
f 660/660/660 661/661/661 662/662/662
f 658/658/658 663/663/663 659/659/659
f 664/664/664 665/665/665 645/645/645
f 656/656/656 666/666/666 667/667/667
f 668/668/668 669/669/669 670/670/670
f 671/671/671 672/672/672 673/673/673
f 674/674/674 675/675/675 676/676/676
f 677/677/677 678/678/678 679/679/679
f 680/680/680 681/681/681 682/682/682
f 683/683/683 684/684/684 685/685/685
f 686/686/686 687/687/687 688/688/688
f 677/677/677 689/689/689 690/690/690
f 691/691/691 673/673/673 672/672/672
f 679/679/679 692/692/692 693/693/693
f 694/694/694 686/686/686 688/688/688
f 695/695/695 696/696/696 697/697/697
f 695/695/695 698/698/698 699/699/699
f 700/700/700 675/675/675 674/674/674
f 683/683/683 674/674/674 701/701/701
f 699/699/699 702/702/702 703/703/703
f 704/704/704 705/705/705 706/706/706
f 685/685/685 707/707/707 704/704/704
f 708/708/708 709/709/709 710/710/710
f 711/711/711 712/712/712 713/713/713
f 714/714/714 715/715/715 716/716/716
f 717/717/717 718/718/718 719/719/719
f 716/716/716 720/720/720 721/721/721
f 722/722/722 723/723/723 724/724/724
f 725/725/725 726/726/726 727/727/727
f 728/728/728 729/729/729 725/725/725
f 730/730/730 731/731/731 728/728/728
f 732/732/732 733/733/733 730/730/730
f 724/724/724 734/734/734 732/732/732
f 735/735/735 710/710/710 709/709/709
f 736/736/736 737/737/737 735/735/735
f 738/738/738 739/739/739 736/736/736
f 740/740/740 741/741/741 738/738/738
f 721/721/721 742/742/742 740/740/740
f 743/743/743 744/744/744 745/745/745
f 745/745/745 746/746/746 747/747/747
f 746/746/746 748/748/748 747/747/747
f 748/748/748 749/749/749 750/750/750
f 749/749/749 719/719/719 750/750/750
f 751/751/751 752/752/752 753/753/753
f 753/753/753 754/754/754 755/755/755
f 754/754/754 756/756/756 755/755/755
f 756/756/756 757/757/757 758/758/758
f 757/757/757 713/713/713 758/758/758
f 759/759/759 760/760/760 761/761/761
f 762/762/762 763/763/763 764/764/764
f 765/765/765 766/766/766 767/767/767
f 768/768/768 769/769/769 770/770/770
f 771/771/771 772/772/772 773/773/773
f 774/774/774 762/762/762 764/764/764
f 775/775/775 776/776/776 777/777/777
f 778/778/778 779/779/779 780/780/780
f 781/781/781 782/782/782 783/783/783
f 784/784/784 785/785/785 786/786/786
f 766/766/766 776/776/776 775/775/775
f 787/787/787 777/777/777 785/785/785
f 779/779/779 788/788/788 789/789/789
f 790/790/790 791/791/791 792/792/792
f 793/793/793 794/794/794 771/771/771
f 795/795/795 783/783/783 782/782/782
f 769/769/769 796/796/796 770/770/770
f 786/786/786 797/797/797 765/765/765
f 778/778/778 766/766/766 798/798/798
f 764/764/764 784/784/784 774/774/774
f 762/762/762 780/780/780 779/779/779
f 785/785/785 776/776/776 797/797/797
f 798/798/798 775/775/775 788/788/788
f 763/763/763 787/787/787 764/764/764
f 799/799/799 779/779/779 789/789/789
f 800/800/800 790/790/790 792/792/792
f 801/801/801 802/802/802 803/803/803
f 804/804/804 805/805/805 806/806/806
f 807/807/807 808/808/808 809/809/809
f 810/810/810 811/811/811 812/812/812
f 813/813/813 814/814/814 815/815/815
f 816/816/816 817/817/817 818/818/818
f 819/819/819 820/820/820 821/821/821
f 810/810/810 822/822/822 823/823/823
f 824/824/824 825/825/825 826/826/826
f 812/812/812 827/827/827 828/828/828
f 829/829/829 819/819/819 821/821/821
f 830/830/830 831/831/831 832/832/832
f 833/833/833 834/834/834 835/835/835
f 836/836/836 808/808/808 807/807/807
f 816/816/816 807/807/807 837/837/837
f 838/838/838 808/808/808 839/839/839
f 840/840/840 831/831/831 841/841/841
f 818/818/818 842/842/842 840/840/840
f 843/843/843 844/844/844 845/845/845
f 846/846/846 847/847/847 848/848/848
f 849/849/849 850/850/850 851/851/851
f 852/852/852 853/853/853 854/854/854
f 855/855/855 856/856/856 857/857/857
f 858/858/858 859/859/859 860/860/860
f 861/861/861 862/862/862 863/863/863
f 852/852/852 864/864/864 865/865/865
f 866/866/866 867/867/867 868/868/868
f 854/854/854 869/869/869 870/870/870
f 871/871/871 861/861/861 863/863/863
f 872/872/872 873/873/873 874/874/874
f 875/875/875 876/876/876 877/877/877
f 878/878/878 850/850/850 849/849/849
f 858/858/858 849/849/849 879/879/879
f 880/880/880 850/850/850 881/881/881
f 882/882/882 873/873/873 883/883/883
f 860/860/860 884/884/884 882/882/882
f 885/885/885 886/886/886 887/887/887
f 888/888/888 889/889/889 890/890/890
f 891/891/891 892/892/892 893/893/893
f 894/894/894 895/895/895 896/896/896
f 897/897/897 888/888/888 890/890/890
f 898/898/898 893/893/893 892/892/892
f 899/899/899 900/900/900 901/901/901
f 902/902/902 903/903/903 886/886/886
f 901/901/901 896/896/896 895/895/895
f 904/904/904 905/905/905 889/889/889
f 906/906/906 907/907/907 908/908/908
f 909/909/909 910/910/910 905/905/905
f 911/911/911 912/912/912 898/898/898
f 913/913/913 914/914/914 903/903/903
f 915/915/915 916/916/916 917/917/917
f 887/887/887 918/918/918 885/885/885
f 891/891/891 916/916/916 919/919/919
f 894/894/894 920/920/920 921/921/921
f 922/922/922 923/923/923 924/924/924
f 925/925/925 918/918/918 926/926/926
f 924/924/924 920/920/920 927/927/927
f 897/897/897 928/928/928 929/929/929
f 930/930/930 931/931/931 932/932/932
f 933/933/933 934/934/934 928/928/928
f 932/932/932 935/935/935 915/915/915
f 925/925/925 936/936/936 937/937/937
f 938/938/938 939/939/939 940/940/940
f 941/941/941 942/942/942 936/936/936
f 922/922/922 943/943/943 944/944/944
f 945/945/945 934/934/934 946/946/946
f 947/947/947 948/948/948 949/949/949
f 950/950/950 951/951/951 952/952/952
f 953/953/953 954/954/954 955/955/955
f 956/956/956 957/957/957 958/958/958
f 959/959/959 960/960/960 950/950/950
f 961/961/961 955/955/955 954/954/954
f 962/962/962 963/963/963 964/964/964
f 965/965/965 966/966/966 948/948/948
f 964/964/964 958/958/958 957/957/957
f 951/951/951 967/967/967 952/952/952
f 968/968/968 969/969/969 970/970/970
f 971/971/971 972/972/972 967/967/967
f 973/973/973 974/974/974 961/961/961
f 975/975/975 976/976/976 966/966/966
f 977/977/977 978/978/978 979/979/979
f 980/980/980 947/947/947 949/949/949
f 979/979/979 981/981/981 953/953/953
f 956/956/956 982/982/982 983/983/983
f 984/984/984 985/985/985 986/986/986
f 980/980/980 987/987/987 988/988/988
f 989/989/989 985/985/985 982/982/982
f 959/959/959 990/990/990 991/991/991
f 992/992/992 993/993/993 994/994/994
f 995/995/995 996/996/996 990/990/990
f 977/977/977 993/993/993 997/997/997
f 998/998/998 999/999/999 987/987/987
f 1000/1000/1000 1001/1001/1001 1002/1002/1002
f 1003/1003/1003 1004/1004/1004 999/999/999
f 984/984/984 1005/1005/1005 1006/1006/1006
f 1007/1007/1007 996/996/996 1008/1008/1008
f 1/1/1 28/28/28 2/2/2
f 4/4/4 30/30/30 5/5/5
f 7/7/7 180/180/180 8/8/8
f 10/10/10 20/20/20 11/11/11
f 13/13/13 10/10/10 12/12/12
f 15/15/15 18/18/18 16/16/16
f 18/18/18 1009/1009/1009 19/19/19
f 20/20/20 1010/1010/1010 21/21/21
f 22/22/22 1011/1011/1011 23/23/23
f 25/25/25 182/182/182 26/26/26
f 24/24/24 23/23/23 26/26/26
f 28/28/28 37/37/37 29/29/29
f 30/30/30 4/4/4 31/31/31
f 32/32/32 31/31/31 33/33/33
f 34/34/34 33/33/33 35/35/35
f 37/37/37 1012/1012/1012 38/38/38
f 38/38/38 1012/1012/1012 39/39/39
f 35/35/35 42/42/42 41/41/41
f 42/42/42 1013/1013/1013 43/43/43
f 44/44/44 170/170/170 45/45/45
f 8/8/8 49/49/49 47/47/47
f 5/5/5 50/50/50 48/48/48
f 49/49/49 15/15/15 17/17/17
f 50/50/50 13/13/13 14/14/14
f 51/51/51 71/71/71 52/52/52
f 54/54/54 75/75/75 55/55/55
f 57/57/57 1014/1014/1014 58/58/58
f 60/60/60 1015/1015/1015 61/61/61
f 63/63/63 59/59/59 58/58/58
f 65/65/65 1016/1016/1016 66/66/66
f 68/68/68 73/73/73 69/69/69
f 71/71/71 82/82/82 72/72/72
f 61/61/61 1015/1015/1015 73/73/73
f 54/54/54 79/79/79 74/74/74
f 76/76/76 96/96/96 77/77/77
f 79/79/79 76/76/76 78/78/78
f 67/67/67 66/66/66 80/80/80
f 82/82/82 87/87/87 83/83/83
f 84/84/84 103/103/103 85/85/85
f 81/81/81 80/80/80 84/84/84
f 87/87/87 94/94/94 88/88/88
f 70/70/70 69/69/69 89/89/89
f 91/91/91 1017/1017/1017 92/92/92
f 94/94/94 104/104/104 95/95/95
f 90/90/90 89/89/89 91/91/91
f 96/96/96 1018/1018/1018 97/97/97
f 98/98/98 1019/1019/1019 99/99/99
f 97/97/97 1018/1018/1018 101/101/101
f 103/103/103 98/98/98 100/100/100
f 104/104/104 108/108/108 105/105/105
f 99/99/99 1019/1019/1019 106/106/106
f 108/108/108 116/116/116 109/109/109
f 92/92/92 1017/1017/1017 110/110/110
f 101/101/101 119/119/119 112/112/112
f 113/113/113 118/118/118 114/114/114
f 116/116/116 127/127/127 117/117/117
f 111/111/111 110/110/110 118/118/118
f 119/119/119 124/124/124 120/120/120
f 121/121/121 126/126/126 122/122/122
f 124/124/124 1020/1020/1020 125/125/125
f 107/107/107 106/106/106 126/126/126
f 127/127/127 132/132/132 128/128/128
f 129/129/129 1021/1021/1021 130/130/130
f 132/132/132 147/147/147 133/133/133
f 115/115/115 114/114/114 129/129/129
f 134/134/134 1022/1022/1022 135/135/135
f 140/140/140 162/162/162 141/141/141
f 135/135/135 1022/1022/1022 143/143/143
f 123/123/123 122/122/122 145/145/145
f 147/147/147 154/154/154 148/148/148
f 149/149/149 156/156/156 150/150/150
f 143/143/143 149/149/149 151/151/151
f 146/146/146 145/145/145 152/152/152
f 154/154/154 160/160/160 155/155/155
f 156/156/156 163/163/163 157/157/157
f 153/153/153 152/152/152 158/158/158
f 160/160/160 1023/1023/1023 161/161/161
f 162/162/162 157/157/157 163/163/163
f 164/164/164 503/503/503 165/165/165
f 167/167/167 503/503/503 164/164/164
f 169/169/169 45/45/45 170/170/170
f 172/172/172 1024/1024/1024 173/173/173
f 175/175/175 169/169/169 171/171/171
f 177/177/177 511/511/511 178/178/178
f 178/178/178 172/172/172 174/174/174
f 7/7/7 511/511/511 177/177/177
f 181/181/181 366/366/366 182/182/182
f 183/183/183 187/187/187 184/184/184
f 184/184/184 1025/1025/1025 186/186/186
f 166/166/166 165/165/165 187/187/187
f 1/1/1 3/3/3 167/167/167
f 188/188/188 207/207/207 189/189/189
f 191/191/191 249/249/249 192/192/192
f 194/194/194 1026/1026/1026 195/195/195
f 197/197/197 255/255/255 198/198/198
f 200/200/200 1027/1027/1027 201/201/201
f 195/195/195 1026/1026/1026 203/203/203
f 204/204/204 203/203/203 205/205/205
f 207/207/207 188/188/188 208/208/208
f 210/210/210 219/219/219 211/211/211
f 191/191/191 256/256/256 213/213/213
f 215/215/215 1028/1028/1028 216/216/216
f 208/208/208 226/226/226 218/218/218
f 219/219/219 1028/1028/1028 215/215/215
f 214/214/214 213/213/213 220/220/220
f 222/222/222 1029/1029/1029 223/223/223
f 220/220/220 1030/1030/1030 225/225/225
f 205/205/205 1029/1029/1029 222/222/222
f 226/226/226 231/231/231 227/227/227
f 228/228/228 1031/1031/1031 229/229/229
f 231/231/231 1032/1032/1032 232/232/232
f 233/233/233 1033/1033/1033 234/234/234
f 236/236/236 228/228/228 230/230/230
f 237/237/237 230/230/230 238/238/238
f 240/240/240 233/233/233 235/235/235
f 230/230/230 229/229/229 242/242/242
f 243/243/243 221/221/221 225/225/225
f 203/203/203 1034/1034/1034 245/245/245
f 211/211/211 215/215/215 246/246/246
f 246/246/246 215/215/215 217/217/217
f 249/249/249 191/191/191 214/214/214
f 212/212/212 211/211/211 247/247/247
f 202/202/202 201/201/201 252/252/252
f 254/254/254 1035/1035/1035 255/255/255
f 256/256/256 191/191/191 193/193/193
f 258/258/258 1036/1036/1036 259/259/259
f 261/261/261 273/273/273 262/262/262
f 264/264/264 268/268/268 265/265/265
f 267/267/267 290/290/290 268/268/268
f 269/269/269 279/279/279 270/270/270
f 272/272/272 1037/1037/1037 262/262/262
f 274/274/274 298/298/298 275/275/275
f 260/260/260 286/286/286 277/277/277
f 278/278/278 1038/1038/1038 279/279/279
f 280/280/280 288/288/288 281/281/281
f 283/283/283 305/305/305 284/284/284
f 286/286/286 283/283/283 285/285/285
f 287/287/287 294/294/294 281/281/281
f 289/289/289 296/296/296 290/290/290
f 291/291/291 313/313/313 292/292/292
f 293/293/293 292/292/292 294/294/294
f 295/295/295 303/303/303 296/296/296
f 297/297/297 304/304/304 298/298/298
f 299/299/299 1039/1039/1039 300/300/300
f 302/302/302 315/315/315 303/303/303
f 301/301/301 300/300/300 304/304/304
f 305/305/305 311/311/311 306/306/306
f 307/307/307 332/332/332 308/308/308
f 310/310/310 324/324/324 306/306/306
f 312/312/312 1040/1040/1040 313/313/313
f 302/302/302 319/319/319 314/314/314
f 316/316/316 339/339/339 317/317/317
f 319/319/319 316/316/316 318/318/318
f 320/320/320 328/328/328 321/321/321
f 323/323/323 330/330/330 324/324/324
f 325/325/325 347/347/347 326/326/326
f 327/327/327 326/326/326 328/328/328
f 329/329/329 337/337/337 330/330/330
f 331/331/331 338/338/338 332/332/332
f 333/333/333 1041/1041/1041 334/334/334
f 336/336/336 349/349/349 337/337/337
f 335/335/335 334/334/334 338/338/338
f 339/339/339 345/345/345 340/340/340
f 341/341/341 1042/1042/1042 342/342/342
f 344/344/344 1043/1043/1043 340/340/340
f 346/346/346 1044/1044/1044 347/347/347
f 336/336/336 1045/1045/1045 348/348/348
f 2/2/2 369/369/369 350/350/350
f 351/351/351 370/370/370 352/352/352
f 354/354/354 513/513/513 7/7/7
f 355/355/355 363/363/363 356/356/356
f 357/357/357 356/356/356 358/358/358
f 16/16/16 361/361/361 360/360/360
f 19/19/19 1046/1046/1046 361/361/361
f 362/362/362 1047/1047/1047 363/363/363
f 22/22/22 24/24/24 364/364/364
f 26/26/26 182/182/182 366/366/366
f 366/366/366 514/514/514 367/367/367
f 27/27/27 26/26/26 366/366/366
f 367/367/367 514/514/514 368/368/368
f 24/24/24 27/27/27 367/367/367
f 29/29/29 376/376/376 369/369/369
f 370/370/370 372/372/372 371/371/371
f 372/372/372 374/374/374 373/373/373
f 374/374/374 380/380/380 375/375/375
f 38/38/38 378/378/378 376/376/376
f 38/38/38 40/40/40 377/377/377
f 379/379/379 382/382/382 375/375/375
f 381/381/381 1048/1048/1048 382/382/382
f 45/45/45 505/505/505 383/383/383
f 47/47/47 385/385/385 354/354/354
f 384/384/384 386/386/386 351/351/351
f 17/17/17 360/360/360 385/385/385
f 359/359/359 358/358/358 386/386/386
f 387/387/387 1049/1049/1049 388/388/388
f 390/390/390 408/408/408 391/391/391
f 393/393/393 1050/1050/1050 394/394/394
f 396/396/396 1051/1051/1051 397/397/397
f 399/399/399 1052/1052/1052 393/393/393
f 400/400/400 413/413/413 401/401/401
f 403/403/403 423/423/423 404/404/404
f 406/406/406 416/416/416 389/389/389
f 397/397/397 403/403/403 405/405/405
f 407/407/407 412/412/412 391/391/391
f 409/409/409 432/432/432 410/410/410
f 411/411/411 410/410/410 412/412/412
f 413/413/413 420/420/420 414/414/414
f 415/415/415 422/422/422 416/416/416
f 417/417/417 438/438/438 418/418/418
f 420/420/420 419/419/419 418/418/418
f 421/421/421 429/429/429 422/422/422
f 423/423/423 430/430/430 424/424/424
f 425/425/425 446/446/446 426/426/426
f 428/428/428 440/440/440 429/429/429
f 430/430/430 427/427/427 426/426/426
f 431/431/431 437/437/437 432/432/432
f 433/433/433 442/442/442 434/434/434
f 431/431/431 448/448/448 436/436/436
f 435/435/435 434/434/434 438/438/438
f 439/439/439 444/444/444 440/440/440
f 433/433/433 462/462/462 441/441/441
f 443/443/443 453/453/453 444/444/444
f 425/425/425 454/454/454 445/445/445
f 447/447/447 456/456/456 436/436/436
f 449/449/449 470/470/470 450/450/450
f 452/452/452 464/464/464 453/453/453
f 454/454/454 449/449/449 451/451/451
f 455/455/455 461/461/461 456/456/456
f 457/457/457 482/482/482 458/458/458
f 460/460/460 1053/1053/1053 461/461/461
f 462/462/462 457/457/457 459/459/459
f 463/463/463 469/469/469 464/464/464
f 465/465/465 1054/1054/1054 466/466/466
f 468/468/468 485/485/485 469/469/469
f 470/470/470 467/467/467 466/466/466
f 471/471/471 481/481/481 472/472/472
f 477/477/477 501/501/501 478/478/478
f 471/471/471 489/489/489 480/480/480
f 482/482/482 490/490/490 483/483/483
f 484/484/484 493/493/493 485/485/485
f 486/486/486 495/495/495 487/487/487
f 488/488/488 487/487/487 480/480/480
f 490/490/490 496/496/496 491/491/491
f 492/492/492 499/499/499 493/493/493
f 494/494/494 500/500/500 495/495/495
f 496/496/496 1055/1055/1055 497/497/497
f 498/498/498 1056/1056/1056 499/499/499
f 500/500/500 494/494/494 501/501/501
f 502/502/502 518/518/518 165/165/165
f 502/502/502 503/503/503 167/167/167
f 505/505/505 45/45/45 169/169/169
f 507/507/507 1024/1024/1024 172/172/172
f 506/506/506 169/169/169 175/175/175
f 510/510/510 512/512/512 178/178/178
f 508/508/508 172/172/172 178/178/178
f 510/510/510 511/511/511 7/7/7
f 514/514/514 366/366/366 181/181/181
f 515/515/515 517/517/517 184/184/184
f 516/516/516 1025/1025/1025 184/184/184
f 518/518/518 515/515/515 187/187/187
f 167/167/167 3/3/3 350/350/350
f 519/519/519 570/570/570 520/520/520
f 522/522/522 1057/1057/1057 523/523/523
f 525/525/525 1058/1058/1058 526/526/526
f 528/528/528 1059/1059/1059 529/529/529
f 523/523/523 532/532/532 531/531/531
f 532/532/532 550/550/550 533/533/533
f 534/534/534 542/542/542 535/535/535
f 520/520/520 543/543/543 537/537/537
f 539/539/539 569/569/569 540/540/540
f 539/539/539 541/541/541 542/542/542
f 543/543/543 549/549/549 544/544/544
f 545/545/545 1060/1060/1060 546/546/546
f 548/548/548 1061/1061/1061 544/544/544
f 545/545/545 547/547/547 533/533/533
f 551/551/551 1062/1062/1062 552/552/552
f 554/554/554 562/562/562 555/555/555
f 553/553/553 552/552/552 557/557/557
f 559/559/559 553/553/553 558/558/558
f 561/561/561 1063/1063/1063 562/562/562
f 563/563/563 551/551/551 553/553/553
f 564/564/564 1064/1064/1064 548/548/548
f 531/531/531 533/533/533 565/565/565
f 567/567/567 539/539/539 534/534/534
f 567/567/567 1065/1065/1065 569/569/569
f 570/570/570 1066/1066/1066 543/543/543
f 568/568/568 534/534/534 536/536/536
f 572/572/572 528/528/528 530/530/530
f 574/574/574 525/525/525 527/527/527
f 521/521/521 520/520/520 538/538/538
f 577/577/577 596/596/596 578/578/578
f 580/580/580 592/592/592 581/581/581
f 583/583/583 586/586/586 584/584/584
f 586/586/586 609/609/609 587/587/587
f 588/588/588 599/599/599 589/589/589
f 580/580/580 1067/1067/1067 591/591/591
f 593/593/593 617/617/617 594/594/594
f 596/596/596 577/577/577 597/597/597
f 599/599/599 1068/1068/1068 600/600/600
f 601/601/601 1069/1069/1069 602/602/602
f 604/604/604 607/607/607 605/605/605
f 598/598/598 597/597/597 607/607/607
f 602/602/602 614/614/614 608/608/608
f 609/609/609 615/615/615 610/610/610
f 611/611/611 631/631/631 612/612/612
f 614/614/614 611/611/611 613/613/613
f 615/615/615 622/622/622 616/616/616
f 617/617/617 624/624/624 618/618/618
f 619/619/619 1070/1070/1070 620/620/620
f 622/622/622 1071/1071/1071 623/623/623
f 624/624/624 619/619/619 621/621/621
f 606/606/606 605/605/605 625/625/625
f 627/627/627 650/650/650 628/628/628
f 625/625/625 642/642/642 630/630/630
f 631/631/631 1072/1072/1072 632/632/632
f 623/623/623 1071/1071/1071 633/633/633
f 635/635/635 638/638/638 636/636/636
f 634/634/634 633/633/633 638/638/638
f 639/639/639 647/647/647 640/640/640
f 642/642/642 648/648/648 643/643/643
f 644/644/644 664/664/664 645/645/645
f 647/647/647 644/644/644 646/646/646
f 648/648/648 655/655/655 649/649/649
f 650/650/650 657/657/657 651/651/651
f 652/652/652 1073/1073/1073 653/653/653
f 655/655/655 1074/1074/1074 656/656/656
f 657/657/657 1073/1073/1073 652/652/652
f 637/637/637 636/636/636 658/658/658
f 660/660/660 1075/1075/1075 661/661/661
f 658/658/658 1076/1076/1076 663/663/663
f 664/664/664 1077/1077/1077 665/665/665
f 656/656/656 1074/1074/1074 666/666/666
f 670/670/670 1078/1078/1078 1079/1079/1079
f 1078/1078/1078 1080/1080/1080 1079/1079/1079
f 1080/1080/1080 1081/1081/1081 1079/1079/1079
f 1079/1079/1079 1082/1082/1082 670/670/670
f 1082/1082/1082 668/668/668 670/670/670
f 671/671/671 1083/1083/1083 672/672/672
f 676/676/676 1084/1084/1084 684/684/684
f 1084/1084/1084 705/705/705 684/684/684
f 705/705/705 707/707/707 684/684/684
f 684/684/684 701/701/701 676/676/676
f 701/701/701 674/674/674 676/676/676
f 677/677/677 690/690/690 678/678/678
f 680/680/680 1085/1085/1085 681/681/681
f 683/683/683 701/701/701 684/684/684
f 686/686/686 1086/1086/1086 687/687/687
f 677/677/677 1087/1087/1087 689/689/689
f 691/691/691 1088/1088/1088 673/673/673
f 679/679/679 678/678/678 692/692/692
f 694/694/694 1089/1089/1089 686/686/686
f 695/695/695 1090/1090/1090 696/696/696
f 695/695/695 697/697/697 698/698/698
f 700/700/700 1091/1091/1091 675/675/675
f 683/683/683 700/700/700 674/674/674
f 699/699/699 698/698/698 702/702/702
f 704/704/704 707/707/707 705/705/705
f 685/685/685 684/684/684 707/707/707
f 708/708/708 1092/1092/1092 709/709/709
f 711/711/711 1093/1093/1093 712/712/712
f 714/714/714 1094/1094/1094 715/715/715
f 717/717/717 1095/1095/1095 718/718/718
f 716/716/716 715/715/715 720/720/720
f 722/722/722 1096/1096/1096 723/723/723
f 725/725/725 729/729/729 726/726/726
f 728/728/728 731/731/731 729/729/729
f 730/730/730 733/733/733 731/731/731
f 732/732/732 734/734/734 733/733/733
f 724/724/724 723/723/723 734/734/734
f 735/735/735 737/737/737 710/710/710
f 736/736/736 739/739/739 737/737/737
f 738/738/738 741/741/741 739/739/739
f 740/740/740 742/742/742 741/741/741
f 721/721/721 720/720/720 742/742/742
f 743/743/743 1097/1097/1097 744/744/744
f 745/745/745 744/744/744 746/746/746
f 746/746/746 1098/1098/1098 748/748/748
f 748/748/748 1098/1098/1098 749/749/749
f 749/749/749 717/717/717 719/719/719
f 751/751/751 1099/1099/1099 752/752/752
f 753/753/753 752/752/752 754/754/754
f 754/754/754 1100/1100/1100 756/756/756
f 756/756/756 1100/1100/1100 757/757/757
f 757/757/757 711/711/711 713/713/713
f 761/761/761 1101/1101/1101 1102/1102/1102
f 1101/1101/1101 1103/1103/1103 1102/1102/1102
f 1103/1103/1103 1104/1104/1104 1102/1102/1102
f 1102/1102/1102 1105/1105/1105 761/761/761
f 1105/1105/1105 759/759/759 761/761/761
f 762/762/762 799/799/799 763/763/763
f 765/765/765 797/797/797 766/766/766
f 768/768/768 1106/1106/1106 769/769/769
f 771/771/771 794/794/794 772/772/772
f 774/774/774 1107/1107/1107 762/762/762
f 777/777/777 1108/1108/1108 789/789/789
f 1108/1108/1108 763/763/763 789/789/789
f 763/763/763 799/799/799 789/789/789
f 789/789/789 788/788/788 777/777/777
f 788/788/788 775/775/775 777/777/777
f 778/778/778 798/798/798 779/779/779
f 781/781/781 1109/1109/1109 782/782/782
f 784/784/784 787/787/787 785/785/785
f 766/766/766 797/797/797 776/776/776
f 787/787/787 1108/1108/1108 777/777/777
f 779/779/779 798/798/798 788/788/788
f 790/790/790 1110/1110/1110 791/791/791
f 793/793/793 1111/1111/1111 794/794/794
f 795/795/795 1112/1112/1112 783/783/783
f 769/769/769 1113/1113/1113 796/796/796
f 786/786/786 785/785/785 797/797/797
f 778/778/778 767/767/767 766/766/766
f 764/764/764 787/787/787 784/784/784
f 762/762/762 1107/1107/1107 780/780/780
f 785/785/785 777/777/777 776/776/776
f 798/798/798 766/766/766 775/775/775
f 763/763/763 1108/1108/1108 787/787/787
f 799/799/799 762/762/762 779/779/779
f 800/800/800 1114/1114/1114 790/790/790
f 803/803/803 1115/1115/1115 1116/1116/1116
f 1115/1115/1115 1117/1117/1117 1116/1116/1116
f 1117/1117/1117 1118/1118/1118 1116/1116/1116
f 1116/1116/1116 1119/1119/1119 803/803/803
f 1119/1119/1119 801/801/801 803/803/803
f 804/804/804 1120/1120/1120 805/805/805
f 809/809/809 832/832/832 817/817/817
f 832/832/832 831/831/831 817/817/817
f 831/831/831 842/842/842 817/817/817
f 817/817/817 837/837/837 809/809/809
f 837/837/837 807/807/807 809/809/809
f 810/810/810 823/823/823 811/811/811
f 813/813/813 1121/1121/1121 814/814/814
f 816/816/816 837/837/837 817/817/817
f 819/819/819 1122/1122/1122 820/820/820
f 810/810/810 1123/1123/1123 822/822/822
f 824/824/824 829/829/829 825/825/825
f 812/812/812 811/811/811 827/827/827
f 829/829/829 824/824/824 819/819/819
f 830/830/830 841/841/841 831/831/831
f 833/833/833 1124/1124/1124 834/834/834
f 836/836/836 839/839/839 808/808/808
f 816/816/816 836/836/836 807/807/807
f 838/838/838 809/809/809 808/808/808
f 840/840/840 842/842/842 831/831/831
f 818/818/818 817/817/817 842/842/842
f 845/845/845 1125/1125/1125 1126/1126/1126
f 1125/1125/1125 1127/1127/1127 1126/1126/1126
f 1127/1127/1127 1128/1128/1128 1126/1126/1126
f 1126/1126/1126 1129/1129/1129 845/845/845
f 1129/1129/1129 843/843/843 845/845/845
f 846/846/846 1130/1130/1130 847/847/847
f 851/851/851 874/874/874 859/859/859
f 874/874/874 873/873/873 859/859/859
f 873/873/873 884/884/884 859/859/859
f 859/859/859 879/879/879 851/851/851
f 879/879/879 849/849/849 851/851/851
f 852/852/852 865/865/865 853/853/853
f 855/855/855 1131/1131/1131 856/856/856
f 858/858/858 879/879/879 859/859/859
f 861/861/861 1132/1132/1132 862/862/862
f 852/852/852 1133/1133/1133 864/864/864
f 866/866/866 871/871/871 867/867/867
f 854/854/854 853/853/853 869/869/869
f 871/871/871 866/866/866 861/861/861
f 872/872/872 883/883/883 873/873/873
f 875/875/875 1134/1134/1134 876/876/876
f 878/878/878 881/881/881 850/850/850
f 858/858/858 878/878/878 849/849/849
f 880/880/880 851/851/851 850/850/850
f 882/882/882 884/884/884 873/873/873
f 860/860/860 859/859/859 884/884/884
f 885/885/885 902/902/902 886/886/886
f 888/888/888 904/904/904 889/889/889
f 891/891/891 919/919/919 892/892/892
f 894/894/894 921/921/921 895/895/895
f 897/897/897 929/929/929 888/888/888
f 898/898/898 912/912/912 893/893/893
f 899/899/899 1135/1135/1135 900/900/900
f 902/902/902 913/913/913 903/903/903
f 901/901/901 900/900/900 896/896/896
f 904/904/904 909/909/909 905/905/905
f 906/906/906 1136/1136/1136 907/907/907
f 909/909/909 1137/1137/1137 910/910/910
f 911/911/911 1138/1138/1138 912/912/912
f 913/913/913 1139/1139/1139 914/914/914
f 915/915/915 935/935/935 916/916/916
f 887/887/887 926/926/926 918/918/918
f 891/891/891 917/917/917 916/916/916
f 894/894/894 927/927/927 920/920/920
f 922/922/922 944/944/944 923/923/923
f 925/925/925 937/937/937 918/918/918
f 924/924/924 923/923/923 920/920/920
f 897/897/897 933/933/933 928/928/928
f 930/930/930 1140/1140/1140 931/931/931
f 933/933/933 946/946/946 934/934/934
f 932/932/932 931/931/931 935/935/935
f 925/925/925 941/941/941 936/936/936
f 938/938/938 1141/1141/1141 939/939/939
f 941/941/941 1142/1142/1142 942/942/942
f 922/922/922 1143/1143/1143 943/943/943
f 945/945/945 1144/1144/1144 934/934/934
f 947/947/947 965/965/965 948/948/948
f 950/950/950 960/960/960 951/951/951
f 953/953/953 981/981/981 954/954/954
f 956/956/956 983/983/983 957/957/957
f 959/959/959 991/991/991 960/960/960
f 961/961/961 974/974/974 955/955/955
f 962/962/962 1145/1145/1145 963/963/963
f 965/965/965 975/975/975 966/966/966
f 964/964/964 963/963/963 958/958/958
f 951/951/951 971/971/971 967/967/967
f 968/968/968 1146/1146/1146 969/969/969
f 971/971/971 1147/1147/1147 972/972/972
f 973/973/973 1148/1148/1148 974/974/974
f 975/975/975 1149/1149/1149 976/976/976
f 977/977/977 997/997/997 978/978/978
f 980/980/980 988/988/988 947/947/947
f 979/979/979 978/978/978 981/981/981
f 956/956/956 989/989/989 982/982/982
f 984/984/984 1006/1006/1006 985/985/985
f 980/980/980 998/998/998 987/987/987
f 989/989/989 986/986/986 985/985/985
f 959/959/959 995/995/995 990/990/990
f 992/992/992 1150/1150/1150 993/993/993
f 995/995/995 1008/1008/1008 996/996/996
f 977/977/977 994/994/994 993/993/993
f 998/998/998 1003/1003/1003 999/999/999
f 1000/1000/1000 1151/1151/1151 1001/1001/1001
f 1003/1003/1003 1152/1152/1152 1004/1004/1004
f 984/984/984 1153/1153/1153 1005/1005/1005
f 1007/1007/1007 1154/1154/1154 996/996/996
