# Cube -- imported by tools/import_asset_pack.py from Baton3.fbx
o __pending__
v 0.000000 0.203882 -0.010682
v 0.007553 0.192498 -0.007553
v 0.000000 0.192498 -0.010682
v 0.007553 0.203882 -0.007553
v 0.010682 0.192498 0.000000
v 0.007553 0.192498 -0.007553
v 0.010682 0.203882 0.000000
v 0.007553 0.192498 0.007553
v 0.010682 0.192498 0.000000
v 0.007553 0.203882 0.007553
v 0.000000 0.192498 0.010682
v 0.007553 0.192498 0.007553
v 0.000000 0.203882 0.010682
v -0.007553 0.192498 0.007553
v 0.000000 0.192498 0.010682
v -0.007553 0.203882 0.007553
v -0.010682 0.192498 0.000000
v -0.007553 0.192498 0.007553
v 0.010682 0.205577 0.000000
v 0.010682 0.203882 0.000000
v -0.010682 0.203882 0.000000
v -0.007553 0.192498 -0.007553
v -0.010682 0.192498 0.000000
v -0.007553 0.203882 -0.007553
v 0.000000 0.192498 -0.010682
v -0.007553 0.192498 -0.007553
v 0.000000 0.041798 -0.009753
v -0.007845 0.040459 -0.007845
v -0.006897 0.041798 -0.006897
v 0.007553 0.205577 0.007553
v 0.000000 0.205577 0.008992
v 0.000000 0.205577 0.010682
v -0.007553 0.205577 0.007553
v -0.007553 0.203882 0.007553
v 0.000000 0.205577 -0.010682
v 0.000000 0.203882 -0.010682
v 0.007553 0.205577 -0.007553
v 0.007553 0.203882 -0.007553
v 0.007553 0.205577 0.007553
v 0.007553 0.203882 0.007553
v -0.010682 0.205577 0.000000
v -0.010682 0.203882 0.000000
v 0.000000 0.205577 0.010682
v 0.000000 0.203882 0.010682
v -0.007553 0.205577 -0.007553
v -0.007553 0.203882 -0.007553
v 0.000000 0.205577 -0.008992
v -0.005806 0.226810 -0.005806
v 0.000000 0.226810 -0.008211
v 0.007553 0.205577 -0.007553
v 0.008992 0.205577 0.000000
v 0.010682 0.205577 0.000000
v -0.007553 0.205577 -0.007553
v -0.008992 0.205577 0.000000
v -0.006359 0.205577 -0.006359
v -0.007553 0.205577 0.007553
v -0.006359 0.205577 0.006359
v 0.006359 0.205577 0.006359
v 0.000000 0.205577 -0.008992
v 0.006359 0.205577 -0.006359
v 0.000000 0.205577 -0.010682
v -0.010682 0.205577 0.000000
v 0.000000 0.226810 0.008211
v -0.004408 0.229927 0.004408
v -0.005806 0.226810 0.005806
v -0.006359 0.205577 0.006359
v -0.008211 0.226810 0.000000
v -0.008992 0.205577 0.000000
v 0.006359 0.205577 0.006359
v 0.000000 0.226810 0.008211
v 0.000000 0.205577 0.008992
v 0.006359 0.205577 -0.006359
v 0.008211 0.226810 0.000000
v 0.008992 0.205577 0.000000
v -0.008992 0.205577 0.000000
v -0.005806 0.226810 -0.005806
v -0.006359 0.205577 -0.006359
v 0.000000 0.205577 0.008992
v -0.005806 0.226810 0.005806
v -0.006359 0.205577 0.006359
v 0.006359 0.205577 0.006359
v 0.008211 0.226810 0.000000
v 0.005806 0.226810 0.005806
v 0.006359 0.205577 -0.006359
v 0.000000 0.226810 -0.008211
v 0.005806 0.226810 -0.005806
v 0.005806 0.226810 0.005806
v 0.006234 0.229927 0.000000
v 0.004408 0.229927 0.004408
v 0.000000 0.226810 -0.008211
v 0.004408 0.229927 -0.004408
v 0.005806 0.226810 -0.005806
v -0.005806 0.226810 -0.005806
v 0.000000 0.229927 -0.006234
v 0.000000 0.226810 -0.008211
v -0.005806 0.226810 0.005806
v -0.006234 0.229927 0.000000
v -0.008211 0.226810 0.000000
v 0.005806 0.226810 0.005806
v 0.000000 0.229927 0.006234
v 0.000000 0.226810 0.008211
v 0.005806 0.226810 -0.005806
v 0.006234 0.229927 0.000000
v 0.008211 0.226810 0.000000
v -0.005806 0.226810 -0.005806
v -0.006234 0.229927 0.000000
v -0.004408 0.229927 -0.004408
v -0.007845 0.040459 -0.007845
v -0.011095 0.028826 0.000000
v -0.011095 0.040459 0.000000
v 0.006897 0.041798 -0.006897
v 0.000000 0.040459 -0.011095
v 0.000000 0.041798 -0.009753
v 0.006897 0.041798 0.006897
v 0.011095 0.040459 0.000000
v 0.009754 0.041798 0.000000
v -0.009754 0.041798 0.000000
v -0.007845 0.040459 0.007845
v -0.006897 0.041798 0.006897
v 0.000000 0.041798 0.009754
v 0.007845 0.040459 0.007845
v 0.006897 0.041798 0.006897
v -0.006897 0.041798 -0.006897
v -0.011095 0.040459 0.000000
v -0.009754 0.041798 0.000000
v 0.009754 0.041798 0.000000
v 0.007845 0.040459 -0.007845
v 0.006897 0.041798 -0.006897
v -0.006897 0.041798 0.006897
v 0.000000 0.040459 0.011095
v 0.000000 0.041798 0.009754
v 0.007845 0.028826 0.007845
v -0.007845 0.028826 0.007845
v -0.007845 0.028826 -0.007845
v -0.007845 0.040459 0.007845
v 0.000000 0.028826 0.011095
v 0.000000 0.040459 0.011095
v 0.007845 0.040459 0.007845
v 0.011095 0.028826 0.000000
v 0.011095 0.040459 0.000000
v 0.007845 0.040459 -0.007845
v 0.000000 0.028826 -0.011095
v 0.000000 0.040459 -0.011095
v 0.000000 0.040459 -0.011095
v -0.007845 0.028826 -0.007845
v -0.007845 0.040459 -0.007845
v -0.011095 0.040459 0.000000
v -0.007845 0.028826 0.007845
v -0.007845 0.040459 0.007845
v 0.000000 0.040459 0.011095
v 0.007845 0.028826 0.007845
v 0.007845 0.040459 0.007845
v 0.011095 0.040459 0.000000
v 0.007845 0.028826 -0.007845
v 0.007845 0.040459 -0.007845
v -0.006234 0.229822 0.000023
v -0.004408 0.412475 -0.004384
v -0.004408 0.229822 -0.004384
v -0.006234 0.412475 0.000023
v -0.003524 0.414048 0.003548
v -0.004984 0.414048 0.000023
v 0.000000 0.229822 0.006257
v -0.004408 0.412475 0.004431
v -0.004408 0.229822 0.004431
v 0.006234 0.229822 0.000023
v 0.004408 0.412475 0.004431
v 0.004408 0.229822 0.004431
v 0.000000 0.229822 -0.006210
v 0.004408 0.412475 -0.004384
v 0.004408 0.229822 -0.004384
v -0.004408 0.229822 -0.004384
v 0.000000 0.412475 -0.006210
v 0.000000 0.229822 -0.006210
v -0.006234 0.229822 0.000023
v -0.004408 0.412475 0.004431
v -0.006234 0.412475 0.000023
v 0.004408 0.229822 0.004431
v 0.000000 0.412475 0.006257
v 0.000000 0.229822 0.006257
v 0.004408 0.229822 -0.004384
v 0.006234 0.412475 0.000023
v 0.006234 0.229822 0.000023
v 0.004408 0.412475 0.004431
v 0.000000 0.414048 0.005007
v 0.000000 0.412475 0.006257
v 0.004408 0.412475 -0.004384
v 0.004984 0.414048 0.000023
v 0.006234 0.412475 0.000023
v -0.006234 0.412475 0.000023
v -0.003524 0.414048 -0.003501
v -0.004408 0.412475 -0.004384
v -0.004408 0.412475 0.004431
v 0.000000 0.414048 0.005007
v -0.003524 0.414048 0.003548
v 0.006234 0.412475 0.000023
v 0.003524 0.414048 0.003548
v 0.004408 0.412475 0.004431
v 0.004408 0.412475 -0.004384
v 0.000000 0.414048 -0.004961
v 0.003524 0.414048 -0.003501
v -0.004408 0.412475 -0.004384
v 0.000000 0.414048 -0.004961
v 0.000000 0.412475 -0.006210
v 0.000000 0.413976 -0.004955
v 0.003524 0.570730 -0.003496
v 0.003524 0.413976 -0.003496
v -0.004984 0.570730 0.000029
v -0.003524 0.571261 -0.003496
v -0.003524 0.570730 -0.003496
v -0.003524 0.413976 -0.003496
v 0.000000 0.570730 -0.004955
v 0.000000 0.413976 -0.004955
v -0.003524 0.413976 0.003553
v -0.004984 0.570730 0.000029
v -0.004984 0.413976 0.000029
v 0.003524 0.413976 0.003553
v 0.000000 0.570730 0.005013
v 0.000000 0.413976 0.005013
v 0.003524 0.413976 -0.003496
v 0.004984 0.570730 0.000029
v 0.004984 0.413976 0.000029
v -0.004984 0.413976 0.000029
v -0.003524 0.413976 -0.003496
v 0.000000 0.413976 0.005013
v -0.003524 0.570730 0.003553
v -0.003524 0.413976 0.003553
v 0.004984 0.413976 0.000029
v 0.003524 0.570730 0.003553
v 0.003524 0.413976 0.003553
v 0.004984 0.571261 0.000029
v 0.005164 0.571261 -0.005136
v 0.007303 0.571261 0.000029
v 0.000000 0.570730 0.005013
v -0.003524 0.571261 0.003553
v 0.004984 0.570730 0.000029
v 0.003524 0.571261 0.003553
v 0.000000 0.570730 -0.004955
v 0.003524 0.571261 -0.003496
v -0.003524 0.570730 -0.003496
v 0.000000 0.571261 -0.004955
v -0.003524 0.570730 0.003553
v -0.004984 0.571261 0.000029
v 0.003524 0.570730 0.003553
v 0.000000 0.571261 0.005013
v 0.003524 0.570730 -0.003496
v 0.004984 0.571261 0.000029
v 0.007303 0.571261 0.000029
v 0.005164 0.578338 0.005193
v 0.005164 0.571261 0.005193
v -0.004984 0.571261 0.000029
v -0.005164 0.571261 -0.005136
v -0.003524 0.571261 -0.003496
v 0.000000 0.571261 0.005013
v -0.005164 0.571261 0.005193
v -0.003524 0.571261 0.003553
v 0.005164 0.571261 0.005193
v 0.003524 0.571261 0.003553
v 0.000000 0.571261 -0.004955
v 0.003524 0.571261 -0.003496
v 0.000000 0.571261 -0.007275
v -0.007303 0.571261 0.000029
v 0.000000 0.571261 0.007332
v -0.007303 0.578338 0.000029
v -0.002815 0.578826 -0.002787
v -0.005164 0.578338 -0.005136
v 0.000000 0.571261 -0.007275
v 0.005164 0.578338 -0.005136
v 0.005164 0.571261 -0.005136
v -0.005164 0.571261 -0.005136
v 0.000000 0.578338 -0.007275
v 0.000000 0.571261 -0.007275
v -0.005164 0.571261 0.005193
v -0.007303 0.578338 0.000029
v -0.007303 0.571261 0.000029
v 0.005164 0.571261 0.005193
v 0.000000 0.578338 0.007332
v 0.000000 0.571261 0.007332
v 0.005164 0.571261 -0.005136
v 0.007303 0.578338 0.000029
v 0.007303 0.571261 0.000029
v -0.007303 0.571261 0.000029
v -0.005164 0.578338 -0.005136
v -0.005164 0.571261 -0.005136
v 0.000000 0.571261 0.007332
v -0.005164 0.578338 0.005193
v -0.005164 0.571261 0.005193
v 0.002815 0.578826 0.002844
v 0.003981 0.578826 0.000029
v -0.003981 0.578826 0.000029
v 0.000000 0.578338 0.007332
v -0.002815 0.578826 0.002844
v -0.005164 0.578338 0.005193
v 0.005164 0.578338 0.005193
v 0.003981 0.578826 0.000029
v 0.002815 0.578826 0.002844
v 0.000000 0.578338 -0.007275
v 0.002815 0.578826 -0.002787
v 0.005164 0.578338 -0.005136
v -0.005164 0.578338 -0.005136
v 0.000000 0.578826 -0.003953
v 0.000000 0.578338 -0.007275
v -0.005164 0.578338 0.005193
v -0.003981 0.578826 0.000029
v -0.007303 0.578338 0.000029
v 0.005164 0.578338 0.005193
v 0.000000 0.578826 0.004010
v 0.000000 0.578338 0.007332
v 0.005164 0.578338 -0.005136
v 0.003981 0.578826 0.000029
v 0.007303 0.578338 0.000029
v -0.006897 0.050460 -0.006897
v 0.000000 0.041798 -0.009753
v -0.006897 0.041798 -0.006897
v -0.007553 0.192498 0.007553
v -0.000046 0.195230 0.011426
v 0.000000 0.192498 0.010682
v -0.007556 0.069743 -0.007556
v 0.000000 0.059303 -0.010686
v -0.007556 0.059303 -0.007556
v 0.000000 0.069743 -0.010686
v 0.008093 0.069372 -0.008093
v 0.007556 0.069743 -0.007556
v -0.006897 0.088576 -0.006897
v 0.000000 0.080184 -0.010686
v -0.007556 0.080184 -0.007556
v 0.000000 0.155280 -0.009753
v -0.007387 0.155618 -0.007387
v -0.006897 0.155280 -0.006897
v -0.006149 0.109427 -0.006125
v -0.000024 0.100964 -0.008662
v -0.006149 0.100964 -0.006125
v -0.000046 0.184419 0.010667
v -0.008139 0.184048 0.008074
v -0.007602 0.184419 0.007537
v -0.006149 0.126353 -0.006125
v -0.000024 0.117890 -0.008662
v -0.006149 0.117890 -0.006125
v 0.000000 0.059303 -0.010686
v 0.008093 0.059674 -0.008093
v 0.000000 0.059674 -0.011446
v -0.006149 0.143279 -0.006125
v -0.000024 0.134816 -0.008662
v -0.006149 0.134816 -0.006125
v -0.006149 0.143279 -0.006125
v -0.000024 0.142979 -0.009278
v -0.000024 0.143279 -0.008662
v -0.006897 0.164809 -0.006897
v 0.000000 0.155280 -0.009753
v -0.006897 0.155280 -0.006897
v -0.007602 0.173979 0.007537
v -0.000046 0.174350 0.011426
v -0.000046 0.173979 0.010667
v -0.007602 0.184419 -0.007575
v -0.000046 0.173979 -0.010705
v -0.007602 0.173979 -0.007575
v 0.000000 0.050460 -0.009753
v 0.008093 0.048492 -0.008093
v 0.006897 0.050460 -0.006897
v -0.009754 0.050460 0.000000
v -0.006897 0.041798 -0.006897
v -0.009754 0.041798 0.000000
v -0.000024 0.134816 -0.008662
v -0.006584 0.135117 -0.006561
v -0.006149 0.134816 -0.006125
v -0.010686 0.069743 0.000000
v -0.007556 0.059303 -0.007556
v -0.010686 0.059303 0.000000
v -0.000046 0.163539 0.010667
v -0.008139 0.163168 0.008074
v -0.006897 0.164809 0.006897
v -0.010686 0.080184 0.000000
v -0.006897 0.088576 -0.006897
v -0.007556 0.080184 -0.007556
v 0.007553 0.192498 -0.007553
v 0.011399 0.195230 -0.000019
v 0.008047 0.195230 -0.008112
v -0.008686 0.109427 0.000000
v -0.006149 0.100964 -0.006125
v -0.008686 0.100964 0.000000
v -0.006149 0.126353 -0.006125
v -0.000024 0.126053 -0.009278
v -0.000024 0.126353 -0.008662
v -0.008686 0.126353 0.000000
v -0.006149 0.117890 -0.006125
v -0.008686 0.117890 0.000000
v 0.000000 0.155280 0.009754
v -0.007387 0.155618 0.007387
v 0.000000 0.155618 0.010447
v -0.008686 0.143279 0.000000
v -0.006149 0.134816 -0.006125
v -0.008686 0.134816 0.000000
v 0.007510 0.184419 -0.007575
v 0.011399 0.184048 -0.000019
v 0.010640 0.184419 -0.000019
v -0.009754 0.164809 0.000000
v -0.006897 0.155280 -0.006897
v -0.009754 0.155280 0.000000
v -0.000024 0.117890 -0.008662
v -0.006584 0.118191 -0.006561
v -0.006149 0.117890 -0.006125
v -0.010732 0.184419 -0.000019
v -0.007602 0.173979 -0.007575
v -0.010732 0.173979 -0.000019
v -0.000024 0.143279 0.008662
v -0.006584 0.142978 0.006561
v -0.006149 0.143279 0.006125
v -0.006897 0.050460 0.006897
v -0.009754 0.041798 0.000000
v -0.006897 0.041798 0.006897
v 0.010640 0.173979 -0.000019
v 0.008047 0.174350 -0.008112
v 0.007510 0.173979 -0.007575
v -0.007556 0.069743 0.007556
v -0.010686 0.059303 0.000000
v -0.007556 0.059303 0.007556
v -0.006149 0.109427 -0.006125
v -0.000024 0.109127 -0.009278
v -0.000024 0.109427 -0.008662
v -0.007556 0.080184 0.007556
v -0.009754 0.088576 0.000000
v -0.010686 0.080184 0.000000
v -0.006149 0.134816 0.006125
v -0.000024 0.135117 0.009278
v -0.000024 0.134816 0.008662
v -0.006149 0.109427 0.006125
v -0.008686 0.100964 0.000000
v -0.006149 0.100964 0.006125
v 0.007510 0.163539 -0.007575
v 0.011399 0.163168 -0.000019
v 0.010640 0.163539 -0.000019
v -0.006149 0.126353 0.006125
v -0.008686 0.117890 0.000000
v -0.006149 0.117890 0.006125
v -0.006149 0.100964 -0.006125
v 0.000000 0.098444 -0.010447
v -0.006584 0.101265 -0.006561
v -0.006149 0.143279 0.006125
v -0.008686 0.134816 0.000000
v -0.006149 0.134816 0.006125
v -0.000024 0.126353 0.008662
v -0.006584 0.126052 0.006561
v -0.006149 0.126353 0.006125
v -0.006897 0.164809 0.006897
v -0.009754 0.155280 0.000000
v -0.006897 0.155280 0.006897
v 0.009754 0.155280 0.000000
v 0.007387 0.155618 -0.007387
v 0.006897 0.155280 -0.006897
v -0.007602 0.184419 0.007537
v -0.010732 0.173979 -0.000019
v -0.007602 0.173979 0.007537
v -0.006897 0.088576 -0.006897
v 0.000000 0.088238 -0.010447
v 0.000000 0.088577 -0.009753
v 0.000000 0.050460 0.009754
v -0.006897 0.041798 0.006897
v 0.000000 0.041798 0.009754
v -0.006149 0.117890 0.006125
v -0.000024 0.118191 0.009278
v -0.000024 0.117890 0.008662
v 0.000000 0.069743 0.010686
v -0.007556 0.059303 0.007556
v 0.000000 0.059303 0.010686
v 0.006102 0.143279 -0.006125
v 0.009255 0.142978 0.000000
v 0.008639 0.143279 0.000000
v 0.000000 0.080184 0.010686
v -0.006897 0.088576 0.006897
v -0.007556 0.080184 0.007556
v 0.000000 0.080184 -0.010686
v -0.008093 0.080555 -0.008093
v -0.007556 0.080184 -0.007556
v -0.000024 0.109427 0.008662
v -0.006149 0.100964 0.006125
v -0.000024 0.100964 0.008662
v -0.000024 0.109427 0.008662
v -0.006584 0.109126 0.006561
v -0.006149 0.109427 0.006125
v -0.000024 0.126353 0.008662
v -0.006149 0.117890 0.006125
v -0.000024 0.117890 0.008662
v 0.008639 0.134816 0.000000
v 0.006537 0.135117 -0.006561
v 0.006102 0.134816 -0.006125
v -0.000024 0.143279 0.008662
v -0.006149 0.134816 0.006125
v -0.000024 0.134816 0.008662
v 0.000000 0.069743 -0.010686
v -0.008093 0.069372 -0.008093
v 0.000000 0.069372 -0.011446
v -0.000046 0.163539 0.010667
v -0.006897 0.155280 0.006897
v 0.000000 0.155280 0.009754
v -0.006149 0.100964 0.006125
v 0.000000 0.098444 0.010447
v -0.000024 0.100964 0.008662
v -0.000046 0.184419 0.010667
v -0.007602 0.173979 0.007537
v -0.000046 0.173979 0.010667
v 0.006102 0.126353 -0.006125
v 0.009255 0.126052 0.000000
v 0.008639 0.126353 0.000000
v 0.006897 0.050460 0.006897
v 0.000000 0.041798 0.009754
v 0.006897 0.041798 0.006897
v 0.000000 0.059303 -0.010686
v -0.008093 0.059674 -0.008093
v -0.007556 0.059303 -0.007556
v 0.007556 0.069743 0.007556
v 0.000000 0.059303 0.010686
v 0.007556 0.059303 0.007556
v 0.000000 0.088576 0.009754
v -0.007387 0.088238 0.007387
v -0.006897 0.088576 0.006897
v 0.007556 0.080184 0.007556
v 0.000000 0.088576 0.009754
v 0.000000 0.080184 0.010686
v 0.008639 0.117890 0.000000
v 0.006537 0.118191 -0.006561
v 0.006102 0.117890 -0.006125
v 0.006102 0.109427 0.006125
v -0.000024 0.100964 0.008662
v 0.006102 0.100964 0.006125
v -0.006897 0.050460 -0.006897
v 0.000000 0.048492 -0.011446
v 0.000000 0.050460 -0.009753
v 0.006102 0.126353 0.006125
v -0.000024 0.117890 0.008662
v 0.006102 0.117890 0.006125
v -0.007556 0.080184 0.007556
v 0.000000 0.080555 0.011446
v 0.000000 0.080184 0.010686
v 0.006102 0.143279 0.006125
v -0.000024 0.134816 0.008662
v 0.006102 0.134816 0.006125
v 0.006102 0.109427 -0.006125
v 0.009255 0.109126 0.000000
v 0.008639 0.109427 0.000000
v 0.007510 0.163539 0.007537
v 0.000000 0.155280 0.009754
v 0.006897 0.155280 0.006897
v -0.007556 0.069743 0.007556
v 0.000000 0.069372 0.011446
v -0.008093 0.069372 0.008093
v 0.007510 0.184419 0.007537
v -0.000046 0.173979 0.010667
v 0.007510 0.173979 0.007537
v 0.008639 0.100964 0.000000
v 0.007387 0.098444 -0.007387
v 0.006102 0.100964 -0.006125
v 0.009754 0.050460 0.000000
v 0.006897 0.041798 0.006897
v 0.009754 0.041798 0.000000
v 0.000000 0.059303 0.010686
v -0.008093 0.059674 0.008093
v 0.000000 0.059674 0.011446
v 0.010686 0.069743 0.000000
v 0.007556 0.059303 0.007556
v 0.010686 0.059303 0.000000
v 0.009754 0.088576 0.000000
v 0.007387 0.088238 -0.007387
v 0.010447 0.088238 0.000000
v 0.010686 0.080184 0.000000
v 0.006897 0.088576 0.006897
v 0.007556 0.080184 0.007556
v 0.000000 0.050460 0.009754
v -0.008093 0.048492 0.008093
v -0.006897 0.050460 0.006897
v 0.008639 0.109427 0.000000
v 0.006102 0.100964 0.006125
v 0.008639 0.100964 0.000000
v 0.010686 0.080184 0.000000
v 0.008093 0.080555 -0.008093
v 0.007556 0.080184 -0.007556
v 0.008639 0.126353 0.000000
v 0.006102 0.117890 0.006125
v 0.008639 0.117890 0.000000
v -0.010682 0.192498 0.000000
v -0.008139 0.195230 0.008074
v -0.007553 0.192498 0.007553
v 0.008639 0.143279 0.000000
v 0.006102 0.134816 0.006125
v 0.008639 0.134816 0.000000
v 0.010686 0.069743 0.000000
v 0.008093 0.069372 -0.008093
v 0.011446 0.069372 0.000000
v 0.009754 0.155280 0.000000
v 0.007510 0.163539 0.007537
v 0.006897 0.155280 0.006897
v -0.010732 0.184419 -0.000019
v -0.008139 0.184048 0.008074
v -0.011492 0.184048 -0.000019
v 0.010640 0.184419 -0.000019
v 0.007510 0.173979 0.007537
v 0.010640 0.173979 -0.000019
v 0.007556 0.059303 -0.007556
v 0.011446 0.059674 0.000000
v 0.008093 0.059674 -0.008093
v 0.006897 0.050460 -0.006897
v 0.009754 0.041798 0.000000
v 0.006897 0.041798 -0.006897
v -0.010732 0.173979 -0.000019
v -0.008139 0.174350 0.008074
v -0.007602 0.173979 0.007537
v 0.007556 0.069743 -0.007556
v 0.010686 0.059303 0.000000
v 0.007556 0.059303 -0.007556
v 0.006897 0.050460 -0.006897
v 0.011446 0.048492 0.000000
v 0.009754 0.050460 0.000000
v 0.007556 0.080184 -0.007556
v 0.009754 0.088576 0.000000
v 0.010686 0.080184 0.000000
v -0.009754 0.164809 0.000000
v -0.008139 0.163168 0.008074
v -0.011492 0.163168 -0.000019
v 0.006102 0.109427 -0.006125
v 0.008639 0.100964 0.000000
v 0.006102 0.100964 -0.006125
v 0.007553 0.192498 0.007553
v 0.011399 0.195230 -0.000019
v 0.010682 0.192498 0.000000
v 0.006102 0.126353 -0.006125
v 0.008639 0.117890 0.000000
v 0.006102 0.117890 -0.006125
v -0.009754 0.155280 0.000000
v -0.007387 0.155618 0.007387
v -0.006897 0.155280 0.006897
v 0.006102 0.143279 -0.006125
v 0.008639 0.134816 0.000000
v 0.006102 0.134816 -0.006125
v 0.010640 0.184419 -0.000019
v 0.008047 0.184048 0.008074
v 0.007510 0.184419 0.007537
v 0.006897 0.155280 -0.006897
v 0.010640 0.163539 -0.000019
v 0.009754 0.155280 0.000000
v -0.006149 0.143279 0.006125
v -0.009302 0.142978 0.000000
v -0.008686 0.143279 0.000000
v 0.007510 0.184419 -0.007575
v 0.010640 0.173979 -0.000019
v 0.007510 0.173979 -0.007575
v 0.007510 0.173979 0.007537
v 0.011399 0.174350 -0.000019
v 0.010640 0.173979 -0.000019
v 0.000000 0.050460 -0.009753
v 0.006897 0.041798 -0.006897
v 0.000000 0.041798 -0.009753
v -0.008686 0.134816 0.000000
v -0.006584 0.135117 0.006561
v -0.006149 0.134816 0.006125
v 0.000000 0.059303 -0.010686
v 0.007556 0.069743 -0.007556
v 0.007556 0.059303 -0.007556
v 0.010640 0.163539 -0.000019
v 0.008047 0.163168 0.008074
v 0.007510 0.163539 0.007537
v 0.000000 0.080184 -0.010686
v 0.006897 0.088576 -0.006897
v 0.007556 0.080184 -0.007556
v -0.006149 0.126353 0.006125
v -0.009302 0.126052 0.000000
v -0.008686 0.126353 0.000000
v -0.000024 0.100964 -0.008662
v 0.006102 0.109427 -0.006125
v 0.006102 0.100964 -0.006125
v 0.009754 0.155280 0.000000
v 0.007387 0.155618 0.007387
v 0.010447 0.155618 0.000000
v -0.000024 0.117890 -0.008662
v 0.006102 0.126353 -0.006125
v 0.006102 0.117890 -0.006125
v -0.008686 0.117890 0.000000
v -0.006584 0.118191 0.006561
v -0.006149 0.117890 0.006125
v -0.000024 0.134816 -0.008662
v 0.006102 0.143279 -0.006125
v 0.006102 0.134816 -0.006125
v 0.008639 0.143279 0.000000
v 0.006537 0.142978 0.006561
v 0.006102 0.143279 0.006125
v 0.000000 0.155280 -0.009753
v 0.007510 0.163539 -0.007575
v 0.006897 0.155280 -0.006897
v -0.006149 0.109427 0.006125
v -0.009302 0.109126 0.000000
v -0.008686 0.109427 0.000000
v -0.000046 0.173979 -0.010705
v 0.007510 0.184419 -0.007575
v 0.007510 0.173979 -0.007575
v 0.006102 0.134816 0.006125
v 0.009255 0.135117 0.000000
v 0.008639 0.134816 0.000000
v -0.008093 0.059674 -0.008093
v 0.000000 0.048492 -0.011446
v -0.008093 0.048492 -0.008093
v -0.008093 0.080555 -0.008093
v 0.000000 0.069372 -0.011446
v -0.008093 0.069372 -0.008093
v -0.007387 0.088238 -0.007387
v 0.000000 0.098444 -0.010447
v 0.000000 0.088238 -0.010447
v -0.006584 0.118191 -0.006561
v -0.000024 0.109127 -0.009278
v -0.006584 0.109126 -0.006561
v -0.006584 0.135117 -0.006561
v -0.000024 0.126053 -0.009278
v -0.006584 0.126052 -0.006561
v -0.007387 0.155618 -0.007387
v -0.000024 0.142979 -0.009278
v -0.006584 0.142978 -0.006561
v -0.008139 0.174350 -0.008112
v -0.000046 0.163168 -0.011465
v -0.008139 0.163168 -0.008112
v -0.008139 0.195230 -0.008112
v -0.000046 0.184048 -0.011465
v -0.008139 0.184048 -0.008112
v -0.011446 0.059674 0.000000
v -0.008093 0.048492 -0.008093
v -0.011446 0.048492 0.000000
v -0.011446 0.080555 0.000000
v -0.008093 0.069372 -0.008093
v -0.011446 0.069372 0.000000
v -0.010447 0.088238 0.000000
v -0.006584 0.101265 -0.006561
v -0.007387 0.088238 -0.007387
v -0.009302 0.118191 0.000000
v -0.006584 0.109126 -0.006561
v -0.009302 0.109126 0.000000
v -0.009302 0.135117 0.000000
v -0.006584 0.126052 -0.006561
v -0.009302 0.126052 0.000000
v -0.010447 0.155618 0.000000
v -0.006584 0.142978 -0.006561
v -0.009302 0.142978 0.000000
v -0.011492 0.174350 -0.000019
v -0.008139 0.163168 -0.008112
v -0.011492 0.163168 -0.000019
v -0.011492 0.195230 -0.000019
v -0.008139 0.184048 -0.008112
v -0.011492 0.184048 -0.000019
v -0.008093 0.059674 0.008093
v -0.011446 0.048492 0.000000
v -0.008093 0.048492 0.008093
v -0.008093 0.080555 0.008093
v -0.011446 0.069372 0.000000
v -0.008093 0.069372 0.008093
v -0.006584 0.101265 0.006561
v -0.010447 0.088238 0.000000
v -0.007387 0.088238 0.007387
v -0.006584 0.118191 0.006561
v -0.009302 0.109126 0.000000
v -0.006584 0.109126 0.006561
v -0.006584 0.135117 0.006561
v -0.009302 0.126052 0.000000
v -0.006584 0.126052 0.006561
v -0.006584 0.142978 0.006561
v -0.010447 0.155618 0.000000
v -0.009302 0.142978 0.000000
v -0.008139 0.174350 0.008074
v -0.011492 0.163168 -0.000019
v -0.008139 0.163168 0.008074
v -0.008139 0.195230 0.008074
v -0.011492 0.184048 -0.000019
v -0.008139 0.184048 0.008074
v 0.000000 0.059674 0.011446
v -0.008093 0.048492 0.008093
v 0.000000 0.048492 0.011446
v 0.000000 0.080555 0.011446
v -0.008093 0.069372 0.008093
v 0.000000 0.069372 0.011446
v 0.000000 0.098444 0.010447
v -0.007387 0.088238 0.007387
v 0.000000 0.088238 0.010447
v -0.000024 0.118191 0.009278
v -0.006584 0.109126 0.006561
v -0.000024 0.109126 0.009278
v -0.000024 0.135117 0.009278
v -0.006584 0.126052 0.006561
v -0.000024 0.126052 0.009278
v -0.000024 0.142978 0.009278
v -0.007387 0.155618 0.007387
v -0.006584 0.142978 0.006561
v -0.000046 0.174350 0.011426
v -0.008139 0.163168 0.008074
v -0.000046 0.163168 0.011426
v -0.000046 0.195230 0.011426
v -0.008139 0.184048 0.008074
v -0.000046 0.184048 0.011426
v 0.008093 0.059674 0.008093
v 0.000000 0.048492 0.011446
v 0.008093 0.048492 0.008093
v 0.008093 0.080555 0.008093
v 0.000000 0.069372 0.011446
v 0.008093 0.069372 0.008093
v 0.007387 0.098444 0.007387
v 0.000000 0.088238 0.010447
v 0.007387 0.088238 0.007387
v 0.006537 0.118191 0.006561
v -0.000024 0.109126 0.009278
v 0.006537 0.109126 0.006561
v 0.006537 0.135117 0.006561
v -0.000024 0.126052 0.009278
v 0.006537 0.126052 0.006561
v 0.006537 0.142978 0.006561
v 0.000000 0.155618 0.010447
v -0.000024 0.142978 0.009278
v 0.008047 0.174350 0.008074
v -0.000046 0.163168 0.011426
v 0.008047 0.163168 0.008074
v 0.008047 0.195230 0.008074
v -0.000046 0.184048 0.011426
v 0.008047 0.184048 0.008074
v 0.011446 0.059674 0.000000
v 0.008093 0.048492 0.008093
v 0.011446 0.048492 0.000000
v 0.011446 0.080555 0.000000
v 0.008093 0.069372 0.008093
v 0.011446 0.069372 0.000000
v 0.010447 0.098444 0.000000
v 0.007387 0.088238 0.007387
v 0.010447 0.088238 0.000000
v 0.009255 0.118191 0.000000
v 0.006537 0.109126 0.006561
v 0.009255 0.109126 0.000000
v 0.009255 0.135117 0.000000
v 0.006537 0.126052 0.006561
v 0.009255 0.126052 0.000000
v 0.009255 0.142978 0.000000
v 0.007387 0.155618 0.007387
v 0.006537 0.142978 0.006561
v 0.011399 0.174350 -0.000019
v 0.008047 0.163168 0.008074
v 0.011399 0.163168 -0.000019
v 0.011399 0.195230 -0.000019
v 0.008047 0.184048 0.008074
v 0.011399 0.184048 -0.000019
v 0.008093 0.059674 -0.008093
v 0.011446 0.048492 0.000000
v 0.008093 0.048492 -0.008093
v 0.008093 0.080555 -0.008093
v 0.011446 0.069372 0.000000
v 0.008093 0.069372 -0.008093
v 0.007387 0.098444 -0.007387
v 0.010447 0.088238 0.000000
v 0.007387 0.088238 -0.007387
v 0.006537 0.118191 -0.006561
v 0.009255 0.109126 0.000000
v 0.006537 0.109126 -0.006561
v 0.006537 0.135117 -0.006561
v 0.009255 0.126052 0.000000
v 0.006537 0.126052 -0.006561
v 0.007387 0.155618 -0.007387
v 0.009255 0.142978 0.000000
v 0.006537 0.142978 -0.006561
v 0.008047 0.174350 -0.008112
v 0.011399 0.163168 -0.000019
v 0.008047 0.163168 -0.008112
v 0.008047 0.195230 -0.008112
v 0.011399 0.184048 -0.000019
v 0.008047 0.184048 -0.008112
v 0.000000 0.048492 -0.011446
v 0.008093 0.059674 -0.008093
v 0.008093 0.048492 -0.008093
v 0.000000 0.069372 -0.011446
v 0.008093 0.080555 -0.008093
v 0.008093 0.069372 -0.008093
v 0.000000 0.088238 -0.010447
v 0.007387 0.098444 -0.007387
v 0.007387 0.088238 -0.007387
v -0.000024 0.109127 -0.009278
v 0.006537 0.118191 -0.006561
v 0.006537 0.109126 -0.006561
v -0.000024 0.126053 -0.009278
v 0.006537 0.135117 -0.006561
v 0.006537 0.126052 -0.006561
v 0.000000 0.155618 -0.010447
v 0.006537 0.142978 -0.006561
v -0.000024 0.142979 -0.009278
v -0.000046 0.163168 -0.011465
v 0.008047 0.174350 -0.008112
v 0.008047 0.163168 -0.008112
v -0.000046 0.184048 -0.011465
v 0.008047 0.195230 -0.008112
v 0.008047 0.184048 -0.008112
v -0.006897 0.164809 -0.006897
v -0.000046 0.163168 -0.011465
v 0.000000 0.164809 -0.009753
v 0.007556 0.080184 -0.007556
v 0.000000 0.080555 -0.011446
v 0.000000 0.080184 -0.010686
v 0.006897 0.050460 0.006897
v 0.000000 0.048492 0.011446
v 0.000000 0.050460 0.009754
v -0.000046 0.173979 -0.010705
v -0.008139 0.174350 -0.008112
v -0.007602 0.173979 -0.007575
v 0.006897 0.088576 -0.006897
v 0.000000 0.088238 -0.010447
v 0.007387 0.088238 -0.007387
v 0.007556 0.059303 0.007556
v 0.000000 0.059674 0.011446
v 0.008093 0.059674 0.008093
v -0.007602 0.184419 -0.007575
v -0.000046 0.184048 -0.011465
v -0.000046 0.184419 -0.010705
v 0.006102 0.100964 -0.006125
v 0.000000 0.098444 -0.010447
v -0.000024 0.100964 -0.008662
v 0.000000 0.069743 0.010686
v 0.008093 0.069372 0.008093
v 0.000000 0.069372 0.011446
v -0.007553 0.192498 -0.007553
v -0.000046 0.195230 -0.011465
v -0.008139 0.195230 -0.008112
v 0.006102 0.109427 -0.006125
v -0.000024 0.109127 -0.009278
v 0.006537 0.109126 -0.006561
v 0.000000 0.080184 0.010686
v 0.008093 0.080555 0.008093
v 0.007556 0.080184 0.007556
v -0.009754 0.050460 0.000000
v -0.008093 0.048492 -0.008093
v -0.006897 0.050460 -0.006897
v -0.000024 0.117890 -0.008662
v 0.006537 0.118191 -0.006561
v -0.000024 0.118191 -0.009278
v 0.000000 0.088576 0.009754
v 0.007387 0.088238 0.007387
v 0.000000 0.088238 0.010447
v -0.010686 0.059303 0.000000
v -0.008093 0.059674 -0.008093
v -0.011446 0.059674 0.000000
v -0.000024 0.126353 -0.008662
v 0.006537 0.126052 -0.006561
v 0.006102 0.126353 -0.006125
v 0.006102 0.100964 0.006125
v 0.000000 0.098444 0.010447
v 0.007387 0.098444 0.007387
v -0.007556 0.069743 -0.007556
v -0.011446 0.069372 0.000000
v -0.008093 0.069372 -0.008093
v -0.000024 0.134816 -0.008662
v 0.006537 0.135117 -0.006561
v -0.000024 0.135117 -0.009278
v -0.000024 0.109427 0.008662
v 0.006537 0.109126 0.006561
v -0.000024 0.109126 0.009278
v -0.007556 0.080184 -0.007556
v -0.011446 0.080555 0.000000
v -0.010686 0.080184 0.000000
v -0.000024 0.143279 -0.008662
v 0.006537 0.142978 -0.006561
v 0.006102 0.143279 -0.006125
v -0.000024 0.117890 0.008662
v 0.006537 0.118191 0.006561
v 0.006102 0.117890 0.006125
v -0.009754 0.088576 0.000000
v -0.007387 0.088238 -0.007387
v -0.006897 0.088576 -0.006897
v 0.000000 0.155280 -0.009753
v 0.007387 0.155618 -0.007387
v 0.000000 0.155618 -0.010447
v -0.000024 0.126353 0.008662
v 0.006537 0.126052 0.006561
v -0.000024 0.126052 0.009278
v -0.006149 0.100964 -0.006125
v -0.009302 0.101265 0.000000
v -0.008686 0.100964 0.000000
v 0.007510 0.163539 -0.007575
v -0.000046 0.163168 -0.011465
v 0.008047 0.163168 -0.008112
v -0.000024 0.134816 0.008662
v 0.006537 0.135117 0.006561
v 0.006102 0.134816 0.006125
v -0.008686 0.109427 0.000000
v -0.006584 0.109126 -0.006561
v -0.006149 0.109427 -0.006125
v 0.007510 0.173979 -0.007575
v -0.000046 0.174350 -0.011465
v -0.000046 0.173979 -0.010705
v -0.000024 0.143279 0.008662
v 0.006537 0.142978 0.006561
v -0.000024 0.142978 0.009278
v -0.006149 0.117890 -0.006125
v -0.009302 0.118191 0.000000
v -0.008686 0.117890 0.000000
v -0.000046 0.184419 -0.010705
v 0.008047 0.184048 -0.008112
v 0.007510 0.184419 -0.007575
v 0.000000 0.155280 0.009754
v 0.007387 0.155618 0.007387
v 0.006897 0.155280 0.006897
v -0.008686 0.126353 0.000000
v -0.006584 0.126052 -0.006561
v -0.006149 0.126353 -0.006125
v 0.000000 0.192498 -0.010682
v 0.008047 0.195230 -0.008112
v -0.000046 0.195230 -0.011465
v 0.007510 0.163539 0.007537
v -0.000046 0.163168 0.011426
v -0.000046 0.163539 0.010667
v -0.006149 0.134816 -0.006125
v -0.009302 0.135117 0.000000
v -0.008686 0.134816 0.000000
v -0.000046 0.173979 0.010667
v 0.008047 0.174350 0.008074
v 0.007510 0.173979 0.007537
v -0.008686 0.143279 0.000000
v -0.006584 0.142978 -0.006561
v -0.006149 0.143279 -0.006125
v 0.007510 0.184419 0.007537
v -0.000046 0.184048 0.011426
v -0.000046 0.184419 0.010667
v -0.009754 0.155280 0.000000
v -0.007387 0.155618 -0.007387
v -0.010447 0.155618 0.000000
v 0.000000 0.192498 0.010682
v 0.008047 0.195230 0.008074
v 0.007553 0.192498 0.007553
v -0.009754 0.164809 0.000000
v -0.008139 0.163168 -0.008112
v -0.006897 0.164809 -0.006897
v 0.009754 0.050460 0.000000
v 0.008093 0.048492 0.008093
v 0.006897 0.050460 0.006897
v -0.010732 0.173979 -0.000019
v -0.008139 0.174350 -0.008112
v -0.011492 0.174350 -0.000019
v 0.010686 0.059303 0.000000
v 0.008093 0.059674 0.008093
v 0.011446 0.059674 0.000000
v -0.010732 0.184419 -0.000019
v -0.008139 0.184048 -0.008112
v -0.007602 0.184419 -0.007575
v 0.007556 0.069743 0.007556
v 0.011446 0.069372 0.000000
v 0.008093 0.069372 0.008093
v -0.010682 0.192498 0.000000
v -0.008139 0.195230 -0.008112
v -0.011492 0.195230 -0.000019
v 0.007556 0.080184 0.007556
v 0.011446 0.080555 0.000000
v 0.010686 0.080184 0.000000
v -0.006897 0.050460 0.006897
v -0.011446 0.048492 0.000000
v -0.009754 0.050460 0.000000
v 0.009754 0.088576 0.000000
v 0.007387 0.088238 0.007387
v 0.006897 0.088576 0.006897
v -0.007556 0.059303 0.007556
v -0.011446 0.059674 0.000000
v -0.008093 0.059674 0.008093
v 0.008639 0.100964 0.000000
v 0.007387 0.098444 0.007387
v 0.010447 0.098444 0.000000
v -0.010686 0.069743 0.000000
v -0.008093 0.069372 0.008093
v -0.011446 0.069372 0.000000
v 0.008639 0.109427 0.000000
v 0.006537 0.109126 0.006561
v 0.006102 0.109427 0.006125
v -0.010686 0.080184 0.000000
v -0.008093 0.080555 0.008093
v -0.007556 0.080184 0.007556
v 0.006102 0.117890 0.006125
v 0.009255 0.118191 0.000000
v 0.008639 0.117890 0.000000
v -0.009754 0.088576 0.000000
v -0.007387 0.088238 0.007387
v -0.010447 0.088238 0.000000
v 0.008639 0.126353 0.000000
v 0.006537 0.126052 0.006561
v 0.006102 0.126353 0.006125
v -0.008686 0.100964 0.000000
v -0.006584 0.101265 0.006561
v -0.006149 0.100964 0.006125
v 0.007553 0.205577 -0.007553
v 0.000000 0.040459 -0.011095
v 0.000000 0.205577 0.010682
v -0.007553 0.205577 -0.007553
v 0.000000 0.205577 -0.010682
v 0.010682 0.205577 0.000000
v -0.007553 0.205577 0.007553
v 0.007553 0.205577 0.007553
v -0.010682 0.205577 0.000000
v -0.006359 0.205577 -0.006359
v 0.000000 0.229927 0.006234
v -0.005806 0.226810 0.005806
v 0.005806 0.226810 0.005806
v 0.005806 0.226810 -0.005806
v -0.008211 0.226810 0.000000
v 0.000000 0.226810 0.008211
v 0.008992 0.205577 0.000000
v 0.000000 0.205577 -0.008992
v 0.008211 0.226810 0.000000
v 0.000000 0.229927 -0.006234
v -0.004408 0.229927 -0.004408
v -0.004408 0.229927 0.004408
v 0.004408 0.229927 0.004408
v 0.004408 0.229927 -0.004408
v -0.008211 0.226810 0.000000
v -0.007845 0.028826 -0.007845
v 0.007845 0.040459 -0.007845
v 0.007845 0.040459 0.007845
v -0.011095 0.040459 0.000000
v 0.000000 0.040459 0.011095
v -0.007845 0.040459 -0.007845
v 0.011095 0.040459 0.000000
v -0.007845 0.040459 0.007845
v 0.000000 0.028826 -0.011095
v 0.007845 0.028826 -0.007845
v 0.011095 0.028826 0.000000
v 0.000000 0.028826 0.011095
v -0.011095 0.028826 0.000000
v -0.007845 0.028826 0.007845
v 0.007845 0.028826 0.007845
v 0.007845 0.028826 -0.007845
v 0.000000 0.028826 -0.011095
v -0.011095 0.028826 0.000000
v 0.000000 0.028826 0.011095
v 0.011095 0.028826 0.000000
v -0.006234 0.412475 0.000023
v -0.004408 0.412475 0.004431
v 0.000000 0.412475 0.006257
v 0.006234 0.412475 0.000023
v 0.000000 0.412475 -0.006210
v -0.004408 0.412475 -0.004384
v -0.004408 0.229822 0.004431
v 0.004408 0.412475 0.004431
v 0.004408 0.412475 -0.004384
v 0.003524 0.414048 0.003548
v 0.003524 0.414048 -0.003501
v -0.004984 0.414048 0.000023
v 0.000000 0.412475 0.006257
v 0.004984 0.414048 0.000023
v 0.000000 0.412475 -0.006210
v -0.003524 0.414048 -0.003501
v -0.004984 0.571261 0.000029
v 0.000000 0.571261 0.005013
v 0.004984 0.571261 0.000029
v 0.000000 0.571261 -0.004955
v -0.003524 0.571261 -0.003496
v -0.003524 0.571261 0.003553
v 0.003524 0.571261 0.003553
v 0.003524 0.571261 -0.003496
v 0.007303 0.578338 0.000029
v -0.003981 0.578826 0.000029
v 0.000000 0.578338 -0.007275
v -0.005164 0.578338 -0.005136
v -0.005164 0.578338 0.005193
v 0.005164 0.578338 0.005193
v 0.005164 0.578338 -0.005136
v -0.007303 0.578338 0.000029
v 0.000000 0.578338 0.007332
v 0.002815 0.578826 -0.002787
v 0.000000 0.578826 -0.003953
v -0.002815 0.578826 -0.002787
v -0.002815 0.578826 0.002844
v 0.000000 0.578826 0.004010
v 0.000000 0.578826 0.004010
v 0.007303 0.578338 0.000029
v 0.000000 0.578826 -0.003953
v -0.002815 0.578826 -0.002787
v -0.002815 0.578826 0.002844
v 0.002815 0.578826 0.002844
v 0.002815 0.578826 -0.002787
v 0.000000 0.050460 -0.009753
v -0.008139 0.195230 0.008074
v 0.000000 0.069743 -0.010686
v 0.000000 0.069372 -0.011446
v 0.000000 0.088577 -0.009753
v 0.000000 0.155618 -0.010447
v -0.000024 0.109427 -0.008662
v -0.000046 0.184048 0.011426
v -0.000024 0.126353 -0.008662
v 0.007556 0.059303 -0.007556
v -0.000024 0.143279 -0.008662
v -0.006584 0.142978 -0.006561
v 0.000000 0.164809 -0.009753
v -0.008139 0.174350 0.008074
v -0.000046 0.184419 -0.010705
v 0.000000 0.048492 -0.011446
v -0.006897 0.050460 -0.006897
v -0.000024 0.135117 -0.009278
v -0.007556 0.069743 -0.007556
v -0.000046 0.163168 0.011426
v -0.009754 0.088576 0.000000
v 0.010682 0.192498 0.000000
v -0.006149 0.109427 -0.006125
v -0.006584 0.126052 -0.006561
v -0.006149 0.126353 -0.006125
v -0.006897 0.155280 0.006897
v -0.006149 0.143279 -0.006125
v 0.008047 0.184048 -0.008112
v -0.006897 0.164809 -0.006897
v -0.000024 0.118191 -0.009278
v -0.007602 0.184419 -0.007575
v -0.000024 0.142978 0.009278
v -0.009754 0.050460 0.000000
v 0.011399 0.174350 -0.000019
v -0.010686 0.069743 0.000000
v -0.006584 0.109126 -0.006561
v -0.006897 0.088576 0.006897
v -0.006584 0.135117 0.006561
v -0.008686 0.109427 0.000000
v 0.008047 0.163168 -0.008112
v -0.008686 0.126353 0.000000
v -0.000024 0.100964 -0.008662
v -0.008686 0.143279 0.000000
v -0.000024 0.126052 0.009278
v -0.009754 0.164809 0.000000
v 0.010447 0.155618 0.000000
v -0.010732 0.184419 -0.000019
v -0.007387 0.088238 -0.007387
v -0.006897 0.050460 0.006897
v -0.006584 0.118191 0.006561
v -0.007556 0.069743 0.007556
v 0.006537 0.142978 -0.006561
v 0.000000 0.088576 0.009754
v 0.000000 0.080555 -0.011446
v -0.006149 0.109427 0.006125
v -0.000024 0.109126 0.009278
v -0.006149 0.126353 0.006125
v 0.009255 0.135117 0.000000
v -0.006149 0.143279 0.006125
v -0.007556 0.069743 -0.007556
v -0.006897 0.164809 0.006897
v -0.006584 0.101265 0.006561
v -0.007602 0.184419 0.007537
v 0.006537 0.126052 -0.006561
v 0.000000 0.050460 0.009754
v 0.000000 0.059674 -0.011446
v 0.000000 0.069743 0.010686
v 0.000000 0.088238 0.010447
v 0.006897 0.088576 0.006897
v 0.009255 0.118191 0.000000
v -0.000024 0.109427 0.008662
v -0.008093 0.048492 -0.008093
v -0.000024 0.126353 0.008662
v -0.008093 0.080555 0.008093
v -0.000024 0.143279 0.008662
v 0.006537 0.109126 -0.006561
v -0.000046 0.163539 0.010667
v 0.000000 0.069743 0.010686
v -0.000046 0.184419 0.010667
v 0.010447 0.098444 0.000000
v 0.006897 0.050460 0.006897
v -0.007556 0.059303 0.007556
v 0.007556 0.069743 0.007556
v 0.006897 0.088576 -0.006897
v 0.009754 0.088576 0.000000
v 0.000000 0.048492 0.011446
v 0.006102 0.109427 0.006125
v 0.011446 0.080555 0.000000
v 0.006102 0.126353 0.006125
v -0.011492 0.195230 -0.000019
v 0.006102 0.143279 0.006125
v 0.007556 0.069743 -0.007556
v 0.010640 0.163539 -0.000019
v -0.007602 0.184419 0.007537
v 0.007510 0.184419 0.007537
v 0.010686 0.059303 0.000000
v 0.009754 0.050460 0.000000
v -0.011492 0.174350 -0.000019
v 0.010686 0.069743 0.000000
v 0.008093 0.048492 -0.008093
v 0.006897 0.088576 -0.006897
v -0.006897 0.164809 0.006897
v 0.008639 0.109427 0.000000
v 0.008047 0.195230 0.008074
v 0.008639 0.126353 0.000000
v -0.010447 0.155618 0.000000
v 0.008639 0.143279 0.000000
v 0.011399 0.184048 -0.000019
v 0.007510 0.163539 -0.007575
v -0.006584 0.142978 0.006561
v 0.010640 0.184419 -0.000019
v 0.008047 0.174350 0.008074
v 0.006897 0.050460 -0.006897
v -0.009302 0.135117 0.000000
v 0.000000 0.069743 -0.010686
v 0.011399 0.163168 -0.000019
v 0.000000 0.088577 -0.009753
v -0.006584 0.126052 0.006561
v -0.000024 0.109427 -0.008662
v 0.006897 0.155280 0.006897
v -0.000024 0.126353 -0.008662
v -0.009302 0.118191 0.000000
v -0.000024 0.143279 -0.008662
v 0.009255 0.142978 0.000000
v 0.000000 0.164809 -0.009753
v -0.006584 0.109126 0.006561
v -0.000046 0.184419 -0.010705
v 0.006537 0.135117 0.006561
v 0.000000 0.059674 -0.011446
v 0.000000 0.080555 -0.011446
v -0.006584 0.101265 -0.006561
v -0.000024 0.118191 -0.009278
v -0.000024 0.135117 -0.009278
v 0.000000 0.155618 -0.010447
v -0.000046 0.174350 -0.011465
v -0.000046 0.195230 -0.011465
v -0.008093 0.059674 -0.008093
v -0.008093 0.080555 -0.008093
v -0.009302 0.101265 0.000000
v -0.006584 0.118191 -0.006561
v -0.006584 0.135117 -0.006561
v -0.007387 0.155618 -0.007387
v -0.008139 0.174350 -0.008112
v -0.008139 0.195230 -0.008112
v -0.011446 0.059674 0.000000
v -0.011446 0.080555 0.000000
v -0.009302 0.101265 0.000000
v -0.009302 0.118191 0.000000
v -0.009302 0.135117 0.000000
v -0.007387 0.155618 0.007387
v -0.011492 0.174350 -0.000019
v -0.011492 0.195230 -0.000019
v -0.008093 0.059674 0.008093
v -0.008093 0.080555 0.008093
v -0.006584 0.101265 0.006561
v -0.006584 0.118191 0.006561
v -0.006584 0.135117 0.006561
v 0.000000 0.155618 0.010447
v -0.008139 0.174350 0.008074
v -0.008139 0.195230 0.008074
v 0.000000 0.059674 0.011446
v 0.000000 0.080555 0.011446
v 0.000000 0.098444 0.010447
v -0.000024 0.118191 0.009278
v -0.000024 0.135117 0.009278
v 0.007387 0.155618 0.007387
v -0.000046 0.174350 0.011426
v -0.000046 0.195230 0.011426
v 0.008093 0.059674 0.008093
v 0.008093 0.080555 0.008093
v 0.007387 0.098444 0.007387
v 0.006537 0.118191 0.006561
v 0.006537 0.135117 0.006561
v 0.010447 0.155618 0.000000
v 0.008047 0.174350 0.008074
v 0.008047 0.195230 0.008074
v 0.011446 0.059674 0.000000
v 0.011446 0.080555 0.000000
v 0.010447 0.098444 0.000000
v 0.009255 0.118191 0.000000
v 0.009255 0.135117 0.000000
v 0.010447 0.155618 0.000000
v 0.011399 0.174350 -0.000019
v 0.011399 0.195230 -0.000019
v 0.000000 0.059674 -0.011446
v 0.000000 0.080555 -0.011446
v 0.000000 0.098444 -0.010447
v -0.000024 0.118191 -0.009278
v -0.000024 0.135117 -0.009278
v 0.007387 0.155618 -0.007387
v -0.000046 0.174350 -0.011465
v -0.000046 0.195230 -0.011465
v -0.008139 0.163168 -0.008112
v 0.008093 0.080555 -0.008093
v 0.008093 0.048492 0.008093
v -0.000046 0.174350 -0.011465
v 0.000000 0.088577 -0.009753
v 0.000000 0.059303 0.010686
v -0.008139 0.184048 -0.008112
v 0.007387 0.098444 -0.007387
v 0.007556 0.069743 0.007556
v 0.000000 0.192498 -0.010682
v -0.000024 0.109427 -0.008662
v 0.000000 0.080555 0.011446
v -0.011446 0.048492 0.000000
v 0.006102 0.117890 -0.006125
v 0.006897 0.088576 0.006897
v -0.007556 0.059303 -0.007556
v -0.000024 0.126053 -0.009278
v -0.000024 0.100964 0.008662
v -0.010686 0.069743 0.000000
v 0.006102 0.134816 -0.006125
v 0.006102 0.109427 0.006125
v -0.008093 0.080555 -0.008093
v -0.000024 0.142979 -0.009278
v -0.000024 0.118191 0.009278
v -0.010447 0.088238 0.000000
v 0.006897 0.155280 -0.006897
v 0.006102 0.126353 0.006125
v -0.006584 0.101265 -0.006561
v 0.000000 0.164809 -0.009753
v -0.000024 0.135117 0.009278
v -0.009302 0.109126 0.000000
v 0.008047 0.174350 -0.008112
v 0.006102 0.143279 0.006125
v -0.006584 0.118191 -0.006561
v -0.000046 0.184048 -0.011465
v 0.000000 0.155618 0.010447
v -0.009302 0.126052 0.000000
v 0.007553 0.192498 -0.007553
v 0.008047 0.163168 0.008074
v -0.006584 0.135117 -0.006561
v -0.000046 0.174350 0.011426
v -0.009302 0.142978 0.000000
v 0.008047 0.184048 0.008074
v -0.006897 0.155280 -0.006897
v -0.000046 0.195230 0.011426
v -0.011492 0.163168 -0.000019
v 0.011446 0.048492 0.000000
v -0.007602 0.173979 -0.007575
v 0.007556 0.059303 0.007556
v -0.011492 0.184048 -0.000019
v 0.010686 0.069743 0.000000
v -0.007553 0.192498 -0.007553
v 0.008093 0.080555 0.008093
v -0.008093 0.048492 0.008093
v 0.010447 0.088238 0.000000
v -0.010686 0.059303 0.000000
v 0.006102 0.100964 0.006125
v -0.007556 0.069743 0.007556
v 0.009255 0.109126 0.000000
v -0.011446 0.080555 0.000000
v 0.006537 0.118191 0.006561
v -0.006897 0.088576 0.006897
v 0.009255 0.126052 0.000000
v -0.009302 0.101265 0.000000
vt 0.691151 0.682082
vt 0.734225 0.703658
vt 0.733626 0.682082
vt 0.691751 0.703658
vt 0.734225 0.734172
vt 0.734225 0.703658
vt 0.691751 0.734172
vt 0.733626 0.755748
vt 0.734225 0.734172
vt 0.087986 0.188213
vt 0.045511 0.157699
vt 0.045511 0.188213
vt 0.087986 0.157699
vt 0.046111 0.136123
vt 0.045511 0.157699
vt 0.902141 0.749427
vt 0.932654 0.706960
vt 0.902141 0.706960
vt 0.685428 0.734172
vt 0.691751 0.734172
vt 0.139847 0.136083
vt 0.183018 0.157709
vt 0.182316 0.136083
vt 0.140549 0.157709
vt 0.183016 0.188223
vt 0.183018 0.157709
vt 0.555948 0.607396
vt 0.526182 0.602250
vt 0.528087 0.607394
vt 0.705410 0.296888
vt 0.681423 0.312638
vt 0.683836 0.318463
vt 0.094908 0.136123
vt 0.088586 0.136123
vt 0.134226 0.188223
vt 0.140547 0.188223
vt 0.685428 0.703658
vt 0.691751 0.703658
vt 0.684829 0.755748
vt 0.691151 0.755748
vt 0.932654 0.755748
vt 0.932654 0.749427
vt 0.094308 0.157699
vt 0.087986 0.157699
vt 0.134228 0.157709
vt 0.140549 0.157709
vt 0.479713 0.896185
vt 0.452457 0.974595
vt 0.475899 0.975394
vt 0.683836 0.244798
vt 0.699585 0.268788
vt 0.705410 0.266375
vt 0.631750 0.266370
vt 0.637575 0.294471
vt 0.637575 0.268783
vt 0.653325 0.318461
vt 0.655737 0.312636
vt 0.699585 0.294475
vt 0.655737 0.250621
vt 0.681423 0.250623
vt 0.653325 0.244796
vt 0.631750 0.296883
vt 0.437404 0.859422
vt 0.456652 0.870989
vt 0.453995 0.859092
vt 0.453995 0.779791
vt 0.477449 0.859422
vt 0.479680 0.780152
vt 0.453993 0.664393
vt 0.477649 0.743962
vt 0.479679 0.664689
vt 0.453988 0.549239
vt 0.478560 0.628530
vt 0.479676 0.549239
vt 0.435824 0.895283
vt 0.452457 0.974595
vt 0.454040 0.895311
vt 0.435824 0.780152
vt 0.453995 0.859092
vt 0.453995 0.779791
vt 0.453993 0.664393
vt 0.437606 0.743962
vt 0.454195 0.743692
vt 0.453988 0.549239
vt 0.438518 0.628991
vt 0.455104 0.628530
vt 0.454195 0.743692
vt 0.444288 0.755748
vt 0.456883 0.755543
vt 0.475899 0.975394
vt 0.485199 0.987978
vt 0.492418 0.976497
vt 0.452457 0.974595
vt 0.472658 0.987141
vt 0.475899 0.975394
vt 0.453995 0.859092
vt 0.474458 0.871240
vt 0.477449 0.859422
vt 0.454195 0.743692
vt 0.474689 0.755748
vt 0.477649 0.743962
vt 0.455104 0.628530
vt 0.475735 0.640350
vt 0.478560 0.628530
vt 0.452457 0.974595
vt 0.442234 0.986516
vt 0.454861 0.986535
vt 0.526182 0.602250
vt 0.503719 0.559584
vt 0.503719 0.602979
vt 0.962860 0.496628
vt 0.958208 0.526338
vt 0.962860 0.524488
vt 0.103978 0.110191
vt 0.108668 0.080387
vt 0.103978 0.082329
vt 0.648585 0.494025
vt 0.618807 0.488876
vt 0.620723 0.494025
vt 0.533499 0.722880
vt 0.503722 0.717758
vt 0.505638 0.722880
vt 0.687168 0.036102
vt 0.682608 0.065851
vt 0.687168 0.063963
vt 0.555912 0.838373
vt 0.526134 0.833251
vt 0.528050 0.838373
vt 0.963074 0.986128
vt 0.967672 0.956288
vt 0.963074 0.958269
vt 0.605289 0.264358
vt 0.551197 0.241947
vt 0.528791 0.296051
vt 0.557826 0.718382
vt 0.535415 0.674357
vt 0.535415 0.717758
vt 0.580238 0.833874
vt 0.557827 0.789850
vt 0.557827 0.833251
vt 0.526134 0.833251
vt 0.503723 0.790472
vt 0.503723 0.833874
vt 0.557875 0.602252
vt 0.526182 0.558855
vt 0.526182 0.602250
vt 0.650501 0.488876
vt 0.618807 0.445482
vt 0.618807 0.488876
vt 0.535415 0.717758
vt 0.503722 0.674357
vt 0.503722 0.717758
vt 0.557827 0.833251
vt 0.526134 0.789850
vt 0.526134 0.833251
vt 0.079055 0.300694
vt 0.091676 0.981640
vt 0.091676 0.300285
vt 0.163924 0.981620
vt 0.147902 0.987637
vt 0.162139 0.987637
vt 0.205775 0.300533
vt 0.218366 0.982337
vt 0.218366 0.300883
vt 0.042420 0.300532
vt 0.055012 0.982337
vt 0.055012 0.300882
vt 0.012022 0.300882
vt 0.024613 0.981987
vt 0.024613 0.300532
vt 0.091676 0.300285
vt 0.109483 0.981641
vt 0.109483 0.300286
vt 0.163924 0.300295
vt 0.146117 0.981620
vt 0.163924 0.981620
vt 0.187968 0.300533
vt 0.205775 0.981987
vt 0.205775 0.300533
vt 0.024613 0.300532
vt 0.042420 0.981987
vt 0.042420 0.300532
vt 0.187967 0.981987
vt 0.203990 0.987978
vt 0.205775 0.981987
vt 0.024613 0.981987
vt 0.040635 0.987978
vt 0.042420 0.981987
vt 0.079055 0.982049
vt 0.093450 0.987651
vt 0.091676 0.981640
vt 0.146117 0.981620
vt 0.137835 0.987978
vt 0.147902 0.987637
vt 0.906526 0.665110
vt 0.902141 0.681163
vt 0.906526 0.682917
vt 0.906892 0.903847
vt 0.911233 0.919944
vt 0.911233 0.905708
vt 0.091676 0.981640
vt 0.107688 0.987652
vt 0.109483 0.981641
vt 0.242409 0.401167
vt 0.252477 0.985716
vt 0.252477 0.400887
vt 0.349172 0.985996
vt 0.359263 0.987651
vt 0.359263 0.985669
vt 0.359263 0.400925
vt 0.373500 0.985670
vt 0.373500 0.400926
vt 0.397543 0.401279
vt 0.411781 0.985996
vt 0.411781 0.401279
vt 0.300824 0.400888
vt 0.315062 0.985716
vt 0.315062 0.400888
vt 0.252477 0.400887
vt 0.266714 0.985716
vt 0.266714 0.400887
vt 0.349172 0.401253
vt 0.359263 0.400925
vt 0.315062 0.400888
vt 0.325129 0.985996
vt 0.325129 0.401168
vt 0.266714 0.400887
vt 0.276781 0.985996
vt 0.276781 0.401167
vt 0.461957 0.122087
vt 0.455204 0.140152
vt 0.469953 0.125400
vt 0.315062 0.985716
vt 0.325129 0.987978
vt 0.266714 0.985716
vt 0.276781 0.987978
vt 0.242409 0.985996
vt 0.252477 0.987699
vt 0.359263 0.985669
vt 0.373500 0.987652
vt 0.397543 0.985996
vt 0.411781 0.987978
vt 0.300824 0.985716
vt 0.315062 0.987698
vt 0.252477 0.985716
vt 0.266714 0.987699
vt 0.913350 0.406687
vt 0.886536 0.421439
vt 0.912940 0.421439
vt 0.427593 0.107850
vt 0.419597 0.125399
vt 0.427593 0.122087
vt 0.451892 0.097783
vt 0.434346 0.089785
vt 0.437658 0.097782
vt 0.469953 0.104537
vt 0.461957 0.107850
vt 0.437658 0.132154
vt 0.451892 0.132155
vt 0.434346 0.140152
vt 0.419597 0.104537
vt 0.455204 0.089785
vt 0.520790 0.123295
vt 0.532220 0.107187
vt 0.520789 0.102432
vt 0.912940 0.371073
vt 0.886945 0.385825
vt 0.913350 0.385825
vt 0.751401 0.048197
vt 0.724999 0.069060
vt 0.751399 0.069060
vt 0.133526 0.016309
vt 0.154388 0.042709
vt 0.154388 0.016309
vt 0.631750 0.065851
vt 0.658155 0.044989
vt 0.631750 0.044989
vt 0.913350 0.385825
vt 0.886945 0.406687
vt 0.913350 0.406687
vt 0.750921 0.033411
vt 0.725001 0.048197
vt 0.751401 0.048197
vt 0.631750 0.044989
vt 0.658565 0.030237
vt 0.632161 0.030237
vt 0.559674 0.118560
vt 0.559673 0.107187
vt 0.532220 0.118560
vt 0.556403 0.138046
vt 0.540262 0.126601
vt 0.535542 0.138046
vt 0.571153 0.123295
vt 0.559673 0.107187
vt 0.559674 0.118560
vt 0.535538 0.087680
vt 0.551632 0.099145
vt 0.556399 0.087680
vt 0.520789 0.102432
vt 0.540260 0.099145
vt 0.535538 0.087680
vt 0.535542 0.138046
vt 0.532220 0.118560
vt 0.520790 0.123295
vt 0.571153 0.123295
vt 0.551634 0.126601
vt 0.556403 0.138046
vt 0.556399 0.087680
vt 0.559673 0.107187
vt 0.571151 0.102432
vt 0.528087 0.639709
vt 0.555948 0.607396
vt 0.528087 0.607394
vt 0.836850 0.608497
vt 0.846754 0.584532
vt 0.836498 0.586915
vt 0.366507 0.164242
vt 0.327564 0.133716
vt 0.327562 0.164242
vt 0.552960 0.418820
vt 0.584592 0.421439
vt 0.583479 0.418820
vt 0.877722 0.733202
vt 0.846705 0.703582
vt 0.846293 0.734105
vt 0.729325 0.868843
vt 0.758191 0.871240
vt 0.757185 0.868843
vt 0.453354 0.523303
vt 0.480439 0.493719
vt 0.455767 0.491825
vt 0.636559 0.679433
vt 0.604984 0.676814
vt 0.606039 0.679433
vt 0.912360 0.293718
vt 0.943928 0.318463
vt 0.943930 0.293718
vt 0.606137 0.564029
vt 0.637726 0.561417
vt 0.605034 0.561417
vt 0.907461 0.963234
vt 0.939029 0.987978
vt 0.939031 0.963234
vt 0.047610 0.256621
vt 0.064247 0.276241
vt 0.065103 0.274118
vt 0.764997 0.298709
vt 0.729829 0.270373
vt 0.729453 0.298232
vt 0.628505 0.868614
vt 0.660095 0.871240
vt 0.659028 0.868614
vt 0.243112 0.155314
vt 0.282054 0.185839
vt 0.282057 0.155314
vt 0.012022 0.104011
vt 0.017856 0.073586
vt 0.012022 0.076155
vt 0.508340 0.640350
vt 0.528087 0.607394
vt 0.508340 0.608035
vt 0.777871 0.753619
vt 0.803508 0.755748
vt 0.802614 0.753619
vt 0.367209 0.185877
vt 0.327562 0.164242
vt 0.328264 0.185877
vt 0.467399 0.342814
vt 0.435825 0.340195
vt 0.438300 0.346029
vt 0.846705 0.755748
vt 0.877722 0.733202
vt 0.846293 0.734105
vt 0.486534 0.188449
vt 0.496367 0.220063
vt 0.496827 0.187371
vt 0.435824 0.522530
vt 0.455767 0.491825
vt 0.438237 0.491052
vt 0.329661 0.254285
vt 0.346298 0.273905
vt 0.347154 0.271783
vt 0.911791 0.276180
vt 0.943930 0.293718
vt 0.943361 0.276180
vt 0.757189 0.801579
vt 0.779294 0.820297
vt 0.758196 0.799196
vt 0.906892 0.945696
vt 0.939031 0.963234
vt 0.938462 0.945696
vt 0.636558 0.753129
vt 0.660785 0.732629
vt 0.658138 0.731544
vt 0.765373 0.318463
vt 0.729453 0.298232
vt 0.729829 0.317986
vt 0.153159 0.214383
vt 0.133526 0.231005
vt 0.135663 0.231879
vt 0.242409 0.133679
vt 0.282057 0.155314
vt 0.281354 0.133679
vt 0.089843 0.214379
vt 0.064248 0.212256
vt 0.065104 0.214379
vt 0.620723 0.526339
vt 0.648585 0.494025
vt 0.620723 0.494025
vt 0.680607 0.816504
vt 0.660089 0.792308
vt 0.659023 0.794919
vt 0.868732 0.069464
vt 0.899258 0.030520
vt 0.868732 0.030520
vt 0.750583 0.620729
vt 0.767220 0.640349
vt 0.768076 0.638226
vt 0.855924 0.296870
vt 0.887748 0.268121
vt 0.856353 0.266347
vt 0.820113 0.711377
vt 0.803512 0.691764
vt 0.802618 0.693880
vt 0.520789 0.063637
vt 0.545534 0.032069
vt 0.520789 0.032069
vt 0.467399 0.416510
vt 0.491626 0.396010
vt 0.488979 0.394925
vt 0.956697 0.755748
vt 0.981442 0.724179
vt 0.956697 0.724179
vt 0.455767 0.491825
vt 0.483809 0.484349
vt 0.454815 0.492808
vt 0.956697 0.700136
vt 0.981442 0.668568
vt 0.956697 0.668568
vt 0.371894 0.212043
vt 0.346299 0.209920
vt 0.347155 0.212043
vt 0.868732 0.116292
vt 0.904277 0.144153
vt 0.904277 0.116292
vt 0.709629 0.821280
vt 0.707253 0.850139
vt 0.709627 0.849142
vt 0.795962 0.069167
vt 0.826487 0.030223
vt 0.795962 0.030223
vt 0.421960 0.294059
vt 0.440694 0.316151
vt 0.441657 0.313761
vt 0.533499 0.755200
vt 0.553201 0.723428
vt 0.533499 0.722880
vt 0.153159 0.274121
vt 0.178766 0.276252
vt 0.177902 0.274123
vt 0.879679 0.495813
vt 0.841328 0.474228
vt 0.840728 0.495813
vt 0.089843 0.274118
vt 0.109482 0.257501
vt 0.107336 0.256621
vt 0.856353 0.318463
vt 0.887356 0.295980
vt 0.855924 0.296870
vt 0.636767 0.911658
vt 0.612549 0.932165
vt 0.615186 0.933242
vt 0.577267 0.524709
vt 0.594764 0.493622
vt 0.577267 0.493135
vt 0.792816 0.578487
vt 0.767221 0.576364
vt 0.768077 0.578487
vt 0.949721 0.199266
vt 0.918633 0.181769
vt 0.918147 0.199266
vt 0.760378 0.711377
vt 0.758268 0.737007
vt 0.760377 0.736122
vt 0.957096 0.846495
vt 0.926008 0.828998
vt 0.925522 0.846495
vt 0.552960 0.418820
vt 0.528791 0.398320
vt 0.551904 0.421439
vt 0.872851 0.093507
vt 0.904277 0.116292
vt 0.903608 0.096590
vt 0.758444 0.481967
vt 0.743293 0.458234
vt 0.740948 0.464471
vt 0.882249 0.957453
vt 0.843898 0.935868
vt 0.843298 0.957453
vt 0.371894 0.271783
vt 0.391533 0.255165
vt 0.389387 0.254286
vt 0.505638 0.755200
vt 0.533499 0.722880
vt 0.505638 0.722880
vt 0.606137 0.564029
vt 0.581918 0.584536
vt 0.584555 0.585613
vt 0.879679 0.526338
vt 0.840728 0.495813
vt 0.840728 0.526338
vt 0.469514 0.246497
vt 0.440694 0.244106
vt 0.441658 0.246496
vt 0.862367 0.202420
vt 0.894103 0.173590
vt 0.862719 0.171897
vt 0.195397 0.231883
vt 0.178766 0.212268
vt 0.177902 0.214385
vt 0.552522 0.524709
vt 0.577267 0.493135
vt 0.552522 0.493135
vt 0.012022 0.217334
vt 0.019202 0.187056
vt 0.012022 0.189472
vt 0.949721 0.224011
vt 0.918147 0.199266
vt 0.918147 0.224011
vt 0.636773 0.985352
vt 0.668362 0.987978
vt 0.667296 0.985352
vt 0.957096 0.871240
vt 0.925522 0.846495
vt 0.925522 0.871240
vt 0.792816 0.638227
vt 0.812455 0.621609
vt 0.810309 0.620730
vt 0.045511 0.042749
vt 0.074573 0.012022
vt 0.046711 0.012022
vt 0.552961 0.345124
vt 0.584593 0.342506
vt 0.551905 0.342505
vt 0.882249 0.987978
vt 0.843298 0.957453
vt 0.843298 0.987978
vt 0.564822 0.955918
vt 0.537562 0.946343
vt 0.540077 0.955918
vt 0.555912 0.870693
vt 0.575613 0.838920
vt 0.555912 0.838373
vt 0.636665 0.637723
vt 0.605039 0.640350
vt 0.637732 0.640350
vt 0.723841 0.588239
vt 0.685490 0.566654
vt 0.684890 0.588239
vt 0.489210 0.294060
vt 0.470529 0.316151
vt 0.491626 0.295050
vt 0.862719 0.224011
vt 0.893783 0.201450
vt 0.862367 0.202420
vt 0.601031 0.051186
vt 0.595196 0.081304
vt 0.601030 0.079041
vt 0.564822 0.987492
vt 0.582319 0.956404
vt 0.564822 0.955918
vt 0.688875 0.933242
vt 0.668357 0.909046
vt 0.667290 0.911658
vt 0.818769 0.945736
vt 0.787680 0.928239
vt 0.787194 0.945736
vt 0.836498 0.639008
vt 0.847130 0.607656
vt 0.836850 0.608497
vt 0.816199 0.484096
vt 0.785110 0.466599
vt 0.784624 0.484096
vt 0.605060 0.397236
vt 0.584592 0.421439
vt 0.607707 0.398320
vt 0.902236 0.617206
vt 0.871173 0.640350
vt 0.901916 0.636912
vt 0.584459 0.701018
vt 0.604984 0.676814
vt 0.581870 0.699933
vt 0.737106 0.369329
vt 0.698754 0.347744
vt 0.698155 0.369329
vt 0.636660 0.564029
vt 0.660845 0.584536
vt 0.637726 0.561417
vt 0.528050 0.870693
vt 0.555912 0.838373
vt 0.528050 0.838373
vt 0.606920 0.847029
vt 0.627402 0.871240
vt 0.628505 0.868614
vt 0.723841 0.618765
vt 0.684890 0.588239
vt 0.684890 0.618765
vt 0.698259 0.218336
vt 0.705402 0.188057
vt 0.698259 0.190474
vt 0.869743 0.849650
vt 0.901479 0.820819
vt 0.870094 0.819126
vt 0.595196 0.107896
vt 0.601153 0.138043
vt 0.601153 0.105347
vt 0.540077 0.987492
vt 0.564822 0.955918
vt 0.540077 0.955918
vt 0.309225 0.344967
vt 0.319070 0.320971
vt 0.308814 0.323333
vt 0.818769 0.970481
vt 0.787194 0.945736
vt 0.787194 0.970481
vt 0.776886 0.849142
vt 0.779294 0.820297
vt 0.776888 0.821280
vt 0.816199 0.508841
vt 0.784624 0.484096
vt 0.784624 0.508841
vt 0.658138 0.731544
vt 0.660786 0.699934
vt 0.658139 0.701019
vt 0.901916 0.589346
vt 0.871525 0.618759
vt 0.902236 0.617206
vt 0.065104 0.214379
vt 0.045511 0.230996
vt 0.047610 0.231876
vt 0.737106 0.399854
vt 0.698155 0.369329
vt 0.698155 0.399854
vt 0.680610 0.847029
vt 0.683208 0.815426
vt 0.680607 0.816504
vt 0.508348 0.871240
vt 0.528050 0.838373
vt 0.508348 0.838920
vt 0.820111 0.736122
vt 0.822250 0.710504
vt 0.820113 0.711377
vt 0.685490 0.640350
vt 0.723841 0.618765
vt 0.684890 0.618765
vt 0.488979 0.394925
vt 0.491627 0.363314
vt 0.488979 0.364399
vt 0.870094 0.871240
vt 0.901158 0.848679
vt 0.869743 0.849650
vt 0.347155 0.212043
vt 0.327562 0.228661
vt 0.329661 0.229540
vt 0.522580 0.956404
vt 0.540077 0.987492
vt 0.540077 0.955918
vt 0.709629 0.821280
vt 0.728357 0.799196
vt 0.707255 0.820297
vt 0.787680 0.987978
vt 0.818769 0.970481
vt 0.787194 0.970481
vt 0.135663 0.256623
vt 0.152265 0.276250
vt 0.153159 0.274121
vt 0.785110 0.526338
vt 0.816199 0.508841
vt 0.784624 0.508841
vt 0.107336 0.256621
vt 0.109483 0.230997
vt 0.107337 0.231877
vt 0.729829 0.270373
vt 0.761537 0.248054
vt 0.730737 0.250728
vt 0.768077 0.578487
vt 0.748484 0.595105
vt 0.750583 0.595984
vt 0.698754 0.421439
vt 0.737106 0.399854
vt 0.698155 0.399854
vt 0.777875 0.693880
vt 0.758270 0.710504
vt 0.760378 0.711377
vt 0.420349 0.187368
vt 0.462060 0.220063
vt 0.462062 0.187368
vt 0.790168 0.285768
vt 0.831878 0.318463
vt 0.831881 0.285768
vt 0.456965 0.444104
vt 0.483809 0.484349
vt 0.486719 0.446387
vt 0.046121 0.085576
vt 0.079932 0.112080
vt 0.079934 0.085576
vt 0.134136 0.085536
vt 0.167947 0.112040
vt 0.167949 0.085536
vt 0.771516 0.122942
vt 0.724878 0.094231
vt 0.724521 0.120732
vt 0.632502 0.188057
vt 0.674213 0.220752
vt 0.674216 0.188057
vt 0.730205 0.191316
vt 0.771916 0.224011
vt 0.771919 0.191316
vt 0.419597 0.164195
vt 0.462062 0.187368
vt 0.461310 0.164195
vt 0.789416 0.262595
vt 0.831881 0.285768
vt 0.831129 0.262595
vt 0.435824 0.443172
vt 0.454815 0.492808
vt 0.456965 0.444104
vt 0.045511 0.066792
vt 0.079934 0.085576
vt 0.079325 0.066792
vt 0.133526 0.066752
vt 0.167949 0.085536
vt 0.167339 0.066752
vt 0.771919 0.144100
vt 0.724521 0.120732
vt 0.724878 0.139523
vt 0.631750 0.164885
vt 0.674216 0.188057
vt 0.673463 0.164885
vt 0.729453 0.168143
vt 0.771919 0.191316
vt 0.771166 0.168143
vt 0.937393 0.421439
vt 0.970088 0.379728
vt 0.937393 0.379728
vt 0.926279 0.640350
vt 0.958974 0.598638
vt 0.926279 0.598638
vt 0.795962 0.116014
vt 0.844689 0.144154
vt 0.844689 0.114311
vt 0.419597 0.065742
vt 0.446100 0.031930
vt 0.419597 0.031930
vt 0.470144 0.065742
vt 0.496647 0.031930
vt 0.470144 0.031930
vt 0.906025 0.479324
vt 0.934164 0.526339
vt 0.932529 0.479324
vt 0.928320 0.078399
vt 0.961015 0.036688
vt 0.928320 0.036688
vt 0.928320 0.144153
vt 0.961015 0.102442
vt 0.928320 0.102442
vt 0.845056 0.838545
vt 0.803980 0.815426
vt 0.803338 0.838545
vt 0.570510 0.185209
vt 0.529433 0.162090
vt 0.528790 0.185209
vt 0.805901 0.093210
vt 0.844689 0.114311
vt 0.843972 0.093210
vt 0.361380 0.083170
vt 0.328083 0.064429
vt 0.327562 0.083170
vt 0.276228 0.083132
vt 0.242930 0.064391
vt 0.242409 0.083132
vt 0.679117 0.117605
vt 0.631750 0.140841
vt 0.678812 0.136350
vt 0.861850 0.388744
vt 0.820773 0.365625
vt 0.820130 0.388744
vt 0.837681 0.191316
vt 0.796605 0.168197
vt 0.795962 0.191316
vt 0.845056 0.871240
vt 0.803338 0.838545
vt 0.803338 0.871240
vt 0.570510 0.217904
vt 0.528790 0.185209
vt 0.528790 0.217904
vt 0.549892 0.483561
vt 0.579734 0.445482
vt 0.549892 0.445482
vt 0.361380 0.109673
vt 0.327562 0.083170
vt 0.327562 0.109673
vt 0.276228 0.109636
vt 0.242409 0.083132
vt 0.242409 0.109636
vt 0.678812 0.091103
vt 0.632094 0.119735
vt 0.679117 0.117605
vt 0.861850 0.421439
vt 0.820130 0.388744
vt 0.820130 0.421439
vt 0.837681 0.224011
vt 0.795962 0.191316
vt 0.795962 0.224011
vt 0.675186 0.503219
vt 0.716263 0.526338
vt 0.716905 0.503219
vt 0.673469 0.365625
vt 0.632392 0.342506
vt 0.631750 0.365625
vt 0.567404 0.946343
vt 0.588506 0.908850
vt 0.567404 0.908264
vt 0.276228 0.228623
vt 0.242930 0.209882
vt 0.242409 0.228623
vt 0.795567 0.376195
vt 0.762269 0.357454
vt 0.761748 0.376195
vt 0.715521 0.938738
vt 0.763151 0.915933
vt 0.716042 0.919997
vt 0.390891 0.321068
vt 0.349814 0.297949
vt 0.349172 0.321068
vt 0.243051 0.353725
vt 0.284128 0.376844
vt 0.284771 0.353725
vt 0.675186 0.470524
vt 0.716905 0.503219
vt 0.716905 0.470524
vt 0.673469 0.398320
vt 0.631750 0.365625
vt 0.631750 0.398320
vt 0.537562 0.946343
vt 0.567404 0.908264
vt 0.537562 0.908264
vt 0.276228 0.255127
vt 0.242409 0.228623
vt 0.242409 0.255127
vt 0.795567 0.402698
vt 0.761748 0.376195
vt 0.761748 0.402698
vt 0.762565 0.966877
vt 0.715521 0.938738
vt 0.715521 0.965241
vt 0.390891 0.353763
vt 0.349172 0.321068
vt 0.349172 0.353763
vt 0.243051 0.321030
vt 0.284771 0.353725
vt 0.284771 0.321030
vt 0.716263 0.447405
vt 0.675186 0.470524
vt 0.716905 0.470524
vt 0.632392 0.421439
vt 0.673469 0.398320
vt 0.631750 0.398320
vt 0.516461 0.908850
vt 0.537562 0.946343
vt 0.537562 0.908264
vt 0.242930 0.273868
vt 0.276228 0.255127
vt 0.242409 0.255127
vt 0.762269 0.421439
vt 0.795567 0.402698
vt 0.761748 0.402698
vt 0.763151 0.987978
vt 0.715521 0.965241
vt 0.716042 0.983982
vt 0.349814 0.376882
vt 0.390891 0.353763
vt 0.349172 0.353763
vt 0.284128 0.297911
vt 0.243051 0.321030
vt 0.284771 0.321030
vt 0.213018 0.101338
vt 0.207061 0.131484
vt 0.213018 0.129200
vt 0.667290 0.911658
vt 0.635664 0.909046
vt 0.636767 0.911658
vt 0.207061 0.185820
vt 0.214215 0.155528
vt 0.207063 0.157958
vt 0.628500 0.794919
vt 0.604281 0.815426
vt 0.606918 0.816504
vt 0.469513 0.313761
vt 0.440694 0.316151
vt 0.470529 0.316151
vt 0.658246 0.616139
vt 0.637732 0.640350
vt 0.660847 0.617231
vt 0.584459 0.731543
vt 0.604983 0.755747
vt 0.606039 0.753129
vt 0.497801 0.495623
vt 0.483809 0.484349
vt 0.480439 0.493719
vt 0.583480 0.345125
vt 0.607707 0.365625
vt 0.584593 0.342506
vt 0.595547 0.186316
vt 0.605454 0.217904
vt 0.605831 0.185211
vt 0.792816 0.638227
vt 0.767220 0.640349
vt 0.793718 0.640350
vt 0.667296 0.985352
vt 0.691478 0.964860
vt 0.688877 0.963767
vt 0.212741 0.044468
vt 0.207061 0.074746
vt 0.212741 0.072329
vt 0.153159 0.214383
vt 0.178766 0.212268
vt 0.152265 0.212266
vt 0.469514 0.246497
vt 0.491627 0.265208
vt 0.470530 0.244106
vt 0.584557 0.616139
vt 0.581918 0.584536
vt 0.581921 0.617231
vt 0.347154 0.271783
vt 0.372796 0.273906
vt 0.371894 0.271783
vt 0.552522 0.493135
vt 0.579734 0.483561
vt 0.549892 0.483561
vt 0.531380 0.397235
vt 0.528791 0.365624
vt 0.528791 0.398320
vt 0.777871 0.753619
vt 0.758268 0.737007
vt 0.777006 0.755748
vt 0.792816 0.578487
vt 0.812455 0.595105
vt 0.793719 0.576364
vt 0.615186 0.933242
vt 0.612551 0.964860
vt 0.615188 0.963767
vt 0.065103 0.274118
vt 0.090745 0.276241
vt 0.089843 0.274118
vt 0.177902 0.274123
vt 0.197506 0.257513
vt 0.195397 0.256627
vt 0.421961 0.266198
vt 0.419597 0.295049
vt 0.421960 0.294059
vt 0.729325 0.868843
vt 0.707253 0.850139
vt 0.728352 0.871240
vt 0.371894 0.212043
vt 0.391533 0.228662
vt 0.372797 0.209920
vt 0.740948 0.524210
vt 0.760581 0.507597
vt 0.758444 0.506711
vt 0.467399 0.416510
vt 0.435824 0.419128
vt 0.468512 0.419128
vt 0.802618 0.693880
vt 0.777011 0.691764
vt 0.777875 0.693880
vt 0.750583 0.595984
vt 0.748484 0.621608
vt 0.750583 0.620729
vt 0.659023 0.794919
vt 0.627397 0.792308
vt 0.628500 0.794919
vt 0.089843 0.214379
vt 0.109483 0.230997
vt 0.090746 0.212256
vt 0.135663 0.231879
vt 0.133526 0.257508
vt 0.135663 0.256623
vt 0.606039 0.753129
vt 0.637671 0.755748
vt 0.636558 0.753129
vt 0.757189 0.801579
vt 0.728357 0.799196
vt 0.729330 0.801579
vt 0.329661 0.229540
vt 0.327562 0.255164
vt 0.329661 0.254285
vt 0.486105 0.166865
vt 0.496827 0.187371
vt 0.496367 0.164243
vt 0.488979 0.364399
vt 0.468513 0.340195
vt 0.467399 0.342814
vt 0.802614 0.753619
vt 0.822248 0.737007
vt 0.820111 0.736122
vt 0.659028 0.868614
vt 0.683210 0.848121
vt 0.680610 0.847029
vt 0.047610 0.231876
vt 0.045511 0.257500
vt 0.047610 0.256621
vt 0.658139 0.701019
vt 0.637672 0.676814
vt 0.636559 0.679433
vt 0.776886 0.849142
vt 0.758191 0.871240
vt 0.779292 0.850139
vt 0.308814 0.375478
vt 0.319511 0.344152
vt 0.309225 0.344967
vt 0.391837 0.079395
vt 0.385945 0.109673
vt 0.391837 0.107256
vt 0.012022 0.160596
vt 0.018008 0.130317
vt 0.012022 0.132734
vt 0.606920 0.847029
vt 0.604281 0.815426
vt 0.604284 0.848121
vt 0.658244 0.585613
vt 0.660847 0.617231
vt 0.660845 0.584536
vt 0.584459 0.701018
vt 0.581869 0.732628
vt 0.584459 0.731543
vt 0.605060 0.366710
vt 0.607707 0.398320
vt 0.607707 0.365625
vt 0.595196 0.164734
vt 0.605831 0.185211
vt 0.605454 0.162086
vt 0.688877 0.963767
vt 0.691476 0.932165
vt 0.688875 0.933242
vt 0.012022 0.274073
vt 0.019202 0.243794
vt 0.012022 0.246211
vt 0.489210 0.294060
vt 0.491627 0.265208
vt 0.489210 0.266198
vt 0.606142 0.637723
vt 0.581921 0.617231
vt 0.605039 0.640350
vt 0.535025 0.493622
vt 0.549892 0.483561
vt 0.528791 0.484148
vt 0.531380 0.366709
vt 0.551905 0.342505
vt 0.528791 0.365624
vt 0.810309 0.620730
vt 0.812455 0.595105
vt 0.810310 0.595985
vt 0.615188 0.963767
vt 0.635670 0.987978
vt 0.636773 0.985352
vt 0.195397 0.256627
vt 0.197506 0.231010
vt 0.195397 0.231883
vt 0.421961 0.266198
vt 0.440694 0.244106
vt 0.419597 0.265207
vt 0.389387 0.254286
vt 0.391533 0.228662
vt 0.389388 0.229541
vt 0.758444 0.506711
vt 0.760581 0.481093
vt 0.758444 0.481967
vt 0.685428 0.703658
vt 0.557875 0.602252
vt 0.094308 0.157699
vt 0.134228 0.157709
vt 0.684829 0.682082
vt 0.685428 0.734172
vt 0.902141 0.755748
vt 0.094308 0.188213
vt 0.133526 0.136083
vt 0.454040 0.895311
vt 0.444056 0.871240
vt 0.453995 0.859092
vt 0.454195 0.743692
vt 0.455104 0.628530
vt 0.435824 0.974570
vt 0.437404 0.859422
vt 0.435824 0.664689
vt 0.435824 0.549744
vt 0.437606 0.743962
vt 0.472658 0.987141
vt 0.454861 0.986535
vt 0.456652 0.870989
vt 0.456883 0.755543
vt 0.457928 0.640350
vt 0.435824 0.974570
vt 0.526182 0.558855
vt 0.958208 0.494648
vt 0.108668 0.112080
vt 0.650501 0.488876
vt 0.535415 0.717758
vt 0.682608 0.034158
vt 0.557827 0.833251
vt 0.967672 0.987978
vt 0.551196 0.318462
vt 0.582883 0.318462
vt 0.605289 0.296052
vt 0.582884 0.241947
vt 0.528791 0.264357
vt 0.557826 0.674980
vt 0.580238 0.790472
vt 0.526134 0.789850
vt 0.557875 0.558857
vt 0.650501 0.445482
vt 0.535415 0.674357
vt 0.557827 0.789850
vt 0.079055 0.982049
vt 0.146117 0.981620
vt 0.205775 0.981987
vt 0.042420 0.981987
vt 0.012022 0.982337
vt 0.091676 0.981640
vt 0.146117 0.300295
vt 0.187967 0.981987
vt 0.024613 0.981987
vt 0.189752 0.987978
vt 0.026398 0.987978
vt 0.083360 0.987978
vt 0.133526 0.982048
vt 0.902141 0.666926
vt 0.906892 0.921653
vt 0.093450 0.987651
vt 0.349172 0.987978
vt 0.315062 0.987698
vt 0.266714 0.987699
vt 0.242409 0.987978
vt 0.359263 0.987651
vt 0.397543 0.987978
vt 0.300824 0.987698
vt 0.252477 0.987699
vt 0.886945 0.406687
vt 0.532220 0.118560
vt 0.886536 0.371073
vt 0.725001 0.048197
vt 0.133526 0.042709
vt 0.658155 0.065851
vt 0.886945 0.385825
vt 0.724521 0.033411
vt 0.658155 0.044989
vt 0.551632 0.099145
vt 0.540260 0.099145
vt 0.532220 0.107187
vt 0.540262 0.126601
vt 0.551634 0.126601
vt 0.551634 0.126601
vt 0.571151 0.102432
vt 0.540260 0.099145
vt 0.532220 0.107187
vt 0.540262 0.126601
vt 0.559674 0.118560
vt 0.551632 0.099145
vt 0.555948 0.639711
vt 0.847130 0.607656
vt 0.366509 0.133716
vt 0.551904 0.421439
vt 0.878098 0.705343
vt 0.728352 0.871240
vt 0.478026 0.525196
vt 0.637672 0.676814
vt 0.912359 0.318463
vt 0.636660 0.564029
vt 0.907459 0.987978
vt 0.045511 0.257500
vt 0.765373 0.270850
vt 0.627402 0.871240
vt 0.243109 0.185839
vt 0.017856 0.106274
vt 0.528087 0.639709
vt 0.777006 0.755748
vt 0.366507 0.164242
vt 0.468513 0.340195
vt 0.878098 0.752956
vt 0.486105 0.218960
vt 0.453354 0.523303
vt 0.327562 0.255164
vt 0.912360 0.293718
vt 0.776888 0.821280
vt 0.907461 0.963234
vt 0.637671 0.755748
vt 0.764997 0.298709
vt 0.152265 0.212266
vt 0.243112 0.155314
vt 0.090746 0.212256
vt 0.648585 0.526339
vt 0.683208 0.815426
vt 0.899258 0.069464
vt 0.748484 0.621608
vt 0.887356 0.295980
vt 0.822250 0.710504
vt 0.545534 0.063637
vt 0.468512 0.419128
vt 0.981442 0.755748
vt 0.480439 0.493719
vt 0.981442 0.700136
vt 0.372797 0.209920
vt 0.868732 0.144153
vt 0.707255 0.820297
vt 0.826487 0.069167
vt 0.419597 0.295049
vt 0.553201 0.755748
vt 0.152265 0.276250
vt 0.880279 0.474228
vt 0.090745 0.276241
vt 0.887748 0.315689
vt 0.635664 0.909046
vt 0.594764 0.525196
vt 0.793719 0.576364
vt 0.950208 0.181769
vt 0.758270 0.710504
vt 0.957583 0.828998
vt 0.531380 0.397235
vt 0.868732 0.116292
vt 0.760581 0.481093
vt 0.882849 0.935868
vt 0.372796 0.273906
vt 0.533499 0.755200
vt 0.605034 0.561417
vt 0.879679 0.495813
vt 0.470530 0.244106
vt 0.893783 0.201450
vt 0.197506 0.231010
vt 0.577267 0.524709
vt 0.019202 0.219751
vt 0.949721 0.199266
vt 0.635670 0.987978
vt 0.957096 0.846495
vt 0.793718 0.640350
vt 0.076037 0.042749
vt 0.583480 0.345125
vt 0.882249 0.957453
vt 0.567404 0.946343
vt 0.575613 0.871240
vt 0.606142 0.637723
vt 0.724441 0.566654
vt 0.469513 0.313761
vt 0.894103 0.221157
vt 0.595196 0.048616
vt 0.582319 0.987978
vt 0.691476 0.932165
vt 0.819255 0.928239
vt 0.846754 0.640350
vt 0.816685 0.466599
vt 0.583479 0.418820
vt 0.871525 0.618759
vt 0.606039 0.679433
vt 0.737705 0.347744
vt 0.658244 0.585613
vt 0.555912 0.870693
vt 0.604284 0.848121
vt 0.723841 0.588239
vt 0.705402 0.220752
vt 0.901158 0.848679
vt 0.595196 0.135758
vt 0.564822 0.987492
vt 0.319511 0.344152
vt 0.818769 0.945736
vt 0.779292 0.850139
vt 0.816199 0.484096
vt 0.660785 0.732629
vt 0.871173 0.588235
vt 0.064248 0.212256
vt 0.737106 0.369329
vt 0.683210 0.848121
vt 0.528050 0.870693
vt 0.822248 0.737007
vt 0.724441 0.640350
vt 0.491626 0.396010
vt 0.901479 0.868385
vt 0.346299 0.209920
vt 0.522580 0.987978
vt 0.729330 0.801579
vt 0.819255 0.987978
vt 0.133526 0.257508
vt 0.816685 0.526338
vt 0.109482 0.257501
vt 0.765373 0.270850
vt 0.767221 0.576364
vt 0.737705 0.421439
vt 0.777011 0.691764
vt 0.420347 0.220063
vt 0.790165 0.318463
vt 0.454815 0.492808
vt 0.046119 0.112080
vt 0.134133 0.112040
vt 0.771919 0.093103
vt 0.632500 0.220752
vt 0.730203 0.224011
vt 0.420349 0.187368
vt 0.790168 0.285768
vt 0.436039 0.491980
vt 0.046121 0.085576
vt 0.134136 0.085536
vt 0.771516 0.122942
vt 0.632502 0.188057
vt 0.730205 0.191316
vt 0.970088 0.421439
vt 0.958974 0.640350
vt 0.795962 0.142518
vt 0.446100 0.065742
vt 0.496647 0.065742
vt 0.904322 0.526339
vt 0.961015 0.078399
vt 0.961015 0.144153
vt 0.845699 0.815426
vt 0.571153 0.162090
vt 0.795962 0.116014
vt 0.361901 0.064429
vt 0.276749 0.064391
vt 0.632094 0.119735
vt 0.862493 0.365625
vt 0.838324 0.168197
vt 0.845056 0.838545
vt 0.570510 0.185209
vt 0.579734 0.483561
vt 0.361380 0.083170
vt 0.276228 0.083132
vt 0.631750 0.089894
vt 0.861850 0.388744
vt 0.837681 0.191316
vt 0.674544 0.526338
vt 0.674112 0.342506
vt 0.588506 0.946929
vt 0.276748 0.209882
vt 0.796087 0.357454
vt 0.762565 0.937035
vt 0.391533 0.297949
vt 0.242409 0.376844
vt 0.675186 0.503219
vt 0.673469 0.365625
vt 0.567404 0.946343
vt 0.276228 0.228623
vt 0.795567 0.376195
vt 0.762565 0.937035
vt 0.390891 0.321068
vt 0.243051 0.353725
vt 0.674544 0.447405
vt 0.674112 0.421439
vt 0.516461 0.946929
vt 0.276748 0.273868
vt 0.796087 0.421439
vt 0.762565 0.966877
vt 0.391533 0.376882
vt 0.242409 0.297911
vt 0.207061 0.098789
vt 0.668357 0.909046
vt 0.214212 0.188223
vt 0.627397 0.792308
vt 0.441657 0.313761
vt 0.636665 0.637723
vt 0.581869 0.732628
vt 0.504747 0.486645
vt 0.605060 0.366710
vt 0.595196 0.216827
vt 0.768076 0.638226
vt 0.668362 0.987978
vt 0.207061 0.042051
vt 0.177902 0.214385
vt 0.489210 0.266198
vt 0.584555 0.585613
vt 0.346298 0.273905
vt 0.577267 0.493135
vt 0.531380 0.366709
vt 0.760377 0.736122
vt 0.810310 0.595985
vt 0.612549 0.932165
vt 0.064247 0.276241
vt 0.178766 0.276252
vt 0.419597 0.265207
vt 0.709627 0.849142
vt 0.389388 0.229541
vt 0.741842 0.526338
vt 0.438299 0.413294
vt 0.803512 0.691764
vt 0.748484 0.595105
vt 0.660089 0.792308
vt 0.107337 0.231877
vt 0.133526 0.231005
vt 0.604983 0.755747
vt 0.758196 0.799196
vt 0.327562 0.228661
vt 0.486534 0.188449
vt 0.491627 0.363314
vt 0.803508 0.755748
vt 0.660095 0.871240
vt 0.045511 0.230996
vt 0.660786 0.699934
vt 0.757185 0.868843
vt 0.319070 0.376844
vt 0.385945 0.076978
vt 0.018008 0.163013
vt 0.606918 0.816504
vt 0.658246 0.616139
vt 0.581870 0.699933
vt 0.605060 0.397236
vt 0.595547 0.186316
vt 0.691478 0.964860
vt 0.019202 0.276489
vt 0.491626 0.295050
vt 0.584557 0.616139
vt 0.552522 0.493135
vt 0.552961 0.345124
vt 0.812455 0.621609
vt 0.612551 0.964860
vt 0.197506 0.257513
vt 0.441658 0.246496
vt 0.391533 0.255165
vt 0.760581 0.507597
vn 0.382683 -0.000000 -0.923880
vn 0.382683 -0.000000 -0.923879
vn 0.382683 -0.000000 -0.923880
vn 0.923880 -0.000000 -0.382683
vn 0.923879 -0.000000 -0.382684
vn 0.923879 -0.000000 -0.382684
vn 0.923880 0.000000 0.382683
vn 0.923879 0.000000 0.382684
vn 0.923879 0.000000 0.382684
vn 0.382683 0.000000 0.923880
vn 0.382683 0.000000 0.923879
vn 0.382683 0.000000 0.923880
vn -0.382683 0.000000 0.923880
vn -0.382683 0.000000 0.923879
vn -0.382683 0.000000 0.923880
vn -0.923880 0.000000 0.382683
vn -0.923879 0.000000 0.382684
vn -0.923879 0.000000 0.382684
vn 0.923879 -0.000000 -0.382684
vn 0.923879 -0.000000 -0.382684
vn -0.923880 -0.000000 -0.382683
vn -0.923879 -0.000000 -0.382684
vn -0.923879 -0.000000 -0.382684
vn -0.382683 -0.000000 -0.923880
vn -0.382683 -0.000000 -0.923879
vn -0.382683 -0.000000 -0.923880
vn -0.280801 0.679410 -0.677903
vn -0.280791 0.679413 -0.677905
vn -0.280789 0.679413 -0.677905
vn -0.000003 1.000000 -0.000000
vn 0.000000 1.000000 -0.000000
vn 0.000000 1.000000 -0.000000
vn -0.382683 0.000000 0.923880
vn -0.382683 0.000000 0.923880
vn -0.382683 -0.000000 -0.923880
vn -0.382683 -0.000000 -0.923880
vn 0.382683 -0.000000 -0.923880
vn 0.382683 -0.000000 -0.923880
vn 0.923879 0.000000 0.382684
vn 0.923879 0.000000 0.382684
vn -0.923879 0.000000 0.382684
vn -0.923879 0.000000 0.382684
vn 0.382683 0.000000 0.923880
vn 0.382683 0.000000 0.923880
vn -0.923879 -0.000000 -0.382684
vn -0.923879 -0.000000 -0.382684
vn -0.382463 0.033983 -0.923346
vn -0.382463 0.033983 -0.923346
vn -0.382463 0.033983 -0.923346
vn -0.000003 1.000000 -0.000000
vn -0.000001 1.000000 -0.000000
vn 0.000000 1.000000 -0.000000
vn 0.000003 1.000000 -0.000000
vn 0.000001 1.000000 -0.000000
vn 0.000004 1.000000 -0.000000
vn 0.000003 1.000000 -0.000000
vn 0.000004 1.000000 -0.000000
vn -0.000004 1.000000 -0.000000
vn 0.000000 1.000000 -0.000000
vn -0.000004 1.000000 -0.000000
vn 0.000000 1.000000 -0.000000
vn 0.000000 1.000000 -0.000000
vn -0.330162 0.505623 0.797081
vn -0.330162 0.505623 0.797081
vn -0.330163 0.505623 0.797081
vn -0.923346 0.033983 0.382462
vn -0.923346 0.033983 0.382462
vn -0.923346 0.033983 0.382462
vn 0.382463 0.033983 0.923346
vn 0.382463 0.033983 0.923346
vn 0.382463 0.033983 0.923346
vn 0.923346 0.033983 -0.382463
vn 0.923346 0.033983 -0.382462
vn 0.923346 0.033983 -0.382463
vn -0.923346 0.033983 -0.382462
vn -0.923346 0.033983 -0.382462
vn -0.923346 0.033983 -0.382462
vn -0.382463 0.033984 0.923346
vn -0.382463 0.033983 0.923346
vn -0.382463 0.033984 0.923346
vn 0.923346 0.033983 0.382463
vn 0.923346 0.033983 0.382462
vn 0.923346 0.033983 0.382462
vn 0.382463 0.033983 -0.923346
vn 0.382463 0.033983 -0.923346
vn 0.382463 0.033983 -0.923346
vn 0.797081 0.505623 0.330162
vn 0.797081 0.505623 0.330162
vn 0.797081 0.505623 0.330162
vn 0.330162 0.505623 -0.797082
vn 0.330162 0.505623 -0.797081
vn 0.330163 0.505622 -0.797081
vn -0.330162 0.505623 -0.797081
vn -0.330162 0.505623 -0.797082
vn -0.330162 0.505622 -0.797082
vn -0.797081 0.505623 0.330162
vn -0.797081 0.505623 0.330162
vn -0.797081 0.505623 0.330162
vn 0.330162 0.505623 0.797081
vn 0.330162 0.505623 0.797081
vn 0.330162 0.505623 0.797081
vn 0.797081 0.505623 -0.330162
vn 0.797081 0.505623 -0.330162
vn 0.797081 0.505623 -0.330162
vn -0.797081 0.505623 -0.330162
vn -0.797081 0.505623 -0.330162
vn -0.797081 0.505623 -0.330162
vn -0.923880 -0.000000 -0.382683
vn -0.923880 -0.000000 -0.382683
vn -0.923880 -0.000000 -0.382683
vn 0.280802 0.679410 -0.677903
vn 0.280793 0.679412 -0.677904
vn 0.280791 0.679413 -0.677905
vn 0.677903 0.679412 0.280797
vn 0.677898 0.679416 0.280799
vn 0.677897 0.679417 0.280799
vn -0.677904 0.679412 0.280797
vn -0.677900 0.679414 0.280798
vn -0.677900 0.679415 0.280798
vn 0.280801 0.679410 0.677903
vn 0.280791 0.679413 0.677904
vn 0.280789 0.679414 0.677905
vn -0.677903 0.679412 -0.280797
vn -0.677897 0.679417 -0.280799
vn -0.677896 0.679418 -0.280800
vn 0.677904 0.679411 -0.280797
vn 0.677900 0.679414 -0.280798
vn 0.677900 0.679415 -0.280799
vn -0.280802 0.679410 0.677903
vn -0.280793 0.679412 0.677904
vn -0.280791 0.679413 0.677904
vn 0.000000 -1.000000 0.000000
vn 0.000000 -1.000000 0.000000
vn 0.000000 -1.000000 0.000000
vn -0.382684 0.000000 0.923880
vn -0.382684 0.000000 0.923880
vn -0.382684 0.000000 0.923880
vn 0.923880 0.000000 0.382683
vn 0.923880 0.000000 0.382683
vn 0.923880 0.000000 0.382683
vn 0.382684 -0.000000 -0.923880
vn 0.382684 -0.000000 -0.923880
vn 0.382684 -0.000000 -0.923880
vn -0.382684 -0.000000 -0.923880
vn -0.382684 -0.000000 -0.923880
vn -0.382684 -0.000000 -0.923880
vn -0.923880 0.000000 0.382683
vn -0.923880 0.000000 0.382683
vn -0.923880 0.000000 0.382682
vn 0.382684 0.000000 0.923880
vn 0.382684 0.000000 0.923880
vn 0.382684 0.000000 0.923880
vn 0.923880 -0.000000 -0.382683
vn 0.923880 -0.000000 -0.382683
vn 0.923880 -0.000000 -0.382682
vn -0.923880 0.000000 -0.382684
vn -0.923880 0.000000 -0.382683
vn -0.923880 0.000000 -0.382684
vn -0.744918 0.591516 0.308556
vn -0.744919 0.591514 0.308555
vn -0.744917 0.591517 0.308557
vn -0.382684 0.000000 0.923880
vn -0.382684 0.000000 0.923880
vn -0.382684 0.000000 0.923880
vn 0.923880 -0.000000 0.382683
vn 0.923880 -0.000000 0.382684
vn 0.923880 -0.000000 0.382683
vn 0.382683 -0.000000 -0.923880
vn 0.382684 -0.000000 -0.923880
vn 0.382683 -0.000000 -0.923880
vn -0.382684 -0.000000 -0.923880
vn -0.382684 -0.000000 -0.923880
vn -0.382684 -0.000000 -0.923880
vn -0.923880 0.000000 0.382684
vn -0.923880 0.000000 0.382683
vn -0.923880 0.000000 0.382683
vn 0.382684 0.000000 0.923880
vn 0.382683 0.000000 0.923880
vn 0.382683 0.000000 0.923879
vn 0.923880 -0.000000 -0.382684
vn 0.923880 -0.000000 -0.382683
vn 0.923880 -0.000000 -0.382684
vn 0.308553 0.591515 0.744919
vn 0.308553 0.591515 0.744919
vn 0.308553 0.591516 0.744919
vn 0.744918 0.591516 -0.308556
vn 0.744919 0.591514 -0.308556
vn 0.744920 0.591513 -0.308555
vn -0.744918 0.591515 -0.308556
vn -0.744919 0.591514 -0.308555
vn -0.744920 0.591513 -0.308555
vn -0.308553 0.591515 0.744919
vn -0.308553 0.591516 0.744919
vn -0.308553 0.591515 0.744919
vn 0.744918 0.591516 0.308556
vn 0.744919 0.591514 0.308555
vn 0.744920 0.591513 0.308555
vn 0.308553 0.591515 -0.744919
vn 0.308553 0.591515 -0.744919
vn 0.308553 0.591515 -0.744919
vn -0.308553 0.591515 -0.744919
vn -0.308553 0.591515 -0.744919
vn -0.308553 0.591515 -0.744919
vn 0.382683 -0.000000 -0.923880
vn 0.382689 -0.000000 -0.923877
vn 0.382683 -0.000000 -0.923880
vn -0.923881 -0.000000 -0.382681
vn -0.923882 -0.000000 -0.382678
vn -0.923881 -0.000000 -0.382681
vn -0.382683 -0.000000 -0.923880
vn -0.382689 -0.000000 -0.923877
vn -0.382683 -0.000000 -0.923880
vn -0.923880 0.000000 0.382683
vn -0.923881 0.000000 0.382681
vn -0.923880 0.000000 0.382683
vn 0.382683 0.000000 0.923880
vn 0.382689 0.000000 0.923877
vn 0.382683 0.000000 0.923880
vn 0.923879 -0.000000 -0.382684
vn 0.923881 -0.000000 -0.382681
vn 0.923879 -0.000000 -0.382684
vn -0.923880 -0.000000 -0.382683
vn -0.923880 -0.000000 -0.382683
vn -0.382683 0.000000 0.923880
vn -0.382689 0.000000 0.923877
vn -0.382683 0.000000 0.923880
vn 0.923880 0.000000 0.382684
vn 0.923881 0.000000 0.382681
vn 0.923879 0.000000 0.382683
vn -0.000002 -1.000000 0.000000
vn -0.000005 -1.000000 0.000000
vn 0.000000 -1.000000 0.000000
vn -0.382689 0.000000 0.923877
vn -0.382694 0.000000 0.923875
vn 0.923881 0.000000 0.382681
vn 0.923882 0.000000 0.382678
vn 0.382689 -0.000000 -0.923877
vn 0.382694 -0.000000 -0.923875
vn -0.382689 -0.000000 -0.923877
vn -0.382694 -0.000000 -0.923875
vn -0.923881 0.000000 0.382681
vn -0.923882 0.000000 0.382678
vn 0.382689 0.000000 0.923877
vn 0.382694 0.000000 0.923875
vn 0.923881 -0.000000 -0.382681
vn 0.923882 -0.000000 -0.382678
vn 0.923879 0.000000 0.382684
vn 0.923879 0.000000 0.382684
vn 0.923880 0.000000 0.382682
vn 0.000002 -1.000000 0.000000
vn 0.000003 -1.000000 0.000000
vn 0.000005 -1.000000 0.000000
vn -0.000002 -1.000000 0.000000
vn 0.000005 -1.000000 0.000000
vn 0.000010 -1.000000 0.000000
vn -0.000003 -1.000000 0.000000
vn -0.000005 -1.000000 0.000000
vn 0.000002 -1.000000 0.000000
vn -0.000010 -1.000000 0.000000
vn 0.000003 -1.000000 0.000000
vn 0.000000 -1.000000 0.000000
vn -0.000003 -1.000000 0.000000
vn -0.145008 0.987606 -0.060064
vn -0.145011 0.987605 -0.060064
vn -0.145018 0.987604 -0.060064
vn 0.382683 -0.000000 -0.923880
vn 0.382683 -0.000000 -0.923880
vn 0.382684 -0.000000 -0.923879
vn -0.382683 -0.000000 -0.923880
vn -0.382683 -0.000000 -0.923880
vn -0.382684 -0.000000 -0.923879
vn -0.923880 0.000000 0.382683
vn -0.923879 0.000000 0.382684
vn -0.923880 0.000000 0.382682
vn 0.382683 0.000000 0.923880
vn 0.382683 0.000000 0.923880
vn 0.382684 0.000000 0.923879
vn 0.923879 -0.000000 -0.382684
vn 0.923879 -0.000000 -0.382684
vn 0.923880 -0.000000 -0.382683
vn -0.923880 -0.000000 -0.382683
vn -0.923879 -0.000000 -0.382684
vn -0.923880 -0.000000 -0.382682
vn -0.382683 0.000000 0.923880
vn -0.382683 0.000000 0.923880
vn -0.382684 0.000000 0.923879
vn 0.000000 1.000000 -0.000000
vn 0.000000 1.000000 -0.000000
vn -0.000000 1.000000 -0.000000
vn -0.060068 0.987606 0.145007
vn -0.060065 0.987606 0.145007
vn -0.060059 0.987606 0.145007
vn 0.145008 0.987606 0.060064
vn 0.145011 0.987605 0.060064
vn 0.144997 0.987607 0.060064
vn 0.060068 0.987606 -0.145007
vn 0.060065 0.987606 -0.145007
vn 0.060059 0.987606 -0.145007
vn -0.060065 0.987606 -0.145007
vn -0.060066 0.987606 -0.145007
vn -0.060068 0.987606 -0.145007
vn -0.145008 0.987606 0.060064
vn -0.145011 0.987605 0.060064
vn -0.145018 0.987604 0.060064
vn 0.060065 0.987606 0.145007
vn 0.060066 0.987606 0.145007
vn 0.060068 0.987606 0.145007
vn 0.145008 0.987606 -0.060064
vn 0.145011 0.987605 -0.060064
vn 0.145018 0.987604 -0.060064
vn -0.382684 -0.000000 -0.923880
vn -0.382684 -0.000000 -0.923879
vn -0.382684 -0.000000 -0.923879
vn 0.370525 0.250062 -0.894528
vn 0.370525 0.250061 -0.894528
vn 0.370525 0.250061 -0.894528
vn -0.382684 -0.000000 -0.923879
vn -0.382684 -0.000000 -0.923879
vn -0.382683 -0.000000 -0.923880
vn -0.178884 -0.884033 0.431842
vn -0.178883 -0.884034 0.431839
vn -0.178883 -0.884034 0.431839
vn -0.380683 0.102115 -0.919050
vn -0.380683 0.102115 -0.919050
vn -0.380683 0.102115 -0.919050
vn 0.178873 0.884034 0.431844
vn 0.178865 0.884035 0.431845
vn 0.178864 0.884035 0.431845
vn -0.382683 -0.000000 -0.923880
vn -0.382684 -0.000000 -0.923879
vn -0.382684 -0.000000 -0.923879
vn 0.178878 -0.884034 -0.431841
vn 0.178877 -0.884034 -0.431841
vn 0.178877 -0.884034 -0.431841
vn -0.382683 -0.000000 -0.923880
vn -0.382683 -0.000000 -0.923880
vn -0.382684 -0.000000 -0.923879
vn -0.178884 0.884038 0.431830
vn -0.178865 0.884041 0.431832
vn -0.178885 0.884038 0.431830
vn -0.382684 -0.000000 -0.923880
vn -0.382684 -0.000000 -0.923880
vn -0.382684 -0.000000 -0.923879
vn 0.178879 -0.884029 0.431850
vn 0.178877 -0.884034 0.431842
vn 0.178877 -0.884034 0.431841
vn -0.382683 -0.000000 -0.923880
vn -0.382683 -0.000000 -0.923880
vn -0.382683 -0.000000 -0.923880
vn 0.178883 0.884033 -0.431841
vn 0.178876 0.884034 -0.431841
vn 0.178875 0.884035 -0.431841
vn -0.382684 -0.000000 -0.923880
vn -0.382683 -0.000000 -0.923880
vn -0.382683 -0.000000 -0.923880
vn -0.299658 -0.621963 0.723442
vn -0.299659 -0.621963 0.723441
vn -0.299659 -0.621963 0.723441
vn -0.923879 -0.000000 -0.382684
vn -0.923879 -0.000000 -0.382684
vn -0.923880 -0.000000 -0.382683
vn 0.178862 0.884031 0.431854
vn 0.178878 0.884033 0.431844
vn 0.178879 0.884033 0.431843
vn -0.923879 -0.000000 -0.382684
vn -0.923879 -0.000000 -0.382684
vn -0.923880 -0.000000 -0.382683
vn 0.189704 -0.862732 -0.468729
vn 0.246808 -0.699906 -0.670237
vn 0.251171 -0.682537 -0.686335
vn -0.919050 0.102115 -0.380683
vn -0.919050 0.102115 -0.380683
vn -0.919050 0.102115 -0.380683
vn -0.897278 0.238240 0.371665
vn -0.897278 0.238240 0.371665
vn -0.897278 0.238240 0.371665
vn -0.923880 -0.000000 -0.382683
vn -0.923880 -0.000000 -0.382683
vn -0.923880 -0.000000 -0.382684
vn 0.178880 -0.884035 0.431837
vn 0.178873 -0.884035 0.431841
vn 0.178873 -0.884035 0.431841
vn -0.923879 -0.000000 -0.382684
vn -0.923879 -0.000000 -0.382684
vn -0.923880 -0.000000 -0.382684
vn 0.178861 0.884036 -0.431845
vn 0.178877 0.884033 -0.431842
vn 0.178860 0.884036 -0.431845
vn -0.923880 -0.000000 -0.382683
vn -0.923880 -0.000000 -0.382683
vn -0.923880 -0.000000 -0.382684
vn -0.431850 -0.884030 0.178874
vn -0.431853 -0.884029 0.178874
vn -0.431854 -0.884029 0.178874
vn -0.923880 -0.000000 -0.382683
vn -0.923880 -0.000000 -0.382683
vn -0.923880 -0.000000 -0.382683
vn 0.178848 0.884040 0.431841
vn 0.178875 0.884033 0.431844
vn 0.178877 0.884033 0.431844
vn -0.923880 -0.000000 -0.382684
vn -0.923880 -0.000000 -0.382683
vn -0.923880 -0.000000 -0.382683
vn 0.178878 -0.884028 -0.431853
vn 0.178868 -0.884029 -0.431856
vn 0.178867 -0.884029 -0.431856
vn -0.923879 0.000000 0.382684
vn -0.923879 0.000000 0.382684
vn -0.923880 0.000000 0.382683
vn -0.431849 0.884031 0.178874
vn -0.431838 0.884036 0.178875
vn -0.431837 0.884037 0.178875
vn -0.923879 0.000000 0.382684
vn -0.923879 0.000000 0.382684
vn -0.923880 0.000000 0.382683
vn 0.178880 -0.884035 0.431838
vn 0.178884 -0.884027 0.431853
vn 0.178885 -0.884026 0.431855
vn -0.919050 0.102115 0.380683
vn -0.919050 0.102115 0.380683
vn -0.919050 0.102115 0.380683
vn 0.178880 0.884035 -0.431839
vn 0.178877 0.884034 -0.431841
vn 0.178877 0.884034 -0.431841
vn -0.923880 0.000000 0.382683
vn -0.923880 0.000000 0.382683
vn -0.923879 0.000000 0.382684
vn -0.431814 -0.884047 0.178878
vn -0.431851 -0.884030 0.178874
vn -0.431854 -0.884028 0.178874
vn -0.923879 0.000000 0.382684
vn -0.923879 0.000000 0.382684
vn -0.923879 0.000000 0.382684
vn 0.369349 0.929148 -0.016301
vn -0.275734 0.606318 -0.745888
vn 0.460514 0.875810 0.144515
vn -0.923880 0.000000 0.382683
vn -0.923880 0.000000 0.382683
vn -0.923879 0.000000 0.382684
vn 0.178880 -0.884035 -0.431839
vn 0.178880 -0.884034 -0.431841
vn 0.178880 -0.884034 -0.431841
vn -0.923880 0.000000 0.382683
vn -0.923880 0.000000 0.382683
vn -0.923880 0.000000 0.382683
vn -0.431823 0.884043 0.178877
vn -0.431868 0.884022 0.178873
vn -0.431871 0.884020 0.178873
vn -0.923880 0.000000 0.382684
vn -0.923880 0.000000 0.382683
vn -0.923880 0.000000 0.382683
vn 0.178874 -0.884034 0.431842
vn 0.178880 -0.884033 0.431842
vn 0.178881 -0.884033 0.431842
vn -0.382684 0.000000 0.923880
vn -0.382684 0.000000 0.923879
vn -0.382684 0.000000 0.923879
vn 0.178879 0.884035 -0.431839
vn 0.178865 0.884036 -0.431842
vn 0.178864 0.884036 -0.431842
vn -0.382683 0.000000 0.923880
vn -0.382683 0.000000 0.923880
vn -0.382683 0.000000 0.923880
vn -0.431851 -0.884029 0.178880
vn -0.431864 -0.884022 0.178879
vn -0.431865 -0.884022 0.178879
vn -0.380683 0.102116 0.919050
vn -0.380683 0.102116 0.919050
vn -0.380682 0.102116 0.919050
vn 0.178883 0.884033 0.431841
vn 0.178866 0.884035 0.431843
vn 0.178865 0.884035 0.431844
vn -0.382684 0.000000 0.923879
vn -0.382684 0.000000 0.923880
vn -0.382683 0.000000 0.923880
vn 0.178864 -0.884037 -0.431840
vn 0.178882 -0.884033 -0.431840
vn 0.178884 -0.884033 -0.431841
vn -0.382684 0.000000 0.923879
vn -0.382684 0.000000 0.923880
vn -0.382683 0.000000 0.923880
vn -0.431824 0.884043 0.178875
vn -0.431857 0.884027 0.178872
vn -0.431860 0.884026 0.178872
vn -0.382683 0.000000 0.923880
vn -0.382684 0.000000 0.923879
vn -0.382684 0.000000 0.923879
vn 0.178884 -0.884033 0.431842
vn 0.178883 -0.884034 0.431839
vn 0.178884 -0.884033 0.431842
vn -0.440379 -0.044067 0.896730
vn -0.430671 -0.054019 0.900891
vn -0.380618 -0.103755 0.918893
vn 0.369373 0.929138 0.016304
vn -0.275731 0.606317 0.745890
vn -0.320772 0.545336 0.774412
vn -0.382684 0.000000 0.923880
vn -0.382684 0.000000 0.923879
vn -0.382684 0.000000 0.923879
vn -0.431850 -0.884031 0.178874
vn -0.431837 -0.884037 0.178874
vn -0.431836 -0.884037 0.178875
vn 0.382684 0.000000 0.923880
vn 0.382684 0.000000 0.923879
vn 0.382684 0.000000 0.923879
vn 0.178884 0.884038 0.431830
vn 0.178865 0.884041 0.431832
vn 0.178863 0.884041 0.431832
vn 0.382683 0.000000 0.923880
vn 0.382683 0.000000 0.923880
vn 0.382683 0.000000 0.923880
vn 0.178885 -0.884032 -0.431843
vn 0.178858 -0.884037 -0.431844
vn 0.178856 -0.884037 -0.431844
vn 0.380683 0.102116 0.919050
vn 0.380683 0.102116 0.919050
vn 0.380683 0.102115 0.919050
vn -0.431823 0.884043 0.178876
vn -0.431838 0.884036 0.178874
vn -0.431839 0.884036 0.178874
vn 0.382684 0.000000 0.923879
vn 0.382684 0.000000 0.923880
vn 0.382683 0.000000 0.923880
vn 0.299658 -0.621963 0.723441
vn 0.299659 -0.621963 0.723441
vn 0.299659 -0.621963 0.723441
vn 0.382684 0.000000 0.923879
vn 0.382684 0.000000 0.923880
vn 0.382683 0.000000 0.923880
vn 0.178883 0.884033 -0.431841
vn 0.178869 0.884035 -0.431843
vn 0.178868 0.884035 -0.431843
vn 0.382683 0.000000 0.923880
vn 0.382684 0.000000 0.923879
vn 0.382684 0.000000 0.923879
vn -0.431824 -0.884043 0.178876
vn -0.431863 -0.884025 0.178872
vn -0.431866 -0.884023 0.178872
vn 0.380783 -0.099532 0.919292
vn 0.380783 -0.099532 0.919292
vn 0.380783 -0.099532 0.919292
vn 0.178882 -0.884033 -0.431841
vn 0.178861 -0.884036 -0.431843
vn 0.178883 -0.884033 -0.431841
vn 0.382684 0.000000 0.923880
vn 0.382684 0.000000 0.923879
vn 0.382684 0.000000 0.923879
vn 0.770090 0.552459 -0.318983
vn 0.770090 0.552459 -0.318983
vn 0.770090 0.552459 -0.318983
vn 0.923879 0.000000 0.382684
vn 0.923879 0.000000 0.382684
vn 0.923880 0.000000 0.382683
vn 0.178862 0.884042 -0.431832
vn 0.178863 0.884042 -0.431831
vn 0.178862 0.884042 -0.431832
vn 0.923879 0.000000 0.382684
vn 0.923879 0.000000 0.382684
vn 0.923880 0.000000 0.382683
vn -0.431863 -0.884024 0.178873
vn -0.431823 -0.884043 0.178878
vn -0.431866 -0.884023 0.178873
vn 0.919050 0.102115 0.380683
vn 0.919050 0.102115 0.380683
vn 0.919050 0.102115 0.380683
vn 0.299658 -0.621963 -0.723441
vn 0.299659 -0.621963 -0.723441
vn 0.299659 -0.621964 -0.723440
vn 0.923880 0.000000 0.382683
vn 0.923880 0.000000 0.382683
vn 0.923880 0.000000 0.382684
vn -0.431815 0.884047 0.178877
vn -0.431861 0.884025 0.178873
vn -0.431865 0.884023 0.178872
vn 0.923879 0.000000 0.382684
vn 0.923879 0.000000 0.382684
vn 0.923880 0.000000 0.382684
vn 0.891663 0.261773 -0.369340
vn 0.891663 0.261773 -0.369340
vn 0.891663 0.261772 -0.369339
vn 0.923880 0.000000 0.382683
vn 0.923880 0.000000 0.382683
vn 0.923880 0.000000 0.382684
vn -0.431849 -0.884031 0.178874
vn -0.431832 -0.884039 0.178876
vn -0.431850 -0.884030 0.178874
vn 0.919452 -0.097782 0.380850
vn 0.919452 -0.097782 0.380850
vn 0.919453 -0.097781 0.380849
vn 0.431850 -0.884031 -0.178874
vn 0.431846 -0.884032 -0.178874
vn 0.431850 -0.884031 -0.178874
vn 0.923880 0.000000 0.382684
vn 0.923880 0.000000 0.382683
vn 0.923880 0.000000 0.382683
vn -0.431815 0.884048 0.178871
vn -0.431850 0.884032 0.178868
vn -0.431813 0.884049 0.178872
vn 0.923879 -0.000000 -0.382684
vn 0.923879 -0.000000 -0.382684
vn 0.923880 -0.000000 -0.382683
vn 0.431849 0.884031 -0.178874
vn 0.431838 0.884036 -0.178875
vn 0.431837 0.884037 -0.178875
vn 0.923879 -0.000000 -0.382684
vn 0.923879 -0.000000 -0.382684
vn 0.923880 -0.000000 -0.382683
vn -0.723442 -0.621962 0.299659
vn -0.723438 -0.621965 0.299660
vn -0.723437 -0.621966 0.299661
vn 0.919050 0.102115 -0.380683
vn 0.919050 0.102115 -0.380683
vn 0.919050 0.102115 -0.380683
vn 0.661790 -0.697775 -0.274124
vn 0.661792 -0.697774 -0.274124
vn 0.661790 -0.697775 -0.274124
vn 0.923880 -0.000000 -0.382683
vn 0.923880 -0.000000 -0.382683
vn 0.923879 -0.000000 -0.382684
vn -0.898382 0.233311 -0.372123
vn -0.898382 0.233312 -0.372123
vn -0.898382 0.233312 -0.372123
vn 0.923879 -0.000000 -0.382684
vn 0.923879 -0.000000 -0.382684
vn 0.923879 -0.000000 -0.382684
vn 0.431823 0.884043 -0.178877
vn 0.431868 0.884022 -0.178873
vn 0.431871 0.884020 -0.178873
vn 0.923880 -0.000000 -0.382683
vn 0.923880 -0.000000 -0.382683
vn 0.923879 -0.000000 -0.382684
vn -0.431850 -0.884031 -0.178874
vn -0.431846 -0.884032 -0.178874
vn -0.431846 -0.884032 -0.178874
vn 0.919292 -0.099532 -0.380783
vn 0.919292 -0.099532 -0.380783
vn 0.919292 -0.099532 -0.380782
vn 0.431851 -0.884029 -0.178880
vn 0.431864 -0.884023 -0.178879
vn 0.431865 -0.884022 -0.178879
vn 0.923880 -0.000000 -0.382684
vn 0.923880 -0.000000 -0.382683
vn 0.923880 -0.000000 -0.382683
vn -0.431849 0.884031 -0.178874
vn -0.431835 0.884037 -0.178876
vn -0.431834 0.884038 -0.178876
vn 0.382684 -0.000000 -0.923880
vn 0.382684 -0.000000 -0.923879
vn 0.382684 -0.000000 -0.923879
vn 0.431824 0.884043 -0.178876
vn 0.431857 0.884027 -0.178873
vn 0.431860 0.884026 -0.178872
vn 0.382684 -0.000000 -0.923879
vn 0.382684 -0.000000 -0.923879
vn 0.382683 -0.000000 -0.923880
vn -0.431832 -0.884039 -0.178876
vn -0.431840 -0.884035 -0.178875
vn -0.431841 -0.884035 -0.178875
vn 0.380683 0.102115 -0.919050
vn 0.380683 0.102115 -0.919050
vn 0.380683 0.102115 -0.919050
vn 0.431850 -0.884031 -0.178873
vn 0.431836 -0.884037 -0.178874
vn 0.431835 -0.884038 -0.178874
vn 0.382684 -0.000000 -0.923879
vn 0.382683 -0.000000 -0.923880
vn 0.382684 -0.000000 -0.923879
vn -0.431823 0.884043 -0.178877
vn -0.431868 0.884022 -0.178873
vn -0.431821 0.884044 -0.178878
vn 0.382683 -0.000000 -0.923880
vn 0.382683 -0.000000 -0.923880
vn 0.382684 -0.000000 -0.923879
vn 0.431823 0.884043 -0.178876
vn 0.431838 0.884036 -0.178875
vn 0.431839 0.884036 -0.178874
vn 0.382684 -0.000000 -0.923880
vn 0.382684 -0.000000 -0.923880
vn 0.382684 -0.000000 -0.923879
vn -0.431876 -0.884017 -0.178878
vn -0.431849 -0.884030 -0.178880
vn -0.431846 -0.884031 -0.178881
vn 0.332496 -0.054020 -0.941556
vn 0.322689 -0.044067 -0.945479
vn 0.380617 -0.103755 -0.918894
vn 0.431824 -0.884043 -0.178876
vn 0.431862 -0.884025 -0.178872
vn 0.431865 -0.884023 -0.178872
vn 0.382683 -0.000000 -0.923880
vn 0.382684 -0.000000 -0.923880
vn 0.382683 -0.000000 -0.923880
vn -0.431850 0.884031 -0.178874
vn -0.431837 0.884037 -0.178875
vn -0.431835 0.884037 -0.178875
vn -0.382684 -0.000000 -0.923879
vn -0.382684 -0.000000 -0.923879
vn -0.382683 -0.000000 -0.923880
vn -0.382684 -0.000000 -0.923879
vn -0.382684 -0.000000 -0.923879
vn -0.382684 -0.000000 -0.923879
vn -0.423491 0.035128 -0.905219
vn -0.446947 0.055823 -0.892817
vn -0.382684 -0.000000 -0.923879
vn -0.382683 -0.000000 -0.923880
vn -0.382683 -0.000000 -0.923880
vn -0.382683 -0.000000 -0.923880
vn -0.382683 -0.000000 -0.923880
vn -0.382683 -0.000000 -0.923880
vn -0.382683 -0.000000 -0.923880
vn -0.381317 -0.084409 -0.920583
vn -0.381317 -0.084409 -0.920583
vn -0.381317 -0.084409 -0.920583
vn -0.382684 -0.000000 -0.923880
vn -0.382684 -0.000000 -0.923879
vn -0.382684 -0.000000 -0.923879
vn -0.382684 -0.000000 -0.923879
vn -0.382684 -0.000000 -0.923879
vn -0.382684 -0.000000 -0.923879
vn -0.923879 -0.000000 -0.382684
vn -0.923880 -0.000000 -0.382683
vn -0.923880 -0.000000 -0.382683
vn -0.923880 -0.000000 -0.382683
vn -0.923880 -0.000000 -0.382683
vn -0.923879 -0.000000 -0.382684
vn -0.920848 0.080949 -0.381428
vn -0.920848 0.080949 -0.381427
vn -0.920847 0.080949 -0.381428
vn -0.923879 -0.000000 -0.382684
vn -0.923879 -0.000000 -0.382684
vn -0.923879 -0.000000 -0.382684
vn -0.923880 -0.000000 -0.382684
vn -0.923880 -0.000000 -0.382684
vn -0.923879 -0.000000 -0.382684
vn -0.920660 -0.083412 -0.381350
vn -0.920660 -0.083412 -0.381350
vn -0.920660 -0.083412 -0.381351
vn -0.923880 -0.000000 -0.382683
vn -0.923880 -0.000000 -0.382684
vn -0.923879 -0.000000 -0.382684
vn -0.923880 -0.000000 -0.382683
vn -0.923880 -0.000000 -0.382683
vn -0.923880 -0.000000 -0.382683
vn -0.923879 0.000000 0.382684
vn -0.923880 0.000000 0.382683
vn -0.923880 0.000000 0.382683
vn -0.923880 0.000000 0.382683
vn -0.923880 0.000000 0.382684
vn -0.923879 0.000000 0.382684
vn -0.920848 0.080949 0.381427
vn -0.920848 0.080949 0.381428
vn -0.920847 0.080949 0.381428
vn -0.923879 0.000000 0.382684
vn -0.923879 0.000000 0.382684
vn -0.923880 0.000000 0.382684
vn -0.923880 0.000000 0.382684
vn -0.923880 0.000000 0.382684
vn -0.923880 0.000000 0.382684
vn -0.920660 -0.083412 0.381350
vn -0.920660 -0.083412 0.381350
vn -0.920660 -0.083412 0.381351
vn -0.923880 0.000000 0.382683
vn -0.923880 0.000000 0.382683
vn -0.923879 0.000000 0.382684
vn -0.923880 0.000000 0.382683
vn -0.923880 0.000000 0.382683
vn -0.923880 0.000000 0.382683
vn -0.382683 0.000000 0.923880
vn -0.382683 0.000000 0.923880
vn -0.382683 0.000000 0.923880
vn -0.382684 0.000000 0.923879
vn -0.382683 0.000000 0.923880
vn -0.382682 0.000000 0.923880
vn -0.446947 0.055823 0.892817
vn -0.423491 0.035129 0.905219
vn -0.382684 0.000000 0.923879
vn -0.382683 0.000000 0.923880
vn -0.382683 0.000000 0.923880
vn -0.382683 0.000000 0.923880
vn -0.382684 0.000000 0.923879
vn -0.382684 0.000000 0.923879
vn -0.382683 0.000000 0.923880
vn -0.381318 -0.084408 0.920583
vn -0.381318 -0.084408 0.920582
vn -0.381317 -0.084408 0.920583
vn -0.382684 0.000000 0.923879
vn -0.382683 0.000000 0.923879
vn -0.382683 0.000000 0.923880
vn -0.382684 0.000000 0.923880
vn -0.382684 0.000000 0.923880
vn -0.382684 0.000000 0.923879
vn 0.382683 0.000000 0.923880
vn 0.382683 0.000000 0.923880
vn 0.382683 0.000000 0.923880
vn 0.382684 0.000000 0.923879
vn 0.382683 0.000000 0.923880
vn 0.382682 0.000000 0.923880
vn 0.382683 0.000000 0.923880
vn 0.382684 0.000000 0.923879
vn 0.382684 0.000000 0.923879
vn 0.382683 0.000000 0.923880
vn 0.382683 0.000000 0.923880
vn 0.382683 0.000000 0.923880
vn 0.382684 0.000000 0.923879
vn 0.382684 0.000000 0.923879
vn 0.382683 0.000000 0.923880
vn 0.381271 -0.085817 0.920471
vn 0.381272 -0.085817 0.920471
vn 0.381271 -0.085817 0.920471
vn 0.382684 0.000000 0.923879
vn 0.382684 0.000000 0.923880
vn 0.382683 0.000000 0.923880
vn 0.382684 0.000000 0.923879
vn 0.382684 0.000000 0.923879
vn 0.382684 0.000000 0.923879
vn 0.923879 0.000000 0.382684
vn 0.923880 0.000000 0.382683
vn 0.923880 0.000000 0.382683
vn 0.923880 0.000000 0.382683
vn 0.923880 0.000000 0.382683
vn 0.923879 0.000000 0.382684
vn 0.923880 0.000000 0.382683
vn 0.923880 0.000000 0.382684
vn 0.923879 0.000000 0.382684
vn 0.923879 0.000000 0.382684
vn 0.923879 0.000000 0.382684
vn 0.923879 0.000000 0.382684
vn 0.923880 0.000000 0.382684
vn 0.923880 0.000000 0.382684
vn 0.923879 0.000000 0.382684
vn 0.920391 -0.086813 0.381239
vn 0.920391 -0.086813 0.381239
vn 0.920391 -0.086813 0.381239
vn 0.923880 0.000000 0.382684
vn 0.923879 0.000000 0.382684
vn 0.923879 0.000000 0.382684
vn 0.923880 0.000000 0.382684
vn 0.923880 0.000000 0.382684
vn 0.923880 0.000000 0.382684
vn 0.923879 -0.000000 -0.382684
vn 0.923880 -0.000000 -0.382683
vn 0.923880 -0.000000 -0.382683
vn 0.923880 -0.000000 -0.382683
vn 0.923880 -0.000000 -0.382684
vn 0.923879 -0.000000 -0.382684
vn 0.923880 -0.000000 -0.382683
vn 0.923880 -0.000000 -0.382684
vn 0.923879 -0.000000 -0.382684
vn 0.923879 -0.000000 -0.382684
vn 0.923879 -0.000000 -0.382684
vn 0.923880 -0.000000 -0.382684
vn 0.923880 -0.000000 -0.382684
vn 0.923880 -0.000000 -0.382684
vn 0.923880 -0.000000 -0.382684
vn 0.920391 -0.086813 -0.381239
vn 0.920391 -0.086813 -0.381239
vn 0.920391 -0.086813 -0.381239
vn 0.923880 -0.000000 -0.382684
vn 0.923879 -0.000000 -0.382684
vn 0.923879 -0.000000 -0.382684
vn 0.923879 -0.000000 -0.382683
vn 0.923879 -0.000000 -0.382683
vn 0.923880 -0.000000 -0.382684
vn 0.382684 -0.000000 -0.923879
vn 0.382684 -0.000000 -0.923879
vn 0.382683 -0.000000 -0.923880
vn 0.382684 -0.000000 -0.923879
vn 0.382684 -0.000000 -0.923879
vn 0.382684 -0.000000 -0.923879
vn 0.382683 -0.000000 -0.923880
vn 0.382683 -0.000000 -0.923880
vn 0.382684 -0.000000 -0.923879
vn 0.382683 -0.000000 -0.923880
vn 0.382683 -0.000000 -0.923880
vn 0.382683 -0.000000 -0.923880
vn 0.382683 -0.000000 -0.923880
vn 0.382683 -0.000000 -0.923880
vn 0.382683 -0.000000 -0.923880
vn 0.381271 -0.085817 -0.920471
vn 0.381272 -0.085818 -0.920471
vn 0.381272 -0.085818 -0.920471
vn 0.382684 -0.000000 -0.923879
vn 0.382684 -0.000000 -0.923880
vn 0.382684 -0.000000 -0.923879
vn 0.382684 -0.000000 -0.923879
vn 0.382684 -0.000000 -0.923879
vn 0.382684 -0.000000 -0.923879
vn 0.274123 -0.697773 0.661793
vn 0.274126 -0.697773 0.661792
vn 0.274127 -0.697773 0.661792
vn -0.178892 0.884031 0.431842
vn -0.178854 0.884038 0.431844
vn -0.178850 0.884038 0.431844
vn -0.299658 -0.621963 -0.723441
vn -0.299659 -0.621963 -0.723441
vn -0.299659 -0.621963 -0.723441
vn 0.178873 0.884034 0.431843
vn 0.178875 0.884034 0.431842
vn 0.178875 0.884034 0.431842
vn -0.178874 -0.884034 0.431842
vn -0.178880 -0.884033 0.431842
vn -0.178874 -0.884034 0.431842
vn -0.178883 0.884039 -0.431830
vn -0.178851 0.884044 -0.431832
vn -0.178884 0.884038 -0.431829
vn 0.178888 -0.884032 0.431841
vn 0.178868 -0.884035 0.431843
vn 0.178867 -0.884035 0.431843
vn 0.319726 0.549523 -0.771881
vn 0.319726 0.549522 -0.771881
vn 0.319726 0.549522 -0.771881
vn -0.178883 -0.884033 -0.431841
vn -0.178872 -0.884035 -0.431841
vn -0.178884 -0.884033 -0.431841
vn 0.369338 0.261772 0.891664
vn 0.369339 0.261772 0.891664
vn 0.369338 0.261772 0.891664
vn -0.178880 -0.884035 0.431838
vn -0.178884 -0.884027 0.431853
vn -0.178880 -0.884036 0.431837
vn -0.178873 0.884034 -0.431842
vn -0.178876 0.884034 -0.431841
vn -0.178877 0.884034 -0.431841
vn 0.723442 -0.621961 0.299659
vn 0.723440 -0.621964 0.299660
vn 0.723439 -0.621965 0.299660
vn -0.178848 0.884040 0.431841
vn -0.178875 0.884033 0.431844
vn -0.178846 0.884040 0.431841
vn -0.178885 -0.884032 -0.431843
vn -0.178858 -0.884037 -0.431844
vn -0.178887 -0.884031 -0.431843
vn 0.431814 0.884048 0.178872
vn 0.431836 0.884038 0.178869
vn 0.431813 0.884049 0.178872
vn -0.178879 -0.884035 0.431839
vn -0.178871 -0.884036 0.431840
vn -0.178871 -0.884036 0.431840
vn 0.319723 0.549523 0.771882
vn 0.319724 0.549523 0.771882
vn 0.319723 0.549523 0.771882
vn 0.431848 -0.884031 0.178874
vn 0.431816 -0.884046 0.178877
vn 0.431849 -0.884031 0.178874
vn -0.178862 0.884031 0.431854
vn -0.178878 0.884033 0.431844
vn -0.178862 0.884031 0.431854
vn -0.178864 -0.884037 -0.431840
vn -0.178882 -0.884033 -0.431840
vn -0.178863 -0.884037 -0.431840
vn 0.431814 0.884047 0.178877
vn 0.431850 0.884031 0.178874
vn 0.431853 0.884029 0.178874
vn -0.178880 -0.884034 0.431840
vn -0.178885 -0.884027 0.431852
vn -0.178885 -0.884027 0.431853
vn -0.178863 0.884037 -0.431840
vn -0.178868 0.884036 -0.431842
vn -0.178868 0.884035 -0.431842
vn 0.431863 -0.884024 0.178873
vn 0.431823 -0.884043 0.178878
vn 0.431819 -0.884045 0.178878
vn -0.178873 0.884034 0.431844
vn -0.178865 0.884035 0.431845
vn -0.178873 0.884034 0.431844
vn -0.178880 -0.884035 -0.431839
vn -0.178880 -0.884034 -0.431841
vn -0.178880 -0.884035 -0.431839
vn 0.431851 0.884030 0.178873
vn 0.431864 0.884024 0.178872
vn 0.431865 0.884023 0.178872
vn -0.197291 -0.862730 0.465590
vn -0.299412 -0.699905 0.648449
vn -0.178872 -0.884035 0.431841
vn -0.178880 0.884035 -0.431839
vn -0.178880 0.884034 -0.431841
vn -0.178880 0.884034 -0.431841
vn 0.431823 -0.884043 0.178876
vn 0.431854 -0.884029 0.178873
vn 0.431856 -0.884027 0.178873
vn -0.178873 0.884034 0.431842
vn -0.178879 0.884033 0.431842
vn -0.178880 0.884033 0.431841
vn -0.178878 -0.884028 -0.431853
vn -0.178868 -0.884029 -0.431856
vn -0.178879 -0.884028 -0.431853
vn 0.431823 0.884043 0.178876
vn 0.431834 0.884038 0.178875
vn 0.431835 0.884038 0.178874
vn -0.178883 -0.884033 0.431842
vn -0.178872 -0.884035 0.431842
vn -0.178871 -0.884035 0.431842
vn -0.178861 0.884036 -0.431845
vn -0.178877 0.884033 -0.431842
vn -0.178879 0.884033 -0.431842
vn 0.431850 -0.884031 0.178873
vn 0.431838 -0.884036 0.178875
vn 0.431837 -0.884036 0.178875
vn -0.370526 0.250061 0.894528
vn -0.370525 0.250061 0.894528
vn -0.370526 0.250061 0.894528
vn -0.178862 -0.884036 -0.431842
vn -0.178875 -0.884035 -0.431841
vn -0.178877 -0.884034 -0.431841
vn 0.431850 0.884031 0.178873
vn 0.431836 0.884037 0.178874
vn 0.431835 0.884038 0.178874
vn -0.178883 0.884033 -0.431841
vn -0.178876 0.884034 -0.431841
vn -0.178875 0.884034 -0.431841
vn 0.431876 -0.884017 0.178878
vn 0.431849 -0.884030 0.178881
vn 0.431846 -0.884031 0.178881
vn -0.178878 -0.884034 -0.431841
vn -0.178879 -0.884034 -0.431840
vn -0.178880 -0.884034 -0.431840
vn 0.431823 0.884043 0.178877
vn 0.431868 0.884022 0.178873
vn 0.431821 0.884044 0.178877
vn -0.371665 0.238240 -0.897278
vn -0.371664 0.238239 -0.897278
vn -0.371664 0.238239 -0.897278
vn 0.658843 -0.701036 0.272901
vn 0.658841 -0.701037 0.272902
vn 0.658840 -0.701038 0.272902
vn -0.723442 -0.621961 -0.299658
vn -0.723440 -0.621964 -0.299660
vn -0.723439 -0.621965 -0.299660
vn 0.431849 0.884031 0.178874
vn 0.431838 0.884036 0.178875
vn 0.431850 0.884031 0.178874
vn -0.431814 0.884048 -0.178872
vn -0.431836 0.884038 -0.178870
vn -0.431813 0.884049 -0.178872
vn 0.431849 -0.884031 0.178874
vn 0.431846 -0.884032 0.178874
vn 0.431845 -0.884033 0.178874
vn -0.431848 -0.884032 -0.178874
vn -0.431816 -0.884047 -0.178877
vn -0.431849 -0.884031 -0.178874
vn 0.890445 0.266589 0.368834
vn 0.890444 0.266590 0.368835
vn 0.890445 0.266589 0.368833
vn -0.431814 0.884047 -0.178877
vn -0.431850 0.884030 -0.178874
vn -0.431854 0.884029 -0.178874
vn 0.723442 -0.621962 -0.299658
vn 0.723438 -0.621965 -0.299660
vn 0.723437 -0.621967 -0.299661
vn -0.431863 -0.884024 -0.178873
vn -0.431823 -0.884043 -0.178877
vn -0.431819 -0.884045 -0.178878
vn 0.431815 0.884048 -0.178872
vn 0.431851 0.884031 -0.178868
vn 0.431813 0.884049 -0.178872
vn 0.770090 0.552460 0.318982
vn 0.770090 0.552459 0.318982
vn 0.770090 0.552460 0.318982
vn 0.431849 -0.884031 -0.178874
vn 0.431832 -0.884039 -0.178875
vn 0.431850 -0.884030 -0.178874
vn -0.431823 -0.884043 -0.178875
vn -0.431854 -0.884029 -0.178873
vn -0.431856 -0.884027 -0.178873
vn 0.431815 0.884047 -0.178878
vn 0.431861 0.884025 -0.178873
vn 0.431865 0.884023 -0.178873
vn -0.431823 0.884043 -0.178876
vn -0.431834 0.884038 -0.178875
vn -0.431836 0.884037 -0.178875
vn 0.431863 -0.884024 -0.178873
vn 0.431823 -0.884043 -0.178877
vn 0.431866 -0.884023 -0.178873
vn -0.431850 -0.884031 -0.178873
vn -0.431838 -0.884036 -0.178874
vn -0.431837 -0.884036 -0.178874
vn 0.431850 0.884030 -0.178873
vn 0.431851 0.884030 -0.178873
vn 0.431851 0.884030 -0.178873
vn 0.923880 -0.000000 -0.382682
vn -0.280803 0.679410 -0.677903
vn -0.382683 0.000000 0.923880
vn -0.382683 -0.000000 -0.923880
vn 0.382683 -0.000000 -0.923880
vn 0.923880 0.000000 0.382682
vn -0.923880 0.000000 0.382682
vn 0.382683 0.000000 0.923880
vn -0.923880 -0.000000 -0.382682
vn -0.382463 0.033983 -0.923346
vn -0.330161 0.505623 0.797082
vn -0.923346 0.033983 0.382462
vn 0.382463 0.033983 0.923346
vn 0.923346 0.033983 -0.382462
vn -0.923346 0.033983 -0.382462
vn -0.382463 0.033983 0.923346
vn 0.923346 0.033983 0.382463
vn 0.382463 0.033983 -0.923346
vn 0.797081 0.505623 0.330162
vn 0.330161 0.505623 -0.797082
vn -0.330162 0.505623 -0.797081
vn -0.797081 0.505623 0.330162
vn 0.330162 0.505623 0.797081
vn 0.797081 0.505623 -0.330162
vn -0.797081 0.505623 -0.330162
vn -0.923880 -0.000000 -0.382684
vn 0.280803 0.679410 -0.677903
vn 0.677904 0.679411 0.280797
vn -0.677904 0.679411 0.280797
vn 0.280803 0.679410 0.677903
vn -0.677904 0.679411 -0.280797
vn 0.677904 0.679411 -0.280797
vn -0.280803 0.679410 0.677902
vn 0.000000 -1.000000 0.000000
vn 0.000000 -1.000000 0.000000
vn 0.000000 -1.000000 0.000000
vn 0.000000 -1.000000 0.000000
vn 0.000000 -1.000000 0.000000
vn -0.382684 0.000000 0.923880
vn 0.923880 0.000000 0.382684
vn 0.382684 -0.000000 -0.923880
vn -0.382684 -0.000000 -0.923880
vn -0.923879 0.000000 0.382684
vn 0.382684 0.000000 0.923880
vn 0.923879 -0.000000 -0.382684
vn -0.923880 0.000000 -0.382683
vn -0.744920 0.591513 0.308555
vn -0.382684 0.000000 0.923880
vn 0.923880 -0.000000 0.382684
vn 0.382683 -0.000000 -0.923879
vn -0.382684 -0.000000 -0.923880
vn -0.923880 0.000000 0.382684
vn 0.382683 0.000000 0.923880
vn 0.923880 -0.000000 -0.382683
vn 0.308553 0.591515 0.744919
vn 0.744916 0.591517 -0.308557
vn -0.744917 0.591516 -0.308557
vn -0.308553 0.591516 0.744919
vn 0.744916 0.591517 0.308557
vn 0.308553 0.591515 -0.744919
vn -0.308553 0.591515 -0.744919
vn -0.923882 -0.000000 -0.382678
vn -0.382694 0.000000 0.923875
vn 0.923882 0.000000 0.382678
vn 0.382694 -0.000000 -0.923875
vn -0.382694 -0.000000 -0.923875
vn -0.923882 0.000000 0.382678
vn 0.382694 0.000000 0.923875
vn 0.923882 -0.000000 -0.382678
vn 0.923879 0.000000 0.382685
vn -0.144997 0.987607 -0.060064
vn 0.382682 -0.000000 -0.923880
vn -0.382682 -0.000000 -0.923880
vn -0.923879 0.000000 0.382685
vn 0.382682 0.000000 0.923880
vn 0.923879 -0.000000 -0.382685
vn -0.923879 -0.000000 -0.382685
vn -0.382682 0.000000 0.923880
vn 0.000003 1.000000 -0.000000
vn 0.000008 1.000000 -0.000000
vn 0.000000 1.000000 -0.000000
vn -0.000012 1.000000 -0.000000
vn -0.000002 1.000000 -0.000000
vn -0.060077 0.987605 0.145007
vn 0.145018 0.987604 0.060064
vn 0.060077 0.987605 -0.145007
vn -0.060061 0.987606 -0.145007
vn -0.144997 0.987607 0.060064
vn 0.060061 0.987606 0.145007
vn 0.144997 0.987607 -0.060064
vn -0.382683 -0.000000 -0.923880
vn 0.370525 0.250062 -0.894528
vn -0.382684 -0.000000 -0.923879
vn -0.178884 -0.884033 0.431842
vn -0.380683 0.102115 -0.919050
vn 0.178873 0.884034 0.431844
vn -0.382683 -0.000000 -0.923880
vn 0.178878 -0.884034 -0.431841
vn -0.382682 -0.000000 -0.923880
vn -0.178863 0.884041 0.431832
vn -0.382683 -0.000000 -0.923880
vn 0.178879 -0.884029 0.431850
vn -0.382683 -0.000000 -0.923880
vn 0.178883 0.884033 -0.431841
vn -0.382684 -0.000000 -0.923879
vn -0.299658 -0.621963 0.723442
vn -0.923879 -0.000000 -0.382685
vn 0.178862 0.884031 0.431854
vn -0.923879 -0.000000 -0.382684
vn 0.178861 -0.884037 -0.431842
vn -0.919050 0.102115 -0.380683
vn -0.897277 0.238240 0.371665
vn -0.923880 -0.000000 -0.382683
vn 0.178880 -0.884036 0.431837
vn -0.923879 -0.000000 -0.382684
vn 0.178879 0.884033 -0.431842
vn -0.923880 -0.000000 -0.382683
vn -0.431850 -0.884030 0.178874
vn -0.923880 -0.000000 -0.382683
vn 0.178846 0.884040 0.431841
vn -0.923879 -0.000000 -0.382684
vn 0.178879 -0.884028 -0.431853
vn -0.923879 0.000000 0.382685
vn -0.431850 0.884031 0.178874
vn -0.923879 0.000000 0.382684
vn 0.178880 -0.884036 0.431837
vn -0.919050 0.102115 0.380683
vn 0.178880 0.884035 -0.431839
vn -0.923880 0.000000 0.382683
vn -0.431812 -0.884048 0.178878
vn -0.923880 0.000000 0.382684
vn -0.320774 0.545335 -0.774412
vn -0.923880 0.000000 0.382683
vn 0.178880 -0.884035 -0.431839
vn -0.923880 0.000000 0.382683
vn -0.431821 0.884044 0.178877
vn -0.923879 0.000000 0.382684
vn 0.178874 -0.884034 0.431842
vn -0.382683 0.000000 0.923880
vn 0.178880 0.884035 -0.431839
vn -0.382683 0.000000 0.923880
vn -0.431850 -0.884029 0.178880
vn -0.380683 0.102116 0.919050
vn 0.178884 0.884033 0.431841
vn -0.382684 0.000000 0.923879
vn 0.178863 -0.884037 -0.431840
vn -0.382684 0.000000 0.923879
vn -0.431822 0.884044 0.178876
vn -0.382683 0.000000 0.923880
vn 0.178883 -0.884034 0.431839
vn -0.482147 0.000000 0.876090
vn 0.460538 0.875798 -0.144510
vn -0.382683 0.000000 0.923880
vn -0.431850 -0.884030 0.178873
vn 0.382683 0.000000 0.923880
vn 0.178885 0.884038 0.431830
vn 0.382683 0.000000 0.923880
vn 0.178887 -0.884031 -0.431843
vn 0.380682 0.102116 0.919050
vn -0.431822 0.884044 0.178876
vn 0.382684 0.000000 0.923879
vn 0.299657 -0.621963 0.723441
vn 0.382684 0.000000 0.923879
vn 0.178883 0.884033 -0.431841
vn 0.382683 0.000000 0.923880
vn -0.431822 -0.884044 0.178876
vn 0.380782 -0.099532 0.919292
vn 0.178859 -0.884037 -0.431843
vn 0.382683 0.000000 0.923880
vn 0.770090 0.552459 -0.318983
vn 0.923879 0.000000 0.382685
vn 0.178863 0.884042 -0.431831
vn 0.923879 0.000000 0.382684
vn -0.431819 -0.884045 0.178878
vn 0.919050 0.102115 0.380683
vn 0.299658 -0.621963 -0.723441
vn 0.923880 0.000000 0.382683
vn -0.431813 0.884048 0.178877
vn 0.923879 0.000000 0.382684
vn 0.891663 0.261773 -0.369341
vn 0.923880 0.000000 0.382683
vn -0.431830 -0.884040 0.178876
vn 0.919452 -0.097782 0.380851
vn 0.431845 -0.884033 -0.178874
vn 0.923879 0.000000 0.382684
vn -0.431853 0.884030 0.178868
vn 0.923879 -0.000000 -0.382685
vn 0.431850 0.884030 -0.178874
vn 0.923879 -0.000000 -0.382684
vn -0.723443 -0.621961 0.299658
vn 0.919050 0.102115 -0.380683
vn 0.661792 -0.697773 -0.274124
vn 0.923880 -0.000000 -0.382683
vn -0.898382 0.233311 -0.372123
vn 0.923880 -0.000000 -0.382684
vn 0.431821 0.884044 -0.178878
vn 0.923880 -0.000000 -0.382683
vn -0.431850 -0.884031 -0.178874
vn 0.919291 -0.099532 -0.380784
vn 0.431850 -0.884029 -0.178880
vn 0.923879 -0.000000 -0.382684
vn -0.431850 0.884030 -0.178874
vn 0.382683 -0.000000 -0.923880
vn 0.431822 0.884044 -0.178876
vn 0.382684 -0.000000 -0.923879
vn -0.431831 -0.884039 -0.178876
vn 0.380683 0.102115 -0.919050
vn 0.431850 -0.884030 -0.178873
vn 0.382683 -0.000000 -0.923880
vn -0.431871 0.884020 -0.178873
vn 0.382682 -0.000000 -0.923880
vn 0.431822 0.884044 -0.178876
vn 0.382683 -0.000000 -0.923880
vn -0.431878 -0.884016 -0.178877
vn 0.278560 -0.000000 -0.960419
vn 0.431822 -0.884044 -0.178876
vn 0.382684 -0.000000 -0.923879
vn -0.431850 0.884030 -0.178873
vn -0.382684 -0.000000 -0.923879
vn -0.382684 -0.000000 -0.923879
vn -0.479221 0.084951 -0.873573
vn -0.382683 -0.000000 -0.923880
vn -0.382683 -0.000000 -0.923880
vn -0.381317 -0.084409 -0.920583
vn -0.382683 -0.000000 -0.923880
vn -0.382683 -0.000000 -0.923880
vn -0.923879 -0.000000 -0.382684
vn -0.923880 -0.000000 -0.382683
vn -0.920848 0.080949 -0.381427
vn -0.923879 -0.000000 -0.382684
vn -0.923880 -0.000000 -0.382684
vn -0.920660 -0.083412 -0.381349
vn -0.923880 -0.000000 -0.382683
vn -0.923880 -0.000000 -0.382683
vn -0.923879 0.000000 0.382684
vn -0.923880 0.000000 0.382683
vn -0.920848 0.080949 0.381427
vn -0.923879 0.000000 0.382685
vn -0.923879 0.000000 0.382684
vn -0.920660 -0.083412 0.381349
vn -0.923880 0.000000 0.382683
vn -0.923880 0.000000 0.382683
vn -0.382683 0.000000 0.923880
vn -0.382684 0.000000 0.923879
vn -0.479220 0.084951 0.873574
vn -0.382683 0.000000 0.923880
vn -0.382684 0.000000 0.923879
vn -0.381318 -0.084408 0.920582
vn -0.382684 0.000000 0.923879
vn -0.382683 0.000000 0.923880
vn 0.382683 0.000000 0.923880
vn 0.382684 0.000000 0.923879
vn 0.382683 0.000000 0.923880
vn 0.382683 0.000000 0.923880
vn 0.382684 0.000000 0.923879
vn 0.381272 -0.085817 0.920471
vn 0.382684 0.000000 0.923879
vn 0.382683 0.000000 0.923880
vn 0.923879 0.000000 0.382684
vn 0.923880 0.000000 0.382683
vn 0.923880 0.000000 0.382683
vn 0.923879 0.000000 0.382684
vn 0.923880 0.000000 0.382684
vn 0.920392 -0.086813 0.381239
vn 0.923880 0.000000 0.382683
vn 0.923880 0.000000 0.382684
vn 0.923879 -0.000000 -0.382684
vn 0.923880 -0.000000 -0.382683
vn 0.923880 -0.000000 -0.382683
vn 0.923879 -0.000000 -0.382685
vn 0.923879 -0.000000 -0.382684
vn 0.920391 -0.086813 -0.381239
vn 0.923880 -0.000000 -0.382683
vn 0.923880 -0.000000 -0.382684
vn 0.382684 -0.000000 -0.923879
vn 0.382684 -0.000000 -0.923879
vn 0.382683 -0.000000 -0.923880
vn 0.382683 -0.000000 -0.923880
vn 0.382683 -0.000000 -0.923880
vn 0.381270 -0.085817 -0.920472
vn 0.382683 -0.000000 -0.923880
vn 0.382683 -0.000000 -0.923880
vn 0.274123 -0.697773 0.661793
vn -0.178894 0.884030 0.431841
vn -0.299658 -0.621963 -0.723441
vn 0.178873 0.884034 0.431843
vn -0.178881 -0.884033 0.431842
vn -0.178848 0.884044 -0.431833
vn 0.178889 -0.884032 0.431841
vn 0.319726 0.549523 -0.771881
vn -0.178871 -0.884035 -0.431841
vn 0.369339 0.261772 0.891664
vn -0.178885 -0.884026 0.431855
vn -0.178872 0.884034 -0.431842
vn 0.723443 -0.621960 0.299658
vn -0.178877 0.884033 0.431844
vn -0.178856 -0.884037 -0.431844
vn 0.431838 0.884037 0.178869
vn -0.178880 -0.884035 0.431839
vn 0.319724 0.549523 0.771882
vn 0.431814 -0.884047 0.178878
vn -0.178879 0.884033 0.431843
vn -0.178884 -0.884033 -0.431841
vn 0.431812 0.884048 0.178877
vn -0.178880 -0.884035 0.431839
vn -0.178863 0.884037 -0.431840
vn 0.431866 -0.884023 0.178873
vn -0.178864 0.884035 0.431845
vn -0.178880 -0.884034 -0.431841
vn 0.431850 0.884030 0.178873
vn -0.307712 -0.682537 0.662916
vn -0.178880 0.884035 -0.431839
vn 0.431822 -0.884044 0.178876
vn -0.178872 0.884035 0.431842
vn -0.178867 -0.884029 -0.431856
vn 0.431822 0.884044 0.178876
vn -0.178884 -0.884033 0.431842
vn -0.178860 0.884036 -0.431845
vn 0.431850 -0.884030 0.178873
vn -0.370525 0.250061 0.894528
vn -0.178861 -0.884037 -0.431843
vn 0.431850 0.884030 0.178873
vn -0.178883 0.884033 -0.431840
vn 0.431878 -0.884016 0.178878
vn -0.178878 -0.884034 -0.431841
vn 0.431871 0.884020 0.178873
vn -0.371665 0.238240 -0.897277
vn 0.658844 -0.701035 0.272901
vn -0.723443 -0.621961 -0.299658
vn 0.431837 0.884037 0.178875
vn -0.431838 0.884037 -0.178869
vn 0.431850 -0.884030 0.178874
vn -0.431813 -0.884048 -0.178877
vn 0.890444 0.266590 0.368835
vn -0.431812 0.884048 -0.178878
vn 0.723443 -0.621961 -0.299658
vn -0.431866 -0.884023 -0.178873
vn 0.431854 0.884030 -0.178868
vn 0.770090 0.552459 0.318982
vn 0.431830 -0.884040 -0.178876
vn -0.431822 -0.884044 -0.178876
vn 0.431813 0.884048 -0.178878
vn -0.431822 0.884044 -0.178876
vn 0.431819 -0.884045 -0.178878
vn -0.431850 -0.884031 -0.178873
vn 0.431850 0.884030 -0.178873
f 1/1/1 2/2/2 3/3/3
f 4/4/4 5/5/5 6/6/6
f 7/7/7 8/8/8 9/9/9
f 10/10/10 11/11/11 12/12/12
f 13/13/13 14/14/14 15/15/15
f 16/16/16 17/17/17 18/18/18
f 4/4/4 19/19/19 20/20/20
f 21/21/21 22/22/22 23/23/23
f 24/24/24 25/25/25 26/26/26
f 27/27/27 28/28/28 29/29/29
f 30/30/30 31/31/31 32/32/32
f 13/13/13 33/33/33 34/34/34
f 24/24/24 35/35/35 36/36/36
f 1/1/1 37/37/37 38/38/38
f 7/7/7 39/39/39 40/40/40
f 16/16/16 41/41/41 42/42/42
f 10/10/10 43/43/43 44/44/44
f 21/21/21 45/45/45 46/46/46
f 47/47/47 48/48/48 49/49/49
f 50/50/50 51/51/51 52/52/52
f 53/53/53 54/54/54 55/55/55
f 56/56/56 31/31/31 57/57/57
f 30/30/30 51/51/51 58/58/58
f 50/50/50 59/59/59 60/60/60
f 53/53/53 59/59/59 61/61/61
f 56/56/56 54/54/54 62/62/62
f 63/63/63 64/64/64 65/65/65
f 66/66/66 67/67/67 68/68/68
f 69/69/69 70/70/70 71/71/71
f 72/72/72 73/73/73 74/74/74
f 75/75/75 76/76/76 77/77/77
f 78/78/78 79/79/79 80/80/80
f 81/81/81 82/82/82 83/83/83
f 84/84/84 85/85/85 86/86/86
f 87/87/87 88/88/88 89/89/89
f 90/90/90 91/91/91 92/92/92
f 93/93/93 94/94/94 95/95/95
f 96/96/96 97/97/97 98/98/98
f 99/99/99 100/100/100 101/101/101
f 102/102/102 103/103/103 104/104/104
f 105/105/105 106/106/106 107/107/107
f 108/108/108 109/109/109 110/110/110
f 111/111/111 112/112/112 113/113/113
f 114/114/114 115/115/115 116/116/116
f 117/117/117 118/118/118 119/119/119
f 120/120/120 121/121/121 122/122/122
f 123/123/123 124/124/124 125/125/125
f 126/126/126 127/127/127 128/128/128
f 129/129/129 130/130/130 131/131/131
f 132/132/132 133/133/133 134/134/134
f 135/135/135 136/136/136 137/137/137
f 138/138/138 139/139/139 140/140/140
f 141/141/141 142/142/142 143/143/143
f 144/144/144 145/145/145 146/146/146
f 147/147/147 148/148/148 149/149/149
f 150/150/150 151/151/151 152/152/152
f 153/153/153 154/154/154 155/155/155
f 156/156/156 157/157/157 158/158/158
f 159/159/159 160/160/160 161/161/161
f 162/162/162 163/163/163 164/164/164
f 165/165/165 166/166/166 167/167/167
f 168/168/168 169/169/169 170/170/170
f 171/171/171 172/172/172 173/173/173
f 174/174/174 175/175/175 176/176/176
f 177/177/177 178/178/178 179/179/179
f 180/180/180 181/181/181 182/182/182
f 183/183/183 184/184/184 185/185/185
f 186/186/186 187/187/187 188/188/188
f 189/189/189 190/190/190 191/191/191
f 192/192/192 193/193/193 194/194/194
f 195/195/195 196/196/196 197/197/197
f 198/198/198 199/199/199 200/200/200
f 201/201/201 202/202/202 203/203/203
f 204/204/204 205/205/205 206/206/206
f 207/207/207 208/208/208 209/209/209
f 210/210/210 211/211/211 212/212/212
f 213/213/213 214/214/214 215/215/215
f 216/216/216 217/217/217 218/218/218
f 219/219/219 220/220/220 221/221/221
f 222/222/222 209/209/209 223/223/223
f 224/224/224 225/225/225 226/226/226
f 227/227/227 228/228/228 229/229/229
f 230/230/230 231/231/231 232/232/232
f 233/233/233 234/234/234 225/225/225
f 235/235/235 236/236/236 228/228/228
f 237/237/237 238/238/238 205/205/205
f 239/239/239 240/240/240 211/211/211
f 241/241/241 242/242/242 214/214/214
f 243/243/243 244/244/244 217/217/217
f 245/245/245 246/246/246 220/220/220
f 247/247/247 248/248/248 249/249/249
f 250/250/250 251/251/251 252/252/252
f 253/253/253 254/254/254 255/255/255
f 230/230/230 256/256/256 257/257/257
f 258/258/258 231/231/231 259/259/259
f 252/252/252 260/260/260 258/258/258
f 250/250/250 254/254/254 261/261/261
f 257/257/257 262/262/262 253/253/253
f 263/263/263 264/264/264 265/265/265
f 266/266/266 267/267/267 268/268/268
f 269/269/269 270/270/270 271/271/271
f 272/272/272 273/273/273 274/274/274
f 275/275/275 276/276/276 277/277/277
f 278/278/278 279/279/279 280/280/280
f 281/281/281 282/282/282 283/283/283
f 284/284/284 285/285/285 286/286/286
f 287/287/287 288/288/288 289/289/289
f 290/290/290 291/291/291 292/292/292
f 293/293/293 294/294/294 295/295/295
f 296/296/296 297/297/297 298/298/298
f 299/299/299 300/300/300 301/301/301
f 302/302/302 303/303/303 304/304/304
f 305/305/305 306/306/306 307/307/307
f 308/308/308 309/309/309 310/310/310
f 311/311/311 312/312/312 313/313/313
f 314/314/314 315/315/315 316/316/316
f 317/317/317 318/318/318 319/319/319
f 320/320/320 321/321/321 322/322/322
f 323/323/323 324/324/324 325/325/325
f 326/326/326 327/327/327 328/328/328
f 329/329/329 330/330/330 331/331/331
f 332/332/332 333/333/333 334/334/334
f 335/335/335 336/336/336 337/337/337
f 338/338/338 339/339/339 340/340/340
f 341/341/341 342/342/342 343/343/343
f 344/344/344 345/345/345 346/346/346
f 347/347/347 348/348/348 349/349/349
f 350/350/350 351/351/351 352/352/352
f 353/353/353 354/354/354 355/355/355
f 356/356/356 357/357/357 358/358/358
f 359/359/359 360/360/360 361/361/361
f 362/362/362 363/363/363 364/364/364
f 365/365/365 366/366/366 367/367/367
f 368/368/368 369/369/369 370/370/370
f 371/371/371 372/372/372 373/373/373
f 374/374/374 375/375/375 376/376/376
f 377/377/377 378/378/378 379/379/379
f 380/380/380 381/381/381 382/382/382
f 383/383/383 384/384/384 385/385/385
f 386/386/386 387/387/387 388/388/388
f 389/389/389 390/390/390 391/391/391
f 392/392/392 393/393/393 394/394/394
f 395/395/395 396/396/396 397/397/397
f 398/398/398 399/399/399 400/400/400
f 401/401/401 402/402/402 403/403/403
f 404/404/404 405/405/405 406/406/406
f 407/407/407 408/408/408 409/409/409
f 410/410/410 411/411/411 412/412/412
f 413/413/413 414/414/414 415/415/415
f 416/416/416 417/417/417 418/418/418
f 419/419/419 420/420/420 421/421/421
f 422/422/422 423/423/423 424/424/424
f 425/425/425 426/426/426 427/427/427
f 428/428/428 429/429/429 430/430/430
f 431/431/431 432/432/432 433/433/433
f 434/434/434 435/435/435 436/436/436
f 437/437/437 438/438/438 439/439/439
f 440/440/440 441/441/441 442/442/442
f 443/443/443 444/444/444 445/445/445
f 446/446/446 447/447/447 448/448/448
f 449/449/449 450/450/450 451/451/451
f 452/452/452 453/453/453 454/454/454
f 455/455/455 456/456/456 457/457/457
f 458/458/458 459/459/459 460/460/460
f 461/461/461 462/462/462 463/463/463
f 464/464/464 465/465/465 466/466/466
f 467/467/467 468/468/468 469/469/469
f 470/470/470 471/471/471 472/472/472
f 473/473/473 474/474/474 475/475/475
f 476/476/476 477/477/477 478/478/478
f 479/479/479 480/480/480 481/481/481
f 482/482/482 483/483/483 484/484/484
f 485/485/485 486/486/486 487/487/487
f 488/488/488 489/489/489 490/490/490
f 491/491/491 492/492/492 493/493/493
f 494/494/494 495/495/495 496/496/496
f 497/497/497 498/498/498 499/499/499
f 500/500/500 501/501/501 502/502/502
f 503/503/503 504/504/504 505/505/505
f 506/506/506 507/507/507 508/508/508
f 509/509/509 510/510/510 511/511/511
f 512/512/512 513/513/513 514/514/514
f 515/515/515 516/516/516 517/517/517
f 518/518/518 519/519/519 520/520/520
f 521/521/521 522/522/522 523/523/523
f 524/524/524 525/525/525 526/526/526
f 527/527/527 528/528/528 529/529/529
f 530/530/530 531/531/531 532/532/532
f 533/533/533 534/534/534 535/535/535
f 536/536/536 537/537/537 538/538/538
f 539/539/539 540/540/540 541/541/541
f 542/542/542 543/543/543 544/544/544
f 545/545/545 546/546/546 547/547/547
f 548/548/548 549/549/549 550/550/550
f 551/551/551 552/552/552 553/553/553
f 554/554/554 555/555/555 556/556/556
f 557/557/557 558/558/558 559/559/559
f 560/560/560 561/561/561 562/562/562
f 563/563/563 564/564/564 565/565/565
f 566/566/566 567/567/567 568/568/568
f 569/569/569 570/570/570 571/571/571
f 572/572/572 573/573/573 574/574/574
f 575/575/575 576/576/576 577/577/577
f 578/578/578 579/579/579 580/580/580
f 581/581/581 582/582/582 583/583/583
f 584/584/584 585/585/585 586/586/586
f 587/587/587 588/588/588 589/589/589
f 590/590/590 591/591/591 592/592/592
f 593/593/593 594/594/594 595/595/595
f 596/596/596 597/597/597 598/598/598
f 599/599/599 600/600/600 601/601/601
f 602/602/602 603/603/603 604/604/604
f 605/605/605 606/606/606 607/607/607
f 608/608/608 609/609/609 610/610/610
f 611/611/611 612/612/612 613/613/613
f 614/614/614 615/615/615 616/616/616
f 617/617/617 618/618/618 619/619/619
f 620/620/620 621/621/621 622/622/622
f 623/623/623 624/624/624 625/625/625
f 626/626/626 627/627/627 628/628/628
f 629/629/629 630/630/630 631/631/631
f 632/632/632 633/633/633 634/634/634
f 635/635/635 636/636/636 637/637/637
f 638/638/638 639/639/639 640/640/640
f 641/641/641 642/642/642 643/643/643
f 644/644/644 645/645/645 646/646/646
f 647/647/647 648/648/648 649/649/649
f 650/650/650 651/651/651 652/652/652
f 653/653/653 654/654/654 655/655/655
f 656/656/656 657/657/657 658/658/658
f 659/659/659 660/660/660 661/661/661
f 662/662/662 663/663/663 664/664/664
f 665/665/665 666/666/666 667/667/667
f 668/668/668 669/669/669 670/670/670
f 671/671/671 672/672/672 673/673/673
f 674/674/674 675/675/675 676/676/676
f 677/677/677 678/678/678 679/679/679
f 680/680/680 681/681/681 682/682/682
f 683/683/683 684/684/684 685/685/685
f 686/686/686 687/687/687 688/688/688
f 689/689/689 690/690/690 691/691/691
f 692/692/692 693/693/693 694/694/694
f 695/695/695 696/696/696 697/697/697
f 698/698/698 699/699/699 700/700/700
f 701/701/701 702/702/702 703/703/703
f 704/704/704 705/705/705 706/706/706
f 707/707/707 708/708/708 709/709/709
f 710/710/710 711/711/711 712/712/712
f 713/713/713 714/714/714 715/715/715
f 716/716/716 717/717/717 718/718/718
f 719/719/719 720/720/720 721/721/721
f 722/722/722 723/723/723 724/724/724
f 725/725/725 726/726/726 727/727/727
f 728/728/728 729/729/729 730/730/730
f 731/731/731 732/732/732 733/733/733
f 734/734/734 735/735/735 736/736/736
f 737/737/737 738/738/738 739/739/739
f 740/740/740 741/741/741 742/742/742
f 743/743/743 744/744/744 745/745/745
f 746/746/746 747/747/747 748/748/748
f 749/749/749 750/750/750 751/751/751
f 752/752/752 753/753/753 754/754/754
f 755/755/755 756/756/756 757/757/757
f 758/758/758 759/759/759 760/760/760
f 761/761/761 762/762/762 763/763/763
f 764/764/764 765/765/765 766/766/766
f 767/767/767 768/768/768 769/769/769
f 770/770/770 771/771/771 772/772/772
f 773/773/773 774/774/774 775/775/775
f 776/776/776 777/777/777 778/778/778
f 779/779/779 780/780/780 781/781/781
f 782/782/782 783/783/783 784/784/784
f 785/785/785 786/786/786 787/787/787
f 788/788/788 789/789/789 790/790/790
f 791/791/791 792/792/792 793/793/793
f 794/794/794 795/795/795 796/796/796
f 797/797/797 798/798/798 799/799/799
f 800/800/800 801/801/801 802/802/802
f 803/803/803 804/804/804 805/805/805
f 806/806/806 807/807/807 808/808/808
f 809/809/809 810/810/810 811/811/811
f 812/812/812 813/813/813 814/814/814
f 815/815/815 816/816/816 817/817/817
f 818/818/818 819/819/819 820/820/820
f 821/821/821 822/822/822 823/823/823
f 824/824/824 825/825/825 826/826/826
f 827/827/827 828/828/828 829/829/829
f 830/830/830 831/831/831 832/832/832
f 833/833/833 834/834/834 835/835/835
f 836/836/836 837/837/837 838/838/838
f 839/839/839 840/840/840 841/841/841
f 842/842/842 843/843/843 844/844/844
f 845/845/845 846/846/846 847/847/847
f 848/848/848 849/849/849 850/850/850
f 851/851/851 852/852/852 853/853/853
f 854/854/854 855/855/855 856/856/856
f 857/857/857 858/858/858 859/859/859
f 860/860/860 861/861/861 862/862/862
f 863/863/863 864/864/864 865/865/865
f 866/866/866 867/867/867 868/868/868
f 869/869/869 870/870/870 871/871/871
f 872/872/872 873/873/873 874/874/874
f 875/875/875 876/876/876 877/877/877
f 878/878/878 879/879/879 880/880/880
f 881/881/881 882/882/882 883/883/883
f 884/884/884 885/885/885 886/886/886
f 887/887/887 888/888/888 889/889/889
f 890/890/890 891/891/891 892/892/892
f 893/893/893 894/894/894 895/895/895
f 896/896/896 897/897/897 898/898/898
f 899/899/899 900/900/900 901/901/901
f 902/902/902 903/903/903 904/904/904
f 905/905/905 906/906/906 907/907/907
f 908/908/908 909/909/909 910/910/910
f 911/911/911 912/912/912 913/913/913
f 914/914/914 915/915/915 916/916/916
f 917/917/917 918/918/918 919/919/919
f 920/920/920 921/921/921 922/922/922
f 923/923/923 924/924/924 925/925/925
f 926/926/926 927/927/927 928/928/928
f 929/929/929 930/930/930 931/931/931
f 932/932/932 933/933/933 934/934/934
f 935/935/935 936/936/936 937/937/937
f 938/938/938 939/939/939 940/940/940
f 941/941/941 942/942/942 943/943/943
f 944/944/944 945/945/945 946/946/946
f 947/947/947 948/948/948 949/949/949
f 950/950/950 951/951/951 952/952/952
f 953/953/953 954/954/954 955/955/955
f 956/956/956 957/957/957 958/958/958
f 959/959/959 960/960/960 961/961/961
f 962/962/962 963/963/963 964/964/964
f 965/965/965 966/966/966 967/967/967
f 968/968/968 969/969/969 970/970/970
f 971/971/971 972/972/972 973/973/973
f 974/974/974 975/975/975 976/976/976
f 977/977/977 978/978/978 979/979/979
f 980/980/980 981/981/981 982/982/982
f 983/983/983 984/984/984 985/985/985
f 986/986/986 987/987/987 988/988/988
f 989/989/989 990/990/990 991/991/991
f 992/992/992 993/993/993 994/994/994
f 995/995/995 996/996/996 997/997/997
f 998/998/998 999/999/999 1000/1000/1000
f 1001/1001/1001 1002/1002/1002 1003/1003/1003
f 1004/1004/1004 1005/1005/1005 1006/1006/1006
f 1007/1007/1007 1008/1008/1008 1009/1009/1009
f 1010/1010/1010 1011/1011/1011 1012/1012/1012
f 1013/1013/1013 1014/1014/1014 1015/1015/1015
f 1016/1016/1016 1017/1017/1017 1018/1018/1018
f 1019/1019/1019 1020/1020/1020 1021/1021/1021
f 1022/1022/1022 1023/1023/1023 1024/1024/1024
f 1025/1025/1025 1026/1026/1026 1027/1027/1027
f 1028/1028/1028 1029/1029/1029 1030/1030/1030
f 1031/1031/1031 1032/1032/1032 1033/1033/1033
f 1034/1034/1034 1035/1035/1035 1036/1036/1036
f 1037/1037/1037 1038/1038/1038 1039/1039/1039
f 1040/1040/1040 1041/1041/1041 1042/1042/1042
f 1043/1043/1043 1044/1044/1044 1045/1045/1045
f 1046/1046/1046 1047/1047/1047 1048/1048/1048
f 1049/1049/1049 1050/1050/1050 1051/1051/1051
f 1052/1052/1052 1053/1053/1053 1054/1054/1054
f 1055/1055/1055 1056/1056/1056 1057/1057/1057
f 1058/1058/1058 1059/1059/1059 1060/1060/1060
f 1061/1061/1061 1062/1062/1062 1063/1063/1063
f 1064/1064/1064 1065/1065/1065 1066/1066/1066
f 1067/1067/1067 1068/1068/1068 1069/1069/1069
f 1070/1070/1070 1071/1071/1071 1072/1072/1072
f 1073/1073/1073 1074/1074/1074 1075/1075/1075
f 1076/1076/1076 1077/1077/1077 1078/1078/1078
f 1/1/1 38/38/38 2/2/2
f 4/4/4 20/20/20 5/5/5
f 7/7/7 40/40/40 8/8/8
f 10/10/10 44/44/44 11/11/11
f 13/13/13 34/34/34 14/14/14
f 16/16/16 42/42/42 17/17/17
f 4/4/4 1079/1079/1079 19/19/19
f 21/21/21 46/46/46 22/22/22
f 24/24/24 36/36/36 25/25/25
f 27/27/27 1080/1080/1080 28/28/28
f 30/30/30 58/58/58 31/31/31
f 13/13/13 1081/1081/1081 33/33/33
f 24/24/24 1082/1082/1082 35/35/35
f 1/1/1 1083/1083/1083 37/37/37
f 7/7/7 1084/1084/1084 39/39/39
f 16/16/16 1085/1085/1085 41/41/41
f 10/10/10 1086/1086/1086 43/43/43
f 21/21/21 1087/1087/1087 45/45/45
f 47/47/47 1088/1088/1088 48/48/48
f 50/50/50 60/60/60 51/51/51
f 53/53/53 62/62/62 54/54/54
f 56/56/56 32/32/32 31/31/31
f 30/30/30 52/52/52 51/51/51
f 50/50/50 61/61/61 59/59/59
f 53/53/53 55/55/55 59/59/59
f 56/56/56 57/57/57 54/54/54
f 63/63/63 1089/1089/1089 64/64/64
f 66/66/66 1090/1090/1090 67/67/67
f 69/69/69 1091/1091/1091 70/70/70
f 72/72/72 1092/1092/1092 73/73/73
f 75/75/75 1093/1093/1093 76/76/76
f 78/78/78 1094/1094/1094 79/79/79
f 81/81/81 1095/1095/1095 82/82/82
f 84/84/84 1096/1096/1096 85/85/85
f 87/87/87 1097/1097/1097 88/88/88
f 90/90/90 1098/1098/1098 91/91/91
f 93/93/93 1099/1099/1099 94/94/94
f 96/96/96 1100/1100/1100 97/97/97
f 99/99/99 1101/1101/1101 100/100/100
f 102/102/102 1102/1102/1102 103/103/103
f 105/105/105 1103/1103/1103 106/106/106
f 108/108/108 1104/1104/1104 109/109/109
f 111/111/111 1105/1105/1105 112/112/112
f 114/114/114 1106/1106/1106 115/115/115
f 117/117/117 1107/1107/1107 118/118/118
f 120/120/120 1108/1108/1108 121/121/121
f 123/123/123 1109/1109/1109 124/124/124
f 126/126/126 1110/1110/1110 127/127/127
f 129/129/129 1111/1111/1111 130/130/130
f 134/134/134 1112/1112/1112 1113/1113/1113
f 1113/1113/1113 1114/1114/1114 132/132/132
f 132/132/132 1115/1115/1115 133/133/133
f 133/133/133 1116/1116/1116 134/134/134
f 134/134/134 1113/1113/1113 132/132/132
f 135/135/135 1117/1117/1117 136/136/136
f 138/138/138 1118/1118/1118 139/139/139
f 141/141/141 1119/1119/1119 142/142/142
f 144/144/144 1120/1120/1120 145/145/145
f 147/147/147 1121/1121/1121 148/148/148
f 150/150/150 1122/1122/1122 151/151/151
f 153/153/153 1123/1123/1123 154/154/154
f 156/156/156 1124/1124/1124 157/157/157
f 159/159/159 1125/1125/1125 160/160/160
f 162/162/162 1126/1126/1126 163/163/163
f 165/165/165 1127/1127/1127 166/166/166
f 168/168/168 1128/1128/1128 169/169/169
f 171/171/171 1129/1129/1129 172/172/172
f 174/174/174 1130/1130/1130 175/175/175
f 177/177/177 1131/1131/1131 178/178/178
f 180/180/180 1132/1132/1132 181/181/181
f 183/183/183 1133/1133/1133 184/184/184
f 186/186/186 1134/1134/1134 187/187/187
f 189/189/189 1135/1135/1135 190/190/190
f 192/192/192 1136/1136/1136 193/193/193
f 195/195/195 1137/1137/1137 196/196/196
f 198/198/198 1138/1138/1138 199/199/199
f 201/201/201 1139/1139/1139 202/202/202
f 204/204/204 237/237/237 205/205/205
f 207/207/207 1140/1140/1140 208/208/208
f 210/210/210 239/239/239 211/211/211
f 213/213/213 241/241/241 214/214/214
f 216/216/216 243/243/243 217/217/217
f 219/219/219 245/245/245 220/220/220
f 222/222/222 207/207/207 209/209/209
f 224/224/224 233/233/233 225/225/225
f 227/227/227 235/235/235 228/228/228
f 230/230/230 259/259/259 231/231/231
f 233/233/233 1141/1141/1141 234/234/234
f 235/235/235 1142/1142/1142 236/236/236
f 237/237/237 1143/1143/1143 238/238/238
f 239/239/239 1144/1144/1144 240/240/240
f 241/241/241 1145/1145/1145 242/242/242
f 243/243/243 1146/1146/1146 244/244/244
f 245/245/245 1147/1147/1147 246/246/246
f 247/247/247 1148/1148/1148 248/248/248
f 250/250/250 261/261/261 251/251/251
f 253/253/253 262/262/262 254/254/254
f 230/230/230 232/232/232 256/256/256
f 258/258/258 260/260/260 231/231/231
f 252/252/252 251/251/251 260/260/260
f 250/250/250 255/255/255 254/254/254
f 257/257/257 256/256/256 262/262/262
f 263/263/263 1149/1149/1149 264/264/264
f 266/266/266 1150/1150/1150 267/267/267
f 269/269/269 1151/1151/1151 270/270/270
f 272/272/272 1152/1152/1152 273/273/273
f 275/275/275 1153/1153/1153 276/276/276
f 278/278/278 1154/1154/1154 279/279/279
f 281/281/281 1155/1155/1155 282/282/282
f 284/284/284 1156/1156/1156 285/285/285
f 288/288/288 1157/1157/1157 289/289/289
f 1157/1157/1157 1158/1158/1158 289/289/289
f 1158/1158/1158 1159/1159/1159 289/289/289
f 289/289/289 1160/1160/1160 1161/1161/1161
f 1161/1161/1161 287/287/287 289/289/289
f 290/290/290 1162/1162/1162 291/291/291
f 293/293/293 1163/1163/1163 294/294/294
f 296/296/296 1164/1164/1164 297/297/297
f 299/299/299 1165/1165/1165 300/300/300
f 302/302/302 1166/1166/1166 303/303/303
f 305/305/305 1167/1167/1167 306/306/306
f 308/308/308 1168/1168/1168 309/309/309
f 311/311/311 1169/1169/1169 312/312/312
f 314/314/314 1170/1170/1170 315/315/315
f 317/317/317 1171/1171/1171 318/318/318
f 320/320/320 1172/1172/1172 321/321/321
f 323/323/323 1173/1173/1173 324/324/324
f 326/326/326 1174/1174/1174 327/327/327
f 329/329/329 1175/1175/1175 330/330/330
f 332/332/332 1176/1176/1176 333/333/333
f 335/335/335 1177/1177/1177 336/336/336
f 338/338/338 1178/1178/1178 339/339/339
f 341/341/341 1179/1179/1179 342/342/342
f 344/344/344 1180/1180/1180 345/345/345
f 347/347/347 1181/1181/1181 348/348/348
f 350/350/350 1182/1182/1182 351/351/351
f 353/353/353 1183/1183/1183 354/354/354
f 356/356/356 1184/1184/1184 357/357/357
f 359/359/359 1185/1185/1185 360/360/360
f 362/362/362 1186/1186/1186 363/363/363
f 365/365/365 1187/1187/1187 366/366/366
f 368/368/368 1188/1188/1188 369/369/369
f 371/371/371 1189/1189/1189 372/372/372
f 374/374/374 1190/1190/1190 375/375/375
f 377/377/377 1191/1191/1191 378/378/378
f 380/380/380 1192/1192/1192 381/381/381
f 383/383/383 1193/1193/1193 384/384/384
f 386/386/386 1194/1194/1194 387/387/387
f 389/389/389 1195/1195/1195 390/390/390
f 392/392/392 1196/1196/1196 393/393/393
f 395/395/395 1197/1197/1197 396/396/396
f 398/398/398 1198/1198/1198 399/399/399
f 401/401/401 1199/1199/1199 402/402/402
f 404/404/404 1200/1200/1200 405/405/405
f 407/407/407 1201/1201/1201 408/408/408
f 410/410/410 1202/1202/1202 411/411/411
f 413/413/413 1203/1203/1203 414/414/414
f 416/416/416 1204/1204/1204 417/417/417
f 419/419/419 1205/1205/1205 420/420/420
f 422/422/422 1206/1206/1206 423/423/423
f 425/425/425 1207/1207/1207 426/426/426
f 428/428/428 1208/1208/1208 429/429/429
f 431/431/431 1209/1209/1209 432/432/432
f 434/434/434 1210/1210/1210 435/435/435
f 437/437/437 1211/1211/1211 438/438/438
f 440/440/440 1212/1212/1212 441/441/441
f 443/443/443 1213/1213/1213 444/444/444
f 446/446/446 1214/1214/1214 447/447/447
f 449/449/449 1215/1215/1215 450/450/450
f 452/452/452 1216/1216/1216 453/453/453
f 455/455/455 1217/1217/1217 456/456/456
f 458/458/458 1218/1218/1218 459/459/459
f 461/461/461 1219/1219/1219 462/462/462
f 464/464/464 1220/1220/1220 465/465/465
f 467/467/467 1221/1221/1221 468/468/468
f 470/470/470 1222/1222/1222 471/471/471
f 473/473/473 1223/1223/1223 474/474/474
f 476/476/476 1224/1224/1224 477/477/477
f 479/479/479 1225/1225/1225 480/480/480
f 482/482/482 1226/1226/1226 483/483/483
f 485/485/485 1227/1227/1227 486/486/486
f 488/488/488 1228/1228/1228 489/489/489
f 491/491/491 1229/1229/1229 492/492/492
f 494/494/494 1230/1230/1230 495/495/495
f 497/497/497 1231/1231/1231 498/498/498
f 500/500/500 1232/1232/1232 501/501/501
f 503/503/503 1233/1233/1233 504/504/504
f 506/506/506 1234/1234/1234 507/507/507
f 509/509/509 1235/1235/1235 510/510/510
f 512/512/512 1236/1236/1236 513/513/513
f 515/515/515 1237/1237/1237 516/516/516
f 518/518/518 1238/1238/1238 519/519/519
f 521/521/521 1239/1239/1239 522/522/522
f 524/524/524 1240/1240/1240 525/525/525
f 527/527/527 1241/1241/1241 528/528/528
f 530/530/530 1242/1242/1242 531/531/531
f 533/533/533 1243/1243/1243 534/534/534
f 536/536/536 1244/1244/1244 537/537/537
f 539/539/539 1245/1245/1245 540/540/540
f 542/542/542 1246/1246/1246 543/543/543
f 545/545/545 1247/1247/1247 546/546/546
f 548/548/548 1248/1248/1248 549/549/549
f 551/551/551 1249/1249/1249 552/552/552
f 554/554/554 1250/1250/1250 555/555/555
f 557/557/557 1251/1251/1251 558/558/558
f 560/560/560 1252/1252/1252 561/561/561
f 563/563/563 1253/1253/1253 564/564/564
f 566/566/566 1254/1254/1254 567/567/567
f 569/569/569 1255/1255/1255 570/570/570
f 572/572/572 1256/1256/1256 573/573/573
f 575/575/575 1257/1257/1257 576/576/576
f 578/578/578 1258/1258/1258 579/579/579
f 581/581/581 1259/1259/1259 582/582/582
f 584/584/584 1260/1260/1260 585/585/585
f 587/587/587 1261/1261/1261 588/588/588
f 590/590/590 1262/1262/1262 591/591/591
f 593/593/593 1263/1263/1263 594/594/594
f 596/596/596 1264/1264/1264 597/597/597
f 599/599/599 1265/1265/1265 600/600/600
f 602/602/602 1266/1266/1266 603/603/603
f 605/605/605 1267/1267/1267 606/606/606
f 608/608/608 1268/1268/1268 609/609/609
f 611/611/611 1269/1269/1269 612/612/612
f 614/614/614 1270/1270/1270 615/615/615
f 617/617/617 1271/1271/1271 618/618/618
f 620/620/620 1272/1272/1272 621/621/621
f 623/623/623 1273/1273/1273 624/624/624
f 626/626/626 1274/1274/1274 627/627/627
f 629/629/629 1275/1275/1275 630/630/630
f 632/632/632 1276/1276/1276 633/633/633
f 635/635/635 1277/1277/1277 636/636/636
f 638/638/638 1278/1278/1278 639/639/639
f 641/641/641 1279/1279/1279 642/642/642
f 644/644/644 1280/1280/1280 645/645/645
f 647/647/647 1281/1281/1281 648/648/648
f 650/650/650 1282/1282/1282 651/651/651
f 653/653/653 1283/1283/1283 654/654/654
f 656/656/656 1284/1284/1284 657/657/657
f 659/659/659 1285/1285/1285 660/660/660
f 662/662/662 1286/1286/1286 663/663/663
f 665/665/665 1287/1287/1287 666/666/666
f 668/668/668 1288/1288/1288 669/669/669
f 671/671/671 1289/1289/1289 672/672/672
f 674/674/674 1290/1290/1290 675/675/675
f 677/677/677 1291/1291/1291 678/678/678
f 680/680/680 1292/1292/1292 681/681/681
f 683/683/683 1293/1293/1293 684/684/684
f 686/686/686 1294/1294/1294 687/687/687
f 689/689/689 1295/1295/1295 690/690/690
f 692/692/692 1296/1296/1296 693/693/693
f 695/695/695 1297/1297/1297 696/696/696
f 698/698/698 1298/1298/1298 699/699/699
f 701/701/701 1299/1299/1299 702/702/702
f 704/704/704 1300/1300/1300 705/705/705
f 707/707/707 1301/1301/1301 708/708/708
f 710/710/710 1302/1302/1302 711/711/711
f 713/713/713 1303/1303/1303 714/714/714
f 716/716/716 1304/1304/1304 717/717/717
f 719/719/719 1305/1305/1305 720/720/720
f 722/722/722 1306/1306/1306 723/723/723
f 725/725/725 1307/1307/1307 726/726/726
f 728/728/728 1308/1308/1308 729/729/729
f 731/731/731 1309/1309/1309 732/732/732
f 734/734/734 1310/1310/1310 735/735/735
f 737/737/737 1311/1311/1311 738/738/738
f 740/740/740 1312/1312/1312 741/741/741
f 743/743/743 1313/1313/1313 744/744/744
f 746/746/746 1314/1314/1314 747/747/747
f 749/749/749 1315/1315/1315 750/750/750
f 752/752/752 1316/1316/1316 753/753/753
f 755/755/755 1317/1317/1317 756/756/756
f 758/758/758 1318/1318/1318 759/759/759
f 761/761/761 1319/1319/1319 762/762/762
f 764/764/764 1320/1320/1320 765/765/765
f 767/767/767 1321/1321/1321 768/768/768
f 770/770/770 1322/1322/1322 771/771/771
f 773/773/773 1323/1323/1323 774/774/774
f 776/776/776 1324/1324/1324 777/777/777
f 779/779/779 1325/1325/1325 780/780/780
f 782/782/782 1326/1326/1326 783/783/783
f 785/785/785 1327/1327/1327 786/786/786
f 788/788/788 1328/1328/1328 789/789/789
f 791/791/791 1329/1329/1329 792/792/792
f 794/794/794 1330/1330/1330 795/795/795
f 797/797/797 1331/1331/1331 798/798/798
f 800/800/800 1332/1332/1332 801/801/801
f 803/803/803 1333/1333/1333 804/804/804
f 806/806/806 1334/1334/1334 807/807/807
f 809/809/809 1335/1335/1335 810/810/810
f 812/812/812 1336/1336/1336 813/813/813
f 815/815/815 1337/1337/1337 816/816/816
f 818/818/818 1338/1338/1338 819/819/819
f 821/821/821 1339/1339/1339 822/822/822
f 824/824/824 1340/1340/1340 825/825/825
f 827/827/827 1341/1341/1341 828/828/828
f 830/830/830 1342/1342/1342 831/831/831
f 833/833/833 1343/1343/1343 834/834/834
f 836/836/836 1344/1344/1344 837/837/837
f 839/839/839 1345/1345/1345 840/840/840
f 842/842/842 1346/1346/1346 843/843/843
f 845/845/845 1347/1347/1347 846/846/846
f 848/848/848 1348/1348/1348 849/849/849
f 851/851/851 1349/1349/1349 852/852/852
f 854/854/854 1350/1350/1350 855/855/855
f 857/857/857 1351/1351/1351 858/858/858
f 860/860/860 1352/1352/1352 861/861/861
f 863/863/863 1353/1353/1353 864/864/864
f 866/866/866 1354/1354/1354 867/867/867
f 869/869/869 1355/1355/1355 870/870/870
f 872/872/872 1356/1356/1356 873/873/873
f 875/875/875 1357/1357/1357 876/876/876
f 878/878/878 1358/1358/1358 879/879/879
f 881/881/881 1359/1359/1359 882/882/882
f 884/884/884 1360/1360/1360 885/885/885
f 887/887/887 1361/1361/1361 888/888/888
f 890/890/890 1362/1362/1362 891/891/891
f 893/893/893 1363/1363/1363 894/894/894
f 896/896/896 1364/1364/1364 897/897/897
f 899/899/899 1365/1365/1365 900/900/900
f 902/902/902 1366/1366/1366 903/903/903
f 905/905/905 1367/1367/1367 906/906/906
f 908/908/908 1368/1368/1368 909/909/909
f 911/911/911 1369/1369/1369 912/912/912
f 914/914/914 1370/1370/1370 915/915/915
f 917/917/917 1371/1371/1371 918/918/918
f 920/920/920 1372/1372/1372 921/921/921
f 923/923/923 1373/1373/1373 924/924/924
f 926/926/926 1374/1374/1374 927/927/927
f 929/929/929 1375/1375/1375 930/930/930
f 932/932/932 1376/1376/1376 933/933/933
f 935/935/935 1377/1377/1377 936/936/936
f 938/938/938 1378/1378/1378 939/939/939
f 941/941/941 1379/1379/1379 942/942/942
f 944/944/944 1380/1380/1380 945/945/945
f 947/947/947 1381/1381/1381 948/948/948
f 950/950/950 1382/1382/1382 951/951/951
f 953/953/953 1383/1383/1383 954/954/954
f 956/956/956 1384/1384/1384 957/957/957
f 959/959/959 1385/1385/1385 960/960/960
f 962/962/962 1386/1386/1386 963/963/963
f 965/965/965 1387/1387/1387 966/966/966
f 968/968/968 1388/1388/1388 969/969/969
f 971/971/971 1389/1389/1389 972/972/972
f 974/974/974 1390/1390/1390 975/975/975
f 977/977/977 1391/1391/1391 978/978/978
f 980/980/980 1392/1392/1392 981/981/981
f 983/983/983 1393/1393/1393 984/984/984
f 986/986/986 1394/1394/1394 987/987/987
f 989/989/989 1395/1395/1395 990/990/990
f 992/992/992 1396/1396/1396 993/993/993
f 995/995/995 1397/1397/1397 996/996/996
f 998/998/998 1398/1398/1398 999/999/999
f 1001/1001/1001 1399/1399/1399 1002/1002/1002
f 1004/1004/1004 1400/1400/1400 1005/1005/1005
f 1007/1007/1007 1401/1401/1401 1008/1008/1008
f 1010/1010/1010 1402/1402/1402 1011/1011/1011
f 1013/1013/1013 1403/1403/1403 1014/1014/1014
f 1016/1016/1016 1404/1404/1404 1017/1017/1017
f 1019/1019/1019 1405/1405/1405 1020/1020/1020
f 1022/1022/1022 1406/1406/1406 1023/1023/1023
f 1025/1025/1025 1407/1407/1407 1026/1026/1026
f 1028/1028/1028 1408/1408/1408 1029/1029/1029
f 1031/1031/1031 1409/1409/1409 1032/1032/1032
f 1034/1034/1034 1410/1410/1410 1035/1035/1035
f 1037/1037/1037 1411/1411/1411 1038/1038/1038
f 1040/1040/1040 1412/1412/1412 1041/1041/1041
f 1043/1043/1043 1413/1413/1413 1044/1044/1044
f 1046/1046/1046 1414/1414/1414 1047/1047/1047
f 1049/1049/1049 1415/1415/1415 1050/1050/1050
f 1052/1052/1052 1416/1416/1416 1053/1053/1053
f 1055/1055/1055 1417/1417/1417 1056/1056/1056
f 1058/1058/1058 1418/1418/1418 1059/1059/1059
f 1061/1061/1061 1419/1419/1419 1062/1062/1062
f 1064/1064/1064 1420/1420/1420 1065/1065/1065
f 1067/1067/1067 1421/1421/1421 1068/1068/1068
f 1070/1070/1070 1422/1422/1422 1071/1071/1071
f 1073/1073/1073 1423/1423/1423 1074/1074/1074
f 1076/1076/1076 1424/1424/1424 1077/1077/1077
