# Cube -- imported by tools/import_asset_pack.py from Walkietalkie1.fbx
o __pending__
v -0.008518 0.015306 0.023319
v -0.013139 0.043521 0.020964
v -0.012313 0.015306 0.019524
v -0.011046 0.106787 0.026073
v -0.011822 0.119673 0.018666
v -0.015967 0.106787 0.021864
v -0.011822 0.119673 0.018666
v -0.015967 0.106787 -0.025789
v -0.015967 0.106787 0.021864
v 0.013139 0.043521 -0.024889
v 0.008518 0.015306 -0.027243
v 0.009089 0.043521 -0.028938
v 0.002796 0.121689 0.022358
v 0.007037 0.121689 0.020601
v 0.009807 0.121689 0.017832
v -0.000000 0.122915 -0.014695
v 0.002978 0.121493 -0.015929
v 0.002978 0.122915 -0.015929
v -0.004211 0.121493 -0.003906
v -0.002978 0.121493 -0.006884
v -0.000000 0.121493 -0.008117
v -0.000000 0.123963 0.006542
v 0.005588 0.120951 0.008856
v -0.000000 0.120951 0.006542
v -0.000000 0.122915 -0.023118
v -0.002978 0.121493 -0.021885
v -0.002978 0.122915 -0.021885
v -0.004211 0.122915 -0.003906
v -0.002978 0.121493 -0.000928
v -0.002978 0.122915 -0.000928
v 0.005588 0.123963 0.008856
v 0.007902 0.120951 0.014444
v 0.005588 0.120951 0.008856
v -0.004211 0.122915 -0.018907
v -0.002978 0.121493 -0.015929
v -0.002978 0.122915 -0.015929
v -0.002978 0.122915 -0.000928
v -0.000000 0.121493 0.000306
v -0.000000 0.122915 0.000306
v 0.007902 0.123963 0.014444
v 0.005588 0.120951 0.020032
v 0.007902 0.120951 0.014444
v 0.004211 0.122915 -0.018907
v 0.002978 0.121493 -0.021885
v 0.002978 0.122915 -0.021885
v -0.000000 0.122915 0.000306
v 0.002978 0.121493 -0.000928
v 0.002978 0.122915 -0.000928
v 0.005588 0.123963 0.020032
v -0.000000 0.120951 0.022346
v 0.005588 0.120951 0.020032
v -0.004286 0.123878 -0.008191
v -0.000000 0.122915 -0.008117
v -0.002978 0.122915 -0.006884
v 0.002978 0.122915 -0.000928
v 0.004211 0.121493 -0.003906
v 0.004211 0.122915 -0.003906
v -0.000000 0.123963 0.022346
v -0.005588 0.120951 0.020032
v -0.000000 0.120951 0.022346
v -0.000000 0.122915 -0.008117
v -0.002978 0.121493 -0.006884
v -0.002978 0.122915 -0.006884
v 0.004211 0.122915 -0.003906
v 0.002978 0.121493 -0.006884
v 0.002978 0.122915 -0.006884
v -0.005588 0.123963 0.020032
v -0.007902 0.120951 0.014444
v -0.005588 0.120951 0.020032
v -0.007902 0.123963 0.014444
v -0.004514 0.123963 0.009930
v -0.005588 0.123963 0.008856
v 0.002978 0.122915 -0.006884
v -0.000000 0.121493 -0.008117
v -0.000000 0.122915 -0.008117
v -0.007902 0.123963 0.014444
v -0.005588 0.120951 0.008856
v -0.007902 0.120951 0.014444
v -0.002978 0.122915 -0.015929
v -0.000000 0.121493 -0.014695
v -0.000000 0.122915 -0.014695
v -0.002978 0.122915 -0.006884
v -0.004211 0.121493 -0.003906
v -0.004211 0.122915 -0.003906
v -0.005588 0.123963 0.008856
v -0.000000 0.120951 0.006542
v -0.005588 0.120951 0.008856
v -0.005588 0.120951 0.008856
v 0.005588 0.120951 0.008856
v 0.005588 0.120951 0.020032
v -0.004286 0.123878 -0.023192
v -0.000000 0.122915 -0.023118
v -0.002978 0.122915 -0.021885
v 0.002978 0.122915 -0.021885
v -0.000000 0.121493 -0.023118
v -0.000000 0.122915 -0.023118
v 0.002978 0.122915 -0.015929
v 0.004211 0.121493 -0.018907
v 0.004211 0.122915 -0.018907
v -0.002978 0.122915 -0.021885
v -0.004211 0.121493 -0.018907
v -0.004211 0.122915 -0.018907
v -0.002978 0.121493 -0.021885
v -0.000000 0.121493 -0.023118
v -0.000000 0.121493 -0.014695
v 0.003553 0.043521 0.027306
v -0.003330 0.015306 0.025468
v 0.003330 0.015306 0.025468
v -0.003330 0.015306 0.025468
v -0.009089 0.043521 0.025013
v -0.008518 0.015306 0.023319
v 0.004318 0.106787 -0.032381
v 0.008179 0.119673 -0.026235
v 0.011046 0.106787 -0.029997
v -0.013139 0.043521 0.020964
v -0.012313 0.015306 -0.023448
v -0.012313 0.015306 0.019524
v -0.003197 0.119673 -0.028298
v 0.004318 0.106787 -0.032381
v -0.004318 0.106787 -0.032381
v -0.004514 0.123963 0.009930
v -0.000000 0.142227 0.009052
v -0.000000 0.123963 0.008061
v 0.003197 0.119673 0.024373
v -0.004318 0.106787 0.028456
v 0.004318 0.106787 0.028456
v -0.004318 0.106787 0.028456
v -0.008179 0.119673 0.022310
v -0.011046 0.106787 0.026073
v 0.011822 0.119673 -0.022591
v 0.015967 0.106787 0.021864
v 0.015967 0.106787 -0.025789
v 0.009807 0.121689 0.017832
v 0.011822 0.119673 -0.022591
v 0.009807 0.121689 -0.021756
v -0.011822 0.119673 0.018666
v -0.009807 0.121689 -0.021756
v -0.011822 0.119673 -0.022591
v 0.002796 0.121689 -0.026283
v 0.008179 0.119673 -0.026235
v 0.003197 0.119673 -0.028298
v -0.007037 0.121689 0.020601
v -0.003197 0.119673 0.024373
v -0.002796 0.121689 0.022358
v 0.002796 0.121689 0.022358
v 0.008179 0.119673 0.022310
v 0.007037 0.121689 0.020601
v -0.002796 0.121689 -0.026283
v -0.008179 0.119673 -0.026235
v -0.007037 0.121689 -0.024526
v 0.009807 0.121689 -0.021756
v 0.008179 0.119673 -0.026235
v 0.007037 0.121689 -0.024526
v 0.002796 0.121689 -0.026283
v -0.003197 0.119673 -0.028298
v -0.002796 0.121689 -0.026283
v -0.008179 0.119673 -0.026235
v -0.009807 0.121689 -0.021756
v -0.007037 0.121689 -0.024526
v -0.008179 0.119673 0.022310
v -0.009807 0.121689 0.017832
v -0.011822 0.119673 0.018666
v 0.003197 0.119673 0.024373
v -0.002796 0.121689 0.022358
v -0.003197 0.119673 0.024373
v 0.008179 0.119673 0.022310
v 0.009807 0.121689 0.017832
v 0.007037 0.121689 0.020601
v 0.008518 0.015306 0.023319
v 0.013139 0.043521 0.020964
v 0.009089 0.043521 0.025013
v 0.005588 0.123963 0.020032
v -0.000000 0.123963 0.020828
v -0.000000 0.123963 0.022346
v -0.000000 0.123963 0.008061
v -0.000000 0.123963 0.006542
v -0.005588 0.123963 0.020032
v -0.004514 0.123963 0.018958
v 0.005588 0.123963 0.008856
v 0.006383 0.123963 0.014444
v 0.007902 0.123963 0.014444
v -0.006383 0.123963 0.014444
v 0.004514 0.123963 0.009930
v 0.004514 0.123963 0.018958
v -0.000000 0.142227 0.009052
v 0.003373 0.142227 0.011071
v 0.003813 0.142227 0.010631
v -0.006383 0.123963 0.014444
v -0.003813 0.142227 0.010631
v -0.004514 0.123963 0.009930
v 0.004514 0.123963 0.009930
v 0.005393 0.142227 0.014444
v 0.006383 0.123963 0.014444
v -0.000000 0.123963 0.008061
v 0.003813 0.142227 0.010631
v 0.004514 0.123963 0.009930
v -0.004514 0.123963 0.018958
v -0.005393 0.142227 0.014444
v -0.006383 0.123963 0.014444
v 0.006383 0.123963 0.014444
v 0.003813 0.142227 0.018257
v 0.004514 0.123963 0.018958
v 0.004514 0.123963 0.018958
v -0.000000 0.142227 0.019837
v -0.000000 0.123963 0.020828
v -0.000000 0.123963 0.020828
v -0.003813 0.142227 0.018257
v -0.004514 0.123963 0.018958
v 0.004770 0.142227 0.014444
v 0.002980 0.175662 0.017424
v 0.003373 0.142227 0.017817
v 0.005393 0.142227 0.014444
v 0.003373 0.142227 0.017817
v 0.003813 0.142227 0.018257
v -0.000000 0.142227 0.019837
v -0.003373 0.142227 0.017817
v -0.003813 0.142227 0.018257
v -0.004770 0.142227 0.014444
v -0.005393 0.142227 0.014444
v -0.003813 0.142227 0.010631
v -0.000000 0.142227 0.009674
v -0.003373 0.142227 0.011071
v -0.000000 0.142227 0.019214
v 0.004770 0.142227 0.014444
v -0.000000 0.175662 0.010230
v 0.002298 0.175662 0.012146
v 0.002980 0.175662 0.011464
v 0.003373 0.142227 0.011071
v 0.004215 0.175662 0.014444
v 0.004770 0.142227 0.014444
v -0.003373 0.142227 0.011071
v -0.000000 0.175662 0.010230
v -0.000000 0.142227 0.009674
v -0.004770 0.142227 0.014444
v -0.002980 0.175662 0.011464
v -0.003373 0.142227 0.011071
v -0.000000 0.142227 0.019214
v -0.002980 0.175662 0.017424
v -0.003373 0.142227 0.017817
v 0.003373 0.142227 0.017817
v -0.000000 0.175662 0.018659
v -0.000000 0.142227 0.019214
v -0.003373 0.142227 0.017817
v -0.004215 0.175662 0.014444
v -0.004770 0.142227 0.014444
v -0.000000 0.142227 0.009674
v 0.002980 0.175662 0.011464
v 0.003373 0.142227 0.011071
v -0.000000 0.175662 0.017694
v -0.002037 0.194127 0.016481
v -0.002298 0.175662 0.016742
v 0.002980 0.175662 0.017424
v 0.003249 0.175662 0.014444
v 0.002298 0.175662 0.016742
v 0.004215 0.175662 0.014444
v -0.002980 0.175662 0.011464
v -0.000000 0.175662 0.011195
v -0.003249 0.175662 0.014444
v -0.002298 0.175662 0.012146
v -0.000000 0.175662 0.018659
v -0.002298 0.175662 0.016742
v -0.002980 0.175662 0.017424
v -0.000000 0.175662 0.017694
v -0.004215 0.175662 0.014444
v -0.002037 0.194127 0.012408
v 0.000000 0.222555 0.011178
v 0.000000 0.194127 0.011564
v 0.002298 0.175662 0.016742
v 0.000000 0.194127 0.017324
v -0.000000 0.175662 0.017694
v -0.002298 0.175662 0.016742
v -0.002880 0.194127 0.014444
v -0.003249 0.175662 0.014444
v 0.002298 0.175662 0.012146
v 0.000000 0.194127 0.011564
v 0.002037 0.194127 0.012408
v 0.003249 0.175662 0.014444
v 0.002037 0.194127 0.016481
v 0.002298 0.175662 0.016742
v 0.002298 0.175662 0.012146
v 0.002880 0.194127 0.014444
v 0.003249 0.175662 0.014444
v -0.002298 0.175662 0.012146
v 0.000000 0.194127 0.011564
v -0.000000 0.175662 0.011195
v -0.003249 0.175662 0.014444
v -0.002037 0.194127 0.012408
v -0.002298 0.175662 0.012146
v 0.002310 0.222555 0.012135
v 0.000000 0.222555 0.010234
v 0.002977 0.222555 0.011467
v -0.002880 0.194127 0.014444
v -0.002310 0.222555 0.012135
v -0.002037 0.194127 0.012408
v 0.000000 0.194127 0.017324
v -0.002310 0.222555 0.016754
v -0.002037 0.194127 0.016481
v 0.002037 0.194127 0.016481
v 0.000000 0.222555 0.017710
v 0.000000 0.194127 0.017324
v -0.002037 0.194127 0.016481
v -0.003266 0.222555 0.014444
v -0.002880 0.194127 0.014444
v 0.000000 0.194127 0.011564
v 0.002310 0.222555 0.012135
v 0.002037 0.194127 0.012408
v 0.002880 0.194127 0.014444
v 0.002310 0.222555 0.016754
v 0.002037 0.194127 0.016481
v 0.002037 0.194127 0.012408
v 0.003266 0.222555 0.014444
v 0.002880 0.194127 0.014444
v -0.002977 0.222555 0.017421
v -0.004210 0.232911 0.014444
v -0.004210 0.222555 0.014444
v 0.002310 0.222555 0.016754
v 0.004210 0.222555 0.014444
v 0.002977 0.222555 0.017421
v 0.003266 0.222555 0.014444
v -0.002310 0.222555 0.012135
v 0.000000 0.222555 0.011178
v -0.004210 0.222555 0.014444
v -0.002977 0.222555 0.011467
v 0.000000 0.222555 0.017710
v -0.002977 0.222555 0.017421
v -0.002310 0.222555 0.016754
v 0.000000 0.222555 0.018654
v -0.003266 0.222555 0.014444
v -0.004210 0.232911 0.014444
v -0.002148 0.233706 0.012296
v -0.002977 0.232911 0.011467
v 0.000000 0.222555 0.010234
v 0.002977 0.232911 0.011467
v 0.002977 0.222555 0.011467
v 0.004210 0.222555 0.014444
v 0.002977 0.232911 0.017421
v 0.002977 0.222555 0.017421
v 0.002977 0.222555 0.011467
v 0.004210 0.232911 0.014444
v 0.004210 0.222555 0.014444
v -0.002977 0.222555 0.011467
v 0.000000 0.232911 0.010234
v 0.000000 0.222555 0.010234
v -0.004210 0.222555 0.014444
v -0.002977 0.232911 0.011467
v -0.002977 0.222555 0.011467
v 0.000000 0.222555 0.018654
v -0.002977 0.232911 0.017421
v -0.002977 0.222555 0.017421
v 0.002977 0.222555 0.017421
v 0.000000 0.232911 0.018654
v 0.000000 0.222555 0.018654
v 0.003037 0.233706 0.014444
v 0.000000 0.233706 0.011407
v -0.003037 0.233706 0.014444
v -0.002977 0.232911 0.017421
v 0.000000 0.233706 0.017481
v -0.002148 0.233706 0.016592
v 0.002977 0.232911 0.017421
v 0.000000 0.233706 0.017481
v 0.000000 0.232911 0.018654
v -0.002977 0.232911 0.017421
v -0.003037 0.233706 0.014444
v -0.004210 0.232911 0.014444
v 0.000000 0.232911 0.010234
v 0.002148 0.233706 0.012296
v 0.002977 0.232911 0.011467
v 0.004210 0.232911 0.014444
v 0.002148 0.233706 0.016592
v 0.002977 0.232911 0.017421
v 0.004210 0.232911 0.014444
v 0.002148 0.233706 0.012296
v 0.003037 0.233706 0.014444
v 0.000000 0.232911 0.010234
v -0.002148 0.233706 0.012296
v 0.000000 0.233706 0.011407
v 0.011822 0.119673 -0.022591
v 0.011046 0.106787 -0.029997
v 0.008179 0.119673 -0.026235
v 0.015967 0.089174 -0.025789
v 0.011046 0.106787 -0.029997
v 0.015967 0.106787 -0.025789
v 0.015967 0.071560 -0.025789
v 0.011046 0.089174 -0.029997
v 0.012313 0.059404 -0.023448
v 0.011046 0.071560 -0.029997
v 0.015967 0.071560 -0.025789
v 0.013139 0.043521 -0.024889
v 0.008518 0.059404 -0.027243
v 0.012313 0.059404 -0.023448
v -0.003012 0.013706 0.023867
v -0.007612 0.013706 0.021962
v -0.010713 0.013706 0.018861
v 0.012313 0.059404 -0.023448
v 0.013139 0.043521 0.020964
v 0.013139 0.043521 -0.024889
v 0.015967 0.071560 -0.025789
v 0.012313 0.059404 0.019524
v 0.012313 0.059404 -0.023448
v 0.015967 0.089174 -0.025789
v 0.015967 0.071560 0.021864
v 0.015967 0.071560 -0.025789
v 0.015967 0.106787 -0.025789
v 0.015967 0.089174 0.021864
v 0.012113 0.108055 -0.018116
v 0.013458 0.102767 -0.025076
v 0.013458 0.102767 -0.018116
v -0.003330 0.059404 0.025468
v -0.009089 0.043521 0.025013
v -0.003553 0.043521 0.027306
v -0.004318 0.071560 0.028456
v -0.008518 0.059404 0.023319
v -0.003330 0.059404 0.025468
v -0.004318 0.089174 0.028456
v -0.011046 0.071560 0.026073
v -0.004318 0.071560 0.028456
v -0.004318 0.106787 0.028456
v -0.011046 0.089174 0.026073
v -0.003330 0.015306 -0.029393
v -0.009089 0.043521 -0.028938
v -0.003553 0.043521 -0.031231
v 0.003330 0.059404 0.025468
v -0.003553 0.043521 0.027306
v 0.003553 0.043521 0.027306
v 0.004318 0.071560 0.028456
v -0.003330 0.059404 0.025468
v 0.003330 0.059404 0.025468
v 0.004318 0.089174 0.028456
v -0.004318 0.071560 0.028456
v 0.004318 0.071560 0.028456
v 0.004318 0.106787 0.028456
v -0.004318 0.089174 0.028456
v 0.003330 0.015306 0.025468
v 0.009089 0.043521 0.025013
v 0.003553 0.043521 0.027306
v -0.003330 0.059404 -0.029393
v 0.003553 0.043521 -0.031231
v -0.003553 0.043521 -0.031231
v -0.004318 0.071560 -0.032381
v 0.003330 0.059404 -0.029393
v -0.003330 0.059404 -0.029393
v -0.004318 0.089174 -0.032381
v 0.004318 0.071560 -0.032381
v -0.004318 0.071560 -0.032381
v -0.004318 0.106787 -0.032381
v 0.004318 0.089174 -0.032381
v 0.011046 0.106787 0.026073
v 0.011822 0.119673 0.018666
v 0.008179 0.119673 0.022310
v 0.011046 0.089174 0.026073
v 0.015967 0.106787 0.021864
v 0.011046 0.106787 0.026073
v 0.011046 0.071560 0.026073
v 0.015967 0.089174 0.021864
v 0.011046 0.071560 0.026073
v 0.012313 0.059404 0.019524
v 0.015967 0.071560 0.021864
v 0.008518 0.059404 0.023319
v 0.013139 0.043521 0.020964
v 0.012313 0.059404 0.019524
v -0.003553 0.043521 -0.031231
v 0.003330 0.015306 -0.029393
v -0.003330 0.015306 -0.029393
v 0.003330 0.059404 -0.029393
v 0.009089 0.043521 -0.028938
v 0.003553 0.043521 -0.031231
v 0.004318 0.071560 -0.032381
v 0.008518 0.059404 -0.027243
v 0.003330 0.059404 -0.029393
v 0.004318 0.089174 -0.032381
v 0.011046 0.071560 -0.029997
v 0.004318 0.071560 -0.032381
v 0.004318 0.106787 -0.032381
v 0.011046 0.089174 -0.029997
v -0.004318 0.106787 -0.032381
v -0.008179 0.119673 -0.026235
v -0.003197 0.119673 -0.028298
v -0.004318 0.089174 -0.032381
v -0.011046 0.106787 -0.029997
v -0.004318 0.106787 -0.032381
v -0.004318 0.071560 -0.032381
v -0.011046 0.089174 -0.029997
v -0.004318 0.071560 -0.032381
v -0.008518 0.059404 -0.027243
v -0.011046 0.071560 -0.029997
v -0.003330 0.059404 -0.029393
v -0.009089 0.043521 -0.028938
v -0.008518 0.059404 -0.027243
v 0.004318 0.106787 0.028456
v 0.008179 0.119673 0.022310
v 0.003197 0.119673 0.024373
v 0.004318 0.089174 0.028456
v 0.011046 0.106787 0.026073
v 0.004318 0.106787 0.028456
v 0.004318 0.071560 0.028456
v 0.011046 0.089174 0.026073
v 0.004318 0.071560 0.028456
v 0.008518 0.059404 0.023319
v 0.011046 0.071560 0.026073
v 0.003330 0.059404 0.025468
v 0.009089 0.043521 0.025013
v 0.008518 0.059404 0.023319
v -0.008518 0.015306 -0.027243
v -0.013139 0.043521 -0.024889
v -0.009089 0.043521 -0.028938
v -0.012313 0.059404 0.019524
v -0.013139 0.043521 -0.024889
v -0.013139 0.043521 0.020964
v -0.015967 0.071560 0.021864
v -0.012313 0.059404 -0.023448
v -0.012313 0.059404 0.019524
v -0.015967 0.089174 0.021864
v -0.015967 0.071560 -0.025789
v -0.015967 0.071560 0.021864
v -0.015967 0.106787 0.021864
v -0.015967 0.089174 -0.025789
v 0.003330 0.015306 -0.029393
v 0.009089 0.043521 -0.028938
v 0.008518 0.015306 -0.027243
v -0.008518 0.059404 0.023319
v -0.013139 0.043521 0.020964
v -0.009089 0.043521 0.025013
v -0.011046 0.071560 0.026073
v -0.012313 0.059404 0.019524
v -0.008518 0.059404 0.023319
v -0.011046 0.089174 0.026073
v -0.015967 0.071560 0.021864
v -0.011046 0.071560 0.026073
v -0.011046 0.106787 0.026073
v -0.015967 0.089174 0.021864
v -0.011046 0.106787 -0.029997
v -0.011822 0.119673 -0.022591
v -0.008179 0.119673 -0.026235
v -0.011046 0.089174 -0.029997
v -0.015967 0.106787 -0.025789
v -0.011046 0.106787 -0.029997
v -0.011046 0.071560 -0.029997
v -0.015967 0.089174 -0.025789
v -0.011046 0.071560 -0.029997
v -0.012313 0.059404 -0.023448
v -0.015967 0.071560 -0.025789
v -0.008518 0.059404 -0.027243
v -0.013139 0.043521 -0.024889
v -0.012313 0.059404 -0.023448
v 0.010713 0.013706 -0.022785
v 0.012313 0.015306 0.019524
v 0.010713 0.013706 0.018861
v -0.012313 0.015306 -0.023448
v -0.010713 0.013706 0.018861
v -0.012313 0.015306 0.019524
v 0.003012 0.013706 -0.027792
v 0.008518 0.015306 -0.027243
v 0.007612 0.013706 -0.025887
v -0.003012 0.013706 0.023867
v -0.008518 0.015306 0.023319
v -0.007612 0.013706 0.021962
v 0.003012 0.013706 0.023867
v 0.008518 0.015306 0.023319
v 0.003330 0.015306 0.025468
v -0.003012 0.013706 -0.027792
v -0.008518 0.015306 -0.027243
v -0.003330 0.015306 -0.029393
v 0.010713 0.013706 -0.022785
v 0.008518 0.015306 -0.027243
v 0.012313 0.015306 -0.023448
v -0.003012 0.013706 -0.027792
v 0.003330 0.015306 -0.029393
v 0.003012 0.013706 -0.027792
v -0.008518 0.015306 -0.027243
v -0.010713 0.013706 -0.022785
v -0.012313 0.015306 -0.023448
v 0.008518 0.015306 0.023319
v 0.010713 0.013706 0.018861
v 0.012313 0.015306 0.019524
v -0.003330 0.015306 0.025468
v 0.003012 0.013706 0.023867
v 0.003330 0.015306 0.025468
v -0.008518 0.015306 0.023319
v -0.010713 0.013706 0.018861
v -0.007612 0.013706 0.021962
v 0.013139 0.043521 -0.024889
v 0.012313 0.015306 0.019524
v 0.012313 0.015306 -0.023448
v 0.012113 0.108055 -0.025076
v 0.016064 0.108055 -0.022043
v 0.016064 0.108055 -0.025076
v 0.017221 0.106898 -0.023631
v 0.017221 0.102767 -0.022043
v 0.018566 0.102767 -0.023631
v 0.017221 0.102767 0.017778
v 0.017221 0.106898 0.019389
v 0.018566 0.102767 0.019389
v 0.017221 0.078844 0.017778
v 0.018566 0.083629 0.019389
v 0.018566 0.078844 0.019389
v 0.018566 0.078844 -0.023631
v 0.017128 0.077950 -0.025076
v 0.017409 0.078844 -0.025076
v 0.018566 0.097982 -0.023631
v 0.017221 0.102767 -0.022043
v 0.019991 0.097982 -0.022043
v 0.019991 0.097982 0.017778
v 0.018566 0.093198 0.019389
v 0.019991 0.093198 0.017778
v 0.019991 0.088413 0.017778
v 0.018566 0.083629 0.019389
v 0.019991 0.083629 0.017778
v 0.017221 0.102767 0.017778
v 0.018566 0.097982 0.019389
v 0.019991 0.097982 0.017778
v 0.016064 0.108055 0.020834
v 0.013458 0.102767 0.020834
v 0.017409 0.102767 0.020834
v 0.016064 0.074564 0.016762
v 0.017221 0.078026 0.017778
v 0.017221 0.075721 0.017778
v 0.017409 0.078844 0.020834
v 0.013458 0.083629 0.020834
v 0.013458 0.078844 0.020834
v 0.017409 0.083629 0.020834
v 0.013458 0.088413 0.020834
v 0.017409 0.088413 0.020834
v 0.013458 0.093198 0.020834
v 0.017409 0.093198 0.020834
v 0.013458 0.097982 0.020834
v 0.017409 0.097982 0.020834
v 0.012113 0.108055 0.017778
v 0.016064 0.108055 0.020834
v 0.016064 0.108055 0.017778
v 0.018566 0.083629 -0.023631
v 0.017221 0.078844 -0.022043
v 0.018566 0.078844 -0.023631
v 0.018566 0.088413 -0.023631
v 0.019991 0.083629 -0.022043
v 0.018566 0.083629 -0.023631
v 0.018566 0.093198 -0.023631
v 0.019991 0.088413 -0.022043
v 0.018566 0.097982 -0.023631
v 0.019991 0.093198 -0.022043
v 0.013802 0.070030 -0.007267
v 0.012113 0.069516 0.003362
v 0.012113 0.069516 -0.007267
v 0.013458 0.083629 -0.018116
v 0.013458 0.078844 -0.025076
v 0.013458 0.078844 -0.018116
v 0.013458 0.088413 -0.018116
v 0.013458 0.083629 -0.025076
v 0.013458 0.093198 -0.018116
v 0.013458 0.088413 -0.025076
v 0.013458 0.097982 -0.018116
v 0.013458 0.093198 -0.025076
v 0.013458 0.102767 -0.018116
v 0.013458 0.097982 -0.025076
v 0.013458 0.102767 0.020834
v 0.013458 0.097982 0.013769
v 0.013458 0.097982 0.020834
v 0.013458 0.093198 0.013769
v 0.013458 0.093198 0.020834
v 0.013458 0.088413 0.013769
v 0.013458 0.088413 0.020834
v 0.013458 0.083629 0.013769
v 0.013458 0.083629 0.020834
v 0.013458 0.078844 0.013769
v 0.013458 0.078844 0.020834
v 0.017128 0.077950 0.020834
v 0.013172 0.077935 0.020834
v 0.017221 0.077642 -0.008493
v 0.017698 0.078844 -0.022043
v 0.017698 0.077642 -0.007267
v 0.019991 0.096780 0.003362
v 0.019991 0.093198 0.017778
v 0.019991 0.091996 0.003362
v 0.019991 0.088413 0.017778
v 0.019123 0.093198 0.013769
v 0.019991 0.093198 0.017778
v 0.019991 0.087211 0.003362
v 0.019991 0.083629 0.017778
v 0.019991 0.082427 0.003362
v 0.019991 0.091996 0.003362
v 0.019123 0.093198 0.013769
v 0.019123 0.091996 0.003362
v 0.017221 0.078086 0.004781
v 0.017221 0.078844 0.017778
v 0.017221 0.078026 0.017778
v 0.017221 0.105696 0.004781
v 0.017221 0.102767 0.017778
v 0.017221 0.101564 0.003362
v 0.016064 0.108055 0.004781
v 0.012113 0.108055 0.017778
v 0.013458 0.102767 0.020834
v 0.012113 0.108055 0.017778
v 0.013458 0.102767 0.013769
v 0.013458 0.102767 -0.025076
v 0.016064 0.108055 -0.025076
v 0.017409 0.102767 -0.025076
v 0.013458 0.078844 -0.018116
v 0.013172 0.077935 -0.025076
v 0.012113 0.074564 -0.022043
v 0.013802 0.070030 0.003362
v 0.012113 0.070718 0.013769
v 0.012113 0.069516 0.003362
v 0.013172 0.077935 0.020834
v 0.013458 0.078844 0.020834
v 0.013458 0.078844 0.013769
v 0.013458 0.083629 -0.025076
v 0.017409 0.078844 -0.025076
v 0.013458 0.078844 -0.025076
v 0.013458 0.088413 -0.025076
v 0.017409 0.083629 -0.025076
v 0.013458 0.093198 -0.025076
v 0.017409 0.088413 -0.025076
v 0.013458 0.097982 -0.025076
v 0.017409 0.093198 -0.025076
v 0.017409 0.097982 -0.025076
v 0.013458 0.101564 -0.007267
v 0.013458 0.096780 -0.007267
v 0.013458 0.091996 -0.007267
v 0.013458 0.087211 -0.007267
v 0.013458 0.082427 -0.007267
v 0.013458 0.077642 -0.007267
v 0.013458 0.077642 -0.007267
v 0.012113 0.070718 -0.018116
v 0.012113 0.069516 -0.007267
v 0.012113 0.106853 -0.007267
v 0.013458 0.102767 -0.018116
v 0.013458 0.101564 -0.007267
v 0.017698 0.101564 0.003362
v 0.017698 0.097982 0.013769
v 0.017698 0.096780 0.003362
v 0.019123 0.091996 0.003362
v 0.019123 0.088413 0.013769
v 0.019123 0.087211 0.003362
v 0.017698 0.082427 0.003362
v 0.017698 0.078844 0.013769
v 0.017698 0.077642 0.003362
v 0.017221 0.078844 -0.022043
v 0.017698 0.083629 -0.022043
v 0.017698 0.078844 -0.022043
v 0.019991 0.096780 -0.007267
v 0.017698 0.097982 -0.018116
v 0.017698 0.096780 -0.007267
v 0.017221 0.102767 -0.022043
v 0.017698 0.097982 -0.018116
v 0.019991 0.097982 -0.022043
v 0.019991 0.082427 0.003362
v 0.017698 0.083629 0.013769
v 0.017698 0.082427 0.003362
v 0.017221 0.102767 0.017778
v 0.017698 0.097982 0.013769
v 0.017698 0.102767 0.013769
v 0.017221 0.101564 0.003362
v 0.017698 0.102767 0.013769
v 0.017698 0.101564 0.003362
v 0.017221 0.078844 0.017778
v 0.017698 0.083629 0.013769
v 0.019991 0.083629 0.017778
v 0.019991 0.087211 -0.007267
v 0.019123 0.088413 -0.018116
v 0.019123 0.087211 -0.007267
v 0.019991 0.093198 -0.022043
v 0.019123 0.088413 -0.018116
v 0.019991 0.088413 -0.022043
v 0.018566 0.078844 -0.023631
v 0.017409 0.083629 -0.025076
v 0.018566 0.083629 -0.023631
v 0.017221 0.106898 -0.023631
v 0.017409 0.102767 -0.025076
v 0.016064 0.108055 -0.025076
v 0.017409 0.097982 0.020834
v 0.018566 0.102767 0.019389
v 0.017409 0.102767 0.020834
v 0.016597 0.073022 -0.015752
v 0.016688 0.073418 -0.009631
v 0.016597 0.073022 -0.009631
v 0.017409 0.088413 -0.025076
v 0.018566 0.088413 -0.023631
v 0.017409 0.102767 0.020834
v 0.017221 0.106898 0.019389
v 0.016064 0.108055 0.020834
v 0.017409 0.078844 0.020834
v 0.018566 0.083629 0.019389
v 0.017409 0.083629 0.020834
v 0.018566 0.093198 -0.023631
v 0.017409 0.097982 -0.025076
v 0.018566 0.097982 -0.023631
v 0.016064 0.074564 -0.021003
v 0.017358 0.078026 -0.022205
v 0.014041 0.070321 -0.016497
v 0.017409 0.088413 0.020834
v 0.018566 0.093198 0.019389
v 0.017409 0.093198 0.020834
v 0.017409 0.093198 -0.025076
v 0.017409 0.102767 -0.025076
v 0.018566 0.102767 -0.023631
v 0.016064 0.108055 0.017778
v 0.017221 0.106898 0.019389
v 0.017221 0.106898 0.017778
v 0.017358 0.078026 -0.022205
v 0.017221 0.077642 -0.008493
v 0.017221 0.078086 -0.008493
v 0.018566 0.088413 0.019389
v 0.018566 0.097982 0.019389
v 0.016064 0.108055 0.004781
v 0.017221 0.106898 0.017778
v 0.017221 0.105696 0.004781
v 0.016064 0.108055 -0.022043
v 0.017221 0.106898 -0.023631
v 0.016064 0.108055 -0.025076
v 0.018566 0.088413 0.019389
v 0.014167 0.070843 0.013951
v 0.012113 0.074564 0.017778
v 0.012113 0.070718 0.013769
v 0.017221 0.077642 -0.008493
v 0.017221 0.078086 0.004781
v 0.017221 0.078086 -0.008493
v 0.016064 0.108055 -0.008493
v 0.017221 0.106898 -0.022043
v 0.016064 0.108055 0.004781
v 0.017221 0.105696 -0.008493
v 0.016064 0.108055 -0.008493
v 0.019991 0.087211 0.003362
v 0.019123 0.088413 0.013769
v 0.019991 0.088413 0.017778
v 0.019991 0.087211 -0.007267
v 0.019123 0.087211 0.003362
v 0.019991 0.087211 0.003362
v 0.017221 0.101564 -0.007267
v 0.017698 0.102767 -0.018116
v 0.017221 0.102767 -0.022043
v 0.017221 0.101564 0.003362
v 0.017698 0.101564 -0.007267
v 0.017221 0.101564 -0.007267
v 0.019991 0.082427 -0.007267
v 0.017698 0.083629 -0.022043
v 0.019991 0.083629 -0.022043
v 0.019991 0.082427 0.003362
v 0.017698 0.082427 -0.007267
v 0.019991 0.082427 -0.007267
v 0.019991 0.096780 0.003362
v 0.017698 0.097982 0.013769
v 0.019991 0.097982 0.017778
v 0.019991 0.096780 -0.007267
v 0.017698 0.096780 0.003362
v 0.019991 0.096780 0.003362
v 0.017698 0.078844 -0.022043
v 0.017698 0.082427 -0.007267
v 0.017698 0.077642 -0.007267
v 0.019123 0.088413 -0.018116
v 0.019123 0.091996 -0.007267
v 0.019123 0.087211 -0.007267
v 0.017698 0.097982 -0.018116
v 0.017698 0.101564 -0.007267
v 0.017698 0.096780 -0.007267
v 0.013458 0.102767 0.013769
v 0.012113 0.106853 0.003362
v 0.013458 0.101564 0.003362
v 0.012113 0.106853 0.003362
v 0.013458 0.101564 -0.007267
v 0.013458 0.101564 0.003362
v 0.012113 0.070718 0.013769
v 0.013458 0.077642 0.003362
v 0.012113 0.069516 0.003362
v 0.013458 0.077642 0.003362
v 0.012113 0.069516 -0.007267
v 0.012113 0.069516 0.003362
v 0.013458 0.082427 0.003362
v 0.013458 0.077642 0.003362
v 0.013458 0.087211 0.003362
v 0.013458 0.091996 0.003362
v 0.013458 0.096780 0.003362
v 0.013458 0.101564 0.003362
v 0.012113 0.108055 -0.018116
v 0.016064 0.108055 -0.008493
v 0.016064 0.108055 -0.008493
v 0.012113 0.106853 0.003362
v 0.016064 0.108055 0.004781
v 0.017221 0.102767 -0.022043
v 0.017221 0.105696 -0.008493
v 0.017221 0.101564 -0.007267
v 0.016064 0.074564 -0.021003
v 0.012113 0.070718 -0.018116
v 0.012113 0.074564 -0.022043
v 0.016597 0.073022 -0.004902
v 0.016688 0.073418 0.000997
v 0.016597 0.073022 0.000997
v 0.019991 0.091996 -0.007267
v 0.019123 0.093198 -0.018116
v 0.019991 0.093198 -0.022043
v 0.019991 0.091996 0.003362
v 0.019123 0.091996 -0.007267
v 0.019991 0.091996 -0.007267
v 0.019991 0.083629 -0.022043
v 0.019991 0.087211 -0.007267
v 0.019991 0.082427 -0.007267
v 0.019991 0.093198 -0.022043
v 0.019991 0.096780 -0.007267
v 0.019991 0.091996 -0.007267
v 0.017221 0.077642 0.004781
v 0.017698 0.078844 0.013769
v 0.017221 0.078844 0.017778
v 0.017221 0.077642 -0.008493
v 0.017698 0.077642 0.003362
v 0.017221 0.077642 0.004781
v 0.014041 0.070321 -0.016497
v 0.012113 0.069516 -0.007267
v 0.012113 0.070718 -0.018116
v 0.017221 0.075721 0.017778
v 0.017128 0.077950 0.020834
v 0.016064 0.074564 0.016762
v 0.017128 0.077950 -0.025076
v 0.017221 0.075721 -0.022043
v 0.016064 0.074564 -0.021003
v 0.013172 0.077935 -0.025076
v 0.016064 0.074564 -0.021003
v 0.012113 0.074564 -0.022043
v 0.016064 0.074564 0.016762
v 0.013172 0.077935 0.020834
v 0.012113 0.074564 0.017778
v 0.017128 0.077950 -0.025076
v 0.013172 0.077935 -0.025076
v 0.013802 0.070030 0.003362
v 0.016597 0.073022 0.000997
v 0.016597 0.073022 0.005726
v 0.016597 0.073022 -0.009631
v 0.016597 0.073022 -0.004902
v 0.013802 0.070030 -0.007267
v 0.017221 0.078086 -0.008493
v 0.016688 0.073418 -0.004902
v 0.016688 0.073418 -0.009631
v 0.016688 0.073418 0.005726
v 0.016688 0.073418 0.000997
v 0.017221 0.078086 0.004781
v 0.016597 0.073022 -0.015752
v 0.017358 0.078026 -0.022205
v 0.016688 0.073418 -0.015752
v 0.016688 0.073418 0.011405
v 0.014167 0.070843 0.013951
v 0.016597 0.073022 0.011405
v 0.014041 0.070321 -0.016497
v 0.016688 0.073418 0.011405
v 0.013802 0.070030 0.003362
v 0.016597 0.073022 0.011405
v 0.014167 0.070843 0.013951
v 0.016688 0.073418 -0.015752
v 0.017358 0.078026 -0.022205
v 0.016597 0.073022 0.005726
v 0.016688 0.073418 0.011405
v 0.016597 0.073022 0.011405
v -0.003860 0.094439 0.030085
v -0.001992 0.091902 0.030085
v 0.003860 0.094439 0.030085
v 0.003860 0.108031 0.026380
v 0.003860 0.094439 0.030085
v 0.003860 0.094439 0.026380
v -0.003860 0.087317 0.030085
v -0.003860 0.082524 0.030085
v -0.001992 0.081629 0.030085
v -0.001992 0.110568 0.026380
v 0.001992 0.110568 0.030085
v 0.001992 0.110568 0.026380
v -0.003860 0.108031 0.030085
v -0.003860 0.094439 0.026380
v -0.003860 0.094439 0.030085
v 0.003860 0.094439 0.026380
v 0.001992 0.091902 0.026380
v -0.003860 0.094439 0.026380
v -0.001992 0.091902 0.030085
v -0.003860 0.094439 0.026380
v -0.001992 0.091902 0.026380
v -0.001992 0.110568 0.026380
v -0.003860 0.108031 0.030085
v -0.001992 0.110568 0.030085
v 0.001992 0.091902 0.026380
v 0.003860 0.094439 0.030085
v 0.001992 0.091902 0.030085
v 0.001992 0.110568 0.030085
v 0.003860 0.108031 0.026380
v 0.001992 0.110568 0.026380
v 0.001992 0.091902 0.026380
v -0.001992 0.091902 0.030085
v -0.001992 0.091902 0.026380
v 0.003860 0.087317 0.026380
v 0.003860 0.082524 0.030085
v 0.003860 0.082524 0.026380
v -0.001992 0.088211 0.026380
v 0.001992 0.088211 0.030085
v 0.001992 0.088211 0.026380
v -0.003860 0.087317 0.030085
v -0.003860 0.082524 0.026380
v -0.003860 0.082524 0.030085
v 0.003860 0.087317 0.026380
v 0.003860 0.082524 0.026380
v 0.001992 0.081629 0.026380
v -0.001992 0.081629 0.030085
v -0.003860 0.082524 0.026380
v -0.001992 0.081629 0.026380
v -0.001992 0.088211 0.026380
v -0.003860 0.087317 0.030085
v -0.001992 0.088211 0.030085
v 0.001992 0.081629 0.026380
v 0.003860 0.082524 0.030085
v 0.001992 0.081629 0.030085
v 0.001992 0.088211 0.030085
v 0.003860 0.087317 0.026380
v 0.001992 0.088211 0.026380
v 0.001992 0.081629 0.026380
v -0.001992 0.081629 0.030085
v -0.001992 0.081629 0.026380
v -0.003860 0.079321 0.030085
v -0.003860 0.074528 0.030085
v -0.001992 0.073633 0.030085
v 0.003860 0.079321 0.026380
v 0.003860 0.074528 0.030085
v 0.003860 0.074528 0.026380
v -0.001992 0.080215 0.026380
v 0.001992 0.080215 0.030085
v 0.001992 0.080215 0.026380
v -0.003860 0.079321 0.030085
v -0.003860 0.074528 0.026380
v -0.003860 0.074528 0.030085
v 0.003860 0.079321 0.026380
v 0.003860 0.074528 0.026380
v 0.001992 0.073633 0.026380
v -0.001992 0.073633 0.030085
v -0.003860 0.074528 0.026380
v -0.001992 0.073633 0.026380
v -0.001992 0.080215 0.026380
v -0.003860 0.079321 0.030085
v -0.001992 0.080215 0.030085
v 0.001992 0.073633 0.026380
v 0.003860 0.074528 0.030085
v 0.001992 0.073633 0.030085
v 0.001992 0.080215 0.030085
v 0.003860 0.079321 0.026380
v 0.001992 0.080215 0.026380
v 0.001992 0.073633 0.026380
v -0.001992 0.073633 0.030085
v -0.001992 0.073633 0.026380
v -0.006061 0.136196 -0.003906
v -0.004286 0.123878 -0.008191
v -0.006061 0.123878 -0.003906
v -0.000000 0.123878 -0.009967
v 0.002978 0.122915 -0.006884
v -0.000000 0.122915 -0.008117
v -0.004286 0.123878 0.000380
v -0.004211 0.122915 -0.003906
v -0.002978 0.122915 -0.000928
v 0.004211 0.122915 -0.003906
v 0.004286 0.123878 0.000380
v 0.002978 0.122915 -0.000928
v 0.004286 0.123878 0.000380
v -0.000000 0.122915 0.000306
v 0.002978 0.122915 -0.000928
v -0.006061 0.123878 -0.003906
v -0.002978 0.122915 -0.006884
v -0.004211 0.122915 -0.003906
v -0.000000 0.123878 0.002155
v -0.002978 0.122915 -0.000928
v -0.000000 0.122915 0.000306
v 0.004286 0.123878 -0.008191
v 0.004211 0.122915 -0.003906
v 0.002978 0.122915 -0.006884
v -0.003152 0.137649 -0.000753
v -0.006061 0.136196 -0.003906
v -0.004286 0.136196 0.000380
v 0.000000 0.136196 -0.009967
v 0.004286 0.123878 -0.008191
v -0.000000 0.123878 -0.009967
v 0.004286 0.136196 -0.008192
v 0.006061 0.123878 -0.003906
v 0.004286 0.123878 -0.008191
v 0.006061 0.136196 -0.003906
v 0.004286 0.123878 0.000380
v 0.006061 0.123878 -0.003906
v -0.004286 0.136196 -0.008192
v -0.000000 0.123878 -0.009967
v -0.004286 0.123878 -0.008191
v -0.004286 0.136196 0.000380
v -0.006061 0.123878 -0.003906
v -0.004286 0.123878 0.000380
v 0.004286 0.136196 0.000380
v -0.000000 0.123878 0.002155
v 0.004286 0.123878 0.000380
v -0.000000 0.123878 0.002155
v -0.004286 0.136196 0.000380
v -0.004286 0.123878 0.000380
v -0.003152 0.137649 -0.000753
v 0.003152 0.137649 -0.000753
v 0.003152 0.137649 -0.007058
v 0.003152 0.137649 -0.000753
v 0.000000 0.136196 0.002155
v 0.004286 0.136196 0.000380
v 0.000000 0.137649 0.000552
v -0.004286 0.136196 0.000380
v 0.000000 0.136196 0.002155
v -0.006061 0.136196 -0.003906
v -0.003152 0.137649 -0.007058
v -0.004286 0.136196 -0.008192
v 0.000000 0.136196 -0.009967
v 0.003152 0.137649 -0.007058
v 0.004286 0.136196 -0.008192
v 0.003152 0.137649 -0.007058
v 0.006061 0.136196 -0.003906
v 0.004286 0.136196 -0.008192
v 0.004458 0.137649 -0.003906
v 0.004286 0.136196 0.000380
v 0.006061 0.136196 -0.003906
v -0.004286 0.136196 -0.008192
v 0.000000 0.137649 -0.008364
v 0.000000 0.136196 -0.009967
v -0.006061 0.136196 -0.018907
v -0.004286 0.123878 -0.023192
v -0.006061 0.123878 -0.018907
v -0.000000 0.122915 -0.023118
v 0.004286 0.123878 -0.023192
v 0.002978 0.122915 -0.021885
v -0.004286 0.123878 -0.014621
v -0.004211 0.122915 -0.018907
v -0.002978 0.122915 -0.015929
v 0.006061 0.123878 -0.018907
v 0.002978 0.122915 -0.015929
v 0.004211 0.122915 -0.018907
v 0.004286 0.123878 -0.014621
v -0.000000 0.122915 -0.014695
v 0.002978 0.122915 -0.015929
v -0.006061 0.123878 -0.018907
v -0.002978 0.122915 -0.021885
v -0.004211 0.122915 -0.018907
v -0.000000 0.123878 -0.012846
v -0.002978 0.122915 -0.015929
v -0.000000 0.122915 -0.014695
v 0.004286 0.123878 -0.023192
v 0.004211 0.122915 -0.018907
v 0.002978 0.122915 -0.021885
v -0.003152 0.137649 -0.015754
v -0.006061 0.136196 -0.018907
v -0.004286 0.136196 -0.014621
v 0.000000 0.136196 -0.024967
v 0.004286 0.123878 -0.023192
v -0.000000 0.123878 -0.024967
v 0.004286 0.136196 -0.023192
v 0.006061 0.123878 -0.018907
v 0.004286 0.123878 -0.023192
v 0.006061 0.136196 -0.018907
v 0.004286 0.123878 -0.014621
v 0.006061 0.123878 -0.018907
v -0.004286 0.136196 -0.023192
v -0.000000 0.123878 -0.024967
v -0.004286 0.123878 -0.023192
v -0.004286 0.136196 -0.014621
v -0.006061 0.123878 -0.018907
v -0.004286 0.123878 -0.014621
v 0.004286 0.136196 -0.014621
v -0.000000 0.123878 -0.012846
v 0.004286 0.123878 -0.014621
v 0.000000 0.136196 -0.012846
v -0.004286 0.123878 -0.014621
v -0.000000 0.123878 -0.012846
v -0.003152 0.137649 -0.015754
v 0.003152 0.137649 -0.015754
v 0.003152 0.137649 -0.022059
v 0.003152 0.137649 -0.015754
v 0.000000 0.136196 -0.012846
v 0.004286 0.136196 -0.014621
v 0.000000 0.137649 -0.014448
v -0.004286 0.136196 -0.014621
v 0.000000 0.136196 -0.012846
v -0.004458 0.137649 -0.018907
v -0.004286 0.136196 -0.023192
v -0.006061 0.136196 -0.018907
v 0.000000 0.136196 -0.024967
v 0.003152 0.137649 -0.022059
v 0.004286 0.136196 -0.023192
v 0.003152 0.137649 -0.022059
v 0.006061 0.136196 -0.018907
v 0.004286 0.136196 -0.023192
v 0.004458 0.137649 -0.018907
v 0.004286 0.136196 -0.014621
v 0.006061 0.136196 -0.018907
v -0.004286 0.136196 -0.023192
v 0.000000 0.137649 -0.023365
v 0.000000 0.136196 -0.024967
v 0.004356 0.042655 0.029468
v -0.004452 0.037697 0.029468
v 0.004356 0.037697 0.029468
v 0.008154 0.042655 -0.029421
v 0.008154 0.037697 0.025776
v 0.008154 0.037697 -0.029421
v 0.004356 0.034742 0.029468
v -0.004452 0.029784 0.029468
v 0.004356 0.029784 0.029468
v -0.004452 0.042655 0.029468
v 0.004356 0.042655 0.029468
v 0.008154 0.042655 0.025776
v -0.008249 0.042655 0.025776
v -0.008249 0.037697 -0.029421
v -0.008249 0.037697 0.025776
v -0.004452 0.042655 -0.033112
v 0.004356 0.037697 -0.033112
v -0.004452 0.037697 -0.033112
v -0.004452 0.042655 0.029468
v -0.008249 0.037697 0.025776
v -0.004452 0.037697 0.029468
v -0.004452 0.037697 -0.033112
v -0.008249 0.042655 -0.029421
v -0.004452 0.042655 -0.033112
v 0.008154 0.037697 -0.029421
v 0.004356 0.042655 -0.033112
v 0.008154 0.042655 -0.029421
v 0.004356 0.037697 0.029468
v 0.008154 0.042655 0.025776
v 0.004356 0.042655 0.029468
v 0.004356 0.037697 0.029468
v -0.004452 0.037697 0.029468
v -0.008249 0.037697 0.025776
v 0.008154 0.034742 -0.029421
v 0.008154 0.029784 0.025776
v 0.008154 0.029784 -0.029421
v -0.004452 0.034742 0.029468
v 0.004356 0.034742 0.029468
v 0.008154 0.034742 0.025776
v -0.008249 0.034742 0.025776
v -0.008249 0.029784 -0.029421
v -0.008249 0.029784 0.025776
v -0.004452 0.034742 -0.033112
v 0.004356 0.029784 -0.033112
v -0.004452 0.029784 -0.033112
v -0.004452 0.034742 0.029468
v -0.008249 0.029784 0.025776
v -0.004452 0.029784 0.029468
v -0.004452 0.029784 -0.033112
v -0.008249 0.034742 -0.029421
v -0.004452 0.034742 -0.033112
v 0.008154 0.029784 -0.029421
v 0.004356 0.034742 -0.033112
v 0.008154 0.034742 -0.029421
v 0.004356 0.029784 0.029468
v 0.008154 0.034742 0.025776
v 0.004356 0.034742 0.029468
v 0.004356 0.029784 0.029468
v -0.004452 0.029784 0.029468
v -0.008249 0.029784 0.025776
v 0.004356 0.025690 0.029468
v -0.004452 0.020732 0.029468
v 0.004356 0.020732 0.029468
v 0.008154 0.025690 -0.029421
v 0.008154 0.020732 0.025776
v 0.008154 0.020732 -0.029421
v -0.004452 0.025690 0.029468
v 0.004356 0.025690 0.029468
v 0.008154 0.025690 0.025776
v -0.008249 0.025690 0.025776
v -0.008249 0.020732 -0.029421
v -0.008249 0.020732 0.025776
v -0.004452 0.025690 -0.033112
v 0.004356 0.020732 -0.033112
v -0.004452 0.020732 -0.033112
v -0.004452 0.025690 0.029468
v -0.008249 0.020732 0.025776
v -0.004452 0.020732 0.029468
v -0.004452 0.020732 -0.033112
v -0.008249 0.025690 -0.029421
v -0.004452 0.025690 -0.033112
v 0.008154 0.020732 -0.029421
v 0.004356 0.025690 -0.033112
v 0.008154 0.025690 -0.029421
v 0.004356 0.020732 0.029468
v 0.008154 0.025690 0.025776
v 0.004356 0.025690 0.029468
v 0.004356 0.020732 0.029468
v -0.004452 0.020732 0.029468
v -0.008249 0.020732 0.025776
v -0.008599 0.106729 -0.028545
v 0.008599 0.106729 -0.028545
v 0.005102 0.106729 -0.033191
v 0.008599 0.074495 -0.031472
v 0.005623 0.105472 -0.034448
v 0.008599 0.105472 -0.031472
v 0.008599 0.106729 -0.028545
v -0.008599 0.073238 -0.028545
v 0.008599 0.073238 -0.028545
v -0.005623 0.105472 -0.034448
v 0.005623 0.074495 -0.034448
v -0.005623 0.074495 -0.034448
v -0.008599 0.105472 -0.031472
v -0.008599 0.074495 -0.031472
v -0.008599 0.073238 -0.028545
v 0.008599 0.106729 -0.028545
v 0.008599 0.073238 -0.028545
v 0.008599 0.074495 -0.031472
v -0.005623 0.074495 -0.034448
v -0.008599 0.105472 -0.031472
v -0.005623 0.105472 -0.034448
v -0.005102 0.106729 -0.033191
v -0.008599 0.105472 -0.031472
v -0.008599 0.106729 -0.029694
v -0.005102 0.073238 -0.033191
v -0.008599 0.074495 -0.031472
v -0.005623 0.074495 -0.034448
v 0.005102 0.106729 -0.033191
v 0.008599 0.105472 -0.031472
v 0.005623 0.105472 -0.034448
v 0.005102 0.073238 -0.033191
v 0.008599 0.074495 -0.031472
v 0.008599 0.073238 -0.029694
v 0.005623 0.074495 -0.034448
v -0.005102 0.073238 -0.033191
v -0.005623 0.074495 -0.034448
v 0.005102 0.106729 -0.033191
v -0.005623 0.105472 -0.034448
v -0.005102 0.106729 -0.033191
v 0.008599 0.073238 -0.028545
v -0.008599 0.073238 -0.028545
v -0.005102 0.073238 -0.033191
v 0.009585 0.057484 0.013397
v 0.014430 0.060231 0.009178
v 0.009585 0.060231 0.009178
v 0.009585 0.041955 -0.018886
v 0.014430 0.039208 -0.014667
v 0.009585 0.039208 -0.014667
v 0.014881 0.045376 0.015410
v 0.009134 0.054063 0.015410
v 0.009134 0.045376 0.015410
v 0.014430 0.057484 -0.018886
v 0.009585 0.060231 -0.014667
v 0.014430 0.060231 -0.014668
v 0.009134 0.045376 -0.020899
v 0.014881 0.054063 -0.020899
v 0.014881 0.045376 -0.020899
v 0.009134 0.061542 -0.009415
v 0.009134 0.054063 -0.020899
v 0.009134 0.045376 -0.020899
v 0.014881 0.037897 0.003925
v 0.009134 0.037897 -0.009415
v 0.014881 0.037897 -0.009415
v 0.009134 0.061542 0.003925
v 0.014881 0.061542 -0.009415
v 0.009134 0.061542 -0.009415
v 0.014430 0.060231 -0.014668
v 0.013711 0.056273 -0.016370
v 0.014430 0.057484 -0.018886
v 0.009134 0.045376 -0.020899
v 0.009585 0.039208 -0.014667
v 0.009134 0.037897 -0.009415
v 0.009585 0.039208 -0.014667
v 0.014881 0.037897 -0.009415
v 0.009134 0.037897 -0.009415
v 0.014092 0.053386 -0.018069
v 0.014881 0.045376 -0.020899
v 0.014881 0.054063 -0.020899
v 0.014430 0.041955 -0.018886
v 0.009134 0.045376 -0.020899
v 0.014881 0.045376 -0.020899
v 0.014092 0.053386 0.012580
v 0.014430 0.057484 0.013397
v 0.014881 0.054063 0.015410
v 0.014430 0.060231 -0.014668
v 0.009134 0.061542 -0.009415
v 0.014881 0.061542 -0.009415
v 0.009585 0.060231 -0.014667
v 0.009134 0.054063 -0.020899
v 0.009134 0.061542 -0.009415
v 0.009134 0.054063 -0.020899
v 0.014430 0.057484 -0.018886
v 0.014881 0.054063 -0.020899
v 0.014881 0.061542 -0.009415
v 0.013711 0.058592 -0.012809
v 0.014430 0.060231 -0.014668
v 0.014430 0.039208 0.009178
v 0.009134 0.037897 0.003925
v 0.014881 0.037897 0.003925
v 0.009585 0.039208 0.009178
v 0.009134 0.045376 0.015410
v 0.009134 0.037897 0.003925
v 0.009134 0.045376 0.015410
v 0.014430 0.041955 0.013397
v 0.014881 0.045376 0.015410
v 0.009134 0.054063 0.015410
v 0.009585 0.060231 0.009178
v 0.009134 0.061542 0.003925
v 0.009134 0.061542 0.003925
v 0.014430 0.060231 0.009178
v 0.014881 0.061542 0.003925
v 0.014092 0.059699 0.002886
v 0.014881 0.061542 -0.009415
v 0.014881 0.061542 0.003925
v 0.014430 0.057484 0.013397
v 0.009134 0.054063 0.015410
v 0.014881 0.054063 0.015410
v 0.014430 0.041955 0.013397
v 0.009585 0.039208 0.009178
v 0.014430 0.039208 0.009178
v 0.014092 0.059699 0.002886
v 0.014092 0.053386 0.012580
v 0.014092 0.046053 0.012580
v 0.013711 0.040847 -0.012809
v 0.014092 0.046053 -0.018069
v 0.014092 0.039740 -0.008375
v 0.014092 0.053386 -0.018069
v 0.013711 0.058592 -0.012809
v 0.014092 0.059699 -0.008375
v 0.014092 0.046053 0.012580
v 0.013711 0.040847 0.007319
v 0.014092 0.039740 0.002886
v 0.013711 0.058592 0.007319
v 0.014092 0.053386 0.012580
v 0.014092 0.059699 0.002886
v 0.014092 0.046053 -0.018069
v 0.014430 0.041955 -0.018886
v 0.014881 0.045376 -0.020899
v 0.013711 0.056273 0.010881
v 0.014430 0.060231 0.009178
v 0.014430 0.057484 0.013397
v 0.013711 0.043166 -0.016370
v 0.014430 0.039208 -0.014667
v 0.014430 0.041955 -0.018886
v 0.014430 0.041955 0.013397
v 0.014092 0.046053 0.012580
v 0.014881 0.045376 0.015410
v 0.014092 0.039740 -0.008375
v 0.014881 0.037897 0.003925
v 0.014881 0.037897 -0.009415
v 0.014881 0.037897 0.003925
v 0.013711 0.040847 0.007319
v 0.014430 0.039208 0.009178
v 0.013711 0.058592 0.007319
v 0.014881 0.061542 0.003925
v 0.014430 0.060231 0.009178
v 0.014430 0.057484 -0.018886
v 0.014092 0.053386 -0.018069
v 0.014881 0.054063 -0.020899
v 0.014430 0.039208 0.009178
v 0.013711 0.043166 0.010881
v 0.014430 0.041955 0.013397
v 0.013711 0.040847 -0.012809
v 0.014881 0.037897 -0.009415
v 0.014430 0.039208 -0.014667
v 0.014092 0.046053 0.012580
v 0.014881 0.054063 0.015410
v 0.014881 0.045376 0.015410
v -0.009089 0.043521 0.025013
v -0.008179 0.119673 0.022310
v -0.011822 0.119673 -0.022591
v 0.012313 0.015306 -0.023448
v 0.009807 0.121689 -0.021756
v -0.009807 0.121689 -0.021756
v 0.007037 0.121689 -0.024526
v 0.002796 0.121689 -0.026283
v -0.002796 0.121689 -0.026283
v -0.007037 0.121689 -0.024526
v -0.009807 0.121689 0.017832
v -0.007037 0.121689 0.020601
v -0.002796 0.121689 0.022358
v -0.000000 0.121493 -0.014695
v 0.002978 0.121493 -0.006884
v -0.000000 0.121493 0.000306
v 0.004211 0.121493 -0.003906
v 0.002978 0.121493 -0.000928
v -0.002978 0.121493 -0.000928
v 0.005588 0.123963 0.008856
v -0.000000 0.121493 -0.023118
v -0.004211 0.121493 -0.003906
v 0.007902 0.123963 0.014444
v -0.004211 0.121493 -0.018907
v -0.002978 0.121493 -0.000928
v 0.005588 0.123963 0.020032
v 0.004211 0.121493 -0.018907
v -0.000000 0.121493 0.000306
v -0.000000 0.123963 0.022346
v -0.000000 0.123878 -0.009967
v 0.002978 0.121493 -0.000928
v -0.005588 0.123963 0.020032
v -0.000000 0.121493 -0.008117
v 0.004211 0.121493 -0.003906
v -0.007902 0.123963 0.014444
v 0.002978 0.121493 -0.006884
v -0.005588 0.123963 0.008856
v -0.002978 0.121493 -0.015929
v -0.002978 0.121493 -0.006884
v -0.000000 0.123963 0.006542
v -0.000000 0.120951 0.006542
v 0.007902 0.120951 0.014444
v -0.000000 0.120951 0.022346
v -0.005588 0.120951 0.020032
v -0.007902 0.120951 0.014444
v -0.000000 0.123878 -0.024967
v 0.002978 0.121493 -0.021885
v 0.002978 0.121493 -0.015929
v -0.002978 0.121493 -0.021885
v 0.002978 0.121493 -0.021885
v 0.004211 0.121493 -0.018907
v 0.002978 0.121493 -0.015929
v -0.002978 0.121493 -0.015929
v -0.004211 0.121493 -0.018907
v -0.003553 0.043521 0.027306
v -0.003553 0.043521 0.027306
v 0.003197 0.119673 -0.028298
v -0.013139 0.043521 -0.024889
v 0.003197 0.119673 -0.028298
v -0.003813 0.142227 0.010631
v -0.003197 0.119673 0.024373
v -0.003197 0.119673 0.024373
v 0.011822 0.119673 0.018666
v 0.011822 0.119673 0.018666
v -0.009807 0.121689 0.017832
v 0.007037 0.121689 -0.024526
v -0.008179 0.119673 0.022310
v 0.003197 0.119673 0.024373
v -0.003197 0.119673 -0.028298
v 0.011822 0.119673 -0.022591
v 0.003197 0.119673 -0.028298
v -0.011822 0.119673 -0.022591
v -0.007037 0.121689 0.020601
v 0.002796 0.121689 0.022358
v 0.011822 0.119673 0.018666
v 0.012313 0.015306 0.019524
v -0.005393 0.142227 0.014444
v 0.003813 0.142227 0.010631
v -0.000000 0.142227 0.009052
v -0.003813 0.142227 0.018257
v 0.005393 0.142227 0.014444
v 0.003813 0.142227 0.018257
v -0.000000 0.142227 0.019837
v 0.004215 0.175662 0.014444
v 0.002980 0.175662 0.011464
v -0.002980 0.175662 0.011464
v -0.004215 0.175662 0.014444
v -0.000000 0.175662 0.018659
v 0.002980 0.175662 0.017424
v -0.002980 0.175662 0.017424
v -0.000000 0.175662 0.010230
v 0.000000 0.194127 0.017324
v -0.002310 0.222555 0.012135
v 0.002037 0.194127 0.016481
v -0.002037 0.194127 0.016481
v -0.000000 0.175662 0.011195
v 0.002880 0.194127 0.014444
v 0.002037 0.194127 0.012408
v -0.002037 0.194127 0.012408
v -0.002880 0.194127 0.014444
v -0.003266 0.222555 0.014444
v 0.000000 0.222555 0.017710
v 0.002310 0.222555 0.016754
v -0.002310 0.222555 0.016754
v 0.000000 0.222555 0.011178
v 0.003266 0.222555 0.014444
v 0.002310 0.222555 0.012135
v -0.002977 0.232911 0.017421
v -0.003037 0.233706 0.014444
v 0.000000 0.232911 0.010234
v 0.004210 0.232911 0.014444
v 0.002977 0.232911 0.011467
v -0.002977 0.232911 0.011467
v -0.004210 0.232911 0.014444
v 0.000000 0.232911 0.018654
v 0.002977 0.232911 0.017421
v 0.002148 0.233706 0.012296
v -0.002148 0.233706 0.012296
v -0.002148 0.233706 0.016592
v 0.000000 0.233706 0.017481
v 0.002148 0.233706 0.016592
v 0.000000 0.232911 0.018654
v 0.002148 0.233706 0.016592
v -0.002148 0.233706 0.016592
v 0.000000 0.233706 0.011407
v 0.003037 0.233706 0.014444
v 0.002977 0.232911 0.011467
v -0.002977 0.232911 0.011467
v 0.015967 0.106787 -0.025789
v 0.011046 0.071560 -0.029997
v 0.008518 0.059404 -0.027243
v 0.009089 0.043521 -0.028938
v -0.010713 0.013706 -0.022785
v 0.010713 0.013706 -0.022785
v -0.007612 0.013706 -0.025887
v -0.003012 0.013706 -0.027792
v 0.003012 0.013706 -0.027792
v 0.007612 0.013706 -0.025887
v 0.010713 0.013706 0.018861
v 0.007612 0.013706 0.021962
v 0.003012 0.013706 0.023867
v 0.012313 0.059404 0.019524
v 0.015967 0.071560 0.021864
v 0.015967 0.106787 0.021864
v 0.012113 0.108055 -0.025076
v -0.008518 0.059404 0.023319
v -0.011046 0.071560 0.026073
v -0.011046 0.106787 0.026073
v -0.008518 0.015306 -0.027243
v -0.003330 0.059404 0.025468
v -0.004318 0.071560 0.028456
v -0.004318 0.106787 0.028456
v 0.008518 0.015306 0.023319
v 0.003330 0.059404 -0.029393
v 0.004318 0.071560 -0.032381
v 0.004318 0.106787 -0.032381
v 0.015967 0.106787 0.021864
v 0.015967 0.071560 0.021864
v 0.008518 0.059404 0.023319
v 0.009089 0.043521 0.025013
v 0.003553 0.043521 -0.031231
v 0.008518 0.059404 -0.027243
v 0.011046 0.071560 -0.029997
v 0.011046 0.106787 -0.029997
v -0.011046 0.106787 -0.029997
v -0.011046 0.071560 -0.029997
v -0.003330 0.059404 -0.029393
v -0.003553 0.043521 -0.031231
v 0.011046 0.106787 0.026073
v 0.011046 0.071560 0.026073
v 0.003330 0.059404 0.025468
v 0.003553 0.043521 0.027306
v -0.012313 0.015306 -0.023448
v -0.012313 0.059404 -0.023448
v -0.015967 0.071560 -0.025789
v -0.015967 0.106787 -0.025789
v 0.003553 0.043521 -0.031231
v -0.012313 0.059404 0.019524
v -0.015967 0.071560 0.021864
v -0.015967 0.106787 0.021864
v -0.015967 0.106787 -0.025789
v -0.015967 0.071560 -0.025789
v -0.008518 0.059404 -0.027243
v -0.009089 0.043521 -0.028938
v 0.012313 0.015306 -0.023448
v -0.010713 0.013706 -0.022785
v 0.003330 0.015306 -0.029393
v -0.003330 0.015306 0.025468
v 0.007612 0.013706 0.021962
v -0.007612 0.013706 -0.025887
v 0.007612 0.013706 -0.025887
v -0.003330 0.015306 -0.029393
v -0.007612 0.013706 -0.025887
v 0.007612 0.013706 0.021962
v -0.003012 0.013706 0.023867
v -0.012313 0.015306 0.019524
v 0.013139 0.043521 0.020964
v 0.012113 0.108055 -0.018116
v 0.017221 0.106898 -0.022043
v 0.017221 0.106898 0.017778
v 0.019991 0.083629 0.017778
v 0.018566 0.102767 -0.023631
v 0.018566 0.097982 0.019389
v 0.018566 0.102767 0.019389
v 0.012113 0.108055 0.020834
v 0.014167 0.070843 0.013951
v 0.012113 0.108055 0.020834
v 0.017221 0.075721 0.017778
v 0.017221 0.078026 0.017778
v 0.018566 0.078844 0.019389
v 0.017221 0.078844 0.017778
v 0.019991 0.083629 -0.022043
v 0.019991 0.097982 -0.022043
v 0.013802 0.070030 0.003362
v 0.013458 0.102767 -0.025076
v 0.013458 0.102767 0.013769
v 0.017221 0.078844 -0.022043
v 0.019991 0.097982 0.017778
v 0.019123 0.088413 0.013769
v 0.019991 0.088413 0.017778
v 0.019991 0.093198 0.017778
v 0.017221 0.077642 0.004781
v 0.012113 0.106853 0.003362
v 0.012113 0.108055 0.020834
v 0.012113 0.108055 -0.025076
v 0.012113 0.070718 -0.018116
v 0.013458 0.078844 -0.025076
v 0.014167 0.070843 0.013951
v 0.012113 0.070718 0.013769
v 0.012113 0.074564 0.017778
v 0.013458 0.078844 -0.018116
v 0.012113 0.108055 -0.018116
v 0.017698 0.102767 0.013769
v 0.019123 0.093198 0.013769
v 0.017698 0.083629 0.013769
v 0.019991 0.083629 -0.022043
v 0.019991 0.097982 -0.022043
v 0.017698 0.102767 -0.018116
v 0.019991 0.083629 0.017778
v 0.019991 0.097982 0.017778
v 0.017221 0.102767 0.017778
v 0.017698 0.078844 0.013769
v 0.019991 0.088413 -0.022043
v 0.019123 0.093198 -0.018116
v 0.017409 0.078844 -0.025076
v 0.018566 0.102767 -0.023631
v 0.016688 0.073418 -0.015752
v 0.018566 0.102767 0.019389
v 0.018566 0.078844 0.019389
v 0.017221 0.075721 -0.022043
v 0.016064 0.108055 0.020834
v 0.017221 0.078844 -0.022043
v 0.017409 0.078844 0.020834
v 0.017128 0.077950 0.020834
v 0.018566 0.078844 0.019389
v 0.017358 0.078026 -0.022205
v 0.017221 0.075721 -0.022043
v 0.018566 0.078844 -0.023631
v 0.018566 0.078844 -0.023631
v 0.017221 0.078844 -0.022043
v 0.017221 0.106898 -0.022043
v 0.016064 0.074564 0.016762
v 0.017221 0.077642 0.004781
v 0.017221 0.105696 -0.008493
v 0.017221 0.105696 0.004781
v 0.019123 0.087211 0.003362
v 0.019123 0.087211 -0.007267
v 0.017698 0.101564 -0.007267
v 0.017698 0.101564 0.003362
v 0.017698 0.082427 -0.007267
v 0.017698 0.082427 0.003362
v 0.017698 0.096780 0.003362
v 0.017698 0.096780 -0.007267
v 0.017698 0.083629 -0.022043
v 0.019123 0.093198 -0.018116
v 0.017698 0.102767 -0.018116
v 0.012113 0.108055 0.017778
v 0.012113 0.106853 -0.007267
v 0.013458 0.078844 0.013769
v 0.013458 0.077642 -0.007267
v 0.012113 0.106853 -0.007267
v 0.012113 0.106853 -0.007267
v 0.014041 0.070321 -0.016497
v 0.016688 0.073418 -0.004902
v 0.019123 0.091996 -0.007267
v 0.019123 0.091996 0.003362
v 0.019991 0.088413 -0.022043
v 0.019991 0.097982 -0.022043
v 0.017698 0.077642 0.003362
v 0.017698 0.077642 -0.007267
v 0.013802 0.070030 -0.007267
v 0.018566 0.078844 0.019389
v 0.018566 0.078844 -0.023631
v 0.017128 0.077950 -0.025076
v 0.017128 0.077950 0.020834
v 0.014041 0.070321 -0.016497
v 0.017221 0.078026 0.017778
v 0.016597 0.073022 -0.015752
v 0.017221 0.078026 0.017778
v 0.016597 0.073022 0.005726
v 0.016688 0.073418 0.005726
v 0.001992 0.091902 0.030085
v 0.003860 0.108031 0.030085
v -0.003860 0.108031 0.030085
v 0.001992 0.110568 0.030085
v -0.001992 0.110568 0.030085
v 0.003860 0.108031 0.030085
v 0.001992 0.081629 0.030085
v 0.001992 0.088211 0.030085
v 0.003860 0.082524 0.030085
v 0.003860 0.087317 0.030085
v -0.001992 0.088211 0.030085
v -0.001992 0.110568 0.030085
v -0.003860 0.108031 0.026380
v -0.001992 0.091902 0.026380
v -0.003860 0.108031 0.026380
v 0.003860 0.108031 0.026380
v -0.001992 0.110568 0.026380
v 0.001992 0.110568 0.026380
v -0.003860 0.094439 0.030085
v -0.003860 0.108031 0.026380
v 0.003860 0.094439 0.026380
v 0.003860 0.108031 0.030085
v 0.001992 0.091902 0.030085
v 0.003860 0.087317 0.030085
v -0.001992 0.088211 0.030085
v -0.003860 0.087317 0.026380
v -0.001992 0.081629 0.026380
v -0.001992 0.088211 0.026380
v -0.003860 0.082524 0.026380
v -0.003860 0.087317 0.026380
v 0.001992 0.088211 0.026380
v -0.003860 0.082524 0.030085
v -0.003860 0.087317 0.026380
v 0.003860 0.082524 0.026380
v 0.003860 0.087317 0.030085
v 0.001992 0.081629 0.030085
v 0.001992 0.073633 0.030085
v 0.001992 0.080215 0.030085
v 0.003860 0.074528 0.030085
v 0.003860 0.079321 0.030085
v -0.001992 0.080215 0.030085
v 0.003860 0.079321 0.030085
v -0.001992 0.080215 0.030085
v -0.003860 0.079321 0.026380
v -0.001992 0.073633 0.026380
v -0.001992 0.080215 0.026380
v -0.003860 0.074528 0.026380
v -0.003860 0.079321 0.026380
v 0.001992 0.080215 0.026380
v -0.003860 0.074528 0.030085
v -0.003860 0.079321 0.026380
v 0.003860 0.074528 0.026380
v 0.003860 0.079321 0.030085
v 0.001992 0.073633 0.030085
v -0.004286 0.136196 -0.008192
v 0.004286 0.123878 -0.008191
v -0.006061 0.123878 -0.003906
v 0.006061 0.123878 -0.003906
v -0.000000 0.123878 0.002155
v -0.004286 0.123878 -0.008191
v -0.004286 0.123878 0.000380
v 0.006061 0.123878 -0.003906
v -0.004458 0.137649 -0.003906
v 0.004286 0.136196 -0.008192
v 0.006061 0.136196 -0.003906
v 0.004286 0.136196 0.000380
v 0.000000 0.136196 -0.009967
v -0.006061 0.136196 -0.003906
v 0.000000 0.136196 0.002155
v 0.000000 0.136196 0.002155
v 0.000000 0.137649 -0.008364
v -0.003152 0.137649 -0.007058
v -0.004458 0.137649 -0.003906
v 0.000000 0.137649 0.000552
v 0.004458 0.137649 -0.003906
v 0.000000 0.137649 0.000552
v -0.003152 0.137649 -0.000753
v -0.004458 0.137649 -0.003906
v 0.000000 0.137649 -0.008364
v 0.004458 0.137649 -0.003906
v 0.003152 0.137649 -0.000753
v -0.003152 0.137649 -0.007058
v -0.004286 0.136196 -0.023192
v -0.000000 0.123878 -0.024967
v -0.006061 0.123878 -0.018907
v 0.004286 0.123878 -0.014621
v -0.000000 0.123878 -0.012846
v -0.004286 0.123878 -0.023192
v -0.004286 0.123878 -0.014621
v 0.006061 0.123878 -0.018907
v -0.004458 0.137649 -0.018907
v 0.004286 0.136196 -0.023192
v 0.006061 0.136196 -0.018907
v 0.004286 0.136196 -0.014621
v 0.000000 0.136196 -0.024967
v -0.006061 0.136196 -0.018907
v 0.000000 0.136196 -0.012846
v -0.004286 0.136196 -0.014621
v 0.000000 0.137649 -0.023365
v -0.003152 0.137649 -0.022059
v -0.004458 0.137649 -0.018907
v 0.000000 0.137649 -0.014448
v 0.004458 0.137649 -0.018907
v 0.000000 0.137649 -0.014448
v -0.003152 0.137649 -0.015754
v -0.003152 0.137649 -0.022059
v 0.000000 0.137649 -0.023365
v 0.004458 0.137649 -0.018907
v 0.003152 0.137649 -0.015754
v -0.003152 0.137649 -0.022059
v -0.004452 0.042655 0.029468
v 0.008154 0.042655 0.025776
v -0.004452 0.034742 0.029468
v 0.008154 0.042655 -0.029421
v -0.008249 0.042655 -0.029421
v 0.004356 0.042655 -0.033112
v -0.004452 0.042655 -0.033112
v -0.008249 0.042655 0.025776
v -0.008249 0.042655 -0.029421
v 0.004356 0.042655 -0.033112
v -0.008249 0.042655 0.025776
v -0.008249 0.037697 -0.029421
v 0.004356 0.037697 -0.033112
v 0.008154 0.037697 0.025776
v -0.008249 0.037697 -0.029421
v 0.008154 0.037697 -0.029421
v -0.004452 0.037697 -0.033112
v 0.004356 0.037697 -0.033112
v 0.008154 0.037697 0.025776
v 0.008154 0.034742 0.025776
v 0.008154 0.034742 -0.029421
v -0.008249 0.034742 -0.029421
v 0.004356 0.034742 -0.033112
v -0.004452 0.034742 -0.033112
v -0.008249 0.034742 0.025776
v -0.008249 0.034742 -0.029421
v 0.004356 0.034742 -0.033112
v -0.008249 0.034742 0.025776
v -0.008249 0.029784 -0.029421
v 0.004356 0.029784 -0.033112
v 0.008154 0.029784 0.025776
v -0.008249 0.029784 -0.029421
v 0.008154 0.029784 -0.029421
v -0.004452 0.029784 -0.033112
v 0.004356 0.029784 -0.033112
v 0.008154 0.029784 0.025776
v -0.004452 0.025690 0.029468
v 0.008154 0.025690 0.025776
v 0.008154 0.025690 -0.029421
v -0.008249 0.025690 -0.029421
v 0.004356 0.025690 -0.033112
v -0.004452 0.025690 -0.033112
v -0.008249 0.025690 0.025776
v -0.008249 0.025690 -0.029421
v 0.004356 0.025690 -0.033112
v -0.008249 0.025690 0.025776
v -0.008249 0.020732 -0.029421
v 0.004356 0.020732 -0.033112
v 0.008154 0.020732 0.025776
v -0.008249 0.020732 -0.029421
v 0.008154 0.020732 -0.029421
v -0.004452 0.020732 -0.033112
v 0.004356 0.020732 -0.033112
v 0.008154 0.020732 0.025776
v 0.008599 0.106729 -0.029694
v -0.005102 0.106729 -0.033191
v -0.008599 0.106729 -0.029694
v 0.005623 0.074495 -0.034448
v -0.008599 0.106729 -0.028545
v 0.005623 0.105472 -0.034448
v -0.008599 0.073238 -0.029694
v -0.008599 0.106729 -0.028545
v -0.008599 0.106729 -0.029694
v 0.008599 0.073238 -0.029694
v 0.008599 0.105472 -0.031472
v 0.008599 0.106729 -0.029694
v -0.008599 0.074495 -0.031472
v -0.005623 0.105472 -0.034448
v -0.008599 0.073238 -0.029694
v 0.008599 0.106729 -0.029694
v 0.005623 0.074495 -0.034448
v 0.005102 0.073238 -0.033191
v 0.005623 0.105472 -0.034448
v -0.008599 0.073238 -0.029694
v 0.005102 0.073238 -0.033191
v 0.008599 0.073238 -0.029694
v 0.014430 0.057484 0.013397
v 0.014430 0.041955 -0.018886
v 0.014881 0.054063 0.015410
v 0.009585 0.057484 -0.018886
v 0.009134 0.054063 -0.020899
v 0.009134 0.037897 -0.009415
v 0.009134 0.037897 0.003925
v 0.009134 0.045376 0.015410
v 0.009134 0.054063 0.015410
v 0.009134 0.061542 0.003925
v 0.009134 0.037897 0.003925
v 0.014881 0.061542 0.003925
v 0.013711 0.058592 -0.012809
v 0.009585 0.041955 -0.018886
v 0.014430 0.039208 -0.014667
v 0.014092 0.046053 -0.018069
v 0.009585 0.041955 -0.018886
v 0.013711 0.056273 0.010881
v 0.009585 0.060231 -0.014667
v 0.009585 0.057484 -0.018886
v 0.009585 0.057484 -0.018886
v 0.014092 0.059699 -0.008375
v 0.009585 0.039208 0.009178
v 0.009585 0.041955 0.013397
v 0.009585 0.041955 0.013397
v 0.009585 0.057484 0.013397
v 0.009585 0.060231 0.009178
v 0.014092 0.059699 -0.008375
v 0.009585 0.057484 0.013397
v 0.009585 0.041955 0.013397
v 0.014092 0.039740 0.002886
v 0.014092 0.039740 -0.008375
v 0.014092 0.046053 -0.018069
v 0.014092 0.053386 -0.018069
v 0.014092 0.059699 -0.008375
v 0.013711 0.043166 -0.016370
v 0.013711 0.056273 -0.016370
v 0.013711 0.043166 0.010881
v 0.013711 0.056273 0.010881
v 0.013711 0.043166 -0.016370
v 0.013711 0.058592 0.007319
v 0.013711 0.040847 -0.012809
v 0.013711 0.043166 0.010881
v 0.014092 0.039740 0.002886
v 0.014092 0.039740 0.002886
v 0.014092 0.059699 0.002886
v 0.013711 0.056273 -0.016370
v 0.013711 0.040847 0.007319
v 0.014092 0.039740 -0.008375
v 0.014092 0.053386 0.012580
vt 0.213681 0.625531
vt 0.221872 0.723697
vt 0.226881 0.625549
vt 0.646156 0.936640
vt 0.648856 0.981690
vt 0.663273 0.936769
vt 0.229863 0.988586
vt 0.384501 0.943783
vt 0.218739 0.943783
vt 0.025547 0.712073
vt 0.020486 0.613620
vt 0.011414 0.711531
vt 0.683007 0.374958
vt 0.697756 0.368848
vt 0.707390 0.359214
vt 0.965147 0.978228
vt 0.970056 0.967869
vt 0.965109 0.967869
vt 0.118454 0.046889
vt 0.118454 0.058101
vt 0.126382 0.066029
vt 0.171246 0.248667
vt 0.181650 0.268104
vt 0.181723 0.248667
vt 0.316283 0.081052
vt 0.321191 0.070693
vt 0.316245 0.070693
vt 0.016367 0.031516
vt 0.011414 0.041875
vt 0.016361 0.041875
vt 0.885126 0.102440
vt 0.874696 0.082970
vt 0.874649 0.102440
vt 0.791232 0.030988
vt 0.786279 0.041347
vt 0.791226 0.041347
vt 0.966711 0.438904
vt 0.971696 0.428545
vt 0.966749 0.428545
vt 0.885173 0.082970
vt 0.874648 0.063566
vt 0.874696 0.082970
vt 0.321217 0.037490
vt 0.316245 0.047866
vt 0.321192 0.047866
vt 0.966749 0.428545
vt 0.971658 0.418186
vt 0.966711 0.418186
vt 0.011414 0.064702
vt 0.021962 0.084139
vt 0.021890 0.064702
vt 0.908000 0.070440
vt 0.921832 0.075893
vt 0.913904 0.067965
vt 0.974728 0.061132
vt 0.969807 0.071473
vt 0.974754 0.071473
vt 0.011485 0.084139
vt 0.021890 0.103576
vt 0.021962 0.084139
vt 0.963616 0.277418
vt 0.968524 0.267059
vt 0.963577 0.267059
vt 0.974754 0.071473
vt 0.969782 0.081850
vt 0.974729 0.081850
vt 0.942271 0.988586
vt 0.931805 0.969150
vt 0.931794 0.988586
vt 0.870318 0.420389
vt 0.865438 0.439406
vt 0.870319 0.441427
vt 0.963577 0.287777
vt 0.968563 0.277418
vt 0.963616 0.277418
vt 0.942282 0.969150
vt 0.931794 0.949713
vt 0.931805 0.969150
vt 0.965109 0.988586
vt 0.970094 0.978228
vt 0.965147 0.978228
vt 0.016361 0.021157
vt 0.011420 0.031516
vt 0.016367 0.031516
vt 0.171173 0.229230
vt 0.181723 0.248667
vt 0.181650 0.229230
vt 0.806330 0.834390
vt 0.842243 0.849264
vt 0.857118 0.813349
vt 0.418283 0.074797
vt 0.432115 0.080250
vt 0.424187 0.072322
vt 0.316245 0.091411
vt 0.321230 0.081052
vt 0.316283 0.081052
vt 0.321192 0.027149
vt 0.316270 0.037490
vt 0.321217 0.037490
vt 0.791226 0.020629
vt 0.786285 0.030988
vt 0.791232 0.030988
vt 0.937193 0.648098
vt 0.945120 0.656026
vt 0.956332 0.628957
vt 0.595372 0.716538
vt 0.619317 0.618454
vt 0.596148 0.618454
vt 0.619317 0.618454
vt 0.639350 0.716609
vt 0.637364 0.618521
vt 0.488845 0.936563
vt 0.502273 0.981577
vt 0.512247 0.936638
vt 0.221872 0.723697
vt 0.376360 0.625549
vt 0.226881 0.625549
vt 0.462702 0.981513
vt 0.488845 0.936563
vt 0.458802 0.936563
vt 0.207786 0.110557
vt 0.223487 0.174060
vt 0.223487 0.110498
vt 0.596610 0.981514
vt 0.622754 0.936566
vt 0.592711 0.936566
vt 0.622754 0.936566
vt 0.636182 0.981577
vt 0.646156 0.936640
vt 0.024910 0.977057
vt 0.180978 0.937365
vt 0.015305 0.931983
vt 0.165190 0.988586
vt 0.024910 0.977057
vt 0.027557 0.984116
vt 0.632071 0.362117
vt 0.639170 0.221507
vt 0.632071 0.218603
vt 0.683007 0.205762
vt 0.701639 0.205928
vt 0.684313 0.198751
vt 0.648804 0.368848
vt 0.662071 0.381969
vt 0.663554 0.374958
vt 0.683007 0.374958
vt 0.701639 0.374792
vt 0.697756 0.368848
vt 0.663554 0.205762
vt 0.644745 0.205928
vt 0.648804 0.211872
vt 0.707390 0.221507
vt 0.701639 0.205928
vt 0.697756 0.211872
vt 0.483551 0.988586
vt 0.462702 0.981513
vt 0.464096 0.988586
vt 0.644745 0.205928
vt 0.639170 0.221507
vt 0.648804 0.211872
vt 0.644745 0.374792
vt 0.639170 0.359214
vt 0.632071 0.362117
vt 0.596610 0.981514
vt 0.617460 0.988586
vt 0.618854 0.981514
vt 0.701639 0.374792
vt 0.707390 0.359214
vt 0.697756 0.368848
vt 0.578101 0.618521
vt 0.562029 0.716733
vt 0.576115 0.716609
vt 0.819530 0.420389
vt 0.836427 0.410394
vt 0.834405 0.405513
vt 0.853422 0.451422
vt 0.855444 0.456304
vt 0.855442 0.405513
vt 0.853420 0.410394
vt 0.834408 0.456304
vt 0.824412 0.439406
vt 0.819531 0.441427
vt 0.865437 0.422411
vt 0.836429 0.451422
vt 0.824411 0.422411
vt 0.933733 0.438904
vt 0.920206 0.436904
vt 0.919378 0.438904
vt 0.433984 0.109043
vt 0.447248 0.172564
vt 0.449685 0.109034
vt 0.577843 0.109041
vt 0.593556 0.172591
vt 0.593570 0.109079
vt 0.223487 0.110498
vt 0.236751 0.174110
vt 0.239188 0.110557
vt 0.418283 0.109034
vt 0.433984 0.172572
vt 0.433984 0.109043
vt 0.593570 0.109079
vt 0.606797 0.172558
vt 0.609244 0.109040
vt 0.262016 0.110557
vt 0.277716 0.174061
vt 0.277716 0.110500
vt 0.277716 0.110500
vt 0.290980 0.174110
vt 0.293417 0.110557
vt 0.874685 0.479340
vt 0.885026 0.595602
vt 0.886398 0.479311
vt 0.909226 0.428752
vt 0.911225 0.415224
vt 0.909225 0.414395
vt 0.919376 0.404244
vt 0.932903 0.406244
vt 0.933731 0.404244
vt 0.941883 0.415224
vt 0.943883 0.414395
vt 0.943884 0.428752
vt 0.932905 0.436904
vt 0.941884 0.427923
vt 0.920204 0.406244
vt 0.911226 0.427923
vt 0.075664 0.066165
vt 0.065728 0.063063
vt 0.064444 0.066164
vt 0.862932 0.479311
vt 0.874677 0.595627
vt 0.874685 0.479340
vt 0.818347 0.264489
vt 0.830080 0.380759
vt 0.830080 0.264445
vt 0.876374 0.264500
vt 0.886740 0.380792
vt 0.888107 0.264493
vt 0.873440 0.125267
vt 0.883806 0.241618
vt 0.885173 0.125310
vt 0.861706 0.125310
vt 0.873440 0.241580
vt 0.873440 0.125267
vt 0.864641 0.264493
vt 0.876374 0.380798
vt 0.876374 0.264500
vt 0.830080 0.264445
vt 0.840447 0.380798
vt 0.841813 0.264489
vt 0.748591 0.217657
vt 0.755675 0.281923
vt 0.756584 0.217686
vt 0.056510 0.047009
vt 0.059612 0.056945
vt 0.059612 0.048294
vt 0.056510 0.058230
vt 0.083597 0.058231
vt 0.074379 0.063063
vt 0.080496 0.048295
vt 0.080496 0.056946
vt 0.064444 0.039075
vt 0.074379 0.042178
vt 0.075664 0.039076
vt 0.065728 0.042177
vt 0.083597 0.047011
vt 0.368497 0.283441
vt 0.375581 0.382286
vt 0.375581 0.283414
vt 0.740599 0.217686
vt 0.748591 0.281897
vt 0.748591 0.217657
vt 0.780677 0.432504
vt 0.788669 0.496738
vt 0.788669 0.432509
vt 0.383573 0.219204
vt 0.375581 0.283414
vt 0.382665 0.283441
vt 0.787499 0.217682
vt 0.794566 0.281887
vt 0.795478 0.217662
vt 0.779493 0.217663
vt 0.787494 0.281904
vt 0.787499 0.217682
vt 0.367588 0.219204
vt 0.375581 0.283414
vt 0.375581 0.219174
vt 0.788669 0.432509
vt 0.795753 0.496734
vt 0.796662 0.432504
vt 0.966063 0.238585
vt 0.956112 0.241618
vt 0.967320 0.241618
vt 0.788669 0.496738
vt 0.796703 0.595623
vt 0.795753 0.496734
vt 0.748591 0.281897
vt 0.756625 0.380798
vt 0.755675 0.281923
vt 0.741507 0.281923
vt 0.748591 0.380769
vt 0.748591 0.281897
vt 0.781585 0.496734
vt 0.788669 0.595627
vt 0.788669 0.496738
vt 0.375581 0.283414
vt 0.383615 0.382316
vt 0.382665 0.283441
vt 0.787494 0.281904
vt 0.795520 0.380778
vt 0.794566 0.281887
vt 0.780398 0.281887
vt 0.787500 0.380798
vt 0.787494 0.281904
vt 0.937193 0.678853
vt 0.947548 0.714881
vt 0.947548 0.678859
vt 0.972213 0.223741
vt 0.975245 0.233693
vt 0.975246 0.222484
vt 0.972212 0.232436
vt 0.951220 0.232436
vt 0.957368 0.238585
vt 0.948187 0.222484
vt 0.948187 0.233693
vt 0.966064 0.217592
vt 0.956113 0.214559
vt 0.957369 0.217592
vt 0.967321 0.214558
vt 0.951220 0.223741
vt 0.975245 0.172597
vt 0.971444 0.182258
vt 0.975246 0.183806
vt 0.942149 0.890826
vt 0.952505 0.926886
vt 0.952505 0.890865
vt 0.947566 0.737734
vt 0.957903 0.773730
vt 0.957903 0.737708
vt 0.937193 0.737709
vt 0.947566 0.773755
vt 0.947566 0.737734
vt 0.931794 0.890865
vt 0.942149 0.926847
vt 0.942149 0.890826
vt 0.947548 0.678859
vt 0.957904 0.714875
vt 0.957904 0.678853
vt 0.942151 0.817403
vt 0.952506 0.853462
vt 0.952506 0.817441
vt 0.931795 0.817441
vt 0.942151 0.853424
vt 0.942151 0.817403
vt 0.951924 0.182258
vt 0.965727 0.187976
vt 0.971444 0.174172
vt 0.967319 0.164672
vt 0.957640 0.168454
vt 0.965726 0.168454
vt 0.948187 0.172597
vt 0.957640 0.168454
vt 0.956111 0.164672
vt 0.967319 0.164672
vt 0.971444 0.174172
vt 0.975245 0.172597
vt 0.967321 0.191731
vt 0.957641 0.187976
vt 0.956113 0.191731
vt 0.948187 0.183806
vt 0.951923 0.174172
vt 0.948187 0.172597
vt 0.948187 0.183806
vt 0.957641 0.187976
vt 0.951924 0.182258
vt 0.967321 0.191731
vt 0.971444 0.182258
vt 0.965727 0.187976
vt 0.514947 0.981692
vt 0.512247 0.936638
vt 0.502273 0.981577
vt 0.529364 0.875503
vt 0.512247 0.936638
vt 0.529364 0.936770
vt 0.529364 0.814236
vt 0.512247 0.875371
vt 0.516656 0.772028
vt 0.512247 0.814103
vt 0.529364 0.814236
vt 0.025547 0.712073
vt 0.015502 0.766931
vt 0.028747 0.767439
vt 0.685444 0.590055
vt 0.701444 0.583428
vt 0.712230 0.572641
vt 0.028747 0.767439
vt 0.184959 0.717252
vt 0.025547 0.712073
vt 0.019286 0.809511
vt 0.178146 0.772292
vt 0.028747 0.767439
vt 0.017296 0.870747
vt 0.184959 0.814893
vt 0.019286 0.809511
vt 0.015305 0.931983
vt 0.182969 0.876129
vt 0.207786 0.332427
vt 0.226190 0.356635
vt 0.226190 0.332427
vt 0.619317 0.771843
vt 0.639350 0.716609
vt 0.620093 0.716538
vt 0.622754 0.814032
vt 0.637364 0.771909
vt 0.619317 0.771843
vt 0.622754 0.875299
vt 0.646156 0.814105
vt 0.622754 0.814032
vt 0.622754 0.936566
vt 0.646156 0.875373
vt 0.462239 0.618453
vt 0.442206 0.716607
vt 0.461463 0.716535
vt 0.596148 0.771843
vt 0.620093 0.716538
vt 0.595372 0.716538
vt 0.592711 0.814032
vt 0.619317 0.771843
vt 0.596148 0.771843
vt 0.592711 0.875299
vt 0.622754 0.814032
vt 0.592711 0.814032
vt 0.592711 0.936566
vt 0.622754 0.875299
vt 0.596148 0.618454
vt 0.576115 0.716609
vt 0.595372 0.716538
vt 0.462239 0.771842
vt 0.486184 0.716535
vt 0.461463 0.716535
vt 0.458802 0.814029
vt 0.485408 0.771842
vt 0.462239 0.771842
vt 0.458802 0.875296
vt 0.488845 0.814029
vt 0.458802 0.814029
vt 0.458802 0.936563
vt 0.488845 0.875296
vt 0.569309 0.936640
vt 0.566609 0.981690
vt 0.579283 0.981577
vt 0.569309 0.875373
vt 0.552192 0.936769
vt 0.569309 0.936640
vt 0.569309 0.814105
vt 0.552192 0.875502
vt 0.569309 0.814105
vt 0.564900 0.772026
vt 0.552192 0.814235
vt 0.578101 0.771909
vt 0.562029 0.716733
vt 0.564900 0.772026
vt 0.461463 0.716535
vt 0.485408 0.618453
vt 0.462239 0.618453
vt 0.485408 0.771842
vt 0.505441 0.716607
vt 0.486184 0.716535
vt 0.488845 0.814029
vt 0.503455 0.771909
vt 0.485408 0.771842
vt 0.488845 0.875296
vt 0.512247 0.814103
vt 0.488845 0.814029
vt 0.488845 0.936563
vt 0.512247 0.875371
vt 0.458802 0.936563
vt 0.445374 0.981577
vt 0.462702 0.981513
vt 0.458802 0.875296
vt 0.435400 0.936638
vt 0.458802 0.936563
vt 0.458802 0.814029
vt 0.435400 0.875371
vt 0.458802 0.814029
vt 0.444192 0.771909
vt 0.435400 0.814103
vt 0.462239 0.771842
vt 0.442206 0.716607
vt 0.444192 0.771909
vt 0.592711 0.936566
vt 0.579283 0.981577
vt 0.596610 0.981514
vt 0.592711 0.875299
vt 0.569309 0.936640
vt 0.592711 0.936566
vt 0.592711 0.814032
vt 0.569309 0.875373
vt 0.592711 0.814032
vt 0.578101 0.771909
vt 0.569309 0.814105
vt 0.596148 0.771843
vt 0.576115 0.716609
vt 0.578101 0.771909
vt 0.389561 0.625531
vt 0.381370 0.723697
vt 0.395456 0.723677
vt 0.226881 0.778944
vt 0.381370 0.723697
vt 0.221872 0.723697
vt 0.218739 0.821244
vt 0.376360 0.778944
vt 0.226881 0.778944
vt 0.218739 0.882514
vt 0.384501 0.821244
vt 0.218739 0.821244
vt 0.218739 0.943783
vt 0.384501 0.882514
vt 0.485408 0.618453
vt 0.505441 0.716607
vt 0.503455 0.618521
vt 0.637364 0.771909
vt 0.653436 0.716733
vt 0.639350 0.716609
vt 0.646156 0.814105
vt 0.650565 0.772026
vt 0.637364 0.771909
vt 0.646156 0.875373
vt 0.663273 0.814235
vt 0.646156 0.814105
vt 0.646156 0.936640
vt 0.663273 0.875502
vt 0.435400 0.936638
vt 0.432700 0.981692
vt 0.445374 0.981577
vt 0.435400 0.875371
vt 0.418283 0.936770
vt 0.435400 0.936638
vt 0.435400 0.814103
vt 0.418283 0.875503
vt 0.435400 0.814103
vt 0.430991 0.772028
vt 0.418283 0.814236
vt 0.444192 0.771909
vt 0.428120 0.716735
vt 0.430991 0.772028
vt 0.637706 0.427774
vt 0.632071 0.574951
vt 0.637706 0.572640
vt 0.376360 0.625549
vt 0.229188 0.619974
vt 0.226881 0.625549
vt 0.664492 0.410359
vt 0.645271 0.412271
vt 0.648492 0.416987
vt 0.685444 0.590055
vt 0.704530 0.588152
vt 0.701444 0.583428
vt 0.664492 0.590055
vt 0.645271 0.588152
vt 0.663317 0.595627
vt 0.685444 0.410360
vt 0.704530 0.412272
vt 0.686484 0.404796
vt 0.637706 0.427774
vt 0.645271 0.412271
vt 0.632071 0.425472
vt 0.685444 0.410360
vt 0.663317 0.404796
vt 0.664492 0.410359
vt 0.704530 0.412272
vt 0.712230 0.427775
vt 0.717730 0.425473
vt 0.645271 0.588152
vt 0.637706 0.572640
vt 0.632071 0.574951
vt 0.686484 0.595627
vt 0.664492 0.590055
vt 0.663317 0.595627
vt 0.704530 0.588152
vt 0.712230 0.572641
vt 0.701444 0.583428
vt 0.025547 0.712073
vt 0.183130 0.618981
vt 0.033731 0.614128
vt 0.595501 0.195418
vt 0.609244 0.205968
vt 0.609244 0.195418
vt 0.546600 0.350071
vt 0.532227 0.344548
vt 0.532255 0.350052
vt 0.532224 0.206031
vt 0.546596 0.200428
vt 0.532252 0.200409
vt 0.449012 0.206031
vt 0.465682 0.200409
vt 0.449040 0.200409
vt 0.449043 0.350052
vt 0.445902 0.355099
vt 0.449020 0.355095
vt 0.515613 0.350052
vt 0.532227 0.344548
vt 0.515642 0.344508
vt 0.515639 0.205992
vt 0.498967 0.200409
vt 0.498996 0.205992
vt 0.482354 0.205992
vt 0.465682 0.200409
vt 0.465711 0.205992
vt 0.532224 0.206031
vt 0.515609 0.200409
vt 0.515639 0.205992
vt 0.165615 0.200671
vt 0.175320 0.182604
vt 0.161584 0.182121
vt 0.434101 0.209584
vt 0.446165 0.206031
vt 0.438149 0.206031
vt 0.164509 0.098962
vt 0.177660 0.116077
vt 0.178245 0.099445
vt 0.163924 0.115594
vt 0.177075 0.132709
vt 0.163339 0.132226
vt 0.176490 0.149340
vt 0.162754 0.148857
vt 0.175905 0.165972
vt 0.162169 0.165489
vt 0.595501 0.344486
vt 0.609244 0.355116
vt 0.609244 0.344486
vt 0.465686 0.350052
vt 0.449016 0.344548
vt 0.449043 0.350052
vt 0.482328 0.350052
vt 0.465715 0.344508
vt 0.465686 0.350052
vt 0.498970 0.350052
vt 0.482357 0.344508
vt 0.515613 0.350052
vt 0.499000 0.344508
vt 0.025021 0.276674
vt 0.028758 0.313924
vt 0.030908 0.277015
vt 0.292761 0.332427
vt 0.309404 0.356635
vt 0.309404 0.332427
vt 0.276118 0.332427
vt 0.292761 0.356635
vt 0.259476 0.332427
vt 0.276118 0.356635
vt 0.242833 0.332427
vt 0.259476 0.356635
vt 0.226190 0.332427
vt 0.242833 0.356635
vt 0.226190 0.196937
vt 0.242833 0.221514
vt 0.242833 0.196937
vt 0.259476 0.221514
vt 0.259476 0.196937
vt 0.276118 0.221514
vt 0.276118 0.196937
vt 0.292761 0.221514
vt 0.292761 0.196937
vt 0.309404 0.221514
vt 0.309404 0.196937
vt 0.165597 0.095886
vt 0.179351 0.096317
vt 0.769103 0.682368
vt 0.767390 0.635238
vt 0.767441 0.686633
vt 0.511458 0.256139
vt 0.498996 0.205992
vt 0.494816 0.256139
vt 0.482354 0.205992
vt 0.498979 0.219950
vt 0.498996 0.205992
vt 0.478173 0.256139
vt 0.465711 0.205992
vt 0.461531 0.256139
vt 0.717003 0.723604
vt 0.719971 0.759809
vt 0.720022 0.723604
vt 0.446375 0.251243
vt 0.449012 0.206031
vt 0.446165 0.206031
vt 0.542416 0.251243
vt 0.532224 0.206031
vt 0.528043 0.256179
vt 0.609244 0.299274
vt 0.595501 0.344486
vt 0.226190 0.196937
vt 0.207786 0.207567
vt 0.226190 0.221514
vt 0.371577 0.177797
vt 0.381282 0.195864
vt 0.385313 0.177314
vt 0.309404 0.332427
vt 0.312567 0.356635
vt 0.324285 0.346085
vt 0.022871 0.313582
vt 0.026603 0.350065
vt 0.028758 0.313924
vt 0.312567 0.196937
vt 0.309404 0.196937
vt 0.309404 0.221514
vt 0.369237 0.111271
vt 0.382388 0.094156
vt 0.368652 0.094639
vt 0.369822 0.127902
vt 0.382973 0.110787
vt 0.370407 0.144534
vt 0.383558 0.127419
vt 0.370992 0.161166
vt 0.384143 0.144051
vt 0.384728 0.160683
vt 0.230372 0.294687
vt 0.247015 0.294687
vt 0.263657 0.294687
vt 0.280300 0.294687
vt 0.296943 0.294687
vt 0.313585 0.294687
vt 0.313585 0.294687
vt 0.337664 0.332427
vt 0.341846 0.294687
vt 0.211968 0.294686
vt 0.226190 0.332427
vt 0.230372 0.294687
vt 0.528053 0.256172
vt 0.515592 0.219971
vt 0.511411 0.256172
vt 0.494798 0.256152
vt 0.482336 0.219950
vt 0.478155 0.256152
vt 0.461484 0.256172
vt 0.449022 0.219971
vt 0.444841 0.256172
vt 0.876146 0.021567
vt 0.881840 0.037293
vt 0.874648 0.022285
vt 0.179147 0.503673
vt 0.171226 0.465933
vt 0.171173 0.503673
vt 0.532227 0.344548
vt 0.515595 0.330884
vt 0.515642 0.344508
vt 0.686151 0.723604
vt 0.694075 0.759809
vt 0.694125 0.723604
vt 0.532224 0.206031
vt 0.515592 0.219971
vt 0.532234 0.219971
vt 0.742849 0.723607
vt 0.744563 0.759809
vt 0.744510 0.723607
vt 0.449012 0.206031
vt 0.465665 0.219971
vt 0.465711 0.205992
vt 0.174191 0.342329
vt 0.171226 0.304588
vt 0.171173 0.342329
vt 0.499000 0.344508
vt 0.482339 0.330863
vt 0.482357 0.344508
vt 0.449043 0.350052
vt 0.465662 0.355095
vt 0.465686 0.350052
vt 0.546600 0.350071
vt 0.532232 0.355095
vt 0.550601 0.355114
vt 0.515585 0.195399
vt 0.532252 0.200409
vt 0.532228 0.195399
vt 0.428749 0.322675
vt 0.430127 0.301382
vt 0.428749 0.301384
vt 0.482304 0.355095
vt 0.482328 0.350052
vt 0.532228 0.195399
vt 0.546596 0.200428
vt 0.550597 0.195418
vt 0.449016 0.195399
vt 0.465682 0.200409
vt 0.465658 0.195399
vt 0.498970 0.350052
vt 0.515589 0.355095
vt 0.515613 0.350052
vt 0.434104 0.340948
vt 0.446171 0.345109
vt 0.419301 0.325302
vt 0.482301 0.195399
vt 0.498967 0.200409
vt 0.498943 0.195399
vt 0.498947 0.355095
vt 0.532232 0.355095
vt 0.532255 0.350052
vt 0.550597 0.206048
vt 0.546596 0.200428
vt 0.546596 0.206031
vt 0.446171 0.345109
vt 0.444833 0.297415
vt 0.446376 0.297415
vt 0.482324 0.200409
vt 0.515609 0.200409
vt 0.550598 0.251259
vt 0.546596 0.206031
vt 0.542416 0.251243
vt 0.550601 0.344564
vt 0.546600 0.350071
vt 0.550601 0.355114
vt 0.482324 0.200409
vt 0.975745 0.883578
vt 0.988586 0.876459
vt 0.975332 0.876429
vt 0.795520 0.194835
vt 0.793976 0.148663
vt 0.793976 0.194835
vt 0.550600 0.297431
vt 0.546600 0.344548
vt 0.550598 0.251259
vt 0.542417 0.297415
vt 0.550600 0.297431
vt 0.174191 0.379300
vt 0.171226 0.415502
vt 0.174244 0.429448
vt 0.174191 0.342329
vt 0.171173 0.379300
vt 0.174191 0.379300
vt 0.742849 0.686636
vt 0.744563 0.648895
vt 0.742902 0.635238
vt 0.742849 0.723607
vt 0.744510 0.686636
vt 0.742849 0.686636
vt 0.686151 0.686633
vt 0.694075 0.635238
vt 0.686100 0.635238
vt 0.686151 0.723604
vt 0.694125 0.686633
vt 0.686151 0.686633
vt 0.179147 0.540645
vt 0.171226 0.576847
vt 0.179200 0.590793
vt 0.179147 0.503673
vt 0.171173 0.540645
vt 0.179147 0.540645
vt 0.449025 0.344541
vt 0.461485 0.293143
vt 0.444842 0.293143
vt 0.482339 0.330863
vt 0.494799 0.293123
vt 0.478156 0.293123
vt 0.515595 0.330884
vt 0.528054 0.293143
vt 0.511412 0.293143
vt 0.226190 0.221514
vt 0.211968 0.257715
vt 0.230372 0.257715
vt 0.211968 0.257715
vt 0.230372 0.294687
vt 0.230372 0.257715
vt 0.337664 0.221513
vt 0.313585 0.257715
vt 0.341846 0.257715
vt 0.313585 0.257715
vt 0.341846 0.294687
vt 0.341846 0.257715
vt 0.296943 0.257715
vt 0.313585 0.257715
vt 0.280300 0.257715
vt 0.263658 0.257715
vt 0.247015 0.257715
vt 0.230372 0.257715
vt 0.595501 0.219626
vt 0.609244 0.253102
vt 0.609244 0.253102
vt 0.595448 0.294338
vt 0.609244 0.299274
vt 0.532227 0.344548
vt 0.542417 0.297415
vt 0.528044 0.293150
vt 0.019753 0.228516
vt 0.033051 0.239339
vt 0.033683 0.225705
vt 0.428748 0.284934
vt 0.430126 0.264411
vt 0.428748 0.264413
vt 0.717003 0.686633
vt 0.719971 0.648895
vt 0.716953 0.635238
vt 0.717003 0.723604
vt 0.720022 0.686633
vt 0.717003 0.686633
vt 0.465715 0.344508
vt 0.478174 0.293110
vt 0.461532 0.293110
vt 0.499000 0.344508
vt 0.511459 0.293110
vt 0.494817 0.293110
vt 0.769103 0.728541
vt 0.767390 0.759809
vt 0.769052 0.773755
vt 0.769103 0.682368
vt 0.767441 0.723604
vt 0.769103 0.728541
vt 0.026044 0.244573
vt 0.030908 0.277015
vt 0.033051 0.239339
vt 0.968020 0.327858
vt 0.978263 0.324986
vt 0.963577 0.324795
vt 0.016738 0.214159
vt 0.015896 0.224672
vt 0.019753 0.228516
vt 0.030475 0.214960
vt 0.019753 0.228516
vt 0.033683 0.225705
vt 0.963577 0.324795
vt 0.974834 0.311659
vt 0.963577 0.310604
vt 0.381301 0.091080
vt 0.367547 0.091511
vt 0.418283 0.256228
vt 0.428748 0.264413
vt 0.428747 0.247963
vt 0.428749 0.301384
vt 0.428748 0.284934
vt 0.418284 0.293199
vt 0.446376 0.297415
vt 0.430127 0.284933
vt 0.430127 0.301382
vt 0.430126 0.247962
vt 0.430126 0.264411
vt 0.446375 0.251243
vt 0.428749 0.322675
vt 0.446171 0.345109
vt 0.430128 0.322673
vt 0.430125 0.228210
vt 0.421119 0.219388
vt 0.428747 0.228211
vt 0.419301 0.325302
vt 0.430125 0.228210
vt 0.022871 0.313582
vt 0.011414 0.340947
vt 0.019425 0.350281
vt 0.430128 0.322673
vt 0.446171 0.345109
vt 0.428747 0.247963
vt 0.430125 0.228210
vt 0.428747 0.228211
vt 0.767411 0.138726
vt 0.760912 0.129902
vt 0.740557 0.138726
vt 0.011440 0.182546
vt 0.024328 0.135266
vt 0.011440 0.135266
vt 0.951298 0.141844
vt 0.967970 0.141844
vt 0.971081 0.135346
vt 0.988219 0.913031
vt 0.975332 0.926886
vt 0.988219 0.926886
vt 0.681752 0.167108
vt 0.694640 0.119827
vt 0.681752 0.119827
vt 0.658925 0.119821
vt 0.652426 0.110996
vt 0.632071 0.119821
vt 0.681752 0.110994
vt 0.694640 0.119827
vt 0.694640 0.110994
vt 0.694640 0.175924
vt 0.681752 0.167108
vt 0.681752 0.175924
vt 0.011414 0.126403
vt 0.024328 0.135266
vt 0.024301 0.126403
vt 0.024301 0.191332
vt 0.011440 0.182546
vt 0.011414 0.191332
vt 0.515867 0.026977
vt 0.528755 0.013122
vt 0.515867 0.013122
vt 0.646035 0.038490
vt 0.658923 0.021818
vt 0.646035 0.021818
vt 0.181236 0.045715
vt 0.168349 0.059570
vt 0.181236 0.059570
vt 0.969781 0.038305
vt 0.982669 0.021633
vt 0.969781 0.021633
vt 0.743669 0.041347
vt 0.760340 0.041347
vt 0.763452 0.034848
vt 0.658923 0.067778
vt 0.646038 0.061317
vt 0.646035 0.067778
vt 0.181236 0.045715
vt 0.168349 0.039177
vt 0.168349 0.045715
vt 0.646035 0.081633
vt 0.658925 0.088169
vt 0.658923 0.081633
vt 0.168349 0.059570
vt 0.181236 0.066029
vt 0.181236 0.059570
vt 0.646035 0.081633
vt 0.658923 0.067778
vt 0.646035 0.067778
vt 0.952523 0.595627
vt 0.969195 0.595627
vt 0.972306 0.589128
vt 0.480151 0.040196
vt 0.493038 0.023524
vt 0.480151 0.023524
vt 0.976464 0.360484
vt 0.963577 0.374339
vt 0.976464 0.374339
vt 0.818347 0.036565
vt 0.831234 0.019893
vt 0.818347 0.019893
vt 0.955153 0.515743
vt 0.971825 0.515743
vt 0.974936 0.509244
vt 0.493038 0.069483
vt 0.480153 0.063023
vt 0.480151 0.069483
vt 0.976464 0.360484
vt 0.963577 0.353946
vt 0.963577 0.360484
vt 0.480151 0.083338
vt 0.493040 0.089874
vt 0.493038 0.083338
vt 0.963577 0.374339
vt 0.976464 0.380798
vt 0.976464 0.374339
vt 0.480151 0.083338
vt 0.493038 0.069483
vt 0.480151 0.069483
vt 0.276923 0.087672
vt 0.291831 0.044817
vt 0.276923 0.044826
vt 0.919409 0.081850
vt 0.933044 0.075893
vt 0.921832 0.075893
vt 0.919410 0.042894
vt 0.913905 0.056753
vt 0.921833 0.048824
vt 0.940972 0.067965
vt 0.946954 0.054304
vt 0.940972 0.056753
vt 0.946954 0.054304
vt 0.933045 0.048824
vt 0.940972 0.056753
vt 0.908001 0.054304
vt 0.913904 0.067965
vt 0.913905 0.056753
vt 0.935545 0.042894
vt 0.921833 0.048824
vt 0.933045 0.048824
vt 0.935544 0.081850
vt 0.940972 0.067965
vt 0.933044 0.075893
vt 0.371710 0.034472
vt 0.385312 0.040707
vt 0.373903 0.029297
vt 0.755465 0.107019
vt 0.770373 0.064230
vt 0.755465 0.064174
vt 0.515867 0.092651
vt 0.530800 0.049841
vt 0.515867 0.049805
vt 0.530800 0.092687
vt 0.545683 0.049804
vt 0.530800 0.049841
vt 0.740557 0.107075
vt 0.755465 0.064174
vt 0.740557 0.064230
vt 0.262015 0.087664
vt 0.276923 0.044826
vt 0.262015 0.044817
vt 0.910934 0.380798
vt 0.925842 0.337898
vt 0.910934 0.337953
vt 0.925842 0.337898
vt 0.940750 0.380798
vt 0.940750 0.337953
vt 0.371710 0.034472
vt 0.351451 0.042865
vt 0.359844 0.063126
vt 0.351451 0.042865
vt 0.357768 0.029297
vt 0.346359 0.040707
vt 0.359842 0.034472
vt 0.373903 0.029297
vt 0.357768 0.029297
vt 0.385312 0.040707
vt 0.380104 0.054734
vt 0.385313 0.056843
vt 0.373905 0.068253
vt 0.359844 0.063126
vt 0.357770 0.068253
vt 0.359844 0.063126
vt 0.346360 0.056843
vt 0.357770 0.068253
vt 0.351451 0.054734
vt 0.346359 0.040707
vt 0.346360 0.056843
vt 0.385313 0.056843
vt 0.371712 0.063126
vt 0.373905 0.068253
vt 0.222694 0.087671
vt 0.237602 0.044816
vt 0.222694 0.044824
vt 0.432115 0.080250
vt 0.445827 0.086206
vt 0.443327 0.080249
vt 0.429692 0.047251
vt 0.424187 0.061110
vt 0.432115 0.053181
vt 0.457236 0.074795
vt 0.451255 0.061108
vt 0.451255 0.072321
vt 0.457236 0.058659
vt 0.443327 0.053181
vt 0.451255 0.061108
vt 0.418283 0.058661
vt 0.424187 0.072322
vt 0.424187 0.061110
vt 0.445827 0.047250
vt 0.432115 0.053181
vt 0.443327 0.053181
vt 0.445827 0.086206
vt 0.451255 0.072321
vt 0.443327 0.080249
vt 0.603194 0.052432
vt 0.616796 0.058668
vt 0.605387 0.047257
vt 0.833255 0.102237
vt 0.848163 0.059448
vt 0.833255 0.059392
vt 0.681752 0.088130
vt 0.696685 0.045320
vt 0.681752 0.045284
vt 0.696685 0.088167
vt 0.711568 0.045284
vt 0.696685 0.045320
vt 0.818347 0.102293
vt 0.833255 0.059392
vt 0.818347 0.059448
vt 0.207786 0.087662
vt 0.222694 0.044824
vt 0.207786 0.044816
vt 0.910934 0.315071
vt 0.925842 0.272171
vt 0.910934 0.272226
vt 0.925842 0.315016
vt 0.940750 0.272226
vt 0.925842 0.272171
vt 0.603194 0.052432
vt 0.582934 0.060824
vt 0.591326 0.081086
vt 0.582934 0.060824
vt 0.589252 0.047256
vt 0.577843 0.058666
vt 0.591326 0.052432
vt 0.605387 0.047257
vt 0.589252 0.047256
vt 0.611586 0.060825
vt 0.616796 0.074804
vt 0.616796 0.058668
vt 0.605387 0.086213
vt 0.591326 0.081086
vt 0.589252 0.086212
vt 0.591326 0.081086
vt 0.577843 0.074802
vt 0.589252 0.086212
vt 0.582934 0.072693
vt 0.577843 0.058666
vt 0.577843 0.074802
vt 0.616796 0.074804
vt 0.603194 0.081086
vt 0.605387 0.086213
vt 0.908114 0.197770
vt 0.925360 0.228410
vt 0.925360 0.197770
vt 0.743425 0.988586
vt 0.726174 0.796584
vt 0.726179 0.988586
vt 0.908114 0.117885
vt 0.925360 0.148526
vt 0.925360 0.117885
vt 0.565399 0.595627
vt 0.596037 0.595627
vt 0.609244 0.582787
vt 0.515410 0.595626
vt 0.498163 0.403622
vt 0.498163 0.595626
vt 0.515983 0.128723
vt 0.533229 0.159363
vt 0.533229 0.128723
vt 0.908114 0.228410
vt 0.925246 0.241618
vt 0.925360 0.228410
vt 0.533229 0.128723
vt 0.515867 0.115514
vt 0.515983 0.128723
vt 0.533113 0.172572
vt 0.515983 0.159363
vt 0.515867 0.172572
vt 0.925360 0.197770
vt 0.908000 0.184561
vt 0.908114 0.197770
vt 0.220994 0.597146
vt 0.251632 0.597147
vt 0.264839 0.584307
vt 0.757808 0.595627
vt 0.740557 0.403625
vt 0.740562 0.595627
vt 0.024621 0.590793
vt 0.055259 0.590793
vt 0.068466 0.577953
vt 0.367547 0.405143
vt 0.384793 0.597147
vt 0.384793 0.405143
vt 0.897120 0.729907
vt 0.914366 0.760547
vt 0.914366 0.729907
vt 0.908114 0.148526
vt 0.925246 0.161734
vt 0.925360 0.148526
vt 0.914366 0.729907
vt 0.897004 0.716698
vt 0.897120 0.729907
vt 0.914250 0.773755
vt 0.897120 0.760547
vt 0.897004 0.773755
vt 0.925360 0.117885
vt 0.908000 0.104677
vt 0.908114 0.117885
vt 0.300874 0.597146
vt 0.331512 0.597147
vt 0.344720 0.584307
vt 0.909339 0.551779
vt 0.926585 0.582419
vt 0.926585 0.551779
vt 0.783503 0.988586
vt 0.766252 0.796584
vt 0.766257 0.988586
vt 0.104501 0.590793
vt 0.135139 0.590793
vt 0.148346 0.577953
vt 0.686100 0.796583
vt 0.703347 0.988586
vt 0.703347 0.796583
vt 0.897120 0.650022
vt 0.914366 0.680663
vt 0.914366 0.650022
vt 0.909339 0.582419
vt 0.926471 0.595627
vt 0.926585 0.582419
vt 0.914366 0.650022
vt 0.897004 0.636814
vt 0.897120 0.650022
vt 0.914250 0.693871
vt 0.897120 0.680663
vt 0.897004 0.693871
vt 0.926585 0.551779
vt 0.909225 0.538570
vt 0.909339 0.551779
vt 0.431490 0.595626
vt 0.462128 0.595626
vt 0.475336 0.582786
vt 0.316245 0.114293
vt 0.316245 0.174110
vt 0.332405 0.161948
vt 0.829925 0.483503
vt 0.819530 0.591195
vt 0.829925 0.591256
vt 0.806330 0.988586
vt 0.866152 0.872092
vt 0.806330 0.872092
vt 0.056510 0.196742
vt 0.095627 0.088992
vt 0.056510 0.088992
vt 0.828527 0.237247
vt 0.828527 0.129492
vt 0.818347 0.125120
vt 0.840105 0.595627
vt 0.840105 0.479131
vt 0.829925 0.483503
vt 0.838879 0.129477
vt 0.828527 0.237247
vt 0.838879 0.237232
vt 0.332405 0.126456
vt 0.326425 0.114238
vt 0.320242 0.114293
vt 0.476880 0.124864
vt 0.482864 0.112755
vt 0.472512 0.123106
vt 0.332405 0.161948
vt 0.326425 0.174055
vt 0.336777 0.163703
vt 0.476880 0.160357
vt 0.482864 0.172572
vt 0.489043 0.172519
vt 0.472512 0.162220
vt 0.476880 0.124864
vt 0.472512 0.123106
vt 0.093816 0.201154
vt 0.056510 0.196742
vt 0.058321 0.201154
vt 0.493040 0.172519
vt 0.493040 0.112702
vt 0.476880 0.124864
vt 0.119843 0.201154
vt 0.136817 0.186478
vt 0.119964 0.186478
vt 0.907228 0.876289
vt 0.890490 0.890957
vt 0.907344 0.890957
vt 0.888979 0.811284
vt 0.908968 0.841502
vt 0.908968 0.811284
vt 0.136697 0.088856
vt 0.119964 0.103532
vt 0.136817 0.103532
vt 0.909225 0.473565
vt 0.929214 0.503783
vt 0.929214 0.473565
vt 0.056510 0.310334
vt 0.082524 0.350281
vt 0.112743 0.350281
vt 0.888979 0.955629
vt 0.908967 0.909224
vt 0.888979 0.909224
vt 0.118454 0.168208
vt 0.138442 0.121803
vt 0.118454 0.121803
vt 0.869608 0.752085
vt 0.855827 0.758018
vt 0.860052 0.766760
vt 0.112743 0.350281
vt 0.134200 0.328604
vt 0.138757 0.310334
vt 0.907344 0.890957
vt 0.888979 0.909224
vt 0.908967 0.909224
vt 0.845792 0.763923
vt 0.817945 0.773755
vt 0.848164 0.773755
vt 0.927647 0.461731
vt 0.909225 0.473565
vt 0.929214 0.473565
vt 0.845790 0.657311
vt 0.860049 0.654464
vt 0.848161 0.647456
vt 0.136817 0.103532
vt 0.118454 0.121803
vt 0.138442 0.121803
vt 0.061072 0.328604
vt 0.082524 0.350281
vt 0.056510 0.310334
vt 0.909225 0.503783
vt 0.927647 0.515743
vt 0.929214 0.503783
vt 0.874177 0.733808
vt 0.863894 0.745630
vt 0.869608 0.752085
vt 0.890490 0.973903
vt 0.908967 0.955629
vt 0.888979 0.955629
vt 0.134200 0.245658
vt 0.112743 0.223981
vt 0.138757 0.263928
vt 0.908968 0.811284
vt 0.890546 0.799449
vt 0.888979 0.811284
vt 0.082524 0.223981
vt 0.061072 0.245658
vt 0.056510 0.263928
vt 0.118454 0.168208
vt 0.136817 0.186478
vt 0.138442 0.168208
vt 0.867749 0.691031
vt 0.874177 0.733808
vt 0.874175 0.687403
vt 0.890546 0.853462
vt 0.908968 0.841502
vt 0.888979 0.841502
vt 0.890375 0.988586
vt 0.907344 0.973903
vt 0.890490 0.973903
vt 0.867749 0.691031
vt 0.845790 0.657311
vt 0.820282 0.657311
vt 0.802166 0.745630
vt 0.820284 0.763923
vt 0.798325 0.730203
vt 0.845792 0.763923
vt 0.863894 0.745630
vt 0.867750 0.730203
vt 0.820282 0.657311
vt 0.802164 0.675614
vt 0.798324 0.691031
vt 0.863892 0.675614
vt 0.845790 0.657311
vt 0.867749 0.691031
vt 0.820284 0.763923
vt 0.806038 0.766760
vt 0.817945 0.773755
vt 0.855825 0.663226
vt 0.869606 0.669139
vt 0.860049 0.654464
vt 0.810233 0.758018
vt 0.796481 0.752085
vt 0.806038 0.766760
vt 0.806036 0.654464
vt 0.820282 0.657311
vt 0.817942 0.647456
vt 0.798325 0.730203
vt 0.791930 0.687403
vt 0.791931 0.733808
vt 0.791930 0.687403
vt 0.802164 0.675614
vt 0.796479 0.669139
vt 0.863892 0.675614
vt 0.874175 0.687403
vt 0.869606 0.669139
vt 0.860052 0.766760
vt 0.845792 0.763923
vt 0.848164 0.773755
vt 0.796479 0.669139
vt 0.810231 0.663226
vt 0.806036 0.654464
vt 0.802166 0.745630
vt 0.791931 0.733808
vt 0.796481 0.752085
vt 0.820282 0.657311
vt 0.848161 0.647456
vt 0.817942 0.647456
vt 0.207786 0.723677
vt 0.636182 0.981577
vt 0.373378 0.988586
vt 0.033731 0.614128
vt 0.707390 0.221507
vt 0.639170 0.221507
vt 0.697756 0.211872
vt 0.683007 0.205762
vt 0.663554 0.205762
vt 0.648804 0.211872
vt 0.639170 0.359214
vt 0.648804 0.368848
vt 0.663554 0.374958
vt 0.970094 0.978228
vt 0.137594 0.066028
vt 0.137594 0.038960
vt 0.145521 0.058100
vt 0.145521 0.046888
vt 0.126382 0.038960
vt 0.171173 0.268104
vt 0.321230 0.081052
vt 0.011420 0.031516
vt 0.885173 0.082970
vt 0.786285 0.030988
vt 0.971658 0.438904
vt 0.885125 0.063566
vt 0.316270 0.037490
vt 0.971696 0.428545
vt 0.011485 0.084139
vt 0.919409 0.081850
vt 0.969781 0.061132
vt 0.011414 0.103576
vt 0.968563 0.277418
vt 0.969807 0.071473
vt 0.942282 0.969150
vt 0.968524 0.287777
vt 0.942271 0.949713
vt 0.970056 0.988586
vt 0.011414 0.021157
vt 0.171246 0.248667
vt 0.821206 0.849265
vt 0.857118 0.834387
vt 0.842243 0.798474
vt 0.821206 0.798475
vt 0.806330 0.813352
vt 0.429692 0.086207
vt 0.321191 0.091411
vt 0.316245 0.027149
vt 0.786279 0.020629
vt 0.956332 0.656025
vt 0.964260 0.648097
vt 0.964260 0.636884
vt 0.945120 0.628957
vt 0.937193 0.636886
vt 0.620093 0.716538
vt 0.620093 0.716538
vt 0.484946 0.981513
vt 0.381370 0.723697
vt 0.484946 0.981513
vt 0.210223 0.174110
vt 0.618854 0.981514
vt 0.618854 0.981514
vt 0.168348 0.981716
vt 0.168348 0.981716
vt 0.639170 0.359214
vt 0.697756 0.211872
vt 0.644745 0.374792
vt 0.684313 0.381969
vt 0.662071 0.198751
vt 0.714312 0.218602
vt 0.484946 0.981513
vt 0.632071 0.218603
vt 0.648804 0.368848
vt 0.598005 0.988586
vt 0.714312 0.362117
vt 0.564900 0.618638
vt 0.433984 0.172572
vt 0.580270 0.172559
vt 0.223487 0.174060
vt 0.420720 0.172564
vt 0.593556 0.172591
vt 0.264453 0.174110
vt 0.277716 0.174061
vt 0.874677 0.595627
vt 0.864293 0.595602
vt 0.819714 0.380798
vt 0.876374 0.380798
vt 0.873440 0.241580
vt 0.863073 0.241618
vt 0.866007 0.380792
vt 0.830080 0.380759
vt 0.748591 0.281897
vt 0.367547 0.382316
vt 0.741507 0.281923
vt 0.781585 0.496734
vt 0.375581 0.219174
vt 0.787494 0.281904
vt 0.780398 0.281887
vt 0.368497 0.283441
vt 0.788669 0.496738
vt 0.788669 0.595627
vt 0.748591 0.380769
vt 0.740557 0.380798
vt 0.780635 0.595623
vt 0.375581 0.382286
vt 0.787500 0.380798
vt 0.779452 0.380779
vt 0.937193 0.714875
vt 0.971444 0.174172
vt 0.942149 0.926847
vt 0.947566 0.773755
vt 0.937193 0.773730
vt 0.931794 0.926886
vt 0.947548 0.714881
vt 0.942151 0.853424
vt 0.931795 0.853462
vt 0.957641 0.187976
vt 0.971444 0.182258
vt 0.965726 0.168454
vt 0.957640 0.168454
vt 0.951923 0.174172
vt 0.956111 0.164672
vt 0.951923 0.174172
vt 0.965726 0.168454
vt 0.965727 0.187976
vt 0.951924 0.182258
vt 0.956113 0.191731
vt 0.975246 0.183806
vt 0.529364 0.936770
vt 0.512247 0.814103
vt 0.503455 0.771909
vt 0.011414 0.711531
vt 0.712230 0.427775
vt 0.637706 0.427774
vt 0.701444 0.416988
vt 0.685444 0.410360
vt 0.664492 0.410359
vt 0.648492 0.416987
vt 0.637706 0.572640
vt 0.648492 0.583427
vt 0.664492 0.590055
vt 0.178146 0.772292
vt 0.184959 0.814893
vt 0.180978 0.937365
vt 0.207786 0.356635
vt 0.637364 0.771909
vt 0.646156 0.814105
vt 0.646156 0.936640
vt 0.444192 0.618521
vt 0.619317 0.771843
vt 0.622754 0.814032
vt 0.622754 0.936566
vt 0.578101 0.618521
vt 0.485408 0.771842
vt 0.488845 0.814029
vt 0.488845 0.936563
vt 0.552192 0.936769
vt 0.552192 0.814235
vt 0.578101 0.771909
vt 0.576115 0.716609
vt 0.486184 0.716535
vt 0.503455 0.771909
vt 0.512247 0.814103
vt 0.512247 0.936638
vt 0.435400 0.936638
vt 0.435400 0.814103
vt 0.462239 0.771842
vt 0.461463 0.716535
vt 0.569309 0.936640
vt 0.569309 0.814105
vt 0.596148 0.771843
vt 0.595372 0.716538
vt 0.376360 0.625549
vt 0.376360 0.778944
vt 0.384501 0.821244
vt 0.384501 0.943783
vt 0.486184 0.716535
vt 0.650565 0.772026
vt 0.663273 0.814235
vt 0.663273 0.936769
vt 0.418283 0.936770
vt 0.418283 0.814236
vt 0.444192 0.771909
vt 0.442206 0.716607
vt 0.632071 0.425472
vt 0.374054 0.619974
vt 0.663317 0.404796
vt 0.686484 0.595627
vt 0.648492 0.583427
vt 0.701444 0.416988
vt 0.648492 0.416987
vt 0.686484 0.404796
vt 0.701444 0.416988
vt 0.648492 0.583427
vt 0.685444 0.590055
vt 0.717730 0.574951
vt 0.184959 0.717252
vt 0.595501 0.219626
vt 0.546600 0.344548
vt 0.546596 0.206031
vt 0.465711 0.205992
vt 0.532255 0.350052
vt 0.515609 0.200409
vt 0.532252 0.200409
vt 0.179351 0.201154
vt 0.421119 0.219388
vt 0.595501 0.355116
vt 0.438149 0.206031
vt 0.446165 0.206031
vt 0.449040 0.200409
vt 0.449012 0.206031
vt 0.465715 0.344508
vt 0.515642 0.344508
vt 0.022871 0.313582
vt 0.226190 0.356635
vt 0.226190 0.221514
vt 0.769052 0.635238
vt 0.515639 0.205992
vt 0.482336 0.219950
vt 0.482354 0.205992
vt 0.716953 0.773755
vt 0.444831 0.251243
vt 0.595448 0.294338
vt 0.207786 0.196937
vt 0.367547 0.196347
vt 0.337664 0.332427
vt 0.309404 0.356635
vt 0.019425 0.350281
vt 0.337664 0.221513
vt 0.324285 0.207567
vt 0.309404 0.332427
vt 0.207786 0.332427
vt 0.532234 0.219971
vt 0.498979 0.219950
vt 0.465665 0.219971
vt 0.874648 0.040739
vt 0.179200 0.452275
vt 0.532237 0.330884
vt 0.686100 0.773755
vt 0.515639 0.205992
vt 0.742902 0.773755
vt 0.449022 0.219971
vt 0.174244 0.290931
vt 0.498981 0.330863
vt 0.449020 0.355095
vt 0.532255 0.350052
vt 0.430128 0.322673
vt 0.532252 0.200409
vt 0.449040 0.200409
vt 0.438152 0.344548
vt 0.550597 0.195418
vt 0.449016 0.344548
vt 0.449016 0.195399
vt 0.445898 0.195403
vt 0.449040 0.200409
vt 0.446171 0.345109
vt 0.438152 0.344548
vt 0.449043 0.350052
vt 0.449043 0.350052
vt 0.449016 0.344548
vt 0.546600 0.344548
vt 0.988586 0.890204
vt 0.795520 0.148663
vt 0.542417 0.297415
vt 0.542416 0.251243
vt 0.171173 0.379300
vt 0.171173 0.342329
vt 0.744510 0.686636
vt 0.744510 0.723607
vt 0.694125 0.686633
vt 0.694125 0.723604
vt 0.171173 0.540645
vt 0.171173 0.503673
vt 0.465668 0.344541
vt 0.498981 0.330863
vt 0.532237 0.330884
vt 0.207786 0.207567
vt 0.211968 0.294686
vt 0.309404 0.221514
vt 0.313585 0.294687
vt 0.595448 0.257366
vt 0.595448 0.257366
vt 0.026044 0.244573
vt 0.430127 0.284933
vt 0.720022 0.686633
vt 0.720022 0.723604
vt 0.482357 0.344508
vt 0.515642 0.344508
vt 0.767441 0.723604
vt 0.767441 0.686633
vt 0.025021 0.276674
vt 0.974654 0.331119
vt 0.011414 0.218887
vt 0.016738 0.214159
vt 0.978263 0.324986
vt 0.419301 0.325302
vt 0.446165 0.206031
vt 0.428749 0.322675
vt 0.446165 0.206031
vt 0.012562 0.321229
vt 0.430126 0.247962
vt 0.747056 0.129902
vt 0.740557 0.186005
vt 0.767411 0.186005
vt 0.747056 0.194830
vt 0.760912 0.194830
vt 0.024328 0.182546
vt 0.971081 0.121490
vt 0.948187 0.121490
vt 0.967970 0.114991
vt 0.951298 0.114991
vt 0.948187 0.135346
vt 0.975332 0.913031
vt 0.694640 0.167108
vt 0.638570 0.110996
vt 0.632071 0.167100
vt 0.658925 0.167100
vt 0.638570 0.175924
vt 0.652426 0.175924
vt 0.681752 0.119827
vt 0.694640 0.167108
vt 0.011440 0.135266
vt 0.024328 0.182546
vt 0.528755 0.026977
vt 0.658923 0.038490
vt 0.168349 0.045715
vt 0.982669 0.038305
vt 0.763452 0.020992
vt 0.740557 0.020992
vt 0.760340 0.014493
vt 0.743669 0.014493
vt 0.740557 0.034848
vt 0.658925 0.061317
vt 0.181236 0.039177
vt 0.646038 0.088169
vt 0.168349 0.066029
vt 0.658923 0.081633
vt 0.972306 0.575272
vt 0.949412 0.575272
vt 0.969195 0.568774
vt 0.952523 0.568774
vt 0.949412 0.589128
vt 0.493038 0.040195
vt 0.963577 0.360484
vt 0.831234 0.036565
vt 0.974936 0.495388
vt 0.952042 0.495388
vt 0.971825 0.488889
vt 0.955153 0.488889
vt 0.952042 0.509244
vt 0.493040 0.063023
vt 0.976464 0.353946
vt 0.480153 0.089875
vt 0.963577 0.380798
vt 0.493038 0.083338
vt 0.291831 0.087664
vt 0.935544 0.081850
vt 0.908001 0.054304
vt 0.946953 0.070440
vt 0.935545 0.042894
vt 0.908000 0.070440
vt 0.919410 0.042894
vt 0.946953 0.070440
vt 0.380103 0.042865
vt 0.770373 0.107075
vt 0.530800 0.092687
vt 0.545683 0.092651
vt 0.755465 0.107019
vt 0.276923 0.087672
vt 0.925842 0.380743
vt 0.925842 0.380743
vt 0.371712 0.063126
vt 0.380104 0.054734
vt 0.380103 0.042865
vt 0.359842 0.034472
vt 0.351451 0.054734
vt 0.359842 0.034472
vt 0.371710 0.034472
vt 0.380103 0.042865
vt 0.371712 0.063126
vt 0.351451 0.054734
vt 0.351451 0.042865
vt 0.380104 0.054734
vt 0.237602 0.087662
vt 0.429692 0.086207
vt 0.418283 0.058661
vt 0.457236 0.058659
vt 0.445827 0.047250
vt 0.418283 0.074797
vt 0.429692 0.047251
vt 0.457236 0.074795
vt 0.611586 0.060825
vt 0.848163 0.102293
vt 0.696685 0.088167
vt 0.711568 0.088130
vt 0.833255 0.102237
vt 0.222694 0.087671
vt 0.925842 0.315016
vt 0.940750 0.315071
vt 0.603194 0.081086
vt 0.611586 0.072694
vt 0.611586 0.060825
vt 0.591326 0.052432
vt 0.582934 0.072693
vt 0.591326 0.052432
vt 0.603194 0.052432
vt 0.611586 0.072694
vt 0.603194 0.081086
vt 0.582934 0.072693
vt 0.582934 0.060824
vt 0.611586 0.072694
vt 0.908114 0.228410
vt 0.743420 0.796584
vt 0.908114 0.148526
vt 0.609244 0.390783
vt 0.552192 0.390783
vt 0.596037 0.377943
vt 0.565399 0.377943
vt 0.552192 0.582787
vt 0.515410 0.403622
vt 0.515983 0.159363
vt 0.908000 0.241618
vt 0.533113 0.115514
vt 0.533229 0.159363
vt 0.925246 0.184561
vt 0.264839 0.392303
vt 0.207786 0.392302
vt 0.251632 0.379462
vt 0.220994 0.379462
vt 0.207786 0.584306
vt 0.757803 0.403625
vt 0.068466 0.385949
vt 0.011414 0.385949
vt 0.055259 0.373109
vt 0.024621 0.373109
vt 0.011414 0.577953
vt 0.367547 0.597147
vt 0.897120 0.760547
vt 0.908000 0.161734
vt 0.914250 0.716698
vt 0.914366 0.760547
vt 0.925246 0.104677
vt 0.344720 0.392303
vt 0.287667 0.392302
vt 0.331512 0.379462
vt 0.300874 0.379462
vt 0.287667 0.584306
vt 0.909339 0.582419
vt 0.783498 0.796584
vt 0.148346 0.385949
vt 0.091293 0.385949
vt 0.135139 0.373109
vt 0.104501 0.373109
vt 0.091293 0.577953
vt 0.686100 0.988586
vt 0.897120 0.680663
vt 0.909225 0.595627
vt 0.914250 0.636814
vt 0.914366 0.680663
vt 0.926471 0.538570
vt 0.475336 0.390782
vt 0.418283 0.390782
vt 0.462128 0.377942
vt 0.431490 0.377941
vt 0.418283 0.582785
vt 0.320242 0.174110
vt 0.332405 0.126456
vt 0.320242 0.114293
vt 0.819530 0.483442
vt 0.866152 0.988586
vt 0.095627 0.196742
vt 0.822344 0.125120
vt 0.818347 0.241618
vt 0.822344 0.241618
vt 0.836108 0.479131
vt 0.829925 0.591256
vt 0.836108 0.595627
vt 0.828527 0.129492
vt 0.336777 0.124590
vt 0.489043 0.112702
vt 0.320242 0.174110
vt 0.472512 0.162220
vt 0.476880 0.160357
vt 0.095627 0.196742
vt 0.489043 0.112702
vt 0.476880 0.160357
vt 0.489043 0.172519
vt 0.136697 0.201154
vt 0.890375 0.876289
vt 0.888979 0.841502
vt 0.119843 0.088856
vt 0.909225 0.503783
vt 0.138757 0.310334
vt 0.138757 0.263928
vt 0.112743 0.223981
vt 0.082524 0.223981
vt 0.056510 0.263928
vt 0.908967 0.955629
vt 0.138442 0.168208
vt 0.863894 0.745630
vt 0.124643 0.343280
vt 0.890490 0.890957
vt 0.820284 0.763923
vt 0.910792 0.461731
vt 0.855825 0.663226
vt 0.119964 0.103532
vt 0.070628 0.343280
vt 0.910792 0.515743
vt 0.867750 0.730203
vt 0.907344 0.973903
vt 0.124643 0.230982
vt 0.907401 0.799449
vt 0.070628 0.230982
vt 0.119964 0.186478
vt 0.867750 0.730203
vt 0.907401 0.853462
vt 0.907228 0.988586
vt 0.798324 0.691031
vt 0.798325 0.730203
vt 0.820284 0.763923
vt 0.845792 0.763923
vt 0.867750 0.730203
vt 0.810233 0.758018
vt 0.855827 0.758018
vt 0.810231 0.663226
vt 0.855825 0.663226
vt 0.810233 0.758018
vt 0.863892 0.675614
vt 0.802166 0.745630
vt 0.810231 0.663226
vt 0.798324 0.691031
vt 0.798324 0.691031
vt 0.867749 0.691031
vt 0.855827 0.758018
vt 0.802164 0.675614
vt 0.798325 0.730203
vt 0.845790 0.657311
vn -0.705970 -0.056687 0.705970
vn -0.705970 -0.056687 0.705970
vn -0.705970 -0.056687 0.705970
vn -0.618051 0.363422 0.697092
vn -0.648127 0.349754 0.676464
vn -0.603941 0.369508 0.706201
vn -0.951968 0.306196 -0.000000
vn -0.951968 0.306196 -0.000000
vn -0.951968 0.306197 -0.000000
vn 0.705969 -0.056687 -0.705970
vn 0.705970 -0.056687 -0.705970
vn 0.705969 -0.056687 -0.705970
vn 0.000000 1.000000 -0.000000
vn 0.000005 1.000000 -0.000000
vn 0.000000 1.000000 -0.000000
vn 0.382685 0.000000 0.923879
vn 0.382683 0.000000 0.923880
vn 0.382682 0.000000 0.923880
vn 0.000000 -1.000000 0.000000
vn 0.000000 -1.000000 0.000000
vn 0.000000 -1.000000 0.000000
vn 0.382684 -0.000000 -0.923879
vn 0.382684 -0.000000 -0.923879
vn 0.382684 -0.000000 -0.923879
vn -0.382685 -0.000000 -0.923879
vn -0.382683 -0.000000 -0.923880
vn -0.382682 -0.000000 -0.923880
vn -0.923880 0.000000 0.382684
vn -0.923879 0.000000 0.382684
vn -0.923879 0.000000 0.382684
vn 0.923880 -0.000000 -0.382684
vn 0.923879 -0.000000 -0.382684
vn 0.923880 -0.000000 -0.382683
vn -0.923880 0.000000 0.382683
vn -0.923880 0.000000 0.382682
vn -0.923880 0.000000 0.382681
vn -0.382685 0.000000 0.923879
vn -0.382683 0.000000 0.923880
vn -0.382682 0.000000 0.923880
vn 0.923880 0.000000 0.382683
vn 0.923880 0.000000 0.382683
vn 0.923880 0.000000 0.382683
vn 0.923879 -0.000000 -0.382684
vn 0.923879 -0.000000 -0.382684
vn 0.923879 -0.000000 -0.382684
vn 0.382685 0.000000 0.923879
vn 0.382683 0.000000 0.923880
vn 0.382682 0.000000 0.923880
vn 0.382684 0.000000 0.923879
vn 0.382684 0.000000 0.923879
vn 0.382684 0.000000 0.923879
vn -0.187951 -0.871082 -0.453752
vn -0.187950 -0.871082 -0.453752
vn -0.187951 -0.871081 -0.453753
vn 0.923879 0.000000 0.382684
vn 0.923880 0.000000 0.382684
vn 0.923880 0.000000 0.382684
vn -0.382684 0.000000 0.923879
vn -0.382684 0.000000 0.923879
vn -0.382684 0.000000 0.923879
vn -0.382685 -0.000000 -0.923879
vn -0.382683 -0.000000 -0.923880
vn -0.382682 -0.000000 -0.923880
vn 0.923879 -0.000000 -0.382684
vn 0.923879 -0.000000 -0.382684
vn 0.923879 -0.000000 -0.382684
vn -0.923880 0.000000 0.382683
vn -0.923880 0.000000 0.382683
vn -0.923880 0.000000 0.382683
vn -0.000001 1.000000 -0.000000
vn -0.000002 1.000000 -0.000000
vn -0.000002 1.000000 -0.000000
vn 0.382685 -0.000000 -0.923879
vn 0.382683 -0.000000 -0.923880
vn 0.382682 -0.000000 -0.923880
vn -0.923879 -0.000000 -0.382684
vn -0.923879 -0.000000 -0.382684
vn -0.923880 -0.000000 -0.382683
vn -0.382685 0.000000 0.923879
vn -0.382683 0.000000 0.923880
vn -0.382682 0.000000 0.923880
vn -0.923879 -0.000000 -0.382684
vn -0.923879 -0.000000 -0.382684
vn -0.923880 -0.000000 -0.382684
vn -0.382684 -0.000000 -0.923879
vn -0.382684 -0.000000 -0.923879
vn -0.382684 -0.000000 -0.923879
vn 0.000000 -1.000000 0.000000
vn 0.000000 -1.000000 0.000000
vn 0.000000 -1.000000 0.000000
vn -0.187952 -0.871082 -0.453752
vn -0.187951 -0.871082 -0.453752
vn -0.187953 -0.871082 -0.453752
vn 0.382685 -0.000000 -0.923879
vn 0.382683 -0.000000 -0.923880
vn 0.382682 -0.000000 -0.923880
vn 0.923880 0.000000 0.382683
vn 0.923880 0.000000 0.382682
vn 0.923881 0.000000 0.382681
vn -0.923879 -0.000000 -0.382684
vn -0.923879 -0.000000 -0.382684
vn -0.923880 -0.000000 -0.382684
vn 0.000000 -1.000000 0.000000
vn 0.000000 -1.000000 0.000000
vn -0.000000 -1.000000 0.000000
vn 0.000000 -0.065027 0.997884
vn 0.000000 -0.065027 0.997883
vn 0.000000 -0.065027 0.997884
vn -0.381921 -0.063106 0.922038
vn -0.381921 -0.063106 0.922038
vn -0.381921 -0.063106 0.922038
vn 0.327000 0.325224 -0.887299
vn 0.349277 0.316072 -0.882102
vn 0.315204 0.329958 -0.889817
vn -0.999572 -0.029240 0.000000
vn -0.999572 -0.029240 0.000000
vn -0.999572 -0.029240 0.000000
vn 0.000000 0.302020 -0.953301
vn 0.000000 0.302021 -0.953301
vn 0.000000 0.302021 -0.953301
vn -0.382204 0.050054 -0.922722
vn -0.382204 0.050054 -0.922721
vn -0.382204 0.050054 -0.922721
vn 0.000000 0.302021 0.953301
vn 0.000000 0.302021 0.953301
vn 0.000000 0.302021 0.953301
vn -0.326999 0.325224 0.887300
vn -0.349276 0.316072 0.882102
vn -0.315203 0.329959 0.889817
vn 0.951968 0.306197 -0.000000
vn 0.951968 0.306197 -0.000000
vn 0.951968 0.306197 -0.000000
vn 0.707104 0.707109 -0.000000
vn 0.707107 0.707107 -0.000000
vn 0.707107 0.707107 -0.000000
vn -0.707106 0.707108 -0.000000
vn -0.707105 0.707108 -0.000000
vn -0.707105 0.707108 -0.000000
vn 0.270599 0.707107 -0.653281
vn 0.270598 0.707108 -0.653281
vn 0.270599 0.707107 -0.653281
vn -0.270597 0.707108 0.653281
vn -0.270598 0.707108 0.653281
vn -0.270599 0.707108 0.653280
vn 0.270598 0.707108 0.653281
vn 0.270597 0.707108 0.653281
vn 0.270597 0.707108 0.653281
vn -0.270598 0.707108 -0.653281
vn -0.270598 0.707108 -0.653281
vn -0.270597 0.707108 -0.653281
vn 0.499999 0.707108 -0.499999
vn 0.499999 0.707108 -0.499999
vn 0.499999 0.707108 -0.499999
vn 0.000000 0.707108 -0.707105
vn 0.000000 0.707108 -0.707106
vn 0.000000 0.707108 -0.707106
vn -0.499999 0.707108 -0.499999
vn -0.499999 0.707108 -0.499999
vn -0.499999 0.707108 -0.499999
vn -0.499999 0.707108 0.499999
vn -0.499999 0.707108 0.499999
vn -0.499999 0.707108 0.499999
vn 0.000000 0.707108 0.707106
vn 0.000000 0.707107 0.707106
vn 0.000000 0.707107 0.707106
vn 0.500000 0.707107 0.499999
vn 0.500000 0.707108 0.499999
vn 0.500001 0.707107 0.499999
vn 0.705970 -0.056687 0.705970
vn 0.705969 -0.056687 0.705970
vn 0.705969 -0.056687 0.705970
vn 0.000001 1.000000 -0.000000
vn 0.000000 1.000000 -0.000000
vn 0.000000 1.000000 -0.000000
vn 0.000000 1.000000 -0.000000
vn -0.000000 1.000000 -0.000000
vn -0.000001 1.000000 -0.000000
vn -0.000002 1.000000 -0.000000
vn 0.000001 1.000000 -0.000000
vn 0.000000 1.000000 -0.000000
vn 0.000000 1.000000 -0.000000
vn 0.000000 1.000000 -0.000000
vn 0.000002 1.000000 -0.000000
vn 0.000002 1.000000 -0.000000
vn 0.000000 1.000000 -0.000000
vn -0.000008 1.000000 -0.000000
vn -0.000007 1.000000 -0.000000
vn -0.922721 0.050054 -0.382204
vn -0.922722 0.050054 -0.382203
vn -0.922721 0.050054 -0.382204
vn 0.922721 0.050054 -0.382204
vn 0.922722 0.050054 -0.382203
vn 0.922721 0.050054 -0.382204
vn 0.382204 0.050054 -0.922721
vn 0.382204 0.050054 -0.922722
vn 0.382204 0.050054 -0.922721
vn -0.922721 0.050054 0.382204
vn -0.922721 0.050054 0.382204
vn -0.922722 0.050054 0.382204
vn 0.922721 0.050054 0.382204
vn 0.922722 0.050054 0.382204
vn 0.922721 0.050054 0.382204
vn 0.382204 0.050054 0.922721
vn 0.382204 0.050054 0.922721
vn 0.382204 0.050054 0.922721
vn -0.382204 0.050054 0.922721
vn -0.382204 0.050054 0.922721
vn -0.382204 0.050054 0.922721
vn 0.923771 0.015352 0.382639
vn 0.923771 0.015352 0.382638
vn 0.923771 0.015352 0.382639
vn 0.000000 1.000000 -0.000000
vn 0.000000 1.000000 -0.000000
vn 0.000000 1.000000 -0.000000
vn 0.000000 1.000000 -0.000000
vn 0.000000 1.000000 -0.000000
vn 0.000000 1.000000 -0.000000
vn 0.000000 1.000000 -0.000000
vn 0.000001 1.000000 -0.000000
vn 0.000007 1.000000 -0.000000
vn 0.000000 1.000000 -0.000000
vn 0.000006 1.000000 -0.000000
vn 0.000000 1.000000 -0.000000
vn -0.000001 1.000000 -0.000000
vn 0.000000 1.000000 -0.000000
vn -0.000008 1.000000 -0.000000
vn -0.000006 1.000000 -0.000000
vn 0.923771 0.015352 -0.382638
vn 0.923771 0.015352 -0.382638
vn 0.923771 0.015352 -0.382638
vn -0.382638 0.015352 -0.923771
vn -0.382639 0.015352 -0.923771
vn -0.382638 0.015352 -0.923771
vn -0.923771 0.015352 -0.382639
vn -0.923771 0.015352 -0.382638
vn -0.923771 0.015352 -0.382639
vn -0.382638 0.015353 0.923771
vn -0.382639 0.015352 0.923771
vn -0.382638 0.015353 0.923771
vn 0.382639 0.015353 0.923771
vn 0.382639 0.015352 0.923771
vn 0.382638 0.015353 0.923771
vn -0.923771 0.015352 0.382638
vn -0.923771 0.015352 0.382638
vn -0.923771 0.015352 0.382638
vn 0.382638 0.015352 -0.923771
vn 0.382639 0.015352 -0.923771
vn 0.382638 0.015352 -0.923771
vn -0.382618 0.018475 0.923722
vn -0.382618 0.018474 0.923722
vn -0.382618 0.018475 0.923722
vn 0.000001 1.000000 -0.000000
vn -0.000001 1.000000 -0.000000
vn 0.000000 1.000000 -0.000000
vn 0.000000 1.000000 -0.000000
vn 0.000006 1.000000 -0.000000
vn -0.000001 1.000000 -0.000000
vn 0.000001 1.000000 -0.000000
vn 0.000008 1.000000 -0.000000
vn 0.000000 1.000000 -0.000000
vn -0.000001 1.000000 -0.000000
vn 0.000000 1.000000 -0.000000
vn -0.000001 1.000000 -0.000000
vn 0.000000 1.000000 -0.000000
vn -0.382653 -0.012548 -0.923807
vn -0.382653 -0.012548 -0.923807
vn -0.382653 -0.012548 -0.923807
vn 0.382618 0.018474 0.923722
vn 0.382618 0.018474 0.923722
vn 0.382618 0.018474 0.923722
vn -0.923722 0.018475 0.382618
vn -0.923722 0.018475 0.382618
vn -0.923722 0.018475 0.382618
vn 0.382618 0.018474 -0.923722
vn 0.382617 0.018473 -0.923722
vn 0.382617 0.018473 -0.923722
vn 0.923722 0.018473 0.382618
vn 0.923722 0.018473 0.382618
vn 0.923722 0.018473 0.382618
vn 0.923722 0.018473 -0.382618
vn 0.923722 0.018473 -0.382618
vn 0.923722 0.018473 -0.382617
vn -0.382618 0.018474 -0.923722
vn -0.382617 0.018474 -0.923722
vn -0.382618 0.018474 -0.923722
vn -0.923722 0.018475 -0.382618
vn -0.923722 0.018475 -0.382618
vn -0.923722 0.018475 -0.382618
vn 0.000005 -1.000000 0.000000
vn 0.000000 -1.000000 0.000000
vn 0.000006 -1.000000 0.000000
vn -0.923807 -0.012548 -0.382653
vn -0.923807 -0.012548 -0.382653
vn -0.923807 -0.012548 -0.382653
vn -0.382653 -0.012548 0.923807
vn -0.382654 -0.012548 0.923807
vn -0.382653 -0.012548 0.923807
vn 0.382654 -0.012548 0.923807
vn 0.382654 -0.012548 0.923807
vn 0.382654 -0.012548 0.923807
vn -0.923807 -0.012548 0.382653
vn -0.923807 -0.012548 0.382653
vn -0.923807 -0.012548 0.382653
vn 0.382652 -0.012548 -0.923807
vn 0.382652 -0.012548 -0.923807
vn 0.382652 -0.012548 -0.923807
vn 0.923807 -0.012548 0.382653
vn 0.923807 -0.012548 0.382653
vn 0.923807 -0.012548 0.382653
vn 0.923807 -0.012548 -0.382653
vn 0.923807 -0.012548 -0.382653
vn 0.923807 -0.012548 -0.382653
vn -0.923880 0.000000 0.382684
vn -0.923880 0.000000 0.382683
vn -0.923879 0.000000 0.382684
vn -0.000004 -1.000000 0.000000
vn 0.000000 -1.000000 0.000000
vn -0.000003 -1.000000 0.000000
vn 0.000000 -1.000000 0.000000
vn -0.000005 -1.000000 0.000000
vn 0.000000 -1.000000 0.000000
vn 0.000000 -1.000000 0.000000
vn -0.000006 -1.000000 0.000000
vn 0.000000 -1.000000 0.000000
vn 0.000003 -1.000000 0.000000
vn 0.000004 -1.000000 0.000000
vn 0.000000 -1.000000 0.000000
vn 0.000000 -1.000000 0.000000
vn -0.546633 0.806179 -0.226423
vn -0.546635 0.806178 -0.226423
vn -0.546636 0.806177 -0.226423
vn 0.382683 -0.000000 -0.923880
vn 0.382683 -0.000000 -0.923880
vn 0.382682 -0.000000 -0.923880
vn 0.923880 0.000000 0.382684
vn 0.923880 0.000000 0.382683
vn 0.923879 0.000000 0.382684
vn 0.923880 -0.000000 -0.382683
vn 0.923880 -0.000000 -0.382683
vn 0.923880 -0.000000 -0.382683
vn -0.382683 -0.000000 -0.923880
vn -0.382683 -0.000000 -0.923880
vn -0.382682 -0.000000 -0.923880
vn -0.923880 -0.000000 -0.382683
vn -0.923880 -0.000000 -0.382683
vn -0.923880 -0.000000 -0.382683
vn -0.382683 0.000000 0.923880
vn -0.382684 0.000000 0.923879
vn -0.382683 0.000000 0.923880
vn 0.382683 0.000000 0.923880
vn 0.382684 0.000000 0.923879
vn 0.382683 0.000000 0.923880
vn 0.000000 1.000000 -0.000000
vn 0.000000 1.000000 -0.000000
vn 0.000000 1.000000 -0.000000
vn -0.226426 0.806177 0.546634
vn -0.226423 0.806178 0.546634
vn -0.226430 0.806177 0.546634
vn 0.226426 0.806179 0.546633
vn 0.226423 0.806179 0.546634
vn 0.226421 0.806179 0.546634
vn -0.546634 0.806179 0.226423
vn -0.546636 0.806177 0.226423
vn -0.546637 0.806177 0.226423
vn 0.226424 0.806178 -0.546634
vn 0.226417 0.806180 -0.546635
vn 0.226413 0.806180 -0.546635
vn 0.546639 0.806175 0.226422
vn 0.546631 0.806180 0.226424
vn 0.546626 0.806184 0.226425
vn 0.546633 0.806179 -0.226423
vn 0.546635 0.806178 -0.226423
vn 0.546631 0.806181 -0.226424
vn -0.226423 0.806179 -0.546634
vn -0.226417 0.806180 -0.546634
vn -0.226429 0.806177 -0.546634
vn 0.648127 0.349754 -0.676464
vn 0.618051 0.363422 -0.697092
vn 0.664496 0.341890 -0.664497
vn 0.649938 -0.000000 -0.759987
vn 0.649938 -0.000000 -0.759987
vn 0.649938 -0.000000 -0.759987
vn 0.649938 -0.000000 -0.759987
vn 0.649938 -0.000000 -0.759987
vn 0.658462 -0.302603 -0.689100
vn 0.630706 -0.316077 -0.708735
vn 0.615028 -0.323331 -0.719165
vn 0.703537 0.100348 -0.703538
vn 0.703537 0.100348 -0.703538
vn 0.703537 0.100348 -0.703538
vn -0.000000 -1.000000 0.000000
vn -0.000004 -1.000000 0.000000
vn -0.000000 -1.000000 0.000000
vn 0.998653 0.051893 -0.000000
vn 0.998653 0.051893 -0.000000
vn 0.998653 0.051893 -0.000000
vn 0.957678 -0.287840 0.000000
vn 0.957678 -0.287840 0.000000
vn 0.957678 -0.287840 0.000000
vn 1.000000 0.000000 0.000000
vn 1.000000 0.000000 0.000000
vn 1.000000 0.000000 0.000000
vn 1.000000 0.000000 0.000000
vn 1.000000 0.000000 0.000000
vn -0.969131 -0.246548 0.000000
vn -0.969131 -0.246548 0.000000
vn -0.969131 -0.246548 0.000000
vn -0.380292 0.111620 0.918106
vn -0.380292 0.111620 0.918106
vn -0.380292 0.111620 0.918106
vn -0.334513 -0.266438 0.903942
vn -0.354823 -0.257264 0.898841
vn -0.370530 -0.250018 0.894538
vn -0.333903 0.000000 0.942607
vn -0.333903 0.000000 0.942607
vn -0.333903 0.000000 0.942607
vn -0.333904 0.000000 0.942607
vn -0.333903 0.000000 0.942607
vn -0.381921 -0.063106 -0.922038
vn -0.381921 -0.063106 -0.922038
vn -0.381921 -0.063106 -0.922038
vn 0.000000 0.114987 0.993367
vn 0.000000 0.114987 0.993367
vn 0.000000 0.114987 0.993367
vn 0.000000 -0.238716 0.971089
vn 0.000000 -0.238716 0.971089
vn 0.000000 -0.238716 0.971089
vn 0.000000 0.000000 1.000000
vn 0.000000 0.000000 1.000000
vn 0.000000 0.000000 1.000000
vn 0.000000 0.000000 1.000000
vn 0.000000 0.000000 1.000000
vn 0.381921 -0.063106 0.922038
vn 0.381921 -0.063106 0.922038
vn 0.381921 -0.063106 0.922038
vn 0.000000 0.114987 -0.993367
vn 0.000000 0.114987 -0.993367
vn 0.000000 0.114987 -0.993367
vn 0.000000 -0.238717 -0.971089
vn 0.000000 -0.238717 -0.971089
vn 0.000000 -0.238717 -0.971089
vn 0.000000 -0.000000 -1.000000
vn 0.000000 -0.000000 -1.000000
vn 0.000000 -0.000001 -1.000000
vn 0.000000 -0.000000 -1.000000
vn 0.000000 -0.000000 -1.000000
vn 0.618051 0.363422 0.697092
vn 0.648127 0.349754 0.676464
vn 0.664496 0.341890 0.664497
vn 0.649938 0.000000 0.759987
vn 0.649938 0.000000 0.759987
vn 0.649938 0.000000 0.759987
vn 0.649938 0.000000 0.759987
vn 0.649938 0.000000 0.759987
vn 0.630706 -0.316077 0.708735
vn 0.658462 -0.302603 0.689100
vn 0.615028 -0.323331 0.719165
vn 0.703537 0.100348 0.703538
vn 0.703537 0.100348 0.703538
vn 0.703537 0.100348 0.703538
vn 0.000000 -0.065027 -0.997884
vn 0.000000 -0.065027 -0.997883
vn 0.000000 -0.065027 -0.997883
vn 0.380292 0.111620 -0.918106
vn 0.380292 0.111619 -0.918106
vn 0.380292 0.111619 -0.918106
vn 0.334514 -0.266438 -0.903942
vn 0.354823 -0.257264 -0.898841
vn 0.370530 -0.250019 -0.894538
vn 0.333904 -0.000000 -0.942607
vn 0.333904 -0.000000 -0.942607
vn 0.333904 -0.000000 -0.942607
vn 0.333904 -0.000000 -0.942607
vn 0.333904 -0.000000 -0.942607
vn -0.327000 0.325224 -0.887299
vn -0.349277 0.316072 -0.882102
vn -0.363839 0.309936 -0.878385
vn -0.333904 -0.000000 -0.942607
vn -0.333904 -0.000000 -0.942607
vn -0.333904 -0.000000 -0.942607
vn -0.333904 -0.000000 -0.942607
vn -0.333904 -0.000000 -0.942607
vn -0.334514 -0.266438 -0.903942
vn -0.354823 -0.257264 -0.898841
vn -0.321287 -0.272296 -0.906989
vn -0.380292 0.111620 -0.918106
vn -0.380292 0.111619 -0.918106
vn -0.380292 0.111620 -0.918106
vn 0.326999 0.325225 0.887299
vn 0.349277 0.316072 0.882102
vn 0.363839 0.309937 0.878385
vn 0.333904 0.000000 0.942607
vn 0.333904 0.000000 0.942607
vn 0.333904 0.000000 0.942607
vn 0.333904 0.000000 0.942607
vn 0.333904 0.000000 0.942607
vn 0.334513 -0.266438 0.903942
vn 0.354823 -0.257264 0.898841
vn 0.321286 -0.272296 0.906990
vn 0.380292 0.111620 0.918106
vn 0.380292 0.111620 0.918106
vn 0.380292 0.111620 0.918106
vn -0.705970 -0.056687 -0.705970
vn -0.705969 -0.056687 -0.705970
vn -0.705969 -0.056687 -0.705970
vn -0.998653 0.051893 -0.000000
vn -0.998653 0.051893 -0.000000
vn -0.998653 0.051893 -0.000000
vn -0.957679 -0.287840 0.000000
vn -0.957678 -0.287840 0.000000
vn -0.957678 -0.287840 0.000000
vn -1.000000 0.000000 0.000000
vn -1.000000 0.000000 0.000000
vn -1.000000 0.000000 0.000000
vn -1.000000 0.000000 0.000000
vn -1.000000 0.000000 0.000000
vn 0.381921 -0.063106 -0.922038
vn 0.381921 -0.063106 -0.922038
vn 0.381921 -0.063106 -0.922038
vn -0.703537 0.100348 0.703538
vn -0.703537 0.100348 0.703538
vn -0.703537 0.100348 0.703538
vn -0.630706 -0.316077 0.708735
vn -0.658462 -0.302603 0.689100
vn -0.675925 -0.293684 0.675926
vn -0.649938 0.000000 0.759987
vn -0.649938 0.000000 0.759987
vn -0.649938 0.000000 0.759987
vn -0.649938 0.000000 0.759987
vn -0.649938 0.000000 0.759987
vn -0.618051 0.363422 -0.697092
vn -0.648127 0.349754 -0.676464
vn -0.664496 0.341890 -0.664497
vn -0.649938 -0.000000 -0.759987
vn -0.649938 -0.000000 -0.759987
vn -0.649938 -0.000000 -0.759987
vn -0.649938 -0.000000 -0.759987
vn -0.649938 -0.000000 -0.759987
vn -0.630706 -0.316077 -0.708735
vn -0.658462 -0.302603 -0.689100
vn -0.615028 -0.323331 -0.719165
vn -0.703537 0.100348 -0.703538
vn -0.703537 0.100348 -0.703538
vn -0.703537 0.100348 -0.703538
vn 0.707107 -0.707106 0.000000
vn 0.707106 -0.707108 0.000000
vn 0.707105 -0.707108 0.000000
vn -0.707105 -0.707108 0.000000
vn -0.707107 -0.707106 0.000000
vn -0.707107 -0.707106 0.000000
vn 0.270599 -0.707106 -0.653282
vn 0.270599 -0.707106 -0.653282
vn 0.270598 -0.707107 -0.653281
vn -0.270599 -0.707106 0.653282
vn -0.270598 -0.707107 0.653281
vn -0.270598 -0.707108 0.653281
vn 0.270599 -0.707106 0.653282
vn 0.270598 -0.707107 0.653281
vn 0.270600 -0.707106 0.653282
vn -0.270599 -0.707106 -0.653281
vn -0.270599 -0.707107 -0.653281
vn -0.270600 -0.707106 -0.653282
vn 0.499998 -0.707108 -0.500000
vn 0.500000 -0.707107 -0.499999
vn 0.499997 -0.707109 -0.500000
vn 0.000000 -0.707107 -0.707107
vn 0.000000 -0.707107 -0.707106
vn 0.000000 -0.707108 -0.707106
vn -0.500000 -0.707107 -0.499999
vn -0.499999 -0.707108 -0.500000
vn -0.499998 -0.707108 -0.500000
vn 0.499998 -0.707108 0.500000
vn 0.499998 -0.707108 0.500000
vn 0.499998 -0.707108 0.500000
vn 0.000000 -0.707107 0.707106
vn 0.000000 -0.707107 0.707106
vn 0.000000 -0.707107 0.707106
vn -0.499999 -0.707108 0.500000
vn -0.499998 -0.707108 0.500000
vn -0.499999 -0.707107 0.500000
vn 0.999572 -0.029240 0.000000
vn 0.999572 -0.029240 0.000000
vn 0.999572 -0.029240 0.000000
vn -0.000001 1.000000 -0.000000
vn -0.000001 1.000000 -0.000000
vn 0.000000 1.000000 -0.000000
vn 0.979339 0.072548 0.188765
vn 0.836024 0.196841 0.512170
vn 0.740445 0.241119 0.627377
vn 0.839946 0.197127 -0.505601
vn 0.979311 0.073508 -0.188538
vn 0.744607 0.242474 -0.621906
vn 0.911601 -0.124445 -0.391788
vn 0.836570 -0.370998 0.403127
vn 0.767511 -0.000000 -0.641036
vn 0.211862 0.962463 -0.169642
vn 0.758196 -0.237838 -0.607101
vn 0.758104 -0.238320 -0.607027
vn 0.833202 0.370546 -0.410452
vn 0.908630 0.123079 0.399053
vn 0.683525 0.395784 -0.613310
vn 0.749046 0.000000 0.662518
vn 0.749047 0.000000 0.662517
vn 0.749047 0.000000 0.662517
vn 0.749047 0.000000 0.662517
vn 0.749047 0.000000 0.662517
vn 0.749047 0.000000 0.662517
vn 0.911601 0.124445 -0.391788
vn 0.836570 0.370998 0.403127
vn 0.687195 0.397909 0.607809
vn 0.000000 0.000000 1.000000
vn 0.000000 0.000000 1.000000
vn 0.000000 0.000000 1.000000
vn 0.891735 -0.175567 -0.417116
vn 0.764965 -0.067584 -0.640517
vn 0.660044 -0.000000 -0.751227
vn 0.000000 -0.000002 1.000000
vn 0.000000 0.000000 1.000000
vn 0.000000 0.000000 1.000000
vn 0.000000 0.000000 1.000000
vn 0.000000 0.000000 1.000000
vn 0.000000 0.000000 1.000000
vn 0.000000 0.000000 1.000000
vn 0.000000 0.000000 1.000000
vn 0.000000 0.000000 1.000000
vn 0.000000 0.000000 1.000000
vn 0.000000 1.000000 -0.000000
vn 0.000000 1.000000 -0.000000
vn 0.000000 1.000000 -0.000000
vn 0.833201 -0.370547 -0.410452
vn 0.908630 -0.123079 0.399053
vn 0.762956 0.000000 0.646450
vn 0.744301 -0.000000 -0.667844
vn 0.744301 -0.000000 -0.667844
vn 0.744301 -0.000000 -0.667844
vn 0.744301 -0.000000 -0.667844
vn 0.744302 -0.000000 -0.667844
vn 0.744302 -0.000000 -0.667844
vn 0.744301 -0.000000 -0.667844
vn 0.291090 -0.956696 0.000000
vn 0.291090 -0.956696 0.000000
vn 0.291090 -0.956696 0.000000
vn -1.000000 0.000000 0.000000
vn -1.000000 0.000000 0.000000
vn -1.000000 -0.000000 -0.000000
vn -1.000000 -0.000000 -0.000000
vn -1.000000 0.000000 0.000000
vn -1.000000 0.000000 0.000000
vn -1.000000 0.000000 0.000000
vn -1.000000 -0.000000 -0.000000
vn -1.000000 0.000000 0.000000
vn -1.000000 0.000000 0.000000
vn -1.000000 0.000000 0.000000
vn -1.000000 0.000000 0.000000
vn -1.000000 0.000000 0.000000
vn -1.000000 0.000000 0.000000
vn -1.000000 0.000000 0.000000
vn -1.000000 0.000000 0.000000
vn -1.000000 0.000000 0.000000
vn -1.000000 0.000000 0.000000
vn -1.000000 0.000000 0.000000
vn -1.000000 0.000000 0.000000
vn -1.000000 0.000000 0.000000
vn -1.000000 0.000000 0.000000
vn 0.000000 -0.000004 1.000000
vn 0.000000 0.000001 1.000000
vn 0.201222 -0.976312 -0.079528
vn 0.004650 -0.996091 -0.088214
vn 0.203759 -0.975797 -0.079393
vn 1.000000 0.000000 0.000000
vn 1.000000 0.000000 0.000000
vn 1.000000 0.000000 0.000000
vn 0.977369 -0.000000 -0.211544
vn 0.977369 -0.000000 -0.211544
vn 0.977369 -0.000000 -0.211543
vn 1.000000 0.000000 0.000000
vn 1.000000 0.000000 0.000000
vn 1.000000 0.000000 0.000000
vn -0.020194 -0.993382 0.113068
vn -0.348894 -0.933845 0.078783
vn 0.000000 -0.993394 0.114753
vn -1.000000 0.000000 0.000000
vn 1.000000 0.000000 0.000000
vn 1.000000 0.000000 0.000000
vn 1.000000 0.000000 0.000000
vn 1.000000 0.000000 0.000000
vn 1.000000 0.000000 0.000000
vn -0.224164 0.972166 -0.068146
vn -0.051361 0.998558 -0.015614
vn -0.969131 -0.246547 0.000000
vn -0.969131 -0.246547 0.000000
vn -0.969131 -0.246548 0.000000
vn 0.000000 -0.000000 -1.000000
vn 0.000000 -0.000000 -1.000000
vn 0.000000 0.000000 -1.000000
vn -0.968677 0.237250 0.073330
vn -0.953972 0.299896 -0.000000
vn -0.970057 0.227881 0.084016
vn 0.261988 -0.959237 0.105959
vn 0.077895 -0.993876 0.078372
vn 0.289328 -0.950907 0.109845
vn -0.953972 0.299897 -0.000000
vn -0.953972 0.299897 -0.000000
vn -0.968931 0.236358 -0.072850
vn 0.000000 -0.000000 -1.000000
vn 0.000000 -0.000001 -1.000000
vn 0.000000 0.000002 -1.000000
vn 0.000000 -0.000000 -1.000000
vn 0.000000 -0.000000 -1.000000
vn 0.000000 -0.000000 -1.000000
vn 0.000000 -0.000000 -1.000000
vn 0.000000 -0.000000 -1.000000
vn 0.000000 -0.000000 -1.000000
vn 0.000000 -0.000000 -1.000000
vn -1.000000 -0.000000 -0.000000
vn -1.000000 -0.000000 -0.000000
vn -1.000000 -0.000000 -0.000000
vn -1.000000 -0.000000 -0.000000
vn -1.000000 -0.000000 -0.000000
vn -1.000000 -0.000000 -0.000000
vn -0.986406 0.163325 0.018097
vn -0.986406 0.163325 0.018097
vn -0.986406 0.163325 0.018097
vn -0.968769 -0.246456 -0.027309
vn -0.968769 -0.246456 -0.027309
vn -0.968769 -0.246456 -0.027309
vn 1.000000 0.000000 0.000000
vn 1.000000 0.000000 0.000000
vn 1.000000 0.000000 0.000000
vn 1.000000 -0.000000 -0.000000
vn 1.000000 -0.000000 -0.000000
vn 1.000000 -0.000000 -0.000000
vn 1.000000 0.000000 0.000000
vn 1.000000 0.000000 0.000000
vn 1.000000 0.000000 0.000000
vn 0.000000 -0.000000 -1.000000
vn 0.000000 0.000000 1.000000
vn 0.000000 -0.000000 -1.000000
vn 0.018300 0.994167 0.106292
vn 0.126724 0.988480 0.082752
vn 0.000000 0.993917 0.110132
vn 0.960155 0.228229 0.161290
vn 0.926723 0.289297 0.239773
vn 0.772380 0.447234 0.451011
vn -0.019929 -0.993688 0.110397
vn -0.132074 -0.987590 0.084988
vn 0.000000 -0.993394 0.114753
vn 0.959248 0.231523 -0.161989
vn 0.929418 0.287095 -0.231860
vn 0.992976 0.000000 0.118316
vn -0.020226 0.993296 -0.113813
vn -0.564855 0.822296 -0.069061
vn 0.000000 0.993394 -0.114752
vn 0.959248 -0.231523 -0.161989
vn 0.929418 -0.287095 -0.231860
vn 0.775620 -0.449110 -0.443525
vn 0.018525 0.993908 0.108649
vn 0.335605 0.938835 0.077186
vn 0.000000 0.993917 0.110132
vn 0.976435 0.000000 0.215810
vn 0.976435 0.000000 0.215810
vn 0.976435 0.000000 0.215810
vn 0.780595 -0.000000 -0.625037
vn 0.780595 -0.000000 -0.625038
vn 0.780595 -0.000000 -0.625038
vn 0.824773 0.219820 -0.520988
vn 0.776427 0.239303 -0.583006
vn 0.838843 0.213402 -0.500802
vn 0.780594 0.000000 0.625038
vn 0.780594 0.000000 0.625038
vn 0.780594 0.000000 0.625038
vn 0.974287 -0.225312 0.000000
vn 0.974286 -0.225315 -0.000000
vn 0.974286 -0.225315 -0.000000
vn 0.780595 -0.000000 -0.625038
vn 0.780595 -0.000000 -0.625037
vn 0.776426 0.239303 0.583007
vn 0.824773 0.219820 0.520988
vn 0.838842 0.213402 0.500802
vn 0.780594 0.000000 0.625038
vn 0.780594 0.000000 0.625038
vn 0.780594 0.000000 0.625038
vn 0.780595 -0.000000 -0.625037
vn 0.780595 -0.000000 -0.625038
vn 0.780595 -0.000000 -0.625038
vn 0.934564 -0.268293 0.233685
vn 0.841536 -0.132896 0.523598
vn 0.942548 -0.305340 0.135540
vn 0.780594 0.000000 0.625038
vn 0.780594 0.000000 0.625038
vn 0.780594 0.000000 0.625038
vn 0.780595 -0.000000 -0.625037
vn 0.780595 -0.000000 -0.625037
vn 0.780595 -0.000000 -0.625037
vn 0.707107 0.707106 -0.000000
vn 0.707107 0.707106 -0.000000
vn 0.707107 0.707107 -0.000000
vn 0.985990 0.166174 0.014508
vn -0.999929 0.006718 -0.009810
vn -0.999950 -0.000000 -0.009998
vn 0.780594 0.000000 0.625038
vn 0.780594 0.000000 0.625038
vn 0.885555 0.463009 -0.037615
vn 0.734631 0.678448 -0.005002
vn 0.897097 0.439957 -0.040694
vn 0.707108 0.707106 -0.000000
vn 0.707108 0.707106 -0.000000
vn 0.707108 0.707106 -0.000000
vn 0.749047 0.000000 0.662517
vn 0.059324 -0.699620 0.712048
vn 0.135430 -0.673057 0.727085
vn -0.017369 -0.721527 0.692169
vn -1.000000 0.000000 0.000000
vn -1.000000 0.000000 0.000000
vn -1.000000 0.000000 0.000000
vn 0.886084 0.462110 0.036203
vn 0.733588 0.679579 0.004611
vn 0.897840 0.440321 -0.000000
vn 0.897840 0.440322 -0.000000
vn 0.897840 0.440323 -0.000000
vn 0.020194 0.993382 -0.113068
vn 0.348894 0.933845 -0.078783
vn 0.358436 0.930325 -0.077581
vn 0.000000 1.000000 -0.000000
vn 0.000000 1.000000 -0.000000
vn 0.000000 1.000000 -0.000000
vn -0.018552 0.993835 0.109305
vn -0.547817 0.833808 0.068271
vn -0.554604 0.829373 0.067480
vn 0.000000 1.000000 -0.000000
vn 0.000000 1.000000 -0.000000
vn 0.000000 1.000000 -0.000000
vn 0.000000 -0.996706 -0.081094
vn 0.000000 -0.996706 -0.081094
vn 0.000000 -0.996706 -0.081094
vn 0.000000 -1.000000 0.000000
vn 0.000000 -1.000000 0.000000
vn 0.000000 -1.000000 0.000000
vn 0.019928 0.993688 -0.110397
vn 0.132071 0.987590 -0.084988
vn 0.143814 0.986182 -0.082239
vn 0.000000 1.000000 -0.000000
vn 0.000000 1.000000 -0.000000
vn 0.000000 1.000000 -0.000000
vn 1.000000 0.000000 0.000000
vn 1.000000 0.000000 0.000000
vn 1.000000 0.000000 0.000000
vn 1.000000 -0.000000 -0.000000
vn 1.000000 -0.000000 -0.000000
vn 1.000000 0.000000 0.000000
vn 1.000000 0.000000 0.000000
vn 1.000000 0.000000 0.000000
vn 1.000000 0.000000 0.000000
vn -0.965693 -0.258642 0.023286
vn -0.967648 -0.250901 0.026579
vn -0.968738 -0.246447 0.028469
vn -0.969131 -0.246547 -0.000000
vn -0.969131 -0.246547 -0.000000
vn -0.969131 -0.246547 -0.000000
vn -0.986392 0.163323 -0.018866
vn -0.986392 0.163323 -0.018866
vn -0.986392 0.163323 -0.018866
vn -0.986568 0.163352 -0.000000
vn -0.986568 0.163352 -0.000000
vn -0.986568 0.163352 -0.000000
vn -1.000000 -0.000000 -0.000000
vn -1.000000 0.000000 0.000000
vn -1.000000 -0.000000 -0.000000
vn -1.000000 -0.000000 -0.000000
vn -1.000000 -0.000000 -0.000000
vn -1.000000 0.000000 0.000000
vn -0.044474 0.998844 0.018260
vn -0.206626 0.974735 0.084834
vn -0.291089 0.956696 -0.000000
vn -0.291089 0.956696 -0.000000
vn -0.291089 0.956696 -0.000000
vn 1.000000 0.000000 0.000000
vn 1.000000 0.000000 0.000000
vn 1.000000 0.000000 0.000000
vn 0.220629 -0.720269 -0.657674
vn 0.277522 -0.742591 -0.609541
vn 0.181070 -0.702550 -0.688213
vn 0.974287 -0.225309 0.000000
vn 0.974286 -0.225313 0.000000
vn 0.974286 -0.225313 0.000000
vn -0.018524 -0.993908 -0.108649
vn -0.335600 -0.938837 -0.077186
vn -0.344456 -0.935710 -0.076132
vn 0.000000 -1.000000 0.000000
vn 0.000000 -1.000000 0.000000
vn 0.000000 -1.000000 0.000000
vn 1.000000 0.000000 0.000000
vn 1.000000 0.000000 0.000000
vn 1.000000 0.000000 0.000000
vn 1.000000 0.000000 0.000000
vn 1.000000 0.000000 0.000000
vn 1.000000 0.000000 0.000000
vn 0.329916 -0.937823 0.107903
vn 0.606783 -0.791452 0.073611
vn 0.611572 -0.787826 0.072872
vn 0.000000 -1.000000 0.000000
vn 0.000001 -1.000000 0.000000
vn 0.000001 -1.000000 0.000000
vn -0.078720 -0.991572 -0.102900
vn 0.239943 -0.970176 -0.034456
vn -0.111653 -0.987702 -0.109443
vn 0.372800 -0.744338 0.554059
vn 0.682715 -0.580375 0.443919
vn 0.270862 -0.773873 0.572499
vn 0.681932 -0.579326 -0.446486
vn 0.361575 -0.746051 -0.559170
vn 0.256440 -0.775180 -0.577352
vn 0.077671 -0.740300 -0.667774
vn 0.104731 -0.728379 -0.677123
vn 0.184441 -0.688871 -0.701027
vn 0.102436 -0.729419 0.676355
vn 0.075768 -0.741110 0.667094
vn 0.180065 -0.691213 0.699858
vn 0.000000 -0.000002 -1.000000
vn 0.000000 0.000004 -1.000000
vn 0.730769 -0.682624 0.000000
vn 0.730769 -0.682624 0.000000
vn 0.730769 -0.682624 0.000000
vn 0.730768 -0.682625 -0.000479
vn 0.730769 -0.682624 -0.000000
vn 0.730434 -0.682983 -0.000850
vn 0.993818 -0.111009 -0.001549
vn 0.993551 -0.113388 -0.000000
vn 0.994167 -0.107787 -0.003647
vn 0.993551 -0.113388 0.000000
vn 0.993551 -0.113388 0.000000
vn 0.993534 -0.113532 -0.000103
vn 0.830054 -0.483859 -0.277291
vn 0.759028 -0.554804 -0.340689
vn 0.972551 -0.224910 -0.059664
vn 0.820694 -0.399139 0.408839
vn 0.814965 -0.486547 0.314809
vn 0.784452 -0.181411 0.593065
vn 0.727683 -0.685913 -0.000995
vn 0.993487 -0.113944 -0.000398
vn 0.712990 -0.701053 0.013034
vn 0.695564 -0.718015 0.025399
vn 0.685799 -0.727080 0.032165
vn 0.992024 -0.125791 0.008088
vn 0.991530 -0.129454 0.010480
vn 0.974287 -0.225313 0.000000
vn 0.974286 -0.225313 0.000000
vn 0.974286 -0.225313 0.000000
vn 0.000000 0.000000 1.000000
vn 0.000000 0.000000 1.000000
vn 0.000000 0.000000 1.000000
vn 1.000000 0.000000 0.000000
vn 1.000000 0.000000 0.000000
vn 1.000000 0.000000 0.000000
vn 0.000000 0.000000 1.000000
vn 0.000000 0.000000 1.000000
vn 0.000000 0.000000 1.000000
vn 0.000000 1.000000 -0.000000
vn 0.000000 1.000000 -0.000000
vn 0.000000 1.000000 -0.000000
vn -1.000000 0.000000 0.000000
vn -1.000000 0.000000 0.000000
vn -1.000000 0.000000 0.000000
vn 0.000000 -0.000000 -1.000000
vn 0.000000 0.000000 -1.000000
vn 0.000000 0.000000 -1.000000
vn -0.805213 -0.592986 0.000000
vn -0.805213 -0.592986 0.000000
vn -0.805212 -0.592986 0.000000
vn -0.805214 0.592984 -0.000000
vn -0.805214 0.592985 -0.000000
vn -0.805213 0.592986 -0.000000
vn 0.805213 -0.592986 0.000000
vn 0.805213 -0.592986 0.000000
vn 0.805212 -0.592987 0.000000
vn 0.805214 0.592985 -0.000000
vn 0.805214 0.592985 -0.000000
vn 0.805213 0.592985 -0.000000
vn 0.000000 -1.000000 0.000000
vn 0.000000 -1.000000 0.000000
vn 0.000000 -1.000000 0.000000
vn 1.000000 0.000000 0.000000
vn 1.000000 0.000000 0.000000
vn 1.000000 0.000000 0.000000
vn 0.000000 1.000000 -0.000000
vn 0.000000 1.000000 -0.000000
vn 0.000000 1.000000 -0.000000
vn -1.000000 0.000000 0.000000
vn -1.000000 0.000000 0.000000
vn -1.000000 0.000000 0.000000
vn 0.000000 -0.000000 -1.000000
vn 0.000000 -0.000000 -1.000000
vn 0.000000 -0.000000 -1.000000
vn -0.431863 -0.901939 0.000000
vn -0.431863 -0.901939 0.000000
vn -0.431863 -0.901939 0.000000
vn -0.431865 0.901938 -0.000000
vn -0.431865 0.901938 -0.000000
vn -0.431865 0.901938 -0.000000
vn 0.431863 -0.901939 0.000000
vn 0.431863 -0.901939 0.000000
vn 0.431863 -0.901939 0.000000
vn 0.431865 0.901938 -0.000000
vn 0.431865 0.901938 -0.000000
vn 0.431865 0.901938 -0.000000
vn 0.000000 -1.000000 0.000000
vn 0.000000 -1.000000 0.000000
vn 0.000000 -1.000000 0.000000
vn 0.000000 0.000000 1.000000
vn 0.000000 0.000000 1.000000
vn 0.000000 0.000000 1.000000
vn 1.000000 0.000000 0.000000
vn 1.000000 0.000000 0.000000
vn 1.000000 0.000000 0.000000
vn 0.000000 1.000000 -0.000000
vn 0.000000 1.000000 -0.000000
vn 0.000000 1.000000 -0.000000
vn -1.000000 0.000000 0.000000
vn -1.000000 0.000000 0.000000
vn -1.000000 0.000000 0.000000
vn 0.000000 -0.000000 -1.000000
vn 0.000000 -0.000000 -1.000000
vn 0.000000 -0.000000 -1.000000
vn -0.431863 -0.901939 0.000000
vn -0.431863 -0.901939 0.000000
vn -0.431862 -0.901940 0.000000
vn -0.431865 0.901938 -0.000000
vn -0.431865 0.901938 -0.000000
vn -0.431865 0.901938 -0.000000
vn 0.431863 -0.901939 0.000000
vn 0.431862 -0.901940 0.000000
vn 0.431862 -0.901940 0.000000
vn 0.431865 0.901938 -0.000000
vn 0.431865 0.901938 -0.000000
vn 0.431865 0.901938 -0.000000
vn 0.000000 -1.000000 0.000000
vn 0.000000 -1.000000 0.000000
vn 0.000000 -1.000000 0.000000
vn -0.923880 0.000000 -0.382683
vn -0.923880 0.000000 -0.382683
vn -0.923880 0.000000 -0.382683
vn 0.187950 -0.871082 -0.453752
vn 0.187951 -0.871082 -0.453752
vn 0.187948 -0.871082 -0.453752
vn -0.453752 -0.871082 0.187951
vn -0.453752 -0.871082 0.187951
vn -0.453751 -0.871082 0.187951
vn 0.453753 -0.871082 0.187951
vn 0.453753 -0.871082 0.187950
vn 0.453753 -0.871081 0.187950
vn 0.187951 -0.871082 0.453753
vn 0.187951 -0.871082 0.453753
vn 0.187951 -0.871082 0.453753
vn -0.453754 -0.871081 -0.187950
vn -0.453752 -0.871082 -0.187950
vn -0.453755 -0.871080 -0.187950
vn -0.187951 -0.871082 0.453753
vn -0.187951 -0.871082 0.453753
vn -0.187951 -0.871082 0.453753
vn 0.453754 -0.871081 -0.187950
vn 0.453753 -0.871081 -0.187950
vn 0.453755 -0.871080 -0.187950
vn -0.647161 0.713669 0.268064
vn -0.647162 0.713669 0.268064
vn -0.647161 0.713670 0.268064
vn 0.382684 -0.000000 -0.923879
vn 0.382684 -0.000000 -0.923879
vn 0.382684 -0.000000 -0.923879
vn 0.923879 -0.000000 -0.382684
vn 0.923880 -0.000000 -0.382683
vn 0.923880 -0.000000 -0.382683
vn 0.923880 -0.000000 0.382683
vn 0.923880 -0.000000 0.382683
vn 0.923880 -0.000000 0.382683
vn -0.382684 0.000000 -0.923879
vn -0.382684 -0.000000 -0.923879
vn -0.382684 -0.000000 -0.923880
vn -0.923880 0.000000 0.382683
vn -0.923880 0.000000 0.382683
vn -0.923880 0.000000 0.382683
vn 0.382684 0.000000 0.923880
vn 0.382684 0.000000 0.923880
vn 0.382684 0.000000 0.923879
vn -0.382684 0.000000 0.923879
vn -0.382684 0.000000 0.923879
vn -0.382684 0.000000 0.923880
vn 0.000001 1.000000 -0.000000
vn -0.000001 1.000000 -0.000000
vn -0.000001 1.000000 -0.000000
vn 0.268064 0.713669 0.647162
vn 0.268064 0.713669 0.647162
vn 0.268063 0.713669 0.647162
vn -0.268064 0.713668 0.647162
vn -0.268064 0.713668 0.647162
vn -0.268064 0.713668 0.647162
vn -0.647163 0.713668 -0.268064
vn -0.647163 0.713668 -0.268064
vn -0.647163 0.713668 -0.268064
vn 0.268063 0.713669 -0.647163
vn 0.268063 0.713669 -0.647162
vn 0.268063 0.713669 -0.647162
vn 0.647164 0.713667 -0.268063
vn 0.647163 0.713668 -0.268063
vn 0.647164 0.713667 -0.268063
vn 0.647161 0.713670 0.268064
vn 0.647162 0.713669 0.268063
vn 0.647160 0.713670 0.268064
vn -0.268063 0.713668 -0.647163
vn -0.268063 0.713668 -0.647163
vn -0.268064 0.713668 -0.647163
vn -0.923880 0.000000 -0.382684
vn -0.923879 0.000000 -0.382684
vn -0.923879 0.000000 -0.382684
vn 0.187951 -0.871082 -0.453752
vn 0.187952 -0.871082 -0.453752
vn 0.187953 -0.871082 -0.453752
vn -0.453752 -0.871082 0.187951
vn -0.453752 -0.871082 0.187951
vn -0.453751 -0.871082 0.187951
vn 0.453752 -0.871082 0.187951
vn 0.453752 -0.871082 0.187951
vn 0.453751 -0.871082 0.187951
vn 0.187951 -0.871082 0.453753
vn 0.187951 -0.871082 0.453753
vn 0.187951 -0.871081 0.453753
vn -0.453754 -0.871081 -0.187950
vn -0.453754 -0.871081 -0.187950
vn -0.453755 -0.871080 -0.187950
vn -0.187950 -0.871082 0.453753
vn -0.187951 -0.871081 0.453753
vn -0.187948 -0.871082 0.453753
vn 0.453754 -0.871081 -0.187950
vn 0.453753 -0.871081 -0.187950
vn 0.453756 -0.871080 -0.187950
vn -0.647161 0.713669 0.268064
vn -0.647162 0.713669 0.268064
vn -0.647161 0.713670 0.268064
vn 0.382684 -0.000000 -0.923879
vn 0.382684 -0.000000 -0.923879
vn 0.382684 -0.000000 -0.923879
vn 0.923879 -0.000000 -0.382684
vn 0.923879 -0.000000 -0.382684
vn 0.923879 -0.000000 -0.382684
vn 0.923880 -0.000000 0.382683
vn 0.923880 -0.000000 0.382683
vn 0.923880 -0.000000 0.382683
vn -0.382684 -0.000000 -0.923879
vn -0.382684 0.000000 -0.923879
vn -0.382684 0.000000 -0.923879
vn -0.923880 0.000000 0.382683
vn -0.923880 0.000000 0.382683
vn -0.923880 0.000000 0.382683
vn 0.382684 0.000000 0.923880
vn 0.382683 0.000000 0.923880
vn 0.382683 0.000000 0.923880
vn -0.382684 0.000000 0.923880
vn -0.382683 0.000000 0.923880
vn -0.382683 0.000000 0.923880
vn 0.000000 1.000000 -0.000000
vn 0.000000 1.000000 -0.000000
vn 0.000000 1.000000 -0.000000
vn 0.268063 0.713669 0.647162
vn 0.268063 0.713669 0.647162
vn 0.268063 0.713669 0.647162
vn -0.268063 0.713668 0.647163
vn -0.268064 0.713669 0.647162
vn -0.268062 0.713668 0.647163
vn -0.647164 0.713667 -0.268063
vn -0.647163 0.713668 -0.268064
vn -0.647165 0.713666 -0.268063
vn 0.268064 0.713669 -0.647162
vn 0.268064 0.713669 -0.647162
vn 0.268064 0.713668 -0.647163
vn 0.647164 0.713667 -0.268063
vn 0.647163 0.713668 -0.268063
vn 0.647164 0.713667 -0.268063
vn 0.647161 0.713670 0.268064
vn 0.647161 0.713670 0.268064
vn 0.647160 0.713670 0.268064
vn -0.268064 0.713668 -0.647163
vn -0.268064 0.713669 -0.647162
vn -0.268063 0.713670 -0.647161
vn 0.000000 0.000000 1.000000
vn 0.000000 0.000000 1.000000
vn 0.000000 0.000000 1.000000
vn 1.000000 0.000000 0.000000
vn 1.000000 0.000000 0.000000
vn 1.000000 0.000000 0.000000
vn 0.000000 0.000000 1.000000
vn 0.000000 0.000000 1.000000
vn 0.000000 0.000000 1.000000
vn 0.000000 1.000000 -0.000000
vn 0.000000 1.000000 -0.000000
vn 0.000000 1.000000 -0.000000
vn -1.000000 0.000000 0.000000
vn -1.000000 0.000000 0.000000
vn -1.000000 0.000000 0.000000
vn 0.000000 -0.000000 -1.000000
vn 0.000000 -0.000000 -1.000000
vn 0.000000 -0.000000 -1.000000
vn -0.697041 0.000000 0.717032
vn -0.697041 0.000000 0.717032
vn -0.697041 0.000000 0.717031
vn -0.697041 -0.000000 -0.717032
vn -0.697041 -0.000000 -0.717032
vn -0.697041 -0.000000 -0.717031
vn 0.697041 -0.000000 -0.717032
vn 0.697041 -0.000000 -0.717032
vn 0.697041 -0.000000 -0.717032
vn 0.697041 0.000000 0.717032
vn 0.697041 0.000000 0.717032
vn 0.697041 0.000000 0.717031
vn 0.000000 -1.000000 0.000000
vn 0.000000 -1.000000 0.000000
vn 0.000000 -1.000000 0.000000
vn 1.000000 0.000000 0.000000
vn 1.000000 0.000000 0.000000
vn 1.000000 0.000000 0.000000
vn 0.000000 1.000000 -0.000000
vn 0.000000 1.000000 -0.000000
vn 0.000000 1.000000 -0.000000
vn -1.000000 0.000000 0.000000
vn -1.000000 0.000000 0.000000
vn -1.000000 0.000000 0.000000
vn 0.000000 -0.000000 -1.000000
vn 0.000000 -0.000000 -1.000000
vn 0.000000 -0.000000 -1.000000
vn -0.697041 0.000000 0.717031
vn -0.697041 0.000000 0.717031
vn -0.697041 0.000000 0.717031
vn -0.697041 -0.000000 -0.717031
vn -0.697041 -0.000000 -0.717031
vn -0.697041 -0.000000 -0.717031
vn 0.697041 -0.000000 -0.717031
vn 0.697041 -0.000000 -0.717031
vn 0.697041 -0.000000 -0.717032
vn 0.697041 0.000000 0.717031
vn 0.697041 0.000000 0.717031
vn 0.697041 0.000000 0.717031
vn 0.000000 -1.000000 0.000000
vn 0.000000 -1.000000 0.000000
vn 0.000000 -1.000000 0.000000
vn 0.000000 0.000000 1.000000
vn 0.000000 0.000000 1.000000
vn 0.000000 0.000000 1.000000
vn 1.000000 0.000000 0.000000
vn 1.000000 0.000000 0.000000
vn 1.000000 0.000000 0.000000
vn 0.000000 1.000000 -0.000000
vn 0.000000 1.000000 -0.000000
vn 0.000000 1.000000 -0.000000
vn -1.000000 0.000000 0.000000
vn -1.000000 0.000000 0.000000
vn -1.000000 0.000000 0.000000
vn 0.000000 -0.000000 -1.000000
vn 0.000000 -0.000000 -1.000000
vn 0.000000 -0.000000 -1.000000
vn -0.697041 0.000000 0.717032
vn -0.697041 0.000000 0.717032
vn -0.697041 0.000000 0.717031
vn -0.697041 -0.000000 -0.717032
vn -0.697041 -0.000000 -0.717032
vn -0.697041 -0.000000 -0.717032
vn 0.697041 -0.000000 -0.717032
vn 0.697041 -0.000000 -0.717032
vn 0.697040 -0.000000 -0.717032
vn 0.697041 0.000000 0.717032
vn 0.697041 0.000000 0.717032
vn 0.697041 0.000000 0.717032
vn 0.000000 -1.000000 0.000000
vn 0.000000 -1.000000 0.000000
vn 0.000000 -1.000000 0.000000
vn 0.000002 1.000000 -0.000000
vn 0.000000 1.000000 -0.000000
vn 0.000000 1.000000 -0.000000
vn 0.707107 -0.000000 -0.707107
vn 0.707107 -0.000000 -0.707107
vn 0.707107 -0.000000 -0.707107
vn 0.000000 0.000000 1.000000
vn 0.000000 0.000000 1.000000
vn 0.000000 0.000000 1.000000
vn 0.000000 -0.000000 -1.000000
vn 0.000000 -0.000000 -1.000000
vn 0.000000 -0.000000 -1.000000
vn -1.000000 -0.000000 -0.000000
vn -1.000000 0.000000 0.000000
vn -1.000000 0.000000 0.000000
vn 1.000000 0.000000 0.000000
vn 1.000000 -0.000000 -0.000000
vn 1.000000 -0.000000 -0.000000
vn -0.707107 -0.000000 -0.707107
vn -0.707107 -0.000000 -0.707107
vn -0.707107 -0.000000 -0.707107
vn -0.499999 0.707108 -0.499999
vn -0.500002 0.707106 -0.500000
vn -0.500003 0.707105 -0.500000
vn -0.499999 -0.707108 -0.499999
vn -0.500000 -0.707107 -0.500000
vn -0.499998 -0.707108 -0.499999
vn 0.499999 0.707108 -0.499999
vn 0.500002 0.707106 -0.500000
vn 0.499998 0.707108 -0.499999
vn 0.499999 -0.707108 -0.499999
vn 0.500000 -0.707107 -0.500000
vn 0.500001 -0.707106 -0.500000
vn 0.000000 -0.707106 -0.707107
vn 0.000000 -0.707108 -0.707105
vn 0.000000 -0.707109 -0.707105
vn 0.000000 0.707108 -0.707106
vn 0.000000 0.707106 -0.707107
vn 0.000000 0.707106 -0.707108
vn -0.000000 -1.000000 0.000000
vn 0.000000 -1.000000 0.000000
vn 0.000000 -1.000000 0.000000
vn 0.000000 0.837983 0.545696
vn 0.000000 0.837983 0.545696
vn 0.000000 0.837983 0.545696
vn 0.000000 -0.837983 -0.545696
vn 0.000000 -0.837983 -0.545696
vn 0.000000 -0.837983 -0.545696
vn 0.000000 0.000000 1.000000
vn 0.000000 0.000000 1.000000
vn 0.000000 0.000000 1.000000
vn -0.000000 0.837983 -0.545696
vn -0.000000 0.837983 -0.545696
vn -0.000000 0.837983 -0.545697
vn 0.000000 -0.000000 -1.000000
vn 0.000000 -0.000000 -1.000000
vn 0.000000 -0.000000 -1.000000
vn -1.000000 0.000000 0.000000
vn -1.000000 0.000000 0.000000
vn -1.000000 0.000000 0.000000
vn 0.000000 -1.000000 0.000000
vn 0.000000 -1.000000 0.000000
vn 0.000000 -1.000000 0.000000
vn 0.000000 1.000000 -0.000000
vn 0.000000 1.000000 -0.000000
vn 0.000000 1.000000 -0.000000
vn 0.957518 -0.241651 0.157364
vn 0.957518 -0.241651 0.157364
vn 0.957518 -0.241651 0.157364
vn -0.969028 -0.206940 -0.134760
vn -0.969028 -0.206940 -0.134759
vn -0.969028 -0.206940 -0.134759
vn 0.000000 -0.970245 -0.242127
vn 0.000000 -0.970245 -0.242127
vn 0.000000 -0.970245 -0.242127
vn 0.963246 0.000000 0.268622
vn 0.963246 0.000000 0.268622
vn 0.963246 0.000000 0.268622
vn 0.000000 -0.507177 -0.861842
vn 0.000000 -0.507177 -0.861842
vn 0.000000 -0.507176 -0.861842
vn 0.964561 -0.027390 -0.262435
vn 0.964561 -0.027390 -0.262435
vn 0.964561 -0.027390 -0.262435
vn -0.000000 0.970245 -0.242127
vn -0.000000 0.970245 -0.242127
vn 0.000000 0.970245 -0.242127
vn -0.969028 0.206940 -0.134759
vn -0.969028 0.206940 -0.134760
vn -0.969028 0.206940 -0.134759
vn 0.000000 0.507177 -0.861842
vn 0.000000 0.507177 -0.861842
vn 0.000000 0.507176 -0.861842
vn 0.922568 -0.385457 0.017059
vn 0.922568 -0.385457 0.017059
vn 0.922568 -0.385457 0.017059
vn 0.000000 -0.970245 0.242127
vn 0.000000 -0.970245 0.242127
vn 0.000000 -0.970245 0.242127
vn -0.969028 -0.206940 0.134759
vn -0.969028 -0.206940 0.134759
vn -0.969028 -0.206940 0.134759
vn 0.000000 -0.507177 0.861842
vn 0.000000 -0.507177 0.861842
vn 0.000000 -0.507177 0.861842
vn -0.969028 0.206940 0.134760
vn -0.969028 0.206940 0.134759
vn -0.969028 0.206940 0.134759
vn 0.000000 0.970245 0.242127
vn 0.000000 0.970245 0.242127
vn 0.000000 0.970245 0.242127
vn 0.919255 -0.393663 0.000000
vn 0.919255 -0.393663 0.000000
vn 0.919255 -0.393663 0.000000
vn 0.000000 0.507177 0.861842
vn 0.000000 0.507177 0.861842
vn 0.000000 0.507177 0.861842
vn 0.000000 -0.837983 0.545696
vn 0.000000 -0.837983 0.545696
vn 0.000000 -0.837983 0.545696
vn 1.000000 -0.000000 -0.000000
vn 1.000000 0.000000 0.000000
vn 1.000000 -0.000000 -0.000000
vn 0.969028 -0.206941 -0.134760
vn 0.969028 -0.206940 -0.134760
vn 0.969028 -0.206941 -0.134760
vn 0.969028 0.206940 -0.134761
vn 0.969028 0.206940 -0.134759
vn 0.969028 0.206940 -0.134759
vn 0.969028 -0.206940 0.134760
vn 0.969028 -0.206941 0.134759
vn 0.969028 -0.206941 0.134759
vn 0.969028 0.206941 0.134760
vn 0.969028 0.206941 0.134761
vn 0.969028 0.206941 0.134760
vn 0.964561 0.027389 0.262435
vn 0.964561 0.027389 0.262435
vn 0.964561 0.027389 0.262435
vn 0.957518 -0.241651 -0.157364
vn 0.957518 -0.241651 -0.157364
vn 0.957518 -0.241651 -0.157364
vn 0.957518 0.241652 0.157364
vn 0.957518 0.241652 0.157364
vn 0.957518 0.241652 0.157364
vn 0.964561 0.027389 -0.262435
vn 0.964561 0.027389 -0.262435
vn 0.964561 0.027389 -0.262435
vn 0.919255 0.393662 -0.000000
vn 0.919255 0.393663 -0.000000
vn 0.919255 0.393662 -0.000000
vn 0.922568 0.385457 -0.017060
vn 0.922568 0.385457 -0.017059
vn 0.922568 0.385457 -0.017059
vn 0.922568 -0.385457 -0.017059
vn 0.922568 -0.385457 -0.017059
vn 0.922568 -0.385457 -0.017059
vn 0.964561 -0.027389 0.262435
vn 0.964561 -0.027389 0.262435
vn 0.964561 -0.027389 0.262435
vn 0.957518 0.241651 -0.157364
vn 0.957518 0.241652 -0.157364
vn 0.957518 0.241652 -0.157364
vn 0.922568 0.385457 0.017059
vn 0.922568 0.385457 0.017059
vn 0.922568 0.385456 0.017059
vn 0.963246 -0.000000 -0.268622
vn 0.963246 -0.000000 -0.268622
vn 0.963246 -0.000000 -0.268622
vn -0.705970 -0.056687 0.705970
vn -0.664496 0.341890 0.664497
vn -0.951968 0.306196 -0.000000
vn 0.705970 -0.056687 -0.705970
vn 0.000000 1.000000 -0.000000
vn -0.000000 1.000000 -0.000000
vn 0.000002 1.000000 -0.000000
vn 0.000000 1.000000 -0.000000
vn -0.000000 1.000000 -0.000000
vn -0.000005 1.000000 -0.000000
vn -0.000000 1.000000 -0.000000
vn -0.000002 1.000000 -0.000000
vn -0.000000 1.000000 -0.000000
vn 0.382685 0.000000 0.923879
vn 0.000000 -1.000000 0.000000
vn 0.000000 -1.000000 0.000000
vn 0.000000 -1.000000 0.000000
vn 0.000000 -1.000000 0.000000
vn 0.000000 -1.000000 0.000000
vn 0.382684 -0.000000 -0.923880
vn -0.382685 -0.000000 -0.923879
vn -0.923880 0.000000 0.382684
vn 0.923879 -0.000000 -0.382685
vn -0.923880 0.000000 0.382684
vn -0.382685 0.000000 0.923879
vn 0.923880 0.000000 0.382683
vn 0.923880 -0.000000 -0.382684
vn 0.382685 0.000000 0.923879
vn 0.382684 0.000000 0.923880
vn -0.187950 -0.871082 -0.453752
vn 0.923879 0.000000 0.382684
vn -0.382684 0.000000 0.923880
vn -0.382685 -0.000000 -0.923879
vn 0.923880 -0.000000 -0.382684
vn -0.923880 0.000000 0.382683
vn 0.382685 -0.000000 -0.923879
vn -0.923879 -0.000000 -0.382685
vn -0.382685 0.000000 0.923879
vn -0.923879 -0.000000 -0.382684
vn -0.382684 -0.000000 -0.923880
vn 0.000000 -1.000000 0.000000
vn 0.000000 -1.000000 0.000000
vn 0.000000 -1.000000 0.000000
vn 0.000000 -1.000000 0.000000
vn 0.000000 -1.000000 0.000000
vn -0.187950 -0.871082 -0.453752
vn 0.382685 -0.000000 -0.923879
vn 0.923879 0.000000 0.382684
vn -0.923879 -0.000000 -0.382684
vn 0.000000 -1.000000 0.000000
vn -0.000000 -1.000000 0.000000
vn -0.000002 -1.000000 0.000000
vn 0.000000 -1.000000 0.000000
vn 0.000000 -1.000000 0.000000
vn 0.000000 -0.065027 0.997883
vn -0.381921 -0.063106 0.922038
vn 0.363839 0.309936 -0.878385
vn -0.999572 -0.029240 0.000000
vn 0.000000 0.302020 -0.953302
vn -0.382204 0.050054 -0.922722
vn 0.000000 0.302021 0.953301
vn -0.363839 0.309937 0.878385
vn 0.951968 0.306197 -0.000000
vn 0.707104 0.707109 -0.000000
vn -0.707106 0.707108 -0.000000
vn 0.270597 0.707108 -0.653281
vn -0.270596 0.707108 0.653281
vn 0.270599 0.707108 0.653280
vn -0.270599 0.707107 -0.653280
vn 0.499999 0.707108 -0.499999
vn 0.000000 0.707108 -0.707105
vn -0.499999 0.707108 -0.499999
vn -0.499998 0.707108 0.500000
vn 0.000000 0.707108 0.707106
vn 0.499999 0.707108 0.499999
vn 0.705970 -0.056687 0.705970
vn -0.922722 0.050054 -0.382203
vn 0.922722 0.050054 -0.382203
vn 0.382204 0.050054 -0.922722
vn -0.922721 0.050054 0.382204
vn 0.922722 0.050054 0.382204
vn 0.382204 0.050054 0.922721
vn -0.382204 0.050054 0.922721
vn 0.923771 0.015352 0.382638
vn 0.923771 0.015352 -0.382638
vn -0.382639 0.015352 -0.923771
vn -0.923771 0.015352 -0.382638
vn -0.382639 0.015352 0.923771
vn 0.382638 0.015352 0.923771
vn -0.923771 0.015352 0.382638
vn 0.382639 0.015352 -0.923771
vn -0.382618 0.018474 0.923722
vn -0.382652 -0.012548 -0.923807
vn 0.382618 0.018474 0.923722
vn -0.923722 0.018475 0.382618
vn 0.382618 0.018474 -0.923722
vn 0.923722 0.018473 0.382618
vn 0.923722 0.018473 -0.382618
vn -0.382617 0.018474 -0.923722
vn -0.923722 0.018475 -0.382618
vn -0.923807 -0.012548 -0.382653
vn -0.382654 -0.012548 0.923807
vn 0.382654 -0.012548 0.923807
vn -0.923807 -0.012548 0.382653
vn 0.382652 -0.012548 -0.923807
vn 0.923807 -0.012548 0.382653
vn 0.923807 -0.012548 -0.382653
vn -0.923880 0.000000 0.382683
vn -0.546631 0.806181 -0.226424
vn 0.382683 -0.000000 -0.923880
vn 0.923880 0.000000 0.382683
vn 0.923880 -0.000000 -0.382683
vn -0.382683 -0.000000 -0.923880
vn -0.923880 -0.000000 -0.382683
vn -0.382684 0.000000 0.923879
vn 0.382684 0.000000 0.923879
vn 0.000000 1.000000 -0.000000
vn 0.000000 1.000000 -0.000000
vn 0.000009 1.000000 -0.000000
vn -0.000005 1.000000 -0.000000
vn -0.000002 1.000000 -0.000000
vn -0.226421 0.806179 0.546635
vn 0.226429 0.806179 0.546632
vn -0.546632 0.806180 0.226424
vn 0.226429 0.806177 -0.546633
vn 0.546646 0.806171 0.226421
vn 0.546636 0.806177 -0.226423
vn -0.226413 0.806181 -0.546635
vn 0.603941 0.369507 -0.706201
vn 0.649938 -0.000000 -0.759987
vn 0.675925 -0.293684 -0.675926
vn 0.703537 0.100348 -0.703538
vn 0.000000 -1.000000 0.000000
vn 0.000000 -1.000000 0.000000
vn 0.000002 -1.000000 0.000000
vn 0.000000 -1.000000 0.000000
vn 0.000000 -1.000000 0.000000
vn 0.000000 -1.000000 0.000000
vn 0.000000 -1.000000 0.000000
vn 0.000002 -1.000000 0.000000
vn 0.000000 -1.000000 0.000000
vn 0.998653 0.051893 -0.000000
vn 0.957678 -0.287840 0.000000
vn 1.000000 0.000000 0.000000
vn -0.969131 -0.246548 0.000000
vn -0.380292 0.111620 0.918106
vn -0.321286 -0.272296 0.906990
vn -0.333903 0.000000 0.942607
vn -0.381921 -0.063106 -0.922038
vn 0.000000 0.114987 0.993367
vn 0.000000 -0.238717 0.971089
vn 0.000000 0.000000 1.000000
vn 0.381921 -0.063106 0.922038
vn 0.000000 0.114987 -0.993367
vn 0.000000 -0.238717 -0.971089
vn 0.000000 -0.000000 -1.000000
vn 0.603941 0.369508 0.706201
vn 0.649938 0.000000 0.759987
vn 0.675925 -0.293684 0.675926
vn 0.703537 0.100348 0.703538
vn 0.000000 -0.065027 -0.997883
vn 0.380292 0.111620 -0.918106
vn 0.321287 -0.272296 -0.906989
vn 0.333904 -0.000000 -0.942607
vn -0.315204 0.329959 -0.889817
vn -0.333904 -0.000000 -0.942607
vn -0.370530 -0.250019 -0.894538
vn -0.380292 0.111619 -0.918106
vn 0.315203 0.329959 0.889817
vn 0.333903 0.000000 0.942607
vn 0.370530 -0.250018 0.894538
vn 0.380292 0.111620 0.918106
vn -0.705970 -0.056687 -0.705970
vn -0.998653 0.051893 -0.000000
vn -0.957678 -0.287840 0.000000
vn -1.000000 0.000000 0.000000
vn 0.381921 -0.063106 -0.922038
vn -0.703537 0.100348 0.703538
vn -0.615028 -0.323331 0.719165
vn -0.649938 0.000000 0.759987
vn -0.603941 0.369507 -0.706201
vn -0.649938 -0.000000 -0.759987
vn -0.675925 -0.293684 -0.675926
vn -0.703537 0.100348 -0.703538
vn 0.707107 -0.707106 0.000000
vn -0.707105 -0.707108 0.000000
vn 0.270600 -0.707106 -0.653282
vn -0.270600 -0.707106 0.653282
vn 0.270598 -0.707108 0.653281
vn -0.270598 -0.707108 -0.653281
vn 0.500002 -0.707106 -0.499999
vn 0.000000 -0.707106 -0.707107
vn -0.500001 -0.707107 -0.499999
vn 0.499999 -0.707108 0.500000
vn 0.000000 -0.707107 0.707106
vn -0.499998 -0.707108 0.500000
vn 0.999572 -0.029240 0.000000
vn -0.000001 1.000000 -0.000000
vn 1.000000 0.000000 0.000000
vn 1.000000 0.000000 0.000000
vn 0.687195 -0.397908 0.607809
vn 0.762956 0.000000 0.646450
vn 0.749046 0.000000 0.662518
vn 0.767511 -0.000000 -0.641036
vn 0.000000 -0.000000 1.000000
vn 0.915201 -0.203808 -0.347662
vn 0.000000 1.000000 -0.000000
vn 0.767510 -0.000000 -0.641037
vn 0.767510 -0.000000 -0.641037
vn 0.405971 0.848656 -0.339073
vn 0.767511 -0.000000 -0.641036
vn 0.683525 -0.395784 -0.613310
vn 0.744302 -0.000000 -0.667843
vn 0.291090 -0.956696 0.000000
vn -1.000000 0.000000 0.000000
vn -1.000000 0.000000 0.000000
vn 0.000000 -0.996087 -0.088378
vn 1.000000 0.000000 0.000000
vn 0.977368 -0.000000 -0.211544
vn 1.000000 0.000000 0.000000
vn -0.358436 -0.930325 0.077581
vn -1.000000 0.000000 0.000000
vn -0.263689 0.961271 -0.080161
vn -0.969131 -0.246547 0.000000
vn 0.000000 -0.000000 -1.000000
vn -0.974175 0.161300 0.158008
vn -0.953972 0.299896 -0.000000
vn 0.054060 -0.995745 0.074627
vn -0.974673 0.161382 -0.154816
vn -0.970089 0.228683 -0.081432
vn -0.986406 0.163325 0.018097
vn -0.968769 -0.246456 -0.027309
vn 1.000000 0.000000 0.000000
vn 1.000000 0.000000 0.000000
vn 1.000000 0.000000 0.000000
vn 0.000000 0.000000 1.000000
vn 0.137559 0.987231 0.080324
vn 0.992679 -0.000000 -0.120782
vn -0.143816 -0.986181 0.082239
vn 0.775620 0.449109 -0.443524
vn -0.572049 0.817382 -0.068163
vn 0.992976 0.000000 0.118316
vn 0.344461 0.935709 0.076131
vn 0.976435 0.000000 0.215811
vn 0.780595 -0.000000 -0.625037
vn 0.756536 0.246357 -0.605773
vn 0.974287 -0.225312 0.000000
vn 0.756535 0.246358 0.605774
vn 0.780594 0.000000 0.625038
vn 0.660845 0.013372 0.750403
vn 0.707108 0.707106 -0.000000
vn 0.986620 0.162399 0.014409
vn 0.758102 -0.238323 0.607028
vn 0.758102 -0.238323 0.607028
vn 0.211862 0.962464 0.169642
vn 0.762956 0.000000 0.646450
vn 0.762956 -0.000001 0.646450
vn 0.260342 0.939981 0.220586
vn 0.193873 0.967176 0.164268
vn 0.762956 0.000003 0.646450
vn 0.707108 0.707106 -0.000000
vn 0.189058 -0.651389 0.734812
vn -1.000000 0.000000 0.000000
vn 0.897155 0.439987 0.039037
vn 0.897840 0.440321 -0.000000
vn 0.000000 0.993394 -0.114753
vn 0.000000 1.000000 -0.000000
vn 0.000000 0.993917 0.110131
vn 0.000000 1.000000 -0.000000
vn 0.000000 -0.996706 -0.081094
vn 0.000000 -1.000000 0.000000
vn 0.000000 0.993394 -0.114753
vn 0.000000 1.000000 -0.000000
vn 1.000000 0.000000 0.000000
vn 1.000000 -0.000000 -0.000000
vn 1.000000 0.000000 0.000000
vn -0.964817 -0.262013 0.021849
vn -0.969131 -0.246547 0.000000
vn -0.986392 0.163323 -0.018866
vn -0.986568 0.163352 -0.000000
vn -0.259081 0.959980 0.106371
vn -0.291088 0.956696 -0.000000
vn 0.321553 -0.757130 -0.568645
vn 0.974287 -0.225309 0.000000
vn 0.000000 -0.993917 -0.110132
vn 0.000000 -1.000000 0.000000
vn 1.000000 0.000000 0.000000
vn 1.000000 0.000000 0.000000
vn 0.322661 -0.940262 0.108615
vn 0.000000 -1.000000 0.000000
vn 0.291016 -0.956451 -0.022588
vn 0.741829 -0.530919 0.409653
vn 0.742298 -0.528961 -0.411332
vn 0.002942 -0.769384 -0.638780
vn 0.002942 -0.769383 0.638781
vn 0.724094 -0.583776 -0.367278
vn 0.812248 -0.502835 0.295653
vn 0.726422 -0.687249 0.000000
vn 0.993466 -0.114126 -0.000527
vn 0.730769 -0.682625 0.000000
vn 0.974287 -0.225313 0.000000
vn 0.000000 0.000001 1.000000
vn 0.000000 0.000000 1.000000
vn 0.000000 0.000000 1.000000
vn 0.000000 0.000000 1.000000
vn 0.000000 0.000001 1.000000
vn 1.000000 0.000000 0.000000
vn 0.000000 0.000000 1.000000
vn 0.000000 0.000000 1.000000
vn 0.000000 0.000000 1.000000
vn 0.000000 0.000000 1.000000
vn 0.000000 0.000000 1.000000
vn 0.000000 1.000000 -0.000000
vn -1.000000 0.000000 0.000000
vn 0.000000 0.000001 -1.000000
vn 0.000000 -0.000000 -1.000000
vn 0.000000 -0.000000 -1.000000
vn 0.000000 -0.000000 -1.000000
vn 0.000000 -0.000000 -1.000000
vn -0.805213 -0.592986 0.000000
vn -0.805215 0.592984 -0.000000
vn 0.805213 -0.592986 0.000000
vn 0.805214 0.592984 -0.000000
vn 0.000000 -1.000000 0.000000
vn 1.000000 0.000000 0.000000
vn 0.000000 1.000000 -0.000000
vn -1.000000 0.000000 0.000000
vn 0.000000 -0.000000 -1.000000
vn 0.000000 -0.000000 -1.000000
vn 0.000000 -0.000000 -1.000000
vn 0.000000 -0.000000 -1.000000
vn 0.000000 -0.000000 -1.000000
vn -0.431863 -0.901939 0.000000
vn -0.431865 0.901938 -0.000000
vn 0.431863 -0.901939 0.000000
vn 0.431865 0.901938 -0.000000
vn 0.000000 -1.000000 0.000000
vn 0.000000 0.000000 1.000000
vn 0.000000 0.000000 1.000000
vn 0.000000 0.000000 1.000000
vn 0.000000 0.000000 1.000000
vn 0.000000 0.000000 1.000000
vn 1.000000 0.000000 0.000000
vn 0.000000 1.000000 -0.000000
vn -1.000000 0.000000 0.000000
vn 0.000000 -0.000000 -1.000000
vn 0.000000 -0.000000 -1.000000
vn 0.000000 -0.000000 -1.000000
vn 0.000000 -0.000000 -1.000000
vn 0.000000 -0.000000 -1.000000
vn -0.431863 -0.901939 0.000000
vn -0.431865 0.901938 -0.000000
vn 0.431863 -0.901939 0.000000
vn 0.431865 0.901938 -0.000000
vn 0.000000 -1.000000 0.000000
vn -0.923880 0.000000 -0.382683
vn 0.187952 -0.871081 -0.453752
vn -0.453753 -0.871082 0.187951
vn 0.453752 -0.871082 0.187951
vn 0.187950 -0.871082 0.453753
vn -0.453751 -0.871083 -0.187950
vn -0.187950 -0.871082 0.453753
vn 0.453753 -0.871082 -0.187950
vn -0.647162 0.713668 0.268064
vn 0.382684 -0.000000 -0.923879
vn 0.923879 -0.000000 -0.382684
vn 0.923880 -0.000000 0.382683
vn -0.382684 0.000000 -0.923880
vn -0.923880 0.000000 0.382683
vn 0.382684 0.000000 0.923879
vn -0.382684 0.000000 0.923880
vn 0.000000 1.000000 -0.000000
vn 0.000001 1.000000 -0.000000
vn 0.000008 1.000000 -0.000000
vn 0.000000 1.000000 -0.000000
vn -0.000008 1.000000 -0.000000
vn 0.268064 0.713669 0.647162
vn -0.268065 0.713668 0.647162
vn -0.647163 0.713668 -0.268064
vn 0.268062 0.713669 -0.647163
vn 0.647162 0.713669 -0.268064
vn 0.647163 0.713668 0.268063
vn -0.268062 0.713669 -0.647163
vn -0.923880 0.000000 -0.382683
vn 0.187950 -0.871082 -0.453752
vn -0.453752 -0.871082 0.187951
vn 0.453753 -0.871082 0.187951
vn 0.187951 -0.871082 0.453753
vn -0.453753 -0.871081 -0.187950
vn -0.187952 -0.871081 0.453753
vn 0.453753 -0.871082 -0.187950
vn -0.647163 0.713668 0.268064
vn 0.382684 -0.000001 -0.923879
vn 0.923879 -0.000000 -0.382684
vn 0.923880 -0.000000 0.382683
vn -0.382684 -0.000000 -0.923879
vn -0.923880 0.000000 0.382683
vn 0.382684 0.000000 0.923879
vn -0.382684 0.000000 0.923880
vn 0.000000 1.000000 -0.000000
vn 0.000000 1.000000 -0.000000
vn 0.000000 1.000000 -0.000000
vn 0.000000 1.000000 -0.000000
vn 0.000000 1.000000 -0.000000
vn 0.268062 0.713669 0.647162
vn -0.268064 0.713669 0.647162
vn -0.647161 0.713669 -0.268064
vn 0.268064 0.713669 -0.647161
vn 0.647162 0.713668 -0.268064
vn 0.647162 0.713669 0.268063
vn -0.268065 0.713667 -0.647164
vn 0.000000 0.000000 1.000000
vn 1.000000 0.000000 0.000000
vn 0.000000 0.000000 1.000000
vn 0.000000 1.000000 -0.000000
vn 0.000000 1.000000 -0.000000
vn 0.000000 1.000000 -0.000000
vn 0.000000 1.000000 -0.000000
vn 0.000000 1.000000 -0.000000
vn -1.000000 0.000000 0.000000
vn 0.000000 -0.000000 -1.000000
vn -0.697041 0.000000 0.717032
vn -0.697041 -0.000000 -0.717032
vn 0.697041 -0.000000 -0.717031
vn 0.697041 0.000000 0.717032
vn 0.000000 -1.000000 0.000000
vn 0.000000 -1.000000 0.000000
vn 0.000000 -1.000000 0.000000
vn 0.000000 -1.000000 0.000000
vn 0.000000 -1.000000 0.000000
vn 1.000000 0.000000 0.000000
vn 0.000000 1.000000 -0.000000
vn 0.000000 1.000000 -0.000000
vn 0.000000 1.000000 -0.000000
vn 0.000000 1.000000 -0.000000
vn 0.000000 1.000000 -0.000000
vn -1.000000 0.000000 0.000000
vn 0.000000 -0.000000 -1.000000
vn -0.697041 0.000000 0.717031
vn -0.697041 -0.000000 -0.717031
vn 0.697041 -0.000000 -0.717031
vn 0.697041 0.000000 0.717032
vn 0.000000 -1.000000 0.000000
vn 0.000000 -1.000000 0.000000
vn 0.000000 -1.000000 0.000000
vn 0.000000 -1.000000 0.000000
vn 0.000000 -1.000000 0.000000
vn 0.000000 0.000000 1.000000
vn 1.000000 0.000000 0.000000
vn 0.000000 1.000000 -0.000000
vn 0.000000 1.000000 -0.000000
vn 0.000000 1.000000 -0.000000
vn 0.000000 1.000000 -0.000000
vn 0.000000 1.000000 -0.000000
vn -1.000000 0.000000 0.000000
vn 0.000000 -0.000000 -1.000000
vn -0.697041 0.000000 0.717032
vn -0.697041 -0.000000 -0.717031
vn 0.697041 -0.000000 -0.717031
vn 0.697041 0.000000 0.717032
vn 0.000000 -1.000000 0.000000
vn 0.000000 -1.000000 0.000000
vn 0.000000 -1.000000 0.000000
vn 0.000000 -1.000000 0.000000
vn 0.000000 -1.000000 0.000000
vn 0.000000 1.000000 -0.000000
vn 0.000000 1.000000 -0.000000
vn 0.000004 1.000000 -0.000000
vn 0.707107 -0.000000 -0.707107
vn 0.000000 0.000000 1.000000
vn 0.000000 -0.000000 -1.000000
vn -1.000000 0.000000 0.000000
vn -1.000000 -0.000000 -0.000000
vn -1.000000 0.000000 0.000000
vn 1.000000 0.000000 0.000000
vn 1.000000 0.000000 0.000000
vn 1.000000 0.000000 0.000000
vn -0.707107 -0.000000 -0.707107
vn -0.499998 0.707108 -0.499999
vn -0.500001 -0.707106 -0.500000
vn 0.500003 0.707105 -0.500000
vn 0.499998 -0.707108 -0.499999
vn 0.000000 -0.707106 -0.707108
vn 0.000000 0.707108 -0.707105
vn 0.000000 -1.000000 0.000000
vn -0.000000 -1.000000 0.000000
vn -0.000001 -1.000000 0.000000
vn 0.000000 0.837983 0.545696
vn 0.000000 -0.837984 -0.545695
vn 0.000000 0.000000 1.000000
vn 0.000000 0.837983 -0.545696
vn 0.000000 -0.000000 -1.000000
vn -1.000000 0.000000 0.000000
vn -1.000000 0.000000 0.000000
vn -1.000000 0.000000 0.000000
vn -1.000000 0.000000 0.000000
vn -1.000000 0.000000 0.000000
vn 0.000000 -1.000000 0.000000
vn 0.000000 1.000000 -0.000000
vn 0.957518 -0.241651 0.157364
vn -0.969028 -0.206941 -0.134760
vn 0.000000 -0.970245 -0.242127
vn 0.963246 0.000000 0.268622
vn 0.000000 -0.507177 -0.861842
vn 0.964561 -0.027390 -0.262435
vn -0.000000 0.970245 -0.242127
vn -0.969028 0.206940 -0.134760
vn 0.000000 0.507177 -0.861842
vn 0.922568 -0.385457 0.017059
vn 0.000000 -0.970245 0.242127
vn -0.969028 -0.206940 0.134760
vn 0.000000 -0.507177 0.861842
vn -0.969028 0.206940 0.134760
vn 0.000000 0.970245 0.242127
vn 0.919255 -0.393663 0.000000
vn 0.000000 0.507177 0.861842
vn 0.000000 -0.837983 0.545696
vn 1.000000 -0.000000 -0.000000
vn 1.000000 0.000000 0.000000
vn 1.000000 -0.000000 -0.000000
vn 1.000000 0.000000 0.000000
vn 1.000000 0.000000 0.000000
vn 0.969028 -0.206940 -0.134761
vn 0.969028 0.206940 -0.134762
vn 0.969028 -0.206940 0.134761
vn 0.969028 0.206941 0.134762
vn 0.964561 0.027389 0.262436
vn 0.957518 -0.241651 -0.157364
vn 0.957518 0.241651 0.157363
vn 0.964561 0.027389 -0.262436
vn 0.919255 0.393663 -0.000000
vn 0.922568 0.385457 -0.017060
vn 0.922568 -0.385457 -0.017059
vn 0.964561 -0.027389 0.262435
vn 0.957518 0.241651 -0.157363
vn 0.922568 0.385457 0.017059
vn 0.963246 -0.000000 -0.268622
f 1/1/1 2/2/2 3/3/3
f 4/4/4 5/5/5 6/6/6
f 7/7/7 8/8/8 9/9/9
f 10/10/10 11/11/11 12/12/12
f 13/13/13 14/14/14 15/15/15
f 16/16/16 17/17/17 18/18/18
f 19/19/19 20/20/20 21/21/21
f 22/22/22 23/23/23 24/24/24
f 25/25/25 26/26/26 27/27/27
f 28/28/28 29/29/29 30/30/30
f 31/31/31 32/32/32 33/33/33
f 34/34/34 35/35/35 36/36/36
f 37/37/37 38/38/38 39/39/39
f 40/40/40 41/41/41 42/42/42
f 43/43/43 44/44/44 45/45/45
f 46/46/46 47/47/47 48/48/48
f 49/49/49 50/50/50 51/51/51
f 52/52/52 53/53/53 54/54/54
f 55/55/55 56/56/56 57/57/57
f 58/58/58 59/59/59 60/60/60
f 61/61/61 62/62/62 63/63/63
f 64/64/64 65/65/65 66/66/66
f 67/67/67 68/68/68 69/69/69
f 70/70/70 71/71/71 72/72/72
f 73/73/73 74/74/74 75/75/75
f 76/76/76 77/77/77 78/78/78
f 79/79/79 80/80/80 81/81/81
f 82/82/82 83/83/83 84/84/84
f 85/85/85 86/86/86 87/87/87
f 88/88/88 89/89/89 90/90/90
f 91/91/91 92/92/92 93/93/93
f 94/94/94 95/95/95 96/96/96
f 97/97/97 98/98/98 99/99/99
f 100/100/100 101/101/101 102/102/102
f 103/103/103 104/104/104 105/105/105
f 106/106/106 107/107/107 108/108/108
f 109/109/109 110/110/110 111/111/111
f 112/112/112 113/113/113 114/114/114
f 115/115/115 116/116/116 117/117/117
f 118/118/118 119/119/119 120/120/120
f 121/121/121 122/122/122 123/123/123
f 124/124/124 125/125/125 126/126/126
f 127/127/127 128/128/128 129/129/129
f 130/130/130 131/131/131 132/132/132
f 133/133/133 134/134/134 135/135/135
f 136/136/136 137/137/137 138/138/138
f 139/139/139 140/140/140 141/141/141
f 142/142/142 143/143/143 144/144/144
f 145/145/145 146/146/146 147/147/147
f 148/148/148 149/149/149 150/150/150
f 151/151/151 152/152/152 153/153/153
f 154/154/154 155/155/155 156/156/156
f 157/157/157 158/158/158 159/159/159
f 160/160/160 161/161/161 162/162/162
f 163/163/163 164/164/164 165/165/165
f 166/166/166 167/167/167 168/168/168
f 169/169/169 170/170/170 171/171/171
f 172/172/172 173/173/173 174/174/174
f 72/72/72 175/175/175 176/176/176
f 177/177/177 173/173/173 178/178/178
f 179/179/179 180/180/180 181/181/181
f 70/70/70 178/178/178 182/182/182
f 176/176/176 183/183/183 179/179/179
f 181/181/181 184/184/184 172/172/172
f 185/185/185 186/186/186 187/187/187
f 188/188/188 189/189/189 190/190/190
f 191/191/191 192/192/192 193/193/193
f 194/194/194 195/195/195 196/196/196
f 197/197/197 198/198/198 199/199/199
f 200/200/200 201/201/201 202/202/202
f 203/203/203 204/204/204 205/205/205
f 206/206/206 207/207/207 208/208/208
f 209/209/209 210/210/210 211/211/211
f 212/212/212 213/213/213 214/214/214
f 215/215/215 216/216/216 217/217/217
f 217/217/217 218/218/218 219/219/219
f 220/220/220 221/221/221 185/185/185
f 219/219/219 222/222/222 220/220/220
f 215/215/215 213/213/213 223/223/223
f 187/187/187 224/224/224 212/212/212
f 225/225/225 226/226/226 227/227/227
f 228/228/228 229/229/229 230/230/230
f 231/231/231 232/232/232 233/233/233
f 234/234/234 235/235/235 236/236/236
f 237/237/237 238/238/238 239/239/239
f 240/240/240 241/241/241 242/242/242
f 243/243/243 244/244/244 245/245/245
f 246/246/246 247/247/247 248/248/248
f 249/249/249 250/250/250 251/251/251
f 252/252/252 253/253/253 254/254/254
f 227/227/227 253/253/253 255/255/255
f 256/256/256 257/257/257 225/225/225
f 256/256/256 258/258/258 259/259/259
f 260/260/260 261/261/261 262/262/262
f 252/252/252 263/263/263 260/260/260
f 262/262/262 258/258/258 264/264/264
f 265/265/265 266/266/266 267/267/267
f 268/268/268 269/269/269 270/270/270
f 271/271/271 272/272/272 273/273/273
f 274/274/274 275/275/275 276/276/276
f 277/277/277 278/278/278 279/279/279
f 280/280/280 281/281/281 282/282/282
f 283/283/283 284/284/284 285/285/285
f 286/286/286 287/287/287 288/288/288
f 289/289/289 290/290/290 291/291/291
f 292/292/292 293/293/293 294/294/294
f 295/295/295 296/296/296 297/297/297
f 298/298/298 299/299/299 300/300/300
f 301/301/301 302/302/302 303/303/303
f 304/304/304 305/305/305 306/306/306
f 307/307/307 308/308/308 309/309/309
f 310/310/310 311/311/311 312/312/312
f 313/313/313 314/314/314 315/315/315
f 316/316/316 317/317/317 318/318/318
f 289/289/289 317/317/317 319/319/319
f 320/320/320 290/290/290 321/321/321
f 320/320/320 322/322/322 323/323/323
f 324/324/324 325/325/325 326/326/326
f 324/324/324 318/318/318 327/327/327
f 326/326/326 322/322/322 328/328/328
f 329/329/329 330/330/330 331/331/331
f 332/332/332 333/333/333 334/334/334
f 335/335/335 336/336/336 337/337/337
f 338/338/338 339/339/339 340/340/340
f 341/341/341 342/342/342 343/343/343
f 344/344/344 345/345/345 346/346/346
f 347/347/347 348/348/348 349/349/349
f 350/350/350 351/351/351 352/352/352
f 353/353/353 354/354/354 355/355/355
f 356/356/356 357/357/357 358/358/358
f 359/359/359 360/360/360 361/361/361
f 362/362/362 363/363/363 364/364/364
f 365/365/365 366/366/366 367/367/367
f 368/368/368 369/369/369 370/370/370
f 371/371/371 372/372/372 373/373/373
f 374/374/374 375/375/375 376/376/376
f 377/377/377 378/378/378 379/379/379
f 380/380/380 381/381/381 382/382/382
f 383/383/383 384/384/384 380/380/380
f 385/385/385 386/386/386 387/387/387
f 388/388/388 389/389/389 390/390/390
f 391/391/391 392/392/392 393/393/393
f 394/394/394 395/395/395 396/396/396
f 397/397/397 398/398/398 399/399/399
f 400/400/400 401/401/401 402/402/402
f 403/403/403 404/404/404 400/400/400
f 405/405/405 406/406/406 407/407/407
f 408/408/408 409/409/409 410/410/410
f 411/411/411 412/412/412 413/413/413
f 414/414/414 415/415/415 416/416/416
f 417/417/417 418/418/418 414/414/414
f 419/419/419 420/420/420 421/421/421
f 422/422/422 423/423/423 424/424/424
f 425/425/425 426/426/426 427/427/427
f 428/428/428 429/429/429 430/430/430
f 431/431/431 432/432/432 428/428/428
f 433/433/433 434/434/434 435/435/435
f 436/436/436 437/437/437 438/438/438
f 439/439/439 440/440/440 441/441/441
f 442/442/442 443/443/443 444/444/444
f 445/445/445 446/446/446 442/442/442
f 447/447/447 448/448/448 449/449/449
f 450/450/450 451/451/451 452/452/452
f 453/453/453 454/454/454 450/450/450
f 455/455/455 456/456/456 457/457/457
f 458/458/458 459/459/459 460/460/460
f 461/461/461 462/462/462 463/463/463
f 464/464/464 465/465/465 466/466/466
f 467/467/467 468/468/468 469/469/469
f 470/470/470 471/471/471 472/472/472
f 473/473/473 474/474/474 470/470/470
f 475/475/475 476/476/476 477/477/477
f 478/478/478 479/479/479 480/480/480
f 481/481/481 482/482/482 478/478/478
f 483/483/483 484/484/484 485/485/485
f 486/486/486 487/487/487 488/488/488
f 489/489/489 490/490/490 491/491/491
f 492/492/492 493/493/493 494/494/494
f 495/495/495 496/496/496 492/492/492
f 497/497/497 498/498/498 499/499/499
f 500/500/500 501/501/501 502/502/502
f 503/503/503 504/504/504 505/505/505
f 506/506/506 507/507/507 508/508/508
f 509/509/509 510/510/510 511/511/511
f 512/512/512 513/513/513 514/514/514
f 515/515/515 516/516/516 512/512/512
f 517/517/517 518/518/518 519/519/519
f 520/520/520 521/521/521 522/522/522
f 523/523/523 524/524/524 525/525/525
f 526/526/526 527/527/527 528/528/528
f 529/529/529 530/530/530 526/526/526
f 531/531/531 532/532/532 533/533/533
f 534/534/534 535/535/535 536/536/536
f 537/537/537 538/538/538 534/534/534
f 539/539/539 540/540/540 541/541/541
f 542/542/542 543/543/543 544/544/544
f 545/545/545 546/546/546 547/547/547
f 548/548/548 549/549/549 550/550/550
f 551/551/551 552/552/552 553/553/553
f 554/554/554 555/555/555 556/556/556
f 557/557/557 558/558/558 559/559/559
f 560/560/560 561/561/561 562/562/562
f 563/563/563 564/564/564 565/565/565
f 566/566/566 567/567/567 568/568/568
f 569/569/569 570/570/570 571/571/571
f 572/572/572 573/573/573 574/574/574
f 575/575/575 576/576/576 577/577/577
f 578/578/578 579/579/579 580/580/580
f 581/581/581 582/582/582 583/583/583
f 584/584/584 585/585/585 586/586/586
f 587/587/587 588/588/588 589/589/589
f 590/590/590 591/591/591 592/592/592
f 593/593/593 594/594/594 595/595/595
f 596/596/596 597/597/597 598/598/598
f 599/599/599 600/600/600 601/601/601
f 602/602/602 603/603/603 604/604/604
f 605/605/605 606/606/606 607/607/607
f 608/608/608 609/609/609 610/610/610
f 611/611/611 612/612/612 613/613/613
f 614/614/614 615/615/615 616/616/616
f 617/617/617 618/618/618 619/619/619
f 620/620/620 621/621/621 618/618/618
f 622/622/622 623/623/623 621/621/621
f 624/624/624 625/625/625 623/623/623
f 626/626/626 612/612/612 625/625/625
f 627/627/627 628/628/628 629/629/629
f 630/630/630 631/631/631 632/632/632
f 633/633/633 634/634/634 635/635/635
f 636/636/636 637/637/637 633/633/633
f 638/638/638 639/639/639 636/636/636
f 640/640/640 641/641/641 642/642/642
f 643/643/643 644/644/644 645/645/645
f 646/646/646 647/647/647 643/643/643
f 648/648/648 649/649/649 646/646/646
f 650/650/650 651/651/651 648/648/648
f 652/652/652 653/653/653 650/650/650
f 654/654/654 655/655/655 656/656/656
f 656/656/656 657/657/657 658/658/658
f 658/658/658 659/659/659 660/660/660
f 660/660/660 661/661/661 662/662/662
f 662/662/662 663/663/663 664/664/664
f 665/665/665 619/619/619 666/666/666
f 667/667/667 668/668/668 669/669/669
f 670/670/670 671/671/671 672/672/672
f 673/673/673 674/674/674 675/675/675
f 676/676/676 677/677/677 678/678/678
f 679/679/679 680/680/680 681/681/681
f 682/682/682 683/683/683 684/684/684
f 685/685/685 686/686/686 687/687/687
f 688/688/688 689/689/689 629/629/629
f 690/690/690 691/691/691 692/692/692
f 693/693/693 694/694/694 695/695/695
f 696/696/696 697/697/697 698/698/698
f 699/699/699 700/700/700 701/701/701
f 702/702/702 703/703/703 704/704/704
f 705/705/705 706/706/706 707/707/707
f 708/708/708 709/709/709 705/705/705
f 710/710/710 711/711/711 708/708/708
f 712/712/712 713/713/713 710/710/710
f 693/693/693 714/714/714 712/712/712
f 715/715/715 650/650/650 716/716/716
f 716/716/716 648/648/648 717/717/717
f 717/717/717 646/646/646 718/718/718
f 718/718/718 643/643/643 719/719/719
f 719/719/719 645/645/645 720/720/720
f 721/721/721 722/722/722 723/723/723
f 724/724/724 725/725/725 726/726/726
f 727/727/727 728/728/728 729/729/729
f 730/730/730 731/731/731 732/732/732
f 733/733/733 734/734/734 735/735/735
f 736/736/736 737/737/737 738/738/738
f 739/739/739 740/740/740 741/741/741
f 742/742/742 743/743/743 744/744/744
f 745/745/745 746/746/746 747/747/747
f 748/748/748 749/749/749 750/750/750
f 751/751/751 752/752/752 753/753/753
f 754/754/754 755/755/755 756/756/756
f 757/757/757 758/758/758 759/759/759
f 760/760/760 761/761/761 762/762/762
f 763/763/763 764/764/764 765/765/765
f 766/766/766 767/767/767 768/768/768
f 769/769/769 770/770/770 771/771/771
f 772/772/772 773/773/773 774/774/774
f 765/765/765 775/775/775 776/776/776
f 777/777/777 778/778/778 779/779/779
f 780/780/780 781/781/781 782/782/782
f 783/783/783 784/784/784 785/785/785
f 786/786/786 787/787/787 788/788/788
f 789/789/789 790/790/790 791/791/791
f 776/776/776 792/792/792 783/783/783
f 785/785/785 793/793/793 794/794/794
f 795/795/795 796/796/796 797/797/797
f 798/798/798 799/799/799 800/800/800
f 782/782/782 801/801/801 789/789/789
f 791/791/791 802/802/802 769/769/769
f 803/803/803 804/804/804 805/805/805
f 806/806/806 807/807/807 808/808/808
f 604/604/604 809/809/809 605/605/605
f 810/810/810 811/811/811 812/812/812
f 813/813/813 814/814/814 815/815/815
f 816/816/816 817/817/817 806/806/806
f 818/818/818 819/819/819 820/820/820
f 821/821/821 822/822/822 823/823/823
f 824/824/824 825/825/825 826/826/826
f 827/827/827 828/828/828 829/829/829
f 830/830/830 831/831/831 832/832/832
f 833/833/833 834/834/834 835/835/835
f 836/836/836 837/837/837 838/838/838
f 839/839/839 840/840/840 841/841/841
f 842/842/842 843/843/843 844/844/844
f 845/845/845 846/846/846 847/847/847
f 846/846/846 735/735/735 847/847/847
f 848/848/848 849/849/849 850/850/850
f 849/849/849 732/732/732 850/850/850
f 851/851/851 852/852/852 853/853/853
f 852/852/852 729/729/729 853/853/853
f 854/854/854 855/855/855 856/856/856
f 857/857/857 858/858/858 859/859/859
f 860/860/860 861/861/861 862/862/862
f 863/863/863 864/864/864 865/865/865
f 663/663/663 866/866/866 867/867/867
f 866/866/866 720/720/720 867/867/867
f 661/661/661 868/868/868 866/866/866
f 868/868/868 719/719/719 866/866/866
f 659/659/659 869/869/869 868/868/868
f 869/869/869 718/718/718 868/868/868
f 657/657/657 870/870/870 869/869/869
f 870/870/870 717/717/717 869/869/869
f 655/655/655 871/871/871 870/870/870
f 871/871/871 716/716/716 870/870/870
f 872/872/872 873/873/873 585/585/585
f 874/874/874 875/875/875 876/876/876
f 877/877/877 878/878/878 879/879/879
f 878/878/878 687/687/687 879/879/879
f 880/880/880 881/881/881 882/882/882
f 883/883/883 884/884/884 885/885/885
f 886/886/886 887/887/887 888/888/888
f 889/889/889 890/890/890 891/891/891
f 892/892/892 893/893/893 894/894/894
f 893/893/893 678/678/678 894/894/894
f 895/895/895 896/896/896 897/897/897
f 896/896/896 672/672/672 897/897/897
f 898/898/898 899/899/899 900/900/900
f 901/901/901 902/902/902 903/903/903
f 904/904/904 905/905/905 906/906/906
f 907/907/907 908/908/908 909/909/909
f 910/910/910 911/911/911 912/912/912
f 913/913/913 914/914/914 915/915/915
f 916/916/916 917/917/917 918/918/918
f 707/707/707 919/919/919 920/920/920
f 921/921/921 922/922/922 923/923/923
f 924/924/924 925/925/925 926/926/926
f 927/927/927 928/928/928 929/929/929
f 930/930/930 931/931/931 932/932/932
f 933/933/933 934/934/934 935/935/935
f 936/936/936 937/937/937 938/938/938
f 939/939/939 924/924/924 926/926/926
f 932/932/932 940/940/940 930/930/930
f 941/941/941 942/942/942 943/943/943
f 926/926/926 922/922/922 921/921/921
f 927/927/927 944/944/944 945/945/945
f 927/927/927 931/931/931 928/928/928
f 884/884/884 946/946/946 885/885/885
f 773/773/773 883/883/883 774/774/774
f 946/946/946 947/947/947 948/948/948
f 949/949/949 950/950/950 951/951/951
f 952/952/952 953/953/953 954/954/954
f 955/955/955 956/956/956 957/957/957
f 958/958/958 959/959/959 960/960/960
f 961/961/961 962/962/962 963/963/963
f 964/964/964 965/965/965 966/966/966
f 967/967/967 968/968/968 969/969/969
f 970/970/970 971/971/971 972/972/972
f 973/973/973 974/974/974 975/975/975
f 976/976/976 977/977/977 978/978/978
f 979/979/979 980/980/980 981/981/981
f 982/982/982 983/983/983 984/984/984
f 985/985/985 986/986/986 987/987/987
f 988/988/988 989/989/989 990/990/990
f 991/991/991 992/992/992 993/993/993
f 994/994/994 995/995/995 996/996/996
f 997/997/997 998/998/998 999/999/999
f 1000/1000/1000 1001/1001/1001 1002/1002/1002
f 1003/1003/1003 1004/1004/1004 1005/1005/1005
f 1006/1006/1006 1007/1007/1007 1008/1008/1008
f 1009/1009/1009 1010/1010/1010 1011/1011/1011
f 1012/1012/1012 1013/1013/1013 1014/1014/1014
f 1015/1015/1015 1016/1016/1016 1017/1017/1017
f 1018/1018/1018 1019/1019/1019 1020/1020/1020
f 1021/1021/1021 1022/1022/1022 1023/1023/1023
f 1024/1024/1024 1025/1025/1025 1026/1026/1026
f 1027/1027/1027 1028/1028/1028 1029/1029/1029
f 1030/1030/1030 1031/1031/1031 1032/1032/1032
f 1033/1033/1033 1034/1034/1034 1035/1035/1035
f 1036/1036/1036 1037/1037/1037 1038/1038/1038
f 1039/1039/1039 1040/1040/1040 1041/1041/1041
f 1042/1042/1042 1043/1043/1043 1044/1044/1044
f 1045/1045/1045 1046/1046/1046 1047/1047/1047
f 1048/1048/1048 1049/1049/1049 1050/1050/1050
f 1051/1051/1051 1052/1052/1052 1053/1053/1053
f 1054/1054/1054 1055/1055/1055 1056/1056/1056
f 1057/1057/1057 1058/1058/1058 1059/1059/1059
f 1060/1060/1060 1061/1061/1061 1062/1062/1062
f 1063/1063/1063 1064/1064/1064 1065/1065/1065
f 1066/1066/1066 1067/1067/1067 1068/1068/1068
f 1069/1069/1069 1070/1070/1070 1071/1071/1071
f 1072/1072/1072 1073/1073/1073 1074/1074/1074
f 1075/1075/1075 1076/1076/1076 1077/1077/1077
f 1078/1078/1078 1079/1079/1079 1080/1080/1080
f 1081/1081/1081 1082/1082/1082 1083/1083/1083
f 1084/1084/1084 1085/1085/1085 1086/1086/1086
f 1087/1087/1087 1088/1088/1088 1089/1089/1089
f 1090/1090/1090 1091/1091/1091 1092/1092/1092
f 1093/1093/1093 1094/1094/1094 1095/1095/1095
f 1096/1096/1096 1097/1097/1097 1098/1098/1098
f 1099/1099/1099 1100/1100/1100 1101/1101/1101
f 1102/1102/1102 1103/1103/1103 1104/1104/1104
f 1105/1105/1105 1106/1106/1106 1107/1107/1107
f 1108/1108/1108 1109/1109/1109 1110/1110/1110
f 1111/1111/1111 1112/1112/1112 1113/1113/1113
f 1114/1114/1114 1115/1115/1115 1116/1116/1116
f 1117/1117/1117 1118/1118/1118 1119/1119/1119
f 1120/1120/1120 1121/1121/1121 1122/1122/1122
f 1123/1123/1123 1124/1124/1124 1125/1125/1125
f 1126/1126/1126 1127/1127/1127 1128/1128/1128
f 1129/1129/1129 1130/1130/1130 1131/1131/1131
f 1132/1132/1132 1133/1133/1133 1134/1134/1134
f 1135/1135/1135 1136/1136/1136 1137/1137/1137
f 1138/1138/1138 1139/1139/1139 1140/1140/1140
f 1141/1141/1141 1142/1142/1142 1143/1143/1143
f 1144/1144/1144 1145/1145/1145 1146/1146/1146
f 1147/1147/1147 1148/1148/1148 1149/1149/1149
f 1150/1150/1150 1151/1151/1151 1152/1152/1152
f 1153/1153/1153 1154/1154/1154 1155/1155/1155
f 1156/1156/1156 1157/1157/1157 1158/1158/1158
f 1159/1159/1159 1160/1160/1160 1161/1161/1161
f 1162/1162/1162 1163/1163/1163 1164/1164/1164
f 1165/1165/1165 1166/1166/1166 1167/1167/1167
f 1168/1168/1168 1169/1169/1169 1170/1170/1170
f 1171/1171/1171 1172/1172/1172 1173/1173/1173
f 1174/1174/1174 1175/1175/1175 1176/1176/1176
f 1177/1177/1177 1178/1178/1178 1179/1179/1179
f 1180/1180/1180 1181/1181/1181 1182/1182/1182
f 1183/1183/1183 1184/1184/1184 1185/1185/1185
f 1186/1186/1186 1187/1187/1187 1188/1188/1188
f 1189/1189/1189 1190/1190/1190 1191/1191/1191
f 1192/1192/1192 1193/1193/1193 1194/1194/1194
f 1195/1195/1195 1196/1196/1196 1197/1197/1197
f 1198/1198/1198 1199/1199/1199 1200/1200/1200
f 1201/1201/1201 1202/1202/1202 1203/1203/1203
f 1204/1204/1204 1205/1205/1205 1206/1206/1206
f 1207/1207/1207 1208/1208/1208 1209/1209/1209
f 1210/1210/1210 1211/1211/1211 1212/1212/1212
f 1213/1213/1213 1214/1214/1214 1215/1215/1215
f 1216/1216/1216 1217/1217/1217 1218/1218/1218
f 1219/1219/1219 1220/1220/1220 1221/1221/1221
f 1222/1222/1222 1223/1223/1223 1224/1224/1224
f 1225/1225/1225 1226/1226/1226 1227/1227/1227
f 1228/1228/1228 1229/1229/1229 1230/1230/1230
f 1231/1231/1231 1232/1232/1232 1233/1233/1233
f 1234/1234/1234 1235/1235/1235 1236/1236/1236
f 1237/1237/1237 1238/1238/1238 1239/1239/1239
f 1240/1240/1240 1241/1241/1241 1242/1242/1242
f 1243/1243/1243 1244/1244/1244 1245/1245/1245
f 1246/1246/1246 1247/1247/1247 1248/1248/1248
f 1249/1249/1249 1250/1250/1250 1251/1251/1251
f 1252/1252/1252 1253/1253/1253 1254/1254/1254
f 1255/1255/1255 1256/1256/1256 1257/1257/1257
f 1258/1258/1258 1259/1259/1259 1260/1260/1260
f 1261/1261/1261 1262/1262/1262 1263/1263/1263
f 1264/1264/1264 1265/1265/1265 1266/1266/1266
f 1267/1267/1267 1268/1268/1268 1269/1269/1269
f 1270/1270/1270 1271/1271/1271 1272/1272/1272
f 1273/1273/1273 1274/1274/1274 1275/1275/1275
f 1276/1276/1276 1277/1277/1277 1278/1278/1278
f 1279/1279/1279 1280/1280/1280 1281/1281/1281
f 1282/1282/1282 1283/1283/1283 1284/1284/1284
f 1285/1285/1285 1286/1286/1286 1287/1287/1287
f 1288/1288/1288 1289/1289/1289 1290/1290/1290
f 1291/1291/1291 1292/1292/1292 1293/1293/1293
f 1294/1294/1294 1295/1295/1295 1296/1296/1296
f 1297/1297/1297 1298/1298/1298 1299/1299/1299
f 1300/1300/1300 1301/1301/1301 1302/1302/1302
f 1303/1303/1303 1304/1304/1304 1305/1305/1305
f 1306/1306/1306 1307/1307/1307 1308/1308/1308
f 1309/1309/1309 1310/1310/1310 1311/1311/1311
f 1312/1312/1312 1313/1313/1313 1314/1314/1314
f 1315/1315/1315 1316/1316/1316 1317/1317/1317
f 1318/1318/1318 1319/1319/1319 1320/1320/1320
f 1321/1321/1321 1322/1322/1322 1323/1323/1323
f 1324/1324/1324 1325/1325/1325 1326/1326/1326
f 1327/1327/1327 1328/1328/1328 1329/1329/1329
f 1330/1330/1330 1331/1331/1331 1332/1332/1332
f 1333/1333/1333 1334/1334/1334 1335/1335/1335
f 1336/1336/1336 1337/1337/1337 1338/1338/1338
f 1339/1339/1339 1340/1340/1340 1341/1341/1341
f 1342/1342/1342 1343/1343/1343 1344/1344/1344
f 1345/1345/1345 1346/1346/1346 1347/1347/1347
f 1348/1348/1348 1349/1349/1349 1350/1350/1350
f 1351/1351/1351 1352/1352/1352 1353/1353/1353
f 1354/1354/1354 1355/1355/1355 1356/1356/1356
f 1357/1357/1357 1358/1358/1358 1359/1359/1359
f 1360/1360/1360 1361/1361/1361 1362/1362/1362
f 1363/1363/1363 1364/1364/1364 1365/1365/1365
f 1366/1366/1366 1367/1367/1367 1368/1368/1368
f 1369/1369/1369 1370/1370/1370 1371/1371/1371
f 1372/1372/1372 1373/1373/1373 1374/1374/1374
f 1375/1375/1375 1376/1376/1376 1377/1377/1377
f 1378/1378/1378 1379/1379/1379 1380/1380/1380
f 1381/1381/1381 1382/1382/1382 1383/1383/1383
f 1384/1384/1384 1385/1385/1385 1386/1386/1386
f 1387/1387/1387 1388/1388/1388 1389/1389/1389
f 1390/1390/1390 1391/1391/1391 1392/1392/1392
f 1393/1393/1393 1394/1394/1394 1395/1395/1395
f 1396/1396/1396 1397/1397/1397 1398/1398/1398
f 1399/1399/1399 1400/1400/1400 1401/1401/1401
f 1402/1402/1402 1403/1403/1403 1404/1404/1404
f 1405/1405/1405 1406/1406/1406 1407/1407/1407
f 1408/1408/1408 1409/1409/1409 1410/1410/1410
f 1411/1411/1411 1412/1412/1412 1413/1413/1413
f 1414/1414/1414 1415/1415/1415 1416/1416/1416
f 1417/1417/1417 1418/1418/1418 1419/1419/1419
f 1420/1420/1420 1421/1421/1421 1422/1422/1422
f 1423/1423/1423 1424/1424/1424 1425/1425/1425
f 1426/1426/1426 1427/1427/1427 1428/1428/1428
f 1429/1429/1429 1430/1430/1430 1431/1431/1431
f 1432/1432/1432 1433/1433/1433 1434/1434/1434
f 1435/1435/1435 1436/1436/1436 1437/1437/1437
f 1438/1438/1438 1439/1439/1439 1440/1440/1440
f 1/1/1 1441/1441/1441 2/2/2
f 4/4/4 1442/1442/1442 5/5/5
f 7/7/7 1443/1443/1443 8/8/8
f 10/10/10 1444/1444/1444 11/11/11
f 15/15/15 1445/1445/1445 1446/1446/1446
f 1445/1445/1445 1447/1447/1447 1448/1448/1448
f 1446/1446/1446 1445/1445/1445 1449/1449/1449
f 1448/1448/1448 1449/1449/1449 1445/1445/1445
f 1449/1449/1449 1450/1450/1450 1446/1446/1446
f 1446/1446/1446 1451/1451/1451 15/15/15
f 1451/1451/1451 1452/1452/1452 1453/1453/1453
f 15/15/15 1451/1451/1451 13/13/13
f 1453/1453/1453 13/13/13 1451/1451/1451
f 16/16/16 1454/1454/1454 17/17/17
f 21/21/21 1455/1455/1455 1456/1456/1456
f 1455/1455/1455 1457/1457/1457 1456/1456/1456
f 1457/1457/1457 1458/1458/1458 1456/1456/1456
f 1456/1456/1456 1459/1459/1459 21/21/21
f 1459/1459/1459 19/19/19 21/21/21
f 22/22/22 1460/1460/1460 23/23/23
f 25/25/25 1461/1461/1461 26/26/26
f 28/28/28 1462/1462/1462 29/29/29
f 31/31/31 1463/1463/1463 32/32/32
f 34/34/34 1464/1464/1464 35/35/35
f 37/37/37 1465/1465/1465 38/38/38
f 40/40/40 1466/1466/1466 41/41/41
f 43/43/43 1467/1467/1467 44/44/44
f 46/46/46 1468/1468/1468 47/47/47
f 49/49/49 1469/1469/1469 50/50/50
f 52/52/52 1470/1470/1470 53/53/53
f 55/55/55 1471/1471/1471 56/56/56
f 58/58/58 1472/1472/1472 59/59/59
f 61/61/61 1473/1473/1473 62/62/62
f 64/64/64 1474/1474/1474 65/65/65
f 67/67/67 1475/1475/1475 68/68/68
f 70/70/70 182/182/182 71/71/71
f 73/73/73 1476/1476/1476 74/74/74
f 76/76/76 1477/1477/1477 77/77/77
f 79/79/79 1478/1478/1478 80/80/80
f 82/82/82 1479/1479/1479 83/83/83
f 85/85/85 1480/1480/1480 86/86/86
f 88/88/88 1481/1481/1481 89/89/89
f 89/89/89 1482/1482/1482 90/90/90
f 90/90/90 1483/1483/1483 1484/1484/1484
f 1484/1484/1484 1485/1485/1485 90/90/90
f 1485/1485/1485 88/88/88 90/90/90
f 91/91/91 1486/1486/1486 92/92/92
f 94/94/94 1487/1487/1487 95/95/95
f 97/97/97 1488/1488/1488 98/98/98
f 100/100/100 1489/1489/1489 101/101/101
f 104/104/104 1490/1490/1490 105/105/105
f 1490/1490/1490 1491/1491/1491 105/105/105
f 1491/1491/1491 1492/1492/1492 105/105/105
f 105/105/105 1493/1493/1493 1494/1494/1494
f 1494/1494/1494 103/103/103 105/105/105
f 106/106/106 1495/1495/1495 107/107/107
f 109/109/109 1496/1496/1496 110/110/110
f 112/112/112 1497/1497/1497 113/113/113
f 115/115/115 1498/1498/1498 116/116/116
f 118/118/118 1499/1499/1499 119/119/119
f 121/121/121 1500/1500/1500 122/122/122
f 124/124/124 1501/1501/1501 125/125/125
f 127/127/127 1502/1502/1502 128/128/128
f 130/130/130 1503/1503/1503 131/131/131
f 133/133/133 1504/1504/1504 134/134/134
f 136/136/136 1505/1505/1505 137/137/137
f 139/139/139 1506/1506/1506 140/140/140
f 142/142/142 1507/1507/1507 143/143/143
f 145/145/145 1508/1508/1508 146/146/146
f 148/148/148 1509/1509/1509 149/149/149
f 151/151/151 1510/1510/1510 152/152/152
f 154/154/154 1511/1511/1511 155/155/155
f 157/157/157 1512/1512/1512 158/158/158
f 160/160/160 1513/1513/1513 161/161/161
f 163/163/163 1514/1514/1514 164/164/164
f 166/166/166 1515/1515/1515 167/167/167
f 169/169/169 1516/1516/1516 170/170/170
f 172/172/172 184/184/184 173/173/173
f 72/72/72 71/71/71 175/175/175
f 177/177/177 174/174/174 173/173/173
f 179/179/179 183/183/183 180/180/180
f 70/70/70 177/177/177 178/178/178
f 176/176/176 175/175/175 183/183/183
f 181/181/181 180/180/180 184/184/184
f 185/185/185 221/221/221 186/186/186
f 188/188/188 1517/1517/1517 189/189/189
f 191/191/191 1518/1518/1518 192/192/192
f 194/194/194 1519/1519/1519 195/195/195
f 197/197/197 1520/1520/1520 198/198/198
f 200/200/200 1521/1521/1521 201/201/201
f 203/203/203 1522/1522/1522 204/204/204
f 206/206/206 1523/1523/1523 207/207/207
f 209/209/209 1524/1524/1524 210/210/210
f 212/212/212 224/224/224 213/213/213
f 215/215/215 223/223/223 216/216/216
f 217/217/217 216/216/216 218/218/218
f 220/220/220 222/222/222 221/221/221
f 219/219/219 218/218/218 222/222/222
f 215/215/215 214/214/214 213/213/213
f 187/187/187 186/186/186 224/224/224
f 225/225/225 257/257/257 226/226/226
f 228/228/228 1525/1525/1525 229/229/229
f 231/231/231 1526/1526/1526 232/232/232
f 234/234/234 1527/1527/1527 235/235/235
f 237/237/237 1528/1528/1528 238/238/238
f 240/240/240 1529/1529/1529 241/241/241
f 243/243/243 1530/1530/1530 244/244/244
f 246/246/246 1531/1531/1531 247/247/247
f 249/249/249 1532/1532/1532 250/250/250
f 252/252/252 255/255/255 253/253/253
f 227/227/227 226/226/226 253/253/253
f 256/256/256 259/259/259 257/257/257
f 256/256/256 264/264/264 258/258/258
f 260/260/260 263/263/263 261/261/261
f 252/252/252 254/254/254 263/263/263
f 262/262/262 261/261/261 258/258/258
f 265/265/265 1533/1533/1533 266/266/266
f 268/268/268 1534/1534/1534 269/269/269
f 271/271/271 1535/1535/1535 272/272/272
f 274/274/274 1536/1536/1536 275/275/275
f 277/277/277 1537/1537/1537 278/278/278
f 280/280/280 1538/1538/1538 281/281/281
f 283/283/283 1539/1539/1539 284/284/284
f 286/286/286 1540/1540/1540 287/287/287
f 289/289/289 321/321/321 290/290/290
f 292/292/292 1541/1541/1541 293/293/293
f 295/295/295 1542/1542/1542 296/296/296
f 298/298/298 1543/1543/1543 299/299/299
f 301/301/301 1544/1544/1544 302/302/302
f 304/304/304 1545/1545/1545 305/305/305
f 307/307/307 1546/1546/1546 308/308/308
f 310/310/310 1547/1547/1547 311/311/311
f 313/313/313 1548/1548/1548 314/314/314
f 316/316/316 319/319/319 317/317/317
f 289/289/289 291/291/291 317/317/317
f 320/320/320 323/323/323 290/290/290
f 320/320/320 328/328/328 322/322/322
f 324/324/324 327/327/327 325/325/325
f 324/324/324 316/316/316 318/318/318
f 326/326/326 325/325/325 322/322/322
f 329/329/329 1549/1549/1549 330/330/330
f 332/332/332 1550/1550/1550 333/333/333
f 335/335/335 1551/1551/1551 336/336/336
f 338/338/338 1552/1552/1552 339/339/339
f 341/341/341 1553/1553/1553 342/342/342
f 344/344/344 1554/1554/1554 345/345/345
f 347/347/347 1555/1555/1555 348/348/348
f 350/350/350 1556/1556/1556 351/351/351
f 353/353/353 1557/1557/1557 354/354/354
f 354/354/354 1558/1558/1558 355/355/355
f 355/355/355 1559/1559/1559 1560/1560/1560
f 1560/1560/1560 1561/1561/1561 355/355/355
f 1561/1561/1561 353/353/353 355/355/355
f 356/356/356 1562/1562/1562 357/357/357
f 359/359/359 1563/1563/1563 360/360/360
f 362/362/362 1564/1564/1564 363/363/363
f 365/365/365 1565/1565/1565 366/366/366
f 368/368/368 1566/1566/1566 369/369/369
f 371/371/371 1567/1567/1567 372/372/372
f 374/374/374 1568/1568/1568 375/375/375
f 377/377/377 1569/1569/1569 378/378/378
f 380/380/380 384/384/384 381/381/381
f 383/383/383 1570/1570/1570 384/384/384
f 385/385/385 1571/1571/1571 386/386/386
f 388/388/388 1572/1572/1572 389/389/389
f 393/393/393 1573/1573/1573 1574/1574/1574
f 1573/1573/1573 1575/1575/1575 1576/1576/1576
f 1574/1574/1574 1573/1573/1573 1577/1577/1577
f 1576/1576/1576 1577/1577/1577 1573/1573/1573
f 1577/1577/1577 1578/1578/1578 1574/1574/1574
f 1574/1574/1574 1579/1579/1579 393/393/393
f 1579/1579/1579 1580/1580/1580 1581/1581/1581
f 393/393/393 1579/1579/1579 391/391/391
f 1581/1581/1581 391/391/391 1579/1579/1579
f 394/394/394 1582/1582/1582 395/395/395
f 397/397/397 1583/1583/1583 398/398/398
f 400/400/400 404/404/404 401/401/401
f 403/403/403 1584/1584/1584 404/404/404
f 405/405/405 1585/1585/1585 406/406/406
f 408/408/408 1586/1586/1586 409/409/409
f 411/411/411 1587/1587/1587 412/412/412
f 414/414/414 418/418/418 415/415/415
f 417/417/417 1588/1588/1588 418/418/418
f 419/419/419 1589/1589/1589 420/420/420
f 422/422/422 1590/1590/1590 423/423/423
f 425/425/425 1591/1591/1591 426/426/426
f 428/428/428 432/432/432 429/429/429
f 431/431/431 1592/1592/1592 432/432/432
f 433/433/433 1593/1593/1593 434/434/434
f 436/436/436 1594/1594/1594 437/437/437
f 439/439/439 1595/1595/1595 440/440/440
f 442/442/442 446/446/446 443/443/443
f 445/445/445 1596/1596/1596 446/446/446
f 447/447/447 1597/1597/1597 448/448/448
f 450/450/450 454/454/454 451/451/451
f 453/453/453 1598/1598/1598 454/454/454
f 455/455/455 1599/1599/1599 456/456/456
f 458/458/458 1600/1600/1600 459/459/459
f 461/461/461 1601/1601/1601 462/462/462
f 464/464/464 1602/1602/1602 465/465/465
f 467/467/467 1603/1603/1603 468/468/468
f 470/470/470 474/474/474 471/471/471
f 473/473/473 1604/1604/1604 474/474/474
f 475/475/475 1605/1605/1605 476/476/476
f 478/478/478 482/482/482 479/479/479
f 481/481/481 1606/1606/1606 482/482/482
f 483/483/483 1607/1607/1607 484/484/484
f 486/486/486 1608/1608/1608 487/487/487
f 489/489/489 1609/1609/1609 490/490/490
f 492/492/492 496/496/496 493/493/493
f 495/495/495 1610/1610/1610 496/496/496
f 497/497/497 1611/1611/1611 498/498/498
f 500/500/500 1612/1612/1612 501/501/501
f 503/503/503 1613/1613/1613 504/504/504
f 506/506/506 1614/1614/1614 507/507/507
f 509/509/509 1615/1615/1615 510/510/510
f 512/512/512 516/516/516 513/513/513
f 515/515/515 1616/1616/1616 516/516/516
f 517/517/517 1617/1617/1617 518/518/518
f 520/520/520 1618/1618/1618 521/521/521
f 523/523/523 1619/1619/1619 524/524/524
f 526/526/526 530/530/530 527/527/527
f 529/529/529 1620/1620/1620 530/530/530
f 531/531/531 1621/1621/1621 532/532/532
f 534/534/534 538/538/538 535/535/535
f 537/537/537 1622/1622/1622 538/538/538
f 539/539/539 1623/1623/1623 540/540/540
f 542/542/542 1624/1624/1624 543/543/543
f 545/545/545 1625/1625/1625 546/546/546
f 548/548/548 1626/1626/1626 549/549/549
f 551/551/551 1627/1627/1627 552/552/552
f 554/554/554 1628/1628/1628 555/555/555
f 557/557/557 1629/1629/1629 558/558/558
f 560/560/560 1630/1630/1630 561/561/561
f 563/563/563 1631/1631/1631 564/564/564
f 566/566/566 1632/1632/1632 567/567/567
f 569/569/569 1633/1633/1633 570/570/570
f 572/572/572 1634/1634/1634 573/573/573
f 575/575/575 1635/1635/1635 576/576/576
f 578/578/578 1636/1636/1636 579/579/579
f 581/581/581 1637/1637/1637 582/582/582
f 584/584/584 1638/1638/1638 585/585/585
f 587/587/587 1639/1639/1639 588/588/588
f 590/590/590 1640/1640/1640 591/591/591
f 593/593/593 1641/1641/1641 594/594/594
f 599/599/599 1642/1642/1642 600/600/600
f 602/602/602 1643/1643/1643 603/603/603
f 605/605/605 809/809/809 606/606/606
f 608/608/608 1644/1644/1644 609/609/609
f 611/611/611 1645/1645/1645 612/612/612
f 614/614/614 1646/1646/1646 615/615/615
f 617/617/617 620/620/620 618/618/618
f 620/620/620 622/622/622 621/621/621
f 622/622/622 624/624/624 623/623/623
f 624/624/624 626/626/626 625/625/625
f 626/626/626 613/613/613 612/612/612
f 627/627/627 1647/1647/1647 628/628/628
f 1648/1648/1648 1649/1649/1649 1650/1650/1650
f 1649/1649/1649 1651/1651/1651 1650/1650/1650
f 630/630/630 1652/1652/1652 631/631/631
f 633/633/633 637/637/637 634/634/634
f 636/636/636 639/639/639 637/637/637
f 638/638/638 1653/1653/1653 639/639/639
f 640/640/640 1654/1654/1654 641/641/641
f 643/643/643 647/647/647 644/644/644
f 646/646/646 649/649/649 647/647/647
f 648/648/648 651/651/651 649/649/649
f 650/650/650 653/653/653 651/651/651
f 652/652/652 1655/1655/1655 653/653/653
f 654/654/654 1656/1656/1656 655/655/655
f 656/656/656 655/655/655 657/657/657
f 658/658/658 657/657/657 659/659/659
f 660/660/660 659/659/659 661/661/661
f 662/662/662 661/661/661 663/663/663
f 665/665/665 617/617/617 619/619/619
f 667/667/667 1657/1657/1657 668/668/668
f 670/670/670 1658/1658/1658 671/671/671
f 673/673/673 1659/1659/1659 674/674/674
f 676/676/676 1660/1660/1660 677/677/677
f 679/679/679 1661/1661/1661 680/680/680
f 682/682/682 1662/1662/1662 683/683/683
f 685/685/685 1640/1640/1640 686/686/686
f 688/688/688 1663/1663/1663 689/689/689
f 690/690/690 1664/1664/1664 691/691/691
f 693/693/693 1665/1665/1665 694/694/694
f 698/698/698 1666/1666/1666 696/696/696
f 696/696/696 1667/1667/1667 697/697/697
f 699/699/699 1668/1668/1668 700/700/700
f 1669/1669/1669 1670/1670/1670 704/704/704
f 1670/1670/1670 702/702/702 704/704/704
f 705/705/705 709/709/709 706/706/706
f 708/708/708 711/711/711 709/709/709
f 710/710/710 713/713/713 711/711/711
f 712/712/712 714/714/714 713/713/713
f 693/693/693 695/695/695 714/714/714
f 715/715/715 652/652/652 650/650/650
f 716/716/716 650/650/650 648/648/648
f 717/717/717 648/648/648 646/646/646
f 718/718/718 646/646/646 643/643/643
f 719/719/719 643/643/643 645/645/645
f 721/721/721 1671/1671/1671 722/722/722
f 724/724/724 1672/1672/1672 725/725/725
f 727/727/727 1673/1673/1673 728/728/728
f 730/730/730 1674/1674/1674 731/731/731
f 733/733/733 1675/1675/1675 734/734/734
f 736/736/736 1676/1676/1676 737/737/737
f 739/739/739 1677/1677/1677 740/740/740
f 742/742/742 1678/1678/1678 743/743/743
f 745/745/745 1679/1679/1679 746/746/746
f 748/748/748 1680/1680/1680 749/749/749
f 751/751/751 1681/1681/1681 752/752/752
f 754/754/754 1682/1682/1682 755/755/755
f 757/757/757 1683/1683/1683 758/758/758
f 760/760/760 1684/1684/1684 761/761/761
f 763/763/763 1685/1685/1685 764/764/764
f 766/766/766 1686/1686/1686 767/767/767
f 769/769/769 802/802/802 770/770/770
f 772/772/772 1687/1687/1687 773/773/773
f 765/765/765 764/764/764 775/775/775
f 777/777/777 1688/1688/1688 778/778/778
f 780/780/780 1689/1689/1689 781/781/781
f 783/783/783 792/792/792 784/784/784
f 786/786/786 1690/1690/1690 787/787/787
f 789/789/789 801/801/801 790/790/790
f 776/776/776 775/775/775 792/792/792
f 785/785/785 784/784/784 793/793/793
f 795/795/795 1691/1691/1691 796/796/796
f 798/798/798 1692/1692/1692 799/799/799
f 782/782/782 781/781/781 801/801/801
f 791/791/791 790/790/790 802/802/802
f 1693/1693/1693 1694/1694/1694 1695/1695/1695
f 803/803/803 795/795/795 804/804/804
f 1696/1696/1696 1697/1697/1697 1698/1698/1698
f 1699/1699/1699 1700/1700/1700 1696/1696/1696
f 806/806/806 1701/1701/1701 807/807/807
f 604/604/604 603/603/603 809/809/809
f 810/810/810 1702/1702/1702 811/811/811
f 813/813/813 1703/1703/1703 814/814/814
f 816/816/816 1704/1704/1704 817/817/817
f 818/818/818 1705/1705/1705 819/819/819
f 821/821/821 1706/1706/1706 822/822/822
f 824/824/824 1707/1707/1707 825/825/825
f 827/827/827 1708/1708/1708 828/828/828
f 830/830/830 1709/1709/1709 831/831/831
f 833/833/833 1710/1710/1710 834/834/834
f 836/836/836 1711/1711/1711 837/837/837
f 839/839/839 1712/1712/1712 840/840/840
f 842/842/842 1713/1713/1713 843/843/843
f 845/845/845 1714/1714/1714 846/846/846
f 846/846/846 733/733/733 735/735/735
f 848/848/848 1715/1715/1715 849/849/849
f 849/849/849 730/730/730 732/732/732
f 851/851/851 1716/1716/1716 852/852/852
f 852/852/852 727/727/727 729/729/729
f 854/854/854 1717/1717/1717 855/855/855
f 857/857/857 1718/1718/1718 858/858/858
f 860/860/860 1719/1719/1719 861/861/861
f 863/863/863 1720/1720/1720 864/864/864
f 663/663/663 661/661/661 866/866/866
f 866/866/866 719/719/719 720/720/720
f 661/661/661 659/659/659 868/868/868
f 868/868/868 718/718/718 719/719/719
f 659/659/659 657/657/657 869/869/869
f 869/869/869 717/717/717 718/718/718
f 657/657/657 655/655/655 870/870/870
f 870/870/870 716/716/716 717/717/717
f 655/655/655 1656/1656/1656 871/871/871
f 871/871/871 715/715/715 716/716/716
f 872/872/872 1721/1721/1721 873/873/873
f 874/874/874 1722/1722/1722 875/875/875
f 877/877/877 1639/1639/1639 878/878/878
f 878/878/878 685/685/685 687/687/687
f 880/880/880 1723/1723/1723 881/881/881
f 883/883/883 1724/1724/1724 884/884/884
f 886/886/886 1725/1725/1725 887/887/887
f 889/889/889 1726/1726/1726 890/890/890
f 892/892/892 1727/1727/1727 893/893/893
f 893/893/893 676/676/676 678/678/678
f 895/895/895 1728/1728/1728 896/896/896
f 896/896/896 670/670/670 672/672/672
f 898/898/898 1729/1729/1729 899/899/899
f 901/901/901 1730/1730/1730 902/902/902
f 904/904/904 1731/1731/1731 905/905/905
f 907/907/907 1732/1732/1732 908/908/908
f 910/910/910 1733/1733/1733 911/911/911
f 913/913/913 1734/1734/1734 914/914/914
f 916/916/916 1735/1735/1735 917/917/917
f 707/707/707 706/706/706 919/919/919
f 933/933/933 1736/1736/1736 934/934/934
f 936/936/936 1737/1737/1737 937/937/937
f 939/939/939 1738/1738/1738 924/924/924
f 932/932/932 1739/1739/1739 940/940/940
f 941/941/941 1740/1740/1740 942/942/942
f 926/926/926 925/925/925 922/922/922
f 927/927/927 929/929/929 944/944/944
f 927/927/927 932/932/932 931/931/931
f 884/884/884 1741/1741/1741 946/946/946
f 773/773/773 1724/1724/1724 883/883/883
f 946/946/946 1741/1741/1741 947/947/947
f 950/950/950 1742/1742/1742 951/951/951
f 951/951/951 1743/1743/1743 1744/1744/1744
f 1743/1743/1743 1745/1745/1745 1744/1744/1744
f 1745/1745/1745 1746/1746/1746 1744/1744/1744
f 1744/1744/1744 949/949/949 951/951/951
f 952/952/952 1747/1747/1747 953/953/953
f 957/957/957 1748/1748/1748 1749/1749/1749
f 1748/1748/1748 1750/1750/1750 1749/1749/1749
f 1750/1750/1750 1751/1751/1751 1749/1749/1749
f 1749/1749/1749 1752/1752/1752 957/957/957
f 1752/1752/1752 955/955/955 957/957/957
f 958/958/958 1753/1753/1753 959/959/959
f 961/961/961 1754/1754/1754 962/962/962
f 965/965/965 1755/1755/1755 966/966/966
f 966/966/966 1756/1756/1756 1757/1757/1757
f 1756/1756/1756 1758/1758/1758 1757/1757/1757
f 1758/1758/1758 1759/1759/1759 1757/1757/1757
f 1757/1757/1757 964/964/964 966/966/966
f 967/967/967 1760/1760/1760 968/968/968
f 970/970/970 1761/1761/1761 971/971/971
f 973/973/973 1762/1762/1762 974/974/974
f 976/976/976 1763/1763/1763 977/977/977
f 979/979/979 1764/1764/1764 980/980/980
f 982/982/982 1765/1765/1765 983/983/983
f 985/985/985 1766/1766/1766 986/986/986
f 988/988/988 1767/1767/1767 989/989/989
f 993/993/993 1768/1768/1768 1769/1769/1769
f 1768/1768/1768 1770/1770/1770 1769/1769/1769
f 1770/1770/1770 1771/1771/1771 1769/1769/1769
f 1769/1769/1769 1772/1772/1772 993/993/993
f 1772/1772/1772 991/991/991 993/993/993
f 994/994/994 1773/1773/1773 995/995/995
f 997/997/997 1774/1774/1774 998/998/998
f 1000/1000/1000 1775/1775/1775 1001/1001/1001
f 1003/1003/1003 1776/1776/1776 1004/1004/1004
f 1006/1006/1006 1777/1777/1777 1007/1007/1007
f 1011/1011/1011 1778/1778/1778 1779/1779/1779
f 1778/1778/1778 1780/1780/1780 1779/1779/1779
f 1780/1780/1780 1781/1781/1781 1779/1779/1779
f 1779/1779/1779 1782/1782/1782 1011/1011/1011
f 1782/1782/1782 1009/1009/1009 1011/1011/1011
f 1012/1012/1012 1783/1783/1783 1013/1013/1013
f 1015/1015/1015 1784/1784/1784 1016/1016/1016
f 1018/1018/1018 1785/1785/1785 1019/1019/1019
f 1023/1023/1023 1786/1786/1786 1787/1787/1787
f 1786/1786/1786 1788/1788/1788 1787/1787/1787
f 1788/1788/1788 1789/1789/1789 1787/1787/1787
f 1787/1787/1787 1790/1790/1790 1023/1023/1023
f 1790/1790/1790 1021/1021/1021 1023/1023/1023
f 1024/1024/1024 1791/1791/1791 1025/1025/1025
f 1027/1027/1027 1792/1792/1792 1028/1028/1028
f 1030/1030/1030 1793/1793/1793 1031/1031/1031
f 1033/1033/1033 1794/1794/1794 1034/1034/1034
f 1036/1036/1036 1795/1795/1795 1037/1037/1037
f 1039/1039/1039 1796/1796/1796 1040/1040/1040
f 1042/1042/1042 1797/1797/1797 1043/1043/1043
f 1045/1045/1045 1798/1798/1798 1046/1046/1046
f 1048/1048/1048 1799/1799/1799 1049/1049/1049
f 1051/1051/1051 1800/1800/1800 1052/1052/1052
f 1054/1054/1054 1801/1801/1801 1055/1055/1055
f 1057/1057/1057 1802/1802/1802 1058/1058/1058
f 1060/1060/1060 1803/1803/1803 1061/1061/1061
f 1063/1063/1063 1804/1804/1804 1064/1064/1064
f 1066/1066/1066 1805/1805/1805 1067/1067/1067
f 1069/1069/1069 1806/1806/1806 1070/1070/1070
f 1072/1072/1072 1807/1807/1807 1073/1073/1073
f 1075/1075/1075 1808/1808/1808 1076/1076/1076
f 1078/1078/1078 1809/1809/1809 1079/1079/1079
f 1081/1081/1081 1810/1810/1810 1082/1082/1082
f 1084/1084/1084 1811/1811/1811 1085/1085/1085
f 1089/1089/1089 1812/1812/1812 1813/1813/1813
f 1813/1813/1813 1814/1814/1814 1087/1087/1087
f 1087/1087/1087 1815/1815/1815 1088/1088/1088
f 1088/1088/1088 1816/1816/1816 1089/1089/1089
f 1089/1089/1089 1813/1813/1813 1087/1087/1087
f 1090/1090/1090 1817/1817/1817 1091/1091/1091
f 1093/1093/1093 1818/1818/1818 1094/1094/1094
f 1096/1096/1096 1819/1819/1819 1097/1097/1097
f 1099/1099/1099 1820/1820/1820 1100/1100/1100
f 1102/1102/1102 1821/1821/1821 1103/1103/1103
f 1105/1105/1105 1822/1822/1822 1106/1106/1106
f 1108/1108/1108 1823/1823/1823 1109/1109/1109
f 1111/1111/1111 1824/1824/1824 1112/1112/1112
f 1114/1114/1114 1825/1825/1825 1115/1115/1115
f 1117/1117/1117 1826/1826/1826 1118/1118/1118
f 1120/1120/1120 1827/1827/1827 1121/1121/1121
f 1123/1123/1123 1828/1828/1828 1124/1124/1124
f 1126/1126/1126 1829/1829/1829 1127/1127/1127
f 1129/1129/1129 1830/1830/1830 1130/1130/1130
f 1132/1132/1132 1831/1831/1831 1133/1133/1133
f 1135/1135/1135 1832/1832/1832 1136/1136/1136
f 1138/1138/1138 1833/1833/1833 1139/1139/1139
f 1141/1141/1141 1834/1834/1834 1142/1142/1142
f 1144/1144/1144 1835/1835/1835 1145/1145/1145
f 1147/1147/1147 1836/1836/1836 1148/1148/1148
f 1150/1150/1150 1837/1837/1837 1151/1151/1151
f 1153/1153/1153 1838/1838/1838 1154/1154/1154
f 1156/1156/1156 1839/1839/1839 1157/1157/1157
f 1161/1161/1161 1840/1840/1840 1841/1841/1841
f 1841/1841/1841 1842/1842/1842 1159/1159/1159
f 1159/1159/1159 1843/1843/1843 1160/1160/1160
f 1160/1160/1160 1844/1844/1844 1161/1161/1161
f 1161/1161/1161 1841/1841/1841 1159/1159/1159
f 1162/1162/1162 1845/1845/1845 1163/1163/1163
f 1165/1165/1165 1846/1846/1846 1166/1166/1166
f 1168/1168/1168 1847/1847/1847 1169/1169/1169
f 1171/1171/1171 1848/1848/1848 1172/1172/1172
f 1174/1174/1174 1849/1849/1849 1175/1175/1175
f 1177/1177/1177 1850/1850/1850 1178/1178/1178
f 1180/1180/1180 1851/1851/1851 1181/1181/1181
f 1183/1183/1183 1852/1852/1852 1184/1184/1184
f 1186/1186/1186 1853/1853/1853 1187/1187/1187
f 1189/1189/1189 1854/1854/1854 1190/1190/1190
f 1194/1194/1194 1855/1855/1855 1856/1856/1856
f 1855/1855/1855 1857/1857/1857 1856/1856/1856
f 1857/1857/1857 1858/1858/1858 1856/1856/1856
f 1856/1856/1856 1859/1859/1859 1194/1194/1194
f 1859/1859/1859 1192/1192/1192 1194/1194/1194
f 1195/1195/1195 1860/1860/1860 1196/1196/1196
f 1198/1198/1198 1861/1861/1861 1199/1199/1199
f 1201/1201/1201 1862/1862/1862 1202/1202/1202
f 1204/1204/1204 1863/1863/1863 1205/1205/1205
f 1207/1207/1207 1864/1864/1864 1208/1208/1208
f 1210/1210/1210 1865/1865/1865 1211/1211/1211
f 1215/1215/1215 1866/1866/1866 1867/1867/1867
f 1866/1866/1866 1868/1868/1868 1867/1867/1867
f 1868/1868/1868 1869/1869/1869 1867/1867/1867
f 1867/1867/1867 1870/1870/1870 1215/1215/1215
f 1870/1870/1870 1213/1213/1213 1215/1215/1215
f 1216/1216/1216 1871/1871/1871 1217/1217/1217
f 1221/1221/1221 1872/1872/1872 1873/1873/1873
f 1872/1872/1872 1874/1874/1874 1873/1873/1873
f 1874/1874/1874 1875/1875/1875 1873/1873/1873
f 1873/1873/1873 1876/1876/1876 1221/1221/1221
f 1876/1876/1876 1219/1219/1219 1221/1221/1221
f 1222/1222/1222 1877/1877/1877 1223/1223/1223
f 1225/1225/1225 1878/1878/1878 1226/1226/1226
f 1228/1228/1228 1879/1879/1879 1229/1229/1229
f 1231/1231/1231 1880/1880/1880 1232/1232/1232
f 1234/1234/1234 1881/1881/1881 1235/1235/1235
f 1237/1237/1237 1882/1882/1882 1238/1238/1238
f 1242/1242/1242 1883/1883/1883 1884/1884/1884
f 1883/1883/1883 1885/1885/1885 1884/1884/1884
f 1885/1885/1885 1886/1886/1886 1884/1884/1884
f 1884/1884/1884 1887/1887/1887 1242/1242/1242
f 1887/1887/1887 1240/1240/1240 1242/1242/1242
f 1243/1243/1243 1888/1888/1888 1244/1244/1244
f 1246/1246/1246 1889/1889/1889 1247/1247/1247
f 1251/1251/1251 1890/1890/1890 1891/1891/1891
f 1890/1890/1890 1892/1892/1892 1891/1891/1891
f 1892/1892/1892 1893/1893/1893 1891/1891/1891
f 1891/1891/1891 1894/1894/1894 1251/1251/1251
f 1894/1894/1894 1249/1249/1249 1251/1251/1251
f 1252/1252/1252 1895/1895/1895 1253/1253/1253
f 1255/1255/1255 1896/1896/1896 1256/1256/1256
f 1258/1258/1258 1897/1897/1897 1259/1259/1259
f 1261/1261/1261 1898/1898/1898 1262/1262/1262
f 1264/1264/1264 1899/1899/1899 1265/1265/1265
f 1267/1267/1267 1900/1900/1900 1268/1268/1268
f 1272/1272/1272 1901/1901/1901 1902/1902/1902
f 1901/1901/1901 1903/1903/1903 1902/1902/1902
f 1903/1903/1903 1904/1904/1904 1902/1902/1902
f 1902/1902/1902 1905/1905/1905 1272/1272/1272
f 1905/1905/1905 1270/1270/1270 1272/1272/1272
f 1274/1274/1274 1906/1906/1906 1275/1275/1275
f 1275/1275/1275 1907/1907/1907 1273/1273/1273
f 1907/1907/1907 1908/1908/1908 1273/1273/1273
f 1276/1276/1276 1909/1909/1909 1277/1277/1277
f 1279/1279/1279 1910/1910/1910 1280/1280/1280
f 1282/1282/1282 1911/1911/1911 1283/1283/1283
f 1912/1912/1912 1287/1287/1287 1286/1286/1286
f 1287/1287/1287 1913/1913/1913 1285/1285/1285
f 1913/1913/1913 1914/1914/1914 1285/1285/1285
f 1289/1289/1289 1915/1915/1915 1290/1290/1290
f 1290/1290/1290 1916/1916/1916 1288/1288/1288
f 1916/1916/1916 1917/1917/1917 1288/1288/1288
f 1291/1291/1291 1918/1918/1918 1292/1292/1292
f 1294/1294/1294 1919/1919/1919 1295/1295/1295
f 1297/1297/1297 1920/1920/1920 1298/1298/1298
f 1300/1300/1300 1921/1921/1921 1301/1301/1301
f 1303/1303/1303 1922/1922/1922 1304/1304/1304
f 1306/1306/1306 1923/1923/1923 1307/1307/1307
f 1309/1309/1309 1924/1924/1924 1310/1310/1310
f 1313/1313/1313 1925/1925/1925 1314/1314/1314
f 1314/1314/1314 1926/1926/1926 1312/1312/1312
f 1926/1926/1926 1927/1927/1927 1312/1312/1312
f 1315/1315/1315 1928/1928/1928 1316/1316/1316
f 1318/1318/1318 1929/1929/1929 1319/1319/1319
f 1321/1321/1321 1930/1930/1930 1322/1322/1322
f 1324/1324/1324 1931/1931/1931 1325/1325/1325
f 1327/1327/1327 1932/1932/1932 1328/1328/1328
f 1332/1332/1332 1933/1933/1933 1330/1330/1330
f 1933/1933/1933 1934/1934/1934 1330/1330/1330
f 1934/1934/1934 1935/1935/1935 1936/1936/1936
f 1936/1936/1936 1937/1937/1937 1934/1934/1934
f 1937/1937/1937 1330/1330/1330 1934/1934/1934
f 1333/1333/1333 1938/1938/1938 1334/1334/1334
f 1336/1336/1336 1939/1939/1939 1337/1337/1337
f 1339/1339/1339 1940/1940/1940 1340/1340/1340
f 1342/1342/1342 1941/1941/1941 1343/1343/1343
f 1345/1345/1345 1942/1942/1942 1346/1346/1346
f 1348/1348/1348 1943/1943/1943 1349/1349/1349
f 1351/1351/1351 1944/1944/1944 1352/1352/1352
f 1354/1354/1354 1945/1945/1945 1355/1355/1355
f 1357/1357/1357 1946/1946/1946 1358/1358/1358
f 1360/1360/1360 1947/1947/1947 1361/1361/1361
f 1363/1363/1363 1948/1948/1948 1364/1364/1364
f 1366/1366/1366 1949/1949/1949 1367/1367/1367
f 1369/1369/1369 1950/1950/1950 1370/1370/1370
f 1372/1372/1372 1951/1951/1951 1373/1373/1373
f 1375/1375/1375 1952/1952/1952 1376/1376/1376
f 1378/1378/1378 1953/1953/1953 1379/1379/1379
f 1381/1381/1381 1954/1954/1954 1382/1382/1382
f 1384/1384/1384 1955/1955/1955 1385/1385/1385
f 1387/1387/1387 1956/1956/1956 1388/1388/1388
f 1390/1390/1390 1957/1957/1957 1391/1391/1391
f 1395/1395/1395 1958/1958/1958 1393/1393/1393
f 1958/1958/1958 1959/1959/1959 1393/1393/1393
f 1959/1959/1959 1960/1960/1960 1961/1961/1961
f 1961/1961/1961 1962/1962/1962 1959/1959/1959
f 1962/1962/1962 1393/1393/1393 1959/1959/1959
f 1396/1396/1396 1963/1963/1963 1397/1397/1397
f 1399/1399/1399 1964/1964/1964 1400/1400/1400
f 1402/1402/1402 1965/1965/1965 1403/1403/1403
f 1405/1405/1405 1966/1966/1966 1406/1406/1406
f 1408/1408/1408 1967/1967/1967 1409/1409/1409
f 1411/1411/1411 1968/1968/1968 1412/1412/1412
f 1414/1414/1414 1969/1969/1969 1415/1415/1415
f 1417/1417/1417 1970/1970/1970 1418/1418/1418
f 1420/1420/1420 1971/1971/1971 1421/1421/1421
f 1423/1423/1423 1972/1972/1972 1424/1424/1424
f 1426/1426/1426 1973/1973/1973 1427/1427/1427
f 1429/1429/1429 1974/1974/1974 1430/1430/1430
f 1432/1432/1432 1975/1975/1975 1433/1433/1433
f 1435/1435/1435 1976/1976/1976 1436/1436/1436
f 1438/1438/1438 1977/1977/1977 1439/1439/1439
