# Cube -- imported by tools/import_asset_pack.py from Water.fbx
o __pending__
v -0.027449 0.120241 0.028319
v -0.038819 0.108320 0.000870
v -0.027449 0.108320 0.028319
v 0.027449 0.120241 -0.026580
v 0.038819 0.108320 0.000870
v 0.027449 0.108320 -0.026580
v -0.000000 0.120241 -0.037950
v 0.027449 0.108320 -0.026580
v -0.000000 0.108320 -0.037950
v 0.027449 0.120241 0.028319
v -0.000000 0.108320 0.039689
v 0.027449 0.108320 0.028319
v -0.000000 0.120241 0.039689
v -0.027449 0.108320 0.028319
v -0.000000 0.108320 0.039689
v 0.038819 0.120241 0.000870
v 0.027449 0.108320 0.028319
v 0.038819 0.108320 0.000870
v 0.027449 0.138502 0.028319
v 0.027449 0.120241 0.028319
v -0.038819 0.120241 0.000870
v -0.027449 0.108320 -0.026580
v -0.038819 0.108320 0.000870
v -0.027449 0.120241 -0.026580
v -0.000000 0.108320 -0.037950
v -0.027449 0.108320 -0.026580
v 0.038819 0.108320 0.000870
v 0.025533 0.102668 -0.024664
v 0.027449 0.108320 -0.026580
v -0.000000 0.102668 -0.035240
v -0.028071 0.099625 -0.027201
v -0.025533 0.102668 -0.024664
v 0.027449 0.108320 -0.026580
v -0.000000 0.102668 -0.035240
v -0.000000 0.108320 -0.037950
v -0.000000 0.108320 -0.037950
v -0.025533 0.102668 -0.024664
v -0.027449 0.108320 -0.026580
v -0.027449 0.108320 0.028319
v -0.000000 0.102668 0.036979
v -0.000000 0.108320 0.039689
v -0.038819 0.108320 0.000870
v -0.025533 0.102668 0.026403
v -0.027449 0.108320 0.028319
v -0.027449 0.108320 -0.026580
v -0.036109 0.102668 0.000870
v -0.038819 0.108320 0.000870
v -0.000000 0.108320 0.039689
v 0.025533 0.102668 0.026403
v 0.027449 0.108320 0.028319
v 0.027449 0.108320 0.028319
v 0.036109 0.102668 0.000870
v 0.038819 0.108320 0.000870
v -0.028071 0.099625 0.028940
v 0.000000 0.089191 0.040568
v -0.000000 0.099625 0.040568
v 0.025533 0.102668 0.026403
v -0.000000 0.099625 0.040568
v 0.028071 0.099625 0.028940
v 0.036109 0.102668 0.000870
v 0.028071 0.099625 0.028940
v 0.039698 0.099625 0.000870
v -0.025533 0.102668 -0.024664
v -0.039698 0.099625 0.000870
v -0.036109 0.102668 0.000870
v 0.036109 0.102668 0.000870
v 0.028071 0.099625 -0.027201
v 0.025533 0.102668 -0.024664
v -0.025533 0.102668 0.026403
v -0.000000 0.099625 0.040568
v -0.000000 0.102668 0.036979
v 0.025533 0.102668 -0.024664
v -0.000000 0.099625 -0.038829
v -0.000000 0.102668 -0.035240
v -0.025533 0.102668 0.026403
v -0.039698 0.099625 0.000870
v -0.028071 0.099625 0.028940
v -0.039698 0.089191 0.000870
v -0.026641 0.084843 -0.025771
v -0.037676 0.084843 0.000870
v 0.028071 0.099625 -0.027201
v 0.000000 0.089191 -0.038829
v -0.000000 0.099625 -0.038829
v -0.039698 0.099625 0.000870
v -0.028071 0.089191 0.028940
v -0.028071 0.099625 0.028940
v -0.000000 0.099625 -0.038829
v -0.028071 0.089191 -0.027201
v -0.028071 0.099625 -0.027201
v -0.000000 0.099625 0.040568
v 0.028071 0.089191 0.028940
v 0.028071 0.099625 0.028940
v 0.028071 0.099625 0.028940
v 0.039698 0.089191 0.000870
v 0.039698 0.099625 0.000870
v -0.028071 0.099625 -0.027201
v -0.039698 0.089191 0.000870
v -0.039698 0.099625 0.000870
v 0.039698 0.099625 0.000870
v 0.028071 0.089191 -0.027201
v 0.028071 0.099625 -0.027201
v -0.026641 0.084843 -0.025771
v 0.000000 0.080495 -0.039411
v -0.028482 0.080495 -0.027613
v 0.039698 0.089191 0.000870
v 0.026641 0.084843 -0.025771
v 0.028071 0.089191 -0.027201
v -0.028071 0.089191 0.028940
v 0.000000 0.084843 0.038545
v 0.000000 0.089191 0.040568
v 0.000000 0.089191 -0.038829
v 0.026641 0.084843 -0.025771
v 0.000000 0.084843 -0.036806
v -0.039698 0.089191 0.000870
v -0.026641 0.084843 0.027510
v -0.028071 0.089191 0.028940
v 0.000000 0.089191 -0.038829
v -0.026641 0.084843 -0.025771
v -0.028071 0.089191 -0.027201
v 0.000000 0.089191 0.040568
v 0.026641 0.084843 0.027510
v 0.028071 0.089191 0.028940
v 0.028071 0.089191 0.028940
v 0.037676 0.084843 0.000870
v 0.039698 0.089191 0.000870
v 0.028483 0.080495 -0.027613
v 0.000000 0.072235 -0.039411
v 0.000000 0.080495 -0.039411
v 0.000000 0.084843 0.038545
v 0.028483 0.080495 0.029352
v 0.026641 0.084843 0.027510
v 0.026641 0.084843 0.027510
v 0.040280 0.080495 0.000870
v 0.037676 0.084843 0.000870
v -0.026641 0.084843 -0.025771
v -0.040280 0.080495 0.000870
v -0.037676 0.084843 0.000870
v 0.037676 0.084843 0.000870
v 0.028483 0.080495 -0.027613
v 0.026641 0.084843 -0.025771
v -0.026641 0.084843 0.027510
v 0.000000 0.080495 0.041150
v 0.000000 0.084843 0.038545
v 0.026641 0.084843 -0.025771
v 0.000000 0.080495 -0.039411
v 0.000000 0.084843 -0.036806
v -0.037676 0.084843 0.000870
v -0.028482 0.080495 0.029352
v -0.026641 0.084843 0.027510
v 0.040280 0.072235 0.000870
v 0.026497 0.067887 -0.025628
v 0.028483 0.072235 -0.027613
v -0.040280 0.080495 0.000870
v -0.028482 0.072235 0.029352
v -0.028482 0.080495 0.029352
v 0.000000 0.080495 -0.039411
v -0.028482 0.072235 -0.027613
v -0.028482 0.080495 -0.027613
v 0.000000 0.080495 0.041150
v 0.028483 0.072235 0.029352
v 0.028483 0.080495 0.029352
v 0.028483 0.080495 0.029352
v 0.040280 0.072235 0.000870
v 0.040280 0.080495 0.000870
v -0.028482 0.080495 -0.027613
v -0.040280 0.072235 0.000870
v -0.040280 0.080495 0.000870
v 0.040280 0.080495 0.000870
v 0.028483 0.072235 -0.027613
v 0.028483 0.080495 -0.027613
v -0.028482 0.080495 0.029352
v 0.000000 0.072235 0.041150
v 0.000000 0.080495 0.041150
v 0.000000 0.067887 0.038342
v 0.028924 0.064409 0.029794
v 0.026497 0.067887 0.027367
v 0.000000 0.072235 0.041150
v -0.026497 0.067887 0.027367
v 0.000000 0.067887 0.038342
v 0.028483 0.072235 -0.027613
v 0.000000 0.067887 -0.036603
v 0.000000 0.072235 -0.039411
v -0.040280 0.072235 0.000870
v -0.026497 0.067887 0.027367
v -0.028482 0.072235 0.029352
v 0.000000 0.072235 -0.039411
v -0.026497 0.067887 -0.025628
v -0.028482 0.072235 -0.027613
v 0.028483 0.072235 0.029352
v 0.000000 0.067887 0.038342
v 0.026497 0.067887 0.027367
v 0.028483 0.072235 0.029352
v 0.037472 0.067887 0.000870
v 0.040280 0.072235 0.000870
v -0.028482 0.072235 -0.027613
v -0.037472 0.067887 0.000870
v -0.040280 0.072235 0.000870
v 0.000000 0.064409 -0.040035
v -0.028924 0.047018 -0.028055
v -0.028924 0.064409 -0.028055
v 0.026497 0.067887 0.027367
v 0.040905 0.064409 0.000870
v 0.037472 0.067887 0.000870
v -0.026497 0.067887 -0.025628
v -0.040905 0.064409 0.000870
v -0.037472 0.067887 0.000870
v 0.026497 0.067887 -0.025628
v 0.040905 0.064409 0.000870
v 0.028924 0.064409 -0.028055
v 0.000000 0.067887 0.038342
v -0.028924 0.064409 0.029794
v 0.000000 0.064409 0.041775
v 0.026497 0.067887 -0.025628
v 0.000000 0.064409 -0.040035
v 0.000000 0.067887 -0.036603
v -0.037472 0.067887 0.000870
v -0.028924 0.064409 0.029794
v -0.026497 0.067887 0.027367
v 0.000000 0.067887 -0.036603
v -0.028924 0.064409 -0.028055
v -0.026497 0.067887 -0.025628
v -0.028924 0.047018 0.029794
v -0.000000 0.044409 0.039763
v -0.000000 0.047018 0.041775
v 0.000000 0.064409 0.041775
v 0.028924 0.047018 0.029794
v 0.028924 0.064409 0.029794
v 0.028924 0.064409 0.029794
v 0.040905 0.047018 0.000870
v 0.040905 0.064409 0.000870
v -0.028924 0.064409 -0.028055
v -0.040905 0.047018 0.000870
v -0.040905 0.064409 0.000870
v 0.040905 0.064409 0.000870
v 0.028924 0.047018 -0.028055
v 0.028924 0.064409 -0.028055
v -0.028924 0.064409 0.029794
v -0.000000 0.047018 0.041775
v 0.000000 0.064409 0.041775
v 0.000000 0.064409 -0.040035
v 0.028924 0.047018 -0.028055
v -0.000000 0.047018 -0.040035
v -0.040905 0.064409 0.000870
v -0.028924 0.047018 0.029794
v -0.028924 0.064409 0.029794
v -0.038893 0.044409 0.000870
v -0.029770 0.038757 -0.028901
v -0.042102 0.038757 0.000870
v 0.028924 0.047018 -0.028055
v -0.000000 0.044409 -0.038024
v -0.000000 0.047018 -0.040035
v -0.040905 0.047018 0.000870
v -0.027502 0.044409 0.028371
v -0.028924 0.047018 0.029794
v -0.028924 0.047018 -0.028055
v -0.000000 0.044409 -0.038024
v -0.027502 0.044409 -0.026632
v -0.000000 0.047018 0.041775
v 0.027502 0.044409 0.028371
v 0.028924 0.047018 0.029794
v 0.028924 0.047018 0.029794
v 0.038893 0.044409 0.000870
v 0.040905 0.047018 0.000870
v -0.028924 0.047018 -0.028055
v -0.038893 0.044409 0.000870
v -0.040905 0.047018 0.000870
v 0.040905 0.047018 0.000870
v 0.027502 0.044409 -0.026632
v 0.028924 0.047018 -0.028055
v -0.000000 0.038757 -0.041232
v -0.029770 0.027019 -0.028901
v -0.029770 0.038757 -0.028901
v 0.027502 0.044409 -0.026632
v 0.042102 0.038757 0.000870
v 0.029770 0.038757 -0.028901
v -0.027502 0.044409 0.028371
v -0.000000 0.038757 0.042971
v -0.000000 0.044409 0.039763
v 0.027502 0.044409 -0.026632
v -0.000000 0.038757 -0.041232
v -0.000000 0.044409 -0.038024
v -0.038893 0.044409 0.000870
v -0.029770 0.038757 0.030640
v -0.027502 0.044409 0.028371
v -0.000000 0.044409 -0.038024
v -0.029770 0.038757 -0.028901
v -0.027502 0.044409 -0.026632
v -0.000000 0.044409 0.039763
v 0.029770 0.038757 0.030640
v 0.027502 0.044409 0.028371
v 0.027502 0.044409 0.028371
v 0.042102 0.038757 0.000870
v 0.038893 0.044409 0.000870
v -0.042102 0.027019 0.000870
v -0.027356 0.024410 0.028225
v -0.029770 0.027019 0.030640
v -0.000000 0.038757 0.042971
v 0.029770 0.027019 0.030640
v 0.029770 0.038757 0.030640
v 0.029770 0.038757 0.030640
v 0.042102 0.027019 0.000870
v 0.042102 0.038757 0.000870
v -0.029770 0.038757 -0.028901
v -0.042102 0.027019 0.000870
v -0.042102 0.038757 0.000870
v 0.042102 0.038757 0.000870
v 0.029770 0.027019 -0.028901
v 0.029770 0.038757 -0.028901
v -0.029770 0.038757 0.030640
v -0.000000 0.027019 0.042971
v -0.000000 0.038757 0.042971
v 0.029770 0.038757 -0.028901
v -0.000000 0.027019 -0.041232
v -0.000000 0.038757 -0.041232
v -0.042102 0.038757 0.000870
v -0.029770 0.027019 0.030640
v -0.029770 0.038757 0.030640
v 0.038687 0.024410 0.000870
v 0.029520 0.022236 -0.028651
v 0.027356 0.024410 -0.026486
v -0.029770 0.027019 -0.028901
v -0.000000 0.024410 -0.037817
v -0.027356 0.024410 -0.026486
v -0.000000 0.027019 0.042971
v 0.027356 0.024410 0.028225
v 0.029770 0.027019 0.030640
v 0.042102 0.027019 0.000870
v 0.027356 0.024410 0.028225
v 0.038687 0.024410 0.000870
v -0.029770 0.027019 -0.028901
v -0.038687 0.024410 0.000870
v -0.042102 0.027019 0.000870
v 0.042102 0.027019 0.000870
v 0.027356 0.024410 -0.026486
v 0.029770 0.027019 -0.028901
v -0.029770 0.027019 0.030640
v -0.000000 0.024410 0.039557
v -0.000000 0.027019 0.042971
v 0.029770 0.027019 -0.028901
v -0.000000 0.024410 -0.037817
v -0.000000 0.027019 -0.041232
v 0.029520 0.022236 0.030390
v 0.041748 0.004411 0.000870
v 0.041748 0.022236 0.000870
v -0.000000 0.024410 0.039557
v -0.029520 0.022236 0.030390
v -0.000000 0.022236 0.042618
v 0.027356 0.024410 -0.026486
v -0.000000 0.022236 -0.040879
v -0.000000 0.024410 -0.037817
v -0.038687 0.024410 0.000870
v -0.029520 0.022236 0.030390
v -0.027356 0.024410 0.028225
v -0.000000 0.024410 -0.037817
v -0.029520 0.022236 -0.028651
v -0.027356 0.024410 -0.026486
v -0.000000 0.024410 0.039557
v 0.029520 0.022236 0.030390
v 0.027356 0.024410 0.028225
v 0.027356 0.024410 0.028225
v 0.041748 0.022236 0.000870
v 0.038687 0.024410 0.000870
v -0.027356 0.024410 -0.026486
v -0.041748 0.022236 0.000870
v -0.038687 0.024410 0.000870
v -0.029520 0.004411 -0.028651
v -0.000000 0.001802 -0.038558
v -0.027880 0.001802 -0.027010
v -0.029520 0.022236 -0.028651
v -0.041748 0.004411 0.000870
v -0.041748 0.022236 0.000870
v 0.041748 0.022236 0.000870
v 0.029520 0.004411 -0.028651
v 0.029520 0.022236 -0.028651
v -0.029520 0.022236 0.030390
v -0.000000 0.004411 0.042618
v -0.000000 0.022236 0.042618
v 0.029520 0.022236 -0.028651
v -0.000000 0.004411 -0.040879
v -0.000000 0.022236 -0.040879
v -0.041748 0.022236 0.000870
v -0.029520 0.004411 0.030390
v -0.029520 0.022236 0.030390
v -0.000000 0.022236 -0.040879
v -0.029520 0.004411 -0.028651
v -0.029520 0.022236 -0.028651
v -0.000000 0.022236 0.042618
v 0.029520 0.004411 0.030390
v 0.029520 0.022236 0.030390
v 0.027880 0.001802 -0.027010
v -0.000000 -0.001241 -0.041539
v -0.000000 0.001802 -0.038558
v -0.000000 0.004411 0.042618
v 0.027880 0.001802 0.028749
v 0.029520 0.004411 0.030390
v 0.029520 0.004411 0.030390
v 0.039428 0.001802 0.000870
v 0.041748 0.004411 0.000870
v -0.029520 0.004411 -0.028651
v -0.039428 0.001802 0.000870
v -0.041748 0.004411 0.000870
v 0.041748 0.004411 0.000870
v 0.027880 0.001802 -0.027010
v 0.029520 0.004411 -0.028651
v -0.000000 0.004411 0.042618
v -0.027880 0.001802 0.028749
v -0.000000 0.001802 0.040297
v 0.029520 0.004411 -0.028651
v -0.000000 0.001802 -0.038558
v -0.000000 0.004411 -0.040879
v -0.041748 0.004411 0.000870
v -0.027880 0.001802 0.028749
v -0.029520 0.004411 0.030390
v 0.042408 -0.001241 0.000870
v 0.029987 -0.020371 -0.029118
v 0.029987 -0.001241 -0.029118
v -0.039428 0.001802 0.000870
v -0.029987 -0.001241 0.030857
v -0.027880 0.001802 0.028749
v -0.000000 0.001802 -0.038558
v -0.029987 -0.001241 -0.029118
v -0.027880 0.001802 -0.027010
v -0.000000 0.001802 0.040297
v 0.029987 -0.001241 0.030857
v 0.027880 0.001802 0.028749
v 0.027880 0.001802 0.028749
v 0.042408 -0.001241 0.000870
v 0.039428 0.001802 0.000870
v -0.027880 0.001802 -0.027010
v -0.042408 -0.001241 0.000870
v -0.039428 0.001802 0.000870
v 0.039428 0.001802 0.000870
v 0.029987 -0.001241 -0.029118
v 0.027880 0.001802 -0.027010
v -0.027880 0.001802 0.028749
v -0.000000 -0.001241 0.043278
v -0.000000 0.001802 0.040297
v -0.000000 -0.020371 0.043278
v 0.028319 -0.023414 0.029188
v 0.029987 -0.020371 0.030857
v -0.029987 -0.001241 0.030857
v -0.000000 -0.020371 0.043278
v -0.000000 -0.001241 0.043278
v 0.029987 -0.001241 -0.029118
v -0.000000 -0.020371 -0.041539
v -0.000000 -0.001241 -0.041539
v -0.042408 -0.001241 0.000870
v -0.029987 -0.020371 0.030857
v -0.029987 -0.001241 0.030857
v -0.000000 -0.001241 -0.041539
v -0.029987 -0.020371 -0.029118
v -0.029987 -0.001241 -0.029118
v -0.000000 -0.001241 0.043278
v 0.029987 -0.020371 0.030857
v 0.029987 -0.001241 0.030857
v 0.029987 -0.001241 0.030857
v 0.042408 -0.020371 0.000870
v 0.042408 -0.001241 0.000870
v -0.029987 -0.001241 -0.029118
v -0.042408 -0.020371 0.000870
v -0.042408 -0.001241 0.000870
v -0.000000 -0.023414 -0.039179
v -0.029786 -0.026023 -0.028917
v -0.028319 -0.023414 -0.027449
v 0.029987 -0.020371 0.030857
v 0.040049 -0.023414 0.000870
v 0.042408 -0.020371 0.000870
v -0.029987 -0.020371 -0.029118
v -0.040049 -0.023414 0.000870
v -0.042408 -0.020371 0.000870
v 0.042408 -0.020371 0.000870
v 0.028319 -0.023414 -0.027449
v 0.029987 -0.020371 -0.029118
v -0.029987 -0.020371 0.030857
v -0.000000 -0.023414 0.040918
v -0.000000 -0.020371 0.043278
v 0.029987 -0.020371 -0.029118
v -0.000000 -0.023414 -0.039179
v -0.000000 -0.020371 -0.041539
v -0.042408 -0.020371 0.000870
v -0.028319 -0.023414 0.029188
v -0.029987 -0.020371 0.030857
v -0.000000 -0.020371 -0.041539
v -0.028319 -0.023414 -0.027449
v -0.029987 -0.020371 -0.029118
v -0.029786 -0.026023 0.030656
v -0.000000 -0.043849 0.042993
v -0.000000 -0.026023 0.042993
v -0.000000 -0.023414 0.040918
v 0.029786 -0.026023 0.030656
v 0.028319 -0.023414 0.029188
v 0.028319 -0.023414 0.029188
v 0.042124 -0.026023 0.000870
v 0.040049 -0.023414 0.000870
v -0.040049 -0.023414 0.000870
v -0.029786 -0.026023 -0.028917
v -0.042124 -0.026023 0.000870
v 0.040049 -0.023414 0.000870
v 0.029786 -0.026023 -0.028917
v 0.028319 -0.023414 -0.027449
v -0.028319 -0.023414 0.029188
v -0.000000 -0.026023 0.042993
v -0.000000 -0.023414 0.040918
v 0.028319 -0.023414 -0.027449
v -0.000000 -0.026023 -0.041254
v -0.000000 -0.023414 -0.039179
v -0.040049 -0.023414 0.000870
v -0.029786 -0.026023 0.030656
v -0.028319 -0.023414 0.029188
v -0.029786 -0.043849 -0.028917
v -0.037190 -0.054718 0.000870
v -0.042124 -0.043849 0.000870
v 0.029786 -0.026023 -0.028917
v -0.000000 -0.043849 -0.041254
v -0.000000 -0.026023 -0.041254
v -0.042124 -0.026023 0.000870
v -0.029786 -0.043849 0.030656
v -0.029786 -0.026023 0.030656
v -0.000000 -0.026023 -0.041254
v -0.029786 -0.043849 -0.028917
v -0.029786 -0.026023 -0.028917
v -0.000000 -0.026023 0.042993
v 0.029786 -0.043849 0.030656
v 0.029786 -0.026023 0.030656
v 0.029786 -0.026023 0.030656
v 0.042124 -0.043849 0.000870
v 0.042124 -0.026023 0.000870
v -0.029786 -0.026023 -0.028917
v -0.042124 -0.043849 0.000870
v -0.042124 -0.026023 0.000870
v 0.042124 -0.026023 0.000870
v 0.029786 -0.043849 -0.028917
v 0.029786 -0.026023 -0.028917
v -0.026298 -0.054718 -0.025428
v -0.000000 -0.062544 -0.027937
v -0.020369 -0.062544 -0.019500
v 0.042124 -0.043849 0.000870
v 0.026298 -0.054718 -0.025428
v 0.029786 -0.043849 -0.028917
v -0.029786 -0.043849 0.030656
v -0.000000 -0.054718 0.038060
v -0.000000 -0.043849 0.042993
v 0.029786 -0.043849 -0.028917
v -0.000000 -0.054718 -0.036321
v -0.000000 -0.043849 -0.041254
v -0.042124 -0.043849 0.000870
v -0.026298 -0.054718 0.027167
v -0.029786 -0.043849 0.030656
v -0.000000 -0.043849 -0.041254
v -0.026298 -0.054718 -0.025428
v -0.029786 -0.043849 -0.028917
v -0.000000 -0.043849 0.042993
v 0.026298 -0.054718 0.027167
v 0.029786 -0.043849 0.030656
v 0.029786 -0.043849 0.030656
v 0.037191 -0.054718 0.000870
v 0.042124 -0.043849 0.000870
v -0.020369 -0.062544 0.021239
v -0.022487 -0.062544 0.000870
v -0.015900 -0.062544 0.016770
v 0.026298 -0.054718 0.027167
v -0.000000 -0.062544 0.029676
v 0.020369 -0.062544 0.021239
v 0.026298 -0.054718 0.027167
v 0.028807 -0.062544 0.000870
v 0.037191 -0.054718 0.000870
v -0.026298 -0.054718 -0.025428
v -0.028807 -0.062544 0.000870
v -0.037190 -0.054718 0.000870
v 0.026298 -0.054718 -0.025428
v 0.028807 -0.062544 0.000870
v 0.020369 -0.062544 -0.019500
v -0.026298 -0.054718 0.027167
v -0.000000 -0.062544 0.029676
v -0.000000 -0.054718 0.038060
v -0.000000 -0.054718 -0.036321
v 0.020369 -0.062544 -0.019500
v -0.000000 -0.062544 -0.027937
v -0.037190 -0.054718 0.000870
v -0.020369 -0.062544 0.021239
v -0.026298 -0.054718 0.027167
v 0.022487 -0.062544 0.000870
v 0.010182 -0.058982 -0.009313
v 0.015900 -0.062544 -0.015031
v -0.020369 -0.062544 -0.019500
v -0.000000 -0.062544 -0.021617
v -0.015900 -0.062544 -0.015031
v 0.020369 -0.062544 0.021239
v -0.000000 -0.062544 0.023356
v 0.015900 -0.062544 0.016770
v 0.022487 -0.062544 0.000870
v 0.028807 -0.062544 0.000870
v -0.028807 -0.062544 0.000870
v 0.015900 -0.062544 -0.015031
v 0.020369 -0.062544 -0.019500
v -0.000000 -0.062544 0.029676
v -0.000000 -0.062544 -0.027937
v 0.000000 -0.058982 0.015269
v -0.014400 -0.058982 0.000870
v 0.000000 -0.058982 -0.013530
v -0.015900 -0.062544 0.016770
v 0.000000 -0.058982 0.015269
v -0.000000 -0.062544 0.023356
v 0.015900 -0.062544 -0.015031
v 0.000000 -0.058982 -0.013530
v -0.000000 -0.062544 -0.021617
v -0.015900 -0.062544 0.016770
v -0.014400 -0.058982 0.000870
v -0.010182 -0.058982 0.011052
v -0.000000 -0.062544 -0.021617
v -0.010182 -0.058982 -0.009313
v -0.015900 -0.062544 -0.015031
v 0.015900 -0.062544 0.016770
v 0.000000 -0.058982 0.015269
v 0.010182 -0.058982 0.011052
v 0.015900 -0.062544 0.016770
v 0.014400 -0.058982 0.000870
v 0.022487 -0.062544 0.000870
v -0.015900 -0.062544 -0.015031
v -0.014400 -0.058982 0.000870
v -0.022487 -0.062544 0.000870
v 0.027449 0.138502 -0.026580
v 0.030879 0.157284 0.000870
v 0.038819 0.138502 0.000870
v -0.038819 0.138502 0.000870
v -0.038819 0.120241 0.000870
v -0.000000 0.138502 -0.037950
v -0.000000 0.120241 -0.037950
v -0.000000 0.138502 0.039689
v -0.000000 0.120241 0.039689
v 0.027449 0.138502 -0.026580
v 0.027449 0.120241 -0.026580
v -0.027449 0.138502 -0.026580
v -0.027449 0.120241 -0.026580
v 0.038819 0.138502 0.000870
v 0.038819 0.120241 0.000870
v -0.027449 0.138502 0.028319
v -0.027449 0.120241 0.028319
v -0.000000 0.157284 0.031749
v -0.013871 0.169283 0.014741
v -0.021835 0.157284 0.022704
v 0.027449 0.138502 0.028319
v -0.000000 0.157284 0.031749
v -0.000000 0.138502 0.039689
v -0.027449 0.138502 0.028319
v -0.030879 0.157284 0.000870
v -0.038819 0.138502 0.000870
v -0.038819 0.138502 0.000870
v -0.021835 0.157284 -0.020965
v -0.027449 0.138502 -0.026580
v -0.000000 0.138502 -0.037950
v 0.021835 0.157284 -0.020965
v 0.027449 0.138502 -0.026580
v 0.038819 0.138502 0.000870
v 0.021835 0.157284 0.022704
v 0.027449 0.138502 0.028319
v -0.000000 0.138502 0.039689
v -0.021835 0.157284 0.022704
v -0.027449 0.138502 0.028319
v -0.027449 0.138502 -0.026580
v -0.000000 0.157284 -0.030010
v -0.000000 0.138502 -0.037950
v -0.000000 0.169283 -0.018748
v 0.013871 0.175544 -0.013002
v 0.013871 0.169283 -0.013002
v -0.021835 0.157284 -0.020965
v -0.000000 0.169283 -0.018748
v -0.000000 0.157284 -0.030010
v 0.021835 0.157284 -0.020965
v 0.019617 0.169283 0.000870
v 0.030879 0.157284 0.000870
v -0.000000 0.157284 0.031749
v 0.013871 0.169283 0.014741
v -0.000000 0.169283 0.020487
v -0.021835 0.157284 0.022704
v -0.019617 0.169283 0.000870
v -0.030879 0.157284 0.000870
v -0.030879 0.157284 0.000870
v -0.013871 0.169283 -0.013002
v -0.021835 0.157284 -0.020965
v -0.000000 0.157284 -0.030010
v 0.013871 0.169283 -0.013002
v 0.021835 0.157284 -0.020965
v 0.030879 0.157284 0.000870
v 0.013871 0.169283 0.014741
v 0.021835 0.157284 0.022704
v 0.013871 0.175544 0.014741
v -0.000000 0.175544 0.023277
v -0.000000 0.175544 0.020487
v 0.019617 0.169283 0.000870
v 0.013871 0.175544 0.014741
v 0.013871 0.169283 0.014741
v -0.000000 0.169283 0.020487
v -0.013871 0.175544 0.014741
v -0.013871 0.169283 0.014741
v -0.013871 0.169283 -0.013002
v -0.000000 0.175544 -0.018748
v -0.000000 0.169283 -0.018748
v 0.013871 0.169283 -0.013002
v 0.019617 0.175544 0.000870
v 0.019617 0.169283 0.000870
v 0.013871 0.169283 0.014741
v -0.000000 0.175544 0.020487
v -0.000000 0.169283 0.020487
v -0.013871 0.169283 0.014741
v -0.019617 0.175544 0.000870
v -0.019617 0.169283 0.000870
v -0.019617 0.169283 0.000870
v -0.013871 0.175544 -0.013002
v -0.013871 0.169283 -0.013002
v 0.015844 0.175544 -0.014975
v 0.022407 0.176587 0.000870
v 0.022407 0.175544 0.000870
v -0.013871 0.175544 0.014741
v -0.022407 0.175544 0.000870
v -0.019617 0.175544 0.000870
v -0.015844 0.175544 -0.014975
v -0.013871 0.175544 -0.013002
v -0.000000 0.175544 -0.018748
v 0.015844 0.175544 -0.014975
v 0.013871 0.175544 -0.013002
v 0.019617 0.175544 0.000870
v 0.015844 0.175544 0.016714
v -0.015844 0.175544 0.016714
v -0.000000 0.175544 -0.021538
v 0.022407 0.175544 0.000870
v 0.022407 0.176587 0.000870
v 0.014329 0.176587 0.015199
v 0.015844 0.176587 0.016714
v 0.015844 0.175544 0.016714
v -0.000000 0.176587 0.023277
v -0.000000 0.175544 0.023277
v -0.015844 0.175544 0.016714
v -0.022407 0.176587 0.000870
v -0.022407 0.175544 0.000870
v -0.022407 0.175544 0.000870
v -0.015844 0.176587 -0.014975
v -0.015844 0.175544 -0.014975
v -0.000000 0.175544 -0.021538
v 0.015844 0.176587 -0.014975
v 0.015844 0.175544 -0.014975
v 0.022407 0.175544 0.000870
v 0.015844 0.176587 0.016714
v 0.015844 0.175544 0.016714
v -0.000000 0.175544 0.023277
v -0.015844 0.176587 0.016714
v -0.015844 0.175544 0.016714
v -0.015844 0.175544 -0.014975
v -0.000000 0.176587 -0.021538
v -0.000000 0.175544 -0.021538
v -0.020264 0.176587 0.000870
v -0.014329 0.183544 -0.013460
v -0.014329 0.176587 -0.013460
v -0.000000 0.176587 0.023277
v -0.014329 0.176587 0.015199
v -0.015844 0.176587 0.016714
v -0.015844 0.176587 -0.014975
v -0.000000 0.176587 -0.019395
v -0.000000 0.176587 -0.021538
v 0.014329 0.176587 -0.013460
v 0.020264 0.176587 0.000870
v -0.000000 0.176587 0.021134
v -0.020264 0.176587 0.000870
v -0.022407 0.176587 0.000870
v -0.014329 0.176587 -0.013460
v 0.015844 0.176587 -0.014975
v 0.014329 0.183544 -0.013460
v 0.019586 0.183544 0.000870
v 0.020264 0.183544 0.000870
v -0.000000 0.176587 -0.019395
v 0.014329 0.183544 -0.013460
v 0.014329 0.176587 -0.013460
v 0.020264 0.176587 0.000870
v 0.014329 0.183544 0.015199
v 0.014329 0.176587 0.015199
v -0.000000 0.176587 0.021134
v -0.014329 0.183544 0.015199
v -0.014329 0.176587 0.015199
v -0.014329 0.176587 -0.013460
v -0.000000 0.183544 -0.019395
v -0.000000 0.176587 -0.019395
v 0.014329 0.176587 -0.013460
v 0.020264 0.183544 0.000870
v 0.020264 0.176587 0.000870
v 0.014329 0.176587 0.015199
v -0.000000 0.183544 0.021134
v -0.000000 0.176587 0.021134
v -0.014329 0.176587 0.015199
v -0.020264 0.183544 0.000870
v -0.020264 0.176587 0.000870
v -0.013850 0.183544 -0.012980
v -0.000000 0.196152 -0.018717
v -0.000000 0.183544 -0.018717
v 0.014329 0.183544 0.015199
v -0.000000 0.183544 0.020456
v -0.000000 0.183544 0.021134
v -0.014329 0.183544 0.015199
v -0.019586 0.183544 0.000870
v -0.020264 0.183544 0.000870
v -0.013850 0.183544 -0.012980
v -0.014329 0.183544 -0.013460
v -0.000000 0.183544 -0.019395
v 0.013850 0.183544 -0.012980
v 0.013850 0.183544 0.014719
v -0.013850 0.183544 0.014719
v -0.000000 0.183544 -0.018717
v -0.000000 0.196152 -0.018717
v 0.012163 0.197456 -0.011293
v 0.013850 0.196152 -0.012980
v 0.013850 0.183544 -0.012980
v 0.019586 0.196152 0.000869
v 0.019586 0.183544 0.000870
v 0.013850 0.183544 0.014719
v -0.000000 0.196152 0.020456
v -0.000000 0.183544 0.020456
v -0.013850 0.183544 0.014719
v -0.019586 0.196152 0.000869
v -0.019586 0.183544 0.000870
v -0.019586 0.183544 0.000870
v -0.013850 0.196152 -0.012980
v -0.013850 0.183544 -0.012980
v -0.000000 0.183544 -0.018717
v 0.013850 0.196152 -0.012980
v 0.013850 0.183544 -0.012980
v 0.019586 0.183544 0.000870
v 0.013850 0.196152 0.014719
v 0.013850 0.183544 0.014719
v -0.000000 0.183544 0.020456
v -0.013850 0.196152 0.014719
v -0.013850 0.183544 0.014719
v 0.017201 0.197456 0.000869
v -0.000000 0.197456 -0.016331
v -0.017201 0.197456 0.000869
v 0.019586 0.196152 0.000869
v 0.012163 0.197456 0.013032
v 0.013850 0.196152 0.014719
v -0.000000 0.196152 0.020456
v -0.012163 0.197456 0.013032
v -0.013850 0.196152 0.014719
v -0.013850 0.196152 -0.012980
v -0.000000 0.197456 -0.016331
v -0.000000 0.196152 -0.018717
v 0.013850 0.196152 -0.012980
v 0.017201 0.197456 0.000869
v 0.019586 0.196152 0.000869
v 0.013850 0.196152 0.014719
v -0.000000 0.197456 0.018070
v -0.000000 0.196152 0.020456
v -0.019586 0.196152 0.000869
v -0.012163 0.197456 0.013032
v -0.017201 0.197456 0.000869
v -0.019586 0.196152 0.000869
v -0.012163 0.197456 -0.011293
v -0.013850 0.196152 -0.012980
v 0.038819 0.138502 0.000870
v 0.036109 0.102668 0.000870
v -0.000000 0.099625 -0.038829
v 0.025533 0.102668 -0.024664
v -0.000000 0.102668 -0.035240
v -0.025533 0.102668 0.026403
v -0.036109 0.102668 0.000870
v -0.025533 0.102668 -0.024664
v -0.000000 0.102668 0.036979
v 0.025533 0.102668 0.026403
v -0.028071 0.089191 0.028940
v -0.000000 0.102668 0.036979
v 0.025533 0.102668 0.026403
v -0.028071 0.099625 -0.027201
v 0.039698 0.099625 0.000870
v -0.028071 0.099625 0.028940
v 0.028071 0.099625 -0.027201
v -0.036109 0.102668 0.000870
v -0.028071 0.089191 -0.027201
v 0.028071 0.089191 -0.027201
v -0.039698 0.089191 0.000870
v 0.000000 0.089191 -0.038829
v 0.000000 0.089191 0.040568
v 0.028071 0.089191 0.028940
v -0.028071 0.089191 -0.027201
v 0.039698 0.089191 0.000870
v 0.000000 0.084843 -0.036806
v 0.037676 0.084843 0.000870
v -0.026641 0.084843 0.027510
v 0.028071 0.089191 -0.027201
v -0.037676 0.084843 0.000870
v 0.000000 0.084843 -0.036806
v 0.000000 0.084843 0.038545
v 0.026641 0.084843 0.027510
v 0.028483 0.072235 -0.027613
v 0.000000 0.080495 0.041150
v 0.028483 0.080495 0.029352
v -0.028482 0.080495 -0.027613
v 0.040280 0.080495 0.000870
v -0.028482 0.080495 0.029352
v 0.028483 0.080495 -0.027613
v -0.040280 0.080495 0.000870
v 0.037472 0.067887 0.000870
v -0.040280 0.072235 0.000870
v 0.000000 0.072235 -0.039411
v 0.000000 0.072235 0.041150
v 0.028483 0.072235 0.029352
v -0.028482 0.072235 -0.027613
v 0.040280 0.072235 0.000870
v -0.028482 0.072235 0.029352
v 0.000000 0.064409 0.041775
v -0.028482 0.072235 0.029352
v 0.026497 0.067887 -0.025628
v -0.037472 0.067887 0.000870
v 0.000000 0.067887 -0.036603
v 0.000000 0.072235 0.041150
v 0.026497 0.067887 0.027367
v -0.026497 0.067887 -0.025628
v -0.000000 0.047018 -0.040035
v 0.028924 0.064409 0.029794
v -0.028924 0.064409 -0.028055
v 0.037472 0.067887 0.000870
v -0.026497 0.067887 0.027367
v 0.028924 0.064409 -0.028055
v -0.040905 0.064409 0.000870
v 0.000000 0.064409 -0.040035
v -0.027502 0.044409 0.028371
v -0.000000 0.047018 0.041775
v 0.028924 0.047018 0.029794
v -0.028924 0.047018 -0.028055
v 0.040905 0.047018 0.000870
v -0.028924 0.047018 0.029794
v 0.028924 0.064409 -0.028055
v -0.040905 0.047018 0.000870
v -0.027502 0.044409 -0.026632
v 0.027502 0.044409 -0.026632
v -0.038893 0.044409 0.000870
v -0.000000 0.047018 -0.040035
v -0.000000 0.044409 0.039763
v 0.027502 0.044409 0.028371
v -0.027502 0.044409 -0.026632
v 0.038893 0.044409 0.000870
v -0.000000 0.027019 -0.041232
v 0.038893 0.044409 0.000870
v -0.029770 0.038757 0.030640
v 0.029770 0.038757 -0.028901
v -0.042102 0.038757 0.000870
v -0.000000 0.038757 -0.041232
v -0.000000 0.038757 0.042971
v 0.029770 0.038757 0.030640
v -0.038687 0.024410 0.000870
v -0.000000 0.027019 0.042971
v 0.029770 0.027019 0.030640
v -0.029770 0.027019 -0.028901
v 0.042102 0.027019 0.000870
v -0.029770 0.027019 0.030640
v 0.029770 0.027019 -0.028901
v -0.042102 0.027019 0.000870
v 0.041748 0.022236 0.000870
v -0.000000 0.027019 -0.041232
v -0.000000 0.024410 0.039557
v 0.029770 0.027019 0.030640
v -0.027356 0.024410 -0.026486
v 0.038687 0.024410 0.000870
v -0.027356 0.024410 0.028225
v 0.027356 0.024410 -0.026486
v 0.029520 0.004411 0.030390
v -0.027356 0.024410 0.028225
v 0.029520 0.022236 -0.028651
v -0.041748 0.022236 0.000870
v -0.000000 0.022236 -0.040879
v -0.000000 0.022236 0.042618
v 0.029520 0.022236 0.030390
v -0.029520 0.022236 -0.028651
v -0.000000 0.004411 -0.040879
v -0.029520 0.004411 -0.028651
v 0.041748 0.004411 0.000870
v -0.029520 0.004411 0.030390
v 0.029520 0.004411 -0.028651
v -0.041748 0.004411 0.000870
v -0.000000 0.004411 -0.040879
v -0.000000 0.004411 0.042618
v 0.029987 -0.001241 -0.029118
v -0.000000 0.001802 0.040297
v 0.027880 0.001802 0.028749
v -0.027880 0.001802 -0.027010
v 0.039428 0.001802 0.000870
v -0.029520 0.004411 0.030390
v 0.027880 0.001802 -0.027010
v -0.039428 0.001802 0.000870
v 0.042408 -0.020371 0.000870
v -0.042408 -0.001241 0.000870
v -0.000000 -0.001241 -0.041539
v -0.000000 -0.001241 0.043278
v 0.029987 -0.001241 0.030857
v -0.029987 -0.001241 -0.029118
v 0.042408 -0.001241 0.000870
v -0.029987 -0.001241 0.030857
v -0.000000 -0.023414 0.040918
v -0.029987 -0.020371 0.030857
v 0.029987 -0.020371 -0.029118
v -0.042408 -0.020371 0.000870
v -0.000000 -0.020371 -0.041539
v -0.000000 -0.020371 0.043278
v 0.029987 -0.020371 0.030857
v -0.029987 -0.020371 -0.029118
v -0.000000 -0.026023 -0.041254
v 0.028319 -0.023414 0.029188
v -0.028319 -0.023414 -0.027449
v 0.040049 -0.023414 0.000870
v -0.028319 -0.023414 0.029188
v 0.028319 -0.023414 -0.027449
v -0.040049 -0.023414 0.000870
v -0.000000 -0.023414 -0.039179
v -0.029786 -0.043849 0.030656
v -0.000000 -0.026023 0.042993
v 0.029786 -0.026023 0.030656
v -0.028319 -0.023414 -0.027449
v 0.042124 -0.026023 0.000870
v -0.029786 -0.026023 0.030656
v 0.029786 -0.026023 -0.028917
v -0.042124 -0.026023 0.000870
v -0.026298 -0.054718 -0.025428
v 0.029786 -0.043849 -0.028917
v -0.042124 -0.043849 0.000870
v -0.000000 -0.043849 -0.041254
v -0.000000 -0.043849 0.042993
v 0.029786 -0.043849 0.030656
v -0.029786 -0.043849 -0.028917
v 0.042124 -0.043849 0.000870
v -0.000000 -0.054718 -0.036321
v 0.037191 -0.054718 0.000870
v -0.026298 -0.054718 0.027167
v 0.026298 -0.054718 -0.025428
v -0.037190 -0.054718 0.000870
v -0.000000 -0.054718 -0.036321
v -0.000000 -0.054718 0.038060
v 0.026298 -0.054718 0.027167
v -0.000000 -0.054718 0.038060
v 0.020369 -0.062544 0.021239
v -0.020369 -0.062544 -0.019500
v 0.037191 -0.054718 0.000870
v -0.020369 -0.062544 0.021239
v 0.026298 -0.054718 -0.025428
v -0.028807 -0.062544 0.000870
v 0.014400 -0.058982 0.000870
v 0.010182 -0.058982 -0.009313
v 0.014400 -0.058982 0.000870
v 0.010182 -0.058982 0.011052
v -0.010182 -0.058982 0.011052
v -0.010182 -0.058982 -0.009313
v -0.010182 -0.058982 0.011052
v 0.010182 -0.058982 -0.009313
v -0.022487 -0.062544 0.000870
v 0.000000 -0.058982 -0.013530
v -0.000000 -0.062544 0.023356
v 0.010182 -0.058982 0.011052
v -0.010182 -0.058982 -0.009313
v 0.021835 0.157284 -0.020965
v -0.027449 0.138502 0.028319
v -0.027449 0.138502 -0.026580
v 0.027449 0.138502 0.028319
v -0.000000 0.138502 -0.037950
v -0.038819 0.138502 0.000870
v 0.027449 0.138502 -0.026580
v -0.000000 0.138502 0.039689
v -0.000000 0.169283 0.020487
v 0.021835 0.157284 0.022704
v -0.021835 0.157284 0.022704
v -0.030879 0.157284 0.000870
v -0.000000 0.157284 -0.030010
v 0.030879 0.157284 0.000870
v -0.000000 0.157284 0.031749
v -0.021835 0.157284 -0.020965
v -0.000000 0.175544 -0.018748
v -0.013871 0.169283 -0.013002
v 0.013871 0.169283 -0.013002
v 0.021835 0.157284 0.022704
v -0.013871 0.169283 0.014741
v -0.019617 0.169283 0.000870
v -0.000000 0.169283 -0.018748
v 0.019617 0.169283 0.000870
v 0.019617 0.175544 0.000870
v -0.000000 0.175544 0.020487
v -0.013871 0.175544 -0.013002
v 0.013871 0.175544 -0.013002
v 0.013871 0.175544 0.014741
v -0.013871 0.175544 0.014741
v -0.019617 0.175544 0.000870
v 0.015844 0.176587 -0.014975
v 0.015844 0.176587 0.016714
v -0.015844 0.176587 0.016714
v -0.022407 0.176587 0.000870
v -0.000000 0.176587 -0.021538
v 0.022407 0.176587 0.000870
v -0.000000 0.176587 0.023277
v -0.015844 0.176587 -0.014975
v -0.020264 0.183544 0.000870
v -0.000000 0.183544 -0.019395
v 0.020264 0.183544 0.000870
v -0.000000 0.183544 0.021134
v -0.014329 0.183544 -0.013460
v 0.014329 0.183544 -0.013460
v 0.014329 0.183544 0.015199
v -0.014329 0.183544 0.015199
v -0.013850 0.196152 -0.012980
v -0.000000 0.197456 -0.016331
v 0.013850 0.196152 -0.012980
v 0.013850 0.196152 0.014719
v -0.013850 0.196152 0.014719
v -0.019586 0.196152 0.000869
v -0.000000 0.196152 -0.018717
v 0.019586 0.196152 0.000869
v -0.000000 0.196152 0.020456
v -0.012163 0.197456 0.013032
v -0.000000 0.197456 0.018070
v 0.012163 0.197456 0.013032
v 0.012163 0.197456 -0.011293
v -0.012163 0.197456 -0.011293
v 0.017201 0.197456 0.000869
v -0.000000 0.197456 0.018070
v -0.012163 0.197456 -0.011293
v 0.012163 0.197456 -0.011293
v 0.012163 0.197456 0.013032
v -0.013850 0.196152 0.014719
v -0.017201 0.197456 0.000869
vt 0.674977 0.833327
vt 0.731705 0.795744
vt 0.673178 0.800088
vt 0.656359 0.117599
vt 0.715036 0.083137
vt 0.656359 0.084311
vt 0.573379 0.117599
vt 0.656359 0.084311
vt 0.573379 0.084311
vt 0.816170 0.117599
vt 0.874846 0.083137
vt 0.816170 0.084311
vt 0.592118 0.837812
vt 0.673178 0.800088
vt 0.590319 0.804573
vt 0.733190 0.117599
vt 0.816170 0.084311
vt 0.733190 0.084311
vt 0.816170 0.168588
vt 0.816170 0.117599
vt 0.413568 0.117599
vt 0.496549 0.084311
vt 0.413568 0.084311
vt 0.496549 0.117599
vt 0.555225 0.083137
vt 0.496549 0.084311
vt 0.715036 0.083137
vt 0.653463 0.068389
vt 0.656359 0.084311
vt 0.784104 0.594334
vt 0.733360 0.530493
vt 0.729524 0.539754
vt 0.656359 0.084311
vt 0.576275 0.068389
vt 0.573379 0.084311
vt 0.555225 0.083137
vt 0.493652 0.068389
vt 0.496549 0.084311
vt 0.673178 0.800088
vt 0.592350 0.788518
vt 0.590319 0.804573
vt 0.413568 0.084311
vt 0.361884 0.067296
vt 0.354892 0.083137
vt 0.496549 0.084311
vt 0.416464 0.068389
vt 0.413568 0.084311
vt 0.874846 0.083137
vt 0.813274 0.068389
vt 0.816170 0.084311
vt 0.816170 0.084311
vt 0.736086 0.068389
vt 0.733190 0.084311
vt 0.354892 0.435554
vt 0.384029 0.350694
vt 0.354892 0.350694
vt 0.652336 0.726103
vt 0.588495 0.675358
vt 0.648500 0.735363
vt 0.729524 0.726103
vt 0.648500 0.735363
vt 0.733360 0.735363
vt 0.729524 0.539754
vt 0.648500 0.530493
vt 0.652336 0.539754
vt 0.729524 0.726103
vt 0.793365 0.675358
vt 0.784104 0.671522
vt 0.597756 0.594334
vt 0.588495 0.675358
vt 0.597756 0.671522
vt 0.784104 0.671522
vt 0.793365 0.590498
vt 0.784104 0.594334
vt 0.597756 0.594334
vt 0.648500 0.530493
vt 0.588495 0.590498
vt 0.038214 0.328737
vt 0.050459 0.411435
vt 0.050459 0.330899
vt 0.576940 0.435553
vt 0.606077 0.350693
vt 0.576940 0.350693
vt 0.356093 0.495559
vt 0.384029 0.435553
vt 0.354892 0.435554
vt 0.010278 0.473602
vt 0.038214 0.413597
vt 0.009077 0.413597
vt 0.354892 0.350694
vt 0.385230 0.290688
vt 0.356093 0.290688
vt 0.840432 0.990923
vt 0.755817 0.961084
vt 0.755575 0.990220
vt 0.009077 0.413597
vt 0.038214 0.328737
vt 0.009077 0.328737
vt 0.578141 0.495559
vt 0.606077 0.435553
vt 0.576940 0.435553
vt 0.619461 0.295907
vt 0.630327 0.350071
vt 0.631546 0.289187
vt 0.607277 0.495559
vt 0.618321 0.433392
vt 0.606077 0.435553
vt 0.384029 0.435553
vt 0.396274 0.352855
vt 0.384029 0.350694
vt 0.606077 0.350693
vt 0.618321 0.433392
vt 0.618321 0.352855
vt 0.385230 0.495559
vt 0.396274 0.433392
vt 0.384029 0.435553
vt 0.039415 0.473602
vt 0.050459 0.411435
vt 0.038214 0.413597
vt 0.384029 0.350694
vt 0.397413 0.295907
vt 0.385230 0.290688
vt 0.840674 0.961787
vt 0.758080 0.948857
vt 0.755817 0.961084
vt 0.630327 0.436176
vt 0.653394 0.350071
vt 0.630327 0.350071
vt 0.396274 0.352855
vt 0.409498 0.289187
vt 0.397413 0.295907
vt 0.838614 0.949525
vt 0.755396 0.936829
vt 0.758080 0.948857
vt 0.050459 0.411435
vt 0.062465 0.328115
vt 0.050459 0.330899
vt 0.619461 0.490340
vt 0.630327 0.436176
vt 0.618321 0.433392
vt 0.396274 0.433392
vt 0.408279 0.350071
vt 0.396274 0.352855
vt 0.618321 0.433392
vt 0.630327 0.350071
vt 0.618321 0.352855
vt 0.050459 0.330899
vt 0.063683 0.267230
vt 0.051598 0.273951
vt 0.654612 0.497060
vt 0.665679 0.433174
vt 0.653394 0.436176
vt 0.409498 0.497060
vt 0.431346 0.436176
vt 0.408279 0.436176
vt 0.063683 0.475104
vt 0.085531 0.414219
vt 0.062465 0.414219
vt 0.902390 0.936829
vt 0.841688 0.914477
vt 0.841497 0.937542
vt 0.841497 0.937542
vt 0.755587 0.913763
vt 0.755396 0.936829
vt 0.062465 0.414219
vt 0.085531 0.328115
vt 0.062465 0.328115
vt 0.631546 0.497060
vt 0.653394 0.436176
vt 0.630327 0.436176
vt 0.408279 0.436176
vt 0.431346 0.350071
vt 0.408279 0.350071
vt 0.926481 0.879858
vt 0.935338 0.796088
vt 0.926481 0.799756
vt 0.431346 0.350071
vt 0.443632 0.433174
vt 0.443632 0.353073
vt 0.653394 0.436176
vt 0.665679 0.353073
vt 0.653394 0.350071
vt 0.085531 0.328115
vt 0.098950 0.274476
vt 0.086750 0.267230
vt 0.086750 0.475104
vt 0.097817 0.411218
vt 0.085531 0.414219
vt 0.432565 0.289187
vt 0.443632 0.353073
vt 0.444765 0.296432
vt 0.841688 0.914477
vt 0.758690 0.901503
vt 0.755587 0.913763
vt 0.085531 0.414219
vt 0.097817 0.331116
vt 0.085531 0.328115
vt 0.108589 0.476716
vt 0.155913 0.414887
vt 0.107352 0.414887
vt 0.838789 0.902167
vt 0.755100 0.891938
vt 0.758690 0.901503
vt 0.097817 0.411218
vt 0.107352 0.327447
vt 0.097817 0.331116
vt 0.932778 0.417990
vt 0.941635 0.501760
vt 0.941635 0.414321
vt 0.443632 0.353073
vt 0.453167 0.436843
vt 0.453167 0.349404
vt 0.665679 0.433174
vt 0.675214 0.349404
vt 0.665679 0.353073
vt 0.941635 0.312396
vt 0.932778 0.396167
vt 0.941635 0.392498
vt 0.942592 0.528861
vt 0.933734 0.612631
vt 0.942592 0.608962
vt 0.501728 0.436843
vt 0.509116 0.351554
vt 0.501728 0.349404
vt 0.904374 0.891938
vt 0.842939 0.844103
vt 0.842537 0.892662
vt 0.842537 0.892662
vt 0.755503 0.843378
vt 0.755100 0.891938
vt 0.107352 0.414887
vt 0.155913 0.327447
vt 0.107352 0.327447
vt 0.676452 0.498672
vt 0.723776 0.436843
vt 0.675214 0.436843
vt 0.453167 0.436843
vt 0.501728 0.349404
vt 0.453167 0.349404
vt 0.675214 0.349404
vt 0.723776 0.436843
vt 0.723776 0.349404
vt 0.454404 0.498672
vt 0.501728 0.436843
vt 0.453167 0.436843
vt 0.163301 0.329598
vt 0.178918 0.416166
vt 0.178918 0.326168
vt 0.723776 0.436843
vt 0.731164 0.351554
vt 0.723776 0.349404
vt 0.502965 0.498672
vt 0.509116 0.434693
vt 0.501728 0.436843
vt 0.155913 0.414887
vt 0.164478 0.471525
vt 0.163301 0.412737
vt 0.904776 0.843378
vt 0.840850 0.836697
vt 0.842939 0.844103
vt 0.842939 0.844103
vt 0.757714 0.836008
vt 0.755503 0.843378
vt 0.155913 0.414887
vt 0.163301 0.329598
vt 0.155913 0.327447
vt 0.725013 0.498672
vt 0.731164 0.434693
vt 0.723776 0.436843
vt 0.180192 0.479804
vt 0.211697 0.416166
vt 0.178918 0.416166
vt 0.731164 0.434693
vt 0.748054 0.501760
vt 0.746781 0.438122
vt 0.509116 0.434693
vt 0.524733 0.348125
vt 0.509116 0.351554
vt 0.731164 0.434693
vt 0.746781 0.348125
vt 0.731164 0.351554
vt 0.510293 0.493481
vt 0.524733 0.438122
vt 0.509116 0.434693
vt 0.164478 0.471525
vt 0.178918 0.416166
vt 0.163301 0.412737
vt 0.899646 0.836008
vt 0.844409 0.821109
vt 0.840850 0.836697
vt 0.840850 0.836697
vt 0.754414 0.820363
vt 0.757714 0.836008
vt 0.508527 0.990923
vt 0.422179 0.982112
vt 0.418530 0.990923
vt 0.908055 0.820363
vt 0.844681 0.788331
vt 0.844409 0.821109
vt 0.844409 0.821109
vt 0.754686 0.787585
vt 0.754414 0.820363
vt 0.178918 0.416166
vt 0.211697 0.326168
vt 0.178918 0.326168
vt 0.748054 0.501760
vt 0.779560 0.438122
vt 0.746781 0.438122
vt 0.524733 0.438122
vt 0.557512 0.348125
vt 0.524733 0.348125
vt 0.746781 0.438122
vt 0.779560 0.348125
vt 0.746781 0.348125
vt 0.526007 0.501760
vt 0.557512 0.438122
vt 0.524733 0.438122
vt 0.503965 0.727464
vt 0.570341 0.672260
vt 0.562442 0.668988
vt 0.572165 0.927285
vt 0.563354 0.840937
vt 0.563354 0.923635
vt 0.354892 0.927285
vt 0.363703 0.840937
vt 0.354892 0.837288
vt 0.418530 0.773650
vt 0.363703 0.840937
vt 0.422179 0.782461
vt 0.572165 0.927285
vt 0.504877 0.982112
vt 0.508527 0.990923
vt 0.418530 0.773650
vt 0.504877 0.782461
vt 0.508527 0.773650
vt 0.418530 0.990923
vt 0.363703 0.923635
vt 0.354892 0.927285
vt 0.508527 0.773650
vt 0.563354 0.840937
vt 0.572165 0.837288
vt 0.099024 0.735363
vt 0.009782 0.685588
vt 0.009782 0.735363
vt 0.362791 0.668988
vt 0.354892 0.583018
vt 0.354892 0.672260
vt 0.562442 0.668988
vt 0.570341 0.583018
vt 0.562442 0.586290
vt 0.421267 0.527813
vt 0.354892 0.583018
vt 0.362791 0.586290
vt 0.562442 0.586290
vt 0.507237 0.519914
vt 0.503965 0.527813
vt 0.362791 0.668988
vt 0.417995 0.735363
vt 0.421267 0.727464
vt 0.421267 0.727464
vt 0.507237 0.735363
vt 0.503965 0.727464
vt 0.503965 0.527813
vt 0.417995 0.519914
vt 0.421267 0.527813
vt 0.922497 0.163637
vt 0.916510 0.076875
vt 0.916510 0.161157
vt 0.099024 0.990923
vt 0.009782 0.941147
vt 0.009782 0.990923
vt 0.335035 0.734100
vt 0.271932 0.685588
vt 0.271932 0.735363
vt 0.271932 0.990923
vt 0.182690 0.941147
vt 0.182690 0.990923
vt 0.271932 0.735363
vt 0.182690 0.685588
vt 0.182690 0.735363
vt 0.335035 0.989660
vt 0.271932 0.941147
vt 0.271932 0.990923
vt 0.162128 0.989660
vt 0.099024 0.941147
vt 0.099024 0.990923
vt 0.162128 0.734100
vt 0.099024 0.685588
vt 0.099024 0.735363
vt 0.269451 0.678184
vt 0.181984 0.669839
vt 0.185170 0.678184
vt 0.252870 0.357072
vt 0.258858 0.270310
vt 0.252870 0.267830
vt 0.099024 0.685588
vt 0.012262 0.678184
vt 0.009782 0.685588
vt 0.099024 0.941147
vt 0.012262 0.933743
vt 0.009782 0.941147
vt 0.916509 0.271033
vt 0.922497 0.184271
vt 0.916509 0.181791
vt 0.182690 0.941147
vt 0.269451 0.933743
vt 0.185170 0.933743
vt 0.271932 0.685588
vt 0.185170 0.678184
vt 0.182690 0.685588
vt 0.932468 0.901681
vt 0.926481 0.988443
vt 0.932468 0.990923
vt 0.336738 0.668557
vt 0.272637 0.616422
vt 0.272637 0.669839
vt 0.819209 0.525164
vt 0.811519 0.612631
vt 0.819209 0.609446
vt 0.845054 0.525164
vt 0.837363 0.612631
vt 0.845054 0.609446
vt 0.291062 0.357385
vt 0.298752 0.269918
vt 0.291062 0.273103
vt 0.096544 0.678184
vt 0.009077 0.669839
vt 0.012262 0.678184
vt 0.096544 0.933743
vt 0.009077 0.925399
vt 0.012262 0.933743
vt 0.316906 0.357385
vt 0.324596 0.269918
vt 0.316906 0.273103
vt 0.269451 0.933743
vt 0.181984 0.925399
vt 0.185170 0.933743
vt 0.163830 0.615139
vt 0.097208 0.607802
vt 0.099729 0.616422
vt 0.272637 0.925399
vt 0.181984 0.871981
vt 0.181984 0.925399
vt 0.272637 0.669839
vt 0.181984 0.616422
vt 0.181984 0.669839
vt 0.336738 0.924116
vt 0.272637 0.871981
vt 0.272637 0.925399
vt 0.163830 0.924116
vt 0.099729 0.871981
vt 0.099729 0.925399
vt 0.163830 0.668557
vt 0.099729 0.616422
vt 0.099729 0.669839
vt 0.099729 0.669839
vt 0.009077 0.616422
vt 0.009077 0.669839
vt 0.099729 0.925399
vt 0.009077 0.871981
vt 0.009077 0.925399
vt 0.915581 0.524805
vt 0.910226 0.612631
vt 0.915581 0.610413
vt 0.099729 0.616422
vt 0.011599 0.607802
vt 0.009077 0.616422
vt 0.099729 0.871981
vt 0.011599 0.863361
vt 0.009077 0.871981
vt 0.336738 0.615139
vt 0.270115 0.607802
vt 0.272637 0.616422
vt 0.272637 0.871981
vt 0.184506 0.863361
vt 0.181984 0.871981
vt 0.272637 0.616422
vt 0.184506 0.607802
vt 0.181984 0.616422
vt 0.336738 0.870699
vt 0.270115 0.863361
vt 0.272637 0.871981
vt 0.163830 0.870699
vt 0.097208 0.863361
vt 0.099729 0.871981
vt 0.272333 0.856184
vt 0.182288 0.806409
vt 0.182288 0.856184
vt 0.863208 0.610413
vt 0.868563 0.522586
vt 0.863208 0.524805
vt 0.097208 0.607802
vt 0.009381 0.600625
vt 0.011599 0.607802
vt 0.011599 0.863361
vt 0.099426 0.856184
vt 0.009381 0.856184
vt 0.893001 0.268815
vt 0.898355 0.180988
vt 0.893001 0.183206
vt 0.270115 0.863361
vt 0.182288 0.856184
vt 0.184506 0.863361
vt 0.270115 0.607802
vt 0.182288 0.600625
vt 0.184506 0.607802
vt 0.892071 0.524805
vt 0.886717 0.612631
vt 0.892071 0.610413
vt 0.099426 0.806409
vt 0.014654 0.775803
vt 0.009381 0.806409
vt 0.272333 0.600625
vt 0.182288 0.550849
vt 0.182288 0.600625
vt 0.336004 0.854910
vt 0.272333 0.806409
vt 0.272333 0.856184
vt 0.163097 0.854910
vt 0.099426 0.806409
vt 0.099426 0.856184
vt 0.163097 0.599350
vt 0.099426 0.550849
vt 0.099426 0.600625
vt 0.099426 0.600625
vt 0.009381 0.550849
vt 0.009381 0.600625
vt 0.099426 0.856184
vt 0.009381 0.806409
vt 0.009381 0.856184
vt 0.336004 0.599350
vt 0.272333 0.550849
vt 0.272333 0.600625
vt 0.201005 0.113363
vt 0.135830 0.078781
vt 0.179372 0.122323
vt 0.336004 0.549575
vt 0.267060 0.520243
vt 0.272333 0.550849
vt 0.272333 0.806409
vt 0.187561 0.775803
vt 0.182288 0.806409
vt 0.272333 0.550849
vt 0.187561 0.520243
vt 0.182288 0.550849
vt 0.336004 0.805134
vt 0.267060 0.775803
vt 0.272333 0.806409
vt 0.163097 0.805134
vt 0.094153 0.775803
vt 0.099426 0.806409
vt 0.163097 0.549575
vt 0.094153 0.520243
vt 0.099426 0.550849
vt 0.099426 0.550849
vt 0.014654 0.520243
vt 0.009381 0.550849
vt 0.135830 0.227444
vt 0.163064 0.177146
vt 0.129075 0.211136
vt 0.009077 0.192862
vt 0.074252 0.227444
vt 0.030710 0.183901
vt 0.094153 0.520243
vt 0.023614 0.497958
vt 0.014654 0.520243
vt 0.094153 0.775803
vt 0.023614 0.753517
vt 0.014654 0.775803
vt 0.065291 0.057148
vt 0.030710 0.122323
vt 0.074252 0.078781
vt 0.267060 0.775803
vt 0.196522 0.753517
vt 0.187561 0.775803
vt 0.187561 0.520243
vt 0.258100 0.497958
vt 0.196522 0.497958
vt 0.201005 0.192862
vt 0.135830 0.227444
vt 0.144791 0.249076
vt 0.047018 0.129078
vt 0.089650 0.115956
vt 0.081007 0.095089
vt 0.179372 0.122323
vt 0.129075 0.095089
vt 0.163064 0.129078
vt 0.030710 0.183901
vt 0.081007 0.211136
vt 0.047018 0.177146
vt 0.047018 0.129078
vt 0.030710 0.122323
vt 0.179372 0.183901
vt 0.081007 0.095089
vt 0.074252 0.078781
vt 0.074252 0.227444
vt 0.135830 0.078781
vt 0.089650 0.190269
vt 0.142198 0.168503
vt 0.120432 0.115956
vt 0.129075 0.211136
vt 0.089650 0.190269
vt 0.081007 0.211136
vt 0.081007 0.095089
vt 0.120432 0.115956
vt 0.129075 0.095089
vt 0.129075 0.211136
vt 0.142198 0.168503
vt 0.120432 0.190269
vt 0.129075 0.095089
vt 0.142198 0.137722
vt 0.163064 0.129078
vt 0.047018 0.177146
vt 0.089650 0.190269
vt 0.067884 0.168503
vt 0.047018 0.177146
vt 0.067884 0.137722
vt 0.047018 0.129078
vt 0.163064 0.129078
vt 0.142198 0.168503
vt 0.163064 0.177146
vt 0.656359 0.168588
vt 0.694548 0.219691
vt 0.715036 0.167414
vt 0.736260 0.879899
vt 0.733504 0.828984
vt 0.555225 0.167414
vt 0.555225 0.116425
vt 0.874846 0.167414
vt 0.874846 0.116424
vt 0.656359 0.168588
vt 0.656359 0.117599
vt 0.496549 0.168588
vt 0.496549 0.117599
vt 0.715036 0.167414
vt 0.715036 0.116425
vt 0.677733 0.884242
vt 0.674977 0.833327
vt 0.606161 0.940229
vt 0.661832 0.970190
vt 0.672072 0.936661
vt 0.816170 0.168588
vt 0.854359 0.219691
vt 0.874846 0.167414
vt 0.354892 0.167414
vt 0.422054 0.220625
vt 0.413568 0.168588
vt 0.413568 0.168588
vt 0.488062 0.220625
vt 0.496549 0.168588
vt 0.573379 0.168588
vt 0.647873 0.220625
vt 0.656359 0.168588
vt 0.733190 0.168588
vt 0.807684 0.220625
vt 0.816170 0.168588
vt 0.594874 0.888727
vt 0.672072 0.936661
vt 0.677733 0.884242
vt 0.496549 0.168588
vt 0.534737 0.219691
vt 0.555225 0.167414
vt 0.593902 0.253551
vt 0.635836 0.271033
vt 0.635836 0.253551
vt 0.950622 0.990923
vt 0.979682 0.936952
vt 0.950622 0.924915
vt 0.969711 0.030941
vt 0.940651 0.084912
vt 0.969711 0.096949
vt 0.982552 0.883527
vt 0.953492 0.829556
vt 0.953492 0.871490
vt 0.940651 0.181110
vt 0.969711 0.127139
vt 0.940651 0.115102
vt 0.422054 0.220625
vt 0.476025 0.253551
vt 0.488062 0.220625
vt 0.581865 0.220625
vt 0.635836 0.253551
vt 0.647873 0.220625
vt 0.741676 0.220625
vt 0.795647 0.253550
vt 0.807684 0.220625
vt 0.226358 0.170291
vt 0.219159 0.215207
vt 0.226358 0.212225
vt 0.753713 0.253550
vt 0.795647 0.271033
vt 0.795647 0.253550
vt 0.619960 0.972456
vt 0.662777 0.987646
vt 0.661832 0.970190
vt 0.476025 0.253551
vt 0.505677 0.270439
vt 0.505677 0.252957
vt 0.635836 0.253551
vt 0.665488 0.270439
vt 0.665488 0.252957
vt 0.590319 0.973466
vt 0.620904 0.989913
vt 0.619960 0.972456
vt 0.404440 0.252957
vt 0.434091 0.271033
vt 0.434091 0.253551
vt 0.434091 0.253551
vt 0.476025 0.271033
vt 0.476025 0.253551
vt 0.234038 0.445935
vt 0.231803 0.479804
vt 0.234716 0.479804
vt 0.256010 0.241877
vt 0.300926 0.249076
vt 0.297944 0.241877
vt 0.334795 0.215207
vt 0.327596 0.212225
vt 0.327596 0.170291
vt 0.300926 0.133440
vt 0.297944 0.140639
vt 0.256010 0.140639
vt 0.219159 0.167309
vt 0.253028 0.249076
vt 0.334795 0.167309
vt 0.253028 0.133440
vt 0.880754 0.386124
vt 0.909094 0.422283
vt 0.914624 0.419993
vt 0.937562 0.653569
vt 0.934251 0.687467
vt 0.937165 0.687443
vt 0.896311 0.081040
vt 0.893001 0.114937
vt 0.895914 0.114913
vt 0.895914 0.114913
vt 0.893398 0.162834
vt 0.896311 0.162810
vt 0.234038 0.398037
vt 0.231125 0.445935
vt 0.234038 0.445935
vt 0.234038 0.298115
vt 0.231125 0.346013
vt 0.234038 0.346013
vt 0.937165 0.687443
vt 0.934648 0.735363
vt 0.937562 0.735339
vt 0.234716 0.364167
vt 0.231125 0.398037
vt 0.234038 0.398037
vt 0.818411 0.324493
vt 0.799347 0.367970
vt 0.818770 0.367809
vt 0.914624 0.467891
vt 0.878464 0.496231
vt 0.880754 0.501760
vt 0.798987 0.467891
vt 0.804516 0.422283
vt 0.798987 0.419993
vt 0.835147 0.391653
vt 0.878464 0.391653
vt 0.909094 0.465601
vt 0.835147 0.496231
vt 0.832856 0.501760
vt 0.804516 0.465601
vt 0.832856 0.386124
vt 0.916097 0.704733
vt 0.884742 0.733614
vt 0.885467 0.735363
vt 0.272295 0.405856
vt 0.252870 0.449173
vt 0.272295 0.449173
vt 0.972917 0.756047
vt 0.953492 0.799365
vt 0.972917 0.799365
vt 0.856349 0.324493
vt 0.837284 0.367970
vt 0.856708 0.367809
vt 0.272908 0.375226
vt 0.252870 0.405856
vt 0.272295 0.405856
vt 0.272295 0.449173
vt 0.253483 0.479804
vt 0.272908 0.479804
vt 0.856708 0.293858
vt 0.836925 0.324654
vt 0.856349 0.324493
vt 0.818770 0.293858
vt 0.798987 0.324654
vt 0.818411 0.324493
vt 0.291062 0.479804
vt 0.326862 0.450198
vt 0.291654 0.450198
vt 0.842149 0.735363
vt 0.813269 0.704008
vt 0.811519 0.704733
vt 0.811519 0.661415
vt 0.842874 0.632535
vt 0.842149 0.630785
vt 0.884742 0.632535
vt 0.885467 0.630785
vt 0.916097 0.661415
vt 0.914348 0.704008
vt 0.842874 0.733614
vt 0.813269 0.662140
vt 0.914348 0.662140
vt 0.320238 0.043812
vt 0.314083 0.083131
vt 0.320238 0.085681
vt 0.291654 0.408330
vt 0.326269 0.378724
vt 0.291062 0.378724
vt 0.976204 0.199265
vt 0.940651 0.229166
vt 0.975857 0.228874
vt 0.910414 0.296202
vt 0.874862 0.326103
vt 0.910067 0.325811
vt 0.910067 0.325811
vt 0.875209 0.367970
vt 0.910414 0.367678
vt 0.291654 0.450198
vt 0.326862 0.408330
vt 0.291654 0.408330
vt 0.990923 0.693495
vt 0.955716 0.735363
vt 0.990923 0.735363
vt 0.975857 0.228874
vt 0.940998 0.271033
vt 0.976204 0.270741
vt 0.288083 0.109130
vt 0.314083 0.046362
vt 0.251314 0.020362
vt 0.290633 0.115286
vt 0.251314 0.109130
vt 0.248764 0.115286
vt 0.219159 0.085681
vt 0.225315 0.046362
vt 0.219159 0.043812
vt 0.290633 0.014207
vt 0.314083 0.046362
vt 0.320238 0.043812
vt 0.320238 0.085681
vt 0.288083 0.109130
vt 0.290633 0.115286
vt 0.248764 0.115286
vt 0.225315 0.083131
vt 0.219159 0.085681
vt 0.248764 0.014207
vt 0.225315 0.046362
vt 0.251314 0.020362
vt 0.248764 0.014207
vt 0.288083 0.020362
vt 0.290633 0.014207
vt 0.733190 0.168588
vt 0.708044 0.067296
vt 0.793365 0.590498
vt 0.653463 0.068389
vt 0.548233 0.067296
vt 0.669426 0.784346
vt 0.416464 0.068389
vt 0.493652 0.068389
vt 0.867854 0.067296
vt 0.813274 0.068389
vt 0.384029 0.435553
vt 0.597756 0.671522
vt 0.652336 0.726103
vt 0.733360 0.530493
vt 0.733360 0.735363
vt 0.588495 0.590498
vt 0.793365 0.675358
vt 0.652336 0.539754
vt 0.038214 0.413597
vt 0.606077 0.435553
vt 0.385230 0.495559
vt 0.039415 0.473602
vt 0.384029 0.350694
vt 0.840674 0.961787
vt 0.038214 0.413597
vt 0.607277 0.495559
vt 0.618321 0.352855
vt 0.619461 0.490340
vt 0.396274 0.433392
vt 0.606077 0.435553
vt 0.397413 0.490340
vt 0.051598 0.468383
vt 0.396274 0.352855
vt 0.838614 0.949525
vt 0.653394 0.436176
vt 0.408279 0.350071
vt 0.841497 0.937542
vt 0.062465 0.414219
vt 0.631546 0.497060
vt 0.408279 0.436176
vt 0.630327 0.436176
vt 0.062465 0.328115
vt 0.666813 0.489815
vt 0.432565 0.497060
vt 0.086750 0.475104
vt 0.902581 0.913763
vt 0.841688 0.914477
vt 0.085531 0.414219
vt 0.654612 0.497060
vt 0.431346 0.436176
vt 0.935338 0.883527
vt 0.431346 0.436176
vt 0.665679 0.433174
vt 0.097817 0.331116
vt 0.098950 0.467859
vt 0.431346 0.350071
vt 0.838789 0.902167
vt 0.097817 0.411218
vt 0.157151 0.476716
vt 0.842537 0.892662
vt 0.107352 0.414887
vt 0.932778 0.498091
vt 0.443632 0.433174
vt 0.675214 0.436843
vt 0.932778 0.308728
vt 0.933734 0.525192
vt 0.509116 0.434693
vt 0.904776 0.843378
vt 0.842939 0.844103
vt 0.155913 0.414887
vt 0.725013 0.498672
vt 0.501728 0.436843
vt 0.675214 0.436843
vt 0.502965 0.498672
vt 0.163301 0.412737
vt 0.731164 0.434693
vt 0.510293 0.493481
vt 0.157151 0.476716
vt 0.899646 0.836008
vt 0.840850 0.836697
vt 0.163301 0.412737
vt 0.732340 0.493481
vt 0.212971 0.479804
vt 0.732340 0.493481
vt 0.524733 0.438122
vt 0.746781 0.438122
vt 0.526007 0.501760
vt 0.180192 0.479804
vt 0.908055 0.820363
vt 0.844409 0.821109
vt 0.504877 0.982112
vt 0.908327 0.787585
vt 0.844681 0.788331
vt 0.211697 0.416166
vt 0.780833 0.501760
vt 0.557512 0.438122
vt 0.779560 0.438122
vt 0.558786 0.501760
vt 0.507237 0.735363
vt 0.572165 0.837288
vt 0.363703 0.923635
vt 0.354892 0.837288
vt 0.563354 0.923635
vt 0.422179 0.782461
vt 0.422179 0.982112
vt 0.504877 0.782461
vt 0.099024 0.685588
vt 0.362791 0.586290
vt 0.570341 0.672260
vt 0.417995 0.519914
vt 0.570341 0.583018
vt 0.354892 0.672260
vt 0.417995 0.735363
vt 0.507237 0.519914
vt 0.922497 0.074395
vt 0.099024 0.941147
vt 0.335035 0.684325
vt 0.271932 0.941147
vt 0.271932 0.685588
vt 0.335035 0.939885
vt 0.162128 0.939885
vt 0.162128 0.684325
vt 0.272637 0.669839
vt 0.258858 0.354591
vt 0.096544 0.678184
vt 0.096544 0.933743
vt 0.922497 0.268553
vt 0.271932 0.941147
vt 0.269451 0.678184
vt 0.926481 0.904161
vt 0.336738 0.615139
vt 0.811519 0.521979
vt 0.837363 0.521979
vt 0.298752 0.360570
vt 0.099729 0.669839
vt 0.099729 0.925399
vt 0.324596 0.360570
vt 0.272637 0.925399
vt 0.157742 0.606590
vt 0.272637 0.871981
vt 0.272637 0.616422
vt 0.336738 0.870699
vt 0.163830 0.870699
vt 0.163830 0.615139
vt 0.099729 0.616422
vt 0.099729 0.871981
vt 0.910226 0.522586
vt 0.097208 0.607802
vt 0.097208 0.863361
vt 0.330649 0.606590
vt 0.270115 0.863361
vt 0.270115 0.607802
vt 0.330649 0.862150
vt 0.157742 0.862150
vt 0.272333 0.806409
vt 0.868563 0.612631
vt 0.099426 0.600625
vt 0.097208 0.863361
vt 0.898355 0.271033
vt 0.272333 0.856184
vt 0.272333 0.600625
vt 0.886717 0.522586
vt 0.094153 0.775803
vt 0.272333 0.550849
vt 0.336004 0.805134
vt 0.163097 0.805134
vt 0.163097 0.549575
vt 0.099426 0.550849
vt 0.099426 0.806409
vt 0.336004 0.549575
vt 0.144791 0.057148
vt 0.323275 0.519118
vt 0.267060 0.775803
vt 0.267060 0.520243
vt 0.323275 0.774678
vt 0.150367 0.774678
vt 0.150367 0.519118
vt 0.094153 0.520243
vt 0.065291 0.249076
vt 0.085192 0.497958
vt 0.085192 0.753517
vt 0.009077 0.113363
vt 0.258100 0.753517
vt 0.267060 0.520243
vt 0.179372 0.183901
vt 0.067884 0.137722
vt 0.089650 0.115956
vt 0.067884 0.137722
vt 0.067884 0.168503
vt 0.120432 0.190269
vt 0.142198 0.137722
vt 0.120432 0.190269
vt 0.089650 0.115956
vt 0.163064 0.177146
vt 0.120432 0.115956
vt 0.081007 0.211136
vt 0.067884 0.168503
vt 0.142198 0.137722
vt 0.647873 0.220625
vt 0.677733 0.884242
vt 0.496549 0.168588
vt 0.816170 0.168588
vt 0.573379 0.168588
vt 0.413568 0.168588
vt 0.656359 0.168588
vt 0.594874 0.888727
vt 0.619960 0.972456
vt 0.807684 0.220625
vt 0.375380 0.219691
vt 0.422054 0.220625
vt 0.581865 0.220625
vt 0.741676 0.220625
vt 0.606161 0.940229
vt 0.488062 0.220625
vt 0.593902 0.271033
vt 0.979682 0.978886
vt 0.940651 0.042978
vt 0.982552 0.817519
vt 0.969711 0.169073
vt 0.434091 0.253551
vt 0.593902 0.253551
vt 0.753713 0.253550
vt 0.753713 0.271033
vt 0.620904 0.989913
vt 0.476025 0.271033
vt 0.635836 0.271033
vt 0.591264 0.990923
vt 0.404440 0.270439
vt 0.434091 0.271033
vt 0.231125 0.445935
vt 0.934648 0.653593
vt 0.893398 0.081064
vt 0.893001 0.114937
vt 0.231125 0.398037
vt 0.231125 0.298115
vt 0.934251 0.687467
vt 0.231803 0.364167
vt 0.798987 0.324654
vt 0.252870 0.405856
vt 0.953492 0.756047
vt 0.836925 0.324654
vt 0.253483 0.375226
vt 0.252870 0.449173
vt 0.837284 0.294019
vt 0.799346 0.294019
vt 0.326269 0.479804
vt 0.314083 0.046362
vt 0.326862 0.408330
vt 0.940998 0.199556
vt 0.875209 0.296494
vt 0.874862 0.326103
vt 0.326862 0.450198
vt 0.955716 0.693495
vt 0.940651 0.229166
vt 0.225315 0.046362
vt 0.225315 0.083131
vt 0.251314 0.109130
vt 0.314083 0.083131
vt 0.288083 0.020362
vt 0.288083 0.109130
vt 0.225315 0.083131
vt 0.288083 0.020362
vt 0.314083 0.083131
vt 0.251314 0.109130
vt 0.219159 0.043812
vt 0.251314 0.020362
vn -0.923880 0.000000 0.382683
vn -0.923880 0.000000 0.382683
vn -0.923880 0.000000 0.382683
vn 0.923880 -0.000000 -0.382683
vn 0.923880 -0.000000 -0.382683
vn 0.923880 -0.000000 -0.382683
vn 0.382683 -0.000000 -0.923880
vn 0.382683 -0.000000 -0.923880
vn 0.382683 -0.000000 -0.923880
vn 0.382683 0.000000 0.923880
vn 0.382683 0.000000 0.923880
vn 0.382683 0.000000 0.923880
vn -0.382683 0.000000 0.923880
vn -0.382683 0.000000 0.923880
vn -0.382683 0.000000 0.923880
vn 0.923880 0.000000 0.382683
vn 0.923880 0.000000 0.382683
vn 0.923880 0.000000 0.382683
vn 0.923880 0.000000 0.382683
vn 0.923880 0.000000 0.382684
vn -0.923880 -0.000000 -0.382683
vn -0.923880 -0.000000 -0.382683
vn -0.923880 -0.000000 -0.382683
vn -0.382683 -0.000000 -0.923880
vn -0.382683 -0.000000 -0.923880
vn -0.382683 -0.000000 -0.923880
vn 0.844723 -0.404989 -0.349895
vn 0.844723 -0.404989 -0.349896
vn 0.844723 -0.404989 -0.349896
vn -0.258771 0.736717 -0.624728
vn -0.258773 0.736717 -0.624728
vn -0.258773 0.736716 -0.624728
vn 0.349895 -0.404989 -0.844723
vn 0.349896 -0.404990 -0.844723
vn 0.349896 -0.404990 -0.844723
vn -0.349895 -0.404989 -0.844723
vn -0.349896 -0.404989 -0.844723
vn -0.349896 -0.404989 -0.844723
vn -0.349895 -0.404989 0.844723
vn -0.349896 -0.404989 0.844723
vn -0.349896 -0.404989 0.844723
vn -0.844723 -0.404989 0.349896
vn -0.844723 -0.404989 0.349896
vn -0.844723 -0.404989 0.349896
vn -0.844723 -0.404989 -0.349895
vn -0.844723 -0.404989 -0.349896
vn -0.844723 -0.404989 -0.349896
vn 0.349895 -0.404989 0.844723
vn 0.349896 -0.404989 0.844723
vn 0.349896 -0.404989 0.844723
vn 0.844723 -0.404988 0.349896
vn 0.844723 -0.404989 0.349896
vn 0.844723 -0.404989 0.349896
vn -0.382683 -0.000000 0.923880
vn -0.382684 -0.000000 0.923879
vn -0.382684 -0.000000 0.923879
vn 0.258769 0.736718 0.624728
vn 0.258773 0.736717 0.624728
vn 0.258769 0.736718 0.624728
vn 0.624727 0.736718 0.258771
vn 0.624729 0.736717 0.258771
vn 0.624727 0.736718 0.258771
vn -0.624727 0.736718 -0.258771
vn -0.624729 0.736717 -0.258771
vn -0.624729 0.736717 -0.258771
vn 0.624727 0.736718 -0.258771
vn 0.624729 0.736717 -0.258771
vn 0.624729 0.736717 -0.258771
vn -0.258769 0.736718 0.624728
vn -0.258773 0.736717 0.624727
vn -0.258773 0.736717 0.624727
vn 0.258770 0.736717 -0.624729
vn 0.258773 0.736717 -0.624728
vn 0.258773 0.736716 -0.624728
vn -0.624727 0.736718 0.258771
vn -0.624729 0.736717 0.258771
vn -0.624727 0.736718 0.258771
vn -0.848798 -0.394879 -0.351585
vn -0.848800 -0.394877 -0.351584
vn -0.848798 -0.394879 -0.351585
vn 0.382683 0.000000 -0.923880
vn 0.382684 0.000000 -0.923879
vn 0.382684 0.000000 -0.923879
vn -0.923880 -0.000000 0.382684
vn -0.923880 -0.000000 0.382683
vn -0.923880 -0.000000 0.382683
vn -0.382683 -0.000000 -0.923880
vn -0.382684 -0.000000 -0.923879
vn -0.382684 -0.000000 -0.923879
vn 0.382683 0.000000 0.923880
vn 0.382684 0.000000 0.923879
vn 0.382684 0.000000 0.923879
vn 0.923879 0.000000 0.382684
vn 0.923880 0.000000 0.382683
vn 0.923880 0.000000 0.382683
vn -0.923879 -0.000000 -0.382684
vn -0.923880 -0.000000 -0.382683
vn -0.923880 -0.000000 -0.382683
vn 0.923879 0.000000 -0.382684
vn 0.923880 0.000000 -0.382683
vn 0.923880 0.000000 -0.382683
vn -0.334821 0.484253 -0.808328
vn -0.334820 0.484254 -0.808328
vn -0.334821 0.484253 -0.808328
vn 0.848798 -0.394879 -0.351585
vn 0.848800 -0.394878 -0.351584
vn 0.848800 -0.394877 -0.351584
vn -0.351584 -0.394878 0.848799
vn -0.351585 -0.394878 0.848799
vn -0.351585 -0.394878 0.848799
vn 0.351585 -0.394878 -0.848799
vn 0.351585 -0.394879 -0.848799
vn 0.351585 -0.394878 -0.848799
vn -0.848799 -0.394879 0.351585
vn -0.848800 -0.394877 0.351584
vn -0.848800 -0.394877 0.351584
vn -0.351585 -0.394878 -0.848799
vn -0.351585 -0.394879 -0.848799
vn -0.351585 -0.394879 -0.848799
vn 0.351585 -0.394878 0.848799
vn 0.351585 -0.394878 0.848799
vn 0.351585 -0.394878 0.848799
vn 0.848798 -0.394879 0.351585
vn 0.848799 -0.394878 0.351584
vn 0.848799 -0.394878 0.351584
vn 0.382683 -0.000000 -0.923880
vn 0.382683 -0.000000 -0.923880
vn 0.382683 -0.000000 -0.923880
vn 0.334820 0.484254 0.808328
vn 0.334820 0.484254 0.808328
vn 0.334820 0.484254 0.808328
vn 0.808328 0.484253 0.334820
vn 0.808328 0.484253 0.334820
vn 0.808328 0.484253 0.334820
vn -0.808328 0.484253 -0.334820
vn -0.808328 0.484253 -0.334820
vn -0.808328 0.484253 -0.334820
vn 0.808327 0.484254 -0.334821
vn 0.808329 0.484253 -0.334820
vn 0.808329 0.484252 -0.334820
vn -0.334821 0.484253 0.808328
vn -0.334820 0.484254 0.808328
vn -0.334820 0.484254 0.808328
vn 0.334821 0.484253 -0.808328
vn 0.334820 0.484254 -0.808328
vn 0.334819 0.484254 -0.808328
vn -0.808327 0.484254 0.334821
vn -0.808329 0.484253 0.334820
vn -0.808329 0.484252 0.334819
vn 0.793382 -0.512394 -0.328629
vn 0.793382 -0.512394 -0.328629
vn 0.793382 -0.512394 -0.328629
vn -0.923880 0.000000 0.382684
vn -0.923880 0.000000 0.382683
vn -0.923880 0.000000 0.382683
vn -0.382683 -0.000000 -0.923880
vn -0.382683 -0.000000 -0.923880
vn -0.382683 -0.000000 -0.923880
vn 0.382683 0.000000 0.923880
vn 0.382683 0.000000 0.923880
vn 0.382683 0.000000 0.923880
vn 0.923880 0.000000 0.382683
vn 0.923880 0.000000 0.382683
vn 0.923880 0.000000 0.382683
vn -0.923880 -0.000000 -0.382683
vn -0.923880 -0.000000 -0.382684
vn -0.923879 -0.000000 -0.382684
vn 0.923880 -0.000000 -0.382683
vn 0.923880 -0.000000 -0.382683
vn 0.923880 -0.000000 -0.382684
vn -0.382683 0.000000 0.923880
vn -0.382683 0.000000 0.923880
vn -0.382683 0.000000 0.923880
vn 0.282786 0.673755 0.682705
vn 0.282786 0.673754 0.682706
vn 0.282786 0.673754 0.682706
vn -0.328630 -0.512394 0.793382
vn -0.328629 -0.512394 0.793382
vn -0.328630 -0.512394 0.793382
vn 0.328630 -0.512394 -0.793382
vn 0.328629 -0.512395 -0.793382
vn 0.328629 -0.512395 -0.793381
vn -0.793382 -0.512394 0.328630
vn -0.793382 -0.512394 0.328629
vn -0.793383 -0.512394 0.328629
vn -0.328630 -0.512394 -0.793382
vn -0.328629 -0.512395 -0.793382
vn -0.328629 -0.512395 -0.793382
vn 0.328629 -0.512394 0.793382
vn 0.328629 -0.512395 0.793382
vn 0.328629 -0.512394 0.793382
vn 0.793382 -0.512394 0.328630
vn 0.793382 -0.512394 0.328629
vn 0.793382 -0.512394 0.328629
vn -0.793382 -0.512394 -0.328629
vn -0.793382 -0.512394 -0.328629
vn -0.793382 -0.512394 -0.328629
vn -0.382684 -0.000000 -0.923880
vn -0.382684 -0.000000 -0.923880
vn -0.382683 -0.000000 -0.923880
vn 0.682706 0.673754 0.282786
vn 0.682706 0.673754 0.282786
vn 0.682706 0.673755 0.282786
vn -0.682706 0.673754 -0.282786
vn -0.682706 0.673754 -0.282786
vn -0.682706 0.673754 -0.282786
vn 0.682706 0.673754 -0.282786
vn 0.682706 0.673754 -0.282786
vn 0.682706 0.673754 -0.282786
vn -0.282786 0.673754 0.682706
vn -0.282786 0.673755 0.682705
vn -0.282786 0.673754 0.682706
vn 0.282786 0.673754 -0.682706
vn 0.282787 0.673754 -0.682706
vn 0.282787 0.673754 -0.682705
vn -0.682705 0.673755 0.282786
vn -0.682706 0.673754 0.282786
vn -0.682707 0.673754 0.282786
vn -0.282786 0.673754 -0.682706
vn -0.282786 0.673754 -0.682706
vn -0.282786 0.673754 -0.682706
vn -0.311666 -0.580271 0.752429
vn -0.311667 -0.580270 0.752430
vn -0.311667 -0.580270 0.752430
vn 0.382683 0.000000 0.923879
vn 0.382683 0.000000 0.923880
vn 0.382683 0.000000 0.923880
vn 0.923880 0.000000 0.382684
vn 0.923879 0.000000 0.382684
vn 0.923879 0.000000 0.382684
vn -0.923880 -0.000000 -0.382684
vn -0.923879 -0.000000 -0.382684
vn -0.923879 -0.000000 -0.382684
vn 0.923880 -0.000000 -0.382684
vn 0.923880 -0.000000 -0.382684
vn 0.923880 -0.000000 -0.382684
vn -0.382684 0.000000 0.923880
vn -0.382684 0.000000 0.923880
vn -0.382683 0.000000 0.923880
vn 0.382683 -0.000000 -0.923879
vn 0.382683 -0.000000 -0.923880
vn 0.382684 -0.000000 -0.923880
vn -0.923880 0.000000 0.382684
vn -0.923880 0.000000 0.382684
vn -0.923880 0.000000 0.382684
vn -0.818182 0.464460 -0.338902
vn -0.818182 0.464461 -0.338902
vn -0.818182 0.464460 -0.338902
vn 0.311666 -0.580270 -0.752430
vn 0.311666 -0.580271 -0.752429
vn 0.311666 -0.580271 -0.752429
vn -0.752430 -0.580270 0.311667
vn -0.752430 -0.580270 0.311667
vn -0.752430 -0.580270 0.311667
vn -0.311666 -0.580270 -0.752430
vn -0.311666 -0.580270 -0.752430
vn -0.311666 -0.580270 -0.752430
vn 0.311666 -0.580270 0.752430
vn 0.311666 -0.580271 0.752429
vn 0.311666 -0.580271 0.752429
vn 0.752430 -0.580270 0.311667
vn 0.752430 -0.580270 0.311667
vn 0.752430 -0.580270 0.311667
vn -0.752429 -0.580271 -0.311666
vn -0.752430 -0.580270 -0.311667
vn -0.752430 -0.580270 -0.311667
vn 0.752430 -0.580270 -0.311667
vn 0.752430 -0.580270 -0.311666
vn 0.752430 -0.580270 -0.311666
vn -0.382684 0.000000 -0.923880
vn -0.382684 -0.000000 -0.923879
vn -0.382684 -0.000000 -0.923879
vn 0.818182 0.464460 -0.338902
vn 0.818182 0.464461 -0.338902
vn 0.818182 0.464460 -0.338902
vn -0.338902 0.464460 0.818182
vn -0.338902 0.464460 0.818182
vn -0.338902 0.464460 0.818182
vn 0.338902 0.464460 -0.818182
vn 0.338902 0.464461 -0.818182
vn 0.338902 0.464461 -0.818182
vn -0.818182 0.464460 0.338902
vn -0.818182 0.464460 0.338902
vn -0.818182 0.464461 0.338902
vn -0.338902 0.464460 -0.818182
vn -0.338903 0.464460 -0.818182
vn -0.338903 0.464459 -0.818182
vn 0.338902 0.464461 0.818182
vn 0.338902 0.464461 0.818182
vn 0.338902 0.464461 0.818182
vn 0.818182 0.464460 0.338902
vn 0.818182 0.464461 0.338902
vn 0.818182 0.464461 0.338902
vn -0.588730 -0.770668 0.243860
vn -0.588731 -0.770667 0.243860
vn -0.588731 -0.770667 0.243860
vn 0.382683 -0.000000 0.923880
vn 0.382684 0.000000 0.923880
vn 0.382684 0.000000 0.923880
vn 0.923879 0.000000 0.382684
vn 0.923879 0.000000 0.382684
vn 0.923879 0.000000 0.382684
vn -0.923879 -0.000000 -0.382684
vn -0.923879 -0.000000 -0.382684
vn -0.923879 -0.000000 -0.382684
vn 0.923879 -0.000000 -0.382684
vn 0.923879 -0.000000 -0.382684
vn 0.923880 -0.000000 -0.382684
vn -0.382683 0.000000 0.923879
vn -0.382684 0.000000 0.923879
vn -0.382684 0.000000 0.923879
vn 0.382683 -0.000000 -0.923880
vn 0.382684 -0.000001 -0.923880
vn 0.382684 -0.000001 -0.923880
vn -0.923879 0.000000 0.382684
vn -0.923879 0.000000 0.382684
vn -0.923880 0.000000 0.382684
vn 0.563012 0.792863 -0.233208
vn 0.563013 0.792862 -0.233208
vn 0.563014 0.792862 -0.233208
vn -0.243860 -0.770667 -0.588731
vn -0.243860 -0.770668 -0.588730
vn -0.243860 -0.770667 -0.588731
vn 0.243860 -0.770667 0.588731
vn 0.243860 -0.770668 0.588731
vn 0.243860 -0.770668 0.588731
vn 0.588730 -0.770668 0.243860
vn 0.588731 -0.770667 0.243860
vn 0.588730 -0.770668 0.243860
vn -0.588731 -0.770667 -0.243860
vn -0.588731 -0.770668 -0.243860
vn -0.588730 -0.770668 -0.243860
vn 0.588730 -0.770668 -0.243860
vn 0.588731 -0.770667 -0.243860
vn 0.588731 -0.770667 -0.243860
vn -0.243861 -0.770667 0.588731
vn -0.243860 -0.770668 0.588731
vn -0.243860 -0.770668 0.588730
vn 0.243861 -0.770667 -0.588731
vn 0.243860 -0.770668 -0.588731
vn 0.243860 -0.770668 -0.588730
vn 0.923880 0.000000 0.382684
vn 0.923880 0.000000 0.382684
vn 0.923879 0.000000 0.382684
vn -0.233207 0.792863 0.563012
vn -0.233208 0.792862 0.563013
vn -0.233207 0.792863 0.563012
vn 0.233208 0.792862 -0.563013
vn 0.233208 0.792862 -0.563013
vn 0.233208 0.792862 -0.563013
vn -0.563012 0.792863 0.233207
vn -0.563013 0.792862 0.233207
vn -0.563013 0.792862 0.233207
vn -0.233208 0.792862 -0.563013
vn -0.233208 0.792862 -0.563014
vn -0.233208 0.792862 -0.563014
vn 0.233207 0.792863 0.563012
vn 0.233208 0.792862 0.563013
vn 0.233208 0.792862 0.563013
vn 0.563013 0.792862 0.233208
vn 0.563013 0.792862 0.233207
vn 0.563013 0.792862 0.233207
vn -0.563013 0.792862 -0.233208
vn -0.563013 0.792862 -0.233208
vn -0.563013 0.792862 -0.233208
vn -0.295650 -0.634929 -0.713762
vn -0.295651 -0.634926 -0.713764
vn -0.295650 -0.634929 -0.713762
vn -0.923880 -0.000000 -0.382684
vn -0.923880 -0.000000 -0.382684
vn -0.923879 -0.000000 -0.382684
vn 0.923880 -0.000000 -0.382684
vn 0.923880 -0.000000 -0.382683
vn 0.923880 -0.000000 -0.382683
vn -0.382684 0.000000 0.923880
vn -0.382684 0.000000 0.923879
vn -0.382684 0.000000 0.923879
vn 0.382684 -0.000000 -0.923880
vn 0.382683 -0.000000 -0.923880
vn 0.382683 -0.000000 -0.923880
vn -0.923880 0.000000 0.382684
vn -0.923880 0.000000 0.382683
vn -0.923880 0.000000 0.382683
vn -0.382684 -0.000000 -0.923879
vn -0.382684 -0.000000 -0.923879
vn -0.382684 -0.000000 -0.923879
vn 0.382683 0.000000 0.923880
vn 0.382683 0.000000 0.923880
vn 0.382684 0.000000 0.923880
vn 0.283778 0.670901 -0.685100
vn 0.283777 0.670902 -0.685099
vn 0.283777 0.670902 -0.685099
vn 0.295651 -0.634927 0.713764
vn 0.295650 -0.634928 0.713763
vn 0.295650 -0.634928 0.713763
vn 0.713764 -0.634927 0.295651
vn 0.713763 -0.634927 0.295651
vn 0.713763 -0.634927 0.295651
vn -0.713764 -0.634927 -0.295650
vn -0.713763 -0.634927 -0.295651
vn -0.713763 -0.634927 -0.295651
vn 0.713763 -0.634927 -0.295650
vn 0.713763 -0.634927 -0.295651
vn 0.713764 -0.634927 -0.295651
vn -0.295651 -0.634927 0.713763
vn -0.295651 -0.634927 0.713764
vn -0.295651 -0.634927 0.713763
vn 0.295650 -0.634928 -0.713763
vn 0.295651 -0.634927 -0.713763
vn 0.295651 -0.634927 -0.713763
vn -0.713764 -0.634927 0.295651
vn -0.713763 -0.634927 0.295651
vn -0.713763 -0.634927 0.295651
vn 0.923880 -0.000000 -0.382684
vn 0.923880 -0.000000 -0.382684
vn 0.923880 -0.000000 -0.382684
vn -0.685100 0.670902 0.283778
vn -0.685100 0.670902 0.283778
vn -0.685100 0.670902 0.283778
vn -0.283778 0.670902 -0.685099
vn -0.283778 0.670901 -0.685100
vn -0.283778 0.670901 -0.685100
vn 0.283778 0.670902 0.685099
vn 0.283778 0.670901 0.685100
vn 0.283778 0.670901 0.685100
vn 0.685100 0.670901 0.283778
vn 0.685100 0.670902 0.283778
vn 0.685100 0.670902 0.283778
vn -0.685100 0.670901 -0.283778
vn -0.685100 0.670902 -0.283778
vn -0.685100 0.670902 -0.283778
vn 0.685099 0.670902 -0.283778
vn 0.685100 0.670901 -0.283778
vn 0.685100 0.670901 -0.283778
vn -0.283777 0.670902 0.685099
vn -0.283778 0.670902 0.685099
vn -0.283778 0.670902 0.685099
vn 0.311108 -0.582316 0.751080
vn 0.311107 -0.582316 0.751080
vn 0.311107 -0.582316 0.751080
vn -0.382684 0.000000 0.923879
vn -0.382684 0.000000 0.923879
vn -0.382684 0.000000 0.923879
vn 0.382684 -0.000000 -0.923880
vn 0.382684 -0.000000 -0.923880
vn 0.382684 -0.000000 -0.923880
vn -0.923880 0.000000 0.382683
vn -0.923880 0.000000 0.382683
vn -0.923880 0.000000 0.382683
vn -0.382684 -0.000000 -0.923879
vn -0.382684 -0.000000 -0.923879
vn -0.382684 -0.000000 -0.923880
vn 0.382684 0.000000 0.923880
vn 0.382684 0.000000 0.923880
vn 0.382684 0.000000 0.923880
vn 0.923880 0.000000 0.382684
vn 0.923880 0.000000 0.382684
vn 0.923880 0.000000 0.382684
vn -0.923880 -0.000000 -0.382683
vn -0.923880 -0.000000 -0.382683
vn -0.923880 -0.000000 -0.382684
vn -0.308354 0.592230 -0.744433
vn -0.308354 0.592233 -0.744431
vn -0.308354 0.592233 -0.744431
vn 0.751079 -0.582316 0.311107
vn 0.751079 -0.582316 0.311107
vn 0.751079 -0.582316 0.311107
vn -0.751079 -0.582316 -0.311107
vn -0.751079 -0.582317 -0.311107
vn -0.751079 -0.582317 -0.311107
vn 0.751079 -0.582316 -0.311107
vn 0.751079 -0.582317 -0.311107
vn 0.751079 -0.582317 -0.311107
vn -0.311108 -0.582316 0.751079
vn -0.311107 -0.582317 0.751079
vn -0.311107 -0.582317 0.751079
vn 0.311108 -0.582316 -0.751079
vn 0.311107 -0.582317 -0.751079
vn 0.311107 -0.582317 -0.751079
vn -0.751079 -0.582316 0.311107
vn -0.751079 -0.582316 0.311108
vn -0.751079 -0.582316 0.311108
vn -0.311108 -0.582316 -0.751079
vn -0.311107 -0.582317 -0.751079
vn -0.311107 -0.582317 -0.751079
vn -0.382683 0.000000 0.923880
vn -0.382684 0.000000 0.923880
vn -0.382684 0.000000 0.923879
vn 0.308354 0.592232 0.744432
vn 0.308354 0.592231 0.744433
vn 0.308355 0.592231 0.744433
vn 0.744432 0.592232 0.308354
vn 0.744433 0.592231 0.308354
vn 0.744433 0.592231 0.308354
vn -0.744432 0.592232 -0.308354
vn -0.744433 0.592231 -0.308354
vn -0.744432 0.592232 -0.308354
vn 0.744432 0.592232 -0.308354
vn 0.744433 0.592231 -0.308354
vn 0.744433 0.592231 -0.308354
vn -0.308354 0.592232 0.744432
vn -0.308354 0.592231 0.744433
vn -0.308354 0.592231 0.744433
vn 0.308354 0.592230 -0.744433
vn 0.308354 0.592231 -0.744433
vn 0.308354 0.592232 -0.744432
vn -0.744432 0.592232 0.308354
vn -0.744433 0.592231 0.308354
vn -0.744433 0.592231 0.308354
vn -0.852004 -0.386708 -0.352911
vn -0.852003 -0.386709 -0.352912
vn -0.852003 -0.386709 -0.352912
vn 0.382683 -0.000000 -0.923880
vn 0.382683 -0.000000 -0.923880
vn 0.382684 -0.000000 -0.923880
vn -0.923880 0.000000 0.382683
vn -0.923880 0.000000 0.382684
vn -0.923879 0.000000 0.382684
vn -0.382683 -0.000000 -0.923880
vn -0.382684 -0.000000 -0.923880
vn -0.382684 -0.000000 -0.923879
vn 0.382683 0.000000 0.923880
vn 0.382683 0.000000 0.923880
vn 0.382684 0.000000 0.923880
vn 0.923879 0.000000 0.382684
vn 0.923880 0.000000 0.382684
vn 0.923880 0.000000 0.382683
vn -0.923880 -0.000000 -0.382684
vn -0.923880 -0.000000 -0.382684
vn -0.923880 -0.000000 -0.382683
vn 0.923880 -0.000000 -0.382684
vn 0.923879 -0.000000 -0.382684
vn 0.923879 -0.000000 -0.382684
vn -0.271990 -0.703451 -0.656642
vn -0.271990 -0.703451 -0.656642
vn -0.271990 -0.703450 -0.656642
vn 0.852004 -0.386709 -0.352911
vn 0.852003 -0.386709 -0.352912
vn 0.852003 -0.386709 -0.352912
vn -0.352912 -0.386708 0.852004
vn -0.352912 -0.386708 0.852004
vn -0.352912 -0.386708 0.852004
vn 0.352911 -0.386709 -0.852004
vn 0.352911 -0.386708 -0.852004
vn 0.352911 -0.386708 -0.852004
vn -0.852004 -0.386708 0.352912
vn -0.852003 -0.386709 0.352912
vn -0.852003 -0.386709 0.352912
vn -0.352912 -0.386708 -0.852003
vn -0.352911 -0.386709 -0.852003
vn -0.352911 -0.386709 -0.852003
vn 0.352912 -0.386708 0.852004
vn 0.352911 -0.386709 0.852004
vn 0.352911 -0.386709 0.852004
vn 0.852004 -0.386708 0.352911
vn 0.852003 -0.386709 0.352912
vn 0.852003 -0.386709 0.352912
vn -0.000000 -1.000000 0.000000
vn 0.000000 -1.000000 0.000000
vn 0.000000 -1.000000 0.000000
vn 0.271990 -0.703450 0.656642
vn 0.271990 -0.703450 0.656642
vn 0.271990 -0.703450 0.656642
vn 0.656642 -0.703451 0.271990
vn 0.656642 -0.703451 0.271990
vn 0.656642 -0.703451 0.271990
vn -0.656643 -0.703450 -0.271990
vn -0.656642 -0.703451 -0.271990
vn -0.656642 -0.703451 -0.271990
vn 0.656642 -0.703450 -0.271990
vn 0.656642 -0.703451 -0.271990
vn 0.656643 -0.703450 -0.271990
vn -0.271990 -0.703450 0.656642
vn -0.271990 -0.703451 0.656642
vn -0.271990 -0.703451 0.656642
vn 0.271990 -0.703451 -0.656642
vn 0.271990 -0.703451 -0.656642
vn 0.271990 -0.703451 -0.656642
vn -0.656642 -0.703451 0.271990
vn -0.656642 -0.703451 0.271990
vn -0.656642 -0.703451 0.271990
vn -0.397569 -0.902674 0.164679
vn -0.397569 -0.902674 0.164679
vn -0.397569 -0.902674 0.164679
vn 0.000000 -1.000000 0.000000
vn 0.000000 -1.000000 0.000000
vn 0.000000 -1.000000 0.000000
vn 0.000000 -1.000000 0.000000
vn 0.000000 -1.000000 0.000000
vn 0.000000 -1.000000 0.000000
vn -0.000000 -1.000000 0.000000
vn -0.000000 -1.000000 0.000000
vn 0.000000 -1.000000 0.000000
vn -0.000000 -1.000000 0.000000
vn 0.000000 -1.000000 0.000000
vn 0.000000 -1.000000 0.000000
vn 0.000000 -1.000000 0.000000
vn 0.000000 -1.000000 0.000000
vn -0.000000 -1.000000 0.000000
vn 0.000000 -1.000000 0.000000
vn 0.164678 -0.902674 -0.397569
vn 0.164678 -0.902674 -0.397569
vn 0.164678 -0.902674 -0.397569
vn -0.164678 -0.902674 0.397569
vn -0.164678 -0.902674 0.397569
vn -0.164678 -0.902674 0.397569
vn 0.397570 -0.902673 -0.164678
vn 0.397570 -0.902674 -0.164678
vn 0.397570 -0.902673 -0.164678
vn 0.164679 -0.902674 0.397569
vn 0.164678 -0.902674 0.397569
vn 0.164678 -0.902674 0.397569
vn -0.164678 -0.902674 -0.397569
vn -0.164678 -0.902674 -0.397569
vn -0.164678 -0.902674 -0.397569
vn -0.397570 -0.902673 -0.164678
vn -0.397570 -0.902673 -0.164678
vn -0.397570 -0.902674 -0.164679
vn 0.397569 -0.902674 0.164679
vn 0.397569 -0.902674 0.164679
vn 0.397569 -0.902673 0.164679
vn 0.860572 0.363803 -0.356460
vn 0.860572 0.363803 -0.356460
vn 0.860571 0.363803 -0.356461
vn -0.923880 0.000000 0.382683
vn -0.923880 0.000000 0.382683
vn -0.382683 -0.000000 -0.923880
vn -0.382683 -0.000000 -0.923880
vn 0.382683 0.000000 0.923880
vn 0.382683 0.000000 0.923880
vn 0.382683 -0.000000 -0.923880
vn 0.382683 -0.000000 -0.923880
vn -0.923880 -0.000000 -0.382683
vn -0.923880 -0.000000 -0.382684
vn 0.923880 -0.000000 -0.382683
vn 0.923880 -0.000000 -0.382683
vn -0.382683 0.000000 0.923880
vn -0.382683 0.000000 0.923880
vn -0.289129 0.655114 0.698019
vn -0.289129 0.655114 0.698019
vn -0.289129 0.655114 0.698018
vn 0.356460 0.363803 0.860572
vn 0.356460 0.363803 0.860571
vn 0.356460 0.363804 0.860571
vn -0.860571 0.363803 0.356460
vn -0.860571 0.363803 0.356461
vn -0.860571 0.363803 0.356461
vn -0.860572 0.363803 -0.356460
vn -0.860572 0.363803 -0.356460
vn -0.860572 0.363803 -0.356460
vn 0.356461 0.363803 -0.860572
vn 0.356460 0.363803 -0.860572
vn 0.356460 0.363803 -0.860572
vn 0.860571 0.363803 0.356460
vn 0.860571 0.363803 0.356460
vn 0.860571 0.363803 0.356461
vn -0.356460 0.363803 0.860571
vn -0.356460 0.363803 0.860571
vn -0.356461 0.363803 0.860571
vn -0.356460 0.363803 -0.860572
vn -0.356460 0.363803 -0.860572
vn -0.356460 0.363803 -0.860572
vn 0.382684 -0.000000 -0.923879
vn 0.382683 -0.000000 -0.923880
vn 0.382682 -0.000000 -0.923880
vn -0.289129 0.655114 -0.698019
vn -0.289129 0.655114 -0.698019
vn -0.289129 0.655114 -0.698019
vn 0.698019 0.655114 -0.289129
vn 0.698019 0.655114 -0.289129
vn 0.698019 0.655114 -0.289129
vn 0.289129 0.655114 0.698019
vn 0.289129 0.655114 0.698019
vn 0.289129 0.655114 0.698019
vn -0.698019 0.655114 0.289129
vn -0.698019 0.655114 0.289129
vn -0.698019 0.655114 0.289129
vn -0.698019 0.655114 -0.289129
vn -0.698019 0.655114 -0.289129
vn -0.698019 0.655114 -0.289129
vn 0.289129 0.655114 -0.698019
vn 0.289129 0.655114 -0.698019
vn 0.289129 0.655114 -0.698019
vn 0.698019 0.655114 0.289129
vn 0.698019 0.655114 0.289129
vn 0.698019 0.655114 0.289129
vn -0.000003 -1.000000 0.000000
vn -0.000002 -1.000000 0.000000
vn -0.000002 -1.000000 0.000000
vn 0.923880 0.000000 0.382683
vn 0.923880 0.000000 0.382683
vn 0.923880 0.000000 0.382683
vn -0.382684 0.000000 0.923879
vn -0.382683 0.000000 0.923880
vn -0.382682 0.000000 0.923880
vn -0.382684 -0.000000 -0.923879
vn -0.382683 -0.000000 -0.923880
vn -0.382682 -0.000000 -0.923880
vn 0.923880 -0.000000 -0.382683
vn 0.923880 -0.000000 -0.382683
vn 0.923880 -0.000000 -0.382683
vn 0.382684 0.000000 0.923879
vn 0.382683 0.000000 0.923880
vn 0.382682 0.000000 0.923880
vn -0.923880 0.000000 0.382683
vn -0.923880 0.000000 0.382683
vn -0.923880 0.000000 0.382683
vn -0.923880 -0.000000 -0.382683
vn -0.923880 -0.000000 -0.382683
vn -0.923880 -0.000000 -0.382683
vn 0.923882 -0.000000 -0.382677
vn 0.923879 -0.000000 -0.382685
vn 0.923879 -0.000000 -0.382685
vn 0.000006 -1.000000 0.000000
vn 0.000001 -1.000000 0.000000
vn 0.000000 -1.000000 0.000000
vn 0.000002 -1.000000 0.000000
vn 0.000003 -1.000000 0.000000
vn 0.000002 -1.000000 0.000000
vn -0.000006 -1.000000 0.000000
vn -0.000006 -1.000000 0.000000
vn -0.000000 -1.000000 0.000000
vn -0.000002 -1.000000 0.000000
vn 0.000006 -1.000000 0.000000
vn 0.000002 -1.000000 0.000000
vn -0.000001 -1.000000 0.000000
vn 0.000000 1.000000 -0.000000
vn 0.000000 1.000000 -0.000000
vn 0.000000 1.000000 -0.000000
vn 0.382681 0.000000 0.923881
vn 0.382681 0.000000 0.923881
vn 0.382681 0.000000 0.923881
vn -0.923882 0.000000 0.382676
vn -0.923879 0.000000 0.382685
vn -0.923879 0.000000 0.382685
vn -0.923882 -0.000000 -0.382676
vn -0.923879 -0.000000 -0.382685
vn -0.923879 -0.000000 -0.382685
vn 0.382681 -0.000000 -0.923881
vn 0.382681 -0.000000 -0.923881
vn 0.382681 -0.000000 -0.923881
vn 0.923882 0.000000 0.382676
vn 0.923879 0.000000 0.382685
vn 0.923879 0.000000 0.382686
vn -0.382681 0.000000 0.923881
vn -0.382681 0.000000 0.923881
vn -0.382681 0.000000 0.923881
vn -0.382681 -0.000000 -0.923881
vn -0.382681 -0.000000 -0.923881
vn -0.382681 -0.000000 -0.923881
vn -0.923879 -0.000000 -0.382684
vn -0.923880 -0.000000 -0.382683
vn -0.923880 -0.000000 -0.382683
vn 0.000000 1.000000 -0.000000
vn 0.000000 1.000000 -0.000000
vn 0.000000 1.000000 -0.000000
vn -0.000000 1.000000 -0.000000
vn -0.000001 1.000000 -0.000000
vn -0.000001 1.000000 -0.000000
vn 0.000000 1.000000 -0.000000
vn 0.000000 1.000000 -0.000000
vn 0.000000 1.000000 -0.000000
vn 0.000000 1.000000 -0.000000
vn 0.000000 1.000000 -0.000000
vn 0.000000 1.000000 -0.000000
vn 0.000000 1.000000 -0.000000
vn -0.000005 1.000000 -0.000000
vn 0.000000 1.000000 -0.000000
vn 0.000000 1.000000 -0.000000
vn 0.382683 -0.000000 -0.923880
vn 0.382684 -0.000000 -0.923879
vn 0.382685 -0.000000 -0.923879
vn 0.923879 0.000000 0.382684
vn 0.923880 0.000000 0.382683
vn 0.923880 0.000000 0.382683
vn -0.382683 0.000000 0.923880
vn -0.382684 0.000000 0.923879
vn -0.382685 0.000000 0.923879
vn -0.382683 -0.000000 -0.923880
vn -0.382684 -0.000000 -0.923879
vn -0.382685 -0.000000 -0.923879
vn 0.923879 -0.000000 -0.382684
vn 0.923880 -0.000000 -0.382683
vn 0.923880 -0.000000 -0.382683
vn 0.382683 0.000000 0.923880
vn 0.382684 0.000000 0.923879
vn 0.382685 0.000000 0.923879
vn -0.923879 0.000000 0.382684
vn -0.923880 0.000000 0.382683
vn -0.923880 0.000000 0.382683
vn -0.382684 -0.000000 -0.923880
vn -0.382684 -0.000000 -0.923880
vn -0.382684 -0.000000 -0.923880
vn -0.000000 1.000000 -0.000000
vn -0.000006 1.000000 -0.000000
vn -0.000006 1.000000 -0.000000
vn 0.000005 1.000000 -0.000000
vn 0.000000 1.000000 -0.000000
vn -0.000000 1.000000 -0.000000
vn -0.000000 1.000000 -0.000000
vn -0.000000 1.000000 -0.000000
vn 0.000000 1.000000 -0.000000
vn -0.000005 1.000000 -0.000000
vn 0.000000 1.000000 -0.000000
vn 0.000005 1.000000 -0.000000
vn 0.000000 1.000000 -0.000000
vn 0.194901 0.860593 -0.470525
vn 0.194893 0.860594 -0.470526
vn 0.194892 0.860594 -0.470526
vn 0.923880 -0.000000 -0.382684
vn 0.923879 -0.000000 -0.382684
vn 0.923879 -0.000000 -0.382684
vn 0.382683 0.000000 0.923879
vn 0.382683 0.000000 0.923879
vn 0.382684 0.000000 0.923880
vn -0.923879 0.000000 0.382684
vn -0.923879 0.000000 0.382684
vn -0.923879 0.000000 0.382684
vn -0.923879 -0.000000 -0.382684
vn -0.923879 -0.000000 -0.382684
vn -0.923879 -0.000000 -0.382684
vn 0.382683 -0.000000 -0.923879
vn 0.382683 -0.000000 -0.923879
vn 0.382684 -0.000000 -0.923880
vn 0.923879 0.000000 0.382684
vn 0.923880 0.000000 0.382684
vn 0.923879 0.000000 0.382684
vn -0.382684 0.000000 0.923880
vn -0.382684 0.000000 0.923880
vn -0.382684 0.000000 0.923880
vn 0.000001 1.000000 -0.000000
vn -0.000000 1.000000 -0.000000
vn -0.000001 1.000000 -0.000000
vn 0.470525 0.860594 0.194898
vn 0.470524 0.860594 0.194898
vn 0.470524 0.860594 0.194898
vn -0.194901 0.860593 0.470525
vn -0.194893 0.860594 0.470525
vn -0.194892 0.860595 0.470526
vn -0.194895 0.860594 -0.470525
vn -0.194894 0.860594 -0.470526
vn -0.194894 0.860594 -0.470526
vn 0.470524 0.860594 -0.194898
vn 0.470521 0.860595 -0.194898
vn 0.470521 0.860595 -0.194899
vn 0.194895 0.860594 0.470526
vn 0.194894 0.860594 0.470525
vn 0.194894 0.860594 0.470525
vn -0.470525 0.860594 0.194898
vn -0.470524 0.860594 0.194898
vn -0.470525 0.860593 0.194898
vn -0.470525 0.860594 -0.194898
vn -0.470524 0.860594 -0.194898
vn -0.470524 0.860594 -0.194898
vn 0.923880 0.000000 0.382683
vn 0.844723 -0.404989 -0.349895
vn -0.258771 0.736717 -0.624728
vn 0.349895 -0.404989 -0.844723
vn -0.349895 -0.404989 -0.844723
vn -0.349895 -0.404989 0.844723
vn -0.844723 -0.404989 0.349895
vn -0.844723 -0.404988 -0.349895
vn 0.349895 -0.404990 0.844723
vn 0.844723 -0.404988 0.349896
vn -0.382683 -0.000000 0.923880
vn 0.258773 0.736717 0.624728
vn 0.624729 0.736717 0.258771
vn -0.624727 0.736718 -0.258772
vn 0.624727 0.736718 -0.258771
vn -0.258769 0.736718 0.624728
vn 0.258769 0.736717 -0.624729
vn -0.624729 0.736717 0.258771
vn -0.848800 -0.394877 -0.351584
vn 0.382683 0.000000 -0.923880
vn -0.923879 -0.000000 0.382684
vn -0.382683 -0.000001 -0.923880
vn 0.382683 0.000001 0.923880
vn 0.923879 0.000000 0.382684
vn -0.923879 -0.000000 -0.382684
vn 0.923879 0.000000 -0.382684
vn -0.334819 0.484254 -0.808328
vn 0.848798 -0.394879 -0.351585
vn -0.351584 -0.394878 0.848799
vn 0.351585 -0.394879 -0.848799
vn -0.848798 -0.394879 0.351585
vn -0.351585 -0.394878 -0.848799
vn 0.351585 -0.394878 0.848799
vn 0.848798 -0.394879 0.351585
vn 0.382683 -0.000000 -0.923880
vn 0.334820 0.484254 0.808328
vn 0.808328 0.484253 0.334820
vn -0.808328 0.484253 -0.334820
vn 0.808327 0.484254 -0.334821
vn -0.334821 0.484253 0.808328
vn 0.334821 0.484253 -0.808328
vn -0.808327 0.484254 0.334821
vn 0.793382 -0.512394 -0.328629
vn -0.923879 0.000000 0.382684
vn -0.382684 -0.000000 -0.923880
vn 0.382683 0.000000 0.923880
vn 0.923880 0.000000 0.382684
vn -0.923880 -0.000000 -0.382683
vn 0.923880 -0.000000 -0.382683
vn -0.382684 0.000000 0.923880
vn 0.282786 0.673755 0.682705
vn -0.328629 -0.512394 0.793382
vn 0.328630 -0.512394 -0.793382
vn -0.793382 -0.512394 0.328630
vn -0.328630 -0.512394 -0.793382
vn 0.328629 -0.512395 0.793382
vn 0.793382 -0.512394 0.328630
vn -0.793382 -0.512394 -0.328629
vn -0.382684 -0.000000 -0.923880
vn 0.682706 0.673754 0.282786
vn -0.682706 0.673754 -0.282786
vn 0.682706 0.673754 -0.282786
vn -0.282786 0.673755 0.682705
vn 0.282786 0.673754 -0.682706
vn -0.682705 0.673755 0.282786
vn -0.282786 0.673754 -0.682706
vn -0.311666 -0.580271 0.752429
vn 0.382684 0.000000 0.923880
vn 0.923880 0.000000 0.382683
vn -0.923880 -0.000000 -0.382683
vn 0.923880 -0.000000 -0.382684
vn -0.382684 0.000000 0.923880
vn 0.382683 -0.000000 -0.923880
vn -0.923880 0.000000 0.382684
vn -0.818182 0.464461 -0.338902
vn 0.311666 -0.580269 -0.752430
vn -0.752430 -0.580270 0.311667
vn -0.311666 -0.580271 -0.752429
vn 0.311666 -0.580270 0.752430
vn 0.752430 -0.580270 0.311667
vn -0.752429 -0.580271 -0.311666
vn 0.752430 -0.580270 -0.311667
vn -0.382684 0.000000 -0.923880
vn 0.818182 0.464461 -0.338902
vn -0.338902 0.464461 0.818182
vn 0.338902 0.464460 -0.818182
vn -0.818182 0.464460 0.338902
vn -0.338902 0.464460 -0.818182
vn 0.338902 0.464461 0.818182
vn 0.818182 0.464460 0.338902
vn -0.588730 -0.770668 0.243860
vn 0.382683 -0.000000 0.923880
vn 0.923880 0.000000 0.382684
vn -0.923880 -0.000000 -0.382684
vn 0.923879 -0.000000 -0.382684
vn -0.382684 0.000000 0.923880
vn 0.382683 -0.000000 -0.923880
vn -0.923879 0.000000 0.382684
vn 0.563012 0.792863 -0.233208
vn -0.243860 -0.770668 -0.588730
vn 0.243860 -0.770667 0.588731
vn 0.588731 -0.770667 0.243860
vn -0.588731 -0.770667 -0.243860
vn 0.588730 -0.770668 -0.243860
vn -0.243861 -0.770667 0.588731
vn 0.243861 -0.770667 -0.588731
vn 0.923880 0.000000 0.382683
vn -0.233208 0.792862 0.563014
vn 0.233208 0.792862 -0.563013
vn -0.563012 0.792863 0.233207
vn -0.233208 0.792862 -0.563013
vn 0.233207 0.792863 0.563012
vn 0.563013 0.792862 0.233208
vn -0.563013 0.792862 -0.233208
vn -0.295651 -0.634926 -0.713764
vn -0.923880 -0.000000 -0.382683
vn 0.923879 -0.000000 -0.382684
vn -0.382684 0.000000 0.923879
vn 0.382683 -0.000000 -0.923879
vn -0.923879 0.000000 0.382684
vn -0.382684 -0.000000 -0.923879
vn 0.382683 0.000000 0.923880
vn 0.283778 0.670901 -0.685100
vn 0.295651 -0.634927 0.713764
vn 0.713764 -0.634927 0.295651
vn -0.713764 -0.634927 -0.295650
vn 0.713763 -0.634927 -0.295650
vn -0.295651 -0.634927 0.713764
vn 0.295650 -0.634928 -0.713763
vn -0.713764 -0.634927 0.295651
vn 0.923880 -0.000000 -0.382684
vn -0.685100 0.670902 0.283777
vn -0.283778 0.670902 -0.685099
vn 0.283777 0.670902 0.685099
vn 0.685100 0.670901 0.283778
vn -0.685100 0.670901 -0.283778
vn 0.685099 0.670902 -0.283778
vn -0.283778 0.670902 0.685099
vn 0.311108 -0.582316 0.751079
vn -0.382684 0.000000 0.923880
vn 0.382684 -0.000000 -0.923880
vn -0.923880 0.000000 0.382684
vn -0.382684 -0.000000 -0.923879
vn 0.382684 0.000000 0.923880
vn 0.923880 0.000000 0.382684
vn -0.923880 -0.000000 -0.382683
vn -0.308354 0.592230 -0.744433
vn 0.751079 -0.582316 0.311107
vn -0.751079 -0.582316 -0.311107
vn 0.751079 -0.582316 -0.311107
vn -0.311108 -0.582316 0.751079
vn 0.311108 -0.582316 -0.751079
vn -0.751079 -0.582316 0.311107
vn -0.311108 -0.582316 -0.751079
vn -0.382683 0.000000 0.923880
vn 0.308354 0.592232 0.744432
vn 0.744432 0.592232 0.308354
vn -0.744433 0.592231 -0.308354
vn 0.744432 0.592232 -0.308354
vn -0.308354 0.592232 0.744432
vn 0.308354 0.592230 -0.744433
vn -0.744432 0.592232 0.308354
vn -0.852004 -0.386708 -0.352911
vn 0.382683 -0.000000 -0.923880
vn -0.923880 0.000000 0.382683
vn -0.382683 -0.000000 -0.923880
vn 0.382683 0.000000 0.923880
vn 0.923880 0.000000 0.382684
vn -0.923880 -0.000000 -0.382684
vn 0.923880 -0.000000 -0.382683
vn -0.271990 -0.703451 -0.656642
vn 0.852004 -0.386708 -0.352911
vn -0.352912 -0.386708 0.852004
vn 0.352911 -0.386709 -0.852003
vn -0.852004 -0.386708 0.352911
vn -0.352912 -0.386708 -0.852003
vn 0.352912 -0.386708 0.852004
vn 0.852004 -0.386708 0.352911
vn 0.271990 -0.703450 0.656642
vn 0.656642 -0.703451 0.271990
vn -0.656643 -0.703450 -0.271990
vn 0.656642 -0.703451 -0.271990
vn -0.271990 -0.703450 0.656642
vn 0.271990 -0.703451 -0.656642
vn -0.656642 -0.703451 0.271990
vn -0.397570 -0.902673 0.164679
vn 0.000000 -1.000000 0.000000
vn 0.000000 -1.000000 0.000000
vn 0.000001 -1.000000 0.000000
vn -0.000001 -1.000000 0.000000
vn 0.000000 -1.000000 0.000000
vn 0.164678 -0.902674 -0.397569
vn -0.164678 -0.902674 0.397569
vn 0.397570 -0.902674 -0.164678
vn 0.164679 -0.902674 0.397569
vn -0.164678 -0.902674 -0.397569
vn -0.397570 -0.902673 -0.164678
vn 0.397569 -0.902674 0.164679
vn 0.860572 0.363802 -0.356460
vn -0.923880 0.000000 0.382683
vn -0.382684 -0.000000 -0.923879
vn 0.382684 0.000000 0.923879
vn 0.382684 -0.000000 -0.923879
vn -0.923880 -0.000000 -0.382683
vn 0.923880 -0.000000 -0.382683
vn -0.382684 0.000000 0.923879
vn -0.289129 0.655114 0.698019
vn 0.356460 0.363803 0.860572
vn -0.860572 0.363803 0.356460
vn -0.860572 0.363803 -0.356460
vn 0.356461 0.363803 -0.860571
vn 0.860572 0.363803 0.356460
vn -0.356460 0.363803 0.860572
vn -0.356461 0.363803 -0.860572
vn 0.382684 -0.000000 -0.923879
vn -0.289129 0.655114 -0.698019
vn 0.698019 0.655114 -0.289129
vn 0.289129 0.655114 0.698018
vn -0.698019 0.655114 0.289129
vn -0.698019 0.655114 -0.289129
vn 0.289129 0.655114 -0.698019
vn 0.698019 0.655114 0.289129
vn 0.923880 0.000000 0.382683
vn -0.382684 0.000000 0.923879
vn -0.382684 -0.000000 -0.923879
vn 0.923880 -0.000000 -0.382683
vn 0.382684 0.000000 0.923879
vn -0.923880 0.000000 0.382683
vn -0.923880 -0.000000 -0.382683
vn 0.923883 -0.000000 -0.382676
vn 0.382681 0.000000 0.923881
vn -0.923883 0.000000 0.382676
vn -0.923883 -0.000000 -0.382676
vn 0.382681 -0.000000 -0.923881
vn 0.923883 0.000000 0.382676
vn -0.382681 0.000000 0.923881
vn -0.382681 -0.000000 -0.923881
vn -0.923879 -0.000000 -0.382684
vn 0.382683 -0.000000 -0.923880
vn 0.923879 0.000000 0.382684
vn -0.382683 0.000000 0.923880
vn -0.382683 -0.000000 -0.923880
vn 0.923879 -0.000000 -0.382684
vn 0.382683 0.000000 0.923880
vn -0.923879 0.000000 0.382684
vn -0.382684 -0.000000 -0.923880
vn 0.194902 0.860593 -0.470525
vn 0.923879 -0.000000 -0.382684
vn 0.382684 0.000000 0.923880
vn -0.923879 0.000000 0.382684
vn -0.923879 -0.000000 -0.382684
vn 0.382684 -0.000000 -0.923880
vn 0.923879 0.000000 0.382684
vn -0.382684 0.000000 0.923880
vn -0.000004 1.000000 -0.000000
vn -0.000000 1.000000 -0.000000
vn 0.000004 1.000000 -0.000000
vn 0.000004 1.000000 -0.000000
vn -0.000004 1.000000 -0.000000
vn 0.470525 0.860593 0.194898
vn -0.194902 0.860593 0.470525
vn -0.194895 0.860594 -0.470525
vn 0.470525 0.860593 -0.194898
vn 0.194896 0.860594 0.470526
vn -0.470524 0.860594 0.194898
vn -0.470525 0.860594 -0.194898
f 1/1/1 2/2/2 3/3/3
f 4/4/4 5/5/5 6/6/6
f 7/7/7 8/8/8 9/9/9
f 10/10/10 11/11/11 12/12/12
f 13/13/13 14/14/14 15/15/15
f 16/16/16 17/17/17 18/18/18
f 16/16/16 19/19/19 20/20/20
f 21/21/21 22/22/22 23/23/23
f 24/24/24 25/25/25 26/26/26
f 27/27/27 28/28/28 29/29/29
f 30/30/30 31/31/31 32/32/32
f 33/33/33 34/34/34 35/35/35
f 36/36/36 37/37/37 38/38/38
f 39/39/39 40/40/40 41/41/41
f 42/42/42 43/43/43 44/44/44
f 45/45/45 46/46/46 47/47/47
f 48/48/48 49/49/49 50/50/50
f 51/51/51 52/52/52 53/53/53
f 54/54/54 55/55/55 56/56/56
f 57/57/57 58/58/58 59/59/59
f 60/60/60 61/61/61 62/62/62
f 63/63/63 64/64/64 65/65/65
f 66/66/66 67/67/67 68/68/68
f 69/69/69 70/70/70 71/71/71
f 72/72/72 73/73/73 74/74/74
f 75/75/75 76/76/76 77/77/77
f 78/78/78 79/79/79 80/80/80
f 81/81/81 82/82/82 83/83/83
f 84/84/84 85/85/85 86/86/86
f 87/87/87 88/88/88 89/89/89
f 90/90/90 91/91/91 92/92/92
f 93/93/93 94/94/94 95/95/95
f 96/96/96 97/97/97 98/98/98
f 99/99/99 100/100/100 101/101/101
f 102/102/102 103/103/103 104/104/104
f 105/105/105 106/106/106 107/107/107
f 108/108/108 109/109/109 110/110/110
f 111/111/111 112/112/112 113/113/113
f 114/114/114 115/115/115 116/116/116
f 117/117/117 118/118/118 119/119/119
f 120/120/120 121/121/121 122/122/122
f 123/123/123 124/124/124 125/125/125
f 126/126/126 127/127/127 128/128/128
f 129/129/129 130/130/130 131/131/131
f 132/132/132 133/133/133 134/134/134
f 135/135/135 136/136/136 137/137/137
f 138/138/138 139/139/139 140/140/140
f 141/141/141 142/142/142 143/143/143
f 144/144/144 145/145/145 146/146/146
f 147/147/147 148/148/148 149/149/149
f 150/150/150 151/151/151 152/152/152
f 153/153/153 154/154/154 155/155/155
f 156/156/156 157/157/157 158/158/158
f 159/159/159 160/160/160 161/161/161
f 162/162/162 163/163/163 164/164/164
f 165/165/165 166/166/166 167/167/167
f 168/168/168 169/169/169 170/170/170
f 171/171/171 172/172/172 173/173/173
f 174/174/174 175/175/175 176/176/176
f 177/177/177 178/178/178 179/179/179
f 180/180/180 181/181/181 182/182/182
f 183/183/183 184/184/184 185/185/185
f 186/186/186 187/187/187 188/188/188
f 189/189/189 190/190/190 191/191/191
f 192/192/192 193/193/193 194/194/194
f 195/195/195 196/196/196 197/197/197
f 198/198/198 199/199/199 200/200/200
f 201/201/201 202/202/202 203/203/203
f 204/204/204 205/205/205 206/206/206
f 207/207/207 208/208/208 209/209/209
f 210/210/210 211/211/211 212/212/212
f 213/213/213 214/214/214 215/215/215
f 216/216/216 217/217/217 218/218/218
f 219/219/219 220/220/220 221/221/221
f 222/222/222 223/223/223 224/224/224
f 225/225/225 226/226/226 227/227/227
f 228/228/228 229/229/229 230/230/230
f 231/231/231 232/232/232 233/233/233
f 234/234/234 235/235/235 236/236/236
f 237/237/237 238/238/238 239/239/239
f 240/240/240 241/241/241 242/242/242
f 243/243/243 244/244/244 245/245/245
f 246/246/246 247/247/247 248/248/248
f 249/249/249 250/250/250 251/251/251
f 252/252/252 253/253/253 254/254/254
f 255/255/255 256/256/256 257/257/257
f 258/258/258 259/259/259 260/260/260
f 261/261/261 262/262/262 263/263/263
f 264/264/264 265/265/265 266/266/266
f 267/267/267 268/268/268 269/269/269
f 270/270/270 271/271/271 272/272/272
f 273/273/273 274/274/274 275/275/275
f 276/276/276 277/277/277 278/278/278
f 279/279/279 280/280/280 281/281/281
f 282/282/282 283/283/283 284/284/284
f 285/285/285 286/286/286 287/287/287
f 288/288/288 289/289/289 290/290/290
f 291/291/291 292/292/292 293/293/293
f 294/294/294 295/295/295 296/296/296
f 297/297/297 298/298/298 299/299/299
f 300/300/300 301/301/301 302/302/302
f 303/303/303 304/304/304 305/305/305
f 306/306/306 307/307/307 308/308/308
f 309/309/309 310/310/310 311/311/311
f 312/312/312 313/313/313 314/314/314
f 315/315/315 316/316/316 317/317/317
f 318/318/318 319/319/319 320/320/320
f 321/321/321 322/322/322 323/323/323
f 324/324/324 325/325/325 326/326/326
f 327/327/327 328/328/328 329/329/329
f 330/330/330 331/331/331 332/332/332
f 333/333/333 334/334/334 335/335/335
f 336/336/336 337/337/337 338/338/338
f 339/339/339 340/340/340 341/341/341
f 342/342/342 343/343/343 344/344/344
f 345/345/345 346/346/346 347/347/347
f 348/348/348 349/349/349 350/350/350
f 351/351/351 352/352/352 353/353/353
f 354/354/354 355/355/355 356/356/356
f 357/357/357 358/358/358 359/359/359
f 360/360/360 361/361/361 362/362/362
f 363/363/363 364/364/364 365/365/365
f 366/366/366 367/367/367 368/368/368
f 369/369/369 370/370/370 371/371/371
f 372/372/372 373/373/373 374/374/374
f 375/375/375 376/376/376 377/377/377
f 378/378/378 379/379/379 380/380/380
f 381/381/381 382/382/382 383/383/383
f 384/384/384 385/385/385 386/386/386
f 387/387/387 388/388/388 389/389/389
f 390/390/390 391/391/391 392/392/392
f 393/393/393 394/394/394 395/395/395
f 396/396/396 397/397/397 398/398/398
f 399/399/399 400/400/400 401/401/401
f 402/402/402 403/403/403 404/404/404
f 405/405/405 406/406/406 407/407/407
f 408/408/408 409/409/409 410/410/410
f 411/411/411 412/412/412 413/413/413
f 414/414/414 415/415/415 416/416/416
f 417/417/417 418/418/418 419/419/419
f 420/420/420 421/421/421 422/422/422
f 423/423/423 424/424/424 425/425/425
f 426/426/426 427/427/427 428/428/428
f 429/429/429 430/430/430 431/431/431
f 432/432/432 433/433/433 434/434/434
f 435/435/435 436/436/436 437/437/437
f 438/438/438 439/439/439 440/440/440
f 441/441/441 442/442/442 443/443/443
f 444/444/444 445/445/445 446/446/446
f 447/447/447 448/448/448 449/449/449
f 450/450/450 451/451/451 452/452/452
f 453/453/453 454/454/454 455/455/455
f 456/456/456 457/457/457 458/458/458
f 459/459/459 460/460/460 461/461/461
f 462/462/462 463/463/463 464/464/464
f 465/465/465 466/466/466 467/467/467
f 468/468/468 469/469/469 470/470/470
f 471/471/471 472/472/472 473/473/473
f 474/474/474 475/475/475 476/476/476
f 477/477/477 478/478/478 479/479/479
f 480/480/480 481/481/481 482/482/482
f 483/483/483 484/484/484 485/485/485
f 486/486/486 487/487/487 488/488/488
f 489/489/489 490/490/490 491/491/491
f 492/492/492 493/493/493 494/494/494
f 495/495/495 496/496/496 497/497/497
f 498/498/498 499/499/499 500/500/500
f 501/501/501 502/502/502 503/503/503
f 504/504/504 505/505/505 506/506/506
f 507/507/507 508/508/508 509/509/509
f 510/510/510 511/511/511 512/512/512
f 513/513/513 514/514/514 515/515/515
f 516/516/516 517/517/517 518/518/518
f 519/519/519 520/520/520 521/521/521
f 522/522/522 523/523/523 524/524/524
f 525/525/525 526/526/526 527/527/527
f 528/528/528 529/529/529 530/530/530
f 531/531/531 532/532/532 533/533/533
f 534/534/534 535/535/535 536/536/536
f 537/537/537 538/538/538 539/539/539
f 540/540/540 541/541/541 542/542/542
f 543/543/543 544/544/544 545/545/545
f 546/546/546 547/547/547 548/548/548
f 549/549/549 550/550/550 551/551/551
f 552/552/552 553/553/553 554/554/554
f 555/555/555 556/556/556 557/557/557
f 558/558/558 559/559/559 560/560/560
f 561/561/561 562/562/562 563/563/563
f 564/564/564 565/565/565 566/566/566
f 567/567/567 568/568/568 569/569/569
f 570/570/570 571/571/571 572/572/572
f 573/573/573 574/574/574 575/575/575
f 576/576/576 577/577/577 578/578/578
f 579/579/579 580/580/580 581/581/581
f 582/582/582 583/583/583 584/584/584
f 585/585/585 586/586/586 587/587/587
f 588/588/588 589/589/589 590/590/590
f 588/588/588 591/591/591 592/592/592
f 585/585/585 559/559/559 593/593/593
f 592/592/592 594/594/594 595/595/595
f 558/558/558 589/589/589 596/596/596
f 595/595/595 586/586/586 597/597/597
f 598/598/598 599/599/599 600/600/600
f 601/601/601 602/602/602 603/603/603
f 604/604/604 605/605/605 606/606/606
f 607/607/607 608/608/608 609/609/609
f 610/610/610 611/611/611 612/612/612
f 613/613/613 614/614/614 615/615/615
f 616/616/616 617/617/617 618/618/618
f 619/619/619 620/620/620 621/621/621
f 622/622/622 623/623/623 624/624/624
f 1/1/1 625/625/625 626/626/626
f 24/24/24 627/627/627 628/628/628
f 10/10/10 629/629/629 630/630/630
f 7/7/7 631/631/631 632/632/632
f 21/21/21 633/633/633 634/634/634
f 4/4/4 635/635/635 636/636/636
f 13/13/13 637/637/637 638/638/638
f 639/639/639 640/640/640 641/641/641
f 642/642/642 643/643/643 644/644/644
f 645/645/645 646/646/646 647/647/647
f 648/648/648 649/649/649 650/650/650
f 651/651/651 652/652/652 653/653/653
f 654/654/654 655/655/655 656/656/656
f 657/657/657 658/658/658 659/659/659
f 660/660/660 661/661/661 662/662/662
f 663/663/663 664/664/664 665/665/665
f 666/666/666 667/667/667 668/668/668
f 669/669/669 670/670/670 671/671/671
f 672/672/672 673/673/673 674/674/674
f 675/675/675 676/676/676 677/677/677
f 678/678/678 679/679/679 680/680/680
f 681/681/681 682/682/682 683/683/683
f 684/684/684 685/685/685 686/686/686
f 687/687/687 688/688/688 689/689/689
f 690/690/690 691/691/691 692/692/692
f 693/693/693 694/694/694 695/695/695
f 696/696/696 697/697/697 698/698/698
f 699/699/699 700/700/700 701/701/701
f 702/702/702 703/703/703 704/704/704
f 705/705/705 706/706/706 707/707/707
f 708/708/708 709/709/709 710/710/710
f 711/711/711 712/712/712 713/713/713
f 714/714/714 715/715/715 716/716/716
f 716/716/716 717/717/717 718/718/718
f 719/719/719 720/720/720 721/721/721
f 722/722/722 723/723/723 687/687/687
f 689/689/689 724/724/724 714/714/714
f 718/718/718 725/725/725 719/719/719
f 721/721/721 726/726/726 722/722/722
f 727/727/727 728/728/728 729/729/729
f 730/730/730 731/731/731 732/732/732
f 733/733/733 734/734/734 735/735/735
f 736/736/736 737/737/737 738/738/738
f 739/739/739 740/740/740 741/741/741
f 742/742/742 743/743/743 744/744/744
f 745/745/745 746/746/746 747/747/747
f 748/748/748 749/749/749 750/750/750
f 751/751/751 752/752/752 753/753/753
f 754/754/754 755/755/755 756/756/756
f 757/757/757 758/758/758 759/759/759
f 727/727/727 760/760/760 761/761/761
f 754/754/754 728/728/728 762/762/762
f 756/756/756 763/763/763 764/764/764
f 764/764/764 765/765/765 757/757/757
f 759/759/759 760/760/760 766/766/766
f 767/767/767 768/768/768 769/769/769
f 770/770/770 771/771/771 772/772/772
f 773/773/773 774/774/774 775/775/775
f 776/776/776 777/777/777 778/778/778
f 779/779/779 780/780/780 781/781/781
f 782/782/782 783/783/783 784/784/784
f 785/785/785 786/786/786 787/787/787
f 788/788/788 789/789/789 790/790/790
f 791/791/791 792/792/792 793/793/793
f 794/794/794 795/795/795 796/796/796
f 797/797/797 798/798/798 799/799/799
f 799/799/799 800/800/800 801/801/801
f 802/802/802 803/803/803 767/767/767
f 794/794/794 768/768/768 804/804/804
f 796/796/796 805/805/805 797/797/797
f 802/802/802 800/800/800 806/806/806
f 807/807/807 808/808/808 809/809/809
f 810/810/810 811/811/811 812/812/812
f 813/813/813 814/814/814 815/815/815
f 816/816/816 817/817/817 818/818/818
f 819/819/819 820/820/820 821/821/821
f 822/822/822 823/823/823 824/824/824
f 825/825/825 826/826/826 827/827/827
f 828/828/828 829/829/829 830/830/830
f 831/831/831 832/832/832 833/833/833
f 834/834/834 835/835/835 836/836/836
f 837/837/837 838/838/838 839/839/839
f 840/840/840 841/841/841 842/842/842
f 843/843/843 844/844/844 845/845/845
f 846/846/846 847/847/847 848/848/848
f 849/849/849 850/850/850 851/851/851
f 852/852/852 853/853/853 854/854/854
f 1/1/1 626/626/626 2/2/2
f 4/4/4 636/636/636 5/5/5
f 7/7/7 632/632/632 8/8/8
f 10/10/10 630/630/630 11/11/11
f 13/13/13 638/638/638 14/14/14
f 16/16/16 20/20/20 17/17/17
f 16/16/16 855/855/855 19/19/19
f 21/21/21 634/634/634 22/22/22
f 24/24/24 628/628/628 25/25/25
f 27/27/27 856/856/856 28/28/28
f 30/30/30 857/857/857 31/31/31
f 33/33/33 858/858/858 34/34/34
f 36/36/36 859/859/859 37/37/37
f 39/39/39 860/860/860 40/40/40
f 42/42/42 861/861/861 43/43/43
f 45/45/45 862/862/862 46/46/46
f 48/48/48 863/863/863 49/49/49
f 51/51/51 864/864/864 52/52/52
f 54/54/54 865/865/865 55/55/55
f 57/57/57 866/866/866 58/58/58
f 60/60/60 867/867/867 61/61/61
f 63/63/63 868/868/868 64/64/64
f 66/66/66 869/869/869 67/67/67
f 69/69/69 870/870/870 70/70/70
f 72/72/72 871/871/871 73/73/73
f 75/75/75 872/872/872 76/76/76
f 78/78/78 873/873/873 79/79/79
f 81/81/81 874/874/874 82/82/82
f 84/84/84 875/875/875 85/85/85
f 87/87/87 876/876/876 88/88/88
f 90/90/90 877/877/877 91/91/91
f 93/93/93 878/878/878 94/94/94
f 96/96/96 879/879/879 97/97/97
f 99/99/99 880/880/880 100/100/100
f 102/102/102 881/881/881 103/103/103
f 105/105/105 882/882/882 106/106/106
f 108/108/108 883/883/883 109/109/109
f 111/111/111 884/884/884 112/112/112
f 114/114/114 885/885/885 115/115/115
f 117/117/117 886/886/886 118/118/118
f 120/120/120 887/887/887 121/121/121
f 123/123/123 888/888/888 124/124/124
f 126/126/126 889/889/889 127/127/127
f 129/129/129 890/890/890 130/130/130
f 132/132/132 891/891/891 133/133/133
f 135/135/135 892/892/892 136/136/136
f 138/138/138 893/893/893 139/139/139
f 141/141/141 894/894/894 142/142/142
f 144/144/144 895/895/895 145/145/145
f 147/147/147 896/896/896 148/148/148
f 150/150/150 897/897/897 151/151/151
f 153/153/153 898/898/898 154/154/154
f 156/156/156 899/899/899 157/157/157
f 159/159/159 900/900/900 160/160/160
f 162/162/162 901/901/901 163/163/163
f 165/165/165 902/902/902 166/166/166
f 168/168/168 903/903/903 169/169/169
f 171/171/171 904/904/904 172/172/172
f 174/174/174 905/905/905 175/175/175
f 177/177/177 906/906/906 178/178/178
f 180/180/180 907/907/907 181/181/181
f 183/183/183 908/908/908 184/184/184
f 186/186/186 909/909/909 187/187/187
f 189/189/189 910/910/910 190/190/190
f 192/192/192 911/911/911 193/193/193
f 195/195/195 912/912/912 196/196/196
f 198/198/198 913/913/913 199/199/199
f 201/201/201 914/914/914 202/202/202
f 204/204/204 915/915/915 205/205/205
f 207/207/207 916/916/916 208/208/208
f 210/210/210 917/917/917 211/211/211
f 213/213/213 918/918/918 214/214/214
f 216/216/216 919/919/919 217/217/217
f 219/219/219 920/920/920 220/220/220
f 222/222/222 921/921/921 223/223/223
f 225/225/225 922/922/922 226/226/226
f 228/228/228 923/923/923 229/229/229
f 231/231/231 924/924/924 232/232/232
f 234/234/234 925/925/925 235/235/235
f 237/237/237 926/926/926 238/238/238
f 240/240/240 927/927/927 241/241/241
f 243/243/243 928/928/928 244/244/244
f 246/246/246 929/929/929 247/247/247
f 249/249/249 930/930/930 250/250/250
f 252/252/252 931/931/931 253/253/253
f 255/255/255 932/932/932 256/256/256
f 258/258/258 933/933/933 259/259/259
f 261/261/261 934/934/934 262/262/262
f 264/264/264 935/935/935 265/265/265
f 267/267/267 936/936/936 268/268/268
f 270/270/270 937/937/937 271/271/271
f 273/273/273 938/938/938 274/274/274
f 276/276/276 939/939/939 277/277/277
f 279/279/279 940/940/940 280/280/280
f 282/282/282 941/941/941 283/283/283
f 285/285/285 942/942/942 286/286/286
f 288/288/288 943/943/943 289/289/289
f 291/291/291 944/944/944 292/292/292
f 294/294/294 945/945/945 295/295/295
f 297/297/297 946/946/946 298/298/298
f 300/300/300 947/947/947 301/301/301
f 303/303/303 948/948/948 304/304/304
f 306/306/306 949/949/949 307/307/307
f 309/309/309 950/950/950 310/310/310
f 312/312/312 951/951/951 313/313/313
f 315/315/315 952/952/952 316/316/316
f 318/318/318 953/953/953 319/319/319
f 321/321/321 954/954/954 322/322/322
f 324/324/324 955/955/955 325/325/325
f 327/327/327 956/956/956 328/328/328
f 330/330/330 957/957/957 331/331/331
f 333/333/333 958/958/958 334/334/334
f 336/336/336 959/959/959 337/337/337
f 339/339/339 960/960/960 340/340/340
f 342/342/342 961/961/961 343/343/343
f 345/345/345 962/962/962 346/346/346
f 348/348/348 963/963/963 349/349/349
f 351/351/351 964/964/964 352/352/352
f 354/354/354 965/965/965 355/355/355
f 357/357/357 966/966/966 358/358/358
f 360/360/360 967/967/967 361/361/361
f 363/363/363 968/968/968 364/364/364
f 366/366/366 969/969/969 367/367/367
f 369/369/369 970/970/970 370/370/370
f 372/372/372 971/971/971 373/373/373
f 375/375/375 972/972/972 376/376/376
f 378/378/378 973/973/973 379/379/379
f 381/381/381 974/974/974 382/382/382
f 384/384/384 975/975/975 385/385/385
f 387/387/387 976/976/976 388/388/388
f 390/390/390 977/977/977 391/391/391
f 393/393/393 978/978/978 394/394/394
f 396/396/396 979/979/979 397/397/397
f 399/399/399 980/980/980 400/400/400
f 402/402/402 981/981/981 403/403/403
f 405/405/405 982/982/982 406/406/406
f 408/408/408 983/983/983 409/409/409
f 411/411/411 984/984/984 412/412/412
f 414/414/414 985/985/985 415/415/415
f 417/417/417 986/986/986 418/418/418
f 420/420/420 987/987/987 421/421/421
f 423/423/423 988/988/988 424/424/424
f 426/426/426 989/989/989 427/427/427
f 429/429/429 990/990/990 430/430/430
f 432/432/432 991/991/991 433/433/433
f 435/435/435 992/992/992 436/436/436
f 438/438/438 993/993/993 439/439/439
f 441/441/441 994/994/994 442/442/442
f 444/444/444 995/995/995 445/445/445
f 447/447/447 996/996/996 448/448/448
f 450/450/450 997/997/997 451/451/451
f 453/453/453 998/998/998 454/454/454
f 456/456/456 999/999/999 457/457/457
f 459/459/459 1000/1000/1000 460/460/460
f 462/462/462 1001/1001/1001 463/463/463
f 465/465/465 1002/1002/1002 466/466/466
f 468/468/468 1003/1003/1003 469/469/469
f 471/471/471 1004/1004/1004 472/472/472
f 474/474/474 1005/1005/1005 475/475/475
f 477/477/477 1006/1006/1006 478/478/478
f 480/480/480 1007/1007/1007 481/481/481
f 483/483/483 1008/1008/1008 484/484/484
f 486/486/486 1009/1009/1009 487/487/487
f 489/489/489 1010/1010/1010 490/490/490
f 492/492/492 1011/1011/1011 493/493/493
f 495/495/495 1012/1012/1012 496/496/496
f 498/498/498 1013/1013/1013 499/499/499
f 501/501/501 1014/1014/1014 502/502/502
f 504/504/504 1015/1015/1015 505/505/505
f 507/507/507 1016/1016/1016 508/508/508
f 510/510/510 1017/1017/1017 511/511/511
f 513/513/513 1018/1018/1018 514/514/514
f 516/516/516 1019/1019/1019 517/517/517
f 519/519/519 1020/1020/1020 520/520/520
f 522/522/522 1021/1021/1021 523/523/523
f 525/525/525 1022/1022/1022 526/526/526
f 528/528/528 1023/1023/1023 529/529/529
f 531/531/531 1024/1024/1024 532/532/532
f 534/534/534 1025/1025/1025 535/535/535
f 537/537/537 1026/1026/1026 538/538/538
f 540/540/540 1027/1027/1027 541/541/541
f 543/543/543 1028/1028/1028 544/544/544
f 546/546/546 1029/1029/1029 547/547/547
f 549/549/549 1030/1030/1030 550/550/550
f 552/552/552 1031/1031/1031 553/553/553
f 555/555/555 1032/1032/1032 556/556/556
f 558/558/558 593/593/593 559/559/559
f 561/561/561 1033/1033/1033 562/562/562
f 564/564/564 1034/1034/1034 565/565/565
f 567/567/567 1035/1035/1035 568/568/568
f 570/570/570 1036/1036/1036 571/571/571
f 573/573/573 1037/1037/1037 574/574/574
f 576/576/576 1038/1038/1038 577/577/577
f 579/579/579 1039/1039/1039 580/580/580
f 582/582/582 1040/1040/1040 583/583/583
f 585/585/585 597/597/597 586/586/586
f 588/588/588 596/596/596 589/589/589
f 588/588/588 590/590/590 591/591/591
f 585/585/585 587/587/587 559/559/559
f 592/592/592 591/591/591 594/594/594
f 558/558/558 560/560/560 589/589/589
f 595/595/595 594/594/594 586/586/586
f 600/600/600 1041/1041/1041 1042/1042/1042
f 1042/1042/1042 1043/1043/1043 600/600/600
f 1043/1043/1043 598/598/598 600/600/600
f 598/598/598 1044/1044/1044 599/599/599
f 599/599/599 1045/1045/1045 600/600/600
f 601/601/601 1046/1046/1046 602/602/602
f 604/604/604 1047/1047/1047 605/605/605
f 607/607/607 1048/1048/1048 608/608/608
f 610/610/610 1049/1049/1049 611/611/611
f 613/613/613 1050/1050/1050 614/614/614
f 616/616/616 1051/1051/1051 617/617/617
f 619/619/619 1052/1052/1052 620/620/620
f 622/622/622 1053/1053/1053 623/623/623
f 1/1/1 1054/1054/1054 625/625/625
f 24/24/24 1055/1055/1055 627/627/627
f 10/10/10 1056/1056/1056 629/629/629
f 7/7/7 1057/1057/1057 631/631/631
f 21/21/21 1058/1058/1058 633/633/633
f 4/4/4 1059/1059/1059 635/635/635
f 13/13/13 1060/1060/1060 637/637/637
f 639/639/639 1061/1061/1061 640/640/640
f 642/642/642 1062/1062/1062 643/643/643
f 645/645/645 1063/1063/1063 646/646/646
f 648/648/648 1064/1064/1064 649/649/649
f 651/651/651 1065/1065/1065 652/652/652
f 654/654/654 1066/1066/1066 655/655/655
f 657/657/657 1067/1067/1067 658/658/658
f 660/660/660 1068/1068/1068 661/661/661
f 663/663/663 1069/1069/1069 664/664/664
f 666/666/666 1070/1070/1070 667/667/667
f 669/669/669 1071/1071/1071 670/670/670
f 672/672/672 1072/1072/1072 673/673/673
f 675/675/675 1073/1073/1073 676/676/676
f 678/678/678 1074/1074/1074 679/679/679
f 681/681/681 1075/1075/1075 682/682/682
f 684/684/684 1076/1076/1076 685/685/685
f 687/687/687 723/723/723 688/688/688
f 690/690/690 1077/1077/1077 691/691/691
f 693/693/693 1078/1078/1078 694/694/694
f 696/696/696 1079/1079/1079 697/697/697
f 699/699/699 1080/1080/1080 700/700/700
f 702/702/702 1081/1081/1081 703/703/703
f 705/705/705 1082/1082/1082 706/706/706
f 708/708/708 1083/1083/1083 709/709/709
f 711/711/711 1084/1084/1084 712/712/712
f 714/714/714 724/724/724 715/715/715
f 716/716/716 715/715/715 717/717/717
f 719/719/719 725/725/725 720/720/720
f 722/722/722 726/726/726 723/723/723
f 689/689/689 688/688/688 724/724/724
f 718/718/718 717/717/717 725/725/725
f 721/721/721 720/720/720 726/726/726
f 727/727/727 761/761/761 728/728/728
f 730/730/730 1085/1085/1085 731/731/731
f 733/733/733 1086/1086/1086 734/734/734
f 736/736/736 1087/1087/1087 737/737/737
f 739/739/739 1088/1088/1088 740/740/740
f 742/742/742 1089/1089/1089 743/743/743
f 745/745/745 1090/1090/1090 746/746/746
f 748/748/748 1091/1091/1091 749/749/749
f 751/751/751 1092/1092/1092 752/752/752
f 754/754/754 762/762/762 755/755/755
f 757/757/757 765/765/765 758/758/758
f 727/727/727 766/766/766 760/760/760
f 754/754/754 729/729/729 728/728/728
f 756/756/756 755/755/755 763/763/763
f 764/764/764 763/763/763 765/765/765
f 759/759/759 758/758/758 760/760/760
f 767/767/767 803/803/803 768/768/768
f 770/770/770 1093/1093/1093 771/771/771
f 773/773/773 1094/1094/1094 774/774/774
f 776/776/776 1095/1095/1095 777/777/777
f 779/779/779 1096/1096/1096 780/780/780
f 782/782/782 1097/1097/1097 783/783/783
f 785/785/785 1098/1098/1098 786/786/786
f 788/788/788 1099/1099/1099 789/789/789
f 791/791/791 1100/1100/1100 792/792/792
f 794/794/794 804/804/804 795/795/795
f 797/797/797 805/805/805 798/798/798
f 799/799/799 798/798/798 800/800/800
f 802/802/802 806/806/806 803/803/803
f 794/794/794 769/769/769 768/768/768
f 796/796/796 795/795/795 805/805/805
f 802/802/802 801/801/801 800/800/800
f 807/807/807 1101/1101/1101 808/808/808
f 810/810/810 1102/1102/1102 811/811/811
f 813/813/813 1103/1103/1103 814/814/814
f 816/816/816 1104/1104/1104 817/817/817
f 819/819/819 1105/1105/1105 820/820/820
f 822/822/822 1106/1106/1106 823/823/823
f 825/825/825 1107/1107/1107 826/826/826
f 828/828/828 1108/1108/1108 829/829/829
f 833/833/833 1109/1109/1109 1110/1110/1110
f 1110/1110/1110 1111/1111/1111 831/831/831
f 831/831/831 1112/1112/1112 832/832/832
f 832/832/832 1113/1113/1113 833/833/833
f 833/833/833 1110/1110/1110 831/831/831
f 834/834/834 1114/1114/1114 835/835/835
f 837/837/837 1115/1115/1115 838/838/838
f 840/840/840 1116/1116/1116 841/841/841
f 843/843/843 1117/1117/1117 844/844/844
f 846/846/846 1118/1118/1118 847/847/847
f 849/849/849 1119/1119/1119 850/850/850
f 852/852/852 1120/1120/1120 853/853/853
