# Noesis .obj export.
#
mtllib unused.mtl
g
v  -46.438122 -237.172699 -13.213976
v  -45.861362 -234.392838 -8.516073
v  -39.618622 -213.917450 -17.343294
v  -34.739628 -279.585419 -1.849518
v  -34.739628 -279.585419 -1.849518
v  -26.643311 -279.783478 19.475779
v  -27.005947 -302.077209 18.262932
v  -26.643311 -279.783478 19.475779
v  -34.739628 -279.585419 -1.849518
v  -26.643311 -279.783478 19.475779
v  -27.005947 -302.077209 18.262932
v  -14.830300 -285.876099 26.621630
v  -36.554966 -266.994202 -11.885711
v  -31.753361 -255.410248 -11.138795
v  -36.554966 -266.994202 -11.885711
v  -31.753361 -255.410248 -11.138795
v  -36.554966 -266.994202 -11.885711
v  -35.023560 -270.234711 -7.157192
v  -35.023560 -270.234711 -7.157192
v  -25.826578 -250.457626 -5.687730
v  -31.753361 -255.410248 -11.138795
v  -25.826578 -250.457626 -5.687730
v  -35.023560 -270.234711 -7.157192
v  -32.003014 -269.195648 -2.425648
v  -32.003014 -269.195648 -2.425648
v  -24.233316 -251.387863 -3.447151
v  -25.826578 -250.457626 -5.687730
v  -120.546303 -216.082306 -10.215424
v  -120.546303 -216.082306 -10.215424
v  -113.565590 -222.878448 -13.053096
v  -122.519341 -213.724426 1.327570
v  -113.565590 -222.878448 -13.053096
v  -120.546303 -216.082306 -10.215424
v  -113.565590 -222.878448 -13.053096
v  -122.519341 -213.724426 1.327570
v  -114.134163 -222.448959 13.394808
v  -122.041283 -213.252914 11.905617
v  -114.134163 -222.448959 13.394808
v  -122.519341 -213.724426 1.327570
v  0.000001 -242.903580 -8.113910
v  9.124923 -241.559891 18.610313
v  17.273087 -246.890472 -5.055168
v  12.296391 -247.625168 22.180601
v  5.208404 -244.009186 23.113325
v  12.296391 -247.625168 22.180601
v  5.208404 -244.009186 23.113325
v  12.296391 -247.625168 22.180601
v  9.124923 -241.559891 18.610313
v  9.124923 -241.559891 18.610313
v  0.000007 -238.485413 21.867371
v  5.208404 -244.009186 23.113325
v  0.000007 -238.485413 21.867371
v  9.124923 -241.559891 18.610313
v  0.000001 -242.903580 -8.113910
v  0.000001 -242.903580 -8.113910
v  -9.124917 -241.559875 18.610312
v  0.000007 -238.485413 21.867371
v  -9.124917 -241.559875 18.610312
v  0.000001 -242.903580 -8.113910
v  -17.273083 -246.892639 -5.449096
v  -17.273083 -246.892639 -5.449096
v  -16.617107 -245.579605 17.794415
v  -9.124917 -241.559875 18.610312
v  -16.617107 -245.579605 17.794415
v  -17.273083 -246.892639 -5.449096
v  -24.233316 -251.387863 -3.447151
v  -24.233316 -251.387863 -3.447151
v  -22.331881 -253.504440 18.656857
v  -16.617107 -245.579605 17.794415
v  -22.331881 -253.504440 18.656857
v  -24.233316 -251.387863 -3.447151
v  -26.865980 -265.589203 17.877850
v  -26.865980 -265.589203 17.877850
v  -23.705210 -264.988007 19.988560
v  -22.331881 -253.504440 18.656857
v  -23.705210 -264.988007 19.988560
v  -26.865980 -265.589203 17.877850
v  -26.643311 -279.783478 19.475779
v  -26.643311 -279.783478 19.475779
v  -20.570593 -272.978912 22.048115
v  -23.705210 -264.988007 19.988560
v  -20.570593 -272.978912 22.048115
v  -26.643311 -279.783478 19.475779
v  -9.104914 -276.970245 27.309771
v  -9.104914 -276.970245 27.309771
v  -10.110891 -271.636841 25.126797
v  -20.570593 -272.978912 22.048115
v  -10.110891 -271.636841 25.126797
v  -9.104914 -276.970245 27.309771
v  -4.871987 -267.191162 25.795578
v  -4.871987 -267.191162 25.795578
v  -6.677435 -264.932617 25.036966
v  -10.110891 -271.636841 25.126797
v  -6.677435 -264.932617 25.036966
v  -4.871987 -267.191162 25.795578
v  -6.027516 -261.517883 25.313755
v  -6.027516 -261.517883 25.313755
v  -10.341874 -270.715057 24.715054
v  -6.677435 -264.932617 25.036966
v  -10.341874 -270.715057 24.715054
v  -6.027516 -261.517883 25.313755
v  -8.704611 -257.922943 24.050064
v  -8.704611 -257.922943 24.050064
v  -19.170132 -258.009125 21.983732
v  -10.341874 -270.715057 24.715054
v  -19.170132 -258.009125 21.983732
v  -8.704611 -257.922943 24.050064
v  -16.052891 -253.313629 22.605368
v  -16.052891 -253.313629 22.605368
v  -22.331881 -253.504440 18.656857
v  -19.170132 -258.009125 21.983732
v  -22.331881 -253.504440 18.656857
v  -16.052891 -253.313629 22.605368
v  -12.296389 -247.625168 22.180601
v  -12.296389 -247.625168 22.180601
v  -16.617107 -245.579605 17.794415
v  -22.331881 -253.504440 18.656857
v  -16.617107 -245.579605 17.794415
v  -12.296389 -247.625168 22.180601
v  -12.296389 -247.625168 22.180601
v  -12.296389 -247.625168 22.180601
v  -9.124917 -241.559875 18.610312
v  -16.617107 -245.579605 17.794415
v  -9.124917 -241.559875 18.610312
v  -12.296389 -247.625168 22.180601
v  -5.208397 -244.009186 23.113325
v  -5.208397 -244.009186 23.113325
v  0.000007 -238.485413 21.867371
v  -9.124917 -241.559875 18.610312
v  0.000007 -238.485413 21.867371
v  -5.208397 -244.009186 23.113325
v  -0.000008 -243.024643 23.813150
v  -0.000008 -243.024643 23.813150
v  5.208404 -244.009186 23.113325
v  0.000007 -238.485413 21.867371
v  5.208404 -244.009186 23.113325
v  -0.000008 -243.024643 23.813150
v  2.565989 -247.683380 25.200691
v  2.565989 -247.683380 25.200691
v  5.208404 -244.009186 23.113325
v  5.208404 -244.009186 23.113325
v  5.208404 -244.009186 23.113325
v  2.565989 -247.683380 25.200691
v  5.306425 -248.440475 24.863171
v  5.306425 -248.440475 24.863171
v  12.296391 -247.625168 22.180601
v  5.208404 -244.009186 23.113325
v  12.296391 -247.625168 22.180601
v  5.306425 -248.440475 24.863171
v  9.807184 -252.829224 24.870314
v  9.807184 -252.829224 24.870314
v  16.052895 -253.313644 22.605368
v  12.296391 -247.625168 22.180601
v  16.052895 -253.313644 22.605368
v  9.807184 -252.829224 24.870314
v  8.707148 -257.922882 24.050062
v  8.707148 -257.922882 24.050062
v  19.186598 -258.009125 21.983728
v  16.052895 -253.313644 22.605368
v  19.186598 -258.009125 21.983728
v  8.707148 -257.922882 24.050062
v  10.358338 -270.715088 24.715054
v  10.358338 -270.715088 24.715054
v  19.950716 -271.324646 21.958939
v  19.186598 -258.009125 21.983728
v  19.950716 -271.324646 21.958939
v  10.358338 -270.715088 24.715054
v  20.587080 -272.978912 22.048115
v  20.587080 -272.978912 22.048115
v  23.721682 -264.988007 19.988564
v  19.950716 -271.324646 21.958939
v  23.721682 -264.988007 19.988564
v  20.587080 -272.978912 22.048115
v  26.659784 -279.783478 19.475779
v  26.659784 -279.783478 19.475779
v  27.886875 -265.589203 17.877850
v  23.721682 -264.988007 19.988564
v  27.886875 -265.589203 17.877850
v  26.659784 -279.783478 19.475779
v  32.003017 -269.195679 -2.425648
v  32.003017 -269.195679 -2.425648
v  27.886875 -265.589203 17.877850
v  27.886875 -265.589203 17.877850
v  27.886875 -265.589203 17.877850
v  32.003017 -269.195679 -2.425648
v  24.233320 -251.387894 -3.447151
v  24.233320 -251.387894 -3.447151
v  22.348339 -253.504440 18.656857
v  27.886875 -265.589203 17.877850
v  22.348339 -253.504440 18.656857
v  24.233320 -251.387894 -3.447151
v  16.617111 -245.579605 17.794415
v  16.617111 -245.579605 17.794415
v  12.296391 -247.625168 22.180601
v  22.348339 -253.504440 18.656857
v  12.296391 -247.625168 22.180601
v  16.617111 -245.579605 17.794415
v  16.617111 -245.579605 17.794415
v  16.617111 -245.579605 17.794415
v  9.124923 -241.559891 18.610313
v  12.296391 -247.625168 22.180601
v  9.124923 -241.559891 18.610313
v  16.617111 -245.579605 17.794415
v  16.617111 -245.579605 17.794415
v  16.617111 -245.579605 17.794415
v  17.273087 -246.890472 -5.055168
v  9.124923 -241.559891 18.610313
v  17.273087 -246.890472 -5.055168
v  16.617111 -245.579605 17.794415
v  24.233320 -251.387894 -3.447151
v  23.721682 -264.988007 19.988564
v  27.886875 -265.589203 17.877850
v  22.348339 -253.504440 18.656857
v  19.950716 -271.324646 21.958939
v  23.721682 -264.988007 19.988564
v  19.186598 -258.009125 21.983728
v  22.348339 -253.504440 18.656857
v  19.186598 -258.009125 21.983728
v  23.721682 -264.988007 19.988564
v  19.186598 -258.009125 21.983728
v  22.348339 -253.504440 18.656857
v  16.052895 -253.313644 22.605368
v  12.296391 -247.625168 22.180601
v  16.052895 -253.313644 22.605368
v  22.348339 -253.504440 18.656857
v  -22.331881 -253.504440 18.656857
v  -22.331881 -253.504440 18.656857
v  -19.170132 -258.009125 21.983732
v  -23.705210 -264.988007 19.988560
v  -19.170132 -258.009125 21.983732
v  -22.331881 -253.504440 18.656857
v  -19.170132 -258.009125 21.983732
v  -23.705210 -264.988007 19.988560
v  -19.934229 -271.324646 21.958939
v  -20.570593 -272.978912 22.048115
v  -19.934229 -271.324646 21.958939
v  -23.705210 -264.988007 19.988560
v  -19.934229 -271.324646 21.958939
v  -20.570593 -272.978912 22.048115
v  -19.934229 -271.324646 21.958939
v  -10.110891 -271.636841 25.126797
v  -19.934229 -271.324646 21.958939
v  -20.570593 -272.978912 22.048115
v  -19.934229 -271.324646 21.958939
v  -10.110891 -271.636841 25.126797
v  -10.341874 -270.715057 24.715054
v  -6.677435 -264.932617 25.036966
v  -10.341874 -270.715057 24.715054
v  -10.110891 -271.636841 25.126797
v  -10.341874 -270.715057 24.715054
v  -19.170132 -258.009125 21.983732
v  -19.934229 -271.324646 21.958939
v  -26.865980 -265.589203 17.877850
v  -32.003014 -269.195648 -2.425648
v  -26.643311 -279.783478 19.475779
v  -32.003014 -269.195648 -2.425648
v  -26.865980 -265.589203 17.877850
v  -24.233316 -251.387863 -3.447151
v  -16.052891 -253.313629 22.605368
v  -9.814203 -252.829224 24.870314
v  -12.296389 -247.625168 22.180601
v  -9.814203 -252.829224 24.870314
v  -16.052891 -253.313629 22.605368
v  -8.704611 -257.922943 24.050064
v  6.693907 -264.932617 25.036966
v  6.043995 -261.517883 25.313755
v  6.693907 -264.932617 25.036966
v  6.043995 -261.517883 25.313755
v  6.693907 -264.932617 25.036966
v  10.358338 -270.715088 24.715054
v  10.358338 -270.715088 24.715054
v  8.707148 -257.922882 24.050062
v  6.043995 -261.517883 25.313755
v  0.000001 -289.177185 29.108519
v  -9.104914 -276.970245 27.309771
v  -14.830300 -285.876099 26.621630
v  -26.643311 -279.783478 19.475779
v  -14.830300 -285.876099 26.621630
v  -9.104914 -276.970245 27.309771
v  26.659784 -279.783478 19.475779
v  26.659784 -279.783478 19.475779
v  14.830302 -285.876099 26.621630
v  9.121391 -276.970276 27.309771
v  14.830302 -285.876099 26.621630
v  26.659784 -279.783478 19.475779
v  14.830302 -285.876099 26.621630
v  9.121391 -276.970276 27.309771
v  0.000001 -289.177185 29.108519
v  0.008236 -283.624664 29.315989
v  0.000001 -289.177185 29.108519
v  9.121391 -276.970276 27.309771
v  0.000001 -289.177185 29.108519
v  0.008236 -283.624664 29.315989
v  -9.104914 -276.970245 27.309771
v  0.008222 -270.151337 28.951025
v  -9.104914 -276.970245 27.309771
v  0.008236 -283.624664 29.315989
v  -9.104914 -276.970245 27.309771
v  0.008222 -270.151337 28.951025
v  -4.871987 -267.191162 25.795578
v  0.008236 -260.495911 27.521465
v  -4.871987 -267.191162 25.795578
v  0.008222 -270.151337 28.951025
v  -4.871987 -267.191162 25.795578
v  0.008236 -260.495911 27.521465
v  -6.027516 -261.517883 25.313755
v  0.008236 -260.495911 27.521465
v  -6.027516 -261.517883 25.313755
v  0.008236 -260.495911 27.521465
v  -6.027516 -261.517883 25.313755
v  0.008236 -260.495911 27.521465
v  -8.704611 -257.922943 24.050064
v  -3.777306 -252.414886 26.555084
v  -8.704611 -257.922943 24.050064
v  0.008236 -260.495911 27.521465
v  -8.704611 -257.922943 24.050064
v  -3.777306 -252.414886 26.555084
v  -9.814203 -252.829224 24.870314
v  -5.306450 -248.440475 24.863171
v  -9.814203 -252.829224 24.870314
v  -3.777306 -252.414886 26.555084
v  -9.814203 -252.829224 24.870314
v  -5.306450 -248.440475 24.863171
v  -12.296389 -247.625168 22.180601
v  -5.306450 -248.440475 24.863171
v  -12.296389 -247.625168 22.180601
v  -5.306450 -248.440475 24.863171
v  -12.296389 -247.625168 22.180601
v  -5.306450 -248.440475 24.863171
v  -5.208397 -244.009186 23.113325
v  -2.565986 -247.683380 25.200691
v  -5.208397 -244.009186 23.113325
v  -5.306450 -248.440475 24.863171
v  -5.208397 -244.009186 23.113325
v  -2.565986 -247.683380 25.200691
v  -0.000008 -243.024643 23.813150
v  0.000001 -247.518600 25.811718
v  -0.000008 -243.024643 23.813150
v  -2.565986 -247.683380 25.200691
v  -0.000008 -243.024643 23.813150
v  0.000001 -247.518600 25.811718
v  2.565989 -247.683380 25.200691
v  4.888459 -267.191162 25.795578
v  9.121391 -276.970276 27.309771
v  10.127369 -271.636841 25.126797
v  9.121391 -276.970276 27.309771
v  4.888459 -267.191162 25.795578
v  0.008222 -270.151337 28.951025
v  0.008222 -270.151337 28.951025
v  0.008236 -283.624664 29.315989
v  9.121391 -276.970276 27.309771
v  0.008222 -270.151337 28.951025
v  4.888459 -267.191162 25.795578
v  0.008236 -260.495911 27.521465
v  -3.777306 -252.414886 26.555084
v  -2.527899 -247.804840 25.375320
v  -5.306450 -248.440475 24.863171
v  -2.527899 -247.804840 25.375320
v  -3.777306 -252.414886 26.555084
v  0.000007 -250.915237 27.277575
v  0.000007 -250.915237 27.277575
v  0.000000 -247.629272 26.028652
v  -2.527899 -247.804840 25.375320
v  0.000000 -247.629272 26.028652
v  0.000007 -250.915237 27.277575
v  0.000007 -250.915237 27.277575
v  0.000007 -250.915237 27.277575
v  2.527901 -247.804840 25.375319
v  0.000000 -247.629272 26.028652
v  2.527901 -247.804840 25.375319
v  0.000007 -250.915237 27.277575
v  3.777305 -252.414886 26.555079
v  3.777305 -252.414886 26.555079
v  5.306425 -248.440475 24.863171
v  2.527901 -247.804840 25.375319
v  5.306425 -248.440475 24.863171
v  3.777305 -252.414886 26.555079
v  3.777305 -252.414886 26.555079
v  3.777305 -252.414886 26.555079
v  9.807184 -252.829224 24.870314
v  5.306425 -248.440475 24.863171
v  9.807184 -252.829224 24.870314
v  3.777305 -252.414886 26.555079
v  3.777305 -252.414886 26.555079
v  3.777305 -252.414886 26.555079
v  8.707148 -257.922882 24.050062
v  9.807184 -252.829224 24.870314
v  8.707148 -257.922882 24.050062
v  3.777305 -252.414886 26.555079
v  0.008236 -260.495911 27.521465
v  0.008236 -260.495911 27.521465
v  6.043995 -261.517883 25.313755
v  8.707148 -257.922882 24.050062
v  6.043995 -261.517883 25.313755
v  0.008236 -260.495911 27.521465
v  4.888459 -267.191162 25.795578
v  4.888459 -267.191162 25.795578
v  6.693907 -264.932617 25.036966
v  6.043995 -261.517883 25.313755
v  6.693907 -264.932617 25.036966
v  4.888459 -267.191162 25.795578
v  10.127369 -271.636841 25.126797
v  10.127369 -271.636841 25.126797
v  10.358338 -270.715088 24.715054
v  6.693907 -264.932617 25.036966
v  10.358338 -270.715088 24.715054
v  10.127369 -271.636841 25.126797
v  10.127369 -271.636841 25.126797
v  10.127369 -271.636841 25.126797
v  20.587080 -272.978912 22.048115
v  10.358338 -270.715088 24.715054
v  20.587080 -272.978912 22.048115
v  10.127369 -271.636841 25.126797
v  9.121391 -276.970276 27.309771
v  9.121391 -276.970276 27.309771
v  26.659784 -279.783478 19.475779
v  20.587080 -272.978912 22.048115
v  3.777305 -252.414886 26.555079
v  0.000000 -253.421783 28.850119
v  0.008236 -260.495911 27.521465
v  0.000000 -253.421783 28.850119
v  0.008236 -260.495911 27.521465
v  0.000000 -253.421783 28.850119
v  0.008236 -260.495911 27.521465
v  0.000000 -253.421783 28.850119
v  -3.777306 -252.414886 26.555084
v  0.000000 -253.421783 28.850119
v  -3.777306 -252.414886 26.555084
v  0.000000 -253.421783 28.850119
v  -3.777306 -252.414886 26.555084
v  0.000000 -253.421783 28.850119
v  0.000007 -250.915237 27.277575
v  3.777305 -252.414886 26.555079
v  0.000007 -250.915237 27.277575
v  0.000000 -253.421783 28.850119
v  32.003017 -269.195679 -2.425648
v  26.659784 -279.783478 19.475779
v  34.739632 -279.585419 -1.849517
v  -118.790627 -234.096970 -1.231203
v  -116.868843 -231.351685 12.628059
v  -118.790627 -234.096970 -1.231203
v  -116.868843 -231.351685 12.628059
v  -118.790627 -234.096970 -1.231203
v  -95.986717 -231.901459 8.839911
v  -95.986717 -231.901459 8.839911
v  -106.814980 -226.715988 13.293159
v  -116.868843 -231.351685 12.628059
v  -106.814980 -226.715988 13.293159
v  -95.986717 -231.901459 8.839911
v  -93.583748 -222.427094 12.905178
v  -93.583748 -222.427094 12.905178
v  -99.904678 -220.400452 16.693012
v  -106.814980 -226.715988 13.293159
v  -93.583748 -222.427094 12.905178
v  -95.986717 -231.901459 8.839911
v  -86.498573 -226.375732 -0.753546
v  -95.986717 -231.901459 8.839911
v  -97.811913 -235.521118 -1.414732
v  -86.498573 -226.375732 -0.753546
v  -97.811913 -235.521118 -1.414732
v  -95.986717 -231.901459 8.839911
v  -118.790627 -234.096970 -1.231203
v  -118.790627 -234.096970 -1.231203
v  -96.305763 -230.720123 -13.986497
v  -97.811913 -235.521118 -1.414732
v  -96.305763 -230.720123 -13.986497
v  -118.790627 -234.096970 -1.231203
v  -113.882393 -230.199066 -14.931124
v  -113.882393 -230.199066 -14.931124
v  -94.015152 -221.373596 -14.135280
v  -96.305763 -230.720123 -13.986497
v  -94.015152 -221.373596 -14.135280
v  -113.882393 -230.199066 -14.931124
v  -113.882393 -230.199066 -14.931124
v  -113.882393 -230.199066 -14.931124
v  -113.565590 -222.878448 -13.053096
v  -94.015152 -221.373596 -14.135280
v  -113.565590 -222.878448 -13.053096
v  -113.882393 -230.199066 -14.931124
v  -113.882393 -230.199066 -14.931124
v  -113.882393 -230.199066 -14.931124
v  -117.853271 -227.328430 -13.505434
v  -113.565590 -222.878448 -13.053096
v  -117.853271 -227.328430 -13.505434
v  -113.882393 -230.199066 -14.931124
v  -113.882393 -230.199066 -14.931124
v  -113.882393 -230.199066 -14.931124
v  -120.865959 -228.941650 -1.184152
v  -117.853271 -227.328430 -13.505434
v  -120.865959 -228.941650 -1.184152
v  -113.882393 -230.199066 -14.931124
v  -118.790627 -234.096970 -1.231203
v  -118.790627 -234.096970 -1.231203
v  -119.420670 -227.648956 11.545450
v  -120.865959 -228.941650 -1.184152
v  -119.420670 -227.648956 11.545450
v  -118.790627 -234.096970 -1.231203
v  -116.868843 -231.351685 12.628059
v  -116.868843 -231.351685 12.628059
v  -114.134163 -222.448959 13.394808
v  -119.420670 -227.648956 11.545450
v  -114.134163 -222.448959 13.394808
v  -116.868843 -231.351685 12.628059
v  -106.814980 -226.715988 13.293159
v  -106.814980 -226.715988 13.293159
v  -104.156303 -216.374664 5.827784
v  -114.134163 -222.448959 13.394808
v  -104.156303 -216.374664 5.827784
v  -106.814980 -226.715988 13.293159
v  -106.814980 -226.715988 13.293159
v  -106.814980 -226.715988 13.293159
v  -106.808815 -219.141235 13.158657
v  -104.156303 -216.374664 5.827784
v  -106.808815 -219.141235 13.158657
v  -106.814980 -226.715988 13.293159
v  -99.904678 -220.400452 16.693012
v  -99.904678 -220.400452 16.693012
v  -103.291435 -218.274567 16.695633
v  -106.808815 -219.141235 13.158657
v  -103.291435 -218.274567 16.695633
v  -99.904678 -220.400452 16.693012
v  -99.904678 -220.400452 16.693012
v  -99.904678 -220.400452 16.693012
v  -100.943222 -211.484863 13.036828
v  -103.291435 -218.274567 16.695633
v  -100.943222 -211.484863 13.036828
v  -99.904678 -220.400452 16.693012
v  -99.904678 -220.400452 16.693012
v  -99.904678 -220.400452 16.693012
v  -97.500923 -212.433411 12.920771
v  -100.943222 -211.484863 13.036828
v  -97.500923 -212.433411 12.920771
v  -99.904678 -220.400452 16.693012
v  -93.583748 -222.427094 12.905178
v  -93.583748 -222.427094 12.905178
v  -91.860100 -215.083893 8.305384
v  -97.500923 -212.433411 12.920771
v  -91.860100 -215.083893 8.305384
v  -93.583748 -222.427094 12.905178
v  -86.498573 -226.375732 -0.753546
v  -94.015152 -221.373596 -14.135280
v  -86.498573 -226.375732 -0.753546
v  -96.305763 -230.720123 -13.986497
v  -86.498573 -226.375732 -0.753546
v  -97.811913 -235.521118 -1.414732
v  -96.305763 -230.720123 -13.986497
v  -26.643311 -279.783478 19.475779
v  -32.003014 -269.195648 -2.425648
v  -34.739628 -279.585419 -1.849518
v  56.144176 -230.447510 -11.358930
v  56.144176 -230.447510 -11.358930
v  54.006386 -229.902222 -10.125223
v  62.186680 -233.587296 -3.607120
v  54.006386 -229.902222 -10.125223
v  56.144176 -230.447510 -11.358930
v  54.006386 -229.902222 -10.125223
v  62.186680 -233.587296 -3.607120
v  57.239967 -233.144989 -3.833503
v  62.186680 -233.587296 -3.607120
v  57.239967 -233.144989 -3.833503
v  62.186680 -233.587296 -3.607120
v  57.239967 -233.144989 -3.833503
v  62.186680 -233.587296 -3.607120
v  61.969135 -230.597458 2.347365
v  67.296806 -224.259064 -9.461328
v  55.499504 -223.997925 -11.449403
v  67.296806 -224.259064 -9.461328
v  55.499504 -223.997925 -11.449403
v  67.296806 -224.259064 -9.461328
v  56.144176 -230.447510 -11.358930
v  56.144176 -230.447510 -11.358930
v  53.257423 -224.217010 -10.369405
v  55.499504 -223.997925 -11.449403
v  53.257423 -224.217010 -10.369405
v  56.144176 -230.447510 -11.358930
v  54.006386 -229.902222 -10.125223
v  54.006386 -229.902222 -10.125223
v  53.056957 -229.957214 -9.631544
v  53.257423 -224.217010 -10.369405
v  53.056957 -229.957214 -9.631544
v  54.006386 -229.902222 -10.125223
v  57.239967 -233.144989 -3.833503
v  57.239967 -233.144989 -3.833503
v  54.376450 -232.079132 -3.870884
v  53.056957 -229.957214 -9.631544
v  54.376450 -232.079132 -3.870884
v  57.239967 -233.144989 -3.833503
v  61.969135 -230.597458 2.347365
v  61.969135 -230.597458 2.347365
v  50.192856 -229.729233 1.280057
v  54.376450 -232.079132 -3.870884
v  50.192856 -229.729233 1.280057
v  61.969135 -230.597458 2.347365
v  49.488907 -224.430679 1.196234
v  49.488907 -224.430679 1.196234
v  37.340229 -223.681854 4.160084
v  50.192856 -229.729233 1.280057
v  37.340229 -223.681854 4.160084
v  49.488907 -224.430679 1.196234
v  49.488907 -224.430679 1.196234
v  49.488907 -224.430679 1.196234
v  37.626656 -221.240112 -2.023991
v  37.340229 -223.681854 4.160084
v  37.626656 -221.240112 -2.023991
v  49.488907 -224.430679 1.196234
v  53.235344 -221.316559 -5.394706
v  53.235344 -221.316559 -5.394706
v  36.991188 -224.332306 -9.856339
v  37.626656 -221.240112 -2.023991
v  36.991188 -224.332306 -9.856339
v  53.235344 -221.316559 -5.394706
v  53.235344 -221.316559 -5.394706
v  53.235344 -221.316559 -5.394706
v  52.358406 -224.304855 -9.779869
v  36.991188 -224.332306 -9.856339
v  52.358406 -224.304855 -9.779869
v  53.235344 -221.316559 -5.394706
v  55.471016 -220.812897 -4.988677
v  55.471016 -220.812897 -4.988677
v  53.257423 -224.217010 -10.369405
v  52.358406 -224.304855 -9.779869
v  53.257423 -224.217010 -10.369405
v  55.471016 -220.812897 -4.988677
v  55.471016 -220.812897 -4.988677
v  55.471016 -220.812897 -4.988677
v  55.499504 -223.997925 -11.449403
v  53.257423 -224.217010 -10.369405
v  55.499504 -223.997925 -11.449403
v  55.471016 -220.812897 -4.988677
v  61.471111 -220.809372 -4.066338
v  61.471111 -220.809372 -4.066338
v  66.357857 -221.150803 -3.574427
v  55.499504 -223.997925 -11.449403
v  66.357857 -221.150803 -3.574427
v  61.471111 -220.809372 -4.066338
v  60.947163 -224.242981 2.257514
v  60.947163 -224.242981 2.257514
v  66.366913 -224.197845 1.948751
v  66.357857 -221.150803 -3.574427
v  66.366913 -224.197845 1.948751
v  60.947163 -224.242981 2.257514
v  61.969135 -230.597458 2.347365
v  61.969135 -230.597458 2.347365
v  67.181374 -229.629288 1.899941
v  66.366913 -224.197845 1.948751
v  67.181374 -229.629288 1.899941
v  61.969135 -230.597458 2.347365
v  62.186680 -233.587296 -3.607120
v  62.186680 -233.587296 -3.607120
v  68.045799 -232.800369 -3.312032
v  67.181374 -229.629288 1.899941
v  68.045799 -232.800369 -3.312032
v  62.186680 -233.587296 -3.607120
v  56.144176 -230.447510 -11.358930
v  56.144176 -230.447510 -11.358930
v  68.068550 -229.353363 -9.604267
v  68.045799 -232.800369 -3.312032
v  68.068550 -229.353363 -9.604267
v  56.144176 -230.447510 -11.358930
v  67.296806 -224.259064 -9.461328
v  55.499504 -223.997925 -11.449403
v  66.357857 -221.150803 -3.574427
v  67.296806 -224.259064 -9.461328
v  61.471111 -220.809372 -4.066338
v  55.471016 -220.812897 -4.988677
v  60.947163 -224.242981 2.257514
v  49.488907 -224.430679 1.196234
v  60.947163 -224.242981 2.257514
v  55.471016 -220.812897 -4.988677
v  60.947163 -224.242981 2.257514
v  49.488907 -224.430679 1.196234
v  61.969135 -230.597458 2.347365
v  49.488907 -224.430679 1.196234
v  55.471016 -220.812897 -4.988677
v  53.235344 -221.316559 -5.394706
v  37.340229 -223.681854 4.160084
v  37.407734 -230.236740 2.838092
v  50.192856 -229.729233 1.280057
v  36.940075 -233.568954 -3.164505
v  50.192856 -229.729233 1.280057
v  37.407734 -230.236740 2.838092
v  50.192856 -229.729233 1.280057
v  36.940075 -233.568954 -3.164505
v  54.376450 -232.079132 -3.870884
v  36.940075 -233.568954 -3.164505
v  54.376450 -232.079132 -3.870884
v  36.940075 -233.568954 -3.164505
v  54.376450 -232.079132 -3.870884
v  36.940075 -233.568954 -3.164505
v  53.056957 -229.957214 -9.631544
v  36.919468 -230.970337 -9.626479
v  53.056957 -229.957214 -9.631544
v  36.940075 -233.568954 -3.164505
v  53.056957 -229.957214 -9.631544
v  36.919468 -230.970337 -9.626479
v  53.056957 -229.957214 -9.631544
v  36.991196 -224.332306 -9.856339
v  53.056957 -229.957214 -9.631544
v  36.919468 -230.970337 -9.626479
v  53.056957 -229.957214 -9.631544
v  36.991196 -224.332306 -9.856339
v  53.056957 -229.957214 -9.631544
v  52.358406 -224.304855 -9.779869
v  53.056957 -229.957214 -9.631544
v  36.991196 -224.332306 -9.856339
v  53.056957 -229.957214 -9.631544
v  52.358406 -224.304855 -9.779869
v  53.257423 -224.217010 -10.369405
v  -92.211426 -215.620422 3.472884
v  -91.860100 -215.083893 8.305384
v  -86.498573 -226.375732 -0.753546
v  -114.134163 -222.448959 13.394808
v  -105.538078 -222.247482 -2.132923
v  -113.565590 -222.878448 -13.053096
v  -92.658524 -217.978409 -3.390821
v  -113.565590 -222.878448 -13.053096
v  -105.538078 -222.247482 -2.132923
v  -113.565590 -222.878448 -13.053096
v  -92.658524 -217.978409 -3.390821
v  -94.015152 -221.373596 -14.135280
v  -92.658524 -217.978409 -3.390821
v  -94.015152 -221.373596 -14.135280
v  -92.658524 -217.978409 -3.390821
v  -94.015152 -221.373596 -14.135280
v  -92.658524 -217.978409 -3.390821
v  -86.498573 -226.375732 -0.753546
v  -92.658524 -217.978409 -3.390821
v  -86.498573 -226.375732 -0.753546
v  -92.658524 -217.978409 -3.390821
v  -86.498573 -226.375732 -0.753546
v  -92.658524 -217.978409 -3.390821
v  -92.211426 -215.620422 3.472884
v  -104.156303 -216.374664 5.827784
v  -92.211426 -215.620422 3.472884
v  -92.658524 -217.978409 -3.390821
v  -92.211426 -215.620422 3.472884
v  -104.156303 -216.374664 5.827784
v  -91.860100 -215.083893 8.305384
v  -104.156303 -216.374664 5.827784
v  -91.860100 -215.083893 8.305384
v  -104.156303 -216.374664 5.827784
v  -91.860100 -215.083893 8.305384
v  -104.156303 -216.374664 5.827784
v  -97.500923 -212.433411 12.920771
v  -100.943222 -211.484863 13.036828
v  -97.500923 -212.433411 12.920771
v  -104.156303 -216.374664 5.827784
v  -114.134163 -222.448959 13.394808
v  -104.156303 -216.374664 5.827784
v  -105.538078 -222.247482 -2.132923
v  -92.658524 -217.978409 -3.390821
v  -105.538078 -222.247482 -2.132923
v  -104.156303 -216.374664 5.827784
v  87.607315 -237.254974 -2.495172
v  87.607315 -237.254974 -2.495172
v  75.714317 -233.281815 9.017390
v  85.317726 -232.149170 8.358844
v  75.714317 -233.281815 9.017390
v  87.607315 -237.254974 -2.495172
v  75.714317 -233.281815 9.017390
v  85.317726 -232.149170 8.358844
v  73.721207 -221.692963 9.129375
v  83.128212 -220.451202 8.502631
v  73.721207 -221.692963 9.129375
v  85.317726 -232.149170 8.358844
v  73.721207 -221.692963 9.129375
v  83.128212 -220.451202 8.502631
v  74.006783 -214.781219 -2.832181
v  75.714317 -233.281815 9.017390
v  87.607315 -237.254974 -2.495172
v  75.714317 -233.281815 9.017390
v  87.607315 -237.254974 -2.495172
v  75.714317 -233.281815 9.017390
v  77.520699 -239.495285 -2.879586
v  77.520699 -239.495285 -2.879586
v  87.607315 -237.254974 -2.495172
v  87.607315 -237.254974 -2.495172
v  87.607315 -237.254974 -2.495172
v  77.520699 -239.495285 -2.879586
v  76.957039 -232.769592 -14.997710
v  76.957039 -232.769592 -14.997710
v  86.121544 -231.863892 -13.236305
v  87.607315 -237.254974 -2.495172
v  86.121544 -231.863892 -13.236305
v  76.957039 -232.769592 -14.997710
v  74.828316 -220.476379 -15.233116
v  74.828316 -220.476379 -15.233116
v  86.121544 -231.863892 -13.236305
v  86.121544 -231.863892 -13.236305
v  86.121544 -231.863892 -13.236305
v  74.828316 -220.476379 -15.233116
v  84.401917 -220.170044 -13.369812
v  84.401917 -220.170044 -13.369812
v  86.121544 -231.863892 -13.236305
v  86.121544 -231.863892 -13.236305
v  86.121544 -231.863892 -13.236305
v  84.401917 -220.170044 -13.369812
v  87.442444 -221.192398 -10.145081
v  87.442444 -221.192398 -10.145081
v  86.121544 -231.863892 -13.236305
v  86.121544 -231.863892 -13.236305
v  86.121544 -231.863892 -13.236305
v  87.442444 -221.192398 -10.145081
v  89.174805 -229.939850 -10.077972
v  89.174805 -229.939850 -10.077972
v  86.121544 -231.863892 -13.236305
v  86.121544 -231.863892 -13.236305
v  86.121544 -231.863892 -13.236305
v  89.174805 -229.939850 -10.077972
v  90.167534 -234.715576 -2.285811
v  90.167534 -234.715576 -2.285811
v  87.607315 -237.254974 -2.495172
v  86.121544 -231.863892 -13.236305
v  87.607315 -237.254974 -2.495172
v  90.167534 -234.715576 -2.285811
v  87.890770 -230.489609 6.554071
v  87.890770 -230.489609 6.554071
v  85.317726 -232.149170 8.358844
v  87.607315 -237.254974 -2.495172
v  85.317726 -232.149170 8.358844
v  87.890770 -230.489609 6.554071
v  86.138939 -221.223740 6.759045
v  86.138939 -221.223740 6.759045
v  83.128212 -220.451202 8.502631
v  85.317726 -232.149170 8.358844
v  83.128212 -220.451202 8.502631
v  86.138939 -221.223740 6.759045
v  83.706726 -215.248840 -2.588366
v  83.706726 -215.248840 -2.588366
v  74.006783 -214.781219 -2.832181
v  83.128212 -220.451202 8.502631
v  74.006783 -214.781219 -2.832181
v  83.706726 -215.248840 -2.588366
v  83.706726 -215.248840 -2.588366
v  83.706726 -215.248840 -2.588366
v  74.828316 -220.476379 -15.233116
v  74.006783 -214.781219 -2.832181
v  74.828316 -220.476379 -15.233116
v  83.706726 -215.248840 -2.588366
v  83.706726 -215.248840 -2.588366
v  83.706726 -215.248840 -2.588366
v  84.401917 -220.170044 -13.369812
v  74.828316 -220.476379 -15.233116
v  84.401917 -220.170044 -13.369812
v  83.706726 -215.248840 -2.588366
v  86.470078 -217.128326 -1.931497
v  86.470078 -217.128326 -1.931497
v  87.442444 -221.192398 -10.145081
v  84.401917 -220.170044 -13.369812
v  86.138939 -221.223740 6.759045
v  86.470078 -217.128326 -1.931497
v  83.706726 -215.248840 -2.588366
v  -122.519341 -213.724426 1.327570
v  -124.105682 -216.083282 -11.156332
v  -127.323051 -216.583115 -0.556596
v  -124.105682 -216.083282 -11.156332
v  -122.519341 -213.724426 1.327570
v  -120.546303 -216.082306 -10.215424
v  -120.546303 -216.082306 -10.215424
v  -124.105682 -216.083282 -11.156332
v  -124.105682 -216.083282 -11.156332
v  -124.105682 -216.083282 -11.156332
v  -120.546303 -216.082306 -10.215424
v  -113.565590 -222.878448 -13.053096
v  -113.565590 -222.878448 -13.053096
v  -124.105682 -216.083282 -11.156332
v  -124.105682 -216.083282 -11.156332
v  -124.105682 -216.083282 -11.156332
v  -113.565590 -222.878448 -13.053096
v  -117.853271 -227.328430 -13.505434
v  -117.853271 -227.328430 -13.505434
v  -127.323051 -216.583115 -0.556596
v  -124.105682 -216.083282 -11.156332
v  -127.323051 -216.583115 -0.556596
v  -117.853271 -227.328430 -13.505434
v  -120.865959 -228.941650 -1.184152
v  -120.865959 -228.941650 -1.184152
v  -125.850899 -215.320129 10.190567
v  -127.323051 -216.583115 -0.556596
v  -125.850899 -215.320129 10.190567
v  -120.865959 -228.941650 -1.184152
v  -119.420670 -227.648956 11.545450
v  -119.420670 -227.648956 11.545450
v  -125.850899 -215.320129 10.190567
v  -125.850899 -215.320129 10.190567
v  -125.850899 -215.320129 10.190567
v  -119.420670 -227.648956 11.545450
v  -114.134163 -222.448959 13.394808
v  -114.134163 -222.448959 13.394808
v  -125.850899 -215.320129 10.190567
v  -125.850899 -215.320129 10.190567
v  -125.850899 -215.320129 10.190567
v  -114.134163 -222.448959 13.394808
v  -122.041283 -213.252914 11.905617
v  -122.041283 -213.252914 11.905617
v  -127.323051 -216.583115 -0.556596
v  -125.850899 -215.320129 10.190567
v  -127.323051 -216.583115 -0.556596
v  -122.041283 -213.252914 11.905617
v  -122.519341 -213.724426 1.327570
v  -115.035271 -210.727509 9.607517
v  -116.149155 -211.226990 14.771092
v  -114.647026 -208.634064 12.890954
v  -116.149155 -211.226990 14.771092
v  -115.035271 -210.727509 9.607517
v  -116.231018 -213.365021 11.727661
v  -116.231018 -213.365021 11.727661
v  -106.808815 -219.141235 13.158657
v  -116.149155 -211.226990 14.771092
v  -106.808815 -219.141235 13.158657
v  -116.231018 -213.365021 11.727661
v  -115.035271 -210.727509 9.607517
v  -115.035271 -210.727509 9.607517
v  -104.156303 -216.374664 5.827784
v  -106.808815 -219.141235 13.158657
v  -104.156303 -216.374664 5.827784
v  -115.035271 -210.727509 9.607517
v  -114.647026 -208.634064 12.890954
v  -114.647026 -208.634064 12.890954
v  -100.943222 -211.484863 13.036828
v  -104.156303 -216.374664 5.827784
v  -100.943222 -211.484863 13.036828
v  -114.647026 -208.634064 12.890954
v  -116.149155 -211.226990 14.771092
v  -116.149155 -211.226990 14.771092
v  -103.291435 -218.274567 16.695633
v  -100.943222 -211.484863 13.036828
v  -103.291435 -218.274567 16.695633
v  -116.149155 -211.226990 14.771092
v  -106.808815 -219.141235 13.158657
v  106.907036 -218.626404 13.158655
v  114.259430 -221.873596 13.394806
v  104.231918 -215.881775 5.827782
v  114.259430 -221.873596 13.394806
v  117.067596 -230.753342 12.628057
v  119.588730 -227.029724 11.545448
v  119.011986 -233.482681 -1.231205
v  119.588730 -227.029724 11.545448
v  117.067596 -230.753342 12.628057
v  119.588730 -227.029724 11.545448
v  119.011986 -233.482681 -1.231205
v  121.044617 -228.310532 -1.184154
v  114.071762 -229.625427 -14.931126
v  121.044617 -228.310532 -1.184154
v  119.011986 -233.482681 -1.231205
v  121.044617 -228.310532 -1.184154
v  114.071762 -229.625427 -14.931126
v  118.018875 -226.722198 -13.505436
v  114.071762 -229.625427 -14.931126
v  118.018875 -226.722198 -13.505436
v  114.071762 -229.625427 -14.931126
v  118.018875 -226.722198 -13.505436
v  114.071762 -229.625427 -14.931126
v  113.694458 -222.307724 -13.053097
v  114.071762 -229.625427 -14.931126
v  113.694458 -222.307724 -13.053097
v  114.071762 -229.625427 -14.931126
v  113.694458 -222.307724 -13.053097
v  114.071762 -229.625427 -14.931126
v  94.132324 -220.964264 -14.135281
v  96.500015 -230.291595 -13.986500
v  94.132324 -220.964264 -14.135281
v  114.071762 -229.625427 -14.931126
v  94.132324 -220.964264 -14.135281
v  96.500015 -230.291595 -13.986500
v  86.657249 -226.028320 -0.753548
v  98.045761 -235.079987 -1.414734
v  86.657249 -226.028320 -0.753548
v  96.500015 -230.291595 -13.986500
v  86.657249 -226.028320 -0.753548
v  98.045761 -235.079987 -1.414734
v  96.190735 -231.475555 8.839909
v  119.011986 -233.482681 -1.231205
v  96.190735 -231.475555 8.839909
v  98.045761 -235.079987 -1.414734
v  96.190735 -231.475555 8.839909
v  119.011986 -233.482681 -1.231205
v  96.190735 -231.475555 8.839909
v  117.067596 -230.753342 12.628057
v  96.190735 -231.475555 8.839909
v  119.011986 -233.482681 -1.231205
v  96.190735 -231.475555 8.839909
v  117.067596 -230.753342 12.628057
v  106.975708 -226.200836 13.293158
v  114.259430 -221.873596 13.394806
v  106.975708 -226.200836 13.293158
v  117.067596 -230.753342 12.628057
v  106.975708 -226.200836 13.293158
v  114.259430 -221.873596 13.394806
v  100.013611 -219.942596 16.693012
v  106.907036 -218.626404 13.158655
v  100.013611 -219.942596 16.693012
v  114.259430 -221.873596 13.394806
v  100.013611 -219.942596 16.693012
v  106.907036 -218.626404 13.158655
v  100.013611 -219.942596 16.693012
v  103.382645 -217.788818 16.695633
v  100.013611 -219.942596 16.693012
v  106.907036 -218.626404 13.158655
v  100.013611 -219.942596 16.693012
v  103.382645 -217.788818 16.695633
v  100.013611 -219.942596 16.693012
v  100.978584 -211.018677 13.036827
v  100.013611 -219.942596 16.693012
v  103.382645 -217.788818 16.695633
v  100.013611 -219.942596 16.693012
v  100.978584 -211.018677 13.036827
v  100.013611 -219.942596 16.693012
v  97.544083 -211.995697 12.920769
v  100.013611 -219.942596 16.693012
v  100.978584 -211.018677 13.036827
v  100.013611 -219.942596 16.693012
v  97.544083 -211.995697 12.920769
v  100.013611 -219.942596 16.693012
v  91.925369 -214.692596 8.305382
v  100.013611 -219.942596 16.693012
v  97.544083 -211.995697 12.920769
v  100.013611 -219.942596 16.693012
v  91.925369 -214.692596 8.305382
v  93.709641 -222.021362 12.905176
v  86.657249 -226.028320 -0.753548
v  93.709641 -222.021362 12.905176
v  91.925369 -214.692596 8.305382
v  93.709641 -222.021362 12.905176
v  86.657249 -226.028320 -0.753548
v  93.709641 -222.021362 12.905176
v  96.190735 -231.475555 8.839909
v  93.709641 -222.021362 12.905176
v  86.657249 -226.028320 -0.753548
v  93.709641 -222.021362 12.905176
v  96.190735 -231.475555 8.839909
v  93.709641 -222.021362 12.905176
v  106.975708 -226.200836 13.293158
v  93.709641 -222.021362 12.905176
v  96.190735 -231.475555 8.839909
v  93.709641 -222.021362 12.905176
v  106.975708 -226.200836 13.293158
v  100.013611 -219.942596 16.693012
v  96.500015 -230.291595 -13.986500
v  119.011986 -233.482681 -1.231205
v  98.045761 -235.079987 -1.414734
v  119.011986 -233.482681 -1.231205
v  96.500015 -230.291595 -13.986500
v  114.071762 -229.625427 -14.931126
v  91.925369 -214.692596 8.305382
v  92.281181 -215.226181 3.472883
v  86.657249 -226.028320 -0.753548
v  92.281181 -215.226181 3.472883
v  91.925369 -214.692596 8.305382
v  104.231918 -215.881775 5.827782
v  97.544083 -211.995697 12.920769
v  104.231918 -215.881775 5.827782
v  91.925369 -214.692596 8.305382
v  104.231918 -215.881775 5.827782
v  97.544083 -211.995697 12.920769
v  104.231918 -215.881775 5.827782
v  100.978584 -211.018677 13.036827
v  104.231918 -215.881775 5.827782
v  97.544083 -211.995697 12.920769
v  68.674736 -235.676300 -2.950786
v  68.674736 -235.676300 -2.950786
v  72.878838 -235.212891 -2.633106
v  68.721062 -230.478195 -12.628415
v  72.878838 -235.212891 -2.633106
v  68.674736 -235.676300 -2.950786
v  72.878838 -235.212891 -2.633106
v  68.721062 -230.478195 -12.628415
v  73.065285 -230.535767 -11.829635
v  67.413078 -222.983856 -12.054497
v  73.065285 -230.535767 -11.829635
v  68.721062 -230.478195 -12.628415
v  75.968147 -229.853531 -9.621178
v  75.968147 -229.853531 -9.621178
v  73.065285 -230.535767 -11.829635
v  76.296669 -232.979370 -2.749560
v  73.065285 -230.535767 -11.829635
v  75.968147 -229.853531 -9.621178
v  73.065285 -230.535767 -11.829635
v  76.296669 -232.979370 -2.749560
v  72.878838 -235.212891 -2.633106
v  75.433044 -229.793060 3.078532
v  72.878838 -235.212891 -2.633106
v  76.296669 -232.979370 -2.749560
v  70.260689 -222.631714 5.241685
v  70.260689 -222.631714 5.241685
v  66.353027 -218.991943 -3.365604
v  70.224388 -218.316315 -2.920108
v  66.353027 -218.991943 -3.365604
v  70.260689 -222.631714 5.241685
v  66.353027 -218.991943 -3.365604
v  70.224388 -218.316315 -2.920108
v  67.413078 -222.983856 -12.054497
v  71.754265 -222.954468 -11.949478
v  67.413078 -222.983856 -12.054497
v  70.224388 -218.316315 -2.920108
v  67.413078 -222.983856 -12.054497
v  71.754265 -222.954468 -11.949478
v  73.065285 -230.535767 -11.829635
v  74.169167 -223.986343 -9.801914
v  73.065285 -230.535767 -11.829635
v  71.754265 -222.954468 -11.949478
v  73.065285 -230.535767 -11.829635
v  74.169167 -223.986343 -9.801914
v  75.968147 -229.853531 -9.621178
v  76.152313 -223.952682 -9.246120
v  75.968147 -229.853531 -9.621178
v  74.169167 -223.986343 -9.801914
v  75.968147 -229.853531 -9.621178
v  76.152313 -223.952682 -9.246120
v  75.968147 -229.853531 -9.621178
v  77.314003 -229.307709 -9.232996
v  75.968147 -229.853531 -9.621178
v  76.152313 -223.952682 -9.246120
v  75.968147 -229.853531 -9.621178
v  77.314003 -229.307709 -9.232996
v  76.296669 -232.979370 -2.749560
v  77.675232 -232.775574 -2.532336
v  76.296669 -232.979370 -2.749560
v  77.314003 -229.307709 -9.232996
v  76.296669 -232.979370 -2.749560
v  77.675232 -232.775574 -2.532336
v  76.296669 -232.979370 -2.749560
v  76.920753 -229.284149 2.735643
v  76.296669 -232.979370 -2.749560
v  77.675232 -232.775574 -2.532336
v  76.296669 -232.979370 -2.749560
v  76.920753 -229.284149 2.735643
v  75.433044 -229.793060 3.078532
v  75.543831 -223.599167 3.042377
v  75.433044 -229.793060 3.078532
v  76.920753 -229.284149 2.735643
v  75.433044 -229.793060 3.078532
v  75.543831 -223.599167 3.042377
v  74.256073 -223.775696 3.172586
v  75.361382 -220.422150 -2.979846
v  74.256073 -223.775696 3.172586
v  75.543831 -223.599167 3.042377
v  74.256073 -223.775696 3.172586
v  75.361382 -220.422150 -2.979846
v  74.179710 -220.596161 -3.042588
v  76.152313 -223.952682 -9.246120
v  74.179710 -220.596161 -3.042588
v  75.361382 -220.422150 -2.979846
v  74.179710 -220.596161 -3.042588
v  76.152313 -223.952682 -9.246120
v  74.179710 -220.596161 -3.042588
v  74.169167 -223.986343 -9.801914
v  74.179710 -220.596161 -3.042588
v  76.152313 -223.952682 -9.246120
v  74.179710 -220.596161 -3.042588
v  74.169167 -223.986343 -9.801914
v  74.179710 -220.596161 -3.042588
v  71.754265 -222.954468 -11.949478
v  74.179710 -220.596161 -3.042588
v  74.169167 -223.986343 -9.801914
v  74.179710 -220.596161 -3.042588
v  71.754265 -222.954468 -11.949478
v  74.179710 -220.596161 -3.042588
v  70.224388 -218.316315 -2.920108
v  74.179710 -220.596161 -3.042588
v  71.754265 -222.954468 -11.949478
v  74.179710 -220.596161 -3.042588
v  70.224388 -218.316315 -2.920108
v  74.256073 -223.775696 3.172586
v  70.260689 -222.631714 5.241685
v  74.256073 -223.775696 3.172586
v  70.224388 -218.316315 -2.920108
v  74.256073 -223.775696 3.172586
v  70.260689 -222.631714 5.241685
v  75.433044 -229.793060 3.078532
v  71.576561 -230.821960 4.801729
v  75.433044 -229.793060 3.078532
v  70.260689 -222.631714 5.241685
v  75.433044 -229.793060 3.078532
v  71.576561 -230.821960 4.801729
v  72.878838 -235.212891 -2.633106
v  67.471962 -231.100128 4.391157
v  72.878838 -235.212891 -2.633106
v  71.576561 -230.821960 4.801729
v  72.878838 -235.212891 -2.633106
v  67.471962 -231.100128 4.391157
v  68.674736 -235.676300 -2.950786
v  67.181374 -229.629288 1.899941
v  68.674736 -235.676300 -2.950786
v  67.471962 -231.100128 4.391157
v  68.674736 -235.676300 -2.950786
v  67.181374 -229.629288 1.899941
v  68.674736 -235.676300 -2.950786
v  68.045799 -232.800369 -3.312032
v  68.674736 -235.676300 -2.950786
v  67.181374 -229.629288 1.899941
v  68.674736 -235.676300 -2.950786
v  68.045799 -232.800369 -3.312032
v  68.721062 -230.478195 -12.628415
v  68.068550 -229.353363 -9.604267
v  68.721062 -230.478195 -12.628415
v  68.045799 -232.800369 -3.312032
v  68.721062 -230.478195 -12.628415
v  68.068550 -229.353363 -9.604267
v  68.721062 -230.478195 -12.628415
v  67.296806 -224.259064 -9.461328
v  68.721062 -230.478195 -12.628415
v  68.068550 -229.353363 -9.604267
v  68.721062 -230.478195 -12.628415
v  67.296806 -224.259064 -9.461328
v  67.413078 -222.983856 -12.054497
v  67.296806 -224.259064 -9.461328
v  67.413078 -222.983856 -12.054497
v  67.296806 -224.259064 -9.461328
v  67.413078 -222.983856 -12.054497
v  67.296806 -224.259064 -9.461328
v  66.353027 -218.991943 -3.365604
v  66.357857 -221.150803 -3.574427
v  66.353027 -218.991943 -3.365604
v  67.296806 -224.259064 -9.461328
v  66.353027 -218.991943 -3.365604
v  66.357857 -221.150803 -3.574427
v  66.353027 -218.991943 -3.365604
v  66.366913 -224.197845 1.948751
v  66.353027 -218.991943 -3.365604
v  66.357857 -221.150803 -3.574427
v  66.353027 -218.991943 -3.365604
v  66.366913 -224.197845 1.948751
v  66.316971 -223.220383 4.696175
v  67.181374 -229.629288 1.899941
v  66.316971 -223.220383 4.696175
v  66.366913 -224.197845 1.948751
v  66.316971 -223.220383 4.696175
v  67.181374 -229.629288 1.899941
v  66.316971 -223.220383 4.696175
v  67.471962 -231.100128 4.391157
v  66.316971 -223.220383 4.696175
v  67.181374 -229.629288 1.899941
v  66.316971 -223.220383 4.696175
v  67.471962 -231.100128 4.391157
v  66.316971 -223.220383 4.696175
v  71.576561 -230.821960 4.801729
v  66.316971 -223.220383 4.696175
v  67.471962 -231.100128 4.391157
v  66.316971 -223.220383 4.696175
v  71.576561 -230.821960 4.801729
v  66.316971 -223.220383 4.696175
v  70.260689 -222.631714 5.241685
v  66.316971 -223.220383 4.696175
v  71.576561 -230.821960 4.801729
v  66.316971 -223.220383 4.696175
v  70.260689 -222.631714 5.241685
v  66.353027 -218.991943 -3.365604
v  -54.171097 -236.319489 -22.404381
v  -41.987572 -238.547409 -17.762697
v  -54.171097 -236.319489 -22.404381
v  -41.987572 -238.547409 -17.762697
v  -54.171097 -236.319489 -22.404381
v  -53.944031 -229.001404 -19.487759
v  -53.944031 -229.001404 -19.487759
v  -41.760532 -231.229294 -14.846074
v  -41.987572 -238.547409 -17.762697
v  -41.760532 -231.229294 -14.846074
v  -53.944031 -229.001404 -19.487759
v  -53.987049 -224.675827 -16.303167
v  -53.987049 -224.675827 -16.303167
v  -48.608402 -225.580017 -14.683174
v  -41.760532 -231.229294 -14.846074
v  -48.608402 -225.580017 -14.683174
v  -53.987049 -224.675827 -16.303167
v  -51.221523 -223.174713 -11.897211
v  -51.221523 -223.174713 -11.897211
v  -49.289700 -228.084869 -8.345104
v  -48.608402 -225.580017 -14.683174
v  -49.289700 -228.084869 -8.345104
v  -51.221523 -223.174713 -11.897211
v  -51.221523 -223.174713 -11.897211
v  -51.221523 -223.174713 -11.897211
v  -51.505905 -224.220413 -9.251322
v  -49.289700 -228.084869 -8.345104
v  -51.505905 -224.220413 -9.251322
v  -51.221523 -223.174713 -11.897211
v  -51.221523 -223.174713 -11.897211
v  -51.221523 -223.174713 -11.897211
v  -54.215775 -223.160126 -9.722773
v  -51.505905 -224.220413 -9.251322
v  -54.215775 -223.160126 -9.722773
v  -51.221523 -223.174713 -11.897211
v  -51.221523 -223.174713 -11.897211
v  -51.221523 -223.174713 -11.897211
v  -54.026409 -222.464066 -11.484028
v  -54.215775 -223.160126 -9.722773
v  -54.026409 -222.464066 -11.484028
v  -51.221523 -223.174713 -11.897211
v  -53.987049 -224.675827 -16.303167
v  -49.289700 -228.084869 -8.345104
v  -41.760532 -231.229294 -14.846074
v  -48.608402 -225.580017 -14.683174
v  -41.760532 -231.229294 -14.846074
v  -49.289700 -228.084869 -8.345104
v  -47.305496 -231.026550 -7.075672
v  -60.000221 -227.401428 -9.226295
v  -57.133656 -222.797470 -12.383623
v  -60.000221 -227.401428 -9.226295
v  -57.133656 -222.797470 -12.383623
v  -60.000221 -227.401428 -9.226295
v  -57.418083 -223.843140 -9.737734
v  -57.418083 -223.843140 -9.737734
v  -57.133656 -222.797470 -12.383623
v  -57.133656 -222.797470 -12.383623
v  -57.133656 -222.797470 -12.383623
v  -57.418083 -223.843140 -9.737734
v  -54.215775 -223.160126 -9.722773
v  -54.215775 -223.160126 -9.722773
v  -57.133656 -222.797470 -12.383623
v  -57.133656 -222.797470 -12.383623
v  -57.133656 -222.797470 -12.383623
v  -54.215775 -223.160126 -9.722773
v  -54.026409 -222.464066 -11.484028
v  -54.026409 -222.464066 -11.484028
v  -59.318909 -224.896515 -15.564363
v  -57.133656 -222.797470 -12.383623
v  -59.318909 -224.896515 -15.564363
v  -54.026409 -222.464066 -11.484028
v  -53.987049 -224.675827 -16.303167
v  -53.987049 -224.675827 -16.303167
v  -66.903084 -229.624878 -16.914637
v  -59.318909 -224.896515 -15.564363
v  -66.903084 -229.624878 -16.914637
v  -53.987049 -224.675827 -16.303167
v  -53.944031 -229.001404 -19.487759
v  -53.944031 -229.001404 -19.487759
v  -67.130150 -236.942963 -19.831259
v  -66.903084 -229.624878 -16.914637
v  -67.130150 -236.942963 -19.831259
v  -53.944031 -229.001404 -19.487759
v  -54.171097 -236.319489 -22.404381
v  -54.171097 -236.319489 -22.404381
v  -54.819672 -245.964081 -22.001719
v  -67.130150 -236.942963 -19.831259
v  -54.819672 -245.964081 -22.001719
v  -54.171097 -236.319489 -22.404381
v  -41.987572 -238.547409 -17.762697
v  -41.987572 -238.547409 -17.762697
v  -46.265221 -247.528381 -18.742636
v  -54.819672 -245.964081 -22.001719
v  -46.265221 -247.528381 -18.742636
v  -41.987572 -238.547409 -17.762697
v  -41.987572 -238.547409 -17.762697
v  -41.987572 -238.547409 -17.762697
v  -37.716530 -242.321640 -8.625225
v  -46.265221 -247.528381 -18.742636
v  -37.716530 -242.321640 -8.625225
v  -41.987572 -238.547409 -17.762697
v  -41.760532 -231.229294 -14.846074
v  -41.760532 -231.229294 -14.846074
v  -37.489494 -235.003555 -5.708600
v  -37.716530 -242.321640 -8.625225
v  -37.489494 -235.003555 -5.708600
v  -41.760532 -231.229294 -14.846074
v  -44.220665 -232.908508 -5.604169
v  -47.305496 -231.026550 -7.075672
v  -44.220665 -232.908508 -5.604169
v  -41.760532 -231.229294 -14.846074
v  -66.266975 -231.501648 -7.417990
v  -63.066628 -230.020782 -8.372386
v  -66.903084 -229.624878 -16.914637
v  -63.066628 -230.020782 -8.372386
v  -66.903084 -229.624878 -16.914637
v  -63.066628 -230.020782 -8.372386
v  -66.903084 -229.624878 -16.914637
v  -63.066628 -230.020782 -8.372386
v  -59.318909 -224.896515 -15.564363
v  -60.000221 -227.401428 -9.226295
v  -59.318909 -224.896515 -15.564363
v  -63.066628 -230.020782 -8.372386
v  -59.318909 -224.896515 -15.564363
v  -60.000221 -227.401428 -9.226295
v  -57.133656 -222.797470 -12.383623
v  -44.220665 -232.908508 -5.604169
v  -37.489494 -235.003555 -5.708600
v  -44.220665 -232.908508 -5.604169
v  -37.489494 -235.003555 -5.708600
v  -44.220665 -232.908508 -5.604169
v  -43.632858 -238.113220 2.572043
v  -43.632858 -238.113220 2.572043
v  -37.716530 -242.321640 -8.625225
v  -37.489494 -235.003555 -5.708600
v  -37.716530 -242.321640 -8.625225
v  -43.632858 -238.113220 2.572043
v  -43.632858 -238.113220 2.572043
v  -43.632858 -238.113220 2.572043
v  -43.859905 -245.431305 -0.344585
v  -37.716530 -242.321640 -8.625225
v  -43.859905 -245.431305 -0.344585
v  -43.632858 -238.113220 2.572043
v  -56.591938 -238.736664 5.145164
v  -56.591938 -238.736664 5.145164
v  -56.818985 -246.054794 2.228534
v  -43.859905 -245.431305 -0.344585
v  -43.632858 -238.113220 2.572043
v  -44.220665 -232.908508 -5.604169
v  -47.652294 -232.301575 -3.849500
v  -47.652294 -232.301575 -3.849500
v  -50.044952 -230.861755 -1.318925
v  -43.632858 -238.113220 2.572043
v  -56.591938 -238.736664 5.145164
v  -56.591938 -238.736664 5.145164
v  -56.362503 -233.409546 5.795495
v  -43.632858 -238.113220 2.572043
v  -56.362503 -233.409546 5.795495
v  -56.591938 -238.736664 5.145164
v  -56.362503 -233.409546 5.795495
v  -43.632858 -238.113220 2.572043
v  -50.726284 -233.366623 5.019144
v  -50.044952 -230.861755 -1.318925
v  -50.726284 -233.366623 5.019144
v  -43.632858 -238.113220 2.572043
v  -50.726284 -233.366623 5.019144
v  -50.044952 -230.861755 -1.318925
v  -52.949699 -229.528931 4.180608
v  -52.665291 -228.483215 1.534719
v  -52.949699 -229.528931 4.180608
v  -50.044952 -230.861755 -1.318925
v  -52.949699 -229.528931 4.180608
v  -52.665291 -228.483215 1.534719
v  -52.949699 -229.528931 4.180608
v  -55.485523 -227.828522 2.089521
v  -52.949699 -229.528931 4.180608
v  -52.665291 -228.483215 1.534719
v  -52.949699 -229.528931 4.180608
v  -55.485523 -227.828522 2.089521
v  -55.674809 -228.524597 3.850776
v  -58.861847 -229.151672 3.694196
v  -55.674809 -228.524597 3.850776
v  -55.485523 -227.828522 2.089521
v  -55.674809 -228.524597 3.850776
v  -58.861847 -229.151672 3.694196
v  -61.436760 -232.683167 4.137955
v  -60.755459 -230.178268 -2.200115
v  -61.436760 -232.683167 4.137955
v  -58.861847 -229.151672 3.694196
v  -61.436760 -232.683167 4.137955
v  -60.755459 -230.178268 -2.200115
v  -61.436760 -232.683167 4.137955
v  -63.413357 -231.295837 -5.146220
v  -61.436760 -232.683167 4.137955
v  -60.755459 -230.178268 -2.200115
v  -61.436760 -232.683167 4.137955
v  -63.413357 -231.295837 -5.146220
v  -68.775452 -236.508743 0.503478
v  -66.266975 -231.501648 -7.417990
v  -68.775452 -236.508743 0.503478
v  -63.413357 -231.295837 -5.146220
v  -68.775452 -236.508743 0.503478
v  -66.266975 -231.501648 -7.417990
v  -73.046516 -232.734528 -8.633992
v  -66.903084 -229.624878 -16.914637
v  -73.046516 -232.734528 -8.633992
v  -66.266975 -231.501648 -7.417990
v  -73.046516 -232.734528 -8.633992
v  -66.903084 -229.624878 -16.914637
v  -73.273537 -240.052628 -11.550617
v  -67.130150 -236.942963 -19.831259
v  -73.273537 -240.052628 -11.550617
v  -66.903084 -229.624878 -16.914637
v  -73.273537 -240.052628 -11.550617
v  -67.130150 -236.942963 -19.831259
v  -63.918667 -246.401855 -20.195036
v  -54.819672 -245.964081 -22.001719
v  -63.918667 -246.401855 -20.195036
v  -67.130150 -236.942963 -19.831259
v  -63.918667 -246.401855 -20.195036
v  -54.819672 -245.964081 -22.001719
v  -55.872166 -253.344986 -14.933420
v  -46.265221 -247.528381 -18.742636
v  -55.872166 -253.344986 -14.933420
v  -54.819672 -245.964081 -22.001719
v  -55.872166 -253.344986 -14.933420
v  -46.265221 -247.528381 -18.742636
v  -43.266361 -250.178406 -12.326905
v  -37.716530 -242.321640 -8.625225
v  -43.266361 -250.178406 -12.326905
v  -46.265221 -247.528381 -18.742636
v  -43.266361 -250.178406 -12.326905
v  -37.716530 -242.321640 -8.625225
v  -47.579838 -252.361816 -6.512783
v  -43.859905 -245.431305 -0.344585
v  -47.579838 -252.361816 -6.512783
v  -37.716530 -242.321640 -8.625225
v  -47.579838 -252.361816 -6.512783
v  -43.859905 -245.431305 -0.344585
v  -56.678848 -252.799561 -4.706108
v  -56.818985 -246.054794 2.228534
v  -56.678848 -252.799561 -4.706108
v  -43.859905 -245.431305 -0.344585
v  -56.678848 -252.799561 -4.706108
v  -56.818985 -246.054794 2.228534
v  -69.002563 -243.826874 -2.413154
v  -56.591938 -238.736664 5.145164
v  -69.002563 -243.826874 -2.413154
v  -56.818985 -246.054794 2.228534
v  -69.002563 -243.826874 -2.413154
v  -56.591938 -238.736664 5.145164
v  -68.775452 -236.508743 0.503478
v  -56.362503 -233.409546 5.795495
v  -68.775452 -236.508743 0.503478
v  -56.591938 -238.736664 5.145164
v  -68.775452 -236.508743 0.503478
v  -56.362503 -233.409546 5.795495
v  -61.436760 -232.683167 4.137955
v  -56.362503 -233.409546 5.795495
v  -61.436760 -232.683167 4.137955
v  -56.362503 -233.409546 5.795495
v  -61.436760 -232.683167 4.137955
v  -56.362503 -233.409546 5.795495
v  -55.674809 -228.524597 3.850776
v  -56.362503 -233.409546 5.795495
v  -55.674809 -228.524597 3.850776
v  -56.362503 -233.409546 5.795495
v  -55.674809 -228.524597 3.850776
v  -56.362503 -233.409546 5.795495
v  -52.949699 -229.528931 4.180608
v  -50.726284 -233.366623 5.019144
v  -52.949699 -229.528931 4.180608
v  -56.362503 -233.409546 5.795495
v  -43.266361 -250.178406 -12.326905
v  -47.579838 -252.361816 -6.512783
v  -55.872166 -253.344986 -14.933420
v  -56.678848 -252.799561 -4.706108
v  -55.872166 -253.344986 -14.933420
v  -47.579838 -252.361816 -6.512783
v  -55.872166 -253.344986 -14.933420
v  -56.678848 -252.799561 -4.706108
v  -65.233345 -251.235229 -7.965198
v  -69.002563 -243.826874 -2.413154
v  -65.233345 -251.235229 -7.965198
v  -56.678848 -252.799561 -4.706108
v  -65.233345 -251.235229 -7.965198
v  -69.002563 -243.826874 -2.413154
v  -73.273537 -240.052628 -11.550617
v  -68.775452 -236.508743 0.503478
v  -73.273537 -240.052628 -11.550617
v  -69.002563 -243.826874 -2.413154
v  -73.273537 -240.052628 -11.550617
v  -68.775452 -236.508743 0.503478
v  -73.046516 -232.734528 -8.633992
v  -60.755459 -230.178268 -2.200115
v  -58.577499 -228.105911 1.048307
v  -60.755459 -230.178268 -2.200115
v  -58.577499 -228.105911 1.048307
v  -60.755459 -230.178268 -2.200115
v  -58.861847 -229.151672 3.694196
v  -58.861847 -229.151672 3.694196
v  -55.485523 -227.828522 2.089521
v  -58.577499 -228.105911 1.048307
v  -73.273537 -240.052628 -11.550617
v  -68.232155 -248.585251 -14.380922
v  -65.233345 -251.235229 -7.965198
v  -68.232155 -248.585251 -14.380922
v  -65.233345 -251.235229 -7.965198
v  -68.232155 -248.585251 -14.380922
v  -65.233345 -251.235229 -7.965198
v  -68.232155 -248.585251 -14.380922
v  -55.872166 -253.344986 -14.933420
v  -68.232155 -248.585251 -14.380922
v  -55.872166 -253.344986 -14.933420
v  -68.232155 -248.585251 -14.380922
v  -55.872166 -253.344986 -14.933420
v  -68.232155 -248.585251 -14.380922
v  -63.918667 -246.401855 -20.195036
v  -73.273537 -240.052628 -11.550617
v  -63.918667 -246.401855 -20.195036
v  -68.232155 -248.585251 -14.380922
v  29.661867 -48.855240 -9.813995
v  29.661867 -48.855240 -9.813995
v  22.905382 -52.295422 -0.382808
v  23.957394 -49.184872 0.606136
v  22.905382 -52.295422 -0.382808
v  29.661867 -48.855240 -9.813995
v  22.905382 -52.295422 -0.382808
v  23.957394 -49.184872 0.606136
v  13.854470 -52.295422 0.253004
v  22.905382 -52.295422 -0.382808
v  12.771403 -57.105598 -0.371914
v  22.723381 -57.105598 -1.055341
v  12.771403 -57.105598 -0.371914
v  22.905382 -52.295422 -0.382808
v  13.854470 -52.295422 0.253004
v  13.854470 -52.295422 0.253004
v  8.313931 -57.105598 -8.713019
v  12.771403 -57.105598 -0.371914
v  8.313931 -57.105598 -8.713019
v  13.854470 -52.295422 0.253004
v  8.216413 -52.295422 -8.622018
v  8.216413 -52.295422 -8.622018
v  8.313931 -57.105598 -8.713019
v  8.313931 -57.105598 -8.713019
v  8.313931 -57.105598 -8.713019
v  8.216413 -52.295422 -8.622018
v  14.309391 -52.295422 -19.785967
v  14.309391 -52.295422 -19.785967
v  14.819664 -57.105598 -19.182428
v  8.313931 -57.105598 -8.713019
v  14.819664 -57.105598 -19.182428
v  14.309391 -52.295422 -19.785967
v  22.427290 -52.295422 -19.393362
v  13.837256 -44.359127 0.301853
v  7.329895 -48.946342 -8.476305
v  13.837256 -44.359127 0.301853
v  7.329895 -48.946342 -8.476305
v  13.837256 -44.359127 0.301853
v  8.717495 -44.379913 -9.256578
v  8.717495 -44.379913 -9.256578
v  13.313102 -49.406242 -21.424061
v  7.329895 -48.946342 -8.476305
v  13.313102 -49.406242 -21.424061
v  8.717495 -44.379913 -9.256578
v  14.122161 -44.271885 -20.567387
v  14.122161 -44.271885 -20.567387
v  23.356186 -49.406242 -20.988335
v  13.313102 -49.406242 -21.424061
v  23.356186 -49.406242 -20.988335
v  14.122161 -44.271885 -20.567387
v  23.037001 -44.320629 -20.164803
v  23.037001 -44.320629 -20.164803
v  23.356186 -49.406242 -20.988335
v  23.356186 -49.406242 -20.988335
v  23.356186 -49.406242 -20.988335
v  23.037001 -44.320629 -20.164803
v  29.027834 -44.145531 -10.641744
v  29.027834 -44.145531 -10.641744
v  29.661867 -48.855240 -9.813995
v  23.356186 -49.406242 -20.988335
v  29.661867 -48.855240 -9.813995
v  29.027834 -44.145531 -10.641744
v  23.090422 -44.144730 -0.233091
v  23.090422 -44.144730 -0.233091
v  23.957394 -49.184872 0.606136
v  29.661867 -48.855240 -9.813995
v  23.957394 -49.184872 0.606136
v  23.090422 -44.144730 -0.233091
v  13.512973 -49.471275 0.806011
v  13.512973 -49.471275 0.806011
v  13.854470 -52.295422 0.253004
v  23.957394 -49.184872 0.606136
v  13.854470 -52.295422 0.253004
v  13.512973 -49.471275 0.806011
v  7.329895 -48.946342 -8.476305
v  7.329895 -48.946342 -8.476305
v  8.216413 -52.295422 -8.622018
v  13.854470 -52.295422 0.253004
v  8.216413 -52.295422 -8.622018
v  7.329895 -48.946342 -8.476305
v  13.313102 -49.406242 -21.424061
v  13.313102 -49.406242 -21.424061
v  14.309391 -52.295422 -19.785967
v  8.216413 -52.295422 -8.622018
v  14.309391 -52.295422 -19.785967
v  13.313102 -49.406242 -21.424061
v  23.356186 -49.406242 -20.988335
v  23.356186 -49.406242 -20.988335
v  22.427290 -52.295422 -19.393362
v  14.309391 -52.295422 -19.785967
v  22.427290 -52.295422 -19.393362
v  23.356186 -49.406242 -20.988335
v  29.661867 -48.855240 -9.813995
v  29.661867 -48.855240 -9.813995
v  28.028961 -52.295422 -9.562243
v  22.427290 -52.295422 -19.393362
v  28.028961 -52.295422 -9.562243
v  29.661867 -48.855240 -9.813995
v  22.905382 -52.295422 -0.382808
v  22.905382 -52.295422 -0.382808
v  27.686501 -57.105598 -9.499780
v  28.028961 -52.295422 -9.562243
v  27.686501 -57.105598 -9.499780
v  22.905382 -52.295422 -0.382808
v  22.723381 -57.105598 -1.055341
v  22.723381 -57.105598 -1.055341
v  25.195286 -58.407173 -8.690960
v  27.686501 -57.105598 -9.499780
v  25.195286 -58.407173 -8.690960
v  22.723381 -57.105598 -1.055341
v  22.723381 -57.105598 -1.055341
v  22.723381 -57.105598 -1.055341
v  18.842918 -58.448956 -1.931934
v  25.195286 -58.407173 -8.690960
v  18.842918 -58.448956 -1.931934
v  22.723381 -57.105598 -1.055341
v  12.771403 -57.105598 -0.371914
v  12.771403 -57.105598 -0.371914
v  16.228189 -58.407173 -1.755278
v  18.842918 -58.448956 -1.931934
v  16.228189 -58.407173 -1.755278
v  12.771403 -57.105598 -0.371914
v  12.771403 -57.105598 -0.371914
v  12.771403 -57.105598 -0.371914
v  9.809484 -58.407173 -7.730614
v  16.228189 -58.407173 -1.755278
v  9.809484 -58.407173 -7.730614
v  12.771403 -57.105598 -0.371914
v  8.313931 -57.105598 -8.713019
v  8.313931 -57.105598 -8.713019
v  14.868710 -58.407169 -17.000723
v  9.809484 -58.407173 -7.730614
v  14.868710 -58.407169 -17.000723
v  8.313931 -57.105598 -8.713019
v  14.819664 -57.105598 -19.182428
v  14.819664 -57.105598 -19.182428
v  22.660341 -57.105598 -18.796942
v  14.868710 -58.407169 -17.000723
v  22.660341 -57.105598 -18.796942
v  14.819664 -57.105598 -19.182428
v  22.427290 -52.295422 -19.393362
v  22.427290 -52.295422 -19.393362
v  27.686501 -57.105598 -9.499780
v  22.660341 -57.105598 -18.796942
v  27.686501 -57.105598 -9.499780
v  22.427290 -52.295422 -19.393362
v  28.028961 -52.295422 -9.562243
v  13.837256 -44.359127 0.301853
v  13.512973 -49.471275 0.806011
v  23.090422 -44.144730 -0.233091
v  13.512973 -49.471275 0.806011
v  13.837256 -44.359127 0.301853
v  7.329895 -48.946342 -8.476305
v  25.195286 -58.407173 -8.690960
v  27.686501 -57.105598 -9.499780
v  25.195286 -58.407173 -8.690960
v  27.686501 -57.105598 -9.499780
v  25.195286 -58.407173 -8.690960
v  21.381983 -58.407169 -16.729687
v  21.381983 -58.407169 -16.729687
v  22.660341 -57.105598 -18.796942
v  27.686501 -57.105598 -9.499780
v  22.660341 -57.105598 -18.796942
v  21.381983 -58.407169 -16.729687
v  21.381983 -58.407169 -16.729687
v  21.381983 -58.407169 -16.729687
v  14.868710 -58.407169 -17.000723
v  22.660341 -57.105598 -18.796942
v  87.442444 -221.192398 -10.145081
v  86.470078 -217.128326 -1.931497
v  90.854332 -220.686798 -10.371239
v  92.802094 -230.022675 -10.368852
v  97.920700 -226.471436 -1.939702
v  93.497719 -234.763489 -2.222749
v  97.920700 -226.471436 -1.939702
v  92.802094 -230.022675 -10.368852
v  92.802094 -230.022675 -10.368852
v  92.802094 -230.022675 -10.368852
v  90.854332 -220.686798 -10.371239
v  97.920700 -226.471436 -1.939702
v  90.854332 -220.686798 -10.371239
v  92.802094 -230.022675 -10.368852
v  92.802094 -230.022675 -10.368852
v  92.802094 -230.022675 -10.368852
v  87.442444 -221.192398 -10.145081
v  90.854332 -220.686798 -10.371239
v  87.442444 -221.192398 -10.145081
v  92.802094 -230.022675 -10.368852
v  92.802094 -230.022675 -10.368852
v  92.802094 -230.022675 -10.368852
v  89.174805 -229.939850 -10.077972
v  87.442444 -221.192398 -10.145081
v  89.174805 -229.939850 -10.077972
v  92.802094 -230.022675 -10.368852
v  93.497719 -234.763489 -2.222749
v  93.497719 -234.763489 -2.222749
v  90.167534 -234.715576 -2.285811
v  89.174805 -229.939850 -10.077972
v  90.167534 -234.715576 -2.285811
v  93.497719 -234.763489 -2.222749
v  93.497719 -234.763489 -2.222749
v  93.497719 -234.763489 -2.222749
v  87.890770 -230.489609 6.554071
v  90.167534 -234.715576 -2.285811
v  87.890770 -230.489609 6.554071
v  93.497719 -234.763489 -2.222749
v  91.309296 -230.332550 6.755854
v  91.309296 -230.332550 6.755854
v  86.138939 -221.223740 6.759045
v  87.890770 -230.489609 6.554071
v  86.138939 -221.223740 6.759045
v  91.309296 -230.332550 6.755854
v  89.115982 -220.772202 6.894122
v  89.115982 -220.772202 6.894122
v  86.470078 -217.128326 -1.931497
v  86.138939 -221.223740 6.759045
v  86.470078 -217.128326 -1.931497
v  89.115982 -220.772202 6.894122
v  89.818321 -217.225418 -1.858639
v  89.818321 -217.225418 -1.858639
v  90.854332 -220.686798 -10.371239
v  86.470078 -217.128326 -1.931497
v  90.854332 -220.686798 -10.371239
v  89.818321 -217.225418 -1.858639
v  89.818321 -217.225418 -1.858639
v  89.818321 -217.225418 -1.858639
v  97.920700 -226.471436 -1.939702
v  90.854332 -220.686798 -10.371239
v  97.920700 -226.471436 -1.939702
v  89.818321 -217.225418 -1.858639
v  89.115982 -220.772202 6.894122
v  91.309296 -230.332550 6.755854
v  97.920700 -226.471436 -1.939702
v  89.115982 -220.772202 6.894122
v  97.920700 -226.471436 -1.939702
v  91.309296 -230.332550 6.755854
v  93.497719 -234.763489 -2.222749
v  35.747803 0.000022 -13.827340
v  33.904305 -12.820880 -0.552319
v  35.747803 0.000022 -13.827340
v  33.904305 -12.820880 -0.552319
v  35.747803 0.000022 -13.827340
v  33.954262 -0.000001 2.834557
v  33.954262 -0.000001 2.834557
v  41.594257 -0.000030 19.347382
v  33.904305 -12.820880 -0.552319
v  32.055721 0.000024 36.647434
v  32.055721 0.000024 36.647434
v  41.594257 -0.000030 19.347382
v  37.359474 -22.037737 27.181961
v  41.594257 -0.000030 19.347382
v  32.055721 0.000024 36.647434
v  41.594257 -0.000030 19.347382
v  37.359474 -22.037737 27.181961
v  33.904305 -12.820880 -0.552319
v  28.597897 -27.741020 3.559443
v  33.904305 -12.820880 -0.552319
v  37.359474 -22.037737 27.181961
v  33.904305 -12.820880 -0.552319
v  28.597897 -27.741020 3.559443
v  33.720287 -27.761627 -11.672802
v  36.228855 -11.875880 -13.580115
v  33.904305 -12.820880 -0.552319
v  33.720287 -27.761627 -11.672802
v  33.904305 -12.820880 -0.552319
v  36.228855 -11.875880 -13.580115
v  35.747803 0.000022 -13.827340
v  29.398367 -12.046067 -27.298014
v  35.747803 0.000022 -13.827340
v  36.228855 -11.875880 -13.580115
v  35.747803 0.000022 -13.827340
v  29.398367 -12.046067 -27.298014
v  30.184162 -0.000030 -25.692076
v  19.905035 -12.136765 -29.503210
v  30.184162 -0.000030 -25.692076
v  29.398367 -12.046067 -27.298014
v  30.184162 -0.000030 -25.692076
v  19.905035 -12.136765 -29.503210
v  20.400908 -0.000014 -27.798319
v  10.411695 -12.227373 -27.800020
v  20.400908 -0.000014 -27.798319
v  19.905035 -12.136765 -29.503210
v  20.400908 -0.000014 -27.798319
v  10.411695 -12.227373 -27.800020
v  10.617648 0.000066 -25.995983
v  10.411695 -12.227373 -27.800020
v  10.617648 0.000066 -25.995983
v  10.411695 -12.227373 -27.800020
v  10.617648 0.000066 -25.995983
v  10.411695 -12.227373 -27.800020
v  2.812411 0.000001 -12.065728
v  2.387093 -12.717057 -11.845229
v  2.812411 0.000001 -12.065728
v  10.411695 -12.227373 -27.800020
v  2.812411 0.000001 -12.065728
v  2.387093 -12.717057 -11.845229
v  4.660739 -13.365904 0.768103
v  5.674382 -27.981483 -11.173781
v  4.660739 -13.365904 0.768103
v  2.387093 -12.717057 -11.845229
v  4.660739 -13.365904 0.768103
v  5.674382 -27.981483 -11.173781
v  4.660739 -13.365904 0.768103
v  8.392714 -27.791740 3.512244
v  4.660739 -13.365904 0.768103
v  5.674382 -27.981483 -11.173781
v  4.660739 -13.365904 0.768103
v  8.392714 -27.791740 3.512244
v  3.972197 -21.618732 27.181961
v  19.000021 -30.186390 30.543930
v  3.972197 -21.618732 27.181961
v  8.392714 -27.791740 3.512244
v  3.972197 -21.618732 27.181961
v  19.000021 -30.186390 30.543930
v  8.054614 -16.673056 39.698967
v  19.413311 -17.462242 45.372322
v  8.054614 -16.673056 39.698967
v  19.000021 -30.186390 30.543930
v  8.054614 -16.673056 39.698967
v  19.413311 -17.462242 45.372322
v  6.723703 -0.000011 38.083912
v  19.413311 -17.462242 45.372322
v  6.723703 -0.000011 38.083912
v  19.413311 -17.462242 45.372322
v  6.723703 -0.000011 38.083912
v  19.413311 -17.462242 45.372322
v  19.647663 -0.000014 43.881618
v  19.413311 -17.462242 45.372322
v  19.647663 -0.000014 43.881618
v  19.413311 -17.462242 45.372322
v  19.647663 -0.000014 43.881618
v  19.413311 -17.462242 45.372322
v  32.055721 0.000024 36.647434
v  30.489052 -16.872278 38.658653
v  32.055721 0.000024 36.647434
v  19.413311 -17.462242 45.372322
v  32.055721 0.000024 36.647434
v  30.489052 -16.872278 38.658653
v  37.359474 -22.037737 27.181961
v  19.000021 -30.186390 30.543930
v  37.359474 -22.037737 27.181961
v  30.489052 -16.872278 38.658653
v  37.359474 -22.037737 27.181961
v  19.000021 -30.186390 30.543930
v  28.597897 -27.741020 3.559443
v  19.000021 -30.186390 30.543930
v  28.597897 -27.741020 3.559443
v  19.000021 -30.186390 30.543930
v  28.597897 -27.741020 3.559443
v  19.000021 -30.186390 30.543930
v  19.270435 -28.157753 6.083963
v  8.392714 -27.791740 3.512244
v  19.270435 -28.157753 6.083963
v  19.000021 -30.186390 30.543930
v  30.489052 -16.872278 38.658653
v  19.413311 -17.462242 45.372322
v  19.000021 -30.186390 30.543930
v  2.812411 0.000001 -12.065728
v  2.290015 -0.000022 -4.014764
v  2.812411 0.000001 -12.065728
v  2.290015 -0.000022 -4.014764
v  2.812411 0.000001 -12.065728
v  4.660739 -13.365904 0.768103
v  4.660739 -13.365904 0.768103
v  4.899014 -0.000060 4.484875
v  2.290015 -0.000022 -4.014764
v  4.899014 -0.000060 4.484875
v  4.660739 -13.365904 0.768103
v  4.660739 -13.365904 0.768103
v  4.660739 -13.365904 0.768103
v  1.384803 -0.000014 20.890633
v  4.899014 -0.000060 4.484875
v  1.384803 -0.000014 20.890633
v  4.660739 -13.365904 0.768103
v  3.972197 -21.618732 27.181961
v  3.972197 -21.618732 27.181961
v  6.723703 -0.000011 38.083912
v  1.384803 -0.000014 20.890633
v  6.723703 -0.000011 38.083912
v  3.972197 -21.618732 27.181961
v  8.054614 -16.673056 39.698967
v  33.720287 -27.761627 -11.672802
v  36.228855 -11.875880 -13.580115
v  33.720287 -27.761627 -11.672802
v  36.228855 -11.875880 -13.580115
v  33.720287 -27.761627 -11.672802
v  27.190737 -27.634605 -22.526875
v  27.190737 -27.634605 -22.526875
v  29.398367 -12.046067 -27.298014
v  36.228855 -11.875880 -13.580115
v  29.398367 -12.046067 -27.298014
v  27.190737 -27.634605 -22.526875
v  27.190737 -27.634605 -22.526875
v  27.190737 -27.634605 -22.526875
v  19.905035 -12.136765 -29.503210
v  29.398367 -12.046067 -27.298014
v  19.905035 -12.136765 -29.503210
v  27.190737 -27.634605 -22.526875
v  18.792267 -27.740707 -25.112530
v  18.792267 -27.740707 -25.112530
v  10.411695 -12.227373 -27.800020
v  19.905035 -12.136765 -29.503210
v  10.411695 -12.227373 -27.800020
v  18.792267 -27.740707 -25.112530
v  10.583273 -27.846817 -22.891045
v  10.583273 -27.846817 -22.891045
v  2.387093 -12.717057 -11.845229
v  10.411695 -12.227373 -27.800020
v  2.387093 -12.717057 -11.845229
v  10.583273 -27.846817 -22.891045
v  5.674382 -27.981483 -11.173781
v  14.013864 -122.489586 9.599283
v  18.938993 -105.947739 5.261197
v  14.013864 -122.489586 9.599283
v  18.938993 -105.947739 5.261197
v  14.013864 -122.489586 9.599283
v  20.876318 -122.591949 7.421928
v  20.876318 -122.591949 7.421928
v  22.689018 -103.590431 -2.944540
v  18.938993 -105.947739 5.261197
v  13.916028 -145.577515 14.097733
v  22.348431 -148.986023 10.790126
v  20.876318 -122.591949 7.421928
v  24.609110 -122.815575 -0.223043
v  20.876318 -122.591949 7.421928
v  22.348431 -148.986023 10.790126
v  20.876318 -122.591949 7.421928
v  24.609110 -122.815575 -0.223043
v  22.689018 -103.590431 -2.944540
v  24.609110 -122.815575 -0.223043
v  22.689018 -103.590431 -2.944540
v  24.609110 -122.815575 -0.223043
v  22.689018 -103.590431 -2.944540
v  24.609110 -122.815575 -0.223043
v  18.192411 -106.323349 -10.985675
v  20.378025 -122.672577 -11.699078
v  18.192411 -106.323349 -10.985675
v  24.609110 -122.815575 -0.223043
v  12.394803 -94.637421 -16.649677
v  12.394803 -94.637421 -16.649677
v  11.277040 -106.292931 -10.560601
v  18.192411 -106.323349 -10.985675
v  11.277040 -106.292931 -10.560601
v  12.394803 -94.637421 -16.649677
v  11.277040 -106.292931 -10.560601
v  18.192411 -106.323349 -10.985675
v  10.104118 -122.343498 -12.102610
v  20.378025 -122.672577 -11.699078
v  10.104118 -122.343498 -12.102610
v  18.192411 -106.323349 -10.985675
v  10.104118 -122.343498 -12.102610
v  20.378025 -122.672577 -11.699078
v  9.831875 -143.272293 -14.102593
v  20.378025 -122.672577 -11.699078
v  9.831875 -143.272293 -14.102593
v  20.378025 -122.672577 -11.699078
v  9.831875 -143.272293 -14.102593
v  20.378025 -122.672577 -11.699078
v  21.667389 -148.531799 -14.167313
v  24.609110 -122.815575 -0.223043
v  21.667389 -148.531799 -14.167313
v  20.378025 -122.672577 -11.699078
v  21.667389 -148.531799 -14.167313
v  24.609110 -122.815575 -0.223043
v  26.426712 -148.887589 1.701179
v  22.348431 -148.986023 10.790126
v  26.426712 -148.887589 1.701179
v  24.609110 -122.815575 -0.223043
v  20.876318 -122.591949 7.421928
v  14.013864 -122.489586 9.599283
v  13.916028 -145.577515 14.097733
v  7.537980 -122.387215 6.695573
v  13.916028 -145.577515 14.097733
v  14.013864 -122.489586 9.599283
v  13.916028 -145.577515 14.097733
v  7.537980 -122.387215 6.695573
v  4.873138 -142.540405 8.623178
v  3.089453 -122.122673 0.259269
v  4.873138 -142.540405 8.623178
v  7.537980 -122.387215 6.695573
v  4.873138 -142.540405 8.623178
v  3.089453 -122.122673 0.259269
v  4.873138 -142.540405 8.623178
v  0.594842 -142.274719 1.806368
v  4.873138 -142.540405 8.623178
v  3.089453 -122.122673 0.259269
v  4.873138 -142.540405 8.623178
v  0.594842 -142.274719 1.806368
v  4.873138 -142.540405 8.623178
v  0.555905 -154.720337 3.009230
v  4.873138 -142.540405 8.623178
v  0.594842 -142.274719 1.806368
v  4.873138 -142.540405 8.623178
v  0.555905 -154.720337 3.009230
v  4.873138 -142.540405 8.623178
v  10.310896 -158.181641 15.664606
v  4.873138 -142.540405 8.623178
v  0.555905 -154.720337 3.009230
v  4.873138 -142.540405 8.623178
v  10.310896 -158.181641 15.664606
v  13.916028 -145.577515 14.097733
v  20.833193 -163.913498 14.555482
v  13.916028 -145.577515 14.097733
v  10.310896 -158.181641 15.664606
v  13.916028 -145.577515 14.097733
v  20.833193 -163.913498 14.555482
v  22.348431 -148.986023 10.790126
v  23.879009 -169.436249 6.487395
v  22.348431 -148.986023 10.790126
v  20.833193 -163.913498 14.555482
v  22.348431 -148.986023 10.790126
v  23.879009 -169.436249 6.487395
v  26.426712 -148.887589 1.701179
v  23.271536 -169.521774 0.145592
v  26.426712 -148.887589 1.701179
v  23.879009 -169.436249 6.487395
v  26.426712 -148.887589 1.701179
v  23.271536 -169.521774 0.145592
v  21.667389 -148.531799 -14.167313
v  21.313190 -161.793243 -11.484361
v  21.667389 -148.531799 -14.167313
v  23.271536 -169.521774 0.145592
v  21.667389 -148.531799 -14.167313
v  21.313190 -161.793243 -11.484361
v  21.667389 -148.531799 -14.167313
v  10.991093 -157.928329 -14.987181
v  21.667389 -148.531799 -14.167313
v  21.313190 -161.793243 -11.484361
v  21.667389 -148.531799 -14.167313
v  10.991093 -157.928329 -14.987181
v  9.831875 -143.272293 -14.102593
v  0.555905 -154.720337 3.009230
v  9.831875 -143.272293 -14.102593
v  10.991093 -157.928329 -14.987181
v  9.831875 -143.272293 -14.102593
v  0.555905 -154.720337 3.009230
v  9.831875 -143.272293 -14.102593
v  0.594842 -142.274719 1.806368
v  9.831875 -143.272293 -14.102593
v  0.555905 -154.720337 3.009230
v  9.831875 -143.272293 -14.102593
v  0.594842 -142.274719 1.806368
v  10.104118 -122.343498 -12.102610
v  3.089453 -122.122673 0.259269
v  10.104118 -122.343498 -12.102610
v  0.594842 -142.274719 1.806368
v  10.104118 -122.343498 -12.102610
v  3.089453 -122.122673 0.259269
v  11.277040 -106.292931 -10.560601
v  6.609463 -102.758179 -2.672719
v  11.277040 -106.292931 -10.560601
v  3.089453 -122.122673 0.259269
v  11.277040 -106.292931 -10.560601
v  6.609463 -102.758179 -2.672719
v  11.277040 -106.292931 -10.560601
v  6.913208 -92.387161 -4.030027
v  11.277040 -106.292931 -10.560601
v  6.609463 -102.758179 -2.672719
v  11.277040 -106.292931 -10.560601
v  6.913208 -92.387161 -4.030027
v  12.394803 -94.637421 -16.649677
v  7.590323 -80.818794 -7.408844
v  12.394803 -94.637421 -16.649677
v  6.913208 -92.387161 -4.030027
v  12.394803 -94.637421 -16.649677
v  7.590323 -80.818794 -7.408844
v  13.081139 -87.304604 -18.169186
v  14.615438 -73.382507 -18.073063
v  13.081139 -87.304604 -18.169186
v  7.590323 -80.818794 -7.408844
v  13.081139 -87.304604 -18.169186
v  14.615438 -73.382507 -18.073063
v  22.061264 -73.883827 -17.440838
v  21.381983 -58.407169 -16.729687
v  22.061264 -73.883827 -17.440838
v  14.615438 -73.382507 -18.073063
v  22.061264 -73.883827 -17.440838
v  21.381983 -58.407169 -16.729687
v  22.061264 -73.883827 -17.440838
v  25.195286 -58.407173 -8.690960
v  22.061264 -73.883827 -17.440838
v  21.381983 -58.407169 -16.729687
v  22.061264 -73.883827 -17.440838
v  25.195286 -58.407173 -8.690960
v  26.733364 -71.145782 -7.379726
v  18.842918 -58.448956 -1.931934
v  26.733364 -71.145782 -7.379726
v  25.195286 -58.407173 -8.690960
v  26.733364 -71.145782 -7.379726
v  18.842918 -58.448956 -1.931934
v  19.536192 -68.965302 0.042108
v  16.228189 -58.407173 -1.755278
v  19.536192 -68.965302 0.042108
v  18.842918 -58.448956 -1.931934
v  19.536192 -68.965302 0.042108
v  16.228189 -58.407173 -1.755278
v  14.878576 -68.143707 0.215370
v  8.491530 -68.882858 -6.980185
v  14.878576 -68.143707 0.215370
v  16.228189 -58.407173 -1.755278
v  14.878576 -68.143707 0.215370
v  8.491530 -68.882858 -6.980185
v  11.935808 -94.663811 3.944349
v  7.590323 -80.818794 -7.408844
v  11.935808 -94.663811 3.944349
v  8.491530 -68.882858 -6.980185
v  11.935808 -94.663811 3.944349
v  7.590323 -80.818794 -7.408844
v  11.935808 -94.663811 3.944349
v  6.913208 -92.387161 -4.030027
v  11.935808 -94.663811 3.944349
v  7.590323 -80.818794 -7.408844
v  11.935808 -94.663811 3.944349
v  6.913208 -92.387161 -4.030027
v  11.359201 -101.864189 3.659471
v  6.609463 -102.758179 -2.672719
v  11.359201 -101.864189 3.659471
v  6.913208 -92.387161 -4.030027
v  11.359201 -101.864189 3.659471
v  6.609463 -102.758179 -2.672719
v  10.587929 -105.448395 4.515007
v  7.537980 -122.387215 6.695573
v  10.587929 -105.448395 4.515007
v  6.609463 -102.758179 -2.672719
v  10.587929 -105.448395 4.515007
v  7.537980 -122.387215 6.695573
v  10.587929 -105.448395 4.515007
v  14.013864 -122.489586 9.599283
v  10.587929 -105.448395 4.515007
v  7.537980 -122.387215 6.695573
v  10.587929 -105.448395 4.515007
v  14.013864 -122.489586 9.599283
v  14.763462 -105.698067 5.812517
v  18.938993 -105.947739 5.261197
v  14.763462 -105.698067 5.812517
v  14.013864 -122.489586 9.599283
v  14.763462 -105.698067 5.812517
v  18.938993 -105.947739 5.261197
v  18.586607 -101.624847 4.403052
v  22.689018 -103.590431 -2.944540
v  18.586607 -101.624847 4.403052
v  18.938993 -105.947739 5.261197
v  18.586607 -101.624847 4.403052
v  22.689018 -103.590431 -2.944540
v  25.750910 -93.141792 -4.488860
v  18.192411 -106.323349 -10.985675
v  25.750910 -93.141792 -4.488860
v  22.689018 -103.590431 -2.944540
v  25.750910 -93.141792 -4.488860
v  18.192411 -106.323349 -10.985675
v  21.587849 -94.787033 -16.071581
v  12.394803 -94.637421 -16.649677
v  21.587849 -94.787033 -16.071581
v  18.192411 -106.323349 -10.985675
v  21.587849 -94.787033 -16.071581
v  12.394803 -94.637421 -16.649677
v  21.587849 -94.787033 -16.071581
v  13.081139 -87.304604 -18.169186
v  21.587849 -94.787033 -16.071581
v  12.394803 -94.637421 -16.649677
v  21.587849 -94.787033 -16.071581
v  13.081139 -87.304604 -18.169186
v  22.744612 -87.723007 -17.488491
v  22.061264 -73.883827 -17.440838
v  22.744612 -87.723007 -17.488491
v  13.081139 -87.304604 -18.169186
v  22.744612 -87.723007 -17.488491
v  22.061264 -73.883827 -17.440838
v  22.744612 -87.723007 -17.488491
v  26.733364 -71.145782 -7.379726
v  22.744612 -87.723007 -17.488491
v  22.061264 -73.883827 -17.440838
v  22.744612 -87.723007 -17.488491
v  26.733364 -71.145782 -7.379726
v  27.352037 -83.576462 -6.108946
v  18.980431 -94.933342 3.909342
v  27.352037 -83.576462 -6.108946
v  26.733364 -71.145782 -7.379726
v  27.352037 -83.576462 -6.108946
v  18.980431 -94.933342 3.909342
v  25.750910 -93.141792 -4.488860
v  18.980431 -94.933342 3.909342
v  25.750910 -93.141792 -4.488860
v  18.980431 -94.933342 3.909342
v  25.750910 -93.141792 -4.488860
v  18.980431 -94.933342 3.909342
v  18.586607 -101.624847 4.403052
v  15.449415 -101.728729 5.230805
v  18.586607 -101.624847 4.403052
v  18.980431 -94.933342 3.909342
v  18.586607 -101.624847 4.403052
v  15.449415 -101.728729 5.230805
v  14.763462 -105.698067 5.812517
v  11.359201 -101.864189 3.659471
v  14.763462 -105.698067 5.812517
v  15.449415 -101.728729 5.230805
v  14.763462 -105.698067 5.812517
v  11.359201 -101.864189 3.659471
v  10.587929 -105.448395 4.515007
v  7.537980 -122.387215 6.695573
v  6.609463 -102.758179 -2.672719
v  3.089453 -122.122673 0.259269
v  11.359201 -101.864189 3.659471
v  15.449415 -101.728729 5.230805
v  11.935808 -94.663811 3.944349
v  18.980431 -94.933342 3.909342
v  11.935808 -94.663811 3.944349
v  15.449415 -101.728729 5.230805
v  11.935808 -94.663811 3.944349
v  18.980431 -94.933342 3.909342
v  14.878576 -68.143707 0.215370
v  18.980431 -94.933342 3.909342
v  14.878576 -68.143707 0.215370
v  18.980431 -94.933342 3.909342
v  14.878576 -68.143707 0.215370
v  18.980431 -94.933342 3.909342
v  19.536192 -68.965302 0.042108
v  18.980431 -94.933342 3.909342
v  19.536192 -68.965302 0.042108
v  18.980431 -94.933342 3.909342
v  19.536192 -68.965302 0.042108
v  18.980431 -94.933342 3.909342
v  26.733364 -71.145782 -7.379726
v  25.750910 -93.141792 -4.488860
v  22.744612 -87.723007 -17.488491
v  27.352037 -83.576462 -6.108946
v  22.744612 -87.723007 -17.488491
v  25.750910 -93.141792 -4.488860
v  21.587849 -94.787033 -16.071581
v  9.809484 -58.407173 -7.730614
v  8.491530 -68.882858 -6.980185
v  16.228189 -58.407173 -1.755278
v  7.590323 -80.818794 -7.408844
v  8.491530 -68.882858 -6.980185
v  14.615438 -73.382507 -18.073063
v  9.809484 -58.407173 -7.730614
v  14.615438 -73.382507 -18.073063
v  8.491530 -68.882858 -6.980185
v  14.615438 -73.382507 -18.073063
v  9.809484 -58.407173 -7.730614
v  14.615438 -73.382507 -18.073063
v  14.868710 -58.407169 -17.000723
v  14.615438 -73.382507 -18.073063
v  9.809484 -58.407173 -7.730614
v  14.615438 -73.382507 -18.073063
v  14.868710 -58.407169 -17.000723
v  21.381983 -58.407169 -16.729687
v  0.857569 -178.582489 -12.664660
v  14.360319 -178.582489 -11.999166
v  0.857569 -178.582489 -12.664660
v  14.360319 -178.582489 -11.999166
v  0.857569 -178.582489 -12.664660
v  7.986743 -170.221390 -18.167942
v  7.986743 -170.221390 -18.167942
v  14.360319 -178.582489 -11.999166
v  14.360319 -178.582489 -11.999166
v  14.360319 -178.582489 -11.999166
v  7.986743 -170.221390 -18.167942
v  19.490389 -170.018402 -16.904949
v  19.490389 -170.018402 -16.904949
v  15.584751 -178.582489 -11.850764
v  14.360319 -178.582489 -11.999166
v  15.584751 -178.582489 -11.850764
v  19.490389 -170.018402 -16.904949
v  16.156549 -178.582489 -10.179776
v  12.303209 -185.164658 -7.425204
v  15.584751 -178.582489 -11.850764
v  16.156549 -178.582489 -10.179776
v  15.584751 -178.582489 -11.850764
v  12.303209 -185.164658 -7.425204
v  14.360319 -178.582489 -11.999166
v  0.000009 -185.164658 -8.031581
v  14.360319 -178.582489 -11.999166
v  12.303209 -185.164658 -7.425204
v  14.360319 -178.582489 -11.999166
v  0.000009 -185.164658 -8.031581
v  0.857569 -178.582489 -12.664660
v  0.000009 -178.582489 -12.323186
v  0.857569 -178.582489 -12.664660
v  0.000009 -185.164658 -8.031581
v  0.857569 -178.582489 -12.664660
v  0.000009 -178.582489 -12.323186
v  0.857569 -178.582489 -12.664660
v  0.000009 -160.947525 -18.220701
v  0.857569 -178.582489 -12.664660
v  0.000009 -178.582489 -12.323186
v  0.857569 -178.582489 -12.664660
v  0.000009 -160.947525 -18.220701
v  7.986743 -170.221390 -18.167942
v  10.117042 -158.184113 -20.030621
v  7.986743 -170.221390 -18.167942
v  0.000009 -160.947525 -18.220701
v  7.986743 -170.221390 -18.167942
v  10.117042 -158.184113 -20.030621
v  21.261257 -160.365448 -17.544863
v  22.016792 -148.269241 -14.642685
v  21.261257 -160.365448 -17.544863
v  10.117042 -158.184113 -20.030621
v  21.261257 -160.365448 -17.544863
v  22.016792 -148.269241 -14.642685
v  25.321100 -167.335342 -0.680876
v  27.003616 -147.764893 1.642234
v  25.321100 -167.335342 -0.680876
v  22.016792 -148.269241 -14.642685
v  25.321100 -167.335342 -0.680876
v  27.003616 -147.764893 1.642234
v  26.135857 -162.792831 9.701806
v  21.447329 -147.282928 14.345505
v  26.135857 -162.792831 9.701806
v  27.003616 -147.764893 1.642234
v  26.135857 -162.792831 9.701806
v  21.447329 -147.282928 14.345505
v  20.122385 -160.294189 17.922371
v  0.000009 -147.017685 15.693248
v  20.122385 -160.294189 17.922371
v  21.447329 -147.282928 14.345505
v  20.122385 -160.294189 17.922371
v  0.000009 -147.017685 15.693248
v  0.000009 -158.701019 18.342741
v  -20.122366 -160.294189 17.922371
v  0.000009 -158.701019 18.342741
v  0.000009 -147.017685 15.693248
v  0.000009 -158.701019 18.342741
v  -20.122366 -160.294189 17.922371
v  0.000009 -178.582489 18.104458
v  -13.807326 -178.582489 17.644217
v  0.000009 -178.582489 18.104458
v  -20.122366 -160.294189 17.922371
v  0.000009 -178.582489 18.104458
v  -13.807326 -178.582489 17.644217
v  0.000009 -183.866272 17.468676
v  -13.807326 -178.582489 17.644217
v  0.000009 -183.866272 17.468676
v  -13.807326 -178.582489 17.644217
v  0.000009 -183.866272 17.468676
v  -13.807326 -178.582489 17.644217
v  -10.921527 -184.695007 16.600031
v  -14.314899 -178.582489 17.059980
v  -10.921527 -184.695007 16.600031
v  -13.807326 -178.582489 17.644217
v  -10.921527 -184.695007 16.600031
v  -14.314899 -178.582489 17.059980
v  -16.730295 -185.164658 5.984282
v  -20.306717 -178.582504 7.848383
v  -16.730295 -185.164658 5.984282
v  -14.314899 -178.582489 17.059980
v  -16.730295 -185.164658 5.984282
v  -20.306717 -178.582504 7.848383
v  -20.421162 -178.582474 6.867885
v  -26.135836 -162.792831 9.701806
v  -20.421162 -178.582474 6.867885
v  -20.306717 -178.582504 7.848383
v  -20.421162 -178.582474 6.867885
v  -26.135836 -162.792831 9.701806
v  -25.321081 -167.335342 -0.680876
v  -27.003586 -147.764893 1.642233
v  -25.321081 -167.335342 -0.680876
v  -26.135836 -162.792831 9.701806
v  -25.321081 -167.335342 -0.680876
v  -27.003586 -147.764893 1.642233
v  -25.321081 -167.335342 -0.680876
v  -22.016773 -148.269241 -14.642685
v  -25.321081 -167.335342 -0.680876
v  -27.003586 -147.764893 1.642233
v  -25.321081 -167.335342 -0.680876
v  -22.016773 -148.269241 -14.642685
v  -21.261238 -160.365448 -17.544863
v  -10.117023 -158.184113 -20.030621
v  -21.261238 -160.365448 -17.544863
v  -22.016773 -148.269241 -14.642685
v  -21.261238 -160.365448 -17.544863
v  -10.117023 -158.184113 -20.030621
v  -7.986723 -170.221390 -18.167942
v  0.000009 -160.947525 -18.220701
v  -7.986723 -170.221390 -18.167942
v  -10.117023 -158.184113 -20.030621
v  -7.986723 -170.221390 -18.167942
v  0.000009 -160.947525 -18.220701
v  -0.857551 -178.582489 -12.664660
v  0.000009 -178.582489 -12.323186
v  -0.857551 -178.582489 -12.664660
v  0.000009 -160.947525 -18.220701
v  -0.857551 -178.582489 -12.664660
v  0.000009 -178.582489 -12.323186
v  -0.857551 -178.582489 -12.664660
v  0.000009 -185.164658 -8.031581
v  -0.857551 -178.582489 -12.664660
v  0.000009 -178.582489 -12.323186
v  -0.857551 -178.582489 -12.664660
v  0.000009 -185.164658 -8.031581
v  -14.360302 -178.582489 -11.999166
v  -12.303192 -185.164658 -7.425204
v  -14.360302 -178.582489 -11.999166
v  0.000009 -185.164658 -8.031581
v  -14.360302 -178.582489 -11.999166
v  -12.303192 -185.164658 -7.425204
v  -15.584734 -178.582489 -11.850764
v  -16.156530 -178.582489 -10.179776
v  -15.584734 -178.582489 -11.850764
v  -12.303192 -185.164658 -7.425204
v  -15.584734 -178.582489 -11.850764
v  -16.156530 -178.582489 -10.179776
v  -19.490368 -170.018402 -16.904949
v  -25.321081 -167.335342 -0.680876
v  -19.490368 -170.018402 -16.904949
v  -16.156530 -178.582489 -10.179776
v  -19.490368 -170.018402 -16.904949
v  -25.321081 -167.335342 -0.680876
v  -19.490368 -170.018402 -16.904949
v  -21.261238 -160.365448 -17.544863
v  -19.490368 -170.018402 -16.904949
v  -25.321081 -167.335342 -0.680876
v  -19.490368 -170.018402 -16.904949
v  -21.261238 -160.365448 -17.544863
v  -19.490368 -170.018402 -16.904949
v  -7.986723 -170.221390 -18.167942
v  -19.490368 -170.018402 -16.904949
v  -21.261238 -160.365448 -17.544863
v  -19.490368 -170.018402 -16.904949
v  -7.986723 -170.221390 -18.167942
v  -14.360302 -178.582489 -11.999166
v  -0.857551 -178.582489 -12.664660
v  -14.360302 -178.582489 -11.999166
v  -7.986723 -170.221390 -18.167942
v  -25.321081 -167.335342 -0.680876
v  -25.321081 -167.335342 -0.680876
v  -20.421162 -178.582474 6.867885
v  -16.156530 -178.582489 -10.179776
v  -20.421162 -178.582474 6.867885
v  -25.321081 -167.335342 -0.680876
v  -20.421162 -178.582474 6.867885
v  -16.156530 -178.582489 -10.179776
v  -16.730295 -185.164658 5.984282
v  -12.303192 -185.164658 -7.425204
v  -16.730295 -185.164658 5.984282
v  -16.156530 -178.582489 -10.179776
v  -15.584734 -178.582489 -11.850764
v  -19.490368 -170.018402 -16.904949
v  -14.360302 -178.582489 -11.999166
v  0.000009 -178.582489 18.104458
v  20.122385 -160.294189 17.922371
v  0.000009 -158.701019 18.342741
v  -13.807326 -178.582489 17.644217
v  -20.122366 -160.294189 17.922371
v  -14.314899 -178.582489 17.059980
v  -26.135836 -162.792831 9.701806
v  -14.314899 -178.582489 17.059980
v  -20.122366 -160.294189 17.922371
v  -14.314899 -178.582489 17.059980
v  -26.135836 -162.792831 9.701806
v  -20.306717 -178.582504 7.848383
v  16.156549 -178.582489 -10.179776
v  16.730314 -185.164658 5.984282
v  12.303209 -185.164658 -7.425204
v  -27.003586 -147.764893 1.642233
v  -26.135836 -162.792831 9.701806
v  -21.447308 -147.282928 14.345502
v  -20.122366 -160.294189 17.922371
v  -21.447308 -147.282928 14.345502
v  -26.135836 -162.792831 9.701806
v  -21.447308 -147.282928 14.345502
v  -20.122366 -160.294189 17.922371
v  0.000009 -147.017685 15.693248
v  -10.117023 -158.184113 -20.030621
v  0.000011 -148.289047 -13.974676
v  0.000009 -160.947525 -18.220701
v  0.000011 -148.289047 -13.974676
v  -10.117023 -158.184113 -20.030621
v  -10.117023 -158.184113 -20.030621
v  -10.117023 -158.184113 -20.030621
v  -9.852053 -148.125397 -16.381868
v  0.000011 -148.289047 -13.974676
v  -9.852053 -148.125397 -16.381868
v  -10.117023 -158.184113 -20.030621
v  -22.016773 -148.269241 -14.642685
v  0.000011 -148.289047 -13.974676
v  10.117042 -158.184113 -20.030621
v  0.000009 -160.947525 -18.220701
v  10.117042 -158.184113 -20.030621
v  0.000011 -148.289047 -13.974676
v  9.852070 -148.125397 -16.381866
v  9.852070 -148.125397 -16.381866
v  22.016792 -148.269241 -14.642685
v  10.117042 -158.184113 -20.030621
v  7.986743 -170.221390 -18.167942
v  21.261257 -160.365448 -17.544863
v  19.490389 -170.018402 -16.904949
v  25.321100 -167.335342 -0.680876
v  19.490389 -170.018402 -16.904949
v  21.261257 -160.365448 -17.544863
v  19.490389 -170.018402 -16.904949
v  25.321100 -167.335342 -0.680876
v  16.156549 -178.582489 -10.179776
v  20.421181 -178.582474 6.867885
v  16.156549 -178.582489 -10.179776
v  25.321100 -167.335342 -0.680876
v  16.156549 -178.582489 -10.179776
v  20.421181 -178.582474 6.867885
v  16.730314 -185.164658 5.984282
v  20.306736 -178.582504 7.848383
v  16.730314 -185.164658 5.984282
v  20.421181 -178.582474 6.867885
v  16.730314 -185.164658 5.984282
v  20.306736 -178.582504 7.848383
v  14.314917 -178.582489 17.059980
v  26.135857 -162.792831 9.701806
v  14.314917 -178.582489 17.059980
v  20.306736 -178.582504 7.848383
v  14.314917 -178.582489 17.059980
v  26.135857 -162.792831 9.701806
v  14.314917 -178.582489 17.059980
v  20.122385 -160.294189 17.922371
v  14.314917 -178.582489 17.059980
v  26.135857 -162.792831 9.701806
v  14.314917 -178.582489 17.059980
v  20.122385 -160.294189 17.922371
v  13.807343 -178.582489 17.644217
v  0.000009 -178.582489 18.104458
v  13.807343 -178.582489 17.644217
v  20.122385 -160.294189 17.922371
v  13.807343 -178.582489 17.644217
v  0.000009 -178.582489 18.104458
v  13.807343 -178.582489 17.644217
v  0.000009 -183.866272 17.468676
v  13.807343 -178.582489 17.644217
v  0.000009 -178.582489 18.104458
v  13.807343 -178.582489 17.644217
v  0.000009 -183.866272 17.468676
v  13.807343 -178.582489 17.644217
v  10.921544 -184.695007 16.600031
v  13.807343 -178.582489 17.644217
v  0.000009 -183.866272 17.468676
v  13.807343 -178.582489 17.644217
v  10.921544 -184.695007 16.600031
v  14.314917 -178.582489 17.059980
v  16.730314 -185.164658 5.984282
v  14.314917 -178.582489 17.059980
v  10.921544 -184.695007 16.600031
v  20.306736 -178.582504 7.848383
v  20.421181 -178.582474 6.867885
v  26.135857 -162.792831 9.701806
v  25.321100 -167.335342 -0.680876
v  26.135857 -162.792831 9.701806
v  20.421181 -178.582474 6.867885
v  77.520699 -239.495285 -2.879586
v  75.714317 -233.281815 9.017390
v  77.675232 -232.775574 -2.532336
v  75.714317 -233.281815 9.017390
v  77.675232 -232.775574 -2.532336
v  75.714317 -233.281815 9.017390
v  77.675232 -232.775574 -2.532336
v  75.714317 -233.281815 9.017390
v  76.920753 -229.284149 2.735643
v  73.721207 -221.692963 9.129375
v  76.920753 -229.284149 2.735643
v  75.714317 -233.281815 9.017390
v  76.920753 -229.284149 2.735643
v  73.721207 -221.692963 9.129375
v  75.543831 -223.599167 3.042377
v  74.006783 -214.781219 -2.832181
v  75.543831 -223.599167 3.042377
v  73.721207 -221.692963 9.129375
v  75.543831 -223.599167 3.042377
v  74.006783 -214.781219 -2.832181
v  75.361382 -220.422150 -2.979846
v  74.828316 -220.476379 -15.233116
v  75.361382 -220.422150 -2.979846
v  74.006783 -214.781219 -2.832181
v  75.361382 -220.422150 -2.979846
v  74.828316 -220.476379 -15.233116
v  76.152313 -223.952682 -9.246120
v  76.957039 -232.769592 -14.997710
v  76.152313 -223.952682 -9.246120
v  74.828316 -220.476379 -15.233116
v  76.152313 -223.952682 -9.246120
v  76.957039 -232.769592 -14.997710
v  77.314003 -229.307709 -9.232996
v  77.520699 -239.495285 -2.879586
v  77.314003 -229.307709 -9.232996
v  76.957039 -232.769592 -14.997710
v  77.314003 -229.307709 -9.232996
v  77.520699 -239.495285 -2.879586
v  77.675232 -232.775574 -2.532336
v  -13.067226 -231.988037 6.050981
v  -21.824244 -228.302231 4.415393
v  -13.067226 -231.988037 6.050981
v  -21.824244 -228.302231 4.415393
v  -13.067226 -231.988037 6.050981
v  -21.920088 -220.085556 7.739331
v  -21.920088 -220.085556 7.739331
v  -21.824244 -228.302231 4.415393
v  -21.824244 -228.302231 4.415393
v  -21.824244 -228.302231 4.415393
v  -21.920088 -220.085556 7.739331
v  -24.756397 -229.934326 4.877936
v  -24.756397 -229.934326 4.877936
v  -18.903627 -229.728668 3.901407
v  -21.824244 -228.302231 4.415393
v  -18.903627 -229.728668 3.901407
v  -24.756397 -229.934326 4.877936
v  -19.868071 -233.701874 -2.317291
v  18.894985 -204.159653 16.675386
v  21.170233 -206.933105 9.460233
v  19.283560 -201.881912 11.631810
v  21.170233 -206.933105 9.460233
v  18.894985 -204.159653 16.675386
v  21.390102 -210.369644 15.647241
v  21.390102 -210.369644 15.647241
v  20.807045 -213.113419 7.411515
v  21.170233 -206.933105 9.460233
v  20.807045 -213.113419 7.411515
v  21.390102 -210.369644 15.647241
v  19.584455 -217.448242 13.843366
v  19.584455 -217.448242 13.843366
v  21.943577 -220.085556 7.739330
v  20.807045 -213.113419 7.411515
v  21.943577 -220.085556 7.739330
v  19.584455 -217.448242 13.843366
v  15.266383 -224.568680 12.836765
v  15.266383 -224.568680 12.836765
v  13.094626 -231.988037 6.050981
v  21.943577 -220.085556 7.739330
v  13.094626 -231.988037 6.050981
v  15.266383 -224.568680 12.836765
v  7.740517 -225.627243 14.434456
v  7.740517 -225.627243 14.434456
v  6.577162 -231.060364 9.840786
v  13.094626 -231.988037 6.050981
v  6.577162 -231.060364 9.840786
v  7.740517 -225.627243 14.434456
v  0.000009 -229.739685 11.547172
v  0.000009 -229.739685 11.547172
v  0.000009 -234.120941 8.821383
v  6.577162 -231.060364 9.840786
v  0.000009 -234.120941 8.821383
v  0.000009 -229.739685 11.547172
v  -6.577139 -231.060364 9.840784
v  -6.577139 -231.060364 9.840784
v  -5.986380 -235.313873 6.274423
v  0.000009 -234.120941 8.821383
v  -5.986380 -235.313873 6.274423
v  -6.577139 -231.060364 9.840784
v  -13.067226 -231.988037 6.050981
v  -13.067226 -231.988037 6.050981
v  -7.348910 -237.938492 -0.236946
v  -5.986380 -235.313873 6.274423
v  -7.348910 -237.938492 -0.236946
v  -13.067226 -231.988037 6.050981
v  -13.067226 -231.988037 6.050981
v  -13.067226 -231.988037 6.050981
v  -13.433033 -234.436508 -1.957816
v  -7.348910 -237.938492 -0.236946
v  -13.433033 -234.436508 -1.957816
v  -13.067226 -231.988037 6.050981
v  -21.824244 -228.302231 4.415393
v  -21.824244 -228.302231 4.415393
v  -20.481836 -232.239731 -1.920806
v  -13.433033 -234.436508 -1.957816
v  -20.481836 -232.239731 -1.920806
v  -21.824244 -228.302231 4.415393
v  -18.903627 -229.728668 3.901407
v  -18.903627 -229.728668 3.901407
v  -15.728483 -231.142105 -2.233258
v  -20.481836 -232.239731 -1.920806
v  -15.728483 -231.142105 -2.233258
v  -18.903627 -229.728668 3.901407
v  -19.868071 -233.701874 -2.317291
v  -19.868071 -233.701874 -2.317291
v  -22.835123 -231.294830 -10.246809
v  -15.728483 -231.142105 -2.233258
v  -22.835123 -231.294830 -10.246809
v  -19.868071 -233.701874 -2.317291
v  -34.257507 -231.409897 -9.607616
v  -34.257507 -231.409897 -9.607616
v  -29.140993 -224.893768 -11.897933
v  -22.835123 -231.294830 -10.246809
v  -29.140993 -224.893768 -11.897933
v  -34.257507 -231.409897 -9.607616
v  -36.721539 -230.906998 -9.626471
v  -36.721539 -230.906998 -9.626471
v  -29.140993 -224.893768 -11.897933
v  -29.140993 -224.893768 -11.897933
v  -29.140993 -224.893768 -11.897933
v  -36.721539 -230.906998 -9.626471
v  -36.848049 -224.269806 -9.856340
v  -36.848049 -224.269806 -9.856340
v  -33.161640 -221.157547 -1.197133
v  -29.140993 -224.893768 -11.897933
v  -33.161640 -221.157547 -1.197133
v  -36.848049 -224.269806 -9.856340
v  -37.509014 -221.182953 -2.023987
v  -37.509014 -221.182953 -2.023987
v  -33.161640 -221.157547 -1.197133
v  -33.161640 -221.157547 -1.197133
v  -33.161640 -221.157547 -1.197133
v  -37.509014 -221.182953 -2.023987
v  -37.202515 -223.622238 4.160089
v  -37.202515 -223.622238 4.160089
v  -29.035433 -223.333054 6.310257
v  -33.161640 -221.157547 -1.197133
v  -29.035433 -223.333054 6.310257
v  -37.202515 -223.622238 4.160089
v  -37.215824 -230.177475 2.838094
v  -37.215824 -230.177475 2.838094
v  -34.258286 -230.671249 3.430198
v  -29.035433 -223.333054 6.310257
v  -34.258286 -230.671249 3.430198
v  -37.215824 -230.177475 2.838094
v  -36.720695 -233.505692 -3.164503
v  -36.720695 -233.505692 -3.164503
v  -31.054073 -233.772141 -2.946540
v  -34.258286 -230.671249 3.430198
v  -31.054073 -233.772141 -2.946540
v  -36.720695 -233.505692 -3.164503
v  -34.257507 -231.409897 -9.607616
v  -34.257507 -231.409897 -9.607616
v  -31.054073 -233.772141 -2.946540
v  -31.054073 -233.772141 -2.946540
v  -31.054073 -233.772141 -2.946540
v  -34.257507 -231.409897 -9.607616
v  -19.868071 -233.701874 -2.317291
v  -19.868071 -233.701874 -2.317291
v  -34.258286 -230.671249 3.430198
v  -31.054073 -233.772141 -2.946540
v  -34.258286 -230.671249 3.430198
v  -19.868071 -233.701874 -2.317291
v  -24.756397 -229.934326 4.877936
v  -24.756397 -229.934326 4.877936
v  -29.035433 -223.333054 6.310257
v  -34.258286 -230.671249 3.430198
v  -29.035433 -223.333054 6.310257
v  -24.756397 -229.934326 4.877936
v  -21.920088 -220.085556 7.739331
v  -21.920088 -220.085556 7.739331
v  -20.782616 -213.154068 7.411515
v  -29.035433 -223.333054 6.310257
v  -20.782616 -213.154068 7.411515
v  -21.920088 -220.085556 7.739331
v  -19.483753 -217.448242 13.843366
v  -19.483753 -217.448242 13.843366
v  -21.334093 -210.369644 15.647241
v  -20.782616 -213.154068 7.411515
v  -21.334093 -210.369644 15.647241
v  -19.483753 -217.448242 13.843366
v  -18.182659 -212.703857 22.099449
v  -18.182659 -212.703857 22.099449
v  -17.591940 -205.736816 22.088575
v  -21.334093 -210.369644 15.647241
v  -17.591940 -205.736816 22.088575
v  -18.182659 -212.703857 22.099449
v  -10.631126 -211.953186 25.723396
v  -10.631126 -211.953186 25.723396
v  -9.654317 -205.900467 24.555035
v  -17.591940 -205.736816 22.088575
v  -9.654317 -205.900467 24.555035
v  -10.631126 -211.953186 25.723396
v  0.000008 -212.703857 25.506083
v  0.000008 -212.703857 25.506083
v  0.000008 -205.361572 24.081747
v  -9.654317 -205.900467 24.555035
v  0.000008 -205.361572 24.081747
v  0.000008 -212.703857 25.506083
v  9.589105 -205.900467 24.555035
v  9.589105 -205.900467 24.555035
v  5.481058 -200.886063 20.815071
v  0.000008 -205.361572 24.081747
v  5.481058 -200.886063 20.815071
v  9.589105 -205.900467 24.555035
v  12.160789 -199.228882 16.833988
v  12.160789 -199.228882 16.833988
v  0.000008 -200.497650 18.872301
v  5.481058 -200.886063 20.815071
v  0.000008 -200.497650 18.872301
v  12.160789 -199.228882 16.833988
v  10.423220 -188.284531 16.432514
v  10.423220 -188.284531 16.432514
v  0.000009 -188.284531 17.032454
v  0.000008 -200.497650 18.872301
v  0.000009 -188.284531 17.032454
v  10.423220 -188.284531 16.432514
v  0.000009 -183.866272 17.468676
v  0.000009 -183.866272 17.468676
v  -10.423203 -188.284531 16.432514
v  0.000009 -188.284531 17.032454
v  -10.423203 -188.284531 16.432514
v  0.000009 -183.866272 17.468676
v  -10.921527 -184.695007 16.600031
v  -10.921527 -184.695007 16.600031
v  -10.423203 -188.284531 16.432514
v  -10.423203 -188.284531 16.432514
v  -10.423203 -188.284531 16.432514
v  -10.921527 -184.695007 16.600031
v  -16.730295 -185.164658 5.984282
v  -16.730295 -185.164658 5.984282
v  -16.492104 -188.284531 5.561912
v  -10.423203 -188.284531 16.432514
v  -16.492104 -188.284531 5.561912
v  -16.730295 -185.164658 5.984282
v  -12.303192 -185.164658 -7.425204
v  -12.303192 -185.164658 -7.425204
v  -11.772719 -188.284531 -6.657942
v  -16.492104 -188.284531 5.561912
v  -11.772719 -188.284531 -6.657942
v  -12.303192 -185.164658 -7.425204
v  0.000009 -185.164658 -8.031581
v  0.000009 -185.164658 -8.031581
v  -11.772719 -188.284531 -6.657942
v  -11.772719 -188.284531 -6.657942
v  -11.772719 -188.284531 -6.657942
v  0.000009 -185.164658 -8.031581
v  0.000009 -188.284531 -6.721982
v  0.000009 -188.284531 -6.721982
v  -12.160773 -202.805756 -11.463728
v  -11.772719 -188.284531 -6.657942
v  -12.160773 -202.805756 -11.463728
v  0.000009 -188.284531 -6.721982
v  0.000009 -202.805756 -10.795936
v  0.000009 -202.805756 -10.795936
v  -12.195662 -213.907837 -17.173803
v  -12.160773 -202.805756 -11.463728
v  -12.195662 -213.907837 -17.173803
v  0.000009 -202.805756 -10.795936
v  0.000009 -219.309692 -16.759602
v  0.000009 -219.309692 -16.759602
v  -12.195662 -213.907837 -17.173803
v  -12.195662 -213.907837 -17.173803
v  -12.195662 -213.907837 -17.173803
v  0.000009 -219.309692 -16.759602
v  0.000009 -231.605698 -14.563394
v  0.000009 -231.605698 -14.563394
v  -12.169372 -231.203094 -13.424278
v  -12.195662 -213.907837 -17.173803
v  -12.169372 -231.203094 -13.424278
v  0.000009 -231.605698 -14.563394
v  0.000009 -239.015518 -9.723248
v  0.000009 -239.015518 -9.723248
v  -7.348910 -237.938492 -0.236946
v  -12.169372 -231.203094 -13.424278
v  5.481058 -200.886063 20.815071
v  0.000008 -200.497650 18.872301
v  0.000008 -205.361572 24.081747
v  -36.720695 -233.505692 -3.164503
v  -36.721539 -230.906998 -9.626471
v  -34.257507 -231.409897 -9.607616
v  0.000009 -188.284531 17.032454
v  -10.423203 -188.284531 16.432514
v  0.000008 -200.497650 18.872301
v  -33.161640 -221.157547 -1.197133
v  -20.782616 -213.154068 7.411515
v  -20.879505 -210.252182 -1.188742
v  -20.782616 -213.154068 7.411515
v  -33.161640 -221.157547 -1.197133
v  -29.035433 -223.333054 6.310257
v  21.824259 -228.302231 4.415392
v  21.943577 -220.085556 7.739330
v  13.094626 -231.988037 6.050981
v  12.160789 -199.228882 16.833988
v  9.589105 -205.900467 24.555035
v  17.550016 -205.736816 22.088575
v  0.000008 -212.703857 25.506083
v  9.589105 -205.900467 24.555035
v  0.000008 -212.703857 25.506083
v  9.589105 -205.900467 24.555035
v  0.000008 -212.703857 25.506083
v  10.561062 -211.953186 25.723396
v  10.561062 -211.953186 25.723396
v  17.550016 -205.736816 22.088575
v  9.589105 -205.900467 24.555035
v  17.550016 -205.736816 22.088575
v  10.561062 -211.953186 25.723396
v  18.847414 -212.703857 22.099449
v  -10.631126 -211.953186 25.723396
v  0.000008 -212.703857 25.506083
v  -10.631126 -211.953186 25.723396
v  0.000008 -212.703857 25.506083
v  -10.631126 -211.953186 25.723396
v  0.000008 -217.464172 23.176422
v  0.000008 -217.464172 23.176422
v  10.561062 -211.953186 25.723396
v  0.000008 -212.703857 25.506083
v  33.097275 -221.301682 -1.188742
v  20.807045 -213.113419 7.411515
v  29.170942 -223.460114 6.310257
v  21.943577 -220.085556 7.739330
v  29.170942 -223.460114 6.310257
v  20.807045 -213.113419 7.411515
v  29.170942 -223.460114 6.310257
v  21.943577 -220.085556 7.739330
v  24.946539 -230.096481 4.877935
v  21.824259 -228.302231 4.415392
v  24.946539 -230.096481 4.877935
v  21.943577 -220.085556 7.739330
v  24.946539 -230.096481 4.877935
v  21.824259 -228.302231 4.415392
v  19.092276 -229.939133 3.901407
v  21.824259 -228.302231 4.415392
v  19.092276 -229.939133 3.901407
v  21.824259 -228.302231 4.415392
v  19.092276 -229.939133 3.901407
v  21.824259 -228.302231 4.415392
v  20.481852 -232.239731 -1.920806
v  21.824259 -228.302231 4.415392
v  20.481852 -232.239731 -1.920806
v  21.824259 -228.302231 4.415392
v  20.481852 -232.239731 -1.920806
v  21.824259 -228.302231 4.415392
v  13.483142 -234.436508 -1.957816
v  13.094626 -231.988037 6.050981
v  13.483142 -234.436508 -1.957816
v  21.824259 -228.302231 4.415392
v  13.483142 -234.436508 -1.957816
v  13.094626 -231.988037 6.050981
v  7.348930 -237.938492 -0.236946
v  13.094626 -231.988037 6.050981
v  7.348930 -237.938492 -0.236946
v  13.094626 -231.988037 6.050981
v  7.348930 -237.938492 -0.236946
v  13.094626 -231.988037 6.050981
v  5.986398 -235.313873 6.274423
v  6.577162 -231.060364 9.840786
v  5.986398 -235.313873 6.274423
v  13.094626 -231.988037 6.050981
v  5.986398 -235.313873 6.274423
v  6.577162 -231.060364 9.840786
v  0.000009 -234.120941 8.821383
v  -19.529745 -201.881912 11.631810
v  -12.160772 -199.228882 16.833988
v  -19.275780 -201.419220 2.115709
v  -12.160772 -199.228882 16.833988
v  -19.529745 -201.881912 11.631810
v  -18.923546 -204.159653 16.675386
v  -18.923546 -204.159653 16.675386
v  -17.591940 -205.736816 22.088575
v  -12.160772 -199.228882 16.833988
v  -17.591940 -205.736816 22.088575
v  -18.923546 -204.159653 16.675386
v  -18.923546 -204.159653 16.675386
v  -18.923546 -204.159653 16.675386
v  -21.334093 -210.369644 15.647241
v  -17.591940 -205.736816 22.088575
v  -21.334093 -210.369644 15.647241
v  -18.923546 -204.159653 16.675386
v  -21.163868 -206.933105 9.460233
v  -21.163868 -206.933105 9.460233
v  -20.782616 -213.154068 7.411515
v  -21.334093 -210.369644 15.647241
v  -20.782616 -213.154068 7.411515
v  -21.163868 -206.933105 9.460233
v  -19.275780 -201.419220 2.115709
v  -19.275780 -201.419220 2.115709
v  -20.879505 -210.252182 -1.188742
v  -20.782616 -213.154068 7.411515
v  -20.879505 -210.252182 -1.188742
v  -19.275780 -201.419220 2.115709
v  -20.844028 -214.142212 -14.229631
v  -20.844028 -214.142212 -14.229631
v  -33.161640 -221.157547 -1.197133
v  -20.879505 -210.252182 -1.188742
v  -33.161640 -221.157547 -1.197133
v  -20.844028 -214.142212 -14.229631
v  -20.844028 -214.142212 -14.229631
v  -20.844028 -214.142212 -14.229631
v  -29.140993 -224.893768 -11.897933
v  -33.161640 -221.157547 -1.197133
v  -29.140993 -224.893768 -11.897933
v  -20.844028 -214.142212 -14.229631
v  -19.311663 -226.452042 -12.077781
v  -19.311663 -226.452042 -12.077781
v  -22.835123 -231.294830 -10.246809
v  -29.140993 -224.893768 -11.897933
v  -22.835123 -231.294830 -10.246809
v  -19.311663 -226.452042 -12.077781
v  -20.481836 -232.239731 -1.920806
v  -20.481836 -232.239731 -1.920806
v  -15.728483 -231.142105 -2.233258
v  -22.835123 -231.294830 -10.246809
v  -18.923546 -204.159653 16.675386
v  -19.529745 -201.881912 11.631810
v  -21.163868 -206.933105 9.460233
v  -19.275780 -201.419220 2.115709
v  -21.163868 -206.933105 9.460233
v  -19.529745 -201.881912 11.631810
v  -7.348910 -237.938492 -0.236946
v  -13.433033 -234.436508 -1.957816
v  -12.169375 -231.203094 -13.424278
v  -19.311663 -226.452042 -12.077781
v  -12.169375 -231.203094 -13.424278
v  -13.433033 -234.436508 -1.957816
v  -12.169375 -231.203094 -13.424278
v  -19.311663 -226.452042 -12.077781
v  -12.195662 -213.907837 -17.173803
v  -20.844028 -214.142212 -14.229631
v  -12.195662 -213.907837 -17.173803
v  -19.311663 -226.452042 -12.077781
v  -12.195662 -213.907837 -17.173803
v  -20.844028 -214.142212 -14.229631
v  -12.160773 -202.805756 -11.463728
v  -19.275780 -201.419220 2.115709
v  -12.160773 -202.805756 -11.463728
v  -20.844028 -214.142212 -14.229631
v  -12.160773 -202.805756 -11.463728
v  -19.275780 -201.419220 2.115709
v  -11.772719 -188.284531 -6.657942
v  -19.275780 -201.419220 2.115709
v  -11.772719 -188.284531 -6.657942
v  -19.275780 -201.419220 2.115709
v  -11.772719 -188.284531 -6.657942
v  -19.275780 -201.419220 2.115709
v  -16.492104 -188.284531 5.561912
v  -12.160772 -199.228882 16.833988
v  -16.492104 -188.284531 5.561912
v  -19.275780 -201.419220 2.115709
v  -16.492104 -188.284531 5.561912
v  -12.160772 -199.228882 16.833988
v  -10.423203 -188.284531 16.432514
v  -12.160772 -199.228882 16.833988
v  -10.423203 -188.284531 16.432514
v  -12.160772 -199.228882 16.833988
v  -10.423203 -188.284531 16.432514
v  -12.160772 -199.228882 16.833988
v  0.000008 -200.497650 18.872301
v  -5.481040 -200.886063 20.815071
v  0.000008 -200.497650 18.872301
v  -12.160772 -199.228882 16.833988
v  0.000008 -200.497650 18.872301
v  -5.481040 -200.886063 20.815071
v  0.000008 -205.361572 24.081747
v  -5.481040 -200.886063 20.815071
v  0.000008 -205.361572 24.081747
v  -5.481040 -200.886063 20.815071
v  0.000008 -205.361572 24.081747
v  -5.481040 -200.886063 20.815071
v  -9.654317 -205.900467 24.555035
v  -12.160772 -199.228882 16.833988
v  -9.654317 -205.900467 24.555035
v  -5.481040 -200.886063 20.815071
v  -9.654317 -205.900467 24.555035
v  -12.160772 -199.228882 16.833988
v  -17.591940 -205.736816 22.088575
v  -19.311663 -226.452042 -12.077781
v  -13.433033 -234.436508 -1.957816
v  -20.481836 -232.239731 -1.920806
v  0.000009 -239.015518 -9.723248
v  0.000009 -239.015518 -9.723248
v  -0.000001 -253.032776 -6.922307
v  7.348930 -237.938492 -0.236946
v  -0.000001 -253.032776 -6.922307
v  0.000009 -239.015518 -9.723248
v  -0.000001 -253.032776 -6.922307
v  7.348930 -237.938492 -0.236946
v  4.111299 -251.623749 0.248557
v  7.348930 -237.938492 -0.236946
v  4.111299 -251.623749 0.248557
v  7.348930 -237.938492 -0.236946
v  4.111299 -251.623749 0.248557
v  7.348930 -237.938492 -0.236946
v  2.101925 -250.603989 3.330917
v  5.986398 -235.313873 6.274423
v  2.101925 -250.603989 3.330917
v  7.348930 -237.938492 -0.236946
v  2.101925 -250.603989 3.330917
v  5.986398 -235.313873 6.274423
v  -0.000001 -249.664200 5.255376
v  0.000009 -234.120941 8.821383
v  -0.000001 -249.664200 5.255376
v  5.986398 -235.313873 6.274423
v  -0.000001 -249.664200 5.255376
v  0.000009 -234.120941 8.821383
v  -0.000001 -249.664200 5.255376
v  -5.986380 -235.313873 6.274423
v  -0.000001 -249.664200 5.255376
v  0.000009 -234.120941 8.821383
v  -0.000001 -249.664200 5.255376
v  -5.986380 -235.313873 6.274423
v  -2.101926 -250.603989 3.330917
v  -7.348910 -237.938492 -0.236946
v  -2.101926 -250.603989 3.330917
v  -5.986380 -235.313873 6.274423
v  -2.101926 -250.603989 3.330917
v  -7.348910 -237.938492 -0.236946
v  -4.111300 -251.623749 0.248557
v  -7.348910 -237.938492 -0.236946
v  -4.111300 -251.623749 0.248557
v  -7.348910 -237.938492 -0.236946
v  -4.111300 -251.623749 0.248557
v  -7.348910 -237.938492 -0.236946
v  -0.000001 -253.032776 -6.922307
v  0.000009 -239.015518 -9.723248
v  -0.000001 -253.032776 -6.922307
v  -7.348910 -237.938492 -0.236946
v  19.584455 -217.448242 13.843366
v  17.539097 -219.093094 20.213717
v  15.266383 -224.568680 12.836765
v  8.978969 -218.041748 23.186596
v  15.266383 -224.568680 12.836765
v  17.539097 -219.093094 20.213717
v  15.266383 -224.568680 12.836765
v  8.978969 -218.041748 23.186596
v  7.740517 -225.627243 14.434456
v  0.000009 -225.248901 14.866101
v  7.740517 -225.627243 14.434456
v  8.978969 -218.041748 23.186596
v  7.740517 -225.627243 14.434456
v  0.000009 -225.248901 14.866101
v  0.000009 -229.739685 11.547172
v  -7.740498 -225.627243 14.434456
v  0.000009 -229.739685 11.547172
v  0.000009 -225.248901 14.866101
v  0.000009 -229.739685 11.547172
v  -7.740498 -225.627243 14.434456
v  -6.577139 -231.060364 9.840784
v  -7.740498 -225.627243 14.434456
v  -6.577139 -231.060364 9.840784
v  -7.740498 -225.627243 14.434456
v  -6.577139 -231.060364 9.840784
v  -7.740498 -225.627243 14.434456
v  -13.067226 -231.988037 6.050981
v  -15.266364 -224.568680 12.836765
v  -13.067226 -231.988037 6.050981
v  -7.740498 -225.627243 14.434456
v  -13.067226 -231.988037 6.050981
v  -15.266364 -224.568680 12.836765
v  -21.920088 -220.085556 7.739331
v  -15.266364 -224.568680 12.836765
v  -21.920088 -220.085556 7.739331
v  -15.266364 -224.568680 12.836765
v  -21.920088 -220.085556 7.739331
v  -15.266364 -224.568680 12.836765
v  -19.483753 -217.448242 13.843366
v  -16.623808 -219.093094 20.213717
v  -19.483753 -217.448242 13.843366
v  -15.266364 -224.568680 12.836765
v  -19.483753 -217.448242 13.843366
v  -16.623808 -219.093094 20.213717
v  -18.182659 -212.703857 22.099449
v  -16.623808 -219.093094 20.213717
v  -18.182659 -212.703857 22.099449
v  -16.623808 -219.093094 20.213717
v  -18.182659 -212.703857 22.099449
v  -16.623808 -219.093094 20.213717
v  -10.631126 -211.953186 25.723396
v  -8.549611 -218.041748 23.186596
v  -10.631126 -211.953186 25.723396
v  -16.623808 -219.093094 20.213717
v  -10.631126 -211.953186 25.723396
v  -8.549611 -218.041748 23.186596
v  0.000008 -217.464172 23.176422
v  0.000009 -225.248901 14.866101
v  0.000008 -217.464172 23.176422
v  -8.549611 -218.041748 23.186596
v  0.000008 -217.464172 23.176422
v  0.000009 -225.248901 14.866101
v  0.000008 -217.464172 23.176422
v  8.978969 -218.041748 23.186596
v  0.000008 -217.464172 23.176422
v  0.000009 -225.248901 14.866101
v  0.000008 -217.464172 23.176422
v  8.978969 -218.041748 23.186596
v  10.561062 -211.953186 25.723396
v  17.539097 -219.093094 20.213717
v  10.561062 -211.953186 25.723396
v  8.978969 -218.041748 23.186596
v  10.561062 -211.953186 25.723396
v  17.539097 -219.093094 20.213717
v  18.847414 -212.703857 22.099449
v  19.584455 -217.448242 13.843366
v  18.847414 -212.703857 22.099449
v  17.539097 -219.093094 20.213717
v  18.847414 -212.703857 22.099449
v  19.584455 -217.448242 13.843366
v  18.847414 -212.703857 22.099449
v  21.390102 -210.369644 15.647241
v  18.847414 -212.703857 22.099449
v  19.584455 -217.448242 13.843366
v  18.847414 -212.703857 22.099449
v  21.390102 -210.369644 15.647241
v  17.550016 -205.736816 22.088575
v  18.894985 -204.159653 16.675386
v  17.550016 -205.736816 22.088575
v  21.390102 -210.369644 15.647241
v  17.550016 -205.736816 22.088575
v  18.894985 -204.159653 16.675386
v  12.160789 -199.228882 16.833988
v  19.283560 -201.881912 11.631810
v  12.160789 -199.228882 16.833988
v  18.894985 -204.159653 16.675386
v  12.160789 -199.228882 16.833988
v  19.283560 -201.881912 11.631810
v  19.275801 -201.419220 2.115709
v  21.170233 -206.933105 9.460233
v  19.275801 -201.419220 2.115709
v  19.283560 -201.881912 11.631810
v  19.275801 -201.419220 2.115709
v  21.170233 -206.933105 9.460233
v  19.275801 -201.419220 2.115709
v  20.807045 -213.113419 7.411515
v  19.275801 -201.419220 2.115709
v  21.170233 -206.933105 9.460233
v  19.275801 -201.419220 2.115709
v  20.807045 -213.113419 7.411515
v  20.879520 -210.063385 -1.197134
v  33.097275 -221.301682 -1.188742
v  20.879520 -210.063385 -1.197134
v  20.807045 -213.113419 7.411515
v  20.879520 -210.063385 -1.197134
v  33.097275 -221.301682 -1.188742
v  20.844044 -214.142212 -14.229632
v  29.289381 -225.019882 -11.897935
v  20.844044 -214.142212 -14.229632
v  33.097275 -221.301682 -1.188742
v  20.844044 -214.142212 -14.229632
v  29.289381 -225.019882 -11.897935
v  20.121056 -226.452042 -12.077782
v  23.036560 -231.472809 -10.246810
v  20.121056 -226.452042 -12.077782
v  29.289381 -225.019882 -11.897935
v  20.121056 -226.452042 -12.077782
v  23.036560 -231.472809 -10.246810
v  20.481852 -232.239731 -1.920806
v  15.928908 -231.378754 -2.233258
v  20.481852 -232.239731 -1.920806
v  23.036560 -231.472809 -10.246810
v  20.481852 -232.239731 -1.920806
v  15.928908 -231.378754 -2.233258
v  19.092276 -229.939133 3.901407
v  20.089487 -233.904251 -2.317291
v  19.092276 -229.939133 3.901407
v  15.928908 -231.378754 -2.233258
v  19.092276 -229.939133 3.901407
v  20.089487 -233.904251 -2.317291
v  24.946539 -230.096481 4.877935
v  34.454193 -230.754959 3.430197
v  24.946539 -230.096481 4.877935
v  20.089487 -233.904251 -2.317291
v  24.946539 -230.096481 4.877935
v  34.454193 -230.754959 3.430197
v  29.170942 -223.460114 6.310257
v  37.407547 -230.236771 2.838093
v  29.170942 -223.460114 6.310257
v  34.454193 -230.754959 3.430197
v  29.170942 -223.460114 6.310257
v  37.407547 -230.236771 2.838093
v  29.170942 -223.460114 6.310257
v  37.340111 -223.681870 4.160088
v  29.170942 -223.460114 6.310257
v  37.407547 -230.236771 2.838093
v  29.170942 -223.460114 6.310257
v  37.340111 -223.681870 4.160088
v  33.097275 -221.301682 -1.188742
v  37.626480 -221.240112 -2.023987
v  33.097275 -221.301682 -1.188742
v  37.340111 -223.681870 4.160088
v  33.097275 -221.301682 -1.188742
v  37.626480 -221.240112 -2.023987
v  33.097275 -221.301682 -1.188742
v  36.990997 -224.332336 -9.856341
v  33.097275 -221.301682 -1.188742
v  37.626480 -221.240112 -2.023987
v  33.097275 -221.301682 -1.188742
v  36.990997 -224.332336 -9.856341
v  29.289381 -225.019882 -11.897935
v  36.919319 -230.970337 -9.626472
v  29.289381 -225.019882 -11.897935
v  36.990997 -224.332336 -9.856341
v  29.289381 -225.019882 -11.897935
v  36.919319 -230.970337 -9.626472
v  34.459511 -231.493561 -9.607617
v  36.939922 -233.568954 -3.164503
v  34.459511 -231.493561 -9.607617
v  36.919319 -230.970337 -9.626472
v  34.459511 -231.493561 -9.607617
v  36.939922 -233.568954 -3.164503
v  31.275677 -233.882172 -2.946540
v  34.454193 -230.754959 3.430197
v  31.275677 -233.882172 -2.946540
v  36.939922 -233.568954 -3.164503
v  31.275677 -233.882172 -2.946540
v  34.454193 -230.754959 3.430197
v  31.275677 -233.882172 -2.946540
v  20.089487 -233.904251 -2.317291
v  31.275677 -233.882172 -2.946540
v  34.454193 -230.754959 3.430197
v  31.275677 -233.882172 -2.946540
v  20.089487 -233.904251 -2.317291
v  34.459511 -231.493561 -9.607617
v  23.036560 -231.472809 -10.246810
v  34.459511 -231.493561 -9.607617
v  20.089487 -233.904251 -2.317291
v  34.459511 -231.493561 -9.607617
v  23.036560 -231.472809 -10.246810
v  29.289381 -225.019882 -11.897935
v  -8.549611 -218.041748 23.186596
v  -7.740498 -225.627243 14.434456
v  0.000009 -225.248901 14.866101
v  -7.740498 -225.627243 14.434456
v  -8.549611 -218.041748 23.186596
v  -8.549611 -218.041748 23.186596
v  -8.549611 -218.041748 23.186596
v  -15.266364 -224.568680 12.836765
v  -7.740498 -225.627243 14.434456
v  -15.266364 -224.568680 12.836765
v  -8.549611 -218.041748 23.186596
v  -16.623808 -219.093094 20.213717
v  23.036560 -231.472809 -10.246810
v  20.089487 -233.904251 -2.317291
v  15.928908 -231.378754 -2.233258
v  34.454193 -230.754959 3.430197
v  36.939922 -233.568954 -3.164503
v  37.407547 -230.236771 2.838093
v  12.195679 -213.907837 -17.173805
v  20.121056 -226.452042 -12.077782
v  12.169396 -231.203094 -13.424273
v  20.121056 -226.452042 -12.077782
v  12.195679 -213.907837 -17.173805
v  12.195679 -213.907837 -17.173805
v  12.195679 -213.907837 -17.173805
v  20.844044 -214.142212 -14.229632
v  20.121056 -226.452042 -12.077782
v  20.844044 -214.142212 -14.229632
v  12.195679 -213.907837 -17.173805
v  12.160791 -202.805756 -11.463728
v  12.160791 -202.805756 -11.463728
v  20.844044 -214.142212 -14.229632
v  20.844044 -214.142212 -14.229632
v  20.844044 -214.142212 -14.229632
v  12.160791 -202.805756 -11.463728
v  19.275801 -201.419220 2.115709
v  19.275801 -201.419220 2.115709
v  20.879520 -210.063385 -1.197134
v  20.844044 -214.142212 -14.229632
v  20.481852 -232.239731 -1.920806
v  20.481852 -232.239731 -1.920806
v  20.121056 -226.452042 -12.077782
v  13.483142 -234.436508 -1.957816
v  20.121056 -226.452042 -12.077782
v  20.481852 -232.239731 -1.920806
v  20.121056 -226.452042 -12.077782
v  13.483142 -234.436508 -1.957816
v  12.169396 -231.203094 -13.424273
v  7.348930 -237.938492 -0.236946
v  12.169396 -231.203094 -13.424273
v  13.483142 -234.436508 -1.957816
v  10.423220 -188.284531 16.432514
v  12.160789 -199.228882 16.833988
v  16.492123 -188.284531 5.561912
v  19.275801 -201.419220 2.115709
v  16.492123 -188.284531 5.561912
v  12.160789 -199.228882 16.833988
v  16.492123 -188.284531 5.561912
v  19.275801 -201.419220 2.115709
v  11.772737 -188.284531 -6.657942
v  12.160791 -202.805756 -11.463728
v  11.772737 -188.284531 -6.657942
v  19.275801 -201.419220 2.115709
v  11.772737 -188.284531 -6.657942
v  12.160791 -202.805756 -11.463728
v  0.000009 -188.284531 -6.721982
v  12.160791 -202.805756 -11.463728
v  0.000009 -188.284531 -6.721982
v  12.160791 -202.805756 -11.463728
v  0.000009 -188.284531 -6.721982
v  12.160791 -202.805756 -11.463728
v  0.000009 -202.805756 -10.795936
v  12.195679 -213.907837 -17.173805
v  0.000009 -202.805756 -10.795936
v  12.160791 -202.805756 -11.463728
v  0.000009 -202.805756 -10.795936
v  12.195679 -213.907837 -17.173805
v  0.000009 -219.309692 -16.759602
v  12.195679 -213.907837 -17.173805
v  0.000009 -219.309692 -16.759602
v  12.195679 -213.907837 -17.173805
v  0.000009 -219.309692 -16.759602
v  12.195679 -213.907837 -17.173805
v  0.000009 -231.605698 -14.563394
v  12.169395 -231.203094 -13.424273
v  0.000009 -231.605698 -14.563394
v  12.195679 -213.907837 -17.173805
v  0.000009 -231.605698 -14.563394
v  12.169395 -231.203094 -13.424273
v  0.000009 -239.015518 -9.723248
v  7.348930 -237.938492 -0.236946
v  0.000009 -239.015518 -9.723248
v  12.169395 -231.203094 -13.424273
v  0.000009 -183.866272 17.468676
v  0.000009 -183.866272 17.468676
v  10.921544 -184.695007 16.600031
v  10.423220 -188.284531 16.432514
v  10.921544 -184.695007 16.600031
v  0.000009 -183.866272 17.468676
v  10.921544 -184.695007 16.600031
v  10.423220 -188.284531 16.432514
v  16.730314 -185.164658 5.984282
v  16.492123 -188.284531 5.561912
v  16.730314 -185.164658 5.984282
v  10.423220 -188.284531 16.432514
v  16.730314 -185.164658 5.984282
v  16.492123 -188.284531 5.561912
v  12.303209 -185.164658 -7.425204
v  11.772737 -188.284531 -6.657942
v  12.303209 -185.164658 -7.425204
v  16.492123 -188.284531 5.561912
v  12.303209 -185.164658 -7.425204
v  11.772737 -188.284531 -6.657942
v  0.000009 -185.164658 -8.031581
v  0.000009 -188.284531 -6.721982
v  0.000009 -185.164658 -8.031581
v  11.772737 -188.284531 -6.657942
v  -86.019890 -221.567169 6.759047
v  -86.384842 -217.474457 -1.931494
v  -89.000694 -221.140137 6.894125
v  -93.266701 -235.167068 -2.222746
v  -97.757996 -226.911804 -1.939699
v  -92.610184 -230.420776 -10.368850
v  -97.757996 -226.911804 -1.939699
v  -93.266701 -235.167068 -2.222746
v  -91.114967 -230.718292 6.755856
v  -91.114967 -230.718292 6.755856
v  -89.000694 -221.140137 6.894125
v  -97.757996 -226.911804 -1.939699
v  -89.000694 -221.140137 6.894125
v  -91.114967 -230.718292 6.755856
v  -91.114967 -230.718292 6.755856
v  -91.114967 -230.718292 6.755856
v  -86.019890 -221.567169 6.759047
v  -89.000694 -221.140137 6.894125
v  -86.019890 -221.567169 6.759047
v  -91.114967 -230.718292 6.755856
v  -91.114967 -230.718292 6.755856
v  -91.114967 -230.718292 6.755856
v  -87.695236 -230.847061 6.554073
v  -86.019890 -221.567169 6.759047
v  -87.695236 -230.847061 6.554073
v  -91.114967 -230.718292 6.755856
v  -93.266701 -235.167068 -2.222746
v  -93.266701 -235.167068 -2.222746
v  -89.937073 -235.091614 -2.285807
v  -87.695236 -230.847061 6.554073
v  -89.937073 -235.091614 -2.285807
v  -93.266701 -235.167068 -2.222746
v  -93.266701 -235.167068 -2.222746
v  -93.266701 -235.167068 -2.222746
v  -88.983688 -230.307892 -10.077971
v  -89.937073 -235.091614 -2.285807
v  -88.983688 -230.307892 -10.077971
v  -93.266701 -235.167068 -2.222746
v  -92.610184 -230.420776 -10.368850
v  -92.610184 -230.420776 -10.368850
v  -87.323700 -221.546417 -10.145079
v  -88.983688 -230.307892 -10.077971
v  -87.323700 -221.546417 -10.145079
v  -92.610184 -230.420776 -10.368850
v  -90.739586 -221.069000 -10.371234
v  -90.739586 -221.069000 -10.371234
v  -86.384842 -217.474457 -1.931494
v  -87.323700 -221.546417 -10.145079
v  -86.384842 -217.474457 -1.931494
v  -90.739586 -221.069000 -10.371234
v  -89.732155 -217.599213 -1.858636
v  -89.732155 -217.599213 -1.858636
v  -89.000694 -221.140137 6.894125
v  -86.384842 -217.474457 -1.931494
v  -89.000694 -221.140137 6.894125
v  -89.732155 -217.599213 -1.858636
v  -89.732155 -217.599213 -1.858636
v  -89.732155 -217.599213 -1.858636
v  -97.757996 -226.911804 -1.939699
v  -89.000694 -221.140137 6.894125
v  -97.757996 -226.911804 -1.939699
v  -89.732155 -217.599213 -1.858636
v  -90.739586 -221.069000 -10.371234
v  -90.739586 -221.069000 -10.371234
v  -92.610184 -230.420776 -10.368850
v  -97.757996 -226.911804 -1.939699
v  -76.743050 -233.036713 -14.997708
v  -85.914726 -232.206696 -13.236303
v  -74.715843 -220.726349 -15.233111
v  -87.323700 -221.546417 -10.145079
v  -85.914726 -232.206696 -13.236303
v  -88.983688 -230.307892 -10.077971
v  -85.914726 -232.206696 -13.236303
v  -87.323700 -221.546417 -10.145079
v  -84.291649 -220.499084 -13.369810
v  -84.291649 -220.499084 -13.369810
v  -74.715843 -220.726349 -15.233111
v  -85.914726 -232.206696 -13.236303
v  -74.715843 -220.726349 -15.233111
v  -84.291649 -220.499084 -13.369810
v  -83.637016 -215.572266 -2.588362
v  -83.637016 -215.572266 -2.588362
v  -73.941383 -215.024628 -2.832177
v  -74.715843 -220.726349 -15.233111
v  -73.941383 -215.024628 -2.832177
v  -83.637016 -215.572266 -2.588362
v  -83.637016 -215.572266 -2.588362
v  -83.637016 -215.572266 -2.588362
v  -83.015755 -220.769684 8.502633
v  -73.941383 -215.024628 -2.832177
v  -83.015755 -220.769684 8.502633
v  -83.637016 -215.572266 -2.588362
v  -86.019890 -221.567169 6.759047
v  -86.019890 -221.567169 6.759047
v  -85.108543 -232.485413 8.358846
v  -83.015755 -220.769684 8.502633
v  -85.108543 -232.485413 8.358846
v  -86.019890 -221.567169 6.759047
v  -87.695236 -230.847061 6.554073
v  -87.695236 -230.847061 6.554073
v  -87.355904 -237.609894 -2.495170
v  -85.108543 -232.485413 8.358846
v  -87.355904 -237.609894 -2.495170
v  -87.695236 -230.847061 6.554073
v  -89.937073 -235.091614 -2.285807
v  -89.937073 -235.091614 -2.285807
v  -85.914726 -232.206696 -13.236303
v  -87.355904 -237.609894 -2.495170
v  -85.914726 -232.206696 -13.236303
v  -89.937073 -235.091614 -2.285807
v  -88.983688 -230.307892 -10.077971
v  -83.637016 -215.572266 -2.588362
v  -86.384842 -217.474457 -1.931494
v  -86.019890 -221.567169 6.759047
v  -86.384842 -217.474457 -1.931494
v  -83.637016 -215.572266 -2.588362
v  -84.291649 -220.499084 -13.369810
v  -84.291649 -220.499084 -13.369810
v  -87.323700 -221.546417 -10.145079
v  -86.384842 -217.474457 -1.931494
v  -85.914726 -232.206696 -13.236303
v  -76.743050 -233.036713 -14.997708
v  -87.355904 -237.609894 -2.495170
v  -77.251183 -239.766785 -2.879584
v  -87.355904 -237.609894 -2.495170
v  -76.743050 -233.036713 -14.997708
v  -87.355904 -237.609894 -2.495170
v  -77.251183 -239.766785 -2.879584
v  -87.355904 -237.609894 -2.495170
v  -75.496140 -233.538651 9.017392
v  -87.355904 -237.609894 -2.495170
v  -77.251183 -239.766785 -2.879584
v  -87.355904 -237.609894 -2.495170
v  -75.496140 -233.538651 9.017392
v  -85.108543 -232.485413 8.358846
v  -73.598717 -221.933716 9.129376
v  -85.108543 -232.485413 8.358846
v  -75.496140 -233.538651 9.017392
v  -85.108543 -232.485413 8.358846
v  -73.598717 -221.933716 9.129376
v  -83.015755 -220.769684 8.502633
v  -73.941383 -215.024628 -2.832177
v  -83.015755 -220.769684 8.502633
v  -73.598717 -221.933716 9.129376
v  -75.496140 -233.538651 9.017392
v  -77.251183 -239.766785 -2.879584
v  -76.803139 -230.029694 3.154778
v  -77.251183 -239.766785 -2.879584
v  -76.803139 -230.029694 3.154778
v  -77.251183 -239.766785 -2.879584
v  -76.803139 -230.029694 3.154778
v  -77.251183 -239.766785 -2.879584
v  -77.560661 -232.257996 -2.987260
v  -77.251183 -239.766785 -2.879584
v  -77.560661 -232.257996 -2.987260
v  -77.251183 -239.766785 -2.879584
v  -77.560661 -232.257996 -2.987260
v  -77.251183 -239.766785 -2.879584
v  -77.266304 -230.061310 -9.206491
v  -76.743050 -233.036713 -14.997708
v  -77.266304 -230.061310 -9.206491
v  -77.251183 -239.766785 -2.879584
v  -77.266304 -230.061310 -9.206491
v  -76.743050 -233.036713 -14.997708
v  -75.949974 -223.741852 -9.221953
v  -74.715843 -220.726349 -15.233111
v  -75.949974 -223.741852 -9.221953
v  -76.743050 -233.036713 -14.997708
v  -75.949974 -223.741852 -9.221953
v  -74.715843 -220.726349 -15.233111
v  -75.949974 -223.741852 -9.221953
v  -73.941383 -215.024628 -2.832177
v  -75.949974 -223.741852 -9.221953
v  -74.715843 -220.726349 -15.233111
v  -75.949974 -223.741852 -9.221953
v  -73.941383 -215.024628 -2.832177
v  -75.469994 -221.110870 -2.958123
v  -73.941383 -215.024628 -2.832177
v  -75.469994 -221.110870 -2.958123
v  -73.941383 -215.024628 -2.832177
v  -75.469994 -221.110870 -2.958123
v  -73.941383 -215.024628 -2.832177
v  -75.804657 -223.999725 3.005463
v  -73.598717 -221.933716 9.129376
v  -75.804657 -223.999725 3.005463
v  -73.941383 -215.024628 -2.832177
v  -75.804657 -223.999725 3.005463
v  -73.598717 -221.933716 9.129376
v  -76.803139 -230.029694 3.154778
v  -75.496140 -233.538651 9.017392
v  -76.803139 -230.029694 3.154778
v  -73.598717 -221.933716 9.129376
v  -53.116661 -221.388214 -5.394703
v  -55.356468 -220.903076 -4.988673
v  -49.344669 -224.471344 1.196237
v  -52.867012 -230.027115 -9.631542
v  -57.023529 -233.249344 -3.833499
v  -53.816826 -229.979980 -10.125217
v  -57.023529 -233.249344 -3.833499
v  -52.867012 -230.027115 -9.631542
v  -54.168922 -232.159882 -3.870881
v  -54.168922 -232.159882 -3.870881
v  -61.773636 -230.740891 2.347368
v  -57.023529 -233.249344 -3.833499
v  -61.773636 -230.740891 2.347368
v  -54.168922 -232.159882 -3.870881
v  -50.004856 -229.775497 1.280060
v  -50.004856 -229.775497 1.280060
v  -49.344669 -224.471344 1.196237
v  -61.773636 -230.740891 2.347368
v  -49.344669 -224.471344 1.196237
v  -50.004856 -229.775497 1.280060
v  -37.202583 -223.622238 4.160086
v  -37.202583 -223.622238 4.160086
v  -49.344669 -224.471344 1.196237
v  -49.344669 -224.471344 1.196237
v  -49.344669 -224.471344 1.196237
v  -37.202583 -223.622238 4.160086
v  -37.509132 -221.182938 -2.023989
v  -37.509132 -221.182938 -2.023989
v  -53.116661 -221.388214 -5.394703
v  -49.344669 -224.471344 1.196237
v  -53.116661 -221.388214 -5.394703
v  -37.509132 -221.182938 -2.023989
v  -36.848164 -224.269791 -9.856339
v  -36.848164 -224.269791 -9.856339
v  -53.116661 -221.388214 -5.394703
v  -53.116661 -221.388214 -5.394703
v  -53.116661 -221.388214 -5.394703
v  -36.848164 -224.269791 -9.856339
v  -52.215099 -224.369217 -9.779867
v  -52.215099 -224.369217 -9.779867
v  -55.356468 -220.903076 -4.988673
v  -53.116661 -221.388214 -5.394703
v  -55.356468 -220.903076 -4.988673
v  -52.215099 -224.369217 -9.779867
v  -53.114792 -224.288788 -10.369403
v  -53.114792 -224.288788 -10.369403
v  -55.358574 -224.088226 -11.449398
v  -55.356468 -220.903076 -4.988673
v  -55.358574 -224.088226 -11.449398
v  -53.114792 -224.288788 -10.369403
v  -55.950012 -230.542953 -11.358928
v  -55.950012 -230.542953 -11.358928
v  -75.949974 -223.741852 -9.221953
v  -55.358574 -224.088226 -11.449398
v  -75.949974 -223.741852 -9.221953
v  -55.950012 -230.542953 -11.358928
v  -55.950012 -230.542953 -11.358928
v  -55.950012 -230.542953 -11.358928
v  -77.266304 -230.061310 -9.206491
v  -75.949974 -223.741852 -9.221953
v  -77.266304 -230.061310 -9.206491
v  -55.950012 -230.542953 -11.358928
v  -55.950012 -230.542953 -11.358928
v  -55.950012 -230.542953 -11.358928
v  -77.560661 -232.257996 -2.987260
v  -77.266304 -230.061310 -9.206491
v  -77.560661 -232.257996 -2.987260
v  -55.950012 -230.542953 -11.358928
v  -61.966415 -233.732468 -3.607117
v  -61.966415 -233.732468 -3.607117
v  -76.803139 -230.029694 3.154778
v  -77.560661 -232.257996 -2.987260
v  -76.803139 -230.029694 3.154778
v  -61.966415 -233.732468 -3.607117
v  -61.773636 -230.740891 2.347368
v  -61.773636 -230.740891 2.347368
v  -75.804657 -223.999725 3.005463
v  -76.803139 -230.029694 3.154778
v  -75.804657 -223.999725 3.005463
v  -61.773636 -230.740891 2.347368
v  -60.804085 -224.378189 2.257517
v  -60.804085 -224.378189 2.257517
v  -75.469994 -221.110870 -2.958123
v  -75.804657 -223.999725 3.005463
v  -75.469994 -221.110870 -2.958123
v  -60.804085 -224.378189 2.257517
v  -61.356339 -220.949081 -4.066334
v  -61.356339 -220.949081 -4.066334
v  -55.358574 -224.088226 -11.449398
v  -75.469994 -221.110870 -2.958123
v  -55.358574 -224.088226 -11.449398
v  -61.356339 -220.949081 -4.066334
v  -61.356339 -220.949081 -4.066334
v  -61.356339 -220.949081 -4.066334
v  -55.356468 -220.903076 -4.988673
v  -55.358574 -224.088226 -11.449398
v  -55.356468 -220.903076 -4.988673
v  -61.356339 -220.949081 -4.066334
v  -60.804085 -224.378189 2.257517
v  -60.804085 -224.378189 2.257517
v  -49.344669 -224.471344 1.196237
v  -55.356468 -220.903076 -4.988673
v  -49.344669 -224.471344 1.196237
v  -60.804085 -224.378189 2.257517
v  -61.773636 -230.740891 2.347368
v  -75.469994 -221.110870 -2.958123
v  -55.358574 -224.088226 -11.449398
v  -75.949974 -223.741852 -9.221953
v  -37.202583 -223.622238 4.160086
v  -37.202583 -223.622238 4.160086
v  -37.215977 -230.177460 2.838093
v  -50.004856 -229.775497 1.280060
v  -37.215977 -230.177460 2.838093
v  -37.202583 -223.622238 4.160086
v  -37.215977 -230.177460 2.838093
v  -50.004856 -229.775497 1.280060
v  -36.720818 -233.505692 -3.164504
v  -54.168922 -232.159882 -3.870881
v  -36.720818 -233.505692 -3.164504
v  -50.004856 -229.775497 1.280060
v  -36.720818 -233.505692 -3.164504
v  -54.168922 -232.159882 -3.870881
v  -36.720818 -233.505692 -3.164504
v  -52.867012 -230.027115 -9.631542
v  -36.720818 -233.505692 -3.164504
v  -54.168922 -232.159882 -3.870881
v  -36.720818 -233.505692 -3.164504
v  -52.867012 -230.027115 -9.631542
v  -36.721657 -230.906982 -9.626475
v  -52.867012 -230.027115 -9.631542
v  -36.721657 -230.906982 -9.626475
v  -52.867012 -230.027115 -9.631542
v  -36.721657 -230.906982 -9.626475
v  -52.867012 -230.027115 -9.631542
v  -36.848164 -224.269775 -9.856338
v  -52.867012 -230.027115 -9.631542
v  -36.848164 -224.269775 -9.856338
v  -52.867012 -230.027115 -9.631542
v  -36.848164 -224.269775 -9.856338
v  -52.867012 -230.027115 -9.631542
v  -52.215099 -224.369217 -9.779867
v  -52.867012 -230.027115 -9.631542
v  -52.215099 -224.369217 -9.779867
v  -52.867012 -230.027115 -9.631542
v  -52.215099 -224.369217 -9.779867
v  -52.867012 -230.027115 -9.631542
v  -53.114792 -224.288788 -10.369403
v  -53.816826 -229.979980 -10.125217
v  -53.114792 -224.288788 -10.369403
v  -52.867012 -230.027115 -9.631542
v  -53.114792 -224.288788 -10.369403
v  -53.816826 -229.979980 -10.125217
v  -55.950012 -230.542953 -11.358928
v  -53.816826 -229.979980 -10.125217
v  -55.950012 -230.542953 -11.358928
v  -53.816826 -229.979980 -10.125217
v  -55.950012 -230.542953 -11.358928
v  -53.816826 -229.979980 -10.125217
v  -61.966415 -233.732468 -3.607117
v  -57.023529 -233.249344 -3.833499
v  -61.966415 -233.732468 -3.607117
v  -53.816826 -229.979980 -10.125217
v  -61.966415 -233.732468 -3.607117
v  -57.023529 -233.249344 -3.833499
v  -61.773636 -230.740891 2.347368
v  -60.035744 -239.886200 -23.719952
v  -66.688301 -236.673035 -22.475842
v  -61.794262 -234.896149 -23.453194
v  -66.688301 -236.673035 -22.475842
v  -60.035744 -239.886200 -23.719952
v  -64.929855 -241.663071 -22.742601
v  -58.330460 -239.754547 -14.941260
v  -61.794262 -234.896149 -23.453194
v  -60.088905 -234.764496 -14.674503
v  -61.794262 -234.896149 -23.453194
v  -58.330460 -239.754547 -14.941260
v  -58.330460 -239.754547 -14.941260
v  -58.330460 -239.754547 -14.941260
v  -60.035744 -239.886200 -23.719952
v  -61.794262 -234.896149 -23.453194
v  -60.035744 -239.886200 -23.719952
v  -58.330460 -239.754547 -14.941260
v  -63.224468 -241.531464 -13.963909
v  -63.224468 -241.531464 -13.963909
v  -64.929855 -241.663071 -22.742601
v  -60.035744 -239.886200 -23.719952
v  -64.929855 -241.663071 -22.742601
v  -63.224468 -241.531464 -13.963909
v  -64.982979 -236.541382 -13.697150
v  -64.982979 -236.541382 -13.697150
v  -66.688301 -236.673035 -22.475842
v  -64.929855 -241.663071 -22.742601
v  -66.688301 -236.673035 -22.475842
v  -64.982979 -236.541382 -13.697150
v  -60.088905 -234.764496 -14.674503
v  -60.088905 -234.764496 -14.674503
v  -61.794262 -234.896149 -23.453194
v  -66.688301 -236.673035 -22.475842
v  -13.196813 -193.608841 16.282833
v  -13.196813 -193.608841 16.282833
v  -12.796988 -190.784149 17.060354
v  -11.589157 -191.291092 17.935955
v  -12.796988 -190.784149 17.060354
v  -13.196813 -193.608841 16.282833
v  -12.796988 -190.784149 17.060354
v  -11.589157 -191.291092 17.935955
v  -11.605484 -184.218948 17.460232
v  -9.943096 -184.303879 18.408226
v  -11.605484 -184.218948 17.460232
v  -11.589157 -191.291092 17.935955
v  -46.091805 -237.549423 -22.036806
v  -42.975227 -241.761703 -21.257092
v  -50.218948 -240.760223 -22.886356
v  -47.102409 -244.972488 -22.106644
v  -50.218948 -240.760223 -22.886356
v  -42.975227 -241.761703 -21.257092
v  -48.030106 -237.367676 -13.307493
v  -44.913555 -241.579941 -12.527780
v  -46.091805 -237.549423 -22.036806
v  -44.913555 -241.579941 -12.527780
v  -46.091805 -237.549423 -22.036806
v  -44.913555 -241.579941 -12.527780
v  -46.091805 -237.549423 -22.036806
v  -44.913555 -241.579941 -12.527780
v  -42.975227 -241.761703 -21.257092
v  -49.040684 -244.790771 -13.377329
v  -42.975227 -241.761703 -21.257092
v  -44.913555 -241.579941 -12.527780
v  -42.975227 -241.761703 -21.257092
v  -49.040684 -244.790771 -13.377329
v  -47.102409 -244.972488 -22.106644
v  -52.157307 -240.578461 -14.157043
v  -47.102409 -244.972488 -22.106644
v  -49.040684 -244.790771 -13.377329
v  -47.102409 -244.972488 -22.106644
v  -52.157307 -240.578461 -14.157043
v  -50.218948 -240.760223 -22.886356
v  -48.030106 -237.367676 -13.307493
v  -50.218948 -240.760223 -22.886356
v  -52.157307 -240.578461 -14.157043
v  -50.218948 -240.760223 -22.886356
v  -48.030106 -237.367676 -13.307493
v  -46.091805 -237.549423 -22.036806
v  -8.313910 -57.105591 -8.713026
v  -13.854449 -52.295414 0.252998
v  -12.771382 -57.105591 -0.371921
v  -13.854449 -52.295414 0.252998
v  -8.313910 -57.105591 -8.713026
v  -8.313910 -57.105591 -8.713026
v  -8.313910 -57.105591 -8.713026
v  -8.216392 -52.295414 -8.622025
v  -13.854449 -52.295414 0.252998
v  -8.216392 -52.295414 -8.622025
v  -8.313910 -57.105591 -8.713026
v  -8.313910 -57.105591 -8.713026
v  -8.313910 -57.105591 -8.713026
v  -14.309370 -52.295414 -19.785975
v  -8.216392 -52.295414 -8.622025
v  -14.309370 -52.295414 -19.785975
v  -8.313910 -57.105591 -8.713026
v  -14.819643 -57.105591 -19.182436
v  -14.819643 -57.105591 -19.182436
v  -22.427271 -52.295414 -19.393370
v  -14.309370 -52.295414 -19.785975
v  -22.723362 -57.105591 -1.055347
v  -12.771382 -57.105591 -0.371921
v  -22.905363 -52.295414 -0.382814
v  -13.854449 -52.295414 0.252998
v  -22.905363 -52.295414 -0.382814
v  -12.771382 -57.105591 -0.371921
v  -22.905363 -52.295414 -0.382814
v  -13.854449 -52.295414 0.252998
v  -22.905363 -52.295414 -0.382814
v  -23.957375 -49.184864 0.606130
v  -22.905363 -52.295414 -0.382814
v  -13.854449 -52.295414 0.252998
v  -22.905363 -52.295414 -0.382814
v  -23.957375 -49.184864 0.606130
v  -29.661848 -48.855232 -9.814002
v  -7.329875 -48.946335 -8.476312
v  -8.717474 -44.379906 -9.256585
v  -13.837235 -44.359119 0.301847
v  -8.717474 -44.379906 -9.256585
v  -7.329875 -48.946335 -8.476312
v  -13.313081 -49.406235 -21.424068
v  -13.313081 -49.406235 -21.424068
v  -14.122140 -44.271877 -20.567394
v  -8.717474 -44.379906 -9.256585
v  -14.122140 -44.271877 -20.567394
v  -13.313081 -49.406235 -21.424068
v  -23.356167 -49.406235 -20.988342
v  -23.356167 -49.406235 -20.988342
v  -23.036982 -44.320621 -20.164810
v  -14.122140 -44.271877 -20.567394
v  -23.036982 -44.320621 -20.164810
v  -23.356167 -49.406235 -20.988342
v  -23.356167 -49.406235 -20.988342
v  -23.356167 -49.406235 -20.988342
v  -29.027815 -44.145523 -10.641750
v  -23.036982 -44.320621 -20.164810
v  -29.027815 -44.145523 -10.641750
v  -23.356167 -49.406235 -20.988342
v  -29.661848 -48.855232 -9.814002
v  -29.661848 -48.855232 -9.814002
v  -23.090403 -44.144722 -0.233097
v  -29.027815 -44.145523 -10.641750
v  -23.090403 -44.144722 -0.233097
v  -29.661848 -48.855232 -9.814002
v  -23.957375 -49.184864 0.606130
v  -23.957375 -49.184864 0.606130
v  -13.512952 -49.471268 0.806005
v  -23.090403 -44.144722 -0.233097
v  -13.512952 -49.471268 0.806005
v  -23.957375 -49.184864 0.606130
v  -13.854449 -52.295414 0.252998
v  -13.854449 -52.295414 0.252998
v  -7.329875 -48.946335 -8.476312
v  -13.512952 -49.471268 0.806005
v  -7.329875 -48.946335 -8.476312
v  -13.854449 -52.295414 0.252998
v  -8.216392 -52.295414 -8.622025
v  -8.216392 -52.295414 -8.622025
v  -13.313081 -49.406235 -21.424068
v  -7.329875 -48.946335 -8.476312
v  -13.313081 -49.406235 -21.424068
v  -8.216392 -52.295414 -8.622025
v  -14.309370 -52.295414 -19.785975
v  -14.309370 -52.295414 -19.785975
v  -23.356167 -49.406235 -20.988342
v  -13.313081 -49.406235 -21.424068
v  -23.356167 -49.406235 -20.988342
v  -14.309370 -52.295414 -19.785975
v  -22.427271 -52.295414 -19.393370
v  -22.427271 -52.295414 -19.393370
v  -29.661848 -48.855232 -9.814002
v  -23.356167 -49.406235 -20.988342
v  -29.661848 -48.855232 -9.814002
v  -22.427271 -52.295414 -19.393370
v  -28.028942 -52.295414 -9.562250
v  -28.028942 -52.295414 -9.562250
v  -22.905363 -52.295414 -0.382814
v  -29.661848 -48.855232 -9.814002
v  -22.905363 -52.295414 -0.382814
v  -28.028942 -52.295414 -9.562250
v  -27.686481 -57.105591 -9.499786
v  -27.686481 -57.105591 -9.499786
v  -22.723362 -57.105591 -1.055347
v  -22.905363 -52.295414 -0.382814
v  -22.723362 -57.105591 -1.055347
v  -27.686481 -57.105591 -9.499786
v  -25.195267 -58.407166 -8.690967
v  -25.195267 -58.407166 -8.690967
v  -22.723362 -57.105591 -1.055347
v  -22.723362 -57.105591 -1.055347
v  -22.723362 -57.105591 -1.055347
v  -25.195267 -58.407166 -8.690967
v  -18.842899 -58.448948 -1.931941
v  -18.842899 -58.448948 -1.931941
v  -12.771382 -57.105591 -0.371921
v  -22.723362 -57.105591 -1.055347
v  -12.771382 -57.105591 -0.371921
v  -18.842899 -58.448948 -1.931941
v  -16.228170 -58.407166 -1.755284
v  -16.228170 -58.407166 -1.755284
v  -12.771382 -57.105591 -0.371921
v  -12.771382 -57.105591 -0.371921
v  -12.771382 -57.105591 -0.371921
v  -16.228170 -58.407166 -1.755284
v  -9.809463 -58.407166 -7.730619
v  -9.809463 -58.407166 -7.730619
v  -8.313910 -57.105591 -8.713026
v  -12.771382 -57.105591 -0.371921
v  -8.313910 -57.105591 -8.713026
v  -9.809463 -58.407166 -7.730619
v  -14.868689 -58.407162 -17.000731
v  -14.868689 -58.407162 -17.000731
v  -14.819643 -57.105591 -19.182436
v  -8.313910 -57.105591 -8.713026
v  -14.819643 -57.105591 -19.182436
v  -14.868689 -58.407162 -17.000731
v  -22.660322 -57.105591 -18.796949
v  -22.660322 -57.105591 -18.796949
v  -22.427271 -52.295414 -19.393370
v  -14.819643 -57.105591 -19.182436
v  -22.427271 -52.295414 -19.393370
v  -22.660322 -57.105591 -18.796949
v  -27.686481 -57.105591 -9.499786
v  -27.686481 -57.105591 -9.499786
v  -28.028942 -52.295414 -9.562250
v  -22.427271 -52.295414 -19.393370
v  -7.329875 -48.946335 -8.476312
v  -7.329875 -48.946335 -8.476312
v  -13.512952 -49.471268 0.806005
v  -13.837235 -44.359119 0.301847
v  -13.512952 -49.471268 0.806005
v  -7.329875 -48.946335 -8.476312
v  -13.512952 -49.471268 0.806005
v  -13.837235 -44.359119 0.301847
v  -23.090403 -44.144722 -0.233097
v  -14.868689 -58.407162 -17.000731
v  -22.660322 -57.105591 -18.796949
v  -14.868689 -58.407162 -17.000731
v  -22.660322 -57.105591 -18.796949
v  -14.868689 -58.407162 -17.000731
v  -21.381964 -58.407162 -16.729694
v  -21.381964 -58.407162 -16.729694
v  -27.686481 -57.105591 -9.499786
v  -22.660322 -57.105591 -18.796949
v  -27.686481 -57.105591 -9.499786
v  -21.381964 -58.407162 -16.729694
v  -25.195267 -58.407166 -8.690967
v  -23.090403 -44.144722 -0.233097
v  -18.630463 -44.370953 5.069407
v  -23.090403 -44.144722 -0.233097
v  -18.630463 -44.370953 5.069407
v  -23.090403 -44.144722 -0.233097
v  -13.837235 -44.359119 0.301847
v  -13.837235 -44.359119 0.301847
v  -8.963305 -43.615009 3.524658
v  -18.630463 -44.370953 5.069407
v  -8.963305 -43.615009 3.524658
v  -13.837235 -44.359119 0.301847
v  -8.717474 -44.379906 -9.256585
v  -8.717474 -44.379906 -9.256585
v  -5.373837 -43.672485 -10.378483
v  -8.963305 -43.615009 3.524658
v  -5.373837 -43.672485 -10.378483
v  -8.717474 -44.379906 -9.256585
v  -8.717474 -44.379906 -9.256585
v  -8.717474 -44.379906 -9.256585
v  -10.347920 -43.346882 -22.320135
v  -5.373837 -43.672485 -10.378483
v  -10.347920 -43.346882 -22.320135
v  -8.717474 -44.379906 -9.256585
v  -14.122140 -44.271877 -20.567394
v  -27.540236 -43.865593 3.217972
v  -29.027815 -44.145523 -10.641750
v  -23.090403 -44.144722 -0.233097
v  -23.090403 -44.144722 -0.233097
v  -23.090403 -44.144722 -0.233097
v  -27.540236 -43.865593 3.217972
v  -18.630463 -44.370953 5.069407
v  -27.540236 -43.865593 3.217972
v  -23.090403 -44.144722 -0.233097
v  -27.540236 -43.865593 3.217972
v  -18.630463 -44.370953 5.069407
v  -19.270422 -28.157747 6.083958
v  -8.963305 -43.615009 3.524658
v  -19.270422 -28.157747 6.083958
v  -18.630463 -44.370953 5.069407
v  -19.270422 -28.157747 6.083958
v  -8.963305 -43.615009 3.524658
v  -8.392698 -27.791739 3.512239
v  -5.373837 -43.672485 -10.378483
v  -8.392698 -27.791739 3.512239
v  -8.963305 -43.615009 3.524658
v  -8.392698 -27.791739 3.512239
v  -5.373837 -43.672485 -10.378483
v  -5.674368 -27.981478 -11.173788
v  -5.373837 -43.672485 -10.378483
v  -5.674368 -27.981478 -11.173788
v  -5.373837 -43.672485 -10.378483
v  -5.674368 -27.981478 -11.173788
v  -5.373837 -43.672485 -10.378483
v  -10.583258 -27.846815 -22.891052
v  -10.347920 -43.346882 -22.320135
v  -10.583258 -27.846815 -22.891052
v  -5.373837 -43.672485 -10.378483
v  -10.583258 -27.846815 -22.891052
v  -10.347920 -43.346882 -22.320135
v  -18.029142 -43.444260 -25.305803
v  -14.122140 -44.271877 -20.567394
v  -18.029142 -43.444260 -25.305803
v  -10.347920 -43.346882 -22.320135
v  -18.029142 -43.444260 -25.305803
v  -14.122140 -44.271877 -20.567394
v  -18.029142 -43.444260 -25.305803
v  -23.036982 -44.320621 -20.164810
v  -18.029142 -43.444260 -25.305803
v  -14.122140 -44.271877 -20.567394
v  -18.029142 -43.444260 -25.305803
v  -23.036982 -44.320621 -20.164810
v  -27.114092 -43.541641 -22.357916
v  -29.027815 -44.145523 -10.641750
v  -27.114092 -43.541641 -22.357916
v  -23.036982 -44.320621 -20.164810
v  -27.114092 -43.541641 -22.357916
v  -29.027815 -44.145523 -10.641750
v  -32.249866 -43.808117 -10.770163
v  -27.540236 -43.865593 3.217972
v  -32.249866 -43.808117 -10.770163
v  -29.027815 -44.145523 -10.641750
v  -32.249866 -43.808117 -10.770163
v  -27.540236 -43.865593 3.217972
v  -28.597883 -27.741016 3.559437
v  -19.270422 -28.157747 6.083958
v  -28.597883 -27.741016 3.559437
v  -27.540236 -43.865593 3.217972
v  -18.792253 -27.740704 -25.112537
v  -10.583258 -27.846815 -22.891052
v  -18.029142 -43.444260 -25.305803
v  -18.029142 -43.444260 -25.305803
v  -27.190723 -27.634604 -22.526882
v  -18.792253 -27.740704 -25.112537
v  -27.190723 -27.634604 -22.526882
v  -18.029142 -43.444260 -25.305803
v  -27.114092 -43.541641 -22.357916
v  -27.114092 -43.541641 -22.357916
v  -27.190723 -27.634604 -22.526882
v  -27.190723 -27.634604 -22.526882
v  -27.190723 -27.634604 -22.526882
v  -27.114092 -43.541641 -22.357916
v  -32.249866 -43.808117 -10.770163
v  -32.249866 -43.808117 -10.770163
v  -33.720276 -27.761621 -11.672809
v  -27.190723 -27.634604 -22.526882
v  -33.720276 -27.761621 -11.672809
v  -32.249866 -43.808117 -10.770163
v  -32.249866 -43.808117 -10.770163
v  -32.249866 -43.808117 -10.770163
v  -28.597883 -27.741016 3.559437
v  -33.720276 -27.761621 -11.672809
v  -66.724945 -249.717987 -4.163380
v  -63.366398 -248.935364 -0.142030
v  -69.746643 -245.733398 -2.415105
v  -66.388054 -244.950836 1.606246
v  -69.746643 -245.733398 -2.415105
v  -63.366398 -248.935364 -0.142030
v  -62.054550 -243.974152 -9.181973
v  -58.695858 -243.191559 -5.160621
v  -66.724945 -249.717987 -4.163380
v  -58.695858 -243.191559 -5.160621
v  -66.724945 -249.717987 -4.163380
v  -58.695858 -243.191559 -5.160621
v  -66.724945 -249.717987 -4.163380
v  -58.695858 -243.191559 -5.160621
v  -63.366398 -248.935364 -0.142030
v  -61.717541 -239.207062 -3.412346
v  -63.366398 -248.935364 -0.142030
v  -58.695858 -243.191559 -5.160621
v  -63.366398 -248.935364 -0.142030
v  -61.717541 -239.207062 -3.412346
v  -66.388054 -244.950836 1.606246
v  -65.076233 -239.989594 -7.433696
v  -66.388054 -244.950836 1.606246
v  -61.717541 -239.207062 -3.412346
v  -66.388054 -244.950836 1.606246
v  -65.076233 -239.989594 -7.433696
v  -69.746643 -245.733398 -2.415105
v  -62.054550 -243.974152 -9.181973
v  -69.746643 -245.733398 -2.415105
v  -65.076233 -239.989594 -7.433696
v  -69.746643 -245.733398 -2.415105
v  -62.054550 -243.974152 -9.181973
v  -66.724945 -249.717987 -4.163380
v  -20.876303 -122.591942 7.421922
v  -24.609095 -122.815567 -0.223049
v  -20.876303 -122.591942 7.421922
v  -24.609095 -122.815567 -0.223049
v  -20.876303 -122.591942 7.421922
v  -22.689003 -103.590424 -2.944546
v  -22.689003 -103.590424 -2.944546
v  -18.192396 -106.323341 -10.985682
v  -24.609095 -122.815567 -0.223049
v  -18.192396 -106.323341 -10.985682
v  -22.689003 -103.590424 -2.944546
v  -25.750895 -93.141785 -4.488866
v  -25.750895 -93.141785 -4.488866
v  -21.587833 -94.787025 -16.071589
v  -18.192396 -106.323341 -10.985682
v  -21.587833 -94.787025 -16.071589
v  -25.750895 -93.141785 -4.488866
v  -25.750895 -93.141785 -4.488866
v  -25.750895 -93.141785 -4.488866
v  -22.744596 -87.723000 -17.488499
v  -21.587833 -94.787025 -16.071589
v  -22.744596 -87.723000 -17.488499
v  -25.750895 -93.141785 -4.488866
v  -27.352022 -83.576454 -6.108953
v  -20.378010 -122.672569 -11.699084
v  -24.609095 -122.815567 -0.223049
v  -18.192396 -106.323341 -10.985682
v  -23.878990 -169.436249 6.487395
v  -26.426695 -148.887573 1.701172
v  -23.271517 -169.521774 0.145592
v  -21.667372 -148.531784 -14.167319
v  -23.271517 -169.521774 0.145592
v  -26.426695 -148.887573 1.701172
v  -23.271517 -169.521774 0.145592
v  -21.667372 -148.531784 -14.167319
v  -21.313171 -161.793243 -11.484361
v  -21.667372 -148.531784 -14.167319
v  -21.313171 -161.793243 -11.484361
v  -21.667372 -148.531784 -14.167319
v  -21.313171 -161.793243 -11.484361
v  -21.667372 -148.531784 -14.167319
v  -10.991076 -157.928329 -14.987181
v  -9.831857 -143.272293 -14.102593
v  -10.991076 -157.928329 -14.987181
v  -21.667372 -148.531784 -14.167319
v  -10.991076 -157.928329 -14.987181
v  -9.831857 -143.272293 -14.102593
v  -0.555887 -154.720337 3.009230
v  -9.831857 -143.272293 -14.102593
v  -0.555887 -154.720337 3.009230
v  -9.831857 -143.272293 -14.102593
v  -0.555887 -154.720337 3.009230
v  -9.831857 -143.272293 -14.102593
v  -0.594827 -142.274704 1.806362
v  -10.104102 -122.343491 -12.102616
v  -0.594827 -142.274704 1.806362
v  -9.831857 -143.272293 -14.102593
v  -0.594827 -142.274704 1.806362
v  -10.104102 -122.343491 -12.102616
v  -3.089437 -122.122665 0.259263
v  -11.277024 -106.292923 -10.560608
v  -3.089437 -122.122665 0.259263
v  -10.104102 -122.343491 -12.102616
v  -3.089437 -122.122665 0.259263
v  -11.277024 -106.292923 -10.560608
v  -6.609447 -102.758171 -2.672725
v  -11.277024 -106.292923 -10.560608
v  -6.609447 -102.758171 -2.672725
v  -11.277024 -106.292923 -10.560608
v  -6.609447 -102.758171 -2.672725
v  -11.277024 -106.292923 -10.560608
v  -6.913193 -92.387154 -4.030034
v  -12.394788 -94.637413 -16.649685
v  -6.913193 -92.387154 -4.030034
v  -11.277024 -106.292923 -10.560608
v  -6.913193 -92.387154 -4.030034
v  -12.394788 -94.637413 -16.649685
v  -7.590308 -80.818787 -7.408850
v  -13.081123 -87.304596 -18.169193
v  -7.590308 -80.818787 -7.408850
v  -12.394788 -94.637413 -16.649685
v  -7.590308 -80.818787 -7.408850
v  -13.081123 -87.304596 -18.169193
v  -14.615422 -73.382500 -18.073071
v  -22.061249 -73.883820 -17.440845
v  -14.615422 -73.382500 -18.073071
v  -13.081123 -87.304596 -18.169193
v  -14.615422 -73.382500 -18.073071
v  -22.061249 -73.883820 -17.440845
v  -21.381964 -58.407162 -16.729694
v  -22.061249 -73.883820 -17.440845
v  -21.381964 -58.407162 -16.729694
v  -22.061249 -73.883820 -17.440845
v  -21.381964 -58.407162 -16.729694
v  -22.061249 -73.883820 -17.440845
v  -25.195267 -58.407166 -8.690967
v  -26.733349 -71.145775 -7.379733
v  -25.195267 -58.407166 -8.690967
v  -22.061249 -73.883820 -17.440845
v  -25.195267 -58.407166 -8.690967
v  -26.733349 -71.145775 -7.379733
v  -18.842899 -58.448948 -1.931941
v  -19.536177 -68.965294 0.042102
v  -18.842899 -58.448948 -1.931941
v  -26.733349 -71.145775 -7.379733
v  -18.842899 -58.448948 -1.931941
v  -19.536177 -68.965294 0.042102
v  -16.228170 -58.407166 -1.755284
v  -14.878561 -68.143700 0.215364
v  -16.228170 -58.407166 -1.755284
v  -19.536177 -68.965294 0.042102
v  -16.228170 -58.407166 -1.755284
v  -14.878561 -68.143700 0.215364
v  -8.491515 -68.882851 -6.980191
v  -11.935793 -94.663803 3.944342
v  -8.491515 -68.882851 -6.980191
v  -14.878561 -68.143700 0.215364
v  -8.491515 -68.882851 -6.980191
v  -11.935793 -94.663803 3.944342
v  -7.590308 -80.818787 -7.408850
v  -11.935793 -94.663803 3.944342
v  -7.590308 -80.818787 -7.408850
v  -11.935793 -94.663803 3.944342
v  -7.590308 -80.818787 -7.408850
v  -11.935793 -94.663803 3.944342
v  -6.913193 -92.387154 -4.030034
v  -11.359185 -101.864182 3.659465
v  -6.913193 -92.387154 -4.030034
v  -11.935793 -94.663803 3.944342
v  -6.913193 -92.387154 -4.030034
v  -11.359185 -101.864182 3.659465
v  -6.609447 -102.758171 -2.672725
v  -10.587913 -105.448387 4.515001
v  -6.609447 -102.758171 -2.672725
v  -11.359185 -101.864182 3.659465
v  -6.609447 -102.758171 -2.672725
v  -10.587913 -105.448387 4.515001
v  -7.537964 -122.387207 6.695567
v  -14.013847 -122.489578 9.599277
v  -7.537964 -122.387207 6.695567
v  -10.587913 -105.448387 4.515001
v  -7.537964 -122.387207 6.695567
v  -14.013847 -122.489578 9.599277
v  -13.916012 -145.577499 14.097726
v  -20.876303 -122.591942 7.421922
v  -13.916012 -145.577499 14.097726
v  -14.013847 -122.489578 9.599277
v  -13.916012 -145.577499 14.097726
v  -20.876303 -122.591942 7.421922
v  -22.348413 -148.986008 10.790119
v  -24.609095 -122.815567 -0.223049
v  -22.348413 -148.986008 10.790119
v  -20.876303 -122.591942 7.421922
v  -22.348413 -148.986008 10.790119
v  -24.609095 -122.815567 -0.223049
v  -26.426695 -148.887573 1.701172
v  -24.609095 -122.815567 -0.223049
v  -26.426695 -148.887573 1.701172
v  -24.609095 -122.815567 -0.223049
v  -26.426695 -148.887573 1.701172
v  -24.609095 -122.815567 -0.223049
v  -21.667372 -148.531784 -14.167319
v  -20.378010 -122.672569 -11.699084
v  -21.667372 -148.531784 -14.167319
v  -24.609095 -122.815567 -0.223049
v  -21.667372 -148.531784 -14.167319
v  -20.378010 -122.672569 -11.699084
v  -9.831857 -143.272293 -14.102593
v  -20.378010 -122.672569 -11.699084
v  -9.831857 -143.272293 -14.102593
v  -20.378010 -122.672569 -11.699084
v  -9.831857 -143.272293 -14.102593
v  -20.378010 -122.672569 -11.699084
v  -10.104102 -122.343491 -12.102616
v  -18.192396 -106.323341 -10.985682
v  -10.104102 -122.343491 -12.102616
v  -20.378010 -122.672569 -11.699084
v  -10.104102 -122.343491 -12.102616
v  -18.192396 -106.323341 -10.985682
v  -11.277024 -106.292923 -10.560608
v  -18.192396 -106.323341 -10.985682
v  -11.277024 -106.292923 -10.560608
v  -18.192396 -106.323341 -10.985682
v  -11.277024 -106.292923 -10.560608
v  -18.192396 -106.323341 -10.985682
v  -12.394788 -94.637413 -16.649685
v  -21.587833 -94.787025 -16.071589
v  -12.394788 -94.637413 -16.649685
v  -18.192396 -106.323341 -10.985682
v  -12.394788 -94.637413 -16.649685
v  -21.587833 -94.787025 -16.071589
v  -13.081123 -87.304596 -18.169193
v  -22.744596 -87.723000 -17.488499
v  -13.081123 -87.304596 -18.169193
v  -21.587833 -94.787025 -16.071589
v  -13.081123 -87.304596 -18.169193
v  -22.744596 -87.723000 -17.488499
v  -22.061249 -73.883820 -17.440845
v  -22.744596 -87.723000 -17.488499
v  -22.061249 -73.883820 -17.440845
v  -22.744596 -87.723000 -17.488499
v  -22.061249 -73.883820 -17.440845
v  -22.744596 -87.723000 -17.488499
v  -26.733349 -71.145775 -7.379733
v  -27.352022 -83.576454 -6.108953
v  -26.733349 -71.145775 -7.379733
v  -22.744596 -87.723000 -17.488499
v  -26.733349 -71.145775 -7.379733
v  -27.352022 -83.576454 -6.108953
v  -18.980415 -94.933334 3.909336
v  -25.750895 -93.141785 -4.488866
v  -18.980415 -94.933334 3.909336
v  -27.352022 -83.576454 -6.108953
v  -18.980415 -94.933334 3.909336
v  -25.750895 -93.141785 -4.488866
v  -18.586592 -101.624840 4.403046
v  -22.689003 -103.590424 -2.944546
v  -18.586592 -101.624840 4.403046
v  -25.750895 -93.141785 -4.488866
v  -18.586592 -101.624840 4.403046
v  -22.689003 -103.590424 -2.944546
v  -18.938978 -105.947731 5.261190
v  -20.876303 -122.591942 7.421922
v  -18.938978 -105.947731 5.261190
v  -22.689003 -103.590424 -2.944546
v  -18.938978 -105.947731 5.261190
v  -20.876303 -122.591942 7.421922
v  -18.938978 -105.947731 5.261190
v  -14.013847 -122.489578 9.599277
v  -18.938978 -105.947731 5.261190
v  -20.876303 -122.591942 7.421922
v  -18.938978 -105.947731 5.261190
v  -14.013847 -122.489578 9.599277
v  -14.763446 -105.698059 5.812511
v  -10.587913 -105.448387 4.515001
v  -14.763446 -105.698059 5.812511
v  -14.013847 -122.489578 9.599277
v  -14.763446 -105.698059 5.812511
v  -10.587913 -105.448387 4.515001
v  -14.763446 -105.698059 5.812511
v  -11.359185 -101.864182 3.659465
v  -14.763446 -105.698059 5.812511
v  -10.587913 -105.448387 4.515001
v  -14.763446 -105.698059 5.812511
v  -11.359185 -101.864182 3.659465
v  -15.449399 -101.728722 5.230799
v  -11.935793 -94.663803 3.944342
v  -15.449399 -101.728722 5.230799
v  -11.359185 -101.864182 3.659465
v  -15.449399 -101.728722 5.230799
v  -11.935793 -94.663803 3.944342
v  -18.980415 -94.933334 3.909336
v  -14.878561 -68.143700 0.215364
v  -18.980415 -94.933334 3.909336
v  -11.935793 -94.663803 3.944342
v  -18.980415 -94.933334 3.909336
v  -14.878561 -68.143700 0.215364
v  -18.980415 -94.933334 3.909336
v  -19.536177 -68.965294 0.042102
v  -18.980415 -94.933334 3.909336
v  -14.878561 -68.143700 0.215364
v  -18.980415 -94.933334 3.909336
v  -19.536177 -68.965294 0.042102
v  -26.733349 -71.145775 -7.379733
v  -18.586592 -101.624840 4.403046
v  -15.449399 -101.728722 5.230799
v  -18.980415 -94.933334 3.909336
v  -15.449399 -101.728722 5.230799
v  -18.586592 -101.624840 4.403046
v  -18.586592 -101.624840 4.403046
v  -18.586592 -101.624840 4.403046
v  -14.763446 -105.698059 5.812511
v  -15.449399 -101.728722 5.230799
v  -14.763446 -105.698059 5.812511
v  -18.586592 -101.624840 4.403046
v  -18.938978 -105.947731 5.261190
v  -9.809463 -58.407166 -7.730619
v  -16.228170 -58.407166 -1.755284
v  -8.491515 -68.882851 -6.980191
v  -13.916012 -145.577499 14.097726
v  -4.873123 -142.540390 8.623171
v  -7.537964 -122.387207 6.695567
v  -23.878990 -169.436249 6.487395
v  -22.348413 -148.986008 10.790119
v  -26.426695 -148.887573 1.701172
v  -22.348413 -148.986008 10.790119
v  -23.878990 -169.436249 6.487395
v  -20.833174 -163.913498 14.555482
v  -20.833174 -163.913498 14.555482
v  -13.916012 -145.577499 14.097726
v  -22.348413 -148.986008 10.790119
v  -13.916012 -145.577499 14.097726
v  -20.833174 -163.913498 14.555482
v  -10.310879 -158.181641 15.664606
v  -10.310879 -158.181641 15.664606
v  -4.873123 -142.540390 8.623171
v  -13.916012 -145.577499 14.097726
v  -4.873123 -142.540390 8.623171
v  -10.310879 -158.181641 15.664606
v  -0.555887 -154.720337 3.009230
v  -0.555887 -154.720337 3.009230
v  -4.873123 -142.540390 8.623171
v  -4.873123 -142.540390 8.623171
v  -4.873123 -142.540390 8.623171
v  -0.555887 -154.720337 3.009230
v  -0.594827 -142.274704 1.806362
v  -0.594827 -142.274704 1.806362
v  -4.873123 -142.540390 8.623171
v  -4.873123 -142.540390 8.623171
v  -4.873123 -142.540390 8.623171
v  -0.594827 -142.274704 1.806362
v  -3.089437 -122.122665 0.259263
v  -3.089437 -122.122665 0.259263
v  -7.537964 -122.387207 6.695567
v  -4.873123 -142.540390 8.623171
v  -7.537964 -122.387207 6.695567
v  -3.089437 -122.122665 0.259263
v  -6.609447 -102.758171 -2.672725
v  -14.615422 -73.382500 -18.073071
v  -8.491515 -68.882851 -6.980191
v  -7.590308 -80.818787 -7.408850
v  -8.491515 -68.882851 -6.980191
v  -14.615422 -73.382500 -18.073071
v  -14.615422 -73.382500 -18.073071
v  -14.615422 -73.382500 -18.073071
v  -9.809463 -58.407166 -7.730619
v  -8.491515 -68.882851 -6.980191
v  -9.809463 -58.407166 -7.730619
v  -14.615422 -73.382500 -18.073071
v  -14.615422 -73.382500 -18.073071
v  -14.615422 -73.382500 -18.073071
v  -14.868689 -58.407162 -17.000731
v  -9.809463 -58.407166 -7.730619
v  -14.868689 -58.407162 -17.000731
v  -14.615422 -73.382500 -18.073071
v  -21.381964 -58.407162 -16.729694
v  -44.725620 -249.491669 -0.491723
v  -52.125370 -250.454636 0.175853
v  -48.367126 -252.399841 -3.010955
v  -52.125370 -250.454636 0.175853
v  -44.725620 -249.491669 -0.491723
v  -48.483887 -247.546448 2.695085
v  -46.117504 -242.776062 -6.232331
v  -48.367126 -252.399841 -3.010955
v  -49.758972 -245.684250 -8.751563
v  -48.367126 -252.399841 -3.010955
v  -46.117504 -242.776062 -6.232331
v  -46.117504 -242.776062 -6.232331
v  -46.117504 -242.776062 -6.232331
v  -44.725620 -249.491669 -0.491723
v  -48.367126 -252.399841 -3.010955
v  -44.725620 -249.491669 -0.491723
v  -46.117504 -242.776062 -6.232331
v  -49.875732 -240.830856 -3.045521
v  -49.875732 -240.830856 -3.045521
v  -48.483887 -247.546448 2.695085
v  -44.725620 -249.491669 -0.491723
v  -48.483887 -247.546448 2.695085
v  -49.875732 -240.830856 -3.045521
v  -53.517200 -243.739075 -5.564754
v  -53.517200 -243.739075 -5.564754
v  -52.125370 -250.454636 0.175853
v  -48.483887 -247.546448 2.695085
v  -52.125370 -250.454636 0.175853
v  -53.517200 -243.739075 -5.564754
v  -49.758972 -245.684250 -8.751563
v  -49.758972 -245.684250 -8.751563
v  -48.367126 -252.399841 -3.010955
v  -52.125370 -250.454636 0.175853
v  39.572319 -297.157227 -9.022242
v  39.572319 -297.157227 -9.022242
v  31.540401 -288.407166 -1.404308
v  43.518032 -275.917267 -9.187759
v  31.540401 -288.407166 -1.404308
v  39.572319 -297.157227 -9.022242
v  31.540401 -288.407166 -1.404308
v  43.518032 -275.917267 -9.187759
v  31.288689 -271.772980 -7.807705
v  43.769207 -251.849411 -10.636957
v  31.288689 -271.772980 -7.807705
v  43.518032 -275.917267 -9.187759
v  31.288689 -271.772980 -7.807705
v  43.769207 -251.849411 -10.636957
v  30.994310 -262.476563 -10.938254
v  41.845387 -225.011520 -15.319261
v  30.994310 -262.476563 -10.938254
v  43.769207 -251.849411 -10.636957
v  -71.195000 -245.469086 -18.031734
v  -69.191780 -249.610672 -15.405281
v  -73.943489 -244.067413 -13.725277
v  -71.940208 -248.209061 -11.098823
v  -73.943489 -244.067413 -13.725277
v  -69.191780 -249.610672 -15.405281
v  -64.589470 -240.690979 -15.399427
v  -62.586311 -244.832581 -12.772971
v  -71.195000 -245.469086 -18.031734
v  -62.586311 -244.832581 -12.772971
v  -71.195000 -245.469086 -18.031734
v  -62.586311 -244.832581 -12.772971
v  -71.195000 -245.469086 -18.031734
v  -62.586311 -244.832581 -12.772971
v  -69.191780 -249.610672 -15.405281
v  -65.334747 -243.430969 -8.466516
v  -69.191780 -249.610672 -15.405281
v  -62.586311 -244.832581 -12.772971
v  -69.191780 -249.610672 -15.405281
v  -65.334747 -243.430969 -8.466516
v  -71.940208 -248.209061 -11.098823
v  -65.334747 -243.430969 -8.466516
v  -71.940208 -248.209061 -11.098823
v  -65.334747 -243.430969 -8.466516
v  -71.940208 -248.209061 -11.098823
v  -65.334747 -243.430969 -8.466516
v  -73.943489 -244.067413 -13.725277
v  -67.337929 -239.289337 -11.092969
v  -73.943489 -244.067413 -13.725277
v  -65.334747 -243.430969 -8.466516
v  -73.943489 -244.067413 -13.725277
v  -67.337929 -239.289337 -11.092969
v  -71.195000 -245.469086 -18.031734
v  -64.589470 -240.690979 -15.399427
v  -71.195000 -245.469086 -18.031734
v  -67.337929 -239.289337 -11.092969
v  -37.338642 -246.024734 -14.578108
v  -35.718857 -244.523651 -9.762790
v  -39.703629 -250.265808 -12.460514
v  -38.083889 -248.764709 -7.645196
v  -39.703629 -250.265808 -12.460514
v  -35.718857 -244.523651 -9.762790
v  -44.859997 -241.302353 -13.520259
v  -43.240257 -239.801254 -8.704941
v  -37.338642 -246.024734 -14.578108
v  -43.240257 -239.801254 -8.704941
v  -37.338642 -246.024734 -14.578108
v  -43.240257 -239.801254 -8.704941
v  -37.338642 -246.024734 -14.578108
v  -43.240257 -239.801254 -8.704941
v  -35.718857 -244.523651 -9.762790
v  -45.605171 -244.042374 -6.587347
v  -35.718857 -244.523651 -9.762790
v  -43.240257 -239.801254 -8.704941
v  -35.718857 -244.523651 -9.762790
v  -45.605171 -244.042374 -6.587347
v  -38.083889 -248.764709 -7.645196
v  -45.605171 -244.042374 -6.587347
v  -38.083889 -248.764709 -7.645196
v  -45.605171 -244.042374 -6.587347
v  -38.083889 -248.764709 -7.645196
v  -45.605171 -244.042374 -6.587347
v  -39.703629 -250.265808 -12.460514
v  -47.225018 -245.543427 -11.402665
v  -39.703629 -250.265808 -12.460514
v  -45.605171 -244.042374 -6.587347
v  -39.703629 -250.265808 -12.460514
v  -47.225018 -245.543427 -11.402665
v  -39.703629 -250.265808 -12.460514
v  -44.859997 -241.302353 -13.520259
v  -39.703629 -250.265808 -12.460514
v  -47.225018 -245.543427 -11.402665
v  -39.703629 -250.265808 -12.460514
v  -44.859997 -241.302353 -13.520259
v  -37.338642 -246.024734 -14.578108
v  -22.490295 -301.007904 -3.416204
v  -23.683798 -303.200317 13.460061
v  -22.490295 -301.007904 -3.416204
v  -23.683798 -303.200317 13.460061
v  -22.490295 -301.007904 -3.416204
v  -30.123096 -291.976868 -2.794655
v  -30.123096 -291.976868 -2.794655
v  -34.282776 -290.475952 12.662008
v  -23.683798 -303.200317 13.460061
v  -34.282776 -290.475952 12.662008
v  -30.123096 -291.976868 -2.794655
v  -30.123096 -291.976868 -2.794655
v  -30.123096 -291.976868 -2.794655
v  -38.822918 -264.685242 14.630317
v  -34.282776 -290.475952 12.662008
v  -38.822918 -264.685242 14.630317
v  -30.123096 -291.976868 -2.794655
v  -34.997307 -268.704926 0.802267
v  -34.997307 -268.704926 0.802267
v  -38.653889 -247.838211 11.494802
v  -38.822918 -264.685242 14.630317
v  -38.653889 -247.838211 11.494802
v  -34.997307 -268.704926 0.802267
v  -34.290295 -251.798401 -2.430395
v  -34.290295 -251.798401 -2.430395
v  -35.864742 -237.907822 3.543852
v  -38.653889 -247.838211 11.494802
v  -35.864742 -237.907822 3.543852
v  -34.290295 -251.798401 -2.430395
v  -31.662628 -241.117523 -4.519640
v  -31.662628 -241.117523 -4.519640
v  -25.751968 -233.892456 -5.465162
v  -35.864742 -237.907822 3.543852
v  32.678047 -289.849915 16.670610
v  32.678047 -289.849915 16.670610
v  37.929890 -297.157257 -9.022239
v  36.677483 -272.235992 13.377552
v  37.929890 -297.157257 -9.022239
v  32.678047 -289.849915 16.670610
v  37.929890 -297.157257 -9.022239
v  36.677483 -272.235992 13.377552
v  41.976196 -275.917267 -9.187762
v  36.677483 -272.235992 13.377552
v  41.976196 -275.917267 -9.187762
v  36.677483 -272.235992 13.377552
v  41.976196 -275.917267 -9.187762
v  36.677483 -272.235992 13.377552
v  43.061039 -251.849411 -9.821806
v  37.309113 -249.095871 9.051329
v  43.061039 -251.849411 -9.821806
v  36.677483 -272.235992 13.377552
v  43.061039 -251.849411 -9.821806
v  37.309113 -249.095871 9.051329
v  41.445194 -234.050415 -9.420385
v  37.799503 -232.194290 2.933571
v  41.445194 -234.050415 -9.420385
v  37.309113 -249.095871 9.051329
v  41.445194 -234.050415 -9.420385
v  37.799503 -232.194290 2.933571
v  37.422607 -223.855850 -5.728609
v  3.149557 -96.327339 -44.013229
v  14.657795 -92.396721 -46.290108
v  3.149557 -96.327339 -44.013229
v  14.657795 -92.396721 -46.290108
v  3.149557 -96.327339 -44.013229
v  16.547806 -90.960197 -33.995960
v  16.547806 -90.960197 -33.995960
v  28.579399 -101.168274 -36.692436
v  14.657795 -92.396721 -46.290108
v  28.579399 -101.168274 -36.692436
v  16.547806 -90.960197 -33.995960
v  16.547806 -90.960197 -33.995960
v  16.547806 -90.960197 -33.995960
v  22.772423 -109.623001 -32.498287
v  28.579399 -101.168274 -36.692436
v  22.772423 -109.623001 -32.498287
v  16.547806 -90.960197 -33.995960
v  11.578672 -103.407944 -26.179514
v  11.578672 -103.407944 -26.179514
v  19.976282 -111.214394 -37.793213
v  22.772423 -109.623001 -32.498287
v  19.976282 -111.214394 -37.793213
v  11.578672 -103.407944 -26.179514
v  12.292731 -110.747421 -37.225883
v  12.292731 -110.747421 -37.225883
v  20.779358 -109.814583 -45.346123
v  19.976282 -111.214394 -37.793213
v  20.779358 -109.814583 -45.346123
v  12.292731 -110.747421 -37.225883
v  12.593843 -106.942284 -47.801514
v  29.126938 -125.369385 -38.834377
v  19.976282 -111.214394 -37.793213
v  20.779358 -109.814583 -45.346123
v  19.976282 -111.214394 -37.793213
v  19.976282 -111.214394 -37.793213
v  22.772423 -109.623001 -32.498287
v  29.126938 -125.369385 -38.834377
v  22.772423 -109.623001 -32.498287
v  19.976282 -111.214394 -37.793213
v  22.772423 -109.623001 -32.498287
v  29.126938 -125.369385 -38.834377
v  28.579399 -101.168274 -36.692436
v  27.178566 -102.483864 -44.372055
v  28.579399 -101.168274 -36.692436
v  29.126938 -125.369385 -38.834377
v  28.579399 -101.168274 -36.692436
v  27.178566 -102.483864 -44.372055
v  14.657795 -92.396721 -46.290108
v  12.593843 -106.942284 -47.801514
v  14.657795 -92.396721 -46.290108
v  27.178566 -102.483864 -44.372055
v  14.657795 -92.396721 -46.290108
v  12.593843 -106.942284 -47.801514
v  3.149557 -96.327339 -44.013229
v  3.155370 -118.138062 -39.773586
v  3.149557 -96.327339 -44.013229
v  12.593843 -106.942284 -47.801514
v  3.149557 -96.327339 -44.013229
v  3.155370 -118.138062 -39.773586
v  3.149557 -96.327339 -44.013229
v  -2.496948 -118.138062 -36.976784
v  3.149557 -96.327339 -44.013229
v  3.155370 -118.138062 -39.773586
v  3.149557 -96.327339 -44.013229
v  -2.496948 -118.138062 -36.976784
v  16.547806 -90.960197 -33.995960
v  3.136044 -96.194389 -29.016214
v  16.547806 -90.960197 -33.995960
v  -2.496948 -118.138062 -36.976784
v  16.547806 -90.960197 -33.995960
v  3.136044 -96.194389 -29.016214
v  11.578672 -103.407944 -26.179514
v  -2.496948 -118.138062 -27.926077
v  11.578672 -103.407944 -26.179514
v  3.136044 -96.194389 -29.016214
v  11.578672 -103.407944 -26.179514
v  -2.496948 -118.138062 -27.926077
v  11.578672 -103.407944 -26.179514
v  3.155370 -118.138062 -25.129227
v  11.578672 -103.407944 -26.179514
v  -2.496948 -118.138062 -27.926077
v  11.578672 -103.407944 -26.179514
v  3.155370 -118.138062 -25.129227
v  12.292731 -110.747421 -37.225883
v  6.648697 -118.138062 -32.451420
v  12.292731 -110.747421 -37.225883
v  3.155370 -118.138062 -25.129227
v  12.292731 -110.747421 -37.225883
v  6.648697 -118.138062 -32.451420
v  12.593843 -106.942284 -47.801514
v  3.155370 -118.138062 -39.773586
v  12.593843 -106.942284 -47.801514
v  6.648697 -118.138062 -32.451420
v  3.136044 -96.194389 -29.016214
v  -2.496948 -118.138062 -36.976784
v  -2.496948 -118.138062 -27.926077
v  27.178566 -102.483864 -44.372055
v  20.779358 -109.814583 -45.346123
v  12.593843 -106.942284 -47.801514
v  20.779358 -109.814583 -45.346123
v  27.178566 -102.483864 -44.372055
v  29.126938 -125.369385 -38.834377
v  -10.825488 -102.370155 -49.670441
v  -12.952856 -80.331955 -46.012474
v  -10.825488 -102.370155 -49.670441
v  -12.952856 -80.331955 -46.012474
v  -10.825488 -102.370155 -49.670441
v  -19.803217 -91.811760 -50.606140
v  -19.803217 -91.811760 -50.606140
v  -42.306034 -79.463417 -40.703094
v  -12.952856 -80.331955 -46.012474
v  -1.188527 -118.138062 -36.057869
v  -1.188527 -118.138062 -36.057869
v  -10.825488 -102.370155 -49.670441
v  -6.386475 -118.138062 -28.735701
v  -10.825488 -102.370155 -49.670441
v  -1.188527 -118.138062 -36.057869
v  -10.825488 -102.370155 -49.670441
v  -6.386475 -118.138062 -28.735701
v  -22.168503 -108.812386 -35.276375
v  -1.188527 -118.138062 -21.413504
v  -22.168503 -108.812386 -35.276375
v  -6.386475 -118.138062 -28.735701
v  -22.168503 -108.812386 -35.276375
v  -1.188527 -118.138062 -21.413504
v  -22.168503 -108.812386 -35.276375
v  -11.165196 -98.506981 -24.023579
v  -22.168503 -108.812386 -35.276375
v  -1.188527 -118.138062 -21.413504
v  -22.168503 -108.812386 -35.276375
v  -11.165196 -98.506981 -24.023579
v  -31.338051 -97.652390 -38.851665
v  -18.515858 -89.245758 -28.625906
v  -31.338051 -97.652390 -38.851665
v  -11.165196 -98.506981 -24.023579
v  -31.338051 -97.652390 -38.851665
v  -18.515858 -89.245758 -28.625906
v  -42.306034 -79.463417 -40.703094
v  -12.229641 -78.960526 -34.772388
v  -42.306034 -79.463417 -40.703094
v  -18.515858 -89.245758 -28.625906
v  -42.306034 -79.463417 -40.703094
v  -12.229641 -78.960526 -34.772388
v  -12.952856 -80.331955 -46.012474
v  -2.604287 -89.876587 -47.743099
v  -12.952856 -80.331955 -46.012474
v  -12.229641 -78.960526 -34.772388
v  -12.952856 -80.331955 -46.012474
v  -2.604287 -89.876587 -47.743099
v  -10.825488 -102.370155 -49.670441
v  -1.188527 -118.138062 -36.057869
v  -10.825488 -102.370155 -49.670441
v  -2.604287 -89.876587 -47.743099
v  -10.825488 -102.370155 -49.670441
v  -22.168503 -108.812386 -35.276375
v  -19.803217 -91.811760 -50.606140
v  -31.338051 -97.652390 -38.851665
v  -19.803217 -91.811760 -50.606140
v  -22.168503 -108.812386 -35.276375
v  -19.803217 -91.811760 -50.606140
v  -31.338051 -97.652390 -38.851665
v  -42.306034 -79.463417 -40.703094
v  5.478272 -118.138062 -24.210354
v  -11.165196 -98.506981 -24.023579
v  -1.188527 -118.138062 -21.413504
v  -11.165196 -98.506981 -24.023579
v  5.478272 -118.138062 -24.210354
v  -0.370784 -89.876587 -32.041634
v  -0.370784 -89.876587 -32.041634
v  -18.515858 -89.245758 -28.625906
v  -11.165196 -98.506981 -24.023579
v  -18.515858 -89.245758 -28.625906
v  -0.370784 -89.876587 -32.041634
v  -0.370784 -89.876587 -32.041634
v  -0.370784 -89.876587 -32.041634
v  -12.229641 -78.960526 -34.772388
v  -18.515858 -89.245758 -28.625906
v  -12.229641 -78.960526 -34.772388
v  -0.370784 -89.876587 -32.041634
v  -0.370784 -89.876587 -32.041634
v  -0.370784 -89.876587 -32.041634
v  -2.604287 -89.876587 -47.743099
v  -12.229641 -78.960526 -34.772388
v  -2.604287 -89.876587 -47.743099
v  -0.370784 -89.876587 -32.041634
v  5.478272 -118.138062 -33.261059
v  5.478272 -118.138062 -33.261059
v  -1.188527 -118.138062 -36.057869
v  -2.604287 -89.876587 -47.743099
v  5.478272 -118.138062 -33.261059
v  -0.370784 -89.876587 -32.041634
v  5.478272 -118.138062 -24.210354
v  -31.219372 -297.891815 20.863529
v  -39.867168 -291.055511 11.071965
v  -31.219372 -297.891815 20.863529
v  -39.867168 -291.055511 11.071965
v  -31.219372 -297.891815 20.863529
v  -36.342110 -287.137054 19.698204
v  -36.342110 -287.137054 19.698204
v  -44.251747 -271.042480 9.025343
v  -39.867168 -291.055511 11.071965
v  -44.251747 -271.042480 9.025343
v  -36.342110 -287.137054 19.698204
v  -39.959282 -269.209412 17.384016
v  -39.959282 -269.209412 17.384016
v  -44.659763 -251.458069 4.940687
v  -44.251747 -271.042480 9.025343
v  -44.659763 -251.458069 4.940687
v  -39.959282 -269.209412 17.384016
v  -40.914749 -250.897690 13.313598
v  -40.914749 -250.897690 13.313598
v  -44.778229 -233.927231 -2.165545
v  -44.659763 -251.458069 4.940687
v  -39.867168 -291.055511 11.071965
v  -39.867168 -291.055511 11.071965
v  -31.219372 -297.891815 20.863529
v  -34.296925 -302.878784 11.782697
v  -31.219372 -297.891815 20.863529
v  -39.867168 -291.055511 11.071965
v  -31.219372 -297.891815 20.863529
v  -34.296925 -302.878784 11.782697
v  -25.653442 -304.924316 21.810001
v  -28.062098 -310.826019 11.216817
v  -25.653442 -304.924316 21.810001
v  -34.296925 -302.878784 11.782697
v  -25.653442 -304.924316 21.810001
v  -28.062098 -310.826019 11.216817
v  -25.653442 -304.924316 21.810001
v  -21.951546 -317.550659 10.862772
v  -25.653442 -304.924316 21.810001
v  -28.062098 -310.826019 11.216817
v  -25.653442 -304.924316 21.810001
v  -21.951546 -317.550659 10.862772
v  -25.653442 -304.924316 21.810001
v  -20.352282 -310.623627 22.343773
v  -25.653442 -304.924316 21.810001
v  -21.951546 -317.550659 10.862772
v  -25.653442 -304.924316 21.810001
v  -20.352282 -310.623627 22.343773
v  -25.653442 -304.924316 21.810001
v  -16.964575 -294.694122 28.307165
v  -25.653442 -304.924316 21.810001
v  -20.352282 -310.623627 22.343773
v  -25.653442 -304.924316 21.810001
v  -16.964575 -294.694122 28.307165
v  -25.653442 -304.924316 21.810001
v  -21.695841 -291.513824 27.907166
v  -25.653442 -304.924316 21.810001
v  -16.964575 -294.694122 28.307165
v  -25.653442 -304.924316 21.810001
v  -21.695841 -291.513824 27.907166
v  -31.219372 -297.891815 20.863529
v  -24.912855 -287.761322 27.128111
v  -31.219372 -297.891815 20.863529
v  -21.695841 -291.513824 27.907166
v  -31.219372 -297.891815 20.863529
v  -24.912855 -287.761322 27.128111
v  -31.219372 -297.891815 20.863529
v  -28.323122 -280.533417 25.923750
v  -31.219372 -297.891815 20.863529
v  -24.912855 -287.761322 27.128111
v  -31.219372 -297.891815 20.863529
v  -28.323122 -280.533417 25.923750
v  -36.342110 -287.137054 19.698204
v  -31.670715 -266.022736 23.996658
v  -36.342110 -287.137054 19.698204
v  -28.323122 -280.533417 25.923750
v  -36.342110 -287.137054 19.698204
v  -31.670715 -266.022736 23.996658
v  -39.959282 -269.209412 17.384016
v  -33.579407 -249.997314 18.170925
v  -39.959282 -269.209412 17.384016
v  -31.670715 -266.022736 23.996658
v  -39.959282 -269.209412 17.384016
v  -33.579407 -249.997314 18.170925
v  -40.914749 -250.897690 13.313598
v  -41.053375 -235.740341 5.573105
v  -40.914749 -250.897690 13.313598
v  -33.579407 -249.997314 18.170925
v  -40.914749 -250.897690 13.313598
v  -41.053375 -235.740341 5.573105
v  -44.778229 -233.927231 -2.165545
v  -39.002522 -219.167099 -7.050436
v  -44.778229 -233.927231 -2.165545
v  -41.053375 -235.740341 5.573105
v  -39.002522 -219.167099 -7.050436
v  -41.053375 -235.740341 5.573105
v  -35.130966 -238.613159 12.249464
v  -33.579407 -249.997314 18.170925
v  -35.130966 -238.613159 12.249464
v  -41.053375 -235.740341 5.573105
v  -55.920937 -244.816177 5.359486
v  -52.069466 -241.513947 6.884494
v  -59.521061 -241.038422 6.271426
v  -55.669636 -237.736237 7.796434
v  -59.521061 -241.038422 6.271426
v  -52.069466 -241.513947 6.884494
v  -55.044617 -241.947159 -3.066172
v  -51.193153 -238.644913 -1.541163
v  -55.920937 -244.816177 5.359486
v  -51.193153 -238.644913 -1.541163
v  -55.920937 -244.816177 5.359486
v  -51.193153 -238.644913 -1.541163
v  -55.920937 -244.816177 5.359486
v  -51.193153 -238.644913 -1.541163
v  -52.069466 -241.513947 6.884494
v  -54.793285 -234.867203 -0.629223
v  -52.069466 -241.513947 6.884494
v  -51.193153 -238.644913 -1.541163
v  -52.069466 -241.513947 6.884494
v  -54.793285 -234.867203 -0.629223
v  -55.669636 -237.736237 7.796434
v  -58.644764 -238.169418 -2.154231
v  -55.669636 -237.736237 7.796434
v  -54.793285 -234.867203 -0.629223
v  -55.669636 -237.736237 7.796434
v  -58.644764 -238.169418 -2.154231
v  -59.521061 -241.038422 6.271426
v  -55.044617 -241.947159 -3.066172
v  -59.521061 -241.038422 6.271426
v  -58.644764 -238.169418 -2.154231
v  -59.521061 -241.038422 6.271426
v  -55.044617 -241.947159 -3.066172
v  -55.920937 -244.816177 5.359486
v  -45.806438 -275.712433 -10.195731
v  -45.667328 -274.285522 -0.636135
v  -45.806438 -275.712433 -10.195731
v  -45.667328 -274.285522 -0.636135
v  -45.806438 -275.712433 -10.195731
v  -40.644360 -296.890259 -9.921447
v  -40.644360 -296.890259 -9.921447
v  -40.877640 -294.323181 0.782291
v  -45.667328 -274.285522 -0.636135
v  -40.877640 -294.323181 0.782291
v  -40.644360 -296.890259 -9.921447
v  -34.709579 -308.720032 -9.452726
v  -34.709579 -308.720032 -9.452726
v  -35.816917 -306.603760 1.067684
v  -40.877640 -294.323181 0.782291
v  -35.816917 -306.603760 1.067684
v  -34.709579 -308.720032 -9.452726
v  -30.695576 -316.004028 -9.396848
v  -30.695576 -316.004028 -9.396848
v  -30.144161 -314.725220 1.803586
v  -35.816917 -306.603760 1.067684
v  -30.144161 -314.725220 1.803586
v  -30.695576 -316.004028 -9.396848
v  -21.302086 -322.792603 -9.543315
v  -21.302086 -322.792603 -9.543315
v  -22.373194 -321.332489 2.275655
v  -30.144161 -314.725220 1.803586
v  10.034131 -229.799881 22.543400
v  10.034131 -229.799881 22.543400
v  13.229442 -228.716446 21.405247
v  17.139553 -238.475830 21.918922
v  13.229442 -228.716446 21.405247
v  10.034131 -229.799881 22.543400
v  13.229442 -228.716446 21.405247
v  17.139553 -238.475830 21.918922
v  24.512213 -236.011261 18.931173
v  22.541056 -247.077896 21.862196
v  24.512213 -236.011261 18.931173
v  17.139553 -238.475830 21.918922
v  24.512213 -236.011261 18.931173
v  22.541056 -247.077896 21.862196
v  30.003260 -244.272217 19.478680
v  25.647461 -262.186127 24.316145
v  30.003260 -244.272217 19.478680
v  22.541056 -247.077896 21.862196
v  30.003260 -244.272217 19.478680
v  25.647461 -262.186127 24.316145
v  34.062515 -261.493591 21.032938
v  24.769150 -278.843658 27.906609
v  34.062515 -261.493591 21.032938
v  25.647461 -262.186127 24.316145
v  34.062515 -261.493591 21.032938
v  24.769150 -278.843658 27.906609
v  32.840012 -280.547791 23.683409
v  20.218403 -289.211365 29.830141
v  32.840012 -280.547791 23.683409
v  24.769150 -278.843658 27.906609
v  32.840012 -280.547791 23.683409
v  20.218403 -289.211365 29.830141
v  28.925550 -294.645111 24.680855
v  13.792616 -296.122833 31.477537
v  28.925550 -294.645111 24.680855
v  20.218403 -289.211365 29.830141
v  28.925550 -294.645111 24.680855
v  13.792616 -296.122833 31.477537
v  20.432312 -306.501007 26.105419
v  7.177077 -299.143311 32.297943
v  20.432312 -306.501007 26.105419
v  13.792616 -296.122833 31.477537
v  20.432312 -306.501007 26.105419
v  7.177077 -299.143311 32.297943
v  9.195149 -313.239441 26.231783
v  -3.208232 -300.397705 31.821554
v  9.195149 -313.239441 26.231783
v  7.177077 -299.143311 32.297943
v  9.195149 -313.239441 26.231783
v  -3.208232 -300.397705 31.821554
v  -3.787740 -315.291687 25.029232
v  -12.237410 -298.398193 30.127607
v  -3.787740 -315.291687 25.029232
v  -3.208232 -300.397705 31.821554
v  -3.787740 -315.291687 25.029232
v  -12.237410 -298.398193 30.127607
v  -14.725961 -313.079315 23.545649
v  -20.352282 -310.623627 22.343773
v  -14.725961 -313.079315 23.545649
v  -12.237410 -298.398193 30.127607
v  -14.725961 -313.079315 23.545649
v  -20.352282 -310.623627 22.343773
v  -14.725961 -313.079315 23.545649
v  -21.951546 -317.550659 10.862772
v  -14.725961 -313.079315 23.545649
v  -20.352282 -310.623627 22.343773
v  -14.725961 -313.079315 23.545649
v  -21.951546 -317.550659 10.862772
v  -14.725961 -313.079315 23.545649
v  -15.168300 -321.869263 12.097216
v  -14.725961 -313.079315 23.545649
v  -21.951546 -317.550659 10.862772
v  -14.725961 -313.079315 23.545649
v  -15.168300 -321.869263 12.097216
v  -14.725961 -313.079315 23.545649
v  -2.852349 -324.214264 14.146076
v  -14.725961 -313.079315 23.545649
v  -15.168300 -321.869263 12.097216
v  -14.725961 -313.079315 23.545649
v  -2.852349 -324.214264 14.146076
v  -3.787740 -315.291687 25.029232
v  12.330102 -320.759888 16.245104
v  -3.787740 -315.291687 25.029232
v  -2.852349 -324.214264 14.146076
v  -3.787740 -315.291687 25.029232
v  12.330102 -320.759888 16.245104
v  9.195149 -313.239441 26.231783
v  25.074980 -311.843231 16.797441
v  9.195149 -313.239441 26.231783
v  12.330102 -320.759888 16.245104
v  9.195149 -313.239441 26.231783
v  25.074980 -311.843231 16.797441
v  20.432312 -306.501007 26.105419
v  33.854290 -297.850891 16.252016
v  20.432312 -306.501007 26.105419
v  25.074980 -311.843231 16.797441
v  20.432312 -306.501007 26.105419
v  33.854290 -297.850891 16.252016
v  28.925550 -294.645111 24.680855
v  40.053303 -281.471069 15.098060
v  28.925550 -294.645111 24.680855
v  33.854290 -297.850891 16.252016
v  28.925550 -294.645111 24.680855
v  40.053303 -281.471069 15.098060
v  32.840012 -280.547791 23.683409
v  41.386559 -260.735809 12.772240
v  32.840012 -280.547791 23.683409
v  40.053303 -281.471069 15.098060
v  32.840012 -280.547791 23.683409
v  41.386559 -260.735809 12.772240
v  34.062515 -261.493591 21.032938
v  36.299721 -242.346313 11.870947
v  34.062515 -261.493591 21.032938
v  41.386559 -260.735809 12.772240
v  34.062515 -261.493591 21.032938
v  36.299721 -242.346313 11.870947
v  30.003260 -244.272217 19.478680
v  29.255733 -235.098526 11.919806
v  30.003260 -244.272217 19.478680
v  36.299721 -242.346313 11.870947
v  30.003260 -244.272217 19.478680
v  29.255733 -235.098526 11.919806
v  24.512213 -236.011261 18.931173
v  16.699841 -228.522095 15.719497
v  24.512213 -236.011261 18.931173
v  29.255733 -235.098526 11.919806
v  24.512213 -236.011261 18.931173
v  16.699841 -228.522095 15.719497
v  13.229442 -228.716446 21.405247
v  -20.352282 -310.623627 22.343773
v  -12.237410 -298.398193 30.127607
v  -16.964573 -294.694122 28.307165
v  -55.641251 -253.127594 -18.949282
v  -52.288139 -254.735336 -15.176291
v  -59.739647 -254.259827 -15.789359
v  -56.386494 -255.867584 -12.016370
v  -59.739647 -254.259827 -15.789359
v  -52.288139 -254.735336 -15.176291
v  -55.364990 -245.138031 -15.686356
v  -52.011776 -246.745773 -11.913366
v  -55.641251 -253.127594 -18.949282
v  -52.011776 -246.745773 -11.913366
v  -55.641251 -253.127594 -18.949282
v  -52.011776 -246.745773 -11.913366
v  -55.641251 -253.127594 -18.949282
v  -52.011776 -246.745773 -11.913366
v  -52.288139 -254.735336 -15.176291
v  -52.011776 -246.745773 -11.913366
v  -52.288139 -254.735336 -15.176291
v  -52.011776 -246.745773 -11.913366
v  -52.288139 -254.735336 -15.176291
v  -52.011776 -246.745773 -11.913366
v  -56.386494 -255.867584 -12.016370
v  -56.110229 -247.877991 -8.753444
v  -56.386494 -255.867584 -12.016370
v  -52.011776 -246.745773 -11.913366
v  -56.386494 -255.867584 -12.016370
v  -56.110229 -247.877991 -8.753444
v  -59.739647 -254.259827 -15.789359
v  -59.463379 -246.270248 -12.526434
v  -59.739647 -254.259827 -15.789359
v  -56.110229 -247.877991 -8.753444
v  -59.739647 -254.259827 -15.789359
v  -59.463379 -246.270248 -12.526434
v  -59.739647 -254.259827 -15.789359
v  -55.364990 -245.138031 -15.686356
v  -59.739647 -254.259827 -15.789359
v  -59.463379 -246.270248 -12.526434
v  -59.739647 -254.259827 -15.789359
v  -55.364990 -245.138031 -15.686356
v  -55.641251 -253.127594 -18.949282
v  -5.555296 -115.307678 -40.636749
v  5.555310 -115.307678 -40.636753
v  -5.555296 -115.307678 -40.636749
v  5.555310 -115.307678 -40.636753
v  -5.555296 -115.307678 -40.636749
v  0.000009 -115.307678 -31.014690
v  0.000009 -115.307678 -31.014690
v  11.110614 -115.307678 -31.014692
v  5.555310 -115.307678 -40.636753
v  11.110614 -115.307678 -31.014692
v  0.000009 -115.307678 -31.014690
v  0.000009 -115.307678 -31.014690
v  0.000009 -115.307678 -31.014690
v  5.555312 -115.307678 -21.392626
v  11.110614 -115.307678 -31.014692
v  5.555312 -115.307678 -21.392626
v  0.000009 -115.307678 -31.014690
v  0.000009 -115.307678 -31.014690
v  0.000009 -115.307678 -31.014690
v  -5.555293 -115.307678 -21.392624
v  5.555312 -115.307678 -21.392626
v  -5.555293 -115.307678 -21.392624
v  0.000009 -115.307678 -31.014690
v  0.000009 -115.307678 -31.014690
v  0.000009 -115.307678 -31.014690
v  -11.110595 -115.307678 -31.014690
v  -5.555293 -115.307678 -21.392624
v  -11.110595 -115.307678 -31.014690
v  0.000009 -115.307678 -31.014690
v  -5.555296 -115.307678 -40.636749
v  -5.555296 -137.528885 -40.636749
v  -5.555296 -115.307678 -40.636749
v  5.555310 -115.307678 -40.636753
v  -5.555296 -115.307678 -40.636749
v  -5.555296 -137.528885 -40.636749
v  -11.110595 -137.528885 -31.014688
v  -11.110595 -137.528885 -31.014688
v  -11.110595 -115.307678 -31.014690
v  -5.555296 -115.307678 -40.636749
v  -11.110595 -115.307678 -31.014690
v  -11.110595 -137.528885 -31.014688
v  -5.555293 -137.528885 -21.392624
v  -5.555293 -137.528885 -21.392624
v  -5.555293 -115.307678 -21.392624
v  -11.110595 -115.307678 -31.014690
v  -5.555293 -115.307678 -21.392624
v  -5.555293 -137.528885 -21.392624
v  5.555312 -137.528885 -21.392624
v  5.555312 -137.528885 -21.392624
v  5.555312 -115.307678 -21.392626
v  -5.555293 -115.307678 -21.392624
v  5.555312 -115.307678 -21.392626
v  5.555312 -137.528885 -21.392624
v  11.110614 -137.528885 -31.014690
v  11.110614 -137.528885 -31.014690
v  11.110614 -115.307678 -31.014692
v  5.555312 -115.307678 -21.392626
v  11.110614 -115.307678 -31.014692
v  11.110614 -137.528885 -31.014690
v  5.555310 -137.528885 -40.636753
v  5.555310 -137.528885 -40.636753
v  5.555310 -115.307678 -40.636753
v  11.110614 -115.307678 -31.014692
v  5.555310 -115.307678 -40.636753
v  5.555310 -137.528885 -40.636753
v  5.555310 -137.528885 -40.636753
v  5.555310 -137.528885 -40.636753
v  -5.555296 -137.528885 -40.636749
v  5.555310 -115.307678 -40.636753
v  -5.555296 -137.528885 -40.636749
v  5.555310 -137.528885 -40.636753
v  0.000009 -137.528885 -31.014688
v  0.000009 -137.528885 -31.014688
v  -11.110595 -137.528885 -31.014688
v  -5.555296 -137.528885 -40.636749
v  -11.110595 -137.528885 -31.014688
v  0.000009 -137.528885 -31.014688
v  0.000009 -137.528885 -31.014688
v  0.000009 -137.528885 -31.014688
v  -5.555293 -137.528885 -21.392624
v  -11.110595 -137.528885 -31.014688
v  -5.555293 -137.528885 -21.392624
v  0.000009 -137.528885 -31.014688
v  0.000009 -137.528885 -31.014688
v  0.000009 -137.528885 -31.014688
v  5.555312 -137.528885 -21.392624
v  -5.555293 -137.528885 -21.392624
v  5.555312 -137.528885 -21.392624
v  0.000009 -137.528885 -31.014688
v  0.000009 -137.528885 -31.014688
v  0.000009 -137.528885 -31.014688
v  11.110614 -137.528885 -31.014690
v  5.555312 -137.528885 -21.392624
v  11.110614 -137.528885 -31.014690
v  0.000009 -137.528885 -31.014688
v  5.555310 -137.528885 -40.636753
v  -51.797886 -234.444916 -20.213516
v  -59.027115 -232.478638 -20.213516
v  -54.429604 -229.847992 -20.133196
v  -59.027115 -232.478638 -20.213516
v  -51.797886 -234.444916 -20.213516
v  -56.395477 -237.075546 -20.293837
v  -51.848221 -234.629959 -11.271809
v  -54.429604 -229.847992 -20.133196
v  -54.479935 -230.033020 -11.191489
v  -54.429604 -229.847992 -20.133196
v  -51.848221 -234.629959 -11.271809
v  -51.848221 -234.629959 -11.271809
v  -51.848221 -234.629959 -11.271809
v  -51.797886 -234.444916 -20.213516
v  -54.429604 -229.847992 -20.133196
v  -51.797886 -234.444916 -20.213516
v  -51.848221 -234.629959 -11.271809
v  -56.445763 -237.260605 -11.352129
v  -56.445763 -237.260605 -11.352129
v  -56.395477 -237.075546 -20.293837
v  -51.797886 -234.444916 -20.213516
v  -56.395477 -237.075546 -20.293837
v  -56.445763 -237.260605 -11.352129
v  -59.077499 -232.663681 -11.271809
v  -59.077499 -232.663681 -11.271809
v  -59.027115 -232.478638 -20.213516
v  -56.395477 -237.075546 -20.293837
v  -59.027115 -232.478638 -20.213516
v  -59.077499 -232.663681 -11.271809
v  -54.479935 -230.033020 -11.191489
v  -54.479935 -230.033020 -11.191489
v  -54.429604 -229.847992 -20.133196
v  -59.027115 -232.478638 -20.213516
v  -26.734495 -238.141388 -3.250391
v  -26.734495 -238.141388 -3.250391
v  -29.464966 -241.437790 -3.250391
v  -26.734495 -241.437790 -5.605439
v  -29.464966 -241.437790 -3.250391
v  -26.734495 -238.141388 -3.250391
v  -29.464966 -241.437790 -3.250391
v  -26.734495 -241.437790 -5.605439
v  -26.734495 -251.353363 -3.250391
v  -26.734495 -241.437790 -5.605439
v  -26.734495 -238.141388 -3.250391
v  -24.934875 -239.061691 -3.250391
v  -26.734495 -251.353363 -3.250391
v  -26.734495 -241.437790 -5.605439
v  -24.004025 -241.437790 -3.250391
v  -24.934875 -239.061691 -3.250391
v  -24.004025 -241.437790 -3.250391
v  -26.734495 -241.437790 -5.605439
v  -24.004025 -241.437790 -3.250391
v  -24.934875 -239.061691 -3.250391
v  -26.734495 -239.080444 -2.268387
v  -26.734495 -238.141388 -3.250391
v  -26.734495 -239.080444 -2.268387
v  -24.934875 -239.061691 -3.250391
v  -26.734495 -239.080444 -2.268387
v  -26.734495 -238.141388 -3.250391
v  -28.534117 -239.061691 -3.250391
v  -29.464966 -241.437790 -3.250391
v  -28.534117 -239.061691 -3.250391
v  -26.734495 -238.141388 -3.250391
v  -28.534117 -239.061691 -3.250391
v  -29.464966 -241.437790 -3.250391
v  -26.734495 -241.437790 -0.895342
v  -26.734495 -251.353363 -3.250391
v  -26.734495 -241.437790 -0.895342
v  -29.464966 -241.437790 -3.250391
v  -26.734495 -241.437790 -0.895342
v  -26.734495 -251.353363 -3.250391
v  -26.734495 -241.437790 -0.895342
v  -24.004025 -241.437790 -3.250391
v  -26.734495 -241.437790 -0.895342
v  -26.734495 -251.353363 -3.250391
v  -26.734495 -241.437790 -0.895342
v  -24.004025 -241.437790 -3.250391
v  -26.734495 -241.437790 -0.895342
v  -26.734495 -239.080444 -2.268387
v  -26.734495 -241.437790 -0.895342
v  -24.004025 -241.437790 -3.250391
v  -26.734495 -241.437790 -0.895342
v  -26.734495 -239.080444 -2.268387
v  -28.534117 -239.061691 -3.250391
v  -27.005947 -302.077209 18.262932
v  -14.830300 -285.876099 26.621630
v  -27.005947 -302.077209 18.262932
v  -14.830300 -285.876099 26.621630
v  -27.005947 -302.077209 18.262932
v  -18.567842 -307.557922 21.281189
v  -18.567842 -307.557922 21.281189
v  0.000001 -289.177185 29.108519
v  -14.830300 -285.876099 26.621630
v  0.000001 -289.177185 29.108519
v  -18.567842 -307.557922 21.281189
v  0.000001 -312.457458 24.283133
v  0.000001 -312.457458 24.283133
v  0.000001 -289.177185 29.108519
v  0.000001 -289.177185 29.108519
v  0.000001 -289.177185 29.108519
v  0.000001 -312.457458 24.283133
v  18.558590 -307.557922 21.281189
v  18.558590 -307.557922 21.281189
v  14.830302 -285.876099 26.621630
v  0.000001 -289.177185 29.108519
v  14.830302 -285.876099 26.621630
v  18.558590 -307.557922 21.281189
v  25.819004 -302.077209 18.262932
v  23.037001 -44.320629 -20.164803
v  27.114107 -43.541649 -22.357908
v  29.027834 -44.145531 -10.641744
v  27.114107 -43.541649 -22.357908
v  23.037001 -44.320629 -20.164803
v  18.029158 -43.444267 -25.305796
v  14.122161 -44.271885 -20.567387
v  18.029158 -43.444267 -25.305796
v  23.037001 -44.320629 -20.164803
v  18.029158 -43.444267 -25.305796
v  14.122161 -44.271885 -20.567387
v  10.347936 -43.346889 -22.320127
v  8.717495 -44.379913 -9.256578
v  10.347936 -43.346889 -22.320127
v  14.122161 -44.271885 -20.567387
v  10.347936 -43.346889 -22.320127
v  8.717495 -44.379913 -9.256578
v  5.373852 -43.672493 -10.378476
v  8.963321 -43.615017 3.524664
v  5.373852 -43.672493 -10.378476
v  8.717495 -44.379913 -9.256578
v  5.373852 -43.672493 -10.378476
v  8.963321 -43.615017 3.524664
v  8.392714 -27.791740 3.512244
v  8.963321 -43.615017 3.524664
v  8.392714 -27.791740 3.512244
v  8.963321 -43.615017 3.524664
v  8.392714 -27.791740 3.512244
v  8.963321 -43.615017 3.524664
v  19.270435 -28.157753 6.083963
v  18.630478 -44.370960 5.069413
v  19.270435 -28.157753 6.083963
v  8.963321 -43.615017 3.524664
v  19.270435 -28.157753 6.083963
v  18.630478 -44.370960 5.069413
v  27.540251 -43.865601 3.217978
v  23.090422 -44.144730 -0.233091
v  27.540251 -43.865601 3.217978
v  18.630478 -44.370960 5.069413
v  27.540251 -43.865601 3.217978
v  23.090422 -44.144730 -0.233091
v  27.540251 -43.865601 3.217978
v  29.027834 -44.145531 -10.641744
v  27.540251 -43.865601 3.217978
v  23.090422 -44.144730 -0.233091
v  27.540251 -43.865601 3.217978
v  29.027834 -44.145531 -10.641744
v  32.249882 -43.808125 -10.770156
v  27.114107 -43.541649 -22.357908
v  32.249882 -43.808125 -10.770156
v  29.027834 -44.145531 -10.641744
v  32.249882 -43.808125 -10.770156
v  27.114107 -43.541649 -22.357908
v  27.190737 -27.634605 -22.526875
v  18.029158 -43.444267 -25.305796
v  27.190737 -27.634605 -22.526875
v  27.114107 -43.541649 -22.357908
v  27.190737 -27.634605 -22.526875
v  18.029158 -43.444267 -25.305796
v  18.792267 -27.740707 -25.112530
v  18.630478 -44.370960 5.069413
v  13.837256 -44.359127 0.301853
v  23.090422 -44.144730 -0.233091
v  13.837256 -44.359127 0.301853
v  18.630478 -44.370960 5.069413
v  8.963321 -43.615017 3.524664
v  8.963321 -43.615017 3.524664
v  13.837256 -44.359127 0.301853
v  13.837256 -44.359127 0.301853
v  13.837256 -44.359127 0.301853
v  8.963321 -43.615017 3.524664
v  8.717495 -44.379913 -9.256578
v  19.270435 -28.157753 6.083963
v  28.597897 -27.741020 3.559443
v  19.270435 -28.157753 6.083963
v  28.597897 -27.741020 3.559443
v  19.270435 -28.157753 6.083963
v  27.540251 -43.865601 3.217978
v  27.540251 -43.865601 3.217978
v  28.597897 -27.741020 3.559443
v  28.597897 -27.741020 3.559443
v  28.597897 -27.741020 3.559443
v  27.540251 -43.865601 3.217978
v  32.249882 -43.808125 -10.770156
v  32.249882 -43.808125 -10.770156
v  33.720287 -27.761627 -11.672802
v  28.597897 -27.741020 3.559443
v  33.720287 -27.761627 -11.672802
v  32.249882 -43.808125 -10.770156
v  27.190737 -27.634605 -22.526875
v  18.029158 -43.444267 -25.305796
v  10.583273 -27.846817 -22.891045
v  18.792267 -27.740707 -25.112530
v  10.583273 -27.846817 -22.891045
v  18.029158 -43.444267 -25.305796
v  10.347936 -43.346889 -22.320127
v  10.347936 -43.346889 -22.320127
v  10.583273 -27.846817 -22.891045
v  10.583273 -27.846817 -22.891045
v  10.583273 -27.846817 -22.891045
v  10.347936 -43.346889 -22.320127
v  5.373852 -43.672493 -10.378476
v  5.373852 -43.672493 -10.378476
v  5.674382 -27.981483 -11.173781
v  10.583273 -27.846817 -22.891045
v  5.674382 -27.981483 -11.173781
v  5.373852 -43.672493 -10.378476
v  8.392714 -27.791740 3.512244
v  14.830302 -285.876099 26.621630
v  26.659784 -279.783478 19.475779
v  14.830302 -285.876099 26.621630
v  26.659784 -279.783478 19.475779
v  14.830302 -285.876099 26.621630
v  25.819004 -302.077209 18.262932
v  25.819004 -302.077209 18.262932
v  34.739632 -279.585419 -1.849517
v  26.659784 -279.783478 19.475779
v  122.090599 -212.612381 11.905615
v  122.090599 -212.612381 11.905615
v  114.259430 -221.873596 13.394806
v  122.572372 -213.080017 1.327568
v  114.259430 -221.873596 13.394806
v  122.090599 -212.612381 11.905615
v  114.259430 -221.873596 13.394806
v  122.572372 -213.080017 1.327568
v  113.694458 -222.307724 -13.053097
v  120.618896 -215.454071 -10.215424
v  113.694458 -222.307724 -13.053097
v  122.572372 -213.080017 1.327568
v  19.647663 -0.000014 43.881618
v  32.055721 0.000024 36.647434
v  41.594257 -0.000030 19.347382
v  19.647663 -0.000014 43.881618
v  1.384803 -0.000014 20.890633
v  6.723703 -0.000011 38.083912
v  1.384803 -0.000014 20.890633
v  19.647663 -0.000014 43.881618
v  41.594257 -0.000030 19.347382
v  41.594257 -0.000030 19.347382
v  4.899014 -0.000060 4.484875
v  1.384803 -0.000014 20.890633
v  4.899014 -0.000060 4.484875
v  41.594257 -0.000030 19.347382
v  33.954262 -0.000001 2.834557
v  33.954262 -0.000001 2.834557
v  2.290015 -0.000022 -4.014764
v  4.899014 -0.000060 4.484875
v  2.290015 -0.000022 -4.014764
v  33.954262 -0.000001 2.834557
v  33.954262 -0.000001 2.834557
v  33.954262 -0.000001 2.834557
v  2.812411 0.000001 -12.065728
v  2.290015 -0.000022 -4.014764
v  2.812411 0.000001 -12.065728
v  33.954262 -0.000001 2.834557
v  33.954262 -0.000001 2.834557
v  33.954262 -0.000001 2.834557
v  10.617648 0.000066 -25.995983
v  2.812411 0.000001 -12.065728
v  10.617648 0.000066 -25.995983
v  33.954262 -0.000001 2.834557
v  33.954262 -0.000001 2.834557
v  33.954262 -0.000001 2.834557
v  20.400908 -0.000014 -27.798319
v  10.617648 0.000066 -25.995983
v  20.400908 -0.000014 -27.798319
v  33.954262 -0.000001 2.834557
v  33.954262 -0.000001 2.834557
v  33.954262 -0.000001 2.834557
v  30.184162 -0.000030 -25.692076
v  20.400908 -0.000014 -27.798319
v  30.184162 -0.000030 -25.692076
v  33.954262 -0.000001 2.834557
v  35.747803 0.000022 -13.827340
v  9.943113 -184.303879 18.408226
v  11.605501 -184.218948 17.814034
v  9.943113 -184.303879 18.408226
v  11.605501 -184.218948 17.814034
v  9.943113 -184.303879 18.408226
v  11.589174 -191.291092 17.935955
v  11.589174 -191.291092 17.935955
v  12.797005 -190.784149 17.060354
v  11.605501 -184.218948 17.814034
v  12.797005 -190.784149 17.060354
v  11.589174 -191.291092 17.935955
v  11.589174 -191.291092 17.935955
v  11.589174 -191.291092 17.935955
v  13.196830 -193.608841 16.282833
v  12.797005 -190.784149 17.060354
v  3.377844 -205.529022 -15.364945
v  3.377844 -205.529022 -15.364945
v  -3.377826 -205.529022 -15.364945
v  0.000009 -212.045273 -17.119862
v  -3.377826 -205.529022 -15.364945
v  3.377844 -205.529022 -15.364945
v  -3.377826 -205.529022 -15.364945
v  0.000009 -212.045273 -17.119862
v  -8.485250 -217.081070 -18.036448
v  -2.607375 -219.212891 -17.446037
v  -8.485250 -217.081070 -18.036448
v  0.000009 -212.045273 -17.119862
v  -8.485250 -217.081070 -18.036448
v  -2.607375 -219.212891 -17.446037
v  -12.881843 -230.833252 -13.977575
v  -6.605051 -233.723328 -14.444766
v  -12.881843 -230.833252 -13.977575
v  -2.607375 -219.212891 -17.446037
v  -12.881843 -230.833252 -13.977575
v  -6.605051 -233.723328 -14.444766
v  -12.881843 -230.833252 -13.977575
v  -7.608505 -236.197174 -8.286802
v  -12.881843 -230.833252 -13.977575
v  -6.605051 -233.723328 -14.444766
v  -12.881843 -230.833252 -13.977575
v  -7.608505 -236.197174 -8.286802
v  -14.281125 -232.500961 -8.183544
v  -8.873335 -237.324631 -0.251480
v  -14.281125 -232.500961 -8.183544
v  -7.608505 -236.197174 -8.286802
v  -14.281125 -232.500961 -8.183544
v  -8.873335 -237.324631 -0.251480
v  -16.050186 -234.017014 -1.100477
v  -10.728226 -233.798218 5.886444
v  -16.050186 -234.017014 -1.100477
v  -8.873335 -237.324631 -0.251480
v  -16.050186 -234.017014 -1.100477
v  -10.728226 -233.798218 5.886444
v  -17.416147 -231.969864 4.469535
v  -15.660408 -224.621780 13.888559
v  -17.416147 -231.969864 4.469535
v  -10.728226 -233.798218 5.886444
v  -17.416147 -231.969864 4.469535
v  -15.660408 -224.621780 13.888559
v  -20.245180 -224.910172 9.549723
v  -15.660408 -224.621780 13.888559
v  -20.245180 -224.910172 9.549723
v  -15.660408 -224.621780 13.888559
v  -20.245180 -224.910172 9.549723
v  -15.660408 -224.621780 13.888559
v  -22.575375 -217.706436 12.335347
v  -19.118067 -217.417999 16.674183
v  -22.575375 -217.706436 12.335347
v  -15.660408 -224.621780 13.888559
v  -22.575375 -217.706436 12.335347
v  -19.118067 -217.417999 16.674183
v  -22.575375 -217.706436 12.335347
v  -21.581285 -210.168655 16.399826
v  -22.575375 -217.706436 12.335347
v  -19.118067 -217.417999 16.674183
v  -22.575375 -217.706436 12.335347
v  -21.581285 -210.168655 16.399826
v  -21.838282 -208.869583 10.959384
v  -20.500078 -204.539749 16.481356
v  -21.838282 -208.869583 10.959384
v  -21.581285 -210.168655 16.399826
v  -21.838282 -208.869583 10.959384
v  -20.500078 -204.539749 16.481356
v  -20.353811 -203.151871 10.896417
v  -20.500078 -204.539749 16.481356
v  -20.353811 -203.151871 10.896417
v  -20.500078 -204.539749 16.481356
v  -20.353811 -203.151871 10.896417
v  -20.500078 -204.539749 16.481356
v  -15.081303 -192.595093 11.759753
v  -13.196813 -193.608841 16.282833
v  -15.081303 -192.595093 11.759753
v  -20.500078 -204.539749 16.481356
v  -15.081303 -192.595093 11.759753
v  -13.196813 -193.608841 16.282833
v  -14.529066 -189.795761 12.215670
v  -12.796988 -190.784149 17.060354
v  -14.529066 -189.795761 12.215670
v  -13.196813 -193.608841 16.282833
v  12.797005 -190.784149 17.060354
v  13.196830 -193.608841 16.282833
v  14.529083 -189.795761 12.215670
v  13.196830 -193.608841 16.282833
v  14.529083 -189.795761 12.215670
v  13.196830 -193.608841 16.282833
v  14.529083 -189.795761 12.215670
v  13.196830 -193.608841 16.282833
v  15.081320 -192.595093 11.759753
v  20.500097 -204.539749 16.481356
v  15.081320 -192.595093 11.759753
v  13.196830 -193.608841 16.282833
v  15.081320 -192.595093 11.759753
v  20.500097 -204.539749 16.481356
v  20.353830 -203.151871 10.896417
v  20.500097 -204.539749 16.481356
v  20.353830 -203.151871 10.896417
v  20.500097 -204.539749 16.481356
v  20.353830 -203.151871 10.896417
v  20.500097 -204.539749 16.481356
v  21.838301 -208.869583 10.959384
v  21.581305 -210.168655 16.399826
v  21.838301 -208.869583 10.959384
v  20.500097 -204.539749 16.481356
v  21.838301 -208.869583 10.959384
v  21.581305 -210.168655 16.399826
v  22.666712 -217.679214 12.335346
v  19.118658 -217.418091 16.673603
v  22.666712 -217.679214 12.335346
v  21.581305 -210.168655 16.399826
v  22.666712 -217.679214 12.335346
v  19.118658 -217.418091 16.673603
v  22.666712 -217.679214 12.335346
v  15.660999 -224.621826 13.887979
v  22.666712 -217.679214 12.335346
v  19.118658 -217.418091 16.673603
v  22.666712 -217.679214 12.335346
v  15.660999 -224.621826 13.887979
v  20.524059 -224.910172 9.549723
v  15.660999 -224.621826 13.887979
v  20.524059 -224.910172 9.549723
v  15.660999 -224.621826 13.887979
v  20.524059 -224.910172 9.549723
v  15.660999 -224.621826 13.887979
v  17.416166 -231.969864 4.469535
v  10.728243 -233.798218 5.886444
v  17.416166 -231.969864 4.469535
v  15.660999 -224.621826 13.887979
v  17.416166 -231.969864 4.469535
v  10.728243 -233.798218 5.886444
v  16.050205 -234.017014 -1.100477
v  8.873352 -237.324631 -0.251480
v  16.050205 -234.017014 -1.100477
v  10.728243 -233.798218 5.886444
v  16.050205 -234.017014 -1.100477
v  8.873352 -237.324631 -0.251480
v  14.281142 -232.500961 -8.183544
v  7.608523 -236.197174 -8.286802
v  14.281142 -232.500961 -8.183544
v  8.873352 -237.324631 -0.251480
v  14.281142 -232.500961 -8.183544
v  7.608523 -236.197174 -8.286802
v  12.881860 -230.833252 -13.977575
v  6.605071 -233.723328 -14.444765
v  12.881860 -230.833252 -13.977575
v  7.608523 -236.197174 -8.286802
v  12.881860 -230.833252 -13.977575
v  6.605071 -233.723328 -14.444765
v  12.881860 -230.833252 -13.977575
v  2.607393 -219.212891 -17.446037
v  12.881860 -230.833252 -13.977575
v  6.605071 -233.723328 -14.444765
v  12.881860 -230.833252 -13.977575
v  2.607393 -219.212891 -17.446037
v  8.485268 -217.081070 -18.036448
v  0.000009 -212.045273 -17.119862
v  8.485268 -217.081070 -18.036448
v  2.607393 -219.212891 -17.446037
v  8.485268 -217.081070 -18.036448
v  0.000009 -212.045273 -17.119862
v  3.377844 -205.529022 -15.364945
v  20.710743 -291.627716 26.570202
v  13.930876 -290.334595 31.008871
v  20.710743 -291.627716 26.570202
v  13.930876 -290.334595 31.008871
v  20.710743 -291.627716 26.570202
v  22.291435 -285.356415 27.550636
v  22.291435 -285.356415 27.550636
v  16.151436 -284.095001 31.715635
v  13.930876 -290.334595 31.008871
v  16.151436 -284.095001 31.715635
v  22.291435 -285.356415 27.550636
v  24.423513 -278.485748 26.641096
v  24.423513 -278.485748 26.641096
v  19.668982 -275.300354 29.905567
v  16.151436 -284.095001 31.715635
v  19.668982 -275.300354 29.905567
v  24.423513 -278.485748 26.641096
v  25.001320 -262.493164 24.868818
v  -32.766209 0.000029 36.647430
v  -38.613323 -19.595879 27.181953
v  -31.199539 -14.709636 38.086624
v  -38.613323 -19.595879 27.181953
v  -32.766209 0.000029 36.647430
v  -42.304749 -0.000025 19.347374
v  -42.304749 -0.000025 19.347374
v  -36.740337 -13.986197 5.851475
v  -38.613323 -19.595879 27.181953
v  -36.740337 -13.986197 5.851475
v  -42.304749 -0.000025 19.347374
v  -36.317055 0.000004 5.482143
v  -11.775577 -180.875336 18.442720
v  -9.943096 -184.303879 18.408226
v  -9.944549 -180.904297 19.397238
v  -9.943096 -184.303879 18.408226
v  -11.775577 -180.875336 18.442720
v  -11.605484 -184.218948 17.460232
v  -15.963839 -184.046738 12.760485
v  -17.391951 -180.981659 12.482038
v  -16.641878 -184.151947 11.374855
v  -17.391951 -180.981659 12.482038
v  -15.963839 -184.046738 12.760485
v  -16.864641 -180.962936 13.913039
v  -14.529066 -189.795761 12.215670
v  -15.439800 -189.449829 10.645407
v  -15.081303 -192.595093 11.759753
v  -15.439800 -189.449829 10.645407
v  -14.529066 -189.795761 12.215670
v  -15.963839 -184.046738 12.760485
v  -15.963839 -184.046738 12.760485
v  -16.641878 -184.151947 11.374855
v  -15.439800 -189.449829 10.645407
v  92.747650 -217.580444 -3.390823
v  92.747650 -217.580444 -3.390823
v  105.662109 -221.742889 -2.132925
v  104.231918 -215.881775 5.827782
v  105.662109 -221.742889 -2.132925
v  92.747650 -217.580444 -3.390823
v  105.662109 -221.742889 -2.132925
v  104.231918 -215.881775 5.827782
v  105.662109 -221.742889 -2.132925
v  114.259430 -221.873596 13.394806
v  105.662109 -221.742889 -2.132925
v  104.231918 -215.881775 5.827782
v  105.662109 -221.742889 -2.132925
v  114.259430 -221.873596 13.394806
v  105.662109 -221.742889 -2.132925
v  113.694458 -222.307724 -13.053097
v  105.662109 -221.742889 -2.132925
v  114.259430 -221.873596 13.394806
v  105.662109 -221.742889 -2.132925
v  113.694458 -222.307724 -13.053097
v  92.747650 -217.580444 -3.390823
v  94.132324 -220.964264 -14.135281
v  92.747650 -217.580444 -3.390823
v  113.694458 -222.307724 -13.053097
v  92.747650 -217.580444 -3.390823
v  94.132324 -220.964264 -14.135281
v  92.747650 -217.580444 -3.390823
v  86.657249 -226.028320 -0.753548
v  92.747650 -217.580444 -3.390823
v  94.132324 -220.964264 -14.135281
v  92.747650 -217.580444 -3.390823
v  86.657249 -226.028320 -0.753548
v  92.747650 -217.580444 -3.390823
v  92.281181 -215.226181 3.472883
v  92.747650 -217.580444 -3.390823
v  86.657249 -226.028320 -0.753548
v  92.747650 -217.580444 -3.390823
v  92.281181 -215.226181 3.472883
v  104.231918 -215.881775 5.827782
v  -8.054599 -16.673052 39.698963
v  -6.723689 -0.000005 38.083908
v  -8.054599 -16.673052 39.698963
v  -6.723689 -0.000005 38.083908
v  -8.054599 -16.673052 39.698963
v  -3.972182 -21.618729 27.181953
v  -3.972182 -21.618729 27.181953
v  -1.384789 -0.000009 20.890625
v  -6.723689 -0.000005 38.083908
v  -1.384789 -0.000009 20.890625
v  -3.972182 -21.618729 27.181953
v  -4.660727 -13.365899 0.768097
v  -4.660727 -13.365899 0.768097
v  -4.898999 -0.000055 4.484869
v  -1.384789 -0.000009 20.890625
v  -4.898999 -0.000055 4.484869
v  -4.660727 -13.365899 0.768097
v  -4.660727 -13.365899 0.768097
v  -4.660727 -13.365899 0.768097
v  -2.290001 -0.000017 -4.014771
v  -4.898999 -0.000055 4.484869
v  -2.290001 -0.000017 -4.014771
v  -4.660727 -13.365899 0.768097
v  -4.660727 -13.365899 0.768097
v  -4.660727 -13.365899 0.768097
v  -2.812397 0.000006 -12.065735
v  -2.290001 -0.000017 -4.014771
v  -2.812397 0.000006 -12.065735
v  -4.660727 -13.365899 0.768097
v  -2.387078 -12.717052 -11.845236
v  -2.387078 -12.717052 -11.845236
v  -2.812397 0.000006 -12.065735
v  -2.812397 0.000006 -12.065735
v  -2.812397 0.000006 -12.065735
v  -2.387078 -12.717052 -11.845236
v  -10.411679 -12.227368 -27.800028
v  -10.411679 -12.227368 -27.800028
v  -10.617633 0.000071 -25.995991
v  -2.812397 0.000006 -12.065735
v  -10.617633 0.000071 -25.995991
v  -10.411679 -12.227368 -27.800028
v  -19.905022 -12.136761 -29.503218
v  -19.905022 -12.136761 -29.503218
v  -20.400894 -0.000009 -27.798326
v  -10.617633 0.000071 -25.995991
v  -20.400894 -0.000009 -27.798326
v  -19.905022 -12.136761 -29.503218
v  -19.905022 -12.136761 -29.503218
v  -19.905022 -12.136761 -29.503218
v  -30.184149 -0.000025 -25.692083
v  -20.400894 -0.000009 -27.798326
v  -30.184149 -0.000025 -25.692083
v  -19.905022 -12.136761 -29.503218
v  -29.398354 -12.046062 -27.298021
v  -29.398354 -12.046062 -27.298021
v  -35.747791 0.000027 -13.827347
v  -30.184149 -0.000025 -25.692083
v  -30.489038 -16.872274 38.658649
v  -30.489038 -16.872274 38.658649
v  -37.359463 -22.037733 27.181953
v  -32.055710 0.000029 36.647430
v  -37.359463 -22.037733 27.181953
v  -30.489038 -16.872274 38.658649
v  -37.359463 -22.037733 27.181953
v  -32.055710 0.000029 36.647430
v  -37.359463 -22.037733 27.181953
v  -41.594246 -0.000025 19.347374
v  -37.359463 -22.037733 27.181953
v  -32.055710 0.000029 36.647430
v  -37.359463 -22.037733 27.181953
v  -41.594246 -0.000025 19.347374
v  -33.904293 -12.820875 -0.552322
v  -33.954250 0.000004 2.834551
v  -33.904293 -12.820875 -0.552322
v  -41.594246 -0.000025 19.347374
v  -33.904293 -12.820875 -0.552322
v  -33.954250 0.000004 2.834551
v  -33.904293 -12.820875 -0.552322
v  -35.747791 0.000027 -13.827347
v  -33.904293 -12.820875 -0.552322
v  -33.954250 0.000004 2.834551
v  -33.904293 -12.820875 -0.552322
v  -35.747791 0.000027 -13.827347
v  -36.228844 -11.875875 -13.580122
v  -29.398354 -12.046062 -27.298021
v  -36.228844 -11.875875 -13.580122
v  -35.747791 0.000027 -13.827347
v  -36.228844 -11.875875 -13.580122
v  -29.398354 -12.046062 -27.298021
v  -27.190723 -27.634604 -22.526882
v  -19.905022 -12.136761 -29.503218
v  -27.190723 -27.634604 -22.526882
v  -29.398354 -12.046062 -27.298021
v  -27.190723 -27.634604 -22.526882
v  -19.905022 -12.136761 -29.503218
v  -18.792253 -27.740704 -25.112537
v  -10.411679 -12.227368 -27.800028
v  -18.792253 -27.740704 -25.112537
v  -19.905022 -12.136761 -29.503218
v  -18.792253 -27.740704 -25.112537
v  -10.411679 -12.227368 -27.800028
v  -10.583258 -27.846815 -22.891052
v  -2.387078 -12.717052 -11.845236
v  -10.583258 -27.846815 -22.891052
v  -10.411679 -12.227368 -27.800028
v  -10.583258 -27.846815 -22.891052
v  -2.387078 -12.717052 -11.845236
v  -5.674368 -27.981478 -11.173788
v  -4.660727 -13.365899 0.768097
v  -5.674368 -27.981478 -11.173788
v  -2.387078 -12.717052 -11.845236
v  -5.674368 -27.981478 -11.173788
v  -4.660727 -13.365899 0.768097
v  -8.392698 -27.791739 3.512239
v  -3.972182 -21.618729 27.181953
v  -8.392698 -27.791739 3.512239
v  -4.660727 -13.365899 0.768097
v  -8.392698 -27.791739 3.512239
v  -3.972182 -21.618729 27.181953
v  -19.000008 -30.186386 30.543922
v  -8.054599 -16.673052 39.698963
v  -19.000008 -30.186386 30.543922
v  -3.972182 -21.618729 27.181953
v  -19.000008 -30.186386 30.543922
v  -8.054599 -16.673052 39.698963
v  -19.413298 -17.462238 45.372314
v  -6.723689 -0.000005 38.083908
v  -19.413298 -17.462238 45.372314
v  -8.054599 -16.673052 39.698963
v  -19.413298 -17.462238 45.372314
v  -6.723689 -0.000005 38.083908
v  -19.413298 -17.462238 45.372314
v  -19.647650 -0.000009 43.881615
v  -19.413298 -17.462238 45.372314
v  -6.723689 -0.000005 38.083908
v  -19.413298 -17.462238 45.372314
v  -19.647650 -0.000009 43.881615
v  -19.413298 -17.462238 45.372314
v  -32.055710 0.000029 36.647430
v  -19.413298 -17.462238 45.372314
v  -19.647650 -0.000009 43.881615
v  -19.413298 -17.462238 45.372314
v  -32.055710 0.000029 36.647430
v  -19.413298 -17.462238 45.372314
v  -30.489038 -16.872274 38.658649
v  -19.413298 -17.462238 45.372314
v  -32.055710 0.000029 36.647430
v  -19.413298 -17.462238 45.372314
v  -30.489038 -16.872274 38.658649
v  -19.000008 -30.186386 30.543922
v  -37.359463 -22.037733 27.181953
v  -19.000008 -30.186386 30.543922
v  -30.489038 -16.872274 38.658649
v  -19.000008 -30.186386 30.543922
v  -37.359463 -22.037733 27.181953
v  -28.597883 -27.741016 3.559437
v  -33.904293 -12.820875 -0.552322
v  -28.597883 -27.741016 3.559437
v  -37.359463 -22.037733 27.181953
v  -28.597883 -27.741016 3.559437
v  -33.904293 -12.820875 -0.552322
v  -33.720276 -27.761621 -11.672809
v  -36.228844 -11.875875 -13.580122
v  -33.720276 -27.761621 -11.672809
v  -33.904293 -12.820875 -0.552322
v  -33.720276 -27.761621 -11.672809
v  -36.228844 -11.875875 -13.580122
v  -27.190723 -27.634604 -22.526882
v  -19.270422 -28.157747 6.083958
v  -19.000008 -30.186386 30.543922
v  -28.597883 -27.741016 3.559437
v  -19.000008 -30.186386 30.543922
v  -19.270422 -28.157747 6.083958
v  -8.392698 -27.791739 3.512239
v  -35.747791 0.000027 -13.827347
v  -30.184149 -0.000025 -25.692083
v  -35.747791 0.000027 -13.827347
v  -30.184149 -0.000025 -25.692083
v  -35.747791 0.000027 -13.827347
v  -33.954250 0.000004 2.834551
v  -33.954250 0.000004 2.834551
v  -20.400894 -0.000009 -27.798326
v  -30.184149 -0.000025 -25.692083
v  -20.400894 -0.000009 -27.798326
v  -33.954250 0.000004 2.834551
v  -33.954250 0.000004 2.834551
v  -33.954250 0.000004 2.834551
v  -10.617633 0.000071 -25.995991
v  -20.400894 -0.000009 -27.798326
v  -10.617633 0.000071 -25.995991
v  -33.954250 0.000004 2.834551
v  -33.954250 0.000004 2.834551
v  -33.954250 0.000004 2.834551
v  -2.812397 0.000006 -12.065735
v  -10.617633 0.000071 -25.995991
v  -2.812397 0.000006 -12.065735
v  -33.954250 0.000004 2.834551
v  -33.954250 0.000004 2.834551
v  -33.954250 0.000004 2.834551
v  -2.290001 -0.000017 -4.014771
v  -2.812397 0.000006 -12.065735
v  -2.290001 -0.000017 -4.014771
v  -33.954250 0.000004 2.834551
v  -33.954250 0.000004 2.834551
v  -33.954250 0.000004 2.834551
v  -4.898999 -0.000055 4.484869
v  -2.290001 -0.000017 -4.014771
v  -4.898999 -0.000055 4.484869
v  -33.954250 0.000004 2.834551
v  -41.594246 -0.000025 19.347374
v  -41.594246 -0.000025 19.347374
v  -1.384789 -0.000009 20.890625
v  -4.898999 -0.000055 4.484869
v  -1.384789 -0.000009 20.890625
v  -41.594246 -0.000025 19.347374
v  -41.594246 -0.000025 19.347374
v  -41.594246 -0.000025 19.347374
v  -19.647650 -0.000009 43.881615
v  -1.384789 -0.000009 20.890625
v  -19.647650 -0.000009 43.881615
v  -41.594246 -0.000025 19.347374
v  -32.055710 0.000029 36.647430
v  -19.647650 -0.000009 43.881615
v  -6.723689 -0.000005 38.083908
v  -1.384789 -0.000009 20.890625
v  3.407767 -136.502502 -34.479126
v  3.407767 -136.502502 -34.479126
v  9.534361 -152.721527 -43.298561
v  5.902424 -136.502502 -32.866776
v  9.534361 -152.721527 -43.298561
v  3.407767 -136.502502 -34.479126
v  9.534361 -152.721527 -43.298561
v  5.902424 -136.502502 -32.866776
v  16.514000 -152.721527 -36.130375
v  6.631487 -136.447235 -29.290007
v  16.514000 -152.721527 -36.130375
v  5.902424 -136.502502 -32.866776
v  16.514000 -152.721527 -36.130375
v  6.631487 -136.447235 -29.290007
v  16.514000 -152.721527 -36.130375
v  18.840954 -152.553497 -28.186304
v  16.514000 -152.721527 -36.130375
v  6.631487 -136.447235 -29.290007
v  16.514000 -152.721527 -36.130375
v  18.840954 -152.553497 -28.186304
v  16.514000 -152.721527 -36.130375
v  23.542862 -173.858582 -38.524288
v  16.514000 -152.721527 -36.130375
v  18.840954 -152.553497 -28.186304
v  16.514000 -152.721527 -36.130375
v  23.542862 -173.858582 -38.524288
v  13.592479 -173.858582 -50.676544
v  23.542862 -173.858582 -38.524288
v  13.592479 -173.858582 -50.676544
v  23.542862 -173.858582 -38.524288
v  13.592479 -173.858582 -50.676544
v  23.542862 -173.858582 -38.524288
v  18.231392 -198.473190 -55.477005
v  31.577700 -198.473190 -38.800884
v  18.231392 -198.473190 -55.477005
v  23.542862 -173.858582 -38.524288
v  18.231392 -198.473190 -55.477005
v  31.577700 -198.473190 -38.800884
v  21.620667 -224.959808 -58.615974
v  39.062195 -224.959808 -38.867867
v  21.620667 -224.959808 -58.615974
v  31.577700 -198.473190 -38.800884
v  21.620667 -224.959808 -58.615974
v  39.062195 -224.959808 -38.867867
v  23.495810 -251.302658 -61.696655
v  42.789532 -251.302658 -38.074245
v  23.495810 -251.302658 -61.696655
v  39.062195 -224.959808 -38.867867
v  23.495810 -251.302658 -61.696655
v  42.789532 -251.302658 -38.074245
v  23.418243 -275.917267 -61.474617
v  41.333344 -275.917267 -35.781105
v  23.418243 -275.917267 -61.474617
v  42.789532 -251.302658 -38.074245
v  23.418243 -275.917267 -61.474617
v  41.333344 -275.917267 -35.781105
v  20.153658 -297.157227 -56.850136
v  36.298759 -297.157227 -31.971062
v  20.153658 -297.157227 -56.850136
v  41.333344 -275.917267 -35.781105
v  20.153658 -297.157227 -56.850136
v  36.298759 -297.157227 -31.971062
v  15.429784 -316.228333 -43.773087
v  26.725174 -316.228333 -26.056711
v  15.429784 -316.228333 -43.773087
v  36.298759 -297.157227 -31.971062
v  15.429784 -316.228333 -43.773087
v  26.725174 -316.228333 -26.056711
v  6.902253 -328.152802 -26.050365
v  11.955047 -328.152802 -17.135408
v  6.902253 -328.152802 -26.050365
v  26.725174 -316.228333 -26.056711
v  6.902253 -328.152802 -26.050365
v  11.955047 -328.152802 -17.135408
v  0.000004 -331.127289 -9.187757
v  11.955047 -328.152802 -17.135408
v  0.000004 -331.127289 -9.187757
v  11.955047 -328.152802 -17.135408
v  0.000004 -331.127289 -9.187757
v  11.955047 -328.152802 -17.135408
v  13.804502 -328.152802 -9.187758
v  11.955047 -328.152802 -17.135408
v  13.804502 -328.152802 -9.187758
v  11.955047 -328.152802 -17.135408
v  13.804502 -328.152802 -9.187758
v  11.955047 -328.152802 -17.135408
v  30.235891 -316.228333 -8.289967
v  26.725174 -316.228333 -26.056711
v  30.235891 -316.228333 -8.289967
v  11.955047 -328.152802 -17.135408
v  30.235891 -316.228333 -8.289967
v  26.725174 -316.228333 -26.056711
v  39.572319 -297.157227 -9.022242
v  36.298759 -297.157227 -31.971062
v  39.572319 -297.157227 -9.022242
v  26.725174 -316.228333 -26.056711
v  39.572319 -297.157227 -9.022242
v  36.298759 -297.157227 -31.971062
v  43.518032 -275.917267 -9.187759
v  41.333344 -275.917267 -35.781105
v  43.518032 -275.917267 -9.187759
v  36.298759 -297.157227 -31.971062
v  43.518032 -275.917267 -9.187759
v  41.333344 -275.917267 -35.781105
v  43.769207 -251.849411 -10.636957
v  42.789532 -251.302658 -38.074245
v  43.769207 -251.849411 -10.636957
v  41.333344 -275.917267 -35.781105
v  43.769207 -251.849411 -10.636957
v  42.789532 -251.302658 -38.074245
v  41.845387 -225.011520 -15.319261
v  39.062195 -224.959808 -38.867867
v  41.845387 -225.011520 -15.319261
v  42.789532 -251.302658 -38.074245
v  41.845387 -225.011520 -15.319261
v  39.062195 -224.959808 -38.867867
v  36.212036 -198.349609 -24.961235
v  31.577700 -198.473190 -38.800884
v  36.212036 -198.349609 -24.961235
v  39.062195 -224.959808 -38.867867
v  36.212036 -198.349609 -24.961235
v  31.577700 -198.473190 -38.800884
v  26.860647 -173.880219 -26.136477
v  23.542862 -173.858582 -38.524288
v  26.860647 -173.880219 -26.136477
v  31.577700 -198.473190 -38.800884
v  26.860647 -173.880219 -26.136477
v  23.542862 -173.858582 -38.524288
v  18.840954 -152.553497 -28.186304
v  16.514000 -152.721527 -36.130375
v  13.592479 -173.858582 -50.676544
v  9.534361 -152.721527 -43.298561
v  -18.848352 -152.553497 -28.183035
v  -16.513981 -152.721527 -36.130375
v  -26.859663 -173.880524 -26.130686
v  -23.542849 -173.858582 -38.524284
v  -26.859663 -173.880524 -26.130686
v  -16.513981 -152.721527 -36.130375
v  -26.859663 -173.880524 -26.130686
v  -23.542849 -173.858582 -38.524284
v  -36.818771 -198.349609 -24.953045
v  -31.577684 -198.473190 -38.800880
v  -36.818771 -198.349609 -24.953045
v  -23.542849 -173.858582 -38.524284
v  -36.818771 -198.349609 -24.953045
v  -31.577684 -198.473190 -38.800880
v  -45.179760 -225.024811 -15.304034
v  -39.223370 -224.959808 -38.867863
v  -45.179760 -225.024811 -15.304034
v  -31.577684 -198.473190 -38.800880
v  -45.179760 -225.024811 -15.304034
v  -39.223370 -224.959808 -38.867863
v  -46.597767 -251.274918 -8.888269
v  -42.789528 -251.302658 -38.074242
v  -46.597767 -251.274918 -8.888269
v  -39.223370 -224.959808 -38.867863
v  -46.597767 -251.274918 -8.888269
v  -42.789528 -251.302658 -38.074242
v  -45.540539 -275.917267 -9.187757
v  -41.333340 -275.917267 -35.781105
v  -45.540539 -275.917267 -9.187757
v  -42.789528 -251.302658 -38.074242
v  -45.540539 -275.917267 -9.187757
v  -41.333340 -275.917267 -35.781105
v  -40.309746 -297.157227 -9.022240
v  -36.298756 -297.157227 -31.971062
v  -40.309746 -297.157227 -9.022240
v  -41.333340 -275.917267 -35.781105
v  -40.309746 -297.157227 -9.022240
v  -36.298756 -297.157227 -31.971062
v  -30.859571 -316.228333 -8.289966
v  -26.725168 -316.228333 -26.056709
v  -30.859571 -316.228333 -8.289966
v  -36.298756 -297.157227 -31.971062
v  -30.859571 -316.228333 -8.289966
v  -26.725168 -316.228333 -26.056709
v  -13.804496 -328.152802 -9.187757
v  -11.955044 -328.152802 -17.135406
v  -13.804496 -328.152802 -9.187757
v  -26.725168 -316.228333 -26.056709
v  -13.804496 -328.152802 -9.187757
v  -11.955044 -328.152802 -17.135406
v  0.000004 -331.127289 -9.187757
v  -11.955044 -328.152802 -17.135406
v  0.000004 -331.127289 -9.187757
v  -11.955044 -328.152802 -17.135406
v  0.000004 -331.127289 -9.187757
v  -11.955044 -328.152802 -17.135406
v  -6.902246 -328.152802 -26.050364
v  -11.955044 -328.152802 -17.135406
v  -6.902246 -328.152802 -26.050364
v  -11.955044 -328.152802 -17.135406
v  -6.902246 -328.152802 -26.050364
v  -11.955044 -328.152802 -17.135406
v  -15.429785 -316.228333 -43.773079
v  -26.725168 -316.228333 -26.056709
v  -15.429785 -316.228333 -43.773079
v  -11.955044 -328.152802 -17.135406
v  -15.429785 -316.228333 -43.773079
v  -26.725168 -316.228333 -26.056709
v  -20.153650 -297.157227 -56.850128
v  -36.298756 -297.157227 -31.971062
v  -20.153650 -297.157227 -56.850128
v  -26.725168 -316.228333 -26.056709
v  -20.153650 -297.157227 -56.850128
v  -36.298756 -297.157227 -31.971062
v  -23.418240 -275.917267 -61.474617
v  -41.333340 -275.917267 -35.781105
v  -23.418240 -275.917267 -61.474617
v  -36.298756 -297.157227 -31.971062
v  -23.418240 -275.917267 -61.474617
v  -41.333340 -275.917267 -35.781105
v  -23.495804 -251.302658 -61.696648
v  -42.789528 -251.302658 -38.074242
v  -23.495804 -251.302658 -61.696648
v  -41.333340 -275.917267 -35.781105
v  -23.495804 -251.302658 -61.696648
v  -42.789528 -251.302658 -38.074242
v  -21.781841 -224.959808 -58.615959
v  -39.223370 -224.959808 -38.867863
v  -21.781841 -224.959808 -58.615959
v  -42.789528 -251.302658 -38.074242
v  -21.781841 -224.959808 -58.615959
v  -39.223370 -224.959808 -38.867863
v  -18.231379 -198.473190 -55.477005
v  -31.577684 -198.473190 -38.800880
v  -18.231379 -198.473190 -55.477005
v  -39.223370 -224.959808 -38.867863
v  -18.231379 -198.473190 -55.477005
v  -31.577684 -198.473190 -38.800880
v  -13.592468 -173.858582 -50.379002
v  -23.542849 -173.858582 -38.524284
v  -13.592468 -173.858582 -50.379002
v  -31.577684 -198.473190 -38.800880
v  -13.592468 -173.858582 -50.379002
v  -23.542849 -173.858582 -38.524284
v  -9.534346 -152.721527 -43.298561
v  -16.513981 -152.721527 -36.130375
v  -9.534346 -152.721527 -43.298561
v  -23.542849 -173.858582 -38.524284
v  -9.534346 -152.721527 -43.298561
v  -16.513981 -152.721527 -36.130375
v  -3.407751 -136.502502 -34.479126
v  -16.513981 -152.721527 -36.130375
v  -3.407751 -136.502502 -34.479126
v  -16.513981 -152.721527 -36.130375
v  -3.407751 -136.502502 -34.479126
v  -16.513981 -152.721527 -36.130375
v  -5.902408 -136.502502 -32.866776
v  -18.848352 -152.553497 -28.183035
v  -5.902408 -136.502502 -32.866776
v  -16.513981 -152.721527 -36.130375
v  -5.902408 -136.502502 -32.866776
v  -18.848352 -152.553497 -28.183035
v  -6.631470 -136.447235 -29.290007
v  0.000006 -173.858582 -55.018372
v  -18.231379 -198.473190 -55.477005
v  -13.592468 -173.858582 -50.379002
v  -18.231379 -198.473190 -55.477005
v  0.000006 -173.858582 -55.018372
v  0.000005 -198.473190 -61.435596
v  0.000005 -198.473190 -61.435596
v  -21.781841 -224.959808 -58.615959
v  -18.231379 -198.473190 -55.477005
v  -21.781841 -224.959808 -58.615959
v  0.000005 -198.473190 -61.435596
v  -0.080588 -224.959808 -66.504082
v  -0.080588 -224.959808 -66.504082
v  -23.495804 -251.302658 -61.696648
v  -21.781841 -224.959808 -58.615959
v  -23.495804 -251.302658 -61.696648
v  -0.080588 -224.959808 -66.504082
v  0.000000 -251.302658 -70.286217
v  0.000000 -251.302658 -70.286217
v  -23.418240 -275.917267 -61.474617
v  -23.495804 -251.302658 -61.696648
v  -23.418240 -275.917267 -61.474617
v  0.000000 -251.302658 -70.286217
v  0.000000 -275.917267 -69.768173
v  0.000000 -275.917267 -69.768173
v  -20.153650 -297.157227 -56.850128
v  -23.418240 -275.917267 -61.474617
v  -20.153650 -297.157227 -56.850128
v  0.000000 -275.917267 -69.768173
v  0.000001 -297.157227 -63.230621
v  0.000001 -297.157227 -63.230621
v  -15.429785 -316.228333 -43.773079
v  -20.153650 -297.157227 -56.850128
v  -15.429785 -316.228333 -43.773079
v  0.000001 -297.157227 -63.230621
v  0.000002 -316.228333 -50.185844
v  0.000002 -316.228333 -50.185844
v  -6.902246 -328.152802 -26.050364
v  -15.429785 -316.228333 -43.773079
v  -6.902246 -328.152802 -26.050364
v  0.000002 -316.228333 -50.185844
v  0.000003 -328.152802 -28.919004
v  0.000003 -328.152802 -28.919004
v  0.000004 -331.127289 -9.187757
v  -6.902246 -328.152802 -26.050364
v  0.000004 -331.127289 -9.187757
v  0.000003 -328.152802 -28.919004
v  0.000003 -328.152802 -28.919004
v  0.000003 -328.152802 -28.919004
v  6.902253 -328.152802 -26.050365
v  0.000004 -331.127289 -9.187757
v  6.902253 -328.152802 -26.050365
v  0.000003 -328.152802 -28.919004
v  0.000003 -328.152802 -28.919004
v  0.000003 -328.152802 -28.919004
v  15.429784 -316.228333 -43.773087
v  6.902253 -328.152802 -26.050365
v  15.429784 -316.228333 -43.773087
v  0.000003 -328.152802 -28.919004
v  0.000002 -316.228333 -50.185844
v  0.000002 -316.228333 -50.185844
v  20.153658 -297.157227 -56.850136
v  15.429784 -316.228333 -43.773087
v  20.153658 -297.157227 -56.850136
v  0.000002 -316.228333 -50.185844
v  0.000001 -297.157227 -63.230621
v  0.000001 -297.157227 -63.230621
v  23.418243 -275.917267 -61.474617
v  20.153658 -297.157227 -56.850136
v  23.418243 -275.917267 -61.474617
v  0.000001 -297.157227 -63.230621
v  0.000000 -275.917267 -69.768173
v  0.000000 -275.917267 -69.768173
v  23.495810 -251.302658 -61.696655
v  23.418243 -275.917267 -61.474617
v  23.495810 -251.302658 -61.696655
v  0.000000 -275.917267 -69.768173
v  0.000000 -251.302658 -70.286217
v  0.000000 -251.302658 -70.286217
v  21.620667 -224.959808 -58.615974
v  23.495810 -251.302658 -61.696655
v  21.620667 -224.959808 -58.615974
v  0.000000 -251.302658 -70.286217
v  -0.080588 -224.959808 -66.504082
v  -0.080588 -224.959808 -66.504082
v  18.231392 -198.473190 -55.477005
v  21.620667 -224.959808 -58.615974
v  18.231392 -198.473190 -55.477005
v  -0.080588 -224.959808 -66.504082
v  0.000005 -198.473190 -61.435596
v  0.000005 -198.473190 -61.435596
v  13.592479 -173.858582 -50.676544
v  18.231392 -198.473190 -55.477005
v  13.592479 -173.858582 -50.676544
v  0.000005 -198.473190 -61.435596
v  0.000006 -173.858582 -55.018372
v  0.000006 -173.858582 -55.018372
v  9.534361 -152.721527 -43.298561
v  13.592479 -173.858582 -50.676544
v  9.534361 -152.721527 -43.298561
v  0.000006 -173.858582 -55.018372
v  0.000007 -152.721527 -47.168926
v  0.000007 -152.721527 -47.168926
v  3.407767 -136.502502 -34.479126
v  9.534361 -152.721527 -43.298561
v  3.407767 -136.502502 -34.479126
v  0.000007 -152.721527 -47.168926
v  0.000007 -152.721527 -47.168926
v  0.000007 -152.721527 -47.168926
v  0.000008 -136.502502 -38.134106
v  3.407767 -136.502502 -34.479126
v  0.000008 -136.502502 -38.134106
v  0.000007 -152.721527 -47.168926
v  -9.534346 -152.721527 -43.298561
v  -9.534346 -152.721527 -43.298561
v  -3.407751 -136.502502 -34.479126
v  0.000008 -136.502502 -38.134106
v  -9.534346 -152.721527 -43.298561
v  0.000007 -152.721527 -47.168926
v  -13.592468 -173.858582 -50.379002
v  0.000006 -173.858582 -55.018372
v  -13.592468 -173.858582 -50.379002
v  0.000007 -152.721527 -47.168926
v  12.239463 -183.792923 17.411192
v  11.501508 -176.775223 18.217402
v  0.000009 -182.468674 18.858879
v  0.000009 -175.455292 18.566172
v  0.000009 -182.468674 18.858879
v  11.501508 -176.775223 18.217402
v  0.000009 -182.468674 18.858879
v  0.000009 -175.455292 18.566172
v  -12.191446 -183.792923 17.637621
v  -15.283161 -176.775223 18.020203
v  -12.191446 -183.792923 17.637621
v  0.000009 -175.455292 18.566172
v  -12.191446 -183.792923 17.637621
v  -15.283161 -176.775223 18.020203
v  -18.779179 -183.792923 8.493462
v  -21.295794 -176.884933 9.743014
v  -18.779179 -183.792923 8.493462
v  -15.283161 -176.775223 18.020203
v  -18.779179 -183.792923 8.493462
v  -21.295794 -176.884933 9.743014
v  -19.831629 -183.792923 1.462743
v  -22.227007 -176.821198 0.865620
v  -19.831629 -183.792923 1.462743
v  -21.295794 -176.884933 9.743014
v  -19.831629 -183.792923 1.462743
v  -22.227007 -176.821198 0.865620
v  -14.390350 -183.792923 -9.954617
v  -17.535048 -176.775223 -14.080974
v  -14.390350 -183.792923 -9.954617
v  -22.227007 -176.821198 0.865620
v  -14.390350 -183.792923 -9.954617
v  -17.535048 -176.775223 -14.080974
v  -14.390350 -183.792923 -9.954617
v  0.000009 -176.425278 -16.402763
v  -14.390350 -183.792923 -9.954617
v  -17.535048 -176.775223 -14.080974
v  -14.390350 -183.792923 -9.954617
v  0.000009 -176.425278 -16.402763
v  0.000009 -183.734451 -12.563608
v  0.000009 -176.425278 -16.402763
v  0.000009 -183.734451 -12.563608
v  0.000009 -176.425278 -16.402763
v  0.000009 -183.734451 -12.563608
v  0.000009 -176.425278 -16.402763
v  14.390368 -183.792923 -9.954617
v  17.535067 -176.775223 -14.080974
v  14.390368 -183.792923 -9.954617
v  0.000009 -176.425278 -16.402763
v  14.390368 -183.792923 -9.954617
v  17.535067 -176.775223 -14.080974
v  14.390368 -183.792923 -9.954617
v  22.227026 -176.821198 0.865620
v  14.390368 -183.792923 -9.954617
v  17.535067 -176.775223 -14.080974
v  14.390368 -183.792923 -9.954617
v  22.227026 -176.821198 0.865620
v  19.831648 -183.792923 1.462743
v  21.295813 -176.884933 9.743014
v  19.831648 -183.792923 1.462743
v  22.227026 -176.821198 0.865620
v  19.831648 -183.792923 1.462743
v  21.295813 -176.884933 9.743014
v  18.779198 -183.792923 8.493462
v  14.858721 -176.775223 18.553968
v  18.779198 -183.792923 8.493462
v  21.295813 -176.884933 9.743014
v  18.779198 -183.792923 8.493462
v  14.858721 -176.775223 18.553968
v  12.188543 -183.792923 17.637621
v  14.858721 -176.775223 18.553968
v  12.188543 -183.792923 17.637621
v  14.858721 -176.775223 18.553968
v  12.188543 -183.792923 17.637621
v  14.858721 -176.775223 18.553968
v  4.145905 -180.228836 19.771244
v  7.760764 -173.610916 20.563297
v  4.145905 -180.228836 19.771244
v  14.858721 -176.775223 18.553968
v  4.145905 -180.228836 19.771244
v  7.760764 -173.610916 20.563297
v  -11.937676 -167.132507 20.950674
v  -7.370853 -160.854324 21.312683
v  -11.937676 -167.132507 20.950674
v  7.760764 -173.610916 20.563297
v  -11.937676 -167.132507 20.950674
v  -7.370853 -160.854324 21.312683
v  -12.949942 -163.568420 20.883904
v  -10.336574 -160.073807 21.064325
v  -12.949942 -163.568420 20.883904
v  -7.370853 -160.854324 21.312683
v  -46.597767 -251.274918 -8.888269
v  -43.014271 -270.964355 -12.898056
v  -39.893425 -268.520386 2.362486
v  -39.893425 -268.520386 2.362486
v  -35.646976 -283.609711 -6.696572
v  -35.027374 -284.706085 3.529543
v  -35.646976 -283.609711 -6.696572
v  -39.893425 -268.520386 2.362486
v  -43.014271 -270.964355 -12.898056
v  -43.014271 -270.964355 -12.898056
v  -31.540394 -288.407166 -1.404308
v  -35.646976 -283.609711 -6.696572
v  -31.540394 -288.407166 -1.404308
v  -43.014271 -270.964355 -12.898056
v  -43.014271 -270.964355 -12.898056
v  -43.014271 -270.964355 -12.898056
v  -31.288681 -271.772980 -7.807705
v  -31.540394 -288.407166 -1.404308
v  -31.288681 -271.772980 -7.807705
v  -43.014271 -270.964355 -12.898056
v  -46.597767 -251.274918 -8.888269
v  -46.597767 -251.274918 -8.888269
v  -32.159237 -262.626526 -10.889708
v  -31.288681 -271.772980 -7.807705
v  -32.159237 -262.626526 -10.889708
v  -46.597767 -251.274918 -8.888269
v  -45.179760 -225.024811 -15.304034
v  114.658340 -208.054932 12.890953
v  104.231918 -215.881775 5.827782
v  100.978584 -211.018677 13.036827
v  104.231918 -215.881775 5.827782
v  114.658340 -208.054932 12.890953
v  115.063850 -210.145035 9.607515
v  115.063850 -210.145035 9.607515
v  106.907036 -218.626404 13.158655
v  104.231918 -215.881775 5.827782
v  106.907036 -218.626404 13.158655
v  115.063850 -210.145035 9.607515
v  116.281227 -212.772522 11.727659
v  116.281227 -212.772522 11.727659
v  116.181793 -210.635193 14.771091
v  106.907036 -218.626404 13.158655
v  116.181793 -210.635193 14.771091
v  116.281227 -212.772522 11.727659
v  115.063850 -210.145035 9.607515
v  115.063850 -210.145035 9.607515
v  116.181793 -210.635193 14.771091
v  116.181793 -210.635193 14.771091
v  116.181793 -210.635193 14.771091
v  115.063850 -210.145035 9.607515
v  114.658340 -208.054932 12.890953
v  114.658340 -208.054932 12.890953
v  116.181793 -210.635193 14.771091
v  116.181793 -210.635193 14.771091
v  116.181793 -210.635193 14.771091
v  114.658340 -208.054932 12.890953
v  100.978584 -211.018677 13.036827
v  100.978584 -211.018677 13.036827
v  116.181793 -210.635193 14.771091
v  116.181793 -210.635193 14.771091
v  116.181793 -210.635193 14.771091
v  100.978584 -211.018677 13.036827
v  103.382645 -217.788818 16.695633
v  103.382645 -217.788818 16.695633
v  106.907036 -218.626404 13.158655
v  116.181793 -210.635193 14.771091
v  11.674788 -152.385452 -23.821148
v  0.032353 -152.385452 -22.304152
v  15.190819 -173.840240 -21.493225
v  0.021770 -173.915497 -21.470932
v  15.190819 -173.840240 -21.493225
v  0.032353 -152.385452 -22.304152
v  15.190819 -173.840240 -21.493225
v  0.021770 -173.915497 -21.470932
v  20.543020 -198.296234 -17.598522
v  -0.038269 -198.296234 -18.526587
v  20.543020 -198.296234 -17.598522
v  0.021770 -173.915497 -21.470932
v  20.543020 -198.296234 -17.598522
v  -0.038269 -198.296234 -18.526587
v  22.142441 -225.094879 -15.226562
v  0.003082 -224.986725 -16.074265
v  22.142441 -225.094879 -15.226562
v  -0.038269 -198.296234 -18.526587
v  22.142441 -225.094879 -15.226562
v  0.003082 -224.986725 -16.074265
v  20.480919 -252.758133 -2.888071
v  0.003082 -224.986725 -16.074265
v  20.480919 -252.758133 -2.888071
v  0.003082 -224.986725 -16.074265
v  20.480919 -252.758133 -2.888071
v  0.003082 -224.986725 -16.074265
v  0.015515 -253.042282 -6.062995
v  0.003082 -224.986725 -16.074265
v  0.015515 -253.042282 -6.062995
v  0.003082 -224.986725 -16.074265
v  0.015515 -253.042282 -6.062995
v  0.003082 -224.986725 -16.074265
v  -20.449871 -252.758163 -2.888078
v  0.003082 -224.986725 -16.074265
v  -20.449871 -252.758163 -2.888078
v  0.003082 -224.986725 -16.074265
v  -20.449871 -252.758163 -2.888078
v  0.003082 -224.986725 -16.074265
v  -22.089931 -225.094879 -15.226564
v  0.003082 -224.986725 -16.074265
v  -22.089931 -225.094879 -15.226564
v  0.003082 -224.986725 -16.074265
v  -22.089931 -225.094879 -15.226564
v  0.003082 -224.986725 -16.074265
v  -20.528366 -198.296234 -17.598528
v  -0.038269 -198.296234 -18.526587
v  -20.528366 -198.296234 -17.598528
v  0.003082 -224.986725 -16.074265
v  -20.528366 -198.296234 -17.598528
v  -0.038269 -198.296234 -18.526587
v  -14.987667 -173.840240 -21.493229
v  0.021770 -173.915497 -21.470932
v  -14.987667 -173.840240 -21.493229
v  -0.038269 -198.296234 -18.526587
v  -14.987667 -173.840240 -21.493229
v  0.021770 -173.915497 -21.470932
v  -11.610232 -152.385452 -23.821148
v  0.032353 -152.385452 -22.304152
v  -11.610232 -152.385452 -23.821148
v  0.021770 -173.915497 -21.470932
v  -11.610232 -152.385452 -23.821148
v  0.032353 -152.385452 -22.304152
v  0.000009 -136.391937 -24.608150
v  11.674788 -152.385452 -23.821148
v  0.000009 -136.391937 -24.608150
v  0.032353 -152.385452 -22.304152
v  0.000009 -136.391937 -24.608150
v  11.674788 -152.385452 -23.821148
v  3.502795 -136.391937 -26.257370
v  -11.610232 -152.385452 -23.821148
v  0.000009 -136.391937 -24.608150
v  -3.502776 -136.391937 -26.257370
v  -6.631470 -136.447235 -29.290007
v  -18.848352 -152.553497 -28.183035
v  -3.502776 -136.391937 -26.257370
v  -18.848352 -152.553497 -28.183035
v  -3.502776 -136.391937 -26.257370
v  -18.848352 -152.553497 -28.183035
v  -3.502776 -136.391937 -26.257370
v  -18.848352 -152.553497 -28.183035
v  -11.610232 -152.385452 -23.821148
v  -18.848352 -152.553497 -28.183035
v  -11.610232 -152.385452 -23.821148
v  -18.848352 -152.553497 -28.183035
v  -11.610232 -152.385452 -23.821148
v  -18.848352 -152.553497 -28.183035
v  -14.987667 -173.840240 -21.493229
v  -26.859663 -173.880524 -26.130686
v  -14.987667 -173.840240 -21.493229
v  -18.848352 -152.553497 -28.183035
v  -14.987667 -173.840240 -21.493229
v  -26.859663 -173.880524 -26.130686
v  -20.528366 -198.296234 -17.598528
v  -36.818771 -198.349609 -24.953045
v  -20.528366 -198.296234 -17.598528
v  -26.859663 -173.880524 -26.130686
v  -20.528366 -198.296234 -17.598528
v  -36.818771 -198.349609 -24.953045
v  -22.089931 -225.094879 -15.226564
v  -45.179760 -225.024811 -15.304034
v  -22.089931 -225.094879 -15.226564
v  -36.818771 -198.349609 -24.953045
v  -22.089931 -225.094879 -15.226564
v  -45.179760 -225.024811 -15.304034
v  -22.089931 -225.094879 -15.226564
v  -32.159229 -262.626526 -10.889703
v  -22.089931 -225.094879 -15.226564
v  -45.179760 -225.024811 -15.304034
v  -22.089931 -225.094879 -15.226564
v  -32.159229 -262.626526 -10.889703
v  -20.449871 -252.758163 -2.888078
v  -32.159229 -262.626526 -10.889703
v  -20.449871 -252.758163 -2.888078
v  -32.159229 -262.626526 -10.889703
v  -20.449871 -252.758163 -2.888078
v  -32.159229 -262.626526 -10.889703
v  -31.540388 -288.407135 -1.404308
v  -31.288689 -271.772980 -7.807699
v  -31.540388 -288.407135 -1.404308
v  -32.159229 -262.626526 -10.889703
v  6.631487 -136.447235 -29.290007
v  3.502795 -136.391937 -26.257370
v  18.840954 -152.553497 -28.186304
v  11.674788 -152.385452 -23.821148
v  18.840954 -152.553497 -28.186304
v  3.502795 -136.391937 -26.257370
v  18.840954 -152.553497 -28.186304
v  11.674788 -152.385452 -23.821148
v  26.860647 -173.880219 -26.136477
v  15.190819 -173.840240 -21.493225
v  26.860647 -173.880219 -26.136477
v  11.674788 -152.385452 -23.821148
v  26.860647 -173.880219 -26.136477
v  15.190819 -173.840240 -21.493225
v  36.212036 -198.349609 -24.961235
v  20.543020 -198.296234 -17.598522
v  36.212036 -198.349609 -24.961235
v  15.190819 -173.840240 -21.493225
v  36.212036 -198.349609 -24.961235
v  20.543020 -198.296234 -17.598522
v  41.845387 -225.011520 -15.319261
v  22.142441 -225.094879 -15.226562
v  41.845387 -225.011520 -15.319261
v  20.543020 -198.296234 -17.598522
v  41.845387 -225.011520 -15.319261
v  22.142441 -225.094879 -15.226562
v  30.994307 -262.476563 -10.938254
v  20.480919 -252.758133 -2.888071
v  30.994307 -262.476563 -10.938254
v  22.142441 -225.094879 -15.226562
v  20.480919 -252.758133 -2.888071
v  31.540396 -288.407166 -1.404307
v  30.994307 -262.476563 -10.938254
v  31.288696 -271.773010 -7.807699
v  30.994307 -262.476563 -10.938254
v  31.540396 -288.407166 -1.404307
v  -18.359795 -297.949707 26.253391
v  -13.503113 -300.925964 28.172850
v  -15.743122 -293.016693 27.413925
v  -10.937762 -293.910858 31.039555
v  -15.743122 -293.016693 27.413925
v  -13.503113 -300.925964 28.172850
v  -15.743122 -293.016693 27.413925
v  -10.937762 -293.910858 31.039555
v  -15.743122 -293.016693 27.413925
v  -7.391191 -284.222076 34.215145
v  -15.743122 -293.016693 27.413925
v  -10.937762 -293.910858 31.039555
v  -15.743122 -293.016693 27.413925
v  -7.391191 -284.222076 34.215145
v  -11.548244 -283.697845 31.599821
v  -3.444068 -270.362610 35.421417
v  -11.548244 -283.697845 31.599821
v  -7.391191 -284.222076 34.215145
v  -11.548244 -283.697845 31.599821
v  -3.444068 -270.362610 35.421417
v  -5.763021 -270.164276 34.678326
v  -2.052896 -262.149628 35.001587
v  -5.763021 -270.164276 34.678326
v  -3.444068 -270.362610 35.421417
v  -13.503113 -300.925964 28.172850
v  -4.774717 -303.479919 29.185774
v  -11.052233 -293.362762 31.753464
v  -1.114755 -294.131134 34.746700
v  -11.052233 -293.362762 31.753464
v  -4.774717 -303.479919 29.185774
v  -11.052233 -293.362762 31.753464
v  -1.114755 -294.131134 34.746700
v  -11.052233 -293.362762 31.753464
v  2.599006 -285.099213 36.138721
v  -11.052233 -293.362762 31.753464
v  -1.114755 -294.131134 34.746700
v  -11.052233 -293.362762 31.753464
v  2.599006 -285.099213 36.138721
v  -7.278303 -284.463806 34.275505
v  2.599006 -285.099213 36.138721
v  -7.278303 -284.463806 34.275505
v  2.599006 -285.099213 36.138721
v  -7.278303 -284.463806 34.275505
v  2.599006 -285.099213 36.138721
v  -1.516060 -271.028992 35.411804
v  4.536101 -271.296448 35.582855
v  -1.516060 -271.028992 35.411804
v  2.599006 -285.099213 36.138721
v  -1.516060 -271.028992 35.411804
v  4.536101 -271.296448 35.582855
v  4.134923 -259.970856 34.005527
v  127.399445 -215.898956 -0.556597
v  122.572372 -213.080017 1.327568
v  122.090599 -212.612381 11.905615
v  122.572372 -213.080017 1.327568
v  127.399445 -215.898956 -0.556597
v  124.178055 -215.425720 -11.156334
v  124.178055 -215.425720 -11.156334
v  120.618896 -215.454071 -10.215424
v  122.572372 -213.080017 1.327568
v  120.618896 -215.454071 -10.215424
v  124.178055 -215.425720 -11.156334
v  124.178055 -215.425720 -11.156334
v  124.178055 -215.425720 -11.156334
v  113.694458 -222.307724 -13.053097
v  120.618896 -215.454071 -10.215424
v  113.694458 -222.307724 -13.053097
v  124.178055 -215.425720 -11.156334
v  124.178055 -215.425720 -11.156334
v  124.178055 -215.425720 -11.156334
v  118.018875 -226.722198 -13.505436
v  113.694458 -222.307724 -13.053097
v  118.018875 -226.722198 -13.505436
v  124.178055 -215.425720 -11.156334
v  127.399445 -215.898956 -0.556597
v  127.399445 -215.898956 -0.556597
v  121.044617 -228.310532 -1.184154
v  118.018875 -226.722198 -13.505436
v  121.044617 -228.310532 -1.184154
v  127.399445 -215.898956 -0.556597
v  125.917000 -214.648163 10.190565
v  125.917000 -214.648163 10.190565
v  119.588730 -227.029724 11.545448
v  121.044617 -228.310532 -1.184154
v  119.588730 -227.029724 11.545448
v  125.917000 -214.648163 10.190565
v  125.917000 -214.648163 10.190565
v  125.917000 -214.648163 10.190565
v  114.259430 -221.873596 13.394806
v  119.588730 -227.029724 11.545448
v  114.259430 -221.873596 13.394806
v  125.917000 -214.648163 10.190565
v  125.917000 -214.648163 10.190565
v  125.917000 -214.648163 10.190565
v  122.090599 -212.612381 11.905615
v  114.259430 -221.873596 13.394806
v  122.090599 -212.612381 11.905615
v  125.917000 -214.648163 10.190565
v  127.399445 -215.898956 -0.556597
v  -36.028477 -276.316986 15.399877
v  -27.970312 -276.252808 21.672295
v  -29.539085 -264.944641 19.246565
v  -27.970312 -276.252808 21.672295
v  -36.028477 -276.316986 15.399877
v  -35.841080 -284.811615 14.457923
v  -35.841080 -284.811615 14.457923
v  -25.938354 -285.975098 23.559166
v  -27.970312 -276.252808 21.672295
v  -25.938354 -285.975098 23.559166
v  -35.841080 -284.811615 14.457923
v  -34.210896 -291.246552 14.094297
v  -34.210896 -291.246552 14.094297
v  -23.260761 -295.976868 23.684093
v  -25.938354 -285.975098 23.559166
v  -23.260761 -295.976868 23.684093
v  -34.210896 -291.246552 14.094297
v  -27.005938 -302.077209 18.262932
v  -27.005938 -302.077209 18.262932
v  -18.567839 -307.557922 21.281193
v  -23.260761 -295.976868 23.684093
v  -39.618622 -213.917450 -17.343294
v  -45.861362 -234.392838 -8.516073
v  -44.778229 -233.927231 -2.165545
v  -29.660013 -259.352905 12.872459
v  -25.363066 -258.359375 18.782406
v  -23.313618 -251.247955 17.483461
v  -25.363066 -258.359375 18.782406
v  -29.660013 -259.352905 12.872459
v  -32.460159 -273.272919 14.063012
v  -32.460159 -273.272919 14.063012
v  -25.938013 -270.736389 20.347336
v  -25.363066 -258.359375 18.782406
v  -25.938013 -270.736389 20.347336
v  -32.460159 -273.272919 14.063012
v  -31.056135 -284.707153 17.448002
v  -31.056135 -284.707153 17.448002
v  -24.325396 -283.113434 22.490019
v  -25.938013 -270.736389 20.347336
v  -24.325396 -283.113434 22.490019
v  -31.056135 -284.707153 17.448002
v  -26.078945 -298.311279 20.311262
v  -26.078945 -298.311279 20.311262
v  -20.241137 -291.865601 25.292253
v  -24.325396 -283.113434 22.490019
v  -20.241137 -291.865601 25.292253
v  -26.078945 -298.311279 20.311262
v  -20.352282 -310.623627 22.343773
v  -20.352282 -310.623627 22.343773
v  -16.964573 -294.694122 28.307165
v  -20.241137 -291.865601 25.292253
v  -45.667328 -274.285522 -0.636135
v  -46.536572 -251.511475 -3.399874
v  -45.806438 -275.712433 -10.195731
v  -47.682789 -251.704147 -11.021849
v  -45.806438 -275.712433 -10.195731
v  -46.536572 -251.511475 -3.399874
v  -46.438122 -237.172699 -13.213976
v  -47.682789 -251.704147 -11.021849
v  -45.861362 -234.392838 -8.516073
v  -46.536572 -251.511475 -3.399874
v  -45.861362 -234.392838 -8.516073
v  -47.682789 -251.704147 -11.021849
v  -44.659763 -251.458069 4.940687
v  -46.536572 -251.511475 -3.399874
v  -44.251747 -271.042480 9.025343
v  -45.667328 -274.285522 -0.636135
v  -44.251747 -271.042480 9.025343
v  -46.536572 -251.511475 -3.399874
v  -45.861362 -234.392838 -8.516073
v  -46.536572 -251.511475 -3.399874
v  -44.778229 -233.927231 -2.165545
v  -44.659763 -251.458069 4.940687
v  -44.778229 -233.927231 -2.165545
v  -46.536572 -251.511475 -3.399874
v  -44.251747 -271.042480 9.025343
v  -45.667328 -274.285522 -0.636135
v  -39.867168 -291.055511 11.071965
v  -40.877640 -294.323181 0.782291
v  -39.867168 -291.055511 11.071965
v  -45.667328 -274.285522 -0.636135
v  -39.867168 -291.055511 11.071965
v  -40.877640 -294.323181 0.782291
v  -34.296925 -302.878784 11.782697
v  -35.816917 -306.603760 1.067684
v  -34.296925 -302.878784 11.782697
v  -40.877640 -294.323181 0.782291
v  -34.296925 -302.878784 11.782697
v  -35.816917 -306.603760 1.067684
v  -34.296925 -302.878784 11.782697
v  -30.144161 -314.725220 1.803586
v  -34.296925 -302.878784 11.782697
v  -35.816917 -306.603760 1.067684
v  -34.296925 -302.878784 11.782697
v  -30.144161 -314.725220 1.803586
v  -28.062098 -310.826019 11.216817
v  -22.373194 -321.332489 2.275655
v  -28.062098 -310.826019 11.216817
v  -30.144161 -314.725220 1.803586
v  -28.062098 -310.826019 11.216817
v  -22.373194 -321.332489 2.275655
v  -21.951546 -317.550659 10.862772
v  -16.964573 -294.694122 28.307165
v  -28.871626 -300.468018 19.439035
v  -20.352282 -310.623627 22.343773
v  -28.871626 -300.468018 19.439035
v  -16.964573 -294.694122 28.307165
v  -22.024929 -293.500153 26.678936
v  -22.024929 -293.500153 26.678936
v  -35.537411 -284.144745 17.569241
v  -28.871626 -300.468018 19.439035
v  -35.537411 -284.144745 17.569241
v  -22.024929 -293.500153 26.678936
v  -27.598112 -283.345459 24.335175
v  -27.598112 -283.345459 24.335175
v  -39.954178 -265.642487 11.537960
v  -35.537411 -284.144745 17.569241
v  -39.954178 -265.642487 11.537960
v  -27.598112 -283.345459 24.335175
v  -30.592955 -262.463318 20.020149
v  -30.592955 -262.463318 20.020149
v  -39.231617 -244.463135 8.990967
v  -39.954178 -265.642487 11.537960
v  -39.231617 -244.463135 8.990967
v  -30.592955 -262.463318 20.020149
v  -31.544220 -245.222412 14.090384
v  -31.544220 -245.222412 14.090384
v  -27.855047 -229.589218 0.749260
v  -39.231617 -244.463135 8.990967
v  40.541920 -216.198853 -16.029631
v  42.389065 -227.848358 -8.413126
v  42.136684 -228.621765 -18.079119
v  44.249577 -240.938187 -3.076525
v  42.136684 -228.621765 -18.079119
v  42.389065 -227.848358 -8.413126
v  42.136684 -228.621765 -18.079119
v  44.249577 -240.938187 -3.076525
v  43.328007 -242.417374 -19.216997
v  44.608047 -259.643219 1.226041
v  43.328007 -242.417374 -19.216997
v  44.249577 -240.938187 -3.076525
v  43.328007 -242.417374 -19.216997
v  44.608047 -259.643219 1.226041
v  44.985088 -262.261230 -18.066099
v  44.602356 -282.842743 1.704745
v  44.985088 -262.261230 -18.066099
v  44.608047 -259.643219 1.226041
v  44.985088 -262.261230 -18.066099
v  44.602356 -282.842743 1.704745
v  44.949268 -283.970673 -15.939248
v  38.701572 -300.479492 1.730040
v  44.949268 -283.970673 -15.939248
v  44.602356 -282.842743 1.704745
v  44.949268 -283.970673 -15.939248
v  38.701572 -300.479492 1.730040
v  40.941292 -301.746918 -14.164897
v  28.305735 -315.843750 2.566835
v  40.941292 -301.746918 -14.164897
v  38.701572 -300.479492 1.730040
v  40.941292 -301.746918 -14.164897
v  28.305735 -315.843750 2.566835
v  30.664078 -316.664856 -11.670069
v  14.032973 -325.647797 3.475737
v  30.664078 -316.664856 -11.670069
v  28.305735 -315.843750 2.566835
v  30.664078 -316.664856 -11.670069
v  14.032973 -325.647797 3.475737
v  14.579606 -328.260406 -9.274441
v  -1.469961 -328.462585 3.298629
v  14.579606 -328.260406 -9.274441
v  14.032973 -325.647797 3.475737
v  14.579606 -328.260406 -9.274441
v  -1.469961 -328.462585 3.298629
v  -0.190125 -331.104431 -9.393317
v  -13.811452 -328.064362 -9.539678
v  -0.190125 -331.104431 -9.393317
v  -1.469961 -328.462585 3.298629
v  24.372744 -231.643570 10.511934
v  29.167885 -235.239212 10.800928
v  32.833714 -233.664322 6.983145
v  36.299721 -242.346313 11.870947
v  32.833714 -233.664322 6.983145
v  29.167885 -235.239212 10.800928
v  32.833714 -233.664322 6.983145
v  36.299721 -242.346313 11.870947
v  40.618526 -241.645508 3.804884
v  41.386559 -260.735809 12.772240
v  40.618526 -241.645508 3.804884
v  36.299721 -242.346313 11.870947
v  40.618526 -241.645508 3.804884
v  41.386559 -260.735809 12.772240
v  45.619064 -260.675201 1.249119
v  40.053303 -281.471069 15.098060
v  45.619064 -260.675201 1.249119
v  41.386559 -260.735809 12.772240
v  45.619064 -260.675201 1.249119
v  40.053303 -281.471069 15.098060
v  44.602356 -282.842743 1.704745
v  33.854290 -297.850891 16.252016
v  44.602356 -282.842743 1.704745
v  40.053303 -281.471069 15.098060
v  44.602356 -282.842743 1.704745
v  33.854290 -297.850891 16.252016
v  38.701572 -300.479492 1.730040
v  25.074980 -311.843231 16.797441
v  38.701572 -300.479492 1.730040
v  33.854290 -297.850891 16.252016
v  38.701572 -300.479492 1.730040
v  25.074980 -311.843231 16.797441
v  28.305735 -315.843750 2.566835
v  12.330102 -320.759888 16.245104
v  28.305735 -315.843750 2.566835
v  25.074980 -311.843231 16.797441
v  28.305735 -315.843750 2.566835
v  12.330102 -320.759888 16.245104
v  14.032973 -325.647797 3.475737
v  -2.852349 -324.214264 14.146076
v  14.032973 -325.647797 3.475737
v  12.330102 -320.759888 16.245104
v  14.032973 -325.647797 3.475737
v  -2.852349 -324.214264 14.146076
v  -1.469961 -328.462585 3.298629
v  -14.971710 -325.762817 2.946136
v  -1.469961 -328.462585 3.298629
v  -2.852349 -324.214264 14.146076
v  -1.469961 -328.462585 3.298629
v  -14.971710 -325.762817 2.946136
v  -13.811452 -328.064362 -9.539678
v  -14.971710 -325.762817 2.946136
v  -13.811452 -328.064362 -9.539678
v  -14.971710 -325.762817 2.946136
v  -13.811452 -328.064362 -9.539678
v  -14.971710 -325.762817 2.946136
v  -21.302086 -322.792603 -9.543315
v  -14.971710 -325.762817 2.946136
v  -21.302086 -322.792603 -9.543315
v  -14.971710 -325.762817 2.946136
v  -21.302086 -322.792603 -9.543315
v  -14.971710 -325.762817 2.946136
v  -22.373194 -321.332489 2.275655
v  -14.971710 -325.762817 2.946136
v  -22.373194 -321.332489 2.275655
v  -14.971710 -325.762817 2.946136
v  -22.373194 -321.332489 2.275655
v  -14.971710 -325.762817 2.946136
v  -21.951546 -317.550659 10.862772
v  -14.971710 -325.762817 2.946136
v  -21.951546 -317.550659 10.862772
v  -14.971710 -325.762817 2.946136
v  -21.951546 -317.550659 10.862772
v  -14.971710 -325.762817 2.946136
v  -15.168300 -321.869263 12.097216
v  -2.852349 -324.214264 14.146076
v  -15.168300 -321.869263 12.097216
v  -14.971710 -325.762817 2.946136
v  8.452140 -223.059250 21.449074
v  0.057755 -215.104324 24.813393
v  7.447917 -223.592850 22.823761
v  5.077627 -223.468185 23.529301
v  7.447917 -223.592850 22.823761
v  0.057755 -215.104324 24.813393
v  7.447917 -223.592850 22.823761
v  5.077627 -223.468185 23.529301
v  7.447917 -223.592850 22.823761
v  10.034131 -229.799881 22.543400
v  7.447917 -223.592850 22.823761
v  5.077627 -223.468185 23.529301
v  7.447917 -223.592850 22.823761
v  10.034131 -229.799881 22.543400
v  7.447917 -223.592850 22.823761
v  13.229442 -228.716446 21.405247
v  7.447917 -223.592850 22.823761
v  10.034131 -229.799881 22.543400
v  7.447917 -223.592850 22.823761
v  13.229442 -228.716446 21.405247
v  8.452140 -223.059250 21.449074
v  16.699841 -228.522095 15.719497
v  8.452140 -223.059250 21.449074
v  13.229442 -228.716446 21.405247
v  -2.992747 -191.870468 -13.388112
v  -4.618122 -180.796768 -14.499627
v  -1.273781 -189.588806 -13.442623
v  -2.663737 -180.825317 -14.411422
v  -1.273781 -189.588806 -13.442623
v  -4.618122 -180.796768 -14.499627
v  2.992764 -191.870483 -13.388113
v  1.273799 -189.588806 -13.442623
v  4.618140 -180.796783 -14.499627
v  2.663755 -180.825317 -14.411422
v  4.618140 -180.796783 -14.499627
v  1.273799 -189.588806 -13.442623
v  9.944566 -180.904297 19.397238
v  9.943113 -184.303879 18.408226
v  11.775594 -180.875336 18.796520
v  11.605501 -184.218948 17.814034
v  11.775594 -180.875336 18.796520
v  9.943113 -184.303879 18.408226
v  16.641897 -184.151947 11.374855
v  17.391970 -180.981659 12.482038
v  15.963856 -184.046738 12.760485
v  16.864660 -180.962936 13.913039
v  15.963856 -184.046738 12.760485
v  17.391970 -180.981659 12.482038
v  10.943236 -247.044556 23.524775
v  15.921853 -250.560516 21.794731
v  15.639771 -247.088120 22.047678
v  19.926311 -255.233536 21.684879
v  15.639771 -247.088120 22.047678
v  15.921853 -250.560516 21.794731
v  15.639771 -247.088120 22.047678
v  19.926311 -255.233536 21.684879
v  20.542999 -248.970901 20.439178
v  19.926311 -255.233536 21.684879
v  20.542999 -248.970901 20.439178
v  19.926311 -255.233536 21.684879
v  20.542999 -248.970901 20.439178
v  19.926311 -255.233536 21.684879
v  26.561525 -252.657867 19.113791
v  22.290697 -260.583496 21.203861
v  26.561525 -252.657867 19.113791
v  19.926311 -255.233536 21.684879
v  26.561525 -252.657867 19.113791
v  22.290697 -260.583496 21.203861
v  29.678480 -260.602905 19.051849
v  23.556053 -271.576935 23.574545
v  29.678480 -260.602905 19.051849
v  22.290697 -260.583496 21.203861
v  29.678480 -260.602905 19.051849
v  23.556053 -271.576935 23.574545
v  31.530041 -273.518036 20.368963
v  19.818985 -289.135254 24.298912
v  31.530041 -273.518036 20.368963
v  23.556053 -271.576935 23.574545
v  31.530041 -273.518036 20.368963
v  19.818985 -289.135254 24.298912
v  26.743719 -291.894379 23.817837
v  19.818985 -289.135254 24.298912
v  26.743719 -291.894379 23.817837
v  19.818985 -289.135254 24.298912
v  26.743719 -291.894379 23.817837
v  19.818985 -289.135254 24.298912
v  18.313444 -301.764191 26.097242
v  11.744208 -303.601349 26.993893
v  18.313444 -301.764191 26.097242
v  19.818985 -289.135254 24.298912
v  3.184776 -303.395569 28.922834
v  9.917264 -301.905273 27.998663
v  6.223953 -294.085815 32.550934
v  14.027922 -294.123505 30.223703
v  6.223953 -294.085815 32.550934
v  9.917264 -301.905273 27.998663
v  6.223953 -294.085815 32.550934
v  14.027922 -294.123505 30.223703
v  6.223953 -294.085815 32.550934
v  17.063318 -285.540619 31.628592
v  6.223953 -294.085815 32.550934
v  14.027922 -294.123505 30.223703
v  6.223953 -294.085815 32.550934
v  17.063318 -285.540619 31.628592
v  8.645823 -285.172058 34.718765
v  17.063318 -285.540619 31.628592
v  8.645823 -285.172058 34.718765
v  17.063318 -285.540619 31.628592
v  8.645823 -285.172058 34.718765
v  17.063318 -285.540619 31.628592
v  14.083989 -272.847961 34.091526
v  19.596563 -275.027924 30.948803
v  14.083989 -272.847961 34.091526
v  17.063318 -285.540619 31.628592
v  14.083989 -272.847961 34.091526
v  19.596563 -275.027924 30.948803
v  19.952099 -262.799103 30.638861
v  -27.801006 -298.439209 14.358713
v  -35.279766 -279.912964 -1.397420
v  -34.966034 -287.027771 1.679875
v  -35.279766 -279.912964 -1.397420
v  -27.801006 -298.439209 14.358713
v  -28.170910 -285.154083 16.463545
v  -28.170910 -285.154083 16.463545
v  -35.279766 -279.912964 -1.397420
v  -35.279766 -279.912964 -1.397420
v  -35.279766 -279.912964 -1.397420
v  -28.170910 -285.154083 16.463545
v  -30.098850 -267.960663 6.736949
v  -30.098850 -267.960663 6.736949
v  -32.707752 -269.422485 -2.877992
v  -35.279766 -279.912964 -1.397420
v  -32.707752 -269.422485 -2.877992
v  -30.098850 -267.960663 6.736949
v  -26.345081 -257.768677 4.931709
v  -26.345081 -257.768677 4.931709
v  -28.551132 -256.997711 -3.443677
v  -32.707752 -269.422485 -2.877992
v  -28.551132 -256.997711 -3.443677
v  -26.345081 -257.768677 4.931709
v  -26.345081 -257.768677 4.931709
v  -26.345081 -257.768677 4.931709
v  -25.480263 -249.942520 -1.762397
v  -28.551132 -256.997711 -3.443677
v  -25.480263 -249.942520 -1.762397
v  -26.345081 -257.768677 4.931709
v  -26.345081 -257.768677 4.931709
v  -26.345081 -257.768677 4.931709
v  -20.950188 -242.887360 -0.081117
v  -25.480263 -249.942520 -1.762397
v  -20.950188 -242.887360 -0.081117
v  -26.345081 -257.768677 4.931709
v  -20.094648 -242.427368 6.571833
v  -20.094648 -242.427368 6.571833
v  -15.977035 -235.953018 8.215118
v  -20.950188 -242.887360 -0.081117
v  -28.170910 -285.154083 16.463545
v  -27.191872 -266.498840 17.065533
v  -30.098850 -267.960663 6.736949
v  -25.796034 -256.848694 12.370399
v  -30.098850 -267.960663 6.736949
v  -27.191872 -266.498840 17.065533
v  -30.098850 -267.960663 6.736949
v  -25.796034 -256.848694 12.370399
v  -27.873728 -257.768677 4.326189
v  -21.412924 -247.957535 11.063781
v  -27.873728 -257.768677 4.326189
v  -25.796034 -256.848694 12.370399
v  -27.873728 -257.768677 4.326189
v  -21.412924 -247.957535 11.063781
v  -23.903526 -248.036652 4.486249
v  -21.412924 -247.957535 11.063781
v  -23.903526 -248.036652 4.486249
v  -21.412924 -247.957535 11.063781
v  -23.903526 -248.036652 4.486249
v  -21.412924 -247.957535 11.063781
v  -18.849695 -241.374542 7.240084
v  -21.412924 -247.957535 11.063781
v  -18.849695 -241.374542 7.240084
v  -21.412924 -247.957535 11.063781
v  -18.849695 -241.374542 7.240084
v  -21.412924 -247.957535 11.063781
v  -13.379639 -236.814743 11.862471
v  -3.377826 -205.529022 -15.364945
v  2.992764 -191.870483 -13.388113
v  3.377844 -205.529022 -15.364945
v  2.992764 -191.870483 -13.388113
v  -3.377826 -205.529022 -15.364945
v  -2.992747 -191.870468 -13.388112
v  -2.992747 -191.870468 -13.388112
v  1.273799 -189.588806 -13.442623
v  2.992764 -191.870483 -13.388113
v  1.273799 -189.588806 -13.442623
v  -2.992747 -191.870468 -13.388112
v  -1.273781 -189.588806 -13.442623
v  15.439817 -189.449829 10.645407
v  14.529083 -189.795761 12.215670
v  15.081320 -192.595093 11.759753
v  14.529083 -189.795761 12.215670
v  15.439817 -189.449829 10.645407
v  15.439817 -189.449829 10.645407
v  15.439817 -189.449829 10.645407
v  15.963856 -184.046738 12.760485
v  14.529083 -189.795761 12.215670
v  15.963856 -184.046738 12.760485
v  15.439817 -189.449829 10.645407
v  16.641897 -184.151947 11.374855
v  32.003017 -269.195679 -2.425648
v  25.826582 -250.457626 -5.687729
v  24.233320 -251.387894 -3.447151
v  25.826582 -250.457626 -5.687729
v  32.003017 -269.195679 -2.425648
v  35.023571 -270.234711 -7.157192
v  35.023571 -270.234711 -7.157192
v  31.753365 -255.410248 -11.138796
v  25.826582 -250.457626 -5.687729
v  31.753365 -255.410248 -11.138796
v  35.023571 -270.234711 -7.157192
v  36.554966 -266.994202 -11.885711
v  -10.741731 -264.985107 24.385544
v  -11.339607 -266.055603 24.210814
v  -10.143876 -266.055603 24.560246
v  -11.339607 -266.055603 24.210814
v  -10.741731 -264.985107 24.385544
v  -10.741731 -264.985107 24.385544
v  -10.741731 -264.985107 24.385544
v  -11.937426 -264.985107 24.036158
v  -11.339607 -266.055603 24.210814
v  -11.937426 -264.985107 24.036158
v  -10.741731 -264.985107 24.385544
v  -10.741731 -264.985107 24.385544
v  -10.741731 -264.985107 24.385544
v  -11.339607 -263.914581 24.210814
v  -11.937426 -264.985107 24.036158
v  -11.339607 -263.914581 24.210814
v  -10.741731 -264.985107 24.385544
v  -10.741731 -264.985107 24.385544
v  -10.741731 -264.985107 24.385544
v  -10.143876 -263.914581 24.560246
v  -11.339607 -263.914581 24.210814
v  -10.143876 -263.914581 24.560246
v  -10.741731 -264.985107 24.385544
v  -10.741731 -264.985107 24.385544
v  -10.741731 -264.985107 24.385544
v  -9.546007 -264.985107 24.734932
v  -10.143876 -263.914581 24.560246
v  -9.546007 -264.985107 24.734932
v  -10.741731 -264.985107 24.385544
v  -10.143876 -266.055603 24.560246
v  17.974419 -266.306244 22.601484
v  17.377722 -265.235748 22.780155
v  16.781031 -266.306244 22.958797
v  17.377722 -265.235748 22.780155
v  17.974419 -266.306244 22.601484
v  18.571081 -265.235748 22.422882
v  18.571081 -265.235748 22.422882
v  17.377722 -265.235748 22.780155
v  17.377722 -265.235748 22.780155
v  17.377722 -265.235748 22.780155
v  18.571081 -265.235748 22.422882
v  17.974419 -264.165222 22.601484
v  17.974419 -264.165222 22.601484
v  17.377722 -265.235748 22.780155
v  17.377722 -265.235748 22.780155
v  17.377722 -265.235748 22.780155
v  17.974419 -264.165222 22.601484
v  16.781025 -264.165222 22.958797
v  16.781025 -264.165222 22.958797
v  17.377722 -265.235748 22.780155
v  17.377722 -265.235748 22.780155
v  17.377722 -265.235748 22.780155
v  16.781025 -264.165222 22.958797
v  16.184334 -265.235748 23.137428
v  16.184334 -265.235748 23.137428
v  16.781031 -266.306244 22.958797
v  17.377722 -265.235748 22.780155
v  -4.774717 -303.479950 29.185774
v  3.184776 -303.395569 28.922834
v  -1.352581 -294.070648 35.005863
v  7.651156 -294.461670 33.224529
v  -1.352581 -294.070648 35.005863
v  3.184776 -303.395569 28.922834
v  -1.352581 -294.070648 35.005863
v  7.651156 -294.461670 33.224529
v  -1.352581 -294.070648 35.005863
v  10.169103 -285.230103 34.758873
v  -1.352581 -294.070648 35.005863
v  7.651156 -294.461670 33.224529
v  -1.352581 -294.070648 35.005863
v  10.169103 -285.230103 34.758873
v  1.845739 -284.805420 36.731964
v  10.169103 -285.230103 34.758873
v  1.845739 -284.805420 36.731964
v  10.169103 -285.230103 34.758873
v  1.845739 -284.805420 36.731964
v  10.169103 -285.230103 34.758873
v  6.343399 -271.341949 35.507195
v  11.668077 -272.395660 34.177471
v  6.343399 -271.341949 35.507195
v  10.169103 -285.230103 34.758873
v  6.343399 -271.341949 35.507195
v  11.668077 -272.395660 34.177471
v  11.371011 -262.202820 32.380699
v  2.565989 -247.683380 25.200691
v  11.908785 -252.495316 14.771776
v  5.306425 -248.440475 24.863171
v  11.908785 -252.495316 14.771776
v  2.565989 -247.683380 25.200691
v  0.000001 -247.518600 25.811718
v  0.000001 -247.518600 25.811718
v  0.000458 -252.495316 14.771776
v  11.908785 -252.495316 14.771776
v  0.000458 -252.495316 14.771776
v  0.000001 -247.518600 25.811718
v  0.000001 -247.518600 25.811718
v  0.000001 -247.518600 25.811718
v  -11.907868 -252.495316 14.771776
v  0.000458 -252.495316 14.771776
v  -11.907868 -252.495316 14.771776
v  0.000001 -247.518600 25.811718
v  -2.565986 -247.683380 25.200691
v  -2.565986 -247.683380 25.200691
v  -5.306450 -248.440475 24.863171
v  -11.907868 -252.495316 14.771776
v  9.917263 -301.905243 27.998663
v  16.221010 -298.589783 26.998600
v  13.930876 -290.334595 31.008871
v  20.710743 -291.627716 26.570202
v  13.930876 -290.334595 31.008871
v  16.221010 -298.589783 26.998600

vt  0.777478 0.808269 0.000000
vt  0.755365 0.809680 0.000000
vt  0.745561 0.798442 0.000000
vt  0.636067 0.819775 0.000000
vt  0.636067 0.819775 0.000000
vt  0.500334 0.865098 0.000000
vt  0.636067 0.990903 0.000000
vt  0.500334 0.865098 0.000000
vt  0.636067 0.819775 0.000000
vt  0.500334 0.865098 0.000000
vt  0.636067 0.990903 0.000000
vt  0.500334 0.954233 0.000000
vt  0.586913 0.809155 0.000000
vt  0.586913 0.771194 0.000000
vt  0.586913 0.809155 0.000000
vt  0.586913 0.771194 0.000000
vt  0.586913 0.809155 0.000000
vt  0.537417 0.813992 0.000000
vt  0.537417 0.813992 0.000000
vt  0.537417 0.757975 0.000000
vt  0.586913 0.771194 0.000000
vt  0.537417 0.757975 0.000000
vt  0.537417 0.813992 0.000000
vt  0.505181 0.806011 0.000000
vt  0.505181 0.806011 0.000000
vt  0.505181 0.763750 0.000000
vt  0.537417 0.757975 0.000000
vt  0.977786 0.026247 0.000000
vt  0.977786 0.026247 0.000000
vt  0.982510 0.055458 0.000000
vt  0.925913 0.025163 0.000000
vt  0.982510 0.055458 0.000000
vt  0.977786 0.026247 0.000000
vt  0.982510 0.055458 0.000000
vt  0.925913 0.025163 0.000000
vt  0.862445 0.055459 0.000000
vt  0.862398 0.025073 0.000000
vt  0.862445 0.055459 0.000000
vt  0.925913 0.025163 0.000000
vt  0.046650 0.755928 0.000000
vt  0.348138 0.767111 0.000000
vt  0.014684 0.755499 0.000000
vt  0.253384 0.803779 0.000000
vt  0.399103 0.782280 0.000000
vt  0.253384 0.803779 0.000000
vt  0.399103 0.782280 0.000000
vt  0.253384 0.803779 0.000000
vt  0.348138 0.767111 0.000000
vt  0.348138 0.767111 0.000000
vt  0.493675 0.760017 0.000000
vt  0.399103 0.782280 0.000000
vt  0.493675 0.760017 0.000000
vt  0.348138 0.767111 0.000000
vt  0.046650 0.755928 0.000000
vt  0.046650 0.755928 0.000000
vt  0.348138 0.767111 0.000000
vt  0.493675 0.760017 0.000000
vt  0.348138 0.767111 0.000000
vt  0.046650 0.755928 0.000000
vt  0.015095 0.768100 0.000000
vt  0.015095 0.768100 0.000000
vt  0.188936 0.782373 0.000000
vt  0.348138 0.767111 0.000000
vt  0.188936 0.782373 0.000000
vt  0.015095 0.768100 0.000000
vt  0.015338 0.817962 0.000000
vt  0.015338 0.817962 0.000000
vt  0.085837 0.823130 0.000000
vt  0.188936 0.782373 0.000000
vt  0.085837 0.823130 0.000000
vt  0.015338 0.817962 0.000000
vt  0.015334 0.890851 0.000000
vt  0.015334 0.890851 0.000000
vt  0.037376 0.883854 0.000000
vt  0.085837 0.823130 0.000000
vt  0.037376 0.883854 0.000000
vt  0.015334 0.890851 0.000000
vt  0.096366 0.983856 0.000000
vt  0.096366 0.983856 0.000000
vt  0.130197 0.932629 0.000000
vt  0.037376 0.883854 0.000000
vt  0.130197 0.932629 0.000000
vt  0.096366 0.983856 0.000000
vt  0.401779 0.975598 0.000000
vt  0.401779 0.975598 0.000000
vt  0.294422 0.935669 0.000000
vt  0.130197 0.932629 0.000000
vt  0.294422 0.935669 0.000000
vt  0.401779 0.975598 0.000000
vt  0.422802 0.893209 0.000000
vt  0.422802 0.893209 0.000000
vt  0.372213 0.898541 0.000000
vt  0.294422 0.935669 0.000000
vt  0.372213 0.898541 0.000000
vt  0.422802 0.893209 0.000000
vt  0.367368 0.860474 0.000000
vt  0.367368 0.860474 0.000000
vt  0.291919 0.926187 0.000000
vt  0.372213 0.898541 0.000000
vt  0.291919 0.926187 0.000000
vt  0.367368 0.860474 0.000000
vt  0.315886 0.838449 0.000000
vt  0.315886 0.838449 0.000000
vt  0.149951 0.841236 0.000000
vt  0.291919 0.926187 0.000000
vt  0.149951 0.841236 0.000000
vt  0.315886 0.838449 0.000000
vt  0.235748 0.822793 0.000000
vt  0.235748 0.822793 0.000000
vt  0.085837 0.823130 0.000000
vt  0.149951 0.841236 0.000000
vt  0.085837 0.823130 0.000000
vt  0.235748 0.822793 0.000000
vt  0.253384 0.803779 0.000000
vt  0.253384 0.803779 0.000000
vt  0.188936 0.782373 0.000000
vt  0.085837 0.823130 0.000000
vt  0.188936 0.782373 0.000000
vt  0.253384 0.803779 0.000000
vt  0.253384 0.803779 0.000000
vt  0.253384 0.803779 0.000000
vt  0.348138 0.767111 0.000000
vt  0.188936 0.782373 0.000000
vt  0.348138 0.767111 0.000000
vt  0.253384 0.803779 0.000000
vt  0.399103 0.782280 0.000000
vt  0.399103 0.782280 0.000000
vt  0.493675 0.760017 0.000000
vt  0.348138 0.767111 0.000000
vt  0.493675 0.760017 0.000000
vt  0.399103 0.782280 0.000000
vt  0.493796 0.779442 0.000000
vt  0.493796 0.779442 0.000000
vt  0.399103 0.782280 0.000000
vt  0.493675 0.760017 0.000000
vt  0.399103 0.782280 0.000000
vt  0.493796 0.779442 0.000000
vt  0.455537 0.807089 0.000000
vt  0.455537 0.807089 0.000000
vt  0.399103 0.782280 0.000000
vt  0.399103 0.782280 0.000000
vt  0.399103 0.782280 0.000000
vt  0.455537 0.807089 0.000000
vt  0.401230 0.806216 0.000000
vt  0.401230 0.806216 0.000000
vt  0.253384 0.803779 0.000000
vt  0.399103 0.782280 0.000000
vt  0.253384 0.803779 0.000000
vt  0.401230 0.806216 0.000000
vt  0.322635 0.822625 0.000000
vt  0.322635 0.822625 0.000000
vt  0.235748 0.822793 0.000000
vt  0.253384 0.803779 0.000000
vt  0.235748 0.822793 0.000000
vt  0.322635 0.822625 0.000000
vt  0.315886 0.838449 0.000000
vt  0.315886 0.838449 0.000000
vt  0.149951 0.841236 0.000000
vt  0.235748 0.822793 0.000000
vt  0.149951 0.841236 0.000000
vt  0.315886 0.838449 0.000000
vt  0.291919 0.926187 0.000000
vt  0.291919 0.926187 0.000000
vt  0.134267 0.923353 0.000000
vt  0.149951 0.841236 0.000000
vt  0.134267 0.923353 0.000000
vt  0.291919 0.926187 0.000000
vt  0.130197 0.932629 0.000000
vt  0.130197 0.932629 0.000000
vt  0.037376 0.883854 0.000000
vt  0.134267 0.923353 0.000000
vt  0.037376 0.883854 0.000000
vt  0.130197 0.932629 0.000000
vt  0.096366 0.983856 0.000000
vt  0.096366 0.983856 0.000000
vt  0.015334 0.890851 0.000000
vt  0.037376 0.883854 0.000000
vt  0.015334 0.890851 0.000000
vt  0.096366 0.983856 0.000000
vt  0.007514 0.887845 0.000000
vt  0.007514 0.887845 0.000000
vt  0.015334 0.890851 0.000000
vt  0.015334 0.890851 0.000000
vt  0.015334 0.890851 0.000000
vt  0.007514 0.887845 0.000000
vt  0.015338 0.817962 0.000000
vt  0.015338 0.817962 0.000000
vt  0.085837 0.823130 0.000000
vt  0.015334 0.890851 0.000000
vt  0.085837 0.823130 0.000000
vt  0.015338 0.817962 0.000000
vt  0.188936 0.782373 0.000000
vt  0.188936 0.782373 0.000000
vt  0.253384 0.803779 0.000000
vt  0.085837 0.823130 0.000000
vt  0.253384 0.803779 0.000000
vt  0.188936 0.782373 0.000000
vt  0.188936 0.782373 0.000000
vt  0.188936 0.782373 0.000000
vt  0.348138 0.767111 0.000000
vt  0.253384 0.803779 0.000000
vt  0.348138 0.767111 0.000000
vt  0.188936 0.782373 0.000000
vt  0.188936 0.782373 0.000000
vt  0.188936 0.782373 0.000000
vt  0.015095 0.768100 0.000000
vt  0.348138 0.767111 0.000000
vt  0.015095 0.768100 0.000000
vt  0.188936 0.782373 0.000000
vt  0.015338 0.817962 0.000000
vt  0.037376 0.883854 0.000000
vt  0.015334 0.890851 0.000000
vt  0.085837 0.823130 0.000000
vt  0.134267 0.923353 0.000000
vt  0.037376 0.883854 0.000000
vt  0.149951 0.841236 0.000000
vt  0.085837 0.823130 0.000000
vt  0.149951 0.841236 0.000000
vt  0.037376 0.883854 0.000000
vt  0.149951 0.841236 0.000000
vt  0.085837 0.823130 0.000000
vt  0.235748 0.822793 0.000000
vt  0.253384 0.803779 0.000000
vt  0.235748 0.822793 0.000000
vt  0.085837 0.823130 0.000000
vt  0.085837 0.823130 0.000000
vt  0.085837 0.823130 0.000000
vt  0.149951 0.841236 0.000000
vt  0.037376 0.883854 0.000000
vt  0.149951 0.841236 0.000000
vt  0.085837 0.823130 0.000000
vt  0.149951 0.841236 0.000000
vt  0.037376 0.883854 0.000000
vt  0.134267 0.923353 0.000000
vt  0.130197 0.932629 0.000000
vt  0.134267 0.923353 0.000000
vt  0.037376 0.883854 0.000000
vt  0.134267 0.923353 0.000000
vt  0.130197 0.932629 0.000000
vt  0.134267 0.923353 0.000000
vt  0.294422 0.935669 0.000000
vt  0.134267 0.923353 0.000000
vt  0.130197 0.932629 0.000000
vt  0.134267 0.923353 0.000000
vt  0.294422 0.935669 0.000000
vt  0.291919 0.926187 0.000000
vt  0.372213 0.898541 0.000000
vt  0.291919 0.926187 0.000000
vt  0.294422 0.935669 0.000000
vt  0.291919 0.926187 0.000000
vt  0.149951 0.841236 0.000000
vt  0.134267 0.923353 0.000000
vt  0.015334 0.890851 0.000000
vt  0.007514 0.887845 0.000000
vt  0.096366 0.983856 0.000000
vt  0.007514 0.887845 0.000000
vt  0.015334 0.890851 0.000000
vt  0.015338 0.817962 0.000000
vt  0.235748 0.822793 0.000000
vt  0.322635 0.822625 0.000000
vt  0.253384 0.803779 0.000000
vt  0.322635 0.822625 0.000000
vt  0.235748 0.822793 0.000000
vt  0.315886 0.838449 0.000000
vt  0.372213 0.898541 0.000000
vt  0.367368 0.860474 0.000000
vt  0.372213 0.898541 0.000000
vt  0.367368 0.860474 0.000000
vt  0.372213 0.898541 0.000000
vt  0.291919 0.926187 0.000000
vt  0.291919 0.926187 0.000000
vt  0.315886 0.838449 0.000000
vt  0.367368 0.860474 0.000000
vt  0.493796 0.996931 0.000000
vt  0.401779 0.975598 0.000000
vt  0.252677 0.996058 0.000000
vt  0.096366 0.983856 0.000000
vt  0.252677 0.996058 0.000000
vt  0.401779 0.975598 0.000000
vt  0.096366 0.983856 0.000000
vt  0.096366 0.983856 0.000000
vt  0.252677 0.996058 0.000000
vt  0.401779 0.975598 0.000000
vt  0.252677 0.996058 0.000000
vt  0.096366 0.983856 0.000000
vt  0.252677 0.996058 0.000000
vt  0.401779 0.975598 0.000000
vt  0.493796 0.996931 0.000000
vt  0.493796 0.962902 0.000000
vt  0.493796 0.996931 0.000000
vt  0.401779 0.975598 0.000000
vt  0.493796 0.996931 0.000000
vt  0.493796 0.962902 0.000000
vt  0.401779 0.975598 0.000000
vt  0.493796 0.921265 0.000000
vt  0.401779 0.975598 0.000000
vt  0.493796 0.962902 0.000000
vt  0.401779 0.975598 0.000000
vt  0.493796 0.921265 0.000000
vt  0.422802 0.893209 0.000000
vt  0.493796 0.868402 0.000000
vt  0.422802 0.893209 0.000000
vt  0.493796 0.921265 0.000000
vt  0.422802 0.893209 0.000000
vt  0.493796 0.868402 0.000000
vt  0.367368 0.860474 0.000000
vt  0.493796 0.868402 0.000000
vt  0.367368 0.860474 0.000000
vt  0.493796 0.868402 0.000000
vt  0.367368 0.860474 0.000000
vt  0.493796 0.868402 0.000000
vt  0.315886 0.838449 0.000000
vt  0.409522 0.833488 0.000000
vt  0.315886 0.838449 0.000000
vt  0.493796 0.868402 0.000000
vt  0.315886 0.838449 0.000000
vt  0.409522 0.833488 0.000000
vt  0.322635 0.822625 0.000000
vt  0.401230 0.806216 0.000000
vt  0.322635 0.822625 0.000000
vt  0.409522 0.833488 0.000000
vt  0.322635 0.822625 0.000000
vt  0.401230 0.806216 0.000000
vt  0.253384 0.803779 0.000000
vt  0.401230 0.806216 0.000000
vt  0.253384 0.803779 0.000000
vt  0.401230 0.806216 0.000000
vt  0.253384 0.803779 0.000000
vt  0.401230 0.806216 0.000000
vt  0.399103 0.782280 0.000000
vt  0.455537 0.807089 0.000000
vt  0.399103 0.782280 0.000000
vt  0.401230 0.806216 0.000000
vt  0.399103 0.782280 0.000000
vt  0.455537 0.807089 0.000000
vt  0.493796 0.779442 0.000000
vt  0.493796 0.806820 0.000000
vt  0.493796 0.779442 0.000000
vt  0.455537 0.807089 0.000000
vt  0.493796 0.779442 0.000000
vt  0.493796 0.806820 0.000000
vt  0.455537 0.807089 0.000000
vt  0.422802 0.893209 0.000000
vt  0.401779 0.975598 0.000000
vt  0.294422 0.935669 0.000000
vt  0.401779 0.975598 0.000000
vt  0.422802 0.893209 0.000000
vt  0.493796 0.921265 0.000000
vt  0.493796 0.921265 0.000000
vt  0.493796 0.962902 0.000000
vt  0.401779 0.975598 0.000000
vt  0.493796 0.921265 0.000000
vt  0.422802 0.893209 0.000000
vt  0.493796 0.868402 0.000000
vt  0.409522 0.833488 0.000000
vt  0.455537 0.807089 0.000000
vt  0.401230 0.806216 0.000000
vt  0.455537 0.807089 0.000000
vt  0.409522 0.833488 0.000000
vt  0.493796 0.822457 0.000000
vt  0.493796 0.822457 0.000000
vt  0.493796 0.806820 0.000000
vt  0.455537 0.807089 0.000000
vt  0.493796 0.806820 0.000000
vt  0.493796 0.822457 0.000000
vt  0.493796 0.822457 0.000000
vt  0.493796 0.822457 0.000000
vt  0.455537 0.807089 0.000000
vt  0.493796 0.806820 0.000000
vt  0.455537 0.807089 0.000000
vt  0.493796 0.822457 0.000000
vt  0.409522 0.833488 0.000000
vt  0.409522 0.833488 0.000000
vt  0.401230 0.806216 0.000000
vt  0.455537 0.807089 0.000000
vt  0.401230 0.806216 0.000000
vt  0.409522 0.833488 0.000000
vt  0.409522 0.833488 0.000000
vt  0.409522 0.833488 0.000000
vt  0.322635 0.822625 0.000000
vt  0.401230 0.806216 0.000000
vt  0.322635 0.822625 0.000000
vt  0.409522 0.833488 0.000000
vt  0.409522 0.833488 0.000000
vt  0.409522 0.833488 0.000000
vt  0.315886 0.838449 0.000000
vt  0.322635 0.822625 0.000000
vt  0.315886 0.838449 0.000000
vt  0.409522 0.833488 0.000000
vt  0.493796 0.868402 0.000000
vt  0.493796 0.868402 0.000000
vt  0.367368 0.860474 0.000000
vt  0.315886 0.838449 0.000000
vt  0.367368 0.860474 0.000000
vt  0.493796 0.868402 0.000000
vt  0.422802 0.893209 0.000000
vt  0.422802 0.893209 0.000000
vt  0.372213 0.898541 0.000000
vt  0.367368 0.860474 0.000000
vt  0.372213 0.898541 0.000000
vt  0.422802 0.893209 0.000000
vt  0.294422 0.935669 0.000000
vt  0.294422 0.935669 0.000000
vt  0.291919 0.926187 0.000000
vt  0.372213 0.898541 0.000000
vt  0.291919 0.926187 0.000000
vt  0.294422 0.935669 0.000000
vt  0.294422 0.935669 0.000000
vt  0.294422 0.935669 0.000000
vt  0.130197 0.932629 0.000000
vt  0.291919 0.926187 0.000000
vt  0.130197 0.932629 0.000000
vt  0.294422 0.935669 0.000000
vt  0.401779 0.975598 0.000000
vt  0.401779 0.975598 0.000000
vt  0.096366 0.983856 0.000000
vt  0.130197 0.932629 0.000000
vt  0.409522 0.833488 0.000000
vt  0.493796 0.834383 0.000000
vt  0.493796 0.868402 0.000000
vt  0.493796 0.834383 0.000000
vt  0.493796 0.868402 0.000000
vt  0.493796 0.834383 0.000000
vt  0.493796 0.868402 0.000000
vt  0.493796 0.834383 0.000000
vt  0.409522 0.833488 0.000000
vt  0.493796 0.834383 0.000000
vt  0.409522 0.833488 0.000000
vt  0.493796 0.834383 0.000000
vt  0.409522 0.833488 0.000000
vt  0.493796 0.834383 0.000000
vt  0.493796 0.822457 0.000000
vt  0.409522 0.833488 0.000000
vt  0.493796 0.822457 0.000000
vt  0.493796 0.834383 0.000000
vt  0.521520 0.816692 0.000000
vt  0.503934 0.869368 0.000000
vt  0.635715 0.902746 0.000000
vt  0.892685 0.128754 0.000000
vt  0.825351 0.126581 0.000000
vt  0.892685 0.128754 0.000000
vt  0.825351 0.126581 0.000000
vt  0.892685 0.128754 0.000000
vt  0.828287 0.184365 0.000000
vt  0.828287 0.184365 0.000000
vt  0.795523 0.145633 0.000000
vt  0.825351 0.126581 0.000000
vt  0.795523 0.145633 0.000000
vt  0.828287 0.184365 0.000000
vt  0.788601 0.174142 0.000000
vt  0.788601 0.174142 0.000000
vt  0.772215 0.149367 0.000000
vt  0.795523 0.145633 0.000000
vt  0.788601 0.174142 0.000000
vt  0.828287 0.184365 0.000000
vt  0.802878 0.188143 0.000000
vt  0.828287 0.184365 0.000000
vt  0.892335 0.184365 0.000000
vt  0.868850 0.192100 0.000000
vt  0.892335 0.184365 0.000000
vt  0.828287 0.184365 0.000000
vt  0.892685 0.128754 0.000000
vt  0.892685 0.128754 0.000000
vt  0.983369 0.184365 0.000000
vt  0.892335 0.184365 0.000000
vt  0.983369 0.184365 0.000000
vt  0.892685 0.128754 0.000000
vt  0.958162 0.130261 0.000000
vt  0.958162 0.130261 0.000000
vt  0.994779 0.184365 0.000000
vt  0.983369 0.184365 0.000000
vt  0.994779 0.184365 0.000000
vt  0.958162 0.130261 0.000000
vt  0.958162 0.130261 0.000000
vt  0.958162 0.130261 0.000000
vt  0.990171 0.131247 0.000000
vt  0.994779 0.184365 0.000000
vt  0.990171 0.131247 0.000000
vt  0.958162 0.130261 0.000000
vt  0.958162 0.130261 0.000000
vt  0.958162 0.130261 0.000000
vt  0.955465 0.114448 0.000000
vt  0.990171 0.131247 0.000000
vt  0.955465 0.114448 0.000000
vt  0.958162 0.130261 0.000000
vt  0.958162 0.130261 0.000000
vt  0.958162 0.130261 0.000000
vt  0.892090 0.111616 0.000000
vt  0.955465 0.114448 0.000000
vt  0.892090 0.111616 0.000000
vt  0.958162 0.130261 0.000000
vt  0.892685 0.128754 0.000000
vt  0.892685 0.128754 0.000000
vt  0.816607 0.109462 0.000000
vt  0.892090 0.111616 0.000000
vt  0.816607 0.109462 0.000000
vt  0.892685 0.128754 0.000000
vt  0.825351 0.126581 0.000000
vt  0.825351 0.126581 0.000000
vt  0.780227 0.124760 0.000000
vt  0.816607 0.109462 0.000000
vt  0.780227 0.124760 0.000000
vt  0.825351 0.126581 0.000000
vt  0.795523 0.145633 0.000000
vt  0.795523 0.145633 0.000000
vt  0.775237 0.129245 0.000000
vt  0.780227 0.124760 0.000000
vt  0.775237 0.129245 0.000000
vt  0.795523 0.145633 0.000000
vt  0.795523 0.145633 0.000000
vt  0.795523 0.145633 0.000000
vt  0.773919 0.134001 0.000000
vt  0.775237 0.129245 0.000000
vt  0.773919 0.134001 0.000000
vt  0.795523 0.145633 0.000000
vt  0.772215 0.149367 0.000000
vt  0.772215 0.149367 0.000000
vt  0.764961 0.137886 0.000000
vt  0.773919 0.134001 0.000000
vt  0.764961 0.137886 0.000000
vt  0.772215 0.149367 0.000000
vt  0.772215 0.149367 0.000000
vt  0.772215 0.149367 0.000000
vt  0.708998 0.157295 0.000000
vt  0.764961 0.137886 0.000000
vt  0.708998 0.157295 0.000000
vt  0.772215 0.149367 0.000000
vt  0.772215 0.149367 0.000000
vt  0.772215 0.149367 0.000000
vt  0.730669 0.172140 0.000000
vt  0.708998 0.157295 0.000000
vt  0.730669 0.172140 0.000000
vt  0.772215 0.149367 0.000000
vt  0.788601 0.174142 0.000000
vt  0.788601 0.174142 0.000000
vt  0.760818 0.187435 0.000000
vt  0.730669 0.172140 0.000000
vt  0.760818 0.187435 0.000000
vt  0.788601 0.174142 0.000000
vt  0.803632 0.188394 0.000000
vt  0.994779 0.184365 0.000000
vt  0.918373 0.192749 0.000000
vt  0.983369 0.184365 0.000000
vt  0.916507 0.192749 0.000000
vt  0.892335 0.184365 0.000000
vt  0.983369 0.184365 0.000000
vt  0.503934 0.869368 0.000000
vt  0.521520 0.816692 0.000000
vt  0.635715 0.902746 0.000000
vt  0.875696 0.631284 0.000000
vt  0.875696 0.631284 0.000000
vt  0.875194 0.647851 0.000000
vt  0.854160 0.608029 0.000000
vt  0.875194 0.647851 0.000000
vt  0.875696 0.631284 0.000000
vt  0.875194 0.647851 0.000000
vt  0.854160 0.608029 0.000000
vt  0.859563 0.627628 0.000000
vt  0.854160 0.608029 0.000000
vt  0.859563 0.627628 0.000000
vt  0.854160 0.608029 0.000000
vt  0.859563 0.627628 0.000000
vt  0.854160 0.608029 0.000000
vt  0.869328 0.609062 0.000000
vt  0.899779 0.595456 0.000000
vt  0.908584 0.634459 0.000000
vt  0.899779 0.595456 0.000000
vt  0.908584 0.634459 0.000000
vt  0.899779 0.595456 0.000000
vt  0.875696 0.631284 0.000000
vt  0.875696 0.631284 0.000000
vt  0.904358 0.651624 0.000000
vt  0.908584 0.634459 0.000000
vt  0.904358 0.651624 0.000000
vt  0.875696 0.631284 0.000000
vt  0.875194 0.647851 0.000000
vt  0.875194 0.647851 0.000000
vt  0.875835 0.652977 0.000000
vt  0.904358 0.651624 0.000000
vt  0.875835 0.652977 0.000000
vt  0.875194 0.647851 0.000000
vt  0.859563 0.627628 0.000000
vt  0.859563 0.627628 0.000000
vt  0.863947 0.645956 0.000000
vt  0.875835 0.652977 0.000000
vt  0.863947 0.645956 0.000000
vt  0.859563 0.627628 0.000000
vt  0.869328 0.609062 0.000000
vt  0.869328 0.609062 0.000000
vt  0.879738 0.674284 0.000000
vt  0.863947 0.645956 0.000000
vt  0.879738 0.674284 0.000000
vt  0.869328 0.609062 0.000000
vt  0.906924 0.677833 0.000000
vt  0.906924 0.677833 0.000000
vt  0.906357 0.756114 0.000000
vt  0.879738 0.674284 0.000000
vt  0.906357 0.756114 0.000000
vt  0.906924 0.677833 0.000000
vt  0.906924 0.677833 0.000000
vt  0.906924 0.677833 0.000000
vt  0.918296 0.756114 0.000000
vt  0.906357 0.756114 0.000000
vt  0.918296 0.756114 0.000000
vt  0.906924 0.677833 0.000000
vt  0.918890 0.651606 0.000000
vt  0.918890 0.651606 0.000000
vt  0.903440 0.756114 0.000000
vt  0.918296 0.756114 0.000000
vt  0.903440 0.756114 0.000000
vt  0.918890 0.651606 0.000000
vt  0.918890 0.651606 0.000000
vt  0.918890 0.651606 0.000000
vt  0.904786 0.656480 0.000000
vt  0.903440 0.756114 0.000000
vt  0.904786 0.656480 0.000000
vt  0.918890 0.651606 0.000000
vt  0.919253 0.639516 0.000000
vt  0.919253 0.639516 0.000000
vt  0.904358 0.651624 0.000000
vt  0.904786 0.656480 0.000000
vt  0.904358 0.651624 0.000000
vt  0.919253 0.639516 0.000000
vt  0.919253 0.639516 0.000000
vt  0.919253 0.639516 0.000000
vt  0.908584 0.634459 0.000000
vt  0.904358 0.651624 0.000000
vt  0.908584 0.634459 0.000000
vt  0.919253 0.639516 0.000000
vt  0.918775 0.611287 0.000000
vt  0.918775 0.611287 0.000000
vt  0.916235 0.595456 0.000000
vt  0.908584 0.634459 0.000000
vt  0.916235 0.595456 0.000000
vt  0.918775 0.611287 0.000000
vt  0.902103 0.614277 0.000000
vt  0.902103 0.614277 0.000000
vt  0.900982 0.595456 0.000000
vt  0.916235 0.595456 0.000000
vt  0.900982 0.595456 0.000000
vt  0.902103 0.614277 0.000000
vt  0.869328 0.609062 0.000000
vt  0.869328 0.609062 0.000000
vt  0.872498 0.583223 0.000000
vt  0.900982 0.595456 0.000000
vt  0.872498 0.583223 0.000000
vt  0.869328 0.609062 0.000000
vt  0.854160 0.608029 0.000000
vt  0.854160 0.608029 0.000000
vt  0.855800 0.573093 0.000000
vt  0.872498 0.583223 0.000000
vt  0.855800 0.573093 0.000000
vt  0.854160 0.608029 0.000000
vt  0.875696 0.631284 0.000000
vt  0.875696 0.631284 0.000000
vt  0.873022 0.583223 0.000000
vt  0.855800 0.573093 0.000000
vt  0.873022 0.583223 0.000000
vt  0.875696 0.631284 0.000000
vt  0.899779 0.595456 0.000000
vt  0.908584 0.634459 0.000000
vt  0.916235 0.595456 0.000000
vt  0.899779 0.595456 0.000000
vt  0.918775 0.611287 0.000000
vt  0.919253 0.639516 0.000000
vt  0.902103 0.614277 0.000000
vt  0.906924 0.677833 0.000000
vt  0.902103 0.614277 0.000000
vt  0.919253 0.639516 0.000000
vt  0.902103 0.614277 0.000000
vt  0.906924 0.677833 0.000000
vt  0.869328 0.609062 0.000000
vt  0.906924 0.677833 0.000000
vt  0.919253 0.639516 0.000000
vt  0.918890 0.651606 0.000000
vt  0.906357 0.756114 0.000000
vt  0.873500 0.756114 0.000000
vt  0.879738 0.674284 0.000000
vt  0.857280 0.756114 0.000000
vt  0.879738 0.674284 0.000000
vt  0.873500 0.756114 0.000000
vt  0.879738 0.674284 0.000000
vt  0.857280 0.756114 0.000000
vt  0.863947 0.645956 0.000000
vt  0.857280 0.756114 0.000000
vt  0.863947 0.645956 0.000000
vt  0.857280 0.756114 0.000000
vt  0.863947 0.645956 0.000000
vt  0.857280 0.756114 0.000000
vt  0.875835 0.652977 0.000000
vt  0.870301 0.756114 0.000000
vt  0.875835 0.652977 0.000000
vt  0.857280 0.756114 0.000000
vt  0.875835 0.652977 0.000000
vt  0.870301 0.756114 0.000000
vt  0.875835 0.652977 0.000000
vt  0.903440 0.756114 0.000000
vt  0.875835 0.652977 0.000000
vt  0.870301 0.756114 0.000000
vt  0.875835 0.652977 0.000000
vt  0.903440 0.756114 0.000000
vt  0.875835 0.652977 0.000000
vt  0.904786 0.656480 0.000000
vt  0.875835 0.652977 0.000000
vt  0.903440 0.756114 0.000000
vt  0.875835 0.652977 0.000000
vt  0.904786 0.656480 0.000000
vt  0.904358 0.651624 0.000000
vt  0.846157 0.090302 0.000000
vt  0.834803 0.093605 0.000000
vt  0.849466 0.094191 0.000000
vt  0.816792 0.058708 0.000000
vt  0.905637 0.075194 0.000000
vt  0.994264 0.059660 0.000000
vt  0.912834 0.091866 0.000000
vt  0.994264 0.059660 0.000000
vt  0.905637 0.075194 0.000000
vt  0.994264 0.059660 0.000000
vt  0.912834 0.091866 0.000000
vt  0.967389 0.093187 0.000000
vt  0.912834 0.091866 0.000000
vt  0.967389 0.093187 0.000000
vt  0.912834 0.091866 0.000000
vt  0.967389 0.093187 0.000000
vt  0.912834 0.091866 0.000000
vt  0.897744 0.099374 0.000000
vt  0.912834 0.091866 0.000000
vt  0.897744 0.099374 0.000000
vt  0.912834 0.091866 0.000000
vt  0.897744 0.099374 0.000000
vt  0.912834 0.091866 0.000000
vt  0.846157 0.090302 0.000000
vt  0.846404 0.074761 0.000000
vt  0.846157 0.090302 0.000000
vt  0.912834 0.091866 0.000000
vt  0.846157 0.090302 0.000000
vt  0.846404 0.074761 0.000000
vt  0.834803 0.093605 0.000000
vt  0.846404 0.074761 0.000000
vt  0.834803 0.093605 0.000000
vt  0.846404 0.074761 0.000000
vt  0.834803 0.093605 0.000000
vt  0.846404 0.074761 0.000000
vt  0.805990 0.084989 0.000000
vt  0.801461 0.065716 0.000000
vt  0.805990 0.084989 0.000000
vt  0.846404 0.074761 0.000000
vt  0.816792 0.058708 0.000000
vt  0.846404 0.074761 0.000000
vt  0.905637 0.075194 0.000000
vt  0.912834 0.091866 0.000000
vt  0.905637 0.075194 0.000000
vt  0.846404 0.074761 0.000000
vt  0.646267 0.026413 0.000000
vt  0.646267 0.026413 0.000000
vt  0.594227 0.077970 0.000000
vt  0.594227 0.026413 0.000000
vt  0.594227 0.077970 0.000000
vt  0.646267 0.026413 0.000000
vt  0.594227 0.077970 0.000000
vt  0.594227 0.026413 0.000000
vt  0.528801 0.077970 0.000000
vt  0.532150 0.026413 0.000000
vt  0.528801 0.077970 0.000000
vt  0.594227 0.026413 0.000000
vt  0.528801 0.077970 0.000000
vt  0.532150 0.026413 0.000000
vt  0.594227 0.077970 0.000000
vt  0.594227 0.077970 0.000000
vt  0.646267 0.026413 0.000000
vt  0.594227 0.077970 0.000000
vt  0.646267 0.026413 0.000000
vt  0.594227 0.077970 0.000000
vt  0.649616 0.077970 0.000000
vt  0.649616 0.077970 0.000000
vt  0.646267 0.026413 0.000000
vt  0.646267 0.026413 0.000000
vt  0.646267 0.026413 0.000000
vt  0.649616 0.077970 0.000000
vt  0.594227 0.077970 0.000000
vt  0.594227 0.077970 0.000000
vt  0.594227 0.026413 0.000000
vt  0.646267 0.026413 0.000000
vt  0.594227 0.026413 0.000000
vt  0.594227 0.077970 0.000000
vt  0.528801 0.077970 0.000000
vt  0.528801 0.077970 0.000000
vt  0.594227 0.026413 0.000000
vt  0.594227 0.026413 0.000000
vt  0.594227 0.026413 0.000000
vt  0.528801 0.077970 0.000000
vt  0.532150 0.026413 0.000000
vt  0.532150 0.026413 0.000000
vt  0.594227 0.026413 0.000000
vt  0.594227 0.026413 0.000000
vt  0.594227 0.026413 0.000000
vt  0.532150 0.026413 0.000000
vt  0.532150 0.004348 0.000000
vt  0.532150 0.004348 0.000000
vt  0.594227 0.026413 0.000000
vt  0.594227 0.026413 0.000000
vt  0.594227 0.026413 0.000000
vt  0.532150 0.004348 0.000000
vt  0.594227 0.004348 0.000000
vt  0.594227 0.004348 0.000000
vt  0.594227 0.026413 0.000000
vt  0.594227 0.026413 0.000000
vt  0.594227 0.026413 0.000000
vt  0.594227 0.004348 0.000000
vt  0.646267 0.004348 0.000000
vt  0.646267 0.004348 0.000000
vt  0.646267 0.026413 0.000000
vt  0.594227 0.026413 0.000000
vt  0.646267 0.026413 0.000000
vt  0.646267 0.004348 0.000000
vt  0.594227 0.004348 0.000000
vt  0.594227 0.004348 0.000000
vt  0.594227 0.026413 0.000000
vt  0.646267 0.026413 0.000000
vt  0.594227 0.026413 0.000000
vt  0.594227 0.004348 0.000000
vt  0.532150 0.004348 0.000000
vt  0.532150 0.004348 0.000000
vt  0.532150 0.026413 0.000000
vt  0.594227 0.026413 0.000000
vt  0.532150 0.026413 0.000000
vt  0.532150 0.004348 0.000000
vt  0.594227 0.026413 0.000000
vt  0.594227 0.026413 0.000000
vt  0.594227 0.077970 0.000000
vt  0.532150 0.026413 0.000000
vt  0.594227 0.077970 0.000000
vt  0.594227 0.026413 0.000000
vt  0.594227 0.026413 0.000000
vt  0.594227 0.026413 0.000000
vt  0.649616 0.077970 0.000000
vt  0.594227 0.077970 0.000000
vt  0.649616 0.077970 0.000000
vt  0.594227 0.026413 0.000000
vt  0.594227 0.026413 0.000000
vt  0.594227 0.026413 0.000000
vt  0.646267 0.026413 0.000000
vt  0.649616 0.077970 0.000000
vt  0.646267 0.026413 0.000000
vt  0.594227 0.026413 0.000000
vt  0.594227 0.004348 0.000000
vt  0.594227 0.004348 0.000000
vt  0.646267 0.004348 0.000000
vt  0.646267 0.026413 0.000000
vt  0.532150 0.004348 0.000000
vt  0.594227 0.004348 0.000000
vt  0.594227 0.026413 0.000000
vt  0.772973 0.002275 0.000000
vt  0.838318 0.007132 0.000000
vt  0.764431 0.007561 0.000000
vt  0.838318 0.007132 0.000000
vt  0.772973 0.002275 0.000000
vt  0.848511 0.018992 0.000000
vt  0.848511 0.018992 0.000000
vt  0.838318 0.007132 0.000000
vt  0.838318 0.007132 0.000000
vt  0.838318 0.007132 0.000000
vt  0.848511 0.018992 0.000000
vt  0.855649 0.055385 0.000000
vt  0.855649 0.055385 0.000000
vt  0.838318 0.007132 0.000000
vt  0.838318 0.007132 0.000000
vt  0.838318 0.007132 0.000000
vt  0.855649 0.055385 0.000000
vt  0.844765 0.056372 0.000000
vt  0.844765 0.056372 0.000000
vt  0.764431 0.007561 0.000000
vt  0.838318 0.007132 0.000000
vt  0.764431 0.007561 0.000000
vt  0.844765 0.056372 0.000000
vt  0.765256 0.057701 0.000000
vt  0.765256 0.057701 0.000000
vt  0.685815 0.007442 0.000000
vt  0.764431 0.007561 0.000000
vt  0.685815 0.007442 0.000000
vt  0.765256 0.057701 0.000000
vt  0.676365 0.055042 0.000000
vt  0.676365 0.055042 0.000000
vt  0.685815 0.007442 0.000000
vt  0.685815 0.007442 0.000000
vt  0.685815 0.007442 0.000000
vt  0.676365 0.055042 0.000000
vt  0.657563 0.055955 0.000000
vt  0.657563 0.055955 0.000000
vt  0.685815 0.007442 0.000000
vt  0.685815 0.007442 0.000000
vt  0.685815 0.007442 0.000000
vt  0.657563 0.055955 0.000000
vt  0.669076 0.019028 0.000000
vt  0.669076 0.019028 0.000000
vt  0.764431 0.007561 0.000000
vt  0.685815 0.007442 0.000000
vt  0.764431 0.007561 0.000000
vt  0.669076 0.019028 0.000000
vt  0.772973 0.002275 0.000000
vt  0.675402 0.003192 0.000000
vt  0.707932 0.005128 0.000000
vt  0.684824 0.004152 0.000000
vt  0.707932 0.005128 0.000000
vt  0.675402 0.003192 0.000000
vt  0.709526 0.003128 0.000000
vt  0.709526 0.003128 0.000000
vt  0.710116 0.002485 0.000000
vt  0.707932 0.005128 0.000000
vt  0.710116 0.002485 0.000000
vt  0.709526 0.003128 0.000000
vt  0.675402 0.003192 0.000000
vt  0.675402 0.003192 0.000000
vt  0.673435 0.002694 0.000000
vt  0.710116 0.002485 0.000000
vt  0.673435 0.002694 0.000000
vt  0.675402 0.003192 0.000000
vt  0.684824 0.004152 0.000000
vt  0.684824 0.004152 0.000000
vt  0.669759 0.053094 0.000000
vt  0.673435 0.002694 0.000000
vt  0.669759 0.053094 0.000000
vt  0.684824 0.004152 0.000000
vt  0.707932 0.005128 0.000000
vt  0.707932 0.005128 0.000000
vt  0.712293 0.058455 0.000000
vt  0.669759 0.053094 0.000000
vt  0.712293 0.058455 0.000000
vt  0.707932 0.005128 0.000000
vt  0.710116 0.002485 0.000000
vt  0.687142 0.148320 0.000000
vt  0.670816 0.104718 0.000000
vt  0.706789 0.161957 0.000000
vt  0.670816 0.104718 0.000000
vt  0.624828 0.091391 0.000000
vt  0.617994 0.080709 0.000000
vt  0.583253 0.087040 0.000000
vt  0.617994 0.080709 0.000000
vt  0.624828 0.091391 0.000000
vt  0.617994 0.080709 0.000000
vt  0.583253 0.087040 0.000000
vt  0.583004 0.079943 0.000000
vt  0.539397 0.097182 0.000000
vt  0.583004 0.079943 0.000000
vt  0.583253 0.087040 0.000000
vt  0.583004 0.079943 0.000000
vt  0.539397 0.097182 0.000000
vt  0.536204 0.079031 0.000000
vt  0.539397 0.097182 0.000000
vt  0.536204 0.079031 0.000000
vt  0.539397 0.097182 0.000000
vt  0.536204 0.079031 0.000000
vt  0.539397 0.097182 0.000000
vt  0.534184 0.097740 0.000000
vt  0.539397 0.097182 0.000000
vt  0.534184 0.097740 0.000000
vt  0.539397 0.097182 0.000000
vt  0.534184 0.097740 0.000000
vt  0.539397 0.097182 0.000000
vt  0.534107 0.165512 0.000000
vt  0.537408 0.157170 0.000000
vt  0.534107 0.165512 0.000000
vt  0.539397 0.097182 0.000000
vt  0.534107 0.165512 0.000000
vt  0.537408 0.157170 0.000000
vt  0.608217 0.197954 0.000000
vt  0.579249 0.151861 0.000000
vt  0.608217 0.197954 0.000000
vt  0.537408 0.157170 0.000000
vt  0.608217 0.197954 0.000000
vt  0.579249 0.151861 0.000000
vt  0.628369 0.159155 0.000000
vt  0.583253 0.087040 0.000000
vt  0.628369 0.159155 0.000000
vt  0.579249 0.151861 0.000000
vt  0.628369 0.159155 0.000000
vt  0.583253 0.087040 0.000000
vt  0.628369 0.159155 0.000000
vt  0.624828 0.091391 0.000000
vt  0.628369 0.159155 0.000000
vt  0.583253 0.087040 0.000000
vt  0.628369 0.159155 0.000000
vt  0.624828 0.091391 0.000000
vt  0.655473 0.126286 0.000000
vt  0.670816 0.104718 0.000000
vt  0.655473 0.126286 0.000000
vt  0.624828 0.091391 0.000000
vt  0.655473 0.126286 0.000000
vt  0.670816 0.104718 0.000000
vt  0.679844 0.162233 0.000000
vt  0.687142 0.148320 0.000000
vt  0.679844 0.162233 0.000000
vt  0.670816 0.104718 0.000000
vt  0.679844 0.162233 0.000000
vt  0.687142 0.148320 0.000000
vt  0.679844 0.162233 0.000000
vt  0.697406 0.150986 0.000000
vt  0.679844 0.162233 0.000000
vt  0.687142 0.148320 0.000000
vt  0.679844 0.162233 0.000000
vt  0.697406 0.150986 0.000000
vt  0.679844 0.162233 0.000000
vt  0.742112 0.178424 0.000000
vt  0.679844 0.162233 0.000000
vt  0.697406 0.150986 0.000000
vt  0.679844 0.162233 0.000000
vt  0.742112 0.178424 0.000000
vt  0.679844 0.162233 0.000000
vt  0.720789 0.187497 0.000000
vt  0.679844 0.162233 0.000000
vt  0.742112 0.178424 0.000000
vt  0.679844 0.162233 0.000000
vt  0.720789 0.187497 0.000000
vt  0.679844 0.162233 0.000000
vt  0.702486 0.194156 0.000000
vt  0.679844 0.162233 0.000000
vt  0.720789 0.187497 0.000000
vt  0.679844 0.162233 0.000000
vt  0.702486 0.194156 0.000000
vt  0.653633 0.180396 0.000000
vt  0.608217 0.197954 0.000000
vt  0.653633 0.180396 0.000000
vt  0.702486 0.194156 0.000000
vt  0.653633 0.180396 0.000000
vt  0.608217 0.197954 0.000000
vt  0.653633 0.180396 0.000000
vt  0.628369 0.159155 0.000000
vt  0.653633 0.180396 0.000000
vt  0.608217 0.197954 0.000000
vt  0.653633 0.180396 0.000000
vt  0.628369 0.159155 0.000000
vt  0.653633 0.180396 0.000000
vt  0.655473 0.126286 0.000000
vt  0.653633 0.180396 0.000000
vt  0.628369 0.159155 0.000000
vt  0.653633 0.180396 0.000000
vt  0.655473 0.126286 0.000000
vt  0.679844 0.162233 0.000000
vt  0.537408 0.157170 0.000000
vt  0.583253 0.087040 0.000000
vt  0.579249 0.151861 0.000000
vt  0.583253 0.087040 0.000000
vt  0.537408 0.157170 0.000000
vt  0.539397 0.097182 0.000000
vt  0.834803 0.093605 0.000000
vt  0.846157 0.090302 0.000000
vt  0.849466 0.094191 0.000000
vt  0.846157 0.090302 0.000000
vt  0.834803 0.093605 0.000000
vt  0.846404 0.074761 0.000000
vt  0.805990 0.084989 0.000000
vt  0.846404 0.074761 0.000000
vt  0.834803 0.093605 0.000000
vt  0.846404 0.074761 0.000000
vt  0.805990 0.084989 0.000000
vt  0.846404 0.074761 0.000000
vt  0.801461 0.065716 0.000000
vt  0.846404 0.074761 0.000000
vt  0.805990 0.084989 0.000000
vt  0.874094 0.874609 0.000000
vt  0.874094 0.874609 0.000000
vt  0.884235 0.874609 0.000000
vt  0.874094 0.909141 0.000000
vt  0.884235 0.874609 0.000000
vt  0.874094 0.874609 0.000000
vt  0.884235 0.874609 0.000000
vt  0.874094 0.909141 0.000000
vt  0.884235 0.909141 0.000000
vt  0.874094 0.924496 0.000000
vt  0.884235 0.909141 0.000000
vt  0.874094 0.909141 0.000000
vt  0.917812 0.909141 0.000000
vt  0.917812 0.909141 0.000000
vt  0.884235 0.909141 0.000000
vt  0.917812 0.874609 0.000000
vt  0.884235 0.909141 0.000000
vt  0.917812 0.909141 0.000000
vt  0.884235 0.909141 0.000000
vt  0.917812 0.874609 0.000000
vt  0.884235 0.874609 0.000000
vt  0.917812 0.909141 0.000000
vt  0.884235 0.874609 0.000000
vt  0.917812 0.874609 0.000000
vt  0.884235 0.924496 0.000000
vt  0.884235 0.924496 0.000000
vt  0.874094 0.946604 0.000000
vt  0.884235 0.946604 0.000000
vt  0.874094 0.946604 0.000000
vt  0.884235 0.924496 0.000000
vt  0.874094 0.946604 0.000000
vt  0.884235 0.946604 0.000000
vt  0.874094 0.924496 0.000000
vt  0.884235 0.924496 0.000000
vt  0.874094 0.924496 0.000000
vt  0.884235 0.946604 0.000000
vt  0.874094 0.924496 0.000000
vt  0.884235 0.924496 0.000000
vt  0.884235 0.909141 0.000000
vt  0.917812 0.924496 0.000000
vt  0.884235 0.909141 0.000000
vt  0.884235 0.924496 0.000000
vt  0.884235 0.909141 0.000000
vt  0.917812 0.924496 0.000000
vt  0.917812 0.909141 0.000000
vt  0.925843 0.924496 0.000000
vt  0.917812 0.909141 0.000000
vt  0.917812 0.924496 0.000000
vt  0.917812 0.909141 0.000000
vt  0.925843 0.924496 0.000000
vt  0.917812 0.909141 0.000000
vt  0.925843 0.909141 0.000000
vt  0.917812 0.909141 0.000000
vt  0.925843 0.924496 0.000000
vt  0.917812 0.909141 0.000000
vt  0.925843 0.909141 0.000000
vt  0.917812 0.874609 0.000000
vt  0.925843 0.874610 0.000000
vt  0.917812 0.874609 0.000000
vt  0.925843 0.909141 0.000000
vt  0.917812 0.874609 0.000000
vt  0.925843 0.874610 0.000000
vt  0.917812 0.874609 0.000000
vt  0.925843 0.909141 0.000000
vt  0.917812 0.874609 0.000000
vt  0.925843 0.874610 0.000000
vt  0.917812 0.874609 0.000000
vt  0.925843 0.909141 0.000000
vt  0.917812 0.909141 0.000000
vt  0.925843 0.924496 0.000000
vt  0.917812 0.909141 0.000000
vt  0.925843 0.909141 0.000000
vt  0.917812 0.909141 0.000000
vt  0.925843 0.924496 0.000000
vt  0.917812 0.924496 0.000000
vt  0.925843 0.946604 0.000000
vt  0.917812 0.924496 0.000000
vt  0.925843 0.924496 0.000000
vt  0.917812 0.924496 0.000000
vt  0.925843 0.946604 0.000000
vt  0.917812 0.946604 0.000000
vt  0.925843 0.924496 0.000000
vt  0.917812 0.946604 0.000000
vt  0.925843 0.946604 0.000000
vt  0.917812 0.946604 0.000000
vt  0.925843 0.924496 0.000000
vt  0.917812 0.946604 0.000000
vt  0.917812 0.924496 0.000000
vt  0.917812 0.946604 0.000000
vt  0.925843 0.924496 0.000000
vt  0.917812 0.946604 0.000000
vt  0.917812 0.924496 0.000000
vt  0.917812 0.946604 0.000000
vt  0.884235 0.924496 0.000000
vt  0.917812 0.946604 0.000000
vt  0.917812 0.924496 0.000000
vt  0.917812 0.946604 0.000000
vt  0.884235 0.924496 0.000000
vt  0.917812 0.946604 0.000000
vt  0.884235 0.946604 0.000000
vt  0.917812 0.946604 0.000000
vt  0.884235 0.924496 0.000000
vt  0.917812 0.946604 0.000000
vt  0.884235 0.946604 0.000000
vt  0.917812 0.924496 0.000000
vt  0.884235 0.924496 0.000000
vt  0.917812 0.924496 0.000000
vt  0.884235 0.946604 0.000000
vt  0.917812 0.924496 0.000000
vt  0.884235 0.924496 0.000000
vt  0.917812 0.909141 0.000000
vt  0.884235 0.909141 0.000000
vt  0.917812 0.909141 0.000000
vt  0.884235 0.924496 0.000000
vt  0.917812 0.909141 0.000000
vt  0.884235 0.909141 0.000000
vt  0.884235 0.874609 0.000000
vt  0.874094 0.909141 0.000000
vt  0.884235 0.874609 0.000000
vt  0.884235 0.909141 0.000000
vt  0.884235 0.874609 0.000000
vt  0.874094 0.909141 0.000000
vt  0.874094 0.874609 0.000000
vt  0.855151 0.909141 0.000000
vt  0.874094 0.874609 0.000000
vt  0.874094 0.909141 0.000000
vt  0.874094 0.874609 0.000000
vt  0.855151 0.909141 0.000000
vt  0.874094 0.874609 0.000000
vt  0.855151 0.874609 0.000000
vt  0.874094 0.874609 0.000000
vt  0.855151 0.909141 0.000000
vt  0.874094 0.874609 0.000000
vt  0.855151 0.874609 0.000000
vt  0.874094 0.909141 0.000000
vt  0.855151 0.909141 0.000000
vt  0.874094 0.909141 0.000000
vt  0.855151 0.874609 0.000000
vt  0.874094 0.909141 0.000000
vt  0.855151 0.909141 0.000000
vt  0.874094 0.909141 0.000000
vt  0.855151 0.924496 0.000000
vt  0.874094 0.909141 0.000000
vt  0.855151 0.909141 0.000000
vt  0.874094 0.909141 0.000000
vt  0.855151 0.924496 0.000000
vt  0.874094 0.924496 0.000000
vt  0.855151 0.924496 0.000000
vt  0.874094 0.924496 0.000000
vt  0.855151 0.924496 0.000000
vt  0.874094 0.924496 0.000000
vt  0.855151 0.924496 0.000000
vt  0.874094 0.946604 0.000000
vt  0.855151 0.946604 0.000000
vt  0.874094 0.946604 0.000000
vt  0.855151 0.924496 0.000000
vt  0.874094 0.946604 0.000000
vt  0.855151 0.946604 0.000000
vt  0.874094 0.946604 0.000000
vt  0.855151 0.924496 0.000000
vt  0.874094 0.946604 0.000000
vt  0.855151 0.946604 0.000000
vt  0.874094 0.946604 0.000000
vt  0.855151 0.924496 0.000000
vt  0.874094 0.924496 0.000000
vt  0.855151 0.909141 0.000000
vt  0.874094 0.924496 0.000000
vt  0.855151 0.924496 0.000000
vt  0.874094 0.924496 0.000000
vt  0.855151 0.909141 0.000000
vt  0.874094 0.924496 0.000000
vt  0.874094 0.909141 0.000000
vt  0.874094 0.924496 0.000000
vt  0.855151 0.909141 0.000000
vt  0.874094 0.924496 0.000000
vt  0.874094 0.909141 0.000000
vt  0.874094 0.924496 0.000000
vt  0.884235 0.909141 0.000000
vt  0.874094 0.924496 0.000000
vt  0.874094 0.909141 0.000000
vt  0.874094 0.924496 0.000000
vt  0.884235 0.909141 0.000000
vt  0.874094 0.924496 0.000000
vt  0.884235 0.924496 0.000000
vt  0.874094 0.924496 0.000000
vt  0.884235 0.909141 0.000000
vt  0.874094 0.924496 0.000000
vt  0.884235 0.924496 0.000000
vt  0.874094 0.946604 0.000000
vt  0.781770 0.506192 0.000000
vt  0.721324 0.508399 0.000000
vt  0.781770 0.506192 0.000000
vt  0.721324 0.508399 0.000000
vt  0.781770 0.506192 0.000000
vt  0.785354 0.468504 0.000000
vt  0.785354 0.468504 0.000000
vt  0.711070 0.458982 0.000000
vt  0.721324 0.508399 0.000000
vt  0.711070 0.458982 0.000000
vt  0.785354 0.468504 0.000000
vt  0.784489 0.450594 0.000000
vt  0.784489 0.450594 0.000000
vt  0.742756 0.447406 0.000000
vt  0.711070 0.458982 0.000000
vt  0.742756 0.447406 0.000000
vt  0.784489 0.450594 0.000000
vt  0.762513 0.439378 0.000000
vt  0.762513 0.439378 0.000000
vt  0.729684 0.436047 0.000000
vt  0.742756 0.447406 0.000000
vt  0.729684 0.436047 0.000000
vt  0.762513 0.439378 0.000000
vt  0.762513 0.439378 0.000000
vt  0.762513 0.439378 0.000000
vt  0.761727 0.434432 0.000000
vt  0.729684 0.436047 0.000000
vt  0.761727 0.434432 0.000000
vt  0.762513 0.439378 0.000000
vt  0.762513 0.439378 0.000000
vt  0.762513 0.439378 0.000000
vt  0.785679 0.433411 0.000000
vt  0.761727 0.434432 0.000000
vt  0.785679 0.433411 0.000000
vt  0.762513 0.439378 0.000000
vt  0.762513 0.439378 0.000000
vt  0.762513 0.439378 0.000000
vt  0.785679 0.437526 0.000000
vt  0.785679 0.433411 0.000000
vt  0.785679 0.437526 0.000000
vt  0.762513 0.439378 0.000000
vt  0.784489 0.450594 0.000000
vt  0.729684 0.436047 0.000000
vt  0.711070 0.458982 0.000000
vt  0.742756 0.447406 0.000000
vt  0.711070 0.458982 0.000000
vt  0.729684 0.436047 0.000000
vt  0.682266 0.450361 0.000000
vt  0.844416 0.440937 0.000000
vt  0.801051 0.439378 0.000000
vt  0.844416 0.440937 0.000000
vt  0.801051 0.439378 0.000000
vt  0.844416 0.440937 0.000000
vt  0.806394 0.435809 0.000000
vt  0.806394 0.435809 0.000000
vt  0.801051 0.439378 0.000000
vt  0.801051 0.439378 0.000000
vt  0.801051 0.439378 0.000000
vt  0.806394 0.435809 0.000000
vt  0.785679 0.433411 0.000000
vt  0.785679 0.433411 0.000000
vt  0.801051 0.439378 0.000000
vt  0.801051 0.439378 0.000000
vt  0.801051 0.439378 0.000000
vt  0.785679 0.433411 0.000000
vt  0.785679 0.437526 0.000000
vt  0.785679 0.437526 0.000000
vt  0.827650 0.448713 0.000000
vt  0.801051 0.439378 0.000000
vt  0.827650 0.448713 0.000000
vt  0.785679 0.437526 0.000000
vt  0.784489 0.450594 0.000000
vt  0.784489 0.450594 0.000000
vt  0.867561 0.460312 0.000000
vt  0.827650 0.448713 0.000000
vt  0.867561 0.460312 0.000000
vt  0.784489 0.450594 0.000000
vt  0.785354 0.468504 0.000000
vt  0.785354 0.468504 0.000000
vt  0.857675 0.510911 0.000000
vt  0.867561 0.460312 0.000000
vt  0.857675 0.510911 0.000000
vt  0.785354 0.468504 0.000000
vt  0.781770 0.506192 0.000000
vt  0.781770 0.506192 0.000000
vt  0.780418 0.531380 0.000000
vt  0.857675 0.510911 0.000000
vt  0.780418 0.531380 0.000000
vt  0.781770 0.506192 0.000000
vt  0.721324 0.508399 0.000000
vt  0.721324 0.508399 0.000000
vt  0.738402 0.532815 0.000000
vt  0.780418 0.531380 0.000000
vt  0.738402 0.532815 0.000000
vt  0.721324 0.508399 0.000000
vt  0.721324 0.508399 0.000000
vt  0.721324 0.508399 0.000000
vt  0.662301 0.516427 0.000000
vt  0.738402 0.532815 0.000000
vt  0.662301 0.516427 0.000000
vt  0.721324 0.508399 0.000000
vt  0.711070 0.458982 0.000000
vt  0.711070 0.458982 0.000000
vt  0.654662 0.458191 0.000000
vt  0.662301 0.516427 0.000000
vt  0.654662 0.458191 0.000000
vt  0.711070 0.458982 0.000000
vt  0.652993 0.449508 0.000000
vt  0.682266 0.450361 0.000000
vt  0.652993 0.449508 0.000000
vt  0.711070 0.458982 0.000000
vt  0.902969 0.457048 0.000000
vt  0.867200 0.453398 0.000000
vt  0.867561 0.460312 0.000000
vt  0.867200 0.453398 0.000000
vt  0.867561 0.460312 0.000000
vt  0.867200 0.453398 0.000000
vt  0.867561 0.460312 0.000000
vt  0.867200 0.453398 0.000000
vt  0.827650 0.448713 0.000000
vt  0.844416 0.440937 0.000000
vt  0.827650 0.448713 0.000000
vt  0.867200 0.453398 0.000000
vt  0.827650 0.448713 0.000000
vt  0.844416 0.440937 0.000000
vt  0.801051 0.439378 0.000000
vt  0.652993 0.449508 0.000000
vt  0.654662 0.458191 0.000000
vt  0.652993 0.449508 0.000000
vt  0.654662 0.458191 0.000000
vt  0.652993 0.449508 0.000000
vt  0.711070 0.458982 0.000000
vt  0.711070 0.458982 0.000000
vt  0.662301 0.516427 0.000000
vt  0.654662 0.458191 0.000000
vt  0.662301 0.516427 0.000000
vt  0.711070 0.458982 0.000000
vt  0.711070 0.458982 0.000000
vt  0.711070 0.458982 0.000000
vt  0.721324 0.508399 0.000000
vt  0.662301 0.516427 0.000000
vt  0.721324 0.508399 0.000000
vt  0.711070 0.458982 0.000000
vt  0.785353 0.468490 0.000000
vt  0.785353 0.468490 0.000000
vt  0.781770 0.506178 0.000000
vt  0.721324 0.508399 0.000000
vt  0.711070 0.458982 0.000000
vt  0.652993 0.449508 0.000000
vt  0.682265 0.450348 0.000000
vt  0.682265 0.450348 0.000000
vt  0.729684 0.436033 0.000000
vt  0.711070 0.458982 0.000000
vt  0.785353 0.468490 0.000000
vt  0.785353 0.468490 0.000000
vt  0.784488 0.450581 0.000000
vt  0.711070 0.458982 0.000000
vt  0.784488 0.450581 0.000000
vt  0.785353 0.468490 0.000000
vt  0.784488 0.450581 0.000000
vt  0.711070 0.458982 0.000000
vt  0.742756 0.447393 0.000000
vt  0.729684 0.436033 0.000000
vt  0.742756 0.447393 0.000000
vt  0.711070 0.458982 0.000000
vt  0.742756 0.447393 0.000000
vt  0.729684 0.436033 0.000000
vt  0.762513 0.439365 0.000000
vt  0.761727 0.434418 0.000000
vt  0.762513 0.439365 0.000000
vt  0.729684 0.436033 0.000000
vt  0.762513 0.439365 0.000000
vt  0.761727 0.434418 0.000000
vt  0.762513 0.439365 0.000000
vt  0.785678 0.433397 0.000000
vt  0.762513 0.439365 0.000000
vt  0.761727 0.434418 0.000000
vt  0.762513 0.439365 0.000000
vt  0.785678 0.433397 0.000000
vt  0.785678 0.437512 0.000000
vt  0.801051 0.439365 0.000000
vt  0.785678 0.437512 0.000000
vt  0.785678 0.433397 0.000000
vt  0.785678 0.437512 0.000000
vt  0.801051 0.439365 0.000000
vt  0.827649 0.448700 0.000000
vt  0.844416 0.440924 0.000000
vt  0.827649 0.448700 0.000000
vt  0.801051 0.439365 0.000000
vt  0.827649 0.448700 0.000000
vt  0.844416 0.440924 0.000000
vt  0.827649 0.448700 0.000000
vt  0.867200 0.453385 0.000000
vt  0.827649 0.448700 0.000000
vt  0.844416 0.440924 0.000000
vt  0.827649 0.448700 0.000000
vt  0.867200 0.453385 0.000000
vt  0.867561 0.460312 0.000000
vt  0.902969 0.457048 0.000000
vt  0.867561 0.460312 0.000000
vt  0.867200 0.453385 0.000000
vt  0.867561 0.460312 0.000000
vt  0.902969 0.457048 0.000000
vt  0.903314 0.460628 0.000000
vt  0.867561 0.460312 0.000000
vt  0.903314 0.460628 0.000000
vt  0.902969 0.457048 0.000000
vt  0.903314 0.460628 0.000000
vt  0.867561 0.460312 0.000000
vt  0.913265 0.524729 0.000000
vt  0.857675 0.510911 0.000000
vt  0.913265 0.524729 0.000000
vt  0.867561 0.460312 0.000000
vt  0.913265 0.524729 0.000000
vt  0.857675 0.510911 0.000000
vt  0.833177 0.532815 0.000000
vt  0.780418 0.531380 0.000000
vt  0.833177 0.532815 0.000000
vt  0.857675 0.510911 0.000000
vt  0.833177 0.532815 0.000000
vt  0.780418 0.531380 0.000000
vt  0.780419 0.546566 0.000000
vt  0.738402 0.532815 0.000000
vt  0.780419 0.546566 0.000000
vt  0.780418 0.531380 0.000000
vt  0.780419 0.546566 0.000000
vt  0.738402 0.532815 0.000000
vt  0.703679 0.531297 0.000000
vt  0.662301 0.516427 0.000000
vt  0.703679 0.531297 0.000000
vt  0.738402 0.532815 0.000000
vt  0.703679 0.531297 0.000000
vt  0.662301 0.516427 0.000000
vt  0.738402 0.532815 0.000000
vt  0.721324 0.508399 0.000000
vt  0.738402 0.532815 0.000000
vt  0.662301 0.516427 0.000000
vt  0.738402 0.532815 0.000000
vt  0.721324 0.508399 0.000000
vt  0.780418 0.531366 0.000000
vt  0.781770 0.506178 0.000000
vt  0.780418 0.531366 0.000000
vt  0.721324 0.508399 0.000000
vt  0.780418 0.531366 0.000000
vt  0.781770 0.506178 0.000000
vt  0.857675 0.510911 0.000000
vt  0.785353 0.468490 0.000000
vt  0.857675 0.510911 0.000000
vt  0.781770 0.506178 0.000000
vt  0.857675 0.510911 0.000000
vt  0.785353 0.468490 0.000000
vt  0.867561 0.460312 0.000000
vt  0.784488 0.450581 0.000000
vt  0.867561 0.460312 0.000000
vt  0.785353 0.468490 0.000000
vt  0.867561 0.460312 0.000000
vt  0.784488 0.450581 0.000000
vt  0.827649 0.448700 0.000000
vt  0.784488 0.450581 0.000000
vt  0.827649 0.448700 0.000000
vt  0.784488 0.450581 0.000000
vt  0.827649 0.448700 0.000000
vt  0.784488 0.450581 0.000000
vt  0.785678 0.437512 0.000000
vt  0.784488 0.450581 0.000000
vt  0.785678 0.437512 0.000000
vt  0.784488 0.450581 0.000000
vt  0.785678 0.437512 0.000000
vt  0.784488 0.450581 0.000000
vt  0.762513 0.439365 0.000000
vt  0.742756 0.447393 0.000000
vt  0.762513 0.439365 0.000000
vt  0.784488 0.450581 0.000000
vt  0.703679 0.531297 0.000000
vt  0.738402 0.532815 0.000000
vt  0.780419 0.546566 0.000000
vt  0.780418 0.531366 0.000000
vt  0.780419 0.546566 0.000000
vt  0.738402 0.532815 0.000000
vt  0.780419 0.546566 0.000000
vt  0.780418 0.531366 0.000000
vt  0.833177 0.532815 0.000000
vt  0.857675 0.510911 0.000000
vt  0.833177 0.532815 0.000000
vt  0.780418 0.531366 0.000000
vt  0.833177 0.532815 0.000000
vt  0.857675 0.510911 0.000000
vt  0.913265 0.524729 0.000000
vt  0.867561 0.460312 0.000000
vt  0.913265 0.524729 0.000000
vt  0.857675 0.510911 0.000000
vt  0.913265 0.524729 0.000000
vt  0.867561 0.460312 0.000000
vt  0.903314 0.460628 0.000000
vt  0.844416 0.440924 0.000000
vt  0.806394 0.435796 0.000000
vt  0.844416 0.440924 0.000000
vt  0.806394 0.435796 0.000000
vt  0.844416 0.440924 0.000000
vt  0.801051 0.439365 0.000000
vt  0.801051 0.439365 0.000000
vt  0.785678 0.433397 0.000000
vt  0.806394 0.435796 0.000000
vt  0.913265 0.524729 0.000000
vt  0.864168 0.541090 0.000000
vt  0.833177 0.532815 0.000000
vt  0.864168 0.541090 0.000000
vt  0.833177 0.532815 0.000000
vt  0.864168 0.541090 0.000000
vt  0.833177 0.532815 0.000000
vt  0.864168 0.541090 0.000000
vt  0.780419 0.546566 0.000000
vt  0.864168 0.541090 0.000000
vt  0.780419 0.546566 0.000000
vt  0.864168 0.541090 0.000000
vt  0.780419 0.546566 0.000000
vt  0.864168 0.541090 0.000000
vt  0.833177 0.532815 0.000000
vt  0.913265 0.524729 0.000000
vt  0.833177 0.532815 0.000000
vt  0.864168 0.541090 0.000000
vt  0.843954 0.770617 0.000000
vt  0.843954 0.770617 0.000000
vt  0.779072 0.776729 0.000000
vt  0.779072 0.770617 0.000000
vt  0.779072 0.776729 0.000000
vt  0.843954 0.770617 0.000000
vt  0.779072 0.776729 0.000000
vt  0.779072 0.770617 0.000000
vt  0.729425 0.776729 0.000000
vt  0.779072 0.776729 0.000000
vt  0.729425 0.789528 0.000000
vt  0.779072 0.789528 0.000000
vt  0.729425 0.789528 0.000000
vt  0.779072 0.776729 0.000000
vt  0.729425 0.776729 0.000000
vt  0.729425 0.776729 0.000000
vt  0.661341 0.789528 0.000000
vt  0.729425 0.789528 0.000000
vt  0.661341 0.789528 0.000000
vt  0.729425 0.776729 0.000000
vt  0.661341 0.776729 0.000000
vt  0.661341 0.776729 0.000000
vt  0.661341 0.789528 0.000000
vt  0.661341 0.789528 0.000000
vt  0.661341 0.789528 0.000000
vt  0.661341 0.776729 0.000000
vt  0.729425 0.776729 0.000000
vt  0.729425 0.776729 0.000000
vt  0.729425 0.789528 0.000000
vt  0.661341 0.789528 0.000000
vt  0.729425 0.789528 0.000000
vt  0.729425 0.776729 0.000000
vt  0.779072 0.776729 0.000000
vt  0.729425 0.756958 0.000000
vt  0.661341 0.770617 0.000000
vt  0.729425 0.756958 0.000000
vt  0.661341 0.770617 0.000000
vt  0.729425 0.756958 0.000000
vt  0.661341 0.756731 0.000000
vt  0.661341 0.756731 0.000000
vt  0.729425 0.770617 0.000000
vt  0.661341 0.770617 0.000000
vt  0.729425 0.770617 0.000000
vt  0.661341 0.756731 0.000000
vt  0.729425 0.756600 0.000000
vt  0.729425 0.756600 0.000000
vt  0.779072 0.770617 0.000000
vt  0.729425 0.770617 0.000000
vt  0.779072 0.770617 0.000000
vt  0.729425 0.756600 0.000000
vt  0.779072 0.756659 0.000000
vt  0.779072 0.756659 0.000000
vt  0.779072 0.770617 0.000000
vt  0.779072 0.770617 0.000000
vt  0.779072 0.770617 0.000000
vt  0.779072 0.756659 0.000000
vt  0.843954 0.756448 0.000000
vt  0.843954 0.756448 0.000000
vt  0.843954 0.770617 0.000000
vt  0.779072 0.770617 0.000000
vt  0.843954 0.770617 0.000000
vt  0.843954 0.756448 0.000000
vt  0.779072 0.756447 0.000000
vt  0.779072 0.756447 0.000000
vt  0.779072 0.770617 0.000000
vt  0.843954 0.770617 0.000000
vt  0.779072 0.770617 0.000000
vt  0.779072 0.756447 0.000000
vt  0.729425 0.770617 0.000000
vt  0.729425 0.770617 0.000000
vt  0.729425 0.776729 0.000000
vt  0.779072 0.770617 0.000000
vt  0.729425 0.776729 0.000000
vt  0.729425 0.770617 0.000000
vt  0.661341 0.770617 0.000000
vt  0.661341 0.770617 0.000000
vt  0.661341 0.776729 0.000000
vt  0.729425 0.776729 0.000000
vt  0.661341 0.776729 0.000000
vt  0.661341 0.770617 0.000000
vt  0.729425 0.770617 0.000000
vt  0.729425 0.770617 0.000000
vt  0.729425 0.776729 0.000000
vt  0.661341 0.776729 0.000000
vt  0.729425 0.776729 0.000000
vt  0.729425 0.770617 0.000000
vt  0.779072 0.770617 0.000000
vt  0.779072 0.770617 0.000000
vt  0.779072 0.776729 0.000000
vt  0.729425 0.776729 0.000000
vt  0.779072 0.776729 0.000000
vt  0.779072 0.770617 0.000000
vt  0.843954 0.770617 0.000000
vt  0.843954 0.770617 0.000000
vt  0.843954 0.776729 0.000000
vt  0.779072 0.776729 0.000000
vt  0.843954 0.776729 0.000000
vt  0.843954 0.770617 0.000000
vt  0.779072 0.776729 0.000000
vt  0.779072 0.776729 0.000000
vt  0.843954 0.789528 0.000000
vt  0.843954 0.776729 0.000000
vt  0.843954 0.789528 0.000000
vt  0.779072 0.776729 0.000000
vt  0.779072 0.789528 0.000000
vt  0.779072 0.789528 0.000000
vt  0.843954 0.791569 0.000000
vt  0.843954 0.789528 0.000000
vt  0.843954 0.791569 0.000000
vt  0.779072 0.789528 0.000000
vt  0.779072 0.789528 0.000000
vt  0.779072 0.789528 0.000000
vt  0.779072 0.791638 0.000000
vt  0.843954 0.791569 0.000000
vt  0.779072 0.791638 0.000000
vt  0.779072 0.789528 0.000000
vt  0.729425 0.789528 0.000000
vt  0.729425 0.789528 0.000000
vt  0.729425 0.791569 0.000000
vt  0.779072 0.791638 0.000000
vt  0.729425 0.791569 0.000000
vt  0.729425 0.789528 0.000000
vt  0.729425 0.789528 0.000000
vt  0.729425 0.789528 0.000000
vt  0.661341 0.791569 0.000000
vt  0.729425 0.791569 0.000000
vt  0.661341 0.791569 0.000000
vt  0.729425 0.789528 0.000000
vt  0.661341 0.789528 0.000000
vt  0.661341 0.789528 0.000000
vt  0.729425 0.791569 0.000000
vt  0.661341 0.791569 0.000000
vt  0.729425 0.791569 0.000000
vt  0.661341 0.789528 0.000000
vt  0.729425 0.789528 0.000000
vt  0.729425 0.789528 0.000000
vt  0.779072 0.789528 0.000000
vt  0.729425 0.791569 0.000000
vt  0.779072 0.789528 0.000000
vt  0.729425 0.789528 0.000000
vt  0.779072 0.776729 0.000000
vt  0.779072 0.776729 0.000000
vt  0.843954 0.789528 0.000000
vt  0.779072 0.789528 0.000000
vt  0.843954 0.789528 0.000000
vt  0.779072 0.776729 0.000000
vt  0.843954 0.776729 0.000000
vt  0.729425 0.756958 0.000000
vt  0.729425 0.770617 0.000000
vt  0.779072 0.756447 0.000000
vt  0.729425 0.770617 0.000000
vt  0.729425 0.756958 0.000000
vt  0.661341 0.770617 0.000000
vt  0.843954 0.791569 0.000000
vt  0.843954 0.789528 0.000000
vt  0.843954 0.791569 0.000000
vt  0.843954 0.789528 0.000000
vt  0.843954 0.791569 0.000000
vt  0.779072 0.791569 0.000000
vt  0.779072 0.791569 0.000000
vt  0.779072 0.789528 0.000000
vt  0.843954 0.789528 0.000000
vt  0.779072 0.789528 0.000000
vt  0.779072 0.791569 0.000000
vt  0.779072 0.791569 0.000000
vt  0.779072 0.791569 0.000000
vt  0.729425 0.791569 0.000000
vt  0.779072 0.789528 0.000000
vt  0.791252 0.996812 0.000000
vt  0.791252 0.875174 0.000000
vt  0.853020 0.994505 0.000000
vt  0.853021 0.970220 0.000000
vt  0.857221 0.901108 0.000000
vt  0.853022 0.918186 0.000000
vt  0.857221 0.901108 0.000000
vt  0.853021 0.970220 0.000000
vt  0.853021 0.970220 0.000000
vt  0.853021 0.970220 0.000000
vt  0.853020 0.994562 0.000000
vt  0.857221 0.901108 0.000000
vt  0.853020 0.994562 0.000000
vt  0.853021 0.970220 0.000000
vt  0.853021 0.970220 0.000000
vt  0.853021 0.970220 0.000000
vt  0.791252 0.996869 0.000000
vt  0.853020 0.994562 0.000000
vt  0.791252 0.996869 0.000000
vt  0.853021 0.970220 0.000000
vt  0.853021 0.970220 0.000000
vt  0.853021 0.970220 0.000000
vt  0.791252 0.974290 0.000000
vt  0.791252 0.996869 0.000000
vt  0.791252 0.974290 0.000000
vt  0.853021 0.970220 0.000000
vt  0.853022 0.918186 0.000000
vt  0.853022 0.918186 0.000000
vt  0.791252 0.918796 0.000000
vt  0.791252 0.974290 0.000000
vt  0.791252 0.918796 0.000000
vt  0.853022 0.918186 0.000000
vt  0.853022 0.918186 0.000000
vt  0.853022 0.918186 0.000000
vt  0.791252 0.851342 0.000000
vt  0.791252 0.918796 0.000000
vt  0.791252 0.851342 0.000000
vt  0.853022 0.918186 0.000000
vt  0.853022 0.854331 0.000000
vt  0.853022 0.854331 0.000000
vt  0.791252 0.797260 0.000000
vt  0.791252 0.851342 0.000000
vt  0.791252 0.797260 0.000000
vt  0.853022 0.854331 0.000000
vt  0.853022 0.799033 0.000000
vt  0.853022 0.799033 0.000000
vt  0.791252 0.875174 0.000000
vt  0.791252 0.797260 0.000000
vt  0.791252 0.875174 0.000000
vt  0.853022 0.799033 0.000000
vt  0.853020 0.875464 0.000000
vt  0.853020 0.875464 0.000000
vt  0.853020 0.994505 0.000000
vt  0.791252 0.875174 0.000000
vt  0.853020 0.994505 0.000000
vt  0.853020 0.875464 0.000000
vt  0.853020 0.875464 0.000000
vt  0.853020 0.875464 0.000000
vt  0.857223 0.901108 0.000000
vt  0.853020 0.994505 0.000000
vt  0.857223 0.901108 0.000000
vt  0.853020 0.875464 0.000000
vt  0.853020 0.799033 0.000000
vt  0.853022 0.854331 0.000000
vt  0.857221 0.901108 0.000000
vt  0.853022 0.799033 0.000000
vt  0.857221 0.901108 0.000000
vt  0.853022 0.854331 0.000000
vt  0.853022 0.918186 0.000000
vt  0.360898 0.004006 0.000000
vt  0.297446 0.053466 0.000000
vt  0.360898 0.004006 0.000000
vt  0.297446 0.053466 0.000000
vt  0.360898 0.004006 0.000000
vt  0.257871 0.004006 0.000000
vt  0.257871 0.004006 0.000000
vt  0.185248 0.004006 0.000000
vt  0.297446 0.053466 0.000000
vt  0.095893 0.004006 0.000000
vt  0.095893 0.004006 0.000000
vt  0.185248 0.004006 0.000000
vt  0.165495 0.078344 0.000000
vt  0.185248 0.004006 0.000000
vt  0.095893 0.004006 0.000000
vt  0.185248 0.004006 0.000000
vt  0.165495 0.078344 0.000000
vt  0.297446 0.053466 0.000000
vt  0.290187 0.099436 0.000000
vt  0.297446 0.053466 0.000000
vt  0.165495 0.078344 0.000000
vt  0.297446 0.053466 0.000000
vt  0.290187 0.099436 0.000000
vt  0.352581 0.111436 0.000000
vt  0.355728 0.051028 0.000000
vt  0.297446 0.053466 0.000000
vt  0.352581 0.111436 0.000000
vt  0.297446 0.053466 0.000000
vt  0.355728 0.051028 0.000000
vt  0.360898 0.004006 0.000000
vt  0.439905 0.051467 0.000000
vt  0.360898 0.004006 0.000000
vt  0.355728 0.051028 0.000000
vt  0.360898 0.004006 0.000000
vt  0.439905 0.051467 0.000000
vt  0.443041 0.004006 0.000000
vt  0.501559 0.051701 0.000000
vt  0.443041 0.004006 0.000000
vt  0.439905 0.051467 0.000000
vt  0.443041 0.004006 0.000000
vt  0.501559 0.051701 0.000000
vt  0.519614 0.004006 0.000000
vt  0.439798 0.051526 0.000000
vt  0.519614 0.004006 0.000000
vt  0.501559 0.051701 0.000000
vt  0.519614 0.004006 0.000000
vt  0.439798 0.051526 0.000000
vt  0.442866 0.004006 0.000000
vt  0.439798 0.051526 0.000000
vt  0.442866 0.004006 0.000000
vt  0.439798 0.051526 0.000000
vt  0.442866 0.004006 0.000000
vt  0.439798 0.051526 0.000000
vt  0.360879 0.004006 0.000000
vt  0.355420 0.053198 0.000000
vt  0.360879 0.004006 0.000000
vt  0.439798 0.051526 0.000000
vt  0.360879 0.004006 0.000000
vt  0.355420 0.053198 0.000000
vt  0.297502 0.054872 0.000000
vt  0.352433 0.111594 0.000000
vt  0.297502 0.054872 0.000000
vt  0.355420 0.053198 0.000000
vt  0.297502 0.054872 0.000000
vt  0.352433 0.111594 0.000000
vt  0.297502 0.054872 0.000000
vt  0.290216 0.099431 0.000000
vt  0.297502 0.054872 0.000000
vt  0.352433 0.111594 0.000000
vt  0.297502 0.054872 0.000000
vt  0.290216 0.099431 0.000000
vt  0.165495 0.078344 0.000000
vt  0.146577 0.118157 0.000000
vt  0.165495 0.078344 0.000000
vt  0.290216 0.099431 0.000000
vt  0.165495 0.078344 0.000000
vt  0.146577 0.118157 0.000000
vt  0.100147 0.064122 0.000000
vt  0.058567 0.063818 0.000000
vt  0.100147 0.064122 0.000000
vt  0.146577 0.118157 0.000000
vt  0.100147 0.064122 0.000000
vt  0.058567 0.063818 0.000000
vt  0.095430 0.004006 0.000000
vt  0.058567 0.063818 0.000000
vt  0.095430 0.004006 0.000000
vt  0.058567 0.063818 0.000000
vt  0.095430 0.004006 0.000000
vt  0.058567 0.063818 0.000000
vt  0.012809 0.004006 0.000000
vt  0.058567 0.063818 0.000000
vt  0.012809 0.004006 0.000000
vt  0.058567 0.063818 0.000000
vt  0.012809 0.004006 0.000000
vt  0.058567 0.063818 0.000000
vt  0.095893 0.004006 0.000000
vt  0.099334 0.064636 0.000000
vt  0.095893 0.004006 0.000000
vt  0.058567 0.063818 0.000000
vt  0.095893 0.004006 0.000000
vt  0.099334 0.064636 0.000000
vt  0.165495 0.078344 0.000000
vt  0.146577 0.118157 0.000000
vt  0.165495 0.078344 0.000000
vt  0.099334 0.064636 0.000000
vt  0.165495 0.078344 0.000000
vt  0.146577 0.118157 0.000000
vt  0.290187 0.099436 0.000000
vt  0.146577 0.118157 0.000000
vt  0.290187 0.099436 0.000000
vt  0.146577 0.118157 0.000000
vt  0.290187 0.099436 0.000000
vt  0.146577 0.118157 0.000000
vt  0.283710 0.126174 0.000000
vt  0.290216 0.099431 0.000000
vt  0.283710 0.126174 0.000000
vt  0.146577 0.118157 0.000000
vt  0.099334 0.064636 0.000000
vt  0.058567 0.063818 0.000000
vt  0.146577 0.118157 0.000000
vt  0.360879 0.004006 0.000000
vt  0.312935 0.004006 0.000000
vt  0.360879 0.004006 0.000000
vt  0.312935 0.004006 0.000000
vt  0.360879 0.004006 0.000000
vt  0.297502 0.054872 0.000000
vt  0.297502 0.054872 0.000000
vt  0.256451 0.004006 0.000000
vt  0.312935 0.004006 0.000000
vt  0.256451 0.004006 0.000000
vt  0.297502 0.054872 0.000000
vt  0.297502 0.054872 0.000000
vt  0.297502 0.054872 0.000000
vt  0.183810 0.004006 0.000000
vt  0.256451 0.004006 0.000000
vt  0.183810 0.004006 0.000000
vt  0.297502 0.054872 0.000000
vt  0.165495 0.078344 0.000000
vt  0.165495 0.078344 0.000000
vt  0.095430 0.004006 0.000000
vt  0.183810 0.004006 0.000000
vt  0.095430 0.004006 0.000000
vt  0.165495 0.078344 0.000000
vt  0.100147 0.064122 0.000000
vt  0.352581 0.111436 0.000000
vt  0.355728 0.051028 0.000000
vt  0.352581 0.111436 0.000000
vt  0.355728 0.051028 0.000000
vt  0.352581 0.111436 0.000000
vt  0.419398 0.111927 0.000000
vt  0.419398 0.111927 0.000000
vt  0.439905 0.051467 0.000000
vt  0.355728 0.051028 0.000000
vt  0.439905 0.051467 0.000000
vt  0.419398 0.111927 0.000000
vt  0.419398 0.111927 0.000000
vt  0.419398 0.111927 0.000000
vt  0.501559 0.051701 0.000000
vt  0.439905 0.051467 0.000000
vt  0.501559 0.051701 0.000000
vt  0.419398 0.111927 0.000000
vt  0.501559 0.112181 0.000000
vt  0.501559 0.112181 0.000000
vt  0.439798 0.051526 0.000000
vt  0.501559 0.051701 0.000000
vt  0.439798 0.051526 0.000000
vt  0.501559 0.112181 0.000000
vt  0.419400 0.111872 0.000000
vt  0.419400 0.111872 0.000000
vt  0.355420 0.053198 0.000000
vt  0.439798 0.051526 0.000000
vt  0.355420 0.053198 0.000000
vt  0.419400 0.111872 0.000000
vt  0.352433 0.111594 0.000000
vt  0.682575 0.693320 0.000000
vt  0.696968 0.655514 0.000000
vt  0.682575 0.693320 0.000000
vt  0.696968 0.655514 0.000000
vt  0.682575 0.693320 0.000000
vt  0.700534 0.693318 0.000000
vt  0.700534 0.693318 0.000000
vt  0.725171 0.669975 0.000000
vt  0.696968 0.655514 0.000000
vt  0.681071 0.743530 0.000000
vt  0.700534 0.748009 0.000000
vt  0.700534 0.693318 0.000000
vt  0.725726 0.693314 0.000000
vt  0.700534 0.693318 0.000000
vt  0.700534 0.748009 0.000000
vt  0.700534 0.693318 0.000000
vt  0.725726 0.693314 0.000000
vt  0.725171 0.669975 0.000000
vt  0.725726 0.693314 0.000000
vt  0.725171 0.669975 0.000000
vt  0.725726 0.693314 0.000000
vt  0.725171 0.669975 0.000000
vt  0.725726 0.693314 0.000000
vt  0.767823 0.682332 0.000000
vt  0.763962 0.709262 0.000000
vt  0.767823 0.682332 0.000000
vt  0.725726 0.693314 0.000000
vt  0.804425 0.648400 0.000000
vt  0.804425 0.648400 0.000000
vt  0.791907 0.682989 0.000000
vt  0.767823 0.682332 0.000000
vt  0.791907 0.682989 0.000000
vt  0.804425 0.648400 0.000000
vt  0.791907 0.682989 0.000000
vt  0.767823 0.682332 0.000000
vt  0.804515 0.709290 0.000000
vt  0.763962 0.709262 0.000000
vt  0.804515 0.709290 0.000000
vt  0.767823 0.682332 0.000000
vt  0.804515 0.709290 0.000000
vt  0.763962 0.709262 0.000000
vt  0.804515 0.743625 0.000000
vt  0.763962 0.709262 0.000000
vt  0.804515 0.743625 0.000000
vt  0.763962 0.709262 0.000000
vt  0.804515 0.743625 0.000000
vt  0.763962 0.709262 0.000000
vt  0.763962 0.748608 0.000000
vt  0.725726 0.693314 0.000000
vt  0.763962 0.748608 0.000000
vt  0.763962 0.709262 0.000000
vt  0.763962 0.748608 0.000000
vt  0.725726 0.693314 0.000000
vt  0.725726 0.748009 0.000000
vt  0.700534 0.748009 0.000000
vt  0.725726 0.748009 0.000000
vt  0.725726 0.693314 0.000000
vt  0.700534 0.693318 0.000000
vt  0.682575 0.693320 0.000000
vt  0.681071 0.743530 0.000000
vt  0.664616 0.693322 0.000000
vt  0.681071 0.743530 0.000000
vt  0.682575 0.693320 0.000000
vt  0.681071 0.743530 0.000000
vt  0.664616 0.693322 0.000000
vt  0.664616 0.739987 0.000000
vt  0.628231 0.693308 0.000000
vt  0.664616 0.739987 0.000000
vt  0.664616 0.693322 0.000000
vt  0.664616 0.739987 0.000000
vt  0.628231 0.693308 0.000000
vt  0.664616 0.739987 0.000000
vt  0.628231 0.739987 0.000000
vt  0.664616 0.739987 0.000000
vt  0.628231 0.693308 0.000000
vt  0.664616 0.739987 0.000000
vt  0.628231 0.739987 0.000000
vt  0.664616 0.739987 0.000000
vt  0.628231 0.751306 0.000000
vt  0.664616 0.739987 0.000000
vt  0.628231 0.739987 0.000000
vt  0.664616 0.739987 0.000000
vt  0.628231 0.751306 0.000000
vt  0.664616 0.739987 0.000000
vt  0.664616 0.751306 0.000000
vt  0.664616 0.739987 0.000000
vt  0.628231 0.751306 0.000000
vt  0.664616 0.739987 0.000000
vt  0.664616 0.751306 0.000000
vt  0.681071 0.743530 0.000000
vt  0.700534 0.751306 0.000000
vt  0.681071 0.743530 0.000000
vt  0.664616 0.751306 0.000000
vt  0.681071 0.743530 0.000000
vt  0.700534 0.751306 0.000000
vt  0.700534 0.748009 0.000000
vt  0.719333 0.751306 0.000000
vt  0.700534 0.748009 0.000000
vt  0.700534 0.751306 0.000000
vt  0.700534 0.748009 0.000000
vt  0.719333 0.751306 0.000000
vt  0.725726 0.748009 0.000000
vt  0.738127 0.751306 0.000000
vt  0.725726 0.748009 0.000000
vt  0.719333 0.751306 0.000000
vt  0.725726 0.748009 0.000000
vt  0.738127 0.751306 0.000000
vt  0.763962 0.748608 0.000000
vt  0.763962 0.751306 0.000000
vt  0.763962 0.748608 0.000000
vt  0.738127 0.751306 0.000000
vt  0.763962 0.748608 0.000000
vt  0.763962 0.751306 0.000000
vt  0.763962 0.748608 0.000000
vt  0.804515 0.751306 0.000000
vt  0.763962 0.748608 0.000000
vt  0.763962 0.751306 0.000000
vt  0.763962 0.748608 0.000000
vt  0.804515 0.751306 0.000000
vt  0.804515 0.743625 0.000000
vt  0.846481 0.751306 0.000000
vt  0.804515 0.743625 0.000000
vt  0.804515 0.751306 0.000000
vt  0.804515 0.743625 0.000000
vt  0.846481 0.751306 0.000000
vt  0.804515 0.743625 0.000000
vt  0.846481 0.739987 0.000000
vt  0.804515 0.743625 0.000000
vt  0.846481 0.751306 0.000000
vt  0.804515 0.743625 0.000000
vt  0.846481 0.739987 0.000000
vt  0.804515 0.709290 0.000000
vt  0.846481 0.693438 0.000000
vt  0.804515 0.709290 0.000000
vt  0.846481 0.739987 0.000000
vt  0.804515 0.709290 0.000000
vt  0.846481 0.693438 0.000000
vt  0.791907 0.682989 0.000000
vt  0.846481 0.686955 0.000000
vt  0.791907 0.682989 0.000000
vt  0.846481 0.693438 0.000000
vt  0.791907 0.682989 0.000000
vt  0.846481 0.686955 0.000000
vt  0.791907 0.682989 0.000000
vt  0.846481 0.667594 0.000000
vt  0.791907 0.682989 0.000000
vt  0.846481 0.686955 0.000000
vt  0.791907 0.682989 0.000000
vt  0.846481 0.667594 0.000000
vt  0.804425 0.648400 0.000000
vt  0.846481 0.630902 0.000000
vt  0.804425 0.648400 0.000000
vt  0.846481 0.667594 0.000000
vt  0.804425 0.648400 0.000000
vt  0.846481 0.630902 0.000000
vt  0.805222 0.630902 0.000000
vt  0.801415 0.623837 0.000000
vt  0.805222 0.630902 0.000000
vt  0.846481 0.630902 0.000000
vt  0.805222 0.630902 0.000000
vt  0.801415 0.623837 0.000000
vt  0.767743 0.623551 0.000000
vt  0.774716 0.602612 0.000000
vt  0.767743 0.623551 0.000000
vt  0.801415 0.623837 0.000000
vt  0.767743 0.623551 0.000000
vt  0.774716 0.602612 0.000000
vt  0.767743 0.623551 0.000000
vt  0.726750 0.602612 0.000000
vt  0.767743 0.623551 0.000000
vt  0.774716 0.602612 0.000000
vt  0.767743 0.623551 0.000000
vt  0.726750 0.602612 0.000000
vt  0.726613 0.623742 0.000000
vt  0.700395 0.602612 0.000000
vt  0.726613 0.623742 0.000000
vt  0.726750 0.602612 0.000000
vt  0.726613 0.623742 0.000000
vt  0.700395 0.602612 0.000000
vt  0.701461 0.624226 0.000000
vt  0.671281 0.602612 0.000000
vt  0.701461 0.624226 0.000000
vt  0.700395 0.602612 0.000000
vt  0.701461 0.624226 0.000000
vt  0.671281 0.602612 0.000000
vt  0.668591 0.624351 0.000000
vt  0.629782 0.623199 0.000000
vt  0.668591 0.624351 0.000000
vt  0.671281 0.602612 0.000000
vt  0.668591 0.624351 0.000000
vt  0.629782 0.623199 0.000000
vt  0.670895 0.639880 0.000000
vt  0.629735 0.624071 0.000000
vt  0.670895 0.639880 0.000000
vt  0.629782 0.623199 0.000000
vt  0.670895 0.639880 0.000000
vt  0.629735 0.624071 0.000000
vt  0.670895 0.639880 0.000000
vt  0.629025 0.650615 0.000000
vt  0.670895 0.639880 0.000000
vt  0.629735 0.624071 0.000000
vt  0.670895 0.639880 0.000000
vt  0.629025 0.650615 0.000000
vt  0.670394 0.653260 0.000000
vt  0.628444 0.669976 0.000000
vt  0.670394 0.653260 0.000000
vt  0.629025 0.650615 0.000000
vt  0.670394 0.653260 0.000000
vt  0.628444 0.669976 0.000000
vt  0.668798 0.655515 0.000000
vt  0.664616 0.693322 0.000000
vt  0.668798 0.655515 0.000000
vt  0.628444 0.669976 0.000000
vt  0.668798 0.655515 0.000000
vt  0.664616 0.693322 0.000000
vt  0.668798 0.655515 0.000000
vt  0.682575 0.693320 0.000000
vt  0.668798 0.655515 0.000000
vt  0.664616 0.693322 0.000000
vt  0.668798 0.655515 0.000000
vt  0.682575 0.693320 0.000000
vt  0.682883 0.660189 0.000000
vt  0.696968 0.655514 0.000000
vt  0.682883 0.660189 0.000000
vt  0.682575 0.693320 0.000000
vt  0.682883 0.660189 0.000000
vt  0.696968 0.655514 0.000000
vt  0.695365 0.652022 0.000000
vt  0.725171 0.669975 0.000000
vt  0.695365 0.652022 0.000000
vt  0.696968 0.655514 0.000000
vt  0.695365 0.652022 0.000000
vt  0.725171 0.669975 0.000000
vt  0.725812 0.649817 0.000000
vt  0.767823 0.682332 0.000000
vt  0.725812 0.649817 0.000000
vt  0.725171 0.669975 0.000000
vt  0.725812 0.649817 0.000000
vt  0.767823 0.682332 0.000000
vt  0.762172 0.647940 0.000000
vt  0.804425 0.648400 0.000000
vt  0.762172 0.647940 0.000000
vt  0.767823 0.682332 0.000000
vt  0.762172 0.647940 0.000000
vt  0.804425 0.648400 0.000000
vt  0.762172 0.647940 0.000000
vt  0.805222 0.630902 0.000000
vt  0.762172 0.647940 0.000000
vt  0.804425 0.648400 0.000000
vt  0.762172 0.647940 0.000000
vt  0.805222 0.630902 0.000000
vt  0.762951 0.630902 0.000000
vt  0.767743 0.623551 0.000000
vt  0.762951 0.630902 0.000000
vt  0.805222 0.630902 0.000000
vt  0.762951 0.630902 0.000000
vt  0.767743 0.623551 0.000000
vt  0.762951 0.630902 0.000000
vt  0.726613 0.623742 0.000000
vt  0.762951 0.630902 0.000000
vt  0.767743 0.623551 0.000000
vt  0.762951 0.630902 0.000000
vt  0.726613 0.623742 0.000000
vt  0.726538 0.630902 0.000000
vt  0.698416 0.639594 0.000000
vt  0.726538 0.630902 0.000000
vt  0.726613 0.623742 0.000000
vt  0.726538 0.630902 0.000000
vt  0.698416 0.639594 0.000000
vt  0.725812 0.649817 0.000000
vt  0.698416 0.639594 0.000000
vt  0.725812 0.649817 0.000000
vt  0.698416 0.639594 0.000000
vt  0.725812 0.649817 0.000000
vt  0.698416 0.639594 0.000000
vt  0.695365 0.652022 0.000000
vt  0.684526 0.648054 0.000000
vt  0.695365 0.652022 0.000000
vt  0.698416 0.639594 0.000000
vt  0.695365 0.652022 0.000000
vt  0.684526 0.648054 0.000000
vt  0.682883 0.660189 0.000000
vt  0.670394 0.653260 0.000000
vt  0.682883 0.660189 0.000000
vt  0.684526 0.648054 0.000000
vt  0.682883 0.660189 0.000000
vt  0.670394 0.653260 0.000000
vt  0.668798 0.655515 0.000000
vt  0.664616 0.693322 0.000000
vt  0.628444 0.669976 0.000000
vt  0.628231 0.693308 0.000000
vt  0.670394 0.653260 0.000000
vt  0.684526 0.648054 0.000000
vt  0.670895 0.639880 0.000000
vt  0.698416 0.639594 0.000000
vt  0.670895 0.639880 0.000000
vt  0.684526 0.648054 0.000000
vt  0.670895 0.639880 0.000000
vt  0.698416 0.639594 0.000000
vt  0.668591 0.624351 0.000000
vt  0.698416 0.639594 0.000000
vt  0.668591 0.624351 0.000000
vt  0.698416 0.639594 0.000000
vt  0.668591 0.624351 0.000000
vt  0.698416 0.639594 0.000000
vt  0.701461 0.624226 0.000000
vt  0.698416 0.639594 0.000000
vt  0.701461 0.624226 0.000000
vt  0.698416 0.639594 0.000000
vt  0.701461 0.624226 0.000000
vt  0.698416 0.639594 0.000000
vt  0.726613 0.623742 0.000000
vt  0.725812 0.649817 0.000000
vt  0.762951 0.630902 0.000000
vt  0.726538 0.630902 0.000000
vt  0.762951 0.630902 0.000000
vt  0.725812 0.649817 0.000000
vt  0.762172 0.647940 0.000000
vt  0.629946 0.602612 0.000000
vt  0.629782 0.623199 0.000000
vt  0.671281 0.602612 0.000000
vt  0.846481 0.630902 0.000000
vt  0.846481 0.624277 0.000000
vt  0.801415 0.623837 0.000000
vt  0.846481 0.602612 0.000000
vt  0.801415 0.623837 0.000000
vt  0.846481 0.624277 0.000000
vt  0.801415 0.623837 0.000000
vt  0.846481 0.602612 0.000000
vt  0.801415 0.623837 0.000000
vt  0.793974 0.602612 0.000000
vt  0.801415 0.623837 0.000000
vt  0.846481 0.602612 0.000000
vt  0.801415 0.623837 0.000000
vt  0.793974 0.602612 0.000000
vt  0.774716 0.602612 0.000000
vt  0.024726 0.362281 0.000000
vt  0.131806 0.357091 0.000000
vt  0.024726 0.362281 0.000000
vt  0.131806 0.357091 0.000000
vt  0.024726 0.362281 0.000000
vt  0.092462 0.329440 0.000000
vt  0.092462 0.329440 0.000000
vt  0.131806 0.357091 0.000000
vt  0.131806 0.357091 0.000000
vt  0.131806 0.357091 0.000000
vt  0.092462 0.329440 0.000000
vt  0.140998 0.323784 0.000000
vt  0.140998 0.323784 0.000000
vt  0.143891 0.387823 0.000000
vt  0.131806 0.357091 0.000000
vt  0.143891 0.387823 0.000000
vt  0.140998 0.323784 0.000000
vt  0.153327 0.387905 0.000000
vt  0.145498 0.391520 0.000000
vt  0.143891 0.387823 0.000000
vt  0.153327 0.387905 0.000000
vt  0.143891 0.387823 0.000000
vt  0.145498 0.391520 0.000000
vt  0.131806 0.357091 0.000000
vt  0.008648 0.390826 0.000000
vt  0.131806 0.357091 0.000000
vt  0.145498 0.391520 0.000000
vt  0.131806 0.357091 0.000000
vt  0.008648 0.390826 0.000000
vt  0.024726 0.362281 0.000000
vt  0.008648 0.358785 0.000000
vt  0.024726 0.362281 0.000000
vt  0.008648 0.390826 0.000000
vt  0.024726 0.362281 0.000000
vt  0.008648 0.358785 0.000000
vt  0.024726 0.362281 0.000000
vt  0.008648 0.302625 0.000000
vt  0.024726 0.362281 0.000000
vt  0.008648 0.358785 0.000000
vt  0.024726 0.362281 0.000000
vt  0.008648 0.302625 0.000000
vt  0.092462 0.329440 0.000000
vt  0.090318 0.275373 0.000000
vt  0.092462 0.329440 0.000000
vt  0.008648 0.302625 0.000000
vt  0.092462 0.329440 0.000000
vt  0.090318 0.275373 0.000000
vt  0.156789 0.291749 0.000000
vt  0.168110 0.244887 0.000000
vt  0.156789 0.291749 0.000000
vt  0.090318 0.275373 0.000000
vt  0.156789 0.291749 0.000000
vt  0.168110 0.244887 0.000000
vt  0.227029 0.311622 0.000000
vt  0.225103 0.237400 0.000000
vt  0.227029 0.311622 0.000000
vt  0.168110 0.244887 0.000000
vt  0.227029 0.311622 0.000000
vt  0.225103 0.237400 0.000000
vt  0.247960 0.294801 0.000000
vt  0.276816 0.223834 0.000000
vt  0.247960 0.294801 0.000000
vt  0.225103 0.237400 0.000000
vt  0.247960 0.294801 0.000000
vt  0.276816 0.223834 0.000000
vt  0.311613 0.289281 0.000000
vt  0.456112 0.222130 0.000000
vt  0.311613 0.289281 0.000000
vt  0.276816 0.223834 0.000000
vt  0.311613 0.289281 0.000000
vt  0.456112 0.222130 0.000000
vt  0.453207 0.286703 0.000000
vt  0.578751 0.290568 0.000000
vt  0.453207 0.286703 0.000000
vt  0.456112 0.222130 0.000000
vt  0.453207 0.286703 0.000000
vt  0.578751 0.290568 0.000000
vt  0.460143 0.378809 0.000000
vt  0.580380 0.376456 0.000000
vt  0.460143 0.378809 0.000000
vt  0.578751 0.290568 0.000000
vt  0.460143 0.378809 0.000000
vt  0.580380 0.376456 0.000000
vt  0.475068 0.390837 0.000000
vt  0.580380 0.376456 0.000000
vt  0.475068 0.390837 0.000000
vt  0.580380 0.376456 0.000000
vt  0.475068 0.390837 0.000000
vt  0.580380 0.376456 0.000000
vt  0.581556 0.390941 0.000000
vt  0.580460 0.376030 0.000000
vt  0.581556 0.390941 0.000000
vt  0.580380 0.376456 0.000000
vt  0.581556 0.390941 0.000000
vt  0.580460 0.376030 0.000000
vt  0.741895 0.390962 0.000000
vt  0.749825 0.387170 0.000000
vt  0.741895 0.390962 0.000000
vt  0.580460 0.376030 0.000000
vt  0.741895 0.390962 0.000000
vt  0.749825 0.387170 0.000000
vt  0.751121 0.387457 0.000000
vt  0.636872 0.295738 0.000000
vt  0.751121 0.387457 0.000000
vt  0.749825 0.387170 0.000000
vt  0.751121 0.387457 0.000000
vt  0.636872 0.295738 0.000000
vt  0.759922 0.322461 0.000000
vt  0.753372 0.225549 0.000000
vt  0.759922 0.322461 0.000000
vt  0.636872 0.295738 0.000000
vt  0.759922 0.322461 0.000000
vt  0.753372 0.225549 0.000000
vt  0.759922 0.322461 0.000000
vt  0.844811 0.246519 0.000000
vt  0.759922 0.322461 0.000000
vt  0.753372 0.225549 0.000000
vt  0.759922 0.322461 0.000000
vt  0.844811 0.246519 0.000000
vt  0.854668 0.286980 0.000000
vt  0.928866 0.278637 0.000000
vt  0.854668 0.286980 0.000000
vt  0.844811 0.246519 0.000000
vt  0.854668 0.286980 0.000000
vt  0.928866 0.278637 0.000000
vt  0.920311 0.320474 0.000000
vt  0.997024 0.302625 0.000000
vt  0.920311 0.320474 0.000000
vt  0.928866 0.278637 0.000000
vt  0.920311 0.320474 0.000000
vt  0.997024 0.302625 0.000000
vt  0.988791 0.359408 0.000000
vt  0.997024 0.358785 0.000000
vt  0.988791 0.359408 0.000000
vt  0.997024 0.302625 0.000000
vt  0.988791 0.359408 0.000000
vt  0.997024 0.358785 0.000000
vt  0.988791 0.359408 0.000000
vt  0.997024 0.390792 0.000000
vt  0.988791 0.359408 0.000000
vt  0.997024 0.358785 0.000000
vt  0.988791 0.359408 0.000000
vt  0.997024 0.390792 0.000000
vt  0.918179 0.358680 0.000000
vt  0.919501 0.391154 0.000000
vt  0.918179 0.358680 0.000000
vt  0.997024 0.390792 0.000000
vt  0.918179 0.358680 0.000000
vt  0.919501 0.391154 0.000000
vt  0.914353 0.358206 0.000000
vt  0.903187 0.356204 0.000000
vt  0.914353 0.358206 0.000000
vt  0.919501 0.391154 0.000000
vt  0.914353 0.358206 0.000000
vt  0.903187 0.356204 0.000000
vt  0.866443 0.325109 0.000000
vt  0.759922 0.322461 0.000000
vt  0.866443 0.325109 0.000000
vt  0.903187 0.356204 0.000000
vt  0.866443 0.325109 0.000000
vt  0.759922 0.322461 0.000000
vt  0.866443 0.325109 0.000000
vt  0.854668 0.286980 0.000000
vt  0.866443 0.325109 0.000000
vt  0.759922 0.322461 0.000000
vt  0.866443 0.325109 0.000000
vt  0.854668 0.286980 0.000000
vt  0.866443 0.325109 0.000000
vt  0.920311 0.320474 0.000000
vt  0.866443 0.325109 0.000000
vt  0.854668 0.286980 0.000000
vt  0.866443 0.325109 0.000000
vt  0.920311 0.320474 0.000000
vt  0.918179 0.358680 0.000000
vt  0.988791 0.359408 0.000000
vt  0.918179 0.358680 0.000000
vt  0.920311 0.320474 0.000000
vt  0.759922 0.322461 0.000000
vt  0.759922 0.322461 0.000000
vt  0.751121 0.387457 0.000000
vt  0.903187 0.356204 0.000000
vt  0.751121 0.387457 0.000000
vt  0.759922 0.322461 0.000000
vt  0.751121 0.387457 0.000000
vt  0.903187 0.356204 0.000000
vt  0.741895 0.390962 0.000000
vt  0.919501 0.391154 0.000000
vt  0.741895 0.390962 0.000000
vt  0.903187 0.356204 0.000000
vt  0.914353 0.358206 0.000000
vt  0.866443 0.325109 0.000000
vt  0.918179 0.358680 0.000000
vt  0.460143 0.378809 0.000000
vt  0.311613 0.289281 0.000000
vt  0.453207 0.286703 0.000000
vt  0.580380 0.376456 0.000000
vt  0.578751 0.290568 0.000000
vt  0.580460 0.376030 0.000000
vt  0.636872 0.295738 0.000000
vt  0.580460 0.376030 0.000000
vt  0.578751 0.290568 0.000000
vt  0.580460 0.376030 0.000000
vt  0.636872 0.295738 0.000000
vt  0.749825 0.387170 0.000000
vt  0.153327 0.387905 0.000000
vt  0.283627 0.390691 0.000000
vt  0.145498 0.391520 0.000000
vt  0.753372 0.225549 0.000000
vt  0.636872 0.295738 0.000000
vt  0.587364 0.218681 0.000000
vt  0.578751 0.290568 0.000000
vt  0.587364 0.218681 0.000000
vt  0.636872 0.295738 0.000000
vt  0.587364 0.218681 0.000000
vt  0.578751 0.290568 0.000000
vt  0.456112 0.222130 0.000000
vt  0.928866 0.278637 0.000000
vt  0.997024 0.264779 0.000000
vt  0.997024 0.302625 0.000000
vt  0.997024 0.264779 0.000000
vt  0.928866 0.278637 0.000000
vt  0.928866 0.278637 0.000000
vt  0.928866 0.278637 0.000000
vt  0.934829 0.262627 0.000000
vt  0.997024 0.264779 0.000000
vt  0.934829 0.262627 0.000000
vt  0.928866 0.278637 0.000000
vt  0.844811 0.246519 0.000000
vt  0.008648 0.264779 0.000000
vt  0.090318 0.275373 0.000000
vt  0.008648 0.302625 0.000000
vt  0.090318 0.275373 0.000000
vt  0.008648 0.264779 0.000000
vt  0.085898 0.259349 0.000000
vt  0.085898 0.259349 0.000000
vt  0.168110 0.244887 0.000000
vt  0.090318 0.275373 0.000000
vt  0.092462 0.329440 0.000000
vt  0.156789 0.291749 0.000000
vt  0.140998 0.323784 0.000000
vt  0.227029 0.311622 0.000000
vt  0.140998 0.323784 0.000000
vt  0.156789 0.291749 0.000000
vt  0.140998 0.323784 0.000000
vt  0.227029 0.311622 0.000000
vt  0.153327 0.387905 0.000000
vt  0.281954 0.377305 0.000000
vt  0.153327 0.387905 0.000000
vt  0.227029 0.311622 0.000000
vt  0.153327 0.387905 0.000000
vt  0.281954 0.377305 0.000000
vt  0.283627 0.390691 0.000000
vt  0.283652 0.376961 0.000000
vt  0.283627 0.390691 0.000000
vt  0.281954 0.377305 0.000000
vt  0.283627 0.390691 0.000000
vt  0.283652 0.376961 0.000000
vt  0.380860 0.374709 0.000000
vt  0.247960 0.294801 0.000000
vt  0.380860 0.374709 0.000000
vt  0.283652 0.376961 0.000000
vt  0.380860 0.374709 0.000000
vt  0.247960 0.294801 0.000000
vt  0.380860 0.374709 0.000000
vt  0.311613 0.289281 0.000000
vt  0.380860 0.374709 0.000000
vt  0.247960 0.294801 0.000000
vt  0.380860 0.374709 0.000000
vt  0.311613 0.289281 0.000000
vt  0.383886 0.375096 0.000000
vt  0.460143 0.378809 0.000000
vt  0.383886 0.375096 0.000000
vt  0.311613 0.289281 0.000000
vt  0.383886 0.375096 0.000000
vt  0.460143 0.378809 0.000000
vt  0.383886 0.375096 0.000000
vt  0.475068 0.390837 0.000000
vt  0.383886 0.375096 0.000000
vt  0.460143 0.378809 0.000000
vt  0.383886 0.375096 0.000000
vt  0.475068 0.390837 0.000000
vt  0.383886 0.375096 0.000000
vt  0.394134 0.390956 0.000000
vt  0.383886 0.375096 0.000000
vt  0.475068 0.390837 0.000000
vt  0.383886 0.375096 0.000000
vt  0.394134 0.390956 0.000000
vt  0.380860 0.374709 0.000000
vt  0.283627 0.390691 0.000000
vt  0.380860 0.374709 0.000000
vt  0.394134 0.390956 0.000000
vt  0.283652 0.376961 0.000000
vt  0.281954 0.377305 0.000000
vt  0.247960 0.294801 0.000000
vt  0.227029 0.311622 0.000000
vt  0.247960 0.294801 0.000000
vt  0.281954 0.377305 0.000000
vt  0.587360 0.059874 0.000000
vt  0.526329 0.059874 0.000000
vt  0.587733 0.076785 0.000000
vt  0.526329 0.059874 0.000000
vt  0.587733 0.076785 0.000000
vt  0.526329 0.059874 0.000000
vt  0.587733 0.076785 0.000000
vt  0.526329 0.059874 0.000000
vt  0.526702 0.076785 0.000000
vt  0.526329 0.059874 0.000000
vt  0.526702 0.076785 0.000000
vt  0.526329 0.059874 0.000000
vt  0.526702 0.076785 0.000000
vt  0.526329 0.059874 0.000000
vt  0.526702 0.076785 0.000000
vt  0.587360 0.059874 0.000000
vt  0.526702 0.076785 0.000000
vt  0.526329 0.059874 0.000000
vt  0.526702 0.076785 0.000000
vt  0.587360 0.059874 0.000000
vt  0.587733 0.076785 0.000000
vt  0.649567 0.059874 0.000000
vt  0.587733 0.076785 0.000000
vt  0.587360 0.059874 0.000000
vt  0.587733 0.076785 0.000000
vt  0.649567 0.059874 0.000000
vt  0.649939 0.076785 0.000000
vt  0.649567 0.059874 0.000000
vt  0.649939 0.076785 0.000000
vt  0.649567 0.059874 0.000000
vt  0.649939 0.076785 0.000000
vt  0.649567 0.059874 0.000000
vt  0.649939 0.076785 0.000000
vt  0.587360 0.059874 0.000000
vt  0.649939 0.076785 0.000000
vt  0.649567 0.059874 0.000000
vt  0.649939 0.076785 0.000000
vt  0.587360 0.059874 0.000000
vt  0.587733 0.076785 0.000000
vt  0.150284 0.693759 0.000000
vt  0.293023 0.692664 0.000000
vt  0.150284 0.693759 0.000000
vt  0.293023 0.692664 0.000000
vt  0.150284 0.693759 0.000000
vt  0.303905 0.660002 0.000000
vt  0.303905 0.660002 0.000000
vt  0.293023 0.692664 0.000000
vt  0.293023 0.692664 0.000000
vt  0.293023 0.692664 0.000000
vt  0.303905 0.660002 0.000000
vt  0.326278 0.683235 0.000000
vt  0.326278 0.683235 0.000000
vt  0.320617 0.690202 0.000000
vt  0.293023 0.692664 0.000000
vt  0.320617 0.690202 0.000000
vt  0.326278 0.683235 0.000000
vt  0.352984 0.687909 0.000000
vt  0.240093 0.553809 0.000000
vt  0.304048 0.572686 0.000000
vt  0.263027 0.544920 0.000000
vt  0.304048 0.572686 0.000000
vt  0.240093 0.553809 0.000000
vt  0.270809 0.581204 0.000000
vt  0.270809 0.581204 0.000000
vt  0.311786 0.615475 0.000000
vt  0.304048 0.572686 0.000000
vt  0.311786 0.615475 0.000000
vt  0.270809 0.581204 0.000000
vt  0.274868 0.622181 0.000000
vt  0.274868 0.622181 0.000000
vt  0.303945 0.660002 0.000000
vt  0.311786 0.615475 0.000000
vt  0.303945 0.660002 0.000000
vt  0.274868 0.622181 0.000000
vt  0.160695 0.665000 0.000000
vt  0.160695 0.665000 0.000000
vt  0.150327 0.693759 0.000000
vt  0.303945 0.660002 0.000000
vt  0.150327 0.693759 0.000000
vt  0.160695 0.665000 0.000000
vt  0.082426 0.659430 0.000000
vt  0.082426 0.659430 0.000000
vt  0.069462 0.702000 0.000000
vt  0.150327 0.693759 0.000000
vt  0.069462 0.702000 0.000000
vt  0.082426 0.659430 0.000000
vt  0.012007 0.687930 0.000000
vt  0.012007 0.687930 0.000000
vt  0.011070 0.719899 0.000000
vt  0.069462 0.702000 0.000000
vt  0.011070 0.719899 0.000000
vt  0.012007 0.687930 0.000000
vt  0.069459 0.702000 0.000000
vt  0.069459 0.702000 0.000000
vt  0.064298 0.734694 0.000000
vt  0.011070 0.719899 0.000000
vt  0.064298 0.734694 0.000000
vt  0.069459 0.702000 0.000000
vt  0.150284 0.693759 0.000000
vt  0.150284 0.693759 0.000000
vt  0.101068 0.748458 0.000000
vt  0.064298 0.734694 0.000000
vt  0.101068 0.748458 0.000000
vt  0.150284 0.693759 0.000000
vt  0.150284 0.693759 0.000000
vt  0.150284 0.693759 0.000000
vt  0.148385 0.732636 0.000000
vt  0.101068 0.748458 0.000000
vt  0.148385 0.732636 0.000000
vt  0.150284 0.693759 0.000000
vt  0.293023 0.692664 0.000000
vt  0.293023 0.692664 0.000000
vt  0.371272 0.727279 0.000000
vt  0.148385 0.732636 0.000000
vt  0.371272 0.727279 0.000000
vt  0.293023 0.692664 0.000000
vt  0.320617 0.690202 0.000000
vt  0.320617 0.690202 0.000000
vt  0.366371 0.703328 0.000000
vt  0.371272 0.727279 0.000000
vt  0.366371 0.703328 0.000000
vt  0.320617 0.690202 0.000000
vt  0.352984 0.687909 0.000000
vt  0.352984 0.687909 0.000000
vt  0.378739 0.690298 0.000000
vt  0.366371 0.703328 0.000000
vt  0.378739 0.690298 0.000000
vt  0.352984 0.687909 0.000000
vt  0.389878 0.663537 0.000000
vt  0.389878 0.663537 0.000000
vt  0.391595 0.651861 0.000000
vt  0.378739 0.690298 0.000000
vt  0.391595 0.651861 0.000000
vt  0.389878 0.663537 0.000000
vt  0.380444 0.659522 0.000000
vt  0.380444 0.659522 0.000000
vt  0.391595 0.651861 0.000000
vt  0.391595 0.651861 0.000000
vt  0.391595 0.651861 0.000000
vt  0.380444 0.659522 0.000000
vt  0.378909 0.652756 0.000000
vt  0.378909 0.652756 0.000000
vt  0.370416 0.637449 0.000000
vt  0.391595 0.651861 0.000000
vt  0.370416 0.637449 0.000000
vt  0.378909 0.652756 0.000000
vt  0.370907 0.649336 0.000000
vt  0.370907 0.649336 0.000000
vt  0.370416 0.637449 0.000000
vt  0.370416 0.637449 0.000000
vt  0.370416 0.637449 0.000000
vt  0.370907 0.649336 0.000000
vt  0.360674 0.650817 0.000000
vt  0.360674 0.650817 0.000000
vt  0.332516 0.637673 0.000000
vt  0.370416 0.637449 0.000000
vt  0.332516 0.637673 0.000000
vt  0.360674 0.650817 0.000000
vt  0.357245 0.657230 0.000000
vt  0.357245 0.657230 0.000000
vt  0.348513 0.665968 0.000000
vt  0.332516 0.637673 0.000000
vt  0.348513 0.665968 0.000000
vt  0.357245 0.657230 0.000000
vt  0.370393 0.663253 0.000000
vt  0.370393 0.663253 0.000000
vt  0.370916 0.673217 0.000000
vt  0.348513 0.665968 0.000000
vt  0.370916 0.673217 0.000000
vt  0.370393 0.663253 0.000000
vt  0.389878 0.663537 0.000000
vt  0.389878 0.663537 0.000000
vt  0.370916 0.673217 0.000000
vt  0.370916 0.673217 0.000000
vt  0.370916 0.673217 0.000000
vt  0.389878 0.663537 0.000000
vt  0.352984 0.687909 0.000000
vt  0.352984 0.687909 0.000000
vt  0.348513 0.665968 0.000000
vt  0.370916 0.673217 0.000000
vt  0.348513 0.665968 0.000000
vt  0.352984 0.687909 0.000000
vt  0.326278 0.683235 0.000000
vt  0.326278 0.683235 0.000000
vt  0.332516 0.637673 0.000000
vt  0.348513 0.665968 0.000000
vt  0.332516 0.637673 0.000000
vt  0.326278 0.683235 0.000000
vt  0.303905 0.660002 0.000000
vt  0.303905 0.660002 0.000000
vt  0.311744 0.615651 0.000000
vt  0.332516 0.637673 0.000000
vt  0.311744 0.615651 0.000000
vt  0.303905 0.660002 0.000000
vt  0.274868 0.622181 0.000000
vt  0.274868 0.622181 0.000000
vt  0.270809 0.581204 0.000000
vt  0.311744 0.615651 0.000000
vt  0.270809 0.581204 0.000000
vt  0.274868 0.622181 0.000000
vt  0.224440 0.591861 0.000000
vt  0.224440 0.591861 0.000000
vt  0.196449 0.560269 0.000000
vt  0.270809 0.581204 0.000000
vt  0.196449 0.560269 0.000000
vt  0.224440 0.591861 0.000000
vt  0.106772 0.600529 0.000000
vt  0.106772 0.600529 0.000000
vt  0.071263 0.558881 0.000000
vt  0.196449 0.560269 0.000000
vt  0.071263 0.558881 0.000000
vt  0.106772 0.600529 0.000000
vt  0.012982 0.595950 0.000000
vt  0.012982 0.595950 0.000000
vt  0.008079 0.553193 0.000000
vt  0.071263 0.558881 0.000000
vt  0.008079 0.553193 0.000000
vt  0.012982 0.595950 0.000000
vt  0.070754 0.558881 0.000000
vt  0.070754 0.558881 0.000000
vt  0.040688 0.541403 0.000000
vt  0.008079 0.553193 0.000000
vt  0.040688 0.541403 0.000000
vt  0.070754 0.558881 0.000000
vt  0.118975 0.535244 0.000000
vt  0.118975 0.535244 0.000000
vt  0.009440 0.538432 0.000000
vt  0.040688 0.541403 0.000000
vt  0.009440 0.538432 0.000000
vt  0.118975 0.535244 0.000000
vt  0.160212 0.478754 0.000000
vt  0.160212 0.478754 0.000000
vt  0.017377 0.478754 0.000000
vt  0.009440 0.538432 0.000000
vt  0.017377 0.478754 0.000000
vt  0.160212 0.478754 0.000000
vt  0.017377 0.431224 0.000000
vt  0.017377 0.431224 0.000000
vt  0.160209 0.478754 0.000000
vt  0.017377 0.478754 0.000000
vt  0.160209 0.478754 0.000000
vt  0.017377 0.431224 0.000000
vt  0.163224 0.431048 0.000000
vt  0.163224 0.431048 0.000000
vt  0.160209 0.478754 0.000000
vt  0.160209 0.478754 0.000000
vt  0.160209 0.478754 0.000000
vt  0.163224 0.431048 0.000000
vt  0.303247 0.432541 0.000000
vt  0.303247 0.432541 0.000000
vt  0.353012 0.483216 0.000000
vt  0.160209 0.478754 0.000000
vt  0.353012 0.483216 0.000000
vt  0.303247 0.432541 0.000000
vt  0.462526 0.432541 0.000000
vt  0.462526 0.432541 0.000000
vt  0.460539 0.479429 0.000000
vt  0.353012 0.483216 0.000000
vt  0.460539 0.479429 0.000000
vt  0.462526 0.432541 0.000000
vt  0.616827 0.434688 0.000000
vt  0.616827 0.434688 0.000000
vt  0.460539 0.479429 0.000000
vt  0.460539 0.479429 0.000000
vt  0.460539 0.479429 0.000000
vt  0.616827 0.434688 0.000000
vt  0.616827 0.479923 0.000000
vt  0.616827 0.479923 0.000000
vt  0.488554 0.551789 0.000000
vt  0.460539 0.479429 0.000000
vt  0.488554 0.551789 0.000000
vt  0.616827 0.479923 0.000000
vt  0.616827 0.551413 0.000000
vt  0.616827 0.551413 0.000000
vt  0.495190 0.625525 0.000000
vt  0.488554 0.551789 0.000000
vt  0.495190 0.625525 0.000000
vt  0.616827 0.551413 0.000000
vt  0.616827 0.636966 0.000000
vt  0.616827 0.636966 0.000000
vt  0.495190 0.625525 0.000000
vt  0.495190 0.625525 0.000000
vt  0.495190 0.625525 0.000000
vt  0.616827 0.636966 0.000000
vt  0.616827 0.711658 0.000000
vt  0.616827 0.711658 0.000000
vt  0.529524 0.718153 0.000000
vt  0.495190 0.625525 0.000000
vt  0.529524 0.718153 0.000000
vt  0.616827 0.711658 0.000000
vt  0.616741 0.749738 0.000000
vt  0.616741 0.749738 0.000000
vt  0.594246 0.749885 0.000000
vt  0.529524 0.718153 0.000000
vt  0.040688 0.541403 0.000000
vt  0.009440 0.538432 0.000000
vt  0.008079 0.553193 0.000000
vt  0.370393 0.663253 0.000000
vt  0.380444 0.659522 0.000000
vt  0.389878 0.663537 0.000000
vt  0.017377 0.478754 0.000000
vt  0.160209 0.478754 0.000000
vt  0.009440 0.538432 0.000000
vt  0.370416 0.637449 0.000000
vt  0.311744 0.615651 0.000000
vt  0.368781 0.633764 0.000000
vt  0.311744 0.615651 0.000000
vt  0.370416 0.637449 0.000000
vt  0.332516 0.637673 0.000000
vt  0.293026 0.692664 0.000000
vt  0.303945 0.660002 0.000000
vt  0.150327 0.693759 0.000000
vt  0.118975 0.535244 0.000000
vt  0.070754 0.558881 0.000000
vt  0.196232 0.560269 0.000000
vt  0.012982 0.595950 0.000000
vt  0.070754 0.558881 0.000000
vt  0.012982 0.595950 0.000000
vt  0.070754 0.558881 0.000000
vt  0.012982 0.595950 0.000000
vt  0.106298 0.600529 0.000000
vt  0.106298 0.600529 0.000000
vt  0.196232 0.560269 0.000000
vt  0.070754 0.558881 0.000000
vt  0.196232 0.560269 0.000000
vt  0.106298 0.600529 0.000000
vt  0.224440 0.591861 0.000000
vt  0.106772 0.600529 0.000000
vt  0.012982 0.595950 0.000000
vt  0.106772 0.600529 0.000000
vt  0.012982 0.595950 0.000000
vt  0.106772 0.600529 0.000000
vt  0.010465 0.606835 0.000000
vt  0.010465 0.606835 0.000000
vt  0.106298 0.600529 0.000000
vt  0.012982 0.595950 0.000000
vt  0.370351 0.638265 0.000000
vt  0.311786 0.615475 0.000000
vt  0.332518 0.637673 0.000000
vt  0.303945 0.660002 0.000000
vt  0.332518 0.637673 0.000000
vt  0.311786 0.615475 0.000000
vt  0.332518 0.637673 0.000000
vt  0.303945 0.660002 0.000000
vt  0.326281 0.683235 0.000000
vt  0.293026 0.692664 0.000000
vt  0.326281 0.683235 0.000000
vt  0.303945 0.660002 0.000000
vt  0.326281 0.683235 0.000000
vt  0.293026 0.692664 0.000000
vt  0.320620 0.690202 0.000000
vt  0.293026 0.692664 0.000000
vt  0.320620 0.690202 0.000000
vt  0.293026 0.692664 0.000000
vt  0.320620 0.690202 0.000000
vt  0.293026 0.692664 0.000000
vt  0.371275 0.727279 0.000000
vt  0.293026 0.692664 0.000000
vt  0.371275 0.727279 0.000000
vt  0.293026 0.692664 0.000000
vt  0.371275 0.727279 0.000000
vt  0.293026 0.692664 0.000000
vt  0.148385 0.732636 0.000000
vt  0.150327 0.693759 0.000000
vt  0.148385 0.732636 0.000000
vt  0.293026 0.692664 0.000000
vt  0.148385 0.732636 0.000000
vt  0.150327 0.693759 0.000000
vt  0.101068 0.748458 0.000000
vt  0.150327 0.693759 0.000000
vt  0.101068 0.748458 0.000000
vt  0.150327 0.693759 0.000000
vt  0.101068 0.748458 0.000000
vt  0.150327 0.693759 0.000000
vt  0.064301 0.734694 0.000000
vt  0.069462 0.702000 0.000000
vt  0.064301 0.734694 0.000000
vt  0.150327 0.693759 0.000000
vt  0.064301 0.734694 0.000000
vt  0.069462 0.702000 0.000000
vt  0.011070 0.719899 0.000000
vt  0.263027 0.544920 0.000000
vt  0.118972 0.535244 0.000000
vt  0.380241 0.549831 0.000000
vt  0.118972 0.535244 0.000000
vt  0.263027 0.544920 0.000000
vt  0.240093 0.553809 0.000000
vt  0.240093 0.553809 0.000000
vt  0.196449 0.560269 0.000000
vt  0.118972 0.535244 0.000000
vt  0.196449 0.560269 0.000000
vt  0.240093 0.553809 0.000000
vt  0.240093 0.553809 0.000000
vt  0.240093 0.553809 0.000000
vt  0.270809 0.581204 0.000000
vt  0.196449 0.560269 0.000000
vt  0.270809 0.581204 0.000000
vt  0.240093 0.553809 0.000000
vt  0.304048 0.572686 0.000000
vt  0.304048 0.572686 0.000000
vt  0.311744 0.615651 0.000000
vt  0.270809 0.581204 0.000000
vt  0.311744 0.615651 0.000000
vt  0.304048 0.572686 0.000000
vt  0.380241 0.549831 0.000000
vt  0.380241 0.549831 0.000000
vt  0.368781 0.633764 0.000000
vt  0.311744 0.615651 0.000000
vt  0.368781 0.633764 0.000000
vt  0.380241 0.549831 0.000000
vt  0.408680 0.656901 0.000000
vt  0.408680 0.656901 0.000000
vt  0.370416 0.637449 0.000000
vt  0.368781 0.633764 0.000000
vt  0.370416 0.637449 0.000000
vt  0.408680 0.656901 0.000000
vt  0.408680 0.656901 0.000000
vt  0.408680 0.656901 0.000000
vt  0.391595 0.651861 0.000000
vt  0.370416 0.637449 0.000000
vt  0.391595 0.651861 0.000000
vt  0.408680 0.656901 0.000000
vt  0.399880 0.700313 0.000000
vt  0.399880 0.700313 0.000000
vt  0.378739 0.690298 0.000000
vt  0.391595 0.651861 0.000000
vt  0.378739 0.690298 0.000000
vt  0.399880 0.700313 0.000000
vt  0.371272 0.727279 0.000000
vt  0.371272 0.727279 0.000000
vt  0.366371 0.703328 0.000000
vt  0.378739 0.690298 0.000000
vt  0.240093 0.553809 0.000000
vt  0.263027 0.544920 0.000000
vt  0.304048 0.572686 0.000000
vt  0.380241 0.549831 0.000000
vt  0.304048 0.572686 0.000000
vt  0.263027 0.544920 0.000000
vt  0.594246 0.749884 0.000000
vt  0.507423 0.748538 0.000000
vt  0.529524 0.718153 0.000000
vt  0.399880 0.700313 0.000000
vt  0.529524 0.718153 0.000000
vt  0.507423 0.748538 0.000000
vt  0.529524 0.718153 0.000000
vt  0.399880 0.700313 0.000000
vt  0.495190 0.625525 0.000000
vt  0.408680 0.656901 0.000000
vt  0.495190 0.625525 0.000000
vt  0.399880 0.700313 0.000000
vt  0.495190 0.625525 0.000000
vt  0.408680 0.656901 0.000000
vt  0.488554 0.551789 0.000000
vt  0.380241 0.549831 0.000000
vt  0.488554 0.551789 0.000000
vt  0.408680 0.656901 0.000000
vt  0.488554 0.551789 0.000000
vt  0.380241 0.549831 0.000000
vt  0.460539 0.479429 0.000000
vt  0.380241 0.549831 0.000000
vt  0.460539 0.479429 0.000000
vt  0.380241 0.549831 0.000000
vt  0.460539 0.479429 0.000000
vt  0.380241 0.549831 0.000000
vt  0.353012 0.483216 0.000000
vt  0.118972 0.535244 0.000000
vt  0.353012 0.483216 0.000000
vt  0.380241 0.549831 0.000000
vt  0.353012 0.483216 0.000000
vt  0.118972 0.535244 0.000000
vt  0.160209 0.478754 0.000000
vt  0.118972 0.535244 0.000000
vt  0.160209 0.478754 0.000000
vt  0.118972 0.535244 0.000000
vt  0.160209 0.478754 0.000000
vt  0.118972 0.535244 0.000000
vt  0.009440 0.538432 0.000000
vt  0.040687 0.541403 0.000000
vt  0.009440 0.538432 0.000000
vt  0.118972 0.535244 0.000000
vt  0.009440 0.538432 0.000000
vt  0.040687 0.541403 0.000000
vt  0.008079 0.553193 0.000000
vt  0.040687 0.541403 0.000000
vt  0.008079 0.553193 0.000000
vt  0.040687 0.541403 0.000000
vt  0.008079 0.553193 0.000000
vt  0.040687 0.541403 0.000000
vt  0.071263 0.558881 0.000000
vt  0.118972 0.535244 0.000000
vt  0.071263 0.558881 0.000000
vt  0.040687 0.541403 0.000000
vt  0.071263 0.558881 0.000000
vt  0.118972 0.535244 0.000000
vt  0.196449 0.560269 0.000000
vt  0.399880 0.700313 0.000000
vt  0.507423 0.748538 0.000000
vt  0.371272 0.727279 0.000000
vt  0.118771 0.751608 0.000000
vt  0.118771 0.751608 0.000000
vt  0.115460 0.758645 0.000000
vt  0.101068 0.748458 0.000000
vt  0.115460 0.758645 0.000000
vt  0.118771 0.751608 0.000000
vt  0.115460 0.758645 0.000000
vt  0.101068 0.748458 0.000000
vt  0.096693 0.758289 0.000000
vt  0.101068 0.748458 0.000000
vt  0.096693 0.758289 0.000000
vt  0.101068 0.748458 0.000000
vt  0.096693 0.758289 0.000000
vt  0.101068 0.748458 0.000000
vt  0.057860 0.754446 0.000000
vt  0.064301 0.734694 0.000000
vt  0.057860 0.754446 0.000000
vt  0.101068 0.748458 0.000000
vt  0.057860 0.754446 0.000000
vt  0.064301 0.734694 0.000000
vt  0.012007 0.750384 0.000000
vt  0.011070 0.719899 0.000000
vt  0.012007 0.750384 0.000000
vt  0.064301 0.734694 0.000000
vt  0.012007 0.750384 0.000000
vt  0.011070 0.719899 0.000000
vt  0.012007 0.750384 0.000000
vt  0.064298 0.734694 0.000000
vt  0.012007 0.750384 0.000000
vt  0.011070 0.719899 0.000000
vt  0.012007 0.750384 0.000000
vt  0.064298 0.734694 0.000000
vt  0.057857 0.754446 0.000000
vt  0.101068 0.748458 0.000000
vt  0.057857 0.754446 0.000000
vt  0.064298 0.734694 0.000000
vt  0.057857 0.754446 0.000000
vt  0.101068 0.748458 0.000000
vt  0.096690 0.758289 0.000000
vt  0.101068 0.748458 0.000000
vt  0.096690 0.758289 0.000000
vt  0.101068 0.748458 0.000000
vt  0.096690 0.758289 0.000000
vt  0.101068 0.748458 0.000000
vt  0.115458 0.758645 0.000000
vt  0.118771 0.751608 0.000000
vt  0.115458 0.758645 0.000000
vt  0.101068 0.748458 0.000000
vt  0.274868 0.622181 0.000000
vt  0.201130 0.628547 0.000000
vt  0.160695 0.665000 0.000000
vt  0.101811 0.614104 0.000000
vt  0.160695 0.665000 0.000000
vt  0.201130 0.628547 0.000000
vt  0.160695 0.665000 0.000000
vt  0.101811 0.614104 0.000000
vt  0.082426 0.659430 0.000000
vt  0.010663 0.661902 0.000000
vt  0.082426 0.659430 0.000000
vt  0.101811 0.614104 0.000000
vt  0.082426 0.659430 0.000000
vt  0.010663 0.661902 0.000000
vt  0.012007 0.687930 0.000000
vt  0.082423 0.659430 0.000000
vt  0.012007 0.687930 0.000000
vt  0.010663 0.661902 0.000000
vt  0.012007 0.687930 0.000000
vt  0.082423 0.659430 0.000000
vt  0.069459 0.702000 0.000000
vt  0.082423 0.659430 0.000000
vt  0.069459 0.702000 0.000000
vt  0.082423 0.659430 0.000000
vt  0.069459 0.702000 0.000000
vt  0.082423 0.659430 0.000000
vt  0.150284 0.693759 0.000000
vt  0.160692 0.665000 0.000000
vt  0.150284 0.693759 0.000000
vt  0.082423 0.659430 0.000000
vt  0.150284 0.693759 0.000000
vt  0.160692 0.665000 0.000000
vt  0.303905 0.660002 0.000000
vt  0.160692 0.665000 0.000000
vt  0.303905 0.660002 0.000000
vt  0.160692 0.665000 0.000000
vt  0.303905 0.660002 0.000000
vt  0.160692 0.665000 0.000000
vt  0.274868 0.622181 0.000000
vt  0.200237 0.628547 0.000000
vt  0.274868 0.622181 0.000000
vt  0.160692 0.665000 0.000000
vt  0.274868 0.622181 0.000000
vt  0.200237 0.628547 0.000000
vt  0.224440 0.591861 0.000000
vt  0.200237 0.628547 0.000000
vt  0.224440 0.591861 0.000000
vt  0.200237 0.628547 0.000000
vt  0.224440 0.591861 0.000000
vt  0.200237 0.628547 0.000000
vt  0.106772 0.600529 0.000000
vt  0.101811 0.614104 0.000000
vt  0.106772 0.600529 0.000000
vt  0.200237 0.628547 0.000000
vt  0.106772 0.600529 0.000000
vt  0.101811 0.614104 0.000000
vt  0.010465 0.606835 0.000000
vt  0.010663 0.661902 0.000000
vt  0.010465 0.606835 0.000000
vt  0.101811 0.614104 0.000000
vt  0.010465 0.606835 0.000000
vt  0.010663 0.661902 0.000000
vt  0.010465 0.606835 0.000000
vt  0.101811 0.614104 0.000000
vt  0.010465 0.606835 0.000000
vt  0.010663 0.661902 0.000000
vt  0.010465 0.606835 0.000000
vt  0.101811 0.614104 0.000000
vt  0.106298 0.600529 0.000000
vt  0.201130 0.628547 0.000000
vt  0.106298 0.600529 0.000000
vt  0.101811 0.614104 0.000000
vt  0.106298 0.600529 0.000000
vt  0.201130 0.628547 0.000000
vt  0.224440 0.591861 0.000000
vt  0.274868 0.622181 0.000000
vt  0.224440 0.591861 0.000000
vt  0.201130 0.628547 0.000000
vt  0.224440 0.591861 0.000000
vt  0.274868 0.622181 0.000000
vt  0.224440 0.591861 0.000000
vt  0.270809 0.581204 0.000000
vt  0.224440 0.591861 0.000000
vt  0.274868 0.622181 0.000000
vt  0.224440 0.591861 0.000000
vt  0.270809 0.581204 0.000000
vt  0.196232 0.560269 0.000000
vt  0.240093 0.553809 0.000000
vt  0.196232 0.560269 0.000000
vt  0.270809 0.581204 0.000000
vt  0.196232 0.560269 0.000000
vt  0.240093 0.553809 0.000000
vt  0.118975 0.535244 0.000000
vt  0.263027 0.544920 0.000000
vt  0.118975 0.535244 0.000000
vt  0.240093 0.553809 0.000000
vt  0.118975 0.535244 0.000000
vt  0.263027 0.544920 0.000000
vt  0.380244 0.549831 0.000000
vt  0.304048 0.572686 0.000000
vt  0.380244 0.549831 0.000000
vt  0.263027 0.544920 0.000000
vt  0.380244 0.549831 0.000000
vt  0.304048 0.572686 0.000000
vt  0.380244 0.549831 0.000000
vt  0.311786 0.615475 0.000000
vt  0.380244 0.549831 0.000000
vt  0.304048 0.572686 0.000000
vt  0.380244 0.549831 0.000000
vt  0.311786 0.615475 0.000000
vt  0.368781 0.633764 0.000000
vt  0.370351 0.638265 0.000000
vt  0.368781 0.633764 0.000000
vt  0.311786 0.615475 0.000000
vt  0.368781 0.633764 0.000000
vt  0.370351 0.638265 0.000000
vt  0.408684 0.656901 0.000000
vt  0.391598 0.651861 0.000000
vt  0.408684 0.656901 0.000000
vt  0.370351 0.638265 0.000000
vt  0.408684 0.656901 0.000000
vt  0.391598 0.651861 0.000000
vt  0.399880 0.700313 0.000000
vt  0.378742 0.690298 0.000000
vt  0.399880 0.700313 0.000000
vt  0.391598 0.651861 0.000000
vt  0.399880 0.700313 0.000000
vt  0.378742 0.690298 0.000000
vt  0.371275 0.727279 0.000000
vt  0.366374 0.703328 0.000000
vt  0.371275 0.727279 0.000000
vt  0.378742 0.690298 0.000000
vt  0.371275 0.727279 0.000000
vt  0.366374 0.703328 0.000000
vt  0.320620 0.690202 0.000000
vt  0.352987 0.687909 0.000000
vt  0.320620 0.690202 0.000000
vt  0.366374 0.703328 0.000000
vt  0.320620 0.690202 0.000000
vt  0.352987 0.687909 0.000000
vt  0.326281 0.683235 0.000000
vt  0.348516 0.665968 0.000000
vt  0.326281 0.683235 0.000000
vt  0.352987 0.687909 0.000000
vt  0.326281 0.683235 0.000000
vt  0.348516 0.665968 0.000000
vt  0.332518 0.637673 0.000000
vt  0.357248 0.657230 0.000000
vt  0.332518 0.637673 0.000000
vt  0.348516 0.665968 0.000000
vt  0.332518 0.637673 0.000000
vt  0.357248 0.657230 0.000000
vt  0.332518 0.637673 0.000000
vt  0.360677 0.650817 0.000000
vt  0.332518 0.637673 0.000000
vt  0.357248 0.657230 0.000000
vt  0.332518 0.637673 0.000000
vt  0.360677 0.650817 0.000000
vt  0.370351 0.638265 0.000000
vt  0.370910 0.649336 0.000000
vt  0.370351 0.638265 0.000000
vt  0.360677 0.650817 0.000000
vt  0.370351 0.638265 0.000000
vt  0.370910 0.649336 0.000000
vt  0.370351 0.638265 0.000000
vt  0.378912 0.652756 0.000000
vt  0.370351 0.638265 0.000000
vt  0.370910 0.649336 0.000000
vt  0.370351 0.638265 0.000000
vt  0.378912 0.652756 0.000000
vt  0.391598 0.651861 0.000000
vt  0.380446 0.659522 0.000000
vt  0.391598 0.651861 0.000000
vt  0.378912 0.652756 0.000000
vt  0.391598 0.651861 0.000000
vt  0.380446 0.659522 0.000000
vt  0.389881 0.663537 0.000000
vt  0.370396 0.663253 0.000000
vt  0.389881 0.663537 0.000000
vt  0.380446 0.659522 0.000000
vt  0.389881 0.663537 0.000000
vt  0.370396 0.663253 0.000000
vt  0.370919 0.673217 0.000000
vt  0.348516 0.665968 0.000000
vt  0.370919 0.673217 0.000000
vt  0.370396 0.663253 0.000000
vt  0.370919 0.673217 0.000000
vt  0.348516 0.665968 0.000000
vt  0.370919 0.673217 0.000000
vt  0.352987 0.687909 0.000000
vt  0.370919 0.673217 0.000000
vt  0.348516 0.665968 0.000000
vt  0.370919 0.673217 0.000000
vt  0.352987 0.687909 0.000000
vt  0.389881 0.663537 0.000000
vt  0.378742 0.690298 0.000000
vt  0.389881 0.663537 0.000000
vt  0.352987 0.687909 0.000000
vt  0.389881 0.663537 0.000000
vt  0.378742 0.690298 0.000000
vt  0.391598 0.651861 0.000000
vt  0.101811 0.614104 0.000000
vt  0.082423 0.659430 0.000000
vt  0.010663 0.661902 0.000000
vt  0.082423 0.659430 0.000000
vt  0.101811 0.614104 0.000000
vt  0.101811 0.614104 0.000000
vt  0.101811 0.614104 0.000000
vt  0.160692 0.665000 0.000000
vt  0.082423 0.659430 0.000000
vt  0.160692 0.665000 0.000000
vt  0.101811 0.614104 0.000000
vt  0.200237 0.628547 0.000000
vt  0.378742 0.690298 0.000000
vt  0.352987 0.687909 0.000000
vt  0.366374 0.703328 0.000000
vt  0.348516 0.665968 0.000000
vt  0.370396 0.663253 0.000000
vt  0.357248 0.657230 0.000000
vt  0.495193 0.625525 0.000000
vt  0.399880 0.700313 0.000000
vt  0.529527 0.718153 0.000000
vt  0.399880 0.700313 0.000000
vt  0.495193 0.625525 0.000000
vt  0.495193 0.625525 0.000000
vt  0.495193 0.625525 0.000000
vt  0.408684 0.656901 0.000000
vt  0.399880 0.700313 0.000000
vt  0.408684 0.656901 0.000000
vt  0.495193 0.625525 0.000000
vt  0.488557 0.551789 0.000000
vt  0.488557 0.551789 0.000000
vt  0.408684 0.656901 0.000000
vt  0.408684 0.656901 0.000000
vt  0.408684 0.656901 0.000000
vt  0.488557 0.551789 0.000000
vt  0.380244 0.549831 0.000000
vt  0.380244 0.549831 0.000000
vt  0.368781 0.633764 0.000000
vt  0.408684 0.656901 0.000000
vt  0.371275 0.727279 0.000000
vt  0.371275 0.727279 0.000000
vt  0.399880 0.700313 0.000000
vt  0.507423 0.748538 0.000000
vt  0.399880 0.700313 0.000000
vt  0.371275 0.727279 0.000000
vt  0.399880 0.700313 0.000000
vt  0.507423 0.748538 0.000000
vt  0.529527 0.718153 0.000000
vt  0.594246 0.749885 0.000000
vt  0.529527 0.718153 0.000000
vt  0.507423 0.748538 0.000000
vt  0.160212 0.478754 0.000000
vt  0.118975 0.535244 0.000000
vt  0.353015 0.483216 0.000000
vt  0.380244 0.549831 0.000000
vt  0.353015 0.483216 0.000000
vt  0.118975 0.535244 0.000000
vt  0.353015 0.483216 0.000000
vt  0.380244 0.549831 0.000000
vt  0.460542 0.479429 0.000000
vt  0.488557 0.551789 0.000000
vt  0.460542 0.479429 0.000000
vt  0.380244 0.549831 0.000000
vt  0.460542 0.479429 0.000000
vt  0.488557 0.551789 0.000000
vt  0.616830 0.479923 0.000000
vt  0.488557 0.551789 0.000000
vt  0.616830 0.479923 0.000000
vt  0.488557 0.551789 0.000000
vt  0.616830 0.479923 0.000000
vt  0.488557 0.551789 0.000000
vt  0.616830 0.551413 0.000000
vt  0.495193 0.625525 0.000000
vt  0.616830 0.551413 0.000000
vt  0.488557 0.551789 0.000000
vt  0.616830 0.551413 0.000000
vt  0.495193 0.625525 0.000000
vt  0.616830 0.636966 0.000000
vt  0.495193 0.625525 0.000000
vt  0.616830 0.636966 0.000000
vt  0.495193 0.625525 0.000000
vt  0.616830 0.636966 0.000000
vt  0.495193 0.625525 0.000000
vt  0.616830 0.711658 0.000000
vt  0.529527 0.718153 0.000000
vt  0.616830 0.711658 0.000000
vt  0.495193 0.625525 0.000000
vt  0.616830 0.711658 0.000000
vt  0.529527 0.718153 0.000000
vt  0.616745 0.749738 0.000000
vt  0.594246 0.749884 0.000000
vt  0.616745 0.749738 0.000000
vt  0.529527 0.718153 0.000000
vt  0.017377 0.431224 0.000000
vt  0.017377 0.431224 0.000000
vt  0.163227 0.431048 0.000000
vt  0.160212 0.478754 0.000000
vt  0.163227 0.431048 0.000000
vt  0.017377 0.431224 0.000000
vt  0.163227 0.431048 0.000000
vt  0.160212 0.478754 0.000000
vt  0.303250 0.432541 0.000000
vt  0.353015 0.483216 0.000000
vt  0.303250 0.432541 0.000000
vt  0.160212 0.478754 0.000000
vt  0.303250 0.432541 0.000000
vt  0.353015 0.483216 0.000000
vt  0.462529 0.432541 0.000000
vt  0.460542 0.479429 0.000000
vt  0.462529 0.432541 0.000000
vt  0.353015 0.483216 0.000000
vt  0.462529 0.432541 0.000000
vt  0.460542 0.479429 0.000000
vt  0.616830 0.434688 0.000000
vt  0.616830 0.479923 0.000000
vt  0.616830 0.434688 0.000000
vt  0.460542 0.479429 0.000000
vt  0.792140 0.797660 0.000000
vt  0.792139 0.853886 0.000000
vt  0.851506 0.797660 0.000000
vt  0.851507 0.915861 0.000000
vt  0.856459 0.909086 0.000000
vt  0.851506 0.998974 0.000000
vt  0.856459 0.909086 0.000000
vt  0.851507 0.915861 0.000000
vt  0.851507 0.859314 0.000000
vt  0.851507 0.859314 0.000000
vt  0.851506 0.797660 0.000000
vt  0.856459 0.909086 0.000000
vt  0.851506 0.797660 0.000000
vt  0.851507 0.859314 0.000000
vt  0.851507 0.859314 0.000000
vt  0.851507 0.859314 0.000000
vt  0.792140 0.797660 0.000000
vt  0.851506 0.797660 0.000000
vt  0.792140 0.797660 0.000000
vt  0.851507 0.859314 0.000000
vt  0.851507 0.859314 0.000000
vt  0.851507 0.859314 0.000000
vt  0.792140 0.855218 0.000000
vt  0.792140 0.797660 0.000000
vt  0.792140 0.855218 0.000000
vt  0.851507 0.859314 0.000000
vt  0.851507 0.915861 0.000000
vt  0.851507 0.915861 0.000000
vt  0.792140 0.916698 0.000000
vt  0.792140 0.855218 0.000000
vt  0.792140 0.916698 0.000000
vt  0.851507 0.915861 0.000000
vt  0.851507 0.915861 0.000000
vt  0.851507 0.915861 0.000000
vt  0.792139 0.998974 0.000000
vt  0.792140 0.916698 0.000000
vt  0.792139 0.998974 0.000000
vt  0.851507 0.915861 0.000000
vt  0.851506 0.998974 0.000000
vt  0.851506 0.998974 0.000000
vt  0.792139 0.918326 0.000000
vt  0.792139 0.998974 0.000000
vt  0.792139 0.918326 0.000000
vt  0.851506 0.998974 0.000000
vt  0.851506 0.915164 0.000000
vt  0.851506 0.915164 0.000000
vt  0.792139 0.853886 0.000000
vt  0.792139 0.918326 0.000000
vt  0.792139 0.853886 0.000000
vt  0.851506 0.915164 0.000000
vt  0.851506 0.854282 0.000000
vt  0.851506 0.854282 0.000000
vt  0.851506 0.797660 0.000000
vt  0.792139 0.853886 0.000000
vt  0.851506 0.797660 0.000000
vt  0.851506 0.854282 0.000000
vt  0.851506 0.854282 0.000000
vt  0.851506 0.854282 0.000000
vt  0.856459 0.909086 0.000000
vt  0.851506 0.797660 0.000000
vt  0.856459 0.909086 0.000000
vt  0.851506 0.854282 0.000000
vt  0.851506 0.915164 0.000000
vt  0.851506 0.915164 0.000000
vt  0.851506 0.998974 0.000000
vt  0.856459 0.909086 0.000000
vt  0.526721 0.077329 0.000000
vt  0.526721 0.029126 0.000000
vt  0.591207 0.077329 0.000000
vt  0.591207 0.000858 0.000000
vt  0.526721 0.029126 0.000000
vt  0.526721 0.000858 0.000000
vt  0.526721 0.029126 0.000000
vt  0.591207 0.000858 0.000000
vt  0.590694 0.029639 0.000000
vt  0.590694 0.029639 0.000000
vt  0.591207 0.077329 0.000000
vt  0.526721 0.029126 0.000000
vt  0.591207 0.077329 0.000000
vt  0.590694 0.029639 0.000000
vt  0.651434 0.029126 0.000000
vt  0.651434 0.029126 0.000000
vt  0.651434 0.077329 0.000000
vt  0.591207 0.077329 0.000000
vt  0.651434 0.077329 0.000000
vt  0.651434 0.029126 0.000000
vt  0.651434 0.029126 0.000000
vt  0.651434 0.029126 0.000000
vt  0.590694 0.029639 0.000000
vt  0.651434 0.077329 0.000000
vt  0.590694 0.029639 0.000000
vt  0.651434 0.029126 0.000000
vt  0.591208 0.000858 0.000000
vt  0.591208 0.000858 0.000000
vt  0.526721 0.029126 0.000000
vt  0.590694 0.029639 0.000000
vt  0.526721 0.029126 0.000000
vt  0.591208 0.000858 0.000000
vt  0.526721 0.000858 0.000000
vt  0.526721 0.000858 0.000000
vt  0.590694 0.029639 0.000000
vt  0.526721 0.029126 0.000000
vt  0.590694 0.029639 0.000000
vt  0.526721 0.000858 0.000000
vt  0.591207 0.000858 0.000000
vt  0.591207 0.000858 0.000000
vt  0.651434 0.029126 0.000000
vt  0.590694 0.029639 0.000000
vt  0.651434 0.029126 0.000000
vt  0.591207 0.000858 0.000000
vt  0.651434 0.000858 0.000000
vt  0.651434 0.029126 0.000000
vt  0.651434 0.000858 0.000000
vt  0.591208 0.000858 0.000000
vt  0.651434 0.000858 0.000000
vt  0.651434 0.029126 0.000000
vt  0.590694 0.029639 0.000000
vt  0.590694 0.029639 0.000000
vt  0.591207 0.000858 0.000000
vt  0.651434 0.000858 0.000000
vt  0.651434 0.029126 0.000000
vt  0.651434 0.077329 0.000000
vt  0.590694 0.029639 0.000000
vt  0.591207 0.077329 0.000000
vt  0.590694 0.029639 0.000000
vt  0.651434 0.077329 0.000000
vt  0.590694 0.029639 0.000000
vt  0.591207 0.077329 0.000000
vt  0.590694 0.029639 0.000000
vt  0.526721 0.077329 0.000000
vt  0.590694 0.029639 0.000000
vt  0.591207 0.077329 0.000000
vt  0.590694 0.029639 0.000000
vt  0.526721 0.077329 0.000000
vt  0.526721 0.029126 0.000000
vt  0.591207 0.077329 0.000000
vt  0.526721 0.029126 0.000000
vt  0.526721 0.077329 0.000000
vt  0.526721 0.029126 0.000000
vt  0.591207 0.077329 0.000000
vt  0.590694 0.029639 0.000000
vt  0.651434 0.077329 0.000000
vt  0.590694 0.029639 0.000000
vt  0.591207 0.077329 0.000000
vt  0.527832 0.056922 0.000000
vt  0.588863 0.056922 0.000000
vt  0.527812 0.075248 0.000000
vt  0.588863 0.056922 0.000000
vt  0.527812 0.075248 0.000000
vt  0.588863 0.056922 0.000000
vt  0.527812 0.075248 0.000000
vt  0.588863 0.056922 0.000000
vt  0.588842 0.075248 0.000000
vt  0.588863 0.056922 0.000000
vt  0.588842 0.075248 0.000000
vt  0.588863 0.056922 0.000000
vt  0.588842 0.075248 0.000000
vt  0.588863 0.056922 0.000000
vt  0.651049 0.075248 0.000000
vt  0.651070 0.056922 0.000000
vt  0.651049 0.075248 0.000000
vt  0.588863 0.056922 0.000000
vt  0.651049 0.075248 0.000000
vt  0.651070 0.056922 0.000000
vt  0.651049 0.075248 0.000000
vt  0.651070 0.056922 0.000000
vt  0.651049 0.075248 0.000000
vt  0.651070 0.056922 0.000000
vt  0.651049 0.075248 0.000000
vt  0.651070 0.056922 0.000000
vt  0.651049 0.075248 0.000000
vt  0.588863 0.056922 0.000000
vt  0.651049 0.075248 0.000000
vt  0.651070 0.056922 0.000000
vt  0.651049 0.075248 0.000000
vt  0.588863 0.056922 0.000000
vt  0.588842 0.075248 0.000000
vt  0.588863 0.056922 0.000000
vt  0.588842 0.075248 0.000000
vt  0.588863 0.056922 0.000000
vt  0.588842 0.075248 0.000000
vt  0.588863 0.056922 0.000000
vt  0.527812 0.075248 0.000000
vt  0.527832 0.056922 0.000000
vt  0.527812 0.075248 0.000000
vt  0.588863 0.056922 0.000000
vt  0.527812 0.075248 0.000000
vt  0.527832 0.056922 0.000000
vt  0.527812 0.075248 0.000000
vt  0.527832 0.056922 0.000000
vt  0.527812 0.075248 0.000000
vt  0.527832 0.056922 0.000000
vt  0.928375 0.645458 0.000000
vt  0.926382 0.632865 0.000000
vt  0.945017 0.667188 0.000000
vt  0.978932 0.648835 0.000000
vt  0.995209 0.626413 0.000000
vt  0.979018 0.643532 0.000000
vt  0.995209 0.626413 0.000000
vt  0.978932 0.648835 0.000000
vt  0.991933 0.642071 0.000000
vt  0.991933 0.642071 0.000000
vt  0.986506 0.599365 0.000000
vt  0.995209 0.626413 0.000000
vt  0.986506 0.599365 0.000000
vt  0.991933 0.642071 0.000000
vt  0.976368 0.664728 0.000000
vt  0.976368 0.664728 0.000000
vt  0.945017 0.667188 0.000000
vt  0.986506 0.599365 0.000000
vt  0.945017 0.667188 0.000000
vt  0.976368 0.664728 0.000000
vt  0.940117 0.753708 0.000000
vt  0.940117 0.753708 0.000000
vt  0.945017 0.667188 0.000000
vt  0.945017 0.667188 0.000000
vt  0.945017 0.667188 0.000000
vt  0.940117 0.753708 0.000000
vt  0.925931 0.753708 0.000000
vt  0.925931 0.753708 0.000000
vt  0.928375 0.645458 0.000000
vt  0.945017 0.667188 0.000000
vt  0.928375 0.645458 0.000000
vt  0.925931 0.753708 0.000000
vt  0.943779 0.753708 0.000000
vt  0.943779 0.753708 0.000000
vt  0.928375 0.645458 0.000000
vt  0.928375 0.645458 0.000000
vt  0.928375 0.645458 0.000000
vt  0.943779 0.753708 0.000000
vt  0.945510 0.651168 0.000000
vt  0.945510 0.651168 0.000000
vt  0.926382 0.632865 0.000000
vt  0.928375 0.645458 0.000000
vt  0.926382 0.632865 0.000000
vt  0.945510 0.651168 0.000000
vt  0.945381 0.646135 0.000000
vt  0.945381 0.646135 0.000000
vt  0.945058 0.633585 0.000000
vt  0.926382 0.632865 0.000000
vt  0.945058 0.633585 0.000000
vt  0.945381 0.646135 0.000000
vt  0.983130 0.631773 0.000000
vt  0.983130 0.631773 0.000000
vt  0.945170 0.511736 0.000000
vt  0.945058 0.633585 0.000000
vt  0.945170 0.511736 0.000000
vt  0.983130 0.631773 0.000000
vt  0.983130 0.631773 0.000000
vt  0.983130 0.631773 0.000000
vt  0.982723 0.511736 0.000000
vt  0.945170 0.511736 0.000000
vt  0.982723 0.511736 0.000000
vt  0.983130 0.631773 0.000000
vt  0.983130 0.631773 0.000000
vt  0.983130 0.631773 0.000000
vt  0.995716 0.511736 0.000000
vt  0.982723 0.511736 0.000000
vt  0.995716 0.511736 0.000000
vt  0.983130 0.631773 0.000000
vt  0.997823 0.598979 0.000000
vt  0.997823 0.598979 0.000000
vt  0.982362 0.511736 0.000000
vt  0.995716 0.511736 0.000000
vt  0.982362 0.511736 0.000000
vt  0.997823 0.598979 0.000000
vt  0.986506 0.599365 0.000000
vt  0.986506 0.599365 0.000000
vt  0.946626 0.511736 0.000000
vt  0.982362 0.511736 0.000000
vt  0.946626 0.511736 0.000000
vt  0.986506 0.599365 0.000000
vt  0.948830 0.603305 0.000000
vt  0.948830 0.603305 0.000000
vt  0.929560 0.511736 0.000000
vt  0.946626 0.511736 0.000000
vt  0.929560 0.511736 0.000000
vt  0.948830 0.603305 0.000000
vt  0.928934 0.599439 0.000000
vt  0.928934 0.599439 0.000000
vt  0.945058 0.633585 0.000000
vt  0.929560 0.511736 0.000000
vt  0.945058 0.633585 0.000000
vt  0.928934 0.599439 0.000000
vt  0.928934 0.599439 0.000000
vt  0.928934 0.599439 0.000000
vt  0.926382 0.632865 0.000000
vt  0.945058 0.633585 0.000000
vt  0.926382 0.632865 0.000000
vt  0.928934 0.599439 0.000000
vt  0.948830 0.603305 0.000000
vt  0.948830 0.603305 0.000000
vt  0.945017 0.667188 0.000000
vt  0.926382 0.632865 0.000000
vt  0.945017 0.667188 0.000000
vt  0.948830 0.603305 0.000000
vt  0.986506 0.599365 0.000000
vt  0.929560 0.511736 0.000000
vt  0.945058 0.633585 0.000000
vt  0.945170 0.511736 0.000000
vt  0.940117 0.753708 0.000000
vt  0.940117 0.753708 0.000000
vt  0.978558 0.753708 0.000000
vt  0.976368 0.664728 0.000000
vt  0.978558 0.753708 0.000000
vt  0.940117 0.753708 0.000000
vt  0.978558 0.753708 0.000000
vt  0.976368 0.664728 0.000000
vt  0.997884 0.753708 0.000000
vt  0.991933 0.642071 0.000000
vt  0.997884 0.753708 0.000000
vt  0.976368 0.664728 0.000000
vt  0.997884 0.753708 0.000000
vt  0.991933 0.642071 0.000000
vt  0.997884 0.753708 0.000000
vt  0.978932 0.648835 0.000000
vt  0.997884 0.753708 0.000000
vt  0.991933 0.642071 0.000000
vt  0.997884 0.753708 0.000000
vt  0.978932 0.648835 0.000000
vt  0.982647 0.753708 0.000000
vt  0.978932 0.648835 0.000000
vt  0.982647 0.753708 0.000000
vt  0.978932 0.648835 0.000000
vt  0.982647 0.753708 0.000000
vt  0.978932 0.648835 0.000000
vt  0.943779 0.753708 0.000000
vt  0.978932 0.648835 0.000000
vt  0.943779 0.753708 0.000000
vt  0.978932 0.648835 0.000000
vt  0.943779 0.753708 0.000000
vt  0.978932 0.648835 0.000000
vt  0.945510 0.651168 0.000000
vt  0.978932 0.648835 0.000000
vt  0.945510 0.651168 0.000000
vt  0.978932 0.648835 0.000000
vt  0.945510 0.651168 0.000000
vt  0.978932 0.648835 0.000000
vt  0.945381 0.646135 0.000000
vt  0.979018 0.643532 0.000000
vt  0.945381 0.646135 0.000000
vt  0.978932 0.648835 0.000000
vt  0.945381 0.646135 0.000000
vt  0.979018 0.643532 0.000000
vt  0.983130 0.631773 0.000000
vt  0.979018 0.643532 0.000000
vt  0.983130 0.631773 0.000000
vt  0.979018 0.643532 0.000000
vt  0.983130 0.631773 0.000000
vt  0.979018 0.643532 0.000000
vt  0.997823 0.598979 0.000000
vt  0.995209 0.626413 0.000000
vt  0.997823 0.598979 0.000000
vt  0.979018 0.643532 0.000000
vt  0.997823 0.598979 0.000000
vt  0.995209 0.626413 0.000000
vt  0.986506 0.599365 0.000000
vt  0.986207 0.454733 0.000000
vt  0.943281 0.431951 0.000000
vt  0.986207 0.431951 0.000000
vt  0.943281 0.431951 0.000000
vt  0.986207 0.454733 0.000000
vt  0.943281 0.454733 0.000000
vt  0.895825 0.430803 0.000000
vt  0.941497 0.443616 0.000000
vt  0.895825 0.443616 0.000000
vt  0.941497 0.443616 0.000000
vt  0.895825 0.430803 0.000000
vt  0.895825 0.430803 0.000000
vt  0.895825 0.430803 0.000000
vt  0.941497 0.430803 0.000000
vt  0.941497 0.443616 0.000000
vt  0.941497 0.430803 0.000000
vt  0.895825 0.430803 0.000000
vt  0.895825 0.443616 0.000000
vt  0.895825 0.443616 0.000000
vt  0.941497 0.443616 0.000000
vt  0.941497 0.430803 0.000000
vt  0.941497 0.443616 0.000000
vt  0.895825 0.443616 0.000000
vt  0.895825 0.455554 0.000000
vt  0.895825 0.455554 0.000000
vt  0.941497 0.455554 0.000000
vt  0.941497 0.443616 0.000000
vt  0.941497 0.455554 0.000000
vt  0.895825 0.455554 0.000000
vt  0.895825 0.443616 0.000000
vt  0.895825 0.443616 0.000000
vt  0.941497 0.443616 0.000000
vt  0.941497 0.455554 0.000000
vt  0.940796 0.900486 0.000000
vt  0.940796 0.900486 0.000000
vt  0.945337 0.918890 0.000000
vt  0.935417 0.918486 0.000000
vt  0.945337 0.918890 0.000000
vt  0.940796 0.900486 0.000000
vt  0.945337 0.918890 0.000000
vt  0.935417 0.918486 0.000000
vt  0.945337 0.940621 0.000000
vt  0.935417 0.940621 0.000000
vt  0.945337 0.940621 0.000000
vt  0.935417 0.918486 0.000000
vt  0.986207 0.431951 0.000000
vt  0.986207 0.454733 0.000000
vt  0.943281 0.431951 0.000000
vt  0.943281 0.454733 0.000000
vt  0.943281 0.431951 0.000000
vt  0.986207 0.454733 0.000000
vt  0.895825 0.443616 0.000000
vt  0.895825 0.430803 0.000000
vt  0.941497 0.443616 0.000000
vt  0.895825 0.430803 0.000000
vt  0.941497 0.443616 0.000000
vt  0.895825 0.430803 0.000000
vt  0.941497 0.443616 0.000000
vt  0.895825 0.430803 0.000000
vt  0.941497 0.430803 0.000000
vt  0.895825 0.443616 0.000000
vt  0.941497 0.430803 0.000000
vt  0.895825 0.430803 0.000000
vt  0.941497 0.430803 0.000000
vt  0.895825 0.443616 0.000000
vt  0.941497 0.443616 0.000000
vt  0.895825 0.455554 0.000000
vt  0.941497 0.443616 0.000000
vt  0.895825 0.443616 0.000000
vt  0.941497 0.443616 0.000000
vt  0.895825 0.455554 0.000000
vt  0.941497 0.455554 0.000000
vt  0.895825 0.443616 0.000000
vt  0.941497 0.455554 0.000000
vt  0.895825 0.455554 0.000000
vt  0.941497 0.455554 0.000000
vt  0.895825 0.443616 0.000000
vt  0.941497 0.443616 0.000000
vt  0.661341 0.789528 0.000000
vt  0.729425 0.776729 0.000000
vt  0.729425 0.789528 0.000000
vt  0.729425 0.776729 0.000000
vt  0.661341 0.789528 0.000000
vt  0.661341 0.789528 0.000000
vt  0.661341 0.789528 0.000000
vt  0.661341 0.776729 0.000000
vt  0.729425 0.776729 0.000000
vt  0.661341 0.776729 0.000000
vt  0.661341 0.789528 0.000000
vt  0.661341 0.789528 0.000000
vt  0.661341 0.789528 0.000000
vt  0.729425 0.776729 0.000000
vt  0.661341 0.776729 0.000000
vt  0.729425 0.776729 0.000000
vt  0.661341 0.789528 0.000000
vt  0.729425 0.789528 0.000000
vt  0.729425 0.789528 0.000000
vt  0.779072 0.776729 0.000000
vt  0.729425 0.776729 0.000000
vt  0.779072 0.789528 0.000000
vt  0.729425 0.789528 0.000000
vt  0.779072 0.776729 0.000000
vt  0.729425 0.776729 0.000000
vt  0.779072 0.776729 0.000000
vt  0.729425 0.789528 0.000000
vt  0.779072 0.776729 0.000000
vt  0.729425 0.776729 0.000000
vt  0.779072 0.776729 0.000000
vt  0.779072 0.770617 0.000000
vt  0.779072 0.776729 0.000000
vt  0.729425 0.776729 0.000000
vt  0.779072 0.776729 0.000000
vt  0.779072 0.770617 0.000000
vt  0.843954 0.770617 0.000000
vt  0.661341 0.770617 0.000000
vt  0.661341 0.756731 0.000000
vt  0.729425 0.756958 0.000000
vt  0.661341 0.756731 0.000000
vt  0.661341 0.770617 0.000000
vt  0.729425 0.770617 0.000000
vt  0.729425 0.770617 0.000000
vt  0.729425 0.756600 0.000000
vt  0.661341 0.756731 0.000000
vt  0.729425 0.756600 0.000000
vt  0.729425 0.770617 0.000000
vt  0.779072 0.770617 0.000000
vt  0.779072 0.770617 0.000000
vt  0.779072 0.756659 0.000000
vt  0.729425 0.756600 0.000000
vt  0.779072 0.756659 0.000000
vt  0.779072 0.770617 0.000000
vt  0.779072 0.770617 0.000000
vt  0.779072 0.770617 0.000000
vt  0.843954 0.756448 0.000000
vt  0.779072 0.756659 0.000000
vt  0.843954 0.756448 0.000000
vt  0.779072 0.770617 0.000000
vt  0.843954 0.770617 0.000000
vt  0.843954 0.770617 0.000000
vt  0.779072 0.756447 0.000000
vt  0.843954 0.756448 0.000000
vt  0.779072 0.756447 0.000000
vt  0.843954 0.770617 0.000000
vt  0.779072 0.770617 0.000000
vt  0.779072 0.770617 0.000000
vt  0.729425 0.770617 0.000000
vt  0.779072 0.756447 0.000000
vt  0.729425 0.770617 0.000000
vt  0.779072 0.770617 0.000000
vt  0.729425 0.776729 0.000000
vt  0.729425 0.776729 0.000000
vt  0.661341 0.770617 0.000000
vt  0.729425 0.770617 0.000000
vt  0.661341 0.770617 0.000000
vt  0.729425 0.776729 0.000000
vt  0.661341 0.776729 0.000000
vt  0.661341 0.776729 0.000000
vt  0.729425 0.770617 0.000000
vt  0.661341 0.770617 0.000000
vt  0.729425 0.770617 0.000000
vt  0.661341 0.776729 0.000000
vt  0.729425 0.776729 0.000000
vt  0.729425 0.776729 0.000000
vt  0.779072 0.770617 0.000000
vt  0.729425 0.770617 0.000000
vt  0.779072 0.770617 0.000000
vt  0.729425 0.776729 0.000000
vt  0.779072 0.776729 0.000000
vt  0.779072 0.776729 0.000000
vt  0.843954 0.770617 0.000000
vt  0.779072 0.770617 0.000000
vt  0.843954 0.770617 0.000000
vt  0.779072 0.776729 0.000000
vt  0.843954 0.776729 0.000000
vt  0.843954 0.776729 0.000000
vt  0.779072 0.776729 0.000000
vt  0.843954 0.770617 0.000000
vt  0.779072 0.776729 0.000000
vt  0.843954 0.776729 0.000000
vt  0.843954 0.789528 0.000000
vt  0.843954 0.789528 0.000000
vt  0.779072 0.789528 0.000000
vt  0.779072 0.776729 0.000000
vt  0.779072 0.789528 0.000000
vt  0.843954 0.789528 0.000000
vt  0.843954 0.791569 0.000000
vt  0.843954 0.791569 0.000000
vt  0.779072 0.789528 0.000000
vt  0.779072 0.789528 0.000000
vt  0.779072 0.789528 0.000000
vt  0.843954 0.791569 0.000000
vt  0.779072 0.791638 0.000000
vt  0.779072 0.791638 0.000000
vt  0.729425 0.789528 0.000000
vt  0.779072 0.789528 0.000000
vt  0.729425 0.789528 0.000000
vt  0.779072 0.791638 0.000000
vt  0.729425 0.791569 0.000000
vt  0.729425 0.791569 0.000000
vt  0.729425 0.789528 0.000000
vt  0.729425 0.789528 0.000000
vt  0.729425 0.789528 0.000000
vt  0.729425 0.791569 0.000000
vt  0.661341 0.791569 0.000000
vt  0.661341 0.791569 0.000000
vt  0.661341 0.789528 0.000000
vt  0.729425 0.789528 0.000000
vt  0.661341 0.789528 0.000000
vt  0.661341 0.791569 0.000000
vt  0.729425 0.791569 0.000000
vt  0.729425 0.791569 0.000000
vt  0.729425 0.789528 0.000000
vt  0.661341 0.789528 0.000000
vt  0.729425 0.789528 0.000000
vt  0.729425 0.791569 0.000000
vt  0.779072 0.789528 0.000000
vt  0.779072 0.789528 0.000000
vt  0.779072 0.776729 0.000000
vt  0.729425 0.789528 0.000000
vt  0.779072 0.776729 0.000000
vt  0.779072 0.789528 0.000000
vt  0.843954 0.789528 0.000000
vt  0.843954 0.789528 0.000000
vt  0.843954 0.776729 0.000000
vt  0.779072 0.776729 0.000000
vt  0.661341 0.770617 0.000000
vt  0.661341 0.770617 0.000000
vt  0.729425 0.770617 0.000000
vt  0.729425 0.756958 0.000000
vt  0.729425 0.770617 0.000000
vt  0.661341 0.770617 0.000000
vt  0.729425 0.770617 0.000000
vt  0.729425 0.756958 0.000000
vt  0.779072 0.756447 0.000000
vt  0.729425 0.791569 0.000000
vt  0.779072 0.789528 0.000000
vt  0.729425 0.791569 0.000000
vt  0.779072 0.789528 0.000000
vt  0.729425 0.791569 0.000000
vt  0.779072 0.791569 0.000000
vt  0.779072 0.791569 0.000000
vt  0.843954 0.789528 0.000000
vt  0.779072 0.789528 0.000000
vt  0.843954 0.789528 0.000000
vt  0.779072 0.791569 0.000000
vt  0.843954 0.791569 0.000000
vt  0.328240 0.195806 0.000000
vt  0.267357 0.195362 0.000000
vt  0.328240 0.195806 0.000000
vt  0.267357 0.195362 0.000000
vt  0.328240 0.195806 0.000000
vt  0.187049 0.195102 0.000000
vt  0.187049 0.195102 0.000000
vt  0.220148 0.196439 0.000000
vt  0.267357 0.195362 0.000000
vt  0.220148 0.196439 0.000000
vt  0.187049 0.195102 0.000000
vt  0.108293 0.195688 0.000000
vt  0.108293 0.195688 0.000000
vt  0.103080 0.196400 0.000000
vt  0.220148 0.196439 0.000000
vt  0.103080 0.196400 0.000000
vt  0.108293 0.195688 0.000000
vt  0.108293 0.195688 0.000000
vt  0.108293 0.195688 0.000000
vt  0.053090 0.194971 0.000000
vt  0.103080 0.196400 0.000000
vt  0.053090 0.194971 0.000000
vt  0.108293 0.195688 0.000000
vt  0.041726 0.195789 0.000000
vt  0.294987 0.197539 0.000000
vt  0.434662 0.194988 0.000000
vt  0.328240 0.195806 0.000000
vt  0.328240 0.195806 0.000000
vt  0.328240 0.195806 0.000000
vt  0.294987 0.197539 0.000000
vt  0.267357 0.195362 0.000000
vt  0.294987 0.197539 0.000000
vt  0.328240 0.195806 0.000000
vt  0.294987 0.197539 0.000000
vt  0.267357 0.195362 0.000000
vt  0.268199 0.138424 0.000000
vt  0.220148 0.196439 0.000000
vt  0.268199 0.138424 0.000000
vt  0.267357 0.195362 0.000000
vt  0.268199 0.138424 0.000000
vt  0.220148 0.196439 0.000000
vt  0.199660 0.138424 0.000000
vt  0.103080 0.196400 0.000000
vt  0.199660 0.138424 0.000000
vt  0.220148 0.196439 0.000000
vt  0.199660 0.138424 0.000000
vt  0.103080 0.196400 0.000000
vt  0.097422 0.138424 0.000000
vt  0.103080 0.196400 0.000000
vt  0.097422 0.138424 0.000000
vt  0.103080 0.196400 0.000000
vt  0.097422 0.138424 0.000000
vt  0.103080 0.196400 0.000000
vt  0.042493 0.138424 0.000000
vt  0.053090 0.194971 0.000000
vt  0.042493 0.138424 0.000000
vt  0.103080 0.196400 0.000000
vt  0.042493 0.138424 0.000000
vt  0.053090 0.194971 0.000000
vt  0.002225 0.195398 0.000000
vt  0.041726 0.195789 0.000000
vt  0.002225 0.195398 0.000000
vt  0.053090 0.194971 0.000000
vt  0.002225 0.195398 0.000000
vt  0.041726 0.195789 0.000000
vt  0.002225 0.195398 0.000000
vt  0.448649 0.195511 0.000000
vt  0.002225 0.195398 0.000000
vt  0.041726 0.195789 0.000000
vt  0.002225 0.195398 0.000000
vt  0.448649 0.195511 0.000000
vt  0.465654 0.195826 0.000000
vt  0.434662 0.194988 0.000000
vt  0.465654 0.195826 0.000000
vt  0.448649 0.195511 0.000000
vt  0.465654 0.195826 0.000000
vt  0.434662 0.194988 0.000000
vt  0.416996 0.196996 0.000000
vt  0.294987 0.197539 0.000000
vt  0.416996 0.196996 0.000000
vt  0.434662 0.194988 0.000000
vt  0.416996 0.196996 0.000000
vt  0.294987 0.197539 0.000000
vt  0.333977 0.138424 0.000000
vt  0.268199 0.138424 0.000000
vt  0.333977 0.138424 0.000000
vt  0.294987 0.197539 0.000000
vt  0.002225 0.138424 0.000000
vt  0.042493 0.138424 0.000000
vt  0.002225 0.195398 0.000000
vt  0.520458 0.195398 0.000000
vt  0.473736 0.138424 0.000000
vt  0.520458 0.138424 0.000000
vt  0.473736 0.138424 0.000000
vt  0.520458 0.195398 0.000000
vt  0.465654 0.195826 0.000000
vt  0.465654 0.195826 0.000000
vt  0.473736 0.138424 0.000000
vt  0.473736 0.138424 0.000000
vt  0.473736 0.138424 0.000000
vt  0.465654 0.195826 0.000000
vt  0.416996 0.196996 0.000000
vt  0.416996 0.196996 0.000000
vt  0.423870 0.138424 0.000000
vt  0.473736 0.138424 0.000000
vt  0.423870 0.138424 0.000000
vt  0.416996 0.196996 0.000000
vt  0.416996 0.196996 0.000000
vt  0.416996 0.196996 0.000000
vt  0.333977 0.138424 0.000000
vt  0.423870 0.138424 0.000000
vt  0.986207 0.431951 0.000000
vt  0.986207 0.454733 0.000000
vt  0.943281 0.431951 0.000000
vt  0.943281 0.454733 0.000000
vt  0.943281 0.431951 0.000000
vt  0.986207 0.454733 0.000000
vt  0.895825 0.443616 0.000000
vt  0.895825 0.430803 0.000000
vt  0.941497 0.443616 0.000000
vt  0.895825 0.430803 0.000000
vt  0.941497 0.443616 0.000000
vt  0.895825 0.430803 0.000000
vt  0.941497 0.443616 0.000000
vt  0.895825 0.430803 0.000000
vt  0.941497 0.430803 0.000000
vt  0.895825 0.443616 0.000000
vt  0.941497 0.430803 0.000000
vt  0.895825 0.430803 0.000000
vt  0.941497 0.430803 0.000000
vt  0.895825 0.443616 0.000000
vt  0.941497 0.443616 0.000000
vt  0.895825 0.455554 0.000000
vt  0.941497 0.443616 0.000000
vt  0.895825 0.443616 0.000000
vt  0.941497 0.443616 0.000000
vt  0.895825 0.455554 0.000000
vt  0.941497 0.455554 0.000000
vt  0.895825 0.443616 0.000000
vt  0.941497 0.455554 0.000000
vt  0.895825 0.455554 0.000000
vt  0.941497 0.455554 0.000000
vt  0.895825 0.443616 0.000000
vt  0.941497 0.443616 0.000000
vt  0.700534 0.693318 0.000000
vt  0.725726 0.693314 0.000000
vt  0.700534 0.693318 0.000000
vt  0.725726 0.693314 0.000000
vt  0.700534 0.693318 0.000000
vt  0.725171 0.669975 0.000000
vt  0.725171 0.669975 0.000000
vt  0.767823 0.682332 0.000000
vt  0.725726 0.693314 0.000000
vt  0.767823 0.682332 0.000000
vt  0.725171 0.669975 0.000000
vt  0.725812 0.649817 0.000000
vt  0.725812 0.649817 0.000000
vt  0.762172 0.647940 0.000000
vt  0.767823 0.682332 0.000000
vt  0.762172 0.647940 0.000000
vt  0.725812 0.649817 0.000000
vt  0.725812 0.649817 0.000000
vt  0.725812 0.649817 0.000000
vt  0.762951 0.630902 0.000000
vt  0.762172 0.647940 0.000000
vt  0.762951 0.630902 0.000000
vt  0.725812 0.649817 0.000000
vt  0.726538 0.630902 0.000000
vt  0.763962 0.709262 0.000000
vt  0.725726 0.693314 0.000000
vt  0.767823 0.682332 0.000000
vt  0.719333 0.751306 0.000000
vt  0.725726 0.748009 0.000000
vt  0.738127 0.751306 0.000000
vt  0.763962 0.748608 0.000000
vt  0.738127 0.751306 0.000000
vt  0.725726 0.748009 0.000000
vt  0.738127 0.751306 0.000000
vt  0.763962 0.748608 0.000000
vt  0.763962 0.751306 0.000000
vt  0.763962 0.748608 0.000000
vt  0.763962 0.751306 0.000000
vt  0.763962 0.748608 0.000000
vt  0.763962 0.751306 0.000000
vt  0.763962 0.748608 0.000000
vt  0.804515 0.751306 0.000000
vt  0.804515 0.743625 0.000000
vt  0.804515 0.751306 0.000000
vt  0.763962 0.748608 0.000000
vt  0.804515 0.751306 0.000000
vt  0.804515 0.743625 0.000000
vt  0.846481 0.751306 0.000000
vt  0.804515 0.743625 0.000000
vt  0.846481 0.751306 0.000000
vt  0.804515 0.743625 0.000000
vt  0.846481 0.751306 0.000000
vt  0.804515 0.743625 0.000000
vt  0.846481 0.739987 0.000000
vt  0.804515 0.709290 0.000000
vt  0.846481 0.739987 0.000000
vt  0.804515 0.743625 0.000000
vt  0.846481 0.739987 0.000000
vt  0.804515 0.709290 0.000000
vt  0.846481 0.693438 0.000000
vt  0.791907 0.682989 0.000000
vt  0.846481 0.693438 0.000000
vt  0.804515 0.709290 0.000000
vt  0.846481 0.693438 0.000000
vt  0.791907 0.682989 0.000000
vt  0.846481 0.686955 0.000000
vt  0.791907 0.682989 0.000000
vt  0.846481 0.686955 0.000000
vt  0.791907 0.682989 0.000000
vt  0.846481 0.686955 0.000000
vt  0.791907 0.682989 0.000000
vt  0.846481 0.667594 0.000000
vt  0.804425 0.648400 0.000000
vt  0.846481 0.667594 0.000000
vt  0.791907 0.682989 0.000000
vt  0.846481 0.667594 0.000000
vt  0.804425 0.648400 0.000000
vt  0.846481 0.630902 0.000000
vt  0.805222 0.630902 0.000000
vt  0.846481 0.630902 0.000000
vt  0.804425 0.648400 0.000000
vt  0.846481 0.630902 0.000000
vt  0.805222 0.630902 0.000000
vt  0.801415 0.623837 0.000000
vt  0.767743 0.623551 0.000000
vt  0.801415 0.623837 0.000000
vt  0.805222 0.630902 0.000000
vt  0.801415 0.623837 0.000000
vt  0.767743 0.623551 0.000000
vt  0.774716 0.602612 0.000000
vt  0.767743 0.623551 0.000000
vt  0.774716 0.602612 0.000000
vt  0.767743 0.623551 0.000000
vt  0.774716 0.602612 0.000000
vt  0.767743 0.623551 0.000000
vt  0.726750 0.602612 0.000000
vt  0.726613 0.623742 0.000000
vt  0.726750 0.602612 0.000000
vt  0.767743 0.623551 0.000000
vt  0.726750 0.602612 0.000000
vt  0.726613 0.623742 0.000000
vt  0.700395 0.602612 0.000000
vt  0.701461 0.624226 0.000000
vt  0.700395 0.602612 0.000000
vt  0.726613 0.623742 0.000000
vt  0.700395 0.602612 0.000000
vt  0.701461 0.624226 0.000000
vt  0.671281 0.602612 0.000000
vt  0.668591 0.624351 0.000000
vt  0.671281 0.602612 0.000000
vt  0.701461 0.624226 0.000000
vt  0.671281 0.602612 0.000000
vt  0.668591 0.624351 0.000000
vt  0.629782 0.623199 0.000000
vt  0.670895 0.639880 0.000000
vt  0.629782 0.623199 0.000000
vt  0.668591 0.624351 0.000000
vt  0.629782 0.623199 0.000000
vt  0.670895 0.639880 0.000000
vt  0.629735 0.624071 0.000000
vt  0.670895 0.639880 0.000000
vt  0.629735 0.624071 0.000000
vt  0.670895 0.639880 0.000000
vt  0.629735 0.624071 0.000000
vt  0.670895 0.639880 0.000000
vt  0.629025 0.650615 0.000000
vt  0.670394 0.653260 0.000000
vt  0.629025 0.650615 0.000000
vt  0.670895 0.639880 0.000000
vt  0.629025 0.650615 0.000000
vt  0.670394 0.653260 0.000000
vt  0.628444 0.669976 0.000000
vt  0.668798 0.655515 0.000000
vt  0.628444 0.669976 0.000000
vt  0.670394 0.653260 0.000000
vt  0.628444 0.669976 0.000000
vt  0.668798 0.655515 0.000000
vt  0.664616 0.693322 0.000000
vt  0.682575 0.693320 0.000000
vt  0.664616 0.693322 0.000000
vt  0.668798 0.655515 0.000000
vt  0.664616 0.693322 0.000000
vt  0.682575 0.693320 0.000000
vt  0.681071 0.743530 0.000000
vt  0.700534 0.693318 0.000000
vt  0.681071 0.743530 0.000000
vt  0.682575 0.693320 0.000000
vt  0.681071 0.743530 0.000000
vt  0.700534 0.693318 0.000000
vt  0.700534 0.748009 0.000000
vt  0.725726 0.693314 0.000000
vt  0.700534 0.748009 0.000000
vt  0.700534 0.693318 0.000000
vt  0.700534 0.748009 0.000000
vt  0.725726 0.693314 0.000000
vt  0.725726 0.748009 0.000000
vt  0.725726 0.693314 0.000000
vt  0.725726 0.748009 0.000000
vt  0.725726 0.693314 0.000000
vt  0.725726 0.748009 0.000000
vt  0.725726 0.693314 0.000000
vt  0.763962 0.748608 0.000000
vt  0.763962 0.709262 0.000000
vt  0.763962 0.748608 0.000000
vt  0.725726 0.693314 0.000000
vt  0.763962 0.748608 0.000000
vt  0.763962 0.709262 0.000000
vt  0.804515 0.743625 0.000000
vt  0.763962 0.709262 0.000000
vt  0.804515 0.743625 0.000000
vt  0.763962 0.709262 0.000000
vt  0.804515 0.743625 0.000000
vt  0.763962 0.709262 0.000000
vt  0.804515 0.709290 0.000000
vt  0.767823 0.682332 0.000000
vt  0.804515 0.709290 0.000000
vt  0.763962 0.709262 0.000000
vt  0.804515 0.709290 0.000000
vt  0.767823 0.682332 0.000000
vt  0.791907 0.682989 0.000000
vt  0.767823 0.682332 0.000000
vt  0.791907 0.682989 0.000000
vt  0.767823 0.682332 0.000000
vt  0.791907 0.682989 0.000000
vt  0.767823 0.682332 0.000000
vt  0.804425 0.648400 0.000000
vt  0.762172 0.647940 0.000000
vt  0.804425 0.648400 0.000000
vt  0.767823 0.682332 0.000000
vt  0.804425 0.648400 0.000000
vt  0.762172 0.647940 0.000000
vt  0.805222 0.630902 0.000000
vt  0.762951 0.630902 0.000000
vt  0.805222 0.630902 0.000000
vt  0.762172 0.647940 0.000000
vt  0.805222 0.630902 0.000000
vt  0.762951 0.630902 0.000000
vt  0.767743 0.623551 0.000000
vt  0.762951 0.630902 0.000000
vt  0.767743 0.623551 0.000000
vt  0.762951 0.630902 0.000000
vt  0.767743 0.623551 0.000000
vt  0.762951 0.630902 0.000000
vt  0.726613 0.623742 0.000000
vt  0.726538 0.630902 0.000000
vt  0.726613 0.623742 0.000000
vt  0.762951 0.630902 0.000000
vt  0.726613 0.623742 0.000000
vt  0.726538 0.630902 0.000000
vt  0.698416 0.639594 0.000000
vt  0.725812 0.649817 0.000000
vt  0.698416 0.639594 0.000000
vt  0.726538 0.630902 0.000000
vt  0.698416 0.639594 0.000000
vt  0.725812 0.649817 0.000000
vt  0.695365 0.652022 0.000000
vt  0.725171 0.669975 0.000000
vt  0.695365 0.652022 0.000000
vt  0.725812 0.649817 0.000000
vt  0.695365 0.652022 0.000000
vt  0.725171 0.669975 0.000000
vt  0.696968 0.655514 0.000000
vt  0.700534 0.693318 0.000000
vt  0.696968 0.655514 0.000000
vt  0.725171 0.669975 0.000000
vt  0.696968 0.655514 0.000000
vt  0.700534 0.693318 0.000000
vt  0.696968 0.655514 0.000000
vt  0.682575 0.693320 0.000000
vt  0.696968 0.655514 0.000000
vt  0.700534 0.693318 0.000000
vt  0.696968 0.655514 0.000000
vt  0.682575 0.693320 0.000000
vt  0.682883 0.660189 0.000000
vt  0.668798 0.655515 0.000000
vt  0.682883 0.660189 0.000000
vt  0.682575 0.693320 0.000000
vt  0.682883 0.660189 0.000000
vt  0.668798 0.655515 0.000000
vt  0.682883 0.660189 0.000000
vt  0.670394 0.653260 0.000000
vt  0.682883 0.660189 0.000000
vt  0.668798 0.655515 0.000000
vt  0.682883 0.660189 0.000000
vt  0.670394 0.653260 0.000000
vt  0.684526 0.648054 0.000000
vt  0.670895 0.639880 0.000000
vt  0.684526 0.648054 0.000000
vt  0.670394 0.653260 0.000000
vt  0.684526 0.648054 0.000000
vt  0.670895 0.639880 0.000000
vt  0.698416 0.639594 0.000000
vt  0.668591 0.624351 0.000000
vt  0.698416 0.639594 0.000000
vt  0.670895 0.639880 0.000000
vt  0.698416 0.639594 0.000000
vt  0.668591 0.624351 0.000000
vt  0.698416 0.639594 0.000000
vt  0.701461 0.624226 0.000000
vt  0.698416 0.639594 0.000000
vt  0.668591 0.624351 0.000000
vt  0.698416 0.639594 0.000000
vt  0.701461 0.624226 0.000000
vt  0.726613 0.623742 0.000000
vt  0.695365 0.652022 0.000000
vt  0.684526 0.648054 0.000000
vt  0.698416 0.639594 0.000000
vt  0.684526 0.648054 0.000000
vt  0.695365 0.652022 0.000000
vt  0.695365 0.652022 0.000000
vt  0.695365 0.652022 0.000000
vt  0.682883 0.660189 0.000000
vt  0.684526 0.648054 0.000000
vt  0.682883 0.660189 0.000000
vt  0.695365 0.652022 0.000000
vt  0.696968 0.655514 0.000000
vt  0.629946 0.602612 0.000000
vt  0.671281 0.602612 0.000000
vt  0.629782 0.623199 0.000000
vt  0.681071 0.743530 0.000000
vt  0.664616 0.739987 0.000000
vt  0.664616 0.693322 0.000000
vt  0.719333 0.751306 0.000000
vt  0.700534 0.748009 0.000000
vt  0.725726 0.748009 0.000000
vt  0.700534 0.748009 0.000000
vt  0.719333 0.751306 0.000000
vt  0.700534 0.751306 0.000000
vt  0.700534 0.751306 0.000000
vt  0.681071 0.743530 0.000000
vt  0.700534 0.748009 0.000000
vt  0.681071 0.743530 0.000000
vt  0.700534 0.751306 0.000000
vt  0.664616 0.751306 0.000000
vt  0.664616 0.751306 0.000000
vt  0.664616 0.739987 0.000000
vt  0.681071 0.743530 0.000000
vt  0.664616 0.739987 0.000000
vt  0.664616 0.751306 0.000000
vt  0.628231 0.751306 0.000000
vt  0.628231 0.751306 0.000000
vt  0.664616 0.739987 0.000000
vt  0.664616 0.739987 0.000000
vt  0.664616 0.739987 0.000000
vt  0.628231 0.751306 0.000000
vt  0.628231 0.739987 0.000000
vt  0.628231 0.739987 0.000000
vt  0.664616 0.739987 0.000000
vt  0.664616 0.739987 0.000000
vt  0.664616 0.739987 0.000000
vt  0.628231 0.739987 0.000000
vt  0.628231 0.693308 0.000000
vt  0.628231 0.693308 0.000000
vt  0.664616 0.693322 0.000000
vt  0.664616 0.739987 0.000000
vt  0.664616 0.693322 0.000000
vt  0.628231 0.693308 0.000000
vt  0.628444 0.669976 0.000000
vt  0.801415 0.623837 0.000000
vt  0.846481 0.624277 0.000000
vt  0.846481 0.630902 0.000000
vt  0.846481 0.624277 0.000000
vt  0.801415 0.623837 0.000000
vt  0.801415 0.623837 0.000000
vt  0.801415 0.623837 0.000000
vt  0.846481 0.602612 0.000000
vt  0.846481 0.624277 0.000000
vt  0.846481 0.602612 0.000000
vt  0.801415 0.623837 0.000000
vt  0.801415 0.623837 0.000000
vt  0.801415 0.623837 0.000000
vt  0.793974 0.602612 0.000000
vt  0.846481 0.602612 0.000000
vt  0.793974 0.602612 0.000000
vt  0.801415 0.623837 0.000000
vt  0.774716 0.602612 0.000000
vt  0.986207 0.454733 0.000000
vt  0.943281 0.431951 0.000000
vt  0.986207 0.431951 0.000000
vt  0.943281 0.431951 0.000000
vt  0.986207 0.454733 0.000000
vt  0.943281 0.454733 0.000000
vt  0.895825 0.430803 0.000000
vt  0.941497 0.443616 0.000000
vt  0.895825 0.443616 0.000000
vt  0.941497 0.443616 0.000000
vt  0.895825 0.430803 0.000000
vt  0.895825 0.430803 0.000000
vt  0.895825 0.430803 0.000000
vt  0.941497 0.430803 0.000000
vt  0.941497 0.443616 0.000000
vt  0.941497 0.430803 0.000000
vt  0.895825 0.430803 0.000000
vt  0.895825 0.443616 0.000000
vt  0.895825 0.443616 0.000000
vt  0.941497 0.443616 0.000000
vt  0.941497 0.430803 0.000000
vt  0.941497 0.443616 0.000000
vt  0.895825 0.443616 0.000000
vt  0.895825 0.455554 0.000000
vt  0.895825 0.455554 0.000000
vt  0.941497 0.455554 0.000000
vt  0.941497 0.443616 0.000000
vt  0.941497 0.455554 0.000000
vt  0.895825 0.455554 0.000000
vt  0.895825 0.443616 0.000000
vt  0.895825 0.443616 0.000000
vt  0.941497 0.443616 0.000000
vt  0.941497 0.455554 0.000000
vt  0.783968 0.960205 0.000000
vt  0.783968 0.960205 0.000000
vt  0.682506 0.964979 0.000000
vt  0.783968 0.955116 0.000000
vt  0.682506 0.964979 0.000000
vt  0.783968 0.960205 0.000000
vt  0.682506 0.964979 0.000000
vt  0.783968 0.955116 0.000000
vt  0.682506 0.957363 0.000000
vt  0.783968 0.946208 0.000000
vt  0.682506 0.957363 0.000000
vt  0.783968 0.955116 0.000000
vt  0.682506 0.957363 0.000000
vt  0.783968 0.946208 0.000000
vt  0.682506 0.946444 0.000000
vt  0.722664 0.939657 0.000000
vt  0.682506 0.946444 0.000000
vt  0.783968 0.946208 0.000000
vt  0.986207 0.431951 0.000000
vt  0.986207 0.454733 0.000000
vt  0.943281 0.431951 0.000000
vt  0.943281 0.454733 0.000000
vt  0.943281 0.431951 0.000000
vt  0.986207 0.454733 0.000000
vt  0.895825 0.443616 0.000000
vt  0.895825 0.430803 0.000000
vt  0.941497 0.443616 0.000000
vt  0.895825 0.430803 0.000000
vt  0.941497 0.443616 0.000000
vt  0.895825 0.430803 0.000000
vt  0.941497 0.443616 0.000000
vt  0.895825 0.430803 0.000000
vt  0.941497 0.430803 0.000000
vt  0.895825 0.443616 0.000000
vt  0.941497 0.430803 0.000000
vt  0.895825 0.430803 0.000000
vt  0.941497 0.430803 0.000000
vt  0.895825 0.443616 0.000000
vt  0.941497 0.443616 0.000000
vt  0.895825 0.443616 0.000000
vt  0.941497 0.443616 0.000000
vt  0.895825 0.443616 0.000000
vt  0.941497 0.443616 0.000000
vt  0.895825 0.443616 0.000000
vt  0.941497 0.455554 0.000000
vt  0.895825 0.455554 0.000000
vt  0.941497 0.455554 0.000000
vt  0.895825 0.443616 0.000000
vt  0.941497 0.455554 0.000000
vt  0.895825 0.455554 0.000000
vt  0.941497 0.443616 0.000000
vt  0.895825 0.443616 0.000000
vt  0.941497 0.443616 0.000000
vt  0.895825 0.455554 0.000000
vt  0.986207 0.431951 0.000000
vt  0.986207 0.454733 0.000000
vt  0.943281 0.431951 0.000000
vt  0.943281 0.454733 0.000000
vt  0.943281 0.431951 0.000000
vt  0.986207 0.454733 0.000000
vt  0.895825 0.443616 0.000000
vt  0.895825 0.430803 0.000000
vt  0.941497 0.443616 0.000000
vt  0.895825 0.430803 0.000000
vt  0.941497 0.443616 0.000000
vt  0.895825 0.430803 0.000000
vt  0.941497 0.443616 0.000000
vt  0.895825 0.430803 0.000000
vt  0.941497 0.430803 0.000000
vt  0.895825 0.443616 0.000000
vt  0.941497 0.430803 0.000000
vt  0.895825 0.430803 0.000000
vt  0.941497 0.430803 0.000000
vt  0.895825 0.443616 0.000000
vt  0.941497 0.443616 0.000000
vt  0.895825 0.443616 0.000000
vt  0.941497 0.443616 0.000000
vt  0.895825 0.443616 0.000000
vt  0.941497 0.443616 0.000000
vt  0.895825 0.443616 0.000000
vt  0.941497 0.455554 0.000000
vt  0.895825 0.455554 0.000000
vt  0.941497 0.455554 0.000000
vt  0.895825 0.443616 0.000000
vt  0.941497 0.455554 0.000000
vt  0.895825 0.455554 0.000000
vt  0.941497 0.455554 0.000000
vt  0.895825 0.443616 0.000000
vt  0.941497 0.455554 0.000000
vt  0.895825 0.455554 0.000000
vt  0.941497 0.455554 0.000000
vt  0.895825 0.443616 0.000000
vt  0.941497 0.443616 0.000000
vt  0.796249 0.846587 0.000000
vt  0.683750 0.846610 0.000000
vt  0.796249 0.846587 0.000000
vt  0.683750 0.846610 0.000000
vt  0.796249 0.846587 0.000000
vt  0.796252 0.844374 0.000000
vt  0.796252 0.844374 0.000000
vt  0.683808 0.842631 0.000000
vt  0.683750 0.846610 0.000000
vt  0.683808 0.842631 0.000000
vt  0.796252 0.844374 0.000000
vt  0.796252 0.844374 0.000000
vt  0.796252 0.844374 0.000000
vt  0.683871 0.838257 0.000000
vt  0.683808 0.842631 0.000000
vt  0.683871 0.838257 0.000000
vt  0.796252 0.844374 0.000000
vt  0.796259 0.839762 0.000000
vt  0.796259 0.839762 0.000000
vt  0.683990 0.830076 0.000000
vt  0.683871 0.838257 0.000000
vt  0.683990 0.830076 0.000000
vt  0.796259 0.839762 0.000000
vt  0.796274 0.830179 0.000000
vt  0.796274 0.830179 0.000000
vt  0.685429 0.824703 0.000000
vt  0.683990 0.830076 0.000000
vt  0.685429 0.824703 0.000000
vt  0.796274 0.830179 0.000000
vt  0.797738 0.825031 0.000000
vt  0.797738 0.825031 0.000000
vt  0.745465 0.800716 0.000000
vt  0.685429 0.824703 0.000000
vt  0.796249 0.832299 0.000000
vt  0.796249 0.832299 0.000000
vt  0.683750 0.832316 0.000000
vt  0.796260 0.826932 0.000000
vt  0.683750 0.832316 0.000000
vt  0.796249 0.832299 0.000000
vt  0.683750 0.832316 0.000000
vt  0.796260 0.826932 0.000000
vt  0.683854 0.826901 0.000000
vt  0.796260 0.826932 0.000000
vt  0.683854 0.826901 0.000000
vt  0.796260 0.826932 0.000000
vt  0.683854 0.826901 0.000000
vt  0.796260 0.826932 0.000000
vt  0.683990 0.819803 0.000000
vt  0.796274 0.819881 0.000000
vt  0.683990 0.819803 0.000000
vt  0.796260 0.826932 0.000000
vt  0.683990 0.819803 0.000000
vt  0.796274 0.819881 0.000000
vt  0.685429 0.812380 0.000000
vt  0.797738 0.812708 0.000000
vt  0.685429 0.812380 0.000000
vt  0.796274 0.819881 0.000000
vt  0.685429 0.812380 0.000000
vt  0.797738 0.812708 0.000000
vt  0.745465 0.800716 0.000000
vt  0.757176 0.959307 0.000000
vt  0.757176 0.951811 0.000000
vt  0.757176 0.959307 0.000000
vt  0.757176 0.951811 0.000000
vt  0.757176 0.959307 0.000000
vt  0.686038 0.951811 0.000000
vt  0.686038 0.951811 0.000000
vt  0.686038 0.931596 0.000000
vt  0.757176 0.951811 0.000000
vt  0.686038 0.931596 0.000000
vt  0.686038 0.951811 0.000000
vt  0.686038 0.951811 0.000000
vt  0.686038 0.951811 0.000000
vt  0.757176 0.931254 0.000000
vt  0.686038 0.931596 0.000000
vt  0.757176 0.931254 0.000000
vt  0.686038 0.951811 0.000000
vt  0.757176 0.951811 0.000000
vt  0.757176 0.951811 0.000000
vt  0.686038 0.943199 0.000000
vt  0.757176 0.931254 0.000000
vt  0.686038 0.943199 0.000000
vt  0.757176 0.951811 0.000000
vt  0.686038 0.951811 0.000000
vt  0.686038 0.951811 0.000000
vt  0.757176 0.938592 0.000000
vt  0.686038 0.943199 0.000000
vt  0.757176 0.938592 0.000000
vt  0.686038 0.951811 0.000000
vt  0.757176 0.951811 0.000000
vt  0.686038 0.927837 0.000000
vt  0.686038 0.943199 0.000000
vt  0.757176 0.938592 0.000000
vt  0.686038 0.943199 0.000000
vt  0.686038 0.943199 0.000000
vt  0.757176 0.931254 0.000000
vt  0.686038 0.927837 0.000000
vt  0.757176 0.931254 0.000000
vt  0.686038 0.943199 0.000000
vt  0.757176 0.931254 0.000000
vt  0.686038 0.927837 0.000000
vt  0.686038 0.931596 0.000000
vt  0.757176 0.932765 0.000000
vt  0.686038 0.931596 0.000000
vt  0.686038 0.927837 0.000000
vt  0.686038 0.931596 0.000000
vt  0.757176 0.932765 0.000000
vt  0.757176 0.951811 0.000000
vt  0.686038 0.951811 0.000000
vt  0.757176 0.951811 0.000000
vt  0.757176 0.932765 0.000000
vt  0.757176 0.951811 0.000000
vt  0.686038 0.951811 0.000000
vt  0.757176 0.959307 0.000000
vt  0.686038 0.964442 0.000000
vt  0.757176 0.959307 0.000000
vt  0.686038 0.951811 0.000000
vt  0.757176 0.959307 0.000000
vt  0.686038 0.964442 0.000000
vt  0.757176 0.959307 0.000000
vt  0.757176 0.964442 0.000000
vt  0.757176 0.959307 0.000000
vt  0.686038 0.964442 0.000000
vt  0.757176 0.959307 0.000000
vt  0.757176 0.964442 0.000000
vt  0.686038 0.951811 0.000000
vt  0.686038 0.959307 0.000000
vt  0.686038 0.951811 0.000000
vt  0.757176 0.964442 0.000000
vt  0.686038 0.951811 0.000000
vt  0.686038 0.959307 0.000000
vt  0.757176 0.951811 0.000000
vt  0.686038 0.964442 0.000000
vt  0.757176 0.951811 0.000000
vt  0.686038 0.959307 0.000000
vt  0.757176 0.951811 0.000000
vt  0.686038 0.964442 0.000000
vt  0.757176 0.951811 0.000000
vt  0.757176 0.964442 0.000000
vt  0.757176 0.951811 0.000000
vt  0.686038 0.964442 0.000000
vt  0.757176 0.951811 0.000000
vt  0.757176 0.964442 0.000000
vt  0.686038 0.951811 0.000000
vt  0.686038 0.964442 0.000000
vt  0.686038 0.951811 0.000000
vt  0.757176 0.964442 0.000000
vt  0.686038 0.951811 0.000000
vt  0.686038 0.964442 0.000000
vt  0.757176 0.951811 0.000000
vt  0.757176 0.964442 0.000000
vt  0.757176 0.951811 0.000000
vt  0.686038 0.964442 0.000000
vt  0.686038 0.959307 0.000000
vt  0.757176 0.964442 0.000000
vt  0.686038 0.964442 0.000000
vt  0.757176 0.932765 0.000000
vt  0.686038 0.938592 0.000000
vt  0.686038 0.951811 0.000000
vt  0.686038 0.938592 0.000000
vt  0.757176 0.932765 0.000000
vt  0.686038 0.927837 0.000000
vt  0.686038 0.949841 0.000000
vt  0.766097 0.926035 0.000000
vt  0.686038 0.949841 0.000000
vt  0.766097 0.926035 0.000000
vt  0.686038 0.949841 0.000000
vt  0.686038 0.929920 0.000000
vt  0.686038 0.929920 0.000000
vt  0.686038 0.914078 0.000000
vt  0.766097 0.926035 0.000000
vt  0.766097 0.967407 0.000000
vt  0.766097 0.967407 0.000000
vt  0.766097 0.949841 0.000000
vt  0.686038 0.967407 0.000000
vt  0.766097 0.949841 0.000000
vt  0.766097 0.967407 0.000000
vt  0.766097 0.949841 0.000000
vt  0.686038 0.967407 0.000000
vt  0.686038 0.949841 0.000000
vt  0.766097 0.967407 0.000000
vt  0.686038 0.949841 0.000000
vt  0.686038 0.967407 0.000000
vt  0.686038 0.949841 0.000000
vt  0.766097 0.967407 0.000000
vt  0.686038 0.949841 0.000000
vt  0.766097 0.949841 0.000000
vt  0.686038 0.949841 0.000000
vt  0.766097 0.967407 0.000000
vt  0.686038 0.949841 0.000000
vt  0.766097 0.949841 0.000000
vt  0.686038 0.934268 0.000000
vt  0.766097 0.929920 0.000000
vt  0.686038 0.934268 0.000000
vt  0.766097 0.949841 0.000000
vt  0.686038 0.934268 0.000000
vt  0.766097 0.929920 0.000000
vt  0.686038 0.914078 0.000000
vt  0.686038 0.926035 0.000000
vt  0.686038 0.914078 0.000000
vt  0.766097 0.929920 0.000000
vt  0.686038 0.914078 0.000000
vt  0.686038 0.926035 0.000000
vt  0.766097 0.926035 0.000000
vt  0.766097 0.949841 0.000000
vt  0.766097 0.926035 0.000000
vt  0.686038 0.926035 0.000000
vt  0.766097 0.926035 0.000000
vt  0.766097 0.949841 0.000000
vt  0.686038 0.949841 0.000000
vt  0.686038 0.967407 0.000000
vt  0.686038 0.949841 0.000000
vt  0.766097 0.949841 0.000000
vt  0.766097 0.949841 0.000000
vt  0.686038 0.949841 0.000000
vt  0.766097 0.929920 0.000000
vt  0.686038 0.934268 0.000000
vt  0.766097 0.929920 0.000000
vt  0.686038 0.949841 0.000000
vt  0.766097 0.929920 0.000000
vt  0.686038 0.934268 0.000000
vt  0.686038 0.914078 0.000000
vt  0.686038 0.967407 0.000000
vt  0.766097 0.949841 0.000000
vt  0.766097 0.967407 0.000000
vt  0.766097 0.949841 0.000000
vt  0.686038 0.967407 0.000000
vt  0.686038 0.949841 0.000000
vt  0.686038 0.949841 0.000000
vt  0.766097 0.929920 0.000000
vt  0.766097 0.949841 0.000000
vt  0.766097 0.929920 0.000000
vt  0.686038 0.949841 0.000000
vt  0.686038 0.949841 0.000000
vt  0.686038 0.949841 0.000000
vt  0.686038 0.926035 0.000000
vt  0.766097 0.929920 0.000000
vt  0.686038 0.926035 0.000000
vt  0.686038 0.949841 0.000000
vt  0.686038 0.949841 0.000000
vt  0.686038 0.949841 0.000000
vt  0.766097 0.949841 0.000000
vt  0.686038 0.926035 0.000000
vt  0.766097 0.949841 0.000000
vt  0.686038 0.949841 0.000000
vt  0.766097 0.967407 0.000000
vt  0.766097 0.967407 0.000000
vt  0.686038 0.967407 0.000000
vt  0.766097 0.949841 0.000000
vt  0.766097 0.967407 0.000000
vt  0.686038 0.949841 0.000000
vt  0.686038 0.967407 0.000000
vt  0.775483 0.926285 0.000000
vt  0.681133 0.853172 0.000000
vt  0.775483 0.926285 0.000000
vt  0.681133 0.853172 0.000000
vt  0.775483 0.926285 0.000000
vt  0.775483 0.865775 0.000000
vt  0.775483 0.865775 0.000000
vt  0.681133 0.820786 0.000000
vt  0.681133 0.853172 0.000000
vt  0.681133 0.820786 0.000000
vt  0.775483 0.865775 0.000000
vt  0.775483 0.843902 0.000000
vt  0.775483 0.843902 0.000000
vt  0.713820 0.814009 0.000000
vt  0.681133 0.820786 0.000000
vt  0.713820 0.814009 0.000000
vt  0.775483 0.843902 0.000000
vt  0.775483 0.822029 0.000000
vt  0.775483 0.822029 0.000000
vt  0.741504 0.808269 0.000000
vt  0.713820 0.814009 0.000000
vt  0.681133 0.853172 0.000000
vt  0.681133 0.853172 0.000000
vt  0.775483 0.926285 0.000000
vt  0.681133 0.930658 0.000000
vt  0.775483 0.926285 0.000000
vt  0.681133 0.853172 0.000000
vt  0.775483 0.926285 0.000000
vt  0.681133 0.930658 0.000000
vt  0.775483 0.970815 0.000000
vt  0.681133 0.974002 0.000000
vt  0.775483 0.970815 0.000000
vt  0.681133 0.930658 0.000000
vt  0.775483 0.970815 0.000000
vt  0.681133 0.974002 0.000000
vt  0.775483 0.970815 0.000000
vt  0.681133 0.996005 0.000000
vt  0.775483 0.970815 0.000000
vt  0.681133 0.974002 0.000000
vt  0.775483 0.970815 0.000000
vt  0.681133 0.996005 0.000000
vt  0.775483 0.970815 0.000000
vt  0.775483 0.995593 0.000000
vt  0.775483 0.970815 0.000000
vt  0.681133 0.996005 0.000000
vt  0.775483 0.970815 0.000000
vt  0.775483 0.995593 0.000000
vt  0.775483 0.970815 0.000000
vt  0.655246 0.996520 0.000000
vt  0.775483 0.970815 0.000000
vt  0.775483 0.995593 0.000000
vt  0.775483 0.970815 0.000000
vt  0.655246 0.996520 0.000000
vt  0.775483 0.970815 0.000000
vt  0.655246 0.970670 0.000000
vt  0.775483 0.970815 0.000000
vt  0.655246 0.996520 0.000000
vt  0.775483 0.970815 0.000000
vt  0.655246 0.970670 0.000000
vt  0.775483 0.926285 0.000000
vt  0.655246 0.931200 0.000000
vt  0.775483 0.926285 0.000000
vt  0.655246 0.970670 0.000000
vt  0.775483 0.926285 0.000000
vt  0.655246 0.931200 0.000000
vt  0.775483 0.926285 0.000000
vt  0.655246 0.853627 0.000000
vt  0.775483 0.926285 0.000000
vt  0.655246 0.931200 0.000000
vt  0.775483 0.926285 0.000000
vt  0.655246 0.853627 0.000000
vt  0.775483 0.865775 0.000000
vt  0.655246 0.839957 0.000000
vt  0.775483 0.865775 0.000000
vt  0.655246 0.853627 0.000000
vt  0.775483 0.865775 0.000000
vt  0.655246 0.839957 0.000000
vt  0.775483 0.843902 0.000000
vt  0.655246 0.821710 0.000000
vt  0.775483 0.843902 0.000000
vt  0.655246 0.839957 0.000000
vt  0.775483 0.843902 0.000000
vt  0.655246 0.821710 0.000000
vt  0.775483 0.822029 0.000000
vt  0.764533 0.810287 0.000000
vt  0.775483 0.822029 0.000000
vt  0.655246 0.821710 0.000000
vt  0.775483 0.822029 0.000000
vt  0.764533 0.810287 0.000000
vt  0.741504 0.808269 0.000000
vt  0.730003 0.801017 0.000000
vt  0.741504 0.808269 0.000000
vt  0.764533 0.810287 0.000000
vt  0.718240 0.808039 0.000000
vt  0.764533 0.810287 0.000000
vt  0.699369 0.812134 0.000000
vt  0.655246 0.821710 0.000000
vt  0.699369 0.812134 0.000000
vt  0.764533 0.810287 0.000000
vt  0.986207 0.431951 0.000000
vt  0.986207 0.454733 0.000000
vt  0.943281 0.431951 0.000000
vt  0.943281 0.454733 0.000000
vt  0.943281 0.431951 0.000000
vt  0.986207 0.454733 0.000000
vt  0.895825 0.443616 0.000000
vt  0.895825 0.430803 0.000000
vt  0.941497 0.443616 0.000000
vt  0.895825 0.430803 0.000000
vt  0.941497 0.443616 0.000000
vt  0.895825 0.430803 0.000000
vt  0.941497 0.443616 0.000000
vt  0.895825 0.430803 0.000000
vt  0.941497 0.430803 0.000000
vt  0.895825 0.443616 0.000000
vt  0.941497 0.430803 0.000000
vt  0.895825 0.430803 0.000000
vt  0.941497 0.430803 0.000000
vt  0.895825 0.443616 0.000000
vt  0.941497 0.443616 0.000000
vt  0.895825 0.455554 0.000000
vt  0.941497 0.443616 0.000000
vt  0.895825 0.443616 0.000000
vt  0.941497 0.443616 0.000000
vt  0.895825 0.455554 0.000000
vt  0.941497 0.455554 0.000000
vt  0.895825 0.443616 0.000000
vt  0.941497 0.455554 0.000000
vt  0.895825 0.455554 0.000000
vt  0.941497 0.455554 0.000000
vt  0.895825 0.443616 0.000000
vt  0.941497 0.443616 0.000000
vt  0.777478 0.820786 0.000000
vt  0.745371 0.829426 0.000000
vt  0.777478 0.820786 0.000000
vt  0.745371 0.829426 0.000000
vt  0.777478 0.820786 0.000000
vt  0.777478 0.853172 0.000000
vt  0.777478 0.853172 0.000000
vt  0.739600 0.853400 0.000000
vt  0.745371 0.829426 0.000000
vt  0.739600 0.853400 0.000000
vt  0.777478 0.853172 0.000000
vt  0.777478 0.930658 0.000000
vt  0.777478 0.930658 0.000000
vt  0.739600 0.930929 0.000000
vt  0.739600 0.853400 0.000000
vt  0.739600 0.930929 0.000000
vt  0.777478 0.930658 0.000000
vt  0.777478 0.974002 0.000000
vt  0.777478 0.974002 0.000000
vt  0.732880 0.972145 0.000000
vt  0.739600 0.930929 0.000000
vt  0.732880 0.972145 0.000000
vt  0.777478 0.974002 0.000000
vt  0.777478 0.996005 0.000000
vt  0.777478 0.996005 0.000000
vt  0.743132 0.996247 0.000000
vt  0.732880 0.972145 0.000000
vt  0.798231 0.805468 0.000000
vt  0.798231 0.805468 0.000000
vt  0.679616 0.805862 0.000000
vt  0.781063 0.807554 0.000000
vt  0.679616 0.805862 0.000000
vt  0.798231 0.805468 0.000000
vt  0.679616 0.805862 0.000000
vt  0.781063 0.807554 0.000000
vt  0.680082 0.808632 0.000000
vt  0.779253 0.808180 0.000000
vt  0.680082 0.808632 0.000000
vt  0.781063 0.807554 0.000000
vt  0.680082 0.808632 0.000000
vt  0.779253 0.808180 0.000000
vt  0.680193 0.809294 0.000000
vt  0.781689 0.809465 0.000000
vt  0.680193 0.809294 0.000000
vt  0.779253 0.808180 0.000000
vt  0.680193 0.809294 0.000000
vt  0.781689 0.809465 0.000000
vt  0.680378 0.810394 0.000000
vt  0.784634 0.810647 0.000000
vt  0.680378 0.810394 0.000000
vt  0.781689 0.809465 0.000000
vt  0.680378 0.810394 0.000000
vt  0.784634 0.810647 0.000000
vt  0.680675 0.810764 0.000000
vt  0.787212 0.881167 0.000000
vt  0.680675 0.810764 0.000000
vt  0.784634 0.810647 0.000000
vt  0.680675 0.810764 0.000000
vt  0.787212 0.881167 0.000000
vt  0.681378 0.881167 0.000000
vt  0.788276 0.983568 0.000000
vt  0.681378 0.881167 0.000000
vt  0.787212 0.881167 0.000000
vt  0.681378 0.881167 0.000000
vt  0.788276 0.983568 0.000000
vt  0.681912 0.977445 0.000000
vt  0.787930 0.984190 0.000000
vt  0.681912 0.977445 0.000000
vt  0.788276 0.983568 0.000000
vt  0.681912 0.977445 0.000000
vt  0.787930 0.984190 0.000000
vt  0.682111 0.981571 0.000000
vt  0.787627 0.984734 0.000000
vt  0.682111 0.981571 0.000000
vt  0.787930 0.984190 0.000000
vt  0.682111 0.981571 0.000000
vt  0.787627 0.984734 0.000000
vt  0.682261 0.984684 0.000000
vt  0.787369 0.989950 0.000000
vt  0.682261 0.984684 0.000000
vt  0.787627 0.984734 0.000000
vt  0.682261 0.984684 0.000000
vt  0.787369 0.989950 0.000000
vt  0.681626 0.990332 0.000000
vt  0.681805 0.996454 0.000000
vt  0.681626 0.990332 0.000000
vt  0.787369 0.989950 0.000000
vt  0.681626 0.990332 0.000000
vt  0.681805 0.996454 0.000000
vt  0.681626 0.990332 0.000000
vt  0.786023 0.996809 0.000000
vt  0.681626 0.990332 0.000000
vt  0.681805 0.996454 0.000000
vt  0.681626 0.990332 0.000000
vt  0.786023 0.996809 0.000000
vt  0.681626 0.990332 0.000000
vt  0.787833 0.989122 0.000000
vt  0.681626 0.990332 0.000000
vt  0.786023 0.996809 0.000000
vt  0.681626 0.990332 0.000000
vt  0.787833 0.989122 0.000000
vt  0.681626 0.990332 0.000000
vt  0.784818 0.984431 0.000000
vt  0.681626 0.990332 0.000000
vt  0.787833 0.989122 0.000000
vt  0.681626 0.990332 0.000000
vt  0.784818 0.984431 0.000000
vt  0.682261 0.984684 0.000000
vt  0.784969 0.983580 0.000000
vt  0.682261 0.984684 0.000000
vt  0.784818 0.984431 0.000000
vt  0.682261 0.984684 0.000000
vt  0.784969 0.983580 0.000000
vt  0.682111 0.981571 0.000000
vt  0.778462 0.982095 0.000000
vt  0.682111 0.981571 0.000000
vt  0.784969 0.983580 0.000000
vt  0.682111 0.981571 0.000000
vt  0.778462 0.982095 0.000000
vt  0.681912 0.977445 0.000000
vt  0.777614 0.881167 0.000000
vt  0.681912 0.977445 0.000000
vt  0.778462 0.982095 0.000000
vt  0.681912 0.977445 0.000000
vt  0.777614 0.881167 0.000000
vt  0.681378 0.881167 0.000000
vt  0.769630 0.810595 0.000000
vt  0.681378 0.881167 0.000000
vt  0.777614 0.881167 0.000000
vt  0.681378 0.881167 0.000000
vt  0.769630 0.810595 0.000000
vt  0.680675 0.810764 0.000000
vt  0.774016 0.808305 0.000000
vt  0.680675 0.810764 0.000000
vt  0.769630 0.810595 0.000000
vt  0.680675 0.810764 0.000000
vt  0.774016 0.808305 0.000000
vt  0.680378 0.810394 0.000000
vt  0.777552 0.805952 0.000000
vt  0.680378 0.810394 0.000000
vt  0.774016 0.808305 0.000000
vt  0.680378 0.810394 0.000000
vt  0.777552 0.805952 0.000000
vt  0.680193 0.809294 0.000000
vt  0.786545 0.804562 0.000000
vt  0.680193 0.809294 0.000000
vt  0.777552 0.805952 0.000000
vt  0.680193 0.809294 0.000000
vt  0.786545 0.804562 0.000000
vt  0.680082 0.808632 0.000000
vt  0.798231 0.803759 0.000000
vt  0.680082 0.808632 0.000000
vt  0.786545 0.804562 0.000000
vt  0.680082 0.808632 0.000000
vt  0.798231 0.803759 0.000000
vt  0.679616 0.805862 0.000000
vt  0.681805 0.996454 0.000000
vt  0.787369 0.989950 0.000000
vt  0.786911 0.995806 0.000000
vt  0.986207 0.431951 0.000000
vt  0.986207 0.454734 0.000000
vt  0.943281 0.431951 0.000000
vt  0.943281 0.454734 0.000000
vt  0.943281 0.431951 0.000000
vt  0.986207 0.454734 0.000000
vt  0.895825 0.443616 0.000000
vt  0.895825 0.430803 0.000000
vt  0.941497 0.443616 0.000000
vt  0.895825 0.430803 0.000000
vt  0.941497 0.443616 0.000000
vt  0.895825 0.430803 0.000000
vt  0.941497 0.443616 0.000000
vt  0.895825 0.430803 0.000000
vt  0.941497 0.430803 0.000000
vt  0.895825 0.430803 0.000000
vt  0.941497 0.430803 0.000000
vt  0.895825 0.430803 0.000000
vt  0.941497 0.430803 0.000000
vt  0.895825 0.430803 0.000000
vt  0.941497 0.443616 0.000000
vt  0.895825 0.443616 0.000000
vt  0.941497 0.443616 0.000000
vt  0.895825 0.430803 0.000000
vt  0.941497 0.443616 0.000000
vt  0.895825 0.443616 0.000000
vt  0.941497 0.455554 0.000000
vt  0.895825 0.455554 0.000000
vt  0.941497 0.455554 0.000000
vt  0.895825 0.443616 0.000000
vt  0.941497 0.455554 0.000000
vt  0.895825 0.455554 0.000000
vt  0.941497 0.455554 0.000000
vt  0.895825 0.443616 0.000000
vt  0.941497 0.455554 0.000000
vt  0.895825 0.455554 0.000000
vt  0.941497 0.455554 0.000000
vt  0.895825 0.443616 0.000000
vt  0.941497 0.443616 0.000000
vt  0.607710 0.096127 0.000000
vt  0.607710 0.087213 0.000000
vt  0.607710 0.096127 0.000000
vt  0.607710 0.087213 0.000000
vt  0.607710 0.096127 0.000000
vt  0.607710 0.091670 0.000000
vt  0.607710 0.091670 0.000000
vt  0.607709 0.082755 0.000000
vt  0.607710 0.087213 0.000000
vt  0.607709 0.082755 0.000000
vt  0.607710 0.091670 0.000000
vt  0.607710 0.091670 0.000000
vt  0.607710 0.091670 0.000000
vt  0.607710 0.087213 0.000000
vt  0.607709 0.082755 0.000000
vt  0.607710 0.087213 0.000000
vt  0.607710 0.091670 0.000000
vt  0.607710 0.091670 0.000000
vt  0.607710 0.091670 0.000000
vt  0.607710 0.096127 0.000000
vt  0.607710 0.087213 0.000000
vt  0.607710 0.096127 0.000000
vt  0.607710 0.091670 0.000000
vt  0.607710 0.091670 0.000000
vt  0.607710 0.091670 0.000000
vt  0.607710 0.100584 0.000000
vt  0.607710 0.096127 0.000000
vt  0.607710 0.100584 0.000000
vt  0.607710 0.091670 0.000000
vt  0.607710 0.096127 0.000000
vt  0.538015 0.096127 0.000000
vt  0.607710 0.096127 0.000000
vt  0.607710 0.087213 0.000000
vt  0.607710 0.096127 0.000000
vt  0.538015 0.096127 0.000000
vt  0.538015 0.100584 0.000000
vt  0.538015 0.100584 0.000000
vt  0.607710 0.100584 0.000000
vt  0.607710 0.096127 0.000000
vt  0.607710 0.100584 0.000000
vt  0.538015 0.100584 0.000000
vt  0.538015 0.096127 0.000000
vt  0.538015 0.096127 0.000000
vt  0.607710 0.096127 0.000000
vt  0.607710 0.100584 0.000000
vt  0.607710 0.096127 0.000000
vt  0.538015 0.096127 0.000000
vt  0.538015 0.087213 0.000000
vt  0.538015 0.087213 0.000000
vt  0.607710 0.087213 0.000000
vt  0.607710 0.096127 0.000000
vt  0.607710 0.087213 0.000000
vt  0.538015 0.087213 0.000000
vt  0.538015 0.082755 0.000000
vt  0.538015 0.082755 0.000000
vt  0.607709 0.082755 0.000000
vt  0.607710 0.087213 0.000000
vt  0.607709 0.082755 0.000000
vt  0.538015 0.082755 0.000000
vt  0.538015 0.087213 0.000000
vt  0.538015 0.087213 0.000000
vt  0.607710 0.087213 0.000000
vt  0.607709 0.082755 0.000000
vt  0.607710 0.087213 0.000000
vt  0.538015 0.087213 0.000000
vt  0.538015 0.087213 0.000000
vt  0.538015 0.087213 0.000000
vt  0.538015 0.096127 0.000000
vt  0.607710 0.087213 0.000000
vt  0.538015 0.096127 0.000000
vt  0.538015 0.087213 0.000000
vt  0.538015 0.091670 0.000000
vt  0.538015 0.091670 0.000000
vt  0.538015 0.100584 0.000000
vt  0.538015 0.096127 0.000000
vt  0.538015 0.100584 0.000000
vt  0.538015 0.091670 0.000000
vt  0.538015 0.091670 0.000000
vt  0.538015 0.091670 0.000000
vt  0.538015 0.096127 0.000000
vt  0.538015 0.100584 0.000000
vt  0.538015 0.096127 0.000000
vt  0.538015 0.091670 0.000000
vt  0.538015 0.091670 0.000000
vt  0.538015 0.091670 0.000000
vt  0.538015 0.087213 0.000000
vt  0.538015 0.096127 0.000000
vt  0.538015 0.087213 0.000000
vt  0.538015 0.091670 0.000000
vt  0.538015 0.091670 0.000000
vt  0.538015 0.091670 0.000000
vt  0.538015 0.082755 0.000000
vt  0.538015 0.087213 0.000000
vt  0.538015 0.082755 0.000000
vt  0.538015 0.091670 0.000000
vt  0.538015 0.087213 0.000000
vt  0.873340 0.450812 0.000000
vt  0.916158 0.428581 0.000000
vt  0.916158 0.450812 0.000000
vt  0.916158 0.428581 0.000000
vt  0.873340 0.450812 0.000000
vt  0.873340 0.428581 0.000000
vt  0.911662 0.370622 0.000000
vt  0.894234 0.427658 0.000000
vt  0.894234 0.370622 0.000000
vt  0.894234 0.427658 0.000000
vt  0.911662 0.370622 0.000000
vt  0.911662 0.370622 0.000000
vt  0.911662 0.370622 0.000000
vt  0.911662 0.427658 0.000000
vt  0.894234 0.427658 0.000000
vt  0.911662 0.427658 0.000000
vt  0.911662 0.370622 0.000000
vt  0.894234 0.370622 0.000000
vt  0.894234 0.370622 0.000000
vt  0.894234 0.427658 0.000000
vt  0.911662 0.427658 0.000000
vt  0.894234 0.427658 0.000000
vt  0.894234 0.370622 0.000000
vt  0.876807 0.370622 0.000000
vt  0.876807 0.370622 0.000000
vt  0.876807 0.427658 0.000000
vt  0.894234 0.427658 0.000000
vt  0.876807 0.427658 0.000000
vt  0.876807 0.370622 0.000000
vt  0.894234 0.370622 0.000000
vt  0.894234 0.370622 0.000000
vt  0.894234 0.427658 0.000000
vt  0.876807 0.427658 0.000000
vt  0.621996 0.754710 0.000000
vt  0.621996 0.754710 0.000000
vt  0.652552 0.773968 0.000000
vt  0.652813 0.773968 0.000000
vt  0.652552 0.773968 0.000000
vt  0.621996 0.754710 0.000000
vt  0.652552 0.773968 0.000000
vt  0.652813 0.773968 0.000000
vt  0.621996 0.815818 0.000000
vt  0.611180 0.773793 0.000000
vt  0.621996 0.754710 0.000000
vt  0.602141 0.761661 0.000000
vt  0.621996 0.815818 0.000000
vt  0.611180 0.773793 0.000000
vt  0.605425 0.782817 0.000000
vt  0.602141 0.761661 0.000000
vt  0.605425 0.782817 0.000000
vt  0.611180 0.773793 0.000000
vt  0.605425 0.782817 0.000000
vt  0.602141 0.761661 0.000000
vt  0.630417 0.762565 0.000000
vt  0.621996 0.754710 0.000000
vt  0.630417 0.762565 0.000000
vt  0.602141 0.761661 0.000000
vt  0.630417 0.762565 0.000000
vt  0.621996 0.754710 0.000000
vt  0.634756 0.762740 0.000000
vt  0.652552 0.773968 0.000000
vt  0.634756 0.762740 0.000000
vt  0.621996 0.754710 0.000000
vt  0.634756 0.762740 0.000000
vt  0.652552 0.773968 0.000000
vt  0.631045 0.785013 0.000000
vt  0.621996 0.815818 0.000000
vt  0.631045 0.785013 0.000000
vt  0.652552 0.773968 0.000000
vt  0.631045 0.785013 0.000000
vt  0.621996 0.815818 0.000000
vt  0.631045 0.785013 0.000000
vt  0.605425 0.782817 0.000000
vt  0.631045 0.785013 0.000000
vt  0.621996 0.815818 0.000000
vt  0.631045 0.785013 0.000000
vt  0.605425 0.782817 0.000000
vt  0.631045 0.785013 0.000000
vt  0.630417 0.762565 0.000000
vt  0.631045 0.785013 0.000000
vt  0.605425 0.782817 0.000000
vt  0.631045 0.785013 0.000000
vt  0.630417 0.762565 0.000000
vt  0.634756 0.762740 0.000000
vt  0.635715 0.819141 0.000000
vt  0.500903 0.817763 0.000000
vt  0.635715 0.819141 0.000000
vt  0.500903 0.817763 0.000000
vt  0.635715 0.819141 0.000000
vt  0.635715 0.902746 0.000000
vt  0.635715 0.902746 0.000000
vt  0.503934 0.869368 0.000000
vt  0.500903 0.817763 0.000000
vt  0.503934 0.869368 0.000000
vt  0.635715 0.902746 0.000000
vt  0.635715 0.902868 0.000000
vt  0.635715 0.902868 0.000000
vt  0.503934 0.869368 0.000000
vt  0.503934 0.869368 0.000000
vt  0.503934 0.869368 0.000000
vt  0.635715 0.902868 0.000000
vt  0.635715 0.902746 0.000000
vt  0.635715 0.902746 0.000000
vt  0.500903 0.817763 0.000000
vt  0.503934 0.869368 0.000000
vt  0.500903 0.817763 0.000000
vt  0.635715 0.902746 0.000000
vt  0.635715 0.819141 0.000000
vt  0.448649 0.195511 0.000000
vt  0.465654 0.195826 0.000000
vt  0.434662 0.194988 0.000000
vt  0.465654 0.195826 0.000000
vt  0.448649 0.195511 0.000000
vt  0.002225 0.195398 0.000000
vt  0.041726 0.195789 0.000000
vt  0.002225 0.195398 0.000000
vt  0.448649 0.195511 0.000000
vt  0.002225 0.195398 0.000000
vt  0.041726 0.195789 0.000000
vt  0.053090 0.194971 0.000000
vt  0.108293 0.195688 0.000000
vt  0.053090 0.194971 0.000000
vt  0.041726 0.195789 0.000000
vt  0.053090 0.194971 0.000000
vt  0.108293 0.195688 0.000000
vt  0.103080 0.196400 0.000000
vt  0.220148 0.196439 0.000000
vt  0.103080 0.196400 0.000000
vt  0.108293 0.195688 0.000000
vt  0.103080 0.196400 0.000000
vt  0.220148 0.196439 0.000000
vt  0.199660 0.138424 0.000000
vt  0.220148 0.196439 0.000000
vt  0.199660 0.138424 0.000000
vt  0.220148 0.196439 0.000000
vt  0.199660 0.138424 0.000000
vt  0.220148 0.196439 0.000000
vt  0.268199 0.138424 0.000000
vt  0.267357 0.195362 0.000000
vt  0.268199 0.138424 0.000000
vt  0.220148 0.196439 0.000000
vt  0.268199 0.138424 0.000000
vt  0.267357 0.195362 0.000000
vt  0.294987 0.197539 0.000000
vt  0.328240 0.195806 0.000000
vt  0.294987 0.197539 0.000000
vt  0.267357 0.195362 0.000000
vt  0.294987 0.197539 0.000000
vt  0.328240 0.195806 0.000000
vt  0.294987 0.197539 0.000000
vt  0.434662 0.194988 0.000000
vt  0.294987 0.197539 0.000000
vt  0.328240 0.195806 0.000000
vt  0.294987 0.197539 0.000000
vt  0.434662 0.194988 0.000000
vt  0.416996 0.196996 0.000000
vt  0.465654 0.195826 0.000000
vt  0.416996 0.196996 0.000000
vt  0.434662 0.194988 0.000000
vt  0.416996 0.196996 0.000000
vt  0.465654 0.195826 0.000000
vt  0.473736 0.138424 0.000000
vt  0.520458 0.195398 0.000000
vt  0.473736 0.138424 0.000000
vt  0.465654 0.195826 0.000000
vt  0.473736 0.138424 0.000000
vt  0.520458 0.195398 0.000000
vt  0.520458 0.138424 0.000000
vt  0.267357 0.195362 0.000000
vt  0.187049 0.195102 0.000000
vt  0.328240 0.195806 0.000000
vt  0.187049 0.195102 0.000000
vt  0.267357 0.195362 0.000000
vt  0.220148 0.196439 0.000000
vt  0.220148 0.196439 0.000000
vt  0.187049 0.195102 0.000000
vt  0.187049 0.195102 0.000000
vt  0.187049 0.195102 0.000000
vt  0.220148 0.196439 0.000000
vt  0.108293 0.195688 0.000000
vt  0.268199 0.138424 0.000000
vt  0.333977 0.138424 0.000000
vt  0.268199 0.138424 0.000000
vt  0.333977 0.138424 0.000000
vt  0.268199 0.138424 0.000000
vt  0.294987 0.197539 0.000000
vt  0.294987 0.197539 0.000000
vt  0.333977 0.138424 0.000000
vt  0.333977 0.138424 0.000000
vt  0.333977 0.138424 0.000000
vt  0.294987 0.197539 0.000000
vt  0.416996 0.196996 0.000000
vt  0.416996 0.196996 0.000000
vt  0.423870 0.138424 0.000000
vt  0.333977 0.138424 0.000000
vt  0.423870 0.138424 0.000000
vt  0.416996 0.196996 0.000000
vt  0.473736 0.138424 0.000000
vt  0.002225 0.195398 0.000000
vt  0.042493 0.138424 0.000000
vt  0.002225 0.138424 0.000000
vt  0.042493 0.138424 0.000000
vt  0.002225 0.195398 0.000000
vt  0.053090 0.194971 0.000000
vt  0.053090 0.194971 0.000000
vt  0.042493 0.138424 0.000000
vt  0.042493 0.138424 0.000000
vt  0.042493 0.138424 0.000000
vt  0.053090 0.194971 0.000000
vt  0.103080 0.196400 0.000000
vt  0.103080 0.196400 0.000000
vt  0.097422 0.138424 0.000000
vt  0.042493 0.138424 0.000000
vt  0.097422 0.138424 0.000000
vt  0.103080 0.196400 0.000000
vt  0.199660 0.138424 0.000000
vt  0.500334 0.954233 0.000000
vt  0.500334 0.865098 0.000000
vt  0.500334 0.954233 0.000000
vt  0.500334 0.865098 0.000000
vt  0.500334 0.954233 0.000000
vt  0.636067 0.990903 0.000000
vt  0.636067 0.990903 0.000000
vt  0.636067 0.819775 0.000000
vt  0.500334 0.865098 0.000000
vt  0.862398 0.025073 0.000000
vt  0.862398 0.025073 0.000000
vt  0.862445 0.055459 0.000000
vt  0.925913 0.025163 0.000000
vt  0.862445 0.055459 0.000000
vt  0.862398 0.025073 0.000000
vt  0.862445 0.055459 0.000000
vt  0.925913 0.025163 0.000000
vt  0.982510 0.055458 0.000000
vt  0.977786 0.026247 0.000000
vt  0.982510 0.055458 0.000000
vt  0.925913 0.025163 0.000000
vt  0.196660 0.004006 0.000000
vt  0.136835 0.004006 0.000000
vt  0.137319 0.004006 0.000000
vt  0.196660 0.004006 0.000000
vt  0.243202 0.004006 0.000000
vt  0.258114 0.004006 0.000000
vt  0.243202 0.004006 0.000000
vt  0.196660 0.004006 0.000000
vt  0.137319 0.004006 0.000000
vt  0.137319 0.004006 0.000000
vt  0.252713 0.004006 0.000000
vt  0.243202 0.004006 0.000000
vt  0.252713 0.004006 0.000000
vt  0.137319 0.004006 0.000000
vt  0.137804 0.004006 0.000000
vt  0.137804 0.004006 0.000000
vt  0.269549 0.004006 0.000000
vt  0.252713 0.004006 0.000000
vt  0.269549 0.004006 0.000000
vt  0.137804 0.004006 0.000000
vt  0.137804 0.004006 0.000000
vt  0.137804 0.004006 0.000000
vt  0.310808 0.004006 0.000000
vt  0.269549 0.004006 0.000000
vt  0.310808 0.004006 0.000000
vt  0.137804 0.004006 0.000000
vt  0.137804 0.004006 0.000000
vt  0.137804 0.004006 0.000000
vt  0.218619 0.004006 0.000000
vt  0.310808 0.004006 0.000000
vt  0.218619 0.004006 0.000000
vt  0.137804 0.004006 0.000000
vt  0.137804 0.004006 0.000000
vt  0.137804 0.004006 0.000000
vt  0.188984 0.004006 0.000000
vt  0.218619 0.004006 0.000000
vt  0.188984 0.004006 0.000000
vt  0.137804 0.004006 0.000000
vt  0.137804 0.004006 0.000000
vt  0.137804 0.004006 0.000000
vt  0.160976 0.004006 0.000000
vt  0.188984 0.004006 0.000000
vt  0.160976 0.004006 0.000000
vt  0.137804 0.004006 0.000000
vt  0.115511 0.004006 0.000000
vt  0.935417 0.940621 0.000000
vt  0.945337 0.940621 0.000000
vt  0.935417 0.940621 0.000000
vt  0.945337 0.940621 0.000000
vt  0.935417 0.940621 0.000000
vt  0.935417 0.918486 0.000000
vt  0.935417 0.918486 0.000000
vt  0.945337 0.918890 0.000000
vt  0.945337 0.940621 0.000000
vt  0.945337 0.918890 0.000000
vt  0.935417 0.918486 0.000000
vt  0.935417 0.918486 0.000000
vt  0.935417 0.918486 0.000000
vt  0.940796 0.900486 0.000000
vt  0.945337 0.918890 0.000000
vt  0.930857 0.999105 0.000000
vt  0.930857 0.999105 0.000000
vt  0.997988 0.997836 0.000000
vt  0.930857 0.997836 0.000000
vt  0.997988 0.997836 0.000000
vt  0.930857 0.999105 0.000000
vt  0.997988 0.997836 0.000000
vt  0.930857 0.997836 0.000000
vt  0.997988 0.997321 0.000000
vt  0.930857 0.996745 0.000000
vt  0.997988 0.997321 0.000000
vt  0.930857 0.997836 0.000000
vt  0.997988 0.997321 0.000000
vt  0.930857 0.996745 0.000000
vt  0.997988 0.996208 0.000000
vt  0.930857 0.996208 0.000000
vt  0.997988 0.996208 0.000000
vt  0.930857 0.996745 0.000000
vt  0.997988 0.996208 0.000000
vt  0.930857 0.996208 0.000000
vt  0.997988 0.996208 0.000000
vt  0.930857 0.995330 0.000000
vt  0.997988 0.996208 0.000000
vt  0.930857 0.996208 0.000000
vt  0.997988 0.996208 0.000000
vt  0.930857 0.995330 0.000000
vt  0.997988 0.995330 0.000000
vt  0.930857 0.994760 0.000000
vt  0.997988 0.995330 0.000000
vt  0.930857 0.995330 0.000000
vt  0.997988 0.995330 0.000000
vt  0.930857 0.994760 0.000000
vt  0.997988 0.994760 0.000000
vt  0.930857 0.993479 0.000000
vt  0.997988 0.994760 0.000000
vt  0.930857 0.994760 0.000000
vt  0.997988 0.994760 0.000000
vt  0.930857 0.993479 0.000000
vt  0.997988 0.993479 0.000000
vt  0.930857 0.962784 0.000000
vt  0.997988 0.993479 0.000000
vt  0.930857 0.993479 0.000000
vt  0.997988 0.993479 0.000000
vt  0.930857 0.962784 0.000000
vt  0.997988 0.962784 0.000000
vt  0.930857 0.962784 0.000000
vt  0.997988 0.962784 0.000000
vt  0.930857 0.962784 0.000000
vt  0.997988 0.962784 0.000000
vt  0.930857 0.962784 0.000000
vt  0.997988 0.881248 0.000000
vt  0.930857 0.881248 0.000000
vt  0.997988 0.881248 0.000000
vt  0.930857 0.962784 0.000000
vt  0.997988 0.881248 0.000000
vt  0.930857 0.881248 0.000000
vt  0.997988 0.881248 0.000000
vt  0.930857 0.856211 0.000000
vt  0.997988 0.881248 0.000000
vt  0.930857 0.881248 0.000000
vt  0.997988 0.881248 0.000000
vt  0.930857 0.856211 0.000000
vt  0.997988 0.856211 0.000000
vt  0.930857 0.850855 0.000000
vt  0.997988 0.856211 0.000000
vt  0.930857 0.856211 0.000000
vt  0.997988 0.856211 0.000000
vt  0.930857 0.850855 0.000000
vt  0.997988 0.850855 0.000000
vt  0.930857 0.850855 0.000000
vt  0.997988 0.850855 0.000000
vt  0.930857 0.850855 0.000000
vt  0.997988 0.850855 0.000000
vt  0.930857 0.850855 0.000000
vt  0.997988 0.775420 0.000000
vt  0.930857 0.775420 0.000000
vt  0.997988 0.775420 0.000000
vt  0.930857 0.850855 0.000000
vt  0.997988 0.775420 0.000000
vt  0.930857 0.775420 0.000000
vt  0.997988 0.759083 0.000000
vt  0.930857 0.759083 0.000000
vt  0.997988 0.759083 0.000000
vt  0.930857 0.775420 0.000000
vt  0.930857 0.759083 0.000000
vt  0.930857 0.775420 0.000000
vt  0.997988 0.759083 0.000000
vt  0.930857 0.775420 0.000000
vt  0.997988 0.759083 0.000000
vt  0.930857 0.775420 0.000000
vt  0.997988 0.759083 0.000000
vt  0.930857 0.775420 0.000000
vt  0.997988 0.775420 0.000000
vt  0.930857 0.850855 0.000000
vt  0.997988 0.775420 0.000000
vt  0.930857 0.775420 0.000000
vt  0.997988 0.775420 0.000000
vt  0.930857 0.850855 0.000000
vt  0.997988 0.850855 0.000000
vt  0.930857 0.850855 0.000000
vt  0.997988 0.850855 0.000000
vt  0.930857 0.850855 0.000000
vt  0.997988 0.850855 0.000000
vt  0.930857 0.850855 0.000000
vt  0.997988 0.856211 0.000000
vt  0.930857 0.856211 0.000000
vt  0.997988 0.856211 0.000000
vt  0.930857 0.850855 0.000000
vt  0.997988 0.856211 0.000000
vt  0.930857 0.856211 0.000000
vt  0.997988 0.881248 0.000000
vt  0.930857 0.881248 0.000000
vt  0.997988 0.881248 0.000000
vt  0.930857 0.856211 0.000000
vt  0.997988 0.881248 0.000000
vt  0.930857 0.881248 0.000000
vt  0.997988 0.881248 0.000000
vt  0.930857 0.962784 0.000000
vt  0.997988 0.881248 0.000000
vt  0.930857 0.881248 0.000000
vt  0.997988 0.881248 0.000000
vt  0.930857 0.962784 0.000000
vt  0.997988 0.962784 0.000000
vt  0.930857 0.962784 0.000000
vt  0.997988 0.962784 0.000000
vt  0.930857 0.962784 0.000000
vt  0.997988 0.962784 0.000000
vt  0.930857 0.962784 0.000000
vt  0.997988 0.993479 0.000000
vt  0.930857 0.993479 0.000000
vt  0.997988 0.993479 0.000000
vt  0.930857 0.962784 0.000000
vt  0.997988 0.993479 0.000000
vt  0.930857 0.993479 0.000000
vt  0.997988 0.994760 0.000000
vt  0.930857 0.994760 0.000000
vt  0.997988 0.994760 0.000000
vt  0.930857 0.993479 0.000000
vt  0.997988 0.994760 0.000000
vt  0.930857 0.994760 0.000000
vt  0.997988 0.995330 0.000000
vt  0.930857 0.995330 0.000000
vt  0.997988 0.995330 0.000000
vt  0.930857 0.994760 0.000000
vt  0.997988 0.995330 0.000000
vt  0.930857 0.995330 0.000000
vt  0.997988 0.996208 0.000000
vt  0.930857 0.996208 0.000000
vt  0.997988 0.996208 0.000000
vt  0.930857 0.995330 0.000000
vt  0.997988 0.996208 0.000000
vt  0.930857 0.996208 0.000000
vt  0.997988 0.996208 0.000000
vt  0.930857 0.996745 0.000000
vt  0.997988 0.996208 0.000000
vt  0.930857 0.996208 0.000000
vt  0.997988 0.996208 0.000000
vt  0.930857 0.996745 0.000000
vt  0.997988 0.997321 0.000000
vt  0.930857 0.997836 0.000000
vt  0.997988 0.997321 0.000000
vt  0.930857 0.996745 0.000000
vt  0.997988 0.997321 0.000000
vt  0.930857 0.997836 0.000000
vt  0.997988 0.997836 0.000000
vt  0.670725 0.943021 0.000000
vt  0.787422 0.943840 0.000000
vt  0.670725 0.943021 0.000000
vt  0.787422 0.943840 0.000000
vt  0.670725 0.943021 0.000000
vt  0.671475 0.869170 0.000000
vt  0.671475 0.869170 0.000000
vt  0.788281 0.869170 0.000000
vt  0.787422 0.943840 0.000000
vt  0.788281 0.869170 0.000000
vt  0.671475 0.869170 0.000000
vt  0.672164 0.829467 0.000000
vt  0.672164 0.829467 0.000000
vt  0.788886 0.829795 0.000000
vt  0.788281 0.869170 0.000000
vt  0.788886 0.829795 0.000000
vt  0.672164 0.829467 0.000000
vt  0.745465 0.800716 0.000000
vt  0.637153 0.554487 0.000000
vt  0.705317 0.600263 0.000000
vt  0.628922 0.594218 0.000000
vt  0.705317 0.600263 0.000000
vt  0.637153 0.554487 0.000000
vt  0.750313 0.553197 0.000000
vt  0.750313 0.553197 0.000000
vt  0.805146 0.597322 0.000000
vt  0.705317 0.600263 0.000000
vt  0.805146 0.597322 0.000000
vt  0.750313 0.553197 0.000000
vt  0.820710 0.555280 0.000000
vt  0.947502 0.899938 0.000000
vt  0.931120 0.951659 0.000000
vt  0.931120 0.899856 0.000000
vt  0.931120 0.951659 0.000000
vt  0.947502 0.899938 0.000000
vt  0.947502 0.951659 0.000000
vt  0.931120 0.951659 0.000000
vt  0.947502 0.899938 0.000000
vt  0.947502 0.951659 0.000000
vt  0.947502 0.899938 0.000000
vt  0.931120 0.951659 0.000000
vt  0.931120 0.899856 0.000000
vt  0.935417 0.918486 0.000000
vt  0.945337 0.918890 0.000000
vt  0.940796 0.900486 0.000000
vt  0.945337 0.918890 0.000000
vt  0.935417 0.918486 0.000000
vt  0.935417 0.940621 0.000000
vt  0.935417 0.940621 0.000000
vt  0.945337 0.940621 0.000000
vt  0.945337 0.918890 0.000000
vt  0.579702 0.181795 0.000000
vt  0.579702 0.181795 0.000000
vt  0.601030 0.131468 0.000000
vt  0.625089 0.159566 0.000000
vt  0.601030 0.131468 0.000000
vt  0.579702 0.181795 0.000000
vt  0.601030 0.131468 0.000000
vt  0.625089 0.159566 0.000000
vt  0.601030 0.131468 0.000000
vt  0.653196 0.106679 0.000000
vt  0.601030 0.131468 0.000000
vt  0.625089 0.159566 0.000000
vt  0.601030 0.131468 0.000000
vt  0.653196 0.106679 0.000000
vt  0.601030 0.131468 0.000000
vt  0.529043 0.098862 0.000000
vt  0.601030 0.131468 0.000000
vt  0.653196 0.106679 0.000000
vt  0.601030 0.131468 0.000000
vt  0.529043 0.098862 0.000000
vt  0.579702 0.181795 0.000000
vt  0.533858 0.165751 0.000000
vt  0.579702 0.181795 0.000000
vt  0.529043 0.098862 0.000000
vt  0.579702 0.181795 0.000000
vt  0.533858 0.165751 0.000000
vt  0.579702 0.181795 0.000000
vt  0.608634 0.198358 0.000000
vt  0.579702 0.181795 0.000000
vt  0.533858 0.165751 0.000000
vt  0.579702 0.181795 0.000000
vt  0.608634 0.198358 0.000000
vt  0.579702 0.181795 0.000000
vt  0.654374 0.180621 0.000000
vt  0.579702 0.181795 0.000000
vt  0.608634 0.198358 0.000000
vt  0.579702 0.181795 0.000000
vt  0.654374 0.180621 0.000000
vt  0.625089 0.159566 0.000000
vt  0.100147 0.064122 0.000000
vt  0.095430 0.004006 0.000000
vt  0.100147 0.064122 0.000000
vt  0.095430 0.004006 0.000000
vt  0.100147 0.064122 0.000000
vt  0.165495 0.078344 0.000000
vt  0.165495 0.078344 0.000000
vt  0.183810 0.004006 0.000000
vt  0.095430 0.004006 0.000000
vt  0.183810 0.004006 0.000000
vt  0.165495 0.078344 0.000000
vt  0.297502 0.054872 0.000000
vt  0.297502 0.054872 0.000000
vt  0.256451 0.004006 0.000000
vt  0.183810 0.004006 0.000000
vt  0.256451 0.004006 0.000000
vt  0.297502 0.054872 0.000000
vt  0.297502 0.054872 0.000000
vt  0.297502 0.054872 0.000000
vt  0.312935 0.004006 0.000000
vt  0.256451 0.004006 0.000000
vt  0.312935 0.004006 0.000000
vt  0.297502 0.054872 0.000000
vt  0.297502 0.054872 0.000000
vt  0.297502 0.054872 0.000000
vt  0.360879 0.004006 0.000000
vt  0.312935 0.004006 0.000000
vt  0.360879 0.004006 0.000000
vt  0.297502 0.054872 0.000000
vt  0.355420 0.053198 0.000000
vt  0.355420 0.053198 0.000000
vt  0.360879 0.004006 0.000000
vt  0.360879 0.004006 0.000000
vt  0.360879 0.004006 0.000000
vt  0.355420 0.053198 0.000000
vt  0.439798 0.051526 0.000000
vt  0.439798 0.051526 0.000000
vt  0.442866 0.004006 0.000000
vt  0.360879 0.004006 0.000000
vt  0.442866 0.004006 0.000000
vt  0.439798 0.051526 0.000000
vt  0.501559 0.051701 0.000000
vt  0.501559 0.051701 0.000000
vt  0.519614 0.004006 0.000000
vt  0.442866 0.004006 0.000000
vt  0.519614 0.004006 0.000000
vt  0.501559 0.051701 0.000000
vt  0.501559 0.051701 0.000000
vt  0.501559 0.051701 0.000000
vt  0.443041 0.004006 0.000000
vt  0.519614 0.004006 0.000000
vt  0.443041 0.004006 0.000000
vt  0.501559 0.051701 0.000000
vt  0.439905 0.051467 0.000000
vt  0.439905 0.051467 0.000000
vt  0.360898 0.004006 0.000000
vt  0.443041 0.004006 0.000000
vt  0.099334 0.064636 0.000000
vt  0.099334 0.064636 0.000000
vt  0.165495 0.078344 0.000000
vt  0.095893 0.004006 0.000000
vt  0.165495 0.078344 0.000000
vt  0.099334 0.064636 0.000000
vt  0.165495 0.078344 0.000000
vt  0.095893 0.004006 0.000000
vt  0.165495 0.078344 0.000000
vt  0.185248 0.004006 0.000000
vt  0.165495 0.078344 0.000000
vt  0.095893 0.004006 0.000000
vt  0.165495 0.078344 0.000000
vt  0.185248 0.004006 0.000000
vt  0.297446 0.053466 0.000000
vt  0.257871 0.004006 0.000000
vt  0.297446 0.053466 0.000000
vt  0.185248 0.004006 0.000000
vt  0.297446 0.053466 0.000000
vt  0.257871 0.004006 0.000000
vt  0.297446 0.053466 0.000000
vt  0.360898 0.004006 0.000000
vt  0.297446 0.053466 0.000000
vt  0.257871 0.004006 0.000000
vt  0.297446 0.053466 0.000000
vt  0.360898 0.004006 0.000000
vt  0.355728 0.051028 0.000000
vt  0.439905 0.051467 0.000000
vt  0.355728 0.051028 0.000000
vt  0.360898 0.004006 0.000000
vt  0.355728 0.051028 0.000000
vt  0.439905 0.051467 0.000000
vt  0.419398 0.111927 0.000000
vt  0.501559 0.051701 0.000000
vt  0.419398 0.111927 0.000000
vt  0.439905 0.051467 0.000000
vt  0.419398 0.111927 0.000000
vt  0.501559 0.051701 0.000000
vt  0.501559 0.112181 0.000000
vt  0.439798 0.051526 0.000000
vt  0.501559 0.112181 0.000000
vt  0.501559 0.051701 0.000000
vt  0.501559 0.112181 0.000000
vt  0.439798 0.051526 0.000000
vt  0.419400 0.111872 0.000000
vt  0.355420 0.053198 0.000000
vt  0.419400 0.111872 0.000000
vt  0.439798 0.051526 0.000000
vt  0.419400 0.111872 0.000000
vt  0.355420 0.053198 0.000000
vt  0.352433 0.111594 0.000000
vt  0.297502 0.054872 0.000000
vt  0.352433 0.111594 0.000000
vt  0.355420 0.053198 0.000000
vt  0.352433 0.111594 0.000000
vt  0.297502 0.054872 0.000000
vt  0.290216 0.099431 0.000000
vt  0.165495 0.078344 0.000000
vt  0.290216 0.099431 0.000000
vt  0.297502 0.054872 0.000000
vt  0.290216 0.099431 0.000000
vt  0.165495 0.078344 0.000000
vt  0.146577 0.118157 0.000000
vt  0.100147 0.064122 0.000000
vt  0.146577 0.118157 0.000000
vt  0.165495 0.078344 0.000000
vt  0.146577 0.118157 0.000000
vt  0.100147 0.064122 0.000000
vt  0.058567 0.063818 0.000000
vt  0.095430 0.004006 0.000000
vt  0.058567 0.063818 0.000000
vt  0.100147 0.064122 0.000000
vt  0.058567 0.063818 0.000000
vt  0.095430 0.004006 0.000000
vt  0.058567 0.063818 0.000000
vt  0.012809 0.004006 0.000000
vt  0.058567 0.063818 0.000000
vt  0.095430 0.004006 0.000000
vt  0.058567 0.063818 0.000000
vt  0.012809 0.004006 0.000000
vt  0.058567 0.063818 0.000000
vt  0.095893 0.004006 0.000000
vt  0.058567 0.063818 0.000000
vt  0.012809 0.004006 0.000000
vt  0.058567 0.063818 0.000000
vt  0.095893 0.004006 0.000000
vt  0.058567 0.063818 0.000000
vt  0.099334 0.064636 0.000000
vt  0.058567 0.063818 0.000000
vt  0.095893 0.004006 0.000000
vt  0.058567 0.063818 0.000000
vt  0.099334 0.064636 0.000000
vt  0.146577 0.118157 0.000000
vt  0.165495 0.078344 0.000000
vt  0.146577 0.118157 0.000000
vt  0.099334 0.064636 0.000000
vt  0.146577 0.118157 0.000000
vt  0.165495 0.078344 0.000000
vt  0.290187 0.099436 0.000000
vt  0.297446 0.053466 0.000000
vt  0.290187 0.099436 0.000000
vt  0.165495 0.078344 0.000000
vt  0.290187 0.099436 0.000000
vt  0.297446 0.053466 0.000000
vt  0.352581 0.111436 0.000000
vt  0.355728 0.051028 0.000000
vt  0.352581 0.111436 0.000000
vt  0.297446 0.053466 0.000000
vt  0.352581 0.111436 0.000000
vt  0.355728 0.051028 0.000000
vt  0.419398 0.111927 0.000000
vt  0.283710 0.126174 0.000000
vt  0.146577 0.118157 0.000000
vt  0.290187 0.099436 0.000000
vt  0.146577 0.118157 0.000000
vt  0.283710 0.126174 0.000000
vt  0.290216 0.099431 0.000000
vt  0.115511 0.004006 0.000000
vt  0.160976 0.004006 0.000000
vt  0.115511 0.004006 0.000000
vt  0.160976 0.004006 0.000000
vt  0.115511 0.004006 0.000000
vt  0.137804 0.004006 0.000000
vt  0.137804 0.004006 0.000000
vt  0.188984 0.004006 0.000000
vt  0.160976 0.004006 0.000000
vt  0.188984 0.004006 0.000000
vt  0.137804 0.004006 0.000000
vt  0.137804 0.004006 0.000000
vt  0.137804 0.004006 0.000000
vt  0.218619 0.004006 0.000000
vt  0.188984 0.004006 0.000000
vt  0.218619 0.004006 0.000000
vt  0.137804 0.004006 0.000000
vt  0.137804 0.004006 0.000000
vt  0.137804 0.004006 0.000000
vt  0.310808 0.004006 0.000000
vt  0.218619 0.004006 0.000000
vt  0.310808 0.004006 0.000000
vt  0.137804 0.004006 0.000000
vt  0.137804 0.004006 0.000000
vt  0.137804 0.004006 0.000000
vt  0.269549 0.004006 0.000000
vt  0.310808 0.004006 0.000000
vt  0.269549 0.004006 0.000000
vt  0.137804 0.004006 0.000000
vt  0.137804 0.004006 0.000000
vt  0.137804 0.004006 0.000000
vt  0.252713 0.004006 0.000000
vt  0.269549 0.004006 0.000000
vt  0.252713 0.004006 0.000000
vt  0.137804 0.004006 0.000000
vt  0.137319 0.004006 0.000000
vt  0.137319 0.004006 0.000000
vt  0.243202 0.004006 0.000000
vt  0.252713 0.004006 0.000000
vt  0.243202 0.004006 0.000000
vt  0.137319 0.004006 0.000000
vt  0.137319 0.004006 0.000000
vt  0.137319 0.004006 0.000000
vt  0.196660 0.004006 0.000000
vt  0.243202 0.004006 0.000000
vt  0.196660 0.004006 0.000000
vt  0.137319 0.004006 0.000000
vt  0.136835 0.004006 0.000000
vt  0.196660 0.004006 0.000000
vt  0.258114 0.004006 0.000000
vt  0.243202 0.004006 0.000000
vt  0.675472 0.803820 0.000000
vt  0.675472 0.803820 0.000000
vt  0.675472 0.807610 0.000000
vt  0.783674 0.803820 0.000000
vt  0.675472 0.807610 0.000000
vt  0.675472 0.803820 0.000000
vt  0.675472 0.807610 0.000000
vt  0.783674 0.803820 0.000000
vt  0.783674 0.807610 0.000000
vt  0.676417 0.803820 0.000000
vt  0.783674 0.807610 0.000000
vt  0.783674 0.803820 0.000000
vt  0.783674 0.807610 0.000000
vt  0.676417 0.803820 0.000000
vt  0.783674 0.807610 0.000000
vt  0.676417 0.807610 0.000000
vt  0.783674 0.807610 0.000000
vt  0.676417 0.803820 0.000000
vt  0.783674 0.807610 0.000000
vt  0.676417 0.807610 0.000000
vt  0.783674 0.807610 0.000000
vt  0.783674 0.811160 0.000000
vt  0.783674 0.807610 0.000000
vt  0.676417 0.807610 0.000000
vt  0.783674 0.807610 0.000000
vt  0.783674 0.811160 0.000000
vt  0.675472 0.811160 0.000000
vt  0.783674 0.811160 0.000000
vt  0.675472 0.811160 0.000000
vt  0.783674 0.811160 0.000000
vt  0.675472 0.811160 0.000000
vt  0.783674 0.811160 0.000000
vt  0.675471 0.815256 0.000000
vt  0.783674 0.815256 0.000000
vt  0.675471 0.815256 0.000000
vt  0.783674 0.811160 0.000000
vt  0.675471 0.815256 0.000000
vt  0.783674 0.815256 0.000000
vt  0.675472 0.818934 0.000000
vt  0.783674 0.818934 0.000000
vt  0.675472 0.818934 0.000000
vt  0.783674 0.815256 0.000000
vt  0.675472 0.818934 0.000000
vt  0.783674 0.818934 0.000000
vt  0.675471 0.823364 0.000000
vt  0.783674 0.823364 0.000000
vt  0.675471 0.823364 0.000000
vt  0.783674 0.818934 0.000000
vt  0.675471 0.823364 0.000000
vt  0.783674 0.823364 0.000000
vt  0.675472 0.828213 0.000000
vt  0.783674 0.828213 0.000000
vt  0.675472 0.828213 0.000000
vt  0.783674 0.823364 0.000000
vt  0.675472 0.828213 0.000000
vt  0.783674 0.828213 0.000000
vt  0.675472 0.858120 0.000000
vt  0.783674 0.858120 0.000000
vt  0.675472 0.858120 0.000000
vt  0.783674 0.828213 0.000000
vt  0.675472 0.858120 0.000000
vt  0.783674 0.858120 0.000000
vt  0.675472 0.984657 0.000000
vt  0.783674 0.984657 0.000000
vt  0.675472 0.984657 0.000000
vt  0.783674 0.858120 0.000000
vt  0.675472 0.984657 0.000000
vt  0.783674 0.984657 0.000000
vt  0.675472 0.995087 0.000000
vt  0.783674 0.995087 0.000000
vt  0.675472 0.995087 0.000000
vt  0.783674 0.984657 0.000000
vt  0.675472 0.995087 0.000000
vt  0.783674 0.995087 0.000000
vt  0.783674 0.998644 0.000000
vt  0.783674 0.995087 0.000000
vt  0.783674 0.998644 0.000000
vt  0.783674 0.995087 0.000000
vt  0.783674 0.998644 0.000000
vt  0.783674 0.995087 0.000000
vt  0.676417 0.995087 0.000000
vt  0.783674 0.995087 0.000000
vt  0.676417 0.995087 0.000000
vt  0.783674 0.995087 0.000000
vt  0.676417 0.995087 0.000000
vt  0.783674 0.995087 0.000000
vt  0.676417 0.984657 0.000000
vt  0.783674 0.984657 0.000000
vt  0.676417 0.984657 0.000000
vt  0.783674 0.995087 0.000000
vt  0.676417 0.984657 0.000000
vt  0.783674 0.984657 0.000000
vt  0.676417 0.858120 0.000000
vt  0.783674 0.858120 0.000000
vt  0.676417 0.858120 0.000000
vt  0.783674 0.984657 0.000000
vt  0.676417 0.858120 0.000000
vt  0.783674 0.858120 0.000000
vt  0.676417 0.828213 0.000000
vt  0.783674 0.828213 0.000000
vt  0.676417 0.828213 0.000000
vt  0.783674 0.858120 0.000000
vt  0.676417 0.828213 0.000000
vt  0.783674 0.828213 0.000000
vt  0.676417 0.823364 0.000000
vt  0.783674 0.823364 0.000000
vt  0.676417 0.823364 0.000000
vt  0.783674 0.828213 0.000000
vt  0.676417 0.823364 0.000000
vt  0.783674 0.823364 0.000000
vt  0.676417 0.818934 0.000000
vt  0.783674 0.818934 0.000000
vt  0.676417 0.818934 0.000000
vt  0.783674 0.823364 0.000000
vt  0.676417 0.818934 0.000000
vt  0.783674 0.818934 0.000000
vt  0.676417 0.815256 0.000000
vt  0.783674 0.815256 0.000000
vt  0.676417 0.815256 0.000000
vt  0.783674 0.818934 0.000000
vt  0.676417 0.815256 0.000000
vt  0.783674 0.815256 0.000000
vt  0.676417 0.811160 0.000000
vt  0.783674 0.811160 0.000000
vt  0.676417 0.811160 0.000000
vt  0.783674 0.815256 0.000000
vt  0.676417 0.811160 0.000000
vt  0.783674 0.811160 0.000000
vt  0.676417 0.807610 0.000000
vt  0.783674 0.807610 0.000000
vt  0.675472 0.811160 0.000000
vt  0.675472 0.807610 0.000000
vt  0.676417 0.807610 0.000000
vt  0.783674 0.807610 0.000000
vt  0.676417 0.811160 0.000000
vt  0.783674 0.811160 0.000000
vt  0.676417 0.811160 0.000000
vt  0.783674 0.807610 0.000000
vt  0.676417 0.811160 0.000000
vt  0.783674 0.811160 0.000000
vt  0.676417 0.815256 0.000000
vt  0.783674 0.815256 0.000000
vt  0.676417 0.815256 0.000000
vt  0.783674 0.811160 0.000000
vt  0.676417 0.815256 0.000000
vt  0.783674 0.815256 0.000000
vt  0.676417 0.818934 0.000000
vt  0.783674 0.818934 0.000000
vt  0.676417 0.818934 0.000000
vt  0.783674 0.815256 0.000000
vt  0.676417 0.818934 0.000000
vt  0.783674 0.818934 0.000000
vt  0.676417 0.823364 0.000000
vt  0.783674 0.823364 0.000000
vt  0.676417 0.823364 0.000000
vt  0.783674 0.818934 0.000000
vt  0.676417 0.823364 0.000000
vt  0.783674 0.823364 0.000000
vt  0.676417 0.828213 0.000000
vt  0.783674 0.828213 0.000000
vt  0.676417 0.828213 0.000000
vt  0.783674 0.823364 0.000000
vt  0.676417 0.828213 0.000000
vt  0.783674 0.828213 0.000000
vt  0.676417 0.858120 0.000000
vt  0.783674 0.858120 0.000000
vt  0.676417 0.858120 0.000000
vt  0.783674 0.828213 0.000000
vt  0.676417 0.858120 0.000000
vt  0.783674 0.858120 0.000000
vt  0.676417 0.984657 0.000000
vt  0.783674 0.984657 0.000000
vt  0.676417 0.984657 0.000000
vt  0.783674 0.858120 0.000000
vt  0.676417 0.984657 0.000000
vt  0.783674 0.984657 0.000000
vt  0.676417 0.995087 0.000000
vt  0.783674 0.995087 0.000000
vt  0.676417 0.995087 0.000000
vt  0.783674 0.984657 0.000000
vt  0.676417 0.995087 0.000000
vt  0.783674 0.995087 0.000000
vt  0.783674 0.998644 0.000000
vt  0.783674 0.995087 0.000000
vt  0.783674 0.998644 0.000000
vt  0.783674 0.995087 0.000000
vt  0.783674 0.998644 0.000000
vt  0.783674 0.995087 0.000000
vt  0.675472 0.995087 0.000000
vt  0.783674 0.995087 0.000000
vt  0.675472 0.995087 0.000000
vt  0.783674 0.995087 0.000000
vt  0.675472 0.995087 0.000000
vt  0.783674 0.995087 0.000000
vt  0.675472 0.984657 0.000000
vt  0.783674 0.984657 0.000000
vt  0.675472 0.984657 0.000000
vt  0.783674 0.995087 0.000000
vt  0.675472 0.984657 0.000000
vt  0.783674 0.984657 0.000000
vt  0.675472 0.858120 0.000000
vt  0.783674 0.858120 0.000000
vt  0.675472 0.858120 0.000000
vt  0.783674 0.984657 0.000000
vt  0.675472 0.858120 0.000000
vt  0.783674 0.858120 0.000000
vt  0.675472 0.828213 0.000000
vt  0.783674 0.828213 0.000000
vt  0.675472 0.828213 0.000000
vt  0.783674 0.858120 0.000000
vt  0.675472 0.828213 0.000000
vt  0.783674 0.828213 0.000000
vt  0.675471 0.823364 0.000000
vt  0.783674 0.823364 0.000000
vt  0.675471 0.823364 0.000000
vt  0.783674 0.828213 0.000000
vt  0.675471 0.823364 0.000000
vt  0.783674 0.823364 0.000000
vt  0.675472 0.818934 0.000000
vt  0.783674 0.818934 0.000000
vt  0.675472 0.818934 0.000000
vt  0.783674 0.823364 0.000000
vt  0.675472 0.818934 0.000000
vt  0.783674 0.818934 0.000000
vt  0.675471 0.815256 0.000000
vt  0.783674 0.815256 0.000000
vt  0.675471 0.815256 0.000000
vt  0.783674 0.818934 0.000000
vt  0.675471 0.815256 0.000000
vt  0.783674 0.815256 0.000000
vt  0.675472 0.811160 0.000000
vt  0.783674 0.811160 0.000000
vt  0.675472 0.811160 0.000000
vt  0.783674 0.815256 0.000000
vt  0.675472 0.811160 0.000000
vt  0.783674 0.811160 0.000000
vt  0.675472 0.807610 0.000000
vt  0.783674 0.807610 0.000000
vt  0.675472 0.807610 0.000000
vt  0.783674 0.811160 0.000000
vt  0.675472 0.807610 0.000000
vt  0.783674 0.807610 0.000000
vt  0.675472 0.803820 0.000000
vt  0.783674 0.807610 0.000000
vt  0.675472 0.803820 0.000000
vt  0.783674 0.807610 0.000000
vt  0.675472 0.803820 0.000000
vt  0.783674 0.807610 0.000000
vt  0.783674 0.803820 0.000000
vt  0.676417 0.807610 0.000000
vt  0.783674 0.803820 0.000000
vt  0.783674 0.807610 0.000000
vt  0.783674 0.803820 0.000000
vt  0.676417 0.807610 0.000000
vt  0.676417 0.803820 0.000000
vt  0.783430 0.810876 0.000000
vt  0.675712 0.814673 0.000000
vt  0.675712 0.810876 0.000000
vt  0.675712 0.814673 0.000000
vt  0.783430 0.810876 0.000000
vt  0.783430 0.814673 0.000000
vt  0.783430 0.814673 0.000000
vt  0.675712 0.818103 0.000000
vt  0.675712 0.814673 0.000000
vt  0.675712 0.818103 0.000000
vt  0.783430 0.814673 0.000000
vt  0.783430 0.818103 0.000000
vt  0.783430 0.818103 0.000000
vt  0.675712 0.822140 0.000000
vt  0.675712 0.818103 0.000000
vt  0.675712 0.822140 0.000000
vt  0.783430 0.818103 0.000000
vt  0.783430 0.822140 0.000000
vt  0.783430 0.822140 0.000000
vt  0.675712 0.826689 0.000000
vt  0.675712 0.822140 0.000000
vt  0.675712 0.826689 0.000000
vt  0.783430 0.822140 0.000000
vt  0.783430 0.826689 0.000000
vt  0.783430 0.826689 0.000000
vt  0.675712 0.856444 0.000000
vt  0.675712 0.826689 0.000000
vt  0.675712 0.856444 0.000000
vt  0.783430 0.826689 0.000000
vt  0.783430 0.856444 0.000000
vt  0.783430 0.856444 0.000000
vt  0.675712 0.985666 0.000000
vt  0.675712 0.856444 0.000000
vt  0.675712 0.985666 0.000000
vt  0.783430 0.856444 0.000000
vt  0.783430 0.985666 0.000000
vt  0.783430 0.985666 0.000000
vt  0.675712 0.997720 0.000000
vt  0.675712 0.985666 0.000000
vt  0.675712 0.997720 0.000000
vt  0.783430 0.985666 0.000000
vt  0.783430 0.997720 0.000000
vt  0.783430 0.997720 0.000000
vt  0.783430 0.998117 0.000000
vt  0.675712 0.997720 0.000000
vt  0.783430 0.998117 0.000000
vt  0.783430 0.997720 0.000000
vt  0.783430 0.997720 0.000000
vt  0.783430 0.997720 0.000000
vt  0.676693 0.997720 0.000000
vt  0.783430 0.998117 0.000000
vt  0.676693 0.997720 0.000000
vt  0.783430 0.997720 0.000000
vt  0.783430 0.997720 0.000000
vt  0.783430 0.997720 0.000000
vt  0.676693 0.985666 0.000000
vt  0.676693 0.997720 0.000000
vt  0.676693 0.985666 0.000000
vt  0.783430 0.997720 0.000000
vt  0.783430 0.985666 0.000000
vt  0.783430 0.985666 0.000000
vt  0.676693 0.856444 0.000000
vt  0.676693 0.985666 0.000000
vt  0.676693 0.856444 0.000000
vt  0.783430 0.985666 0.000000
vt  0.783430 0.856444 0.000000
vt  0.783430 0.856444 0.000000
vt  0.676693 0.826689 0.000000
vt  0.676693 0.856444 0.000000
vt  0.676693 0.826689 0.000000
vt  0.783430 0.856444 0.000000
vt  0.783430 0.826689 0.000000
vt  0.783430 0.826689 0.000000
vt  0.676693 0.822140 0.000000
vt  0.676693 0.826689 0.000000
vt  0.676693 0.822140 0.000000
vt  0.783430 0.826689 0.000000
vt  0.783430 0.822140 0.000000
vt  0.783430 0.822140 0.000000
vt  0.676693 0.818103 0.000000
vt  0.676693 0.822140 0.000000
vt  0.676693 0.818103 0.000000
vt  0.783430 0.822140 0.000000
vt  0.783430 0.818103 0.000000
vt  0.783430 0.818103 0.000000
vt  0.676693 0.814673 0.000000
vt  0.676693 0.818103 0.000000
vt  0.676693 0.814673 0.000000
vt  0.783430 0.818103 0.000000
vt  0.783430 0.814673 0.000000
vt  0.783430 0.814673 0.000000
vt  0.676693 0.810876 0.000000
vt  0.676693 0.814673 0.000000
vt  0.676693 0.810876 0.000000
vt  0.783430 0.814673 0.000000
vt  0.783430 0.810876 0.000000
vt  0.783430 0.810876 0.000000
vt  0.676693 0.807583 0.000000
vt  0.676693 0.810876 0.000000
vt  0.676693 0.807583 0.000000
vt  0.783430 0.810876 0.000000
vt  0.783430 0.807583 0.000000
vt  0.783430 0.807583 0.000000
vt  0.676693 0.803990 0.000000
vt  0.676693 0.807583 0.000000
vt  0.676693 0.803990 0.000000
vt  0.783430 0.807583 0.000000
vt  0.783430 0.807583 0.000000
vt  0.783430 0.807583 0.000000
vt  0.783430 0.803990 0.000000
vt  0.676693 0.803990 0.000000
vt  0.783430 0.803990 0.000000
vt  0.783430 0.807583 0.000000
vt  0.675712 0.807583 0.000000
vt  0.675712 0.807583 0.000000
vt  0.675712 0.803990 0.000000
vt  0.783430 0.803990 0.000000
vt  0.675712 0.807583 0.000000
vt  0.783430 0.807583 0.000000
vt  0.675712 0.810876 0.000000
vt  0.783430 0.810876 0.000000
vt  0.675712 0.810876 0.000000
vt  0.783430 0.807583 0.000000
vt  0.531172 0.428239 0.000000
vt  0.532460 0.392961 0.000000
vt  0.617498 0.428239 0.000000
vt  0.617498 0.392961 0.000000
vt  0.617498 0.428239 0.000000
vt  0.532460 0.392961 0.000000
vt  0.617498 0.428239 0.000000
vt  0.617498 0.392961 0.000000
vt  0.726165 0.428239 0.000000
vt  0.732048 0.392961 0.000000
vt  0.726165 0.428239 0.000000
vt  0.617498 0.392961 0.000000
vt  0.726165 0.428239 0.000000
vt  0.732048 0.392961 0.000000
vt  0.841142 0.428239 0.000000
vt  0.841142 0.392961 0.000000
vt  0.841142 0.428239 0.000000
vt  0.732048 0.392961 0.000000
vt  0.841142 0.428239 0.000000
vt  0.841142 0.392961 0.000000
vt  0.760234 0.428239 0.000000
vt  0.757571 0.392961 0.000000
vt  0.760234 0.428239 0.000000
vt  0.841142 0.392961 0.000000
vt  0.760234 0.428239 0.000000
vt  0.757571 0.392961 0.000000
vt  0.828002 0.428239 0.000000
vt  0.834941 0.392961 0.000000
vt  0.828002 0.428239 0.000000
vt  0.757571 0.392961 0.000000
vt  0.828002 0.428239 0.000000
vt  0.834941 0.392961 0.000000
vt  0.828002 0.428239 0.000000
vt  0.728511 0.392961 0.000000
vt  0.828002 0.428239 0.000000
vt  0.834941 0.392961 0.000000
vt  0.828002 0.428239 0.000000
vt  0.728511 0.392961 0.000000
vt  0.728511 0.428239 0.000000
vt  0.728511 0.392961 0.000000
vt  0.728511 0.428239 0.000000
vt  0.728511 0.392961 0.000000
vt  0.728511 0.428239 0.000000
vt  0.728511 0.392961 0.000000
vt  0.589486 0.428239 0.000000
vt  0.589486 0.392961 0.000000
vt  0.589486 0.428239 0.000000
vt  0.728511 0.392961 0.000000
vt  0.589486 0.428239 0.000000
vt  0.589486 0.392961 0.000000
vt  0.589486 0.428239 0.000000
vt  0.507054 0.392961 0.000000
vt  0.589486 0.428239 0.000000
vt  0.589486 0.392961 0.000000
vt  0.589486 0.428239 0.000000
vt  0.507054 0.392961 0.000000
vt  0.495672 0.428239 0.000000
vt  0.417198 0.392961 0.000000
vt  0.495672 0.428239 0.000000
vt  0.507054 0.392961 0.000000
vt  0.495672 0.428239 0.000000
vt  0.417198 0.392961 0.000000
vt  0.408709 0.428239 0.000000
vt  0.296211 0.392961 0.000000
vt  0.408709 0.428239 0.000000
vt  0.417198 0.392961 0.000000
vt  0.408709 0.428239 0.000000
vt  0.296211 0.392961 0.000000
vt  0.296211 0.428239 0.000000
vt  0.296211 0.392961 0.000000
vt  0.296211 0.428239 0.000000
vt  0.296211 0.392961 0.000000
vt  0.296211 0.428239 0.000000
vt  0.296211 0.392961 0.000000
vt  0.234362 0.428239 0.000000
vt  0.234362 0.392961 0.000000
vt  0.234362 0.428239 0.000000
vt  0.296211 0.392961 0.000000
vt  0.234362 0.428239 0.000000
vt  0.234362 0.392961 0.000000
vt  0.045798 0.428239 0.000000
vt  0.045798 0.392961 0.000000
vt  0.045798 0.428239 0.000000
vt  0.234362 0.392961 0.000000
vt  0.045798 0.428239 0.000000
vt  0.045798 0.392961 0.000000
vt  0.007414 0.428239 0.000000
vt  0.007414 0.392961 0.000000
vt  0.007414 0.428239 0.000000
vt  0.045798 0.392961 0.000000
vt  0.783968 0.946208 0.000000
vt  0.783968 0.955116 0.000000
vt  0.682661 0.954835 0.000000
vt  0.682661 0.954835 0.000000
vt  0.783968 0.960205 0.000000
vt  0.682661 0.958589 0.000000
vt  0.783968 0.960205 0.000000
vt  0.682661 0.954835 0.000000
vt  0.783968 0.955116 0.000000
vt  0.783968 0.955116 0.000000
vt  0.682506 0.964979 0.000000
vt  0.783968 0.960205 0.000000
vt  0.682506 0.964979 0.000000
vt  0.783968 0.955116 0.000000
vt  0.783968 0.955116 0.000000
vt  0.783968 0.955116 0.000000
vt  0.682506 0.957363 0.000000
vt  0.682506 0.964979 0.000000
vt  0.682506 0.957363 0.000000
vt  0.783968 0.955116 0.000000
vt  0.783968 0.946208 0.000000
vt  0.783968 0.946208 0.000000
vt  0.682506 0.946444 0.000000
vt  0.682506 0.957363 0.000000
vt  0.682506 0.946444 0.000000
vt  0.783968 0.946208 0.000000
vt  0.722664 0.939657 0.000000
vt  0.684824 0.004152 0.000000
vt  0.673435 0.002694 0.000000
vt  0.669759 0.053094 0.000000
vt  0.673435 0.002694 0.000000
vt  0.684824 0.004152 0.000000
vt  0.675402 0.003192 0.000000
vt  0.675402 0.003192 0.000000
vt  0.710116 0.002485 0.000000
vt  0.673435 0.002694 0.000000
vt  0.710116 0.002485 0.000000
vt  0.675402 0.003192 0.000000
vt  0.709526 0.003128 0.000000
vt  0.709526 0.003128 0.000000
vt  0.707932 0.005128 0.000000
vt  0.710116 0.002485 0.000000
vt  0.707932 0.005128 0.000000
vt  0.709526 0.003128 0.000000
vt  0.675402 0.003192 0.000000
vt  0.675402 0.003192 0.000000
vt  0.707932 0.005128 0.000000
vt  0.707932 0.005128 0.000000
vt  0.707932 0.005128 0.000000
vt  0.675402 0.003192 0.000000
vt  0.684824 0.004152 0.000000
vt  0.684824 0.004152 0.000000
vt  0.707932 0.005128 0.000000
vt  0.707932 0.005128 0.000000
vt  0.707932 0.005128 0.000000
vt  0.684824 0.004152 0.000000
vt  0.669759 0.053094 0.000000
vt  0.669759 0.053094 0.000000
vt  0.707932 0.005128 0.000000
vt  0.707932 0.005128 0.000000
vt  0.707932 0.005128 0.000000
vt  0.669759 0.053094 0.000000
vt  0.712293 0.058455 0.000000
vt  0.712293 0.058455 0.000000
vt  0.710116 0.002485 0.000000
vt  0.707932 0.005128 0.000000
vt  0.779544 0.798074 0.000000
vt  0.668279 0.798074 0.000000
vt  0.779544 0.800704 0.000000
vt  0.668279 0.800713 0.000000
vt  0.779544 0.800704 0.000000
vt  0.668279 0.798074 0.000000
vt  0.779544 0.800704 0.000000
vt  0.668279 0.800713 0.000000
vt  0.779544 0.802950 0.000000
vt  0.668279 0.802950 0.000000
vt  0.779544 0.802950 0.000000
vt  0.668279 0.800713 0.000000
vt  0.779544 0.802950 0.000000
vt  0.668279 0.802950 0.000000
vt  0.779544 0.804476 0.000000
vt  0.668279 0.804329 0.000000
vt  0.779544 0.804476 0.000000
vt  0.668279 0.802950 0.000000
vt  0.779544 0.804476 0.000000
vt  0.668279 0.804329 0.000000
vt  0.779544 0.806222 0.000000
vt  0.668279 0.804329 0.000000
vt  0.779544 0.806222 0.000000
vt  0.668279 0.804329 0.000000
vt  0.779544 0.806222 0.000000
vt  0.668279 0.804329 0.000000
vt  0.668279 0.806253 0.000000
vt  0.668279 0.804329 0.000000
vt  0.668279 0.806253 0.000000
vt  0.668279 0.804329 0.000000
vt  0.668279 0.806253 0.000000
vt  0.668279 0.804329 0.000000
vt  0.779544 0.806222 0.000000
vt  0.668279 0.804329 0.000000
vt  0.779544 0.806222 0.000000
vt  0.668279 0.804329 0.000000
vt  0.779544 0.806222 0.000000
vt  0.668279 0.804329 0.000000
vt  0.779544 0.804476 0.000000
vt  0.668279 0.804329 0.000000
vt  0.779544 0.804476 0.000000
vt  0.668279 0.804329 0.000000
vt  0.779544 0.804476 0.000000
vt  0.668279 0.804329 0.000000
vt  0.779544 0.802950 0.000000
vt  0.668279 0.802950 0.000000
vt  0.779544 0.802950 0.000000
vt  0.668279 0.804329 0.000000
vt  0.779544 0.802950 0.000000
vt  0.668279 0.802950 0.000000
vt  0.779544 0.800704 0.000000
vt  0.668279 0.800713 0.000000
vt  0.779544 0.800704 0.000000
vt  0.668279 0.802950 0.000000
vt  0.779544 0.800704 0.000000
vt  0.668279 0.800713 0.000000
vt  0.779544 0.798074 0.000000
vt  0.668279 0.798074 0.000000
vt  0.779544 0.798074 0.000000
vt  0.668279 0.800713 0.000000
vt  0.779544 0.798074 0.000000
vt  0.668279 0.798074 0.000000
vt  0.668279 0.795909 0.000000
vt  0.779544 0.798074 0.000000
vt  0.668279 0.795909 0.000000
vt  0.668279 0.798074 0.000000
vt  0.668279 0.795909 0.000000
vt  0.779544 0.798074 0.000000
vt  0.779544 0.795909 0.000000
vt  0.779544 0.798074 0.000000
vt  0.668279 0.795909 0.000000
vt  0.779544 0.795909 0.000000
vt  0.778998 0.799350 0.000000
vt  0.778998 0.801376 0.000000
vt  0.660977 0.799350 0.000000
vt  0.778998 0.801376 0.000000
vt  0.660977 0.799350 0.000000
vt  0.778998 0.801376 0.000000
vt  0.660977 0.799350 0.000000
vt  0.778998 0.801376 0.000000
vt  0.660977 0.801376 0.000000
vt  0.778998 0.801376 0.000000
vt  0.660977 0.801376 0.000000
vt  0.778998 0.801376 0.000000
vt  0.660977 0.801376 0.000000
vt  0.778998 0.801376 0.000000
vt  0.660977 0.803837 0.000000
vt  0.778998 0.803775 0.000000
vt  0.660977 0.803837 0.000000
vt  0.778998 0.801376 0.000000
vt  0.660977 0.803837 0.000000
vt  0.778998 0.803775 0.000000
vt  0.660977 0.805938 0.000000
vt  0.778998 0.805938 0.000000
vt  0.660977 0.805938 0.000000
vt  0.778998 0.803775 0.000000
vt  0.660977 0.805938 0.000000
vt  0.778998 0.805938 0.000000
vt  0.660977 0.807365 0.000000
vt  0.778998 0.807632 0.000000
vt  0.660977 0.807365 0.000000
vt  0.778998 0.805938 0.000000
vt  0.660977 0.807365 0.000000
vt  0.778998 0.807632 0.000000
vt  0.660977 0.807365 0.000000
vt  0.778998 0.809546 0.000000
vt  0.660977 0.807365 0.000000
vt  0.778998 0.807632 0.000000
vt  0.660977 0.807365 0.000000
vt  0.778998 0.809546 0.000000
vt  0.660977 0.808999 0.000000
vt  0.778998 0.809546 0.000000
vt  0.660977 0.808999 0.000000
vt  0.778998 0.809546 0.000000
vt  0.660977 0.808999 0.000000
vt  0.778998 0.809546 0.000000
vt  0.660977 0.810146 0.000000
vt  0.778998 0.811006 0.000000
vt  0.660977 0.810146 0.000000
vt  0.778998 0.809546 0.000000
vt  0.778998 0.799350 0.000000
vt  0.660977 0.799350 0.000000
vt  0.778998 0.801376 0.000000
vt  0.660977 0.801376 0.000000
vt  0.778998 0.801376 0.000000
vt  0.660977 0.799350 0.000000
vt  0.778998 0.801376 0.000000
vt  0.660977 0.801376 0.000000
vt  0.778998 0.803775 0.000000
vt  0.660977 0.803837 0.000000
vt  0.778998 0.803775 0.000000
vt  0.660977 0.801376 0.000000
vt  0.778998 0.803775 0.000000
vt  0.660977 0.803837 0.000000
vt  0.778998 0.805938 0.000000
vt  0.660977 0.805938 0.000000
vt  0.778998 0.805938 0.000000
vt  0.660977 0.803837 0.000000
vt  0.778998 0.805938 0.000000
vt  0.660977 0.805938 0.000000
vt  0.778998 0.807632 0.000000
vt  0.660977 0.807365 0.000000
vt  0.778998 0.807632 0.000000
vt  0.660977 0.805938 0.000000
vt  0.778998 0.807632 0.000000
vt  0.660977 0.807365 0.000000
vt  0.778998 0.809543 0.000000
vt  0.660977 0.808999 0.000000
vt  0.778998 0.809543 0.000000
vt  0.660977 0.807365 0.000000
vt  0.660977 0.808999 0.000000
vt  0.660977 0.810154 0.000000
vt  0.738633 0.802186 0.000000
vt  0.782292 0.810643 0.000000
vt  0.738633 0.802186 0.000000
vt  0.660977 0.810154 0.000000
vt  0.787398 0.995380 0.000000
vt  0.670709 0.995380 0.000000
vt  0.787422 0.952291 0.000000
vt  0.670725 0.951472 0.000000
vt  0.787422 0.952291 0.000000
vt  0.670709 0.995380 0.000000
vt  0.787422 0.952291 0.000000
vt  0.670725 0.951472 0.000000
vt  0.787422 0.952291 0.000000
vt  0.671445 0.869170 0.000000
vt  0.787422 0.952291 0.000000
vt  0.670725 0.951472 0.000000
vt  0.787422 0.952291 0.000000
vt  0.671445 0.869170 0.000000
vt  0.788198 0.869170 0.000000
vt  0.672164 0.829467 0.000000
vt  0.788198 0.869170 0.000000
vt  0.671445 0.869170 0.000000
vt  0.788198 0.869170 0.000000
vt  0.672164 0.829467 0.000000
vt  0.788886 0.829795 0.000000
vt  0.745465 0.800716 0.000000
vt  0.788886 0.829795 0.000000
vt  0.672164 0.829467 0.000000
vt  0.787398 0.995380 0.000000
vt  0.670709 0.995380 0.000000
vt  0.787422 0.952291 0.000000
vt  0.670725 0.951472 0.000000
vt  0.787422 0.952291 0.000000
vt  0.670709 0.995380 0.000000
vt  0.787422 0.952291 0.000000
vt  0.670725 0.951472 0.000000
vt  0.787422 0.952291 0.000000
vt  0.671325 0.869170 0.000000
vt  0.787422 0.952291 0.000000
vt  0.670725 0.951472 0.000000
vt  0.787422 0.952291 0.000000
vt  0.671325 0.869170 0.000000
vt  0.788039 0.869170 0.000000
vt  0.671325 0.869170 0.000000
vt  0.788039 0.869170 0.000000
vt  0.671325 0.869170 0.000000
vt  0.788039 0.869170 0.000000
vt  0.671325 0.869170 0.000000
vt  0.772336 0.829795 0.000000
vt  0.699509 0.829467 0.000000
vt  0.772336 0.829795 0.000000
vt  0.671325 0.869170 0.000000
vt  0.772336 0.829795 0.000000
vt  0.699509 0.829467 0.000000
vt  0.745465 0.800716 0.000000
vt  0.764431 0.007561 0.000000
vt  0.772973 0.002275 0.000000
vt  0.669076 0.019028 0.000000
vt  0.772973 0.002275 0.000000
vt  0.764431 0.007561 0.000000
vt  0.838318 0.007132 0.000000
vt  0.838318 0.007132 0.000000
vt  0.848511 0.018992 0.000000
vt  0.772973 0.002275 0.000000
vt  0.848511 0.018992 0.000000
vt  0.838318 0.007132 0.000000
vt  0.838318 0.007132 0.000000
vt  0.838318 0.007132 0.000000
vt  0.855649 0.055385 0.000000
vt  0.848511 0.018992 0.000000
vt  0.855649 0.055385 0.000000
vt  0.838318 0.007132 0.000000
vt  0.838318 0.007132 0.000000
vt  0.838318 0.007132 0.000000
vt  0.844765 0.056372 0.000000
vt  0.855649 0.055385 0.000000
vt  0.844765 0.056372 0.000000
vt  0.838318 0.007132 0.000000
vt  0.764431 0.007561 0.000000
vt  0.764431 0.007561 0.000000
vt  0.765256 0.057701 0.000000
vt  0.844765 0.056372 0.000000
vt  0.765256 0.057701 0.000000
vt  0.764431 0.007561 0.000000
vt  0.685815 0.007442 0.000000
vt  0.685815 0.007442 0.000000
vt  0.676365 0.055042 0.000000
vt  0.765256 0.057701 0.000000
vt  0.676365 0.055042 0.000000
vt  0.685815 0.007442 0.000000
vt  0.685815 0.007442 0.000000
vt  0.685815 0.007442 0.000000
vt  0.657563 0.055955 0.000000
vt  0.676365 0.055042 0.000000
vt  0.657563 0.055955 0.000000
vt  0.685815 0.007442 0.000000
vt  0.685815 0.007442 0.000000
vt  0.685815 0.007442 0.000000
vt  0.669076 0.019028 0.000000
vt  0.657563 0.055955 0.000000
vt  0.669076 0.019028 0.000000
vt  0.685815 0.007442 0.000000
vt  0.764431 0.007561 0.000000
vt  0.786412 0.942936 0.000000
vt  0.684695 0.942936 0.000000
vt  0.723585 0.935956 0.000000
vt  0.684695 0.942936 0.000000
vt  0.786412 0.942936 0.000000
vt  0.786412 0.955935 0.000000
vt  0.786412 0.955935 0.000000
vt  0.660759 0.955935 0.000000
vt  0.684695 0.942936 0.000000
vt  0.660759 0.955935 0.000000
vt  0.786412 0.955935 0.000000
vt  0.786412 0.968934 0.000000
vt  0.786412 0.968934 0.000000
vt  0.660759 0.968934 0.000000
vt  0.660759 0.955935 0.000000
vt  0.660759 0.968934 0.000000
vt  0.786412 0.968934 0.000000
vt  0.786412 0.994933 0.000000
vt  0.786412 0.994933 0.000000
vt  0.660759 0.994933 0.000000
vt  0.660759 0.968934 0.000000
vt  0.745561 0.798442 0.000000
vt  0.755365 0.809680 0.000000
vt  0.681133 0.812134 0.000000
vt  0.776385 0.805622 0.000000
vt  0.663121 0.805622 0.000000
vt  0.719753 0.805622 0.000000
vt  0.663121 0.805622 0.000000
vt  0.776385 0.805622 0.000000
vt  0.776385 0.852035 0.000000
vt  0.776385 0.852035 0.000000
vt  0.663121 0.852035 0.000000
vt  0.663121 0.805622 0.000000
vt  0.663121 0.852035 0.000000
vt  0.776385 0.852035 0.000000
vt  0.776385 0.898449 0.000000
vt  0.776385 0.898449 0.000000
vt  0.663121 0.898449 0.000000
vt  0.663121 0.852035 0.000000
vt  0.663121 0.898449 0.000000
vt  0.776385 0.898449 0.000000
vt  0.776385 0.944863 0.000000
vt  0.776385 0.944863 0.000000
vt  0.663121 0.944863 0.000000
vt  0.663121 0.898449 0.000000
vt  0.663121 0.944863 0.000000
vt  0.776385 0.944863 0.000000
vt  0.776385 0.991276 0.000000
vt  0.776385 0.991276 0.000000
vt  0.663121 0.991276 0.000000
vt  0.663121 0.944863 0.000000
vt  0.745371 0.829426 0.000000
vt  0.744911 0.817510 0.000000
vt  0.777478 0.820786 0.000000
vt  0.777478 0.814009 0.000000
vt  0.777478 0.820786 0.000000
vt  0.744911 0.817510 0.000000
vt  0.777478 0.808269 0.000000
vt  0.777478 0.814009 0.000000
vt  0.755365 0.809680 0.000000
vt  0.744911 0.817510 0.000000
vt  0.755365 0.809680 0.000000
vt  0.777478 0.814009 0.000000
vt  0.681133 0.821710 0.000000
vt  0.744911 0.817510 0.000000
vt  0.681133 0.839957 0.000000
vt  0.745371 0.829426 0.000000
vt  0.681133 0.839957 0.000000
vt  0.744911 0.817510 0.000000
vt  0.755365 0.809680 0.000000
vt  0.744911 0.817510 0.000000
vt  0.681133 0.812134 0.000000
vt  0.681133 0.821710 0.000000
vt  0.681133 0.812134 0.000000
vt  0.744911 0.817510 0.000000
vt  0.681133 0.839957 0.000000
vt  0.745371 0.829426 0.000000
vt  0.681133 0.853627 0.000000
vt  0.739600 0.853400 0.000000
vt  0.681133 0.853627 0.000000
vt  0.745371 0.829426 0.000000
vt  0.681133 0.853627 0.000000
vt  0.739600 0.853400 0.000000
vt  0.681133 0.931200 0.000000
vt  0.739600 0.930929 0.000000
vt  0.681133 0.931200 0.000000
vt  0.739600 0.853400 0.000000
vt  0.681133 0.931200 0.000000
vt  0.739600 0.930929 0.000000
vt  0.681133 0.931200 0.000000
vt  0.732880 0.972145 0.000000
vt  0.681133 0.931200 0.000000
vt  0.739600 0.930929 0.000000
vt  0.681133 0.931200 0.000000
vt  0.732880 0.972145 0.000000
vt  0.681133 0.970670 0.000000
vt  0.743132 0.996247 0.000000
vt  0.681133 0.970670 0.000000
vt  0.732880 0.972145 0.000000
vt  0.681133 0.970670 0.000000
vt  0.743132 0.996247 0.000000
vt  0.681133 0.996520 0.000000
vt  0.766836 0.976288 0.000000
vt  0.675548 0.966123 0.000000
vt  0.675548 0.976288 0.000000
vt  0.675548 0.966123 0.000000
vt  0.766836 0.976288 0.000000
vt  0.766836 0.966123 0.000000
vt  0.766836 0.966123 0.000000
vt  0.675548 0.962597 0.000000
vt  0.675548 0.966123 0.000000
vt  0.675548 0.962597 0.000000
vt  0.766836 0.966123 0.000000
vt  0.766836 0.962597 0.000000
vt  0.766836 0.962597 0.000000
vt  0.675548 0.961024 0.000000
vt  0.675548 0.962597 0.000000
vt  0.675548 0.961024 0.000000
vt  0.766836 0.962597 0.000000
vt  0.766836 0.961024 0.000000
vt  0.766836 0.961024 0.000000
vt  0.675548 0.957107 0.000000
vt  0.675548 0.961024 0.000000
vt  0.675548 0.957107 0.000000
vt  0.766836 0.961024 0.000000
vt  0.766836 0.957107 0.000000
vt  0.766836 0.957107 0.000000
vt  0.721192 0.947344 0.000000
vt  0.675548 0.957107 0.000000
vt  0.798019 0.801054 0.000000
vt  0.680849 0.803756 0.000000
vt  0.785570 0.804548 0.000000
vt  0.680799 0.806190 0.000000
vt  0.785570 0.804548 0.000000
vt  0.680849 0.803756 0.000000
vt  0.785570 0.804548 0.000000
vt  0.680799 0.806190 0.000000
vt  0.785618 0.806786 0.000000
vt  0.680736 0.809232 0.000000
vt  0.785618 0.806786 0.000000
vt  0.680799 0.806190 0.000000
vt  0.785618 0.806786 0.000000
vt  0.680736 0.809232 0.000000
vt  0.785683 0.809799 0.000000
vt  0.680675 0.810764 0.000000
vt  0.785683 0.809799 0.000000
vt  0.680736 0.809232 0.000000
vt  0.785683 0.809799 0.000000
vt  0.680675 0.810764 0.000000
vt  0.785730 0.810567 0.000000
vt  0.681378 0.881167 0.000000
vt  0.785730 0.810567 0.000000
vt  0.680675 0.810764 0.000000
vt  0.785730 0.810567 0.000000
vt  0.681378 0.881167 0.000000
vt  0.785730 0.881167 0.000000
vt  0.681912 0.977445 0.000000
vt  0.785730 0.881167 0.000000
vt  0.681378 0.881167 0.000000
vt  0.785730 0.881167 0.000000
vt  0.681912 0.977445 0.000000
vt  0.785730 0.983047 0.000000
vt  0.682261 0.984684 0.000000
vt  0.785730 0.983047 0.000000
vt  0.681912 0.977445 0.000000
vt  0.785730 0.983047 0.000000
vt  0.682261 0.984684 0.000000
vt  0.787985 0.984398 0.000000
vt  0.681626 0.990332 0.000000
vt  0.787985 0.984398 0.000000
vt  0.682261 0.984684 0.000000
vt  0.787985 0.984398 0.000000
vt  0.681626 0.990332 0.000000
vt  0.787273 0.989011 0.000000
vt  0.787434 0.996809 0.000000
vt  0.787273 0.989011 0.000000
vt  0.681626 0.990332 0.000000
vt  0.679450 0.804877 0.000000
vt  0.769389 0.806904 0.000000
vt  0.679891 0.807498 0.000000
vt  0.786545 0.807554 0.000000
vt  0.679891 0.807498 0.000000
vt  0.769389 0.806904 0.000000
vt  0.679891 0.807498 0.000000
vt  0.786545 0.807554 0.000000
vt  0.694247 0.808502 0.000000
vt  0.769333 0.809465 0.000000
vt  0.694247 0.808502 0.000000
vt  0.786545 0.807554 0.000000
vt  0.694247 0.808502 0.000000
vt  0.769333 0.809465 0.000000
vt  0.680378 0.810394 0.000000
vt  0.786653 0.810647 0.000000
vt  0.680378 0.810394 0.000000
vt  0.769333 0.809465 0.000000
vt  0.680378 0.810394 0.000000
vt  0.786653 0.810647 0.000000
vt  0.680675 0.810764 0.000000
vt  0.786545 0.881167 0.000000
vt  0.680675 0.810764 0.000000
vt  0.786653 0.810647 0.000000
vt  0.680675 0.810764 0.000000
vt  0.786545 0.881167 0.000000
vt  0.681378 0.881167 0.000000
vt  0.786865 0.983568 0.000000
vt  0.681378 0.881167 0.000000
vt  0.786545 0.881167 0.000000
vt  0.681378 0.881167 0.000000
vt  0.786865 0.983568 0.000000
vt  0.681912 0.977445 0.000000
vt  0.786216 0.984734 0.000000
vt  0.681912 0.977445 0.000000
vt  0.786865 0.983568 0.000000
vt  0.681912 0.977445 0.000000
vt  0.786216 0.984734 0.000000
vt  0.682261 0.984684 0.000000
vt  0.785958 0.989950 0.000000
vt  0.682261 0.984684 0.000000
vt  0.786216 0.984734 0.000000
vt  0.682261 0.984684 0.000000
vt  0.785958 0.989950 0.000000
vt  0.681626 0.990332 0.000000
vt  0.681760 0.994932 0.000000
vt  0.681626 0.990332 0.000000
vt  0.785958 0.989950 0.000000
vt  0.681626 0.990332 0.000000
vt  0.681760 0.994932 0.000000
vt  0.787434 0.996809 0.000000
vt  0.681760 0.994932 0.000000
vt  0.787434 0.996809 0.000000
vt  0.681760 0.994932 0.000000
vt  0.787434 0.996809 0.000000
vt  0.681760 0.994932 0.000000
vt  0.743637 0.996643 0.000000
vt  0.681760 0.994932 0.000000
vt  0.743637 0.996643 0.000000
vt  0.681760 0.994932 0.000000
vt  0.743637 0.996643 0.000000
vt  0.681760 0.994932 0.000000
vt  0.681805 0.996454 0.000000
vt  0.681760 0.994932 0.000000
vt  0.681805 0.996454 0.000000
vt  0.681760 0.994932 0.000000
vt  0.681805 0.996454 0.000000
vt  0.681760 0.994932 0.000000
vt  0.746780 0.996089 0.000000
vt  0.681760 0.994932 0.000000
vt  0.746780 0.996089 0.000000
vt  0.681760 0.994932 0.000000
vt  0.746780 0.996089 0.000000
vt  0.681760 0.994932 0.000000
vt  0.785499 0.995806 0.000000
vt  0.785958 0.989950 0.000000
vt  0.785499 0.995806 0.000000
vt  0.681760 0.994932 0.000000
vt  0.798231 0.803496 0.000000
vt  0.678878 0.794968 0.000000
vt  0.679450 0.804877 0.000000
vt  0.798231 0.803619 0.000000
vt  0.679450 0.804877 0.000000
vt  0.678878 0.794968 0.000000
vt  0.679450 0.804877 0.000000
vt  0.798231 0.803619 0.000000
vt  0.679450 0.804877 0.000000
vt  0.798231 0.805468 0.000000
vt  0.679450 0.804877 0.000000
vt  0.798231 0.803619 0.000000
vt  0.679450 0.804877 0.000000
vt  0.798231 0.805468 0.000000
vt  0.679450 0.804877 0.000000
vt  0.679616 0.805862 0.000000
vt  0.679450 0.804877 0.000000
vt  0.798231 0.805468 0.000000
vt  0.679450 0.804877 0.000000
vt  0.679616 0.805862 0.000000
vt  0.798231 0.803496 0.000000
vt  0.798231 0.803759 0.000000
vt  0.798231 0.803496 0.000000
vt  0.679616 0.805862 0.000000
vt  0.945340 0.937926 0.000000
vt  0.945340 0.921999 0.000000
vt  0.935086 0.937926 0.000000
vt  0.935086 0.922078 0.000000
vt  0.935086 0.937926 0.000000
vt  0.945340 0.921999 0.000000
vt  0.945340 0.937926 0.000000
vt  0.935086 0.937926 0.000000
vt  0.945340 0.921999 0.000000
vt  0.935086 0.922078 0.000000
vt  0.945340 0.921999 0.000000
vt  0.935086 0.937926 0.000000
vt  0.931120 0.899856 0.000000
vt  0.931120 0.951659 0.000000
vt  0.947502 0.899938 0.000000
vt  0.947502 0.951659 0.000000
vt  0.947502 0.899938 0.000000
vt  0.931120 0.951659 0.000000
vt  0.947502 0.951659 0.000000
vt  0.947502 0.899938 0.000000
vt  0.931120 0.951659 0.000000
vt  0.931120 0.899856 0.000000
vt  0.931120 0.951659 0.000000
vt  0.947502 0.899938 0.000000
vt  0.732204 0.796912 0.000000
vt  0.754559 0.803743 0.000000
vt  0.713066 0.803743 0.000000
vt  0.775387 0.810014 0.000000
vt  0.713066 0.803743 0.000000
vt  0.754559 0.803743 0.000000
vt  0.713066 0.803743 0.000000
vt  0.775387 0.810014 0.000000
vt  0.693290 0.810803 0.000000
vt  0.775387 0.810014 0.000000
vt  0.693290 0.810803 0.000000
vt  0.775387 0.810014 0.000000
vt  0.693290 0.810803 0.000000
vt  0.775387 0.810014 0.000000
vt  0.693290 0.816627 0.000000
vt  0.775387 0.822388 0.000000
vt  0.693290 0.816627 0.000000
vt  0.775387 0.810014 0.000000
vt  0.693290 0.816627 0.000000
vt  0.775387 0.822388 0.000000
vt  0.693290 0.826816 0.000000
vt  0.775387 0.831936 0.000000
vt  0.693290 0.826816 0.000000
vt  0.775387 0.822388 0.000000
vt  0.693290 0.826816 0.000000
vt  0.775387 0.831936 0.000000
vt  0.693290 0.831936 0.000000
vt  0.775387 0.851603 0.000000
vt  0.693290 0.831936 0.000000
vt  0.775387 0.831936 0.000000
vt  0.693290 0.831936 0.000000
vt  0.775387 0.851603 0.000000
vt  0.693290 0.851603 0.000000
vt  0.775387 0.851603 0.000000
vt  0.693290 0.851603 0.000000
vt  0.775387 0.851603 0.000000
vt  0.693290 0.851603 0.000000
vt  0.775387 0.851603 0.000000
vt  0.693290 0.799856 0.000000
vt  0.775387 0.799536 0.000000
vt  0.693290 0.799856 0.000000
vt  0.775387 0.851603 0.000000
vt  0.790218 0.995380 0.000000
vt  0.670485 0.995380 0.000000
vt  0.789643 0.963398 0.000000
vt  0.670725 0.967001 0.000000
vt  0.789643 0.963398 0.000000
vt  0.670485 0.995380 0.000000
vt  0.789643 0.963398 0.000000
vt  0.670725 0.967001 0.000000
vt  0.789643 0.963398 0.000000
vt  0.671348 0.855017 0.000000
vt  0.789643 0.963398 0.000000
vt  0.670725 0.967001 0.000000
vt  0.789643 0.963398 0.000000
vt  0.671348 0.855017 0.000000
vt  0.790338 0.855017 0.000000
vt  0.671348 0.855017 0.000000
vt  0.790338 0.855017 0.000000
vt  0.671348 0.855017 0.000000
vt  0.790338 0.855017 0.000000
vt  0.671348 0.855017 0.000000
vt  0.791108 0.829795 0.000000
vt  0.672164 0.829467 0.000000
vt  0.791108 0.829795 0.000000
vt  0.671348 0.855017 0.000000
vt  0.791108 0.829795 0.000000
vt  0.672164 0.829467 0.000000
vt  0.745465 0.800716 0.000000
vt  0.790162 0.931767 0.000000
vt  0.676722 0.891049 0.000000
vt  0.676722 0.941021 0.000000
vt  0.676722 0.891049 0.000000
vt  0.790162 0.931767 0.000000
vt  0.790162 0.881177 0.000000
vt  0.790162 0.881177 0.000000
vt  0.676722 0.891049 0.000000
vt  0.676722 0.891049 0.000000
vt  0.676722 0.891049 0.000000
vt  0.790162 0.881177 0.000000
vt  0.733442 0.859401 0.000000
vt  0.733442 0.859401 0.000000
vt  0.676722 0.879283 0.000000
vt  0.676722 0.891049 0.000000
vt  0.676722 0.879283 0.000000
vt  0.733442 0.859401 0.000000
vt  0.721087 0.826324 0.000000
vt  0.721087 0.826324 0.000000
vt  0.676722 0.826557 0.000000
vt  0.676722 0.879283 0.000000
vt  0.676722 0.826557 0.000000
vt  0.721087 0.826324 0.000000
vt  0.721087 0.826324 0.000000
vt  0.721087 0.826324 0.000000
vt  0.689685 0.823084 0.000000
vt  0.676722 0.826557 0.000000
vt  0.689685 0.823084 0.000000
vt  0.721087 0.826324 0.000000
vt  0.721087 0.826324 0.000000
vt  0.721087 0.826324 0.000000
vt  0.702649 0.819611 0.000000
vt  0.689685 0.823084 0.000000
vt  0.702649 0.819611 0.000000
vt  0.721087 0.826324 0.000000
vt  0.724831 0.819495 0.000000
vt  0.724831 0.819495 0.000000
vt  0.728575 0.812666 0.000000
vt  0.702649 0.819611 0.000000
vt  0.790162 0.881177 0.000000
vt  0.790162 0.839518 0.000000
vt  0.733442 0.859401 0.000000
vt  0.765452 0.826092 0.000000
vt  0.733442 0.859401 0.000000
vt  0.790162 0.839518 0.000000
vt  0.733442 0.859401 0.000000
vt  0.765452 0.826092 0.000000
vt  0.721087 0.826324 0.000000
vt  0.747013 0.819379 0.000000
vt  0.721087 0.826324 0.000000
vt  0.765452 0.826092 0.000000
vt  0.721087 0.826324 0.000000
vt  0.747013 0.819379 0.000000
vt  0.722959 0.822910 0.000000
vt  0.747013 0.819379 0.000000
vt  0.722959 0.822910 0.000000
vt  0.747013 0.819379 0.000000
vt  0.722959 0.822910 0.000000
vt  0.747013 0.819379 0.000000
vt  0.724831 0.819495 0.000000
vt  0.747013 0.819379 0.000000
vt  0.724831 0.819495 0.000000
vt  0.747013 0.819379 0.000000
vt  0.724831 0.819495 0.000000
vt  0.747013 0.819379 0.000000
vt  0.728575 0.812666 0.000000
vt  0.997988 0.866144 0.000000
vt  0.930857 0.773024 0.000000
vt  0.930857 0.866144 0.000000
vt  0.930857 0.773024 0.000000
vt  0.997988 0.866144 0.000000
vt  0.997988 0.773024 0.000000
vt  0.997988 0.773024 0.000000
vt  0.930857 0.757469 0.000000
vt  0.930857 0.773024 0.000000
vt  0.930857 0.757469 0.000000
vt  0.997988 0.773024 0.000000
vt  0.997988 0.757469 0.000000
vt  0.945337 0.918890 0.000000
vt  0.935417 0.918486 0.000000
vt  0.940796 0.900486 0.000000
vt  0.935417 0.918486 0.000000
vt  0.945337 0.918890 0.000000
vt  0.945337 0.918890 0.000000
vt  0.945337 0.918890 0.000000
vt  0.935417 0.940621 0.000000
vt  0.935417 0.918486 0.000000
vt  0.935417 0.940621 0.000000
vt  0.945337 0.918890 0.000000
vt  0.945337 0.940621 0.000000
vt  0.505181 0.806011 0.000000
vt  0.537417 0.757975 0.000000
vt  0.505181 0.763750 0.000000
vt  0.537417 0.757975 0.000000
vt  0.505181 0.806011 0.000000
vt  0.537417 0.813992 0.000000
vt  0.537417 0.813992 0.000000
vt  0.586913 0.771194 0.000000
vt  0.537417 0.757975 0.000000
vt  0.586913 0.771194 0.000000
vt  0.537417 0.813992 0.000000
vt  0.586913 0.809155 0.000000
vt  0.136963 0.874698 0.000000
vt  0.138963 0.878098 0.000000
vt  0.134963 0.878098 0.000000
vt  0.138963 0.878098 0.000000
vt  0.136963 0.874698 0.000000
vt  0.136963 0.874698 0.000000
vt  0.136963 0.874698 0.000000
vt  0.140963 0.874698 0.000000
vt  0.138963 0.878098 0.000000
vt  0.140963 0.874698 0.000000
vt  0.136963 0.874698 0.000000
vt  0.136963 0.874698 0.000000
vt  0.136963 0.874698 0.000000
vt  0.138963 0.871298 0.000000
vt  0.140963 0.874698 0.000000
vt  0.138963 0.871298 0.000000
vt  0.136963 0.874698 0.000000
vt  0.136963 0.874698 0.000000
vt  0.136963 0.874698 0.000000
vt  0.134963 0.871298 0.000000
vt  0.138963 0.871298 0.000000
vt  0.134963 0.871298 0.000000
vt  0.136963 0.874698 0.000000
vt  0.136963 0.874698 0.000000
vt  0.136963 0.874698 0.000000
vt  0.132963 0.874698 0.000000
vt  0.134963 0.871298 0.000000
vt  0.132963 0.874698 0.000000
vt  0.136963 0.874698 0.000000
vt  0.134963 0.878098 0.000000
vt  0.138963 0.878098 0.000000
vt  0.136963 0.874698 0.000000
vt  0.134963 0.878098 0.000000
vt  0.136963 0.874698 0.000000
vt  0.138963 0.878098 0.000000
vt  0.140963 0.874698 0.000000
vt  0.140963 0.874698 0.000000
vt  0.136963 0.874698 0.000000
vt  0.136963 0.874698 0.000000
vt  0.136963 0.874698 0.000000
vt  0.140963 0.874698 0.000000
vt  0.138963 0.871298 0.000000
vt  0.138963 0.871298 0.000000
vt  0.136963 0.874698 0.000000
vt  0.136963 0.874698 0.000000
vt  0.136963 0.874698 0.000000
vt  0.138963 0.871298 0.000000
vt  0.134963 0.871298 0.000000
vt  0.134963 0.871298 0.000000
vt  0.136963 0.874698 0.000000
vt  0.136963 0.874698 0.000000
vt  0.136963 0.874698 0.000000
vt  0.134963 0.871298 0.000000
vt  0.132963 0.874698 0.000000
vt  0.132963 0.874698 0.000000
vt  0.134963 0.878098 0.000000
vt  0.136963 0.874698 0.000000
vt  0.787997 0.995380 0.000000
vt  0.670485 0.995380 0.000000
vt  0.787422 0.952291 0.000000
vt  0.662335 0.965922 0.000000
vt  0.787422 0.952291 0.000000
vt  0.670485 0.995380 0.000000
vt  0.787422 0.952291 0.000000
vt  0.662335 0.965922 0.000000
vt  0.787422 0.952291 0.000000
vt  0.671624 0.869170 0.000000
vt  0.787422 0.952291 0.000000
vt  0.662335 0.965922 0.000000
vt  0.787422 0.952291 0.000000
vt  0.671624 0.869170 0.000000
vt  0.788256 0.869170 0.000000
vt  0.671624 0.869170 0.000000
vt  0.788256 0.869170 0.000000
vt  0.671624 0.869170 0.000000
vt  0.788256 0.869170 0.000000
vt  0.671624 0.869170 0.000000
vt  0.788886 0.829795 0.000000
vt  0.672164 0.829467 0.000000
vt  0.788886 0.829795 0.000000
vt  0.671624 0.869170 0.000000
vt  0.788886 0.829795 0.000000
vt  0.672164 0.829467 0.000000
vt  0.745465 0.800716 0.000000
vt  0.023888 0.973206 0.000000
vt  0.008660 0.996635 0.000000
vt  0.005517 0.972082 0.000000
vt  0.008660 0.996635 0.000000
vt  0.023888 0.973206 0.000000
vt  0.064559 0.974119 0.000000
vt  0.064559 0.974119 0.000000
vt  0.064559 0.996635 0.000000
vt  0.008660 0.996635 0.000000
vt  0.064559 0.996635 0.000000
vt  0.064559 0.974119 0.000000
vt  0.064559 0.974119 0.000000
vt  0.064559 0.974119 0.000000
vt  0.008660 0.996635 0.000000
vt  0.064559 0.996635 0.000000
vt  0.008660 0.996635 0.000000
vt  0.064559 0.974119 0.000000
vt  0.023888 0.973206 0.000000
vt  0.023888 0.973206 0.000000
vt  0.005517 0.972082 0.000000
vt  0.008660 0.996635 0.000000
vt  0.787398 0.986882 0.000000
vt  0.670485 0.986882 0.000000
vt  0.787422 0.943794 0.000000
vt  0.670725 0.942975 0.000000
vt  0.787422 0.943794 0.000000
vt  0.670485 0.986882 0.000000

vn  -0.960746 0.273900 -0.044123
vn  -0.960746 0.273900 -0.044123
vn  -0.960746 0.273900 -0.044123
vn  -0.926865 0.127513 0.353076
vn  -0.926865 0.127513 0.353076
vn  -0.721698 0.080930 0.687461
vn  -0.666574 -0.067371 0.742388
vn  -0.721698 0.080930 0.687461
vn  -0.926865 0.127513 0.353076
vn  -0.721698 0.080930 0.687461
vn  -0.666574 -0.067371 0.742388
vn  -0.355757 -0.031561 0.934045
vn  -0.789988 0.315471 0.525735
vn  -0.789988 0.315471 0.525735
vn  -0.789988 0.315471 0.525735
vn  -0.789988 0.315471 0.525735
vn  -0.789988 0.315471 0.525735
vn  -0.787276 0.331756 0.519744
vn  -0.787276 0.331756 0.519744
vn  -0.787276 0.331756 0.519744
vn  -0.789988 0.315471 0.525735
vn  -0.787276 0.331756 0.519744
vn  -0.787276 0.331756 0.519744
vn  -0.910165 0.260739 0.321893
vn  -0.910165 0.260739 0.321893
vn  -0.829904 0.526877 0.183465
vn  -0.787276 0.331756 0.519744
vn  0.359198 0.849620 -0.386164
vn  0.359198 0.849620 -0.386164
vn  0.128968 0.812170 -0.568987
vn  0.249744 0.964943 -0.080709
vn  0.128968 0.812170 -0.568987
vn  0.359198 0.849620 -0.386164
vn  0.128968 0.812170 -0.568987
vn  0.249744 0.964943 -0.080709
vn  0.008476 0.613970 0.789284
vn  -0.223501 0.917108 0.330091
vn  0.008476 0.613970 0.789284
vn  0.249744 0.964943 -0.080709
vn  0.000734 0.990056 -0.140674
vn  0.413330 0.851002 0.323965
vn  0.425212 0.902548 -0.067840
vn  0.402237 0.439792 0.802987
vn  0.294421 0.451127 0.842497
vn  0.402237 0.439792 0.802987
vn  0.294421 0.451127 0.842497
vn  0.402237 0.439792 0.802987
vn  0.413330 0.851002 0.323965
vn  0.413330 0.851002 0.323965
vn  0.000000 0.795580 0.605848
vn  0.294421 0.451127 0.842497
vn  0.000000 0.795580 0.605848
vn  0.413330 0.851002 0.323965
vn  0.000734 0.990056 -0.140674
vn  0.000734 0.990056 -0.140674
vn  -0.412811 0.851151 0.324236
vn  0.000000 0.795580 0.605848
vn  -0.412811 0.851151 0.324236
vn  0.000734 0.990056 -0.140674
vn  -0.424713 0.902832 -0.067180
vn  -0.424713 0.902832 -0.067180
vn  -0.597477 0.735716 0.318971
vn  -0.412811 0.851151 0.324236
vn  -0.597477 0.735716 0.318971
vn  -0.424713 0.902832 -0.067180
vn  -0.829904 0.526877 0.183465
vn  -0.829904 0.526877 0.183465
vn  -0.681827 0.358850 0.637447
vn  -0.597477 0.735716 0.318971
vn  -0.681827 0.358850 0.637447
vn  -0.829904 0.526877 0.183465
vn  -0.849867 0.216865 0.480308
vn  -0.849867 0.216865 0.480308
vn  -0.473782 0.113944 0.873240
vn  -0.681827 0.358850 0.637447
vn  -0.473782 0.113944 0.873240
vn  -0.849867 0.216865 0.480308
vn  -0.721698 0.080930 0.687461
vn  -0.721698 0.080930 0.687461
vn  -0.354133 0.156706 0.921972
vn  -0.473782 0.113944 0.873240
vn  -0.354133 0.156706 0.921972
vn  -0.721698 0.080930 0.687461
vn  -0.315097 0.146043 0.937756
vn  -0.315097 0.146043 0.937756
vn  -0.336790 0.245764 0.908940
vn  -0.354133 0.156706 0.921972
vn  -0.336790 0.245764 0.908940
vn  -0.315097 0.146043 0.937756
vn  -0.370026 0.145796 0.917510
vn  -0.370026 0.145796 0.917510
vn  -0.269843 0.076830 0.959834
vn  -0.336790 0.245764 0.908940
vn  -0.269843 0.076830 0.959834
vn  -0.370026 0.145796 0.917510
vn  -0.274826 0.014875 0.961379
vn  -0.274826 0.014875 0.961379
vn  -0.256719 0.097297 0.961576
vn  -0.269843 0.076830 0.959834
vn  -0.256719 0.097297 0.961576
vn  -0.274826 0.014875 0.961379
vn  -0.291342 -0.038371 0.955849
vn  -0.291342 -0.038371 0.955849
vn  -0.376426 0.087073 0.922346
vn  -0.256719 0.097297 0.961576
vn  -0.376426 0.087073 0.922346
vn  -0.291342 -0.038371 0.955849
vn  -0.389497 0.145436 0.909473
vn  -0.389497 0.145436 0.909473
vn  -0.681827 0.358850 0.637447
vn  -0.376426 0.087073 0.922346
vn  -0.681827 0.358850 0.637447
vn  -0.389497 0.145436 0.909473
vn  -0.402461 0.439845 0.802846
vn  -0.402461 0.439845 0.802846
vn  -0.597477 0.735716 0.318971
vn  -0.681827 0.358850 0.637447
vn  -0.597477 0.735716 0.318971
vn  -0.402461 0.439845 0.802846
vn  -0.402461 0.439845 0.802846
vn  -0.402461 0.439845 0.802846
vn  -0.412811 0.851151 0.324236
vn  -0.597477 0.735716 0.318971
vn  -0.412811 0.851151 0.324236
vn  -0.402461 0.439845 0.802846
vn  -0.294421 0.451128 0.842496
vn  -0.294421 0.451128 0.842496
vn  0.000000 0.795580 0.605848
vn  -0.412811 0.851151 0.324236
vn  0.000000 0.795580 0.605848
vn  -0.294421 0.451128 0.842496
vn  0.000000 0.394545 0.918877
vn  0.000000 0.394545 0.918877
vn  0.294421 0.451127 0.842497
vn  0.000000 0.795580 0.605848
vn  0.294421 0.451127 0.842497
vn  0.000000 0.394545 0.918877
vn  0.213947 0.378088 0.900709
vn  0.213947 0.378088 0.900709
vn  0.294421 0.451127 0.842497
vn  0.294421 0.451127 0.842497
vn  0.294421 0.451127 0.842497
vn  0.213947 0.378088 0.900709
vn  0.266888 0.324717 0.907375
vn  0.266888 0.324717 0.907375
vn  0.402237 0.439792 0.802987
vn  0.294421 0.451127 0.842497
vn  0.402237 0.439792 0.802987
vn  0.266888 0.324717 0.907375
vn  0.309564 0.097715 0.945845
vn  0.309564 0.097715 0.945845
vn  0.388880 0.145721 0.909691
vn  0.402237 0.439792 0.802987
vn  0.388880 0.145721 0.909691
vn  0.309564 0.097715 0.945845
vn  0.291501 -0.037803 0.955823
vn  0.291501 -0.037803 0.955823
vn  0.376158 0.087369 0.922427
vn  0.388880 0.145721 0.909691
vn  0.376158 0.087369 0.922427
vn  0.291501 -0.037803 0.955823
vn  0.263102 0.120897 0.957163
vn  0.263102 0.120897 0.957163
vn  0.312113 0.086643 0.946086
vn  0.376158 0.087369 0.922427
vn  0.312113 0.086643 0.946086
vn  0.263102 0.120897 0.957163
vn  0.337104 0.172044 0.925614
vn  0.337104 0.172044 0.925614
vn  0.442801 0.110787 0.889749
vn  0.312113 0.086643 0.946086
vn  0.442801 0.110787 0.889749
vn  0.337104 0.172044 0.925614
vn  0.722275 0.056225 0.689316
vn  0.722275 0.056225 0.689316
vn  0.838993 0.218462 0.498362
vn  0.442801 0.110787 0.889749
vn  0.838993 0.218462 0.498362
vn  0.722275 0.056225 0.689316
vn  0.920847 0.244093 0.304070
vn  0.920847 0.244093 0.304070
vn  0.838993 0.218462 0.498362
vn  0.838993 0.218462 0.498362
vn  0.838993 0.218462 0.498362
vn  0.920847 0.244093 0.304070
vn  0.823560 0.539777 0.174328
vn  0.823560 0.539777 0.174328
vn  0.663499 0.369768 0.650416
vn  0.838993 0.218462 0.498362
vn  0.663499 0.369768 0.650416
vn  0.823560 0.539777 0.174328
vn  0.597001 0.736266 0.318594
vn  0.597001 0.736266 0.318594
vn  0.402237 0.439792 0.802987
vn  0.663499 0.369768 0.650416
vn  0.402237 0.439792 0.802987
vn  0.597001 0.736266 0.318594
vn  0.597001 0.736266 0.318594
vn  0.597001 0.736266 0.318594
vn  0.413330 0.851002 0.323965
vn  0.402237 0.439792 0.802987
vn  0.413330 0.851002 0.323965
vn  0.597001 0.736266 0.318594
vn  0.597001 0.736266 0.318594
vn  0.597001 0.736266 0.318594
vn  0.425212 0.902548 -0.067840
vn  0.413330 0.851002 0.323965
vn  0.425212 0.902548 -0.067840
vn  0.597001 0.736266 0.318594
vn  0.823560 0.539777 0.174328
vn  0.442801 0.110787 0.889749
vn  0.838993 0.218462 0.498362
vn  0.663499 0.369768 0.650416
vn  0.312113 0.086643 0.946086
vn  0.442801 0.110787 0.889749
vn  0.376158 0.087369 0.922427
vn  0.663499 0.369768 0.650416
vn  0.376158 0.087369 0.922427
vn  0.442801 0.110787 0.889749
vn  0.376158 0.087369 0.922427
vn  0.663499 0.369768 0.650416
vn  0.388880 0.145721 0.909691
vn  0.402237 0.439792 0.802987
vn  0.388880 0.145721 0.909691
vn  0.663499 0.369768 0.650416
vn  -0.681827 0.358850 0.637447
vn  -0.681827 0.358850 0.637447
vn  -0.376426 0.087073 0.922346
vn  -0.473782 0.113944 0.873240
vn  -0.376426 0.087073 0.922346
vn  -0.681827 0.358850 0.637447
vn  -0.376426 0.087073 0.922346
vn  -0.473782 0.113944 0.873240
vn  -0.315244 0.103698 0.943328
vn  -0.354133 0.156706 0.921972
vn  -0.315244 0.103698 0.943328
vn  -0.473782 0.113944 0.873240
vn  -0.315244 0.103698 0.943328
vn  -0.354133 0.156706 0.921972
vn  -0.315244 0.103698 0.943328
vn  -0.336790 0.245764 0.908940
vn  -0.315244 0.103698 0.943328
vn  -0.354133 0.156706 0.921972
vn  -0.315244 0.103698 0.943328
vn  -0.336790 0.245764 0.908940
vn  -0.256719 0.097297 0.961576
vn  -0.269843 0.076830 0.959834
vn  -0.256719 0.097297 0.961576
vn  -0.336790 0.245764 0.908940
vn  -0.256719 0.097297 0.961576
vn  -0.376426 0.087073 0.922346
vn  -0.315244 0.103698 0.943328
vn  -0.849867 0.216865 0.480308
vn  -0.910165 0.260739 0.321893
vn  -0.721698 0.080930 0.687461
vn  -0.910165 0.260739 0.321893
vn  -0.849867 0.216865 0.480308
vn  -0.829904 0.526877 0.183465
vn  -0.389497 0.145436 0.909473
vn  -0.309568 0.097671 0.945848
vn  -0.402461 0.439845 0.802846
vn  -0.309568 0.097671 0.945848
vn  -0.389497 0.145436 0.909473
vn  -0.291342 -0.038371 0.955849
vn  0.269847 0.076832 0.959833
vn  0.275051 0.015212 0.961309
vn  0.269847 0.076832 0.959833
vn  0.275051 0.015212 0.961309
vn  0.269847 0.076832 0.959833
vn  0.263102 0.120897 0.957163
vn  0.263102 0.120897 0.957163
vn  0.291501 -0.037803 0.955823
vn  0.275051 0.015212 0.961309
vn  0.000084 -0.105068 0.994465
vn  -0.315097 0.146043 0.937756
vn  -0.355757 -0.031561 0.934045
vn  -0.721698 0.080930 0.687461
vn  -0.355757 -0.031561 0.934045
vn  -0.315097 0.146043 0.937756
vn  0.722275 0.056225 0.689316
vn  0.722275 0.056225 0.689316
vn  0.368013 -0.034924 0.929165
vn  0.315162 0.145815 0.937769
vn  0.368013 -0.034924 0.929165
vn  0.722275 0.056225 0.689316
vn  0.368013 -0.034924 0.929165
vn  0.315162 0.145815 0.937769
vn  0.000084 -0.105068 0.994465
vn  0.000124 -0.004972 0.999988
vn  0.000084 -0.105068 0.994465
vn  0.315162 0.145815 0.937769
vn  0.000084 -0.105068 0.994465
vn  0.000124 -0.004972 0.999988
vn  -0.315097 0.146043 0.937756
vn  0.000000 0.165198 0.986260
vn  -0.315097 0.146043 0.937756
vn  0.000124 -0.004972 0.999988
vn  -0.315097 0.146043 0.937756
vn  0.000000 0.165198 0.986260
vn  -0.370026 0.145796 0.917510
vn  0.000047 -0.004976 0.999988
vn  -0.370026 0.145796 0.917510
vn  0.000000 0.165198 0.986260
vn  -0.370026 0.145796 0.917510
vn  0.000047 -0.004976 0.999988
vn  -0.274826 0.014875 0.961379
vn  0.000047 -0.004976 0.999988
vn  -0.274826 0.014875 0.961379
vn  0.000047 -0.004976 0.999988
vn  -0.274826 0.014875 0.961379
vn  0.000047 -0.004976 0.999988
vn  -0.291342 -0.038371 0.955849
vn  -0.348176 0.142975 0.926462
vn  -0.291342 -0.038371 0.955849
vn  0.000047 -0.004976 0.999988
vn  -0.291342 -0.038371 0.955849
vn  -0.348176 0.142975 0.926462
vn  -0.309568 0.097671 0.945848
vn  -0.266810 0.324824 0.907360
vn  -0.309568 0.097671 0.945848
vn  -0.348176 0.142975 0.926462
vn  -0.309568 0.097671 0.945848
vn  -0.266810 0.324824 0.907360
vn  -0.402461 0.439845 0.802846
vn  -0.266810 0.324824 0.907360
vn  -0.402461 0.439845 0.802846
vn  -0.266810 0.324824 0.907360
vn  -0.402461 0.439845 0.802846
vn  -0.266810 0.324824 0.907360
vn  -0.294421 0.451128 0.842496
vn  -0.213946 0.378088 0.900709
vn  -0.294421 0.451128 0.842496
vn  -0.266810 0.324824 0.907360
vn  -0.294421 0.451128 0.842496
vn  -0.213946 0.378088 0.900709
vn  0.000000 0.394545 0.918877
vn  0.000001 0.406351 0.913717
vn  0.000000 0.394545 0.918877
vn  -0.213946 0.378088 0.900709
vn  0.000000 0.394545 0.918877
vn  0.000001 0.406351 0.913717
vn  0.213947 0.378088 0.900709
vn  0.370026 0.145795 0.917510
vn  0.315162 0.145815 0.937769
vn  0.339437 0.265337 0.902429
vn  0.315162 0.145815 0.937769
vn  0.370026 0.145795 0.917510
vn  0.000000 0.165198 0.986260
vn  0.000000 0.165198 0.986260
vn  0.000124 -0.004972 0.999988
vn  0.315162 0.145815 0.937769
vn  0.000000 0.165198 0.986260
vn  0.370026 0.145795 0.917510
vn  0.000047 -0.004976 0.999988
vn  -0.348176 0.142975 0.926462
vn  -0.264345 0.318731 0.910237
vn  -0.266810 0.324824 0.907360
vn  -0.264345 0.318731 0.910237
vn  -0.348176 0.142975 0.926462
vn  0.000000 0.405293 0.914187
vn  0.000000 0.405293 0.914187
vn  -0.000001 0.355281 0.934760
vn  -0.264345 0.318731 0.910237
vn  -0.000001 0.355281 0.934760
vn  0.000000 0.405293 0.914187
vn  0.000000 0.405293 0.914187
vn  0.000000 0.405293 0.914187
vn  0.264345 0.318730 0.910238
vn  -0.000001 0.355281 0.934760
vn  0.264345 0.318730 0.910238
vn  0.000000 0.405293 0.914187
vn  0.348270 0.143265 0.926382
vn  0.348270 0.143265 0.926382
vn  0.266888 0.324717 0.907375
vn  0.264345 0.318730 0.910238
vn  0.266888 0.324717 0.907375
vn  0.348270 0.143265 0.926382
vn  0.348270 0.143265 0.926382
vn  0.348270 0.143265 0.926382
vn  0.309564 0.097715 0.945845
vn  0.266888 0.324717 0.907375
vn  0.309564 0.097715 0.945845
vn  0.348270 0.143265 0.926382
vn  0.348270 0.143265 0.926382
vn  0.348270 0.143265 0.926382
vn  0.291501 -0.037803 0.955823
vn  0.309564 0.097715 0.945845
vn  0.291501 -0.037803 0.955823
vn  0.348270 0.143265 0.926382
vn  0.000047 -0.004976 0.999988
vn  0.000047 -0.004976 0.999988
vn  0.275051 0.015212 0.961309
vn  0.291501 -0.037803 0.955823
vn  0.275051 0.015212 0.961309
vn  0.000047 -0.004976 0.999988
vn  0.370026 0.145795 0.917510
vn  0.370026 0.145795 0.917510
vn  0.269847 0.076832 0.959833
vn  0.275051 0.015212 0.961309
vn  0.269847 0.076832 0.959833
vn  0.370026 0.145795 0.917510
vn  0.339437 0.265337 0.902429
vn  0.339437 0.265337 0.902429
vn  0.263102 0.120897 0.957163
vn  0.269847 0.076832 0.959833
vn  0.263102 0.120897 0.957163
vn  0.339437 0.265337 0.902429
vn  0.339437 0.265337 0.902429
vn  0.339437 0.265337 0.902429
vn  0.337104 0.172044 0.925614
vn  0.263102 0.120897 0.957163
vn  0.337104 0.172044 0.925614
vn  0.339437 0.265337 0.902429
vn  0.315162 0.145815 0.937769
vn  0.315162 0.145815 0.937769
vn  0.722275 0.056225 0.689316
vn  0.337104 0.172044 0.925614
vn  0.348270 0.143265 0.926382
vn  -0.000039 0.207192 0.978300
vn  0.000047 -0.004976 0.999988
vn  -0.000039 0.207192 0.978300
vn  0.000047 -0.004976 0.999988
vn  -0.000039 0.207192 0.978300
vn  0.000047 -0.004976 0.999988
vn  -0.000039 0.207192 0.978300
vn  -0.348176 0.142975 0.926462
vn  -0.000039 0.207192 0.978300
vn  -0.348176 0.142975 0.926462
vn  -0.000039 0.207192 0.978300
vn  -0.348176 0.142975 0.926462
vn  -0.000039 0.207192 0.978300
vn  0.000000 0.405293 0.914187
vn  0.348270 0.143265 0.926382
vn  0.000000 0.405293 0.914187
vn  -0.000039 0.207192 0.978300
vn  0.920847 0.244093 0.304070
vn  0.722275 0.056225 0.689316
vn  0.929887 0.102509 0.353273
vn  -0.477255 -0.878379 -0.026034
vn  -0.269773 -0.505429 0.819612
vn  -0.477255 -0.878379 -0.026034
vn  -0.269773 -0.505429 0.819612
vn  -0.477255 -0.878379 -0.026034
vn  0.311799 -0.759989 0.570261
vn  0.311799 -0.759989 0.570261
vn  -0.115128 -0.215133 0.969775
vn  -0.269773 -0.505429 0.819612
vn  -0.115128 -0.215133 0.969775
vn  0.311799 -0.759989 0.570261
vn  0.618230 -0.175323 0.766194
vn  0.618230 -0.175323 0.766194
vn  0.059125 -0.064944 0.996136
vn  -0.115128 -0.215133 0.969775
vn  0.618230 -0.175323 0.766194
vn  0.311799 -0.759989 0.570261
vn  0.995488 -0.085914 -0.040283
vn  0.311799 -0.759989 0.570261
vn  0.310680 -0.950305 -0.019969
vn  0.995488 -0.085914 -0.040283
vn  0.310680 -0.950305 -0.019969
vn  0.311799 -0.759989 0.570261
vn  -0.477255 -0.878379 -0.026034
vn  -0.477255 -0.878379 -0.026034
vn  0.352924 -0.720186 -0.597308
vn  0.310680 -0.950305 -0.019969
vn  0.352924 -0.720186 -0.597308
vn  -0.477255 -0.878379 -0.026034
vn  -0.372995 -0.349756 -0.859387
vn  -0.372995 -0.349756 -0.859387
vn  0.409259 0.397837 -0.821117
vn  0.352924 -0.720186 -0.597308
vn  0.409259 0.397837 -0.821117
vn  -0.372995 -0.349756 -0.859387
vn  -0.372995 -0.349756 -0.859387
vn  -0.372995 -0.349756 -0.859387
vn  0.128968 0.812170 -0.568987
vn  0.409259 0.397837 -0.821117
vn  0.128968 0.812170 -0.568987
vn  -0.372995 -0.349756 -0.859387
vn  -0.372995 -0.349756 -0.859387
vn  -0.372995 -0.349756 -0.859387
vn  -0.654187 -0.298980 -0.694730
vn  0.128968 0.812170 -0.568987
vn  -0.654187 -0.298980 -0.694730
vn  -0.372995 -0.349756 -0.859387
vn  -0.372995 -0.349756 -0.859387
vn  -0.372995 -0.349756 -0.859387
vn  -0.870498 -0.485707 -0.079515
vn  -0.654187 -0.298980 -0.694730
vn  -0.870498 -0.485707 -0.079515
vn  -0.372995 -0.349756 -0.859387
vn  -0.477255 -0.878379 -0.026034
vn  -0.477255 -0.878379 -0.026034
vn  -0.766647 -0.314143 0.559970
vn  -0.870498 -0.485707 -0.079515
vn  -0.766647 -0.314143 0.559970
vn  -0.477255 -0.878379 -0.026034
vn  -0.269773 -0.505429 0.819612
vn  -0.269773 -0.505429 0.819612
vn  0.008476 0.613970 0.789284
vn  -0.766647 -0.314143 0.559970
vn  0.008476 0.613970 0.789284
vn  -0.269773 -0.505429 0.819612
vn  -0.115128 -0.215133 0.969775
vn  -0.115128 -0.215133 0.969775
vn  -0.233292 0.849922 -0.472448
vn  0.008476 0.613970 0.789284
vn  -0.233292 0.849922 -0.472448
vn  -0.115128 -0.215133 0.969775
vn  -0.115128 -0.215133 0.969775
vn  -0.115128 -0.215133 0.969775
vn  -0.715922 -0.668677 0.200816
vn  -0.233292 0.849922 -0.472448
vn  -0.715922 -0.668677 0.200816
vn  -0.115128 -0.215133 0.969775
vn  0.059125 -0.064944 0.996136
vn  0.059125 -0.064944 0.996136
vn  -0.170292 -0.164094 0.971635
vn  -0.715922 -0.668677 0.200816
vn  -0.170292 -0.164094 0.971635
vn  0.059125 -0.064944 0.996136
vn  0.059125 -0.064944 0.996136
vn  0.059125 -0.064944 0.996136
vn  0.230775 0.798648 0.555792
vn  -0.170292 -0.164094 0.971635
vn  0.230775 0.798648 0.555792
vn  0.059125 -0.064944 0.996136
vn  0.059125 -0.064944 0.996136
vn  0.059125 -0.064944 0.996136
vn  0.485714 0.776577 0.401261
vn  0.230775 0.798648 0.555792
vn  0.485714 0.776577 0.401261
vn  0.059125 -0.064944 0.996136
vn  0.618230 -0.175323 0.766194
vn  0.618230 -0.175323 0.766194
vn  0.653597 0.748189 0.114122
vn  0.485714 0.776577 0.401261
vn  0.653597 0.748189 0.114122
vn  0.618230 -0.175323 0.766194
vn  0.995488 -0.085914 -0.040283
vn  0.409259 0.397837 -0.821117
vn  0.995488 -0.085914 -0.040283
vn  0.352924 -0.720186 -0.597308
vn  0.995488 -0.085914 -0.040283
vn  0.310680 -0.950305 -0.019969
vn  0.352924 -0.720186 -0.597308
vn  -0.721698 0.080930 0.687461
vn  -0.910165 0.260739 0.321893
vn  -0.926865 0.127513 0.353076
vn  -0.118964 -0.498994 -0.858401
vn  -0.118964 -0.498994 -0.858401
vn  -0.351553 -0.691496 -0.631066
vn  -0.009224 -0.997320 0.072581
vn  -0.351553 -0.691496 -0.631066
vn  -0.118964 -0.498994 -0.858401
vn  -0.351553 -0.691496 -0.631066
vn  -0.009224 -0.997320 0.072581
vn  -0.210170 -0.977470 -0.019502
vn  -0.009224 -0.997320 0.072581
vn  -0.210170 -0.977470 -0.019502
vn  -0.009224 -0.997320 0.072581
vn  -0.210170 -0.977470 -0.019502
vn  -0.009224 -0.997320 0.072581
vn  -0.050242 -0.512275 0.857351
vn  -0.761071 0.122039 -0.637085
vn  -0.055271 0.685194 -0.726260
vn  -0.761071 0.122039 -0.637085
vn  -0.055271 0.685194 -0.726260
vn  -0.761071 0.122039 -0.637085
vn  -0.118964 -0.498994 -0.858401
vn  -0.118964 -0.498994 -0.858401
vn  -0.495806 0.262627 -0.827770
vn  -0.055271 0.685194 -0.726260
vn  -0.495806 0.262627 -0.827770
vn  -0.118964 -0.498994 -0.858401
vn  -0.351553 -0.691496 -0.631066
vn  -0.351553 -0.691496 -0.631066
vn  -0.205333 -0.596360 -0.776011
vn  -0.495806 0.262627 -0.827770
vn  -0.205333 -0.596360 -0.776011
vn  -0.351553 -0.691496 -0.631066
vn  -0.210170 -0.977470 -0.019502
vn  -0.210170 -0.977470 -0.019502
vn  -0.126534 -0.977877 0.166573
vn  -0.205333 -0.596360 -0.776011
vn  -0.126534 -0.977877 0.166573
vn  -0.210170 -0.977470 -0.019502
vn  -0.050242 -0.512275 0.857351
vn  -0.050242 -0.512275 0.857351
vn  0.071034 -0.553517 0.829803
vn  -0.126534 -0.977877 0.166573
vn  0.071034 -0.553517 0.829803
vn  -0.050242 -0.512275 0.857351
vn  -0.001155 0.625271 0.780407
vn  -0.001155 0.625271 0.780407
vn  0.205799 0.309278 0.928436
vn  0.071034 -0.553517 0.829803
vn  0.205799 0.309278 0.928436
vn  -0.001155 0.625271 0.780407
vn  -0.001155 0.625271 0.780407
vn  -0.001155 0.625271 0.780407
vn  0.064906 0.982618 0.173923
vn  0.205799 0.309278 0.928436
vn  0.064906 0.982618 0.173923
vn  -0.001155 0.625271 0.780407
vn  -0.070316 0.984622 -0.159924
vn  -0.070316 0.984622 -0.159924
vn  -0.036306 0.884287 -0.465530
vn  0.064906 0.982618 0.173923
vn  -0.036306 0.884287 -0.465530
vn  -0.070316 0.984622 -0.159924
vn  -0.070316 0.984622 -0.159924
vn  -0.070316 0.984622 -0.159924
vn  -0.228329 0.566557 -0.791757
vn  -0.036306 0.884287 -0.465530
vn  -0.228329 0.566557 -0.791757
vn  -0.070316 0.984622 -0.159924
vn  -0.167113 0.981387 -0.094623
vn  -0.167113 0.981387 -0.094623
vn  -0.495806 0.262627 -0.827770
vn  -0.228329 0.566557 -0.791757
vn  -0.495806 0.262627 -0.827770
vn  -0.167113 0.981387 -0.094623
vn  -0.167113 0.981387 -0.094623
vn  -0.167113 0.981387 -0.094623
vn  -0.055271 0.685194 -0.726260
vn  -0.495806 0.262627 -0.827770
vn  -0.055271 0.685194 -0.726260
vn  -0.167113 0.981387 -0.094623
vn  0.032801 0.999393 0.011768
vn  0.032801 0.999393 0.011768
vn  -0.443722 0.895623 -0.031139
vn  -0.055271 0.685194 -0.726260
vn  -0.443722 0.895623 -0.031139
vn  0.032801 0.999393 0.011768
vn  -0.025158 0.673023 0.739194
vn  -0.025158 0.673023 0.739194
vn  -0.735166 0.191460 0.650288
vn  -0.443722 0.895623 -0.031139
vn  -0.735166 0.191460 0.650288
vn  -0.025158 0.673023 0.739194
vn  -0.050242 -0.512275 0.857351
vn  -0.050242 -0.512275 0.857351
vn  -0.748091 -0.515614 0.417735
vn  -0.735166 0.191460 0.650288
vn  -0.748091 -0.515614 0.417735
vn  -0.050242 -0.512275 0.857351
vn  -0.009224 -0.997320 0.072581
vn  -0.009224 -0.997320 0.072581
vn  -0.605494 -0.778423 -0.165631
vn  -0.748091 -0.515614 0.417735
vn  -0.605494 -0.778423 -0.165631
vn  -0.009224 -0.997320 0.072581
vn  -0.118964 -0.498994 -0.858401
vn  -0.118964 -0.498994 -0.858401
vn  -0.616685 -0.441958 -0.651439
vn  -0.605494 -0.778423 -0.165631
vn  -0.616685 -0.441958 -0.651439
vn  -0.118964 -0.498994 -0.858401
vn  -0.761071 0.122039 -0.637085
vn  -0.055271 0.685194 -0.726260
vn  -0.443722 0.895623 -0.031139
vn  -0.761071 0.122039 -0.637085
vn  0.032801 0.999393 0.011768
vn  -0.167113 0.981387 -0.094623
vn  -0.025158 0.673023 0.739194
vn  -0.001155 0.625271 0.780407
vn  -0.025158 0.673023 0.739194
vn  -0.167113 0.981387 -0.094623
vn  -0.025158 0.673023 0.739194
vn  -0.001155 0.625271 0.780407
vn  -0.050242 -0.512275 0.857351
vn  -0.001155 0.625271 0.780407
vn  -0.167113 0.981387 -0.094623
vn  -0.070316 0.984622 -0.159924
vn  0.205799 0.309278 0.928436
vn  0.120768 -0.588769 0.799229
vn  0.071034 -0.553517 0.829803
vn  0.085493 -0.994448 0.061358
vn  0.071034 -0.553517 0.829803
vn  0.120768 -0.588769 0.799229
vn  0.071034 -0.553517 0.829803
vn  0.085493 -0.994448 0.061358
vn  -0.126534 -0.977877 0.166573
vn  0.085493 -0.994448 0.061358
vn  -0.126534 -0.977877 0.166573
vn  0.085493 -0.994448 0.061358
vn  -0.126534 -0.977877 0.166573
vn  0.085493 -0.994448 0.061358
vn  -0.205333 -0.596360 -0.776011
vn  0.035732 -0.573243 -0.818606
vn  -0.205333 -0.596360 -0.776011
vn  0.085493 -0.994448 0.061358
vn  -0.205333 -0.596360 -0.776011
vn  0.035732 -0.573243 -0.818606
vn  -0.205333 -0.596360 -0.776011
vn  0.003440 -0.030120 -0.999540
vn  -0.205333 -0.596360 -0.776011
vn  0.035732 -0.573243 -0.818606
vn  -0.205333 -0.596360 -0.776011
vn  0.003440 -0.030120 -0.999540
vn  -0.205333 -0.596360 -0.776011
vn  -0.228329 0.566557 -0.791757
vn  -0.205333 -0.596360 -0.776011
vn  0.003440 -0.030120 -0.999540
vn  -0.205333 -0.596360 -0.776011
vn  -0.228329 0.566557 -0.791757
vn  -0.495806 0.262627 -0.827770
vn  0.433110 0.872208 -0.227308
vn  0.653597 0.748189 0.114122
vn  0.995488 -0.085914 -0.040283
vn  0.008476 0.613970 0.789284
vn  -0.359771 0.911173 -0.200821
vn  0.128968 0.812170 -0.568987
vn  0.163873 0.940906 -0.296380
vn  0.128968 0.812170 -0.568987
vn  -0.359771 0.911173 -0.200821
vn  0.128968 0.812170 -0.568987
vn  0.163873 0.940906 -0.296380
vn  0.409259 0.397837 -0.821117
vn  0.163873 0.940906 -0.296380
vn  0.409259 0.397837 -0.821117
vn  0.163873 0.940906 -0.296380
vn  0.409259 0.397837 -0.821117
vn  0.163873 0.940906 -0.296380
vn  0.995488 -0.085914 -0.040283
vn  0.163873 0.940906 -0.296380
vn  0.995488 -0.085914 -0.040283
vn  0.163873 0.940906 -0.296380
vn  0.995488 -0.085914 -0.040283
vn  0.163873 0.940906 -0.296380
vn  0.433110 0.872208 -0.227308
vn  -0.233292 0.849922 -0.472448
vn  0.433110 0.872208 -0.227308
vn  0.163873 0.940906 -0.296380
vn  0.433110 0.872208 -0.227308
vn  -0.233292 0.849922 -0.472448
vn  0.653597 0.748189 0.114122
vn  -0.233292 0.849922 -0.472448
vn  0.653597 0.748189 0.114122
vn  -0.233292 0.849922 -0.472448
vn  0.653597 0.748189 0.114122
vn  -0.233292 0.849922 -0.472448
vn  0.485714 0.776577 0.401261
vn  0.230775 0.798648 0.555792
vn  0.485714 0.776577 0.401261
vn  -0.233292 0.849922 -0.472448
vn  0.008476 0.613970 0.789284
vn  -0.233292 0.849922 -0.472448
vn  -0.359771 0.911173 -0.200821
vn  0.163873 0.940906 -0.296380
vn  -0.359771 0.911173 -0.200821
vn  -0.233292 0.849922 -0.472448
vn  0.441069 -0.894172 0.076905
vn  0.441069 -0.894172 0.076905
vn  -0.748202 -0.540993 0.384084
vn  0.389143 -0.254534 0.885314
vn  -0.748202 -0.540993 0.384084
vn  0.441069 -0.894172 0.076905
vn  -0.748202 -0.540993 0.384084
vn  0.389143 -0.254534 0.885314
vn  -0.837637 0.059437 0.542983
vn  0.228665 0.625210 0.746207
vn  -0.837637 0.059437 0.542983
vn  0.389143 -0.254534 0.885314
vn  -0.837637 0.059437 0.542983
vn  0.228665 0.625210 0.746207
vn  -0.828489 0.554542 0.078031
vn  -0.748202 -0.540993 0.384084
vn  0.441069 -0.894172 0.076905
vn  -0.748202 -0.540993 0.384084
vn  0.441069 -0.894172 0.076905
vn  -0.748202 -0.540993 0.384084
vn  -0.844460 -0.535334 -0.017463
vn  -0.844460 -0.535334 -0.017463
vn  0.441069 -0.894172 0.076905
vn  0.441069 -0.894172 0.076905
vn  0.441069 -0.894172 0.076905
vn  -0.844460 -0.535334 -0.017463
vn  -0.673941 -0.588909 -0.446083
vn  -0.673941 -0.588909 -0.446083
vn  0.562636 -0.292987 -0.773045
vn  0.441069 -0.894172 0.076905
vn  0.562636 -0.292987 -0.773045
vn  -0.673941 -0.588909 -0.446083
vn  -0.650153 0.310550 -0.693441
vn  -0.650153 0.310550 -0.693441
vn  0.562636 -0.292987 -0.773045
vn  0.562636 -0.292987 -0.773045
vn  0.562636 -0.292987 -0.773045
vn  -0.650153 0.310550 -0.693441
vn  0.503119 0.595147 -0.626634
vn  0.503119 0.595147 -0.626634
vn  0.562636 -0.292987 -0.773045
vn  0.562636 -0.292987 -0.773045
vn  0.562636 -0.292987 -0.773045
vn  0.503119 0.595147 -0.626634
vn  0.348890 0.377503 -0.857769
vn  0.348890 0.377503 -0.857769
vn  0.562636 -0.292987 -0.773045
vn  0.562636 -0.292987 -0.773045
vn  0.562636 -0.292987 -0.773045
vn  0.348890 0.377503 -0.857769
vn  0.318959 -0.529939 -0.785767
vn  0.318959 -0.529939 -0.785767
vn  0.562636 -0.292987 -0.773045
vn  0.562636 -0.292987 -0.773045
vn  0.562636 -0.292987 -0.773045
vn  0.318959 -0.529939 -0.785767
vn  0.486097 -0.866957 -0.109978
vn  0.486097 -0.866957 -0.109978
vn  0.441069 -0.894172 0.076905
vn  0.562636 -0.292987 -0.773045
vn  0.441069 -0.894172 0.076905
vn  0.486097 -0.866957 -0.109978
vn  0.351617 -0.598507 0.719829
vn  0.351617 -0.598507 0.719829
vn  0.389143 -0.254534 0.885314
vn  0.441069 -0.894172 0.076905
vn  0.389143 -0.254534 0.885314
vn  0.351617 -0.598507 0.719829
vn  0.290649 0.450233 0.844283
vn  0.290649 0.450233 0.844283
vn  0.228665 0.625210 0.746207
vn  0.389143 -0.254534 0.885314
vn  0.228665 0.625210 0.746207
vn  0.290649 0.450233 0.844283
vn  0.302309 0.953062 0.016767
vn  0.302309 0.953062 0.016767
vn  -0.828489 0.554542 0.078031
vn  0.228665 0.625210 0.746207
vn  -0.828489 0.554542 0.078031
vn  0.302309 0.953062 0.016767
vn  0.302309 0.953062 0.016767
vn  0.302309 0.953062 0.016767
vn  -0.650153 0.310550 -0.693441
vn  -0.828489 0.554542 0.078031
vn  -0.650153 0.310550 -0.693441
vn  0.302309 0.953062 0.016767
vn  0.302309 0.953062 0.016767
vn  0.302309 0.953062 0.016767
vn  0.503119 0.595147 -0.626634
vn  -0.650153 0.310550 -0.693441
vn  0.503119 0.595147 -0.626634
vn  0.302309 0.953062 0.016767
vn  0.221958 0.974197 -0.040932
vn  0.221958 0.974197 -0.040932
vn  0.348890 0.377503 -0.857769
vn  0.503119 0.595147 -0.626634
vn  0.290649 0.450233 0.844283
vn  0.221958 0.974197 -0.040932
vn  0.302309 0.953062 0.016767
vn  0.249744 0.964943 -0.080709
vn  -0.337577 0.633566 -0.696157
vn  -0.944363 0.304124 -0.125251
vn  -0.337577 0.633566 -0.696157
vn  0.249744 0.964943 -0.080709
vn  0.359198 0.849620 -0.386164
vn  0.359198 0.849620 -0.386164
vn  -0.337577 0.633566 -0.696157
vn  -0.337577 0.633566 -0.696157
vn  -0.337577 0.633566 -0.696157
vn  0.359198 0.849620 -0.386164
vn  0.128968 0.812170 -0.568987
vn  0.128968 0.812170 -0.568987
vn  -0.337577 0.633566 -0.696157
vn  -0.337577 0.633566 -0.696157
vn  -0.337577 0.633566 -0.696157
vn  0.128968 0.812170 -0.568987
vn  -0.654187 -0.298980 -0.694730
vn  -0.654187 -0.298980 -0.694730
vn  -0.944363 0.304124 -0.125251
vn  -0.337577 0.633566 -0.696157
vn  -0.944363 0.304124 -0.125251
vn  -0.654187 -0.298980 -0.694730
vn  -0.870498 -0.485707 -0.079515
vn  -0.870498 -0.485707 -0.079515
vn  -0.794654 -0.058811 0.604207
vn  -0.944363 0.304124 -0.125251
vn  -0.794654 -0.058811 0.604207
vn  -0.870498 -0.485707 -0.079515
vn  -0.766647 -0.314143 0.559970
vn  -0.766647 -0.314143 0.559970
vn  -0.794654 -0.058811 0.604207
vn  -0.794654 -0.058811 0.604207
vn  -0.794654 -0.058811 0.604207
vn  -0.766647 -0.314143 0.559970
vn  0.008476 0.613970 0.789284
vn  0.008476 0.613970 0.789284
vn  -0.794654 -0.058811 0.604207
vn  -0.794654 -0.058811 0.604207
vn  -0.794654 -0.058811 0.604207
vn  0.008476 0.613970 0.789284
vn  -0.223501 0.917108 0.330091
vn  -0.223501 0.917108 0.330091
vn  -0.944363 0.304124 -0.125251
vn  -0.794654 -0.058811 0.604207
vn  -0.944363 0.304124 -0.125251
vn  -0.223501 0.917108 0.330091
vn  0.249744 0.964943 -0.080709
vn  -0.738150 0.075144 -0.670438
vn  -0.714861 0.090340 0.693406
vn  -0.151476 0.972123 -0.178974
vn  -0.714861 0.090340 0.693406
vn  -0.738150 0.075144 -0.670438
vn  -0.839578 -0.486926 -0.240856
vn  -0.839578 -0.486926 -0.240856
vn  -0.715922 -0.668677 0.200816
vn  -0.714861 0.090340 0.693406
vn  -0.715922 -0.668677 0.200816
vn  -0.839578 -0.486926 -0.240856
vn  -0.738150 0.075144 -0.670438
vn  -0.738150 0.075144 -0.670438
vn  -0.233292 0.849922 -0.472448
vn  -0.715922 -0.668677 0.200816
vn  -0.233292 0.849922 -0.472448
vn  -0.738150 0.075144 -0.670438
vn  -0.151476 0.972123 -0.178974
vn  -0.151476 0.972123 -0.178974
vn  0.230775 0.798648 0.555792
vn  -0.233292 0.849922 -0.472448
vn  0.230775 0.798648 0.555792
vn  -0.151476 0.972123 -0.178974
vn  -0.714861 0.090340 0.693406
vn  -0.714861 0.090340 0.693406
vn  -0.170292 -0.164094 0.971635
vn  0.230775 0.798648 0.555792
vn  -0.170292 -0.164094 0.971635
vn  -0.714861 0.090340 0.693406
vn  -0.715922 -0.668677 0.200816
vn  0.783688 -0.489887 0.381895
vn  0.158859 0.596356 0.786844
vn  0.184187 0.856729 -0.481758
vn  0.158859 0.596356 0.786844
vn  0.273938 -0.503184 0.819612
vn  0.769215 -0.307801 0.559970
vn  0.484492 -0.874408 -0.026034
vn  0.769215 -0.307801 0.559970
vn  0.273938 -0.503184 0.819612
vn  0.769215 -0.307801 0.559970
vn  0.484492 -0.874408 -0.026034
vn  0.874477 -0.478505 -0.079512
vn  0.375867 -0.346667 -0.859387
vn  0.874477 -0.478505 -0.079512
vn  0.484492 -0.874408 -0.026034
vn  0.874477 -0.478505 -0.079512
vn  0.375867 -0.346667 -0.859387
vn  0.656634 -0.293570 -0.694729
vn  0.375867 -0.346667 -0.859387
vn  0.656634 -0.293570 -0.694729
vn  0.375867 -0.346667 -0.859387
vn  0.656634 -0.293570 -0.694729
vn  0.375867 -0.346667 -0.859387
vn  -0.135666 0.811077 -0.568989
vn  0.375867 -0.346667 -0.859387
vn  -0.135666 0.811077 -0.568989
vn  0.375867 -0.346667 -0.859387
vn  -0.135666 0.811077 -0.568989
vn  0.375867 -0.346667 -0.859387
vn  -0.412529 0.394446 -0.821116
vn  -0.346965 -0.723076 -0.597308
vn  -0.412529 0.394446 -0.821116
vn  0.375867 -0.346667 -0.859387
vn  -0.412529 0.394446 -0.821116
vn  -0.346965 -0.723076 -0.597308
vn  -0.994745 -0.094129 -0.040284
vn  -0.302822 -0.952838 -0.019970
vn  -0.994745 -0.094129 -0.040284
vn  -0.346965 -0.723076 -0.597308
vn  -0.994745 -0.094129 -0.040284
vn  -0.302822 -0.952838 -0.019970
vn  -0.305512 -0.762539 0.570260
vn  0.484492 -0.874408 -0.026034
vn  -0.305512 -0.762539 0.570260
vn  -0.302822 -0.952838 -0.019970
vn  -0.305512 -0.762539 0.570260
vn  0.484492 -0.874408 -0.026034
vn  -0.305512 -0.762539 0.570260
vn  0.273938 -0.503184 0.819612
vn  -0.305512 -0.762539 0.570260
vn  0.484492 -0.874408 -0.026034
vn  -0.305512 -0.762539 0.570260
vn  0.273938 -0.503184 0.819612
vn  -0.067092 -0.395009 0.916224
vn  0.158859 0.596356 0.786844
vn  -0.067092 -0.395009 0.916224
vn  0.273938 -0.503184 0.819612
vn  -0.067092 -0.395009 0.916224
vn  0.158859 0.596356 0.786844
vn  -0.155200 0.038722 0.987124
vn  0.783688 -0.489887 0.381895
vn  -0.155200 0.038722 0.987124
vn  0.158859 0.596356 0.786844
vn  -0.155200 0.038722 0.987124
vn  0.783688 -0.489887 0.381895
vn  -0.155200 0.038722 0.987124
vn  0.171642 -0.162681 0.971635
vn  -0.155200 0.038722 0.987124
vn  0.783688 -0.489887 0.381895
vn  -0.155200 0.038722 0.987124
vn  0.171642 -0.162681 0.971635
vn  -0.155200 0.038722 0.987124
vn  -0.237364 0.796718 0.555787
vn  -0.155200 0.038722 0.987124
vn  0.171642 -0.162681 0.971635
vn  -0.155200 0.038722 0.987124
vn  -0.237364 0.796718 0.555787
vn  -0.155200 0.038722 0.987124
vn  -0.415829 0.882210 0.220888
vn  -0.155200 0.038722 0.987124
vn  -0.237364 0.796718 0.555787
vn  -0.155200 0.038722 0.987124
vn  -0.415829 0.882210 0.220888
vn  -0.155200 0.038722 0.987124
vn  -0.681940 0.674277 0.283388
vn  -0.155200 0.038722 0.987124
vn  -0.415829 0.882210 0.220888
vn  -0.155200 0.038722 0.987124
vn  -0.681940 0.674277 0.283388
vn  -0.595260 -0.250347 0.763539
vn  -0.994745 -0.094129 -0.040284
vn  -0.595260 -0.250347 0.763539
vn  -0.681940 0.674277 0.283388
vn  -0.595260 -0.250347 0.763539
vn  -0.994745 -0.094129 -0.040284
vn  -0.595260 -0.250347 0.763539
vn  -0.305512 -0.762539 0.570260
vn  -0.595260 -0.250347 0.763539
vn  -0.994745 -0.094129 -0.040284
vn  -0.595260 -0.250347 0.763539
vn  -0.305512 -0.762539 0.570260
vn  -0.595260 -0.250347 0.763539
vn  -0.067092 -0.395009 0.916224
vn  -0.595260 -0.250347 0.763539
vn  -0.305512 -0.762539 0.570260
vn  -0.595260 -0.250347 0.763539
vn  -0.067092 -0.395009 0.916224
vn  -0.155200 0.038722 0.987124
vn  -0.346965 -0.723076 -0.597308
vn  0.484492 -0.874408 -0.026034
vn  -0.302822 -0.952838 -0.019970
vn  0.484492 -0.874408 -0.026034
vn  -0.346965 -0.723076 -0.597308
vn  0.375867 -0.346667 -0.859387
vn  -0.681940 0.674277 0.283388
vn  -0.440294 0.868603 -0.227309
vn  -0.994745 -0.094129 -0.040284
vn  -0.440294 0.868603 -0.227309
vn  -0.681940 0.674277 0.283388
vn  0.184187 0.856729 -0.481758
vn  -0.415829 0.882210 0.220888
vn  0.184187 0.856729 -0.481758
vn  -0.681940 0.674277 0.283388
vn  0.184187 0.856729 -0.481758
vn  -0.415829 0.882210 0.220888
vn  0.184187 0.856729 -0.481758
vn  -0.237364 0.796718 0.555787
vn  0.184187 0.856729 -0.481758
vn  -0.415829 0.882210 0.220888
vn  -0.752688 -0.657682 -0.030248
vn  -0.752688 -0.657682 -0.030248
vn  0.279717 -0.952462 0.120726
vn  -0.715288 -0.492269 -0.496019
vn  0.279717 -0.952462 0.120726
vn  -0.752688 -0.657682 -0.030248
vn  0.279717 -0.952462 0.120726
vn  -0.715288 -0.492269 -0.496019
vn  0.436953 -0.366396 -0.821478
vn  -0.473455 0.415564 -0.776625
vn  0.436953 -0.366396 -0.821478
vn  -0.715288 -0.492269 -0.496019
vn  0.473900 -0.315185 -0.822239
vn  0.473900 -0.315185 -0.822239
vn  0.436953 -0.366396 -0.821478
vn  0.411213 -0.911388 -0.016629
vn  0.436953 -0.366396 -0.821478
vn  0.473900 -0.315185 -0.822239
vn  0.436953 -0.366396 -0.821478
vn  0.411213 -0.911388 -0.016629
vn  0.279717 -0.952462 0.120726
vn  0.404985 -0.348745 0.845201
vn  0.279717 -0.952462 0.120726
vn  0.411213 -0.911388 -0.016629
vn  0.163497 0.520028 0.838355
vn  0.163497 0.520028 0.838355
vn  -0.868563 0.493631 0.043899
vn  0.206237 0.978455 0.009564
vn  -0.868563 0.493631 0.043899
vn  0.163497 0.520028 0.838355
vn  -0.868563 0.493631 0.043899
vn  0.206237 0.978455 0.009564
vn  -0.473455 0.415564 -0.776625
vn  0.425355 0.595295 -0.681687
vn  -0.473455 0.415564 -0.776625
vn  0.206237 0.978455 0.009564
vn  -0.473455 0.415564 -0.776625
vn  0.425355 0.595295 -0.681687
vn  0.436953 -0.366396 -0.821478
vn  0.510761 0.431151 -0.743796
vn  0.436953 -0.366396 -0.821478
vn  0.425355 0.595295 -0.681687
vn  0.436953 -0.366396 -0.821478
vn  0.510761 0.431151 -0.743796
vn  0.473900 -0.315185 -0.822239
vn  -0.645812 0.325698 -0.690542
vn  0.473900 -0.315185 -0.822239
vn  0.510761 0.431151 -0.743796
vn  0.473900 -0.315185 -0.822239
vn  -0.645812 0.325698 -0.690542
vn  0.473900 -0.315185 -0.822239
vn  -0.659522 -0.575288 -0.483813
vn  0.473900 -0.315185 -0.822239
vn  -0.645812 0.325698 -0.690542
vn  0.473900 -0.315185 -0.822239
vn  -0.659522 -0.575288 -0.483813
vn  0.411213 -0.911388 -0.016629
vn  -0.860605 -0.506423 -0.053813
vn  0.411213 -0.911388 -0.016629
vn  -0.659522 -0.575288 -0.483813
vn  0.411213 -0.911388 -0.016629
vn  -0.860605 -0.506423 -0.053813
vn  0.411213 -0.911388 -0.016629
vn  -0.686019 -0.598743 0.413381
vn  0.411213 -0.911388 -0.016629
vn  -0.860605 -0.506423 -0.053813
vn  0.411213 -0.911388 -0.016629
vn  -0.686019 -0.598743 0.413381
vn  0.404985 -0.348745 0.845201
vn  -0.801767 0.045434 0.595908
vn  0.404985 -0.348745 0.845201
vn  -0.686019 -0.598743 0.413381
vn  0.404985 -0.348745 0.845201
vn  -0.801767 0.045434 0.595908
vn  0.245588 0.667823 0.702637
vn  -0.860054 0.498060 0.110650
vn  0.245588 0.667823 0.702637
vn  -0.801767 0.045434 0.595908
vn  0.245588 0.667823 0.702637
vn  -0.860054 0.498060 0.110650
vn  0.269501 0.950906 -0.152141
vn  -0.645812 0.325698 -0.690542
vn  0.269501 0.950906 -0.152141
vn  -0.860054 0.498060 0.110650
vn  0.269501 0.950906 -0.152141
vn  -0.645812 0.325698 -0.690542
vn  0.269501 0.950906 -0.152141
vn  0.510761 0.431151 -0.743796
vn  0.269501 0.950906 -0.152141
vn  -0.645812 0.325698 -0.690542
vn  0.269501 0.950906 -0.152141
vn  0.510761 0.431151 -0.743796
vn  0.269501 0.950906 -0.152141
vn  0.425355 0.595295 -0.681687
vn  0.269501 0.950906 -0.152141
vn  0.510761 0.431151 -0.743796
vn  0.269501 0.950906 -0.152141
vn  0.425355 0.595295 -0.681687
vn  0.269501 0.950906 -0.152141
vn  0.206237 0.978455 0.009564
vn  0.269501 0.950906 -0.152141
vn  0.425355 0.595295 -0.681687
vn  0.269501 0.950906 -0.152141
vn  0.206237 0.978455 0.009564
vn  0.245588 0.667823 0.702637
vn  0.163497 0.520028 0.838355
vn  0.245588 0.667823 0.702637
vn  0.206237 0.978455 0.009564
vn  0.245588 0.667823 0.702637
vn  0.163497 0.520028 0.838355
vn  0.404985 -0.348745 0.845201
vn  0.142922 -0.396382 0.906893
vn  0.404985 -0.348745 0.845201
vn  0.163497 0.520028 0.838355
vn  0.404985 -0.348745 0.845201
vn  0.142922 -0.396382 0.906893
vn  0.279717 -0.952462 0.120726
vn  -0.560551 -0.596683 0.574240
vn  0.279717 -0.952462 0.120726
vn  0.142922 -0.396382 0.906893
vn  0.279717 -0.952462 0.120726
vn  -0.560551 -0.596683 0.574240
vn  -0.752688 -0.657682 -0.030248
vn  -0.748091 -0.515614 0.417735
vn  -0.752688 -0.657682 -0.030248
vn  -0.560551 -0.596683 0.574240
vn  -0.752688 -0.657682 -0.030248
vn  -0.748091 -0.515614 0.417735
vn  -0.752688 -0.657682 -0.030248
vn  -0.605494 -0.778423 -0.165631
vn  -0.752688 -0.657682 -0.030248
vn  -0.748091 -0.515614 0.417735
vn  -0.752688 -0.657682 -0.030248
vn  -0.605494 -0.778423 -0.165631
vn  -0.715288 -0.492269 -0.496019
vn  -0.616685 -0.441958 -0.651439
vn  -0.715288 -0.492269 -0.496019
vn  -0.605494 -0.778423 -0.165631
vn  -0.715288 -0.492269 -0.496019
vn  -0.616685 -0.441958 -0.651439
vn  -0.715288 -0.492269 -0.496019
vn  -0.761071 0.122039 -0.637085
vn  -0.715288 -0.492269 -0.496019
vn  -0.616685 -0.441958 -0.651439
vn  -0.715288 -0.492269 -0.496019
vn  -0.761071 0.122039 -0.637085
vn  -0.473455 0.415564 -0.776625
vn  -0.761071 0.122039 -0.637085
vn  -0.473455 0.415564 -0.776625
vn  -0.761071 0.122039 -0.637085
vn  -0.473455 0.415564 -0.776625
vn  -0.761071 0.122039 -0.637085
vn  -0.868563 0.493631 0.043899
vn  -0.443722 0.895623 -0.031139
vn  -0.868563 0.493631 0.043899
vn  -0.761071 0.122039 -0.637085
vn  -0.868563 0.493631 0.043899
vn  -0.443722 0.895623 -0.031139
vn  -0.868563 0.493631 0.043899
vn  -0.735166 0.191460 0.650288
vn  -0.868563 0.493631 0.043899
vn  -0.443722 0.895623 -0.031139
vn  -0.868563 0.493631 0.043899
vn  -0.735166 0.191460 0.650288
vn  -0.801853 0.102445 0.588673
vn  -0.748091 -0.515614 0.417735
vn  -0.801853 0.102445 0.588673
vn  -0.735166 0.191460 0.650288
vn  -0.801853 0.102445 0.588673
vn  -0.748091 -0.515614 0.417735
vn  -0.801853 0.102445 0.588673
vn  -0.560551 -0.596683 0.574240
vn  -0.801853 0.102445 0.588673
vn  -0.748091 -0.515614 0.417735
vn  -0.801853 0.102445 0.588673
vn  -0.560551 -0.596683 0.574240
vn  -0.801853 0.102445 0.588673
vn  0.142922 -0.396382 0.906893
vn  -0.801853 0.102445 0.588673
vn  -0.560551 -0.596683 0.574240
vn  -0.801853 0.102445 0.588673
vn  0.142922 -0.396382 0.906893
vn  -0.801853 0.102445 0.588673
vn  0.163497 0.520028 0.838355
vn  -0.801853 0.102445 0.588673
vn  0.142922 -0.396382 0.906893
vn  -0.801853 0.102445 0.588673
vn  0.163497 0.520028 0.838355
vn  -0.868563 0.493631 0.043899
vn  0.091190 0.162268 -0.982524
vn  0.578207 0.060748 -0.813626
vn  0.091190 0.162268 -0.982524
vn  0.578207 0.060748 -0.813626
vn  0.091190 0.162268 -0.982524
vn  0.101501 0.444025 -0.890247
vn  0.101501 0.444025 -0.890247
vn  0.693878 0.667225 -0.270821
vn  0.578207 0.060748 -0.813626
vn  0.693878 0.667225 -0.270821
vn  0.101501 0.444025 -0.890247
vn  0.112340 0.712158 -0.692973
vn  0.112340 0.712158 -0.692973
vn  0.611832 0.764323 -0.203647
vn  0.693878 0.667225 -0.270821
vn  0.611832 0.764323 -0.203647
vn  0.112340 0.712158 -0.692973
vn  0.493983 0.864836 0.089662
vn  0.493983 0.864836 0.089662
vn  0.716521 0.604617 0.347902
vn  0.611832 0.764323 -0.203647
vn  0.716521 0.604617 0.347902
vn  0.493983 0.864836 0.089662
vn  0.493983 0.864836 0.089662
vn  0.493983 0.864836 0.089662
vn  0.567934 0.742774 0.354594
vn  0.716521 0.604617 0.347902
vn  0.567934 0.742774 0.354594
vn  0.493983 0.864836 0.089662
vn  0.493983 0.864836 0.089662
vn  0.493983 0.864836 0.089662
vn  0.042123 0.927625 0.371129
vn  0.567934 0.742774 0.354594
vn  0.042123 0.927625 0.371129
vn  0.493983 0.864836 0.089662
vn  0.493983 0.864836 0.089662
vn  0.493983 0.864836 0.089662
vn  0.053182 0.986429 -0.155336
vn  0.042123 0.927625 0.371129
vn  0.053182 0.986429 -0.155336
vn  0.493983 0.864836 0.089662
vn  0.112340 0.712158 -0.692973
vn  0.716521 0.604617 0.347902
vn  0.693878 0.667225 -0.270821
vn  0.611832 0.764323 -0.203647
vn  0.693878 0.667225 -0.270821
vn  0.716521 0.604617 0.347902
vn  0.643152 0.624832 0.442651
vn  -0.729845 0.658948 0.181971
vn  -0.440656 0.892929 0.092191
vn  -0.729845 0.658948 0.181971
vn  -0.440656 0.892929 0.092191
vn  -0.729845 0.658948 0.181971
vn  -0.527199 0.808116 0.262699
vn  -0.527199 0.808116 0.262699
vn  -0.440656 0.892929 0.092191
vn  -0.440656 0.892929 0.092191
vn  -0.440656 0.892929 0.092191
vn  -0.527199 0.808116 0.262699
vn  0.042123 0.927625 0.371129
vn  0.042123 0.927625 0.371129
vn  -0.440656 0.892929 0.092191
vn  -0.440656 0.892929 0.092191
vn  -0.440656 0.892929 0.092191
vn  0.042123 0.927625 0.371129
vn  0.053182 0.986429 -0.155336
vn  0.053182 0.986429 -0.155336
vn  -0.418618 0.875160 -0.242599
vn  -0.440656 0.892929 0.092191
vn  -0.418618 0.875160 -0.242599
vn  0.053182 0.986429 -0.155336
vn  0.112340 0.712158 -0.692973
vn  0.112340 0.712158 -0.692973
vn  -0.518559 0.719076 -0.462630
vn  -0.418618 0.875160 -0.242599
vn  -0.518559 0.719076 -0.462630
vn  0.112340 0.712158 -0.692973
vn  0.101501 0.444025 -0.890247
vn  0.101501 0.444025 -0.890247
vn  -0.425691 0.124811 -0.896219
vn  -0.518559 0.719076 -0.462630
vn  -0.425691 0.124811 -0.896219
vn  0.101501 0.444025 -0.890247
vn  0.091190 0.162268 -0.982524
vn  0.091190 0.162268 -0.982524
vn  0.060720 -0.282688 -0.957288
vn  -0.425691 0.124811 -0.896219
vn  0.060720 -0.282688 -0.957288
vn  0.091190 0.162268 -0.982524
vn  0.578207 0.060748 -0.813626
vn  0.578207 0.060748 -0.813626
vn  0.527427 -0.491885 -0.692726
vn  0.060720 -0.282688 -0.957288
vn  0.527427 -0.491885 -0.692726
vn  0.578207 0.060748 -0.813626
vn  0.578207 0.060748 -0.813626
vn  0.578207 0.060748 -0.813626
vn  0.949144 -0.314066 -0.022097
vn  0.527427 -0.491885 -0.692726
vn  0.949144 -0.314066 -0.022097
vn  0.578207 0.060748 -0.813626
vn  0.693878 0.667225 -0.270821
vn  0.693878 0.667225 -0.270821
vn  0.776105 0.553490 0.302174
vn  0.949144 -0.314066 -0.022097
vn  0.776105 0.553490 0.302174
vn  0.693878 0.667225 -0.270821
vn  0.349449 0.901092 0.256747
vn  0.405939 0.874066 0.266874
vn  0.349449 0.901092 0.256747
vn  0.693878 0.667225 -0.270821
vn  -0.301005 0.897491 0.322344
vn  -0.501809 0.829958 0.243636
vn  -0.518559 0.719076 -0.462630
vn  -0.501809 0.829958 0.243636
vn  -0.518559 0.719076 -0.462630
vn  -0.501809 0.829958 0.243636
vn  -0.518559 0.719076 -0.462630
vn  -0.501809 0.829958 0.243636
vn  -0.418618 0.875160 -0.242599
vn  -0.729845 0.658948 0.181971
vn  -0.418618 0.875160 -0.242599
vn  -0.501809 0.829958 0.243636
vn  -0.418618 0.875160 -0.242599
vn  -0.729845 0.658948 0.181971
vn  -0.440656 0.892929 0.092191
vn  0.324238 0.808397 0.491288
vn  0.776105 0.553490 0.302174
vn  0.324238 0.808397 0.491288
vn  0.776105 0.553490 0.302174
vn  0.324238 0.808397 0.491288
vn  0.581740 0.254931 0.772392
vn  0.581740 0.254931 0.772392
vn  0.949144 -0.314066 -0.022097
vn  0.776105 0.553490 0.302174
vn  0.949144 -0.314066 -0.022097
vn  0.581740 0.254931 0.772392
vn  0.581740 0.254931 0.772392
vn  0.581740 0.254931 0.772392
vn  0.412552 -0.548303 0.727437
vn  0.949144 -0.314066 -0.022097
vn  0.412552 -0.548303 0.727437
vn  0.581740 0.254931 0.772392
vn  -0.096713 -0.284734 0.953716
vn  -0.096713 -0.284734 0.953716
vn  -0.103306 -0.552830 0.826865
vn  0.412552 -0.548303 0.727437
vn  0.581740 0.254931 0.772392
vn  0.324238 0.808397 0.491288
vn  0.383442 0.791345 0.476178
vn  0.666452 0.710508 0.225874
vn  0.722402 0.626226 0.293217
vn  0.581740 0.254931 0.772392
vn  -0.096713 -0.284734 0.953716
vn  -0.096713 -0.284734 0.953716
vn  -0.069279 0.044411 0.996608
vn  0.581740 0.254931 0.772392
vn  -0.069279 0.044411 0.996608
vn  -0.096713 -0.284734 0.953716
vn  -0.069279 0.044411 0.996608
vn  0.581740 0.254931 0.772392
vn  0.506622 0.377491 0.775135
vn  0.722402 0.626226 0.293217
vn  0.506622 0.377491 0.775135
vn  0.581740 0.254931 0.772392
vn  0.506622 0.377491 0.775135
vn  0.722402 0.626226 0.293217
vn  0.437791 0.658228 0.612433
vn  0.567933 0.742769 0.354607
vn  0.437791 0.658228 0.612433
vn  0.722402 0.626226 0.293217
vn  0.437791 0.658228 0.612433
vn  0.567933 0.742769 0.354607
vn  0.437791 0.658228 0.612433
vn  0.042120 0.927619 0.371145
vn  0.437791 0.658228 0.612433
vn  0.567933 0.742769 0.354607
vn  0.437791 0.658228 0.612433
vn  0.042120 0.927619 0.371145
vn  -0.048242 0.613531 0.788196
vn  -0.479936 0.748517 0.457585
vn  -0.048242 0.613531 0.788196
vn  0.042120 0.927619 0.371145
vn  -0.048242 0.613531 0.788196
vn  -0.479936 0.748517 0.457585
vn  -0.518673 0.507289 0.688212
vn  -0.729852 0.658938 0.181980
vn  -0.518673 0.507289 0.688212
vn  -0.479936 0.748517 0.457585
vn  -0.518673 0.507289 0.688212
vn  -0.729852 0.658938 0.181980
vn  -0.518673 0.507289 0.688212
vn  -0.507409 0.809359 0.295760
vn  -0.518673 0.507289 0.688212
vn  -0.729852 0.658938 0.181980
vn  -0.518673 0.507289 0.688212
vn  -0.507409 0.809359 0.295760
vn  -0.645786 0.251303 0.720976
vn  -0.301005 0.897491 0.322344
vn  -0.645786 0.251303 0.720976
vn  -0.507409 0.809359 0.295760
vn  -0.645786 0.251303 0.720976
vn  -0.301005 0.897491 0.322344
vn  -0.739533 0.649390 0.177152
vn  -0.518559 0.719076 -0.462630
vn  -0.739533 0.649390 0.177152
vn  -0.301005 0.897491 0.322344
vn  -0.739533 0.649390 0.177152
vn  -0.518559 0.719076 -0.462630
vn  -0.964842 -0.191926 -0.179569
vn  -0.425691 0.124811 -0.896219
vn  -0.964842 -0.191926 -0.179569
vn  -0.518559 0.719076 -0.462630
vn  -0.964842 -0.191926 -0.179569
vn  -0.425691 0.124811 -0.896219
vn  -0.465454 -0.428526 -0.774414
vn  0.060720 -0.282688 -0.957288
vn  -0.465454 -0.428526 -0.774414
vn  -0.425691 0.124811 -0.896219
vn  -0.465454 -0.428526 -0.774414
vn  0.060720 -0.282688 -0.957288
vn  -0.028807 -0.928555 -0.370075
vn  0.527427 -0.491885 -0.692726
vn  -0.028807 -0.928555 -0.370075
vn  0.060720 -0.282688 -0.957288
vn  -0.028807 -0.928555 -0.370075
vn  0.527427 -0.491885 -0.692726
vn  0.588758 -0.771368 -0.241569
vn  0.949144 -0.314066 -0.022097
vn  0.588758 -0.771368 -0.241569
vn  0.527427 -0.491885 -0.692726
vn  0.588758 -0.771368 -0.241569
vn  0.949144 -0.314066 -0.022097
vn  0.425245 -0.867570 0.257856
vn  0.412552 -0.548303 0.727437
vn  0.425245 -0.867570 0.257856
vn  0.949144 -0.314066 -0.022097
vn  0.425245 -0.867570 0.257856
vn  0.412552 -0.548303 0.727437
vn  -0.096154 -0.859455 0.502087
vn  -0.103306 -0.552830 0.826865
vn  -0.096154 -0.859455 0.502087
vn  0.412552 -0.548303 0.727437
vn  -0.096154 -0.859455 0.502087
vn  -0.103306 -0.552830 0.826865
vn  -0.591346 -0.484240 0.644842
vn  -0.096713 -0.284734 0.953716
vn  -0.591346 -0.484240 0.644842
vn  -0.103306 -0.552830 0.826865
vn  -0.591346 -0.484240 0.644842
vn  -0.096713 -0.284734 0.953716
vn  -0.645786 0.251303 0.720976
vn  -0.069279 0.044411 0.996608
vn  -0.645786 0.251303 0.720976
vn  -0.096713 -0.284734 0.953716
vn  -0.645786 0.251303 0.720976
vn  -0.069279 0.044411 0.996608
vn  -0.518673 0.507289 0.688212
vn  -0.069279 0.044411 0.996608
vn  -0.518673 0.507289 0.688212
vn  -0.069279 0.044411 0.996608
vn  -0.518673 0.507289 0.688212
vn  -0.069279 0.044411 0.996608
vn  -0.048242 0.613531 0.788196
vn  -0.069279 0.044411 0.996608
vn  -0.048242 0.613531 0.788196
vn  -0.069279 0.044411 0.996608
vn  -0.048242 0.613531 0.788196
vn  -0.069279 0.044411 0.996608
vn  0.437791 0.658228 0.612433
vn  0.506622 0.377491 0.775135
vn  0.437791 0.658228 0.612433
vn  -0.069279 0.044411 0.996608
vn  0.588758 -0.771368 -0.241569
vn  0.425245 -0.867570 0.257856
vn  -0.028807 -0.928555 -0.370075
vn  -0.096154 -0.859455 0.502087
vn  -0.028807 -0.928555 -0.370075
vn  0.425245 -0.867570 0.257856
vn  -0.028807 -0.928555 -0.370075
vn  -0.096154 -0.859455 0.502087
vn  -0.567636 -0.804211 0.176166
vn  -0.591346 -0.484240 0.644842
vn  -0.567636 -0.804211 0.176166
vn  -0.096154 -0.859455 0.502087
vn  -0.567636 -0.804211 0.176166
vn  -0.591346 -0.484240 0.644842
vn  -0.964842 -0.191926 -0.179569
vn  -0.645786 0.251303 0.720976
vn  -0.964842 -0.191926 -0.179569
vn  -0.591346 -0.484240 0.644842
vn  -0.964842 -0.191926 -0.179569
vn  -0.645786 0.251303 0.720976
vn  -0.739533 0.649390 0.177152
vn  -0.729852 0.658938 0.181980
vn  -0.527209 0.808098 0.262731
vn  -0.729852 0.658938 0.181980
vn  -0.527209 0.808098 0.262731
vn  -0.729852 0.658938 0.181980
vn  -0.479936 0.748517 0.457585
vn  -0.479936 0.748517 0.457585
vn  0.042120 0.927619 0.371145
vn  -0.527209 0.808098 0.262731
vn  -0.964842 -0.191926 -0.179569
vn  -0.634197 -0.693328 -0.342185
vn  -0.567636 -0.804211 0.176166
vn  -0.634197 -0.693328 -0.342185
vn  -0.567636 -0.804211 0.176166
vn  -0.634197 -0.693328 -0.342185
vn  -0.567636 -0.804211 0.176166
vn  -0.634197 -0.693328 -0.342185
vn  -0.028807 -0.928555 -0.370075
vn  -0.634197 -0.693328 -0.342185
vn  -0.028807 -0.928555 -0.370075
vn  -0.634197 -0.693328 -0.342185
vn  -0.028807 -0.928555 -0.370075
vn  -0.634197 -0.693328 -0.342185
vn  -0.465454 -0.428526 -0.774414
vn  -0.964842 -0.191926 -0.179569
vn  -0.465454 -0.428526 -0.774414
vn  -0.634197 -0.693328 -0.342185
vn  0.975890 -0.202221 0.082131
vn  0.975890 -0.202221 0.082131
vn  0.577076 -0.248139 0.778081
vn  0.416190 -0.124884 0.900661
vn  0.577076 -0.248139 0.778081
vn  0.975890 -0.202221 0.082131
vn  0.577076 -0.248139 0.778081
vn  0.416190 -0.124884 0.900661
vn  -0.533513 -0.165258 0.829490
vn  0.577076 -0.248139 0.778081
vn  -0.285607 -0.518462 0.805993
vn  0.417169 -0.621175 0.663409
vn  -0.285607 -0.518462 0.805993
vn  0.577076 -0.248139 0.778081
vn  -0.533513 -0.165258 0.829490
vn  -0.533513 -0.165258 0.829490
vn  -0.929712 -0.365127 -0.048147
vn  -0.285607 -0.518462 0.805993
vn  -0.929712 -0.365127 -0.048147
vn  -0.533513 -0.165258 0.829490
vn  -0.971629 -0.229823 -0.055845
vn  -0.971629 -0.229823 -0.055845
vn  -0.929712 -0.365127 -0.048147
vn  -0.929712 -0.365127 -0.048147
vn  -0.929712 -0.365127 -0.048147
vn  -0.971629 -0.229823 -0.055845
vn  -0.462301 -0.345553 -0.816621
vn  -0.462301 -0.345553 -0.816621
vn  -0.324611 -0.465972 -0.823103
vn  -0.929712 -0.365127 -0.048147
vn  -0.324611 -0.465972 -0.823103
vn  -0.462301 -0.345553 -0.816621
vn  0.569223 -0.280998 -0.772674
vn  -0.481811 -0.662676 0.573340
vn  -0.971563 -0.005114 0.236727
vn  -0.481811 -0.662676 0.573340
vn  -0.971563 -0.005114 0.236727
vn  -0.481811 -0.662676 0.573340
vn  -0.716701 -0.689964 -0.101436
vn  -0.716701 -0.689964 -0.101436
vn  -0.682794 -0.129490 -0.719045
vn  -0.971563 -0.005114 0.236727
vn  -0.682794 -0.129490 -0.719045
vn  -0.716701 -0.689964 -0.101436
vn  -0.279238 -0.607684 -0.743469
vn  -0.279238 -0.607684 -0.743469
vn  0.451269 -0.164248 -0.877142
vn  -0.682794 -0.129490 -0.719045
vn  0.451269 -0.164248 -0.877142
vn  -0.279238 -0.607684 -0.743469
vn  0.314705 -0.758590 -0.570528
vn  0.314705 -0.758590 -0.570528
vn  0.451269 -0.164248 -0.877142
vn  0.451269 -0.164248 -0.877142
vn  0.451269 -0.164248 -0.877142
vn  0.314705 -0.758590 -0.570528
vn  0.628743 -0.766256 -0.132417
vn  0.628743 -0.766256 -0.132417
vn  0.975890 -0.202221 0.082131
vn  0.451269 -0.164248 -0.877142
vn  0.975890 -0.202221 0.082131
vn  0.628743 -0.766256 -0.132417
vn  0.451723 -0.550609 0.701980
vn  0.451723 -0.550609 0.701980
vn  0.416190 -0.124884 0.900661
vn  0.975890 -0.202221 0.082131
vn  0.416190 -0.124884 0.900661
vn  0.451723 -0.550609 0.701980
vn  -0.357540 -0.005753 0.933880
vn  -0.357540 -0.005753 0.933880
vn  -0.533513 -0.165258 0.829490
vn  0.416190 -0.124884 0.900661
vn  -0.533513 -0.165258 0.829490
vn  -0.357540 -0.005753 0.933880
vn  -0.971563 -0.005114 0.236727
vn  -0.971563 -0.005114 0.236727
vn  -0.971629 -0.229823 -0.055845
vn  -0.533513 -0.165258 0.829490
vn  -0.971629 -0.229823 -0.055845
vn  -0.971563 -0.005114 0.236727
vn  -0.682794 -0.129490 -0.719045
vn  -0.682794 -0.129490 -0.719045
vn  -0.462301 -0.345553 -0.816621
vn  -0.971629 -0.229823 -0.055845
vn  -0.462301 -0.345553 -0.816621
vn  -0.682794 -0.129490 -0.719045
vn  0.451269 -0.164248 -0.877142
vn  0.451269 -0.164248 -0.877142
vn  0.569223 -0.280998 -0.772674
vn  -0.462301 -0.345553 -0.816621
vn  0.569223 -0.280998 -0.772674
vn  0.451269 -0.164248 -0.877142
vn  0.975890 -0.202221 0.082131
vn  0.975890 -0.202221 0.082131
vn  0.966618 -0.256221 -0.000927
vn  0.569223 -0.280998 -0.772674
vn  0.966618 -0.256221 -0.000927
vn  0.975890 -0.202221 0.082131
vn  0.577076 -0.248139 0.778081
vn  0.577076 -0.248139 0.778081
vn  0.867166 -0.497582 -0.020864
vn  0.966618 -0.256221 -0.000927
vn  0.867166 -0.497582 -0.020864
vn  0.577076 -0.248139 0.778081
vn  0.417169 -0.621175 0.663409
vn  0.417169 -0.621175 0.663409
vn  0.844354 -0.534359 0.039079
vn  0.867166 -0.497582 -0.020864
vn  0.844354 -0.534359 0.039079
vn  0.417169 -0.621175 0.663409
vn  0.417169 -0.621175 0.663409
vn  0.417169 -0.621175 0.663409
vn  0.391645 -0.362678 0.845623
vn  0.844354 -0.534359 0.039079
vn  0.391645 -0.362678 0.845623
vn  0.417169 -0.621175 0.663409
vn  -0.285607 -0.518462 0.805993
vn  -0.285607 -0.518462 0.805993
vn  -0.319171 -0.186452 0.929175
vn  0.391645 -0.362678 0.845623
vn  -0.319171 -0.186452 0.929175
vn  -0.285607 -0.518462 0.805993
vn  -0.285607 -0.518462 0.805993
vn  -0.285607 -0.518462 0.805993
vn  -0.887126 -0.460758 0.026641
vn  -0.319171 -0.186452 0.929175
vn  -0.887126 -0.460758 0.026641
vn  -0.285607 -0.518462 0.805993
vn  -0.929712 -0.365127 -0.048147
vn  -0.929712 -0.365127 -0.048147
vn  -0.400148 -0.636732 -0.659131
vn  -0.887126 -0.460758 0.026641
vn  -0.400148 -0.636732 -0.659131
vn  -0.929712 -0.365127 -0.048147
vn  -0.324611 -0.465972 -0.823103
vn  -0.324611 -0.465972 -0.823103
vn  0.349443 -0.655883 -0.669109
vn  -0.400148 -0.636732 -0.659131
vn  0.349443 -0.655883 -0.669109
vn  -0.324611 -0.465972 -0.823103
vn  0.569223 -0.280998 -0.772674
vn  0.569223 -0.280998 -0.772674
vn  0.867166 -0.497582 -0.020864
vn  0.349443 -0.655883 -0.669109
vn  0.867166 -0.497582 -0.020864
vn  0.569223 -0.280998 -0.772674
vn  0.966618 -0.256221 -0.000927
vn  -0.481811 -0.662676 0.573340
vn  -0.357540 -0.005753 0.933880
vn  0.451723 -0.550609 0.701980
vn  -0.357540 -0.005753 0.933880
vn  -0.481811 -0.662676 0.573340
vn  -0.971563 -0.005114 0.236727
vn  0.844354 -0.534359 0.039079
vn  0.867166 -0.497582 -0.020864
vn  0.844354 -0.534359 0.039079
vn  0.867166 -0.497582 -0.020864
vn  0.844354 -0.534359 0.039079
vn  0.419130 -0.527738 -0.738798
vn  0.419130 -0.527738 -0.738798
vn  0.349443 -0.655883 -0.669109
vn  0.867166 -0.497582 -0.020864
vn  0.349443 -0.655883 -0.669109
vn  0.419130 -0.527738 -0.738798
vn  0.419130 -0.527738 -0.738798
vn  0.419130 -0.527738 -0.738798
vn  -0.400148 -0.636732 -0.659131
vn  0.349443 -0.655883 -0.669109
vn  0.348890 0.377503 -0.857769
vn  0.221958 0.974197 -0.040932
vn  0.348699 0.668971 -0.656420
vn  0.374283 -0.303223 -0.876338
vn  0.985887 0.154705 0.063986
vn  0.336254 -0.941676 -0.013372
vn  0.985887 0.154705 0.063986
vn  0.374283 -0.303223 -0.876338
vn  0.374283 -0.303223 -0.876338
vn  0.374283 -0.303223 -0.876338
vn  0.348699 0.668971 -0.656420
vn  0.985887 0.154705 0.063986
vn  0.348699 0.668971 -0.656420
vn  0.374283 -0.303223 -0.876338
vn  0.374283 -0.303223 -0.876338
vn  0.374283 -0.303223 -0.876338
vn  0.348890 0.377503 -0.857769
vn  0.348699 0.668971 -0.656420
vn  0.348890 0.377503 -0.857769
vn  0.374283 -0.303223 -0.876338
vn  0.374283 -0.303223 -0.876338
vn  0.374283 -0.303223 -0.876338
vn  0.318959 -0.529939 -0.785767
vn  0.348890 0.377503 -0.857769
vn  0.318959 -0.529939 -0.785767
vn  0.374283 -0.303223 -0.876338
vn  0.336254 -0.941676 -0.013372
vn  0.336254 -0.941676 -0.013372
vn  0.486097 -0.866957 -0.109978
vn  0.318959 -0.529939 -0.785767
vn  0.486097 -0.866957 -0.109978
vn  0.336254 -0.941676 -0.013372
vn  0.336254 -0.941676 -0.013372
vn  0.336254 -0.941676 -0.013372
vn  0.351617 -0.598507 0.719829
vn  0.486097 -0.866957 -0.109978
vn  0.351617 -0.598507 0.719829
vn  0.336254 -0.941676 -0.013372
vn  0.367303 -0.308573 0.877423
vn  0.367303 -0.308573 0.877423
vn  0.290649 0.450233 0.844283
vn  0.351617 -0.598507 0.719829
vn  0.290649 0.450233 0.844283
vn  0.367303 -0.308573 0.877423
vn  0.323187 0.648913 0.688812
vn  0.323187 0.648913 0.688812
vn  0.221958 0.974197 -0.040932
vn  0.290649 0.450233 0.844283
vn  0.221958 0.974197 -0.040932
vn  0.323187 0.648913 0.688812
vn  0.434294 0.899864 0.040414
vn  0.434294 0.899864 0.040414
vn  0.348699 0.668971 -0.656420
vn  0.221958 0.974197 -0.040932
vn  0.348699 0.668971 -0.656420
vn  0.434294 0.899864 0.040414
vn  0.434294 0.899864 0.040414
vn  0.434294 0.899864 0.040414
vn  0.985887 0.154705 0.063986
vn  0.348699 0.668971 -0.656420
vn  0.985887 0.154705 0.063986
vn  0.434294 0.899864 0.040414
vn  0.323187 0.648913 0.688812
vn  0.367303 -0.308573 0.877423
vn  0.985887 0.154705 0.063986
vn  0.323187 0.648913 0.688812
vn  0.985887 0.154705 0.063986
vn  0.367303 -0.308573 0.877423
vn  0.336254 -0.941676 -0.013372
vn  0.953805 0.261610 -0.147706
vn  0.990864 -0.134057 -0.014747
vn  0.953805 0.261610 -0.147706
vn  0.990864 -0.134057 -0.014747
vn  0.953805 0.261610 -0.147706
vn  0.258647 0.965043 -0.042358
vn  0.258647 0.965043 -0.042358
vn  0.576693 0.816448 -0.028965
vn  0.990864 -0.134057 -0.014747
vn  0.683373 0.275239 0.676199
vn  0.683373 0.275239 0.676199
vn  0.576693 0.816448 -0.028965
vn  0.864220 -0.444962 0.234802
vn  0.576693 0.816448 -0.028965
vn  0.683373 0.275239 0.676199
vn  0.576693 0.816448 -0.028965
vn  0.864220 -0.444962 0.234802
vn  0.990864 -0.134057 -0.014747
vn  0.811546 -0.498408 0.304930
vn  0.990864 -0.134057 -0.014747
vn  0.864220 -0.444962 0.234802
vn  0.990864 -0.134057 -0.014747
vn  0.811546 -0.498408 0.304930
vn  0.985529 -0.162058 -0.049697
vn  0.969265 -0.108694 -0.220704
vn  0.990864 -0.134057 -0.014747
vn  0.985529 -0.162058 -0.049697
vn  0.990864 -0.134057 -0.014747
vn  0.969265 -0.108694 -0.220704
vn  0.953805 0.261610 -0.147706
vn  0.694576 -0.095794 -0.713013
vn  0.953805 0.261610 -0.147706
vn  0.969265 -0.108694 -0.220704
vn  0.953805 0.261610 -0.147706
vn  0.694576 -0.095794 -0.713013
vn  0.380156 0.636396 -0.671179
vn  0.102817 -0.080273 -0.991456
vn  0.380156 0.636396 -0.671179
vn  0.694576 -0.095794 -0.713013
vn  0.380156 0.636396 -0.671179
vn  0.102817 -0.080273 -0.991456
vn  -0.038654 0.637839 -0.769199
vn  -0.547721 -0.048172 -0.835273
vn  -0.038654 0.637839 -0.769199
vn  0.102817 -0.080273 -0.991456
vn  -0.038654 0.637839 -0.769199
vn  -0.547721 -0.048172 -0.835273
vn  -0.365727 0.779027 -0.509275
vn  -0.547721 -0.048172 -0.835273
vn  -0.365727 0.779027 -0.509275
vn  -0.547721 -0.048172 -0.835273
vn  -0.365727 0.779027 -0.509275
vn  -0.547721 -0.048172 -0.835273
vn  -0.869675 0.454965 -0.191500
vn  -0.974686 -0.106193 -0.196751
vn  -0.869675 0.454965 -0.191500
vn  -0.547721 -0.048172 -0.835273
vn  -0.869675 0.454965 -0.191500
vn  -0.974686 -0.106193 -0.196751
vn  -0.991185 -0.123961 0.046744
vn  -0.990815 -0.125510 -0.050337
vn  -0.991185 -0.123961 0.046744
vn  -0.974686 -0.106193 -0.196751
vn  -0.991185 -0.123961 0.046744
vn  -0.990815 -0.125510 -0.050337
vn  -0.991185 -0.123961 0.046744
vn  -0.856072 -0.433631 0.281256
vn  -0.991185 -0.123961 0.046744
vn  -0.990815 -0.125510 -0.050337
vn  -0.991185 -0.123961 0.046744
vn  -0.856072 -0.433631 0.281256
vn  -0.904639 -0.381335 0.190295
vn  -0.021019 -0.945897 0.323787
vn  -0.904639 -0.381335 0.190295
vn  -0.856072 -0.433631 0.281256
vn  -0.904639 -0.381335 0.190295
vn  -0.021019 -0.945897 0.323787
vn  -0.642359 -0.404533 0.650944
vn  0.042509 -0.236424 0.970720
vn  -0.642359 -0.404533 0.650944
vn  -0.021019 -0.945897 0.323787
vn  -0.642359 -0.404533 0.650944
vn  0.042509 -0.236424 0.970720
vn  -0.720345 0.278271 0.635349
vn  0.042509 -0.236424 0.970720
vn  -0.720345 0.278271 0.635349
vn  0.042509 -0.236424 0.970720
vn  -0.720345 0.278271 0.635349
vn  0.042509 -0.236424 0.970720
vn  0.026183 0.871352 0.489959
vn  0.042509 -0.236424 0.970720
vn  0.026183 0.871352 0.489959
vn  0.042509 -0.236424 0.970720
vn  0.026183 0.871352 0.489959
vn  0.042509 -0.236424 0.970720
vn  0.683373 0.275239 0.676199
vn  0.603849 -0.379710 0.700847
vn  0.683373 0.275239 0.676199
vn  0.042509 -0.236424 0.970720
vn  0.683373 0.275239 0.676199
vn  0.603849 -0.379710 0.700847
vn  0.864220 -0.444962 0.234802
vn  -0.021019 -0.945897 0.323787
vn  0.864220 -0.444962 0.234802
vn  0.603849 -0.379710 0.700847
vn  0.864220 -0.444962 0.234802
vn  -0.021019 -0.945897 0.323787
vn  0.811546 -0.498408 0.304930
vn  -0.021019 -0.945897 0.323787
vn  0.811546 -0.498408 0.304930
vn  -0.021019 -0.945897 0.323787
vn  0.811546 -0.498408 0.304930
vn  -0.021019 -0.945897 0.323787
vn  0.019825 -0.501134 0.865143
vn  -0.856072 -0.433631 0.281256
vn  0.019825 -0.501134 0.865143
vn  -0.021019 -0.945897 0.323787
vn  0.603849 -0.379710 0.700847
vn  0.042509 -0.236424 0.970720
vn  -0.021019 -0.945897 0.323787
vn  -0.869675 0.454965 -0.191500
vn  -0.740407 0.666390 0.087872
vn  -0.869675 0.454965 -0.191500
vn  -0.740407 0.666390 0.087872
vn  -0.869675 0.454965 -0.191500
vn  -0.991185 -0.123961 0.046744
vn  -0.991185 -0.123961 0.046744
vn  -0.539294 0.841790 0.023478
vn  -0.740407 0.666390 0.087872
vn  -0.539294 0.841790 0.023478
vn  -0.991185 -0.123961 0.046744
vn  -0.991185 -0.123961 0.046744
vn  -0.991185 -0.123961 0.046744
vn  -0.708130 0.706068 0.004516
vn  -0.539294 0.841790 0.023478
vn  -0.708130 0.706068 0.004516
vn  -0.991185 -0.123961 0.046744
vn  -0.904639 -0.381335 0.190295
vn  -0.904639 -0.381335 0.190295
vn  -0.720345 0.278271 0.635349
vn  -0.708130 0.706068 0.004516
vn  -0.720345 0.278271 0.635349
vn  -0.904639 -0.381335 0.190295
vn  -0.642359 -0.404533 0.650944
vn  0.985529 -0.162058 -0.049697
vn  0.969265 -0.108694 -0.220704
vn  0.985529 -0.162058 -0.049697
vn  0.969265 -0.108694 -0.220704
vn  0.985529 -0.162058 -0.049697
vn  0.624675 -0.159536 -0.764415
vn  0.624675 -0.159536 -0.764415
vn  0.694576 -0.095794 -0.713013
vn  0.969265 -0.108694 -0.220704
vn  0.694576 -0.095794 -0.713013
vn  0.624675 -0.159536 -0.764415
vn  0.624675 -0.159536 -0.764415
vn  0.624675 -0.159536 -0.764415
vn  0.102817 -0.080273 -0.991456
vn  0.694576 -0.095794 -0.713013
vn  0.102817 -0.080273 -0.991456
vn  0.624675 -0.159536 -0.764415
vn  -0.020054 -0.168374 -0.985519
vn  -0.020054 -0.168374 -0.985519
vn  -0.547721 -0.048172 -0.835273
vn  0.102817 -0.080273 -0.991456
vn  -0.547721 -0.048172 -0.835273
vn  -0.020054 -0.168374 -0.985519
vn  -0.709440 -0.104183 -0.697023
vn  -0.709440 -0.104183 -0.697023
vn  -0.974686 -0.106193 -0.196751
vn  -0.547721 -0.048172 -0.835273
vn  -0.974686 -0.106193 -0.196751
vn  -0.709440 -0.104183 -0.697023
vn  -0.990815 -0.125510 -0.050337
vn  -0.058911 0.199576 0.978110
vn  0.516740 0.197382 0.833079
vn  -0.058911 0.199576 0.978110
vn  0.516740 0.197382 0.833079
vn  -0.058911 0.199576 0.978110
vn  0.659597 0.160092 0.734372
vn  0.659597 0.160092 0.734372
vn  0.983312 0.001238 0.181924
vn  0.516740 0.197382 0.833079
vn  -0.006543 0.176595 0.984262
vn  0.793737 0.087705 0.601905
vn  0.659597 0.160092 0.734372
vn  0.994728 0.098137 -0.029745
vn  0.659597 0.160092 0.734372
vn  0.793737 0.087705 0.601905
vn  0.659597 0.160092 0.734372
vn  0.994728 0.098137 -0.029745
vn  0.983312 0.001238 0.181924
vn  0.994728 0.098137 -0.029745
vn  0.983312 0.001238 0.181924
vn  0.994728 0.098137 -0.029745
vn  0.983312 0.001238 0.181924
vn  0.994728 0.098137 -0.029745
vn  0.546315 -0.194532 -0.814676
vn  0.472813 0.109278 -0.874360
vn  0.546315 -0.194532 -0.814676
vn  0.994728 0.098137 -0.029745
vn  -0.539243 -0.253701 -0.803028
vn  -0.539243 -0.253701 -0.803028
vn  -0.689465 -0.061976 -0.721663
vn  0.546315 -0.194532 -0.814676
vn  -0.689465 -0.061976 -0.721663
vn  -0.539243 -0.253701 -0.803028
vn  -0.689465 -0.061976 -0.721663
vn  0.546315 -0.194532 -0.814676
vn  -0.495859 0.093103 -0.863398
vn  0.472813 0.109278 -0.874360
vn  -0.495859 0.093103 -0.863398
vn  0.546315 -0.194532 -0.814676
vn  -0.495859 0.093103 -0.863398
vn  0.472813 0.109278 -0.874360
vn  -0.485146 0.044461 -0.873302
vn  0.472813 0.109278 -0.874360
vn  -0.485146 0.044461 -0.873302
vn  0.472813 0.109278 -0.874360
vn  -0.485146 0.044461 -0.873302
vn  0.472813 0.109278 -0.874360
vn  0.711878 -0.018401 -0.702062
vn  0.994728 0.098137 -0.029745
vn  0.711878 -0.018401 -0.702062
vn  0.472813 0.109278 -0.874360
vn  0.711878 -0.018401 -0.702062
vn  0.994728 0.098137 -0.029745
vn  0.999005 -0.030947 0.032115
vn  0.793737 0.087705 0.601905
vn  0.999005 -0.030947 0.032115
vn  0.994728 0.098137 -0.029745
vn  0.659597 0.160092 0.734372
vn  -0.058911 0.199576 0.978110
vn  -0.006543 0.176595 0.984262
vn  -0.637961 0.192612 0.745591
vn  -0.006543 0.176595 0.984262
vn  -0.058911 0.199576 0.978110
vn  -0.006543 0.176595 0.984262
vn  -0.637961 0.192612 0.745591
vn  -0.720998 0.126839 0.681229
vn  -0.987533 0.155041 0.027233
vn  -0.720998 0.126839 0.681229
vn  -0.637961 0.192612 0.745591
vn  -0.720998 0.126839 0.681229
vn  -0.987533 0.155041 0.027233
vn  -0.720998 0.126839 0.681229
vn  -0.992748 0.065381 -0.100884
vn  -0.720998 0.126839 0.681229
vn  -0.987533 0.155041 0.027233
vn  -0.720998 0.126839 0.681229
vn  -0.992748 0.065381 -0.100884
vn  -0.720998 0.126839 0.681229
vn  -0.999006 -0.009109 0.043639
vn  -0.720998 0.126839 0.681229
vn  -0.992748 0.065381 -0.100884
vn  -0.720998 0.126839 0.681229
vn  -0.999006 -0.009109 0.043639
vn  -0.720998 0.126839 0.681229
vn  -0.401967 0.116033 0.908272
vn  -0.720998 0.126839 0.681229
vn  -0.999006 -0.009109 0.043639
vn  -0.720998 0.126839 0.681229
vn  -0.401967 0.116033 0.908272
vn  -0.006543 0.176595 0.984262
vn  0.556519 0.094957 0.825391
vn  -0.006543 0.176595 0.984262
vn  -0.401967 0.116033 0.908272
vn  -0.006543 0.176595 0.984262
vn  0.556519 0.094957 0.825391
vn  0.793737 0.087705 0.601905
vn  0.971326 -0.057109 0.230791
vn  0.793737 0.087705 0.601905
vn  0.556519 0.094957 0.825391
vn  0.793737 0.087705 0.601905
vn  0.971326 -0.057109 0.230791
vn  0.999005 -0.030947 0.032115
vn  0.973873 -0.112338 -0.197362
vn  0.999005 -0.030947 0.032115
vn  0.971326 -0.057109 0.230791
vn  0.999005 -0.030947 0.032115
vn  0.973873 -0.112338 -0.197362
vn  0.711878 -0.018401 -0.702062
vn  0.717122 -0.156551 -0.679138
vn  0.711878 -0.018401 -0.702062
vn  0.973873 -0.112338 -0.197362
vn  0.711878 -0.018401 -0.702062
vn  0.717122 -0.156551 -0.679138
vn  0.711878 -0.018401 -0.702062
vn  -0.237190 -0.069498 -0.968974
vn  0.711878 -0.018401 -0.702062
vn  0.717122 -0.156551 -0.679138
vn  0.711878 -0.018401 -0.702062
vn  -0.237190 -0.069498 -0.968974
vn  -0.485146 0.044461 -0.873302
vn  -0.999006 -0.009109 0.043639
vn  -0.485146 0.044461 -0.873302
vn  -0.237190 -0.069498 -0.968974
vn  -0.485146 0.044461 -0.873302
vn  -0.999006 -0.009109 0.043639
vn  -0.485146 0.044461 -0.873302
vn  -0.992748 0.065381 -0.100884
vn  -0.485146 0.044461 -0.873302
vn  -0.999006 -0.009109 0.043639
vn  -0.485146 0.044461 -0.873302
vn  -0.992748 0.065381 -0.100884
vn  -0.495859 0.093103 -0.863398
vn  -0.987533 0.155041 0.027233
vn  -0.495859 0.093103 -0.863398
vn  -0.992748 0.065381 -0.100884
vn  -0.495859 0.093103 -0.863398
vn  -0.987533 0.155041 0.027233
vn  -0.689465 -0.061976 -0.721663
vn  -0.957149 0.171101 0.233647
vn  -0.689465 -0.061976 -0.721663
vn  -0.987533 0.155041 0.027233
vn  -0.689465 -0.061976 -0.721663
vn  -0.957149 0.171101 0.233647
vn  -0.689465 -0.061976 -0.721663
vn  -0.996131 0.028693 0.083070
vn  -0.689465 -0.061976 -0.721663
vn  -0.957149 0.171101 0.233647
vn  -0.689465 -0.061976 -0.721663
vn  -0.996131 0.028693 0.083070
vn  -0.539243 -0.253701 -0.803028
vn  -0.984084 0.070824 -0.162982
vn  -0.539243 -0.253701 -0.803028
vn  -0.996131 0.028693 0.083070
vn  -0.539243 -0.253701 -0.803028
vn  -0.984084 0.070824 -0.162982
vn  -0.289032 -0.062498 -0.955277
vn  -0.544529 0.070595 -0.835766
vn  -0.289032 -0.062498 -0.955277
vn  -0.984084 0.070824 -0.162982
vn  -0.289032 -0.062498 -0.955277
vn  -0.544529 0.070595 -0.835766
vn  0.566048 0.042879 -0.823256
vn  0.419130 -0.527738 -0.738798
vn  0.566048 0.042879 -0.823256
vn  -0.544529 0.070595 -0.835766
vn  0.566048 0.042879 -0.823256
vn  0.419130 -0.527738 -0.738798
vn  0.566048 0.042879 -0.823256
vn  0.844354 -0.534359 0.039079
vn  0.566048 0.042879 -0.823256
vn  0.419130 -0.527738 -0.738798
vn  0.566048 0.042879 -0.823256
vn  0.844354 -0.534359 0.039079
vn  0.961053 0.109497 0.253748
vn  0.391645 -0.362678 0.845623
vn  0.961053 0.109497 0.253748
vn  0.844354 -0.534359 0.039079
vn  0.961053 0.109497 0.253748
vn  0.391645 -0.362678 0.845623
vn  0.356235 0.167398 0.919279
vn  -0.319171 -0.186452 0.929175
vn  0.356235 0.167398 0.919279
vn  0.391645 -0.362678 0.845623
vn  0.356235 0.167398 0.919279
vn  -0.319171 -0.186452 0.929175
vn  -0.296521 0.193545 0.935209
vn  -0.948959 0.148582 0.278210
vn  -0.296521 0.193545 0.935209
vn  -0.319171 -0.186452 0.929175
vn  -0.296521 0.193545 0.935209
vn  -0.948959 0.148582 0.278210
vn  -0.577346 0.127110 0.806545
vn  -0.984084 0.070824 -0.162982
vn  -0.577346 0.127110 0.806545
vn  -0.948959 0.148582 0.278210
vn  -0.577346 0.127110 0.806545
vn  -0.984084 0.070824 -0.162982
vn  -0.577346 0.127110 0.806545
vn  -0.996131 0.028693 0.083070
vn  -0.577346 0.127110 0.806545
vn  -0.984084 0.070824 -0.162982
vn  -0.577346 0.127110 0.806545
vn  -0.996131 0.028693 0.083070
vn  -0.600992 0.160418 0.782991
vn  -0.957149 0.171101 0.233647
vn  -0.600992 0.160418 0.782991
vn  -0.996131 0.028693 0.083070
vn  -0.600992 0.160418 0.782991
vn  -0.957149 0.171101 0.233647
vn  -0.535528 0.252973 0.805739
vn  -0.637961 0.192612 0.745591
vn  -0.535528 0.252973 0.805739
vn  -0.957149 0.171101 0.233647
vn  -0.535528 0.252973 0.805739
vn  -0.637961 0.192612 0.745591
vn  -0.535528 0.252973 0.805739
vn  -0.058911 0.199576 0.978110
vn  -0.535528 0.252973 0.805739
vn  -0.637961 0.192612 0.745591
vn  -0.535528 0.252973 0.805739
vn  -0.058911 0.199576 0.978110
vn  -0.064193 0.208351 0.975945
vn  0.516740 0.197382 0.833079
vn  -0.064193 0.208351 0.975945
vn  -0.058911 0.199576 0.978110
vn  -0.064193 0.208351 0.975945
vn  0.516740 0.197382 0.833079
vn  0.572351 0.063549 0.817543
vn  0.983312 0.001238 0.181924
vn  0.572351 0.063549 0.817543
vn  0.516740 0.197382 0.833079
vn  0.572351 0.063549 0.817543
vn  0.983312 0.001238 0.181924
vn  0.973907 -0.211055 0.083434
vn  0.546315 -0.194532 -0.814676
vn  0.973907 -0.211055 0.083434
vn  0.983312 0.001238 0.181924
vn  0.973907 -0.211055 0.083434
vn  0.546315 -0.194532 -0.814676
vn  0.471344 -0.337275 -0.814912
vn  -0.539243 -0.253701 -0.803028
vn  0.471344 -0.337275 -0.814912
vn  0.546315 -0.194532 -0.814676
vn  0.471344 -0.337275 -0.814912
vn  -0.539243 -0.253701 -0.803028
vn  0.471344 -0.337275 -0.814912
vn  -0.289032 -0.062498 -0.955277
vn  0.471344 -0.337275 -0.814912
vn  -0.539243 -0.253701 -0.803028
vn  0.471344 -0.337275 -0.814912
vn  -0.289032 -0.062498 -0.955277
vn  0.743354 -0.110066 -0.659780
vn  0.566048 0.042879 -0.823256
vn  0.743354 -0.110066 -0.659780
vn  -0.289032 -0.062498 -0.955277
vn  0.743354 -0.110066 -0.659780
vn  0.566048 0.042879 -0.823256
vn  0.743354 -0.110066 -0.659780
vn  0.961053 0.109497 0.253748
vn  0.743354 -0.110066 -0.659780
vn  0.566048 0.042879 -0.823256
vn  0.743354 -0.110066 -0.659780
vn  0.961053 0.109497 0.253748
vn  0.980903 -0.034488 0.191415
vn  0.449794 0.093812 0.888192
vn  0.980903 -0.034488 0.191415
vn  0.961053 0.109497 0.253748
vn  0.980903 -0.034488 0.191415
vn  0.449794 0.093812 0.888192
vn  0.973907 -0.211055 0.083434
vn  0.449794 0.093812 0.888192
vn  0.973907 -0.211055 0.083434
vn  0.449794 0.093812 0.888192
vn  0.973907 -0.211055 0.083434
vn  0.449794 0.093812 0.888192
vn  0.572351 0.063549 0.817543
vn  -0.041719 0.109858 0.993071
vn  0.572351 0.063549 0.817543
vn  0.449794 0.093812 0.888192
vn  0.572351 0.063549 0.817543
vn  -0.041719 0.109858 0.993071
vn  -0.064193 0.208351 0.975945
vn  -0.600992 0.160418 0.782991
vn  -0.064193 0.208351 0.975945
vn  -0.041719 0.109858 0.993071
vn  -0.064193 0.208351 0.975945
vn  -0.600992 0.160418 0.782991
vn  -0.535528 0.252973 0.805739
vn  -0.637961 0.192612 0.745591
vn  -0.957149 0.171101 0.233647
vn  -0.987533 0.155041 0.027233
vn  -0.600992 0.160418 0.782991
vn  -0.041719 0.109858 0.993071
vn  -0.577346 0.127110 0.806545
vn  0.449794 0.093812 0.888192
vn  -0.577346 0.127110 0.806545
vn  -0.041719 0.109858 0.993071
vn  -0.577346 0.127110 0.806545
vn  0.449794 0.093812 0.888192
vn  -0.296521 0.193545 0.935209
vn  0.449794 0.093812 0.888192
vn  -0.296521 0.193545 0.935209
vn  0.449794 0.093812 0.888192
vn  -0.296521 0.193545 0.935209
vn  0.449794 0.093812 0.888192
vn  0.356235 0.167398 0.919279
vn  0.449794 0.093812 0.888192
vn  0.356235 0.167398 0.919279
vn  0.449794 0.093812 0.888192
vn  0.356235 0.167398 0.919279
vn  0.449794 0.093812 0.888192
vn  0.961053 0.109497 0.253748
vn  0.973907 -0.211055 0.083434
vn  0.743354 -0.110066 -0.659780
vn  0.980903 -0.034488 0.191415
vn  0.743354 -0.110066 -0.659780
vn  0.973907 -0.211055 0.083434
vn  0.471344 -0.337275 -0.814912
vn  -0.887126 -0.460758 0.026641
vn  -0.948959 0.148582 0.278210
vn  -0.319171 -0.186452 0.929175
vn  -0.984084 0.070824 -0.162982
vn  -0.948959 0.148582 0.278210
vn  -0.544529 0.070595 -0.835766
vn  -0.887126 -0.460758 0.026641
vn  -0.544529 0.070595 -0.835766
vn  -0.948959 0.148582 0.278210
vn  -0.544529 0.070595 -0.835766
vn  -0.887126 -0.460758 0.026641
vn  -0.544529 0.070595 -0.835766
vn  -0.400148 -0.636732 -0.659131
vn  -0.544529 0.070595 -0.835766
vn  -0.887126 -0.460758 0.026641
vn  -0.544529 0.070595 -0.835766
vn  -0.400148 -0.636732 -0.659131
vn  0.419130 -0.527738 -0.738798
vn  -0.190850 -0.465191 -0.864392
vn  0.070139 -0.566671 -0.820953
vn  -0.190850 -0.465191 -0.864392
vn  0.070139 -0.566671 -0.820953
vn  -0.190850 -0.465191 -0.864392
vn  -0.008428 -0.312489 -0.949884
vn  -0.008428 -0.312489 -0.949884
vn  0.070139 -0.566671 -0.820953
vn  0.070139 -0.566671 -0.820953
vn  0.070139 -0.566671 -0.820953
vn  -0.008428 -0.312489 -0.949884
vn  0.566522 -0.467481 -0.678612
vn  0.566522 -0.467481 -0.678612
vn  0.496400 -0.619907 -0.607702
vn  0.070139 -0.566671 -0.820953
vn  0.496400 -0.619907 -0.607702
vn  0.566522 -0.467481 -0.678612
vn  0.818738 -0.521091 -0.241106
vn  0.607505 -0.475170 -0.636514
vn  0.496400 -0.619907 -0.607702
vn  0.818738 -0.521091 -0.241106
vn  0.496400 -0.619907 -0.607702
vn  0.607505 -0.475170 -0.636514
vn  0.070139 -0.566671 -0.820953
vn  0.000000 -0.471828 -0.881691
vn  0.070139 -0.566671 -0.820953
vn  0.607505 -0.475170 -0.636514
vn  0.070139 -0.566671 -0.820953
vn  0.000000 -0.471828 -0.881691
vn  -0.190850 -0.465191 -0.864392
vn  -0.000001 -0.435999 -0.899947
vn  -0.190850 -0.465191 -0.864392
vn  0.000000 -0.471828 -0.881691
vn  -0.190850 -0.465191 -0.864392
vn  -0.000001 -0.435999 -0.899947
vn  -0.190850 -0.465191 -0.864392
vn  0.000000 -0.111609 -0.993752
vn  -0.190850 -0.465191 -0.864392
vn  -0.000001 -0.435999 -0.899947
vn  -0.190850 -0.465191 -0.864392
vn  0.000000 -0.111609 -0.993752
vn  -0.008428 -0.312489 -0.949884
vn  -0.008695 0.153325 -0.988138
vn  -0.008428 -0.312489 -0.949884
vn  0.000000 -0.111609 -0.993752
vn  -0.008428 -0.312489 -0.949884
vn  -0.008695 0.153325 -0.988138
vn  0.578587 -0.059571 -0.813442
vn  0.686576 0.148237 -0.711786
vn  0.578587 -0.059571 -0.813442
vn  -0.008695 0.153325 -0.988138
vn  0.578587 -0.059571 -0.813442
vn  0.686576 0.148237 -0.711786
vn  0.952097 -0.247328 -0.179832
vn  0.999752 0.010170 0.019832
vn  0.952097 -0.247328 -0.179832
vn  0.686576 0.148237 -0.711786
vn  0.952097 -0.247328 -0.179832
vn  0.999752 0.010170 0.019832
vn  0.923830 -0.177064 0.339391
vn  0.668011 0.183389 0.721201
vn  0.923830 -0.177064 0.339391
vn  0.999752 0.010170 0.019832
vn  0.923830 -0.177064 0.339391
vn  0.668011 0.183389 0.721201
vn  0.389470 -0.001519 0.921038
vn  0.000000 0.240122 0.970743
vn  0.389470 -0.001519 0.921038
vn  0.668011 0.183389 0.721201
vn  0.389470 -0.001519 0.921038
vn  0.000000 0.240122 0.970743
vn  0.000000 0.105283 0.994442
vn  -0.389471 -0.001519 0.921037
vn  0.000000 0.105283 0.994442
vn  0.000000 0.240122 0.970743
vn  0.000000 0.105283 0.994442
vn  -0.389471 -0.001519 0.921037
vn  0.000000 -0.052775 0.998607
vn  -0.336023 -0.224160 0.914790
vn  0.000000 -0.052775 0.998607
vn  -0.389471 -0.001519 0.921037
vn  0.000000 -0.052775 0.998607
vn  -0.336023 -0.224160 0.914790
vn  0.000000 -0.118156 0.992995
vn  -0.336023 -0.224160 0.914790
vn  0.000000 -0.118156 0.992995
vn  -0.336023 -0.224160 0.914790
vn  0.000000 -0.118156 0.992995
vn  -0.336023 -0.224160 0.914790
vn  -0.551390 -0.287512 0.783138
vn  -0.743017 -0.383201 0.548710
vn  -0.551390 -0.287512 0.783138
vn  -0.336023 -0.224160 0.914790
vn  -0.551390 -0.287512 0.783138
vn  -0.743017 -0.383201 0.548710
vn  -0.909874 -0.382248 0.161295
vn  -0.844042 -0.441819 0.303957
vn  -0.909874 -0.382248 0.161295
vn  -0.743017 -0.383201 0.548710
vn  -0.909874 -0.382248 0.161295
vn  -0.844042 -0.441819 0.303957
vn  -0.897870 -0.439399 -0.027543
vn  -0.923830 -0.177064 0.339391
vn  -0.897870 -0.439399 -0.027543
vn  -0.844042 -0.441819 0.303957
vn  -0.897870 -0.439399 -0.027543
vn  -0.923830 -0.177064 0.339391
vn  -0.952097 -0.247328 -0.179832
vn  -0.999752 0.010171 0.019832
vn  -0.952097 -0.247328 -0.179832
vn  -0.923830 -0.177064 0.339391
vn  -0.952097 -0.247328 -0.179832
vn  -0.999752 0.010171 0.019832
vn  -0.952097 -0.247328 -0.179832
vn  -0.686576 0.148237 -0.711786
vn  -0.952097 -0.247328 -0.179832
vn  -0.999752 0.010171 0.019832
vn  -0.952097 -0.247328 -0.179832
vn  -0.686576 0.148237 -0.711786
vn  -0.578587 -0.059571 -0.813442
vn  0.008695 0.153325 -0.988138
vn  -0.578587 -0.059571 -0.813442
vn  -0.686576 0.148237 -0.711786
vn  -0.578587 -0.059571 -0.813442
vn  0.008695 0.153325 -0.988138
vn  0.008428 -0.312490 -0.949884
vn  0.000000 -0.111609 -0.993752
vn  0.008428 -0.312490 -0.949884
vn  0.008695 0.153325 -0.988138
vn  0.008428 -0.312490 -0.949884
vn  0.000000 -0.111609 -0.993752
vn  0.190850 -0.465191 -0.864392
vn  -0.000001 -0.435999 -0.899947
vn  0.190850 -0.465191 -0.864392
vn  0.000000 -0.111609 -0.993752
vn  0.190850 -0.465191 -0.864392
vn  -0.000001 -0.435999 -0.899947
vn  0.190850 -0.465191 -0.864392
vn  0.000000 -0.471828 -0.881691
vn  0.190850 -0.465191 -0.864392
vn  -0.000001 -0.435999 -0.899947
vn  0.190850 -0.465191 -0.864392
vn  0.000000 -0.471828 -0.881691
vn  -0.070139 -0.566671 -0.820953
vn  -0.607506 -0.475170 -0.636514
vn  -0.070139 -0.566671 -0.820953
vn  0.000000 -0.471828 -0.881691
vn  -0.070139 -0.566671 -0.820953
vn  -0.607506 -0.475170 -0.636514
vn  -0.496401 -0.619907 -0.607701
vn  -0.818739 -0.521091 -0.241105
vn  -0.496401 -0.619907 -0.607701
vn  -0.607506 -0.475170 -0.636514
vn  -0.496401 -0.619907 -0.607701
vn  -0.818739 -0.521091 -0.241105
vn  -0.566522 -0.467480 -0.678613
vn  -0.952097 -0.247328 -0.179832
vn  -0.566522 -0.467480 -0.678613
vn  -0.818739 -0.521091 -0.241105
vn  -0.566522 -0.467480 -0.678613
vn  -0.952097 -0.247328 -0.179832
vn  -0.566522 -0.467480 -0.678613
vn  -0.578587 -0.059571 -0.813442
vn  -0.566522 -0.467480 -0.678613
vn  -0.952097 -0.247328 -0.179832
vn  -0.566522 -0.467480 -0.678613
vn  -0.578587 -0.059571 -0.813442
vn  -0.566522 -0.467480 -0.678613
vn  0.008428 -0.312490 -0.949884
vn  -0.566522 -0.467480 -0.678613
vn  -0.578587 -0.059571 -0.813442
vn  -0.566522 -0.467480 -0.678613
vn  0.008428 -0.312490 -0.949884
vn  -0.070139 -0.566671 -0.820953
vn  0.190850 -0.465191 -0.864392
vn  -0.070139 -0.566671 -0.820953
vn  0.008428 -0.312490 -0.949884
vn  -0.952097 -0.247328 -0.179832
vn  -0.952097 -0.247328 -0.179832
vn  -0.897870 -0.439399 -0.027543
vn  -0.818739 -0.521091 -0.241105
vn  -0.897870 -0.439399 -0.027543
vn  -0.952097 -0.247328 -0.179832
vn  -0.897870 -0.439399 -0.027543
vn  -0.818739 -0.521091 -0.241105
vn  -0.909874 -0.382248 0.161295
vn  -0.607506 -0.475170 -0.636514
vn  -0.909874 -0.382248 0.161295
vn  -0.818739 -0.521091 -0.241105
vn  -0.496401 -0.619907 -0.607701
vn  -0.566522 -0.467480 -0.678613
vn  -0.070139 -0.566671 -0.820953
vn  0.000000 -0.052775 0.998607
vn  0.389470 -0.001519 0.921038
vn  0.000000 0.105283 0.994442
vn  -0.336023 -0.224160 0.914790
vn  -0.389471 -0.001519 0.921037
vn  -0.743017 -0.383201 0.548710
vn  -0.923830 -0.177064 0.339391
vn  -0.743017 -0.383201 0.548710
vn  -0.389471 -0.001519 0.921037
vn  -0.743017 -0.383201 0.548710
vn  -0.923830 -0.177064 0.339391
vn  -0.844042 -0.441819 0.303957
vn  0.818738 -0.521091 -0.241106
vn  0.909874 -0.382248 0.161295
vn  0.607505 -0.475170 -0.636514
vn  -0.999752 0.010171 0.019832
vn  -0.923830 -0.177064 0.339391
vn  -0.668011 0.183389 0.721200
vn  -0.389471 -0.001519 0.921037
vn  -0.668011 0.183389 0.721200
vn  -0.923830 -0.177064 0.339391
vn  -0.668011 0.183389 0.721200
vn  -0.389471 -0.001519 0.921037
vn  0.000000 0.240122 0.970743
vn  0.008695 0.153325 -0.988138
vn  0.000000 0.326798 -0.945094
vn  0.000000 -0.111609 -0.993752
vn  0.000000 0.326798 -0.945094
vn  0.008695 0.153325 -0.988138
vn  0.008695 0.153325 -0.988138
vn  0.008695 0.153325 -0.988138
vn  0.047026 0.339531 -0.939419
vn  0.000000 0.326798 -0.945094
vn  0.047026 0.339531 -0.939419
vn  0.008695 0.153325 -0.988138
vn  -0.686576 0.148237 -0.711786
vn  0.000000 0.326798 -0.945094
vn  -0.008695 0.153325 -0.988138
vn  0.000000 -0.111609 -0.993752
vn  -0.008695 0.153325 -0.988138
vn  0.000000 0.326798 -0.945094
vn  -0.047026 0.339531 -0.939419
vn  -0.047026 0.339531 -0.939419
vn  0.686576 0.148237 -0.711786
vn  -0.008695 0.153325 -0.988138
vn  -0.008428 -0.312489 -0.949884
vn  0.578587 -0.059571 -0.813442
vn  0.566522 -0.467481 -0.678612
vn  0.952097 -0.247328 -0.179832
vn  0.566522 -0.467481 -0.678612
vn  0.578587 -0.059571 -0.813442
vn  0.566522 -0.467481 -0.678612
vn  0.952097 -0.247328 -0.179832
vn  0.818738 -0.521091 -0.241106
vn  0.897870 -0.439399 -0.027544
vn  0.818738 -0.521091 -0.241106
vn  0.952097 -0.247328 -0.179832
vn  0.818738 -0.521091 -0.241106
vn  0.897870 -0.439399 -0.027544
vn  0.909874 -0.382248 0.161295
vn  0.844042 -0.441819 0.303956
vn  0.909874 -0.382248 0.161295
vn  0.897870 -0.439399 -0.027544
vn  0.909874 -0.382248 0.161295
vn  0.844042 -0.441819 0.303956
vn  0.743016 -0.383200 0.548712
vn  0.923830 -0.177064 0.339391
vn  0.743016 -0.383200 0.548712
vn  0.844042 -0.441819 0.303956
vn  0.743016 -0.383200 0.548712
vn  0.923830 -0.177064 0.339391
vn  0.743016 -0.383200 0.548712
vn  0.389470 -0.001519 0.921038
vn  0.743016 -0.383200 0.548712
vn  0.923830 -0.177064 0.339391
vn  0.743016 -0.383200 0.548712
vn  0.389470 -0.001519 0.921038
vn  0.336020 -0.224158 0.914792
vn  0.000000 -0.052775 0.998607
vn  0.336020 -0.224158 0.914792
vn  0.389470 -0.001519 0.921038
vn  0.336020 -0.224158 0.914792
vn  0.000000 -0.052775 0.998607
vn  0.336020 -0.224158 0.914792
vn  0.000000 -0.118156 0.992995
vn  0.336020 -0.224158 0.914792
vn  0.000000 -0.052775 0.998607
vn  0.336020 -0.224158 0.914792
vn  0.000000 -0.118156 0.992995
vn  0.336020 -0.224158 0.914792
vn  0.551389 -0.287511 0.783140
vn  0.336020 -0.224158 0.914792
vn  0.000000 -0.118156 0.992995
vn  0.336020 -0.224158 0.914792
vn  0.551389 -0.287511 0.783140
vn  0.743016 -0.383200 0.548712
vn  0.909874 -0.382248 0.161295
vn  0.743016 -0.383200 0.548712
vn  0.551389 -0.287511 0.783140
vn  0.844042 -0.441819 0.303956
vn  0.897870 -0.439399 -0.027544
vn  0.923830 -0.177064 0.339391
vn  0.952097 -0.247328 -0.179832
vn  0.923830 -0.177064 0.339391
vn  0.897870 -0.439399 -0.027544
vn  -0.844460 -0.535334 -0.017463
vn  -0.748202 -0.540993 0.384084
vn  -0.860605 -0.506423 -0.053813
vn  -0.748202 -0.540993 0.384084
vn  -0.860605 -0.506423 -0.053813
vn  -0.748202 -0.540993 0.384084
vn  -0.860605 -0.506423 -0.053813
vn  -0.748202 -0.540993 0.384084
vn  -0.686019 -0.598743 0.413381
vn  -0.837637 0.059437 0.542983
vn  -0.686019 -0.598743 0.413381
vn  -0.748202 -0.540993 0.384084
vn  -0.686019 -0.598743 0.413381
vn  -0.837637 0.059437 0.542983
vn  -0.801767 0.045434 0.595908
vn  -0.828489 0.554542 0.078031
vn  -0.801767 0.045434 0.595908
vn  -0.837637 0.059437 0.542983
vn  -0.801767 0.045434 0.595908
vn  -0.828489 0.554542 0.078031
vn  -0.860054 0.498060 0.110650
vn  -0.650153 0.310550 -0.693441
vn  -0.860054 0.498060 0.110650
vn  -0.828489 0.554542 0.078031
vn  -0.860054 0.498060 0.110650
vn  -0.650153 0.310550 -0.693441
vn  -0.645812 0.325698 -0.690542
vn  -0.673941 -0.588909 -0.446083
vn  -0.645812 0.325698 -0.690542
vn  -0.650153 0.310550 -0.693441
vn  -0.645812 0.325698 -0.690542
vn  -0.673941 -0.588909 -0.446083
vn  -0.659522 -0.575288 -0.483813
vn  -0.844460 -0.535334 -0.017463
vn  -0.659522 -0.575288 -0.483813
vn  -0.673941 -0.588909 -0.446083
vn  -0.659522 -0.575288 -0.483813
vn  -0.844460 -0.535334 -0.017463
vn  -0.860605 -0.506423 -0.053813
vn  -0.424269 -0.706810 0.566053
vn  -0.048316 -0.465142 0.883917
vn  -0.424269 -0.706810 0.566053
vn  -0.048316 -0.465142 0.883917
vn  -0.424269 -0.706810 0.566053
vn  -0.452911 -0.306222 0.837317
vn  -0.452911 -0.306222 0.837317
vn  -0.048316 -0.465142 0.883917
vn  -0.048316 -0.465142 0.883917
vn  -0.048316 -0.465142 0.883917
vn  -0.452911 -0.306222 0.837317
vn  0.075978 -0.484001 0.871763
vn  0.075978 -0.484001 0.871763
vn  0.590993 0.076245 0.803065
vn  -0.048316 -0.465142 0.883917
vn  0.590993 0.076245 0.803065
vn  0.075978 -0.484001 0.871763
vn  0.172131 -0.976884 0.126764
vn  0.811384 0.505617 0.293271
vn  0.981088 0.192925 0.015721
vn  0.765112 0.620458 0.172152
vn  0.981088 0.192925 0.015721
vn  0.811384 0.505617 0.293271
vn  0.980558 0.040591 0.191983
vn  0.980558 0.040591 0.191983
vn  0.943327 0.198754 0.265764
vn  0.981088 0.192925 0.015721
vn  0.943327 0.198754 0.265764
vn  0.980558 0.040591 0.191983
vn  0.924429 -0.290774 0.246742
vn  0.924429 -0.290774 0.246742
vn  0.453264 -0.307658 0.836599
vn  0.943327 0.198754 0.265764
vn  0.453264 -0.307658 0.836599
vn  0.924429 -0.290774 0.246742
vn  0.505272 -0.689911 0.518386
vn  0.505272 -0.689911 0.518386
vn  0.423486 -0.706776 0.566680
vn  0.453264 -0.307658 0.836599
vn  0.423486 -0.706776 0.566680
vn  0.505272 -0.689911 0.518386
vn  0.146351 -0.690475 0.708396
vn  0.146351 -0.690475 0.708396
vn  0.200236 -0.626889 0.752938
vn  0.423486 -0.706776 0.566680
vn  0.200236 -0.626889 0.752938
vn  0.146351 -0.690475 0.708396
vn  0.000000 -0.593409 0.804901
vn  0.000000 -0.593409 0.804901
vn  0.000000 -0.483837 0.875158
vn  0.200236 -0.626889 0.752938
vn  0.000000 -0.483837 0.875158
vn  0.000000 -0.593409 0.804901
vn  -0.200699 -0.626874 0.752827
vn  -0.200699 -0.626874 0.752827
vn  -0.493457 -0.522831 0.695089
vn  0.000000 -0.483837 0.875158
vn  -0.493457 -0.522831 0.695089
vn  -0.200699 -0.626874 0.752827
vn  -0.424269 -0.706810 0.566053
vn  -0.424269 -0.706810 0.566053
vn  -0.781820 -0.623479 -0.005721
vn  -0.493457 -0.522831 0.695089
vn  -0.781820 -0.623479 -0.005721
vn  -0.424269 -0.706810 0.566053
vn  -0.424269 -0.706810 0.566053
vn  -0.424269 -0.706810 0.566053
vn  -0.443016 -0.896470 -0.008827
vn  -0.781820 -0.623479 -0.005721
vn  -0.443016 -0.896470 -0.008827
vn  -0.424269 -0.706810 0.566053
vn  -0.048316 -0.465142 0.883917
vn  -0.048316 -0.465142 0.883917
vn  0.086671 0.404729 -0.910320
vn  -0.443016 -0.896470 -0.008827
vn  0.086671 0.404729 -0.910320
vn  -0.048316 -0.465142 0.883917
vn  0.590993 0.076245 0.803065
vn  0.590993 0.076245 0.803065
vn  0.812472 0.528183 -0.246806
vn  0.086671 0.404729 -0.910320
vn  0.812472 0.528183 -0.246806
vn  0.590993 0.076245 0.803065
vn  0.172131 -0.976884 0.126764
vn  0.172131 -0.976884 0.126764
vn  0.251003 -0.574794 -0.778852
vn  0.812472 0.528183 -0.246806
vn  0.251003 -0.574794 -0.778852
vn  0.172131 -0.976884 0.126764
vn  -0.055312 -0.801410 -0.595552
vn  -0.055312 -0.801410 -0.595552
vn  -0.215942 0.053872 -0.974919
vn  0.251003 -0.574794 -0.778852
vn  -0.215942 0.053872 -0.974919
vn  -0.055312 -0.801410 -0.595552
vn  -0.186754 -0.469676 -0.862860
vn  -0.186754 -0.469676 -0.862860
vn  -0.215942 0.053872 -0.974919
vn  -0.215942 0.053872 -0.974919
vn  -0.215942 0.053872 -0.974919
vn  -0.186754 -0.469676 -0.862860
vn  -0.083599 0.738881 -0.668630
vn  -0.083599 0.738881 -0.668630
vn  -0.422517 0.906193 0.017157
vn  -0.215942 0.053872 -0.974919
vn  -0.422517 0.906193 0.017157
vn  -0.083599 0.738881 -0.668630
vn  -0.006645 0.999969 0.004211
vn  -0.006645 0.999969 0.004211
vn  -0.422517 0.906193 0.017157
vn  -0.422517 0.906193 0.017157
vn  -0.422517 0.906193 0.017157
vn  -0.006645 0.999969 0.004211
vn  -0.184337 0.697283 0.692688
vn  -0.184337 0.697283 0.692688
vn  -0.288714 0.096444 0.952545
vn  -0.422517 0.906193 0.017157
vn  -0.288714 0.096444 0.952545
vn  -0.184337 0.697283 0.692688
vn  -0.254569 -0.456288 0.852641
vn  -0.254569 -0.456288 0.852641
vn  -0.120281 -0.736654 0.665487
vn  -0.288714 0.096444 0.952545
vn  -0.120281 -0.736654 0.665487
vn  -0.254569 -0.456288 0.852641
vn  -0.138792 -0.989076 0.049655
vn  -0.138792 -0.989076 0.049655
vn  -0.022695 -0.998597 0.047839
vn  -0.120281 -0.736654 0.665487
vn  -0.022695 -0.998597 0.047839
vn  -0.138792 -0.989076 0.049655
vn  -0.055312 -0.801410 -0.595552
vn  -0.055312 -0.801410 -0.595552
vn  -0.022695 -0.998597 0.047839
vn  -0.022695 -0.998597 0.047839
vn  -0.022695 -0.998597 0.047839
vn  -0.055312 -0.801410 -0.595552
vn  0.172131 -0.976884 0.126764
vn  0.172131 -0.976884 0.126764
vn  -0.120281 -0.736654 0.665487
vn  -0.022695 -0.998597 0.047839
vn  -0.120281 -0.736654 0.665487
vn  0.172131 -0.976884 0.126764
vn  0.075978 -0.484001 0.871763
vn  0.075978 -0.484001 0.871763
vn  -0.288714 0.096444 0.952545
vn  -0.120281 -0.736654 0.665487
vn  -0.288714 0.096444 0.952545
vn  0.075978 -0.484001 0.871763
vn  -0.452911 -0.306222 0.837317
vn  -0.452911 -0.306222 0.837317
vn  -0.942182 0.197829 0.270474
vn  -0.288714 0.096444 0.952545
vn  -0.942182 0.197829 0.270474
vn  -0.452911 -0.306222 0.837317
vn  -0.907054 -0.300415 0.294964
vn  -0.907054 -0.300415 0.294964
vn  -0.976685 0.016011 0.214081
vn  -0.942182 0.197829 0.270474
vn  -0.976685 0.016011 0.214081
vn  -0.907054 -0.300415 0.294964
vn  -0.759275 -0.187323 0.623227
vn  -0.759275 -0.187323 0.623227
vn  -0.613503 0.395256 0.683657
vn  -0.976685 0.016011 0.214081
vn  -0.613503 0.395256 0.683657
vn  -0.759275 -0.187323 0.623227
vn  -0.198613 -0.175863 0.964171
vn  -0.198613 -0.175863 0.964171
vn  -0.110953 0.454996 0.883554
vn  -0.613503 0.395256 0.683657
vn  -0.110953 0.454996 0.883554
vn  -0.198613 -0.175863 0.964171
vn  -0.000068 -0.022697 0.999742
vn  -0.000068 -0.022697 0.999742
vn  -0.000051 0.522038 0.852922
vn  -0.110953 0.454996 0.883554
vn  -0.000051 0.522038 0.852922
vn  -0.000068 -0.022697 0.999742
vn  0.110843 0.454507 0.883820
vn  0.110843 0.454507 0.883820
vn  -0.001723 0.767211 0.641392
vn  -0.000051 0.522038 0.852922
vn  -0.001723 0.767211 0.641392
vn  0.110843 0.454507 0.883820
vn  0.494042 0.659921 0.566062
vn  0.494042 0.659921 0.566062
vn  0.000000 0.535044 0.844824
vn  -0.001723 0.767211 0.641392
vn  0.000000 0.535044 0.844824
vn  0.494042 0.659921 0.566062
vn  0.477880 -0.010450 0.878363
vn  0.477880 -0.010450 0.878363
vn  0.000000 0.025552 0.999673
vn  0.000000 0.535044 0.844824
vn  0.000000 0.025552 0.999673
vn  0.477880 -0.010450 0.878363
vn  0.000000 -0.118156 0.992995
vn  0.000000 -0.118156 0.992995
vn  -0.477880 -0.010450 0.878363
vn  0.000000 0.025552 0.999673
vn  -0.477880 -0.010450 0.878363
vn  0.000000 -0.118156 0.992995
vn  -0.551390 -0.287512 0.783138
vn  -0.551390 -0.287512 0.783138
vn  -0.477880 -0.010450 0.878363
vn  -0.477880 -0.010450 0.878363
vn  -0.477880 -0.010450 0.878363
vn  -0.551390 -0.287512 0.783138
vn  -0.909874 -0.382248 0.161295
vn  -0.909874 -0.382248 0.161295
vn  -0.997293 0.021032 0.070453
vn  -0.477880 -0.010450 0.878363
vn  -0.997293 0.021032 0.070453
vn  -0.909874 -0.382248 0.161295
vn  -0.607506 -0.475170 -0.636514
vn  -0.607506 -0.475170 -0.636514
vn  -0.562016 -0.020534 -0.826871
vn  -0.997293 0.021032 0.070453
vn  -0.562016 -0.020534 -0.826871
vn  -0.607506 -0.475170 -0.636514
vn  0.000000 -0.471828 -0.881691
vn  0.000000 -0.471828 -0.881691
vn  -0.562016 -0.020534 -0.826871
vn  -0.562016 -0.020534 -0.826871
vn  -0.562016 -0.020534 -0.826871
vn  0.000000 -0.471828 -0.881691
vn  0.000000 0.069379 -0.997590
vn  0.000000 0.069379 -0.997590
vn  -0.324440 0.423861 -0.845624
vn  -0.562016 -0.020534 -0.826871
vn  -0.324440 0.423861 -0.845624
vn  0.000000 0.069379 -0.997590
vn  0.000000 0.357067 -0.934079
vn  0.000000 0.357067 -0.934079
vn  -0.127586 0.066991 -0.989563
vn  -0.324440 0.423861 -0.845624
vn  -0.127586 0.066991 -0.989563
vn  0.000000 0.357067 -0.934079
vn  0.000000 0.082844 -0.996563
vn  0.000000 0.082844 -0.996563
vn  -0.127586 0.066991 -0.989563
vn  -0.127586 0.066991 -0.989563
vn  -0.127586 0.066991 -0.989563
vn  0.000000 0.082844 -0.996563
vn  0.000000 -0.316599 -0.948559
vn  0.000000 -0.316599 -0.948559
vn  -0.243689 -0.593718 -0.766886
vn  -0.127586 0.066991 -0.989563
vn  -0.243689 -0.593718 -0.766886
vn  0.000000 -0.316599 -0.948559
vn  0.000000 -0.665138 -0.746721
vn  0.000000 -0.665138 -0.746721
vn  -0.781820 -0.623479 -0.005721
vn  -0.243689 -0.593718 -0.766886
vn  -0.001723 0.767211 0.641392
vn  0.000000 0.535044 0.844824
vn  -0.000051 0.522038 0.852922
vn  -0.138792 -0.989076 0.049655
vn  -0.186754 -0.469676 -0.862860
vn  -0.055312 -0.801410 -0.595552
vn  0.000000 0.025552 0.999673
vn  -0.477880 -0.010450 0.878363
vn  0.000000 0.535044 0.844824
vn  -0.422517 0.906193 0.017157
vn  -0.942182 0.197829 0.270474
vn  -0.873923 0.485983 0.008839
vn  -0.942182 0.197829 0.270474
vn  -0.422517 0.906193 0.017157
vn  -0.288714 0.096444 0.952545
vn  0.026510 -0.469993 0.882272
vn  0.453264 -0.307658 0.836599
vn  0.423486 -0.706776 0.566680
vn  0.494042 0.659921 0.566062
vn  0.110843 0.454507 0.883820
vn  0.606447 0.419386 0.675528
vn  -0.000068 -0.022697 0.999742
vn  0.110843 0.454507 0.883820
vn  -0.000068 -0.022697 0.999742
vn  0.110843 0.454507 0.883820
vn  -0.000068 -0.022697 0.999742
vn  0.188649 -0.164950 0.968093
vn  0.188649 -0.164950 0.968093
vn  0.606447 0.419386 0.675528
vn  0.110843 0.454507 0.883820
vn  0.606447 0.419386 0.675528
vn  0.188649 -0.164950 0.968093
vn  0.785654 -0.144706 0.601504
vn  -0.198613 -0.175863 0.964171
vn  -0.000068 -0.022697 0.999742
vn  -0.198613 -0.175863 0.964171
vn  -0.000068 -0.022697 0.999742
vn  -0.198613 -0.175863 0.964171
vn  0.000612 -0.525033 0.851082
vn  0.000612 -0.525033 0.851082
vn  0.188649 -0.164950 0.968093
vn  -0.000068 -0.022697 0.999742
vn  0.419838 0.907452 0.016339
vn  0.943327 0.198754 0.265764
vn  0.288969 0.099844 0.952118
vn  0.453264 -0.307658 0.836599
vn  0.288969 0.099844 0.952118
vn  0.943327 0.198754 0.265764
vn  0.288969 0.099844 0.952118
vn  0.453264 -0.307658 0.836599
vn  -0.073127 -0.485599 0.871118
vn  0.026510 -0.469993 0.882272
vn  -0.073127 -0.485599 0.871118
vn  0.453264 -0.307658 0.836599
vn  -0.073127 -0.485599 0.871118
vn  0.026510 -0.469993 0.882272
vn  -0.622215 0.052697 0.781071
vn  0.026510 -0.469993 0.882272
vn  -0.622215 0.052697 0.781071
vn  0.026510 -0.469993 0.882272
vn  -0.622215 0.052697 0.781071
vn  0.026510 -0.469993 0.882272
vn  -0.271456 0.451457 -0.849999
vn  0.026510 -0.469993 0.882272
vn  -0.271456 0.451457 -0.849999
vn  0.026510 -0.469993 0.882272
vn  -0.271456 0.451457 -0.849999
vn  0.026510 -0.469993 0.882272
vn  0.434629 -0.900584 -0.006790
vn  0.423486 -0.706776 0.566680
vn  0.434629 -0.900584 -0.006790
vn  0.026510 -0.469993 0.882272
vn  0.434629 -0.900584 -0.006790
vn  0.423486 -0.706776 0.566680
vn  0.781148 -0.624320 -0.005712
vn  0.423486 -0.706776 0.566680
vn  0.781148 -0.624320 -0.005712
vn  0.423486 -0.706776 0.566680
vn  0.781148 -0.624320 -0.005712
vn  0.423486 -0.706776 0.566680
vn  0.493071 -0.523020 0.695220
vn  0.200236 -0.626889 0.752938
vn  0.493071 -0.523020 0.695220
vn  0.423486 -0.706776 0.566680
vn  0.493071 -0.523020 0.695220
vn  0.200236 -0.626889 0.752938
vn  0.000000 -0.483837 0.875158
vn  -0.775520 0.606407 0.175613
vn  -0.491115 0.660906 0.567459
vn  -0.931761 0.340879 -0.124991
vn  -0.491115 0.660906 0.567459
vn  -0.775520 0.606407 0.175613
vn  -0.816966 0.491428 0.301771
vn  -0.816966 0.491428 0.301771
vn  -0.613503 0.395256 0.683657
vn  -0.491115 0.660906 0.567459
vn  -0.613503 0.395256 0.683657
vn  -0.816966 0.491428 0.301771
vn  -0.816966 0.491428 0.301771
vn  -0.816966 0.491428 0.301771
vn  -0.976685 0.016011 0.214081
vn  -0.613503 0.395256 0.683657
vn  -0.976685 0.016011 0.214081
vn  -0.816966 0.491428 0.301771
vn  -0.985031 0.171705 0.015237
vn  -0.985031 0.171705 0.015237
vn  -0.942182 0.197829 0.270474
vn  -0.976685 0.016011 0.214081
vn  -0.942182 0.197829 0.270474
vn  -0.985031 0.171705 0.015237
vn  -0.931761 0.340879 -0.124991
vn  -0.931761 0.340879 -0.124991
vn  -0.873923 0.485983 0.008839
vn  -0.942182 0.197829 0.270474
vn  -0.873923 0.485983 0.008839
vn  -0.931761 0.340879 -0.124991
vn  -0.641650 0.361256 -0.676594
vn  -0.641650 0.361256 -0.676594
vn  -0.422517 0.906193 0.017157
vn  -0.873923 0.485983 0.008839
vn  -0.422517 0.906193 0.017157
vn  -0.641650 0.361256 -0.676594
vn  -0.641650 0.361256 -0.676594
vn  -0.641650 0.361256 -0.676594
vn  -0.215942 0.053872 -0.974919
vn  -0.422517 0.906193 0.017157
vn  -0.215942 0.053872 -0.974919
vn  -0.641650 0.361256 -0.676594
vn  -0.143541 -0.535866 -0.832012
vn  -0.143541 -0.535866 -0.832012
vn  0.251003 -0.574794 -0.778852
vn  -0.215942 0.053872 -0.974919
vn  0.251003 -0.574794 -0.778852
vn  -0.143541 -0.535866 -0.832012
vn  0.086671 0.404729 -0.910320
vn  0.086671 0.404729 -0.910320
vn  0.812472 0.528183 -0.246806
vn  0.251003 -0.574794 -0.778852
vn  -0.816966 0.491428 0.301771
vn  -0.775520 0.606407 0.175613
vn  -0.985031 0.171705 0.015237
vn  -0.931761 0.340879 -0.124991
vn  -0.985031 0.171705 0.015237
vn  -0.775520 0.606407 0.175613
vn  -0.781820 -0.623479 -0.005721
vn  -0.443016 -0.896470 -0.008827
vn  -0.478322 -0.680631 -0.554932
vn  -0.143541 -0.535866 -0.832012
vn  -0.478322 -0.680631 -0.554932
vn  -0.443016 -0.896470 -0.008827
vn  -0.478322 -0.680631 -0.554932
vn  -0.143541 -0.535866 -0.832012
vn  -0.127586 0.066991 -0.989563
vn  -0.641650 0.361256 -0.676594
vn  -0.127586 0.066991 -0.989563
vn  -0.143541 -0.535866 -0.832012
vn  -0.127586 0.066991 -0.989563
vn  -0.641650 0.361256 -0.676594
vn  -0.324440 0.423861 -0.845624
vn  -0.931761 0.340879 -0.124991
vn  -0.324440 0.423861 -0.845624
vn  -0.641650 0.361256 -0.676594
vn  -0.324440 0.423861 -0.845624
vn  -0.931761 0.340879 -0.124991
vn  -0.562016 -0.020534 -0.826871
vn  -0.931761 0.340879 -0.124991
vn  -0.562016 -0.020534 -0.826871
vn  -0.931761 0.340879 -0.124991
vn  -0.562016 -0.020534 -0.826871
vn  -0.931761 0.340879 -0.124991
vn  -0.997293 0.021032 0.070453
vn  -0.491115 0.660906 0.567459
vn  -0.997293 0.021032 0.070453
vn  -0.931761 0.340879 -0.124991
vn  -0.997293 0.021032 0.070453
vn  -0.491115 0.660906 0.567459
vn  -0.477880 -0.010450 0.878363
vn  -0.491115 0.660906 0.567459
vn  -0.477880 -0.010450 0.878363
vn  -0.491115 0.660906 0.567459
vn  -0.477880 -0.010450 0.878363
vn  -0.491115 0.660906 0.567459
vn  0.000000 0.535044 0.844824
vn  0.001969 0.767490 0.641058
vn  0.000000 0.535044 0.844824
vn  -0.491115 0.660906 0.567459
vn  0.000000 0.535044 0.844824
vn  0.001969 0.767490 0.641058
vn  -0.000051 0.522038 0.852922
vn  0.001969 0.767490 0.641058
vn  -0.000051 0.522038 0.852922
vn  0.001969 0.767490 0.641058
vn  -0.000051 0.522038 0.852922
vn  0.001969 0.767490 0.641058
vn  -0.110953 0.454996 0.883554
vn  -0.491115 0.660906 0.567459
vn  -0.110953 0.454996 0.883554
vn  0.001969 0.767490 0.641058
vn  -0.110953 0.454996 0.883554
vn  -0.491115 0.660906 0.567459
vn  -0.613503 0.395256 0.683657
vn  -0.143541 -0.535866 -0.832012
vn  -0.443016 -0.896470 -0.008827
vn  0.086671 0.404729 -0.910320
vn  0.000000 -0.665138 -0.746721
vn  0.000000 -0.665138 -0.746721
vn  0.000000 -0.307862 -0.951431
vn  0.781148 -0.624320 -0.005712
vn  0.000000 -0.307862 -0.951431
vn  0.000000 -0.665138 -0.746721
vn  0.000000 -0.307862 -0.951431
vn  0.781148 -0.624320 -0.005712
vn  0.971133 -0.227167 0.072771
vn  0.781148 -0.624320 -0.005712
vn  0.971133 -0.227167 0.072771
vn  0.781148 -0.624320 -0.005712
vn  0.971133 -0.227167 0.072771
vn  0.781148 -0.624320 -0.005712
vn  0.782382 -0.257918 0.566883
vn  0.493071 -0.523020 0.695220
vn  0.782382 -0.257918 0.566883
vn  0.781148 -0.624320 -0.005712
vn  0.782382 -0.257918 0.566883
vn  0.493071 -0.523020 0.695220
vn  0.000000 -0.286395 0.958112
vn  0.000000 -0.483837 0.875158
vn  0.000000 -0.286395 0.958112
vn  0.493071 -0.523020 0.695220
vn  0.000000 -0.286395 0.958112
vn  0.000000 -0.483837 0.875158
vn  0.000000 -0.286395 0.958112
vn  -0.493457 -0.522831 0.695089
vn  0.000000 -0.286395 0.958112
vn  0.000000 -0.483837 0.875158
vn  0.000000 -0.286395 0.958112
vn  -0.493457 -0.522831 0.695089
vn  -0.782382 -0.257917 0.566884
vn  -0.781820 -0.623479 -0.005721
vn  -0.782382 -0.257917 0.566884
vn  -0.493457 -0.522831 0.695089
vn  -0.782382 -0.257917 0.566884
vn  -0.781820 -0.623479 -0.005721
vn  -0.971133 -0.227166 0.072771
vn  -0.781820 -0.623479 -0.005721
vn  -0.971133 -0.227166 0.072771
vn  -0.781820 -0.623479 -0.005721
vn  -0.971133 -0.227166 0.072771
vn  -0.781820 -0.623479 -0.005721
vn  0.000000 -0.307862 -0.951431
vn  0.000000 -0.665138 -0.746721
vn  0.000000 -0.307862 -0.951431
vn  -0.781820 -0.623479 -0.005721
vn  0.924429 -0.290774 0.246742
vn  0.569686 -0.542569 0.617314
vn  0.505272 -0.689911 0.518386
vn  0.088007 -0.662963 0.743461
vn  0.505272 -0.689911 0.518386
vn  0.569686 -0.542569 0.617314
vn  0.505272 -0.689911 0.518386
vn  0.088007 -0.662963 0.743461
vn  0.146351 -0.690475 0.708396
vn  0.000400 -0.696467 0.717589
vn  0.146351 -0.690475 0.708396
vn  0.088007 -0.662963 0.743461
vn  0.146351 -0.690475 0.708396
vn  0.000400 -0.696467 0.717589
vn  0.000000 -0.593409 0.804901
vn  -0.146615 -0.689504 0.709287
vn  0.000000 -0.593409 0.804901
vn  0.000400 -0.696467 0.717589
vn  0.000000 -0.593409 0.804901
vn  -0.146615 -0.689504 0.709287
vn  -0.200699 -0.626874 0.752827
vn  -0.146615 -0.689504 0.709287
vn  -0.200699 -0.626874 0.752827
vn  -0.146615 -0.689504 0.709287
vn  -0.200699 -0.626874 0.752827
vn  -0.146615 -0.689504 0.709287
vn  -0.424269 -0.706810 0.566053
vn  -0.500648 -0.680190 0.535438
vn  -0.424269 -0.706810 0.566053
vn  -0.146615 -0.689504 0.709287
vn  -0.424269 -0.706810 0.566053
vn  -0.500648 -0.680190 0.535438
vn  -0.452911 -0.306222 0.837317
vn  -0.500648 -0.680190 0.535438
vn  -0.452911 -0.306222 0.837317
vn  -0.500648 -0.680190 0.535438
vn  -0.452911 -0.306222 0.837317
vn  -0.500648 -0.680190 0.535438
vn  -0.907054 -0.300415 0.294964
vn  -0.548711 -0.542440 0.636141
vn  -0.907054 -0.300415 0.294964
vn  -0.500648 -0.680190 0.535438
vn  -0.907054 -0.300415 0.294964
vn  -0.548711 -0.542440 0.636141
vn  -0.759275 -0.187323 0.623227
vn  -0.548711 -0.542440 0.636141
vn  -0.759275 -0.187323 0.623227
vn  -0.548711 -0.542440 0.636141
vn  -0.759275 -0.187323 0.623227
vn  -0.548711 -0.542440 0.636141
vn  -0.198613 -0.175863 0.964171
vn  -0.090398 -0.663108 0.743045
vn  -0.198613 -0.175863 0.964171
vn  -0.548711 -0.542440 0.636141
vn  -0.198613 -0.175863 0.964171
vn  -0.090398 -0.663108 0.743045
vn  0.000612 -0.525033 0.851082
vn  0.000400 -0.696467 0.717589
vn  0.000612 -0.525033 0.851082
vn  -0.090398 -0.663108 0.743045
vn  0.000612 -0.525033 0.851082
vn  0.000400 -0.696467 0.717589
vn  0.000612 -0.525033 0.851082
vn  0.088007 -0.662963 0.743461
vn  0.000612 -0.525033 0.851082
vn  0.000400 -0.696467 0.717589
vn  0.000612 -0.525033 0.851082
vn  0.088007 -0.662963 0.743461
vn  0.188649 -0.164950 0.968093
vn  0.569686 -0.542569 0.617314
vn  0.188649 -0.164950 0.968093
vn  0.088007 -0.662963 0.743461
vn  0.188649 -0.164950 0.968093
vn  0.569686 -0.542569 0.617314
vn  0.785654 -0.144706 0.601504
vn  0.924429 -0.290774 0.246742
vn  0.785654 -0.144706 0.601504
vn  0.569686 -0.542569 0.617314
vn  0.785654 -0.144706 0.601504
vn  0.924429 -0.290774 0.246742
vn  0.785654 -0.144706 0.601504
vn  0.980558 0.040591 0.191983
vn  0.785654 -0.144706 0.601504
vn  0.924429 -0.290774 0.246742
vn  0.785654 -0.144706 0.601504
vn  0.980558 0.040591 0.191983
vn  0.606447 0.419386 0.675528
vn  0.811384 0.505617 0.293271
vn  0.606447 0.419386 0.675528
vn  0.980558 0.040591 0.191983
vn  0.606447 0.419386 0.675528
vn  0.811384 0.505617 0.293271
vn  0.494042 0.659921 0.566062
vn  0.765112 0.620458 0.172152
vn  0.494042 0.659921 0.566062
vn  0.811384 0.505617 0.293271
vn  0.494042 0.659921 0.566062
vn  0.765112 0.620458 0.172152
vn  0.930830 0.344889 -0.120856
vn  0.981088 0.192925 0.015721
vn  0.930830 0.344889 -0.120856
vn  0.765112 0.620458 0.172152
vn  0.930830 0.344889 -0.120856
vn  0.981088 0.192925 0.015721
vn  0.930830 0.344889 -0.120856
vn  0.943327 0.198754 0.265764
vn  0.930830 0.344889 -0.120856
vn  0.981088 0.192925 0.015721
vn  0.930830 0.344889 -0.120856
vn  0.943327 0.198754 0.265764
vn  0.877100 0.480249 0.007571
vn  0.419838 0.907452 0.016339
vn  0.877100 0.480249 0.007571
vn  0.943327 0.198754 0.265764
vn  0.877100 0.480249 0.007571
vn  0.419838 0.907452 0.016339
vn  0.641870 0.364241 -0.674782
vn  0.216200 0.057342 -0.974664
vn  0.641870 0.364241 -0.674782
vn  0.419838 0.907452 0.016339
vn  0.641870 0.364241 -0.674782
vn  0.216200 0.057342 -0.974664
vn  0.124243 -0.528273 -0.839935
vn  -0.271853 -0.549975 -0.789698
vn  0.124243 -0.528273 -0.839935
vn  0.216200 0.057342 -0.974664
vn  0.124243 -0.528273 -0.839935
vn  -0.271853 -0.549975 -0.789698
vn  -0.271456 0.451457 -0.849999
vn  -0.827527 0.505185 -0.244923
vn  -0.271456 0.451457 -0.849999
vn  -0.271853 -0.549975 -0.789698
vn  -0.271456 0.451457 -0.849999
vn  -0.827527 0.505185 -0.244923
vn  -0.622215 0.052697 0.781071
vn  -0.164061 -0.978271 0.126764
vn  -0.622215 0.052697 0.781071
vn  -0.827527 0.505185 -0.244923
vn  -0.622215 0.052697 0.781071
vn  -0.164061 -0.978271 0.126764
vn  -0.073127 -0.485599 0.871118
vn  0.126359 -0.735637 0.665487
vn  -0.073127 -0.485599 0.871118
vn  -0.164061 -0.978271 0.126764
vn  -0.073127 -0.485599 0.871118
vn  0.126359 -0.735637 0.665487
vn  0.288969 0.099844 0.952118
vn  0.258330 -0.454170 0.852640
vn  0.288969 0.099844 0.952118
vn  0.126359 -0.735637 0.665487
vn  0.288969 0.099844 0.952118
vn  0.258330 -0.454170 0.852640
vn  0.288969 0.099844 0.952118
vn  0.172809 0.702333 0.690554
vn  0.288969 0.099844 0.952118
vn  0.258330 -0.454170 0.852640
vn  0.288969 0.099844 0.952118
vn  0.172809 0.702333 0.690554
vn  0.419838 0.907452 0.016339
vn  -0.012758 0.999908 0.004524
vn  0.419838 0.907452 0.016339
vn  0.172809 0.702333 0.690554
vn  0.419838 0.907452 0.016339
vn  -0.012758 0.999908 0.004524
vn  0.419838 0.907452 0.016339
vn  0.073748 0.741109 -0.667322
vn  0.419838 0.907452 0.016339
vn  -0.012758 0.999908 0.004524
vn  0.419838 0.907452 0.016339
vn  0.073748 0.741109 -0.667322
vn  0.216200 0.057342 -0.974664
vn  0.190625 -0.468117 -0.862861
vn  0.216200 0.057342 -0.974664
vn  0.073748 0.741109 -0.667322
vn  0.216200 0.057342 -0.974664
vn  0.190625 -0.468117 -0.862861
vn  0.061926 -0.800927 -0.595551
vn  0.146953 -0.987896 0.049655
vn  0.061926 -0.800927 -0.595551
vn  0.190625 -0.468117 -0.862861
vn  0.061926 -0.800927 -0.595551
vn  0.146953 -0.987896 0.049655
vn  0.030937 -0.998376 0.047840
vn  0.126359 -0.735637 0.665487
vn  0.030937 -0.998376 0.047840
vn  0.146953 -0.987896 0.049655
vn  0.030937 -0.998376 0.047840
vn  0.126359 -0.735637 0.665487
vn  0.030937 -0.998376 0.047840
vn  -0.164061 -0.978271 0.126764
vn  0.030937 -0.998376 0.047840
vn  0.126359 -0.735637 0.665487
vn  0.030937 -0.998376 0.047840
vn  -0.164061 -0.978271 0.126764
vn  0.061926 -0.800927 -0.595551
vn  -0.271853 -0.549975 -0.789698
vn  0.061926 -0.800927 -0.595551
vn  -0.164061 -0.978271 0.126764
vn  0.061926 -0.800927 -0.595551
vn  -0.271853 -0.549975 -0.789698
vn  0.216200 0.057342 -0.974664
vn  -0.090398 -0.663108 0.743045
vn  -0.146615 -0.689504 0.709287
vn  0.000400 -0.696467 0.717589
vn  -0.146615 -0.689504 0.709287
vn  -0.090398 -0.663108 0.743045
vn  -0.090398 -0.663108 0.743045
vn  -0.090398 -0.663108 0.743045
vn  -0.500648 -0.680190 0.535438
vn  -0.146615 -0.689504 0.709287
vn  -0.500648 -0.680190 0.535438
vn  -0.090398 -0.663108 0.743045
vn  -0.548711 -0.542440 0.636141
vn  -0.271853 -0.549975 -0.789698
vn  -0.164061 -0.978271 0.126764
vn  -0.827527 0.505185 -0.244923
vn  0.126359 -0.735637 0.665487
vn  0.146953 -0.987896 0.049655
vn  0.258330 -0.454170 0.852640
vn  0.123243 0.069617 -0.989932
vn  0.124243 -0.528273 -0.839935
vn  0.452063 -0.692828 -0.561809
vn  0.124243 -0.528273 -0.839935
vn  0.123243 0.069617 -0.989932
vn  0.123243 0.069617 -0.989932
vn  0.123243 0.069617 -0.989932
vn  0.641870 0.364241 -0.674782
vn  0.124243 -0.528273 -0.839935
vn  0.641870 0.364241 -0.674782
vn  0.123243 0.069617 -0.989932
vn  0.324440 0.423861 -0.845624
vn  0.324440 0.423861 -0.845624
vn  0.641870 0.364241 -0.674782
vn  0.641870 0.364241 -0.674782
vn  0.641870 0.364241 -0.674782
vn  0.324440 0.423861 -0.845624
vn  0.930830 0.344889 -0.120856
vn  0.930830 0.344889 -0.120856
vn  0.877100 0.480249 0.007571
vn  0.641870 0.364241 -0.674782
vn  -0.271456 0.451457 -0.849999
vn  -0.271456 0.451457 -0.849999
vn  0.124243 -0.528273 -0.839935
vn  0.434629 -0.900584 -0.006790
vn  0.124243 -0.528273 -0.839935
vn  -0.271456 0.451457 -0.849999
vn  0.124243 -0.528273 -0.839935
vn  0.434629 -0.900584 -0.006790
vn  0.452063 -0.692828 -0.561809
vn  0.781148 -0.624320 -0.005712
vn  0.452063 -0.692828 -0.561809
vn  0.434629 -0.900584 -0.006790
vn  0.477880 -0.010450 0.878363
vn  0.494042 0.659921 0.566062
vn  0.997293 0.021032 0.070453
vn  0.930830 0.344889 -0.120856
vn  0.997293 0.021032 0.070453
vn  0.494042 0.659921 0.566062
vn  0.997293 0.021032 0.070453
vn  0.930830 0.344889 -0.120856
vn  0.562016 -0.020534 -0.826872
vn  0.324440 0.423861 -0.845624
vn  0.562016 -0.020534 -0.826872
vn  0.930830 0.344889 -0.120856
vn  0.562016 -0.020534 -0.826872
vn  0.324440 0.423861 -0.845624
vn  0.000000 0.069379 -0.997590
vn  0.324440 0.423861 -0.845624
vn  0.000000 0.069379 -0.997590
vn  0.324440 0.423861 -0.845624
vn  0.000000 0.069379 -0.997590
vn  0.324440 0.423861 -0.845624
vn  0.000000 0.357067 -0.934079
vn  0.123243 0.069617 -0.989932
vn  0.000000 0.357067 -0.934079
vn  0.324440 0.423861 -0.845624
vn  0.000000 0.357067 -0.934079
vn  0.123243 0.069617 -0.989932
vn  0.000000 0.082844 -0.996563
vn  0.123243 0.069617 -0.989932
vn  0.000000 0.082844 -0.996563
vn  0.123243 0.069617 -0.989932
vn  0.000000 0.082844 -0.996563
vn  0.123243 0.069617 -0.989932
vn  0.000000 -0.316599 -0.948559
vn  0.243689 -0.593719 -0.766886
vn  0.000000 -0.316599 -0.948559
vn  0.123243 0.069617 -0.989932
vn  0.000000 -0.316599 -0.948559
vn  0.243689 -0.593719 -0.766886
vn  0.000000 -0.665138 -0.746721
vn  0.781148 -0.624320 -0.005712
vn  0.000000 -0.665138 -0.746721
vn  0.243689 -0.593719 -0.766886
vn  0.000000 -0.118156 0.992995
vn  0.000000 -0.118156 0.992995
vn  0.551389 -0.287511 0.783140
vn  0.477880 -0.010450 0.878363
vn  0.551389 -0.287511 0.783140
vn  0.000000 -0.118156 0.992995
vn  0.551389 -0.287511 0.783140
vn  0.477880 -0.010450 0.878363
vn  0.909874 -0.382248 0.161295
vn  0.997293 0.021032 0.070453
vn  0.909874 -0.382248 0.161295
vn  0.477880 -0.010450 0.878363
vn  0.909874 -0.382248 0.161295
vn  0.997293 0.021032 0.070453
vn  0.607505 -0.475170 -0.636514
vn  0.562016 -0.020534 -0.826872
vn  0.607505 -0.475170 -0.636514
vn  0.997293 0.021032 0.070453
vn  0.607505 -0.475170 -0.636514
vn  0.562016 -0.020534 -0.826872
vn  0.000000 -0.471828 -0.881691
vn  0.000000 0.069379 -0.997590
vn  0.000000 -0.471828 -0.881691
vn  0.562016 -0.020534 -0.826872
vn  -0.294356 0.447815 0.844285
vn  -0.229980 0.972335 -0.040926
vn  -0.328530 0.646221 0.688815
vn  -0.328454 -0.944425 -0.013374
vn  -0.987130 0.146560 0.063983
vn  -0.371761 -0.306305 -0.876339
vn  -0.987130 0.146560 0.063983
vn  -0.328454 -0.944425 -0.013374
vn  -0.364741 -0.311598 0.877423
vn  -0.364741 -0.311598 0.877423
vn  -0.328530 0.646221 0.688815
vn  -0.987130 0.146560 0.063983
vn  -0.328530 0.646221 0.688815
vn  -0.364741 -0.311598 0.877423
vn  -0.364741 -0.311598 0.877423
vn  -0.364741 -0.311598 0.877423
vn  -0.294356 0.447815 0.844285
vn  -0.328530 0.646221 0.688815
vn  -0.294356 0.447815 0.844285
vn  -0.364741 -0.311598 0.877423
vn  -0.364741 -0.311598 0.877423
vn  -0.364741 -0.311598 0.877423
vn  -0.346661 -0.601393 0.719828
vn  -0.294356 0.447815 0.844285
vn  -0.346661 -0.601393 0.719828
vn  -0.364741 -0.311598 0.877423
vn  -0.328454 -0.944425 -0.013374
vn  -0.328454 -0.944425 -0.013374
vn  -0.478923 -0.870940 -0.109980
vn  -0.346661 -0.601393 0.719828
vn  -0.478923 -0.870940 -0.109980
vn  -0.328454 -0.944425 -0.013374
vn  -0.328454 -0.944425 -0.013374
vn  -0.328454 -0.944425 -0.013374
vn  -0.314572 -0.532556 -0.785766
vn  -0.478923 -0.870940 -0.109980
vn  -0.314572 -0.532556 -0.785766
vn  -0.328454 -0.944425 -0.013374
vn  -0.371761 -0.306305 -0.876339
vn  -0.371761 -0.306305 -0.876339
vn  -0.351990 0.374613 -0.857769
vn  -0.314572 -0.532556 -0.785766
vn  -0.351990 0.374613 -0.857769
vn  -0.371761 -0.306305 -0.876339
vn  -0.354210 0.666070 -0.656419
vn  -0.354210 0.666070 -0.656419
vn  -0.229980 0.972335 -0.040926
vn  -0.351990 0.374613 -0.857769
vn  -0.229980 0.972335 -0.040926
vn  -0.354210 0.666070 -0.656419
vn  -0.441710 0.896247 0.040416
vn  -0.441710 0.896247 0.040416
vn  -0.328530 0.646221 0.688815
vn  -0.229980 0.972335 -0.040926
vn  -0.328530 0.646221 0.688815
vn  -0.441710 0.896247 0.040416
vn  -0.441710 0.896247 0.040416
vn  -0.441710 0.896247 0.040416
vn  -0.987130 0.146560 0.063983
vn  -0.328530 0.646221 0.688815
vn  -0.987130 0.146560 0.063983
vn  -0.441710 0.896247 0.040416
vn  -0.354210 0.666070 -0.656419
vn  -0.354210 0.666070 -0.656419
vn  -0.371761 -0.306305 -0.876339
vn  -0.987130 0.146560 0.063983
vn  0.682805 -0.580622 -0.443458
vn  -0.560201 -0.297619 -0.773044
vn  0.437423 0.429967 -0.789804
vn  -0.351990 0.374613 -0.857769
vn  -0.560201 -0.297619 -0.773044
vn  -0.314572 -0.532556 -0.785766
vn  -0.560201 -0.297619 -0.773044
vn  -0.351990 0.374613 -0.857769
vn  -0.508003 0.590980 -0.626639
vn  -0.508003 0.590980 -0.626639
vn  0.437423 0.429967 -0.789804
vn  -0.560201 -0.297619 -0.773044
vn  0.437423 0.429967 -0.789804
vn  -0.508003 0.590980 -0.626639
vn  -0.310164 0.950535 0.016767
vn  -0.310164 0.950535 0.016767
vn  0.919257 0.385952 0.077512
vn  0.437423 0.429967 -0.789804
vn  0.919257 0.385952 0.077512
vn  -0.310164 0.950535 0.016767
vn  -0.310164 0.950535 0.016767
vn  -0.310164 0.950535 0.016767
vn  -0.233832 0.623299 0.746204
vn  0.919257 0.385952 0.077512
vn  -0.233832 0.623299 0.746204
vn  -0.310164 0.950535 0.016767
vn  -0.294356 0.447815 0.844285
vn  -0.294356 0.447815 0.844285
vn  -0.387031 -0.257738 0.885313
vn  -0.233832 0.623299 0.746204
vn  -0.387031 -0.257738 0.885313
vn  -0.294356 0.447815 0.844285
vn  -0.346661 -0.601393 0.719828
vn  -0.346661 -0.601393 0.719828
vn  -0.433673 -0.897783 0.076904
vn  -0.387031 -0.257738 0.885313
vn  -0.433673 -0.897783 0.076904
vn  -0.346661 -0.601393 0.719828
vn  -0.478923 -0.870940 -0.109980
vn  -0.478923 -0.870940 -0.109980
vn  -0.560201 -0.297619 -0.773044
vn  -0.433673 -0.897783 0.076904
vn  -0.560201 -0.297619 -0.773044
vn  -0.478923 -0.870940 -0.109980
vn  -0.314572 -0.532556 -0.785766
vn  -0.310164 0.950535 0.016767
vn  -0.229980 0.972335 -0.040926
vn  -0.294356 0.447815 0.844285
vn  -0.229980 0.972335 -0.040926
vn  -0.310164 0.950535 0.016767
vn  -0.508003 0.590980 -0.626639
vn  -0.508003 0.590980 -0.626639
vn  -0.351990 0.374613 -0.857769
vn  -0.229980 0.972335 -0.040926
vn  -0.560201 -0.297619 -0.773044
vn  0.682805 -0.580622 -0.443458
vn  -0.433673 -0.897783 0.076904
vn  0.919700 -0.389535 -0.049126
vn  -0.433673 -0.897783 0.076904
vn  0.682805 -0.580622 -0.443458
vn  -0.433673 -0.897783 0.076904
vn  0.919700 -0.389535 -0.049126
vn  -0.433673 -0.897783 0.076904
vn  0.556547 -0.653484 0.513044
vn  -0.433673 -0.897783 0.076904
vn  0.919700 -0.389535 -0.049126
vn  -0.433673 -0.897783 0.076904
vn  0.556547 -0.653484 0.513044
vn  -0.387031 -0.257738 0.885313
vn  0.849568 0.067713 0.523115
vn  -0.387031 -0.257738 0.885313
vn  0.556547 -0.653484 0.513044
vn  -0.387031 -0.257738 0.885313
vn  0.849568 0.067713 0.523115
vn  -0.233832 0.623299 0.746204
vn  0.919257 0.385952 0.077512
vn  -0.233832 0.623299 0.746204
vn  0.849568 0.067713 0.523115
vn  0.556547 -0.653484 0.513044
vn  0.919700 -0.389535 -0.049126
vn  0.865467 -0.458087 0.202789
vn  0.919700 -0.389535 -0.049126
vn  0.865467 -0.458087 0.202789
vn  0.919700 -0.389535 -0.049126
vn  0.865467 -0.458087 0.202789
vn  0.919700 -0.389535 -0.049126
vn  0.540744 -0.826632 -0.155809
vn  0.919700 -0.389535 -0.049126
vn  0.540744 -0.826632 -0.155809
vn  0.919700 -0.389535 -0.049126
vn  0.540744 -0.826632 -0.155809
vn  0.919700 -0.389535 -0.049126
vn  0.888399 -0.328341 -0.320842
vn  0.682805 -0.580622 -0.443458
vn  0.888399 -0.328341 -0.320842
vn  0.919700 -0.389535 -0.049126
vn  0.888399 -0.328341 -0.320842
vn  0.682805 -0.580622 -0.443458
vn  0.879017 0.015970 -0.476524
vn  0.437423 0.429967 -0.789804
vn  0.879017 0.015970 -0.476524
vn  0.682805 -0.580622 -0.443458
vn  0.879017 0.015970 -0.476524
vn  0.437423 0.429967 -0.789804
vn  0.879017 0.015970 -0.476524
vn  0.919257 0.385952 0.077512
vn  0.879017 0.015970 -0.476524
vn  0.437423 0.429967 -0.789804
vn  0.879017 0.015970 -0.476524
vn  0.919257 0.385952 0.077512
vn  0.527819 0.849133 0.019487
vn  0.919257 0.385952 0.077512
vn  0.527819 0.849133 0.019487
vn  0.919257 0.385952 0.077512
vn  0.527819 0.849133 0.019487
vn  0.919257 0.385952 0.077512
vn  0.846023 0.051824 0.530621
vn  0.849568 0.067713 0.523115
vn  0.846023 0.051824 0.530621
vn  0.919257 0.385952 0.077512
vn  0.846023 0.051824 0.530621
vn  0.849568 0.067713 0.523115
vn  0.865467 -0.458087 0.202789
vn  0.556547 -0.653484 0.513044
vn  0.865467 -0.458087 0.202789
vn  0.849568 0.067713 0.523115
vn  0.062175 0.985169 -0.159923
vn  0.159000 0.982734 -0.094621
vn  -0.004011 0.625256 0.780409
vn  0.210254 -0.594644 -0.776010
vn  0.218237 -0.975701 -0.019502
vn  0.357261 -0.688571 -0.631058
vn  0.218237 -0.975701 -0.019502
vn  0.210254 -0.594644 -0.776010
vn  0.134603 -0.976798 0.166574
vn  0.134603 -0.976798 0.166574
vn  0.116123 -0.511167 0.851601
vn  0.218237 -0.975701 -0.019502
vn  0.116123 -0.511167 0.851601
vn  0.134603 -0.976798 0.166574
vn  -0.066463 -0.554083 0.829804
vn  -0.066463 -0.554083 0.829804
vn  -0.004011 0.625256 0.780409
vn  0.116123 -0.511167 0.851601
vn  -0.004011 0.625256 0.780409
vn  -0.066463 -0.554083 0.829804
vn  -0.208345 0.307567 0.928437
vn  -0.208345 0.307567 0.928437
vn  -0.004011 0.625256 0.780409
vn  -0.004011 0.625256 0.780409
vn  -0.004011 0.625256 0.780409
vn  -0.208345 0.307567 0.928437
vn  -0.073015 0.982048 0.173926
vn  -0.073015 0.982048 0.173926
vn  0.062175 0.985169 -0.159923
vn  -0.004011 0.625256 0.780409
vn  0.062175 0.985169 -0.159923
vn  -0.073015 0.982048 0.173926
vn  0.029006 0.884555 -0.465534
vn  0.029006 0.884555 -0.465534
vn  0.062175 0.985169 -0.159923
vn  0.062175 0.985169 -0.159923
vn  0.062175 0.985169 -0.159923
vn  0.029006 0.884555 -0.465534
vn  0.223643 0.568420 -0.791759
vn  0.223643 0.568420 -0.791759
vn  0.159000 0.982734 -0.094621
vn  0.062175 0.985169 -0.159923
vn  0.159000 0.982734 -0.094621
vn  0.223643 0.568420 -0.791759
vn  0.493630 0.266710 -0.827765
vn  0.493630 0.266710 -0.827765
vn  0.091055 0.700237 -0.708080
vn  0.159000 0.982734 -0.094621
vn  0.091055 0.700237 -0.708080
vn  0.493630 0.266710 -0.827765
vn  0.163123 -0.522409 -0.836947
vn  0.163123 -0.522409 -0.836947
vn  0.879017 0.015970 -0.476524
vn  0.091055 0.700237 -0.708080
vn  0.879017 0.015970 -0.476524
vn  0.163123 -0.522409 -0.836947
vn  0.163123 -0.522409 -0.836947
vn  0.163123 -0.522409 -0.836947
vn  0.888399 -0.328341 -0.320842
vn  0.879017 0.015970 -0.476524
vn  0.888399 -0.328341 -0.320842
vn  0.163123 -0.522409 -0.836947
vn  0.163123 -0.522409 -0.836947
vn  0.163123 -0.522409 -0.836947
vn  0.540744 -0.826632 -0.155809
vn  0.888399 -0.328341 -0.320842
vn  0.540744 -0.826632 -0.155809
vn  0.163123 -0.522409 -0.836947
vn  0.055952 -0.997543 0.042151
vn  0.055952 -0.997543 0.042151
vn  0.865467 -0.458087 0.202789
vn  0.540744 -0.826632 -0.155809
vn  0.865467 -0.458087 0.202789
vn  0.055952 -0.997543 0.042151
vn  0.116123 -0.511167 0.851601
vn  0.116123 -0.511167 0.851601
vn  0.846023 0.051824 0.530621
vn  0.865467 -0.458087 0.202789
vn  0.846023 0.051824 0.530621
vn  0.116123 -0.511167 0.851601
vn  0.062895 0.677410 0.732912
vn  0.062895 0.677410 0.732912
vn  0.527819 0.849133 0.019487
vn  0.846023 0.051824 0.530621
vn  0.527819 0.849133 0.019487
vn  0.062895 0.677410 0.732912
vn  -0.007069 0.999694 0.023693
vn  -0.007069 0.999694 0.023693
vn  0.091055 0.700237 -0.708080
vn  0.527819 0.849133 0.019487
vn  0.091055 0.700237 -0.708080
vn  -0.007069 0.999694 0.023693
vn  -0.007069 0.999694 0.023693
vn  -0.007069 0.999694 0.023693
vn  0.159000 0.982734 -0.094621
vn  0.091055 0.700237 -0.708080
vn  0.159000 0.982734 -0.094621
vn  -0.007069 0.999694 0.023693
vn  0.062895 0.677410 0.732912
vn  0.062895 0.677410 0.732912
vn  -0.004011 0.625256 0.780409
vn  0.159000 0.982734 -0.094621
vn  -0.004011 0.625256 0.780409
vn  0.062895 0.677410 0.732912
vn  0.116123 -0.511167 0.851601
vn  0.527819 0.849133 0.019487
vn  0.091055 0.700237 -0.708080
vn  0.879017 0.015970 -0.476524
vn  -0.208345 0.307567 0.928437
vn  -0.208345 0.307567 0.928437
vn  -0.115904 -0.589746 0.799228
vn  -0.066463 -0.554083 0.829804
vn  -0.115904 -0.589746 0.799228
vn  -0.208345 0.307567 0.928437
vn  -0.115904 -0.589746 0.799228
vn  -0.066463 -0.554083 0.829804
vn  -0.077280 -0.995120 0.061358
vn  0.134603 -0.976798 0.166574
vn  -0.077280 -0.995120 0.061358
vn  -0.066463 -0.554083 0.829804
vn  -0.077280 -0.995120 0.061358
vn  0.134603 -0.976798 0.166574
vn  -0.077280 -0.995120 0.061358
vn  0.210254 -0.594644 -0.776010
vn  -0.077280 -0.995120 0.061358
vn  0.134603 -0.976798 0.166574
vn  -0.077280 -0.995120 0.061358
vn  0.210254 -0.594644 -0.776010
vn  -0.030998 -0.573519 -0.818606
vn  0.210254 -0.594644 -0.776010
vn  -0.030998 -0.573519 -0.818606
vn  0.210254 -0.594644 -0.776010
vn  -0.030998 -0.573519 -0.818606
vn  0.210254 -0.594644 -0.776010
vn  -0.003191 -0.030147 -0.999540
vn  0.210254 -0.594644 -0.776010
vn  -0.003191 -0.030147 -0.999540
vn  0.210254 -0.594644 -0.776010
vn  -0.003191 -0.030147 -0.999540
vn  0.210254 -0.594644 -0.776010
vn  0.223643 0.568420 -0.791759
vn  0.210254 -0.594644 -0.776010
vn  0.223643 0.568420 -0.791759
vn  0.210254 -0.594644 -0.776010
vn  0.223643 0.568420 -0.791759
vn  0.210254 -0.594644 -0.776010
vn  0.493630 0.266710 -0.827765
vn  0.357261 -0.688571 -0.631058
vn  0.493630 0.266710 -0.827765
vn  0.210254 -0.594644 -0.776010
vn  0.493630 0.266710 -0.827765
vn  0.357261 -0.688571 -0.631058
vn  0.163123 -0.522409 -0.836947
vn  0.357261 -0.688571 -0.631058
vn  0.163123 -0.522409 -0.836947
vn  0.357261 -0.688571 -0.631058
vn  0.163123 -0.522409 -0.836947
vn  0.357261 -0.688571 -0.631058
vn  0.055952 -0.997543 0.042151
vn  0.218237 -0.975701 -0.019502
vn  0.055952 -0.997543 0.042151
vn  0.357261 -0.688571 -0.631058
vn  0.055952 -0.997543 0.042151
vn  0.218237 -0.975701 -0.019502
vn  0.116123 -0.511167 0.851601
vn  0.402123 -0.525976 -0.749431
vn  -0.656351 0.506353 -0.559295
vn  0.540947 0.652409 -0.530791
vn  -0.656351 0.506353 -0.559295
vn  0.402123 -0.525976 -0.749431
vn  -0.696631 -0.664426 -0.270635
vn  0.974747 -0.121247 -0.187532
vn  0.540947 0.652409 -0.530791
vn  0.116253 0.992513 -0.037467
vn  0.540947 0.652409 -0.530791
vn  0.974747 -0.121247 -0.187532
vn  0.974747 -0.121247 -0.187532
vn  0.974747 -0.121247 -0.187532
vn  0.402123 -0.525976 -0.749431
vn  0.540947 0.652409 -0.530791
vn  0.402123 -0.525976 -0.749431
vn  0.974747 -0.121247 -0.187532
vn  -0.116251 -0.992513 0.037466
vn  -0.116251 -0.992513 0.037466
vn  -0.696631 -0.664426 -0.270635
vn  0.402123 -0.525976 -0.749431
vn  -0.696631 -0.664426 -0.270635
vn  -0.116251 -0.992513 0.037466
vn  -0.974745 0.121250 0.187536
vn  -0.974745 0.121250 0.187536
vn  -0.656351 0.506353 -0.559295
vn  -0.696631 -0.664426 -0.270635
vn  -0.656351 0.506353 -0.559295
vn  -0.974745 0.121250 0.187536
vn  0.116253 0.992513 -0.037467
vn  0.116253 0.992513 -0.037467
vn  0.540947 0.652409 -0.530791
vn  -0.656351 0.506353 -0.559295
vn  -0.846308 0.140466 0.513841
vn  -0.846308 0.140466 0.513841
vn  -0.738736 -0.012000 0.673888
vn  -0.563234 -0.005223 0.826281
vn  -0.738736 -0.012000 0.673888
vn  -0.846308 0.140466 0.513841
vn  -0.738736 -0.012000 0.673888
vn  -0.563234 -0.005223 0.826281
vn  -0.523669 -0.053289 0.850253
vn  -0.482410 -0.155506 0.862032
vn  -0.523669 -0.053289 0.850253
vn  -0.563234 -0.005223 0.826281
vn  0.484402 0.811189 -0.327607
vn  0.796365 -0.341609 -0.499105
vn  -0.507403 0.314514 -0.802261
vn  -0.307452 -0.827780 -0.469312
vn  -0.507403 0.314514 -0.802261
vn  0.796365 -0.341609 -0.499105
vn  -0.177779 0.982244 -0.059928
vn  0.959908 0.186511 0.209262
vn  0.484402 0.811189 -0.327607
vn  0.959908 0.186511 0.209262
vn  0.484402 0.811189 -0.327607
vn  0.959908 0.186511 0.209262
vn  0.484402 0.811189 -0.327607
vn  0.959908 0.186511 0.209262
vn  0.796365 -0.341609 -0.499105
vn  0.177783 -0.982243 0.059927
vn  0.796365 -0.341609 -0.499105
vn  0.959908 0.186511 0.209262
vn  0.796365 -0.341609 -0.499105
vn  0.177783 -0.982243 0.059927
vn  -0.307452 -0.827780 -0.469312
vn  -0.959908 -0.186509 -0.209264
vn  -0.307452 -0.827780 -0.469312
vn  0.177783 -0.982243 0.059927
vn  -0.307452 -0.827780 -0.469312
vn  -0.959908 -0.186509 -0.209264
vn  -0.507403 0.314514 -0.802261
vn  -0.177779 0.982244 -0.059928
vn  -0.507403 0.314514 -0.802261
vn  -0.959908 -0.186509 -0.209264
vn  -0.507403 0.314514 -0.802261
vn  -0.177779 0.982244 -0.059928
vn  0.484402 0.811189 -0.327607
vn  0.929712 -0.365127 -0.048148
vn  0.533513 -0.165258 0.829490
vn  0.285607 -0.518462 0.805993
vn  0.533513 -0.165258 0.829490
vn  0.929712 -0.365127 -0.048148
vn  0.929712 -0.365127 -0.048148
vn  0.929712 -0.365127 -0.048148
vn  0.971629 -0.229823 -0.055845
vn  0.533513 -0.165258 0.829490
vn  0.971629 -0.229823 -0.055845
vn  0.929712 -0.365127 -0.048148
vn  0.929712 -0.365127 -0.048148
vn  0.929712 -0.365127 -0.048148
vn  0.462301 -0.345553 -0.816621
vn  0.971629 -0.229823 -0.055845
vn  0.462301 -0.345553 -0.816621
vn  0.929712 -0.365127 -0.048148
vn  0.324611 -0.465972 -0.823103
vn  0.324611 -0.465972 -0.823103
vn  -0.569223 -0.280998 -0.772674
vn  0.462301 -0.345553 -0.816621
vn  -0.417169 -0.621174 0.663410
vn  0.285607 -0.518462 0.805993
vn  -0.577076 -0.248139 0.778081
vn  0.533513 -0.165258 0.829490
vn  -0.577076 -0.248139 0.778081
vn  0.285607 -0.518462 0.805993
vn  -0.577076 -0.248139 0.778081
vn  0.533513 -0.165258 0.829490
vn  -0.577076 -0.248139 0.778081
vn  -0.416190 -0.124885 0.900661
vn  -0.577076 -0.248139 0.778081
vn  0.533513 -0.165258 0.829490
vn  -0.577076 -0.248139 0.778081
vn  -0.416190 -0.124885 0.900661
vn  -0.975890 -0.202221 0.082131
vn  0.971563 -0.005114 0.236727
vn  0.716701 -0.689964 -0.101436
vn  0.481811 -0.662676 0.573340
vn  0.716701 -0.689964 -0.101436
vn  0.971563 -0.005114 0.236727
vn  0.682793 -0.129490 -0.719045
vn  0.682793 -0.129490 -0.719045
vn  0.279238 -0.607685 -0.743469
vn  0.716701 -0.689964 -0.101436
vn  0.279238 -0.607685 -0.743469
vn  0.682793 -0.129490 -0.719045
vn  -0.451269 -0.164248 -0.877142
vn  -0.451269 -0.164248 -0.877142
vn  -0.314705 -0.758590 -0.570528
vn  0.279238 -0.607685 -0.743469
vn  -0.314705 -0.758590 -0.570528
vn  -0.451269 -0.164248 -0.877142
vn  -0.451269 -0.164248 -0.877142
vn  -0.451269 -0.164248 -0.877142
vn  -0.628744 -0.766255 -0.132417
vn  -0.314705 -0.758590 -0.570528
vn  -0.628744 -0.766255 -0.132417
vn  -0.451269 -0.164248 -0.877142
vn  -0.975890 -0.202221 0.082131
vn  -0.975890 -0.202221 0.082131
vn  -0.451723 -0.550609 0.701980
vn  -0.628744 -0.766255 -0.132417
vn  -0.451723 -0.550609 0.701980
vn  -0.975890 -0.202221 0.082131
vn  -0.416190 -0.124885 0.900661
vn  -0.416190 -0.124885 0.900661
vn  0.357540 -0.005753 0.933880
vn  -0.451723 -0.550609 0.701980
vn  0.357540 -0.005753 0.933880
vn  -0.416190 -0.124885 0.900661
vn  0.533513 -0.165258 0.829490
vn  0.533513 -0.165258 0.829490
vn  0.971563 -0.005114 0.236727
vn  0.357540 -0.005753 0.933880
vn  0.971563 -0.005114 0.236727
vn  0.533513 -0.165258 0.829490
vn  0.971629 -0.229823 -0.055845
vn  0.971629 -0.229823 -0.055845
vn  0.682793 -0.129490 -0.719045
vn  0.971563 -0.005114 0.236727
vn  0.682793 -0.129490 -0.719045
vn  0.971629 -0.229823 -0.055845
vn  0.462301 -0.345553 -0.816621
vn  0.462301 -0.345553 -0.816621
vn  -0.451269 -0.164248 -0.877142
vn  0.682793 -0.129490 -0.719045
vn  -0.451269 -0.164248 -0.877142
vn  0.462301 -0.345553 -0.816621
vn  -0.569223 -0.280998 -0.772674
vn  -0.569223 -0.280998 -0.772674
vn  -0.975890 -0.202221 0.082131
vn  -0.451269 -0.164248 -0.877142
vn  -0.975890 -0.202221 0.082131
vn  -0.569223 -0.280998 -0.772674
vn  -0.966618 -0.256221 -0.000927
vn  -0.966618 -0.256221 -0.000927
vn  -0.577076 -0.248139 0.778081
vn  -0.975890 -0.202221 0.082131
vn  -0.577076 -0.248139 0.778081
vn  -0.966618 -0.256221 -0.000927
vn  -0.867167 -0.497581 -0.020864
vn  -0.867167 -0.497581 -0.020864
vn  -0.417169 -0.621174 0.663410
vn  -0.577076 -0.248139 0.778081
vn  -0.417169 -0.621174 0.663410
vn  -0.867167 -0.497581 -0.020864
vn  -0.844354 -0.534359 0.039080
vn  -0.844354 -0.534359 0.039080
vn  -0.417169 -0.621174 0.663410
vn  -0.417169 -0.621174 0.663410
vn  -0.417169 -0.621174 0.663410
vn  -0.844354 -0.534359 0.039080
vn  -0.391645 -0.362677 0.845624
vn  -0.391645 -0.362677 0.845624
vn  0.285607 -0.518462 0.805993
vn  -0.417169 -0.621174 0.663410
vn  0.285607 -0.518462 0.805993
vn  -0.391645 -0.362677 0.845624
vn  0.319171 -0.186452 0.929175
vn  0.319171 -0.186452 0.929175
vn  0.285607 -0.518462 0.805993
vn  0.285607 -0.518462 0.805993
vn  0.285607 -0.518462 0.805993
vn  0.319171 -0.186452 0.929175
vn  0.887126 -0.460758 0.026640
vn  0.887126 -0.460758 0.026640
vn  0.929712 -0.365127 -0.048148
vn  0.285607 -0.518462 0.805993
vn  0.929712 -0.365127 -0.048148
vn  0.887126 -0.460758 0.026640
vn  0.400149 -0.636732 -0.659131
vn  0.400149 -0.636732 -0.659131
vn  0.324611 -0.465972 -0.823103
vn  0.929712 -0.365127 -0.048148
vn  0.324611 -0.465972 -0.823103
vn  0.400149 -0.636732 -0.659131
vn  -0.349443 -0.655883 -0.669110
vn  -0.349443 -0.655883 -0.669110
vn  -0.569223 -0.280998 -0.772674
vn  0.324611 -0.465972 -0.823103
vn  -0.569223 -0.280998 -0.772674
vn  -0.349443 -0.655883 -0.669110
vn  -0.867167 -0.497581 -0.020864
vn  -0.867167 -0.497581 -0.020864
vn  -0.966618 -0.256221 -0.000927
vn  -0.569223 -0.280998 -0.772674
vn  0.971563 -0.005114 0.236727
vn  0.971563 -0.005114 0.236727
vn  0.357540 -0.005753 0.933880
vn  0.481811 -0.662676 0.573340
vn  0.357540 -0.005753 0.933880
vn  0.971563 -0.005114 0.236727
vn  0.357540 -0.005753 0.933880
vn  0.481811 -0.662676 0.573340
vn  -0.451723 -0.550609 0.701980
vn  0.400149 -0.636732 -0.659131
vn  -0.349443 -0.655883 -0.669110
vn  0.400149 -0.636732 -0.659131
vn  -0.349443 -0.655883 -0.669110
vn  0.400149 -0.636732 -0.659131
vn  -0.419130 -0.527738 -0.738799
vn  -0.419130 -0.527738 -0.738799
vn  -0.867167 -0.497581 -0.020864
vn  -0.349443 -0.655883 -0.669110
vn  -0.867167 -0.497581 -0.020864
vn  -0.419130 -0.527738 -0.738799
vn  -0.844354 -0.534359 0.039080
vn  -0.451723 -0.550609 0.701980
vn  -0.008788 -0.837321 0.546640
vn  -0.451723 -0.550609 0.701980
vn  -0.008788 -0.837321 0.546640
vn  -0.451723 -0.550609 0.701980
vn  0.481811 -0.662676 0.573340
vn  0.481811 -0.662676 0.573340
vn  0.417186 -0.711960 0.564861
vn  -0.008788 -0.837321 0.546640
vn  0.417186 -0.711960 0.564861
vn  0.481811 -0.662676 0.573340
vn  0.716701 -0.689964 -0.101436
vn  0.716701 -0.689964 -0.101436
vn  0.903047 -0.421852 -0.080920
vn  0.417186 -0.711960 0.564861
vn  0.903047 -0.421852 -0.080920
vn  0.716701 -0.689964 -0.101436
vn  0.716701 -0.689964 -0.101436
vn  0.716701 -0.689964 -0.101436
vn  0.456755 -0.761498 -0.459886
vn  0.903047 -0.421852 -0.080920
vn  0.456755 -0.761498 -0.459886
vn  0.716701 -0.689964 -0.101436
vn  0.279238 -0.607685 -0.743469
vn  -0.381761 -0.745519 0.546314
vn  -0.628744 -0.766255 -0.132417
vn  -0.451723 -0.550609 0.701980
vn  -0.451723 -0.550609 0.701980
vn  -0.451723 -0.550609 0.701980
vn  -0.381761 -0.745519 0.546314
vn  -0.008788 -0.837321 0.546640
vn  -0.381761 -0.745519 0.546314
vn  -0.451723 -0.550609 0.701980
vn  -0.381761 -0.745519 0.546314
vn  -0.008788 -0.837321 0.546640
vn  -0.019825 -0.501134 0.865143
vn  0.417186 -0.711960 0.564861
vn  -0.019825 -0.501134 0.865143
vn  -0.008788 -0.837321 0.546640
vn  -0.019825 -0.501134 0.865143
vn  0.417186 -0.711960 0.564861
vn  0.856072 -0.433631 0.281256
vn  0.903047 -0.421852 -0.080920
vn  0.856072 -0.433631 0.281256
vn  0.417186 -0.711960 0.564861
vn  0.856072 -0.433631 0.281256
vn  0.903047 -0.421852 -0.080920
vn  0.990815 -0.125509 -0.050337
vn  0.903047 -0.421852 -0.080920
vn  0.990815 -0.125509 -0.050337
vn  0.903047 -0.421852 -0.080920
vn  0.990815 -0.125509 -0.050337
vn  0.903047 -0.421852 -0.080920
vn  0.709440 -0.104183 -0.697023
vn  0.456755 -0.761498 -0.459886
vn  0.709440 -0.104183 -0.697023
vn  0.903047 -0.421852 -0.080920
vn  0.709440 -0.104183 -0.697023
vn  0.456755 -0.761498 -0.459886
vn  0.012941 -0.549378 -0.835474
vn  0.279238 -0.607685 -0.743469
vn  0.012941 -0.549378 -0.835474
vn  0.456755 -0.761498 -0.459886
vn  0.012941 -0.549378 -0.835474
vn  0.279238 -0.607685 -0.743469
vn  0.012941 -0.549378 -0.835474
vn  -0.314705 -0.758590 -0.570528
vn  0.012941 -0.549378 -0.835474
vn  0.279238 -0.607685 -0.743469
vn  0.012941 -0.549378 -0.835474
vn  -0.314705 -0.758590 -0.570528
vn  -0.407950 -0.789367 -0.458777
vn  -0.628744 -0.766255 -0.132417
vn  -0.407950 -0.789367 -0.458777
vn  -0.314705 -0.758590 -0.570528
vn  -0.407950 -0.789367 -0.458777
vn  -0.628744 -0.766255 -0.132417
vn  -0.862937 -0.500264 -0.071246
vn  -0.381761 -0.745519 0.546314
vn  -0.862937 -0.500264 -0.071246
vn  -0.628744 -0.766255 -0.132417
vn  -0.862937 -0.500264 -0.071246
vn  -0.381761 -0.745519 0.546314
vn  -0.811546 -0.498408 0.304931
vn  -0.019825 -0.501134 0.865143
vn  -0.811546 -0.498408 0.304931
vn  -0.381761 -0.745519 0.546314
vn  0.020054 -0.168374 -0.985519
vn  0.709440 -0.104183 -0.697023
vn  0.012941 -0.549378 -0.835474
vn  0.012941 -0.549378 -0.835474
vn  -0.624675 -0.159536 -0.764415
vn  0.020054 -0.168374 -0.985519
vn  -0.624675 -0.159536 -0.764415
vn  0.012941 -0.549378 -0.835474
vn  -0.407950 -0.789367 -0.458777
vn  -0.407950 -0.789367 -0.458777
vn  -0.624675 -0.159536 -0.764415
vn  -0.624675 -0.159536 -0.764415
vn  -0.624675 -0.159536 -0.764415
vn  -0.407950 -0.789367 -0.458777
vn  -0.862937 -0.500264 -0.071246
vn  -0.862937 -0.500264 -0.071246
vn  -0.985529 -0.162058 -0.049697
vn  -0.624675 -0.159536 -0.764415
vn  -0.985529 -0.162058 -0.049697
vn  -0.862937 -0.500264 -0.071246
vn  -0.862937 -0.500264 -0.071246
vn  -0.862937 -0.500264 -0.071246
vn  -0.811546 -0.498408 0.304931
vn  -0.985529 -0.162058 -0.049697
vn  -0.006291 -0.936625 -0.350276
vn  0.264657 -0.580378 0.770142
vn  -0.960932 -0.275912 -0.021975
vn  -0.420085 0.412259 0.808437
vn  -0.960932 -0.275912 -0.021975
vn  0.264657 -0.580378 0.770142
vn  -0.311977 -0.468506 -0.826542
vn  0.793710 -0.606681 0.044305
vn  -0.006291 -0.936625 -0.350276
vn  0.793710 -0.606681 0.044305
vn  -0.006291 -0.936625 -0.350276
vn  0.793710 -0.606681 0.044305
vn  -0.006291 -0.936625 -0.350276
vn  0.793710 -0.606681 0.044305
vn  0.264657 -0.580378 0.770142
vn  0.311978 0.468504 0.826543
vn  0.264657 -0.580378 0.770142
vn  0.793710 -0.606681 0.044305
vn  0.264657 -0.580378 0.770142
vn  0.311978 0.468504 0.826543
vn  -0.420085 0.412259 0.808437
vn  -0.793708 0.606685 -0.044296
vn  -0.420085 0.412259 0.808437
vn  0.311978 0.468504 0.826543
vn  -0.420085 0.412259 0.808437
vn  -0.793708 0.606685 -0.044296
vn  -0.960932 -0.275912 -0.021975
vn  -0.311977 -0.468506 -0.826542
vn  -0.960932 -0.275912 -0.021975
vn  -0.793708 0.606685 -0.044296
vn  -0.960932 -0.275912 -0.021975
vn  -0.311977 -0.468506 -0.826542
vn  -0.006291 -0.936625 -0.350276
vn  -0.659597 0.160093 0.734372
vn  -0.994728 0.098137 -0.029745
vn  -0.659597 0.160093 0.734372
vn  -0.994728 0.098137 -0.029745
vn  -0.659597 0.160093 0.734372
vn  -0.983312 0.001238 0.181924
vn  -0.983312 0.001238 0.181924
vn  -0.546315 -0.194532 -0.814676
vn  -0.994728 0.098137 -0.029745
vn  -0.546315 -0.194532 -0.814676
vn  -0.983312 0.001238 0.181924
vn  -0.973907 -0.211055 0.083434
vn  -0.973907 -0.211055 0.083434
vn  -0.471344 -0.337275 -0.814912
vn  -0.546315 -0.194532 -0.814676
vn  -0.471344 -0.337275 -0.814912
vn  -0.973907 -0.211055 0.083434
vn  -0.973907 -0.211055 0.083434
vn  -0.973907 -0.211055 0.083434
vn  -0.743354 -0.110066 -0.659780
vn  -0.471344 -0.337275 -0.814912
vn  -0.743354 -0.110066 -0.659780
vn  -0.973907 -0.211055 0.083434
vn  -0.980903 -0.034488 0.191415
vn  -0.472813 0.109278 -0.874360
vn  -0.994728 0.098137 -0.029745
vn  -0.546315 -0.194532 -0.814676
vn  -0.971326 -0.057108 0.230791
vn  -0.999005 -0.030947 0.032114
vn  -0.973873 -0.112338 -0.197362
vn  -0.711877 -0.018401 -0.702063
vn  -0.973873 -0.112338 -0.197362
vn  -0.999005 -0.030947 0.032114
vn  -0.973873 -0.112338 -0.197362
vn  -0.711877 -0.018401 -0.702063
vn  -0.717122 -0.156552 -0.679138
vn  -0.711877 -0.018401 -0.702063
vn  -0.717122 -0.156552 -0.679138
vn  -0.711877 -0.018401 -0.702063
vn  -0.717122 -0.156552 -0.679138
vn  -0.711877 -0.018401 -0.702063
vn  0.237191 -0.069498 -0.968974
vn  0.485146 0.044461 -0.873302
vn  0.237191 -0.069498 -0.968974
vn  -0.711877 -0.018401 -0.702063
vn  0.237191 -0.069498 -0.968974
vn  0.485146 0.044461 -0.873302
vn  0.999006 -0.009109 0.043639
vn  0.485146 0.044461 -0.873302
vn  0.999006 -0.009109 0.043639
vn  0.485146 0.044461 -0.873302
vn  0.999006 -0.009109 0.043639
vn  0.485146 0.044461 -0.873302
vn  0.992748 0.065381 -0.100884
vn  0.495860 0.093103 -0.863397
vn  0.992748 0.065381 -0.100884
vn  0.485146 0.044461 -0.873302
vn  0.992748 0.065381 -0.100884
vn  0.495860 0.093103 -0.863397
vn  0.987533 0.155041 0.027233
vn  0.689465 -0.061976 -0.721663
vn  0.987533 0.155041 0.027233
vn  0.495860 0.093103 -0.863397
vn  0.987533 0.155041 0.027233
vn  0.689465 -0.061976 -0.721663
vn  0.957149 0.171101 0.233647
vn  0.689465 -0.061976 -0.721663
vn  0.957149 0.171101 0.233647
vn  0.689465 -0.061976 -0.721663
vn  0.957149 0.171101 0.233647
vn  0.689465 -0.061976 -0.721663
vn  0.996131 0.028693 0.083070
vn  0.539243 -0.253701 -0.803027
vn  0.996131 0.028693 0.083070
vn  0.689465 -0.061976 -0.721663
vn  0.996131 0.028693 0.083070
vn  0.539243 -0.253701 -0.803027
vn  0.984084 0.070824 -0.162982
vn  0.289032 -0.062498 -0.955277
vn  0.984084 0.070824 -0.162982
vn  0.539243 -0.253701 -0.803027
vn  0.984084 0.070824 -0.162982
vn  0.289032 -0.062498 -0.955277
vn  0.544529 0.070594 -0.835766
vn  -0.566048 0.042879 -0.823256
vn  0.544529 0.070594 -0.835766
vn  0.289032 -0.062498 -0.955277
vn  0.544529 0.070594 -0.835766
vn  -0.566048 0.042879 -0.823256
vn  -0.419130 -0.527738 -0.738799
vn  -0.566048 0.042879 -0.823256
vn  -0.419130 -0.527738 -0.738799
vn  -0.566048 0.042879 -0.823256
vn  -0.419130 -0.527738 -0.738799
vn  -0.566048 0.042879 -0.823256
vn  -0.844354 -0.534359 0.039080
vn  -0.961053 0.109497 0.253748
vn  -0.844354 -0.534359 0.039080
vn  -0.566048 0.042879 -0.823256
vn  -0.844354 -0.534359 0.039080
vn  -0.961053 0.109497 0.253748
vn  -0.391645 -0.362677 0.845624
vn  -0.356235 0.167398 0.919279
vn  -0.391645 -0.362677 0.845624
vn  -0.961053 0.109497 0.253748
vn  -0.391645 -0.362677 0.845624
vn  -0.356235 0.167398 0.919279
vn  0.319171 -0.186452 0.929175
vn  0.296521 0.193545 0.935209
vn  0.319171 -0.186452 0.929175
vn  -0.356235 0.167398 0.919279
vn  0.319171 -0.186452 0.929175
vn  0.296521 0.193545 0.935209
vn  0.948959 0.148582 0.278210
vn  0.577346 0.127110 0.806545
vn  0.948959 0.148582 0.278210
vn  0.296521 0.193545 0.935209
vn  0.948959 0.148582 0.278210
vn  0.577346 0.127110 0.806545
vn  0.984084 0.070824 -0.162982
vn  0.577346 0.127110 0.806545
vn  0.984084 0.070824 -0.162982
vn  0.577346 0.127110 0.806545
vn  0.984084 0.070824 -0.162982
vn  0.577346 0.127110 0.806545
vn  0.996131 0.028693 0.083070
vn  0.600992 0.160418 0.782991
vn  0.996131 0.028693 0.083070
vn  0.577346 0.127110 0.806545
vn  0.996131 0.028693 0.083070
vn  0.600992 0.160418 0.782991
vn  0.957149 0.171101 0.233647
vn  0.535528 0.252973 0.805739
vn  0.957149 0.171101 0.233647
vn  0.600992 0.160418 0.782991
vn  0.957149 0.171101 0.233647
vn  0.535528 0.252973 0.805739
vn  0.637961 0.192612 0.745591
vn  0.058911 0.199576 0.978110
vn  0.637961 0.192612 0.745591
vn  0.535528 0.252973 0.805739
vn  0.637961 0.192612 0.745591
vn  0.058911 0.199576 0.978110
vn  0.006543 0.176595 0.984262
vn  -0.659597 0.160093 0.734372
vn  0.006543 0.176595 0.984262
vn  0.058911 0.199576 0.978110
vn  0.006543 0.176595 0.984262
vn  -0.659597 0.160093 0.734372
vn  -0.793737 0.087705 0.601905
vn  -0.994728 0.098137 -0.029745
vn  -0.793737 0.087705 0.601905
vn  -0.659597 0.160093 0.734372
vn  -0.793737 0.087705 0.601905
vn  -0.994728 0.098137 -0.029745
vn  -0.999005 -0.030947 0.032114
vn  -0.994728 0.098137 -0.029745
vn  -0.999005 -0.030947 0.032114
vn  -0.994728 0.098137 -0.029745
vn  -0.999005 -0.030947 0.032114
vn  -0.994728 0.098137 -0.029745
vn  -0.711877 -0.018401 -0.702063
vn  -0.472813 0.109278 -0.874360
vn  -0.711877 -0.018401 -0.702063
vn  -0.994728 0.098137 -0.029745
vn  -0.711877 -0.018401 -0.702063
vn  -0.472813 0.109278 -0.874360
vn  0.485146 0.044461 -0.873302
vn  -0.472813 0.109278 -0.874360
vn  0.485146 0.044461 -0.873302
vn  -0.472813 0.109278 -0.874360
vn  0.485146 0.044461 -0.873302
vn  -0.472813 0.109278 -0.874360
vn  0.495860 0.093103 -0.863397
vn  -0.546315 -0.194532 -0.814676
vn  0.495860 0.093103 -0.863397
vn  -0.472813 0.109278 -0.874360
vn  0.495860 0.093103 -0.863397
vn  -0.546315 -0.194532 -0.814676
vn  0.689465 -0.061976 -0.721663
vn  -0.546315 -0.194532 -0.814676
vn  0.689465 -0.061976 -0.721663
vn  -0.546315 -0.194532 -0.814676
vn  0.689465 -0.061976 -0.721663
vn  -0.546315 -0.194532 -0.814676
vn  0.539243 -0.253701 -0.803027
vn  -0.471344 -0.337275 -0.814912
vn  0.539243 -0.253701 -0.803027
vn  -0.546315 -0.194532 -0.814676
vn  0.539243 -0.253701 -0.803027
vn  -0.471344 -0.337275 -0.814912
vn  0.289032 -0.062498 -0.955277
vn  -0.743354 -0.110066 -0.659780
vn  0.289032 -0.062498 -0.955277
vn  -0.471344 -0.337275 -0.814912
vn  0.289032 -0.062498 -0.955277
vn  -0.743354 -0.110066 -0.659780
vn  -0.566048 0.042879 -0.823256
vn  -0.743354 -0.110066 -0.659780
vn  -0.566048 0.042879 -0.823256
vn  -0.743354 -0.110066 -0.659780
vn  -0.566048 0.042879 -0.823256
vn  -0.743354 -0.110066 -0.659780
vn  -0.961053 0.109497 0.253748
vn  -0.980903 -0.034488 0.191415
vn  -0.961053 0.109497 0.253748
vn  -0.743354 -0.110066 -0.659780
vn  -0.961053 0.109497 0.253748
vn  -0.980903 -0.034488 0.191415
vn  -0.449794 0.093812 0.888192
vn  -0.973907 -0.211055 0.083434
vn  -0.449794 0.093812 0.888192
vn  -0.980903 -0.034488 0.191415
vn  -0.449794 0.093812 0.888192
vn  -0.973907 -0.211055 0.083434
vn  -0.572351 0.063549 0.817543
vn  -0.983312 0.001238 0.181924
vn  -0.572351 0.063549 0.817543
vn  -0.973907 -0.211055 0.083434
vn  -0.572351 0.063549 0.817543
vn  -0.983312 0.001238 0.181924
vn  -0.516740 0.197382 0.833079
vn  -0.659597 0.160093 0.734372
vn  -0.516740 0.197382 0.833079
vn  -0.983312 0.001238 0.181924
vn  -0.516740 0.197382 0.833079
vn  -0.659597 0.160093 0.734372
vn  -0.516740 0.197382 0.833079
vn  0.058911 0.199576 0.978110
vn  -0.516740 0.197382 0.833079
vn  -0.659597 0.160093 0.734372
vn  -0.516740 0.197382 0.833079
vn  0.058911 0.199576 0.978110
vn  0.064193 0.208351 0.975945
vn  0.535528 0.252973 0.805739
vn  0.064193 0.208351 0.975945
vn  0.058911 0.199576 0.978110
vn  0.064193 0.208351 0.975945
vn  0.535528 0.252973 0.805739
vn  0.064193 0.208351 0.975945
vn  0.600992 0.160418 0.782991
vn  0.064193 0.208351 0.975945
vn  0.535528 0.252973 0.805739
vn  0.064193 0.208351 0.975945
vn  0.600992 0.160418 0.782991
vn  0.041718 0.109858 0.993071
vn  0.577346 0.127110 0.806545
vn  0.041718 0.109858 0.993071
vn  0.600992 0.160418 0.782991
vn  0.041718 0.109858 0.993071
vn  0.577346 0.127110 0.806545
vn  -0.449794 0.093812 0.888192
vn  0.296521 0.193545 0.935209
vn  -0.449794 0.093812 0.888192
vn  0.577346 0.127110 0.806545
vn  -0.449794 0.093812 0.888192
vn  0.296521 0.193545 0.935209
vn  -0.449794 0.093812 0.888192
vn  -0.356235 0.167398 0.919279
vn  -0.449794 0.093812 0.888192
vn  0.296521 0.193545 0.935209
vn  -0.449794 0.093812 0.888192
vn  -0.356235 0.167398 0.919279
vn  -0.961053 0.109497 0.253748
vn  -0.572351 0.063549 0.817543
vn  0.041718 0.109858 0.993071
vn  -0.449794 0.093812 0.888192
vn  0.041718 0.109858 0.993071
vn  -0.572351 0.063549 0.817543
vn  -0.572351 0.063549 0.817543
vn  -0.572351 0.063549 0.817543
vn  0.064193 0.208351 0.975945
vn  0.041718 0.109858 0.993071
vn  0.064193 0.208351 0.975945
vn  -0.572351 0.063549 0.817543
vn  -0.516740 0.197382 0.833079
vn  0.887126 -0.460758 0.026640
vn  0.319171 -0.186452 0.929175
vn  0.948959 0.148582 0.278210
vn  0.006543 0.176595 0.984262
vn  0.720998 0.126840 0.681229
vn  0.637961 0.192612 0.745591
vn  -0.971326 -0.057108 0.230791
vn  -0.793737 0.087705 0.601905
vn  -0.999005 -0.030947 0.032114
vn  -0.793737 0.087705 0.601905
vn  -0.971326 -0.057108 0.230791
vn  -0.556519 0.094957 0.825391
vn  -0.556519 0.094957 0.825391
vn  0.006543 0.176595 0.984262
vn  -0.793737 0.087705 0.601905
vn  0.006543 0.176595 0.984262
vn  -0.556519 0.094957 0.825391
vn  0.401967 0.116033 0.908272
vn  0.401967 0.116033 0.908272
vn  0.720998 0.126840 0.681229
vn  0.006543 0.176595 0.984262
vn  0.720998 0.126840 0.681229
vn  0.401967 0.116033 0.908272
vn  0.999006 -0.009109 0.043639
vn  0.999006 -0.009109 0.043639
vn  0.720998 0.126840 0.681229
vn  0.720998 0.126840 0.681229
vn  0.720998 0.126840 0.681229
vn  0.999006 -0.009109 0.043639
vn  0.992748 0.065381 -0.100884
vn  0.992748 0.065381 -0.100884
vn  0.720998 0.126840 0.681229
vn  0.720998 0.126840 0.681229
vn  0.720998 0.126840 0.681229
vn  0.992748 0.065381 -0.100884
vn  0.987533 0.155041 0.027233
vn  0.987533 0.155041 0.027233
vn  0.637961 0.192612 0.745591
vn  0.720998 0.126840 0.681229
vn  0.637961 0.192612 0.745591
vn  0.987533 0.155041 0.027233
vn  0.957149 0.171101 0.233647
vn  0.544529 0.070594 -0.835766
vn  0.948959 0.148582 0.278210
vn  0.984084 0.070824 -0.162982
vn  0.948959 0.148582 0.278210
vn  0.544529 0.070594 -0.835766
vn  0.544529 0.070594 -0.835766
vn  0.544529 0.070594 -0.835766
vn  0.887126 -0.460758 0.026640
vn  0.948959 0.148582 0.278210
vn  0.887126 -0.460758 0.026640
vn  0.544529 0.070594 -0.835766
vn  0.544529 0.070594 -0.835766
vn  0.544529 0.070594 -0.835766
vn  0.400149 -0.636732 -0.659131
vn  0.887126 -0.460758 0.026640
vn  0.400149 -0.636732 -0.659131
vn  0.544529 0.070594 -0.835766
vn  -0.419130 -0.527738 -0.738799
vn  0.798477 -0.257002 0.544412
vn  -0.590981 -0.744162 0.311392
vn  0.362152 -0.830469 -0.423282
vn  -0.590981 -0.744162 0.311392
vn  0.798477 -0.257002 0.544412
vn  -0.235093 0.217389 0.947351
vn  0.941937 -0.082924 -0.325390
vn  0.362152 -0.830469 -0.423282
vn  -0.297543 -0.655227 -0.694368
vn  0.362152 -0.830469 -0.423282
vn  0.941937 -0.082924 -0.325390
vn  0.941937 -0.082924 -0.325390
vn  0.941937 -0.082924 -0.325390
vn  0.798477 -0.257002 0.544412
vn  0.362152 -0.830469 -0.423282
vn  0.798477 -0.257002 0.544412
vn  0.941937 -0.082924 -0.325390
vn  0.297543 0.655226 0.694368
vn  0.297543 0.655226 0.694368
vn  -0.235093 0.217389 0.947351
vn  0.798477 -0.257002 0.544412
vn  -0.235093 0.217389 0.947351
vn  0.297543 0.655226 0.694368
vn  -0.941939 0.082924 0.325385
vn  -0.941939 0.082924 0.325385
vn  -0.590981 -0.744162 0.311392
vn  -0.235093 0.217389 0.947351
vn  -0.590981 -0.744162 0.311392
vn  -0.941939 0.082924 0.325385
vn  -0.297543 -0.655227 -0.694368
vn  -0.297543 -0.655227 -0.694368
vn  0.362152 -0.830469 -0.423282
vn  -0.590981 -0.744162 0.311392
vn  0.460092 0.107976 0.881281
vn  0.460092 0.107976 0.881281
vn  0.460092 0.107976 0.881281
vn  0.240417 0.125446 0.962529
vn  0.460092 0.107976 0.881281
vn  0.460092 0.107976 0.881281
vn  0.460092 0.107976 0.881281
vn  0.240417 0.125446 0.962529
vn  0.240417 0.125446 0.962529
vn  -0.074135 0.147991 0.986206
vn  0.240417 0.125446 0.962529
vn  0.240417 0.125446 0.962529
vn  0.240417 0.125446 0.962529
vn  -0.074135 0.147991 0.986206
vn  -0.074135 0.147991 0.986206
vn  -0.155245 0.158976 0.975000
vn  -0.074135 0.147991 0.986206
vn  -0.074135 0.147991 0.986206
vn  -0.159313 0.158722 -0.974385
vn  -0.090449 -0.985223 -0.145444
vn  -0.982564 0.063239 0.174841
vn  -0.525267 -0.625202 0.577249
vn  -0.982564 0.063239 0.174841
vn  -0.090449 -0.985223 -0.145444
vn  0.102291 0.367779 -0.924270
vn  0.628601 -0.589603 -0.507177
vn  -0.159313 0.158722 -0.974385
vn  0.628601 -0.589603 -0.507177
vn  -0.159313 0.158722 -0.974385
vn  0.628601 -0.589603 -0.507177
vn  -0.159313 0.158722 -0.974385
vn  0.628601 -0.589603 -0.507177
vn  -0.090449 -0.985223 -0.145444
vn  -0.102283 -0.367784 0.924269
vn  -0.090449 -0.985223 -0.145444
vn  0.628601 -0.589603 -0.507177
vn  -0.090449 -0.985223 -0.145444
vn  -0.102283 -0.367784 0.924269
vn  -0.525267 -0.625202 0.577249
vn  -0.102283 -0.367784 0.924269
vn  -0.525267 -0.625202 0.577249
vn  -0.102283 -0.367784 0.924269
vn  -0.525267 -0.625202 0.577249
vn  -0.102283 -0.367784 0.924269
vn  -0.982564 0.063239 0.174841
vn  -0.563905 0.822207 -0.077373
vn  -0.982564 0.063239 0.174841
vn  -0.102283 -0.367784 0.924269
vn  -0.982564 0.063239 0.174841
vn  -0.563905 0.822207 -0.077373
vn  -0.159313 0.158722 -0.974385
vn  0.102291 0.367779 -0.924270
vn  -0.159313 0.158722 -0.974385
vn  -0.563905 0.822207 -0.077373
vn  0.583003 0.322424 -0.745755
vn  0.913286 0.103752 0.393884
vn  0.051257 -0.930653 -0.362296
vn  0.404305 -0.603463 0.687292
vn  0.051257 -0.930653 -0.362296
vn  0.913286 0.103752 0.393884
vn  -0.073823 0.104586 -0.991772
vn  0.536034 0.842775 0.048971
vn  0.583003 0.322424 -0.745755
vn  0.536034 0.842775 0.048971
vn  0.583003 0.322424 -0.745755
vn  0.536034 0.842775 0.048971
vn  0.583003 0.322424 -0.745755
vn  0.536034 0.842775 0.048971
vn  0.913286 0.103752 0.393884
vn  -0.099473 -0.365727 0.925391
vn  0.913286 0.103752 0.393884
vn  0.536034 0.842775 0.048971
vn  0.913286 0.103752 0.393884
vn  -0.099473 -0.365727 0.925391
vn  0.404305 -0.603463 0.687292
vn  -0.099473 -0.365727 0.925391
vn  0.404305 -0.603463 0.687292
vn  -0.099473 -0.365727 0.925391
vn  0.404305 -0.603463 0.687292
vn  -0.099473 -0.365727 0.925391
vn  0.051257 -0.930653 -0.362296
vn  -0.531871 -0.766454 -0.360086
vn  0.051257 -0.930653 -0.362296
vn  -0.099473 -0.365727 0.925391
vn  0.051257 -0.930653 -0.362296
vn  -0.531871 -0.766454 -0.360086
vn  0.051257 -0.930653 -0.362296
vn  -0.073823 0.104586 -0.991772
vn  0.051257 -0.930653 -0.362296
vn  -0.531871 -0.766454 -0.360086
vn  0.051257 -0.930653 -0.362296
vn  -0.073823 0.104586 -0.991772
vn  0.583003 0.322424 -0.745755
vn  0.758429 0.636720 0.139187
vn  0.758429 0.636720 0.139187
vn  0.758429 0.636720 0.139187
vn  0.758429 0.636720 0.139187
vn  0.758429 0.636720 0.139187
vn  0.890693 0.411888 0.192393
vn  0.890693 0.411888 0.192393
vn  0.890693 0.411888 0.192393
vn  0.758429 0.636720 0.139187
vn  0.890693 0.411888 0.192393
vn  0.890693 0.411888 0.192393
vn  0.890693 0.411888 0.192393
vn  0.890693 0.411888 0.192393
vn  0.962632 0.092694 0.254454
vn  0.890693 0.411888 0.192393
vn  0.962632 0.092694 0.254454
vn  0.890693 0.411888 0.192393
vn  0.962632 0.092694 0.254454
vn  0.962632 0.092694 0.254454
vn  0.944530 -0.015608 0.328055
vn  0.962632 0.092694 0.254454
vn  0.944530 -0.015608 0.328055
vn  0.962632 0.092694 0.254454
vn  0.944530 -0.015608 0.328055
vn  0.944530 -0.015608 0.328055
vn  0.830901 -0.281500 0.479961
vn  0.944530 -0.015608 0.328055
vn  0.830901 -0.281500 0.479961
vn  0.944530 -0.015608 0.328055
vn  0.830901 -0.281500 0.479961
vn  0.830901 -0.281500 0.479961
vn  0.681080 -0.485439 0.548160
vn  0.830901 -0.281500 0.479961
vn  -0.952738 0.175197 -0.248188
vn  -0.952738 0.175197 -0.248188
vn  -0.952738 0.175197 -0.248188
vn  -0.962724 0.091887 -0.254400
vn  -0.952738 0.175197 -0.248188
vn  -0.952738 0.175197 -0.248188
vn  -0.952738 0.175197 -0.248188
vn  -0.962724 0.091887 -0.254400
vn  -0.962724 0.091887 -0.254400
vn  -0.962724 0.091887 -0.254400
vn  -0.962724 0.091887 -0.254400
vn  -0.962724 0.091887 -0.254400
vn  -0.962724 0.091887 -0.254400
vn  -0.962724 0.091887 -0.254400
vn  -0.962769 -0.034412 -0.268125
vn  -0.962769 -0.034412 -0.268125
vn  -0.962769 -0.034412 -0.268125
vn  -0.962724 0.091887 -0.254400
vn  -0.962769 -0.034412 -0.268125
vn  -0.962769 -0.034412 -0.268125
vn  -0.949602 -0.180945 -0.255959
vn  -0.949602 -0.180945 -0.255959
vn  -0.949602 -0.180945 -0.255959
vn  -0.962769 -0.034412 -0.268125
vn  -0.949602 -0.180945 -0.255959
vn  -0.949602 -0.180945 -0.255959
vn  -0.930575 -0.283146 -0.232074
vn  -0.624578 0.227695 -0.747032
vn  -0.076155 0.570916 -0.817469
vn  -0.624578 0.227695 -0.747032
vn  -0.076155 0.570916 -0.817469
vn  -0.624578 0.227695 -0.747032
vn  0.167274 0.801609 0.573970
vn  0.167274 0.801609 0.573970
vn  0.867928 0.309785 0.388245
vn  -0.076155 0.570916 -0.817469
vn  0.867928 0.309785 0.388245
vn  0.167274 0.801609 0.573970
vn  0.167274 0.801609 0.573970
vn  0.167274 0.801609 0.573970
vn  0.102703 -0.408126 0.907130
vn  0.867928 0.309785 0.388245
vn  0.102703 -0.408126 0.907130
vn  0.167274 0.801609 0.573970
vn  0.280114 -0.110991 0.953529
vn  0.280114 -0.110991 0.953529
vn  -0.536013 -0.829247 0.158240
vn  0.102703 -0.408126 0.907130
vn  -0.536013 -0.829247 0.158240
vn  0.280114 -0.110991 0.953529
vn  0.370712 -0.923954 0.094245
vn  0.370712 -0.923954 0.094245
vn  -0.144099 -0.564137 -0.813010
vn  -0.536013 -0.829247 0.158240
vn  -0.144099 -0.564137 -0.813010
vn  0.370712 -0.923954 0.094245
vn  -0.005396 -0.445875 -0.895079
vn  0.340719 -0.940163 0.002222
vn  -0.536013 -0.829247 0.158240
vn  -0.144099 -0.564137 -0.813010
vn  -0.536013 -0.829247 0.158240
vn  -0.536013 -0.829247 0.158240
vn  0.102703 -0.408126 0.907130
vn  0.340719 -0.940163 0.002222
vn  0.102703 -0.408126 0.907130
vn  -0.536013 -0.829247 0.158240
vn  0.102703 -0.408126 0.907130
vn  0.340719 -0.940163 0.002222
vn  0.867928 0.309785 0.388245
vn  0.677613 0.195867 -0.708856
vn  0.867928 0.309785 0.388245
vn  0.340719 -0.940163 0.002222
vn  0.867928 0.309785 0.388245
vn  0.677613 0.195867 -0.708856
vn  -0.076155 0.570916 -0.817469
vn  -0.005396 -0.445875 -0.895079
vn  -0.076155 0.570916 -0.817469
vn  0.677613 0.195867 -0.708856
vn  -0.076155 0.570916 -0.817469
vn  -0.005396 -0.445875 -0.895079
vn  -0.624578 0.227695 -0.747032
vn  0.111378 -0.612140 -0.782866
vn  -0.624578 0.227695 -0.747032
vn  -0.005396 -0.445875 -0.895079
vn  -0.624578 0.227695 -0.747032
vn  0.111378 -0.612140 -0.782866
vn  -0.624578 0.227695 -0.747032
vn  -0.801093 0.262717 -0.537801
vn  -0.624578 0.227695 -0.747032
vn  0.111378 -0.612140 -0.782866
vn  -0.624578 0.227695 -0.747032
vn  -0.801093 0.262717 -0.537801
vn  0.167274 0.801609 0.573970
vn  -0.405712 0.522871 0.749669
vn  0.167274 0.801609 0.573970
vn  -0.801093 0.262717 -0.537801
vn  0.167274 0.801609 0.573970
vn  -0.405712 0.522871 0.749669
vn  0.280114 -0.110991 0.953529
vn  -0.675517 0.466719 0.570833
vn  0.280114 -0.110991 0.953529
vn  -0.405712 0.522871 0.749669
vn  0.280114 -0.110991 0.953529
vn  -0.675517 0.466719 0.570833
vn  0.280114 -0.110991 0.953529
vn  0.373605 -0.184176 0.909120
vn  0.280114 -0.110991 0.953529
vn  -0.675517 0.466719 0.570833
vn  0.280114 -0.110991 0.953529
vn  0.373605 -0.184176 0.909120
vn  0.370712 -0.923954 0.094245
vn  0.790040 -0.610975 0.050454
vn  0.370712 -0.923954 0.094245
vn  0.373605 -0.184176 0.909120
vn  0.370712 -0.923954 0.094245
vn  0.790040 -0.610975 0.050454
vn  -0.005396 -0.445875 -0.895079
vn  0.111378 -0.612140 -0.782866
vn  -0.005396 -0.445875 -0.895079
vn  0.790040 -0.610975 0.050454
vn  -0.405712 0.522871 0.749669
vn  -0.801093 0.262717 -0.537801
vn  -0.675517 0.466719 0.570833
vn  0.677613 0.195867 -0.708856
vn  -0.144099 -0.564137 -0.813010
vn  -0.005396 -0.445875 -0.895079
vn  -0.144099 -0.564137 -0.813010
vn  0.677613 0.195867 -0.708856
vn  0.340719 -0.940163 0.002222
vn  -0.059363 -0.439941 -0.896062
vn  0.211489 0.728403 -0.651691
vn  -0.059363 -0.439941 -0.896062
vn  0.211489 0.728403 -0.651691
vn  -0.059363 -0.439941 -0.896062
vn  -0.299822 -0.096575 -0.949094
vn  -0.299822 -0.096575 -0.949094
vn  -0.700615 0.711079 -0.059200
vn  0.211489 0.728403 -0.651691
vn  0.085662 -0.635062 -0.767697
vn  0.085662 -0.635062 -0.767697
vn  -0.059363 -0.439941 -0.896062
vn  -0.659167 -0.738932 0.139565
vn  -0.059363 -0.439941 -0.896062
vn  0.085662 -0.635062 -0.767697
vn  -0.059363 -0.439941 -0.896062
vn  -0.659167 -0.738932 0.139565
vn  -0.746083 -0.655758 0.115506
vn  -0.146831 -0.004314 0.989152
vn  -0.746083 -0.655758 0.115506
vn  -0.659167 -0.738932 0.139565
vn  -0.746083 -0.655758 0.115506
vn  -0.146831 -0.004314 0.989152
vn  -0.746083 -0.655758 0.115506
vn  -0.194926 0.095122 0.976195
vn  -0.746083 -0.655758 0.115506
vn  -0.146831 -0.004314 0.989152
vn  -0.746083 -0.655758 0.115506
vn  -0.194926 0.095122 0.976195
vn  -0.844841 -0.528900 0.080677
vn  -0.309994 0.192160 0.931117
vn  -0.844841 -0.528900 0.080677
vn  -0.194926 0.095122 0.976195
vn  -0.844841 -0.528900 0.080677
vn  -0.309994 0.192160 0.931117
vn  -0.700615 0.711079 -0.059200
vn  0.217039 0.869006 0.444660
vn  -0.700615 0.711079 -0.059200
vn  -0.309994 0.192160 0.931117
vn  -0.700615 0.711079 -0.059200
vn  0.217039 0.869006 0.444660
vn  0.211489 0.728403 -0.651691
vn  0.733946 0.255716 -0.629232
vn  0.211489 0.728403 -0.651691
vn  0.217039 0.869006 0.444660
vn  0.211489 0.728403 -0.651691
vn  0.733946 0.255716 -0.629232
vn  -0.059363 -0.439941 -0.896062
vn  0.085662 -0.635062 -0.767697
vn  -0.059363 -0.439941 -0.896062
vn  0.733946 0.255716 -0.629232
vn  -0.059363 -0.439941 -0.896062
vn  -0.746083 -0.655758 0.115506
vn  -0.299822 -0.096575 -0.949094
vn  -0.844841 -0.528900 0.080677
vn  -0.299822 -0.096575 -0.949094
vn  -0.746083 -0.655758 0.115506
vn  -0.299822 -0.096575 -0.949094
vn  -0.844841 -0.528900 0.080677
vn  -0.700615 0.711079 -0.059200
vn  0.822374 0.315881 0.473202
vn  -0.194926 0.095122 0.976195
vn  -0.146831 -0.004314 0.989152
vn  -0.194926 0.095122 0.976195
vn  0.822374 0.315881 0.473202
vn  0.691682 0.541527 0.477834
vn  0.691682 0.541527 0.477834
vn  -0.309994 0.192160 0.931117
vn  -0.194926 0.095122 0.976195
vn  -0.309994 0.192160 0.931117
vn  0.691682 0.541527 0.477834
vn  0.691682 0.541527 0.477834
vn  0.691682 0.541527 0.477834
vn  0.217039 0.869006 0.444660
vn  -0.309994 0.192160 0.931117
vn  0.217039 0.869006 0.444660
vn  0.691682 0.541527 0.477834
vn  0.691682 0.541527 0.477834
vn  0.691682 0.541527 0.477834
vn  0.733946 0.255716 -0.629232
vn  0.217039 0.869006 0.444660
vn  0.733946 0.255716 -0.629232
vn  0.691682 0.541527 0.477834
vn  0.856348 -0.058040 -0.513128
vn  0.856348 -0.058040 -0.513128
vn  0.085662 -0.635062 -0.767697
vn  0.733946 0.255716 -0.629232
vn  0.856348 -0.058040 -0.513128
vn  0.691682 0.541527 0.477834
vn  0.822374 0.315881 0.473202
vn  -0.651164 -0.329116 0.683863
vn  -0.851345 -0.240630 0.466164
vn  -0.651164 -0.329116 0.683863
vn  -0.851345 -0.240630 0.466164
vn  -0.651164 -0.329116 0.683863
vn  -0.734586 -0.169082 0.657111
vn  -0.734586 -0.169082 0.657111
vn  -0.896941 -0.037738 0.440536
vn  -0.851345 -0.240630 0.466164
vn  -0.896941 -0.037738 0.440536
vn  -0.734586 -0.169082 0.657111
vn  -0.775934 0.017948 0.630558
vn  -0.775934 0.017948 0.630558
vn  -0.896278 0.122843 0.426140
vn  -0.896941 -0.037738 0.440536
vn  -0.896278 0.122843 0.426140
vn  -0.775934 0.017948 0.630558
vn  -0.770136 0.195092 0.607313
vn  -0.770136 0.195092 0.607313
vn  -0.831034 0.322799 0.452972
vn  -0.896278 0.122843 0.426140
vn  -0.851345 -0.240630 0.466164
vn  -0.851345 -0.240630 0.466164
vn  -0.651164 -0.329116 0.683863
vn  -0.755536 -0.441080 0.484369
vn  -0.651164 -0.329116 0.683863
vn  -0.851345 -0.240630 0.466164
vn  -0.651164 -0.329116 0.683863
vn  -0.755536 -0.441080 0.484369
vn  -0.561331 -0.432624 0.705510
vn  -0.674060 -0.564321 0.476640
vn  -0.561331 -0.432624 0.705510
vn  -0.755536 -0.441080 0.484369
vn  -0.561331 -0.432624 0.705510
vn  -0.674060 -0.564321 0.476640
vn  -0.561331 -0.432624 0.705510
vn  -0.655373 -0.595252 0.464932
vn  -0.561331 -0.432624 0.705510
vn  -0.674060 -0.564321 0.476640
vn  -0.561331 -0.432624 0.705510
vn  -0.655373 -0.595252 0.464932
vn  -0.561331 -0.432624 0.705510
vn  -0.521362 -0.463008 0.716802
vn  -0.561331 -0.432624 0.705510
vn  -0.655373 -0.595252 0.464932
vn  -0.561331 -0.432624 0.705510
vn  -0.521362 -0.463008 0.716802
vn  -0.561331 -0.432624 0.705510
vn  -0.335796 -0.284981 0.897790
vn  -0.561331 -0.432624 0.705510
vn  -0.521362 -0.463008 0.716802
vn  -0.561331 -0.432624 0.705510
vn  -0.335796 -0.284981 0.897790
vn  -0.561331 -0.432624 0.705510
vn  -0.401981 -0.264911 0.876489
vn  -0.561331 -0.432624 0.705510
vn  -0.335796 -0.284981 0.897790
vn  -0.561331 -0.432624 0.705510
vn  -0.401981 -0.264911 0.876489
vn  -0.651164 -0.329116 0.683863
vn  -0.506333 -0.196957 0.839544
vn  -0.651164 -0.329116 0.683863
vn  -0.401981 -0.264911 0.876489
vn  -0.651164 -0.329116 0.683863
vn  -0.506333 -0.196957 0.839544
vn  -0.651164 -0.329116 0.683863
vn  -0.577935 -0.088517 0.811268
vn  -0.651164 -0.329116 0.683863
vn  -0.506333 -0.196957 0.839544
vn  -0.651164 -0.329116 0.683863
vn  -0.577935 -0.088517 0.811268
vn  -0.734586 -0.169082 0.657111
vn  -0.613110 0.072677 0.786648
vn  -0.734586 -0.169082 0.657111
vn  -0.577935 -0.088517 0.811268
vn  -0.734586 -0.169082 0.657111
vn  -0.613110 0.072677 0.786648
vn  -0.775934 0.017948 0.630558
vn  -0.602107 0.256914 0.755951
vn  -0.775934 0.017948 0.630558
vn  -0.613110 0.072677 0.786648
vn  -0.775934 0.017948 0.630558
vn  -0.602107 0.256914 0.755951
vn  -0.770136 0.195092 0.607313
vn  -0.699125 0.399286 0.593124
vn  -0.770136 0.195092 0.607313
vn  -0.602107 0.256914 0.755951
vn  -0.770136 0.195092 0.607313
vn  -0.699125 0.399286 0.593124
vn  -0.831034 0.322799 0.452972
vn  -0.757634 0.452219 0.470625
vn  -0.831034 0.322799 0.452972
vn  -0.699125 0.399286 0.593124
vn  -0.478330 0.568810 0.669071
vn  -0.699125 0.399286 0.593124
vn  -0.537699 0.458511 0.707565
vn  -0.602107 0.256914 0.755951
vn  -0.537699 0.458511 0.707565
vn  -0.699125 0.399286 0.593124
vn  0.218072 -0.967697 0.126523
vn  0.645889 -0.035993 0.762583
vn  -0.776529 -0.391721 0.493515
vn  -0.298071 0.705778 0.642675
vn  -0.776529 -0.391721 0.493515
vn  0.645889 -0.035993 0.762583
vn  -0.346350 -0.876457 -0.334462
vn  0.932974 -0.359058 -0.025228
vn  0.218072 -0.967697 0.126523
vn  0.932974 -0.359058 -0.025228
vn  0.218072 -0.967697 0.126523
vn  0.932974 -0.359058 -0.025228
vn  0.218072 -0.967697 0.126523
vn  0.932974 -0.359058 -0.025228
vn  0.645889 -0.035993 0.762583
vn  0.346347 0.876457 0.334466
vn  0.645889 -0.035993 0.762583
vn  0.932974 -0.359058 -0.025228
vn  0.645889 -0.035993 0.762583
vn  0.346347 0.876457 0.334466
vn  -0.298071 0.705778 0.642675
vn  -0.932973 0.359060 0.025230
vn  -0.298071 0.705778 0.642675
vn  0.346347 0.876457 0.334466
vn  -0.298071 0.705778 0.642675
vn  -0.932973 0.359060 0.025230
vn  -0.776529 -0.391721 0.493515
vn  -0.346350 -0.876457 -0.334462
vn  -0.776529 -0.391721 0.493515
vn  -0.932973 0.359060 0.025230
vn  -0.776529 -0.391721 0.493515
vn  -0.346350 -0.876457 -0.334462
vn  0.218072 -0.967697 0.126523
vn  -0.971618 -0.232904 0.041391
vn  -0.971618 -0.232904 0.041391
vn  -0.971618 -0.232904 0.041391
vn  -0.971618 -0.232904 0.041391
vn  -0.971618 -0.232904 0.041391
vn  -0.945009 -0.324853 0.037795
vn  -0.945009 -0.324853 0.037795
vn  -0.945009 -0.324853 0.037795
vn  -0.971618 -0.232904 0.041391
vn  -0.945009 -0.324853 0.037795
vn  -0.945009 -0.324853 0.037795
vn  -0.880043 -0.472507 0.047549
vn  -0.880043 -0.472507 0.047549
vn  -0.880043 -0.472507 0.047549
vn  -0.945009 -0.324853 0.037795
vn  -0.880043 -0.472507 0.047549
vn  -0.880043 -0.472507 0.047549
vn  -0.741499 -0.667148 0.071367
vn  -0.741499 -0.667148 0.071367
vn  -0.741499 -0.667148 0.071367
vn  -0.880043 -0.472507 0.047549
vn  -0.741499 -0.667148 0.071367
vn  -0.741499 -0.667148 0.071367
vn  -0.614236 -0.785103 0.079548
vn  -0.614236 -0.785103 0.079548
vn  -0.614236 -0.785103 0.079548
vn  -0.741499 -0.667148 0.071367
vn  0.307460 0.172440 0.935806
vn  0.307460 0.172440 0.935806
vn  0.461003 0.496288 0.735646
vn  0.288519 0.186990 0.939038
vn  0.461003 0.496288 0.735646
vn  0.307460 0.172440 0.935806
vn  0.461003 0.496288 0.735646
vn  0.288519 0.186990 0.939038
vn  0.466708 0.438539 0.768028
vn  0.282144 0.191566 0.940052
vn  0.466708 0.438539 0.768028
vn  0.288519 0.186990 0.939038
vn  0.466708 0.438539 0.768028
vn  0.282144 0.191566 0.940052
vn  0.499484 0.297634 0.813591
vn  0.356979 0.157473 0.920743
vn  0.499484 0.297634 0.813591
vn  0.282144 0.191566 0.940052
vn  0.499484 0.297634 0.813591
vn  0.356979 0.157473 0.920743
vn  0.564627 0.148924 0.811800
vn  0.445076 0.038061 0.894684
vn  0.564627 0.148924 0.811800
vn  0.356979 0.157473 0.920743
vn  0.564627 0.148924 0.811800
vn  0.445076 0.038061 0.894684
vn  0.622100 -0.026898 0.782475
vn  0.444074 -0.121900 0.887659
vn  0.622100 -0.026898 0.782475
vn  0.445076 0.038061 0.894684
vn  0.622100 -0.026898 0.782475
vn  0.444074 -0.121900 0.887659
vn  0.607178 -0.226550 0.761584
vn  0.328794 -0.266140 0.906126
vn  0.607178 -0.226550 0.761584
vn  0.444074 -0.121900 0.887659
vn  0.607178 -0.226550 0.761584
vn  0.328794 -0.266140 0.906126
vn  0.462370 -0.421211 0.780253
vn  0.114385 -0.376886 0.919170
vn  0.462370 -0.421211 0.780253
vn  0.328794 -0.266140 0.906126
vn  0.462370 -0.421211 0.780253
vn  0.114385 -0.376886 0.919170
vn  0.189981 -0.570659 0.798909
vn  -0.116476 -0.396385 0.910666
vn  0.189981 -0.570659 0.798909
vn  0.114385 -0.376886 0.919170
vn  0.189981 -0.570659 0.798909
vn  -0.116476 -0.396385 0.910666
vn  -0.102452 -0.604985 0.789618
vn  -0.321981 -0.330780 0.887081
vn  -0.102452 -0.604985 0.789618
vn  -0.116476 -0.396385 0.910666
vn  -0.102452 -0.604985 0.789618
vn  -0.321981 -0.330780 0.887081
vn  -0.356282 -0.553290 0.752950
vn  -0.469020 -0.507441 0.722859
vn  -0.356282 -0.553290 0.752950
vn  -0.321981 -0.330780 0.887081
vn  -0.356282 -0.553290 0.752950
vn  -0.469020 -0.507441 0.722859
vn  -0.356282 -0.553290 0.752950
vn  -0.485154 -0.700512 0.523363
vn  -0.356282 -0.553290 0.752950
vn  -0.469020 -0.507441 0.722859
vn  -0.356282 -0.553290 0.752950
vn  -0.485154 -0.700512 0.523363
vn  -0.356282 -0.553290 0.752950
vn  -0.366106 -0.738215 0.566573
vn  -0.356282 -0.553290 0.752950
vn  -0.485154 -0.700512 0.523363
vn  -0.356282 -0.553290 0.752950
vn  -0.366106 -0.738215 0.566573
vn  -0.356282 -0.553290 0.752950
vn  -0.082285 -0.779374 0.621132
vn  -0.356282 -0.553290 0.752950
vn  -0.366106 -0.738215 0.566573
vn  -0.356282 -0.553290 0.752950
vn  -0.082285 -0.779374 0.621132
vn  -0.102452 -0.604985 0.789618
vn  0.255127 -0.732751 0.630861
vn  -0.102452 -0.604985 0.789618
vn  -0.082285 -0.779374 0.621132
vn  -0.102452 -0.604985 0.789618
vn  0.255127 -0.732751 0.630861
vn  0.189981 -0.570659 0.798909
vn  0.570182 -0.553145 0.607390
vn  0.189981 -0.570659 0.798909
vn  0.255127 -0.732751 0.630861
vn  0.189981 -0.570659 0.798909
vn  0.570182 -0.553145 0.607390
vn  0.462370 -0.421211 0.780253
vn  0.738258 -0.319416 0.594094
vn  0.462370 -0.421211 0.780253
vn  0.570182 -0.553145 0.607390
vn  0.462370 -0.421211 0.780253
vn  0.738258 -0.319416 0.594094
vn  0.607178 -0.226550 0.761584
vn  0.769584 -0.090759 0.632063
vn  0.607178 -0.226550 0.761584
vn  0.738258 -0.319416 0.594094
vn  0.607178 -0.226550 0.761584
vn  0.769584 -0.090759 0.632063
vn  0.622100 -0.026898 0.782475
vn  0.741615 0.132119 0.657686
vn  0.622100 -0.026898 0.782475
vn  0.769584 -0.090759 0.632063
vn  0.622100 -0.026898 0.782475
vn  0.741615 0.132119 0.657686
vn  0.564627 0.148924 0.811800
vn  0.681692 0.382465 0.623712
vn  0.564627 0.148924 0.811800
vn  0.741615 0.132119 0.657686
vn  0.564627 0.148924 0.811800
vn  0.681692 0.382465 0.623712
vn  0.499484 0.297634 0.813591
vn  0.587771 0.637235 0.498455
vn  0.499484 0.297634 0.813591
vn  0.681692 0.382465 0.623712
vn  0.499484 0.297634 0.813591
vn  0.587771 0.637235 0.498455
vn  0.466708 0.438539 0.768028
vn  0.536858 0.736504 0.411516
vn  0.466708 0.438539 0.768028
vn  0.587771 0.637235 0.498455
vn  0.466708 0.438539 0.768028
vn  0.536858 0.736504 0.411516
vn  0.461003 0.496288 0.735646
vn  -0.469020 -0.507441 0.722859
vn  -0.321981 -0.330780 0.887081
vn  -0.416614 -0.275127 0.866451
vn  0.362550 -0.075422 -0.928907
vn  0.549610 -0.795455 -0.255304
vn  -0.830210 -0.482155 -0.279782
vn  0.188333 -0.719317 0.668666
vn  -0.830210 -0.482155 -0.279782
vn  0.549610 -0.795455 -0.255304
vn  -0.219882 0.375337 -0.900430
vn  0.994501 -0.067199 0.080327
vn  0.362550 -0.075422 -0.928907
vn  0.994501 -0.067199 0.080327
vn  0.362550 -0.075422 -0.928907
vn  0.994501 -0.067199 0.080327
vn  0.362550 -0.075422 -0.928907
vn  0.994501 -0.067199 0.080327
vn  0.549610 -0.795455 -0.255304
vn  0.994501 -0.067199 0.080327
vn  0.549610 -0.795455 -0.255304
vn  0.994501 -0.067199 0.080327
vn  0.549610 -0.795455 -0.255304
vn  0.994501 -0.067199 0.080327
vn  0.188333 -0.719317 0.668666
vn  -0.409089 -0.332839 0.849626
vn  0.188333 -0.719317 0.668666
vn  0.994501 -0.067199 0.080327
vn  0.188333 -0.719317 0.668666
vn  -0.409089 -0.332839 0.849626
vn  -0.830210 -0.482155 -0.279782
vn  -0.994501 0.067194 -0.080329
vn  -0.830210 -0.482155 -0.279782
vn  -0.409089 -0.332839 0.849626
vn  -0.830210 -0.482155 -0.279782
vn  -0.994501 0.067194 -0.080329
vn  -0.830210 -0.482155 -0.279782
vn  -0.219882 0.375337 -0.900430
vn  -0.830210 -0.482155 -0.279782
vn  -0.994501 0.067194 -0.080329
vn  -0.830210 -0.482155 -0.279782
vn  -0.219882 0.375337 -0.900430
vn  0.362550 -0.075422 -0.928907
vn  -0.327327 0.755929 -0.566947
vn  0.327327 0.755929 -0.566947
vn  -0.327327 0.755929 -0.566947
vn  0.327327 0.755929 -0.566947
vn  -0.327327 0.755929 -0.566947
vn  0.000000 1.000000 0.000000
vn  0.000000 1.000000 0.000000
vn  0.654654 0.755929 0.000000
vn  0.327327 0.755929 -0.566947
vn  0.654654 0.755929 0.000000
vn  0.000000 1.000000 0.000000
vn  0.000000 1.000000 0.000000
vn  0.000000 1.000000 0.000000
vn  0.327327 0.755929 0.566947
vn  0.654654 0.755929 0.000000
vn  0.327327 0.755929 0.566947
vn  0.000000 1.000000 0.000000
vn  0.000000 1.000000 0.000000
vn  0.000000 1.000000 0.000000
vn  -0.327327 0.755929 0.566947
vn  0.327327 0.755929 0.566947
vn  -0.327327 0.755929 0.566947
vn  0.000000 1.000000 0.000000
vn  0.000000 1.000000 0.000000
vn  0.000000 1.000000 0.000000
vn  -0.654654 0.755929 0.000000
vn  -0.327327 0.755929 0.566947
vn  -0.654654 0.755929 0.000000
vn  0.000000 1.000000 0.000000
vn  -0.327327 0.755929 -0.566947
vn  -0.327327 -0.755929 -0.566947
vn  -0.327327 0.755929 -0.566947
vn  0.327327 0.755929 -0.566947
vn  -0.327327 0.755929 -0.566947
vn  -0.327327 -0.755929 -0.566947
vn  -0.654654 -0.755929 0.000000
vn  -0.654654 -0.755929 0.000000
vn  -0.654654 0.755929 0.000000
vn  -0.327327 0.755929 -0.566947
vn  -0.654654 0.755929 0.000000
vn  -0.654654 -0.755929 0.000000
vn  -0.327327 -0.755929 0.566947
vn  -0.327327 -0.755929 0.566947
vn  -0.327327 0.755929 0.566947
vn  -0.654654 0.755929 0.000000
vn  -0.327327 0.755929 0.566947
vn  -0.327327 -0.755929 0.566947
vn  0.327327 -0.755929 0.566947
vn  0.327327 -0.755929 0.566947
vn  0.327327 0.755929 0.566947
vn  -0.327327 0.755929 0.566947
vn  0.327327 0.755929 0.566947
vn  0.327327 -0.755929 0.566947
vn  0.654654 -0.755929 -0.000001
vn  0.654654 -0.755929 -0.000001
vn  0.654654 0.755929 0.000000
vn  0.327327 0.755929 0.566947
vn  0.654654 0.755929 0.000000
vn  0.654654 -0.755929 -0.000001
vn  0.327327 -0.755929 -0.566947
vn  0.327327 -0.755929 -0.566947
vn  0.327327 0.755929 -0.566947
vn  0.654654 0.755929 0.000000
vn  0.327327 0.755929 -0.566947
vn  0.327327 -0.755929 -0.566947
vn  0.327327 -0.755929 -0.566947
vn  0.327327 -0.755929 -0.566947
vn  -0.327327 -0.755929 -0.566947
vn  0.327327 0.755929 -0.566947
vn  -0.327327 -0.755929 -0.566947
vn  0.327327 -0.755929 -0.566947
vn  0.000000 -1.000000 0.000000
vn  0.000000 -1.000000 0.000000
vn  -0.654654 -0.755929 0.000000
vn  -0.327327 -0.755929 -0.566947
vn  -0.654654 -0.755929 0.000000
vn  0.000000 -1.000000 0.000000
vn  0.000000 -1.000000 0.000000
vn  0.000000 -1.000000 0.000000
vn  -0.327327 -0.755929 0.566947
vn  -0.654654 -0.755929 0.000000
vn  -0.327327 -0.755929 0.566947
vn  0.000000 -1.000000 0.000000
vn  0.000000 -1.000000 0.000000
vn  0.000000 -1.000000 0.000000
vn  0.327327 -0.755929 0.566947
vn  -0.327327 -0.755929 0.566947
vn  0.327327 -0.755929 0.566947
vn  0.000000 -1.000000 0.000000
vn  0.000000 -1.000000 0.000000
vn  0.000000 -1.000000 0.000000
vn  0.654654 -0.755929 -0.000001
vn  0.327327 -0.755929 0.566947
vn  0.654654 -0.755929 -0.000001
vn  0.000000 -1.000000 0.000000
vn  0.327327 -0.755929 -0.566947
vn  0.624221 -0.399179 -0.671568
vn  -0.616719 0.426766 -0.661459
vn  0.508092 0.768157 -0.389586
vn  -0.616719 0.426766 -0.661459
vn  0.624221 -0.399179 -0.671568
vn  -0.503501 -0.751261 -0.426723
vn  0.998403 0.056086 0.006780
vn  0.508092 0.768157 -0.389586
vn  -0.056213 0.998212 0.020340
vn  0.508092 0.768157 -0.389586
vn  0.998403 0.056086 0.006780
vn  0.998403 0.056086 0.006780
vn  0.998403 0.056086 0.006780
vn  0.624221 -0.399179 -0.671568
vn  0.508092 0.768157 -0.389586
vn  0.624221 -0.399179 -0.671568
vn  0.998403 0.056086 0.006780
vn  0.056210 -0.998212 -0.020340
vn  0.056210 -0.998212 -0.020340
vn  -0.503501 -0.751261 -0.426723
vn  0.624221 -0.399179 -0.671568
vn  -0.503501 -0.751261 -0.426723
vn  0.056210 -0.998212 -0.020340
vn  -0.998403 -0.056083 -0.006782
vn  -0.998403 -0.056083 -0.006782
vn  -0.616719 0.426766 -0.661459
vn  -0.503501 -0.751261 -0.426723
vn  -0.616719 0.426766 -0.661459
vn  -0.998403 -0.056083 -0.006782
vn  -0.056213 0.998212 0.020340
vn  -0.056213 0.998212 0.020340
vn  0.508092 0.768157 -0.389586
vn  -0.616719 0.426766 -0.661459
vn  0.000000 0.993029 -0.117867
vn  0.000000 0.993029 -0.117867
vn  -0.987038 0.160346 -0.006739
vn  0.000000 0.146256 -0.989247
vn  -0.987038 0.160346 -0.006739
vn  0.000000 0.993029 -0.117867
vn  -0.987038 0.160346 -0.006739
vn  0.000000 0.146256 -0.989247
vn  0.000000 -1.000000 0.000000
vn  0.000000 0.146256 -0.989247
vn  0.000000 0.993029 -0.117867
vn  0.668896 0.678302 0.304114
vn  0.000000 -1.000000 0.000000
vn  0.000000 0.146256 -0.989247
vn  0.987038 0.160346 -0.006740
vn  0.668896 0.678302 0.304114
vn  0.987038 0.160346 -0.006740
vn  0.000000 0.146256 -0.989247
vn  0.987038 0.160346 -0.006740
vn  0.668896 0.678302 0.304114
vn  0.000000 0.582055 0.813149
vn  0.000000 0.993029 -0.117867
vn  0.000000 0.582055 0.813149
vn  0.668896 0.678302 0.304114
vn  0.000000 0.582055 0.813149
vn  0.000000 0.993029 -0.117867
vn  -0.668895 0.678302 0.304115
vn  -0.987038 0.160346 -0.006739
vn  -0.668895 0.678302 0.304115
vn  0.000000 0.993029 -0.117867
vn  -0.668895 0.678302 0.304115
vn  -0.987038 0.160346 -0.006739
vn  0.000000 0.101413 0.994844
vn  0.000000 -1.000000 0.000000
vn  0.000000 0.101413 0.994844
vn  -0.987038 0.160346 -0.006739
vn  0.000000 0.101413 0.994844
vn  0.000000 -1.000000 0.000000
vn  0.000000 0.101413 0.994844
vn  0.987038 0.160346 -0.006740
vn  0.000000 0.101413 0.994844
vn  0.000000 -1.000000 0.000000
vn  0.000000 0.101413 0.994844
vn  0.987038 0.160346 -0.006740
vn  0.000000 0.101413 0.994844
vn  0.000000 0.582055 0.813149
vn  0.000000 0.101413 0.994844
vn  0.987038 0.160346 -0.006740
vn  0.000000 0.101413 0.994844
vn  0.000000 0.582055 0.813149
vn  -0.668895 0.678302 0.304115
vn  -0.666574 -0.067371 0.742388
vn  -0.355757 -0.031561 0.934045
vn  -0.666574 -0.067371 0.742388
vn  -0.355757 -0.031561 0.934045
vn  -0.666574 -0.067371 0.742388
vn  -0.278210 -0.183702 0.942790
vn  -0.278210 -0.183702 0.942790
vn  0.000084 -0.105068 0.994465
vn  -0.355757 -0.031561 0.934045
vn  0.000084 -0.105068 0.994465
vn  -0.278210 -0.183702 0.942790
vn  0.000051 -0.202960 0.979187
vn  0.000051 -0.202960 0.979187
vn  0.000084 -0.105068 0.994465
vn  0.000084 -0.105068 0.994465
vn  0.000084 -0.105068 0.994465
vn  0.000051 -0.202960 0.979187
vn  0.295371 -0.179744 0.938322
vn  0.295371 -0.179744 0.938322
vn  0.368013 -0.034924 0.929165
vn  0.000084 -0.105068 0.994465
vn  0.368013 -0.034924 0.929165
vn  0.295371 -0.179744 0.938322
vn  0.681707 -0.089870 0.726085
vn  0.314705 -0.758590 -0.570528
vn  0.407950 -0.789367 -0.458777
vn  0.628743 -0.766256 -0.132417
vn  0.407950 -0.789367 -0.458777
vn  0.314705 -0.758590 -0.570528
vn  -0.012941 -0.549377 -0.835474
vn  -0.279238 -0.607684 -0.743469
vn  -0.012941 -0.549377 -0.835474
vn  0.314705 -0.758590 -0.570528
vn  -0.012941 -0.549377 -0.835474
vn  -0.279238 -0.607684 -0.743469
vn  -0.456754 -0.761498 -0.459887
vn  -0.716701 -0.689964 -0.101436
vn  -0.456754 -0.761498 -0.459887
vn  -0.279238 -0.607684 -0.743469
vn  -0.456754 -0.761498 -0.459887
vn  -0.716701 -0.689964 -0.101436
vn  -0.903047 -0.421852 -0.080920
vn  -0.417186 -0.711960 0.564861
vn  -0.903047 -0.421852 -0.080920
vn  -0.716701 -0.689964 -0.101436
vn  -0.903047 -0.421852 -0.080920
vn  -0.417186 -0.711960 0.564861
vn  -0.856072 -0.433631 0.281256
vn  -0.417186 -0.711960 0.564861
vn  -0.856072 -0.433631 0.281256
vn  -0.417186 -0.711960 0.564861
vn  -0.856072 -0.433631 0.281256
vn  -0.417186 -0.711960 0.564861
vn  0.019825 -0.501134 0.865143
vn  0.008788 -0.837321 0.546640
vn  0.019825 -0.501134 0.865143
vn  -0.417186 -0.711960 0.564861
vn  0.019825 -0.501134 0.865143
vn  0.008788 -0.837321 0.546640
vn  0.381761 -0.745519 0.546314
vn  0.451723 -0.550609 0.701980
vn  0.381761 -0.745519 0.546314
vn  0.008788 -0.837321 0.546640
vn  0.381761 -0.745519 0.546314
vn  0.451723 -0.550609 0.701980
vn  0.381761 -0.745519 0.546314
vn  0.628743 -0.766256 -0.132417
vn  0.381761 -0.745519 0.546314
vn  0.451723 -0.550609 0.701980
vn  0.381761 -0.745519 0.546314
vn  0.628743 -0.766256 -0.132417
vn  0.862937 -0.500264 -0.071246
vn  0.407950 -0.789367 -0.458777
vn  0.862937 -0.500264 -0.071246
vn  0.628743 -0.766256 -0.132417
vn  0.862937 -0.500264 -0.071246
vn  0.407950 -0.789367 -0.458777
vn  0.624675 -0.159536 -0.764415
vn  -0.012941 -0.549377 -0.835474
vn  0.624675 -0.159536 -0.764415
vn  0.407950 -0.789367 -0.458777
vn  0.624675 -0.159536 -0.764415
vn  -0.012941 -0.549377 -0.835474
vn  -0.020054 -0.168374 -0.985519
vn  0.008788 -0.837321 0.546640
vn  -0.481811 -0.662676 0.573340
vn  0.451723 -0.550609 0.701980
vn  -0.481811 -0.662676 0.573340
vn  0.008788 -0.837321 0.546640
vn  -0.417186 -0.711960 0.564861
vn  -0.417186 -0.711960 0.564861
vn  -0.481811 -0.662676 0.573340
vn  -0.481811 -0.662676 0.573340
vn  -0.481811 -0.662676 0.573340
vn  -0.417186 -0.711960 0.564861
vn  -0.716701 -0.689964 -0.101436
vn  0.019825 -0.501134 0.865143
vn  0.811546 -0.498408 0.304930
vn  0.019825 -0.501134 0.865143
vn  0.811546 -0.498408 0.304930
vn  0.019825 -0.501134 0.865143
vn  0.381761 -0.745519 0.546314
vn  0.381761 -0.745519 0.546314
vn  0.811546 -0.498408 0.304930
vn  0.811546 -0.498408 0.304930
vn  0.811546 -0.498408 0.304930
vn  0.381761 -0.745519 0.546314
vn  0.862937 -0.500264 -0.071246
vn  0.862937 -0.500264 -0.071246
vn  0.985529 -0.162058 -0.049697
vn  0.811546 -0.498408 0.304930
vn  0.985529 -0.162058 -0.049697
vn  0.862937 -0.500264 -0.071246
vn  0.624675 -0.159536 -0.764415
vn  -0.012941 -0.549377 -0.835474
vn  -0.709440 -0.104183 -0.697023
vn  -0.020054 -0.168374 -0.985519
vn  -0.709440 -0.104183 -0.697023
vn  -0.012941 -0.549377 -0.835474
vn  -0.456754 -0.761498 -0.459887
vn  -0.456754 -0.761498 -0.459887
vn  -0.709440 -0.104183 -0.697023
vn  -0.709440 -0.104183 -0.697023
vn  -0.709440 -0.104183 -0.697023
vn  -0.456754 -0.761498 -0.459887
vn  -0.903047 -0.421852 -0.080920
vn  -0.903047 -0.421852 -0.080920
vn  -0.990815 -0.125510 -0.050337
vn  -0.709440 -0.104183 -0.697023
vn  -0.990815 -0.125510 -0.050337
vn  -0.903047 -0.421852 -0.080920
vn  -0.856072 -0.433631 0.281256
vn  0.368013 -0.034924 0.929165
vn  0.722275 0.056225 0.689316
vn  0.368013 -0.034924 0.929165
vn  0.722275 0.056225 0.689316
vn  0.368013 -0.034924 0.929165
vn  0.681707 -0.089870 0.726085
vn  0.681707 -0.089870 0.726085
vn  0.929887 0.102509 0.353273
vn  0.722275 0.056225 0.689316
vn  0.215940 0.918919 0.330089
vn  0.215940 0.918919 0.330089
vn  0.158859 0.596356 0.786844
vn  -0.257698 0.962849 -0.080711
vn  0.158859 0.596356 0.786844
vn  0.215940 0.918919 0.330089
vn  0.158859 0.596356 0.786844
vn  -0.257698 0.962849 -0.080711
vn  -0.135666 0.811077 -0.568989
vn  -0.366197 0.846627 -0.386165
vn  -0.135666 0.811077 -0.568989
vn  -0.257698 0.962849 -0.080711
vn  0.026183 0.871352 0.489959
vn  0.683373 0.275239 0.676199
vn  0.576693 0.816448 -0.028965
vn  0.026183 0.871352 0.489959
vn  -0.708130 0.706068 0.004516
vn  -0.720345 0.278271 0.635349
vn  -0.708130 0.706068 0.004516
vn  0.026183 0.871352 0.489959
vn  0.576693 0.816448 -0.028965
vn  0.576693 0.816448 -0.028965
vn  -0.539294 0.841790 0.023478
vn  -0.708130 0.706068 0.004516
vn  -0.539294 0.841790 0.023478
vn  0.576693 0.816448 -0.028965
vn  0.258647 0.965043 -0.042358
vn  0.258647 0.965043 -0.042358
vn  -0.740407 0.666390 0.087872
vn  -0.539294 0.841790 0.023478
vn  -0.740407 0.666390 0.087872
vn  0.258647 0.965043 -0.042358
vn  0.258647 0.965043 -0.042358
vn  0.258647 0.965043 -0.042358
vn  -0.869675 0.454965 -0.191500
vn  -0.740407 0.666390 0.087872
vn  -0.869675 0.454965 -0.191500
vn  0.258647 0.965043 -0.042358
vn  0.258647 0.965043 -0.042358
vn  0.258647 0.965043 -0.042358
vn  -0.365727 0.779027 -0.509275
vn  -0.869675 0.454965 -0.191500
vn  -0.365727 0.779027 -0.509275
vn  0.258647 0.965043 -0.042358
vn  0.258647 0.965043 -0.042358
vn  0.258647 0.965043 -0.042358
vn  -0.038654 0.637839 -0.769199
vn  -0.365727 0.779027 -0.509275
vn  -0.038654 0.637839 -0.769199
vn  0.258647 0.965043 -0.042358
vn  0.258647 0.965043 -0.042358
vn  0.258647 0.965043 -0.042358
vn  0.380156 0.636396 -0.671179
vn  -0.038654 0.637839 -0.769199
vn  0.380156 0.636396 -0.671179
vn  0.258647 0.965043 -0.042358
vn  0.953805 0.261610 -0.147706
vn  0.328433 -0.179055 0.927400
vn  0.426035 -0.085933 0.900616
vn  0.328433 -0.179055 0.927400
vn  0.426035 -0.085933 0.900616
vn  0.328433 -0.179055 0.927400
vn  0.518463 -0.033262 0.854453
vn  0.518463 -0.033262 0.854453
vn  0.741655 -0.026242 0.670268
vn  0.426035 -0.085933 0.900616
vn  0.741655 -0.026242 0.670268
vn  0.518463 -0.033262 0.854453
vn  0.518463 -0.033262 0.854453
vn  0.518463 -0.033262 0.854453
vn  0.846309 0.140467 0.513838
vn  0.741655 -0.026242 0.670268
vn  0.012827 0.215172 -0.976492
vn  0.012827 0.215172 -0.976492
vn  -0.009621 0.197270 -0.980302
vn  0.000000 0.153104 -0.988210
vn  -0.009621 0.197270 -0.980302
vn  0.012827 0.215172 -0.976492
vn  -0.009621 0.197270 -0.980302
vn  0.000000 0.153104 -0.988210
vn  0.020062 -0.011037 -0.999738
vn  -0.016823 -0.146789 -0.989025
vn  0.020062 -0.011037 -0.999738
vn  0.000000 0.153104 -0.988210
vn  0.020062 -0.011037 -0.999738
vn  -0.016823 -0.146789 -0.989025
vn  -0.287703 -0.587976 -0.755984
vn  -0.312246 -0.553317 -0.772232
vn  -0.287703 -0.587976 -0.755984
vn  -0.016823 -0.146789 -0.989025
vn  -0.287703 -0.587976 -0.755984
vn  -0.312246 -0.553317 -0.772232
vn  -0.287703 -0.587976 -0.755984
vn  -0.450015 -0.835936 -0.314161
vn  -0.287703 -0.587976 -0.755984
vn  -0.312246 -0.553317 -0.772232
vn  -0.287703 -0.587976 -0.755984
vn  -0.450015 -0.835936 -0.314161
vn  -0.438098 -0.855632 -0.275615
vn  -0.444013 -0.894927 -0.044252
vn  -0.438098 -0.855632 -0.275615
vn  -0.450015 -0.835936 -0.314161
vn  -0.438098 -0.855632 -0.275615
vn  -0.444013 -0.894927 -0.044252
vn  -0.384510 -0.915973 0.114654
vn  -0.358559 -0.835183 0.417018
vn  -0.384510 -0.915973 0.114654
vn  -0.444013 -0.894927 -0.044252
vn  -0.384510 -0.915973 0.114654
vn  -0.358559 -0.835183 0.417018
vn  -0.391904 -0.771722 0.500855
vn  -0.529135 -0.587019 0.612720
vn  -0.391904 -0.771722 0.500855
vn  -0.358559 -0.835183 0.417018
vn  -0.391904 -0.771722 0.500855
vn  -0.529135 -0.587019 0.612720
vn  -0.559631 -0.541526 0.627345
vn  -0.529135 -0.587019 0.612720
vn  -0.559631 -0.541526 0.627345
vn  -0.529135 -0.587019 0.612720
vn  -0.559631 -0.541526 0.627345
vn  -0.529135 -0.587019 0.612720
vn  -0.805619 -0.299649 0.511065
vn  -0.709719 -0.383408 0.591013
vn  -0.805619 -0.299649 0.511065
vn  -0.529135 -0.587019 0.612720
vn  -0.805619 -0.299649 0.511065
vn  -0.709719 -0.383408 0.591013
vn  -0.805619 -0.299649 0.511065
vn  -0.961656 0.016815 0.273743
vn  -0.805619 -0.299649 0.511065
vn  -0.709719 -0.383408 0.591013
vn  -0.805619 -0.299649 0.511065
vn  -0.961656 0.016815 0.273743
vn  -0.981882 0.177667 0.065894
vn  -0.920229 0.355354 0.164020
vn  -0.981882 0.177667 0.065894
vn  -0.961656 0.016815 0.273743
vn  -0.981882 0.177667 0.065894
vn  -0.920229 0.355354 0.164020
vn  -0.935677 0.347398 0.061825
vn  -0.920229 0.355354 0.164020
vn  -0.935677 0.347398 0.061825
vn  -0.920229 0.355354 0.164020
vn  -0.935677 0.347398 0.061825
vn  -0.920229 0.355354 0.164020
vn  -0.880639 0.296344 0.369670
vn  -0.846308 0.140466 0.513841
vn  -0.880639 0.296344 0.369670
vn  -0.920229 0.355354 0.164020
vn  -0.880639 0.296344 0.369670
vn  -0.846308 0.140466 0.513841
vn  -0.902079 -0.005067 0.431542
vn  -0.738736 -0.012000 0.673888
vn  -0.902079 -0.005067 0.431542
vn  -0.846308 0.140466 0.513841
vn  0.741655 -0.026242 0.670268
vn  0.846309 0.140467 0.513838
vn  0.902080 -0.005067 0.431540
vn  0.846309 0.140467 0.513838
vn  0.902080 -0.005067 0.431540
vn  0.846309 0.140467 0.513838
vn  0.902080 -0.005067 0.431540
vn  0.846309 0.140467 0.513838
vn  0.880640 0.296344 0.369668
vn  0.920229 0.355354 0.164019
vn  0.880640 0.296344 0.369668
vn  0.846309 0.140467 0.513838
vn  0.880640 0.296344 0.369668
vn  0.920229 0.355354 0.164019
vn  0.935678 0.347398 0.061824
vn  0.920229 0.355354 0.164019
vn  0.935678 0.347398 0.061824
vn  0.920229 0.355354 0.164019
vn  0.935678 0.347398 0.061824
vn  0.920229 0.355354 0.164019
vn  0.981172 0.181243 0.066721
vn  0.960290 0.021587 0.278169
vn  0.981172 0.181243 0.066721
vn  0.920229 0.355354 0.164019
vn  0.981172 0.181243 0.066721
vn  0.960290 0.021587 0.278169
vn  0.800359 -0.293213 0.522925
vn  0.703933 -0.382126 0.598713
vn  0.800359 -0.293213 0.522925
vn  0.960290 0.021587 0.278169
vn  0.800359 -0.293213 0.522925
vn  0.703933 -0.382126 0.598713
vn  0.800359 -0.293213 0.522925
vn  0.518166 -0.587461 0.621606
vn  0.800359 -0.293213 0.522925
vn  0.703933 -0.382126 0.598713
vn  0.800359 -0.293213 0.522925
vn  0.518166 -0.587461 0.621606
vn  0.540918 -0.542849 0.642435
vn  0.518166 -0.587461 0.621606
vn  0.540918 -0.542849 0.642435
vn  0.518166 -0.587461 0.621606
vn  0.540918 -0.542849 0.642435
vn  0.518166 -0.587461 0.621606
vn  0.382878 -0.775339 0.502250
vn  0.358559 -0.835182 0.417021
vn  0.382878 -0.775339 0.502250
vn  0.518166 -0.587461 0.621606
vn  0.382878 -0.775339 0.502250
vn  0.358559 -0.835182 0.417021
vn  0.384510 -0.915973 0.114654
vn  0.444013 -0.894927 -0.044251
vn  0.384510 -0.915973 0.114654
vn  0.358559 -0.835182 0.417021
vn  0.384510 -0.915973 0.114654
vn  0.444013 -0.894927 -0.044251
vn  0.438098 -0.855632 -0.275616
vn  0.450015 -0.835936 -0.314162
vn  0.438098 -0.855632 -0.275616
vn  0.444013 -0.894927 -0.044251
vn  0.438098 -0.855632 -0.275616
vn  0.450015 -0.835936 -0.314162
vn  0.287703 -0.587975 -0.755984
vn  0.312247 -0.553317 -0.772232
vn  0.287703 -0.587975 -0.755984
vn  0.450015 -0.835936 -0.314162
vn  0.287703 -0.587975 -0.755984
vn  0.312247 -0.553317 -0.772232
vn  0.287703 -0.587975 -0.755984
vn  0.016823 -0.146789 -0.989025
vn  0.287703 -0.587975 -0.755984
vn  0.312247 -0.553317 -0.772232
vn  0.287703 -0.587975 -0.755984
vn  0.016823 -0.146789 -0.989025
vn  -0.020062 -0.011037 -0.999738
vn  0.000000 0.153104 -0.988210
vn  -0.020062 -0.011037 -0.999738
vn  0.016823 -0.146789 -0.989025
vn  -0.020062 -0.011037 -0.999738
vn  0.000000 0.153104 -0.988210
vn  0.012827 0.215172 -0.976492
vn  0.452480 -0.284826 0.845066
vn  0.452480 -0.284826 0.845066
vn  0.452480 -0.284826 0.845066
vn  0.452480 -0.284826 0.845066
vn  0.452480 -0.284826 0.845066
vn  0.526143 -0.158656 0.835465
vn  0.526143 -0.158656 0.835465
vn  0.526143 -0.158656 0.835465
vn  0.452480 -0.284826 0.845066
vn  0.526143 -0.158656 0.835465
vn  0.526143 -0.158656 0.835465
vn  0.572697 0.007326 0.819734
vn  0.572697 0.007326 0.819734
vn  0.572697 0.007326 0.819734
vn  0.526143 -0.158656 0.835465
vn  0.572697 0.007326 0.819734
vn  0.572697 0.007326 0.819734
vn  0.594978 0.067261 0.800923
vn  -0.849209 -0.001677 0.528054
vn  -0.942784 -0.086292 0.322044
vn  -0.819967 -0.031411 0.571548
vn  -0.942784 -0.086292 0.322044
vn  -0.849209 -0.001677 0.528054
vn  -0.997275 -0.070381 -0.022116
vn  -0.997275 -0.070381 -0.022116
vn  -0.954383 -0.113022 -0.276367
vn  -0.942784 -0.086292 0.322044
vn  -0.954383 -0.113022 -0.276367
vn  -0.997275 -0.070381 -0.022116
vn  -0.917914 0.017312 -0.396401
vn  -0.469241 -0.259292 0.844145
vn  -0.482410 -0.155506 0.862032
vn  -0.450739 -0.249533 0.857069
vn  -0.482410 -0.155506 0.862032
vn  -0.469241 -0.259292 0.844145
vn  -0.523669 -0.053289 0.850253
vn  -0.857280 -0.309688 0.411295
vn  -0.851279 -0.362143 0.379705
vn  -0.846935 -0.302307 0.437391
vn  -0.851279 -0.362143 0.379705
vn  -0.857280 -0.309688 0.411295
vn  -0.868234 -0.375027 0.324846
vn  -0.902079 -0.005067 0.431542
vn  -0.869749 -0.144489 0.471869
vn  -0.880639 0.296344 0.369670
vn  -0.869749 -0.144489 0.471869
vn  -0.902079 -0.005067 0.431542
vn  -0.857280 -0.309688 0.411295
vn  -0.857280 -0.309688 0.411295
vn  -0.846935 -0.302307 0.437391
vn  -0.869749 -0.144489 0.471869
vn  -0.171638 0.939520 -0.296382
vn  -0.171638 0.939520 -0.296382
vn  0.352238 0.914111 -0.200823
vn  0.184187 0.856729 -0.481758
vn  0.352238 0.914111 -0.200823
vn  -0.171638 0.939520 -0.296382
vn  0.352238 0.914111 -0.200823
vn  0.184187 0.856729 -0.481758
vn  0.352238 0.914111 -0.200823
vn  0.158859 0.596356 0.786844
vn  0.352238 0.914111 -0.200823
vn  0.184187 0.856729 -0.481758
vn  0.352238 0.914111 -0.200823
vn  0.158859 0.596356 0.786844
vn  0.352238 0.914111 -0.200823
vn  -0.135666 0.811077 -0.568989
vn  0.352238 0.914111 -0.200823
vn  0.158859 0.596356 0.786844
vn  0.352238 0.914111 -0.200823
vn  -0.135666 0.811077 -0.568989
vn  -0.171638 0.939520 -0.296382
vn  -0.412529 0.394446 -0.821116
vn  -0.171638 0.939520 -0.296382
vn  -0.135666 0.811077 -0.568989
vn  -0.171638 0.939520 -0.296382
vn  -0.412529 0.394446 -0.821116
vn  -0.171638 0.939520 -0.296382
vn  -0.994745 -0.094129 -0.040284
vn  -0.171638 0.939520 -0.296382
vn  -0.412529 0.394446 -0.821116
vn  -0.171638 0.939520 -0.296382
vn  -0.994745 -0.094129 -0.040284
vn  -0.171638 0.939520 -0.296382
vn  -0.440294 0.868603 -0.227309
vn  -0.171638 0.939520 -0.296382
vn  -0.994745 -0.094129 -0.040284
vn  -0.171638 0.939520 -0.296382
vn  -0.440294 0.868603 -0.227309
vn  0.184187 0.856729 -0.481758
vn  0.642359 -0.404533 0.650944
vn  0.720345 0.278271 0.635349
vn  0.642359 -0.404533 0.650944
vn  0.720345 0.278271 0.635349
vn  0.642359 -0.404533 0.650944
vn  0.904639 -0.381335 0.190295
vn  0.904639 -0.381335 0.190295
vn  0.708130 0.706068 0.004516
vn  0.720345 0.278271 0.635349
vn  0.708130 0.706068 0.004516
vn  0.904639 -0.381335 0.190295
vn  0.991185 -0.123961 0.046744
vn  0.991185 -0.123961 0.046744
vn  0.539294 0.841790 0.023478
vn  0.708130 0.706068 0.004516
vn  0.539294 0.841790 0.023478
vn  0.991185 -0.123961 0.046744
vn  0.991185 -0.123961 0.046744
vn  0.991185 -0.123961 0.046744
vn  0.740407 0.666390 0.087872
vn  0.539294 0.841790 0.023478
vn  0.740407 0.666390 0.087872
vn  0.991185 -0.123961 0.046744
vn  0.991185 -0.123961 0.046744
vn  0.991185 -0.123961 0.046744
vn  0.869675 0.454965 -0.191500
vn  0.740407 0.666390 0.087872
vn  0.869675 0.454965 -0.191500
vn  0.991185 -0.123961 0.046744
vn  0.974686 -0.106193 -0.196751
vn  0.974686 -0.106193 -0.196751
vn  0.869675 0.454965 -0.191500
vn  0.869675 0.454965 -0.191500
vn  0.869675 0.454965 -0.191500
vn  0.974686 -0.106193 -0.196751
vn  0.605075 -0.083095 -0.791820
vn  0.605075 -0.083095 -0.791820
vn  0.338660 0.657467 -0.673088
vn  0.869675 0.454965 -0.191500
vn  0.338660 0.657467 -0.673088
vn  0.605075 -0.083095 -0.791820
vn  -0.061565 -0.047067 -0.996993
vn  -0.061565 -0.047067 -0.996993
vn  -0.009858 0.759943 -0.649915
vn  0.338660 0.657467 -0.673088
vn  -0.009858 0.759943 -0.649915
vn  -0.061565 -0.047067 -0.996993
vn  -0.061565 -0.047067 -0.996993
vn  -0.061565 -0.047067 -0.996993
vn  -0.380156 0.636396 -0.671179
vn  -0.009858 0.759943 -0.649915
vn  -0.380156 0.636396 -0.671179
vn  -0.061565 -0.047067 -0.996993
vn  -0.694576 -0.095794 -0.713013
vn  -0.694576 -0.095794 -0.713013
vn  -0.953805 0.261610 -0.147706
vn  -0.380156 0.636396 -0.671179
vn  -0.603849 -0.379711 0.700847
vn  -0.603849 -0.379711 0.700847
vn  -0.864220 -0.444962 0.234802
vn  -0.683373 0.275239 0.676199
vn  -0.864220 -0.444962 0.234802
vn  -0.603849 -0.379711 0.700847
vn  -0.864220 -0.444962 0.234802
vn  -0.683373 0.275239 0.676199
vn  -0.864220 -0.444962 0.234802
vn  -0.576693 0.816448 -0.028965
vn  -0.864220 -0.444962 0.234802
vn  -0.683373 0.275239 0.676199
vn  -0.864220 -0.444962 0.234802
vn  -0.576693 0.816448 -0.028965
vn  -0.990864 -0.134057 -0.014747
vn  -0.258647 0.965043 -0.042358
vn  -0.990864 -0.134057 -0.014747
vn  -0.576693 0.816448 -0.028965
vn  -0.990864 -0.134057 -0.014747
vn  -0.258647 0.965043 -0.042358
vn  -0.990864 -0.134057 -0.014747
vn  -0.953805 0.261610 -0.147706
vn  -0.990864 -0.134057 -0.014747
vn  -0.258647 0.965043 -0.042358
vn  -0.990864 -0.134057 -0.014747
vn  -0.953805 0.261610 -0.147706
vn  -0.969265 -0.108694 -0.220704
vn  -0.694576 -0.095794 -0.713013
vn  -0.969265 -0.108694 -0.220704
vn  -0.953805 0.261610 -0.147706
vn  -0.969265 -0.108694 -0.220704
vn  -0.694576 -0.095794 -0.713013
vn  -0.624675 -0.159536 -0.764415
vn  -0.061565 -0.047067 -0.996993
vn  -0.624675 -0.159536 -0.764415
vn  -0.694576 -0.095794 -0.713013
vn  -0.624675 -0.159536 -0.764415
vn  -0.061565 -0.047067 -0.996993
vn  0.020054 -0.168374 -0.985519
vn  0.605075 -0.083095 -0.791820
vn  0.020054 -0.168374 -0.985519
vn  -0.061565 -0.047067 -0.996993
vn  0.020054 -0.168374 -0.985519
vn  0.605075 -0.083095 -0.791820
vn  0.709440 -0.104183 -0.697023
vn  0.974686 -0.106193 -0.196751
vn  0.709440 -0.104183 -0.697023
vn  0.605075 -0.083095 -0.791820
vn  0.709440 -0.104183 -0.697023
vn  0.974686 -0.106193 -0.196751
vn  0.990815 -0.125509 -0.050337
vn  0.991185 -0.123961 0.046744
vn  0.990815 -0.125509 -0.050337
vn  0.974686 -0.106193 -0.196751
vn  0.990815 -0.125509 -0.050337
vn  0.991185 -0.123961 0.046744
vn  0.856072 -0.433631 0.281256
vn  0.904639 -0.381335 0.190295
vn  0.856072 -0.433631 0.281256
vn  0.991185 -0.123961 0.046744
vn  0.856072 -0.433631 0.281256
vn  0.904639 -0.381335 0.190295
vn  0.021019 -0.945897 0.323787
vn  0.642359 -0.404533 0.650944
vn  0.021019 -0.945897 0.323787
vn  0.904639 -0.381335 0.190295
vn  0.021019 -0.945897 0.323787
vn  0.642359 -0.404533 0.650944
vn  -0.042509 -0.236424 0.970720
vn  0.720345 0.278271 0.635349
vn  -0.042509 -0.236424 0.970720
vn  0.642359 -0.404533 0.650944
vn  -0.042509 -0.236424 0.970720
vn  0.720345 0.278271 0.635349
vn  -0.042509 -0.236424 0.970720
vn  -0.026183 0.871352 0.489959
vn  -0.042509 -0.236424 0.970720
vn  0.720345 0.278271 0.635349
vn  -0.042509 -0.236424 0.970720
vn  -0.026183 0.871352 0.489959
vn  -0.042509 -0.236424 0.970720
vn  -0.683373 0.275239 0.676199
vn  -0.042509 -0.236424 0.970720
vn  -0.026183 0.871352 0.489959
vn  -0.042509 -0.236424 0.970720
vn  -0.683373 0.275239 0.676199
vn  -0.042509 -0.236424 0.970720
vn  -0.603849 -0.379711 0.700847
vn  -0.042509 -0.236424 0.970720
vn  -0.683373 0.275239 0.676199
vn  -0.042509 -0.236424 0.970720
vn  -0.603849 -0.379711 0.700847
vn  0.021019 -0.945897 0.323787
vn  -0.864220 -0.444962 0.234802
vn  0.021019 -0.945897 0.323787
vn  -0.603849 -0.379711 0.700847
vn  0.021019 -0.945897 0.323787
vn  -0.864220 -0.444962 0.234802
vn  -0.811546 -0.498408 0.304931
vn  -0.990864 -0.134057 -0.014747
vn  -0.811546 -0.498408 0.304931
vn  -0.864220 -0.444962 0.234802
vn  -0.811546 -0.498408 0.304931
vn  -0.990864 -0.134057 -0.014747
vn  -0.985529 -0.162058 -0.049697
vn  -0.969265 -0.108694 -0.220704
vn  -0.985529 -0.162058 -0.049697
vn  -0.990864 -0.134057 -0.014747
vn  -0.985529 -0.162058 -0.049697
vn  -0.969265 -0.108694 -0.220704
vn  -0.624675 -0.159536 -0.764415
vn  -0.019825 -0.501134 0.865143
vn  0.021019 -0.945897 0.323787
vn  -0.811546 -0.498408 0.304931
vn  0.021019 -0.945897 0.323787
vn  -0.019825 -0.501134 0.865143
vn  0.856072 -0.433631 0.281256
vn  -0.953805 0.261610 -0.147706
vn  -0.380156 0.636396 -0.671179
vn  -0.953805 0.261610 -0.147706
vn  -0.380156 0.636396 -0.671179
vn  -0.953805 0.261610 -0.147706
vn  -0.258647 0.965043 -0.042358
vn  -0.258647 0.965043 -0.042358
vn  -0.009858 0.759943 -0.649915
vn  -0.380156 0.636396 -0.671179
vn  -0.009858 0.759943 -0.649915
vn  -0.258647 0.965043 -0.042358
vn  -0.258647 0.965043 -0.042358
vn  -0.258647 0.965043 -0.042358
vn  0.338660 0.657467 -0.673088
vn  -0.009858 0.759943 -0.649915
vn  0.338660 0.657467 -0.673088
vn  -0.258647 0.965043 -0.042358
vn  -0.258647 0.965043 -0.042358
vn  -0.258647 0.965043 -0.042358
vn  0.869675 0.454965 -0.191500
vn  0.338660 0.657467 -0.673088
vn  0.869675 0.454965 -0.191500
vn  -0.258647 0.965043 -0.042358
vn  -0.258647 0.965043 -0.042358
vn  -0.258647 0.965043 -0.042358
vn  0.740407 0.666390 0.087872
vn  0.869675 0.454965 -0.191500
vn  0.740407 0.666390 0.087872
vn  -0.258647 0.965043 -0.042358
vn  -0.258647 0.965043 -0.042358
vn  -0.258647 0.965043 -0.042358
vn  0.539294 0.841790 0.023478
vn  0.740407 0.666390 0.087872
vn  0.539294 0.841790 0.023478
vn  -0.258647 0.965043 -0.042358
vn  -0.576693 0.816448 -0.028965
vn  -0.576693 0.816448 -0.028965
vn  0.708130 0.706068 0.004516
vn  0.539294 0.841790 0.023478
vn  0.708130 0.706068 0.004516
vn  -0.576693 0.816448 -0.028965
vn  -0.576693 0.816448 -0.028965
vn  -0.576693 0.816448 -0.028965
vn  -0.026183 0.871352 0.489959
vn  0.708130 0.706068 0.004516
vn  -0.026183 0.871352 0.489959
vn  -0.576693 0.816448 -0.028965
vn  -0.683373 0.275239 0.676199
vn  -0.026183 0.871352 0.489959
vn  0.720345 0.278271 0.635349
vn  0.708130 0.706068 0.004516
vn  0.509004 0.514937 -0.689750
vn  0.509004 0.514937 -0.689750
vn  0.520124 0.434959 -0.735038
vn  0.701789 0.565793 -0.432863
vn  0.520124 0.434959 -0.735038
vn  0.509004 0.514937 -0.689750
vn  0.520124 0.434959 -0.735038
vn  0.701789 0.565793 -0.432863
vn  0.772122 0.454021 -0.444626
vn  0.789800 0.572323 -0.220595
vn  0.772122 0.454021 -0.444626
vn  0.701789 0.565793 -0.432863
vn  0.772122 0.454021 -0.444626
vn  0.789800 0.572323 -0.220595
vn  0.772122 0.454021 -0.444626
vn  0.858565 0.452951 -0.240212
vn  0.772122 0.454021 -0.444626
vn  0.789800 0.572323 -0.220595
vn  0.772122 0.454021 -0.444626
vn  0.858565 0.452951 -0.240212
vn  0.772122 0.454021 -0.444626
vn  0.836719 0.313111 -0.449291
vn  0.772122 0.454021 -0.444626
vn  0.858565 0.452951 -0.240212
vn  0.772122 0.454021 -0.444626
vn  0.836719 0.313111 -0.449291
vn  0.537374 0.303909 -0.786682
vn  0.836719 0.313111 -0.449291
vn  0.537374 0.303909 -0.786682
vn  0.836719 0.313111 -0.449291
vn  0.537374 0.303909 -0.786682
vn  0.836719 0.313111 -0.449291
vn  0.551504 0.221193 -0.804312
vn  0.864014 0.248090 -0.438099
vn  0.551504 0.221193 -0.804312
vn  0.836719 0.313111 -0.449291
vn  0.551504 0.221193 -0.804312
vn  0.864014 0.248090 -0.438099
vn  0.561880 0.155105 -0.812548
vn  0.902428 0.156819 -0.401288
vn  0.561880 0.155105 -0.812548
vn  0.864014 0.248090 -0.438099
vn  0.561880 0.155105 -0.812548
vn  0.902428 0.156819 -0.401288
vn  0.582046 0.044872 -0.811917
vn  0.931965 0.029318 -0.361361
vn  0.582046 0.044872 -0.811917
vn  0.902428 0.156819 -0.401288
vn  0.582046 0.044872 -0.811917
vn  0.931965 0.029318 -0.361361
vn  0.592029 -0.157639 -0.790349
vn  0.928451 -0.149370 -0.340100
vn  0.592029 -0.157639 -0.790349
vn  0.931965 0.029318 -0.361361
vn  0.592029 -0.157639 -0.790349
vn  0.928451 -0.149370 -0.340100
vn  0.558931 -0.422739 -0.713364
vn  0.869560 -0.372074 -0.324694
vn  0.558931 -0.422739 -0.713364
vn  0.928451 -0.149370 -0.340100
vn  0.558931 -0.422739 -0.713364
vn  0.869560 -0.372074 -0.324694
vn  0.445297 -0.720395 -0.531735
vn  0.692834 -0.669289 -0.268392
vn  0.445297 -0.720395 -0.531735
vn  0.869560 -0.372074 -0.324694
vn  0.445297 -0.720395 -0.531735
vn  0.692834 -0.669289 -0.268392
vn  0.238701 -0.934364 -0.264548
vn  0.374255 -0.915670 -0.146568
vn  0.238701 -0.934364 -0.264548
vn  0.692834 -0.669289 -0.268392
vn  0.238701 -0.934364 -0.264548
vn  0.374255 -0.915670 -0.146568
vn  0.000000 -0.994910 -0.100770
vn  0.374255 -0.915670 -0.146568
vn  0.000000 -0.994910 -0.100770
vn  0.374255 -0.915670 -0.146568
vn  0.000000 -0.994910 -0.100770
vn  0.374255 -0.915670 -0.146568
vn  0.405539 -0.909914 -0.087144
vn  0.374255 -0.915670 -0.146568
vn  0.405539 -0.909914 -0.087144
vn  0.374255 -0.915670 -0.146568
vn  0.405539 -0.909914 -0.087144
vn  0.374255 -0.915670 -0.146568
vn  0.748831 -0.648386 -0.137288
vn  0.692834 -0.669289 -0.268392
vn  0.748831 -0.648386 -0.137288
vn  0.374255 -0.915670 -0.146568
vn  0.748831 -0.648386 -0.137288
vn  0.692834 -0.669289 -0.268392
vn  0.931558 -0.340475 -0.127579
vn  0.869560 -0.372074 -0.324694
vn  0.931558 -0.340475 -0.127579
vn  0.692834 -0.669289 -0.268392
vn  0.931558 -0.340475 -0.127579
vn  0.869560 -0.372074 -0.324694
vn  0.988288 -0.127903 -0.083235
vn  0.928451 -0.149370 -0.340100
vn  0.988288 -0.127903 -0.083235
vn  0.869560 -0.372074 -0.324694
vn  0.988288 -0.127903 -0.083235
vn  0.928451 -0.149370 -0.340100
vn  0.997413 0.029342 -0.065618
vn  0.931965 0.029318 -0.361361
vn  0.997413 0.029342 -0.065618
vn  0.928451 -0.149370 -0.340100
vn  0.997413 0.029342 -0.065618
vn  0.931965 0.029318 -0.361361
vn  0.979712 0.150846 -0.131950
vn  0.902428 0.156819 -0.401288
vn  0.979712 0.150846 -0.131950
vn  0.931965 0.029318 -0.361361
vn  0.979712 0.150846 -0.131950
vn  0.902428 0.156819 -0.401288
vn  0.936669 0.260270 -0.234332
vn  0.864014 0.248090 -0.438099
vn  0.936669 0.260270 -0.234332
vn  0.902428 0.156819 -0.401288
vn  0.936669 0.260270 -0.234332
vn  0.864014 0.248090 -0.438099
vn  0.909153 0.320616 -0.265794
vn  0.836719 0.313111 -0.449291
vn  0.909153 0.320616 -0.265794
vn  0.864014 0.248090 -0.438099
vn  0.909153 0.320616 -0.265794
vn  0.836719 0.313111 -0.449291
vn  0.858565 0.452951 -0.240212
vn  0.772122 0.454021 -0.444626
vn  0.537374 0.303909 -0.786682
vn  0.520124 0.434959 -0.735038
vn  -0.858509 0.452900 -0.240508
vn  -0.771463 0.453179 -0.446625
vn  -0.905055 0.324462 -0.274954
vn  -0.832346 0.314712 -0.456241
vn  -0.905055 0.324462 -0.274954
vn  -0.771463 0.453179 -0.446625
vn  -0.905055 0.324462 -0.274954
vn  -0.832346 0.314712 -0.456241
vn  -0.916745 0.277593 -0.287265
vn  -0.848058 0.257453 -0.463159
vn  -0.916745 0.277593 -0.287265
vn  -0.832346 0.314712 -0.456241
vn  -0.916745 0.277593 -0.287265
vn  -0.848058 0.257453 -0.463159
vn  -0.961198 0.149917 -0.231566
vn  -0.881006 0.154246 -0.447254
vn  -0.961198 0.149917 -0.231566
vn  -0.848058 0.257453 -0.463159
vn  -0.961198 0.149917 -0.231566
vn  -0.881006 0.154246 -0.447254
vn  -0.986754 0.005967 -0.162115
vn  -0.913610 0.015632 -0.406292
vn  -0.986754 0.005967 -0.162115
vn  -0.881006 0.154246 -0.447254
vn  -0.986754 0.005967 -0.162115
vn  -0.913610 0.015632 -0.406292
vn  -0.976814 -0.151756 -0.151009
vn  -0.914299 -0.160306 -0.371966
vn  -0.976814 -0.151756 -0.151009
vn  -0.913610 0.015632 -0.406292
vn  -0.976814 -0.151756 -0.151009
vn  -0.914299 -0.160306 -0.371966
vn  -0.918891 -0.357245 -0.167377
vn  -0.859361 -0.378956 -0.343353
vn  -0.918891 -0.357245 -0.167377
vn  -0.914299 -0.160306 -0.371966
vn  -0.918891 -0.357245 -0.167377
vn  -0.859361 -0.378956 -0.343353
vn  -0.740274 -0.653549 -0.157698
vn  -0.687415 -0.670836 -0.278278
vn  -0.740274 -0.653549 -0.157698
vn  -0.859361 -0.378956 -0.343353
vn  -0.740274 -0.653549 -0.157698
vn  -0.687415 -0.670836 -0.278278
vn  -0.399896 -0.911824 -0.093059
vn  -0.371346 -0.916386 -0.149463
vn  -0.399896 -0.911824 -0.093059
vn  -0.687415 -0.670836 -0.278278
vn  -0.399896 -0.911824 -0.093059
vn  -0.371346 -0.916386 -0.149463
vn  0.000000 -0.994910 -0.100770
vn  -0.371346 -0.916386 -0.149463
vn  0.000000 -0.994910 -0.100770
vn  -0.371346 -0.916386 -0.149463
vn  0.000000 -0.994910 -0.100770
vn  -0.371346 -0.916386 -0.149463
vn  -0.238701 -0.934364 -0.264549
vn  -0.371346 -0.916386 -0.149463
vn  -0.238701 -0.934364 -0.264549
vn  -0.371346 -0.916386 -0.149463
vn  -0.238701 -0.934364 -0.264549
vn  -0.371346 -0.916386 -0.149463
vn  -0.445297 -0.720394 -0.531735
vn  -0.687415 -0.670836 -0.278278
vn  -0.445297 -0.720394 -0.531735
vn  -0.371346 -0.916386 -0.149463
vn  -0.445297 -0.720394 -0.531735
vn  -0.687415 -0.670836 -0.278278
vn  -0.558931 -0.422739 -0.713364
vn  -0.859361 -0.378956 -0.343353
vn  -0.558931 -0.422739 -0.713364
vn  -0.687415 -0.670836 -0.278278
vn  -0.558931 -0.422739 -0.713364
vn  -0.859361 -0.378956 -0.343353
vn  -0.592029 -0.157639 -0.790349
vn  -0.914299 -0.160306 -0.371966
vn  -0.592029 -0.157639 -0.790349
vn  -0.859361 -0.378956 -0.343353
vn  -0.592029 -0.157639 -0.790349
vn  -0.914299 -0.160306 -0.371966
vn  -0.582100 0.043140 -0.811972
vn  -0.913610 0.015632 -0.406292
vn  -0.582100 0.043140 -0.811972
vn  -0.914299 -0.160306 -0.371966
vn  -0.582100 0.043140 -0.811972
vn  -0.913610 0.015632 -0.406292
vn  -0.561868 0.155037 -0.812568
vn  -0.881006 0.154246 -0.447254
vn  -0.561868 0.155037 -0.812568
vn  -0.913610 0.015632 -0.406292
vn  -0.561868 0.155037 -0.812568
vn  -0.881006 0.154246 -0.447254
vn  -0.551711 0.224806 -0.803167
vn  -0.848058 0.257453 -0.463159
vn  -0.551711 0.224806 -0.803167
vn  -0.881006 0.154246 -0.447254
vn  -0.551711 0.224806 -0.803167
vn  -0.848058 0.257453 -0.463159
vn  -0.538919 0.302907 -0.786011
vn  -0.832346 0.314712 -0.456241
vn  -0.538919 0.302907 -0.786011
vn  -0.848058 0.257453 -0.463159
vn  -0.538919 0.302907 -0.786011
vn  -0.832346 0.314712 -0.456241
vn  -0.521520 0.432160 -0.735700
vn  -0.771463 0.453179 -0.446625
vn  -0.521520 0.432160 -0.735700
vn  -0.832346 0.314712 -0.456241
vn  -0.521520 0.432160 -0.735700
vn  -0.771463 0.453179 -0.446625
vn  -0.509004 0.514938 -0.689749
vn  -0.771463 0.453179 -0.446625
vn  -0.509004 0.514938 -0.689749
vn  -0.771463 0.453179 -0.446625
vn  -0.509004 0.514938 -0.689749
vn  -0.771463 0.453179 -0.446625
vn  -0.701669 0.565800 -0.433048
vn  -0.858509 0.452900 -0.240508
vn  -0.701669 0.565800 -0.433048
vn  -0.771463 0.453179 -0.446625
vn  -0.701669 0.565800 -0.433048
vn  -0.858509 0.452900 -0.240508
vn  -0.789636 0.572394 -0.220998
vn  -0.004776 0.309247 -0.950970
vn  -0.551711 0.224806 -0.803167
vn  -0.538919 0.302907 -0.786011
vn  -0.551711 0.224806 -0.803167
vn  -0.004776 0.309247 -0.950970
vn  -0.001912 0.214407 -0.976743
vn  -0.001912 0.214407 -0.976743
vn  -0.561868 0.155037 -0.812568
vn  -0.551711 0.224806 -0.803167
vn  -0.561868 0.155037 -0.812568
vn  -0.001912 0.214407 -0.976743
vn  0.000003 0.158153 -0.987415
vn  0.000003 0.158153 -0.987415
vn  -0.582100 0.043140 -0.811972
vn  -0.561868 0.155037 -0.812568
vn  -0.582100 0.043140 -0.811972
vn  0.000003 0.158153 -0.987415
vn  -0.000025 0.063005 -0.998013
vn  -0.000025 0.063005 -0.998013
vn  -0.592029 -0.157639 -0.790349
vn  -0.582100 0.043140 -0.811972
vn  -0.592029 -0.157639 -0.790349
vn  -0.000025 0.063005 -0.998013
vn  0.000000 -0.148491 -0.988914
vn  0.000000 -0.148491 -0.988914
vn  -0.558931 -0.422739 -0.713364
vn  -0.592029 -0.157639 -0.790349
vn  -0.558931 -0.422739 -0.713364
vn  0.000000 -0.148491 -0.988914
vn  0.000000 -0.440726 -0.897642
vn  0.000000 -0.440726 -0.897642
vn  -0.445297 -0.720394 -0.531735
vn  -0.558931 -0.422739 -0.713364
vn  -0.445297 -0.720394 -0.531735
vn  0.000000 -0.440726 -0.897642
vn  0.000000 -0.749418 -0.662098
vn  0.000000 -0.749418 -0.662098
vn  -0.238701 -0.934364 -0.264549
vn  -0.445297 -0.720394 -0.531735
vn  -0.238701 -0.934364 -0.264549
vn  0.000000 -0.749418 -0.662098
vn  0.000000 -0.946478 -0.322767
vn  0.000000 -0.946478 -0.322767
vn  0.000000 -0.994910 -0.100770
vn  -0.238701 -0.934364 -0.264549
vn  0.000000 -0.994910 -0.100770
vn  0.000000 -0.946478 -0.322767
vn  0.000000 -0.946478 -0.322767
vn  0.000000 -0.946478 -0.322767
vn  0.238701 -0.934364 -0.264548
vn  0.000000 -0.994910 -0.100770
vn  0.238701 -0.934364 -0.264548
vn  0.000000 -0.946478 -0.322767
vn  0.000000 -0.946478 -0.322767
vn  0.000000 -0.946478 -0.322767
vn  0.445297 -0.720395 -0.531735
vn  0.238701 -0.934364 -0.264548
vn  0.445297 -0.720395 -0.531735
vn  0.000000 -0.946478 -0.322767
vn  0.000000 -0.749418 -0.662098
vn  0.000000 -0.749418 -0.662098
vn  0.558931 -0.422739 -0.713364
vn  0.445297 -0.720395 -0.531735
vn  0.558931 -0.422739 -0.713364
vn  0.000000 -0.749418 -0.662098
vn  0.000000 -0.440726 -0.897642
vn  0.000000 -0.440726 -0.897642
vn  0.592029 -0.157639 -0.790349
vn  0.558931 -0.422739 -0.713364
vn  0.592029 -0.157639 -0.790349
vn  0.000000 -0.440726 -0.897642
vn  0.000000 -0.148491 -0.988914
vn  0.000000 -0.148491 -0.988914
vn  0.582046 0.044872 -0.811917
vn  0.592029 -0.157639 -0.790349
vn  0.582046 0.044872 -0.811917
vn  0.000000 -0.148491 -0.988914
vn  -0.000025 0.063005 -0.998013
vn  -0.000025 0.063005 -0.998013
vn  0.561880 0.155105 -0.812548
vn  0.582046 0.044872 -0.811917
vn  0.561880 0.155105 -0.812548
vn  -0.000025 0.063005 -0.998013
vn  0.000003 0.158153 -0.987415
vn  0.000003 0.158153 -0.987415
vn  0.551504 0.221193 -0.804312
vn  0.561880 0.155105 -0.812548
vn  0.551504 0.221193 -0.804312
vn  0.000003 0.158153 -0.987415
vn  -0.001912 0.214407 -0.976743
vn  -0.001912 0.214407 -0.976743
vn  0.537374 0.303909 -0.786682
vn  0.551504 0.221193 -0.804312
vn  0.537374 0.303909 -0.786682
vn  -0.001912 0.214407 -0.976743
vn  -0.004776 0.309247 -0.950970
vn  -0.004776 0.309247 -0.950970
vn  0.520124 0.434959 -0.735038
vn  0.537374 0.303909 -0.786682
vn  0.520124 0.434959 -0.735038
vn  -0.004776 0.309247 -0.950970
vn  -0.002929 0.457829 -0.889035
vn  -0.002929 0.457829 -0.889035
vn  0.509004 0.514937 -0.689750
vn  0.520124 0.434959 -0.735038
vn  0.509004 0.514937 -0.689750
vn  -0.002929 0.457829 -0.889035
vn  -0.002929 0.457829 -0.889035
vn  -0.002929 0.457829 -0.889035
vn  0.000000 0.550977 -0.834520
vn  0.509004 0.514937 -0.689750
vn  0.000000 0.550977 -0.834520
vn  -0.002929 0.457829 -0.889035
vn  -0.521520 0.432160 -0.735700
vn  -0.521520 0.432160 -0.735700
vn  -0.509004 0.514938 -0.689749
vn  0.000000 0.550977 -0.834520
vn  -0.521520 0.432160 -0.735700
vn  -0.002929 0.457829 -0.889035
vn  -0.538919 0.302907 -0.786011
vn  -0.004776 0.309247 -0.950970
vn  -0.538919 0.302907 -0.786011
vn  -0.002929 0.457829 -0.889035
vn  0.105900 -0.102492 0.989081
vn  0.070710 -0.030508 0.997030
vn  0.012380 -0.006488 0.999902
vn  -0.033025 0.005232 0.999441
vn  0.012380 -0.006488 0.999902
vn  0.070710 -0.030508 0.997030
vn  0.012380 -0.006488 0.999902
vn  -0.033025 0.005232 0.999441
vn  -0.327747 -0.143196 0.933851
vn  -0.565266 -0.295535 0.770151
vn  -0.327747 -0.143196 0.933851
vn  -0.033025 0.005232 0.999441
vn  -0.327747 -0.143196 0.933851
vn  -0.565266 -0.295535 0.770151
vn  -0.827234 -0.373483 0.419755
vn  -0.894164 -0.358712 0.267950
vn  -0.827234 -0.373483 0.419755
vn  -0.565266 -0.295535 0.770151
vn  -0.827234 -0.373483 0.419755
vn  -0.894164 -0.358712 0.267950
vn  -0.936358 -0.346035 -0.059112
vn  -0.896343 -0.398332 -0.194684
vn  -0.936358 -0.346035 -0.059112
vn  -0.894164 -0.358712 0.267950
vn  -0.936358 -0.346035 -0.059112
vn  -0.896343 -0.398332 -0.194684
vn  -0.539407 -0.515853 -0.665534
vn  -0.516159 -0.594072 -0.616974
vn  -0.539407 -0.515853 -0.665534
vn  -0.896343 -0.398332 -0.194684
vn  -0.539407 -0.515853 -0.665534
vn  -0.516159 -0.594072 -0.616974
vn  -0.539407 -0.515853 -0.665534
vn  0.000000 -0.503117 -0.864218
vn  -0.539407 -0.515853 -0.665534
vn  -0.516159 -0.594072 -0.616974
vn  -0.539407 -0.515853 -0.665534
vn  0.000000 -0.503117 -0.864218
vn  0.000000 -0.465008 -0.885306
vn  0.000000 -0.503117 -0.864218
vn  0.000000 -0.465008 -0.885306
vn  0.000000 -0.503117 -0.864218
vn  0.000000 -0.465008 -0.885306
vn  0.000000 -0.503117 -0.864218
vn  0.539408 -0.515854 -0.665533
vn  0.516159 -0.594073 -0.616974
vn  0.539408 -0.515854 -0.665533
vn  0.000000 -0.503117 -0.864218
vn  0.539408 -0.515854 -0.665533
vn  0.516159 -0.594073 -0.616974
vn  0.539408 -0.515854 -0.665533
vn  0.896343 -0.398332 -0.194683
vn  0.539408 -0.515854 -0.665533
vn  0.516159 -0.594073 -0.616974
vn  0.539408 -0.515854 -0.665533
vn  0.896343 -0.398332 -0.194683
vn  0.936358 -0.346035 -0.059112
vn  0.893936 -0.358753 0.268654
vn  0.936358 -0.346035 -0.059112
vn  0.896343 -0.398332 -0.194683
vn  0.936358 -0.346035 -0.059112
vn  0.893936 -0.358753 0.268654
vn  0.827247 -0.372302 0.420778
vn  0.497763 -0.304707 0.812026
vn  0.827247 -0.372302 0.420778
vn  0.893936 -0.358753 0.268654
vn  0.827247 -0.372302 0.420778
vn  0.497763 -0.304707 0.812026
vn  0.499800 -0.296438 0.813833
vn  0.497763 -0.304707 0.812026
vn  0.499800 -0.296438 0.813833
vn  0.497763 -0.304707 0.812026
vn  0.499800 -0.296438 0.813833
vn  0.497763 -0.304707 0.812026
vn  0.111400 -0.171995 0.978779
vn  0.054166 -0.127387 0.990373
vn  0.111400 -0.171995 0.978779
vn  0.497763 -0.304707 0.812026
vn  0.111400 -0.171995 0.978779
vn  0.054166 -0.127387 0.990373
vn  -0.030494 -0.056940 0.997912
vn  -0.051994 -0.017195 0.998499
vn  -0.030494 -0.056940 0.997912
vn  0.054166 -0.127387 0.990373
vn  -0.030494 -0.056940 0.997912
vn  -0.051994 -0.017195 0.998499
vn  -0.078187 0.003224 0.996934
vn  -0.081053 0.009158 0.996668
vn  -0.078187 0.003224 0.996934
vn  -0.051994 -0.017195 0.998499
vn  -0.536809 -0.183732 -0.823455
vn  -0.609160 -0.371096 -0.700865
vn  -0.938569 -0.286640 0.192162
vn  -0.938569 -0.286640 0.192162
vn  -0.444382 -0.588164 -0.675713
vn  -0.923112 -0.352301 0.154105
vn  -0.444382 -0.588164 -0.675713
vn  -0.938569 -0.286640 0.192162
vn  -0.609160 -0.371096 -0.700865
vn  -0.609160 -0.371096 -0.700865
vn  0.466915 -0.251501 -0.847784
vn  -0.444382 -0.588164 -0.675713
vn  0.466915 -0.251501 -0.847784
vn  -0.609160 -0.371096 -0.700865
vn  -0.609160 -0.371096 -0.700865
vn  -0.609160 -0.371096 -0.700865
vn  0.312957 -0.101730 -0.944303
vn  0.466915 -0.251501 -0.847784
vn  0.312957 -0.101730 -0.944303
vn  -0.609160 -0.371096 -0.700865
vn  -0.536809 -0.183732 -0.823455
vn  -0.536809 -0.183732 -0.823455
vn  -0.079650 -0.081770 -0.993463
vn  0.312957 -0.101730 -0.944303
vn  -0.079650 -0.081770 -0.993463
vn  -0.536809 -0.183732 -0.823455
vn  -0.295582 -0.211715 -0.931562
vn  0.143439 0.973342 -0.178972
vn  0.184187 0.856729 -0.481758
vn  -0.237364 0.796718 0.555787
vn  0.184187 0.856729 -0.481758
vn  0.143439 0.973342 -0.178972
vn  0.737511 0.081225 -0.670432
vn  0.737511 0.081225 -0.670432
vn  0.783688 -0.489887 0.381895
vn  0.184187 0.856729 -0.481758
vn  0.783688 -0.489887 0.381895
vn  0.737511 0.081225 -0.670432
vn  0.843565 -0.479990 -0.240847
vn  0.843565 -0.479990 -0.240847
vn  0.714095 0.096238 0.693402
vn  0.783688 -0.489887 0.381895
vn  0.714095 0.096238 0.693402
vn  0.843565 -0.479990 -0.240847
vn  0.737511 0.081225 -0.670432
vn  0.737511 0.081225 -0.670432
vn  0.714095 0.096238 0.693402
vn  0.714095 0.096238 0.693402
vn  0.714095 0.096238 0.693402
vn  0.737511 0.081225 -0.670432
vn  0.143439 0.973342 -0.178972
vn  0.143439 0.973342 -0.178972
vn  0.714095 0.096238 0.693402
vn  0.714095 0.096238 0.693402
vn  0.714095 0.096238 0.693402
vn  0.143439 0.973342 -0.178972
vn  -0.237364 0.796718 0.555787
vn  -0.237364 0.796718 0.555787
vn  0.714095 0.096238 0.693402
vn  0.714095 0.096238 0.693402
vn  0.714095 0.096238 0.693402
vn  -0.237364 0.796718 0.555787
vn  0.171642 -0.162681 0.971635
vn  0.171642 -0.162681 0.971635
vn  0.783688 -0.489887 0.381895
vn  0.714095 0.096238 0.693402
vn  0.313952 0.231353 0.920820
vn  -0.000094 0.137349 0.990523
vn  0.217318 0.161053 0.962723
vn  -0.000040 0.106965 0.994263
vn  0.217318 0.161053 0.962723
vn  -0.000094 0.137349 0.990523
vn  0.217318 0.161053 0.962723
vn  -0.000040 0.106965 0.994263
vn  0.134298 0.172225 0.975860
vn  0.000078 0.112296 0.993675
vn  0.134298 0.172225 0.975860
vn  -0.000040 0.106965 0.994263
vn  0.134298 0.172225 0.975860
vn  0.000078 0.112296 0.993675
vn  0.096702 0.225000 0.969548
vn  0.000058 0.233909 0.972259
vn  0.096702 0.225000 0.969548
vn  0.000078 0.112296 0.993675
vn  0.096702 0.225000 0.969548
vn  0.000058 0.233909 0.972259
vn  0.340689 0.288101 0.894946
vn  0.000058 0.233909 0.972259
vn  0.340689 0.288101 0.894946
vn  0.000058 0.233909 0.972259
vn  0.340689 0.288101 0.894946
vn  0.000058 0.233909 0.972259
vn  0.000048 0.374558 0.927203
vn  0.000058 0.233909 0.972259
vn  0.000048 0.374558 0.927203
vn  0.000058 0.233909 0.972259
vn  0.000048 0.374558 0.927203
vn  0.000058 0.233909 0.972259
vn  -0.317064 0.279980 0.906136
vn  0.000058 0.233909 0.972259
vn  -0.317064 0.279980 0.906136
vn  0.000058 0.233909 0.972259
vn  -0.317064 0.279980 0.906136
vn  0.000058 0.233909 0.972259
vn  -0.081424 0.226580 0.970583
vn  0.000058 0.233909 0.972259
vn  -0.081424 0.226580 0.970583
vn  0.000058 0.233909 0.972259
vn  -0.081424 0.226580 0.970583
vn  0.000058 0.233909 0.972259
vn  -0.126259 0.174692 0.976494
vn  0.000078 0.112296 0.993675
vn  -0.126259 0.174692 0.976494
vn  0.000058 0.233909 0.972259
vn  -0.126259 0.174692 0.976494
vn  0.000078 0.112296 0.993675
vn  -0.213217 0.161116 0.963629
vn  -0.000040 0.106965 0.994263
vn  -0.213217 0.161116 0.963629
vn  0.000078 0.112296 0.993675
vn  -0.213217 0.161116 0.963629
vn  -0.000040 0.106965 0.994263
vn  -0.312027 0.229872 0.921845
vn  -0.000094 0.137349 0.990523
vn  -0.312027 0.229872 0.921845
vn  -0.000040 0.106965 0.994263
vn  -0.312027 0.229872 0.921845
vn  -0.000094 0.137349 0.990523
vn  -0.000015 0.197427 0.980318
vn  0.313952 0.231353 0.920820
vn  -0.000015 0.197427 0.980318
vn  -0.000094 0.137349 0.990523
vn  -0.000015 0.197427 0.980318
vn  0.313952 0.231353 0.920820
vn  0.378406 0.315877 0.870075
vn  -0.312027 0.229872 0.921845
vn  -0.000015 0.197427 0.980318
vn  -0.377184 0.314360 0.871155
vn  -0.533288 0.418787 0.734998
vn  -0.481157 0.313737 0.818570
vn  -0.377184 0.314360 0.871155
vn  -0.481157 0.313737 0.818570
vn  -0.377184 0.314360 0.871155
vn  -0.481157 0.313737 0.818570
vn  -0.377184 0.314360 0.871155
vn  -0.481157 0.313737 0.818570
vn  -0.312027 0.229872 0.921845
vn  -0.481157 0.313737 0.818570
vn  -0.312027 0.229872 0.921845
vn  -0.481157 0.313737 0.818570
vn  -0.312027 0.229872 0.921845
vn  -0.481157 0.313737 0.818570
vn  -0.213217 0.161116 0.963629
vn  -0.401232 0.208412 0.891951
vn  -0.213217 0.161116 0.963629
vn  -0.481157 0.313737 0.818570
vn  -0.213217 0.161116 0.963629
vn  -0.401232 0.208412 0.891951
vn  -0.126259 0.174692 0.976494
vn  -0.283033 0.232285 0.930557
vn  -0.126259 0.174692 0.976494
vn  -0.401232 0.208412 0.891951
vn  -0.126259 0.174692 0.976494
vn  -0.283033 0.232285 0.930557
vn  -0.081424 0.226580 0.970583
vn  -0.225488 0.214950 0.950238
vn  -0.081424 0.226580 0.970583
vn  -0.283033 0.232285 0.930557
vn  -0.081424 0.226580 0.970583
vn  -0.225488 0.214950 0.950238
vn  -0.081424 0.226580 0.970583
vn  -0.505781 0.212893 0.835980
vn  -0.081424 0.226580 0.970583
vn  -0.225488 0.214950 0.950238
vn  -0.081424 0.226580 0.970583
vn  -0.505781 0.212893 0.835980
vn  -0.317064 0.279980 0.906136
vn  -0.505781 0.212893 0.835980
vn  -0.317064 0.279980 0.906136
vn  -0.505781 0.212893 0.835980
vn  -0.317064 0.279980 0.906136
vn  -0.505781 0.212893 0.835980
vn  -0.706393 0.229412 0.669611
vn  -0.706393 0.229412 0.669611
vn  -0.706393 0.229412 0.669611
vn  -0.505781 0.212893 0.835980
vn  0.535396 0.420709 0.732362
vn  0.378406 0.315877 0.870075
vn  0.484741 0.315910 0.815614
vn  0.313952 0.231353 0.920820
vn  0.484741 0.315910 0.815614
vn  0.378406 0.315877 0.870075
vn  0.484741 0.315910 0.815614
vn  0.313952 0.231353 0.920820
vn  0.408957 0.207859 0.888566
vn  0.217318 0.161053 0.962723
vn  0.408957 0.207859 0.888566
vn  0.313952 0.231353 0.920820
vn  0.408957 0.207859 0.888566
vn  0.217318 0.161053 0.962723
vn  0.298364 0.226939 0.927080
vn  0.134298 0.172225 0.975860
vn  0.298364 0.226939 0.927080
vn  0.217318 0.161053 0.962723
vn  0.298364 0.226939 0.927080
vn  0.134298 0.172225 0.975860
vn  0.255068 0.210830 0.943658
vn  0.096702 0.225000 0.969548
vn  0.255068 0.210830 0.943658
vn  0.134298 0.172225 0.975860
vn  0.255068 0.210830 0.943658
vn  0.096702 0.225000 0.969548
vn  0.537574 0.222592 0.813306
vn  0.340689 0.288101 0.894946
vn  0.537574 0.222592 0.813306
vn  0.096702 0.225000 0.969548
vn  0.340689 0.288101 0.894946
vn  0.729198 0.249619 0.637150
vn  0.537574 0.222592 0.813306
vn  0.729198 0.249619 0.637150
vn  0.537574 0.222592 0.813306
vn  0.729198 0.249619 0.637150
vn  -0.515938 -0.064155 0.854220
vn  -0.515938 -0.064155 0.854220
vn  -0.547399 -0.071683 0.833796
vn  -0.547399 -0.071683 0.833796
vn  -0.547399 -0.071683 0.833796
vn  -0.515938 -0.064155 0.854220
vn  -0.547399 -0.071683 0.833796
vn  -0.547399 -0.071683 0.833796
vn  -0.547399 -0.071683 0.833796
vn  -0.520109 -0.027767 0.853648
vn  -0.547399 -0.071683 0.833796
vn  -0.547399 -0.071683 0.833796
vn  -0.547399 -0.071683 0.833796
vn  -0.520109 -0.027767 0.853648
vn  -0.520109 -0.027767 0.853648
vn  -0.378768 0.061520 0.923445
vn  -0.520109 -0.027767 0.853648
vn  -0.520109 -0.027767 0.853648
vn  -0.520109 -0.027767 0.853648
vn  -0.378768 0.061520 0.923445
vn  -0.378768 0.061520 0.923445
vn  -0.296002 0.098705 0.950074
vn  -0.378768 0.061520 0.923445
vn  -0.378768 0.061520 0.923445
vn  -0.258693 -0.385321 0.885780
vn  -0.258693 -0.385321 0.885780
vn  -0.253935 -0.249521 0.934482
vn  -0.253935 -0.249521 0.934482
vn  -0.253935 -0.249521 0.934482
vn  -0.258693 -0.385321 0.885780
vn  -0.253935 -0.249521 0.934482
vn  -0.253935 -0.249521 0.934482
vn  -0.253935 -0.249521 0.934482
vn  -0.185566 -0.047218 0.981497
vn  -0.253935 -0.249521 0.934482
vn  -0.253935 -0.249521 0.934482
vn  -0.253935 -0.249521 0.934482
vn  -0.185566 -0.047218 0.981497
vn  -0.185566 -0.047218 0.981497
vn  -0.185566 -0.047218 0.981497
vn  -0.185566 -0.047218 0.981497
vn  -0.185566 -0.047218 0.981497
vn  -0.185566 -0.047218 0.981497
vn  -0.185566 -0.047218 0.981497
vn  -0.074133 0.076038 0.994345
vn  -0.074133 0.076038 0.994345
vn  -0.074133 0.076038 0.994345
vn  -0.185566 -0.047218 0.981497
vn  -0.074133 0.076038 0.994345
vn  -0.074133 0.076038 0.994345
vn  -0.021928 0.137145 0.990308
vn  0.941820 0.311907 -0.125253
vn  -0.257698 0.962849 -0.080711
vn  0.215940 0.918919 0.330089
vn  -0.257698 0.962849 -0.080711
vn  0.941820 0.311907 -0.125253
vn  0.332341 0.636331 -0.696156
vn  0.332341 0.636331 -0.696156
vn  -0.366197 0.846627 -0.386165
vn  -0.257698 0.962849 -0.080711
vn  -0.366197 0.846627 -0.386165
vn  0.332341 0.636331 -0.696156
vn  0.332341 0.636331 -0.696156
vn  0.332341 0.636331 -0.696156
vn  -0.135666 0.811077 -0.568989
vn  -0.366197 0.846627 -0.386165
vn  -0.135666 0.811077 -0.568989
vn  0.332341 0.636331 -0.696156
vn  0.332341 0.636331 -0.696156
vn  0.332341 0.636331 -0.696156
vn  0.656634 -0.293570 -0.694729
vn  -0.135666 0.811077 -0.568989
vn  0.656634 -0.293570 -0.694729
vn  0.332341 0.636331 -0.696156
vn  0.941820 0.311907 -0.125253
vn  0.941820 0.311907 -0.125253
vn  0.874477 -0.478505 -0.079512
vn  0.656634 -0.293570 -0.694729
vn  0.874477 -0.478505 -0.079512
vn  0.941820 0.311907 -0.125253
vn  0.795117 -0.052253 0.604201
vn  0.795117 -0.052253 0.604201
vn  0.769215 -0.307801 0.559970
vn  0.874477 -0.478505 -0.079512
vn  0.769215 -0.307801 0.559970
vn  0.795117 -0.052253 0.604201
vn  0.795117 -0.052253 0.604201
vn  0.795117 -0.052253 0.604201
vn  0.158859 0.596356 0.786844
vn  0.769215 -0.307801 0.559970
vn  0.158859 0.596356 0.786844
vn  0.795117 -0.052253 0.604201
vn  0.795117 -0.052253 0.604201
vn  0.795117 -0.052253 0.604201
vn  0.215940 0.918919 0.330089
vn  0.158859 0.596356 0.786844
vn  0.215940 0.918919 0.330089
vn  0.795117 -0.052253 0.604201
vn  0.941820 0.311907 -0.125253
vn  -0.633226 0.021858 0.773658
vn  -0.633226 0.021858 0.773658
vn  -0.612506 0.083640 0.786029
vn  -0.633226 0.021858 0.773658
vn  -0.633226 0.021858 0.773658
vn  -0.670056 -0.115202 0.733316
vn  -0.670056 -0.115202 0.733316
vn  -0.670056 -0.115202 0.733316
vn  -0.633226 0.021858 0.773658
vn  -0.670056 -0.115202 0.733316
vn  -0.670056 -0.115202 0.733316
vn  -0.653799 -0.231075 0.720521
vn  -0.653799 -0.231075 0.720521
vn  -0.653799 -0.231075 0.720521
vn  -0.670056 -0.115202 0.733316
vn  -0.653799 -0.231075 0.720521
vn  -0.653799 -0.231075 0.720521
vn  -0.621156 -0.271848 0.735026
vn  -0.621156 -0.271848 0.735026
vn  -0.621156 -0.271848 0.735026
vn  -0.653799 -0.231075 0.720521
vn  -0.930404 0.341296 0.133665
vn  -0.930404 0.341296 0.133665
vn  -0.930404 0.341296 0.133665
vn  -0.779428 0.244324 0.576887
vn  -0.779428 0.244324 0.576887
vn  -0.790488 0.322877 0.520461
vn  -0.779428 0.244324 0.576887
vn  -0.779428 0.244324 0.576887
vn  -0.714521 0.126475 0.688087
vn  -0.714521 0.126475 0.688087
vn  -0.714521 0.126475 0.688087
vn  -0.779428 0.244324 0.576887
vn  -0.714521 0.126475 0.688087
vn  -0.714521 0.126475 0.688087
vn  -0.636100 0.022335 0.771284
vn  -0.636100 0.022335 0.771284
vn  -0.636100 0.022335 0.771284
vn  -0.714521 0.126475 0.688087
vn  -0.636100 0.022335 0.771284
vn  -0.636100 0.022335 0.771284
vn  -0.617381 -0.080679 0.782516
vn  -0.617381 -0.080679 0.782516
vn  -0.617381 -0.080679 0.782516
vn  -0.636100 0.022335 0.771284
vn  -0.617381 -0.080679 0.782516
vn  -0.617381 -0.080679 0.782516
vn  -0.628250 -0.117174 0.769137
vn  -0.628250 -0.117174 0.769137
vn  -0.628250 -0.117174 0.769137
vn  -0.617381 -0.080679 0.782516
vn  -0.995468 -0.052330 0.079402
vn  -0.995468 -0.052330 0.079402
vn  -0.995468 -0.052330 0.079402
vn  -0.995468 -0.052330 0.079402
vn  -0.995468 -0.052330 0.079402
vn  -0.995468 -0.052330 0.079402
vn  -0.989265 0.087102 0.117336
vn  -0.989265 0.087102 0.117336
vn  -0.989265 0.087102 0.117336
vn  -0.989265 0.087102 0.117336
vn  -0.989265 0.087102 0.117336
vn  -0.989265 0.087102 0.117336
vn  -0.983666 -0.000558 0.180005
vn  -0.983666 -0.000558 0.180005
vn  -0.983666 -0.000558 0.180005
vn  -0.983666 -0.000558 0.180005
vn  -0.983666 -0.000558 0.180005
vn  -0.983666 -0.000558 0.180005
vn  -0.977398 0.084121 0.193953
vn  -0.977398 0.084121 0.193953
vn  -0.977398 0.084121 0.193953
vn  -0.977398 0.084121 0.193953
vn  -0.977398 0.084121 0.193953
vn  -0.977398 0.084121 0.193953
vn  -0.961520 -0.204367 0.183612
vn  -0.961520 -0.204367 0.183612
vn  -0.931795 -0.295674 0.210557
vn  -0.931795 -0.295674 0.210557
vn  -0.931795 -0.295674 0.210557
vn  -0.961520 -0.204367 0.183612
vn  -0.931795 -0.295674 0.210557
vn  -0.931795 -0.295674 0.210557
vn  -0.830521 -0.473760 0.292894
vn  -0.830521 -0.473760 0.292894
vn  -0.830521 -0.473760 0.292894
vn  -0.931795 -0.295674 0.210557
vn  -0.830521 -0.473760 0.292894
vn  -0.830521 -0.473760 0.292894
vn  -0.830521 -0.473760 0.292894
vn  -0.702036 -0.613708 0.361260
vn  -0.830521 -0.473760 0.292894
vn  -0.830521 -0.473760 0.292894
vn  -0.830521 -0.473760 0.292894
vn  -0.702036 -0.613708 0.361260
vn  -0.702036 -0.613708 0.361260
vn  -0.643988 -0.667224 0.374288
vn  -0.702036 -0.613708 0.361260
vn  -0.702036 -0.613708 0.361260
vn  -0.702036 -0.613708 0.361260
vn  -0.643988 -0.667224 0.374288
vn  -0.643988 -0.667224 0.374288
vn  -0.493273 -0.258464 0.830589
vn  -0.563410 -0.215127 0.797677
vn  -0.493273 -0.258464 0.830589
vn  -0.563410 -0.215127 0.797677
vn  -0.493273 -0.258464 0.830589
vn  -0.563410 -0.215127 0.797677
vn  -0.563410 -0.215127 0.797677
vn  -0.653631 -0.051055 0.755089
vn  -0.563410 -0.215127 0.797677
vn  -0.653631 -0.051055 0.755089
vn  -0.563410 -0.215127 0.797677
vn  -0.653631 -0.051055 0.755089
vn  -0.653631 -0.051055 0.755089
vn  -0.649537 0.116509 0.751350
vn  -0.653631 -0.051055 0.755089
vn  -0.649537 0.116509 0.751350
vn  -0.653631 -0.051055 0.755089
vn  -0.649537 0.116509 0.751350
vn  -0.649537 0.116509 0.751350
vn  -0.522024 0.424715 0.739668
vn  -0.649537 0.116509 0.751350
vn  -0.522024 0.424715 0.739668
vn  -0.649537 0.116509 0.751350
vn  -0.522024 0.424715 0.739668
vn  -0.522024 0.424715 0.739668
vn  -0.373594 0.651575 0.660210
vn  -0.522024 0.424715 0.739668
vn  0.990421 0.133167 -0.036515
vn  0.991889 0.118726 -0.045402
vn  0.991889 0.118726 -0.045402
vn  0.996336 0.076782 -0.037677
vn  0.991889 0.118726 -0.045402
vn  0.991889 0.118726 -0.045402
vn  0.991889 0.118726 -0.045402
vn  0.996336 0.076782 -0.037677
vn  0.996336 0.076782 -0.037677
vn  0.999694 0.024735 -0.000732
vn  0.996336 0.076782 -0.037677
vn  0.996336 0.076782 -0.037677
vn  0.996336 0.076782 -0.037677
vn  0.999694 0.024735 -0.000732
vn  0.999694 0.024735 -0.000732
vn  0.967557 -0.152614 0.201350
vn  0.999694 0.024735 -0.000732
vn  0.999694 0.024735 -0.000732
vn  0.999694 0.024735 -0.000732
vn  0.967557 -0.152614 0.201350
vn  0.989471 -0.133132 0.056780
vn  0.880332 -0.410179 0.238261
vn  0.989471 -0.133132 0.056780
vn  0.967557 -0.152614 0.201350
vn  0.989471 -0.133132 0.056780
vn  0.880332 -0.410179 0.238261
vn  0.903179 -0.409181 0.129765
vn  0.698249 -0.667065 0.259754
vn  0.903179 -0.409181 0.129765
vn  0.880332 -0.410179 0.238261
vn  0.903179 -0.409181 0.129765
vn  0.698249 -0.667065 0.259754
vn  0.712736 -0.681454 0.166217
vn  0.373274 -0.883637 0.282581
vn  0.712736 -0.681454 0.166217
vn  0.698249 -0.667065 0.259754
vn  0.712736 -0.681454 0.166217
vn  0.373274 -0.883637 0.282581
vn  0.388299 -0.901255 0.192256
vn  -0.020838 -0.958737 0.283531
vn  0.388299 -0.901255 0.192256
vn  0.373274 -0.883637 0.282581
vn  0.388299 -0.901255 0.192256
vn  -0.020838 -0.958737 0.283531
vn  -0.014997 -0.980916 0.193854
vn  -0.383644 -0.914815 0.126215
vn  -0.014997 -0.980916 0.193854
vn  -0.020838 -0.958737 0.283531
vn  0.423740 0.618300 0.661929
vn  0.534887 0.591672 0.603175
vn  0.534887 0.591672 0.603175
vn  0.782949 0.398628 0.477584
vn  0.534887 0.591672 0.603175
vn  0.534887 0.591672 0.603175
vn  0.534887 0.591672 0.603175
vn  0.782949 0.398628 0.477584
vn  0.782949 0.398628 0.477584
vn  0.924448 0.097092 0.368739
vn  0.782949 0.398628 0.477584
vn  0.782949 0.398628 0.477584
vn  0.782949 0.398628 0.477584
vn  0.924448 0.097092 0.368739
vn  0.924448 0.097092 0.368739
vn  0.924580 -0.168777 0.341564
vn  0.924448 0.097092 0.368739
vn  0.924448 0.097092 0.368739
vn  0.924448 0.097092 0.368739
vn  0.924580 -0.168777 0.341564
vn  0.967557 -0.152614 0.201350
vn  0.846929 -0.406179 0.343119
vn  0.967557 -0.152614 0.201350
vn  0.924580 -0.168777 0.341564
vn  0.967557 -0.152614 0.201350
vn  0.846929 -0.406179 0.343119
vn  0.880332 -0.410179 0.238261
vn  0.677320 -0.646521 0.351066
vn  0.880332 -0.410179 0.238261
vn  0.846929 -0.406179 0.343119
vn  0.880332 -0.410179 0.238261
vn  0.677320 -0.646521 0.351066
vn  0.698249 -0.667065 0.259754
vn  0.355071 -0.858437 0.370148
vn  0.698249 -0.667065 0.259754
vn  0.677320 -0.646521 0.351066
vn  0.698249 -0.667065 0.259754
vn  0.355071 -0.858437 0.370148
vn  0.373274 -0.883637 0.282581
vn  -0.026491 -0.928399 0.370638
vn  0.373274 -0.883637 0.282581
vn  0.355071 -0.858437 0.370148
vn  0.373274 -0.883637 0.282581
vn  -0.026491 -0.928399 0.370638
vn  -0.020838 -0.958737 0.283531
vn  -0.381464 -0.892153 0.241968
vn  -0.020838 -0.958737 0.283531
vn  -0.026491 -0.928399 0.370638
vn  -0.020838 -0.958737 0.283531
vn  -0.381464 -0.892153 0.241968
vn  -0.383644 -0.914815 0.126215
vn  -0.381464 -0.892153 0.241968
vn  -0.383644 -0.914815 0.126215
vn  -0.381464 -0.892153 0.241968
vn  -0.383644 -0.914815 0.126215
vn  -0.381464 -0.892153 0.241968
vn  -0.546671 -0.833629 0.078833
vn  -0.381464 -0.892153 0.241968
vn  -0.546671 -0.833629 0.078833
vn  -0.381464 -0.892153 0.241968
vn  -0.546671 -0.833629 0.078833
vn  -0.381464 -0.892153 0.241968
vn  -0.541341 -0.813361 0.213059
vn  -0.381464 -0.892153 0.241968
vn  -0.541341 -0.813361 0.213059
vn  -0.381464 -0.892153 0.241968
vn  -0.541341 -0.813361 0.213059
vn  -0.381464 -0.892153 0.241968
vn  -0.526020 -0.778082 0.343353
vn  -0.381464 -0.892153 0.241968
vn  -0.526020 -0.778082 0.343353
vn  -0.381464 -0.892153 0.241968
vn  -0.526020 -0.778082 0.343353
vn  -0.381464 -0.892153 0.241968
vn  -0.374007 -0.857198 0.354020
vn  -0.026491 -0.928399 0.370638
vn  -0.374007 -0.857198 0.354020
vn  -0.381464 -0.892153 0.241968
vn  0.663938 0.492350 0.562829
vn  0.492520 0.232195 0.838755
vn  0.510079 0.290506 0.809583
vn  0.293624 0.053608 0.954417
vn  0.510079 0.290506 0.809583
vn  0.492520 0.232195 0.838755
vn  0.510079 0.290506 0.809583
vn  0.293624 0.053608 0.954417
vn  0.510079 0.290506 0.809583
vn  0.300585 0.082323 0.950196
vn  0.510079 0.290506 0.809583
vn  0.293624 0.053608 0.954417
vn  0.510079 0.290506 0.809583
vn  0.300585 0.082323 0.950196
vn  0.510079 0.290506 0.809583
vn  0.525713 0.349097 0.775730
vn  0.510079 0.290506 0.809583
vn  0.300585 0.082323 0.950196
vn  0.510079 0.290506 0.809583
vn  0.525713 0.349097 0.775730
vn  0.663938 0.492350 0.562829
vn  0.670781 0.562708 0.483129
vn  0.663938 0.492350 0.562829
vn  0.525713 0.349097 0.775730
vn  0.021177 0.002064 -0.999774
vn  0.063857 -0.095141 -0.993414
vn  0.042612 -0.071458 -0.996533
vn  0.043345 -0.102982 -0.993738
vn  0.042612 -0.071458 -0.996533
vn  0.063857 -0.095141 -0.993414
vn  -0.021210 0.044095 -0.998802
vn  -0.031962 -0.059576 -0.997712
vn  -0.063858 -0.095141 -0.993414
vn  -0.043346 -0.102982 -0.993738
vn  -0.063858 -0.095141 -0.993414
vn  -0.031962 -0.059576 -0.997712
vn  0.304278 -0.266215 0.914628
vn  0.328433 -0.179055 0.927400
vn  0.320048 -0.273777 0.906981
vn  0.426035 -0.085933 0.900616
vn  0.320048 -0.273777 0.906981
vn  0.328433 -0.179055 0.927400
vn  0.846934 -0.302307 0.437393
vn  0.851280 -0.362144 0.379702
vn  0.857281 -0.309689 0.411294
vn  0.868236 -0.375028 0.324839
vn  0.857281 -0.309689 0.411294
vn  0.851280 -0.362144 0.379702
vn  0.299332 -0.045111 0.953082
vn  0.276295 0.022307 0.960814
vn  0.276295 0.022307 0.960814
vn  0.286535 0.111167 0.951598
vn  0.276295 0.022307 0.960814
vn  0.276295 0.022307 0.960814
vn  0.276295 0.022307 0.960814
vn  0.286535 0.111167 0.951598
vn  0.277797 0.123473 0.952672
vn  0.286535 0.111167 0.951598
vn  0.277797 0.123473 0.952672
vn  0.286535 0.111167 0.951598
vn  0.277797 0.123473 0.952672
vn  0.286535 0.111167 0.951598
vn  0.303700 0.121876 0.944941
vn  0.324751 0.136883 0.935842
vn  0.303700 0.121876 0.944941
vn  0.286535 0.111167 0.951598
vn  0.303700 0.121876 0.944941
vn  0.324751 0.136883 0.935842
vn  0.324751 0.136883 0.935842
vn  0.301007 0.119641 0.946087
vn  0.324751 0.136883 0.935842
vn  0.324751 0.136883 0.935842
vn  0.324751 0.136883 0.935842
vn  0.301007 0.119641 0.946087
vn  0.301007 0.119641 0.946087
vn  0.182900 0.089778 0.979024
vn  0.301007 0.119641 0.946087
vn  0.301007 0.119641 0.946087
vn  0.301007 0.119641 0.946087
vn  0.182900 0.089778 0.979024
vn  0.182900 0.089778 0.979024
vn  0.182900 0.089778 0.979024
vn  0.182900 0.089778 0.979024
vn  0.182900 0.089778 0.979024
vn  0.182900 0.089778 0.979024
vn  0.182900 0.089778 0.979024
vn  0.109351 0.127341 0.985813
vn  0.109351 0.127341 0.985813
vn  0.109351 0.127341 0.985813
vn  0.182900 0.089778 0.979024
vn  0.237939 -0.402288 0.884053
vn  0.237939 -0.402288 0.884053
vn  0.268557 -0.341630 0.900648
vn  0.268557 -0.341630 0.900648
vn  0.268557 -0.341630 0.900648
vn  0.237939 -0.402288 0.884053
vn  0.268557 -0.341630 0.900648
vn  0.268557 -0.341630 0.900648
vn  0.268557 -0.341630 0.900648
vn  0.347939 -0.183290 0.919425
vn  0.268557 -0.341630 0.900648
vn  0.268557 -0.341630 0.900648
vn  0.268557 -0.341630 0.900648
vn  0.347939 -0.183290 0.919425
vn  0.347939 -0.183290 0.919425
vn  0.347939 -0.183290 0.919425
vn  0.347939 -0.183290 0.919425
vn  0.347939 -0.183290 0.919425
vn  0.347939 -0.183290 0.919425
vn  0.347939 -0.183290 0.919425
vn  0.446918 -0.038906 0.893728
vn  0.446918 -0.038906 0.893728
vn  0.446918 -0.038906 0.893728
vn  0.347939 -0.183290 0.919425
vn  0.446918 -0.038906 0.893728
vn  0.446918 -0.038906 0.893728
vn  0.497497 0.007521 0.867433
vn  -0.908061 -0.010471 0.418706
vn  -0.919555 0.076442 0.385454
vn  -0.908061 -0.010471 0.418706
vn  -0.919555 0.076442 0.385454
vn  -0.908061 -0.010471 0.418706
vn  -0.936006 0.065053 0.345919
vn  -0.936006 0.065053 0.345919
vn  -0.919555 0.076442 0.385454
vn  -0.919555 0.076442 0.385454
vn  -0.919555 0.076442 0.385454
vn  -0.936006 0.065053 0.345919
vn  -0.941890 0.201306 0.268921
vn  -0.941890 0.201306 0.268921
vn  -0.922216 0.254173 0.291398
vn  -0.919555 0.076442 0.385454
vn  -0.922216 0.254173 0.291398
vn  -0.941890 0.201306 0.268921
vn  -0.903032 0.356688 0.239387
vn  -0.903032 0.356688 0.239387
vn  -0.908028 0.336350 0.249709
vn  -0.922216 0.254173 0.291398
vn  -0.908028 0.336350 0.249709
vn  -0.903032 0.356688 0.239387
vn  -0.903032 0.356688 0.239387
vn  -0.903032 0.356688 0.239387
vn  -0.899079 0.363644 0.243763
vn  -0.908028 0.336350 0.249709
vn  -0.899079 0.363644 0.243763
vn  -0.903032 0.356688 0.239387
vn  -0.903032 0.356688 0.239387
vn  -0.903032 0.356688 0.239387
vn  -0.874927 0.461569 0.146484
vn  -0.899079 0.363644 0.243763
vn  -0.874927 0.461569 0.146484
vn  -0.903032 0.356688 0.239387
vn  -0.874927 0.461569 0.146484
vn  -0.874927 0.461569 0.146484
vn  -0.849850 0.521916 0.073200
vn  -0.874927 0.461569 0.146484
vn  -0.936006 0.065053 0.345919
vn  -0.958091 0.147698 0.245452
vn  -0.941890 0.201306 0.268921
vn  -0.913510 0.331676 0.235566
vn  -0.941890 0.201306 0.268921
vn  -0.958091 0.147698 0.245452
vn  -0.941890 0.201306 0.268921
vn  -0.913510 0.331676 0.235566
vn  -0.913510 0.331676 0.235566
vn  -0.821543 0.476389 0.313242
vn  -0.913510 0.331676 0.235566
vn  -0.913510 0.331676 0.235566
vn  -0.913510 0.331676 0.235566
vn  -0.821543 0.476389 0.313242
vn  -0.848462 0.452109 0.275153
vn  -0.821543 0.476389 0.313242
vn  -0.848462 0.452109 0.275153
vn  -0.821543 0.476389 0.313242
vn  -0.848462 0.452109 0.275153
vn  -0.821543 0.476389 0.313242
vn  -0.789260 0.507833 0.345217
vn  -0.821543 0.476389 0.313242
vn  -0.789260 0.507833 0.345217
vn  -0.821543 0.476389 0.313242
vn  -0.789260 0.507833 0.345217
vn  -0.821543 0.476389 0.313242
vn  -0.760998 0.520917 0.386688
vn  -0.009621 0.197270 -0.980302
vn  -0.021210 0.044095 -0.998802
vn  0.012827 0.215172 -0.976492
vn  -0.021210 0.044095 -0.998802
vn  -0.009621 0.197270 -0.980302
vn  0.021177 0.002064 -0.999774
vn  0.021177 0.002064 -0.999774
vn  -0.031962 -0.059576 -0.997712
vn  -0.021210 0.044095 -0.998802
vn  -0.031962 -0.059576 -0.997712
vn  0.021177 0.002064 -0.999774
vn  0.042612 -0.071458 -0.996533
vn  0.869749 -0.144490 0.471869
vn  0.902080 -0.005067 0.431540
vn  0.880640 0.296344 0.369668
vn  0.902080 -0.005067 0.431540
vn  0.869749 -0.144490 0.471869
vn  0.869749 -0.144490 0.471869
vn  0.869749 -0.144490 0.471869
vn  0.857281 -0.309689 0.411294
vn  0.902080 -0.005067 0.431540
vn  0.857281 -0.309689 0.411294
vn  0.869749 -0.144490 0.471869
vn  0.846934 -0.302307 0.437393
vn  0.920847 0.244093 0.304070
vn  0.787276 0.331756 0.519745
vn  0.823560 0.539777 0.174328
vn  0.787276 0.331756 0.519745
vn  0.920847 0.244093 0.304070
vn  0.787276 0.331756 0.519745
vn  0.787276 0.331756 0.519745
vn  0.789989 0.315471 0.525733
vn  0.787276 0.331756 0.519745
vn  0.789989 0.315471 0.525733
vn  0.787276 0.331756 0.519745
vn  0.789989 0.315471 0.525733
vn  -0.280484 0.000000 0.959859
vn  -0.280489 -0.000018 0.959857
vn  -0.280488 -0.000001 0.959858
vn  -0.280489 -0.000018 0.959857
vn  -0.280484 0.000000 0.959859
vn  -0.280484 0.000000 0.959859
vn  -0.280484 0.000000 0.959859
vn  -0.280475 0.000000 0.959861
vn  -0.280489 -0.000018 0.959857
vn  -0.280475 0.000000 0.959861
vn  -0.280484 0.000000 0.959859
vn  -0.280484 0.000000 0.959859
vn  -0.280484 0.000000 0.959859
vn  -0.280491 0.000018 0.959857
vn  -0.280475 0.000000 0.959861
vn  -0.280491 0.000018 0.959857
vn  -0.280484 0.000000 0.959859
vn  -0.280484 0.000000 0.959859
vn  -0.280484 0.000000 0.959859
vn  -0.280488 0.000001 0.959858
vn  -0.280491 0.000018 0.959857
vn  -0.280488 0.000001 0.959858
vn  -0.280484 0.000000 0.959859
vn  -0.280484 0.000000 0.959859
vn  -0.280484 0.000000 0.959859
vn  -0.280472 0.000000 0.959862
vn  -0.280488 0.000001 0.959858
vn  -0.280472 0.000000 0.959862
vn  -0.280484 0.000000 0.959859
vn  -0.280488 -0.000001 0.959858
vn  0.286817 -0.000019 0.957985
vn  0.286812 0.000000 0.957987
vn  0.286816 -0.000003 0.957986
vn  0.286812 0.000000 0.957987
vn  0.286817 -0.000019 0.957985
vn  0.286807 0.000000 0.957989
vn  0.286807 0.000000 0.957989
vn  0.286812 0.000000 0.957987
vn  0.286812 0.000000 0.957987
vn  0.286812 0.000000 0.957987
vn  0.286807 0.000000 0.957989
vn  0.286818 0.000019 0.957985
vn  0.286818 0.000019 0.957985
vn  0.286812 0.000000 0.957987
vn  0.286812 0.000000 0.957987
vn  0.286812 0.000000 0.957987
vn  0.286818 0.000019 0.957985
vn  0.286811 0.000004 0.957987
vn  0.286811 0.000004 0.957987
vn  0.286812 0.000000 0.957987
vn  0.286812 0.000000 0.957987
vn  0.286812 0.000000 0.957987
vn  0.286811 0.000004 0.957987
vn  0.286799 0.000001 0.957991
vn  0.286799 0.000001 0.957991
vn  0.286816 -0.000003 0.957986
vn  0.286812 0.000000 0.957987
vn  0.093683 -0.511586 0.854110
vn  0.093683 -0.511586 0.854110
vn  0.146626 -0.374840 0.915421
vn  0.146626 -0.374840 0.915421
vn  0.146626 -0.374840 0.915421
vn  0.093683 -0.511586 0.854110
vn  0.146626 -0.374840 0.915421
vn  0.146626 -0.374840 0.915421
vn  0.146626 -0.374840 0.915421
vn  0.217829 -0.108735 0.969911
vn  0.146626 -0.374840 0.915421
vn  0.146626 -0.374840 0.915421
vn  0.146626 -0.374840 0.915421
vn  0.217829 -0.108735 0.969911
vn  0.217829 -0.108735 0.969911
vn  0.217829 -0.108735 0.969911
vn  0.217829 -0.108735 0.969911
vn  0.217829 -0.108735 0.969911
vn  0.217829 -0.108735 0.969911
vn  0.217829 -0.108735 0.969911
vn  0.254631 0.094110 0.962448
vn  0.254631 0.094110 0.962448
vn  0.254631 0.094110 0.962448
vn  0.217829 -0.108735 0.969911
vn  0.254631 0.094110 0.962448
vn  0.254631 0.094110 0.962448
vn  0.270974 0.174760 0.946590
vn  -0.114336 -0.938323 0.326308
vn  -0.114336 -0.938323 0.326308
vn  -0.233209 -0.945483 0.227322
vn  -0.114336 -0.938323 0.326308
vn  -0.114336 -0.938323 0.326308
vn  0.000000 -0.908686 0.417480
vn  0.000000 -0.908686 0.417480
vn  0.000000 -0.908686 0.417480
vn  -0.114336 -0.938323 0.326308
vn  0.000000 -0.908686 0.417480
vn  0.000000 -0.908686 0.417480
vn  0.000000 -0.908686 0.417480
vn  0.000000 -0.908686 0.417480
vn  0.114332 -0.938318 0.326325
vn  0.000000 -0.908686 0.417480
vn  0.114332 -0.938318 0.326325
vn  0.000000 -0.908686 0.417480
vn  0.114332 -0.938318 0.326325
vn  0.114332 -0.938318 0.326325
vn  0.233201 -0.945477 0.227357
vn  0.114332 -0.938318 0.326325
vn  0.405380 -0.306004 0.861411
vn  0.405380 -0.306004 0.861411
vn  0.452480 -0.284826 0.845066
vn  0.452480 -0.284826 0.845066
vn  0.452480 -0.284826 0.845066
vn  0.405380 -0.306004 0.861411

g mesh00
usemtl 0041_player02_tpltex00
f  1/1/1 2/2/2 3/3/3
f  4/4/4 5/5/5 6/6/6
f  7/7/7 8/8/8 9/9/9
f  10/10/10 11/11/11 12/12/12
f  13/13/13 14/14/14 15/15/15
f  16/16/16 17/17/17 18/18/18
f  19/19/19 20/20/20 21/21/21
f  22/22/22 23/23/23 24/24/24
f  25/25/25 26/26/26 27/27/27
f  28/28/28 29/29/29 30/30/30
f  31/31/31 32/32/32 33/33/33
f  34/34/34 35/35/35 36/36/36
f  37/37/37 38/38/38 39/39/39
f  40/40/40 41/41/41 42/42/42
f  43/43/43 44/44/44 45/45/45
f  46/46/46 47/47/47 48/48/48
f  49/49/49 50/50/50 51/51/51
f  52/52/52 53/53/53 54/54/54
f  55/55/55 56/56/56 57/57/57
f  58/58/58 59/59/59 60/60/60
f  61/61/61 62/62/62 63/63/63
f  64/64/64 65/65/65 66/66/66
f  67/67/67 68/68/68 69/69/69
f  70/70/70 71/71/71 72/72/72
f  73/73/73 74/74/74 75/75/75
f  76/76/76 77/77/77 78/78/78
f  79/79/79 80/80/80 81/81/81
f  82/82/82 83/83/83 84/84/84
f  85/85/85 86/86/86 87/87/87
f  88/88/88 89/89/89 90/90/90
f  91/91/91 92/92/92 93/93/93
f  94/94/94 95/95/95 96/96/96
f  97/97/97 98/98/98 99/99/99
f  100/100/100 101/101/101 102/102/102
f  103/103/103 104/104/104 105/105/105
f  106/106/106 107/107/107 108/108/108
f  109/109/109 110/110/110 111/111/111
f  112/112/112 113/113/113 114/114/114
f  115/115/115 116/116/116 117/117/117
f  118/118/118 119/119/119 120/120/120
f  121/121/121 122/122/122 123/123/123
f  124/124/124 125/125/125 126/126/126
f  127/127/127 128/128/128 129/129/129
f  130/130/130 131/131/131 132/132/132
f  133/133/133 134/134/134 135/135/135
f  136/136/136 137/137/137 138/138/138
f  139/139/139 140/140/140 141/141/141
f  142/142/142 143/143/143 144/144/144
f  145/145/145 146/146/146 147/147/147
f  148/148/148 149/149/149 150/150/150
f  151/151/151 152/152/152 153/153/153
f  154/154/154 155/155/155 156/156/156
f  157/157/157 158/158/158 159/159/159
f  160/160/160 161/161/161 162/162/162
f  163/163/163 164/164/164 165/165/165
f  166/166/166 167/167/167 168/168/168
f  169/169/169 170/170/170 171/171/171
f  172/172/172 173/173/173 174/174/174
f  175/175/175 176/176/176 177/177/177
f  178/178/178 179/179/179 180/180/180
f  181/181/181 182/182/182 183/183/183
f  184/184/184 185/185/185 186/186/186
f  187/187/187 188/188/188 189/189/189
f  190/190/190 191/191/191 192/192/192
f  193/193/193 194/194/194 195/195/195
f  196/196/196 197/197/197 198/198/198
f  199/199/199 200/200/200 201/201/201
f  202/202/202 203/203/203 204/204/204
f  205/205/205 206/206/206 207/207/207
f  208/208/208 209/209/209 210/210/210
f  211/211/211 212/212/212 213/213/213
f  214/214/214 215/215/215 216/216/216
f  217/217/217 218/218/218 219/219/219
f  220/220/220 221/221/221 222/222/222
f  223/223/223 224/224/224 225/225/225
f  226/226/226 227/227/227 228/228/228
f  229/229/229 230/230/230 231/231/231
f  232/232/232 233/233/233 234/234/234
f  235/235/235 236/236/236 237/237/237
f  238/238/238 239/239/239 240/240/240
f  241/241/241 242/242/242 243/243/243
f  244/244/244 245/245/245 246/246/246
f  247/247/247 248/248/248 249/249/249
f  250/250/250 251/251/251 252/252/252
f  253/253/253 254/254/254 255/255/255
f  256/256/256 257/257/257 258/258/258
f  259/259/259 260/260/260 261/261/261
f  262/262/262 263/263/263 264/264/264
f  265/265/265 266/266/266 267/267/267
f  268/268/268 269/269/269 270/270/270
f  271/271/271 272/272/272 273/273/273
f  274/274/274 275/275/275 276/276/276
f  277/277/277 278/278/278 279/279/279
f  280/280/280 281/281/281 282/282/282
f  283/283/283 284/284/284 285/285/285
f  286/286/286 287/287/287 288/288/288
f  289/289/289 290/290/290 291/291/291
f  292/292/292 293/293/293 294/294/294
f  295/295/295 296/296/296 297/297/297
f  298/298/298 299/299/299 300/300/300
f  301/301/301 302/302/302 303/303/303
f  304/304/304 305/305/305 306/306/306
f  307/307/307 308/308/308 309/309/309
f  310/310/310 311/311/311 312/312/312
f  313/313/313 314/314/314 315/315/315
f  316/316/316 317/317/317 318/318/318
f  319/319/319 320/320/320 321/321/321
f  322/322/322 323/323/323 324/324/324
f  325/325/325 326/326/326 327/327/327
f  328/328/328 329/329/329 330/330/330
f  331/331/331 332/332/332 333/333/333
f  334/334/334 335/335/335 336/336/336
f  337/337/337 338/338/338 339/339/339
f  340/340/340 341/341/341 342/342/342
f  343/343/343 344/344/344 345/345/345
f  346/346/346 347/347/347 348/348/348
f  349/349/349 350/350/350 351/351/351
f  352/352/352 353/353/353 354/354/354
f  355/355/355 356/356/356 357/357/357
f  358/358/358 359/359/359 360/360/360
f  361/361/361 362/362/362 363/363/363
f  364/364/364 365/365/365 366/366/366
f  367/367/367 368/368/368 369/369/369
f  370/370/370 371/371/371 372/372/372
f  373/373/373 374/374/374 375/375/375
f  376/376/376 377/377/377 378/378/378
f  379/379/379 380/380/380 381/381/381
f  382/382/382 383/383/383 384/384/384
f  385/385/385 386/386/386 387/387/387
f  388/388/388 389/389/389 390/390/390
f  391/391/391 392/392/392 393/393/393
f  394/394/394 395/395/395 396/396/396
f  397/397/397 398/398/398 399/399/399
f  400/400/400 401/401/401 402/402/402
f  403/403/403 404/404/404 405/405/405
f  406/406/406 407/407/407 408/408/408
f  409/409/409 410/410/410 411/411/411
f  412/412/412 413/413/413 414/414/414
f  415/415/415 416/416/416 417/417/417
f  418/418/418 419/419/419 420/420/420
f  421/421/421 422/422/422 423/423/423
f  424/424/424 425/425/425 426/426/426
f  427/427/427 428/428/428 429/429/429
f  430/430/430 431/431/431 432/432/432
f  433/433/433 434/434/434 435/435/435
f  436/436/436 437/437/437 438/438/438
f  439/439/439 440/440/440 441/441/441
f  442/442/442 443/443/443 444/444/444
f  445/445/445 446/446/446 447/447/447
f  448/448/448 449/449/449 450/450/450
f  451/451/451 452/452/452 453/453/453
f  454/454/454 455/455/455 456/456/456
f  457/457/457 458/458/458 459/459/459
f  460/460/460 461/461/461 462/462/462
f  463/463/463 464/464/464 465/465/465
f  466/466/466 467/467/467 468/468/468
f  469/469/469 470/470/470 471/471/471
f  472/472/472 473/473/473 474/474/474
f  475/475/475 476/476/476 477/477/477
f  478/478/478 479/479/479 480/480/480
f  481/481/481 482/482/482 483/483/483
f  484/484/484 485/485/485 486/486/486
f  487/487/487 488/488/488 489/489/489
f  490/490/490 491/491/491 492/492/492
f  493/493/493 494/494/494 495/495/495
f  496/496/496 497/497/497 498/498/498
f  499/499/499 500/500/500 501/501/501
f  502/502/502 503/503/503 504/504/504
f  505/505/505 506/506/506 507/507/507
f  508/508/508 509/509/509 510/510/510
f  511/511/511 512/512/512 513/513/513
f  514/514/514 515/515/515 516/516/516
f  517/517/517 518/518/518 519/519/519
f  520/520/520 521/521/521 522/522/522
f  523/523/523 524/524/524 525/525/525
f  526/526/526 527/527/527 528/528/528
f  529/529/529 530/530/530 531/531/531
f  532/532/532 533/533/533 534/534/534
f  535/535/535 536/536/536 537/537/537
f  538/538/538 539/539/539 540/540/540
f  541/541/541 542/542/542 543/543/543
f  544/544/544 545/545/545 546/546/546
f  547/547/547 548/548/548 549/549/549
f  550/550/550 551/551/551 552/552/552
f  553/553/553 554/554/554 555/555/555
f  556/556/556 557/557/557 558/558/558
f  559/559/559 560/560/560 561/561/561
f  562/562/562 563/563/563 564/564/564
f  565/565/565 566/566/566 567/567/567
f  568/568/568 569/569/569 570/570/570
f  571/571/571 572/572/572 573/573/573
f  574/574/574 575/575/575 576/576/576
f  577/577/577 578/578/578 579/579/579
f  580/580/580 581/581/581 582/582/582
f  583/583/583 584/584/584 585/585/585
f  586/586/586 587/587/587 588/588/588
f  589/589/589 590/590/590 591/591/591
f  592/592/592 593/593/593 594/594/594
f  595/595/595 596/596/596 597/597/597
f  598/598/598 599/599/599 600/600/600
f  601/601/601 602/602/602 603/603/603
f  604/604/604 605/605/605 606/606/606
f  607/607/607 608/608/608 609/609/609
f  610/610/610 611/611/611 612/612/612
f  613/613/613 614/614/614 615/615/615
f  616/616/616 617/617/617 618/618/618
f  619/619/619 620/620/620 621/621/621
f  622/622/622 623/623/623 624/624/624
f  625/625/625 626/626/626 627/627/627
f  628/628/628 629/629/629 630/630/630
f  631/631/631 632/632/632 633/633/633
f  634/634/634 635/635/635 636/636/636
f  637/637/637 638/638/638 639/639/639
f  640/640/640 641/641/641 642/642/642
f  643/643/643 644/644/644 645/645/645
f  646/646/646 647/647/647 648/648/648
f  649/649/649 650/650/650 651/651/651
f  652/652/652 653/653/653 654/654/654
f  655/655/655 656/656/656 657/657/657
f  658/658/658 659/659/659 660/660/660
f  661/661/661 662/662/662 663/663/663
f  664/664/664 665/665/665 666/666/666
f  667/667/667 668/668/668 669/669/669
f  670/670/670 671/671/671 672/672/672
f  673/673/673 674/674/674 675/675/675
f  676/676/676 677/677/677 678/678/678
f  679/679/679 680/680/680 681/681/681
f  682/682/682 683/683/683 684/684/684
f  685/685/685 686/686/686 687/687/687
f  688/688/688 689/689/689 690/690/690
f  691/691/691 692/692/692 693/693/693
f  694/694/694 695/695/695 696/696/696
f  697/697/697 698/698/698 699/699/699
f  700/700/700 701/701/701 702/702/702
f  703/703/703 704/704/704 705/705/705
f  706/706/706 707/707/707 708/708/708
f  709/709/709 710/710/710 711/711/711
f  712/712/712 713/713/713 714/714/714
f  715/715/715 716/716/716 717/717/717
f  718/718/718 719/719/719 720/720/720
f  721/721/721 722/722/722 723/723/723
f  724/724/724 725/725/725 726/726/726
f  727/727/727 728/728/728 729/729/729
f  730/730/730 731/731/731 732/732/732
f  733/733/733 734/734/734 735/735/735
f  736/736/736 737/737/737 738/738/738
f  739/739/739 740/740/740 741/741/741
f  742/742/742 743/743/743 744/744/744
f  745/745/745 746/746/746 747/747/747
f  748/748/748 749/749/749 750/750/750
f  751/751/751 752/752/752 753/753/753
f  754/754/754 755/755/755 756/756/756
f  757/757/757 758/758/758 759/759/759
f  760/760/760 761/761/761 762/762/762
f  763/763/763 764/764/764 765/765/765
f  766/766/766 767/767/767 768/768/768
f  769/769/769 770/770/770 771/771/771
f  772/772/772 773/773/773 774/774/774
f  775/775/775 776/776/776 777/777/777
f  778/778/778 779/779/779 780/780/780
f  781/781/781 782/782/782 783/783/783
f  784/784/784 785/785/785 786/786/786
f  787/787/787 788/788/788 789/789/789
f  790/790/790 791/791/791 792/792/792
f  793/793/793 794/794/794 795/795/795
f  796/796/796 797/797/797 798/798/798
f  799/799/799 800/800/800 801/801/801
f  802/802/802 803/803/803 804/804/804
f  805/805/805 806/806/806 807/807/807
f  808/808/808 809/809/809 810/810/810
f  811/811/811 812/812/812 813/813/813
f  814/814/814 815/815/815 816/816/816
f  817/817/817 818/818/818 819/819/819
f  820/820/820 821/821/821 822/822/822
f  823/823/823 824/824/824 825/825/825
f  826/826/826 827/827/827 828/828/828
f  829/829/829 830/830/830 831/831/831
f  832/832/832 833/833/833 834/834/834
f  835/835/835 836/836/836 837/837/837
f  838/838/838 839/839/839 840/840/840
f  841/841/841 842/842/842 843/843/843
f  844/844/844 845/845/845 846/846/846
f  847/847/847 848/848/848 849/849/849
f  850/850/850 851/851/851 852/852/852
f  853/853/853 854/854/854 855/855/855
f  856/856/856 857/857/857 858/858/858
f  859/859/859 860/860/860 861/861/861
f  862/862/862 863/863/863 864/864/864
f  865/865/865 866/866/866 867/867/867
f  868/868/868 869/869/869 870/870/870
f  871/871/871 872/872/872 873/873/873
f  874/874/874 875/875/875 876/876/876
f  877/877/877 878/878/878 879/879/879
f  880/880/880 881/881/881 882/882/882
f  883/883/883 884/884/884 885/885/885
f  886/886/886 887/887/887 888/888/888
f  889/889/889 890/890/890 891/891/891
f  892/892/892 893/893/893 894/894/894
f  895/895/895 896/896/896 897/897/897
f  898/898/898 899/899/899 900/900/900
f  901/901/901 902/902/902 903/903/903
f  904/904/904 905/905/905 906/906/906
f  907/907/907 908/908/908 909/909/909
f  910/910/910 911/911/911 912/912/912
f  913/913/913 914/914/914 915/915/915
f  916/916/916 917/917/917 918/918/918
f  919/919/919 920/920/920 921/921/921
f  922/922/922 923/923/923 924/924/924
f  925/925/925 926/926/926 927/927/927
f  928/928/928 929/929/929 930/930/930
f  931/931/931 932/932/932 933/933/933
f  934/934/934 935/935/935 936/936/936
f  937/937/937 938/938/938 939/939/939
f  940/940/940 941/941/941 942/942/942
f  943/943/943 944/944/944 945/945/945
f  946/946/946 947/947/947 948/948/948
f  949/949/949 950/950/950 951/951/951
f  952/952/952 953/953/953 954/954/954
f  955/955/955 956/956/956 957/957/957
f  958/958/958 959/959/959 960/960/960
f  961/961/961 962/962/962 963/963/963
f  964/964/964 965/965/965 966/966/966
f  967/967/967 968/968/968 969/969/969
f  970/970/970 971/971/971 972/972/972
f  973/973/973 974/974/974 975/975/975
f  976/976/976 977/977/977 978/978/978
f  979/979/979 980/980/980 981/981/981
f  982/982/982 983/983/983 984/984/984
f  985/985/985 986/986/986 987/987/987
f  988/988/988 989/989/989 990/990/990
f  991/991/991 992/992/992 993/993/993
f  994/994/994 995/995/995 996/996/996
f  997/997/997 998/998/998 999/999/999
f  1000/1000/1000 1001/1001/1001 1002/1002/1002
f  1003/1003/1003 1004/1004/1004 1005/1005/1005
f  1006/1006/1006 1007/1007/1007 1008/1008/1008
f  1009/1009/1009 1010/1010/1010 1011/1011/1011
f  1012/1012/1012 1013/1013/1013 1014/1014/1014
f  1015/1015/1015 1016/1016/1016 1017/1017/1017
f  1018/1018/1018 1019/1019/1019 1020/1020/1020
f  1021/1021/1021 1022/1022/1022 1023/1023/1023
f  1024/1024/1024 1025/1025/1025 1026/1026/1026
f  1027/1027/1027 1028/1028/1028 1029/1029/1029
f  1030/1030/1030 1031/1031/1031 1032/1032/1032
f  1033/1033/1033 1034/1034/1034 1035/1035/1035
f  1036/1036/1036 1037/1037/1037 1038/1038/1038
f  1039/1039/1039 1040/1040/1040 1041/1041/1041
f  1042/1042/1042 1043/1043/1043 1044/1044/1044
f  1045/1045/1045 1046/1046/1046 1047/1047/1047
f  1048/1048/1048 1049/1049/1049 1050/1050/1050
f  1051/1051/1051 1052/1052/1052 1053/1053/1053
f  1054/1054/1054 1055/1055/1055 1056/1056/1056
f  1057/1057/1057 1058/1058/1058 1059/1059/1059
f  1060/1060/1060 1061/1061/1061 1062/1062/1062
f  1063/1063/1063 1064/1064/1064 1065/1065/1065
f  1066/1066/1066 1067/1067/1067 1068/1068/1068
f  1069/1069/1069 1070/1070/1070 1071/1071/1071
f  1072/1072/1072 1073/1073/1073 1074/1074/1074
f  1075/1075/1075 1076/1076/1076 1077/1077/1077
f  1078/1078/1078 1079/1079/1079 1080/1080/1080
f  1081/1081/1081 1082/1082/1082 1083/1083/1083
f  1084/1084/1084 1085/1085/1085 1086/1086/1086
f  1087/1087/1087 1088/1088/1088 1089/1089/1089
f  1090/1090/1090 1091/1091/1091 1092/1092/1092
f  1093/1093/1093 1094/1094/1094 1095/1095/1095
f  1096/1096/1096 1097/1097/1097 1098/1098/1098
f  1099/1099/1099 1100/1100/1100 1101/1101/1101
f  1102/1102/1102 1103/1103/1103 1104/1104/1104
f  1105/1105/1105 1106/1106/1106 1107/1107/1107
f  1108/1108/1108 1109/1109/1109 1110/1110/1110
f  1111/1111/1111 1112/1112/1112 1113/1113/1113
f  1114/1114/1114 1115/1115/1115 1116/1116/1116
f  1117/1117/1117 1118/1118/1118 1119/1119/1119
f  1120/1120/1120 1121/1121/1121 1122/1122/1122
f  1123/1123/1123 1124/1124/1124 1125/1125/1125
f  1126/1126/1126 1127/1127/1127 1128/1128/1128
f  1129/1129/1129 1130/1130/1130 1131/1131/1131
f  1132/1132/1132 1133/1133/1133 1134/1134/1134
f  1135/1135/1135 1136/1136/1136 1137/1137/1137
f  1138/1138/1138 1139/1139/1139 1140/1140/1140
f  1141/1141/1141 1142/1142/1142 1143/1143/1143
f  1144/1144/1144 1145/1145/1145 1146/1146/1146
f  1147/1147/1147 1148/1148/1148 1149/1149/1149
f  1150/1150/1150 1151/1151/1151 1152/1152/1152
f  1153/1153/1153 1154/1154/1154 1155/1155/1155
f  1156/1156/1156 1157/1157/1157 1158/1158/1158
f  1159/1159/1159 1160/1160/1160 1161/1161/1161
f  1162/1162/1162 1163/1163/1163 1164/1164/1164
f  1165/1165/1165 1166/1166/1166 1167/1167/1167
f  1168/1168/1168 1169/1169/1169 1170/1170/1170
f  1171/1171/1171 1172/1172/1172 1173/1173/1173
f  1174/1174/1174 1175/1175/1175 1176/1176/1176
f  1177/1177/1177 1178/1178/1178 1179/1179/1179
f  1180/1180/1180 1181/1181/1181 1182/1182/1182
f  1183/1183/1183 1184/1184/1184 1185/1185/1185
f  1186/1186/1186 1187/1187/1187 1188/1188/1188
f  1189/1189/1189 1190/1190/1190 1191/1191/1191
f  1192/1192/1192 1193/1193/1193 1194/1194/1194
f  1195/1195/1195 1196/1196/1196 1197/1197/1197
f  1198/1198/1198 1199/1199/1199 1200/1200/1200
f  1201/1201/1201 1202/1202/1202 1203/1203/1203
f  1204/1204/1204 1205/1205/1205 1206/1206/1206
f  1207/1207/1207 1208/1208/1208 1209/1209/1209
f  1210/1210/1210 1211/1211/1211 1212/1212/1212
f  1213/1213/1213 1214/1214/1214 1215/1215/1215
f  1216/1216/1216 1217/1217/1217 1218/1218/1218
f  1219/1219/1219 1220/1220/1220 1221/1221/1221
f  1222/1222/1222 1223/1223/1223 1224/1224/1224
f  1225/1225/1225 1226/1226/1226 1227/1227/1227
f  1228/1228/1228 1229/1229/1229 1230/1230/1230
f  1231/1231/1231 1232/1232/1232 1233/1233/1233
f  1234/1234/1234 1235/1235/1235 1236/1236/1236
f  1237/1237/1237 1238/1238/1238 1239/1239/1239
f  1240/1240/1240 1241/1241/1241 1242/1242/1242
f  1243/1243/1243 1244/1244/1244 1245/1245/1245
f  1246/1246/1246 1247/1247/1247 1248/1248/1248
f  1249/1249/1249 1250/1250/1250 1251/1251/1251
f  1252/1252/1252 1253/1253/1253 1254/1254/1254
f  1255/1255/1255 1256/1256/1256 1257/1257/1257
f  1258/1258/1258 1259/1259/1259 1260/1260/1260
f  1261/1261/1261 1262/1262/1262 1263/1263/1263
f  1264/1264/1264 1265/1265/1265 1266/1266/1266
f  1267/1267/1267 1268/1268/1268 1269/1269/1269
f  1270/1270/1270 1271/1271/1271 1272/1272/1272
f  1273/1273/1273 1274/1274/1274 1275/1275/1275
f  1276/1276/1276 1277/1277/1277 1278/1278/1278
f  1279/1279/1279 1280/1280/1280 1281/1281/1281
f  1282/1282/1282 1283/1283/1283 1284/1284/1284
f  1285/1285/1285 1286/1286/1286 1287/1287/1287
f  1288/1288/1288 1289/1289/1289 1290/1290/1290
f  1291/1291/1291 1292/1292/1292 1293/1293/1293
f  1294/1294/1294 1295/1295/1295 1296/1296/1296
f  1297/1297/1297 1298/1298/1298 1299/1299/1299
f  1300/1300/1300 1301/1301/1301 1302/1302/1302
f  1303/1303/1303 1304/1304/1304 1305/1305/1305
f  1306/1306/1306 1307/1307/1307 1308/1308/1308
f  1309/1309/1309 1310/1310/1310 1311/1311/1311
f  1312/1312/1312 1313/1313/1313 1314/1314/1314
f  1315/1315/1315 1316/1316/1316 1317/1317/1317
f  1318/1318/1318 1319/1319/1319 1320/1320/1320
f  1321/1321/1321 1322/1322/1322 1323/1323/1323
f  1324/1324/1324 1325/1325/1325 1326/1326/1326
f  1327/1327/1327 1328/1328/1328 1329/1329/1329
f  1330/1330/1330 1331/1331/1331 1332/1332/1332
f  1333/1333/1333 1334/1334/1334 1335/1335/1335
f  1336/1336/1336 1337/1337/1337 1338/1338/1338
f  1339/1339/1339 1340/1340/1340 1341/1341/1341
f  1342/1342/1342 1343/1343/1343 1344/1344/1344
f  1345/1345/1345 1346/1346/1346 1347/1347/1347
f  1348/1348/1348 1349/1349/1349 1350/1350/1350
f  1351/1351/1351 1352/1352/1352 1353/1353/1353
f  1354/1354/1354 1355/1355/1355 1356/1356/1356
f  1357/1357/1357 1358/1358/1358 1359/1359/1359
f  1360/1360/1360 1361/1361/1361 1362/1362/1362
f  1363/1363/1363 1364/1364/1364 1365/1365/1365
f  1366/1366/1366 1367/1367/1367 1368/1368/1368
f  1369/1369/1369 1370/1370/1370 1371/1371/1371
f  1372/1372/1372 1373/1373/1373 1374/1374/1374
f  1375/1375/1375 1376/1376/1376 1377/1377/1377
f  1378/1378/1378 1379/1379/1379 1380/1380/1380
f  1381/1381/1381 1382/1382/1382 1383/1383/1383
f  1384/1384/1384 1385/1385/1385 1386/1386/1386
f  1387/1387/1387 1388/1388/1388 1389/1389/1389
f  1390/1390/1390 1391/1391/1391 1392/1392/1392
f  1393/1393/1393 1394/1394/1394 1395/1395/1395
f  1396/1396/1396 1397/1397/1397 1398/1398/1398
f  1399/1399/1399 1400/1400/1400 1401/1401/1401
f  1402/1402/1402 1403/1403/1403 1404/1404/1404
f  1405/1405/1405 1406/1406/1406 1407/1407/1407
f  1408/1408/1408 1409/1409/1409 1410/1410/1410
f  1411/1411/1411 1412/1412/1412 1413/1413/1413
f  1414/1414/1414 1415/1415/1415 1416/1416/1416
f  1417/1417/1417 1418/1418/1418 1419/1419/1419
f  1420/1420/1420 1421/1421/1421 1422/1422/1422
f  1423/1423/1423 1424/1424/1424 1425/1425/1425
f  1426/1426/1426 1427/1427/1427 1428/1428/1428
f  1429/1429/1429 1430/1430/1430 1431/1431/1431
f  1432/1432/1432 1433/1433/1433 1434/1434/1434
f  1435/1435/1435 1436/1436/1436 1437/1437/1437
f  1438/1438/1438 1439/1439/1439 1440/1440/1440
f  1441/1441/1441 1442/1442/1442 1443/1443/1443
f  1444/1444/1444 1445/1445/1445 1446/1446/1446
f  1447/1447/1447 1448/1448/1448 1449/1449/1449
f  1450/1450/1450 1451/1451/1451 1452/1452/1452
f  1453/1453/1453 1454/1454/1454 1455/1455/1455
f  1456/1456/1456 1457/1457/1457 1458/1458/1458
f  1459/1459/1459 1460/1460/1460 1461/1461/1461
f  1462/1462/1462 1463/1463/1463 1464/1464/1464
f  1465/1465/1465 1466/1466/1466 1467/1467/1467
f  1468/1468/1468 1469/1469/1469 1470/1470/1470
f  1471/1471/1471 1472/1472/1472 1473/1473/1473
f  1474/1474/1474 1475/1475/1475 1476/1476/1476
f  1477/1477/1477 1478/1478/1478 1479/1479/1479
f  1480/1480/1480 1481/1481/1481 1482/1482/1482
f  1483/1483/1483 1484/1484/1484 1485/1485/1485
f  1486/1486/1486 1487/1487/1487 1488/1488/1488
f  1489/1489/1489 1490/1490/1490 1491/1491/1491
f  1492/1492/1492 1493/1493/1493 1494/1494/1494
f  1495/1495/1495 1496/1496/1496 1497/1497/1497
f  1498/1498/1498 1499/1499/1499 1500/1500/1500
f  1501/1501/1501 1502/1502/1502 1503/1503/1503
f  1504/1504/1504 1505/1505/1505 1506/1506/1506
f  1507/1507/1507 1508/1508/1508 1509/1509/1509
f  1510/1510/1510 1511/1511/1511 1512/1512/1512
f  1513/1513/1513 1514/1514/1514 1515/1515/1515
f  1516/1516/1516 1517/1517/1517 1518/1518/1518
f  1519/1519/1519 1520/1520/1520 1521/1521/1521
f  1522/1522/1522 1523/1523/1523 1524/1524/1524
f  1525/1525/1525 1526/1526/1526 1527/1527/1527
f  1528/1528/1528 1529/1529/1529 1530/1530/1530
f  1531/1531/1531 1532/1532/1532 1533/1533/1533
f  1534/1534/1534 1535/1535/1535 1536/1536/1536
f  1537/1537/1537 1538/1538/1538 1539/1539/1539
f  1540/1540/1540 1541/1541/1541 1542/1542/1542
f  1543/1543/1543 1544/1544/1544 1545/1545/1545
f  1546/1546/1546 1547/1547/1547 1548/1548/1548
f  1549/1549/1549 1550/1550/1550 1551/1551/1551
f  1552/1552/1552 1553/1553/1553 1554/1554/1554
f  1555/1555/1555 1556/1556/1556 1557/1557/1557
f  1558/1558/1558 1559/1559/1559 1560/1560/1560
f  1561/1561/1561 1562/1562/1562 1563/1563/1563
f  1564/1564/1564 1565/1565/1565 1566/1566/1566
f  1567/1567/1567 1568/1568/1568 1569/1569/1569
f  1570/1570/1570 1571/1571/1571 1572/1572/1572
f  1573/1573/1573 1574/1574/1574 1575/1575/1575
f  1576/1576/1576 1577/1577/1577 1578/1578/1578
f  1579/1579/1579 1580/1580/1580 1581/1581/1581
f  1582/1582/1582 1583/1583/1583 1584/1584/1584
f  1585/1585/1585 1586/1586/1586 1587/1587/1587
f  1588/1588/1588 1589/1589/1589 1590/1590/1590
f  1591/1591/1591 1592/1592/1592 1593/1593/1593
f  1594/1594/1594 1595/1595/1595 1596/1596/1596
f  1597/1597/1597 1598/1598/1598 1599/1599/1599
f  1600/1600/1600 1601/1601/1601 1602/1602/1602
f  1603/1603/1603 1604/1604/1604 1605/1605/1605
f  1606/1606/1606 1607/1607/1607 1608/1608/1608
f  1609/1609/1609 1610/1610/1610 1611/1611/1611
f  1612/1612/1612 1613/1613/1613 1614/1614/1614
f  1615/1615/1615 1616/1616/1616 1617/1617/1617
f  1618/1618/1618 1619/1619/1619 1620/1620/1620
f  1621/1621/1621 1622/1622/1622 1623/1623/1623
f  1624/1624/1624 1625/1625/1625 1626/1626/1626
f  1627/1627/1627 1628/1628/1628 1629/1629/1629
f  1630/1630/1630 1631/1631/1631 1632/1632/1632
f  1633/1633/1633 1634/1634/1634 1635/1635/1635
f  1636/1636/1636 1637/1637/1637 1638/1638/1638
f  1639/1639/1639 1640/1640/1640 1641/1641/1641
f  1642/1642/1642 1643/1643/1643 1644/1644/1644
f  1645/1645/1645 1646/1646/1646 1647/1647/1647
f  1648/1648/1648 1649/1649/1649 1650/1650/1650
f  1651/1651/1651 1652/1652/1652 1653/1653/1653
f  1654/1654/1654 1655/1655/1655 1656/1656/1656
f  1657/1657/1657 1658/1658/1658 1659/1659/1659
f  1660/1660/1660 1661/1661/1661 1662/1662/1662
f  1663/1663/1663 1664/1664/1664 1665/1665/1665
f  1666/1666/1666 1667/1667/1667 1668/1668/1668
f  1669/1669/1669 1670/1670/1670 1671/1671/1671
f  1672/1672/1672 1673/1673/1673 1674/1674/1674
f  1675/1675/1675 1676/1676/1676 1677/1677/1677
f  1678/1678/1678 1679/1679/1679 1680/1680/1680
f  1681/1681/1681 1682/1682/1682 1683/1683/1683
f  1684/1684/1684 1685/1685/1685 1686/1686/1686
f  1687/1687/1687 1688/1688/1688 1689/1689/1689
f  1690/1690/1690 1691/1691/1691 1692/1692/1692
f  1693/1693/1693 1694/1694/1694 1695/1695/1695
f  1696/1696/1696 1697/1697/1697 1698/1698/1698
f  1699/1699/1699 1700/1700/1700 1701/1701/1701
f  1702/1702/1702 1703/1703/1703 1704/1704/1704
f  1705/1705/1705 1706/1706/1706 1707/1707/1707
f  1708/1708/1708 1709/1709/1709 1710/1710/1710
f  1711/1711/1711 1712/1712/1712 1713/1713/1713
f  1714/1714/1714 1715/1715/1715 1716/1716/1716
f  1717/1717/1717 1718/1718/1718 1719/1719/1719
f  1720/1720/1720 1721/1721/1721 1722/1722/1722
f  1723/1723/1723 1724/1724/1724 1725/1725/1725
f  1726/1726/1726 1727/1727/1727 1728/1728/1728
f  1729/1729/1729 1730/1730/1730 1731/1731/1731
f  1732/1732/1732 1733/1733/1733 1734/1734/1734
f  1735/1735/1735 1736/1736/1736 1737/1737/1737
f  1738/1738/1738 1739/1739/1739 1740/1740/1740
f  1741/1741/1741 1742/1742/1742 1743/1743/1743
f  1744/1744/1744 1745/1745/1745 1746/1746/1746
f  1747/1747/1747 1748/1748/1748 1749/1749/1749
f  1750/1750/1750 1751/1751/1751 1752/1752/1752
f  1753/1753/1753 1754/1754/1754 1755/1755/1755
f  1756/1756/1756 1757/1757/1757 1758/1758/1758
f  1759/1759/1759 1760/1760/1760 1761/1761/1761
f  1762/1762/1762 1763/1763/1763 1764/1764/1764
f  1765/1765/1765 1766/1766/1766 1767/1767/1767
f  1768/1768/1768 1769/1769/1769 1770/1770/1770
f  1771/1771/1771 1772/1772/1772 1773/1773/1773
f  1774/1774/1774 1775/1775/1775 1776/1776/1776
f  1777/1777/1777 1778/1778/1778 1779/1779/1779
f  1780/1780/1780 1781/1781/1781 1782/1782/1782
f  1783/1783/1783 1784/1784/1784 1785/1785/1785
f  1786/1786/1786 1787/1787/1787 1788/1788/1788
f  1789/1789/1789 1790/1790/1790 1791/1791/1791
f  1792/1792/1792 1793/1793/1793 1794/1794/1794
f  1795/1795/1795 1796/1796/1796 1797/1797/1797
f  1798/1798/1798 1799/1799/1799 1800/1800/1800
f  1801/1801/1801 1802/1802/1802 1803/1803/1803
f  1804/1804/1804 1805/1805/1805 1806/1806/1806
f  1807/1807/1807 1808/1808/1808 1809/1809/1809
f  1810/1810/1810 1811/1811/1811 1812/1812/1812
f  1813/1813/1813 1814/1814/1814 1815/1815/1815
f  1816/1816/1816 1817/1817/1817 1818/1818/1818
f  1819/1819/1819 1820/1820/1820 1821/1821/1821
f  1822/1822/1822 1823/1823/1823 1824/1824/1824
f  1825/1825/1825 1826/1826/1826 1827/1827/1827
f  1828/1828/1828 1829/1829/1829 1830/1830/1830
f  1831/1831/1831 1832/1832/1832 1833/1833/1833
f  1834/1834/1834 1835/1835/1835 1836/1836/1836
f  1837/1837/1837 1838/1838/1838 1839/1839/1839
f  1840/1840/1840 1841/1841/1841 1842/1842/1842
f  1843/1843/1843 1844/1844/1844 1845/1845/1845
f  1846/1846/1846 1847/1847/1847 1848/1848/1848
f  1849/1849/1849 1850/1850/1850 1851/1851/1851
f  1852/1852/1852 1853/1853/1853 1854/1854/1854
f  1855/1855/1855 1856/1856/1856 1857/1857/1857
f  1858/1858/1858 1859/1859/1859 1860/1860/1860
f  1861/1861/1861 1862/1862/1862 1863/1863/1863
f  1864/1864/1864 1865/1865/1865 1866/1866/1866
f  1867/1867/1867 1868/1868/1868 1869/1869/1869
f  1870/1870/1870 1871/1871/1871 1872/1872/1872
f  1873/1873/1873 1874/1874/1874 1875/1875/1875
f  1876/1876/1876 1877/1877/1877 1878/1878/1878
f  1879/1879/1879 1880/1880/1880 1881/1881/1881
f  1882/1882/1882 1883/1883/1883 1884/1884/1884
f  1885/1885/1885 1886/1886/1886 1887/1887/1887
f  1888/1888/1888 1889/1889/1889 1890/1890/1890
f  1891/1891/1891 1892/1892/1892 1893/1893/1893
f  1894/1894/1894 1895/1895/1895 1896/1896/1896
f  1897/1897/1897 1898/1898/1898 1899/1899/1899
f  1900/1900/1900 1901/1901/1901 1902/1902/1902
f  1903/1903/1903 1904/1904/1904 1905/1905/1905
f  1906/1906/1906 1907/1907/1907 1908/1908/1908
f  1909/1909/1909 1910/1910/1910 1911/1911/1911
f  1912/1912/1912 1913/1913/1913 1914/1914/1914
f  1915/1915/1915 1916/1916/1916 1917/1917/1917
f  1918/1918/1918 1919/1919/1919 1920/1920/1920
f  1921/1921/1921 1922/1922/1922 1923/1923/1923
f  1924/1924/1924 1925/1925/1925 1926/1926/1926
f  1927/1927/1927 1928/1928/1928 1929/1929/1929
f  1930/1930/1930 1931/1931/1931 1932/1932/1932
f  1933/1933/1933 1934/1934/1934 1935/1935/1935
f  1936/1936/1936 1937/1937/1937 1938/1938/1938
f  1939/1939/1939 1940/1940/1940 1941/1941/1941
f  1942/1942/1942 1943/1943/1943 1944/1944/1944
f  1945/1945/1945 1946/1946/1946 1947/1947/1947
f  1948/1948/1948 1949/1949/1949 1950/1950/1950
f  1951/1951/1951 1952/1952/1952 1953/1953/1953
f  1954/1954/1954 1955/1955/1955 1956/1956/1956
f  1957/1957/1957 1958/1958/1958 1959/1959/1959
f  1960/1960/1960 1961/1961/1961 1962/1962/1962
f  1963/1963/1963 1964/1964/1964 1965/1965/1965
f  1966/1966/1966 1967/1967/1967 1968/1968/1968
f  1969/1969/1969 1970/1970/1970 1971/1971/1971
f  1972/1972/1972 1973/1973/1973 1974/1974/1974
f  1975/1975/1975 1976/1976/1976 1977/1977/1977
f  1978/1978/1978 1979/1979/1979 1980/1980/1980
f  1981/1981/1981 1982/1982/1982 1983/1983/1983
f  1984/1984/1984 1985/1985/1985 1986/1986/1986
f  1987/1987/1987 1988/1988/1988 1989/1989/1989
f  1990/1990/1990 1991/1991/1991 1992/1992/1992
f  1993/1993/1993 1994/1994/1994 1995/1995/1995
f  1996/1996/1996 1997/1997/1997 1998/1998/1998
f  1999/1999/1999 2000/2000/2000 2001/2001/2001
f  2002/2002/2002 2003/2003/2003 2004/2004/2004
f  2005/2005/2005 2006/2006/2006 2007/2007/2007
f  2008/2008/2008 2009/2009/2009 2010/2010/2010
f  2011/2011/2011 2012/2012/2012 2013/2013/2013
f  2014/2014/2014 2015/2015/2015 2016/2016/2016
f  2017/2017/2017 2018/2018/2018 2019/2019/2019
f  2020/2020/2020 2021/2021/2021 2022/2022/2022
f  2023/2023/2023 2024/2024/2024 2025/2025/2025
f  2026/2026/2026 2027/2027/2027 2028/2028/2028
f  2029/2029/2029 2030/2030/2030 2031/2031/2031
f  2032/2032/2032 2033/2033/2033 2034/2034/2034
f  2035/2035/2035 2036/2036/2036 2037/2037/2037
f  2038/2038/2038 2039/2039/2039 2040/2040/2040
f  2041/2041/2041 2042/2042/2042 2043/2043/2043
f  2044/2044/2044 2045/2045/2045 2046/2046/2046
f  2047/2047/2047 2048/2048/2048 2049/2049/2049
f  2050/2050/2050 2051/2051/2051 2052/2052/2052
f  2053/2053/2053 2054/2054/2054 2055/2055/2055
f  2056/2056/2056 2057/2057/2057 2058/2058/2058
f  2059/2059/2059 2060/2060/2060 2061/2061/2061
f  2062/2062/2062 2063/2063/2063 2064/2064/2064
f  2065/2065/2065 2066/2066/2066 2067/2067/2067
f  2068/2068/2068 2069/2069/2069 2070/2070/2070
f  2071/2071/2071 2072/2072/2072 2073/2073/2073
f  2074/2074/2074 2075/2075/2075 2076/2076/2076
f  2077/2077/2077 2078/2078/2078 2079/2079/2079
f  2080/2080/2080 2081/2081/2081 2082/2082/2082
f  2083/2083/2083 2084/2084/2084 2085/2085/2085
f  2086/2086/2086 2087/2087/2087 2088/2088/2088
f  2089/2089/2089 2090/2090/2090 2091/2091/2091
f  2092/2092/2092 2093/2093/2093 2094/2094/2094
f  2095/2095/2095 2096/2096/2096 2097/2097/2097
f  2098/2098/2098 2099/2099/2099 2100/2100/2100
f  2101/2101/2101 2102/2102/2102 2103/2103/2103
f  2104/2104/2104 2105/2105/2105 2106/2106/2106
f  2107/2107/2107 2108/2108/2108 2109/2109/2109
f  2110/2110/2110 2111/2111/2111 2112/2112/2112
f  2113/2113/2113 2114/2114/2114 2115/2115/2115
f  2116/2116/2116 2117/2117/2117 2118/2118/2118
f  2119/2119/2119 2120/2120/2120 2121/2121/2121
f  2122/2122/2122 2123/2123/2123 2124/2124/2124
f  2125/2125/2125 2126/2126/2126 2127/2127/2127
f  2128/2128/2128 2129/2129/2129 2130/2130/2130
f  2131/2131/2131 2132/2132/2132 2133/2133/2133
f  2134/2134/2134 2135/2135/2135 2136/2136/2136
f  2137/2137/2137 2138/2138/2138 2139/2139/2139
f  2140/2140/2140 2141/2141/2141 2142/2142/2142
f  2143/2143/2143 2144/2144/2144 2145/2145/2145
f  2146/2146/2146 2147/2147/2147 2148/2148/2148
f  2149/2149/2149 2150/2150/2150 2151/2151/2151
f  2152/2152/2152 2153/2153/2153 2154/2154/2154
f  2155/2155/2155 2156/2156/2156 2157/2157/2157
f  2158/2158/2158 2159/2159/2159 2160/2160/2160
f  2161/2161/2161 2162/2162/2162 2163/2163/2163
f  2164/2164/2164 2165/2165/2165 2166/2166/2166
f  2167/2167/2167 2168/2168/2168 2169/2169/2169
f  2170/2170/2170 2171/2171/2171 2172/2172/2172
f  2173/2173/2173 2174/2174/2174 2175/2175/2175
f  2176/2176/2176 2177/2177/2177 2178/2178/2178
f  2179/2179/2179 2180/2180/2180 2181/2181/2181
f  2182/2182/2182 2183/2183/2183 2184/2184/2184
f  2185/2185/2185 2186/2186/2186 2187/2187/2187
f  2188/2188/2188 2189/2189/2189 2190/2190/2190
f  2191/2191/2191 2192/2192/2192 2193/2193/2193
f  2194/2194/2194 2195/2195/2195 2196/2196/2196
f  2197/2197/2197 2198/2198/2198 2199/2199/2199
f  2200/2200/2200 2201/2201/2201 2202/2202/2202
f  2203/2203/2203 2204/2204/2204 2205/2205/2205
f  2206/2206/2206 2207/2207/2207 2208/2208/2208
f  2209/2209/2209 2210/2210/2210 2211/2211/2211
f  2212/2212/2212 2213/2213/2213 2214/2214/2214
f  2215/2215/2215 2216/2216/2216 2217/2217/2217
f  2218/2218/2218 2219/2219/2219 2220/2220/2220
f  2221/2221/2221 2222/2222/2222 2223/2223/2223
f  2224/2224/2224 2225/2225/2225 2226/2226/2226
f  2227/2227/2227 2228/2228/2228 2229/2229/2229
f  2230/2230/2230 2231/2231/2231 2232/2232/2232
f  2233/2233/2233 2234/2234/2234 2235/2235/2235
f  2236/2236/2236 2237/2237/2237 2238/2238/2238
f  2239/2239/2239 2240/2240/2240 2241/2241/2241
f  2242/2242/2242 2243/2243/2243 2244/2244/2244
f  2245/2245/2245 2246/2246/2246 2247/2247/2247
f  2248/2248/2248 2249/2249/2249 2250/2250/2250
f  2251/2251/2251 2252/2252/2252 2253/2253/2253
f  2254/2254/2254 2255/2255/2255 2256/2256/2256
f  2257/2257/2257 2258/2258/2258 2259/2259/2259
f  2260/2260/2260 2261/2261/2261 2262/2262/2262
f  2263/2263/2263 2264/2264/2264 2265/2265/2265
f  2266/2266/2266 2267/2267/2267 2268/2268/2268
f  2269/2269/2269 2270/2270/2270 2271/2271/2271
f  2272/2272/2272 2273/2273/2273 2274/2274/2274
f  2275/2275/2275 2276/2276/2276 2277/2277/2277
f  2278/2278/2278 2279/2279/2279 2280/2280/2280
f  2281/2281/2281 2282/2282/2282 2283/2283/2283
f  2284/2284/2284 2285/2285/2285 2286/2286/2286
f  2287/2287/2287 2288/2288/2288 2289/2289/2289
f  2290/2290/2290 2291/2291/2291 2292/2292/2292
f  2293/2293/2293 2294/2294/2294 2295/2295/2295
f  2296/2296/2296 2297/2297/2297 2298/2298/2298
f  2299/2299/2299 2300/2300/2300 2301/2301/2301
f  2302/2302/2302 2303/2303/2303 2304/2304/2304
f  2305/2305/2305 2306/2306/2306 2307/2307/2307
f  2308/2308/2308 2309/2309/2309 2310/2310/2310
f  2311/2311/2311 2312/2312/2312 2313/2313/2313
f  2314/2314/2314 2315/2315/2315 2316/2316/2316
f  2317/2317/2317 2318/2318/2318 2319/2319/2319
f  2320/2320/2320 2321/2321/2321 2322/2322/2322
f  2323/2323/2323 2324/2324/2324 2325/2325/2325
f  2326/2326/2326 2327/2327/2327 2328/2328/2328
f  2329/2329/2329 2330/2330/2330 2331/2331/2331
f  2332/2332/2332 2333/2333/2333 2334/2334/2334
f  2335/2335/2335 2336/2336/2336 2337/2337/2337
f  2338/2338/2338 2339/2339/2339 2340/2340/2340
f  2341/2341/2341 2342/2342/2342 2343/2343/2343
f  2344/2344/2344 2345/2345/2345 2346/2346/2346
f  2347/2347/2347 2348/2348/2348 2349/2349/2349
f  2350/2350/2350 2351/2351/2351 2352/2352/2352
f  2353/2353/2353 2354/2354/2354 2355/2355/2355
f  2356/2356/2356 2357/2357/2357 2358/2358/2358
f  2359/2359/2359 2360/2360/2360 2361/2361/2361
f  2362/2362/2362 2363/2363/2363 2364/2364/2364
f  2365/2365/2365 2366/2366/2366 2367/2367/2367
f  2368/2368/2368 2369/2369/2369 2370/2370/2370
f  2371/2371/2371 2372/2372/2372 2373/2373/2373
f  2374/2374/2374 2375/2375/2375 2376/2376/2376
f  2377/2377/2377 2378/2378/2378 2379/2379/2379
f  2380/2380/2380 2381/2381/2381 2382/2382/2382
f  2383/2383/2383 2384/2384/2384 2385/2385/2385
f  2386/2386/2386 2387/2387/2387 2388/2388/2388
f  2389/2389/2389 2390/2390/2390 2391/2391/2391
f  2392/2392/2392 2393/2393/2393 2394/2394/2394
f  2395/2395/2395 2396/2396/2396 2397/2397/2397
f  2398/2398/2398 2399/2399/2399 2400/2400/2400
f  2401/2401/2401 2402/2402/2402 2403/2403/2403
f  2404/2404/2404 2405/2405/2405 2406/2406/2406
f  2407/2407/2407 2408/2408/2408 2409/2409/2409
f  2410/2410/2410 2411/2411/2411 2412/2412/2412
f  2413/2413/2413 2414/2414/2414 2415/2415/2415
f  2416/2416/2416 2417/2417/2417 2418/2418/2418
f  2419/2419/2419 2420/2420/2420 2421/2421/2421
f  2422/2422/2422 2423/2423/2423 2424/2424/2424
f  2425/2425/2425 2426/2426/2426 2427/2427/2427
f  2428/2428/2428 2429/2429/2429 2430/2430/2430
f  2431/2431/2431 2432/2432/2432 2433/2433/2433
f  2434/2434/2434 2435/2435/2435 2436/2436/2436
f  2437/2437/2437 2438/2438/2438 2439/2439/2439
f  2440/2440/2440 2441/2441/2441 2442/2442/2442
f  2443/2443/2443 2444/2444/2444 2445/2445/2445
f  2446/2446/2446 2447/2447/2447 2448/2448/2448
f  2449/2449/2449 2450/2450/2450 2451/2451/2451
f  2452/2452/2452 2453/2453/2453 2454/2454/2454
f  2455/2455/2455 2456/2456/2456 2457/2457/2457
f  2458/2458/2458 2459/2459/2459 2460/2460/2460
f  2461/2461/2461 2462/2462/2462 2463/2463/2463
f  2464/2464/2464 2465/2465/2465 2466/2466/2466
f  2467/2467/2467 2468/2468/2468 2469/2469/2469
f  2470/2470/2470 2471/2471/2471 2472/2472/2472
f  2473/2473/2473 2474/2474/2474 2475/2475/2475
f  2476/2476/2476 2477/2477/2477 2478/2478/2478
f  2479/2479/2479 2480/2480/2480 2481/2481/2481
f  2482/2482/2482 2483/2483/2483 2484/2484/2484
f  2485/2485/2485 2486/2486/2486 2487/2487/2487
f  2488/2488/2488 2489/2489/2489 2490/2490/2490
f  2491/2491/2491 2492/2492/2492 2493/2493/2493
f  2494/2494/2494 2495/2495/2495 2496/2496/2496
f  2497/2497/2497 2498/2498/2498 2499/2499/2499
f  2500/2500/2500 2501/2501/2501 2502/2502/2502
f  2503/2503/2503 2504/2504/2504 2505/2505/2505
f  2506/2506/2506 2507/2507/2507 2508/2508/2508
f  2509/2509/2509 2510/2510/2510 2511/2511/2511
f  2512/2512/2512 2513/2513/2513 2514/2514/2514
f  2515/2515/2515 2516/2516/2516 2517/2517/2517
f  2518/2518/2518 2519/2519/2519 2520/2520/2520
f  2521/2521/2521 2522/2522/2522 2523/2523/2523
f  2524/2524/2524 2525/2525/2525 2526/2526/2526
f  2527/2527/2527 2528/2528/2528 2529/2529/2529
f  2530/2530/2530 2531/2531/2531 2532/2532/2532
f  2533/2533/2533 2534/2534/2534 2535/2535/2535
f  2536/2536/2536 2537/2537/2537 2538/2538/2538
f  2539/2539/2539 2540/2540/2540 2541/2541/2541
f  2542/2542/2542 2543/2543/2543 2544/2544/2544
f  2545/2545/2545 2546/2546/2546 2547/2547/2547
f  2548/2548/2548 2549/2549/2549 2550/2550/2550
f  2551/2551/2551 2552/2552/2552 2553/2553/2553
f  2554/2554/2554 2555/2555/2555 2556/2556/2556
f  2557/2557/2557 2558/2558/2558 2559/2559/2559
f  2560/2560/2560 2561/2561/2561 2562/2562/2562
f  2563/2563/2563 2564/2564/2564 2565/2565/2565
f  2566/2566/2566 2567/2567/2567 2568/2568/2568
f  2569/2569/2569 2570/2570/2570 2571/2571/2571
f  2572/2572/2572 2573/2573/2573 2574/2574/2574
f  2575/2575/2575 2576/2576/2576 2577/2577/2577
f  2578/2578/2578 2579/2579/2579 2580/2580/2580
f  2581/2581/2581 2582/2582/2582 2583/2583/2583
f  2584/2584/2584 2585/2585/2585 2586/2586/2586
f  2587/2587/2587 2588/2588/2588 2589/2589/2589
f  2590/2590/2590 2591/2591/2591 2592/2592/2592
f  2593/2593/2593 2594/2594/2594 2595/2595/2595
f  2596/2596/2596 2597/2597/2597 2598/2598/2598
f  2599/2599/2599 2600/2600/2600 2601/2601/2601
f  2602/2602/2602 2603/2603/2603 2604/2604/2604
f  2605/2605/2605 2606/2606/2606 2607/2607/2607
f  2608/2608/2608 2609/2609/2609 2610/2610/2610
f  2611/2611/2611 2612/2612/2612 2613/2613/2613
f  2614/2614/2614 2615/2615/2615 2616/2616/2616
f  2617/2617/2617 2618/2618/2618 2619/2619/2619
f  2620/2620/2620 2621/2621/2621 2622/2622/2622
f  2623/2623/2623 2624/2624/2624 2625/2625/2625
f  2626/2626/2626 2627/2627/2627 2628/2628/2628
f  2629/2629/2629 2630/2630/2630 2631/2631/2631
f  2632/2632/2632 2633/2633/2633 2634/2634/2634
f  2635/2635/2635 2636/2636/2636 2637/2637/2637
f  2638/2638/2638 2639/2639/2639 2640/2640/2640
f  2641/2641/2641 2642/2642/2642 2643/2643/2643
f  2644/2644/2644 2645/2645/2645 2646/2646/2646
f  2647/2647/2647 2648/2648/2648 2649/2649/2649
f  2650/2650/2650 2651/2651/2651 2652/2652/2652
f  2653/2653/2653 2654/2654/2654 2655/2655/2655
f  2656/2656/2656 2657/2657/2657 2658/2658/2658
f  2659/2659/2659 2660/2660/2660 2661/2661/2661
f  2662/2662/2662 2663/2663/2663 2664/2664/2664
f  2665/2665/2665 2666/2666/2666 2667/2667/2667
f  2668/2668/2668 2669/2669/2669 2670/2670/2670
f  2671/2671/2671 2672/2672/2672 2673/2673/2673
f  2674/2674/2674 2675/2675/2675 2676/2676/2676
f  2677/2677/2677 2678/2678/2678 2679/2679/2679
f  2680/2680/2680 2681/2681/2681 2682/2682/2682
f  2683/2683/2683 2684/2684/2684 2685/2685/2685
f  2686/2686/2686 2687/2687/2687 2688/2688/2688
f  2689/2689/2689 2690/2690/2690 2691/2691/2691
f  2692/2692/2692 2693/2693/2693 2694/2694/2694
f  2695/2695/2695 2696/2696/2696 2697/2697/2697
f  2698/2698/2698 2699/2699/2699 2700/2700/2700
f  2701/2701/2701 2702/2702/2702 2703/2703/2703
f  2704/2704/2704 2705/2705/2705 2706/2706/2706
f  2707/2707/2707 2708/2708/2708 2709/2709/2709
f  2710/2710/2710 2711/2711/2711 2712/2712/2712
f  2713/2713/2713 2714/2714/2714 2715/2715/2715
f  2716/2716/2716 2717/2717/2717 2718/2718/2718
f  2719/2719/2719 2720/2720/2720 2721/2721/2721
f  2722/2722/2722 2723/2723/2723 2724/2724/2724
f  2725/2725/2725 2726/2726/2726 2727/2727/2727
f  2728/2728/2728 2729/2729/2729 2730/2730/2730
f  2731/2731/2731 2732/2732/2732 2733/2733/2733
f  2734/2734/2734 2735/2735/2735 2736/2736/2736
f  2737/2737/2737 2738/2738/2738 2739/2739/2739
f  2740/2740/2740 2741/2741/2741 2742/2742/2742
f  2743/2743/2743 2744/2744/2744 2745/2745/2745
f  2746/2746/2746 2747/2747/2747 2748/2748/2748
f  2749/2749/2749 2750/2750/2750 2751/2751/2751
f  2752/2752/2752 2753/2753/2753 2754/2754/2754
f  2755/2755/2755 2756/2756/2756 2757/2757/2757
f  2758/2758/2758 2759/2759/2759 2760/2760/2760
f  2761/2761/2761 2762/2762/2762 2763/2763/2763
f  2764/2764/2764 2765/2765/2765 2766/2766/2766
f  2767/2767/2767 2768/2768/2768 2769/2769/2769
f  2770/2770/2770 2771/2771/2771 2772/2772/2772
f  2773/2773/2773 2774/2774/2774 2775/2775/2775
f  2776/2776/2776 2777/2777/2777 2778/2778/2778
f  2779/2779/2779 2780/2780/2780 2781/2781/2781
f  2782/2782/2782 2783/2783/2783 2784/2784/2784
f  2785/2785/2785 2786/2786/2786 2787/2787/2787
f  2788/2788/2788 2789/2789/2789 2790/2790/2790
f  2791/2791/2791 2792/2792/2792 2793/2793/2793
f  2794/2794/2794 2795/2795/2795 2796/2796/2796
f  2797/2797/2797 2798/2798/2798 2799/2799/2799
f  2800/2800/2800 2801/2801/2801 2802/2802/2802
f  2803/2803/2803 2804/2804/2804 2805/2805/2805
f  2806/2806/2806 2807/2807/2807 2808/2808/2808
f  2809/2809/2809 2810/2810/2810 2811/2811/2811
f  2812/2812/2812 2813/2813/2813 2814/2814/2814
f  2815/2815/2815 2816/2816/2816 2817/2817/2817
f  2818/2818/2818 2819/2819/2819 2820/2820/2820
f  2821/2821/2821 2822/2822/2822 2823/2823/2823
f  2824/2824/2824 2825/2825/2825 2826/2826/2826
f  2827/2827/2827 2828/2828/2828 2829/2829/2829
f  2830/2830/2830 2831/2831/2831 2832/2832/2832
f  2833/2833/2833 2834/2834/2834 2835/2835/2835
f  2836/2836/2836 2837/2837/2837 2838/2838/2838
f  2839/2839/2839 2840/2840/2840 2841/2841/2841
f  2842/2842/2842 2843/2843/2843 2844/2844/2844
f  2845/2845/2845 2846/2846/2846 2847/2847/2847
f  2848/2848/2848 2849/2849/2849 2850/2850/2850
f  2851/2851/2851 2852/2852/2852 2853/2853/2853
f  2854/2854/2854 2855/2855/2855 2856/2856/2856
f  2857/2857/2857 2858/2858/2858 2859/2859/2859
f  2860/2860/2860 2861/2861/2861 2862/2862/2862
f  2863/2863/2863 2864/2864/2864 2865/2865/2865
f  2866/2866/2866 2867/2867/2867 2868/2868/2868
f  2869/2869/2869 2870/2870/2870 2871/2871/2871
f  2872/2872/2872 2873/2873/2873 2874/2874/2874
f  2875/2875/2875 2876/2876/2876 2877/2877/2877
f  2878/2878/2878 2879/2879/2879 2880/2880/2880
f  2881/2881/2881 2882/2882/2882 2883/2883/2883
f  2884/2884/2884 2885/2885/2885 2886/2886/2886
f  2887/2887/2887 2888/2888/2888 2889/2889/2889
f  2890/2890/2890 2891/2891/2891 2892/2892/2892
f  2893/2893/2893 2894/2894/2894 2895/2895/2895
f  2896/2896/2896 2897/2897/2897 2898/2898/2898
f  2899/2899/2899 2900/2900/2900 2901/2901/2901
f  2902/2902/2902 2903/2903/2903 2904/2904/2904
f  2905/2905/2905 2906/2906/2906 2907/2907/2907
f  2908/2908/2908 2909/2909/2909 2910/2910/2910
f  2911/2911/2911 2912/2912/2912 2913/2913/2913
f  2914/2914/2914 2915/2915/2915 2916/2916/2916
f  2917/2917/2917 2918/2918/2918 2919/2919/2919
f  2920/2920/2920 2921/2921/2921 2922/2922/2922
f  2923/2923/2923 2924/2924/2924 2925/2925/2925
f  2926/2926/2926 2927/2927/2927 2928/2928/2928
f  2929/2929/2929 2930/2930/2930 2931/2931/2931
f  2932/2932/2932 2933/2933/2933 2934/2934/2934
f  2935/2935/2935 2936/2936/2936 2937/2937/2937
f  2938/2938/2938 2939/2939/2939 2940/2940/2940
f  2941/2941/2941 2942/2942/2942 2943/2943/2943
f  2944/2944/2944 2945/2945/2945 2946/2946/2946
f  2947/2947/2947 2948/2948/2948 2949/2949/2949
f  2950/2950/2950 2951/2951/2951 2952/2952/2952
f  2953/2953/2953 2954/2954/2954 2955/2955/2955
f  2956/2956/2956 2957/2957/2957 2958/2958/2958
f  2959/2959/2959 2960/2960/2960 2961/2961/2961
f  2962/2962/2962 2963/2963/2963 2964/2964/2964
f  2965/2965/2965 2966/2966/2966 2967/2967/2967
f  2968/2968/2968 2969/2969/2969 2970/2970/2970
f  2971/2971/2971 2972/2972/2972 2973/2973/2973
f  2974/2974/2974 2975/2975/2975 2976/2976/2976
f  2977/2977/2977 2978/2978/2978 2979/2979/2979
f  2980/2980/2980 2981/2981/2981 2982/2982/2982
f  2983/2983/2983 2984/2984/2984 2985/2985/2985
f  2986/2986/2986 2987/2987/2987 2988/2988/2988
f  2989/2989/2989 2990/2990/2990 2991/2991/2991
f  2992/2992/2992 2993/2993/2993 2994/2994/2994
f  2995/2995/2995 2996/2996/2996 2997/2997/2997
f  2998/2998/2998 2999/2999/2999 3000/3000/3000
f  3001/3001/3001 3002/3002/3002 3003/3003/3003
f  3004/3004/3004 3005/3005/3005 3006/3006/3006
f  3007/3007/3007 3008/3008/3008 3009/3009/3009
f  3010/3010/3010 3011/3011/3011 3012/3012/3012
f  3013/3013/3013 3014/3014/3014 3015/3015/3015
f  3016/3016/3016 3017/3017/3017 3018/3018/3018
f  3019/3019/3019 3020/3020/3020 3021/3021/3021
f  3022/3022/3022 3023/3023/3023 3024/3024/3024
f  3025/3025/3025 3026/3026/3026 3027/3027/3027
f  3028/3028/3028 3029/3029/3029 3030/3030/3030
f  3031/3031/3031 3032/3032/3032 3033/3033/3033
f  3034/3034/3034 3035/3035/3035 3036/3036/3036
f  3037/3037/3037 3038/3038/3038 3039/3039/3039
f  3040/3040/3040 3041/3041/3041 3042/3042/3042
f  3043/3043/3043 3044/3044/3044 3045/3045/3045
f  3046/3046/3046 3047/3047/3047 3048/3048/3048
f  3049/3049/3049 3050/3050/3050 3051/3051/3051
f  3052/3052/3052 3053/3053/3053 3054/3054/3054
f  3055/3055/3055 3056/3056/3056 3057/3057/3057
f  3058/3058/3058 3059/3059/3059 3060/3060/3060
f  3061/3061/3061 3062/3062/3062 3063/3063/3063
f  3064/3064/3064 3065/3065/3065 3066/3066/3066
f  3067/3067/3067 3068/3068/3068 3069/3069/3069
f  3070/3070/3070 3071/3071/3071 3072/3072/3072
f  3073/3073/3073 3074/3074/3074 3075/3075/3075
f  3076/3076/3076 3077/3077/3077 3078/3078/3078
f  3079/3079/3079 3080/3080/3080 3081/3081/3081
f  3082/3082/3082 3083/3083/3083 3084/3084/3084
f  3085/3085/3085 3086/3086/3086 3087/3087/3087
f  3088/3088/3088 3089/3089/3089 3090/3090/3090
f  3091/3091/3091 3092/3092/3092 3093/3093/3093
f  3094/3094/3094 3095/3095/3095 3096/3096/3096
f  3097/3097/3097 3098/3098/3098 3099/3099/3099
f  3100/3100/3100 3101/3101/3101 3102/3102/3102
f  3103/3103/3103 3104/3104/3104 3105/3105/3105
f  3106/3106/3106 3107/3107/3107 3108/3108/3108
f  3109/3109/3109 3110/3110/3110 3111/3111/3111
f  3112/3112/3112 3113/3113/3113 3114/3114/3114
f  3115/3115/3115 3116/3116/3116 3117/3117/3117
f  3118/3118/3118 3119/3119/3119 3120/3120/3120
f  3121/3121/3121 3122/3122/3122 3123/3123/3123
f  3124/3124/3124 3125/3125/3125 3126/3126/3126
f  3127/3127/3127 3128/3128/3128 3129/3129/3129
f  3130/3130/3130 3131/3131/3131 3132/3132/3132
f  3133/3133/3133 3134/3134/3134 3135/3135/3135
f  3136/3136/3136 3137/3137/3137 3138/3138/3138
f  3139/3139/3139 3140/3140/3140 3141/3141/3141
f  3142/3142/3142 3143/3143/3143 3144/3144/3144
f  3145/3145/3145 3146/3146/3146 3147/3147/3147
f  3148/3148/3148 3149/3149/3149 3150/3150/3150
f  3151/3151/3151 3152/3152/3152 3153/3153/3153
f  3154/3154/3154 3155/3155/3155 3156/3156/3156
f  3157/3157/3157 3158/3158/3158 3159/3159/3159
f  3160/3160/3160 3161/3161/3161 3162/3162/3162
f  3163/3163/3163 3164/3164/3164 3165/3165/3165
f  3166/3166/3166 3167/3167/3167 3168/3168/3168
f  3169/3169/3169 3170/3170/3170 3171/3171/3171
f  3172/3172/3172 3173/3173/3173 3174/3174/3174
f  3175/3175/3175 3176/3176/3176 3177/3177/3177
f  3178/3178/3178 3179/3179/3179 3180/3180/3180
f  3181/3181/3181 3182/3182/3182 3183/3183/3183
f  3184/3184/3184 3185/3185/3185 3186/3186/3186
f  3187/3187/3187 3188/3188/3188 3189/3189/3189
f  3190/3190/3190 3191/3191/3191 3192/3192/3192
f  3193/3193/3193 3194/3194/3194 3195/3195/3195
f  3196/3196/3196 3197/3197/3197 3198/3198/3198
f  3199/3199/3199 3200/3200/3200 3201/3201/3201
f  3202/3202/3202 3203/3203/3203 3204/3204/3204
f  3205/3205/3205 3206/3206/3206 3207/3207/3207
f  3208/3208/3208 3209/3209/3209 3210/3210/3210
f  3211/3211/3211 3212/3212/3212 3213/3213/3213
f  3214/3214/3214 3215/3215/3215 3216/3216/3216
f  3217/3217/3217 3218/3218/3218 3219/3219/3219
f  3220/3220/3220 3221/3221/3221 3222/3222/3222
f  3223/3223/3223 3224/3224/3224 3225/3225/3225
f  3226/3226/3226 3227/3227/3227 3228/3228/3228
f  3229/3229/3229 3230/3230/3230 3231/3231/3231
f  3232/3232/3232 3233/3233/3233 3234/3234/3234
f  3235/3235/3235 3236/3236/3236 3237/3237/3237
f  3238/3238/3238 3239/3239/3239 3240/3240/3240
f  3241/3241/3241 3242/3242/3242 3243/3243/3243
f  3244/3244/3244 3245/3245/3245 3246/3246/3246
f  3247/3247/3247 3248/3248/3248 3249/3249/3249
f  3250/3250/3250 3251/3251/3251 3252/3252/3252
f  3253/3253/3253 3254/3254/3254 3255/3255/3255
f  3256/3256/3256 3257/3257/3257 3258/3258/3258
f  3259/3259/3259 3260/3260/3260 3261/3261/3261
f  3262/3262/3262 3263/3263/3263 3264/3264/3264
f  3265/3265/3265 3266/3266/3266 3267/3267/3267
f  3268/3268/3268 3269/3269/3269 3270/3270/3270
f  3271/3271/3271 3272/3272/3272 3273/3273/3273
f  3274/3274/3274 3275/3275/3275 3276/3276/3276
f  3277/3277/3277 3278/3278/3278 3279/3279/3279
f  3280/3280/3280 3281/3281/3281 3282/3282/3282
f  3283/3283/3283 3284/3284/3284 3285/3285/3285
f  3286/3286/3286 3287/3287/3287 3288/3288/3288
f  3289/3289/3289 3290/3290/3290 3291/3291/3291
f  3292/3292/3292 3293/3293/3293 3294/3294/3294
f  3295/3295/3295 3296/3296/3296 3297/3297/3297
f  3298/3298/3298 3299/3299/3299 3300/3300/3300
f  3301/3301/3301 3302/3302/3302 3303/3303/3303
f  3304/3304/3304 3305/3305/3305 3306/3306/3306
f  3307/3307/3307 3308/3308/3308 3309/3309/3309
f  3310/3310/3310 3311/3311/3311 3312/3312/3312
f  3313/3313/3313 3314/3314/3314 3315/3315/3315
f  3316/3316/3316 3317/3317/3317 3318/3318/3318
f  3319/3319/3319 3320/3320/3320 3321/3321/3321
f  3322/3322/3322 3323/3323/3323 3324/3324/3324
f  3325/3325/3325 3326/3326/3326 3327/3327/3327
f  3328/3328/3328 3329/3329/3329 3330/3330/3330
f  3331/3331/3331 3332/3332/3332 3333/3333/3333
f  3334/3334/3334 3335/3335/3335 3336/3336/3336
f  3337/3337/3337 3338/3338/3338 3339/3339/3339
f  3340/3340/3340 3341/3341/3341 3342/3342/3342
f  3343/3343/3343 3344/3344/3344 3345/3345/3345
f  3346/3346/3346 3347/3347/3347 3348/3348/3348
f  3349/3349/3349 3350/3350/3350 3351/3351/3351
f  3352/3352/3352 3353/3353/3353 3354/3354/3354
f  3355/3355/3355 3356/3356/3356 3357/3357/3357
f  3358/3358/3358 3359/3359/3359 3360/3360/3360
f  3361/3361/3361 3362/3362/3362 3363/3363/3363
f  3364/3364/3364 3365/3365/3365 3366/3366/3366
f  3367/3367/3367 3368/3368/3368 3369/3369/3369
f  3370/3370/3370 3371/3371/3371 3372/3372/3372
f  3373/3373/3373 3374/3374/3374 3375/3375/3375
f  3376/3376/3376 3377/3377/3377 3378/3378/3378
f  3379/3379/3379 3380/3380/3380 3381/3381/3381
f  3382/3382/3382 3383/3383/3383 3384/3384/3384
f  3385/3385/3385 3386/3386/3386 3387/3387/3387
f  3388/3388/3388 3389/3389/3389 3390/3390/3390
f  3391/3391/3391 3392/3392/3392 3393/3393/3393
f  3394/3394/3394 3395/3395/3395 3396/3396/3396
f  3397/3397/3397 3398/3398/3398 3399/3399/3399
f  3400/3400/3400 3401/3401/3401 3402/3402/3402
f  3403/3403/3403 3404/3404/3404 3405/3405/3405
f  3406/3406/3406 3407/3407/3407 3408/3408/3408
f  3409/3409/3409 3410/3410/3410 3411/3411/3411
f  3412/3412/3412 3413/3413/3413 3414/3414/3414
f  3415/3415/3415 3416/3416/3416 3417/3417/3417
f  3418/3418/3418 3419/3419/3419 3420/3420/3420
f  3421/3421/3421 3422/3422/3422 3423/3423/3423
f  3424/3424/3424 3425/3425/3425 3426/3426/3426
f  3427/3427/3427 3428/3428/3428 3429/3429/3429
f  3430/3430/3430 3431/3431/3431 3432/3432/3432
f  3433/3433/3433 3434/3434/3434 3435/3435/3435
f  3436/3436/3436 3437/3437/3437 3438/3438/3438
f  3439/3439/3439 3440/3440/3440 3441/3441/3441
f  3442/3442/3442 3443/3443/3443 3444/3444/3444
f  3445/3445/3445 3446/3446/3446 3447/3447/3447
f  3448/3448/3448 3449/3449/3449 3450/3450/3450
f  3451/3451/3451 3452/3452/3452 3453/3453/3453
f  3454/3454/3454 3455/3455/3455 3456/3456/3456
f  3457/3457/3457 3458/3458/3458 3459/3459/3459
f  3460/3460/3460 3461/3461/3461 3462/3462/3462
f  3463/3463/3463 3464/3464/3464 3465/3465/3465
f  3466/3466/3466 3467/3467/3467 3468/3468/3468
f  3469/3469/3469 3470/3470/3470 3471/3471/3471
f  3472/3472/3472 3473/3473/3473 3474/3474/3474
f  3475/3475/3475 3476/3476/3476 3477/3477/3477
f  3478/3478/3478 3479/3479/3479 3480/3480/3480
f  3481/3481/3481 3482/3482/3482 3483/3483/3483
f  3484/3484/3484 3485/3485/3485 3486/3486/3486
f  3487/3487/3487 3488/3488/3488 3489/3489/3489
f  3490/3490/3490 3491/3491/3491 3492/3492/3492
f  3493/3493/3493 3494/3494/3494 3495/3495/3495
f  3496/3496/3496 3497/3497/3497 3498/3498/3498
f  3499/3499/3499 3500/3500/3500 3501/3501/3501
f  3502/3502/3502 3503/3503/3503 3504/3504/3504
f  3505/3505/3505 3506/3506/3506 3507/3507/3507
f  3508/3508/3508 3509/3509/3509 3510/3510/3510
f  3511/3511/3511 3512/3512/3512 3513/3513/3513
f  3514/3514/3514 3515/3515/3515 3516/3516/3516
f  3517/3517/3517 3518/3518/3518 3519/3519/3519
f  3520/3520/3520 3521/3521/3521 3522/3522/3522
f  3523/3523/3523 3524/3524/3524 3525/3525/3525
f  3526/3526/3526 3527/3527/3527 3528/3528/3528
f  3529/3529/3529 3530/3530/3530 3531/3531/3531
f  3532/3532/3532 3533/3533/3533 3534/3534/3534
f  3535/3535/3535 3536/3536/3536 3537/3537/3537
f  3538/3538/3538 3539/3539/3539 3540/3540/3540
f  3541/3541/3541 3542/3542/3542 3543/3543/3543
f  3544/3544/3544 3545/3545/3545 3546/3546/3546
f  3547/3547/3547 3548/3548/3548 3549/3549/3549
f  3550/3550/3550 3551/3551/3551 3552/3552/3552
f  3553/3553/3553 3554/3554/3554 3555/3555/3555
f  3556/3556/3556 3557/3557/3557 3558/3558/3558
f  3559/3559/3559 3560/3560/3560 3561/3561/3561
f  3562/3562/3562 3563/3563/3563 3564/3564/3564
f  3565/3565/3565 3566/3566/3566 3567/3567/3567
f  3568/3568/3568 3569/3569/3569 3570/3570/3570
f  3571/3571/3571 3572/3572/3572 3573/3573/3573
f  3574/3574/3574 3575/3575/3575 3576/3576/3576
f  3577/3577/3577 3578/3578/3578 3579/3579/3579
f  3580/3580/3580 3581/3581/3581 3582/3582/3582
f  3583/3583/3583 3584/3584/3584 3585/3585/3585
f  3586/3586/3586 3587/3587/3587 3588/3588/3588
f  3589/3589/3589 3590/3590/3590 3591/3591/3591
f  3592/3592/3592 3593/3593/3593 3594/3594/3594
f  3595/3595/3595 3596/3596/3596 3597/3597/3597
f  3598/3598/3598 3599/3599/3599 3600/3600/3600
f  3601/3601/3601 3602/3602/3602 3603/3603/3603
f  3604/3604/3604 3605/3605/3605 3606/3606/3606
f  3607/3607/3607 3608/3608/3608 3609/3609/3609
f  3610/3610/3610 3611/3611/3611 3612/3612/3612
f  3613/3613/3613 3614/3614/3614 3615/3615/3615
f  3616/3616/3616 3617/3617/3617 3618/3618/3618
f  3619/3619/3619 3620/3620/3620 3621/3621/3621
f  3622/3622/3622 3623/3623/3623 3624/3624/3624
f  3625/3625/3625 3626/3626/3626 3627/3627/3627
f  3628/3628/3628 3629/3629/3629 3630/3630/3630
f  3631/3631/3631 3632/3632/3632 3633/3633/3633
f  3634/3634/3634 3635/3635/3635 3636/3636/3636
f  3637/3637/3637 3638/3638/3638 3639/3639/3639
f  3640/3640/3640 3641/3641/3641 3642/3642/3642
f  3643/3643/3643 3644/3644/3644 3645/3645/3645
f  3646/3646/3646 3647/3647/3647 3648/3648/3648
f  3649/3649/3649 3650/3650/3650 3651/3651/3651
f  3652/3652/3652 3653/3653/3653 3654/3654/3654
f  3655/3655/3655 3656/3656/3656 3657/3657/3657
f  3658/3658/3658 3659/3659/3659 3660/3660/3660
f  3661/3661/3661 3662/3662/3662 3663/3663/3663
f  3664/3664/3664 3665/3665/3665 3666/3666/3666
f  3667/3667/3667 3668/3668/3668 3669/3669/3669
f  3670/3670/3670 3671/3671/3671 3672/3672/3672
f  3673/3673/3673 3674/3674/3674 3675/3675/3675
f  3676/3676/3676 3677/3677/3677 3678/3678/3678
f  3679/3679/3679 3680/3680/3680 3681/3681/3681
f  3682/3682/3682 3683/3683/3683 3684/3684/3684
f  3685/3685/3685 3686/3686/3686 3687/3687/3687
f  3688/3688/3688 3689/3689/3689 3690/3690/3690
f  3691/3691/3691 3692/3692/3692 3693/3693/3693
f  3694/3694/3694 3695/3695/3695 3696/3696/3696
f  3697/3697/3697 3698/3698/3698 3699/3699/3699
f  3700/3700/3700 3701/3701/3701 3702/3702/3702
f  3703/3703/3703 3704/3704/3704 3705/3705/3705
f  3706/3706/3706 3707/3707/3707 3708/3708/3708
f  3709/3709/3709 3710/3710/3710 3711/3711/3711
f  3712/3712/3712 3713/3713/3713 3714/3714/3714
f  3715/3715/3715 3716/3716/3716 3717/3717/3717
f  3718/3718/3718 3719/3719/3719 3720/3720/3720
f  3721/3721/3721 3722/3722/3722 3723/3723/3723
f  3724/3724/3724 3725/3725/3725 3726/3726/3726
f  3727/3727/3727 3728/3728/3728 3729/3729/3729
f  3730/3730/3730 3731/3731/3731 3732/3732/3732
f  3733/3733/3733 3734/3734/3734 3735/3735/3735
f  3736/3736/3736 3737/3737/3737 3738/3738/3738
f  3739/3739/3739 3740/3740/3740 3741/3741/3741
f  3742/3742/3742 3743/3743/3743 3744/3744/3744
f  3745/3745/3745 3746/3746/3746 3747/3747/3747
f  3748/3748/3748 3749/3749/3749 3750/3750/3750
f  3751/3751/3751 3752/3752/3752 3753/3753/3753
f  3754/3754/3754 3755/3755/3755 3756/3756/3756
f  3757/3757/3757 3758/3758/3758 3759/3759/3759
f  3760/3760/3760 3761/3761/3761 3762/3762/3762
f  3763/3763/3763 3764/3764/3764 3765/3765/3765
f  3766/3766/3766 3767/3767/3767 3768/3768/3768
f  3769/3769/3769 3770/3770/3770 3771/3771/3771
f  3772/3772/3772 3773/3773/3773 3774/3774/3774
f  3775/3775/3775 3776/3776/3776 3777/3777/3777
f  3778/3778/3778 3779/3779/3779 3780/3780/3780
f  3781/3781/3781 3782/3782/3782 3783/3783/3783
f  3784/3784/3784 3785/3785/3785 3786/3786/3786
f  3787/3787/3787 3788/3788/3788 3789/3789/3789
f  3790/3790/3790 3791/3791/3791 3792/3792/3792
f  3793/3793/3793 3794/3794/3794 3795/3795/3795
f  3796/3796/3796 3797/3797/3797 3798/3798/3798
f  3799/3799/3799 3800/3800/3800 3801/3801/3801
f  3802/3802/3802 3803/3803/3803 3804/3804/3804
f  3805/3805/3805 3806/3806/3806 3807/3807/3807
f  3808/3808/3808 3809/3809/3809 3810/3810/3810
f  3811/3811/3811 3812/3812/3812 3813/3813/3813
f  3814/3814/3814 3815/3815/3815 3816/3816/3816
f  3817/3817/3817 3818/3818/3818 3819/3819/3819
f  3820/3820/3820 3821/3821/3821 3822/3822/3822
f  3823/3823/3823 3824/3824/3824 3825/3825/3825
f  3826/3826/3826 3827/3827/3827 3828/3828/3828
f  3829/3829/3829 3830/3830/3830 3831/3831/3831
f  3832/3832/3832 3833/3833/3833 3834/3834/3834
f  3835/3835/3835 3836/3836/3836 3837/3837/3837
f  3838/3838/3838 3839/3839/3839 3840/3840/3840
f  3841/3841/3841 3842/3842/3842 3843/3843/3843
f  3844/3844/3844 3845/3845/3845 3846/3846/3846
f  3847/3847/3847 3848/3848/3848 3849/3849/3849
f  3850/3850/3850 3851/3851/3851 3852/3852/3852
f  3853/3853/3853 3854/3854/3854 3855/3855/3855
f  3856/3856/3856 3857/3857/3857 3858/3858/3858
f  3859/3859/3859 3860/3860/3860 3861/3861/3861
f  3862/3862/3862 3863/3863/3863 3864/3864/3864
f  3865/3865/3865 3866/3866/3866 3867/3867/3867
f  3868/3868/3868 3869/3869/3869 3870/3870/3870
f  3871/3871/3871 3872/3872/3872 3873/3873/3873
f  3874/3874/3874 3875/3875/3875 3876/3876/3876
f  3877/3877/3877 3878/3878/3878 3879/3879/3879
f  3880/3880/3880 3881/3881/3881 3882/3882/3882
f  3883/3883/3883 3884/3884/3884 3885/3885/3885
f  3886/3886/3886 3887/3887/3887 3888/3888/3888
f  3889/3889/3889 3890/3890/3890 3891/3891/3891
f  3892/3892/3892 3893/3893/3893 3894/3894/3894
f  3895/3895/3895 3896/3896/3896 3897/3897/3897
f  3898/3898/3898 3899/3899/3899 3900/3900/3900
f  3901/3901/3901 3902/3902/3902 3903/3903/3903
f  3904/3904/3904 3905/3905/3905 3906/3906/3906
f  3907/3907/3907 3908/3908/3908 3909/3909/3909
f  3910/3910/3910 3911/3911/3911 3912/3912/3912
f  3913/3913/3913 3914/3914/3914 3915/3915/3915
f  3916/3916/3916 3917/3917/3917 3918/3918/3918
f  3919/3919/3919 3920/3920/3920 3921/3921/3921
f  3922/3922/3922 3923/3923/3923 3924/3924/3924
f  3925/3925/3925 3926/3926/3926 3927/3927/3927
f  3928/3928/3928 3929/3929/3929 3930/3930/3930
f  3931/3931/3931 3932/3932/3932 3933/3933/3933
f  3934/3934/3934 3935/3935/3935 3936/3936/3936
f  3937/3937/3937 3938/3938/3938 3939/3939/3939
f  3940/3940/3940 3941/3941/3941 3942/3942/3942
f  3943/3943/3943 3944/3944/3944 3945/3945/3945
f  3946/3946/3946 3947/3947/3947 3948/3948/3948
f  3949/3949/3949 3950/3950/3950 3951/3951/3951
f  3952/3952/3952 3953/3953/3953 3954/3954/3954
f  3955/3955/3955 3956/3956/3956 3957/3957/3957
f  3958/3958/3958 3959/3959/3959 3960/3960/3960
f  3961/3961/3961 3962/3962/3962 3963/3963/3963
f  3964/3964/3964 3965/3965/3965 3966/3966/3966
f  3967/3967/3967 3968/3968/3968 3969/3969/3969
f  3970/3970/3970 3971/3971/3971 3972/3972/3972
f  3973/3973/3973 3974/3974/3974 3975/3975/3975
f  3976/3976/3976 3977/3977/3977 3978/3978/3978
f  3979/3979/3979 3980/3980/3980 3981/3981/3981
f  3982/3982/3982 3983/3983/3983 3984/3984/3984
f  3985/3985/3985 3986/3986/3986 3987/3987/3987
f  3988/3988/3988 3989/3989/3989 3990/3990/3990
f  3991/3991/3991 3992/3992/3992 3993/3993/3993
f  3994/3994/3994 3995/3995/3995 3996/3996/3996
f  3997/3997/3997 3998/3998/3998 3999/3999/3999
f  4000/4000/4000 4001/4001/4001 4002/4002/4002
f  4003/4003/4003 4004/4004/4004 4005/4005/4005
f  4006/4006/4006 4007/4007/4007 4008/4008/4008
f  4009/4009/4009 4010/4010/4010 4011/4011/4011
f  4012/4012/4012 4013/4013/4013 4014/4014/4014
f  4015/4015/4015 4016/4016/4016 4017/4017/4017
f  4018/4018/4018 4019/4019/4019 4020/4020/4020
f  4021/4021/4021 4022/4022/4022 4023/4023/4023
f  4024/4024/4024 4025/4025/4025 4026/4026/4026
f  4027/4027/4027 4028/4028/4028 4029/4029/4029
f  4030/4030/4030 4031/4031/4031 4032/4032/4032
f  4033/4033/4033 4034/4034/4034 4035/4035/4035
f  4036/4036/4036 4037/4037/4037 4038/4038/4038
f  4039/4039/4039 4040/4040/4040 4041/4041/4041
f  4042/4042/4042 4043/4043/4043 4044/4044/4044
f  4045/4045/4045 4046/4046/4046 4047/4047/4047
f  4048/4048/4048 4049/4049/4049 4050/4050/4050
f  4051/4051/4051 4052/4052/4052 4053/4053/4053
f  4054/4054/4054 4055/4055/4055 4056/4056/4056
f  4057/4057/4057 4058/4058/4058 4059/4059/4059
f  4060/4060/4060 4061/4061/4061 4062/4062/4062
f  4063/4063/4063 4064/4064/4064 4065/4065/4065
f  4066/4066/4066 4067/4067/4067 4068/4068/4068
f  4069/4069/4069 4070/4070/4070 4071/4071/4071
f  4072/4072/4072 4073/4073/4073 4074/4074/4074
f  4075/4075/4075 4076/4076/4076 4077/4077/4077
f  4078/4078/4078 4079/4079/4079 4080/4080/4080
f  4081/4081/4081 4082/4082/4082 4083/4083/4083
f  4084/4084/4084 4085/4085/4085 4086/4086/4086
f  4087/4087/4087 4088/4088/4088 4089/4089/4089
f  4090/4090/4090 4091/4091/4091 4092/4092/4092
f  4093/4093/4093 4094/4094/4094 4095/4095/4095
f  4096/4096/4096 4097/4097/4097 4098/4098/4098
f  4099/4099/4099 4100/4100/4100 4101/4101/4101
f  4102/4102/4102 4103/4103/4103 4104/4104/4104
f  4105/4105/4105 4106/4106/4106 4107/4107/4107
f  4108/4108/4108 4109/4109/4109 4110/4110/4110
f  4111/4111/4111 4112/4112/4112 4113/4113/4113
f  4114/4114/4114 4115/4115/4115 4116/4116/4116
f  4117/4117/4117 4118/4118/4118 4119/4119/4119
f  4120/4120/4120 4121/4121/4121 4122/4122/4122
f  4123/4123/4123 4124/4124/4124 4125/4125/4125
f  4126/4126/4126 4127/4127/4127 4128/4128/4128
f  4129/4129/4129 4130/4130/4130 4131/4131/4131
f  4132/4132/4132 4133/4133/4133 4134/4134/4134
f  4135/4135/4135 4136/4136/4136 4137/4137/4137
f  4138/4138/4138 4139/4139/4139 4140/4140/4140
f  4141/4141/4141 4142/4142/4142 4143/4143/4143
f  4144/4144/4144 4145/4145/4145 4146/4146/4146
f  4147/4147/4147 4148/4148/4148 4149/4149/4149
f  4150/4150/4150 4151/4151/4151 4152/4152/4152
f  4153/4153/4153 4154/4154/4154 4155/4155/4155
f  4156/4156/4156 4157/4157/4157 4158/4158/4158
f  4159/4159/4159 4160/4160/4160 4161/4161/4161
f  4162/4162/4162 4163/4163/4163 4164/4164/4164
f  4165/4165/4165 4166/4166/4166 4167/4167/4167
f  4168/4168/4168 4169/4169/4169 4170/4170/4170
f  4171/4171/4171 4172/4172/4172 4173/4173/4173
f  4174/4174/4174 4175/4175/4175 4176/4176/4176
f  4177/4177/4177 4178/4178/4178 4179/4179/4179
f  4180/4180/4180 4181/4181/4181 4182/4182/4182
f  4183/4183/4183 4184/4184/4184 4185/4185/4185
f  4186/4186/4186 4187/4187/4187 4188/4188/4188
f  4189/4189/4189 4190/4190/4190 4191/4191/4191
f  4192/4192/4192 4193/4193/4193 4194/4194/4194
f  4195/4195/4195 4196/4196/4196 4197/4197/4197
f  4198/4198/4198 4199/4199/4199 4200/4200/4200
f  4201/4201/4201 4202/4202/4202 4203/4203/4203
f  4204/4204/4204 4205/4205/4205 4206/4206/4206
f  4207/4207/4207 4208/4208/4208 4209/4209/4209
f  4210/4210/4210 4211/4211/4211 4212/4212/4212
f  4213/4213/4213 4214/4214/4214 4215/4215/4215
f  4216/4216/4216 4217/4217/4217 4218/4218/4218
f  4219/4219/4219 4220/4220/4220 4221/4221/4221
f  4222/4222/4222 4223/4223/4223 4224/4224/4224
f  4225/4225/4225 4226/4226/4226 4227/4227/4227
f  4228/4228/4228 4229/4229/4229 4230/4230/4230
f  4231/4231/4231 4232/4232/4232 4233/4233/4233
f  4234/4234/4234 4235/4235/4235 4236/4236/4236
f  4237/4237/4237 4238/4238/4238 4239/4239/4239
f  4240/4240/4240 4241/4241/4241 4242/4242/4242
f  4243/4243/4243 4244/4244/4244 4245/4245/4245
f  4246/4246/4246 4247/4247/4247 4248/4248/4248
f  4249/4249/4249 4250/4250/4250 4251/4251/4251
f  4252/4252/4252 4253/4253/4253 4254/4254/4254
f  4255/4255/4255 4256/4256/4256 4257/4257/4257
f  4258/4258/4258 4259/4259/4259 4260/4260/4260
f  4261/4261/4261 4262/4262/4262 4263/4263/4263
f  4264/4264/4264 4265/4265/4265 4266/4266/4266
f  4267/4267/4267 4268/4268/4268 4269/4269/4269
f  4270/4270/4270 4271/4271/4271 4272/4272/4272
f  4273/4273/4273 4274/4274/4274 4275/4275/4275
f  4276/4276/4276 4277/4277/4277 4278/4278/4278
f  4279/4279/4279 4280/4280/4280 4281/4281/4281
f  4282/4282/4282 4283/4283/4283 4284/4284/4284
f  4285/4285/4285 4286/4286/4286 4287/4287/4287
f  4288/4288/4288 4289/4289/4289 4290/4290/4290
f  4291/4291/4291 4292/4292/4292 4293/4293/4293
f  4294/4294/4294 4295/4295/4295 4296/4296/4296
f  4297/4297/4297 4298/4298/4298 4299/4299/4299
f  4300/4300/4300 4301/4301/4301 4302/4302/4302
f  4303/4303/4303 4304/4304/4304 4305/4305/4305
f  4306/4306/4306 4307/4307/4307 4308/4308/4308
f  4309/4309/4309 4310/4310/4310 4311/4311/4311
f  4312/4312/4312 4313/4313/4313 4314/4314/4314
f  4315/4315/4315 4316/4316/4316 4317/4317/4317
f  4318/4318/4318 4319/4319/4319 4320/4320/4320
f  4321/4321/4321 4322/4322/4322 4323/4323/4323
f  4324/4324/4324 4325/4325/4325 4326/4326/4326
f  4327/4327/4327 4328/4328/4328 4329/4329/4329
f  4330/4330/4330 4331/4331/4331 4332/4332/4332
f  4333/4333/4333 4334/4334/4334 4335/4335/4335
f  4336/4336/4336 4337/4337/4337 4338/4338/4338
f  4339/4339/4339 4340/4340/4340 4341/4341/4341
f  4342/4342/4342 4343/4343/4343 4344/4344/4344
f  4345/4345/4345 4346/4346/4346 4347/4347/4347
f  4348/4348/4348 4349/4349/4349 4350/4350/4350
f  4351/4351/4351 4352/4352/4352 4353/4353/4353
f  4354/4354/4354 4355/4355/4355 4356/4356/4356
f  4357/4357/4357 4358/4358/4358 4359/4359/4359
f  4360/4360/4360 4361/4361/4361 4362/4362/4362
f  4363/4363/4363 4364/4364/4364 4365/4365/4365
f  4366/4366/4366 4367/4367/4367 4368/4368/4368
f  4369/4369/4369 4370/4370/4370 4371/4371/4371
f  4372/4372/4372 4373/4373/4373 4374/4374/4374
f  4375/4375/4375 4376/4376/4376 4377/4377/4377
f  4378/4378/4378 4379/4379/4379 4380/4380/4380
f  4381/4381/4381 4382/4382/4382 4383/4383/4383
f  4384/4384/4384 4385/4385/4385 4386/4386/4386
f  4387/4387/4387 4388/4388/4388 4389/4389/4389
f  4390/4390/4390 4391/4391/4391 4392/4392/4392
f  4393/4393/4393 4394/4394/4394 4395/4395/4395
f  4396/4396/4396 4397/4397/4397 4398/4398/4398
f  4399/4399/4399 4400/4400/4400 4401/4401/4401
f  4402/4402/4402 4403/4403/4403 4404/4404/4404
f  4405/4405/4405 4406/4406/4406 4407/4407/4407
f  4408/4408/4408 4409/4409/4409 4410/4410/4410
f  4411/4411/4411 4412/4412/4412 4413/4413/4413
f  4414/4414/4414 4415/4415/4415 4416/4416/4416
f  4417/4417/4417 4418/4418/4418 4419/4419/4419
f  4420/4420/4420 4421/4421/4421 4422/4422/4422
f  4423/4423/4423 4424/4424/4424 4425/4425/4425
f  4426/4426/4426 4427/4427/4427 4428/4428/4428
f  4429/4429/4429 4430/4430/4430 4431/4431/4431
f  4432/4432/4432 4433/4433/4433 4434/4434/4434
f  4435/4435/4435 4436/4436/4436 4437/4437/4437
f  4438/4438/4438 4439/4439/4439 4440/4440/4440
f  4441/4441/4441 4442/4442/4442 4443/4443/4443
f  4444/4444/4444 4445/4445/4445 4446/4446/4446
f  4447/4447/4447 4448/4448/4448 4449/4449/4449
f  4450/4450/4450 4451/4451/4451 4452/4452/4452
f  4453/4453/4453 4454/4454/4454 4455/4455/4455
f  4456/4456/4456 4457/4457/4457 4458/4458/4458
f  4459/4459/4459 4460/4460/4460 4461/4461/4461
f  4462/4462/4462 4463/4463/4463 4464/4464/4464
f  4465/4465/4465 4466/4466/4466 4467/4467/4467
f  4468/4468/4468 4469/4469/4469 4470/4470/4470
f  4471/4471/4471 4472/4472/4472 4473/4473/4473
f  4474/4474/4474 4475/4475/4475 4476/4476/4476
f  4477/4477/4477 4478/4478/4478 4479/4479/4479
f  4480/4480/4480 4481/4481/4481 4482/4482/4482
f  4483/4483/4483 4484/4484/4484 4485/4485/4485
f  4486/4486/4486 4487/4487/4487 4488/4488/4488
f  4489/4489/4489 4490/4490/4490 4491/4491/4491
f  4492/4492/4492 4493/4493/4493 4494/4494/4494
f  4495/4495/4495 4496/4496/4496 4497/4497/4497
f  4498/4498/4498 4499/4499/4499 4500/4500/4500
f  4501/4501/4501 4502/4502/4502 4503/4503/4503
f  4504/4504/4504 4505/4505/4505 4506/4506/4506
f  4507/4507/4507 4508/4508/4508 4509/4509/4509
f  4510/4510/4510 4511/4511/4511 4512/4512/4512
f  4513/4513/4513 4514/4514/4514 4515/4515/4515
f  4516/4516/4516 4517/4517/4517 4518/4518/4518
f  4519/4519/4519 4520/4520/4520 4521/4521/4521
f  4522/4522/4522 4523/4523/4523 4524/4524/4524
f  4525/4525/4525 4526/4526/4526 4527/4527/4527
f  4528/4528/4528 4529/4529/4529 4530/4530/4530
f  4531/4531/4531 4532/4532/4532 4533/4533/4533
f  4534/4534/4534 4535/4535/4535 4536/4536/4536
f  4537/4537/4537 4538/4538/4538 4539/4539/4539
f  4540/4540/4540 4541/4541/4541 4542/4542/4542
f  4543/4543/4543 4544/4544/4544 4545/4545/4545
f  4546/4546/4546 4547/4547/4547 4548/4548/4548
f  4549/4549/4549 4550/4550/4550 4551/4551/4551
f  4552/4552/4552 4553/4553/4553 4554/4554/4554
f  4555/4555/4555 4556/4556/4556 4557/4557/4557
f  4558/4558/4558 4559/4559/4559 4560/4560/4560
f  4561/4561/4561 4562/4562/4562 4563/4563/4563
f  4564/4564/4564 4565/4565/4565 4566/4566/4566
f  4567/4567/4567 4568/4568/4568 4569/4569/4569
f  4570/4570/4570 4571/4571/4571 4572/4572/4572
f  4573/4573/4573 4574/4574/4574 4575/4575/4575
f  4576/4576/4576 4577/4577/4577 4578/4578/4578
f  4579/4579/4579 4580/4580/4580 4581/4581/4581
f  4582/4582/4582 4583/4583/4583 4584/4584/4584
f  4585/4585/4585 4586/4586/4586 4587/4587/4587
f  4588/4588/4588 4589/4589/4589 4590/4590/4590
f  4591/4591/4591 4592/4592/4592 4593/4593/4593
f  4594/4594/4594 4595/4595/4595 4596/4596/4596
f  4597/4597/4597 4598/4598/4598 4599/4599/4599
f  4600/4600/4600 4601/4601/4601 4602/4602/4602
f  4603/4603/4603 4604/4604/4604 4605/4605/4605
f  4606/4606/4606 4607/4607/4607 4608/4608/4608
f  4609/4609/4609 4610/4610/4610 4611/4611/4611
f  4612/4612/4612 4613/4613/4613 4614/4614/4614
f  4615/4615/4615 4616/4616/4616 4617/4617/4617
f  4618/4618/4618 4619/4619/4619 4620/4620/4620
f  4621/4621/4621 4622/4622/4622 4623/4623/4623
f  4624/4624/4624 4625/4625/4625 4626/4626/4626
f  4627/4627/4627 4628/4628/4628 4629/4629/4629
f  4630/4630/4630 4631/4631/4631 4632/4632/4632
f  4633/4633/4633 4634/4634/4634 4635/4635/4635
f  4636/4636/4636 4637/4637/4637 4638/4638/4638
f  4639/4639/4639 4640/4640/4640 4641/4641/4641
f  4642/4642/4642 4643/4643/4643 4644/4644/4644
f  4645/4645/4645 4646/4646/4646 4647/4647/4647
f  4648/4648/4648 4649/4649/4649 4650/4650/4650
f  4651/4651/4651 4652/4652/4652 4653/4653/4653
f  4654/4654/4654 4655/4655/4655 4656/4656/4656
f  4657/4657/4657 4658/4658/4658 4659/4659/4659
f  4660/4660/4660 4661/4661/4661 4662/4662/4662
f  4663/4663/4663 4664/4664/4664 4665/4665/4665
f  4666/4666/4666 4667/4667/4667 4668/4668/4668
f  4669/4669/4669 4670/4670/4670 4671/4671/4671
f  4672/4672/4672 4673/4673/4673 4674/4674/4674
f  4675/4675/4675 4676/4676/4676 4677/4677/4677
f  4678/4678/4678 4679/4679/4679 4680/4680/4680
f  4681/4681/4681 4682/4682/4682 4683/4683/4683
f  4684/4684/4684 4685/4685/4685 4686/4686/4686
f  4687/4687/4687 4688/4688/4688 4689/4689/4689
f  4690/4690/4690 4691/4691/4691 4692/4692/4692
f  4693/4693/4693 4694/4694/4694 4695/4695/4695
f  4696/4696/4696 4697/4697/4697 4698/4698/4698
f  4699/4699/4699 4700/4700/4700 4701/4701/4701
f  4702/4702/4702 4703/4703/4703 4704/4704/4704
f  4705/4705/4705 4706/4706/4706 4707/4707/4707
f  4708/4708/4708 4709/4709/4709 4710/4710/4710
f  4711/4711/4711 4712/4712/4712 4713/4713/4713
f  4714/4714/4714 4715/4715/4715 4716/4716/4716
f  4717/4717/4717 4718/4718/4718 4719/4719/4719
f  4720/4720/4720 4721/4721/4721 4722/4722/4722
f  4723/4723/4723 4724/4724/4724 4725/4725/4725
f  4726/4726/4726 4727/4727/4727 4728/4728/4728
f  4729/4729/4729 4730/4730/4730 4731/4731/4731
f  4732/4732/4732 4733/4733/4733 4734/4734/4734
f  4735/4735/4735 4736/4736/4736 4737/4737/4737
f  4738/4738/4738 4739/4739/4739 4740/4740/4740
f  4741/4741/4741 4742/4742/4742 4743/4743/4743
f  4744/4744/4744 4745/4745/4745 4746/4746/4746
f  4747/4747/4747 4748/4748/4748 4749/4749/4749
f  4750/4750/4750 4751/4751/4751 4752/4752/4752
f  4753/4753/4753 4754/4754/4754 4755/4755/4755
f  4756/4756/4756 4757/4757/4757 4758/4758/4758
f  4759/4759/4759 4760/4760/4760 4761/4761/4761
f  4762/4762/4762 4763/4763/4763 4764/4764/4764
f  4765/4765/4765 4766/4766/4766 4767/4767/4767
f  4768/4768/4768 4769/4769/4769 4770/4770/4770
f  4771/4771/4771 4772/4772/4772 4773/4773/4773
f  4774/4774/4774 4775/4775/4775 4776/4776/4776
f  4777/4777/4777 4778/4778/4778 4779/4779/4779
f  4780/4780/4780 4781/4781/4781 4782/4782/4782
f  4783/4783/4783 4784/4784/4784 4785/4785/4785
f  4786/4786/4786 4787/4787/4787 4788/4788/4788
f  4789/4789/4789 4790/4790/4790 4791/4791/4791
f  4792/4792/4792 4793/4793/4793 4794/4794/4794
f  4795/4795/4795 4796/4796/4796 4797/4797/4797
f  4798/4798/4798 4799/4799/4799 4800/4800/4800
f  4801/4801/4801 4802/4802/4802 4803/4803/4803
f  4804/4804/4804 4805/4805/4805 4806/4806/4806
f  4807/4807/4807 4808/4808/4808 4809/4809/4809
f  4810/4810/4810 4811/4811/4811 4812/4812/4812
f  4813/4813/4813 4814/4814/4814 4815/4815/4815
f  4816/4816/4816 4817/4817/4817 4818/4818/4818
f  4819/4819/4819 4820/4820/4820 4821/4821/4821
f  4822/4822/4822 4823/4823/4823 4824/4824/4824
f  4825/4825/4825 4826/4826/4826 4827/4827/4827
f  4828/4828/4828 4829/4829/4829 4830/4830/4830
f  4831/4831/4831 4832/4832/4832 4833/4833/4833
f  4834/4834/4834 4835/4835/4835 4836/4836/4836
f  4837/4837/4837 4838/4838/4838 4839/4839/4839
f  4840/4840/4840 4841/4841/4841 4842/4842/4842
f  4843/4843/4843 4844/4844/4844 4845/4845/4845
f  4846/4846/4846 4847/4847/4847 4848/4848/4848
f  4849/4849/4849 4850/4850/4850 4851/4851/4851
f  4852/4852/4852 4853/4853/4853 4854/4854/4854
f  4855/4855/4855 4856/4856/4856 4857/4857/4857
f  4858/4858/4858 4859/4859/4859 4860/4860/4860
f  4861/4861/4861 4862/4862/4862 4863/4863/4863
f  4864/4864/4864 4865/4865/4865 4866/4866/4866
f  4867/4867/4867 4868/4868/4868 4869/4869/4869
f  4870/4870/4870 4871/4871/4871 4872/4872/4872
f  4873/4873/4873 4874/4874/4874 4875/4875/4875
f  4876/4876/4876 4877/4877/4877 4878/4878/4878
f  4879/4879/4879 4880/4880/4880 4881/4881/4881
f  4882/4882/4882 4883/4883/4883 4884/4884/4884
f  4885/4885/4885 4886/4886/4886 4887/4887/4887
f  4888/4888/4888 4889/4889/4889 4890/4890/4890
f  4891/4891/4891 4892/4892/4892 4893/4893/4893
f  4894/4894/4894 4895/4895/4895 4896/4896/4896
f  4897/4897/4897 4898/4898/4898 4899/4899/4899
f  4900/4900/4900 4901/4901/4901 4902/4902/4902
f  4903/4903/4903 4904/4904/4904 4905/4905/4905
f  4906/4906/4906 4907/4907/4907 4908/4908/4908
f  4909/4909/4909 4910/4910/4910 4911/4911/4911
f  4912/4912/4912 4913/4913/4913 4914/4914/4914
f  4915/4915/4915 4916/4916/4916 4917/4917/4917
f  4918/4918/4918 4919/4919/4919 4920/4920/4920
f  4921/4921/4921 4922/4922/4922 4923/4923/4923
f  4924/4924/4924 4925/4925/4925 4926/4926/4926
f  4927/4927/4927 4928/4928/4928 4929/4929/4929
f  4930/4930/4930 4931/4931/4931 4932/4932/4932
f  4933/4933/4933 4934/4934/4934 4935/4935/4935
f  4936/4936/4936 4937/4937/4937 4938/4938/4938
f  4939/4939/4939 4940/4940/4940 4941/4941/4941
f  4942/4942/4942 4943/4943/4943 4944/4944/4944
f  4945/4945/4945 4946/4946/4946 4947/4947/4947
f  4948/4948/4948 4949/4949/4949 4950/4950/4950
f  4951/4951/4951 4952/4952/4952 4953/4953/4953
f  4954/4954/4954 4955/4955/4955 4956/4956/4956
f  4957/4957/4957 4958/4958/4958 4959/4959/4959
f  4960/4960/4960 4961/4961/4961 4962/4962/4962
f  4963/4963/4963 4964/4964/4964 4965/4965/4965
f  4966/4966/4966 4967/4967/4967 4968/4968/4968
f  4969/4969/4969 4970/4970/4970 4971/4971/4971
f  4972/4972/4972 4973/4973/4973 4974/4974/4974
f  4975/4975/4975 4976/4976/4976 4977/4977/4977
f  4978/4978/4978 4979/4979/4979 4980/4980/4980
f  4981/4981/4981 4982/4982/4982 4983/4983/4983
f  4984/4984/4984 4985/4985/4985 4986/4986/4986
f  4987/4987/4987 4988/4988/4988 4989/4989/4989
f  4990/4990/4990 4991/4991/4991 4992/4992/4992
f  4993/4993/4993 4994/4994/4994 4995/4995/4995
f  4996/4996/4996 4997/4997/4997 4998/4998/4998
f  4999/4999/4999 5000/5000/5000 5001/5001/5001
f  5002/5002/5002 5003/5003/5003 5004/5004/5004
f  5005/5005/5005 5006/5006/5006 5007/5007/5007
f  5008/5008/5008 5009/5009/5009 5010/5010/5010
f  5011/5011/5011 5012/5012/5012 5013/5013/5013
f  5014/5014/5014 5015/5015/5015 5016/5016/5016
f  5017/5017/5017 5018/5018/5018 5019/5019/5019
f  5020/5020/5020 5021/5021/5021 5022/5022/5022
f  5023/5023/5023 5024/5024/5024 5025/5025/5025
f  5026/5026/5026 5027/5027/5027 5028/5028/5028
f  5029/5029/5029 5030/5030/5030 5031/5031/5031
f  5032/5032/5032 5033/5033/5033 5034/5034/5034
f  5035/5035/5035 5036/5036/5036 5037/5037/5037
f  5038/5038/5038 5039/5039/5039 5040/5040/5040
f  5041/5041/5041 5042/5042/5042 5043/5043/5043
f  5044/5044/5044 5045/5045/5045 5046/5046/5046
f  5047/5047/5047 5048/5048/5048 5049/5049/5049
f  5050/5050/5050 5051/5051/5051 5052/5052/5052
f  5053/5053/5053 5054/5054/5054 5055/5055/5055
f  5056/5056/5056 5057/5057/5057 5058/5058/5058
f  5059/5059/5059 5060/5060/5060 5061/5061/5061
f  5062/5062/5062 5063/5063/5063 5064/5064/5064
f  5065/5065/5065 5066/5066/5066 5067/5067/5067
f  5068/5068/5068 5069/5069/5069 5070/5070/5070
f  5071/5071/5071 5072/5072/5072 5073/5073/5073
f  5074/5074/5074 5075/5075/5075 5076/5076/5076
f  5077/5077/5077 5078/5078/5078 5079/5079/5079
f  5080/5080/5080 5081/5081/5081 5082/5082/5082
f  5083/5083/5083 5084/5084/5084 5085/5085/5085
f  5086/5086/5086 5087/5087/5087 5088/5088/5088
f  5089/5089/5089 5090/5090/5090 5091/5091/5091
f  5092/5092/5092 5093/5093/5093 5094/5094/5094
f  5095/5095/5095 5096/5096/5096 5097/5097/5097
f  5098/5098/5098 5099/5099/5099 5100/5100/5100
f  5101/5101/5101 5102/5102/5102 5103/5103/5103
f  5104/5104/5104 5105/5105/5105 5106/5106/5106
f  5107/5107/5107 5108/5108/5108 5109/5109/5109
f  5110/5110/5110 5111/5111/5111 5112/5112/5112
f  5113/5113/5113 5114/5114/5114 5115/5115/5115
f  5116/5116/5116 5117/5117/5117 5118/5118/5118
f  5119/5119/5119 5120/5120/5120 5121/5121/5121
f  5122/5122/5122 5123/5123/5123 5124/5124/5124
f  5125/5125/5125 5126/5126/5126 5127/5127/5127
f  5128/5128/5128 5129/5129/5129 5130/5130/5130
f  5131/5131/5131 5132/5132/5132 5133/5133/5133
f  5134/5134/5134 5135/5135/5135 5136/5136/5136
f  5137/5137/5137 5138/5138/5138 5139/5139/5139
f  5140/5140/5140 5141/5141/5141 5142/5142/5142
f  5143/5143/5143 5144/5144/5144 5145/5145/5145
f  5146/5146/5146 5147/5147/5147 5148/5148/5148
f  5149/5149/5149 5150/5150/5150 5151/5151/5151
f  5152/5152/5152 5153/5153/5153 5154/5154/5154
f  5155/5155/5155 5156/5156/5156 5157/5157/5157
f  5158/5158/5158 5159/5159/5159 5160/5160/5160
f  5161/5161/5161 5162/5162/5162 5163/5163/5163
f  5164/5164/5164 5165/5165/5165 5166/5166/5166
f  5167/5167/5167 5168/5168/5168 5169/5169/5169
f  5170/5170/5170 5171/5171/5171 5172/5172/5172
f  5173/5173/5173 5174/5174/5174 5175/5175/5175
f  5176/5176/5176 5177/5177/5177 5178/5178/5178
f  5179/5179/5179 5180/5180/5180 5181/5181/5181
f  5182/5182/5182 5183/5183/5183 5184/5184/5184
f  5185/5185/5185 5186/5186/5186 5187/5187/5187
f  5188/5188/5188 5189/5189/5189 5190/5190/5190
f  5191/5191/5191 5192/5192/5192 5193/5193/5193
f  5194/5194/5194 5195/5195/5195 5196/5196/5196
f  5197/5197/5197 5198/5198/5198 5199/5199/5199
f  5200/5200/5200 5201/5201/5201 5202/5202/5202
f  5203/5203/5203 5204/5204/5204 5205/5205/5205
f  5206/5206/5206 5207/5207/5207 5208/5208/5208
f  5209/5209/5209 5210/5210/5210 5211/5211/5211
f  5212/5212/5212 5213/5213/5213 5214/5214/5214
f  5215/5215/5215 5216/5216/5216 5217/5217/5217
f  5218/5218/5218 5219/5219/5219 5220/5220/5220
f  5221/5221/5221 5222/5222/5222 5223/5223/5223
f  5224/5224/5224 5225/5225/5225 5226/5226/5226
f  5227/5227/5227 5228/5228/5228 5229/5229/5229
f  5230/5230/5230 5231/5231/5231 5232/5232/5232
f  5233/5233/5233 5234/5234/5234 5235/5235/5235
f  5236/5236/5236 5237/5237/5237 5238/5238/5238
f  5239/5239/5239 5240/5240/5240 5241/5241/5241
f  5242/5242/5242 5243/5243/5243 5244/5244/5244
f  5245/5245/5245 5246/5246/5246 5247/5247/5247
f  5248/5248/5248 5249/5249/5249 5250/5250/5250
f  5251/5251/5251 5252/5252/5252 5253/5253/5253
f  5254/5254/5254 5255/5255/5255 5256/5256/5256
f  5257/5257/5257 5258/5258/5258 5259/5259/5259
f  5260/5260/5260 5261/5261/5261 5262/5262/5262
f  5263/5263/5263 5264/5264/5264 5265/5265/5265
f  5266/5266/5266 5267/5267/5267 5268/5268/5268
f  5269/5269/5269 5270/5270/5270 5271/5271/5271
f  5272/5272/5272 5273/5273/5273 5274/5274/5274
f  5275/5275/5275 5276/5276/5276 5277/5277/5277
f  5278/5278/5278 5279/5279/5279 5280/5280/5280
f  5281/5281/5281 5282/5282/5282 5283/5283/5283
f  5284/5284/5284 5285/5285/5285 5286/5286/5286
f  5287/5287/5287 5288/5288/5288 5289/5289/5289
f  5290/5290/5290 5291/5291/5291 5292/5292/5292
f  5293/5293/5293 5294/5294/5294 5295/5295/5295
f  5296/5296/5296 5297/5297/5297 5298/5298/5298
f  5299/5299/5299 5300/5300/5300 5301/5301/5301
f  5302/5302/5302 5303/5303/5303 5304/5304/5304
f  5305/5305/5305 5306/5306/5306 5307/5307/5307
f  5308/5308/5308 5309/5309/5309 5310/5310/5310
f  5311/5311/5311 5312/5312/5312 5313/5313/5313
f  5314/5314/5314 5315/5315/5315 5316/5316/5316
f  5317/5317/5317 5318/5318/5318 5319/5319/5319
f  5320/5320/5320 5321/5321/5321 5322/5322/5322
f  5323/5323/5323 5324/5324/5324 5325/5325/5325
f  5326/5326/5326 5327/5327/5327 5328/5328/5328
f  5329/5329/5329 5330/5330/5330 5331/5331/5331
f  5332/5332/5332 5333/5333/5333 5334/5334/5334
f  5335/5335/5335 5336/5336/5336 5337/5337/5337
f  5338/5338/5338 5339/5339/5339 5340/5340/5340
f  5341/5341/5341 5342/5342/5342 5343/5343/5343
f  5344/5344/5344 5345/5345/5345 5346/5346/5346
f  5347/5347/5347 5348/5348/5348 5349/5349/5349
f  5350/5350/5350 5351/5351/5351 5352/5352/5352
f  5353/5353/5353 5354/5354/5354 5355/5355/5355
f  5356/5356/5356 5357/5357/5357 5358/5358/5358
f  5359/5359/5359 5360/5360/5360 5361/5361/5361
f  5362/5362/5362 5363/5363/5363 5364/5364/5364
f  5365/5365/5365 5366/5366/5366 5367/5367/5367
f  5368/5368/5368 5369/5369/5369 5370/5370/5370
f  5371/5371/5371 5372/5372/5372 5373/5373/5373
f  5374/5374/5374 5375/5375/5375 5376/5376/5376
f  5377/5377/5377 5378/5378/5378 5379/5379/5379
f  5380/5380/5380 5381/5381/5381 5382/5382/5382
f  5383/5383/5383 5384/5384/5384 5385/5385/5385
f  5386/5386/5386 5387/5387/5387 5388/5388/5388
f  5389/5389/5389 5390/5390/5390 5391/5391/5391
f  5392/5392/5392 5393/5393/5393 5394/5394/5394
f  5395/5395/5395 5396/5396/5396 5397/5397/5397
f  5398/5398/5398 5399/5399/5399 5400/5400/5400
f  5401/5401/5401 5402/5402/5402 5403/5403/5403
f  5404/5404/5404 5405/5405/5405 5406/5406/5406
f  5407/5407/5407 5408/5408/5408 5409/5409/5409
f  5410/5410/5410 5411/5411/5411 5412/5412/5412
f  5413/5413/5413 5414/5414/5414 5415/5415/5415
f  5416/5416/5416 5417/5417/5417 5418/5418/5418
f  5419/5419/5419 5420/5420/5420 5421/5421/5421
f  5422/5422/5422 5423/5423/5423 5424/5424/5424
f  5425/5425/5425 5426/5426/5426 5427/5427/5427
f  5428/5428/5428 5429/5429/5429 5430/5430/5430
f  5431/5431/5431 5432/5432/5432 5433/5433/5433
f  5434/5434/5434 5435/5435/5435 5436/5436/5436
f  5437/5437/5437 5438/5438/5438 5439/5439/5439
f  5440/5440/5440 5441/5441/5441 5442/5442/5442
f  5443/5443/5443 5444/5444/5444 5445/5445/5445
f  5446/5446/5446 5447/5447/5447 5448/5448/5448
f  5449/5449/5449 5450/5450/5450 5451/5451/5451
f  5452/5452/5452 5453/5453/5453 5454/5454/5454
f  5455/5455/5455 5456/5456/5456 5457/5457/5457
f  5458/5458/5458 5459/5459/5459 5460/5460/5460
f  5461/5461/5461 5462/5462/5462 5463/5463/5463
f  5464/5464/5464 5465/5465/5465 5466/5466/5466
f  5467/5467/5467 5468/5468/5468 5469/5469/5469
f  5470/5470/5470 5471/5471/5471 5472/5472/5472
f  5473/5473/5473 5474/5474/5474 5475/5475/5475
f  5476/5476/5476 5477/5477/5477 5478/5478/5478
f  5479/5479/5479 5480/5480/5480 5481/5481/5481
f  5482/5482/5482 5483/5483/5483 5484/5484/5484
f  5485/5485/5485 5486/5486/5486 5487/5487/5487
f  5488/5488/5488 5489/5489/5489 5490/5490/5490
f  5491/5491/5491 5492/5492/5492 5493/5493/5493
f  5494/5494/5494 5495/5495/5495 5496/5496/5496
f  5497/5497/5497 5498/5498/5498 5499/5499/5499
f  5500/5500/5500 5501/5501/5501 5502/5502/5502
f  5503/5503/5503 5504/5504/5504 5505/5505/5505
f  5506/5506/5506 5507/5507/5507 5508/5508/5508
f  5509/5509/5509 5510/5510/5510 5511/5511/5511
f  5512/5512/5512 5513/5513/5513 5514/5514/5514
f  5515/5515/5515 5516/5516/5516 5517/5517/5517
f  5518/5518/5518 5519/5519/5519 5520/5520/5520
f  5521/5521/5521 5522/5522/5522 5523/5523/5523
f  5524/5524/5524 5525/5525/5525 5526/5526/5526
f  5527/5527/5527 5528/5528/5528 5529/5529/5529
f  5530/5530/5530 5531/5531/5531 5532/5532/5532
f  5533/5533/5533 5534/5534/5534 5535/5535/5535
f  5536/5536/5536 5537/5537/5537 5538/5538/5538
f  5539/5539/5539 5540/5540/5540 5541/5541/5541
f  5542/5542/5542 5543/5543/5543 5544/5544/5544
f  5545/5545/5545 5546/5546/5546 5547/5547/5547
f  5548/5548/5548 5549/5549/5549 5550/5550/5550
f  5551/5551/5551 5552/5552/5552 5553/5553/5553
f  5554/5554/5554 5555/5555/5555 5556/5556/5556
f  5557/5557/5557 5558/5558/5558 5559/5559/5559
f  5560/5560/5560 5561/5561/5561 5562/5562/5562
f  5563/5563/5563 5564/5564/5564 5565/5565/5565
f  5566/5566/5566 5567/5567/5567 5568/5568/5568
f  5569/5569/5569 5570/5570/5570 5571/5571/5571
f  5572/5572/5572 5573/5573/5573 5574/5574/5574
f  5575/5575/5575 5576/5576/5576 5577/5577/5577
f  5578/5578/5578 5579/5579/5579 5580/5580/5580
f  5581/5581/5581 5582/5582/5582 5583/5583/5583
f  5584/5584/5584 5585/5585/5585 5586/5586/5586
f  5587/5587/5587 5588/5588/5588 5589/5589/5589
f  5590/5590/5590 5591/5591/5591 5592/5592/5592
f  5593/5593/5593 5594/5594/5594 5595/5595/5595
f  5596/5596/5596 5597/5597/5597 5598/5598/5598
f  5599/5599/5599 5600/5600/5600 5601/5601/5601
f  5602/5602/5602 5603/5603/5603 5604/5604/5604
f  5605/5605/5605 5606/5606/5606 5607/5607/5607
f  5608/5608/5608 5609/5609/5609 5610/5610/5610
f  5611/5611/5611 5612/5612/5612 5613/5613/5613
f  5614/5614/5614 5615/5615/5615 5616/5616/5616
f  5617/5617/5617 5618/5618/5618 5619/5619/5619
f  5620/5620/5620 5621/5621/5621 5622/5622/5622
f  5623/5623/5623 5624/5624/5624 5625/5625/5625
f  5626/5626/5626 5627/5627/5627 5628/5628/5628
f  5629/5629/5629 5630/5630/5630 5631/5631/5631
f  5632/5632/5632 5633/5633/5633 5634/5634/5634
f  5635/5635/5635 5636/5636/5636 5637/5637/5637
f  5638/5638/5638 5639/5639/5639 5640/5640/5640
f  5641/5641/5641 5642/5642/5642 5643/5643/5643
f  5644/5644/5644 5645/5645/5645 5646/5646/5646
f  5647/5647/5647 5648/5648/5648 5649/5649/5649
f  5650/5650/5650 5651/5651/5651 5652/5652/5652
f  5653/5653/5653 5654/5654/5654 5655/5655/5655
f  5656/5656/5656 5657/5657/5657 5658/5658/5658
f  5659/5659/5659 5660/5660/5660 5661/5661/5661
f  5662/5662/5662 5663/5663/5663 5664/5664/5664
f  5665/5665/5665 5666/5666/5666 5667/5667/5667
f  5668/5668/5668 5669/5669/5669 5670/5670/5670
f  5671/5671/5671 5672/5672/5672 5673/5673/5673
f  5674/5674/5674 5675/5675/5675 5676/5676/5676
f  5677/5677/5677 5678/5678/5678 5679/5679/5679
f  5680/5680/5680 5681/5681/5681 5682/5682/5682
f  5683/5683/5683 5684/5684/5684 5685/5685/5685
f  5686/5686/5686 5687/5687/5687 5688/5688/5688
f  5689/5689/5689 5690/5690/5690 5691/5691/5691
f  5692/5692/5692 5693/5693/5693 5694/5694/5694
f  5695/5695/5695 5696/5696/5696 5697/5697/5697
f  5698/5698/5698 5699/5699/5699 5700/5700/5700
f  5701/5701/5701 5702/5702/5702 5703/5703/5703
f  5704/5704/5704 5705/5705/5705 5706/5706/5706
f  5707/5707/5707 5708/5708/5708 5709/5709/5709
f  5710/5710/5710 5711/5711/5711 5712/5712/5712
f  5713/5713/5713 5714/5714/5714 5715/5715/5715
f  5716/5716/5716 5717/5717/5717 5718/5718/5718
f  5719/5719/5719 5720/5720/5720 5721/5721/5721
f  5722/5722/5722 5723/5723/5723 5724/5724/5724
f  5725/5725/5725 5726/5726/5726 5727/5727/5727
f  5728/5728/5728 5729/5729/5729 5730/5730/5730
f  5731/5731/5731 5732/5732/5732 5733/5733/5733
f  5734/5734/5734 5735/5735/5735 5736/5736/5736
f  5737/5737/5737 5738/5738/5738 5739/5739/5739
f  5740/5740/5740 5741/5741/5741 5742/5742/5742
f  5743/5743/5743 5744/5744/5744 5745/5745/5745
f  5746/5746/5746 5747/5747/5747 5748/5748/5748
f  5749/5749/5749 5750/5750/5750 5751/5751/5751
f  5752/5752/5752 5753/5753/5753 5754/5754/5754
f  5755/5755/5755 5756/5756/5756 5757/5757/5757
f  5758/5758/5758 5759/5759/5759 5760/5760/5760
f  5761/5761/5761 5762/5762/5762 5763/5763/5763
f  5764/5764/5764 5765/5765/5765 5766/5766/5766
f  5767/5767/5767 5768/5768/5768 5769/5769/5769
f  5770/5770/5770 5771/5771/5771 5772/5772/5772
f  5773/5773/5773 5774/5774/5774 5775/5775/5775
f  5776/5776/5776 5777/5777/5777 5778/5778/5778
f  5779/5779/5779 5780/5780/5780 5781/5781/5781
f  5782/5782/5782 5783/5783/5783 5784/5784/5784
f  5785/5785/5785 5786/5786/5786 5787/5787/5787
f  5788/5788/5788 5789/5789/5789 5790/5790/5790
f  5791/5791/5791 5792/5792/5792 5793/5793/5793
f  5794/5794/5794 5795/5795/5795 5796/5796/5796
f  5797/5797/5797 5798/5798/5798 5799/5799/5799
f  5800/5800/5800 5801/5801/5801 5802/5802/5802
f  5803/5803/5803 5804/5804/5804 5805/5805/5805
f  5806/5806/5806 5807/5807/5807 5808/5808/5808
f  5809/5809/5809 5810/5810/5810 5811/5811/5811
f  5812/5812/5812 5813/5813/5813 5814/5814/5814
f  5815/5815/5815 5816/5816/5816 5817/5817/5817
f  5818/5818/5818 5819/5819/5819 5820/5820/5820
f  5821/5821/5821 5822/5822/5822 5823/5823/5823
f  5824/5824/5824 5825/5825/5825 5826/5826/5826
f  5827/5827/5827 5828/5828/5828 5829/5829/5829
f  5830/5830/5830 5831/5831/5831 5832/5832/5832
f  5833/5833/5833 5834/5834/5834 5835/5835/5835
f  5836/5836/5836 5837/5837/5837 5838/5838/5838
f  5839/5839/5839 5840/5840/5840 5841/5841/5841
f  5842/5842/5842 5843/5843/5843 5844/5844/5844
f  5845/5845/5845 5846/5846/5846 5847/5847/5847
f  5848/5848/5848 5849/5849/5849 5850/5850/5850
f  5851/5851/5851 5852/5852/5852 5853/5853/5853
f  5854/5854/5854 5855/5855/5855 5856/5856/5856
f  5857/5857/5857 5858/5858/5858 5859/5859/5859
f  5860/5860/5860 5861/5861/5861 5862/5862/5862
f  5863/5863/5863 5864/5864/5864 5865/5865/5865
f  5866/5866/5866 5867/5867/5867 5868/5868/5868
f  5869/5869/5869 5870/5870/5870 5871/5871/5871
f  5872/5872/5872 5873/5873/5873 5874/5874/5874
f  5875/5875/5875 5876/5876/5876 5877/5877/5877
f  5878/5878/5878 5879/5879/5879 5880/5880/5880
f  5881/5881/5881 5882/5882/5882 5883/5883/5883
f  5884/5884/5884 5885/5885/5885 5886/5886/5886
f  5887/5887/5887 5888/5888/5888 5889/5889/5889
f  5890/5890/5890 5891/5891/5891 5892/5892/5892
f  5893/5893/5893 5894/5894/5894 5895/5895/5895
f  5896/5896/5896 5897/5897/5897 5898/5898/5898
f  5899/5899/5899 5900/5900/5900 5901/5901/5901
f  5902/5902/5902 5903/5903/5903 5904/5904/5904
f  5905/5905/5905 5906/5906/5906 5907/5907/5907
f  5908/5908/5908 5909/5909/5909 5910/5910/5910
f  5911/5911/5911 5912/5912/5912 5913/5913/5913
f  5914/5914/5914 5915/5915/5915 5916/5916/5916
f  5917/5917/5917 5918/5918/5918 5919/5919/5919
f  5920/5920/5920 5921/5921/5921 5922/5922/5922
f  5923/5923/5923 5924/5924/5924 5925/5925/5925
f  5926/5926/5926 5927/5927/5927 5928/5928/5928
f  5929/5929/5929 5930/5930/5930 5931/5931/5931
f  5932/5932/5932 5933/5933/5933 5934/5934/5934
f  5935/5935/5935 5936/5936/5936 5937/5937/5937
f  5938/5938/5938 5939/5939/5939 5940/5940/5940
f  5941/5941/5941 5942/5942/5942 5943/5943/5943
f  5944/5944/5944 5945/5945/5945 5946/5946/5946
f  5947/5947/5947 5948/5948/5948 5949/5949/5949
f  5950/5950/5950 5951/5951/5951 5952/5952/5952
f  5953/5953/5953 5954/5954/5954 5955/5955/5955
f  5956/5956/5956 5957/5957/5957 5958/5958/5958
f  5959/5959/5959 5960/5960/5960 5961/5961/5961
f  5962/5962/5962 5963/5963/5963 5964/5964/5964
f  5965/5965/5965 5966/5966/5966 5967/5967/5967
f  5968/5968/5968 5969/5969/5969 5970/5970/5970
f  5971/5971/5971 5972/5972/5972 5973/5973/5973
f  5974/5974/5974 5975/5975/5975 5976/5976/5976
f  5977/5977/5977 5978/5978/5978 5979/5979/5979
f  5980/5980/5980 5981/5981/5981 5982/5982/5982
f  5983/5983/5983 5984/5984/5984 5985/5985/5985
f  5986/5986/5986 5987/5987/5987 5988/5988/5988
f  5989/5989/5989 5990/5990/5990 5991/5991/5991
f  5992/5992/5992 5993/5993/5993 5994/5994/5994
f  5995/5995/5995 5996/5996/5996 5997/5997/5997
f  5998/5998/5998 5999/5999/5999 6000/6000/6000
f  6001/6001/6001 6002/6002/6002 6003/6003/6003
f  6004/6004/6004 6005/6005/6005 6006/6006/6006
f  6007/6007/6007 6008/6008/6008 6009/6009/6009
f  6010/6010/6010 6011/6011/6011 6012/6012/6012
f  6013/6013/6013 6014/6014/6014 6015/6015/6015
f  6016/6016/6016 6017/6017/6017 6018/6018/6018
f  6019/6019/6019 6020/6020/6020 6021/6021/6021
f  6022/6022/6022 6023/6023/6023 6024/6024/6024
f  6025/6025/6025 6026/6026/6026 6027/6027/6027
f  6028/6028/6028 6029/6029/6029 6030/6030/6030
f  6031/6031/6031 6032/6032/6032 6033/6033/6033
f  6034/6034/6034 6035/6035/6035 6036/6036/6036
f  6037/6037/6037 6038/6038/6038 6039/6039/6039
f  6040/6040/6040 6041/6041/6041 6042/6042/6042
f  6043/6043/6043 6044/6044/6044 6045/6045/6045
f  6046/6046/6046 6047/6047/6047 6048/6048/6048
f  6049/6049/6049 6050/6050/6050 6051/6051/6051
f  6052/6052/6052 6053/6053/6053 6054/6054/6054
f  6055/6055/6055 6056/6056/6056 6057/6057/6057
f  6058/6058/6058 6059/6059/6059 6060/6060/6060
f  6061/6061/6061 6062/6062/6062 6063/6063/6063
f  6064/6064/6064 6065/6065/6065 6066/6066/6066
f  6067/6067/6067 6068/6068/6068 6069/6069/6069
f  6070/6070/6070 6071/6071/6071 6072/6072/6072
f  6073/6073/6073 6074/6074/6074 6075/6075/6075
f  6076/6076/6076 6077/6077/6077 6078/6078/6078
f  6079/6079/6079 6080/6080/6080 6081/6081/6081
f  6082/6082/6082 6083/6083/6083 6084/6084/6084
f  6085/6085/6085 6086/6086/6086 6087/6087/6087
f  6088/6088/6088 6089/6089/6089 6090/6090/6090
f  6091/6091/6091 6092/6092/6092 6093/6093/6093
f  6094/6094/6094 6095/6095/6095 6096/6096/6096
f  6097/6097/6097 6098/6098/6098 6099/6099/6099
f  6100/6100/6100 6101/6101/6101 6102/6102/6102
f  6103/6103/6103 6104/6104/6104 6105/6105/6105
f  6106/6106/6106 6107/6107/6107 6108/6108/6108
f  6109/6109/6109 6110/6110/6110 6111/6111/6111
f  6112/6112/6112 6113/6113/6113 6114/6114/6114
f  6115/6115/6115 6116/6116/6116 6117/6117/6117
f  6118/6118/6118 6119/6119/6119 6120/6120/6120
f  6121/6121/6121 6122/6122/6122 6123/6123/6123
f  6124/6124/6124 6125/6125/6125 6126/6126/6126
f  6127/6127/6127 6128/6128/6128 6129/6129/6129
f  6130/6130/6130 6131/6131/6131 6132/6132/6132
f  6133/6133/6133 6134/6134/6134 6135/6135/6135
f  6136/6136/6136 6137/6137/6137 6138/6138/6138
f  6139/6139/6139 6140/6140/6140 6141/6141/6141
f  6142/6142/6142 6143/6143/6143 6144/6144/6144
f  6145/6145/6145 6146/6146/6146 6147/6147/6147
f  6148/6148/6148 6149/6149/6149 6150/6150/6150
f  6151/6151/6151 6152/6152/6152 6153/6153/6153
f  6154/6154/6154 6155/6155/6155 6156/6156/6156
f  6157/6157/6157 6158/6158/6158 6159/6159/6159
f  6160/6160/6160 6161/6161/6161 6162/6162/6162
f  6163/6163/6163 6164/6164/6164 6165/6165/6165
f  6166/6166/6166 6167/6167/6167 6168/6168/6168
f  6169/6169/6169 6170/6170/6170 6171/6171/6171
f  6172/6172/6172 6173/6173/6173 6174/6174/6174
f  6175/6175/6175 6176/6176/6176 6177/6177/6177
f  6178/6178/6178 6179/6179/6179 6180/6180/6180
f  6181/6181/6181 6182/6182/6182 6183/6183/6183
f  6184/6184/6184 6185/6185/6185 6186/6186/6186
f  6187/6187/6187 6188/6188/6188 6189/6189/6189
f  6190/6190/6190 6191/6191/6191 6192/6192/6192
f  6193/6193/6193 6194/6194/6194 6195/6195/6195
f  6196/6196/6196 6197/6197/6197 6198/6198/6198
f  6199/6199/6199 6200/6200/6200 6201/6201/6201
f  6202/6202/6202 6203/6203/6203 6204/6204/6204
f  6205/6205/6205 6206/6206/6206 6207/6207/6207
f  6208/6208/6208 6209/6209/6209 6210/6210/6210
f  6211/6211/6211 6212/6212/6212 6213/6213/6213
f  6214/6214/6214 6215/6215/6215 6216/6216/6216
f  6217/6217/6217 6218/6218/6218 6219/6219/6219
f  6220/6220/6220 6221/6221/6221 6222/6222/6222
f  6223/6223/6223 6224/6224/6224 6225/6225/6225
f  6226/6226/6226 6227/6227/6227 6228/6228/6228
f  6229/6229/6229 6230/6230/6230 6231/6231/6231
f  6232/6232/6232 6233/6233/6233 6234/6234/6234
f  6235/6235/6235 6236/6236/6236 6237/6237/6237
f  6238/6238/6238 6239/6239/6239 6240/6240/6240
f  6241/6241/6241 6242/6242/6242 6243/6243/6243
f  6244/6244/6244 6245/6245/6245 6246/6246/6246
f  6247/6247/6247 6248/6248/6248 6249/6249/6249
f  6250/6250/6250 6251/6251/6251 6252/6252/6252
f  6253/6253/6253 6254/6254/6254 6255/6255/6255
f  6256/6256/6256 6257/6257/6257 6258/6258/6258
f  6259/6259/6259 6260/6260/6260 6261/6261/6261
f  6262/6262/6262 6263/6263/6263 6264/6264/6264
f  6265/6265/6265 6266/6266/6266 6267/6267/6267
f  6268/6268/6268 6269/6269/6269 6270/6270/6270
f  6271/6271/6271 6272/6272/6272 6273/6273/6273
f  6274/6274/6274 6275/6275/6275 6276/6276/6276
f  6277/6277/6277 6278/6278/6278 6279/6279/6279
f  6280/6280/6280 6281/6281/6281 6282/6282/6282
f  6283/6283/6283 6284/6284/6284 6285/6285/6285
f  6286/6286/6286 6287/6287/6287 6288/6288/6288
f  6289/6289/6289 6290/6290/6290 6291/6291/6291
f  6292/6292/6292 6293/6293/6293 6294/6294/6294
f  6295/6295/6295 6296/6296/6296 6297/6297/6297
f  6298/6298/6298 6299/6299/6299 6300/6300/6300
f  6301/6301/6301 6302/6302/6302 6303/6303/6303
f  6304/6304/6304 6305/6305/6305 6306/6306/6306
f  6307/6307/6307 6308/6308/6308 6309/6309/6309
f  6310/6310/6310 6311/6311/6311 6312/6312/6312
f  6313/6313/6313 6314/6314/6314 6315/6315/6315
f  6316/6316/6316 6317/6317/6317 6318/6318/6318
f  6319/6319/6319 6320/6320/6320 6321/6321/6321
f  6322/6322/6322 6323/6323/6323 6324/6324/6324
f  6325/6325/6325 6326/6326/6326 6327/6327/6327
f  6328/6328/6328 6329/6329/6329 6330/6330/6330
f  6331/6331/6331 6332/6332/6332 6333/6333/6333
f  6334/6334/6334 6335/6335/6335 6336/6336/6336
f  6337/6337/6337 6338/6338/6338 6339/6339/6339
f  6340/6340/6340 6341/6341/6341 6342/6342/6342
f  6343/6343/6343 6344/6344/6344 6345/6345/6345
f  6346/6346/6346 6347/6347/6347 6348/6348/6348
f  6349/6349/6349 6350/6350/6350 6351/6351/6351
f  6352/6352/6352 6353/6353/6353 6354/6354/6354
f  6355/6355/6355 6356/6356/6356 6357/6357/6357
f  6358/6358/6358 6359/6359/6359 6360/6360/6360
f  6361/6361/6361 6362/6362/6362 6363/6363/6363
f  6364/6364/6364 6365/6365/6365 6366/6366/6366
f  6367/6367/6367 6368/6368/6368 6369/6369/6369
f  6370/6370/6370 6371/6371/6371 6372/6372/6372
f  6373/6373/6373 6374/6374/6374 6375/6375/6375
f  6376/6376/6376 6377/6377/6377 6378/6378/6378
f  6379/6379/6379 6380/6380/6380 6381/6381/6381
f  6382/6382/6382 6383/6383/6383 6384/6384/6384
f  6385/6385/6385 6386/6386/6386 6387/6387/6387
f  6388/6388/6388 6389/6389/6389 6390/6390/6390
f  6391/6391/6391 6392/6392/6392 6393/6393/6393
f  6394/6394/6394 6395/6395/6395 6396/6396/6396
f  6397/6397/6397 6398/6398/6398 6399/6399/6399
f  6400/6400/6400 6401/6401/6401 6402/6402/6402
f  6403/6403/6403 6404/6404/6404 6405/6405/6405
f  6406/6406/6406 6407/6407/6407 6408/6408/6408
f  6409/6409/6409 6410/6410/6410 6411/6411/6411
f  6412/6412/6412 6413/6413/6413 6414/6414/6414
f  6415/6415/6415 6416/6416/6416 6417/6417/6417
f  6418/6418/6418 6419/6419/6419 6420/6420/6420
f  6421/6421/6421 6422/6422/6422 6423/6423/6423
f  6424/6424/6424 6425/6425/6425 6426/6426/6426
f  6427/6427/6427 6428/6428/6428 6429/6429/6429
f  6430/6430/6430 6431/6431/6431 6432/6432/6432
f  6433/6433/6433 6434/6434/6434 6435/6435/6435
f  6436/6436/6436 6437/6437/6437 6438/6438/6438
f  6439/6439/6439 6440/6440/6440 6441/6441/6441
f  6442/6442/6442 6443/6443/6443 6444/6444/6444
f  6445/6445/6445 6446/6446/6446 6447/6447/6447
f  6448/6448/6448 6449/6449/6449 6450/6450/6450
f  6451/6451/6451 6452/6452/6452 6453/6453/6453
f  6454/6454/6454 6455/6455/6455 6456/6456/6456
f  6457/6457/6457 6458/6458/6458 6459/6459/6459
f  6460/6460/6460 6461/6461/6461 6462/6462/6462
f  6463/6463/6463 6464/6464/6464 6465/6465/6465
f  6466/6466/6466 6467/6467/6467 6468/6468/6468
f  6469/6469/6469 6470/6470/6470 6471/6471/6471
f  6472/6472/6472 6473/6473/6473 6474/6474/6474
f  6475/6475/6475 6476/6476/6476 6477/6477/6477
f  6478/6478/6478 6479/6479/6479 6480/6480/6480
f  6481/6481/6481 6482/6482/6482 6483/6483/6483
f  6484/6484/6484 6485/6485/6485 6486/6486/6486
f  6487/6487/6487 6488/6488/6488 6489/6489/6489
f  6490/6490/6490 6491/6491/6491 6492/6492/6492
f  6493/6493/6493 6494/6494/6494 6495/6495/6495
f  6496/6496/6496 6497/6497/6497 6498/6498/6498
f  6499/6499/6499 6500/6500/6500 6501/6501/6501
f  6502/6502/6502 6503/6503/6503 6504/6504/6504
f  6505/6505/6505 6506/6506/6506 6507/6507/6507
f  6508/6508/6508 6509/6509/6509 6510/6510/6510
f  6511/6511/6511 6512/6512/6512 6513/6513/6513
f  6514/6514/6514 6515/6515/6515 6516/6516/6516
f  6517/6517/6517 6518/6518/6518 6519/6519/6519
f  6520/6520/6520 6521/6521/6521 6522/6522/6522
f  6523/6523/6523 6524/6524/6524 6525/6525/6525
f  6526/6526/6526 6527/6527/6527 6528/6528/6528
f  6529/6529/6529 6530/6530/6530 6531/6531/6531
f  6532/6532/6532 6533/6533/6533 6534/6534/6534
f  6535/6535/6535 6536/6536/6536 6537/6537/6537
f  6538/6538/6538 6539/6539/6539 6540/6540/6540
f  6541/6541/6541 6542/6542/6542 6543/6543/6543
f  6544/6544/6544 6545/6545/6545 6546/6546/6546
f  6547/6547/6547 6548/6548/6548 6549/6549/6549
f  6550/6550/6550 6551/6551/6551 6552/6552/6552
f  6553/6553/6553 6554/6554/6554 6555/6555/6555
f  6556/6556/6556 6557/6557/6557 6558/6558/6558
f  6559/6559/6559 6560/6560/6560 6561/6561/6561
f  6562/6562/6562 6563/6563/6563 6564/6564/6564
f  6565/6565/6565 6566/6566/6566 6567/6567/6567
f  6568/6568/6568 6569/6569/6569 6570/6570/6570
f  6571/6571/6571 6572/6572/6572 6573/6573/6573
f  6574/6574/6574 6575/6575/6575 6576/6576/6576
f  6577/6577/6577 6578/6578/6578 6579/6579/6579
f  6580/6580/6580 6581/6581/6581 6582/6582/6582
f  6583/6583/6583 6584/6584/6584 6585/6585/6585
f  6586/6586/6586 6587/6587/6587 6588/6588/6588
f  6589/6589/6589 6590/6590/6590 6591/6591/6591
f  6592/6592/6592 6593/6593/6593 6594/6594/6594
f  6595/6595/6595 6596/6596/6596 6597/6597/6597
f  6598/6598/6598 6599/6599/6599 6600/6600/6600
f  6601/6601/6601 6602/6602/6602 6603/6603/6603
f  6604/6604/6604 6605/6605/6605 6606/6606/6606
f  6607/6607/6607 6608/6608/6608 6609/6609/6609
f  6610/6610/6610 6611/6611/6611 6612/6612/6612
f  6613/6613/6613 6614/6614/6614 6615/6615/6615
f  6616/6616/6616 6617/6617/6617 6618/6618/6618
f  6619/6619/6619 6620/6620/6620 6621/6621/6621
f  6622/6622/6622 6623/6623/6623 6624/6624/6624
f  6625/6625/6625 6626/6626/6626 6627/6627/6627
f  6628/6628/6628 6629/6629/6629 6630/6630/6630
f  6631/6631/6631 6632/6632/6632 6633/6633/6633
f  6634/6634/6634 6635/6635/6635 6636/6636/6636
f  6637/6637/6637 6638/6638/6638 6639/6639/6639
f  6640/6640/6640 6641/6641/6641 6642/6642/6642
f  6643/6643/6643 6644/6644/6644 6645/6645/6645
f  6646/6646/6646 6647/6647/6647 6648/6648/6648
f  6649/6649/6649 6650/6650/6650 6651/6651/6651
f  6652/6652/6652 6653/6653/6653 6654/6654/6654
f  6655/6655/6655 6656/6656/6656 6657/6657/6657
f  6658/6658/6658 6659/6659/6659 6660/6660/6660
f  6661/6661/6661 6662/6662/6662 6663/6663/6663
f  6664/6664/6664 6665/6665/6665 6666/6666/6666
f  6667/6667/6667 6668/6668/6668 6669/6669/6669
f  6670/6670/6670 6671/6671/6671 6672/6672/6672
f  6673/6673/6673 6674/6674/6674 6675/6675/6675
f  6676/6676/6676 6677/6677/6677 6678/6678/6678
f  6679/6679/6679 6680/6680/6680 6681/6681/6681
f  6682/6682/6682 6683/6683/6683 6684/6684/6684
f  6685/6685/6685 6686/6686/6686 6687/6687/6687
f  6688/6688/6688 6689/6689/6689 6690/6690/6690
f  6691/6691/6691 6692/6692/6692 6693/6693/6693
f  6694/6694/6694 6695/6695/6695 6696/6696/6696
f  6697/6697/6697 6698/6698/6698 6699/6699/6699
f  6700/6700/6700 6701/6701/6701 6702/6702/6702
f  6703/6703/6703 6704/6704/6704 6705/6705/6705
f  6706/6706/6706 6707/6707/6707 6708/6708/6708
f  6709/6709/6709 6710/6710/6710 6711/6711/6711
f  6712/6712/6712 6713/6713/6713 6714/6714/6714
f  6715/6715/6715 6716/6716/6716 6717/6717/6717
f  6718/6718/6718 6719/6719/6719 6720/6720/6720
f  6721/6721/6721 6722/6722/6722 6723/6723/6723
f  6724/6724/6724 6725/6725/6725 6726/6726/6726
f  6727/6727/6727 6728/6728/6728 6729/6729/6729
f  6730/6730/6730 6731/6731/6731 6732/6732/6732
f  6733/6733/6733 6734/6734/6734 6735/6735/6735
f  6736/6736/6736 6737/6737/6737 6738/6738/6738
f  6739/6739/6739 6740/6740/6740 6741/6741/6741
f  6742/6742/6742 6743/6743/6743 6744/6744/6744
f  6745/6745/6745 6746/6746/6746 6747/6747/6747
f  6748/6748/6748 6749/6749/6749 6750/6750/6750
f  6751/6751/6751 6752/6752/6752 6753/6753/6753
f  6754/6754/6754 6755/6755/6755 6756/6756/6756
f  6757/6757/6757 6758/6758/6758 6759/6759/6759
f  6760/6760/6760 6761/6761/6761 6762/6762/6762
f  6763/6763/6763 6764/6764/6764 6765/6765/6765
f  6766/6766/6766 6767/6767/6767 6768/6768/6768
f  6769/6769/6769 6770/6770/6770 6771/6771/6771
f  6772/6772/6772 6773/6773/6773 6774/6774/6774
f  6775/6775/6775 6776/6776/6776 6777/6777/6777
f  6778/6778/6778 6779/6779/6779 6780/6780/6780
f  6781/6781/6781 6782/6782/6782 6783/6783/6783
f  6784/6784/6784 6785/6785/6785 6786/6786/6786
f  6787/6787/6787 6788/6788/6788 6789/6789/6789
f  6790/6790/6790 6791/6791/6791 6792/6792/6792
f  6793/6793/6793 6794/6794/6794 6795/6795/6795
f  6796/6796/6796 6797/6797/6797 6798/6798/6798
f  6799/6799/6799 6800/6800/6800 6801/6801/6801
f  6802/6802/6802 6803/6803/6803 6804/6804/6804
f  6805/6805/6805 6806/6806/6806 6807/6807/6807
f  6808/6808/6808 6809/6809/6809 6810/6810/6810
f  6811/6811/6811 6812/6812/6812 6813/6813/6813
f  6814/6814/6814 6815/6815/6815 6816/6816/6816
f  6817/6817/6817 6818/6818/6818 6819/6819/6819
f  6820/6820/6820 6821/6821/6821 6822/6822/6822
f  6823/6823/6823 6824/6824/6824 6825/6825/6825
f  6826/6826/6826 6827/6827/6827 6828/6828/6828
f  6829/6829/6829 6830/6830/6830 6831/6831/6831
f  6832/6832/6832 6833/6833/6833 6834/6834/6834
f  6835/6835/6835 6836/6836/6836 6837/6837/6837
f  6838/6838/6838 6839/6839/6839 6840/6840/6840
f  6841/6841/6841 6842/6842/6842 6843/6843/6843
f  6844/6844/6844 6845/6845/6845 6846/6846/6846
f  6847/6847/6847 6848/6848/6848 6849/6849/6849
f  6850/6850/6850 6851/6851/6851 6852/6852/6852
f  6853/6853/6853 6854/6854/6854 6855/6855/6855
f  6856/6856/6856 6857/6857/6857 6858/6858/6858
f  6859/6859/6859 6860/6860/6860 6861/6861/6861
f  6862/6862/6862 6863/6863/6863 6864/6864/6864
f  6865/6865/6865 6866/6866/6866 6867/6867/6867
f  6868/6868/6868 6869/6869/6869 6870/6870/6870
f  6871/6871/6871 6872/6872/6872 6873/6873/6873
f  6874/6874/6874 6875/6875/6875 6876/6876/6876
f  6877/6877/6877 6878/6878/6878 6879/6879/6879
f  6880/6880/6880 6881/6881/6881 6882/6882/6882
f  6883/6883/6883 6884/6884/6884 6885/6885/6885
f  6886/6886/6886 6887/6887/6887 6888/6888/6888
f  6889/6889/6889 6890/6890/6890 6891/6891/6891
f  6892/6892/6892 6893/6893/6893 6894/6894/6894
f  6895/6895/6895 6896/6896/6896 6897/6897/6897
f  6898/6898/6898 6899/6899/6899 6900/6900/6900
f  6901/6901/6901 6902/6902/6902 6903/6903/6903
f  6904/6904/6904 6905/6905/6905 6906/6906/6906
f  6907/6907/6907 6908/6908/6908 6909/6909/6909
f  6910/6910/6910 6911/6911/6911 6912/6912/6912
f  6913/6913/6913 6914/6914/6914 6915/6915/6915
f  6916/6916/6916 6917/6917/6917 6918/6918/6918
f  6919/6919/6919 6920/6920/6920 6921/6921/6921
f  6922/6922/6922 6923/6923/6923 6924/6924/6924
f  6925/6925/6925 6926/6926/6926 6927/6927/6927
f  6928/6928/6928 6929/6929/6929 6930/6930/6930
f  6931/6931/6931 6932/6932/6932 6933/6933/6933
f  6934/6934/6934 6935/6935/6935 6936/6936/6936
f  6937/6937/6937 6938/6938/6938 6939/6939/6939
f  6940/6940/6940 6941/6941/6941 6942/6942/6942
f  6943/6943/6943 6944/6944/6944 6945/6945/6945
f  6946/6946/6946 6947/6947/6947 6948/6948/6948
f  6949/6949/6949 6950/6950/6950 6951/6951/6951
f  6952/6952/6952 6953/6953/6953 6954/6954/6954
f  6955/6955/6955 6956/6956/6956 6957/6957/6957
f  6958/6958/6958 6959/6959/6959 6960/6960/6960
f  6961/6961/6961 6962/6962/6962 6963/6963/6963
f  6964/6964/6964 6965/6965/6965 6966/6966/6966
f  6967/6967/6967 6968/6968/6968 6969/6969/6969
f  6970/6970/6970 6971/6971/6971 6972/6972/6972
f  6973/6973/6973 6974/6974/6974 6975/6975/6975
f  6976/6976/6976 6977/6977/6977 6978/6978/6978
f  6979/6979/6979 6980/6980/6980 6981/6981/6981
f  6982/6982/6982 6983/6983/6983 6984/6984/6984
f  6985/6985/6985 6986/6986/6986 6987/6987/6987
f  6988/6988/6988 6989/6989/6989 6990/6990/6990
f  6991/6991/6991 6992/6992/6992 6993/6993/6993
f  6994/6994/6994 6995/6995/6995 6996/6996/6996
f  6997/6997/6997 6998/6998/6998 6999/6999/6999
f  7000/7000/7000 7001/7001/7001 7002/7002/7002
f  7003/7003/7003 7004/7004/7004 7005/7005/7005
f  7006/7006/7006 7007/7007/7007 7008/7008/7008
f  7009/7009/7009 7010/7010/7010 7011/7011/7011
f  7012/7012/7012 7013/7013/7013 7014/7014/7014
f  7015/7015/7015 7016/7016/7016 7017/7017/7017
f  7018/7018/7018 7019/7019/7019 7020/7020/7020
f  7021/7021/7021 7022/7022/7022 7023/7023/7023
f  7024/7024/7024 7025/7025/7025 7026/7026/7026
f  7027/7027/7027 7028/7028/7028 7029/7029/7029
f  7030/7030/7030 7031/7031/7031 7032/7032/7032
f  7033/7033/7033 7034/7034/7034 7035/7035/7035
f  7036/7036/7036 7037/7037/7037 7038/7038/7038
f  7039/7039/7039 7040/7040/7040 7041/7041/7041
f  7042/7042/7042 7043/7043/7043 7044/7044/7044
f  7045/7045/7045 7046/7046/7046 7047/7047/7047
f  7048/7048/7048 7049/7049/7049 7050/7050/7050
f  7051/7051/7051 7052/7052/7052 7053/7053/7053
f  7054/7054/7054 7055/7055/7055 7056/7056/7056
f  7057/7057/7057 7058/7058/7058 7059/7059/7059
f  7060/7060/7060 7061/7061/7061 7062/7062/7062
f  7063/7063/7063 7064/7064/7064 7065/7065/7065
f  7066/7066/7066 7067/7067/7067 7068/7068/7068
f  7069/7069/7069 7070/7070/7070 7071/7071/7071
f  7072/7072/7072 7073/7073/7073 7074/7074/7074
f  7075/7075/7075 7076/7076/7076 7077/7077/7077
f  7078/7078/7078 7079/7079/7079 7080/7080/7080
f  7081/7081/7081 7082/7082/7082 7083/7083/7083
f  7084/7084/7084 7085/7085/7085 7086/7086/7086
f  7087/7087/7087 7088/7088/7088 7089/7089/7089
f  7090/7090/7090 7091/7091/7091 7092/7092/7092
f  7093/7093/7093 7094/7094/7094 7095/7095/7095
f  7096/7096/7096 7097/7097/7097 7098/7098/7098
f  7099/7099/7099 7100/7100/7100 7101/7101/7101
f  7102/7102/7102 7103/7103/7103 7104/7104/7104
f  7105/7105/7105 7106/7106/7106 7107/7107/7107
f  7108/7108/7108 7109/7109/7109 7110/7110/7110
f  7111/7111/7111 7112/7112/7112 7113/7113/7113
f  7114/7114/7114 7115/7115/7115 7116/7116/7116
f  7117/7117/7117 7118/7118/7118 7119/7119/7119
f  7120/7120/7120 7121/7121/7121 7122/7122/7122
f  7123/7123/7123 7124/7124/7124 7125/7125/7125
f  7126/7126/7126 7127/7127/7127 7128/7128/7128
f  7129/7129/7129 7130/7130/7130 7131/7131/7131
f  7132/7132/7132 7133/7133/7133 7134/7134/7134
f  7135/7135/7135 7136/7136/7136 7137/7137/7137
f  7138/7138/7138 7139/7139/7139 7140/7140/7140
f  7141/7141/7141 7142/7142/7142 7143/7143/7143
f  7144/7144/7144 7145/7145/7145 7146/7146/7146
f  7147/7147/7147 7148/7148/7148 7149/7149/7149
f  7150/7150/7150 7151/7151/7151 7152/7152/7152
f  7153/7153/7153 7154/7154/7154 7155/7155/7155
f  7156/7156/7156 7157/7157/7157 7158/7158/7158
f  7159/7159/7159 7160/7160/7160 7161/7161/7161
f  7162/7162/7162 7163/7163/7163 7164/7164/7164
f  7165/7165/7165 7166/7166/7166 7167/7167/7167
f  7168/7168/7168 7169/7169/7169 7170/7170/7170
f  7171/7171/7171 7172/7172/7172 7173/7173/7173
f  7174/7174/7174 7175/7175/7175 7176/7176/7176
f  7177/7177/7177 7178/7178/7178 7179/7179/7179
f  7180/7180/7180 7181/7181/7181 7182/7182/7182
f  7183/7183/7183 7184/7184/7184 7185/7185/7185
f  7186/7186/7186 7187/7187/7187 7188/7188/7188
f  7189/7189/7189 7190/7190/7190 7191/7191/7191
f  7192/7192/7192 7193/7193/7193 7194/7194/7194
f  7195/7195/7195 7196/7196/7196 7197/7197/7197
f  7198/7198/7198 7199/7199/7199 7200/7200/7200
f  7201/7201/7201 7202/7202/7202 7203/7203/7203
f  7204/7204/7204 7205/7205/7205 7206/7206/7206
f  7207/7207/7207 7208/7208/7208 7209/7209/7209
f  7210/7210/7210 7211/7211/7211 7212/7212/7212
f  7213/7213/7213 7214/7214/7214 7215/7215/7215
f  7216/7216/7216 7217/7217/7217 7218/7218/7218
f  7219/7219/7219 7220/7220/7220 7221/7221/7221
f  7222/7222/7222 7223/7223/7223 7224/7224/7224
f  7225/7225/7225 7226/7226/7226 7227/7227/7227
f  7228/7228/7228 7229/7229/7229 7230/7230/7230
f  7231/7231/7231 7232/7232/7232 7233/7233/7233
f  7234/7234/7234 7235/7235/7235 7236/7236/7236
f  7237/7237/7237 7238/7238/7238 7239/7239/7239
f  7240/7240/7240 7241/7241/7241 7242/7242/7242
f  7243/7243/7243 7244/7244/7244 7245/7245/7245
f  7246/7246/7246 7247/7247/7247 7248/7248/7248
f  7249/7249/7249 7250/7250/7250 7251/7251/7251
f  7252/7252/7252 7253/7253/7253 7254/7254/7254
f  7255/7255/7255 7256/7256/7256 7257/7257/7257
f  7258/7258/7258 7259/7259/7259 7260/7260/7260
f  7261/7261/7261 7262/7262/7262 7263/7263/7263
f  7264/7264/7264 7265/7265/7265 7266/7266/7266
f  7267/7267/7267 7268/7268/7268 7269/7269/7269
f  7270/7270/7270 7271/7271/7271 7272/7272/7272
f  7273/7273/7273 7274/7274/7274 7275/7275/7275
f  7276/7276/7276 7277/7277/7277 7278/7278/7278
f  7279/7279/7279 7280/7280/7280 7281/7281/7281
f  7282/7282/7282 7283/7283/7283 7284/7284/7284
f  7285/7285/7285 7286/7286/7286 7287/7287/7287
f  7288/7288/7288 7289/7289/7289 7290/7290/7290
f  7291/7291/7291 7292/7292/7292 7293/7293/7293
f  7294/7294/7294 7295/7295/7295 7296/7296/7296
f  7297/7297/7297 7298/7298/7298 7299/7299/7299
f  7300/7300/7300 7301/7301/7301 7302/7302/7302
f  7303/7303/7303 7304/7304/7304 7305/7305/7305
f  7306/7306/7306 7307/7307/7307 7308/7308/7308
f  7309/7309/7309 7310/7310/7310 7311/7311/7311
f  7312/7312/7312 7313/7313/7313 7314/7314/7314
f  7315/7315/7315 7316/7316/7316 7317/7317/7317
f  7318/7318/7318 7319/7319/7319 7320/7320/7320
f  7321/7321/7321 7322/7322/7322 7323/7323/7323
f  7324/7324/7324 7325/7325/7325 7326/7326/7326
f  7327/7327/7327 7328/7328/7328 7329/7329/7329
f  7330/7330/7330 7331/7331/7331 7332/7332/7332
f  7333/7333/7333 7334/7334/7334 7335/7335/7335
f  7336/7336/7336 7337/7337/7337 7338/7338/7338
f  7339/7339/7339 7340/7340/7340 7341/7341/7341
f  7342/7342/7342 7343/7343/7343 7344/7344/7344
f  7345/7345/7345 7346/7346/7346 7347/7347/7347
f  7348/7348/7348 7349/7349/7349 7350/7350/7350
f  7351/7351/7351 7352/7352/7352 7353/7353/7353
f  7354/7354/7354 7355/7355/7355 7356/7356/7356
f  7357/7357/7357 7358/7358/7358 7359/7359/7359
f  7360/7360/7360 7361/7361/7361 7362/7362/7362
f  7363/7363/7363 7364/7364/7364 7365/7365/7365
f  7366/7366/7366 7367/7367/7367 7368/7368/7368
f  7369/7369/7369 7370/7370/7370 7371/7371/7371
f  7372/7372/7372 7373/7373/7373 7374/7374/7374
f  7375/7375/7375 7376/7376/7376 7377/7377/7377
f  7378/7378/7378 7379/7379/7379 7380/7380/7380
f  7381/7381/7381 7382/7382/7382 7383/7383/7383
f  7384/7384/7384 7385/7385/7385 7386/7386/7386
f  7387/7387/7387 7388/7388/7388 7389/7389/7389
f  7390/7390/7390 7391/7391/7391 7392/7392/7392
f  7393/7393/7393 7394/7394/7394 7395/7395/7395
f  7396/7396/7396 7397/7397/7397 7398/7398/7398
f  7399/7399/7399 7400/7400/7400 7401/7401/7401
f  7402/7402/7402 7403/7403/7403 7404/7404/7404
f  7405/7405/7405 7406/7406/7406 7407/7407/7407
f  7408/7408/7408 7409/7409/7409 7410/7410/7410
f  7411/7411/7411 7412/7412/7412 7413/7413/7413
f  7414/7414/7414 7415/7415/7415 7416/7416/7416
f  7417/7417/7417 7418/7418/7418 7419/7419/7419
f  7420/7420/7420 7421/7421/7421 7422/7422/7422
f  7423/7423/7423 7424/7424/7424 7425/7425/7425
f  7426/7426/7426 7427/7427/7427 7428/7428/7428
f  7429/7429/7429 7430/7430/7430 7431/7431/7431
f  7432/7432/7432 7433/7433/7433 7434/7434/7434
f  7435/7435/7435 7436/7436/7436 7437/7437/7437
f  7438/7438/7438 7439/7439/7439 7440/7440/7440
f  7441/7441/7441 7442/7442/7442 7443/7443/7443
f  7444/7444/7444 7445/7445/7445 7446/7446/7446
f  7447/7447/7447 7448/7448/7448 7449/7449/7449
f  7450/7450/7450 7451/7451/7451 7452/7452/7452
f  7453/7453/7453 7454/7454/7454 7455/7455/7455
f  7456/7456/7456 7457/7457/7457 7458/7458/7458
f  7459/7459/7459 7460/7460/7460 7461/7461/7461
f  7462/7462/7462 7463/7463/7463 7464/7464/7464
f  7465/7465/7465 7466/7466/7466 7467/7467/7467
f  7468/7468/7468 7469/7469/7469 7470/7470/7470
f  7471/7471/7471 7472/7472/7472 7473/7473/7473
f  7474/7474/7474 7475/7475/7475 7476/7476/7476
f  7477/7477/7477 7478/7478/7478 7479/7479/7479
f  7480/7480/7480 7481/7481/7481 7482/7482/7482
f  7483/7483/7483 7484/7484/7484 7485/7485/7485
f  7486/7486/7486 7487/7487/7487 7488/7488/7488
f  7489/7489/7489 7490/7490/7490 7491/7491/7491
f  7492/7492/7492 7493/7493/7493 7494/7494/7494
f  7495/7495/7495 7496/7496/7496 7497/7497/7497
f  7498/7498/7498 7499/7499/7499 7500/7500/7500
f  7501/7501/7501 7502/7502/7502 7503/7503/7503
f  7504/7504/7504 7505/7505/7505 7506/7506/7506
f  7507/7507/7507 7508/7508/7508 7509/7509/7509
f  7510/7510/7510 7511/7511/7511 7512/7512/7512
f  7513/7513/7513 7514/7514/7514 7515/7515/7515

g
