# big_tree_01 -- imported by tools/import_asset_pack.py from big_tree_01.fbx
o __pending__
v 0.000000 14.163445 -0.500002
v 0.433013 -0.793186 -0.250000
v 0.000000 -0.793186 -0.500000
v 0.433013 14.163445 -0.250002
v 0.433013 -0.793186 0.250000
v 0.433013 -0.793186 -0.250000
v 0.433013 14.163445 0.249998
v 0.000000 -0.793186 0.500000
v 0.433013 -0.793186 0.250000
v 0.000000 14.163445 0.499998
v -0.433013 -0.793186 0.250000
v 0.000000 -0.793186 0.500000
v 0.433013 14.163445 -0.250002
v 0.458821 18.576868 0.240630
v 0.433013 14.163445 0.249998
v -0.433013 14.163445 0.249998
v -0.433013 -0.793186 -0.250000
v -0.433013 -0.793186 0.250000
v -0.433013 14.163445 -0.250002
v 0.000000 -0.793186 -0.500000
v -0.433013 -0.793186 -0.250000
v 0.433013 -0.793186 -0.250000
v 0.000000 -0.793186 0.500000
v -0.433013 -0.793186 -0.250000
v -0.374756 18.576868 -0.240636
v -0.098076 22.079586 -0.448516
v 0.042033 18.576868 -0.481269
v -0.433013 14.163445 0.249998
v -0.374756 18.576868 -0.240636
v -0.433013 14.163445 -0.250002
v 0.433013 14.163445 -0.250002
v 0.042033 18.576868 -0.481269
v 0.458821 18.576868 -0.240636
v 0.433013 14.163445 0.249998
v 0.042033 18.576868 0.481263
v 0.000000 14.163445 0.499998
v 0.000000 14.163445 -0.500002
v -0.374756 18.576868 -0.240636
v 0.042033 18.576868 -0.481269
v 0.000000 14.163445 0.499998
v -0.374756 18.576868 0.240630
v -0.433013 14.163445 0.249998
v -0.486499 22.079586 0.224252
v -0.225525 26.507023 -0.211103
v -0.486499 22.079586 -0.224260
v -0.374756 18.576868 0.240630
v -0.098076 22.079586 0.448508
v -0.486499 22.079586 0.224252
v 0.458821 18.576868 -0.240636
v 0.290347 22.079586 0.224252
v 0.458821 18.576868 0.240630
v -0.374756 18.576868 0.240630
v -0.486499 22.079586 -0.224260
v -0.374756 18.576868 -0.240636
v 0.042033 18.576868 0.481263
v 0.290347 22.079586 0.224252
v -0.098076 22.079586 0.448508
v 0.042033 18.576868 -0.481269
v 0.290347 22.079586 -0.224260
v 0.458821 18.576868 -0.240636
v 0.140109 26.507023 -0.422202
v -0.096873 30.135838 -0.136828
v 0.140112 30.135838 -0.273652
v 0.290347 22.079586 0.224252
v 0.140109 26.507023 0.422193
v -0.098076 22.079586 0.448508
v 0.290347 22.079586 -0.224260
v 0.140109 26.507023 -0.422202
v 0.505742 26.507023 -0.211103
v -0.098076 22.079586 -0.448516
v -0.225525 26.507023 -0.211103
v -0.098076 22.079586 0.448508
v -0.225525 26.507023 0.211094
v -0.486499 22.079586 0.224252
v 0.290347 22.079586 -0.224260
v 0.505742 26.507023 0.211094
v 0.290347 22.079586 0.224252
v -0.096873 30.135838 0.136819
v -0.326039 32.853947 -0.099267
v -0.096873 30.135838 -0.136828
v 0.140109 26.507023 0.422193
v -0.096873 30.135838 0.136819
v 0.505742 26.507023 -0.211103
v 0.377098 30.135838 0.136819
v 0.505742 26.507023 0.211094
v -0.225525 26.507023 0.211094
v -0.096873 30.135838 -0.136828
v -0.225525 26.507023 -0.211103
v 0.505742 26.507023 0.211094
v 0.140112 30.135838 0.273642
v 0.140109 26.507023 0.422193
v 0.505742 26.507023 -0.211103
v 0.140112 30.135838 -0.273652
v 0.377098 30.135838 -0.136828
v -0.326039 32.853947 -0.099267
v -0.574439 33.848721 -0.063911
v -0.154113 32.853947 -0.198528
v 0.140112 30.135838 0.273642
v 0.017813 32.853947 0.099256
v -0.154113 32.853947 0.198518
v 0.140112 30.135838 -0.273652
v 0.017813 32.853947 -0.099267
v 0.377098 30.135838 -0.136828
v -0.096873 30.135838 -0.136828
v -0.154113 32.853947 -0.198528
v 0.140112 30.135838 -0.273652
v -0.096873 30.135838 0.136819
v -0.154113 32.853947 0.198518
v -0.326039 32.853947 0.099256
v 0.377098 30.135838 -0.136828
v 0.017813 32.853947 0.099256
v 0.377098 30.135838 0.136819
v -0.625608 33.827633 0.031948
v -0.574439 33.848721 0.063901
v -0.523270 33.869808 0.031948
v -0.326039 32.853947 0.099256
v -0.574439 33.848721 0.063901
v -0.625608 33.827633 0.031948
v 0.017813 32.853947 -0.099267
v -0.523270 33.869808 0.031948
v 0.017813 32.853947 0.099256
v -0.326039 32.853947 0.099256
v -0.625608 33.827633 -0.031958
v -0.326039 32.853947 -0.099267
v -0.154113 32.853947 0.198518
v -0.523270 33.869808 0.031948
v -0.574439 33.848721 0.063901
v -0.154113 32.853947 -0.198528
v -0.523270 33.869808 -0.031958
v 0.017813 32.853947 -0.099267
v -0.894348 17.548668 0.093823
v -1.558261 17.680769 -0.057399
v -0.894348 17.548668 -0.093828
v -0.345305 17.764877 -0.187654
v -0.867644 17.872591 -0.093828
v -0.331953 17.926838 -0.093828
v -0.880996 17.710630 0.187649
v -1.558261 17.680769 0.057394
v -0.894348 17.548668 0.093823
v -0.331953 17.926838 -0.093828
v -0.867644 17.872591 0.093823
v -0.331953 17.926838 0.093823
v -0.867644 17.872591 0.093823
v -1.550093 17.779846 0.114791
v -0.880996 17.710630 0.187649
v -0.345305 17.764877 0.187649
v -0.331953 17.926838 0.093823
v -1.550093 17.779846 -0.114796
v -1.541925 17.878925 -0.057399
v -0.880996 17.710630 0.187649
v -0.358657 17.602915 0.093824
v -0.345305 17.764877 0.187649
v -0.880996 17.710630 -0.187654
v -1.558261 17.680769 -0.057399
v -1.550093 17.779846 -0.114796
v -1.550093 17.779846 0.114791
v -1.541925 17.878925 0.057394
v -1.550093 17.779846 -0.114796
v -0.894348 17.548668 0.093823
v -0.358657 17.602915 -0.093828
v -0.358657 17.602915 0.093824
v -0.867644 17.872591 -0.093828
v -1.541925 17.878925 0.057394
v -0.867644 17.872591 0.093823
v -0.358657 17.602915 -0.093828
v -0.880996 17.710630 -0.187654
v -0.345305 17.764877 -0.187654
v -0.345305 17.764877 0.187649
v -0.358657 17.602915 0.093824
v -0.358657 17.602915 -0.093828
v 0.670525 19.795694 0.411153
v 1.066042 19.927795 0.965423
v 0.545797 19.795694 0.551354
v 0.073226 20.011902 0.256519
v 0.525846 20.119617 0.533604
v 0.125614 20.173864 0.177544
v 0.722913 19.957657 0.332178
v 1.142342 19.927795 0.879657
v 0.670525 19.795694 0.411153
v 0.525846 20.119617 0.533604
v 0.250341 20.173864 0.037343
v 0.125614 20.173864 0.177544
v 0.650573 20.119617 0.393404
v 1.174390 20.026873 0.831344
v 0.722913 19.957657 0.332178
v 0.322681 20.011902 -0.023883
v 0.250341 20.173864 0.037343
v 1.021789 20.026873 1.002877
v 1.053837 20.125950 0.954565
v 0.722913 19.957657 0.332178
v 0.270292 19.849941 0.055092
v 0.322681 20.011902 -0.023883
v 0.473458 19.957657 0.612579
v 1.066042 19.927795 0.965423
v 1.021789 20.026873 1.002877
v 1.142342 19.927795 0.879657
v 1.174390 20.026873 0.831344
v 1.130137 20.125950 0.868799
v 0.670525 19.795694 0.411153
v 0.145565 19.849941 0.195293
v 0.270292 19.849941 0.055092
v 0.525846 20.119617 0.533604
v 1.130137 20.125950 0.868799
v 0.650573 20.119617 0.393404
v 0.145565 19.849941 0.195293
v 0.473458 19.957657 0.612579
v 0.073226 20.011902 0.256519
v 0.270292 19.849941 0.055092
v 0.145565 19.849941 0.195293
v 0.125614 20.173864 0.177544
v 0.956959 26.788960 -0.161247
v 1.535067 26.921061 -0.521024
v 1.572561 26.921061 -0.412526
v 0.468674 27.005169 0.106762
v 0.931720 27.112885 -0.152525
v 0.425408 27.167131 0.022443
v 0.852403 26.950922 -0.422926
v 1.535067 26.921061 -0.521024
v 0.895668 26.788960 -0.338607
v 0.425408 27.167131 0.022443
v 0.870429 27.112885 -0.329885
v 0.364117 27.167131 -0.154917
v 0.870429 27.112885 -0.329885
v 1.508600 27.020140 -0.572606
v 0.852403 26.950922 -0.422926
v 0.346091 27.005169 -0.247958
v 0.364117 27.167131 -0.154917
v 1.583588 27.020140 -0.355609
v 1.557122 27.119217 -0.407191
v 0.852403 26.950922 -0.422926
v 0.389356 26.843208 -0.163639
v 0.346091 27.005169 -0.247958
v 0.974985 26.950922 -0.068206
v 1.572561 26.921061 -0.412526
v 1.583588 27.020140 -0.355609
v 1.535067 26.921061 -0.521024
v 1.508600 27.020140 -0.572606
v 1.519627 27.119217 -0.515689
v 0.895668 26.788960 -0.338607
v 0.450648 26.843208 0.013721
v 0.389356 26.843208 -0.163639
v 0.931720 27.112885 -0.152525
v 1.519627 27.119217 -0.515689
v 0.870429 27.112885 -0.329885
v 0.450648 26.843208 0.013721
v 0.974985 26.950922 -0.068206
v 0.468674 27.005169 0.106762
v 0.346091 27.005169 -0.247958
v 0.389356 26.843208 -0.163639
v 0.450648 26.843208 0.013721
v -0.894348 22.306763 0.093823
v -1.558261 22.438862 -0.057400
v -0.894348 22.306763 -0.093829
v -0.345305 22.522972 -0.187655
v -0.867644 22.630686 -0.093829
v -0.331953 22.684933 -0.093829
v -0.880996 22.468723 0.187648
v -1.558261 22.438862 0.057394
v -0.894348 22.306763 0.093823
v -0.331953 22.684933 -0.093829
v -0.867644 22.630686 0.093823
v -0.331953 22.684933 0.093823
v -0.867644 22.630686 0.093823
v -1.550093 22.537941 0.114791
v -0.880996 22.468723 0.187648
v -0.345305 22.522972 0.187649
v -0.331953 22.684933 0.093823
v -1.550093 22.537941 -0.114797
v -1.541925 22.637020 -0.057400
v -0.880996 22.468723 0.187648
v -0.358657 22.361010 0.093823
v -0.345305 22.522972 0.187649
v -0.880996 22.468723 -0.187655
v -1.558261 22.438862 -0.057400
v -1.550093 22.537941 -0.114797
v -2.436975 22.688789 -0.038803
v -3.334900 22.840191 -0.040410
v -3.332025 22.875065 -0.020206
v -0.894348 22.306763 0.093823
v -0.358657 22.361010 -0.093829
v -0.358657 22.361010 0.093823
v -0.867644 22.630686 -0.093829
v -1.541925 22.637020 0.057394
v -0.867644 22.630686 0.093823
v -0.358657 22.361010 -0.093829
v -0.880996 22.468723 -0.187655
v -0.345305 22.522972 -0.187655
v -0.345305 22.522972 0.187649
v -0.358657 22.361010 0.093823
v -0.358657 22.361010 -0.093829
v -3.337775 22.805313 0.020202
v -3.334900 22.840191 0.040406
v -3.332025 22.875065 0.020202
v -2.442497 22.621815 -0.077604
v -3.337775 22.805313 -0.020206
v -3.334900 22.840191 -0.040410
v -2.442497 22.621815 0.077598
v -3.337775 22.805313 0.020202
v -2.448018 22.554836 0.038798
v -2.448018 22.554836 0.038798
v -3.337775 22.805313 -0.020206
v -2.448018 22.554836 -0.038803
v -2.436975 22.688789 0.038798
v -3.334900 22.840191 0.040406
v -2.442497 22.621815 0.077598
v -2.436975 22.688789 0.038798
v -3.332025 22.875065 -0.020206
v -3.332025 22.875065 0.020202
v -1.541925 22.637020 -0.057400
v -2.436975 22.688789 0.038798
v -1.541925 22.637020 0.057394
v -1.541925 22.637020 0.057394
v -2.442497 22.621815 0.077598
v -1.550093 22.537941 0.114791
v -1.558261 22.438862 0.057394
v -2.448018 22.554836 -0.038803
v -1.558261 22.438862 -0.057400
v -1.550093 22.537941 0.114791
v -2.448018 22.554836 0.038798
v -1.558261 22.438862 0.057394
v -1.550093 22.537941 -0.114797
v -2.448018 22.554836 -0.038803
v -2.442497 22.621815 -0.077604
v -1.541925 22.637020 -0.057400
v -2.442497 22.621815 -0.077604
v -2.436975 22.688789 -0.038803
v -0.797508 25.715351 0.104618
v -1.554362 26.070587 -0.064005
v -0.797508 25.715351 -0.104625
v -0.782620 25.895948 -0.209247
v -0.170403 25.808952 -0.104625
v -0.185291 25.628355 -0.209247
v -0.782620 25.895948 0.209240
v -1.554362 26.070587 0.063997
v -0.797508 25.715351 0.104618
v -0.170403 25.808952 -0.104625
v -0.767732 26.076546 0.104618
v -0.170403 25.808952 0.104618
v -0.767732 26.076546 0.104618
v -1.566449 26.180779 0.127999
v -0.782620 25.895948 0.209240
v -0.170403 25.808952 0.104618
v -0.782620 25.895948 0.209240
v -0.185291 25.628355 0.209240
v -0.767732 26.076546 -0.104625
v -1.566449 26.180779 -0.128006
v -1.578536 26.290972 -0.064005
v -0.185291 25.628355 0.209240
v -0.797508 25.715351 0.104618
v -0.200179 25.447758 0.104618
v -0.782620 25.895948 -0.209247
v -1.554362 26.070587 -0.064005
v -1.566449 26.180779 -0.128006
v -2.561144 26.270668 -0.086533
v -3.588640 26.077892 -0.022531
v -2.569314 26.345158 -0.043268
v -0.797508 25.715351 0.104618
v -0.200179 25.447758 -0.104625
v -0.200179 25.447758 0.104618
v -0.767732 26.076546 -0.104625
v -1.578536 26.290972 0.063997
v -0.767732 26.076546 0.104618
v -0.797508 25.715351 -0.104625
v -0.185291 25.628355 -0.209247
v -0.200179 25.447758 -0.104625
v -0.200179 25.447758 0.104618
v -0.200179 25.447758 -0.104625
v -0.170403 25.808952 -0.104625
v -3.584385 26.039103 0.045055
v -3.588640 26.077892 0.022526
v -3.584385 26.039103 -0.045060
v -2.552973 26.196175 -0.043268
v -3.584385 26.039103 -0.045060
v -2.561144 26.270668 -0.086533
v -2.552973 26.196175 0.043262
v -3.584385 26.039103 0.045055
v -3.580131 26.000313 0.022526
v -2.552973 26.196175 0.043262
v -3.580131 26.000313 -0.022531
v -2.552973 26.196175 -0.043268
v -2.561144 26.270668 0.086527
v -3.588640 26.077892 0.022526
v -3.584385 26.039103 0.045055
v -2.569314 26.345158 -0.043268
v -3.588640 26.077892 0.022526
v -2.569314 26.345158 0.043262
v -1.578536 26.290972 -0.064005
v -2.569314 26.345158 0.043262
v -1.578536 26.290972 0.063997
v -1.578536 26.290972 0.063997
v -2.561144 26.270668 0.086527
v -1.566449 26.180779 0.127999
v -1.554362 26.070587 0.063997
v -2.552973 26.196175 -0.043268
v -1.554362 26.070587 -0.064005
v -1.566449 26.180779 0.127999
v -2.552973 26.196175 0.043262
v -1.554362 26.070587 0.063997
v -1.566449 26.180779 -0.128006
v -2.552973 26.196175 -0.043268
v -2.561144 26.270668 -0.086533
v -1.578536 26.290972 -0.064005
v -2.561144 26.270668 -0.086533
v -2.569314 26.345158 -0.043268
v 0.449262 21.512938 -0.762798
v 1.034487 21.792290 -0.934082
v 0.528719 21.512938 -0.618707
v 0.558195 21.654957 -0.541007
v 0.096875 21.586544 -0.380573
v 0.146855 21.444525 -0.314181
v 0.399281 21.654957 -0.829190
v 0.985880 21.792290 -1.022229
v 0.449262 21.512938 -0.762798
v 0.096875 21.586544 -0.380573
v 0.428757 21.796978 -0.751491
v 0.017418 21.586544 -0.524665
v 0.428757 21.796978 -0.751491
v 0.969900 21.878944 -1.070892
v 0.399281 21.654957 -0.829190
v 0.017418 21.586544 -0.524665
v 0.399281 21.654957 -0.829190
v -0.012058 21.444525 -0.602364
v 0.508214 21.796978 -0.607399
v 1.067114 21.878944 -0.894599
v 1.051134 21.965601 -0.943262
v -0.012058 21.444525 -0.602364
v 0.449262 21.512938 -0.762798
v 0.037922 21.302505 -0.535972
v 0.558195 21.654957 -0.541007
v 1.034487 21.792290 -0.934082
v 1.067114 21.878944 -0.894599
v 1.736344 21.949633 -1.300879
v 2.419607 21.798035 -1.735127
v 1.725541 22.008211 -1.333775
v 0.449262 21.512938 -0.762798
v 0.117379 21.302505 -0.391880
v 0.037922 21.302505 -0.535972
v 0.508214 21.796978 -0.607399
v 1.002527 21.965601 -1.031409
v 0.428757 21.796978 -0.751491
v 0.528719 21.512938 -0.618707
v 0.146855 21.444525 -0.314181
v 0.117379 21.302505 -0.391880
v 0.037922 21.302505 -0.535972
v 0.117379 21.302505 -0.391880
v 0.096875 21.586544 -0.380573
v 2.396637 21.737030 -1.762924
v 2.391012 21.767532 -1.780054
v 2.402497 21.798035 -1.766156
v 1.714288 21.891052 -1.327569
v 2.425232 21.767532 -1.717998
v 1.736344 21.949633 -1.300879
v 1.681429 21.891052 -1.387156
v 2.391012 21.767532 -1.780054
v 2.396637 21.737030 -1.762924
v 1.681429 21.891052 -1.387156
v 2.413747 21.737030 -1.731896
v 1.714288 21.891052 -1.327569
v 1.670627 21.949633 -1.420053
v 2.402497 21.798035 -1.766156
v 2.391012 21.767532 -1.780054
v 1.692683 22.008211 -1.393362
v 2.419607 21.798035 -1.735127
v 2.402497 21.798035 -1.766156
v 1.051134 21.965601 -0.943262
v 1.692683 22.008211 -1.393362
v 1.002527 21.965601 -1.031409
v 1.002527 21.965601 -1.031409
v 1.670627 21.949633 -1.420053
v 0.969900 21.878944 -1.070892
v 0.985880 21.792290 -1.022229
v 1.714288 21.891052 -1.327569
v 1.034487 21.792290 -0.934082
v 0.969900 21.878944 -1.070892
v 1.681429 21.891052 -1.387156
v 0.985880 21.792290 -1.022229
v 1.067114 21.878944 -0.894599
v 1.714288 21.891052 -1.327569
v 1.736344 21.949633 -1.300879
v 1.051134 21.965601 -0.943262
v 1.736344 21.949633 -1.300879
v 1.725541 22.008211 -1.333775
v 4.605221 18.021507 1.307122
v 5.557483 18.310673 1.635264
v 4.508461 18.021507 1.468397
v 4.439815 18.168514 1.545137
v 3.654838 18.097698 1.304196
v 3.626724 17.950691 1.388732
v 4.633336 18.168514 1.222586
v 5.616674 18.310673 1.536606
v 4.605221 18.021507 1.307122
v 4.467929 18.315525 1.460600
v 3.751599 18.097698 1.142920
v 3.654838 18.097698 1.304196
v 4.564690 18.315525 1.299325
v 5.662724 18.400372 1.490441
v 4.633336 18.168514 1.222586
v 4.564690 18.315525 1.299325
v 3.820245 17.950691 1.066181
v 3.751599 18.097698 1.142920
v 4.467929 18.315525 1.460600
v 5.544340 18.400372 1.687758
v 5.590389 18.490070 1.641594
v 3.820245 17.950691 1.066181
v 4.605221 18.021507 1.307122
v 3.792130 17.803680 1.150717
v 4.439815 18.168514 1.545137
v 5.557483 18.310673 1.635264
v 5.544340 18.400372 1.687758
v 6.948638 18.534176 1.885037
v 8.329535 18.285046 2.152206
v 8.345745 18.316620 2.135955
v 3.792130 17.803680 1.150717
v 3.695370 17.803680 1.311992
v 4.564690 18.315525 1.299325
v 5.590389 18.490070 1.641594
v 5.649581 18.490070 1.542935
v 3.695370 17.803680 1.311992
v 4.439815 18.168514 1.545137
v 3.626724 17.950691 1.388732
v 3.820245 17.950691 1.066181
v 2.603801 17.605829 0.531894
v 3.751599 18.097698 1.142920
v 8.354997 18.253468 2.098999
v 8.371206 18.285046 2.082749
v 8.366581 18.316620 2.101227
v 6.926393 18.412903 1.880758
v 8.329535 18.285046 2.152206
v 6.917510 18.473541 1.916244
v 6.997538 18.473541 1.782858
v 8.354997 18.253468 2.098999
v 6.966407 18.412903 1.814065
v 6.966407 18.412903 1.814065
v 8.334163 18.253468 2.133727
v 6.926393 18.412903 1.880758
v 6.997538 18.473541 1.782858
v 8.366581 18.316620 2.101227
v 8.371206 18.285046 2.082749
v 6.988651 18.534176 1.818344
v 8.345745 18.316620 2.135955
v 8.366581 18.316620 2.101227
v 5.649581 18.490070 1.542935
v 6.948638 18.534176 1.885037
v 6.988651 18.534176 1.818344
v 5.649581 18.490070 1.542935
v 6.997538 18.473541 1.782858
v 5.662724 18.400372 1.490441
v 5.616674 18.310673 1.536606
v 6.926393 18.412903 1.880758
v 5.557483 18.310673 1.635264
v 5.662724 18.400372 1.490441
v 6.966407 18.412903 1.814065
v 5.616674 18.310673 1.536606
v 5.544340 18.400372 1.687758
v 6.926393 18.412903 1.880758
v 6.917510 18.473541 1.916244
v 5.590389 18.490070 1.641594
v 6.917510 18.473541 1.916244
v 6.948638 18.534176 1.885037
v -0.528648 25.238016 0.511781
v -0.177113 25.292263 0.066134
v -0.076488 25.292263 0.224525
v -1.860239 25.620045 1.292545
v -2.617288 25.771444 1.775400
v -1.844094 25.553068 1.328256
v -0.177113 25.292263 0.066134
v -0.668317 25.399979 0.267035
v -0.216156 25.454226 -0.020221
v -1.844094 25.553068 1.328256
v -2.630548 25.736568 1.759888
v -1.869560 25.486090 1.298466
v -2.630548 25.736568 1.759888
v -2.617288 25.771444 1.775400
v -2.625695 25.806320 1.756805
v -1.927318 25.553068 1.197255
v -2.652217 25.736568 1.725781
v -2.660624 25.771444 1.707186
v -1.194012 25.469196 0.687324
v -1.911172 25.486090 1.232966
v -1.927318 25.553068 1.197255
v -0.014906 25.454226 0.296561
v -0.076488 25.292263 0.224525
v -0.177113 25.292263 0.066134
v -1.156340 25.568274 0.731391
v -1.860239 25.620045 1.292545
v -1.094783 25.568274 0.828285
v -0.506109 25.561939 0.497461
v -1.070899 25.469196 0.881112
v -0.467066 25.399979 0.583817
v -0.606734 25.561939 0.339070
v -1.094783 25.568274 0.828285
v -0.506109 25.561939 0.497461
v -1.156340 25.568274 0.731391
v -1.927318 25.553068 1.197255
v -1.901851 25.620045 1.227044
v -1.911172 25.486090 1.232966
v -2.630548 25.736568 1.759888
v -2.652217 25.736568 1.725781
v -1.901851 25.620045 1.227044
v -2.625695 25.806320 1.756805
v -1.860239 25.620045 1.292545
v -0.014906 25.454226 0.296561
v -0.053948 25.616188 0.210206
v -0.606734 25.561939 0.339070
v -0.053948 25.616188 0.210206
v -0.154574 25.616188 0.051815
v -0.216156 25.454226 -0.020221
v -0.606734 25.561939 0.339070
v -0.154574 25.616188 0.051815
v -0.629274 25.238016 0.353390
v -1.108572 25.370117 0.837045
v -1.170128 25.370117 0.740151
v -0.467066 25.399979 0.583817
v -1.108572 25.370117 0.837045
v -0.528648 25.238016 0.511781
v -1.194012 25.469196 0.687324
v -1.156340 25.568274 0.731391
v -1.070899 25.469196 0.881112
v -1.869560 25.486090 1.298466
v -1.108572 25.370117 0.837045
v -1.901851 25.620045 1.227044
v -2.660624 25.771444 1.707186
v -2.647363 25.806320 1.722698
v -0.467066 25.399979 0.583817
v -0.076488 25.292263 0.224525
v -0.014906 25.454226 0.296561
v -0.668317 25.399979 0.267035
v -1.170128 25.370117 0.740151
v -1.194012 25.469196 0.687324
v -1.094783 25.568274 0.828285
v -1.844094 25.553068 1.328256
v -1.070899 25.469196 0.881112
v -1.108572 25.370117 0.837045
v -1.911172 25.486090 1.232966
v -1.170128 25.370117 0.740151
v -4.449341 23.046104 -1.120971
v -5.631711 22.861366 1.243768
v -4.449341 23.046104 1.243768
v -3.266972 22.861366 -1.120971
v -4.449341 23.046104 1.243768
v -3.266972 22.861366 1.243768
v -3.918661 22.822197 -0.007648
v -3.197620 22.637459 2.535989
v -2.324373 22.822197 1.738845
v -3.045414 22.637459 -0.804791
v -2.324373 22.822197 1.738845
v -1.451127 22.637459 0.941702
v -2.139793 22.372549 -1.557966
v -4.765407 22.402946 -1.198324
v -4.092793 22.831562 -0.306132
v -1.482851 22.447350 -0.560490
v -4.092793 22.831562 -0.306132
v -3.435851 22.906363 0.691343
v -3.836087 23.519043 -1.120971
v -5.029440 23.608681 1.243768
v -3.836087 23.519043 1.243768
v -2.726955 23.069653 -1.120971
v -3.836087 23.519043 1.243768
v -2.726955 23.069653 1.243768
v -3.370415 23.180065 -0.007648
v -2.710466 22.835835 2.535989
v -1.818099 22.816658 1.738845
v -2.562268 22.801140 -0.804791
v -1.818099 22.816658 1.738845
v -1.009951 22.437731 0.941702
v -1.740872 22.336773 -1.557966
v -4.290436 22.964863 -1.198324
v -3.537829 23.228876 -0.306132
v -1.084174 22.259857 -0.560490
v -3.537829 23.228876 -0.306132
v -2.881131 23.151962 0.691343
v 3.566832 22.306332 -3.557413
v 5.498175 22.121592 -1.751893
v 4.675309 22.121592 -3.968846
v 3.281221 22.121592 -0.929027
v 3.566832 22.306332 -3.557413
v 2.458356 22.121592 -3.145980
v 3.504776 22.082424 -2.199543
v 1.943680 21.897686 -4.333310
v 1.402392 22.082424 -3.282118
v 2.963488 21.897686 -1.148350
v 1.402392 22.082424 -3.282118
v 0.861104 21.897686 -2.230926
v 2.376549 21.632774 -0.127114
v 4.712928 21.663174 -1.377923
v 3.771890 22.091789 -1.980305
v 2.808909 22.166588 -2.686845
v 2.376549 21.632774 -0.127114
v 3.771890 22.091789 -1.980305
v 3.814770 22.779270 -1.127064
v 4.110677 22.868908 -3.759272
v 2.991904 22.779270 -3.344018
v 1.952087 22.329880 -2.958069
v 3.814770 22.779270 -1.127064
v 2.991904 22.779270 -3.344018
v 2.990793 22.440292 -2.008768
v 1.486971 22.096060 -4.163794
v 0.927757 22.076885 -3.105948
v 2.510536 22.061365 -0.980229
v 0.927757 22.076885 -3.105948
v 0.447500 21.697956 -2.077409
v 3.251609 22.489101 -1.787193
v 3.018590 21.332985 0.586247
v 4.267641 22.225090 -1.212646
v 2.288857 22.412188 -2.493817
v 2.002558 21.596998 0.011700
v 3.251609 22.489101 -1.787193
v -3.649089 26.386927 0.258601
v -3.577823 26.202187 -2.384296
v -4.691995 26.202187 -0.298484
v -1.492011 26.202187 -1.270124
v -3.649089 26.386927 0.258601
v -2.606183 26.202187 0.815688
v -2.591386 26.163021 -0.595170
v -3.153855 25.978281 1.988163
v -2.008028 26.163021 1.696485
v -1.445558 25.978281 -0.886849
v -2.008028 26.163021 1.696485
v -0.862200 25.978281 1.404806
v -0.291891 25.713371 -1.124492
v -2.777256 25.743771 -2.044357
v -2.604344 26.172384 -0.940492
v -2.494862 26.247185 0.248854
v -0.291891 25.713371 -1.124492
v -2.604344 26.172384 -0.940492
v -1.993998 26.859865 -1.538269
v -4.160764 26.949505 -0.014718
v -3.108170 26.859865 0.547543
v -1.015690 26.410477 -1.015689
v -3.108170 26.859865 0.547543
v -2.129863 26.410477 1.070122
v -2.107807 26.520889 -0.336859
v -2.724163 26.176655 2.217690
v -1.561470 26.157480 1.935022
v -1.019400 26.141960 -0.659210
v -1.561470 26.157480 1.935022
v -0.473063 25.778553 1.612670
v 0.059976 25.677593 -0.936536
v -2.358309 26.305685 -1.820570
v -2.114840 26.569698 -0.679015
v 0.169243 25.600681 0.252695
v -2.114840 26.569698 -0.679015
v -2.005573 26.492783 0.510216
v -1.028196 17.259100 -2.216990
v -4.615172 17.300629 -1.725666
v -3.696282 17.886179 -0.506801
v -2.798802 17.988367 0.855898
v -1.028196 17.259100 -2.216990
v -3.696282 17.886179 -0.506801
v 6.129531 17.818674 -0.430407
v 8.172874 19.031301 2.301588
v 6.696077 18.445753 2.687678
v 4.527863 17.716486 -0.118838
v 6.696077 18.445753 2.687678
v 5.094409 18.343565 2.999247
v -3.210279 17.868786 -0.184348
v -1.727364 16.729753 3.552508
v -0.460650 17.261982 2.259394
v -1.961723 17.831472 -1.598452
v -0.460650 17.261982 2.259394
v 0.787906 17.224667 0.845290
v 8.170250 18.977617 3.300162
v 4.166703 17.838587 3.667239
v 7.287565 18.445391 1.719790
v 7.287565 18.445391 1.719790
v 3.162826 17.875898 2.070113
v 6.283689 18.482706 0.122664
v 3.659253 22.354515 -1.896439
v 0.852270 21.215481 -4.774629
v 0.180864 21.747711 -3.093580
v 3.051176 22.317200 -0.110712
v 0.180864 21.747711 -3.093580
v -0.427213 21.710396 -1.307854
v -3.256373 23.489319 -0.712278
v -3.161167 21.818350 3.116471
v -1.497812 22.145861 2.288243
v -1.682932 23.273708 -1.730986
v -1.497812 22.145861 2.288243
v 0.075629 21.930250 1.269535
v -3.355177 27.026703 -0.752914
v -2.952439 26.013233 3.280844
v -1.368274 26.086716 2.258595
v -1.907027 26.540176 -1.860219
v -1.368274 26.086716 2.258595
v 0.079876 25.600189 1.151290
v 2.547572 17.311811 0.700966
v 0.143335 17.372242 0.015319
v 2.644333 17.311811 0.539691
v 3.792130 17.803680 1.150717
v 2.672447 17.458822 0.455155
v 3.820245 17.950691 1.066181
v 3.695370 17.803680 1.311992
v 2.478927 17.458822 0.777705
v 2.547572 17.311811 0.700966
v 3.695370 17.803680 1.311992
v 2.644333 17.311811 0.539691
v 3.792130 17.803680 1.150717
v 3.626724 17.950691 1.388732
v 2.507041 17.605829 0.693169
v 2.478927 17.458822 0.777705
v 3.654838 18.097698 1.304196
v 2.603801 17.605829 0.531894
v 2.507041 17.605829 0.693169
v 0.046574 17.372242 0.176594
v 0.102804 17.666260 0.007522
v 0.143335 17.372242 0.015319
v 2.603801 17.605829 0.531894
v 0.171450 17.519253 -0.069217
v 0.102804 17.666260 0.007522
v 2.478927 17.458822 0.777705
v 0.006043 17.666260 0.168797
v -0.022071 17.519253 0.253333
v 2.478927 17.458822 0.777705
v 0.046574 17.372242 0.176594
v 2.547572 17.311811 0.700966
v 2.644333 17.311811 0.539691
v 0.171450 17.519253 -0.069217
v 2.672447 17.458822 0.455155
v 2.507041 17.605829 0.693169
v 0.102804 17.666260 0.007522
v 0.006043 17.666260 0.168797
v 9.089438 18.699070 -1.062868
v 9.492477 18.740601 2.535098
v 7.848362 18.113522 -0.174203
v 7.848362 18.113522 -0.174203
v 8.108139 18.638412 3.398824
v 6.464024 18.011333 0.689522
v 11.088195 19.272465 2.579914
v 7.480653 18.133434 4.354393
v 9.698735 18.740238 1.419695
v 9.698735 18.740238 1.419695
v 5.972023 18.170746 3.221866
v 8.190105 18.777554 0.287168
v -4.850809 20.280674 -1.370394
v -5.803070 20.569839 -1.698537
v -4.754048 20.280674 -1.531670
v -4.685402 20.427681 -1.608409
v -3.900425 20.356865 -1.367468
v -3.872312 20.209858 -1.452004
v -4.878923 20.427681 -1.285859
v -5.862262 20.569839 -1.599878
v -4.850809 20.280674 -1.370394
v -4.713516 20.574692 -1.523873
v -3.997186 20.356865 -1.206193
v -3.900425 20.356865 -1.367468
v -4.810277 20.574692 -1.362598
v -5.908311 20.659538 -1.553714
v -4.878923 20.427681 -1.285859
v -4.810277 20.574692 -1.362598
v -4.065832 20.209858 -1.129453
v -3.997186 20.356865 -1.206193
v -4.713516 20.574692 -1.523873
v -5.789927 20.659538 -1.751031
v -5.835977 20.749237 -1.704866
v -4.065832 20.209858 -1.129453
v -4.850809 20.280674 -1.370394
v -4.037718 20.062847 -1.213989
v -4.685402 20.427681 -1.608409
v -5.803070 20.569839 -1.698537
v -5.789927 20.659538 -1.751031
v -7.194225 20.793343 -1.948309
v -8.575123 20.544212 -2.215477
v -8.591332 20.575787 -2.199227
v -4.037718 20.062847 -1.213989
v -3.940957 20.062847 -1.375265
v -4.810277 20.574692 -1.362598
v -5.835977 20.749237 -1.704866
v -5.895169 20.749237 -1.606208
v -3.940957 20.062847 -1.375265
v -4.685402 20.427681 -1.608409
v -3.872312 20.209858 -1.452004
v -4.065832 20.209858 -1.129453
v -2.849389 19.864996 -0.595166
v -3.997186 20.356865 -1.206193
v -8.600584 20.512634 -2.162271
v -8.616794 20.544212 -2.146021
v -8.612168 20.575787 -2.164499
v -7.171980 20.672070 -1.944030
v -8.575123 20.544212 -2.215477
v -7.163097 20.732708 -1.979517
v -7.243125 20.732708 -1.846130
v -8.600584 20.512634 -2.162271
v -7.211994 20.672070 -1.877337
v -7.211994 20.672070 -1.877337
v -8.579750 20.512634 -2.196999
v -7.171980 20.672070 -1.944030
v -7.243125 20.732708 -1.846130
v -8.612168 20.575787 -2.164499
v -8.616794 20.544212 -2.146021
v -7.234239 20.793343 -1.881616
v -8.591332 20.575787 -2.199227
v -8.612168 20.575787 -2.164499
v -5.895169 20.749237 -1.606208
v -7.194225 20.793343 -1.948309
v -7.234239 20.793343 -1.881616
v -5.895169 20.749237 -1.606208
v -7.243125 20.732708 -1.846130
v -5.908311 20.659538 -1.553714
v -5.862262 20.569839 -1.599878
v -7.171980 20.672070 -1.944030
v -5.803070 20.569839 -1.698537
v -5.908311 20.659538 -1.553714
v -7.211994 20.672070 -1.877337
v -5.862262 20.569839 -1.599878
v -5.789927 20.659538 -1.751031
v -7.171980 20.672070 -1.944030
v -7.163097 20.732708 -1.979517
v -5.835977 20.749237 -1.704866
v -7.163097 20.732708 -1.979517
v -7.194225 20.793343 -1.948309
v -6.375118 20.077841 0.367135
v -8.418462 21.290468 -2.364860
v -6.941665 20.704920 -2.750950
v -6.375118 20.077841 0.367135
v -5.339996 20.602732 -3.062519
v -4.773450 19.975653 0.055566
v -8.415837 21.236784 -3.363434
v -4.412291 20.097754 -3.730511
v -7.533153 20.704557 -1.783062
v -7.533153 20.704557 -1.783062
v -3.408414 20.135065 -2.133385
v -6.529276 20.741873 -0.185936
v -2.793159 19.570978 -0.764238
v -0.388923 19.631409 -0.078592
v -2.889920 19.570978 -0.602963
v -4.037718 20.062847 -1.213989
v -2.918035 19.717989 -0.518427
v -4.065832 20.209858 -1.129453
v -3.940957 20.062847 -1.375265
v -2.724514 19.717989 -0.840977
v -2.793159 19.570978 -0.764238
v -3.940957 20.062847 -1.375265
v -2.889920 19.570978 -0.602963
v -4.037718 20.062847 -1.213989
v -3.872312 20.209858 -1.452004
v -2.752628 19.864996 -0.756441
v -2.724514 19.717989 -0.840977
v -3.900425 20.356865 -1.367468
v -2.849389 19.864996 -0.595166
v -2.752628 19.864996 -0.756441
v -0.292162 19.631409 -0.239867
v -0.348391 19.925426 -0.070795
v -0.388923 19.631409 -0.078592
v -2.849389 19.864996 -0.595166
v -0.417037 19.778419 0.005944
v -0.348391 19.925426 -0.070795
v -2.724514 19.717989 -0.840977
v -0.251630 19.925426 -0.232070
v -0.223516 19.778419 -0.316606
v -2.724514 19.717989 -0.840977
v -0.292162 19.631409 -0.239867
v -2.793159 19.570978 -0.764238
v -2.889920 19.570978 -0.602963
v -0.417037 19.778419 0.005944
v -2.918035 19.717989 -0.518427
v -2.752628 19.864996 -0.756441
v -0.348391 19.925426 -0.070795
v -0.251630 19.925426 -0.232070
v -9.335026 20.958237 0.999595
v -9.738065 20.999767 -2.598370
v -8.093949 20.372688 0.110931
v -6.709611 20.270500 -0.752794
v -9.738065 20.999767 -2.598370
v -8.353726 20.897579 -3.462096
v -11.333782 21.531631 -2.643186
v -7.726241 20.392601 -4.417665
v -9.944323 20.999405 -1.482967
v -9.944323 20.999405 -1.482967
v -6.217610 20.429913 -3.285138
v -8.435693 21.036720 -0.350441
v -0.908457 30.554056 -4.471077
v -1.070332 30.843222 -5.465198
v -0.720590 30.554056 -4.462215
v -0.620495 30.701063 -4.438089
v -0.461023 30.630247 -3.632602
v -0.373253 30.483240 -3.647868
v -0.996227 30.701063 -4.455812
v -1.185257 30.843222 -5.470618
v -0.908457 30.554056 -4.471077
v -0.708265 30.848074 -4.422824
v -0.648890 30.630247 -3.641464
v -0.461023 30.630247 -3.632602
v -0.896132 30.848074 -4.431686
v -1.247723 30.932920 -5.489319
v -0.996227 30.701063 -4.455812
v -0.896132 30.848074 -4.431686
v -0.748985 30.483240 -3.665590
v -0.648890 30.630247 -3.641464
v -0.708265 30.848074 -4.422824
v -1.017873 30.932920 -5.478477
v -1.080338 31.022619 -5.497179
v -0.748985 30.483240 -3.665590
v -0.908457 30.554056 -4.471077
v -0.661215 30.336229 -3.680856
v -0.620495 30.701063 -4.438089
v -1.070332 30.843222 -5.465198
v -1.017873 30.932920 -5.478477
v -1.509053 31.066723 -6.808784
v -1.927595 30.817593 -8.151571
v -1.949584 30.849167 -8.158154
v -0.661215 30.336229 -3.680856
v -0.473348 30.336229 -3.671994
v -0.896132 30.848074 -4.431686
v -1.080338 31.022619 -5.497179
v -1.195264 31.022619 -5.502599
v -0.473348 30.336229 -3.671994
v -0.620495 30.701063 -4.438089
v -0.373253 30.483240 -3.647868
v -0.748985 30.483240 -3.665590
v -0.643589 30.138376 -2.341170
v -0.648890 30.630247 -3.641464
v -1.986515 30.786015 -8.148804
v -2.008504 30.817593 -8.155387
v -1.990038 30.849167 -8.160062
v -1.502289 30.945450 -6.787164
v -1.927595 30.817593 -8.151571
v -1.466827 31.006088 -6.796143
v -1.622206 31.006088 -6.803472
v -1.986515 30.786015 -8.148804
v -1.579979 30.945450 -6.790829
v -1.579979 30.945450 -6.790829
v -1.946062 30.786015 -8.146897
v -1.502289 30.945450 -6.787164
v -1.622206 31.006088 -6.803472
v -1.990038 30.849167 -8.160062
v -2.008504 30.817593 -8.155387
v -1.586743 31.066723 -6.812448
v -1.949584 30.849167 -8.158154
v -1.990038 30.849167 -8.160062
v -1.195264 31.022619 -5.502599
v -1.509053 31.066723 -6.808784
v -1.586743 31.066723 -6.812448
v -1.195264 31.022619 -5.502599
v -1.622206 31.006088 -6.803472
v -1.247723 30.932920 -5.489319
v -1.185257 30.843222 -5.470618
v -1.502289 30.945450 -6.787164
v -1.070332 30.843222 -5.465198
v -1.247723 30.932920 -5.489319
v -1.579979 30.945450 -6.790829
v -1.185257 30.843222 -5.470618
v -1.017873 30.932920 -5.478477
v -1.502289 30.945450 -6.787164
v -1.466827 31.006088 -6.796143
v -1.080338 31.022619 -5.497179
v -1.466827 31.006088 -6.796143
v -1.509053 31.066723 -6.808784
v -3.160625 30.351221 -4.990947
v -1.721841 31.563847 -8.084319
v -0.682506 30.978298 -6.966385
v -3.160625 30.351221 -4.990947
v 0.350320 30.876112 -5.703179
v -2.127800 30.249033 -3.727741
v -0.841063 31.510162 -8.554837
v 1.377954 30.371134 -5.202361
v -1.815085 30.977936 -7.029062
v -1.815085 30.977936 -7.029062
v 0.446560 30.408445 -3.561908
v -2.746479 31.015253 -5.388610
v -0.468047 29.844358 -2.371699
v 0.066459 29.904791 0.070587
v -0.655914 29.844358 -2.380561
v -0.661215 30.336229 -3.680856
v -0.743684 29.991369 -2.365296
v -0.748985 30.483240 -3.665590
v -0.473348 30.336229 -3.671994
v -0.367952 29.991369 -2.347574
v -0.468047 29.844358 -2.371699
v -0.473348 30.336229 -3.671994
v -0.655914 29.844358 -2.380561
v -0.661215 30.336229 -3.680856
v -0.373253 30.483240 -3.647868
v -0.455723 30.138376 -2.332308
v -0.367952 29.991369 -2.347574
v -0.461023 30.630247 -3.632602
v -0.643589 30.138376 -2.341170
v -0.455723 30.138376 -2.332308
v 0.254325 29.904791 0.079449
v 0.078783 30.198809 0.109979
v 0.066459 29.904791 0.070587
v -0.643589 30.138376 -2.341170
v -0.021312 30.051802 0.085853
v 0.078783 30.198809 0.109979
v -0.367952 29.991369 -2.347574
v 0.266650 30.198809 0.118841
v 0.354420 30.051802 0.103575
v -0.367952 29.991369 -2.347574
v 0.254325 29.904791 0.079449
v -0.468047 29.844358 -2.371699
v -0.655914 29.844358 -2.380561
v -0.021312 30.051802 0.085853
v -0.743684 29.991369 -2.365296
v -0.455723 30.138376 -2.332308
v 0.078783 30.198809 0.109979
v 0.266650 30.198809 0.118841
v -5.119220 31.231617 -7.298536
v -2.141005 31.273148 -9.357183
v -3.748838 30.646069 -6.626193
v -3.748838 30.646069 -6.626193
v -0.724753 31.170959 -8.546847
v -2.332585 30.543882 -5.815857
v -2.857111 31.805012 -10.783898
v 0.414022 30.665981 -8.446630
v -3.221107 31.272785 -9.010705
v -3.504283 31.310101 -7.145659
v 0.414022 30.665981 -8.446630
v 0.130846 30.703293 -6.581584
v 1.238158 28.373608 4.639529
v 1.400034 28.662773 5.633649
v 1.050292 28.373608 4.630668
v 0.950196 28.520615 4.606542
v 0.790724 28.449799 3.801054
v 0.702954 28.302792 3.816320
v 1.325929 28.520615 4.624264
v 1.514959 28.662773 5.639070
v 1.238158 28.373608 4.639529
v 1.037967 28.667625 4.591276
v 0.978591 28.449799 3.809916
v 0.790724 28.449799 3.801054
v 1.225834 28.667625 4.600138
v 1.577425 28.752472 5.657770
v 1.325929 28.520615 4.624264
v 1.225834 28.667625 4.600138
v 1.078687 28.302792 3.834042
v 0.978591 28.449799 3.809916
v 1.037967 28.667625 4.591276
v 1.347574 28.752472 5.646929
v 1.410040 28.842171 5.665630
v 1.078687 28.302792 3.834042
v 1.238158 28.373608 4.639529
v 0.990916 28.155781 3.849308
v 0.950196 28.520615 4.606542
v 1.400034 28.662773 5.633649
v 1.347574 28.752472 5.646929
v 1.838755 28.886278 6.977235
v 2.257297 28.637148 8.320024
v 2.279285 28.668722 8.326607
v 0.990916 28.155781 3.849308
v 0.803049 28.155781 3.840446
v 1.225834 28.667625 4.600138
v 1.410040 28.842171 5.665630
v 1.524965 28.842171 5.671051
v 0.803049 28.155781 3.840446
v 0.950196 28.520615 4.606542
v 0.702954 28.302792 3.816320
v 1.078687 28.302792 3.834042
v 0.973291 27.957928 2.509622
v 0.978591 28.449799 3.809916
v 2.316217 28.605570 8.317256
v 2.338205 28.637148 8.323839
v 2.319740 28.668722 8.328514
v 1.831990 28.765005 6.955616
v 2.257297 28.637148 8.320024
v 1.796528 28.825644 6.964594
v 1.951908 28.825644 6.971923
v 2.316217 28.605570 8.317256
v 1.909680 28.765005 6.959280
v 1.909680 28.765005 6.959280
v 2.275764 28.605570 8.315350
v 1.831990 28.765005 6.955616
v 1.951908 28.825644 6.971923
v 2.319740 28.668722 8.328514
v 2.338205 28.637148 8.323839
v 1.916444 28.886278 6.980899
v 2.279285 28.668722 8.326607
v 2.319740 28.668722 8.328514
v 1.524965 28.842171 5.671051
v 1.838755 28.886278 6.977235
v 1.916444 28.886278 6.980899
v 1.524965 28.842171 5.671051
v 1.951908 28.825644 6.971923
v 1.577425 28.752472 5.657770
v 1.514959 28.662773 5.639070
v 1.831990 28.765005 6.955616
v 1.400034 28.662773 5.633649
v 1.577425 28.752472 5.657770
v 1.909680 28.765005 6.959280
v 1.514959 28.662773 5.639070
v 1.347574 28.752472 5.646929
v 1.831990 28.765005 6.955616
v 1.796528 28.825644 6.964594
v 1.410040 28.842171 5.665630
v 1.796528 28.825644 6.964594
v 1.838755 28.886278 6.977235
v 4.529662 28.756323 6.277333
v 1.012208 28.797853 7.134836
v 3.490327 28.170773 5.159399
v 2.457502 28.068584 3.896194
v 1.012208 28.797853 7.134836
v -0.020618 28.695665 5.871631
v 1.170764 29.329718 8.723289
v -1.048253 28.190685 5.370813
v 2.144787 28.797491 7.197514
v 2.144787 28.797491 7.197514
v -0.116858 28.227997 3.730360
v 3.076181 28.834805 5.557061
v 0.797749 27.663910 2.540152
v 0.263242 27.724342 0.097865
v 0.985615 27.663910 2.549014
v 0.990916 28.155781 3.849308
v 1.073386 27.810921 2.533748
v 1.078687 28.302792 3.834042
v 0.803049 28.155781 3.840446
v 0.697653 27.810921 2.516026
v 0.797749 27.663910 2.540152
v 0.803049 28.155781 3.840446
v 0.985615 27.663910 2.549014
v 0.990916 28.155781 3.849308
v 0.702954 28.302792 3.816320
v 0.785424 27.957928 2.500760
v 0.697653 27.810921 2.516026
v 0.790724 28.449799 3.801054
v 0.973291 27.957928 2.509622
v 0.785424 27.957928 2.500760
v 0.075376 27.724342 0.089004
v 0.250918 28.018360 0.058474
v 0.263242 27.724342 0.097865
v 0.973291 27.957928 2.509622
v 0.351014 27.871353 0.082600
v 0.250918 28.018360 0.058474
v 0.697653 27.810921 2.516026
v 0.063051 28.018360 0.049611
v -0.024719 27.871353 0.064878
v 0.697653 27.810921 2.516026
v 0.075376 27.724342 0.089004
v 0.797749 27.663910 2.540152
v 0.985615 27.663910 2.549014
v 0.351014 27.871353 0.082600
v 1.073386 27.810921 2.533748
v 0.785424 27.957928 2.500760
v 0.250918 28.018360 0.058474
v 0.063051 28.018360 0.049611
v 5.448922 29.051172 7.466988
v 2.470707 29.092703 9.525635
v 4.078539 28.465624 6.794644
v 4.078539 28.465624 6.794644
v 1.054454 28.990515 8.715300
v 2.662287 28.363436 5.984309
v 3.186813 29.624567 10.952350
v -0.084320 28.485537 8.615082
v 3.550809 29.092340 9.179157
v 3.833985 29.129656 7.314111
v -0.084320 28.485537 8.615082
v 0.198856 28.522848 6.750036
v 1.238158 15.440055 4.639532
v 1.400034 15.729220 5.633651
v 1.050292 15.440055 4.630670
v 0.950196 15.587062 4.606544
v 0.790724 15.516246 3.801056
v 0.702954 15.369239 3.816322
v 1.325929 15.587062 4.624266
v 1.514959 15.729220 5.639072
v 1.238158 15.440055 4.639532
v 1.037967 15.734073 4.591279
v 0.978591 15.516246 3.809917
v 0.790724 15.516246 3.801056
v 1.225834 15.734073 4.600140
v 1.577425 15.818919 5.657773
v 1.325929 15.587062 4.624266
v 1.225834 15.734073 4.600140
v 1.078687 15.369239 3.834044
v 0.978591 15.516246 3.809917
v 1.037967 15.734073 4.591279
v 1.347574 15.818919 5.646931
v 1.410040 15.908618 5.665633
v 1.078687 15.369239 3.834044
v 1.238158 15.440055 4.639532
v 0.990916 15.222228 3.849310
v 0.950196 15.587062 4.606544
v 1.400034 15.729220 5.633651
v 1.347574 15.818919 5.646931
v 1.838755 15.952724 6.977237
v 2.257297 15.703593 8.320025
v 2.279285 15.735168 8.326609
v 0.990916 15.222228 3.849310
v 0.803049 15.222228 3.840448
v 1.225834 15.734073 4.600140
v 1.410040 15.908618 5.665633
v 1.524965 15.908618 5.671053
v 0.803049 15.222228 3.840448
v 0.950196 15.587062 4.606544
v 0.702954 15.369239 3.816322
v 1.078687 15.369239 3.834044
v 0.973291 15.024374 2.509624
v 0.978591 15.516246 3.809917
v 2.316217 15.672015 8.317258
v 2.338205 15.703593 8.323841
v 2.319740 15.735168 8.328516
v 1.831990 15.831450 6.955618
v 2.257297 15.703593 8.320025
v 1.796528 15.892089 6.964596
v 1.951908 15.892089 6.971925
v 2.316217 15.672015 8.317258
v 1.909680 15.831450 6.959282
v 1.909680 15.831450 6.959282
v 2.275764 15.672015 8.315351
v 1.831990 15.831450 6.955618
v 1.951908 15.892089 6.971925
v 2.319740 15.735168 8.328516
v 2.338205 15.703593 8.323841
v 1.916444 15.952724 6.980901
v 2.279285 15.735168 8.326609
v 2.319740 15.735168 8.328516
v 1.524965 15.908618 5.671053
v 1.838755 15.952724 6.977237
v 1.916444 15.952724 6.980901
v 1.524965 15.908618 5.671053
v 1.951908 15.892089 6.971925
v 1.577425 15.818919 5.657773
v 1.514959 15.729220 5.639072
v 1.831990 15.831450 6.955618
v 1.400034 15.729220 5.633651
v 1.577425 15.818919 5.657773
v 1.909680 15.831450 6.959282
v 1.514959 15.729220 5.639072
v 1.347574 15.818919 5.646931
v 1.831990 15.831450 6.955618
v 1.796528 15.892089 6.964596
v 1.410040 15.908618 5.665633
v 1.796528 15.892089 6.964596
v 1.838755 15.952724 6.977237
v 4.529662 15.822768 6.277335
v 1.012208 15.864299 7.134839
v 3.490327 15.237220 5.159401
v 3.490327 15.237220 5.159401
v -0.020618 15.762111 5.871633
v 2.457502 15.135032 3.896196
v 2.144787 15.863936 7.197516
v -2.022277 15.789359 6.896591
v -1.048253 15.257133 5.370815
v 2.144787 15.863936 7.197516
v -0.116858 15.294444 3.730362
v 3.076181 15.901252 5.557064
v 0.797749 14.730356 2.540154
v 0.263242 14.790789 0.097867
v 0.985615 14.730356 2.549016
v 0.990916 15.222228 3.849310
v 1.073386 14.877367 2.533750
v 1.078687 15.369239 3.834044
v 0.803049 15.222228 3.840448
v 0.697653 14.877367 2.516028
v 0.797749 14.730356 2.540154
v 0.803049 15.222228 3.840448
v 0.985615 14.730356 2.549016
v 0.990916 15.222228 3.849310
v 0.702954 15.369239 3.816322
v 0.785424 15.024374 2.500762
v 0.697653 14.877367 2.516028
v 0.790724 15.516246 3.801056
v 0.973291 15.024374 2.509624
v 0.785424 15.024374 2.500762
v 0.075376 14.790789 0.089006
v 0.250918 15.084806 0.058476
v 0.263242 14.790789 0.097867
v 0.973291 15.024374 2.509624
v 0.351014 14.937799 0.082602
v 0.250918 15.084806 0.058476
v 0.697653 14.877367 2.516028
v 0.063051 15.084806 0.049613
v -0.024719 14.937799 0.064880
v 0.697653 14.877367 2.516028
v 0.075376 14.790789 0.089006
v 0.797749 14.730356 2.540154
v 0.985615 14.730356 2.549016
v 0.351014 14.937799 0.082602
v 1.073386 14.877367 2.533750
v 0.785424 15.024374 2.500762
v 0.250918 15.084806 0.058476
v 0.063051 15.084806 0.049613
v 5.448922 16.117619 7.466990
v 2.470707 16.159149 9.525637
v 4.078539 15.532069 6.794647
v 4.078539 15.532069 6.794647
v 1.054454 16.056961 8.715302
v 2.662287 15.429881 5.984312
v 3.186813 16.691013 10.952352
v -0.084320 15.551982 8.615084
v 3.550809 16.158787 9.179159
v 3.833985 16.196102 7.314113
v -0.084320 15.551982 8.615084
v 0.198856 15.589293 6.750039
v 0.433013 14.163445 -0.250002
v 0.433013 14.163445 0.249998
v 0.000000 14.163445 0.499998
v -0.433013 14.163445 0.249998
v 0.458821 18.576868 -0.240636
v -0.433013 14.163445 -0.250002
v 0.000000 14.163445 -0.500002
v 0.000000 -0.793186 -0.500000
v 0.433013 -0.793186 0.250000
v -0.433013 -0.793186 0.250000
v -0.486499 22.079586 -0.224260
v -0.374756 18.576868 0.240630
v 0.000000 14.163445 -0.500002
v 0.458821 18.576868 0.240630
v -0.433013 14.163445 -0.250002
v 0.042033 18.576868 0.481263
v -0.225525 26.507023 0.211094
v 0.042033 18.576868 0.481263
v 0.290347 22.079586 -0.224260
v -0.486499 22.079586 0.224252
v 0.458821 18.576868 0.240630
v -0.098076 22.079586 -0.448516
v 0.505742 26.507023 0.211094
v -0.098076 22.079586 -0.448516
v -0.486499 22.079586 -0.224260
v 0.505742 26.507023 -0.211103
v -0.326039 32.853947 0.099256
v 0.140112 30.135838 0.273642
v 0.377098 30.135838 -0.136828
v -0.096873 30.135838 0.136819
v 0.377098 30.135838 0.136819
v 0.140109 26.507023 -0.422202
v -0.625608 33.827633 -0.031958
v 0.377098 30.135838 0.136819
v -0.154113 32.853947 -0.198528
v -0.326039 32.853947 -0.099267
v 0.140112 30.135838 0.273642
v 0.017813 32.853947 -0.099267
v -0.523270 33.869808 -0.031958
v -0.574439 33.848721 -0.063911
v -0.625608 33.827633 -0.031958
v -0.154113 32.853947 0.198518
v -0.523270 33.869808 -0.031958
v -0.625608 33.827633 0.031948
v 0.017813 32.853947 0.099256
v -0.574439 33.848721 -0.063911
v -1.558261 17.680769 0.057394
v -0.880996 17.710630 -0.187654
v -1.550093 17.779846 0.114791
v -0.867644 17.872591 -0.093828
v -1.541925 17.878925 0.057394
v -0.894348 17.548668 0.093823
v -0.894348 17.548668 -0.093828
v -1.541925 17.878925 -0.057399
v -1.558261 17.680769 -0.057399
v -1.558261 17.680769 0.057394
v -0.894348 17.548668 -0.093828
v -1.541925 17.878925 -0.057399
v -0.894348 17.548668 -0.093828
v -0.345305 17.764877 -0.187654
v -0.331953 17.926838 -0.093828
v -0.331953 17.926838 0.093823
v 1.142342 19.927795 0.879657
v 0.473458 19.957657 0.612579
v 1.174390 20.026873 0.831344
v 0.650573 20.119617 0.393404
v 1.130137 20.125950 0.868799
v 0.670525 19.795694 0.411153
v 0.545797 19.795694 0.551354
v 1.053837 20.125950 0.954565
v 1.021789 20.026873 1.002877
v 1.066042 19.927795 0.965423
v 0.545797 19.795694 0.551354
v 1.053837 20.125950 0.954565
v 0.545797 19.795694 0.551354
v 0.073226 20.011902 0.256519
v 0.250341 20.173864 0.037343
v 0.322681 20.011902 -0.023883
v 0.895668 26.788960 -0.338607
v 0.974985 26.950922 -0.068206
v 1.508600 27.020140 -0.572606
v 0.931720 27.112885 -0.152525
v 1.519627 27.119217 -0.515689
v 0.895668 26.788960 -0.338607
v 0.956959 26.788960 -0.161247
v 1.557122 27.119217 -0.407191
v 1.583588 27.020140 -0.355609
v 1.572561 26.921061 -0.412526
v 0.956959 26.788960 -0.161247
v 1.557122 27.119217 -0.407191
v 0.956959 26.788960 -0.161247
v 0.468674 27.005169 0.106762
v 0.425408 27.167131 0.022443
v 0.364117 27.167131 -0.154917
v -1.558261 22.438862 0.057394
v -0.880996 22.468723 -0.187655
v -1.550093 22.537941 0.114791
v -0.867644 22.630686 -0.093829
v -1.541925 22.637020 0.057394
v -0.894348 22.306763 0.093823
v -0.894348 22.306763 -0.093829
v -2.442497 22.621815 -0.077604
v -0.894348 22.306763 -0.093829
v -1.541925 22.637020 -0.057400
v -0.894348 22.306763 -0.093829
v -0.345305 22.522972 -0.187655
v -0.331953 22.684933 -0.093829
v -0.331953 22.684933 0.093823
v -3.332025 22.875065 -0.020206
v -3.334900 22.840191 -0.040410
v -3.337775 22.805313 -0.020206
v -2.448018 22.554836 -0.038803
v -3.334900 22.840191 0.040406
v -3.337775 22.805313 0.020202
v -3.332025 22.875065 0.020202
v -2.436975 22.688789 -0.038803
v -2.436975 22.688789 -0.038803
v -2.436975 22.688789 0.038798
v -2.448018 22.554836 0.038798
v -2.442497 22.621815 0.077598
v -1.558261 22.438862 -0.057400
v -1.550093 22.537941 -0.114797
v -1.554362 26.070587 0.063997
v -0.767732 26.076546 -0.104625
v -1.566449 26.180779 0.127999
v -0.767732 26.076546 -0.104625
v -1.578536 26.290972 0.063997
v -0.767732 26.076546 0.104618
v -0.782620 25.895948 -0.209247
v -0.782620 25.895948 0.209240
v -0.797508 25.715351 -0.104625
v -3.584385 26.039103 -0.045060
v -0.797508 25.715351 -0.104625
v -1.578536 26.290972 -0.064005
v -0.782620 25.895948 -0.209247
v -0.185291 25.628355 -0.209247
v -0.170403 25.808952 0.104618
v -0.185291 25.628355 0.209240
v -3.588640 26.077892 -0.022531
v -3.580131 26.000313 -0.022531
v -3.580131 26.000313 0.022526
v -3.580131 26.000313 -0.022531
v -2.561144 26.270668 0.086527
v -3.580131 26.000313 0.022526
v -2.569314 26.345158 0.043262
v -3.588640 26.077892 -0.022531
v -2.569314 26.345158 -0.043268
v -2.569314 26.345158 0.043262
v -2.552973 26.196175 0.043262
v -2.561144 26.270668 0.086527
v -1.554362 26.070587 -0.064005
v -1.566449 26.180779 -0.128006
v 0.985880 21.792290 -1.022229
v 0.508214 21.796978 -0.607399
v 0.969900 21.878944 -1.070892
v 0.508214 21.796978 -0.607399
v 1.002527 21.965601 -1.031409
v 0.428757 21.796978 -0.751491
v 0.558195 21.654957 -0.541007
v 0.399281 21.654957 -0.829190
v 0.528719 21.512938 -0.618707
v 2.425232 21.767532 -1.717998
v 0.528719 21.512938 -0.618707
v 1.051134 21.965601 -0.943262
v 0.558195 21.654957 -0.541007
v 0.146855 21.444525 -0.314181
v 0.017418 21.586544 -0.524665
v -0.012058 21.444525 -0.602364
v 2.419607 21.798035 -1.735127
v 2.425232 21.767532 -1.717998
v 2.413747 21.737030 -1.731896
v 2.413747 21.737030 -1.731896
v 1.670627 21.949633 -1.420053
v 2.396637 21.737030 -1.762924
v 1.692683 22.008211 -1.393362
v 1.725541 22.008211 -1.333775
v 1.725541 22.008211 -1.333775
v 1.692683 22.008211 -1.393362
v 1.681429 21.891052 -1.387156
v 1.670627 21.949633 -1.420053
v 1.034487 21.792290 -0.934082
v 1.067114 21.878944 -0.894599
v 5.616674 18.310673 1.536606
v 4.467929 18.315525 1.460600
v 5.662724 18.400372 1.490441
v 4.564690 18.315525 1.299325
v 5.649581 18.490070 1.542935
v 4.633336 18.168514 1.222586
v 4.439815 18.168514 1.545137
v 4.633336 18.168514 1.222586
v 4.508461 18.021507 1.468397
v 6.917510 18.473541 1.916244
v 4.467929 18.315525 1.460600
v 4.508461 18.021507 1.468397
v 2.672447 17.458822 0.455155
v 8.345745 18.316620 2.135955
v 8.329535 18.285046 2.152206
v 8.334163 18.253468 2.133727
v 8.334163 18.253468 2.133727
v 8.371206 18.285046 2.082749
v 8.354997 18.253468 2.098999
v 6.988651 18.534176 1.818344
v 6.948638 18.534176 1.885037
v 5.590389 18.490070 1.641594
v 6.988651 18.534176 1.818344
v 6.966407 18.412903 1.814065
v 6.997538 18.473541 1.782858
v 5.557483 18.310673 1.635264
v 5.544340 18.400372 1.687758
v -0.629274 25.238016 0.353390
v -2.625695 25.806320 1.756805
v -0.629274 25.238016 0.353390
v -2.617288 25.771444 1.775400
v -2.647363 25.806320 1.722698
v -2.660624 25.771444 1.707186
v -2.652217 25.736568 1.725781
v -1.911172 25.486090 1.232966
v -1.170128 25.370117 0.740151
v -0.216156 25.454226 -0.020221
v -0.154574 25.616188 0.051815
v -0.053948 25.616188 0.210206
v -1.901851 25.620045 1.227044
v -1.094783 25.568274 0.828285
v -1.156340 25.568274 0.731391
v -1.194012 25.469196 0.687324
v -1.869560 25.486090 1.298466
v -2.647363 25.806320 1.722698
v -0.506109 25.561939 0.497461
v -0.668317 25.399979 0.267035
v -0.528648 25.238016 0.511781
v -1.070899 25.469196 0.881112
v -1.844094 25.553068 1.328256
v -1.927318 25.553068 1.197255
v -0.528648 25.238016 0.511781
v -0.629274 25.238016 0.353390
v -1.860239 25.620045 1.292545
v -1.869560 25.486090 1.298466
v -5.631711 22.861366 -1.120971
v -4.449341 23.046104 -1.120971
v -4.791907 22.637459 0.789496
v -3.918661 22.822197 -0.007648
v -2.812407 21.943935 -2.450158
v -2.139793 22.372549 -1.557966
v -5.029440 23.608681 -1.120971
v -3.836087 23.519043 -1.120971
v -4.262783 23.199242 0.789496
v -3.370415 23.180065 -0.007648
v -2.493480 22.072760 -2.450158
v -1.740872 22.336773 -1.557966
v 4.389698 22.306332 -1.340460
v 4.389698 22.306332 -1.340460
v 4.046064 21.897686 -3.250735
v 3.504776 22.082424 -2.199543
v 3.317586 21.204161 0.475268
v 1.413568 21.707577 -0.833654
v 4.933543 22.868908 -1.542319
v 2.774953 22.329880 -0.741115
v 3.550008 22.459469 -3.066614
v 2.990793 22.440292 -2.008768
v 2.002558 21.596998 0.011700
v 1.039806 21.520084 -0.694925
v -2.534917 26.386927 -1.827210
v -2.534917 26.386927 -1.827210
v -3.737214 25.978281 -0.303491
v -2.591386 26.163021 -0.595170
v -0.464803 25.284756 -2.228357
v -0.182408 25.788172 0.064854
v -3.046592 26.949505 -2.100530
v -1.993998 26.859865 -1.538269
v -3.270501 26.540064 -0.054189
v -2.107807 26.520889 -0.336859
v -0.183493 25.413582 -2.078090
v 0.059976 25.677593 -0.936536
v -1.947086 16.673550 -3.435856
v -0.130716 17.361288 -0.854292
v 7.606327 18.404222 -0.816497
v 6.129531 17.818674 -0.430407
v -4.476995 17.336557 1.108766
v -3.210279 17.868786 -0.184348
v 5.049388 18.370813 5.247613
v 4.166703 17.838587 3.667239
v 4.330660 21.822287 -3.577489
v 3.659253 22.354515 -1.896439
v -4.919730 23.161810 0.115950
v -3.256373 23.489319 -0.712278
v -4.939344 26.953220 0.269335
v -3.355177 27.026703 -0.752914
v 0.046574 17.372242 0.176594
v 2.644333 17.311811 0.539691
v 3.626724 17.950691 1.388732
v 2.547572 17.311811 0.700966
v 3.654838 18.097698 1.304196
v 3.751599 18.097698 1.142920
v -0.022071 17.519253 0.253333
v 0.006043 17.666260 0.168797
v 0.171450 17.519253 -0.069217
v 2.672447 17.458822 0.455155
v 2.507041 17.605829 0.693169
v -0.022071 17.519253 0.253333
v 0.143335 17.372242 0.015319
v 2.603801 17.605829 0.531894
v 10.733555 19.326149 1.646434
v 9.492477 18.740601 2.535098
v 8.870114 18.665661 5.514615
v 7.480653 18.133434 4.354393
v -5.862262 20.569839 -1.599878
v -4.713516 20.574692 -1.523873
v -5.908311 20.659538 -1.553714
v -4.810277 20.574692 -1.362598
v -5.895169 20.749237 -1.606208
v -4.878923 20.427681 -1.285859
v -4.685402 20.427681 -1.608409
v -4.878923 20.427681 -1.285859
v -4.754048 20.280674 -1.531670
v -7.163097 20.732708 -1.979517
v -4.713516 20.574692 -1.523873
v -4.754048 20.280674 -1.531670
v -2.918035 19.717989 -0.518427
v -8.591332 20.575787 -2.199227
v -8.575123 20.544212 -2.215477
v -8.579750 20.512634 -2.196999
v -8.579750 20.512634 -2.196999
v -8.616794 20.544212 -2.146021
v -8.600584 20.512634 -2.162271
v -7.234239 20.793343 -1.881616
v -7.194225 20.793343 -1.948309
v -5.835977 20.749237 -1.704866
v -7.234239 20.793343 -1.881616
v -7.211994 20.672070 -1.877337
v -7.243125 20.732708 -1.846130
v -5.803070 20.569839 -1.698537
v -5.789927 20.659538 -1.751031
v -7.851914 20.663389 0.753225
v -6.941665 20.704920 -2.750950
v -5.294975 20.629980 -5.310885
v -4.412291 20.097754 -3.730511
v -0.292162 19.631409 -0.239867
v -2.889920 19.570978 -0.602963
v -3.872312 20.209858 -1.452004
v -2.793159 19.570978 -0.764238
v -3.900425 20.356865 -1.367468
v -3.997186 20.356865 -1.206193
v -0.223516 19.778419 -0.316606
v -0.251630 19.925426 -0.232070
v -0.417037 19.778419 0.005944
v -2.918035 19.717989 -0.518427
v -2.752628 19.864996 -0.756441
v -0.223516 19.778419 -0.316606
v -0.388923 19.631409 -0.078592
v -2.849389 19.864996 -0.595166
v -10.979142 21.585316 -1.709706
v -8.093949 20.372688 0.110931
v -9.115702 20.924828 -5.577887
v -7.726241 20.392601 -4.417665
v -1.185257 30.843222 -5.470618
v -0.708265 30.848074 -4.422824
v -1.247723 30.932920 -5.489319
v -0.896132 30.848074 -4.431686
v -1.195264 31.022619 -5.502599
v -0.996227 30.701063 -4.455812
v -0.620495 30.701063 -4.438089
v -0.996227 30.701063 -4.455812
v -0.720590 30.554056 -4.462215
v -1.466827 31.006088 -6.796143
v -0.708265 30.848074 -4.422824
v -0.720590 30.554056 -4.462215
v -0.743684 29.991369 -2.365296
v -1.949584 30.849167 -8.158154
v -1.927595 30.817593 -8.151571
v -1.946062 30.786015 -8.146897
v -1.946062 30.786015 -8.146897
v -2.008504 30.817593 -8.155387
v -1.986515 30.786015 -8.148804
v -1.586743 31.066723 -6.812448
v -1.509053 31.066723 -6.808784
v -1.080338 31.022619 -5.497179
v -1.586743 31.066723 -6.812448
v -1.579979 30.945450 -6.790829
v -1.622206 31.006088 -6.803472
v -1.070332 30.843222 -5.465198
v -1.017873 30.932920 -5.478477
v -4.199960 30.936768 -6.108881
v -0.682506 30.978298 -6.966385
v 2.351978 30.903358 -6.728136
v 1.377954 30.371134 -5.202361
v 0.254325 29.904791 0.079449
v -0.655914 29.844358 -2.380561
v -0.373253 30.483240 -3.647868
v -0.468047 29.844358 -2.371699
v -0.461023 30.630247 -3.632602
v -0.648890 30.630247 -3.641464
v 0.354420 30.051802 0.103575
v 0.266650 30.198809 0.118841
v -0.021312 30.051802 0.085853
v -0.743684 29.991369 -2.365296
v -0.455723 30.138376 -2.332308
v 0.354420 30.051802 0.103575
v 0.066459 29.904791 0.070587
v -0.643589 30.138376 -2.341170
v -3.511389 31.858696 -10.029527
v -2.141005 31.273148 -9.357183
v 0.778019 31.198208 -10.219826
v -3.221107 31.272785 -9.010705
v 1.514959 28.662773 5.639070
v 1.037967 28.667625 4.591276
v 1.577425 28.752472 5.657770
v 1.225834 28.667625 4.600138
v 1.524965 28.842171 5.671051
v 1.325929 28.520615 4.624264
v 0.950196 28.520615 4.606542
v 1.325929 28.520615 4.624264
v 1.050292 28.373608 4.630668
v 1.796528 28.825644 6.964594
v 1.037967 28.667625 4.591276
v 1.050292 28.373608 4.630668
v 1.073386 27.810921 2.533748
v 2.279285 28.668722 8.326607
v 2.257297 28.637148 8.320024
v 2.275764 28.605570 8.315350
v 2.275764 28.605570 8.315350
v 2.338205 28.637148 8.323839
v 2.316217 28.605570 8.317256
v 1.916444 28.886278 6.980899
v 1.838755 28.886278 6.977235
v 1.410040 28.842171 5.665630
v 1.916444 28.886278 6.980899
v 1.909680 28.765005 6.959280
v 1.951908 28.825644 6.971923
v 1.400034 28.662773 5.633649
v 1.347574 28.752472 5.646929
v 2.051542 29.383402 8.252771
v 3.490327 28.170773 5.159399
v -2.022277 28.722914 6.896588
v -1.048253 28.190685 5.370813
v 0.075376 27.724342 0.089004
v 0.985615 27.663910 2.549014
v 0.702954 28.302792 3.816320
v 0.797749 27.663910 2.540152
v 0.790724 28.449799 3.801054
v 0.978591 28.449799 3.809916
v -0.024719 27.871353 0.064878
v 0.063051 28.018360 0.049611
v 0.351014 27.871353 0.082600
v 1.073386 27.810921 2.533748
v 0.785424 27.957928 2.500760
v -0.024719 27.871353 0.064878
v 0.263242 27.724342 0.097865
v 0.973291 27.957928 2.509622
v 3.841091 29.678251 10.197978
v 2.470707 29.092703 9.525635
v -0.448317 29.017763 10.388277
v 3.550809 29.092340 9.179157
v 1.514959 15.729220 5.639072
v 1.037967 15.734073 4.591279
v 1.577425 15.818919 5.657773
v 1.225834 15.734073 4.600140
v 1.524965 15.908618 5.671053
v 1.325929 15.587062 4.624266
v 0.950196 15.587062 4.606544
v 1.325929 15.587062 4.624266
v 1.050292 15.440055 4.630670
v 1.796528 15.892089 6.964596
v 1.037967 15.734073 4.591279
v 1.050292 15.440055 4.630670
v 1.073386 14.877367 2.533750
v 2.279285 15.735168 8.326609
v 2.257297 15.703593 8.320025
v 2.275764 15.672015 8.315351
v 2.275764 15.672015 8.315351
v 2.338205 15.703593 8.323841
v 2.316217 15.672015 8.317258
v 1.916444 15.952724 6.980901
v 1.838755 15.952724 6.977237
v 1.410040 15.908618 5.665633
v 1.916444 15.952724 6.980901
v 1.909680 15.831450 6.959282
v 1.951908 15.892089 6.971925
v 1.400034 15.729220 5.633651
v 1.347574 15.818919 5.646931
v 2.051542 16.449848 8.252773
v 1.012208 15.864299 7.134839
v 1.170764 16.396164 8.723291
v -1.048253 15.257133 5.370815
v 0.075376 14.790789 0.089006
v 0.985615 14.730356 2.549016
v 0.702954 15.369239 3.816322
v 0.797749 14.730356 2.540154
v 0.790724 15.516246 3.801056
v 0.978591 15.516246 3.809917
v -0.024719 14.937799 0.064880
v 0.063051 15.084806 0.049613
v 0.351014 14.937799 0.082602
v 1.073386 14.877367 2.533750
v 0.785424 15.024374 2.500762
v -0.024719 14.937799 0.064880
v 0.263242 14.790789 0.097867
v 0.973291 15.024374 2.509624
v 3.841091 16.744698 10.197980
v 2.470707 16.159149 9.525637
v -0.448317 16.084209 10.388279
v 3.550809 16.158787 9.179159
vt 0.359375 0.174407
vt 0.368841 0.501375
vt 0.359375 0.501375
vt 0.364840 0.174407
vt 0.353910 0.501375
vt 0.364840 0.501375
vt 0.368841 0.174407
vt 0.359375 0.501375
vt 0.368841 0.501375
vt 0.359375 0.174407
vt 0.349909 0.501375
vt 0.359375 0.501375
vt 0.063445 0.468963
vt 0.052275 0.368478
vt 0.052061 0.468963
vt 0.353910 0.174407
vt 0.364840 0.501375
vt 0.353910 0.501375
vt 0.349909 0.174407
vt 0.359375 0.501375
vt 0.349909 0.501375
vt 0.068584 0.240373
vt 0.058725 0.257449
vt 0.048866 0.240373
vt 0.050192 0.368478
vt 0.056492 0.288728
vt 0.059682 0.368478
vt 0.052061 0.468963
vt 0.063232 0.368478
vt 0.063445 0.468963
vt 0.068584 0.468963
vt 0.059682 0.368478
vt 0.069171 0.368478
vt 0.068584 0.468963
vt 0.059682 0.368478
vt 0.058725 0.468963
vt 0.058725 0.468963
vt 0.050192 0.368478
vt 0.059682 0.368478
vt 0.058725 0.468963
vt 0.050192 0.368478
vt 0.048866 0.468963
vt 0.052648 0.288728
vt 0.062560 0.187924
vt 0.062859 0.288728
vt 0.050192 0.368478
vt 0.056492 0.288728
vt 0.047648 0.288728
vt 0.063232 0.368478
vt 0.052648 0.288728
vt 0.052275 0.368478
vt 0.052275 0.368478
vt 0.062859 0.288728
vt 0.063232 0.368478
vt 0.059682 0.368478
vt 0.065335 0.288728
vt 0.056492 0.288728
vt 0.059682 0.368478
vt 0.065335 0.288728
vt 0.069171 0.368478
vt 0.061915 0.187924
vt 0.053590 0.105303
vt 0.061915 0.105303
vt 0.065335 0.288728
vt 0.061915 0.187924
vt 0.056492 0.288728
vt 0.065335 0.288728
vt 0.061915 0.187924
vt 0.070240 0.187924
vt 0.056492 0.288728
vt 0.053590 0.187924
vt 0.056492 0.288728
vt 0.053590 0.187924
vt 0.047648 0.288728
vt 0.062859 0.288728
vt 0.052947 0.187924
vt 0.052648 0.288728
vt 0.052947 0.105303
vt 0.061121 0.043417
vt 0.062560 0.105303
vt 0.061915 0.187924
vt 0.053590 0.105303
vt 0.062560 0.187924
vt 0.052947 0.105303
vt 0.052947 0.187924
vt 0.052947 0.187924
vt 0.062560 0.105303
vt 0.062560 0.187924
vt 0.070240 0.187924
vt 0.061915 0.105303
vt 0.061915 0.187924
vt 0.070240 0.187924
vt 0.061915 0.105303
vt 0.070240 0.105303
vt 0.049384 0.043417
vt 0.045646 0.020768
vt 0.055216 0.043417
vt 0.061915 0.105303
vt 0.061048 0.043417
vt 0.055216 0.043417
vt 0.061915 0.105303
vt 0.061048 0.043417
vt 0.070240 0.105303
vt 0.053590 0.105303
vt 0.055216 0.043417
vt 0.061915 0.105303
vt 0.053590 0.105303
vt 0.055216 0.043417
vt 0.049384 0.043417
vt 0.062560 0.105303
vt 0.054386 0.043417
vt 0.052947 0.105303
vt 0.044481 0.246793
vt 0.045646 0.247520
vt 0.046811 0.246793
vt 0.049384 0.043417
vt 0.045646 0.020768
vt 0.044481 0.021248
vt 0.061121 0.043417
vt 0.057026 0.020288
vt 0.054386 0.043417
vt 0.054386 0.043417
vt 0.058481 0.021248
vt 0.061121 0.043417
vt 0.055216 0.043417
vt 0.046811 0.020288
vt 0.045646 0.020768
vt 0.055216 0.043417
vt 0.046811 0.020288
vt 0.061048 0.043417
vt 0.448230 0.467978
vt 0.433264 0.464569
vt 0.448230 0.463748
vt 0.460606 0.465436
vt 0.448832 0.463008
vt 0.460907 0.461785
vt 0.448531 0.466658
vt 0.433264 0.467332
vt 0.448230 0.470309
vt 0.460907 0.463748
vt 0.448832 0.467978
vt 0.460907 0.467978
vt 0.448832 0.463008
vt 0.433448 0.465098
vt 0.448531 0.466658
vt 0.460606 0.465436
vt 0.460907 0.461785
vt 0.433448 0.465098
vt 0.433632 0.462865
vt 0.448531 0.466658
vt 0.460305 0.469086
vt 0.460606 0.465436
vt 0.448531 0.466658
vt 0.433264 0.467332
vt 0.433448 0.465098
vt 0.445084 0.465098
vt 0.446378 0.462865
vt 0.450259 0.465098
vt 0.448230 0.467978
vt 0.460305 0.463748
vt 0.460305 0.467978
vt 0.448832 0.463748
vt 0.433632 0.467157
vt 0.448832 0.467978
vt 0.460305 0.469086
vt 0.448531 0.466658
vt 0.460606 0.465436
vt 0.443442 0.465436
vt 0.445556 0.469086
vt 0.449786 0.469086
vt 0.448230 0.467978
vt 0.433264 0.464569
vt 0.448230 0.463748
vt 0.460606 0.465436
vt 0.448832 0.463008
vt 0.460907 0.461785
vt 0.448531 0.466658
vt 0.433264 0.467332
vt 0.448230 0.470309
vt 0.448832 0.463748
vt 0.460907 0.467978
vt 0.460907 0.463748
vt 0.448832 0.463008
vt 0.433448 0.465098
vt 0.448531 0.466658
vt 0.460606 0.465436
vt 0.460907 0.461785
vt 0.433448 0.465098
vt 0.433632 0.462865
vt 0.448531 0.466658
vt 0.460305 0.469086
vt 0.460606 0.465436
vt 0.448531 0.466658
vt 0.433264 0.467332
vt 0.433448 0.465098
vt 0.446378 0.467332
vt 0.445084 0.465098
vt 0.446378 0.462865
vt 0.448230 0.467978
vt 0.460305 0.463748
vt 0.460305 0.467978
vt 0.448832 0.463748
vt 0.433632 0.467157
vt 0.448832 0.467978
vt 0.460305 0.469086
vt 0.448531 0.466658
vt 0.460606 0.465436
vt 0.445556 0.469086
vt 0.449786 0.469086
vt 0.449786 0.461785
vt 0.448230 0.463748
vt 0.433264 0.467157
vt 0.433264 0.464569
vt 0.460606 0.465436
vt 0.448832 0.463008
vt 0.460907 0.461785
vt 0.448531 0.466658
vt 0.433264 0.467332
vt 0.448230 0.470309
vt 0.460907 0.463748
vt 0.448832 0.467978
vt 0.460907 0.467978
vt 0.448832 0.463008
vt 0.433448 0.465098
vt 0.448531 0.466658
vt 0.460606 0.465436
vt 0.460907 0.461785
vt 0.433448 0.465098
vt 0.433632 0.462865
vt 0.448531 0.466658
vt 0.460305 0.469086
vt 0.460606 0.465436
vt 0.448531 0.466658
vt 0.433264 0.467332
vt 0.433448 0.465098
vt 0.446378 0.467332
vt 0.445084 0.465098
vt 0.446378 0.462865
vt 0.448230 0.467978
vt 0.460305 0.463748
vt 0.460305 0.467978
vt 0.448832 0.463748
vt 0.433632 0.467157
vt 0.448832 0.467978
vt 0.460305 0.469086
vt 0.448531 0.466658
vt 0.460606 0.465436
vt 0.443442 0.465436
vt 0.445556 0.469086
vt 0.449786 0.469086
vt 0.446835 0.481993
vt 0.430848 0.478351
vt 0.446835 0.477474
vt 0.460056 0.481239
vt 0.447478 0.478646
vt 0.460377 0.477339
vt 0.447156 0.482546
vt 0.430848 0.483265
vt 0.446835 0.486446
vt 0.460377 0.477474
vt 0.447478 0.481993
vt 0.460377 0.481993
vt 0.447478 0.478646
vt 0.431045 0.480879
vt 0.447156 0.482546
vt 0.460056 0.481239
vt 0.460377 0.477339
vt 0.431045 0.480879
vt 0.431242 0.478493
vt 0.447156 0.482546
vt 0.459734 0.485139
vt 0.460056 0.481239
vt 0.447156 0.482546
vt 0.430848 0.483265
vt 0.431045 0.480879
vt 0.409689 0.477247
vt 0.388068 0.473601
vt 0.388137 0.472761
vt 0.446835 0.481993
vt 0.459734 0.477474
vt 0.459734 0.481993
vt 0.447478 0.477474
vt 0.431242 0.481115
vt 0.447478 0.481993
vt 0.459734 0.485139
vt 0.447156 0.482546
vt 0.460056 0.481239
vt 0.423137 0.481239
vt 0.425396 0.485139
vt 0.429915 0.485139
vt 0.427169 0.474441
vt 0.426682 0.473601
vt 0.427169 0.472761
vt 0.409556 0.478859
vt 0.387998 0.474441
vt 0.388068 0.473601
vt 0.409556 0.478859
vt 0.387998 0.474441
vt 0.409423 0.480472
vt 0.409423 0.480668
vt 0.387998 0.479247
vt 0.409423 0.478799
vt 0.409689 0.477247
vt 0.388068 0.473601
vt 0.409556 0.478859
vt 0.409689 0.480668
vt 0.388137 0.479247
vt 0.388137 0.480220
vt 0.431242 0.478351
vt 0.409689 0.480668
vt 0.431242 0.481115
vt 0.431242 0.478493
vt 0.409556 0.478859
vt 0.431045 0.480879
vt 0.430848 0.481115
vt 0.409423 0.478799
vt 0.430848 0.478351
vt 0.431045 0.480879
vt 0.409423 0.480472
vt 0.430848 0.483265
vt 0.431045 0.480879
vt 0.409423 0.480472
vt 0.409556 0.478859
vt 0.431242 0.478493
vt 0.409556 0.478859
vt 0.409689 0.477247
vt 0.446835 0.481993
vt 0.430848 0.478351
vt 0.446835 0.477474
vt 0.447156 0.482546
vt 0.460377 0.477339
vt 0.460056 0.481239
vt 0.447156 0.482546
vt 0.430848 0.483265
vt 0.446835 0.486446
vt 0.460377 0.477474
vt 0.447478 0.481993
vt 0.460377 0.481993
vt 0.447478 0.478646
vt 0.431045 0.480879
vt 0.447156 0.482546
vt 0.460377 0.477339
vt 0.447156 0.482546
vt 0.460056 0.481239
vt 0.447478 0.478646
vt 0.431045 0.480879
vt 0.431242 0.478493
vt 0.460056 0.481239
vt 0.446835 0.486446
vt 0.459734 0.485139
vt 0.447156 0.482546
vt 0.430848 0.483265
vt 0.431045 0.480879
vt 0.409556 0.478859
vt 0.388137 0.472761
vt 0.409689 0.477247
vt 0.446835 0.481993
vt 0.459734 0.477474
vt 0.459734 0.481993
vt 0.447478 0.477474
vt 0.431242 0.481115
vt 0.447478 0.481993
vt 0.446835 0.486446
vt 0.460056 0.481239
vt 0.459734 0.485139
vt 0.425396 0.485139
vt 0.429915 0.485139
vt 0.429915 0.477339
vt 0.426682 0.473601
vt 0.427169 0.472761
vt 0.428628 0.473601
vt 0.409423 0.480472
vt 0.388068 0.473601
vt 0.409556 0.478859
vt 0.409423 0.480472
vt 0.388068 0.473601
vt 0.387998 0.474441
vt 0.409423 0.480668
vt 0.387998 0.479247
vt 0.409423 0.478799
vt 0.409556 0.478859
vt 0.388137 0.472761
vt 0.388068 0.473601
vt 0.409689 0.478799
vt 0.388137 0.480220
vt 0.409689 0.480668
vt 0.431242 0.478351
vt 0.409689 0.480668
vt 0.431242 0.481115
vt 0.431242 0.478493
vt 0.409556 0.478859
vt 0.431045 0.480879
vt 0.430848 0.481115
vt 0.409423 0.478799
vt 0.430848 0.478351
vt 0.431045 0.480879
vt 0.409423 0.480472
vt 0.430848 0.483265
vt 0.431045 0.480879
vt 0.409423 0.480472
vt 0.409556 0.478859
vt 0.431242 0.478493
vt 0.409556 0.478859
vt 0.409689 0.477247
vt 0.446835 0.481993
vt 0.430848 0.478351
vt 0.446835 0.477474
vt 0.447156 0.482546
vt 0.460377 0.477339
vt 0.460056 0.481239
vt 0.447156 0.482546
vt 0.430848 0.483265
vt 0.446835 0.486446
vt 0.460377 0.477474
vt 0.447478 0.481993
vt 0.460377 0.481993
vt 0.447478 0.478646
vt 0.431045 0.480879
vt 0.447156 0.482546
vt 0.460377 0.477339
vt 0.447156 0.482546
vt 0.460056 0.481239
vt 0.447478 0.478646
vt 0.431045 0.480879
vt 0.431242 0.478493
vt 0.460056 0.481239
vt 0.446835 0.486446
vt 0.459734 0.485139
vt 0.447156 0.482546
vt 0.430848 0.483265
vt 0.431045 0.480879
vt 0.409556 0.478859
vt 0.388137 0.472761
vt 0.409689 0.477247
vt 0.446835 0.481993
vt 0.459734 0.477474
vt 0.459734 0.481993
vt 0.447478 0.477474
vt 0.431242 0.481115
vt 0.447478 0.481993
vt 0.446835 0.486446
vt 0.460056 0.481239
vt 0.459734 0.485139
vt 0.425396 0.485139
vt 0.429915 0.485139
vt 0.429915 0.477339
vt 0.427169 0.474441
vt 0.426682 0.473601
vt 0.427169 0.472761
vt 0.409423 0.480472
vt 0.388068 0.473601
vt 0.409556 0.478859
vt 0.409423 0.480472
vt 0.388068 0.473601
vt 0.387998 0.474441
vt 0.409423 0.480668
vt 0.387998 0.479247
vt 0.409423 0.478799
vt 0.409556 0.478859
vt 0.388137 0.472761
vt 0.388068 0.473601
vt 0.409689 0.480668
vt 0.388137 0.479247
vt 0.388137 0.480220
vt 0.431242 0.478351
vt 0.409689 0.480668
vt 0.431242 0.481115
vt 0.431242 0.478493
vt 0.409556 0.478859
vt 0.431045 0.480879
vt 0.430848 0.481115
vt 0.409423 0.478799
vt 0.430848 0.478351
vt 0.431045 0.480879
vt 0.409423 0.480472
vt 0.430848 0.483265
vt 0.431045 0.480879
vt 0.409423 0.480472
vt 0.409556 0.478859
vt 0.431242 0.478493
vt 0.409556 0.478859
vt 0.409689 0.477247
vt 0.456405 0.459761
vt 0.467104 0.466272
vt 0.455318 0.462961
vt 0.454547 0.456989
vt 0.445727 0.458394
vt 0.445412 0.461311
vt 0.456721 0.456989
vt 0.467769 0.454168
vt 0.456405 0.459906
vt 0.454863 0.462806
vt 0.446815 0.456503
vt 0.445727 0.459703
vt 0.455950 0.454072
vt 0.468287 0.452388
vt 0.456721 0.456989
vt 0.455950 0.454072
vt 0.447586 0.461311
vt 0.446815 0.458394
vt 0.454863 0.454072
vt 0.466957 0.452388
vt 0.467474 0.450608
vt 0.447586 0.461311
vt 0.456405 0.459906
vt 0.447270 0.464228
vt 0.454547 0.456989
vt 0.467104 0.454168
vt 0.466957 0.452388
vt 0.482734 0.449733
vt 0.498249 0.454676
vt 0.498431 0.454050
vt 0.447270 0.456657
vt 0.446183 0.459857
vt 0.455950 0.459606
vt 0.467474 0.466398
vt 0.468139 0.464440
vt 0.446183 0.464228
vt 0.454547 0.456989
vt 0.445412 0.461311
vt 0.447586 0.461311
vt 0.433919 0.468154
vt 0.446815 0.458394
vt 0.439986 0.455303
vt 0.440308 0.454676
vt 0.439942 0.454050
vt 0.482484 0.452139
vt 0.498249 0.454676
vt 0.482384 0.450936
vt 0.483284 0.450936
vt 0.498535 0.455303
vt 0.482934 0.452139
vt 0.482934 0.469820
vt 0.498301 0.476163
vt 0.482484 0.471143
vt 0.483284 0.450936
vt 0.498665 0.454050
vt 0.498717 0.454676
vt 0.483184 0.469905
vt 0.498431 0.476207
vt 0.498665 0.475518
vt 0.468139 0.464440
vt 0.482734 0.471228
vt 0.483184 0.469905
vt 0.468139 0.450608
vt 0.483284 0.450936
vt 0.468287 0.452388
vt 0.467769 0.464314
vt 0.482484 0.471143
vt 0.467104 0.466272
vt 0.468287 0.452388
vt 0.482934 0.452139
vt 0.467769 0.454168
vt 0.466957 0.452388
vt 0.482484 0.452139
vt 0.482384 0.450936
vt 0.467474 0.450608
vt 0.482384 0.450936
vt 0.482734 0.449733
vt 0.446835 0.481993
vt 0.459734 0.477474
vt 0.459734 0.481993
vt 0.409689 0.477247
vt 0.388068 0.473601
vt 0.409556 0.478859
vt 0.459734 0.485139
vt 0.447156 0.482546
vt 0.460056 0.481239
vt 0.409556 0.478859
vt 0.387998 0.474441
vt 0.409423 0.480472
vt 0.427169 0.474441
vt 0.426682 0.473601
vt 0.427169 0.472761
vt 0.409556 0.478859
vt 0.387998 0.474441
vt 0.388068 0.473601
vt 0.431045 0.480879
vt 0.409423 0.480472
vt 0.409556 0.478859
vt 0.423137 0.481239
vt 0.425396 0.485139
vt 0.429915 0.485139
vt 0.431242 0.478351
vt 0.409689 0.480668
vt 0.431242 0.481115
vt 0.447478 0.478646
vt 0.431045 0.480879
vt 0.447156 0.482546
vt 0.447478 0.477474
vt 0.431242 0.481115
vt 0.447478 0.481993
vt 0.431242 0.478493
vt 0.409556 0.478859
vt 0.409689 0.477247
vt 0.409423 0.478799
vt 0.387998 0.480220
vt 0.387998 0.479247
vt 0.409689 0.478799
vt 0.388137 0.480220
vt 0.409689 0.480668
vt 0.460056 0.481239
vt 0.460377 0.477339
vt 0.447478 0.477474
vt 0.460377 0.481993
vt 0.460377 0.477474
vt 0.460056 0.481239
vt 0.447478 0.478646
vt 0.460377 0.477339
vt 0.446835 0.477474
vt 0.430848 0.481115
vt 0.430848 0.478351
vt 0.447156 0.482546
vt 0.430848 0.483265
vt 0.446835 0.486446
vt 0.431045 0.480879
vt 0.431242 0.478493
vt 0.431045 0.480879
vt 0.409423 0.480472
vt 0.430848 0.483265
vt 0.409689 0.477247
vt 0.388068 0.473601
vt 0.388137 0.472761
vt 0.447156 0.482546
vt 0.459734 0.485139
vt 0.460056 0.481239
vt 0.447156 0.482546
vt 0.430848 0.483265
vt 0.431045 0.480879
vt 0.431242 0.478493
vt 0.409556 0.478859
vt 0.431045 0.480879
vt 0.430848 0.481115
vt 0.409423 0.478799
vt 0.430848 0.478351
vt 0.620935 0.063826
vt 0.500873 0.003795
vt 0.500873 0.063826
vt 0.620935 0.123857
vt 0.500873 0.063826
vt 0.500873 0.123857
vt 0.620935 0.063826
vt 0.500873 0.003795
vt 0.500873 0.063826
vt 0.620935 0.123857
vt 0.500873 0.063826
vt 0.500873 0.123857
vt 0.620935 0.063826
vt 0.500873 0.003795
vt 0.500873 0.063826
vt 0.620935 0.123857
vt 0.500873 0.063826
vt 0.500873 0.123857
vt 0.620935 0.063826
vt 0.500873 0.003795
vt 0.500873 0.063826
vt 0.620935 0.123857
vt 0.500873 0.063826
vt 0.500873 0.123857
vt 0.620935 0.063826
vt 0.500873 0.003795
vt 0.500873 0.063826
vt 0.620935 0.123857
vt 0.500873 0.063826
vt 0.500873 0.123857
vt 0.620935 0.063826
vt 0.500873 0.003795
vt 0.500873 0.063826
vt 0.620935 0.123857
vt 0.500873 0.063826
vt 0.500873 0.123857
vt 0.500873 0.063826
vt 0.620935 0.003795
vt 0.500873 0.003795
vt 0.620935 0.123857
vt 0.500873 0.063826
vt 0.500873 0.123857
vt 0.620935 0.063826
vt 0.500873 0.003795
vt 0.500873 0.063826
vt 0.620935 0.123857
vt 0.500873 0.063826
vt 0.500873 0.123857
vt 0.620935 0.063826
vt 0.500873 0.003795
vt 0.500873 0.063826
vt 0.500873 0.123857
vt 0.620935 0.063826
vt 0.500873 0.063826
vt 0.620935 0.063826
vt 0.500873 0.003795
vt 0.500873 0.063826
vt 0.500873 0.123857
vt 0.620935 0.063826
vt 0.500873 0.063826
vt 0.620935 0.063826
vt 0.500873 0.003795
vt 0.500873 0.063826
vt 0.620935 0.123857
vt 0.500873 0.063826
vt 0.500873 0.123857
vt 0.500873 0.063826
vt 0.620935 0.003795
vt 0.500873 0.003795
vt 0.500873 0.123857
vt 0.620935 0.063826
vt 0.500873 0.063826
vt 0.500873 0.063826
vt 0.620935 0.003795
vt 0.500873 0.003795
vt 0.620935 0.123857
vt 0.500873 0.063826
vt 0.500873 0.123857
vt 0.620935 0.063826
vt 0.500873 0.003795
vt 0.500873 0.063826
vt 0.620935 0.123857
vt 0.500873 0.063826
vt 0.500873 0.123857
vt 0.620935 0.063826
vt 0.500873 0.003795
vt 0.500873 0.063826
vt 0.500873 0.123857
vt 0.620935 0.063826
vt 0.500873 0.063826
vt 0.620935 0.063826
vt 0.500873 0.003795
vt 0.500873 0.063826
vt 0.620935 0.123857
vt 0.500873 0.063826
vt 0.500873 0.123857
vt 0.620935 0.063826
vt 0.500873 0.003795
vt 0.500873 0.063826
vt 0.620935 0.123857
vt 0.500873 0.063826
vt 0.500873 0.123857
vt 0.620935 0.063826
vt 0.500873 0.003795
vt 0.500873 0.063826
vt 0.620935 0.123857
vt 0.500873 0.063826
vt 0.500873 0.123857
vt 0.620935 0.063826
vt 0.500873 0.003795
vt 0.500873 0.063826
vt 0.500873 0.123857
vt 0.620935 0.063826
vt 0.500873 0.063826
vt 0.500873 0.063826
vt 0.620935 0.003795
vt 0.620935 0.063826
vt 0.500873 0.123857
vt 0.620935 0.063826
vt 0.620935 0.123857
vt 0.622166 0.195478
vt 0.502104 0.135447
vt 0.502104 0.195478
vt 0.622166 0.255509
vt 0.502104 0.195478
vt 0.502104 0.255509
vt 0.502104 0.135447
vt 0.622166 0.195478
vt 0.502104 0.195478
vt 0.502104 0.195478
vt 0.622166 0.255509
vt 0.502104 0.255509
vt 0.622166 0.195478
vt 0.502104 0.135447
vt 0.502104 0.195478
vt 0.622166 0.255509
vt 0.502104 0.195478
vt 0.502104 0.255509
vt 0.622166 0.195478
vt 0.502104 0.135447
vt 0.502104 0.195478
vt 0.622166 0.255509
vt 0.502104 0.195478
vt 0.502104 0.255509
vt 0.622166 0.195478
vt 0.502104 0.135447
vt 0.502104 0.195478
vt 0.622166 0.255509
vt 0.502104 0.195478
vt 0.502104 0.255509
vt 0.433287 0.447733
vt 0.406275 0.434129
vt 0.434374 0.444533
vt 0.458802 0.464228
vt 0.472604 0.471071
vt 0.460479 0.461311
vt 0.446183 0.464228
vt 0.432516 0.471071
vt 0.433287 0.473988
vt 0.446183 0.459857
vt 0.434374 0.444533
vt 0.447270 0.456657
vt 0.454079 0.461311
vt 0.467881 0.468154
vt 0.466203 0.471071
vt 0.445727 0.459703
vt 0.433919 0.444378
vt 0.432832 0.447578
vt 0.478131 0.472789
vt 0.481486 0.466955
vt 0.481331 0.472789
vt 0.433919 0.468154
vt 0.406591 0.469872
vt 0.405820 0.466955
vt 0.432516 0.471071
vt 0.404732 0.466955
vt 0.404417 0.469872
vt 0.432516 0.471071
vt 0.405188 0.472789
vt 0.433287 0.473988
vt 0.434374 0.473988
vt 0.406591 0.469872
vt 0.434690 0.471071
vt 0.432832 0.447578
vt 0.405820 0.433974
vt 0.404732 0.437174
vt 0.500873 0.003795
vt 0.620935 0.063826
vt 0.500873 0.063826
vt 0.500873 0.063826
vt 0.620935 0.123857
vt 0.500873 0.123857
vt 0.502104 0.135447
vt 0.622166 0.195478
vt 0.502104 0.195478
vt 0.502104 0.195478
vt 0.622166 0.255509
vt 0.502104 0.255509
vt 0.456405 0.459761
vt 0.467104 0.466272
vt 0.455318 0.462961
vt 0.454547 0.456989
vt 0.445727 0.458394
vt 0.445412 0.461311
vt 0.456721 0.456989
vt 0.467769 0.454168
vt 0.456405 0.459906
vt 0.454863 0.462806
vt 0.446815 0.456503
vt 0.445727 0.459703
vt 0.455950 0.454072
vt 0.468287 0.452388
vt 0.456721 0.456989
vt 0.455950 0.454072
vt 0.447586 0.461311
vt 0.446815 0.458394
vt 0.454863 0.454072
vt 0.466957 0.452388
vt 0.467474 0.450608
vt 0.447586 0.461311
vt 0.456405 0.459906
vt 0.447270 0.464228
vt 0.454547 0.456989
vt 0.467104 0.454168
vt 0.466957 0.452388
vt 0.482734 0.449733
vt 0.498249 0.454676
vt 0.498431 0.454050
vt 0.447270 0.456657
vt 0.446183 0.459857
vt 0.455950 0.459606
vt 0.467474 0.466398
vt 0.468139 0.464440
vt 0.446183 0.464228
vt 0.454547 0.456989
vt 0.445412 0.461311
vt 0.447586 0.461311
vt 0.433919 0.468154
vt 0.446815 0.458394
vt 0.439986 0.455303
vt 0.440308 0.454676
vt 0.439942 0.454050
vt 0.482484 0.452139
vt 0.498249 0.454676
vt 0.482384 0.450936
vt 0.483284 0.450936
vt 0.498535 0.455303
vt 0.482934 0.452139
vt 0.482934 0.469820
vt 0.498301 0.476163
vt 0.482484 0.471143
vt 0.483284 0.450936
vt 0.498665 0.454050
vt 0.498717 0.454676
vt 0.483184 0.469905
vt 0.498431 0.476207
vt 0.498665 0.475518
vt 0.468139 0.464440
vt 0.482734 0.471228
vt 0.483184 0.469905
vt 0.468139 0.450608
vt 0.483284 0.450936
vt 0.468287 0.452388
vt 0.467769 0.464314
vt 0.482484 0.471143
vt 0.467104 0.466272
vt 0.468287 0.452388
vt 0.482934 0.452139
vt 0.467769 0.454168
vt 0.466957 0.452388
vt 0.482484 0.452139
vt 0.482384 0.450936
vt 0.467474 0.450608
vt 0.482384 0.450936
vt 0.482734 0.449733
vt 0.500873 0.063826
vt 0.620935 0.003795
vt 0.620935 0.063826
vt 0.500873 0.063826
vt 0.620935 0.123857
vt 0.500873 0.123857
vt 0.502104 0.135447
vt 0.622166 0.195478
vt 0.502104 0.195478
vt 0.502104 0.195478
vt 0.622166 0.255509
vt 0.502104 0.255509
vt 0.433287 0.447733
vt 0.406275 0.434129
vt 0.434374 0.444533
vt 0.458802 0.464228
vt 0.472604 0.471071
vt 0.460479 0.461311
vt 0.446183 0.464228
vt 0.432516 0.471071
vt 0.433287 0.473988
vt 0.446183 0.459857
vt 0.434374 0.444533
vt 0.447270 0.456657
vt 0.454079 0.461311
vt 0.467881 0.468154
vt 0.466203 0.471071
vt 0.445727 0.459703
vt 0.433919 0.444378
vt 0.432832 0.447578
vt 0.478131 0.472789
vt 0.481486 0.466955
vt 0.481331 0.472789
vt 0.433919 0.468154
vt 0.406591 0.469872
vt 0.405820 0.466955
vt 0.432516 0.471071
vt 0.404732 0.466955
vt 0.404417 0.469872
vt 0.432516 0.471071
vt 0.405188 0.472789
vt 0.433287 0.473988
vt 0.434374 0.473988
vt 0.406591 0.469872
vt 0.434690 0.471071
vt 0.432832 0.447578
vt 0.405820 0.433974
vt 0.404732 0.437174
vt 0.500873 0.003795
vt 0.620935 0.063826
vt 0.500873 0.063826
vt 0.500873 0.123857
vt 0.620935 0.063826
vt 0.620935 0.123857
vt 0.502104 0.135447
vt 0.622166 0.195478
vt 0.502104 0.195478
vt 0.502104 0.195478
vt 0.622166 0.255509
vt 0.502104 0.255509
vt 0.456405 0.459761
vt 0.467104 0.466272
vt 0.455318 0.462961
vt 0.454547 0.456989
vt 0.445727 0.458394
vt 0.445412 0.461311
vt 0.456721 0.456989
vt 0.467769 0.454168
vt 0.456405 0.459906
vt 0.454863 0.462806
vt 0.446815 0.456503
vt 0.445727 0.459703
vt 0.455950 0.454072
vt 0.468287 0.452388
vt 0.456721 0.456989
vt 0.455950 0.454072
vt 0.447586 0.461311
vt 0.446815 0.458394
vt 0.454863 0.454072
vt 0.466957 0.452388
vt 0.467474 0.450608
vt 0.447586 0.461311
vt 0.456405 0.459906
vt 0.447270 0.464228
vt 0.454547 0.456989
vt 0.467104 0.454168
vt 0.466957 0.452388
vt 0.482734 0.449733
vt 0.498249 0.454676
vt 0.498431 0.454050
vt 0.447270 0.456657
vt 0.446183 0.459857
vt 0.455950 0.459606
vt 0.467474 0.466398
vt 0.468139 0.464440
vt 0.446183 0.464228
vt 0.454547 0.456989
vt 0.445412 0.461311
vt 0.447586 0.461311
vt 0.433919 0.468154
vt 0.446815 0.458394
vt 0.439986 0.455303
vt 0.440308 0.454676
vt 0.439942 0.454050
vt 0.482484 0.452139
vt 0.498249 0.454676
vt 0.482384 0.450936
vt 0.483284 0.450936
vt 0.498535 0.455303
vt 0.482934 0.452139
vt 0.482934 0.469820
vt 0.498301 0.476163
vt 0.482484 0.471143
vt 0.483284 0.450936
vt 0.498665 0.454050
vt 0.498717 0.454676
vt 0.483184 0.469905
vt 0.498431 0.476207
vt 0.498665 0.475518
vt 0.468139 0.464440
vt 0.482734 0.471228
vt 0.483184 0.469905
vt 0.468139 0.450608
vt 0.483284 0.450936
vt 0.468287 0.452388
vt 0.467769 0.464314
vt 0.482484 0.471143
vt 0.467104 0.466272
vt 0.468287 0.452388
vt 0.482934 0.452139
vt 0.467769 0.454168
vt 0.466957 0.452388
vt 0.482484 0.452139
vt 0.482384 0.450936
vt 0.467474 0.450608
vt 0.482384 0.450936
vt 0.482734 0.449733
vt 0.500873 0.063826
vt 0.620935 0.003795
vt 0.620935 0.063826
vt 0.500873 0.063826
vt 0.620935 0.123857
vt 0.500873 0.123857
vt 0.502104 0.135447
vt 0.622166 0.195478
vt 0.502104 0.195478
vt 0.502104 0.195478
vt 0.622166 0.255509
vt 0.502104 0.255509
vt 0.433287 0.447733
vt 0.406275 0.434129
vt 0.434374 0.444533
vt 0.458802 0.464228
vt 0.472604 0.471071
vt 0.460479 0.461311
vt 0.446183 0.464228
vt 0.432516 0.471071
vt 0.433287 0.473988
vt 0.446183 0.459857
vt 0.434374 0.444533
vt 0.447270 0.456657
vt 0.454079 0.461311
vt 0.467881 0.468154
vt 0.466203 0.471071
vt 0.445727 0.459703
vt 0.433919 0.444378
vt 0.432832 0.447578
vt 0.478131 0.472789
vt 0.481486 0.466955
vt 0.481331 0.472789
vt 0.433919 0.468154
vt 0.406591 0.469872
vt 0.405820 0.466955
vt 0.432516 0.471071
vt 0.404732 0.466955
vt 0.404417 0.469872
vt 0.432516 0.471071
vt 0.405188 0.472789
vt 0.433287 0.473988
vt 0.434374 0.473988
vt 0.406591 0.469872
vt 0.434690 0.471071
vt 0.432832 0.447578
vt 0.405820 0.433974
vt 0.404732 0.437174
vt 0.500873 0.003795
vt 0.620935 0.063826
vt 0.500873 0.063826
vt 0.500873 0.063826
vt 0.620935 0.123857
vt 0.500873 0.123857
vt 0.502104 0.135447
vt 0.622166 0.195478
vt 0.502104 0.195478
vt 0.502104 0.255509
vt 0.622166 0.195478
vt 0.622166 0.255509
vt 0.456405 0.459761
vt 0.467104 0.466272
vt 0.455318 0.462961
vt 0.454547 0.456989
vt 0.445727 0.458394
vt 0.445412 0.461311
vt 0.456721 0.456989
vt 0.467769 0.454168
vt 0.456405 0.459906
vt 0.454863 0.462806
vt 0.446815 0.456503
vt 0.445727 0.459703
vt 0.455950 0.454072
vt 0.468287 0.452388
vt 0.456721 0.456989
vt 0.455950 0.454072
vt 0.447586 0.461311
vt 0.446815 0.458394
vt 0.454863 0.454072
vt 0.466957 0.452388
vt 0.467474 0.450608
vt 0.447586 0.461311
vt 0.456405 0.459906
vt 0.447270 0.464228
vt 0.454547 0.456989
vt 0.467104 0.454168
vt 0.466957 0.452388
vt 0.482734 0.449733
vt 0.498249 0.454676
vt 0.498431 0.454050
vt 0.447270 0.456657
vt 0.446183 0.459857
vt 0.455950 0.459606
vt 0.467474 0.466398
vt 0.468139 0.464440
vt 0.446183 0.464228
vt 0.454547 0.456989
vt 0.445412 0.461311
vt 0.447586 0.461311
vt 0.433919 0.468154
vt 0.446815 0.458394
vt 0.439986 0.455303
vt 0.440308 0.454676
vt 0.439942 0.454050
vt 0.482484 0.452139
vt 0.498249 0.454676
vt 0.482384 0.450936
vt 0.483284 0.450936
vt 0.498535 0.455303
vt 0.482934 0.452139
vt 0.482934 0.469820
vt 0.498301 0.476163
vt 0.482484 0.471143
vt 0.483284 0.450936
vt 0.498665 0.454050
vt 0.498717 0.454676
vt 0.483184 0.469905
vt 0.498431 0.476207
vt 0.498665 0.475518
vt 0.468139 0.464440
vt 0.482734 0.471228
vt 0.483184 0.469905
vt 0.468139 0.450608
vt 0.483284 0.450936
vt 0.468287 0.452388
vt 0.467769 0.464314
vt 0.482484 0.471143
vt 0.467104 0.466272
vt 0.468287 0.452388
vt 0.482934 0.452139
vt 0.467769 0.454168
vt 0.466957 0.452388
vt 0.482484 0.452139
vt 0.482384 0.450936
vt 0.467474 0.450608
vt 0.482384 0.450936
vt 0.482734 0.449733
vt 0.500873 0.003795
vt 0.620935 0.063826
vt 0.500873 0.063826
vt 0.500873 0.123857
vt 0.620935 0.063826
vt 0.620935 0.123857
vt 0.502104 0.135447
vt 0.622166 0.195478
vt 0.502104 0.195478
vt 0.502104 0.195478
vt 0.622166 0.255509
vt 0.502104 0.255509
vt 0.433287 0.447733
vt 0.406275 0.434129
vt 0.434374 0.444533
vt 0.458802 0.464228
vt 0.472604 0.471071
vt 0.460479 0.461311
vt 0.446183 0.464228
vt 0.432516 0.471071
vt 0.433287 0.473988
vt 0.446183 0.459857
vt 0.434374 0.444533
vt 0.447270 0.456657
vt 0.454079 0.461311
vt 0.467881 0.468154
vt 0.466203 0.471071
vt 0.445727 0.459703
vt 0.433919 0.444378
vt 0.432832 0.447578
vt 0.478131 0.472789
vt 0.481486 0.466955
vt 0.481331 0.472789
vt 0.433919 0.468154
vt 0.406591 0.469872
vt 0.405820 0.466955
vt 0.432516 0.471071
vt 0.404732 0.466955
vt 0.404417 0.469872
vt 0.432516 0.471071
vt 0.405188 0.472789
vt 0.433287 0.473988
vt 0.434374 0.473988
vt 0.406591 0.469872
vt 0.434690 0.471071
vt 0.432832 0.447578
vt 0.405820 0.433974
vt 0.404732 0.437174
vt 0.500873 0.003795
vt 0.620935 0.063826
vt 0.500873 0.063826
vt 0.500873 0.063826
vt 0.620935 0.123857
vt 0.500873 0.123857
vt 0.502104 0.135447
vt 0.622166 0.195478
vt 0.502104 0.195478
vt 0.502104 0.255509
vt 0.622166 0.195478
vt 0.622166 0.255509
vt 0.456405 0.459761
vt 0.467104 0.466272
vt 0.455318 0.462961
vt 0.454547 0.456989
vt 0.445727 0.458394
vt 0.445412 0.461311
vt 0.456721 0.456989
vt 0.467769 0.454168
vt 0.456405 0.459906
vt 0.454863 0.462806
vt 0.446815 0.456503
vt 0.445727 0.459703
vt 0.455950 0.454072
vt 0.468287 0.452388
vt 0.456721 0.456989
vt 0.455950 0.454072
vt 0.447586 0.461311
vt 0.446815 0.458394
vt 0.454863 0.454072
vt 0.466957 0.452388
vt 0.467474 0.450608
vt 0.447586 0.461311
vt 0.456405 0.459906
vt 0.447270 0.464228
vt 0.454547 0.456989
vt 0.467104 0.454168
vt 0.466957 0.452388
vt 0.482734 0.449733
vt 0.498249 0.454676
vt 0.498431 0.454050
vt 0.447270 0.456657
vt 0.446183 0.459857
vt 0.455950 0.459606
vt 0.467474 0.466398
vt 0.468139 0.464440
vt 0.446183 0.464228
vt 0.454547 0.456989
vt 0.445412 0.461311
vt 0.447586 0.461311
vt 0.433919 0.468154
vt 0.446815 0.458394
vt 0.439986 0.455303
vt 0.440308 0.454676
vt 0.439942 0.454050
vt 0.482484 0.452139
vt 0.498249 0.454676
vt 0.482384 0.450936
vt 0.483284 0.450936
vt 0.498535 0.455303
vt 0.482934 0.452139
vt 0.482934 0.469820
vt 0.498301 0.476163
vt 0.482484 0.471143
vt 0.483284 0.450936
vt 0.498665 0.454050
vt 0.498717 0.454676
vt 0.483184 0.469905
vt 0.498431 0.476207
vt 0.498665 0.475518
vt 0.468139 0.464440
vt 0.482734 0.471228
vt 0.483184 0.469905
vt 0.468139 0.450608
vt 0.483284 0.450936
vt 0.468287 0.452388
vt 0.467769 0.464314
vt 0.482484 0.471143
vt 0.467104 0.466272
vt 0.468287 0.452388
vt 0.482934 0.452139
vt 0.467769 0.454168
vt 0.466957 0.452388
vt 0.482484 0.452139
vt 0.482384 0.450936
vt 0.467474 0.450608
vt 0.482384 0.450936
vt 0.482734 0.449733
vt 0.500873 0.003795
vt 0.620935 0.063826
vt 0.500873 0.063826
vt 0.500873 0.063826
vt 0.620935 0.123857
vt 0.500873 0.123857
vt 0.502104 0.195478
vt 0.622166 0.135447
vt 0.622166 0.195478
vt 0.502104 0.195478
vt 0.622166 0.255509
vt 0.502104 0.255509
vt 0.433287 0.447733
vt 0.406275 0.434129
vt 0.434374 0.444533
vt 0.458802 0.464228
vt 0.472604 0.471071
vt 0.460479 0.461311
vt 0.446183 0.464228
vt 0.432516 0.471071
vt 0.433287 0.473988
vt 0.446183 0.459857
vt 0.434374 0.444533
vt 0.447270 0.456657
vt 0.454079 0.461311
vt 0.467881 0.468154
vt 0.466203 0.471071
vt 0.445727 0.459703
vt 0.433919 0.444378
vt 0.432832 0.447578
vt 0.478131 0.472789
vt 0.481486 0.466955
vt 0.481331 0.472789
vt 0.433919 0.468154
vt 0.406591 0.469872
vt 0.405820 0.466955
vt 0.432516 0.471071
vt 0.404732 0.466955
vt 0.404417 0.469872
vt 0.432516 0.471071
vt 0.405188 0.472789
vt 0.433287 0.473988
vt 0.434374 0.473988
vt 0.406591 0.469872
vt 0.434690 0.471071
vt 0.432832 0.447578
vt 0.405820 0.433974
vt 0.404732 0.437174
vt 0.500873 0.003795
vt 0.620935 0.063826
vt 0.500873 0.063826
vt 0.500873 0.063826
vt 0.620935 0.123857
vt 0.500873 0.123857
vt 0.502104 0.135447
vt 0.622166 0.195478
vt 0.502104 0.195478
vt 0.502104 0.255509
vt 0.622166 0.195478
vt 0.622166 0.255509
vt 0.368841 0.174407
vt 0.353910 0.174407
vt 0.359375 0.174407
vt 0.349909 0.174407
vt 0.063232 0.368478
vt 0.364840 0.174407
vt 0.359375 0.174407
vt 0.058725 0.234681
vt 0.068584 0.251757
vt 0.048866 0.251757
vt 0.047648 0.288728
vt 0.052275 0.368478
vt 0.058725 0.468963
vt 0.069171 0.368478
vt 0.048866 0.468963
vt 0.059682 0.368478
vt 0.052947 0.187924
vt 0.059682 0.368478
vt 0.062859 0.288728
vt 0.052648 0.288728
vt 0.069171 0.368478
vt 0.056492 0.288728
vt 0.070240 0.187924
vt 0.056492 0.288728
vt 0.047648 0.288728
vt 0.062560 0.187924
vt 0.054386 0.043417
vt 0.061915 0.105303
vt 0.062560 0.105303
vt 0.052947 0.105303
vt 0.070240 0.105303
vt 0.061915 0.187924
vt 0.044481 0.021248
vt 0.070240 0.105303
vt 0.055216 0.043417
vt 0.049384 0.043417
vt 0.061915 0.105303
vt 0.061121 0.043417
vt 0.046811 0.245338
vt 0.045646 0.244610
vt 0.044481 0.245338
vt 0.055216 0.043417
vt 0.058481 0.020288
vt 0.057026 0.021248
vt 0.061048 0.043417
vt 0.045646 0.020768
vt 0.433264 0.467157
vt 0.448531 0.466658
vt 0.433448 0.465098
vt 0.448832 0.463748
vt 0.433632 0.462865
vt 0.448230 0.470309
vt 0.448230 0.470309
vt 0.448965 0.462865
vt 0.448965 0.467332
vt 0.446378 0.467332
vt 0.448230 0.463748
vt 0.433632 0.464569
vt 0.448230 0.470309
vt 0.451901 0.465436
vt 0.449786 0.461785
vt 0.445556 0.461785
vt 0.433264 0.467157
vt 0.448531 0.466658
vt 0.433448 0.465098
vt 0.448832 0.467978
vt 0.433632 0.462865
vt 0.448230 0.470309
vt 0.448230 0.470309
vt 0.448965 0.462865
vt 0.450259 0.465098
vt 0.448965 0.467332
vt 0.448230 0.463748
vt 0.433632 0.464569
vt 0.448230 0.470309
vt 0.451901 0.465436
vt 0.445556 0.461785
vt 0.443442 0.465436
vt 0.448230 0.467978
vt 0.448531 0.466658
vt 0.433448 0.465098
vt 0.448832 0.463748
vt 0.433632 0.462865
vt 0.448230 0.470309
vt 0.448230 0.470309
vt 0.448965 0.462865
vt 0.450259 0.465098
vt 0.448965 0.467332
vt 0.448230 0.463748
vt 0.433632 0.464569
vt 0.448230 0.470309
vt 0.451901 0.465436
vt 0.449786 0.461785
vt 0.445556 0.461785
vt 0.430848 0.481115
vt 0.447156 0.482546
vt 0.431045 0.480879
vt 0.447478 0.477474
vt 0.431242 0.478493
vt 0.446835 0.486446
vt 0.446835 0.486446
vt 0.409556 0.478859
vt 0.446835 0.477474
vt 0.431242 0.478351
vt 0.446835 0.486446
vt 0.432174 0.481239
vt 0.429915 0.477339
vt 0.425396 0.477339
vt 0.428142 0.472761
vt 0.428628 0.473601
vt 0.428142 0.474441
vt 0.409423 0.480472
vt 0.388068 0.473601
vt 0.387998 0.480220
vt 0.388137 0.472761
vt 0.409689 0.478799
vt 0.409689 0.478799
vt 0.409689 0.477247
vt 0.409423 0.480668
vt 0.409556 0.478859
vt 0.430848 0.483265
vt 0.431045 0.480879
vt 0.430848 0.481115
vt 0.447478 0.478646
vt 0.431045 0.480879
vt 0.447478 0.477474
vt 0.431242 0.478493
vt 0.447478 0.478646
vt 0.447156 0.482546
vt 0.447156 0.482546
vt 0.446835 0.486446
vt 0.388068 0.473601
vt 0.446835 0.477474
vt 0.431242 0.478351
vt 0.447156 0.482546
vt 0.432174 0.481239
vt 0.425396 0.477339
vt 0.423137 0.481239
vt 0.428142 0.472761
vt 0.428142 0.474441
vt 0.427169 0.474441
vt 0.387998 0.474441
vt 0.409556 0.478859
vt 0.387998 0.480220
vt 0.409689 0.477247
vt 0.388137 0.479247
vt 0.409689 0.478799
vt 0.409689 0.477247
vt 0.409423 0.480668
vt 0.409556 0.478859
vt 0.430848 0.483265
vt 0.431045 0.480879
vt 0.430848 0.481115
vt 0.447478 0.478646
vt 0.431045 0.480879
vt 0.447478 0.477474
vt 0.431242 0.478493
vt 0.447478 0.478646
vt 0.447156 0.482546
vt 0.447156 0.482546
vt 0.446835 0.486446
vt 0.388068 0.473601
vt 0.446835 0.477474
vt 0.431242 0.478351
vt 0.447156 0.482546
vt 0.432174 0.481239
vt 0.425396 0.477339
vt 0.423137 0.481239
vt 0.428142 0.472761
vt 0.428628 0.473601
vt 0.428142 0.474441
vt 0.387998 0.474441
vt 0.409556 0.478859
vt 0.387998 0.480220
vt 0.409689 0.477247
vt 0.409689 0.478799
vt 0.409689 0.478799
vt 0.409689 0.477247
vt 0.409423 0.480668
vt 0.409556 0.478859
vt 0.430848 0.483265
vt 0.431045 0.480879
vt 0.467769 0.464314
vt 0.454863 0.454072
vt 0.468287 0.452388
vt 0.455950 0.459606
vt 0.468139 0.450608
vt 0.456721 0.456989
vt 0.454547 0.456989
vt 0.456721 0.456989
vt 0.455318 0.459906
vt 0.482384 0.450936
vt 0.454863 0.462806
vt 0.455318 0.459906
vt 0.434690 0.471071
vt 0.439253 0.454050
vt 0.438930 0.454676
vt 0.439297 0.455303
vt 0.498301 0.455303
vt 0.498717 0.454676
vt 0.498535 0.475473
vt 0.483184 0.449733
vt 0.482734 0.471228
vt 0.467474 0.466398
vt 0.483184 0.449733
vt 0.482934 0.469820
vt 0.483284 0.450936
vt 0.467104 0.454168
vt 0.466957 0.452388
vt 0.446835 0.477474
vt 0.388137 0.472761
vt 0.446835 0.486446
vt 0.388068 0.473601
vt 0.428142 0.472761
vt 0.428628 0.473601
vt 0.428142 0.474441
vt 0.409423 0.480472
vt 0.430848 0.483265
vt 0.432174 0.481239
vt 0.429915 0.477339
vt 0.425396 0.477339
vt 0.409689 0.478799
vt 0.431242 0.478493
vt 0.431242 0.478351
vt 0.431045 0.480879
vt 0.409423 0.480668
vt 0.388137 0.479247
vt 0.447478 0.481993
vt 0.447156 0.482546
vt 0.446835 0.481993
vt 0.431045 0.480879
vt 0.409556 0.478859
vt 0.409556 0.478859
vt 0.446835 0.486446
vt 0.446835 0.486446
vt 0.409689 0.477247
vt 0.409423 0.480668
vt 0.620935 0.003795
vt 0.620935 0.063826
vt 0.620935 0.003795
vt 0.620935 0.063826
vt 0.620935 0.003795
vt 0.620935 0.063826
vt 0.620935 0.003795
vt 0.620935 0.063826
vt 0.620935 0.003795
vt 0.620935 0.063826
vt 0.620935 0.003795
vt 0.620935 0.063826
vt 0.620935 0.063826
vt 0.620935 0.063826
vt 0.620935 0.003795
vt 0.620935 0.063826
vt 0.620935 0.003795
vt 0.620935 0.123857
vt 0.620935 0.003795
vt 0.620935 0.123857
vt 0.620935 0.003795
vt 0.620935 0.063826
vt 0.620935 0.063826
vt 0.620935 0.123857
vt 0.620935 0.063826
vt 0.620935 0.063826
vt 0.620935 0.003795
vt 0.620935 0.063826
vt 0.620935 0.003795
vt 0.620935 0.123857
vt 0.620935 0.003795
vt 0.620935 0.063826
vt 0.620935 0.003795
vt 0.620935 0.063826
vt 0.620935 0.003795
vt 0.620935 0.063826
vt 0.620935 0.003795
vt 0.620935 0.123857
vt 0.500873 0.003795
vt 0.500873 0.063826
vt 0.622166 0.135447
vt 0.622166 0.195478
vt 0.622166 0.135447
vt 0.622166 0.195478
vt 0.622166 0.135447
vt 0.622166 0.195478
vt 0.622166 0.135447
vt 0.622166 0.195478
vt 0.622166 0.135447
vt 0.622166 0.195478
vt 0.405188 0.437329
vt 0.470926 0.473988
vt 0.445412 0.461311
vt 0.433287 0.447733
vt 0.455757 0.458394
vt 0.446815 0.456503
vt 0.476608 0.469872
vt 0.478286 0.466955
vt 0.483008 0.469872
vt 0.434690 0.471071
vt 0.432832 0.468154
vt 0.404417 0.469872
vt 0.406275 0.472789
vt 0.433919 0.444378
vt 0.620935 0.003795
vt 0.620935 0.063826
vt 0.622166 0.135447
vt 0.622166 0.195478
vt 0.467769 0.464314
vt 0.454863 0.454072
vt 0.468287 0.452388
vt 0.455950 0.459606
vt 0.468139 0.450608
vt 0.456721 0.456989
vt 0.454547 0.456989
vt 0.456721 0.456989
vt 0.455318 0.459906
vt 0.482384 0.450936
vt 0.454863 0.462806
vt 0.455318 0.459906
vt 0.434690 0.471071
vt 0.439253 0.454050
vt 0.438930 0.454676
vt 0.439297 0.455303
vt 0.498301 0.455303
vt 0.498717 0.454676
vt 0.498535 0.475473
vt 0.483184 0.449733
vt 0.482734 0.471228
vt 0.467474 0.466398
vt 0.483184 0.449733
vt 0.482934 0.469820
vt 0.483284 0.450936
vt 0.467104 0.454168
vt 0.466957 0.452388
vt 0.500873 0.003795
vt 0.620935 0.063826
vt 0.622166 0.135447
vt 0.622166 0.195478
vt 0.405188 0.437329
vt 0.470926 0.473988
vt 0.445412 0.461311
vt 0.433287 0.447733
vt 0.455757 0.458394
vt 0.446815 0.456503
vt 0.476608 0.469872
vt 0.478286 0.466955
vt 0.483008 0.469872
vt 0.434690 0.471071
vt 0.432832 0.468154
vt 0.404417 0.469872
vt 0.406275 0.472789
vt 0.433919 0.444378
vt 0.620935 0.003795
vt 0.500873 0.063826
vt 0.622166 0.135447
vt 0.622166 0.195478
vt 0.467769 0.464314
vt 0.454863 0.454072
vt 0.468287 0.452388
vt 0.455950 0.459606
vt 0.468139 0.450608
vt 0.456721 0.456989
vt 0.454547 0.456989
vt 0.456721 0.456989
vt 0.455318 0.459906
vt 0.482384 0.450936
vt 0.454863 0.462806
vt 0.455318 0.459906
vt 0.434690 0.471071
vt 0.439253 0.454050
vt 0.438930 0.454676
vt 0.439297 0.455303
vt 0.498301 0.455303
vt 0.498717 0.454676
vt 0.498535 0.475473
vt 0.483184 0.449733
vt 0.482734 0.471228
vt 0.467474 0.466398
vt 0.483184 0.449733
vt 0.482934 0.469820
vt 0.483284 0.450936
vt 0.467104 0.454168
vt 0.466957 0.452388
vt 0.500873 0.003795
vt 0.620935 0.063826
vt 0.622166 0.135447
vt 0.622166 0.195478
vt 0.405188 0.437329
vt 0.470926 0.473988
vt 0.445412 0.461311
vt 0.433287 0.447733
vt 0.455757 0.458394
vt 0.446815 0.456503
vt 0.476608 0.469872
vt 0.478286 0.466955
vt 0.483008 0.469872
vt 0.434690 0.471071
vt 0.432832 0.468154
vt 0.404417 0.469872
vt 0.406275 0.472789
vt 0.433919 0.444378
vt 0.620935 0.003795
vt 0.620935 0.063826
vt 0.622166 0.135447
vt 0.502104 0.195478
vt 0.467769 0.464314
vt 0.454863 0.454072
vt 0.468287 0.452388
vt 0.455950 0.459606
vt 0.468139 0.450608
vt 0.456721 0.456989
vt 0.454547 0.456989
vt 0.456721 0.456989
vt 0.455318 0.459906
vt 0.482384 0.450936
vt 0.454863 0.462806
vt 0.455318 0.459906
vt 0.434690 0.471071
vt 0.439253 0.454050
vt 0.438930 0.454676
vt 0.439297 0.455303
vt 0.498301 0.455303
vt 0.498717 0.454676
vt 0.498535 0.475473
vt 0.483184 0.449733
vt 0.482734 0.471228
vt 0.467474 0.466398
vt 0.483184 0.449733
vt 0.482934 0.469820
vt 0.483284 0.450936
vt 0.467104 0.454168
vt 0.466957 0.452388
vt 0.620935 0.003795
vt 0.500873 0.063826
vt 0.622166 0.135447
vt 0.622166 0.195478
vt 0.405188 0.437329
vt 0.470926 0.473988
vt 0.445412 0.461311
vt 0.433287 0.447733
vt 0.455757 0.458394
vt 0.446815 0.456503
vt 0.476608 0.469872
vt 0.478286 0.466955
vt 0.483008 0.469872
vt 0.434690 0.471071
vt 0.432832 0.468154
vt 0.404417 0.469872
vt 0.406275 0.472789
vt 0.433919 0.444378
vt 0.620935 0.003795
vt 0.620935 0.063826
vt 0.622166 0.135447
vt 0.502104 0.195478
vt 0.467769 0.464314
vt 0.454863 0.454072
vt 0.468287 0.452388
vt 0.455950 0.459606
vt 0.468139 0.450608
vt 0.456721 0.456989
vt 0.454547 0.456989
vt 0.456721 0.456989
vt 0.455318 0.459906
vt 0.482384 0.450936
vt 0.454863 0.462806
vt 0.455318 0.459906
vt 0.434690 0.471071
vt 0.439253 0.454050
vt 0.438930 0.454676
vt 0.439297 0.455303
vt 0.498301 0.455303
vt 0.498717 0.454676
vt 0.498535 0.475473
vt 0.483184 0.449733
vt 0.482734 0.471228
vt 0.467474 0.466398
vt 0.483184 0.449733
vt 0.482934 0.469820
vt 0.483284 0.450936
vt 0.467104 0.454168
vt 0.466957 0.452388
vt 0.620935 0.003795
vt 0.620935 0.063826
vt 0.502104 0.135447
vt 0.622166 0.195478
vt 0.405188 0.437329
vt 0.470926 0.473988
vt 0.445412 0.461311
vt 0.433287 0.447733
vt 0.455757 0.458394
vt 0.446815 0.456503
vt 0.476608 0.469872
vt 0.478286 0.466955
vt 0.483008 0.469872
vt 0.434690 0.471071
vt 0.432832 0.468154
vt 0.404417 0.469872
vt 0.406275 0.472789
vt 0.433919 0.444378
vt 0.620935 0.003795
vt 0.620935 0.063826
vt 0.622166 0.135447
vt 0.502104 0.195478
vn 0.500000 -0.000541 -0.866025
vn 0.500000 -0.000000 -0.866025
vn 0.500000 -0.000000 -0.866025
vn 0.999996 -0.002922 0.000000
vn 1.000000 0.000000 0.000000
vn 1.000000 0.000000 0.000000
vn 0.500000 -0.000544 0.866025
vn 0.500000 0.000000 0.866025
vn 0.500000 0.000000 0.866025
vn -0.499996 0.004227 0.866018
vn -0.500000 0.000000 0.866025
vn -0.500000 0.000000 0.866025
vn 0.999996 -0.002922 0.000000
vn 0.999983 -0.005848 0.000000
vn 0.999996 -0.002922 0.000000
vn -0.999978 0.006595 -0.000000
vn -1.000000 0.000000 0.000000
vn -1.000000 0.000000 0.000000
vn -0.499995 0.004205 -0.866018
vn -0.500000 -0.000000 -0.866025
vn -0.500000 -0.000000 -0.866025
vn 0.000000 -1.000000 0.000000
vn 0.000000 -1.000000 0.000000
vn 0.000000 -1.000000 0.000000
vn -0.499965 -0.011901 -0.865964
vn -0.499965 -0.011901 -0.865964
vn -0.499965 -0.011901 -0.865964
vn -0.999978 0.006595 -0.000000
vn -0.999913 0.013199 -0.000000
vn -0.999978 0.006595 -0.000000
vn 0.500000 -0.000544 -0.866025
vn 0.500000 -0.001086 -0.866025
vn 0.500000 -0.001086 -0.866025
vn 0.500000 -0.000544 0.866025
vn 0.500000 -0.001086 0.866025
vn 0.500000 -0.000541 0.866025
vn -0.499995 0.004227 -0.866018
vn -0.499983 0.008438 -0.865994
vn -0.499983 0.008438 -0.865994
vn -0.499996 0.004227 0.866018
vn -0.499982 0.008438 0.865994
vn -0.499995 0.004205 0.866018
vn -0.998267 0.058843 -0.000000
vn -0.998267 0.058843 -0.000000
vn -0.998267 0.058843 -0.000000
vn -0.499965 -0.011901 0.865964
vn -0.499965 -0.011901 0.865964
vn -0.499965 -0.011901 0.865964
vn 0.998845 0.048043 -0.000000
vn 0.998845 0.048043 -0.000000
vn 0.998845 0.048043 -0.000000
vn -0.999492 -0.031886 0.000000
vn -0.999492 -0.031886 0.000000
vn -0.999492 -0.031886 0.000000
vn 0.499803 0.028087 0.865684
vn 0.499803 0.028087 0.865684
vn 0.499803 0.028087 0.865684
vn 0.499803 0.028087 -0.865684
vn 0.499803 0.028087 -0.865684
vn 0.499803 0.028087 -0.865684
vn -0.499716 0.033743 -0.865532
vn -0.499686 0.035430 -0.865482
vn -0.499686 0.035430 -0.865482
vn 0.499882 -0.021746 0.865821
vn 0.499882 -0.021746 0.865821
vn 0.499882 -0.021746 0.865821
vn 0.499882 -0.021746 -0.865821
vn 0.499882 -0.021746 -0.865820
vn 0.499882 -0.021746 -0.865820
vn -0.499743 0.032029 -0.865581
vn -0.499716 0.033692 -0.865533
vn -0.499744 0.032030 0.865581
vn -0.499716 0.033693 0.865534
vn -0.499744 0.032030 0.865581
vn 0.998819 -0.048593 0.000000
vn 0.998819 -0.048593 0.000000
vn 0.998819 -0.048593 0.000000
vn -0.996465 -0.084013 0.000000
vn -0.996465 -0.084013 0.000000
vn -0.996465 -0.084013 0.000000
vn -0.499715 0.033743 0.865532
vn -0.499686 0.035430 0.865482
vn 0.999372 0.035429 -0.000000
vn 0.999372 0.035429 -0.000000
vn 0.999372 0.035429 -0.000000
vn -0.999372 0.035431 -0.000000
vn -0.999372 0.035431 -0.000000
vn -0.999372 0.035431 -0.000000
vn 0.499686 0.035429 0.865482
vn 0.499686 0.035429 0.865482
vn 0.499686 0.035429 0.865482
vn 0.499686 0.035429 -0.865482
vn 0.499686 0.035429 -0.865482
vn 0.499686 0.035429 -0.865482
vn -0.497846 -0.093672 -0.862192
vn -0.499007 -0.093986 -0.861486
vn -0.497801 -0.093659 -0.862219
vn 0.498484 0.077822 0.863398
vn 0.498483 0.077822 0.863399
vn 0.498483 0.077822 0.863399
vn 0.498484 0.077822 -0.863399
vn 0.498484 0.077822 -0.863399
vn 0.498484 0.077822 -0.863399
vn -0.499773 -0.030174 -0.865631
vn -0.499773 -0.030174 -0.865631
vn -0.499773 -0.030174 -0.865631
vn -0.499773 -0.030174 0.865631
vn -0.499772 -0.030174 0.865631
vn -0.499772 -0.030174 0.865631
vn 0.991377 0.131042 -0.000000
vn 0.991377 0.131042 -0.000000
vn 0.991377 0.131042 -0.000000
vn -0.381050 0.924554 -0.000000
vn -0.381007 0.924572 -0.000001
vn -0.381050 0.924554 -0.000000
vn -0.497846 -0.093671 0.862192
vn -0.499005 -0.093986 0.861488
vn -0.499152 -0.094026 0.861398
vn 0.882610 0.470106 -0.000000
vn 0.882609 0.470108 -0.000000
vn 0.882610 0.470106 -0.000000
vn -0.955787 -0.294061 0.000000
vn -0.955788 -0.294058 0.000000
vn -0.955787 -0.294061 0.000000
vn 0.473875 0.307503 0.825157
vn 0.423040 0.294252 0.857002
vn 0.416831 0.292587 0.860607
vn 0.473876 0.307503 -0.825157
vn 0.423038 0.294253 -0.857003
vn 0.475700 0.307965 -0.823934
vn -0.195150 -0.980773 0.000000
vn -0.195143 -0.980775 0.000000
vn -0.195152 -0.980773 0.000000
vn -0.051016 0.503766 -0.862333
vn -0.042151 0.503426 -0.863010
vn -0.051018 0.503766 -0.862333
vn -0.144183 -0.487105 0.861359
vn -0.144183 -0.487110 0.861357
vn -0.144182 -0.487105 0.861360
vn -0.100746 0.994912 -0.000000
vn -0.100756 0.994911 -0.000000
vn -0.100742 0.994913 -0.000000
vn -0.042152 0.503425 0.863010
vn -0.041898 0.503412 0.863030
vn -0.050896 0.503762 0.862342
vn -0.051014 0.503766 0.862333
vn -0.051014 0.503766 0.862333
vn -0.041898 0.503412 -0.863030
vn -0.041898 0.503411 -0.863031
vn 0.051011 -0.503761 0.862335
vn 0.051011 -0.503761 0.862335
vn 0.051011 -0.503761 0.862336
vn -0.144181 -0.487105 -0.861359
vn -0.144185 -0.487109 -0.861356
vn -0.144186 -0.487110 -0.861356
vn -0.996619 0.082158 -0.000000
vn -0.996619 0.082157 -0.000000
vn -0.996619 0.082158 -0.000000
vn 0.100749 -0.994912 0.000000
vn 0.100750 -0.994912 0.000000
vn 0.100750 -0.994912 0.000000
vn 0.009398 0.999956 -0.000000
vn 0.009395 0.999956 -0.000000
vn 0.009398 0.999956 -0.000000
vn 0.051012 -0.503761 -0.862335
vn 0.051011 -0.503761 -0.862336
vn 0.051012 -0.503761 -0.862335
vn 0.996619 -0.082159 0.000001
vn 0.996619 -0.082159 0.000000
vn 0.996619 -0.082159 -0.000000
vn 0.145799 -0.980774 0.129710
vn 0.145799 -0.980774 0.129710
vn 0.145799 -0.980774 0.129710
vn -0.535056 0.503764 0.678187
vn -0.542090 0.503429 0.672828
vn -0.535056 0.503763 0.678188
vn 0.680250 -0.487104 -0.547713
vn 0.680245 -0.487111 -0.547714
vn 0.680251 -0.487103 -0.547713
vn 0.075275 0.994912 0.066966
vn 0.075275 0.994912 0.066966
vn 0.075275 0.994912 0.066966
vn 0.605154 0.503425 -0.616727
vn 0.604931 0.503420 -0.616949
vn 0.611179 0.503756 -0.610483
vn 0.611284 0.503763 -0.610373
vn 0.611283 0.503763 -0.610374
vn -0.542326 0.503419 0.672646
vn -0.542324 0.503420 0.672646
vn 0.535055 -0.503764 -0.678187
vn 0.535055 -0.503766 -0.678185
vn 0.535055 -0.503767 -0.678185
vn -0.464797 -0.487105 0.739386
vn -0.464796 -0.487110 0.739384
vn -0.464796 -0.487111 0.739384
vn 0.744607 0.082160 0.662427
vn 0.744610 0.082158 0.662425
vn 0.744607 0.082159 0.662427
vn -0.075275 -0.994912 -0.066966
vn -0.075275 -0.994912 -0.066966
vn -0.075275 -0.994912 -0.066966
vn -0.007011 0.999956 -0.006242
vn -0.007020 0.999956 -0.006242
vn -0.007009 0.999956 -0.006242
vn -0.611286 -0.503764 0.610370
vn -0.611282 -0.503764 0.610373
vn -0.611287 -0.503764 0.610369
vn -0.744609 -0.082159 -0.662426
vn -0.744606 -0.082160 -0.662428
vn -0.744607 -0.082159 -0.662427
vn 0.184448 -0.980773 -0.063739
vn 0.184446 -0.980774 -0.063739
vn 0.184446 -0.980774 -0.063739
vn 0.329871 0.503762 0.798379
vn 0.321713 0.503425 0.801913
vn 0.329872 0.503762 0.798378
vn -0.145068 -0.487105 -0.861211
vn -0.145064 -0.487104 -0.861212
vn -0.145068 -0.487105 -0.861211
vn 0.095221 0.994912 -0.032907
vn 0.095226 0.994912 -0.032907
vn 0.095219 0.994912 -0.032907
vn -0.242035 0.503425 -0.829447
vn -0.242282 0.503417 -0.829379
vn -0.233553 0.503758 -0.831673
vn -0.233433 0.503762 -0.831705
vn -0.233433 0.503762 -0.831705
vn 0.321478 0.503418 0.802011
vn 0.321478 0.503419 0.802010
vn -0.329873 -0.503763 -0.798378
vn -0.329874 -0.503764 -0.798376
vn -0.329875 -0.503765 -0.798375
vn 0.417607 -0.487106 0.767028
vn 0.417620 -0.487102 0.767024
vn 0.417623 -0.487101 0.767022
vn 0.941961 0.082158 -0.325515
vn 0.941963 0.082158 -0.325508
vn 0.941961 0.082159 -0.325515
vn -0.095234 -0.994911 0.032908
vn -0.095223 -0.994912 0.032908
vn -0.095219 -0.994912 0.032908
vn -0.008878 0.999956 0.003067
vn -0.008872 0.999956 0.003067
vn -0.008878 0.999956 0.003067
vn 0.233447 -0.503764 0.831700
vn 0.233443 -0.503762 0.831702
vn 0.233448 -0.503765 0.831699
vn -0.941960 -0.082159 0.325516
vn -0.941961 -0.082159 0.325515
vn -0.941961 -0.082159 0.325515
vn -0.195144 -0.980775 0.000000
vn -0.195147 -0.980774 0.000000
vn -0.195143 -0.980775 0.000000
vn -0.051015 0.503765 -0.862333
vn -0.042152 0.503423 -0.863011
vn -0.051016 0.503766 -0.862333
vn -0.144180 -0.487109 0.861358
vn -0.144186 -0.487104 0.861359
vn -0.144179 -0.487109 0.861358
vn -0.100748 0.994912 -0.000000
vn -0.100750 0.994912 -0.000000
vn -0.100748 0.994912 -0.000000
vn -0.042152 0.503422 0.863012
vn -0.041896 0.503411 0.863031
vn -0.050896 0.503758 0.862344
vn -0.051013 0.503765 0.862333
vn -0.051014 0.503766 0.862333
vn -0.041898 0.503411 -0.863031
vn -0.041898 0.503411 -0.863031
vn 0.051015 -0.503765 0.862333
vn 0.051014 -0.503762 0.862335
vn 0.051014 -0.503761 0.862335
vn -0.144183 -0.487108 -0.861358
vn -0.144182 -0.487104 -0.861360
vn -0.144181 -0.487104 -0.861360
vn 0.084881 0.494227 -0.865179
vn 0.084882 0.494235 -0.865174
vn 0.084882 0.494236 -0.865174
vn 0.100746 -0.994912 0.000000
vn 0.100756 -0.994911 0.000000
vn 0.100759 -0.994911 0.000000
vn 0.009399 0.999956 -0.000000
vn 0.009395 0.999956 -0.000000
vn 0.009399 0.999956 -0.000000
vn 0.051015 -0.503762 -0.862335
vn 0.051014 -0.503765 -0.862333
vn 0.051016 -0.503761 -0.862335
vn 0.996619 -0.082160 0.000001
vn 0.996619 -0.082163 0.000000
vn 0.996619 -0.082160 -0.000000
vn -0.996619 0.082158 -0.000001
vn -0.996619 0.082158 -0.000011
vn -0.996619 0.082158 -0.000003
vn -0.154699 -0.485650 -0.860356
vn -0.154695 -0.485638 -0.860363
vn -0.154694 -0.485638 -0.860364
vn -0.154698 -0.485650 0.860356
vn -0.154696 -0.485638 0.860363
vn -0.154698 -0.485651 0.860356
vn -0.270977 -0.962586 0.000000
vn -0.270980 -0.962585 0.000000
vn -0.270977 -0.962586 0.000000
vn 0.084881 0.494228 0.865179
vn 0.084884 0.494235 0.865174
vn 0.084881 0.494228 0.865179
vn 0.203756 0.979022 -0.000000
vn 0.203751 0.979023 -0.000000
vn 0.203751 0.979023 -0.000000
vn 0.057741 0.998332 -0.000000
vn 0.057740 0.998332 -0.000000
vn 0.057741 0.998332 -0.000000
vn 0.010967 0.500561 0.865632
vn 0.010970 0.500576 0.865623
vn 0.010967 0.500560 0.865632
vn -0.129248 -0.991612 0.000000
vn -0.129252 -0.991612 0.000000
vn -0.129247 -0.991612 0.000000
vn -0.082533 -0.494454 0.865277
vn -0.082533 -0.494451 0.865278
vn -0.082533 -0.494454 0.865277
vn -0.082534 -0.494454 -0.865277
vn -0.082533 -0.494451 -0.865278
vn -0.082533 -0.494450 -0.865279
vn 0.010968 0.500561 -0.865632
vn 0.010968 0.500576 -0.865623
vn 0.010968 0.500577 -0.865622
vn -0.424886 -0.905247 0.000000
vn -0.424887 -0.905246 0.000000
vn -0.424886 -0.905247 0.000000
vn 0.213457 0.476483 -0.852878
vn 0.213457 0.476483 -0.852878
vn 0.213456 0.476483 -0.852878
vn -0.264867 -0.470367 0.841784
vn -0.268213 -0.500853 0.822926
vn -0.264481 -0.467004 0.843776
vn 0.408832 0.912610 -0.000000
vn 0.408833 0.912609 -0.000000
vn 0.408832 0.912610 -0.000000
vn 0.089886 0.494899 0.864289
vn 0.091128 0.505878 0.857778
vn 0.089749 0.493698 0.864990
vn 0.213457 0.476483 0.852878
vn 0.213457 0.476483 0.852878
vn 0.213457 0.476483 0.852878
vn 0.089883 0.494899 -0.864290
vn 0.091126 0.505879 -0.857778
vn 0.091322 0.507614 -0.856731
vn -0.213458 -0.476483 0.852877
vn -0.213457 -0.476483 0.852878
vn -0.213459 -0.476483 0.852877
vn -0.264869 -0.470367 -0.841784
vn -0.268210 -0.500854 -0.822927
vn -0.268710 -0.505647 -0.819827
vn -0.144721 0.485042 -0.862433
vn -0.144726 0.485024 -0.862442
vn -0.144721 0.485042 -0.862432
vn -0.408833 -0.912609 0.000000
vn -0.408833 -0.912609 0.000000
vn -0.408834 -0.912609 0.000000
vn 0.255668 0.966765 -0.000000
vn 0.255675 0.966763 -0.000000
vn 0.255667 0.966765 -0.000000
vn -0.213456 -0.476483 -0.852878
vn -0.213456 -0.476483 -0.852878
vn -0.213456 -0.476483 -0.852878
vn 0.996619 -0.082159 0.000000
vn 0.996619 -0.082158 -0.000000
vn 0.996619 -0.082159 -0.000000
vn -0.994038 -0.109030 0.000000
vn -0.994038 -0.109034 0.000000
vn -0.994038 -0.109038 0.000000
vn 0.076803 -0.494432 -0.865816
vn 0.076800 -0.494434 -0.865816
vn 0.076803 -0.494432 -0.865816
vn 0.076803 -0.494432 0.865816
vn 0.076802 -0.494433 0.865816
vn 0.076802 -0.494433 0.865816
vn 0.187308 -0.982301 0.000000
vn 0.187304 -0.982302 0.000000
vn 0.187308 -0.982301 0.000000
vn -0.144724 0.485042 0.862432
vn -0.144721 0.485025 0.862442
vn -0.144721 0.485024 0.862443
vn -0.253624 0.967303 -0.000000
vn -0.253625 0.967303 -0.000000
vn -0.253624 0.967303 -0.000000
vn 0.054609 0.998508 -0.000000
vn 0.054609 0.998508 -0.000000
vn 0.054609 0.998508 -0.000000
vn 0.009423 0.502992 0.864240
vn 0.009423 0.502998 0.864236
vn 0.009423 0.502991 0.864240
vn -0.124782 -0.992184 0.000000
vn -0.124775 -0.992185 0.000000
vn -0.124782 -0.992184 0.000000
vn -0.081605 -0.507250 0.857927
vn -0.081611 -0.507233 0.857936
vn -0.081605 -0.507251 0.857926
vn -0.081610 -0.507250 -0.857926
vn -0.081606 -0.507233 -0.857936
vn -0.081606 -0.507232 -0.857937
vn 0.009423 0.502992 -0.864240
vn 0.009421 0.502997 -0.864237
vn 0.009421 0.502998 -0.864236
vn 0.372066 -0.905248 -0.205167
vn 0.372059 -0.905250 -0.205168
vn 0.372067 -0.905247 -0.205167
vn 0.224920 0.476481 0.849928
vn 0.224925 0.476484 0.849925
vn 0.224926 0.476484 0.849924
vn -0.174535 -0.470371 -0.865037
vn -0.162499 -0.500850 -0.850143
vn -0.175835 -0.467008 -0.866594
vn -0.358008 0.912609 0.197419
vn -0.358020 0.912605 0.197418
vn -0.358005 0.912611 0.197420
vn -0.496059 0.494896 -0.713445
vn -0.494006 0.505872 -0.707144
vn -0.496277 0.493695 -0.714125
vn -0.598765 0.476482 -0.643775
vn -0.598761 0.476480 -0.643779
vn -0.598765 0.476482 -0.643774
vn 0.338639 0.494897 0.800251
vn 0.334419 0.505871 0.795146
vn 0.333745 0.507606 0.794324
vn -0.224919 -0.476485 -0.849926
vn -0.224913 -0.476486 -0.849927
vn -0.224920 -0.476485 -0.849925
vn 0.638410 -0.470374 0.609246
vn 0.632250 -0.500848 0.591111
vn 0.631194 -0.505639 0.588153
vn 0.543179 0.485038 0.685343
vn 0.543189 0.485044 0.685331
vn 0.543179 0.485038 0.685343
vn 0.358014 -0.912608 -0.197417
vn 0.358010 -0.912609 -0.197417
vn 0.358009 -0.912609 -0.197418
vn -0.223898 0.966761 0.123459
vn -0.223872 0.966767 0.123459
vn -0.223901 0.966761 0.123459
vn 0.598757 -0.476487 0.643779
vn 0.598752 -0.476488 0.643782
vn 0.598751 -0.476489 0.643783
vn -0.872723 -0.082160 0.481253
vn -0.872723 -0.082160 0.481253
vn -0.872725 -0.082160 0.481250
vn 0.870459 -0.109045 -0.480012
vn 0.870455 -0.109047 -0.480017
vn 0.870464 -0.109050 -0.480001
vn 0.350812 -0.494437 0.795276
vn 0.350834 -0.494456 0.795254
vn 0.350811 -0.494437 0.795276
vn -0.485329 -0.494440 -0.721100
vn -0.485333 -0.494447 -0.721092
vn -0.485333 -0.494447 -0.721092
vn -0.164029 -0.982300 0.090448
vn -0.164035 -0.982299 0.090448
vn -0.164028 -0.982300 0.090448
vn -0.289720 0.485042 -0.825104
vn -0.289710 0.485039 -0.825109
vn -0.289709 0.485039 -0.825110
vn 0.222093 0.967303 -0.122474
vn 0.222065 0.967310 -0.122471
vn 0.222064 0.967310 -0.122471
vn -0.047825 0.998508 0.026369
vn -0.047805 0.998509 0.026369
vn -0.047826 0.998508 0.026369
vn -0.425592 0.502982 -0.752251
vn -0.425562 0.502996 -0.752258
vn -0.425593 0.502981 -0.752250
vn 0.109286 -0.992182 -0.060254
vn 0.109273 -0.992184 -0.060254
vn 0.109287 -0.992182 -0.060254
vn -0.342823 -0.507244 -0.790681
vn -0.342808 -0.507239 -0.790690
vn -0.342824 -0.507244 -0.790680
vn 0.485736 -0.507246 0.711872
vn 0.485729 -0.507240 0.711881
vn 0.485729 -0.507239 0.711882
vn 0.409098 0.502980 0.761348
vn 0.409066 0.502994 0.761355
vn 0.409063 0.502995 0.761356
vn 0.232232 -0.962629 0.139336
vn 0.241458 -0.959538 0.144862
vn 0.240443 -0.959884 0.144259
vn -0.293349 0.518104 0.803439
vn -0.293347 0.518111 0.803436
vn -0.293346 0.518112 0.803435
vn 0.327169 -0.519555 -0.789318
vn 0.324712 -0.556105 -0.765055
vn 0.327298 -0.517309 -0.790739
vn -0.231277 0.962942 -0.138761
vn -0.231281 0.962940 -0.138762
vn -0.231282 0.962940 -0.138763
vn 0.110683 0.500987 -0.858348
vn 0.108627 0.512640 -0.851704
vn 0.110842 0.500077 -0.858858
vn 0.040975 0.477327 -0.877770
vn 0.040967 0.477333 -0.877767
vn 0.040966 0.477334 -0.877767
vn -0.215513 0.518152 0.827691
vn -0.214847 0.530827 0.819795
vn -0.214791 0.531849 0.819147
vn 0.293346 -0.518105 -0.803439
vn 0.293348 -0.518112 -0.803434
vn 0.293346 -0.518104 -0.803440
vn -0.011457 -0.469614 0.882798
vn -0.005853 -0.502202 0.864730
vn -0.005251 -0.505657 0.862719
vn -0.080033 0.488327 0.868983
vn -0.080026 0.488323 0.868986
vn -0.080026 0.488323 0.868986
vn 0.231279 -0.962941 0.138760
vn 0.231279 -0.962941 0.138760
vn -0.139885 0.986604 -0.083928
vn -0.139884 0.986605 -0.083929
vn -0.139883 0.986605 -0.083929
vn -0.040974 -0.477328 0.877770
vn -0.040966 -0.477333 0.877767
vn -0.040976 -0.477327 0.877770
vn 0.211517 0.528085 -0.822427
vn 0.211509 0.528087 -0.822428
vn 0.211518 0.528085 -0.822427
vn 0.844617 -0.172797 0.506718
vn 0.844556 -0.172805 0.506816
vn 0.844594 -0.172805 0.506753
vn -0.207773 -0.516551 0.830666
vn -0.207755 -0.516533 0.830681
vn -0.207774 -0.516551 0.830665
vn 0.118232 -0.501706 -0.856920
vn 0.118237 -0.501669 -0.856941
vn 0.118232 -0.501707 -0.856920
vn -0.101515 -0.992968 -0.060904
vn -0.101512 -0.992969 -0.060899
vn -0.101515 -0.992968 -0.060904
vn 0.249690 0.516100 -0.819326
vn 0.249698 0.516071 -0.819342
vn 0.249698 0.516070 -0.819342
vn 0.138717 0.986829 0.083226
vn 0.138718 0.986828 0.083229
vn 0.138718 0.986828 0.083229
vn -0.029304 0.999416 -0.017581
vn -0.029301 0.999416 -0.017581
vn -0.029301 0.999416 -0.017581
vn 0.156243 0.515841 -0.842316
vn 0.156246 0.515852 -0.842309
vn 0.156243 0.515840 -0.842316
vn 0.067219 -0.996923 0.040329
vn 0.067215 -0.996923 0.040329
vn 0.067219 -0.996923 0.040329
vn 0.209073 -0.530215 -0.821681
vn 0.209068 -0.530209 -0.821687
vn 0.209073 -0.530216 -0.821681
vn -0.114046 -0.514185 0.850063
vn -0.114042 -0.514179 0.850067
vn -0.114042 -0.514178 0.850068
vn -0.167205 0.517680 0.839077
vn -0.167202 0.517685 0.839074
vn -0.167202 0.517685 0.839074
vn 0.085049 -0.994911 -0.054025
vn 0.085038 -0.994912 -0.054025
vn 0.085034 -0.994912 -0.054025
vn 0.535584 0.494215 0.684763
vn 0.535576 0.494220 0.684766
vn 0.535585 0.494215 0.684763
vn -0.419350 -0.503763 -0.755228
vn -0.419350 -0.503762 -0.755228
vn -0.419350 -0.503763 -0.755228
vn 0.330794 -0.485643 0.809151
vn 0.330780 -0.485660 0.809147
vn 0.330795 -0.485643 0.809151
vn -0.841217 0.082161 0.534419
vn -0.841218 0.082159 0.534418
vn -0.841218 0.082157 0.534418
vn -0.591937 -0.485649 -0.643238
vn -0.591916 -0.485661 -0.643249
vn -0.591915 -0.485661 -0.643249
vn -0.533632 -0.494462 -0.686108
vn -0.533648 -0.494455 -0.686101
vn -0.533649 -0.494454 -0.686100
vn 0.841217 -0.082159 -0.534420
vn 0.841220 -0.082158 -0.534415
vn 0.841220 -0.082158 -0.534415
vn 0.048724 0.998332 -0.030965
vn 0.048755 0.998331 -0.030965
vn 0.048723 0.998332 -0.030965
vn 0.427199 0.503427 0.751041
vn 0.427422 0.503418 0.750920
vn 0.419505 0.503756 0.755146
vn 0.007917 0.999956 -0.005037
vn 0.007941 0.999956 -0.005037
vn 0.007914 0.999956 -0.005037
vn -0.454940 0.500562 -0.736524
vn -0.454909 0.500570 -0.736537
vn -0.454906 0.500571 -0.736539
vn -0.228733 -0.962583 0.145310
vn -0.228698 -0.962591 0.145312
vn -0.228696 -0.962592 0.145312
vn 0.171983 0.979022 -0.109259
vn 0.171994 0.979020 -0.109257
vn 0.171982 0.979022 -0.109259
vn 0.419350 0.503763 0.755227
vn 0.419346 0.503763 0.755230
vn -0.085034 0.994912 0.054027
vn -0.085034 0.994912 0.054027
vn -0.085034 0.994912 0.054027
vn -0.505468 0.503764 -0.700517
vn -0.498395 0.503430 -0.705805
vn -0.505464 0.503765 -0.700519
vn -0.164717 -0.980774 0.104645
vn -0.164708 -0.980776 0.104645
vn -0.164706 -0.980776 0.104645
vn 0.340193 -0.487104 0.804362
vn 0.340192 -0.487103 0.804363
vn 0.340193 -0.487104 0.804362
vn -0.498153 0.503416 -0.705986
vn -0.498155 0.503416 -0.705985
vn 0.394319 -0.494457 0.774612
vn 0.394339 -0.494447 0.774609
vn 0.394318 -0.494458 0.774613
vn -0.392286 0.494219 -0.775796
vn -0.392342 0.494206 -0.775776
vn -0.392345 0.494206 -0.775775
vn 0.505465 -0.503764 0.700519
vn 0.505470 -0.503763 0.700517
vn 0.505471 -0.503762 0.700516
vn -0.583603 -0.487099 -0.649725
vn -0.583594 -0.487103 -0.649730
vn -0.583592 -0.487103 -0.649731
vn 0.473439 0.500567 0.724767
vn 0.473438 0.500566 0.724769
vn 0.473440 0.500568 0.724767
vn -0.109105 -0.991611 0.069308
vn -0.109105 -0.991611 0.069307
vn -0.109105 -0.991611 0.069308
vn -0.154370 0.988013 -0.000000
vn -0.154371 0.988013 -0.000000
vn -0.154372 0.988013 -0.000000
vn 0.154371 0.988013 -0.000000
vn 0.154370 0.988013 -0.000000
vn 0.154369 0.988013 -0.000000
vn -0.114014 0.988013 0.104076
vn -0.114011 0.988013 0.104076
vn -0.114009 0.988013 0.104076
vn 0.114011 0.988013 -0.104076
vn 0.114012 0.988013 -0.104076
vn 0.114013 0.988013 -0.104076
vn -0.044887 0.913260 -0.404896
vn -0.044887 0.913260 -0.404896
vn -0.044887 0.913260 -0.404897
vn 0.128701 0.978987 -0.158178
vn 0.128702 0.978987 -0.158178
vn 0.128702 0.978987 -0.158178
vn 0.074904 0.997191 -0.000000
vn 0.074902 0.997191 -0.000000
vn 0.074900 0.997191 -0.000000
vn 0.375520 0.926814 -0.000000
vn 0.375520 0.926814 -0.000000
vn 0.375520 0.926814 -0.000000
vn 0.114198 0.987992 0.104075
vn 0.114201 0.987991 0.104075
vn 0.114203 0.987991 0.104075
vn 0.336221 0.936015 -0.104076
vn 0.336222 0.936014 -0.104076
vn 0.336222 0.936014 -0.104076
vn 0.164465 0.899450 -0.404897
vn 0.164465 0.899450 -0.404897
vn 0.164465 0.899450 -0.404897
vn 0.348469 0.923877 -0.158178
vn 0.348467 0.923878 -0.158178
vn 0.348465 0.923879 -0.158179
vn 0.144727 0.988012 -0.053718
vn 0.144726 0.988013 -0.053718
vn 0.144728 0.988012 -0.053718
vn -0.144726 0.988013 0.053717
vn -0.144726 0.988012 0.053717
vn -0.144727 0.988012 0.053717
vn 0.070670 0.988013 -0.137245
vn 0.070672 0.988013 -0.137245
vn 0.070672 0.988013 -0.137245
vn -0.070672 0.988013 0.137244
vn -0.070671 0.988013 0.137244
vn -0.070671 0.988013 0.137244
vn 0.182974 0.913261 0.363972
vn 0.182974 0.913260 0.363973
vn 0.182975 0.913260 0.363973
vn -0.065617 0.978987 0.193077
vn -0.065616 0.978987 0.193077
vn -0.065617 0.978987 0.193077
vn -0.070220 0.997191 0.026064
vn -0.070220 0.997191 0.026064
vn -0.070221 0.997191 0.026064
vn -0.352053 0.926814 0.130671
vn -0.352052 0.926814 0.130671
vn -0.352054 0.926813 0.130671
vn -0.143279 0.987991 -0.057833
vn -0.143280 0.987991 -0.057834
vn -0.143280 0.987991 -0.057834
vn -0.278994 0.936014 0.214569
vn -0.278994 0.936014 0.214569
vn -0.278994 0.936014 0.214570
vn -0.013297 0.899450 0.436822
vn -0.013298 0.899450 0.436822
vn -0.013297 0.899450 0.436822
vn -0.271646 0.923878 0.269550
vn -0.271648 0.923878 0.269550
vn -0.271644 0.923879 0.269550
vn -0.136165 0.988013 -0.072734
vn -0.136164 0.988013 -0.072734
vn -0.136166 0.988012 -0.072734
vn 0.136165 0.988013 0.072734
vn 0.136164 0.988013 0.072734
vn 0.136163 0.988013 0.072734
vn -0.149601 0.988013 0.038082
vn -0.149600 0.988013 0.038082
vn -0.149599 0.988013 0.038082
vn 0.149602 0.988013 -0.038082
vn 0.149602 0.988013 -0.038082
vn 0.149602 0.988013 -0.038082
vn 0.151179 0.913260 -0.378287
vn 0.151178 0.913260 -0.378286
vn 0.151177 0.913261 -0.378286
vn 0.188050 0.978987 -0.078881
vn 0.188050 0.978987 -0.078881
vn 0.188049 0.978987 -0.078881
vn 0.066068 0.997191 0.035292
vn 0.066069 0.997191 0.035292
vn 0.066069 0.997191 0.035292
vn 0.331226 0.926814 0.176929
vn 0.331225 0.926815 0.176930
vn 0.331223 0.926816 0.176930
vn 0.051696 0.987991 0.145607
vn 0.051694 0.987991 0.145607
vn 0.051692 0.987991 0.145608
vn 0.345602 0.936014 0.066614
vn 0.345600 0.936014 0.066614
vn 0.345599 0.936015 0.066614
vn 0.335839 0.899450 -0.279647
vn 0.335839 0.899450 -0.279648
vn 0.335839 0.899449 -0.279648
vn 0.381893 0.923878 0.024663
vn 0.381892 0.923878 0.024664
vn 0.381891 0.923878 0.024665
vn -0.044887 0.913260 -0.404896
vn -0.044887 0.913260 -0.404896
vn -0.044887 0.913260 -0.404896
vn 0.128702 0.978987 -0.158178
vn 0.128702 0.978987 -0.158178
vn 0.128702 0.978987 -0.158178
vn 0.391526 -0.913261 0.112527
vn 0.391526 -0.913261 0.112527
vn 0.391527 -0.913260 0.112527
vn 0.097320 -0.978987 0.179202
vn 0.097320 -0.978987 0.179202
vn 0.097320 -0.978987 0.179202
vn -0.073346 0.945485 0.317300
vn -0.073345 0.945485 0.317300
vn -0.073345 0.945485 0.317300
vn 0.134943 0.986468 0.093115
vn 0.134943 0.986469 0.093115
vn 0.134942 0.986469 0.093115
vn 0.283664 -0.945485 0.159979
vn 0.283664 -0.945485 0.159979
vn 0.283664 -0.945485 0.159979
vn 0.127438 -0.986468 -0.103149
vn 0.127438 -0.986468 -0.103148
vn 0.127438 -0.986468 -0.103149
vn -0.054434 0.945484 -0.321086
vn -0.054434 0.945484 -0.321086
vn -0.054434 0.945484 -0.321087
vn -0.160387 0.986468 -0.034002
vn -0.160386 0.986469 -0.034002
vn -0.160386 0.986469 -0.034002
vn 0.018479 0.916530 0.399539
vn 0.018479 0.916530 0.399539
vn 0.018480 0.916530 0.399539
vn 0.286515 0.925797 0.246594
vn 0.286518 0.925797 0.246594
vn 0.286519 0.925796 0.246594
vn 0.105140 0.966912 0.232436
vn 0.105139 0.966912 0.232436
vn 0.105138 0.966912 0.232436
vn 0.356244 0.932708 0.056089
vn 0.356245 0.932707 0.056088
vn 0.356246 0.932707 0.056088
vn -0.021457 -0.999687 -0.012873
vn -0.021455 -0.999687 -0.012873
vn -0.021457 -0.999687 -0.012873
vn 0.563876 -0.490079 -0.664731
vn 0.563881 -0.490078 -0.664727
vn 0.563876 -0.490079 -0.664731
vn -0.211516 -0.528077 0.822433
vn -0.211523 -0.528076 0.822432
vn -0.211524 -0.528076 0.822432
vn 0.303738 -0.935165 0.182234
vn 0.303737 -0.935165 0.182234
vn 0.303739 -0.935165 0.182234
vn -0.563888 0.490079 0.664720
vn -0.563875 0.490086 0.664726
vn -0.563874 0.490087 0.664726
vn -0.303737 0.935165 -0.182235
vn -0.303734 0.935166 -0.182235
vn -0.303734 0.935166 -0.182234
vn -0.850146 -0.130722 -0.510062
vn -0.850145 -0.130722 -0.510065
vn -0.850145 -0.130722 -0.510064
vn 0.187109 0.521829 -0.832277
vn 0.187106 0.521830 -0.832277
vn 0.187106 0.521830 -0.832277
vn -0.163937 0.515132 0.841287
vn -0.163947 0.515131 0.841286
vn -0.163947 0.515131 0.841286
vn -0.187110 -0.521819 0.832283
vn -0.187110 -0.521819 0.832283
vn -0.187110 -0.521819 0.832283
vn 0.163942 -0.515123 -0.841291
vn 0.163944 -0.515123 -0.841291
vn 0.163942 -0.515123 -0.841291
vn 0.021453 0.999687 0.012873
vn 0.021457 0.999687 0.012873
vn 0.021457 0.999687 0.012873
vn 0.405875 -0.913261 -0.034924
vn 0.405876 -0.913261 -0.034924
vn 0.405875 -0.913261 -0.034924
vn 0.154968 -0.978987 0.132550
vn 0.154967 -0.978987 0.132550
vn 0.154969 -0.978987 0.132550
vn 0.322115 -0.945485 0.047962
vn 0.322115 -0.945485 0.047962
vn 0.322115 -0.945485 0.047962
vn 0.082125 -0.986468 -0.141900
vn 0.082126 -0.986468 -0.141899
vn 0.082125 -0.986468 -0.141901
vn -0.232232 -0.962629 -0.139336
vn -0.241460 -0.959537 -0.144862
vn -0.240404 -0.959897 -0.144235
vn 0.293351 0.518104 -0.803438
vn 0.293346 0.518110 -0.803437
vn 0.293345 0.518111 -0.803436
vn -0.327173 -0.519554 0.789317
vn -0.324704 -0.556106 0.765058
vn -0.327302 -0.517308 0.790738
vn 0.231282 0.962940 0.138761
vn 0.231277 0.962941 0.138762
vn 0.231276 0.962942 0.138762
vn -0.110688 0.500987 0.858347
vn -0.108629 0.512639 0.851705
vn -0.110847 0.500077 0.858857
vn -0.040970 0.477327 0.877770
vn -0.040970 0.477334 0.877766
vn -0.040970 0.477335 0.877766
vn 0.215513 0.518150 -0.827693
vn 0.214846 0.530827 -0.819795
vn 0.214790 0.531849 -0.819147
vn -0.293346 -0.518105 0.803439
vn -0.293349 -0.518112 0.803434
vn -0.293346 -0.518104 0.803440
vn 0.011457 -0.469614 -0.882798
vn 0.005855 -0.502201 -0.864731
vn 0.005253 -0.505655 -0.862720
vn 0.080032 0.488327 -0.868983
vn 0.080013 0.488331 -0.868982
vn 0.080013 0.488331 -0.868983
vn -0.231280 -0.962941 -0.138761
vn -0.231280 -0.962941 -0.138760
vn 0.139885 0.986604 0.083928
vn 0.139884 0.986605 0.083929
vn 0.139883 0.986605 0.083929
vn 0.040975 -0.477327 -0.877770
vn 0.040967 -0.477334 -0.877766
vn 0.040976 -0.477326 -0.877770
vn -0.211524 0.528084 0.822426
vn -0.211512 0.528086 0.822428
vn -0.211525 0.528084 0.822426
vn -0.844624 -0.172791 -0.506709
vn -0.844649 -0.172806 -0.506661
vn -0.844620 -0.172806 -0.506710
vn 0.207765 -0.516548 -0.830670
vn 0.207768 -0.516537 -0.830675
vn 0.207765 -0.516548 -0.830670
vn -0.118241 -0.501704 0.856920
vn -0.118237 -0.501672 0.856940
vn -0.118241 -0.501705 0.856920
vn 0.101515 -0.992968 0.060905
vn 0.101522 -0.992968 0.060899
vn 0.101515 -0.992968 0.060905
vn -0.249691 0.516097 0.819328
vn -0.249696 0.516080 0.819337
vn -0.249696 0.516079 0.819337
vn -0.138717 0.986829 -0.083227
vn -0.138711 0.986829 -0.083229
vn -0.138711 0.986829 -0.083229
vn 0.029304 0.999416 0.017580
vn 0.029298 0.999416 0.017581
vn 0.029298 0.999416 0.017581
vn -0.156256 0.515837 0.842316
vn -0.156246 0.515849 0.842310
vn -0.156256 0.515837 0.842316
vn -0.067219 -0.996923 -0.040328
vn -0.067213 -0.996923 -0.040329
vn -0.067219 -0.996923 -0.040328
vn -0.209073 -0.530213 0.821683
vn -0.209063 -0.530208 0.821688
vn -0.209074 -0.530213 0.821683
vn 0.114046 -0.514188 -0.850061
vn 0.114046 -0.514176 -0.850069
vn 0.114046 -0.514175 -0.850069
vn 0.167206 0.517675 -0.839080
vn 0.167197 0.517685 -0.839075
vn 0.167197 0.517686 -0.839075
vn -0.391526 -0.913261 -0.112527
vn -0.391526 -0.913261 -0.112527
vn -0.391525 -0.913261 -0.112527
vn -0.097320 -0.978987 -0.179201
vn -0.097320 -0.978987 -0.179201
vn -0.097321 -0.978987 -0.179201
vn -0.283663 -0.945485 -0.159979
vn -0.283663 -0.945485 -0.159979
vn -0.283663 -0.945485 -0.159979
vn -0.127439 -0.986468 0.103149
vn -0.127439 -0.986468 0.103148
vn -0.127438 -0.986468 0.103150
vn 0.021457 -0.999687 0.012873
vn 0.021453 -0.999687 0.012873
vn 0.021457 -0.999687 0.012873
vn -0.563882 -0.490076 0.664728
vn -0.563881 -0.490076 0.664728
vn -0.563882 -0.490076 0.664727
vn 0.211522 -0.528076 -0.822432
vn 0.211520 -0.528076 -0.822433
vn 0.211520 -0.528076 -0.822433
vn -0.303733 -0.935167 -0.182234
vn -0.303741 -0.935164 -0.182234
vn -0.303732 -0.935167 -0.182234
vn 0.563888 0.490079 -0.664720
vn 0.563877 0.490085 -0.664726
vn 0.563876 0.490085 -0.664726
vn 0.303738 0.935165 0.182234
vn 0.303736 0.935166 0.182234
vn 0.303735 0.935166 0.182234
vn 0.850145 -0.130723 0.510064
vn 0.850144 -0.130722 0.510066
vn 0.850142 -0.130723 0.510068
vn -0.187113 0.521829 0.832276
vn -0.187104 0.521830 0.832277
vn -0.187103 0.521830 0.832277
vn 0.163933 0.515132 -0.841288
vn 0.163948 0.515131 -0.841285
vn 0.163949 0.515131 -0.841285
vn 0.187110 -0.521819 -0.832283
vn 0.187107 -0.521819 -0.832283
vn 0.187110 -0.521819 -0.832283
vn -0.163942 -0.515123 0.841292
vn -0.163943 -0.515123 0.841291
vn -0.163942 -0.515123 0.841292
vn -0.021457 0.999687 -0.012873
vn -0.021457 0.999687 -0.012873
vn -0.021457 0.999687 -0.012873
vn -0.405875 -0.913261 0.034924
vn -0.405876 -0.913261 0.034924
vn -0.405875 -0.913261 0.034924
vn -0.154969 -0.978987 -0.132550
vn -0.154968 -0.978987 -0.132550
vn -0.154968 -0.978987 -0.132550
vn -0.322115 -0.945485 -0.047962
vn -0.322115 -0.945485 -0.047962
vn -0.322115 -0.945485 -0.047962
vn -0.082126 -0.986468 0.141901
vn -0.082126 -0.986468 0.141900
vn -0.082126 -0.986468 0.141901
vn 0.012761 -0.962629 -0.270523
vn 0.013283 -0.959538 -0.281266
vn 0.013218 -0.959897 -0.280041
vn 0.846563 0.518107 -0.122055
vn 0.846560 0.518111 -0.122053
vn 0.846560 0.518112 -0.122053
vn -0.850145 -0.519548 0.085575
vn -0.827601 -0.556113 0.076258
vn -0.851458 -0.517300 0.086134
vn -0.012707 0.962941 0.269413
vn -0.012705 0.962941 0.269413
vn -0.012705 0.962941 0.269413
vn -0.808437 0.500986 0.308939
vn -0.801607 0.512644 0.307608
vn -0.808962 0.500076 0.309040
vn -0.792531 0.477328 0.379541
vn -0.792525 0.477337 0.379544
vn -0.792524 0.477338 0.379545
vn 0.831068 0.518153 -0.202096
vn 0.823802 0.530822 -0.198942
vn 0.823206 0.531843 -0.198685
vn -0.846562 -0.518107 0.122054
vn -0.846563 -0.518107 0.122050
vn -0.846562 -0.518107 0.122054
vn 0.782982 -0.469616 -0.407921
vn 0.764433 -0.502192 -0.404285
vn 0.762378 -0.505645 -0.403860
vn 0.803294 0.488321 -0.340972
vn 0.803306 0.488298 -0.340977
vn 0.803306 0.488297 -0.340977
vn 0.012708 -0.962941 -0.269413
vn 0.012708 -0.962941 -0.269413
vn -0.007697 0.986604 0.162951
vn -0.007701 0.986604 0.162950
vn -0.007701 0.986604 0.162950
vn 0.792531 -0.477329 -0.379542
vn 0.792525 -0.477337 -0.379545
vn 0.792532 -0.477327 -0.379541
vn -0.824548 0.528075 0.203119
vn -0.824540 0.528086 0.203124
vn -0.824548 0.528075 0.203119
vn 0.046386 -0.172794 -0.983865
vn 0.046414 -0.172803 -0.983862
vn 0.046397 -0.172800 -0.983864
vn 0.830005 -0.516576 -0.210336
vn 0.830056 -0.516501 -0.210320
vn 0.830004 -0.516577 -0.210336
vn -0.810744 -0.501713 0.301625
vn -0.810799 -0.501639 0.301601
vn -0.810743 -0.501715 0.301626
vn -0.005608 -0.992968 0.118250
vn -0.005553 -0.992968 0.118250
vn -0.005608 -0.992968 0.118250
vn -0.839904 0.516071 0.168022
vn -0.839871 0.516115 0.168053
vn -0.839870 0.516116 0.168054
vn 0.007658 0.986828 -0.161591
vn 0.007623 0.986828 -0.161591
vn 0.007623 0.986828 -0.161591
vn -0.001594 0.999416 0.034134
vn -0.001639 0.999416 0.034134
vn -0.001641 0.999416 0.034134
vn -0.815885 0.515845 0.261219
vn -0.815888 0.515843 0.261213
vn -0.815885 0.515845 0.261219
vn 0.003711 -0.996923 -0.078300
vn 0.003685 -0.996923 -0.078300
vn 0.003712 -0.996923 -0.078300
vn -0.822720 -0.530224 0.204924
vn -0.822729 -0.530210 0.204927
vn -0.822720 -0.530224 0.204924
vn 0.802739 -0.514176 -0.302050
vn 0.802735 -0.514175 -0.302060
vn 0.802735 -0.514175 -0.302061
vn 0.818218 0.517685 -0.250043
vn 0.818224 0.517680 -0.250034
vn 0.818224 0.517680 -0.250034
vn -0.086276 -0.913261 -0.398134
vn -0.086276 -0.913261 -0.398134
vn -0.086276 -0.913261 -0.398134
vn 0.111759 -0.978987 -0.170571
vn 0.111758 -0.978987 -0.170571
vn 0.111759 -0.978987 -0.170571
vn 0.006591 -0.945485 -0.325599
vn 0.006592 -0.945485 -0.325599
vn 0.006591 -0.945485 -0.325599
vn -0.151196 -0.986468 -0.063405
vn -0.151195 -0.986468 -0.063406
vn -0.151196 -0.986468 -0.063405
vn -0.001176 -0.999687 0.024995
vn -0.001187 -0.999687 0.024995
vn -0.001176 -0.999687 0.024995
vn -0.852483 -0.490083 -0.181912
vn -0.852492 -0.490069 -0.181906
vn -0.852482 -0.490084 -0.181912
vn 0.824540 -0.528085 -0.203123
vn 0.824551 -0.528071 -0.203118
vn 0.824552 -0.528070 -0.203118
vn 0.016707 -0.935165 -0.353819
vn 0.016678 -0.935165 -0.353819
vn 0.016710 -0.935165 -0.353819
vn 0.852483 0.490082 0.181911
vn 0.852484 0.490081 0.181911
vn 0.852484 0.490081 0.181911
vn -0.016682 0.935165 0.353819
vn -0.016695 0.935165 0.353819
vn -0.016697 0.935165 0.353819
vn -0.046713 -0.130722 0.990318
vn -0.046714 -0.130722 0.990318
vn -0.046715 -0.130722 0.990318
vn -0.821665 0.521820 0.229280
vn -0.821657 0.521832 0.229284
vn -0.821657 0.521832 0.229284
vn 0.818630 0.515125 -0.253952
vn 0.818621 0.515137 -0.253958
vn 0.818620 0.515137 -0.253958
vn 0.821664 -0.521820 -0.229286
vn 0.821666 -0.521818 -0.229285
vn 0.821664 -0.521820 -0.229286
vn -0.818628 -0.515125 0.253957
vn -0.818629 -0.515124 0.253956
vn -0.818628 -0.515125 0.253958
vn 0.001175 0.999687 -0.024995
vn 0.001169 0.999687 -0.024995
vn 0.001169 0.999687 -0.024995
vn -0.222944 -0.913261 -0.340955
vn -0.222945 -0.913261 -0.340955
vn -0.222943 -0.913261 -0.340955
vn 0.043370 -0.978987 -0.199257
vn 0.043371 -0.978987 -0.199257
vn 0.043370 -0.978987 -0.199257
vn -0.110278 -0.945485 -0.306426
vn -0.110279 -0.945485 -0.306426
vn -0.110277 -0.945485 -0.306426
vn -0.163871 -0.986468 -0.005144
vn -0.163871 -0.986468 -0.005145
vn -0.163871 -0.986468 -0.005146
vn -0.012771 -0.962629 0.270523
vn -0.013258 -0.959538 0.281267
vn -0.013220 -0.959897 0.280041
vn -0.846562 0.518107 0.122055
vn -0.846558 0.518114 0.122053
vn -0.846558 0.518115 0.122053
vn 0.850145 -0.519548 -0.085575
vn 0.827604 -0.556109 -0.076257
vn 0.851458 -0.517301 -0.086134
vn 0.012708 0.962941 -0.269413
vn 0.012713 0.962941 -0.269414
vn 0.012714 0.962941 -0.269414
vn 0.808436 0.500987 -0.308939
vn 0.801604 0.512648 -0.307610
vn 0.808961 0.500076 -0.309040
vn 0.792531 0.477329 -0.379541
vn 0.792525 0.477337 -0.379544
vn 0.792524 0.477338 -0.379545
vn -0.831074 0.518145 0.202093
vn -0.823796 0.530831 0.198946
vn -0.823198 0.531853 0.198689
vn 0.846569 -0.518098 -0.122051
vn 0.846559 -0.518113 -0.122051
vn 0.846570 -0.518095 -0.122051
vn -0.782987 -0.469612 0.407916
vn -0.764415 -0.502206 0.404300
vn -0.762358 -0.505660 0.403878
vn -0.803270 0.488346 0.340992
vn -0.803295 0.488314 0.340978
vn -0.803296 0.488313 0.340978
vn -0.012688 -0.962941 0.269414
vn -0.012683 -0.962941 0.269414
vn 0.007679 0.986604 -0.162951
vn 0.007697 0.986604 -0.162951
vn 0.007699 0.986604 -0.162951
vn -0.792539 -0.477320 0.379535
vn -0.792529 -0.477332 0.379541
vn -0.792541 -0.477318 0.379534
vn 0.824539 0.528087 -0.203124
vn 0.824544 0.528080 -0.203122
vn 0.824538 0.528088 -0.203124
vn -0.046380 -0.172796 0.983865
vn -0.046414 -0.172779 0.983867
vn -0.046380 -0.172808 0.983863
vn -0.830032 -0.516538 0.210324
vn -0.830038 -0.516524 0.210330
vn -0.830032 -0.516538 0.210324
vn 0.810742 -0.501717 -0.301624
vn 0.810793 -0.501648 -0.301604
vn 0.810741 -0.501718 -0.301624
vn 0.005609 -0.992968 -0.118250
vn 0.005645 -0.992968 -0.118249
vn 0.005608 -0.992968 -0.118250
vn 0.839882 0.516104 -0.168033
vn 0.839875 0.516109 -0.168049
vn 0.839875 0.516110 -0.168049
vn -0.007587 0.986829 0.161592
vn -0.007652 0.986828 0.161592
vn -0.007654 0.986828 0.161592
vn 0.001593 0.999416 -0.034134
vn 0.001615 0.999416 -0.034134
vn 0.001616 0.999416 -0.034134
vn 0.815885 0.515845 -0.261219
vn 0.815877 0.515858 -0.261219
vn 0.815885 0.515845 -0.261219
vn -0.003711 -0.996923 0.078301
vn -0.003671 -0.996923 0.078301
vn -0.003712 -0.996923 0.078301
vn 0.822721 -0.530223 -0.204924
vn 0.822743 -0.530191 -0.204920
vn 0.822720 -0.530224 -0.204924
vn -0.802719 -0.514199 0.302062
vn -0.802725 -0.514185 0.302070
vn -0.802726 -0.514184 0.302070
vn -0.818236 0.517661 0.250033
vn -0.818210 0.517698 0.250042
vn -0.818209 0.517699 0.250042
vn 0.086276 -0.913261 0.398135
vn 0.086276 -0.913261 0.398135
vn 0.086276 -0.913261 0.398135
vn -0.111757 -0.978987 0.170572
vn -0.111758 -0.978987 0.170572
vn -0.111759 -0.978987 0.170572
vn -0.006593 -0.945485 0.325599
vn -0.006592 -0.945485 0.325599
vn -0.006593 -0.945485 0.325599
vn 0.151197 -0.986468 0.063405
vn 0.151195 -0.986468 0.063406
vn 0.151198 -0.986468 0.063405
vn 0.001177 -0.999687 -0.024994
vn 0.001202 -0.999687 -0.024994
vn 0.001176 -0.999687 -0.024994
vn 0.852490 -0.490072 0.181907
vn 0.852481 -0.490086 0.181912
vn 0.852491 -0.490071 0.181907
vn -0.824541 -0.528085 0.203123
vn -0.824550 -0.528071 0.203118
vn -0.824551 -0.528070 0.203118
vn -0.016681 -0.935165 0.353819
vn -0.016688 -0.935165 0.353819
vn -0.016680 -0.935165 0.353819
vn -0.852483 0.490082 -0.181912
vn -0.852483 0.490082 -0.181912
vn -0.852483 0.490082 -0.181912
vn 0.016682 0.935165 -0.353819
vn 0.016700 0.935165 -0.353819
vn 0.016702 0.935165 -0.353819
vn 0.046711 -0.130724 -0.990318
vn 0.046716 -0.130724 -0.990318
vn 0.046713 -0.130722 -0.990318
vn 0.821655 0.521834 -0.229287
vn 0.821657 0.521831 -0.229284
vn 0.821657 0.521831 -0.229284
vn -0.818630 0.515125 0.253952
vn -0.818625 0.515131 0.253955
vn -0.818625 0.515132 0.253955
vn -0.821664 -0.521819 0.229286
vn -0.821667 -0.521816 0.229285
vn -0.821664 -0.521820 0.229286
vn 0.818628 -0.515124 -0.253958
vn 0.818627 -0.515127 -0.253957
vn 0.818628 -0.515124 -0.253958
vn -0.001175 0.999687 0.024994
vn -0.001162 0.999687 0.024994
vn -0.001162 0.999687 0.024994
vn 0.222946 -0.913261 0.340955
vn 0.222945 -0.913261 0.340955
vn 0.222946 -0.913261 0.340955
vn -0.043370 -0.978987 0.199257
vn -0.043371 -0.978987 0.199257
vn -0.043370 -0.978987 0.199257
vn 0.110280 -0.945485 0.306426
vn 0.110279 -0.945485 0.306426
vn 0.110280 -0.945485 0.306427
vn 0.163871 -0.986468 0.005145
vn 0.163871 -0.986468 0.005146
vn 0.163872 -0.986468 0.005146
vn -0.012762 -0.962629 0.270524
vn -0.013268 -0.959538 0.281267
vn -0.013213 -0.959897 0.280041
vn -0.846566 0.518102 0.122054
vn -0.846558 0.518114 0.122053
vn -0.846557 0.518116 0.122053
vn 0.850142 -0.519553 -0.085576
vn 0.827598 -0.556117 -0.076258
vn 0.851455 -0.517306 -0.086135
vn 0.012708 0.962941 -0.269413
vn 0.012708 0.962941 -0.269414
vn 0.012708 0.962941 -0.269414
vn 0.808443 0.500979 -0.308934
vn 0.801608 0.512643 -0.307607
vn 0.808968 0.500068 -0.309035
vn 0.792531 0.477329 -0.379541
vn 0.792527 0.477335 -0.379543
vn 0.792526 0.477335 -0.379543
vn -0.831074 0.518145 0.202093
vn -0.823791 0.530837 0.198948
vn -0.823193 0.531861 0.198691
vn 0.846562 -0.518108 -0.122054
vn 0.846560 -0.518111 -0.122051
vn 0.846562 -0.518107 -0.122054
vn -0.782981 -0.469618 0.407921
vn -0.764425 -0.502196 0.404293
vn -0.762370 -0.505649 0.403870
vn -0.803283 0.488332 0.340982
vn -0.803299 0.488310 0.340975
vn -0.803300 0.488309 0.340975
vn -0.012708 -0.962941 0.269414
vn -0.012708 -0.962941 0.269414
vn 0.007660 0.986604 -0.162951
vn 0.007691 0.986604 -0.162951
vn 0.007694 0.986604 -0.162951
vn -0.792535 -0.477325 0.379538
vn -0.792529 -0.477333 0.379541
vn -0.792536 -0.477323 0.379537
vn 0.824539 0.528087 -0.203124
vn 0.824543 0.528081 -0.203122
vn 0.824538 0.528088 -0.203124
vn -0.046380 -0.172796 0.983865
vn -0.046403 -0.172779 0.983867
vn -0.046385 -0.172808 0.983863
vn -0.830020 -0.516554 0.210331
vn -0.830031 -0.516535 0.210334
vn -0.830020 -0.516554 0.210331
vn 0.810754 -0.501703 -0.301615
vn 0.810773 -0.501671 -0.301617
vn 0.810754 -0.501703 -0.301615
vn 0.005571 -0.992968 -0.118250
vn 0.005514 -0.992969 -0.118249
vn 0.005572 -0.992968 -0.118250
vn 0.839893 0.516087 -0.168028
vn 0.839900 0.516074 -0.168037
vn 0.839900 0.516073 -0.168037
vn -0.007622 0.986828 0.161592
vn -0.007623 0.986828 0.161592
vn -0.007623 0.986828 0.161592
vn 0.001594 0.999416 -0.034134
vn 0.001639 0.999416 -0.034134
vn 0.001641 0.999416 -0.034134
vn 0.815885 0.515845 -0.261219
vn 0.815881 0.515853 -0.261217
vn 0.815885 0.515845 -0.261219
vn -0.003711 -0.996923 0.078301
vn -0.003694 -0.996923 0.078301
vn -0.003712 -0.996923 0.078301
vn 0.822720 -0.530224 -0.204924
vn 0.822731 -0.530207 -0.204926
vn 0.822720 -0.530224 -0.204924
vn -0.802728 -0.514188 0.302056
vn -0.802729 -0.514181 0.302067
vn -0.802729 -0.514180 0.302068
vn -0.818228 0.517672 0.250039
vn -0.818212 0.517696 0.250041
vn -0.818211 0.517697 0.250041
vn 0.086277 -0.913261 0.398135
vn 0.086277 -0.913261 0.398135
vn 0.086277 -0.913260 0.398135
vn -0.111757 -0.978987 0.170572
vn -0.111757 -0.978987 0.170572
vn -0.111757 -0.978987 0.170572
vn -0.006592 -0.945485 0.325599
vn -0.006592 -0.945485 0.325599
vn -0.006592 -0.945485 0.325599
vn 0.151195 -0.986468 0.063405
vn 0.151195 -0.986468 0.063406
vn 0.151196 -0.986468 0.063405
vn 0.001192 -0.999687 -0.024994
vn 0.001176 -0.999687 -0.024994
vn 0.001193 -0.999687 -0.024994
vn 0.852482 -0.490084 0.181912
vn 0.852488 -0.490076 0.181909
vn 0.852482 -0.490084 0.181912
vn -0.824549 -0.528073 0.203119
vn -0.824543 -0.528081 0.203122
vn -0.824543 -0.528082 0.203122
vn -0.016682 -0.935165 0.353819
vn -0.016695 -0.935165 0.353819
vn -0.016680 -0.935165 0.353819
vn -0.852483 0.490082 -0.181912
vn -0.852483 0.490083 -0.181912
vn -0.852483 0.490083 -0.181912
vn 0.016681 0.935165 -0.353819
vn 0.016691 0.935165 -0.353819
vn 0.016691 0.935165 -0.353819
vn 0.046711 -0.130724 -0.990318
vn 0.046715 -0.130724 -0.990318
vn 0.046711 -0.130722 -0.990318
vn 0.821666 0.521820 -0.229280
vn 0.821654 0.521836 -0.229286
vn 0.821653 0.521837 -0.229286
vn -0.818625 0.515132 0.253955
vn -0.818629 0.515127 0.253952
vn -0.818629 0.515126 0.253952
vn -0.821664 -0.521820 0.229286
vn -0.821663 -0.521821 0.229287
vn -0.821664 -0.521820 0.229286
vn 0.818628 -0.515124 -0.253958
vn 0.818626 -0.515128 -0.253958
vn 0.818628 -0.515124 -0.253958
vn -0.001160 0.999687 0.024994
vn -0.001186 0.999687 0.024994
vn -0.001187 0.999687 0.024994
vn 0.222944 -0.913261 0.340955
vn 0.222945 -0.913261 0.340955
vn 0.222943 -0.913261 0.340955
vn -0.043371 -0.978987 0.199257
vn -0.043371 -0.978987 0.199257
vn -0.043371 -0.978987 0.199257
vn 0.110278 -0.945485 0.306427
vn 0.110279 -0.945485 0.306426
vn 0.110278 -0.945485 0.306427
vn 0.163871 -0.986468 0.005145
vn 0.163871 -0.986468 0.005146
vn 0.163872 -0.986468 0.005146
vn 0.500000 -0.000544 -0.866025
vn 0.999996 -0.002922 0.000000
vn 0.500000 -0.000541 0.866025
vn -0.499995 0.004205 0.866018
vn 0.999983 -0.005848 0.000000
vn -0.999978 0.006595 -0.000000
vn -0.499995 0.004227 -0.866018
vn 0.000000 -1.000000 0.000000
vn 0.000000 -1.000000 0.000000
vn 0.000000 -1.000000 0.000000
vn -0.499965 -0.011901 -0.865964
vn -0.999913 0.013199 -0.000000
vn 0.500000 -0.000541 -0.866025
vn 0.500000 -0.001086 0.866025
vn -0.499995 0.004205 -0.866018
vn -0.499982 0.008438 0.865994
vn -0.998267 0.058843 -0.000000
vn -0.499965 -0.011901 0.865964
vn 0.998845 0.048043 -0.000000
vn -0.999492 -0.031886 0.000000
vn 0.499803 0.028087 0.865684
vn 0.499803 0.028087 -0.865684
vn 0.499882 -0.021746 0.865821
vn 0.499882 -0.021746 -0.865821
vn -0.499743 0.032029 -0.865581
vn 0.998819 -0.048593 0.000000
vn -0.996465 -0.084013 0.000000
vn -0.499686 0.035430 0.865482
vn 0.999372 0.035429 -0.000000
vn -0.999372 0.035431 -0.000000
vn 0.499686 0.035429 0.865482
vn 0.499686 0.035429 -0.865482
vn -0.499155 -0.094026 -0.861396
vn 0.498485 0.077822 0.863398
vn 0.498484 0.077822 -0.863399
vn -0.499773 -0.030174 -0.865631
vn -0.499773 -0.030174 0.865631
vn 0.991377 0.131042 -0.000000
vn -0.381036 0.924560 -0.000000
vn -0.381036 0.924560 0.000000
vn -0.381122 0.924525 -0.000000
vn -0.497801 -0.093659 0.862219
vn 0.882609 0.470109 -0.000000
vn -0.955788 -0.294057 0.000000
vn 0.475698 0.307965 0.823935
vn 0.416828 0.292587 -0.860609
vn -0.195142 -0.980775 0.000000
vn -0.050847 0.503761 -0.862346
vn -0.144183 -0.487111 0.861356
vn -0.100759 0.994911 -0.000000
vn -0.041898 0.503411 0.863031
vn 0.051012 -0.503761 0.862335
vn -0.144181 -0.487105 -0.861360
vn -0.996620 0.082156 -0.000000
vn -0.996619 0.082159 -0.000000
vn -0.996619 0.082159 -0.000000
vn 0.100748 -0.994912 0.000000
vn 0.009394 0.999956 -0.000000
vn 0.051011 -0.503761 -0.862336
vn 0.996619 -0.082159 -0.000002
vn 0.996619 -0.082160 -0.000001
vn 0.996619 -0.082160 0.000001
vn 0.145799 -0.980774 0.129710
vn -0.535152 0.503761 0.678113
vn 0.680244 -0.487112 -0.547714
vn 0.075275 0.994912 0.066966
vn 0.604927 0.503422 -0.616952
vn 0.535055 -0.503763 -0.678188
vn -0.464797 -0.487104 0.739387
vn 0.744611 0.082159 0.662423
vn 0.744612 0.082159 0.662423
vn 0.744597 0.082162 0.662439
vn -0.075275 -0.994912 -0.066966
vn -0.007023 0.999956 -0.006242
vn -0.611281 -0.503764 0.610375
vn -0.744612 -0.082159 -0.662422
vn -0.744599 -0.082160 -0.662436
vn -0.744609 -0.082159 -0.662425
vn 0.184448 -0.980773 -0.063739
vn 0.329760 0.503759 0.798427
vn -0.145063 -0.487104 -0.861212
vn 0.095228 0.994911 -0.032907
vn -0.242282 0.503419 -0.829379
vn -0.329872 -0.503762 -0.798378
vn 0.417605 -0.487106 0.767029
vn 0.941960 0.082159 -0.325516
vn 0.941960 0.082158 -0.325516
vn 0.941959 0.082157 -0.325519
vn -0.095238 -0.994910 0.032909
vn -0.008871 0.999956 0.003067
vn 0.233442 -0.503761 0.831703
vn -0.941962 -0.082158 0.325512
vn -0.941961 -0.082159 0.325515
vn -0.941960 -0.082159 0.325516
vn -0.195148 -0.980774 0.000000
vn -0.050896 0.503761 -0.862342
vn -0.144187 -0.487103 0.861360
vn -0.100750 0.994912 -0.000000
vn -0.041895 0.503411 0.863031
vn 0.051016 -0.503766 0.862333
vn -0.144183 -0.487109 -0.861357
vn 0.084881 0.494227 -0.865179
vn 0.100742 -0.994913 0.000000
vn 0.009394 0.999956 -0.000000
vn 0.051014 -0.503766 -0.862333
vn 0.996619 -0.082159 -0.000002
vn 0.996619 -0.082160 -0.000001
vn 0.996619 -0.082159 0.000001
vn -0.996619 0.082158 0.000003
vn -0.996619 0.082157 0.000004
vn -0.996619 0.082158 -0.000000
vn -0.154699 -0.485650 -0.860356
vn -0.154696 -0.485638 0.860363
vn -0.270981 -0.962585 0.000000
vn 0.084884 0.494236 0.865174
vn 0.203756 0.979022 -0.000000
vn 0.057740 0.998332 -0.000000
vn 0.010970 0.500578 0.865622
vn -0.129252 -0.991612 0.000000
vn -0.082533 -0.494451 0.865279
vn -0.082534 -0.494454 -0.865276
vn 0.010968 0.500560 -0.865632
vn -0.424887 -0.905246 0.000000
vn 0.213458 0.476483 -0.852878
vn -0.268714 -0.505646 0.819826
vn 0.408834 0.912609 -0.000000
vn 0.091324 0.507613 0.856731
vn 0.213456 0.476483 0.852878
vn 0.089747 0.493698 -0.864990
vn -0.213456 -0.476483 0.852878
vn -0.264483 -0.467003 -0.843775
vn -0.144726 0.485023 -0.862442
vn -0.408833 -0.912609 0.000000
vn 0.255677 0.966762 -0.000000
vn -0.213456 -0.476483 -0.852878
vn 0.996619 -0.082158 -0.000001
vn 0.996619 -0.082160 0.000000
vn 0.996619 -0.082160 0.000000
vn -0.994037 -0.109045 0.000000
vn -0.994037 -0.109045 0.000000
vn -0.994038 -0.109034 0.000000
vn 0.076800 -0.494434 -0.865816
vn 0.076803 -0.494432 0.865816
vn 0.187304 -0.982302 0.000000
vn -0.144724 0.485043 0.862432
vn -0.253625 0.967303 -0.000000
vn 0.054609 0.998508 -0.000000
vn 0.009423 0.502998 0.864236
vn -0.124774 -0.992185 0.000000
vn -0.081612 -0.507232 0.857937
vn -0.081611 -0.507251 -0.857925
vn 0.009423 0.502991 -0.864240
vn 0.372057 -0.905251 -0.205169
vn 0.224918 0.476481 0.849928
vn -0.160564 -0.505642 -0.847671
vn -0.358024 0.912603 0.197418
vn -0.493672 0.507606 -0.706133
vn -0.598760 0.476480 -0.643781
vn 0.339095 0.493696 0.800799
vn -0.224912 -0.476486 -0.849927
vn 0.639032 -0.467012 0.611177
vn 0.543189 0.485045 0.685330
vn 0.358015 -0.912607 -0.197417
vn -0.223867 0.966769 0.123460
vn 0.598758 -0.476486 0.643778
vn -0.872722 -0.082160 0.481255
vn -0.872731 -0.082159 0.481238
vn -0.872724 -0.082160 0.481250
vn 0.870458 -0.109045 -0.480012
vn 0.870453 -0.109040 -0.480023
vn 0.870462 -0.109041 -0.480007
vn 0.350836 -0.494457 0.795253
vn -0.485329 -0.494440 -0.721100
vn -0.164035 -0.982299 0.090448
vn -0.289720 0.485042 -0.825104
vn 0.222094 0.967303 -0.122474
vn -0.047803 0.998509 0.026369
vn -0.425560 0.502997 -0.752258
vn 0.109272 -0.992184 -0.060254
vn -0.342807 -0.507239 -0.790691
vn 0.485736 -0.507246 0.711872
vn 0.409100 0.502979 0.761347
vn 0.241458 -0.959538 0.144862
vn -0.293349 0.518103 0.803440
vn 0.324471 -0.559205 -0.762895
vn -0.231276 0.962942 -0.138761
vn 0.108403 0.513897 -0.850975
vn 0.040976 0.477326 -0.877771
vn -0.215550 0.517427 0.828135
vn 0.293348 -0.518113 -0.803434
vn -0.011887 -0.467080 0.884135
vn -0.080033 0.488327 0.868983
vn -0.139885 0.986604 -0.083928
vn -0.040964 -0.477334 0.877767
vn 0.211508 0.528087 -0.822428
vn 0.844622 -0.172795 0.506711
vn 0.844612 -0.172785 0.506730
vn 0.844642 -0.172787 0.506681
vn -0.207755 -0.516533 0.830682
vn 0.118237 -0.501668 -0.856942
vn -0.101512 -0.992969 -0.060899
vn 0.249690 0.516100 -0.819326
vn 0.138717 0.986829 0.083226
vn -0.029304 0.999416 -0.017581
vn 0.156246 0.515853 -0.842308
vn 0.067215 -0.996923 0.040329
vn 0.209068 -0.530209 -0.821687
vn -0.114046 -0.514185 0.850063
vn -0.167205 0.517680 0.839077
vn 0.085053 -0.994911 -0.054025
vn 0.535576 0.494220 0.684766
vn -0.419350 -0.503762 -0.755228
vn 0.330779 -0.485661 0.809147
vn -0.841225 0.082156 0.534407
vn -0.841224 0.082160 0.534407
vn -0.841200 0.082172 0.534444
vn -0.591938 -0.485649 -0.643237
vn -0.533631 -0.494463 -0.686108
vn 0.841215 -0.082159 -0.534422
vn 0.841212 -0.082161 -0.534427
vn 0.841215 -0.082160 -0.534422
vn 0.048758 0.998331 -0.030965
vn 0.427423 0.503418 0.750919
vn 0.007947 0.999956 -0.005037
vn -0.454942 0.500561 -0.736523
vn -0.228734 -0.962583 0.145310
vn 0.171994 0.979020 -0.109257
vn -0.085034 0.994912 0.054027
vn -0.505343 0.503758 -0.700611
vn -0.164718 -0.980774 0.104645
vn 0.340192 -0.487103 0.804363
vn 0.394341 -0.494446 0.774608
vn -0.392285 0.494219 -0.775796
vn 0.505464 -0.503764 0.700520
vn -0.583604 -0.487098 -0.649724
vn 0.473437 0.500566 0.724769
vn -0.109105 -0.991611 0.069307
vn -0.154369 0.988013 -0.000000
vn 0.154372 0.988013 -0.000000
vn -0.114016 0.988013 0.104075
vn 0.114010 0.988013 -0.104076
vn -0.044887 0.913261 -0.404895
vn 0.128701 0.978987 -0.158178
vn 0.074905 0.997191 -0.000000
vn 0.375520 0.926814 -0.000000
vn 0.114196 0.987992 0.104075
vn 0.336221 0.936015 -0.104076
vn 0.164465 0.899450 -0.404897
vn 0.348471 0.923877 -0.158177
vn 0.144725 0.988013 -0.053718
vn -0.144725 0.988013 0.053717
vn 0.070670 0.988013 -0.137245
vn -0.070672 0.988013 0.137244
vn 0.182973 0.913261 0.363972
vn -0.065616 0.978987 0.193078
vn -0.070219 0.997191 0.026064
vn -0.352052 0.926814 0.130671
vn -0.143279 0.987991 -0.057833
vn -0.278993 0.936014 0.214569
vn -0.013299 0.899450 0.436822
vn -0.271650 0.923877 0.269550
vn -0.136163 0.988013 -0.072735
vn 0.136166 0.988012 0.072734
vn -0.149602 0.988013 0.038082
vn 0.149602 0.988013 -0.038082
vn 0.151180 0.913260 -0.378287
vn 0.188050 0.978987 -0.078881
vn 0.066068 0.997191 0.035292
vn 0.331228 0.926814 0.176929
vn 0.051698 0.987991 0.145607
vn 0.345603 0.936014 0.066614
vn 0.335839 0.899450 -0.279646
vn 0.381894 0.923877 0.024662
vn -0.044887 0.913260 -0.404896
vn 0.128702 0.978987 -0.158178
vn 0.391525 -0.913261 0.112527
vn 0.097320 -0.978987 0.179202
vn -0.073346 0.945485 0.317300
vn 0.134943 0.986468 0.093115
vn 0.283664 -0.945485 0.159979
vn 0.127438 -0.986469 -0.103147
vn -0.054434 0.945484 -0.321086
vn -0.160387 0.986468 -0.034002
vn 0.018479 0.916530 0.399539
vn 0.286513 0.925798 0.246594
vn 0.105141 0.966912 0.232436
vn 0.356243 0.932708 0.056089
vn -0.021455 -0.999687 -0.012873
vn 0.563881 -0.490078 -0.664727
vn -0.211515 -0.528077 0.822433
vn 0.303737 -0.935165 0.182234
vn -0.563889 0.490079 0.664720
vn -0.303738 0.935165 -0.182235
vn -0.850149 -0.130722 -0.510057
vn -0.850146 -0.130722 -0.510063
vn -0.850144 -0.130721 -0.510065
vn 0.187109 0.521829 -0.832277
vn -0.163937 0.515132 0.841287
vn -0.187110 -0.521819 0.832283
vn 0.163944 -0.515123 -0.841291
vn 0.021453 0.999687 0.012873
vn 0.405876 -0.913260 -0.034924
vn 0.154967 -0.978987 0.132550
vn 0.322115 -0.945485 0.047962
vn 0.082126 -0.986468 -0.141899
vn -0.241460 -0.959537 -0.144862
vn 0.293352 0.518103 -0.803439
vn -0.324462 -0.559206 0.762898
vn 0.231283 0.962940 0.138760
vn -0.108405 0.513896 0.850976
vn -0.040970 0.477326 0.877771
vn 0.215550 0.517425 -0.828136
vn -0.293350 -0.518113 0.803433
vn 0.011887 -0.467081 -0.884135
vn 0.080033 0.488327 -0.868983
vn 0.139885 0.986605 0.083928
vn 0.040966 -0.477335 -0.877766
vn -0.211510 0.528086 0.822429
vn -0.844612 -0.172792 -0.506728
vn -0.844612 -0.172783 -0.506731
vn -0.844617 -0.172777 -0.506725
vn 0.207768 -0.516537 -0.830676
vn -0.118237 -0.501671 0.856940
vn 0.101522 -0.992968 0.060899
vn -0.249691 0.516097 0.819328
vn -0.138718 0.986829 -0.083227
vn 0.029304 0.999416 0.017580
vn -0.156245 0.515850 0.842310
vn -0.067213 -0.996923 -0.040329
vn -0.209062 -0.530208 0.821689
vn 0.114046 -0.514188 -0.850061
vn 0.167206 0.517675 -0.839080
vn -0.391526 -0.913261 -0.112527
vn -0.097319 -0.978987 -0.179201
vn -0.283663 -0.945485 -0.159979
vn -0.127439 -0.986468 0.103148
vn 0.021453 -0.999687 0.012873
vn -0.563881 -0.490076 0.664728
vn 0.211522 -0.528076 -0.822432
vn -0.303742 -0.935164 -0.182234
vn 0.563889 0.490079 -0.664719
vn 0.303738 0.935165 0.182235
vn 0.850150 -0.130724 0.510055
vn 0.850147 -0.130723 0.510061
vn 0.850142 -0.130722 0.510069
vn -0.187113 0.521829 0.832276
vn 0.163933 0.515132 -0.841288
vn 0.187107 -0.521819 -0.832284
vn -0.163943 -0.515123 0.841291
vn -0.021457 0.999687 -0.012873
vn -0.405876 -0.913261 0.034924
vn -0.154969 -0.978987 -0.132550
vn -0.322115 -0.945485 -0.047962
vn -0.082126 -0.986468 0.141899
vn 0.013284 -0.959538 -0.281266
vn 0.846563 0.518106 -0.122056
vn -0.825583 -0.559215 0.075448
vn -0.012708 0.962941 0.269413
vn -0.800858 0.513902 0.307460
vn -0.792533 0.477327 0.379541
vn 0.831476 0.517429 -0.202274
vn -0.846563 -0.518107 0.122050
vn 0.784362 -0.467084 -0.408177
vn 0.803294 0.488321 -0.340972
vn -0.007696 0.986604 0.162951
vn 0.792524 -0.477338 -0.379545
vn -0.824539 0.528087 0.203124
vn 0.046396 -0.172789 -0.983865
vn 0.046435 -0.172773 -0.983866
vn 0.046387 -0.172783 -0.983867
vn 0.830057 -0.516498 -0.210319
vn -0.810801 -0.501637 0.301600
vn -0.005552 -0.992968 0.118250
vn -0.839904 0.516071 0.168022
vn 0.007659 0.986828 -0.161591
vn -0.001593 0.999416 0.034134
vn -0.815889 0.515843 0.261212
vn 0.003684 -0.996923 -0.078300
vn -0.822729 -0.530209 0.204927
vn 0.802739 -0.514176 -0.302049
vn 0.818218 0.517685 -0.250044
vn -0.086276 -0.913261 -0.398134
vn 0.111758 -0.978987 -0.170571
vn 0.006593 -0.945485 -0.325599
vn -0.151194 -0.986468 -0.063406
vn -0.001187 -0.999687 0.024995
vn -0.852492 -0.490068 -0.181906
vn 0.824540 -0.528086 -0.203124
vn 0.016675 -0.935165 -0.353819
vn 0.852483 0.490083 0.181911
vn -0.016680 0.935165 0.353819
vn -0.046704 -0.130723 0.990318
vn -0.046712 -0.130723 0.990318
vn -0.046710 -0.130722 0.990318
vn -0.821666 0.521820 0.229280
vn 0.818630 0.515124 -0.253952
vn 0.821666 -0.521818 -0.229285
vn -0.818629 -0.515124 0.253956
vn 0.001176 0.999687 -0.024995
vn -0.222946 -0.913261 -0.340954
vn 0.043371 -0.978987 -0.199257
vn -0.110280 -0.945485 -0.306426
vn -0.163871 -0.986468 -0.005144
vn -0.013257 -0.959538 0.281267
vn -0.846563 0.518106 0.122055
vn 0.825586 -0.559210 -0.075447
vn 0.012708 0.962941 -0.269413
vn 0.800854 0.513906 -0.307463
vn 0.792532 0.477328 -0.379541
vn -0.831483 0.517419 0.202270
vn 0.846558 -0.518115 -0.122051
vn -0.784369 -0.467078 0.408170
vn -0.803270 0.488347 0.340992
vn 0.007677 0.986604 -0.162951
vn -0.792528 -0.477334 0.379542
vn 0.824545 0.528079 -0.203122
vn -0.046390 -0.172806 0.983863
vn -0.046458 -0.172795 0.983862
vn -0.046394 -0.172793 0.983865
vn -0.830039 -0.516524 0.210330
vn 0.810794 -0.501646 -0.301603
vn 0.005646 -0.992968 -0.118249
vn 0.839882 0.516104 -0.168033
vn -0.007586 0.986829 0.161592
vn 0.001593 0.999416 -0.034134
vn 0.815877 0.515858 -0.261219
vn -0.003669 -0.996923 0.078301
vn 0.822743 -0.530190 -0.204920
vn -0.802719 -0.514199 0.302062
vn -0.818237 0.517660 0.250033
vn 0.086276 -0.913261 0.398134
vn -0.111756 -0.978987 0.170572
vn -0.006592 -0.945485 0.325599
vn 0.151194 -0.986468 0.063406
vn 0.001203 -0.999687 -0.024994
vn 0.852480 -0.490087 0.181913
vn -0.824540 -0.528086 0.203124
vn -0.016689 -0.935165 0.353819
vn -0.852483 0.490082 -0.181912
vn 0.016680 0.935165 -0.353819
vn 0.046700 -0.130727 -0.990318
vn 0.046714 -0.130726 -0.990317
vn 0.046714 -0.130722 -0.990318
vn 0.821655 0.521834 -0.229287
vn -0.818630 0.515124 0.253952
vn -0.821667 -0.521816 0.229284
vn 0.818627 -0.515127 -0.253957
vn -0.001176 0.999687 0.024994
vn 0.222945 -0.913261 0.340955
vn -0.043372 -0.978987 0.199257
vn 0.110278 -0.945485 0.306426
vn 0.163871 -0.986468 0.005144
vn -0.013268 -0.959538 0.281267
vn -0.846567 0.518100 0.122054
vn 0.825580 -0.559218 -0.075448
vn 0.012708 0.962941 -0.269413
vn 0.800858 0.513901 -0.307460
vn 0.792532 0.477328 -0.379541
vn -0.831483 0.517419 0.202270
vn 0.846560 -0.518111 -0.122050
vn -0.784362 -0.467086 0.408176
vn -0.803282 0.488332 0.340982
vn 0.007658 0.986604 -0.162951
vn -0.792528 -0.477334 0.379542
vn 0.824544 0.528081 -0.203122
vn -0.046390 -0.172806 0.983863
vn -0.046435 -0.172795 0.983863
vn -0.046387 -0.172793 0.983865
vn -0.830031 -0.516534 0.210334
vn 0.810774 -0.501670 -0.301617
vn 0.005513 -0.992969 -0.118249
vn 0.839893 0.516087 -0.168028
vn -0.007622 0.986828 0.161592
vn 0.001593 0.999416 -0.034134
vn 0.815881 0.515853 -0.261216
vn -0.003694 -0.996923 0.078301
vn 0.822731 -0.530206 -0.204926
vn -0.802728 -0.514189 0.302055
vn -0.818228 0.517671 0.250039
vn 0.086277 -0.913261 0.398134
vn -0.111758 -0.978987 0.170572
vn -0.006592 -0.945485 0.325599
vn 0.151194 -0.986468 0.063406
vn 0.001176 -0.999687 -0.024994
vn 0.852488 -0.490075 0.181908
vn -0.824550 -0.528073 0.203119
vn -0.016696 -0.935165 0.353819
vn -0.852483 0.490082 -0.181912
vn 0.016680 0.935165 -0.353819
vn 0.046698 -0.130727 -0.990318
vn 0.046715 -0.130726 -0.990317
vn 0.046708 -0.130722 -0.990318
vn 0.821666 0.521819 -0.229280
vn -0.818624 0.515132 0.253956
vn -0.821663 -0.521821 0.229287
vn 0.818626 -0.515128 -0.253958
vn -0.001159 0.999687 0.024994
vn 0.222945 -0.913261 0.340955
vn -0.043370 -0.978987 0.199257
vn 0.110279 -0.945485 0.306426
vn 0.163871 -0.986468 0.005144
f 1/1/1 2/2/2 3/3/3
f 4/4/4 5/5/5 6/6/6
f 7/7/7 8/8/8 9/9/9
f 10/10/10 11/11/11 12/12/12
f 13/13/13 14/14/14 15/15/15
f 16/16/16 17/17/17 18/18/18
f 19/19/19 20/20/20 21/21/21
f 22/22/22 23/23/23 24/24/24
f 25/25/25 26/26/26 27/27/27
f 28/28/28 29/29/29 30/30/30
f 31/31/31 32/32/32 33/33/33
f 34/34/34 35/35/35 36/36/36
f 37/37/37 38/38/38 39/39/39
f 40/40/40 41/41/41 42/42/42
f 43/43/43 44/44/44 45/45/45
f 46/46/46 47/47/47 48/48/48
f 49/49/49 50/50/50 51/51/51
f 52/52/52 53/53/53 54/54/54
f 55/55/55 56/56/56 57/57/57
f 58/58/58 59/59/59 60/60/60
f 61/61/61 62/62/62 63/63/63
f 64/64/64 65/65/65 66/66/66
f 67/67/67 68/68/68 69/69/69
f 70/70/70 71/71/71 61/61/61
f 72/72/72 73/73/73 74/74/74
f 75/75/75 76/76/76 77/77/77
f 78/78/78 79/79/79 80/80/80
f 81/81/81 82/82/82 73/73/73
f 83/83/83 84/84/84 85/85/85
f 86/86/86 87/87/87 88/88/88
f 89/89/89 90/90/90 91/91/91
f 92/92/92 93/93/93 94/94/94
f 95/95/95 96/96/96 97/97/97
f 98/98/98 99/99/99 100/100/100
f 101/101/101 102/102/102 103/103/103
f 104/104/104 105/105/105 106/106/106
f 107/107/107 108/108/108 109/109/109
f 110/110/110 111/111/111 112/112/112
f 113/113/113 114/114/114 115/115/115
f 116/116/116 117/117/117 118/118/118
f 119/119/119 120/120/120 121/121/121
f 122/122/122 123/123/123 124/124/124
f 125/125/125 126/126/126 127/127/127
f 128/128/128 129/129/129 130/130/130
f 131/131/131 132/132/132 133/133/133
f 134/134/134 135/135/135 136/136/136
f 137/137/137 138/138/138 139/139/139
f 140/140/140 141/141/141 142/142/142
f 143/143/143 144/144/144 145/145/145
f 143/143/143 146/146/146 147/147/147
f 135/135/135 148/148/148 149/149/149
f 150/150/150 151/151/151 152/152/152
f 153/153/153 154/154/154 155/155/155
f 156/156/156 157/157/157 158/158/158
f 159/159/159 160/160/160 161/161/161
f 162/162/162 163/163/163 164/164/164
f 165/165/165 166/166/166 167/167/167
f 168/168/168 169/169/169 170/170/170
f 171/171/171 172/172/172 173/173/173
f 174/174/174 175/175/175 176/176/176
f 177/177/177 178/178/178 179/179/179
f 180/180/180 181/181/181 182/182/182
f 183/183/183 184/184/184 185/185/185
f 183/183/183 186/186/186 187/187/187
f 175/175/175 188/188/188 189/189/189
f 190/190/190 191/191/191 192/192/192
f 193/193/193 194/194/194 195/195/195
f 196/196/196 197/197/197 198/198/198
f 199/199/199 200/200/200 201/201/201
f 202/202/202 203/203/203 204/204/204
f 205/205/205 206/206/206 207/207/207
f 208/208/208 209/209/209 210/210/210
f 211/211/211 212/212/212 213/213/213
f 214/214/214 215/215/215 216/216/216
f 217/217/217 218/218/218 219/219/219
f 220/220/220 221/221/221 222/222/222
f 223/223/223 224/224/224 225/225/225
f 223/223/223 226/226/226 227/227/227
f 215/215/215 228/228/228 229/229/229
f 230/230/230 231/231/231 232/232/232
f 233/233/233 234/234/234 235/235/235
f 236/236/236 237/237/237 238/238/238
f 239/239/239 240/240/240 241/241/241
f 242/242/242 243/243/243 244/244/244
f 245/245/245 246/246/246 247/247/247
f 248/248/248 249/249/249 250/250/250
f 251/251/251 252/252/252 253/253/253
f 254/254/254 255/255/255 256/256/256
f 257/257/257 258/258/258 259/259/259
f 260/260/260 261/261/261 262/262/262
f 263/263/263 264/264/264 265/265/265
f 263/263/263 266/266/266 267/267/267
f 255/255/255 268/268/268 269/269/269
f 270/270/270 271/271/271 272/272/272
f 273/273/273 274/274/274 275/275/275
f 276/276/276 277/277/277 278/278/278
f 279/279/279 280/280/280 281/281/281
f 282/282/282 283/283/283 284/284/284
f 285/285/285 286/286/286 287/287/287
f 288/288/288 289/289/289 290/290/290
f 291/291/291 292/292/292 293/293/293
f 294/294/294 295/295/295 296/296/296
f 297/297/297 298/298/298 299/299/299
f 300/300/300 301/301/301 302/302/302
f 303/303/303 304/304/304 305/305/305
f 306/306/306 307/307/307 308/308/308
f 309/309/309 310/310/310 311/311/311
f 312/312/312 313/313/313 314/314/314
f 315/315/315 316/316/316 317/317/317
f 318/318/318 319/319/319 320/320/320
f 321/321/321 322/322/322 323/323/323
f 324/324/324 325/325/325 326/326/326
f 327/327/327 328/328/328 329/329/329
f 330/330/330 331/331/331 332/332/332
f 333/333/333 334/334/334 335/335/335
f 336/336/336 337/337/337 338/338/338
f 339/339/339 340/340/340 341/341/341
f 342/342/342 343/343/343 344/344/344
f 345/345/345 346/346/346 347/347/347
f 348/348/348 349/349/349 350/350/350
f 351/351/351 352/352/352 353/353/353
f 354/354/354 355/355/355 356/356/356
f 357/357/357 358/358/358 359/359/359
f 360/360/360 361/361/361 362/362/362
f 363/363/363 364/364/364 365/365/365
f 366/366/366 367/367/367 368/368/368
f 369/369/369 370/370/370 371/371/371
f 372/372/372 373/373/373 374/374/374
f 375/375/375 376/376/376 377/377/377
f 378/378/378 379/379/379 380/380/380
f 381/381/381 382/382/382 383/383/383
f 384/384/384 385/385/385 386/386/386
f 387/387/387 388/388/388 389/389/389
f 390/390/390 391/391/391 392/392/392
f 393/393/393 394/394/394 395/395/395
f 396/396/396 397/397/397 398/398/398
f 399/399/399 400/400/400 401/401/401
f 402/402/402 403/403/403 404/404/404
f 405/405/405 406/406/406 407/407/407
f 408/408/408 409/409/409 410/410/410
f 411/411/411 412/412/412 413/413/413
f 414/414/414 415/415/415 416/416/416
f 417/417/417 418/418/418 419/419/419
f 420/420/420 421/421/421 422/422/422
f 423/423/423 424/424/424 425/425/425
f 426/426/426 427/427/427 428/428/428
f 429/429/429 430/430/430 431/431/431
f 432/432/432 433/433/433 434/434/434
f 435/435/435 436/436/436 437/437/437
f 438/438/438 439/439/439 440/440/440
f 441/441/441 442/442/442 443/443/443
f 444/444/444 445/445/445 446/446/446
f 447/447/447 448/448/448 449/449/449
f 450/450/450 451/451/451 452/452/452
f 453/453/453 454/454/454 455/455/455
f 456/456/456 457/457/457 458/458/458
f 459/459/459 460/460/460 461/461/461
f 462/462/462 463/463/463 464/464/464
f 465/465/465 466/466/466 467/467/467
f 468/468/468 469/469/469 470/470/470
f 471/471/471 472/472/472 473/473/473
f 474/474/474 475/475/475 476/476/476
f 477/477/477 478/478/478 479/479/479
f 480/480/480 481/481/481 482/482/482
f 483/483/483 484/484/484 485/485/485
f 486/486/486 487/487/487 488/488/488
f 489/489/489 490/490/490 491/491/491
f 492/492/492 493/493/493 494/494/494
f 495/495/495 496/496/496 497/497/497
f 498/498/498 499/499/499 500/500/500
f 501/501/501 502/502/502 503/503/503
f 504/504/504 505/505/505 506/506/506
f 507/507/507 508/508/508 509/509/509
f 510/510/510 511/511/511 512/512/512
f 513/513/513 485/485/485 514/514/514
f 515/515/515 516/516/516 517/517/517
f 518/518/518 519/519/519 520/520/520
f 521/521/521 522/522/522 523/523/523
f 524/524/524 525/525/525 526/526/526
f 527/527/527 528/528/528 529/529/529
f 530/530/530 531/531/531 532/532/532
f 533/533/533 534/534/534 535/535/535
f 536/536/536 537/537/537 538/538/538
f 539/539/539 540/540/540 541/541/541
f 542/542/542 543/543/543 544/544/544
f 545/545/545 546/546/546 547/547/547
f 548/548/548 549/549/549 550/550/550
f 551/551/551 552/552/552 553/553/553
f 554/554/554 555/555/555 556/556/556
f 557/557/557 558/558/558 559/559/559
f 560/560/560 561/561/561 562/562/562
f 563/563/563 564/564/564 565/565/565
f 566/566/566 567/567/567 568/568/568
f 569/569/569 570/570/570 571/571/571
f 572/572/572 573/573/573 574/574/574
f 575/575/575 576/576/576 577/577/577
f 578/578/578 579/579/579 580/580/580
f 581/581/581 582/582/582 583/583/583
f 584/584/584 585/585/585 586/586/586
f 587/587/587 588/588/588 589/589/589
f 590/590/590 591/591/591 592/592/592
f 593/593/593 594/594/594 595/595/595
f 596/596/596 597/597/597 598/598/598
f 599/599/599 600/600/600 601/601/601
f 587/587/587 602/602/602 603/603/603
f 604/604/604 605/605/605 606/606/606
f 607/607/607 608/608/608 609/609/609
f 610/610/610 611/611/611 612/612/612
f 613/613/613 614/614/614 615/615/615
f 608/608/608 616/616/616 617/617/617
f 618/618/618 619/619/619 620/620/620
f 621/621/621 622/622/622 623/623/623
f 624/624/624 625/625/625 626/626/626
f 627/627/627 628/628/628 629/629/629
f 630/630/630 631/631/631 632/632/632
f 633/633/633 634/634/634 635/635/635
f 636/636/636 637/637/637 638/638/638
f 639/639/639 640/640/640 641/641/641
f 642/642/642 643/643/643 644/644/644
f 645/645/645 646/646/646 647/647/647
f 648/648/648 649/649/649 650/650/650
f 651/651/651 652/652/652 653/653/653
f 654/654/654 655/655/655 656/656/656
f 657/657/657 658/658/658 659/659/659
f 660/660/660 661/661/661 662/662/662
f 663/663/663 664/664/664 665/665/665
f 666/666/666 667/667/667 668/668/668
f 669/669/669 670/670/670 671/671/671
f 672/672/672 673/673/673 674/674/674
f 675/675/675 676/676/676 677/677/677
f 678/678/678 679/679/679 680/680/680
f 681/681/681 682/682/682 683/683/683
f 684/684/684 685/685/685 686/686/686
f 687/687/687 688/688/688 689/689/689
f 690/690/690 691/691/691 692/692/692
f 693/693/693 694/694/694 695/695/695
f 696/696/696 697/697/697 698/698/698
f 699/699/699 700/700/700 701/701/701
f 702/702/702 703/703/703 704/704/704
f 705/705/705 706/706/706 707/707/707
f 708/708/708 709/709/709 710/710/710
f 711/711/711 712/712/712 713/713/713
f 714/714/714 715/715/715 716/716/716
f 717/717/717 718/718/718 719/719/719
f 720/720/720 721/721/721 722/722/722
f 723/723/723 724/724/724 725/725/725
f 726/726/726 727/727/727 728/728/728
f 729/729/729 730/730/730 731/731/731
f 732/732/732 733/733/733 734/734/734
f 735/735/735 736/736/736 737/737/737
f 738/738/738 739/739/739 740/740/740
f 741/741/741 742/742/742 743/743/743
f 744/744/744 745/745/745 746/746/746
f 747/747/747 748/748/748 749/749/749
f 750/750/750 751/751/751 752/752/752
f 753/753/753 754/754/754 755/755/755
f 756/756/756 757/757/757 758/758/758
f 759/759/759 760/760/760 761/761/761
f 762/762/762 763/763/763 764/764/764
f 765/765/765 766/766/766 767/767/767
f 768/768/768 769/769/769 770/770/770
f 771/771/771 772/772/772 773/773/773
f 774/774/774 775/775/775 776/776/776
f 777/777/777 778/778/778 779/779/779
f 780/780/780 781/781/781 782/782/782
f 783/783/783 784/784/784 785/785/785
f 786/786/786 787/787/787 788/788/788
f 789/789/789 790/790/790 791/791/791
f 792/792/792 793/793/793 794/794/794
f 795/795/795 796/796/796 797/797/797
f 798/798/798 799/799/799 800/800/800
f 801/801/801 802/802/802 803/803/803
f 804/804/804 805/805/805 806/806/806
f 807/807/807 808/808/808 809/809/809
f 810/810/810 811/811/811 812/812/812
f 813/813/813 814/814/814 815/815/815
f 816/816/816 817/817/817 818/818/818
f 819/819/819 820/820/820 821/821/821
f 822/822/822 823/823/823 824/824/824
f 825/825/825 826/826/826 827/827/827
f 828/828/828 829/829/829 830/830/830
f 831/831/831 832/832/832 833/833/833
f 834/834/834 835/835/835 836/836/836
f 837/837/837 838/838/838 839/839/839
f 840/840/840 841/841/841 842/842/842
f 843/843/843 844/844/844 845/845/845
f 846/846/846 847/847/847 848/848/848
f 849/849/849 850/850/850 851/851/851
f 852/852/852 853/853/853 854/854/854
f 855/855/855 856/856/856 857/857/857
f 858/858/858 859/859/859 860/860/860
f 861/861/861 862/862/862 863/863/863
f 864/864/864 836/836/836 865/865/865
f 866/866/866 867/867/867 868/868/868
f 869/869/869 870/870/870 871/871/871
f 872/872/872 873/873/873 874/874/874
f 875/875/875 876/876/876 877/877/877
f 878/878/878 879/879/879 880/880/880
f 881/881/881 882/882/882 883/883/883
f 884/884/884 885/885/885 886/886/886
f 887/887/887 888/888/888 889/889/889
f 890/890/890 891/891/891 892/892/892
f 893/893/893 894/894/894 895/895/895
f 896/896/896 897/897/897 898/898/898
f 899/899/899 900/900/900 901/901/901
f 902/902/902 903/903/903 904/904/904
f 905/905/905 906/906/906 907/907/907
f 908/908/908 909/909/909 910/910/910
f 911/911/911 912/912/912 913/913/913
f 914/914/914 915/915/915 916/916/916
f 917/917/917 918/918/918 919/919/919
f 920/920/920 921/921/921 922/922/922
f 923/923/923 924/924/924 925/925/925
f 926/926/926 927/927/927 928/928/928
f 929/929/929 930/930/930 931/931/931
f 932/932/932 933/933/933 934/934/934
f 935/935/935 936/936/936 937/937/937
f 938/938/938 939/939/939 940/940/940
f 941/941/941 942/942/942 943/943/943
f 944/944/944 945/945/945 946/946/946
f 947/947/947 948/948/948 949/949/949
f 950/950/950 951/951/951 952/952/952
f 953/953/953 954/954/954 955/955/955
f 956/956/956 957/957/957 958/958/958
f 959/959/959 960/960/960 961/961/961
f 962/962/962 963/963/963 964/964/964
f 965/965/965 966/966/966 967/967/967
f 968/968/968 969/969/969 970/970/970
f 971/971/971 972/972/972 973/973/973
f 974/974/974 975/975/975 976/976/976
f 977/977/977 978/978/978 979/979/979
f 980/980/980 981/981/981 982/982/982
f 983/983/983 984/984/984 985/985/985
f 986/986/986 987/987/987 988/988/988
f 989/989/989 990/990/990 991/991/991
f 992/992/992 993/993/993 994/994/994
f 995/995/995 996/996/996 997/997/997
f 998/998/998 999/999/999 1000/1000/1000
f 1001/1001/1001 973/973/973 1002/1002/1002
f 1003/1003/1003 1004/1004/1004 1005/1005/1005
f 1006/1006/1006 1007/1007/1007 1008/1008/1008
f 1009/1009/1009 1010/1010/1010 1011/1011/1011
f 1012/1012/1012 1013/1013/1013 1014/1014/1014
f 1015/1015/1015 1016/1016/1016 1017/1017/1017
f 1018/1018/1018 1019/1019/1019 1020/1020/1020
f 1021/1021/1021 1022/1022/1022 1023/1023/1023
f 1024/1024/1024 1025/1025/1025 1026/1026/1026
f 1027/1027/1027 1028/1028/1028 1029/1029/1029
f 1030/1030/1030 1031/1031/1031 1032/1032/1032
f 1033/1033/1033 1034/1034/1034 1035/1035/1035
f 1036/1036/1036 1037/1037/1037 1038/1038/1038
f 1039/1039/1039 1040/1040/1040 1041/1041/1041
f 1042/1042/1042 1043/1043/1043 1044/1044/1044
f 1045/1045/1045 1046/1046/1046 1047/1047/1047
f 1048/1048/1048 1049/1049/1049 1050/1050/1050
f 1051/1051/1051 1052/1052/1052 1053/1053/1053
f 1054/1054/1054 1055/1055/1055 1056/1056/1056
f 1057/1057/1057 1058/1058/1058 1059/1059/1059
f 1060/1060/1060 1061/1061/1061 1062/1062/1062
f 1063/1063/1063 1064/1064/1064 1065/1065/1065
f 1066/1066/1066 1067/1067/1067 1068/1068/1068
f 1069/1069/1069 1070/1070/1070 1071/1071/1071
f 1072/1072/1072 1073/1073/1073 1074/1074/1074
f 1075/1075/1075 1076/1076/1076 1077/1077/1077
f 1078/1078/1078 1079/1079/1079 1080/1080/1080
f 1081/1081/1081 1082/1082/1082 1083/1083/1083
f 1084/1084/1084 1085/1085/1085 1086/1086/1086
f 1087/1087/1087 1088/1088/1088 1089/1089/1089
f 1090/1090/1090 1091/1091/1091 1092/1092/1092
f 1093/1093/1093 1094/1094/1094 1095/1095/1095
f 1096/1096/1096 1097/1097/1097 1098/1098/1098
f 1099/1099/1099 1100/1100/1100 1101/1101/1101
f 1102/1102/1102 1103/1103/1103 1104/1104/1104
f 1105/1105/1105 1106/1106/1106 1107/1107/1107
f 1108/1108/1108 1109/1109/1109 1110/1110/1110
f 1111/1111/1111 1112/1112/1112 1113/1113/1113
f 1114/1114/1114 1115/1115/1115 1116/1116/1116
f 1117/1117/1117 1118/1118/1118 1119/1119/1119
f 1120/1120/1120 1121/1121/1121 1122/1122/1122
f 1123/1123/1123 1124/1124/1124 1125/1125/1125
f 1126/1126/1126 1127/1127/1127 1128/1128/1128
f 1129/1129/1129 1130/1130/1130 1131/1131/1131
f 1132/1132/1132 1133/1133/1133 1134/1134/1134
f 1135/1135/1135 1136/1136/1136 1137/1137/1137
f 1138/1138/1138 1110/1110/1110 1139/1139/1139
f 1140/1140/1140 1141/1141/1141 1142/1142/1142
f 1143/1143/1143 1144/1144/1144 1145/1145/1145
f 1146/1146/1146 1147/1147/1147 1148/1148/1148
f 1149/1149/1149 1150/1150/1150 1151/1151/1151
f 1152/1152/1152 1153/1153/1153 1154/1154/1154
f 1155/1155/1155 1156/1156/1156 1157/1157/1157
f 1158/1158/1158 1159/1159/1159 1160/1160/1160
f 1161/1161/1161 1162/1162/1162 1163/1163/1163
f 1164/1164/1164 1165/1165/1165 1166/1166/1166
f 1167/1167/1167 1168/1168/1168 1169/1169/1169
f 1170/1170/1170 1171/1171/1171 1172/1172/1172
f 1173/1173/1173 1174/1174/1174 1175/1175/1175
f 1176/1176/1176 1177/1177/1177 1178/1178/1178
f 1179/1179/1179 1180/1180/1180 1181/1181/1181
f 1182/1182/1182 1183/1183/1183 1184/1184/1184
f 1185/1185/1185 1186/1186/1186 1187/1187/1187
f 1188/1188/1188 1189/1189/1189 1190/1190/1190
f 1191/1191/1191 1192/1192/1192 1193/1193/1193
f 1194/1194/1194 1195/1195/1195 1196/1196/1196
f 1197/1197/1197 1198/1198/1198 1199/1199/1199
f 1200/1200/1200 1201/1201/1201 1202/1202/1202
f 1203/1203/1203 1204/1204/1204 1205/1205/1205
f 1206/1206/1206 1207/1207/1207 1208/1208/1208
f 1209/1209/1209 1210/1210/1210 1211/1211/1211
f 1212/1212/1212 1213/1213/1213 1214/1214/1214
f 1215/1215/1215 1216/1216/1216 1217/1217/1217
f 1218/1218/1218 1219/1219/1219 1220/1220/1220
f 1221/1221/1221 1222/1222/1222 1223/1223/1223
f 1224/1224/1224 1225/1225/1225 1226/1226/1226
f 1227/1227/1227 1228/1228/1228 1229/1229/1229
f 1230/1230/1230 1231/1231/1231 1232/1232/1232
f 1233/1233/1233 1234/1234/1234 1235/1235/1235
f 1236/1236/1236 1237/1237/1237 1238/1238/1238
f 1239/1239/1239 1240/1240/1240 1241/1241/1241
f 1242/1242/1242 1243/1243/1243 1244/1244/1244
f 1245/1245/1245 1246/1246/1246 1247/1247/1247
f 1248/1248/1248 1249/1249/1249 1250/1250/1250
f 1251/1251/1251 1252/1252/1252 1253/1253/1253
f 1254/1254/1254 1255/1255/1255 1256/1256/1256
f 1257/1257/1257 1258/1258/1258 1259/1259/1259
f 1260/1260/1260 1261/1261/1261 1262/1262/1262
f 1263/1263/1263 1264/1264/1264 1265/1265/1265
f 1266/1266/1266 1267/1267/1267 1268/1268/1268
f 1269/1269/1269 1270/1270/1270 1271/1271/1271
f 1272/1272/1272 1273/1273/1273 1274/1274/1274
f 1275/1275/1275 1247/1247/1247 1276/1276/1276
f 1277/1277/1277 1278/1278/1278 1279/1279/1279
f 1280/1280/1280 1281/1281/1281 1282/1282/1282
f 1283/1283/1283 1284/1284/1284 1285/1285/1285
f 1286/1286/1286 1287/1287/1287 1288/1288/1288
f 1289/1289/1289 1290/1290/1290 1291/1291/1291
f 1292/1292/1292 1293/1293/1293 1294/1294/1294
f 1295/1295/1295 1296/1296/1296 1297/1297/1297
f 1298/1298/1298 1299/1299/1299 1300/1300/1300
f 1301/1301/1301 1302/1302/1302 1303/1303/1303
f 1304/1304/1304 1305/1305/1305 1306/1306/1306
f 1307/1307/1307 1308/1308/1308 1309/1309/1309
f 1310/1310/1310 1311/1311/1311 1312/1312/1312
f 1313/1313/1313 1314/1314/1314 1315/1315/1315
f 1316/1316/1316 1317/1317/1317 1318/1318/1318
f 1319/1319/1319 1320/1320/1320 1321/1321/1321
f 1322/1322/1322 1323/1323/1323 1324/1324/1324
f 1325/1325/1325 1326/1326/1326 1327/1327/1327
f 1328/1328/1328 1329/1329/1329 1330/1330/1330
f 1331/1331/1331 1332/1332/1332 1333/1333/1333
f 1334/1334/1334 1335/1335/1335 1336/1336/1336
f 1337/1337/1337 1338/1338/1338 1339/1339/1339
f 1340/1340/1340 1341/1341/1341 1342/1342/1342
f 1343/1343/1343 1344/1344/1344 1345/1345/1345
f 1346/1346/1346 1347/1347/1347 1348/1348/1348
f 1349/1349/1349 1350/1350/1350 1351/1351/1351
f 1352/1352/1352 1353/1353/1353 1354/1354/1354
f 1355/1355/1355 1356/1356/1356 1357/1357/1357
f 1358/1358/1358 1359/1359/1359 1360/1360/1360
f 1361/1361/1361 1362/1362/1362 1363/1363/1363
f 1364/1364/1364 1365/1365/1365 1366/1366/1366
f 1367/1367/1367 1368/1368/1368 1369/1369/1369
f 1370/1370/1370 1371/1371/1371 1372/1372/1372
f 1373/1373/1373 1374/1374/1374 1375/1375/1375
f 1376/1376/1376 1377/1377/1377 1378/1378/1378
f 1379/1379/1379 1380/1380/1380 1381/1381/1381
f 1/1/1 1382/1382/1382 2/2/2
f 4/4/4 1383/1383/1383 5/5/5
f 7/7/7 1384/1384/1384 8/8/8
f 10/10/10 1385/1385/1385 11/11/11
f 13/13/13 1386/1386/1386 14/14/14
f 16/16/16 1387/1387/1387 17/17/17
f 19/19/19 1388/1388/1388 20/20/20
f 24/24/24 1389/1389/1389 22/22/22
f 22/22/22 1390/1390/1390 23/23/23
f 23/23/23 1391/1391/1391 24/24/24
f 25/25/25 1392/1392/1392 26/26/26
f 28/28/28 1393/1393/1393 29/29/29
f 31/31/31 1394/1394/1394 32/32/32
f 34/34/34 1395/1395/1395 35/35/35
f 37/37/37 1396/1396/1396 38/38/38
f 40/40/40 1397/1397/1397 41/41/41
f 43/43/43 1398/1398/1398 44/44/44
f 46/46/46 1399/1399/1399 47/47/47
f 49/49/49 1400/1400/1400 50/50/50
f 52/52/52 1401/1401/1401 53/53/53
f 55/55/55 1402/1402/1402 56/56/56
f 58/58/58 1403/1403/1403 59/59/59
f 61/61/61 71/71/71 62/62/62
f 64/64/64 1404/1404/1404 65/65/65
f 67/67/67 1405/1405/1405 68/68/68
f 70/70/70 1406/1406/1406 71/71/71
f 72/72/72 81/81/81 73/73/73
f 75/75/75 1407/1407/1407 76/76/76
f 78/78/78 1408/1408/1408 79/79/79
f 81/81/81 1409/1409/1409 82/82/82
f 83/83/83 1410/1410/1410 84/84/84
f 86/86/86 1411/1411/1411 87/87/87
f 89/89/89 1412/1412/1412 90/90/90
f 92/92/92 1413/1413/1413 93/93/93
f 95/95/95 1414/1414/1414 96/96/96
f 98/98/98 1415/1415/1415 99/99/99
f 101/101/101 1416/1416/1416 102/102/102
f 104/104/104 1417/1417/1417 105/105/105
f 107/107/107 1418/1418/1418 108/108/108
f 110/110/110 1419/1419/1419 111/111/111
f 115/115/115 1420/1420/1420 113/113/113
f 1420/1420/1420 1421/1421/1421 113/113/113
f 1421/1421/1421 1422/1422/1422 113/113/113
f 116/116/116 1423/1423/1423 117/117/117
f 119/119/119 1424/1424/1424 120/120/120
f 122/122/122 1425/1425/1425 123/123/123
f 125/125/125 1426/1426/1426 126/126/126
f 128/128/128 1427/1427/1427 129/129/129
f 131/131/131 1428/1428/1428 132/132/132
f 134/134/134 1429/1429/1429 135/135/135
f 137/137/137 1430/1430/1430 138/138/138
f 140/140/140 1431/1431/1431 141/141/141
f 143/143/143 1432/1432/1432 144/144/144
f 143/143/143 145/145/145 146/146/146
f 135/135/135 1429/1429/1429 148/148/148
f 150/150/150 1433/1433/1433 151/151/151
f 153/153/153 1434/1434/1434 154/154/154
f 157/157/157 1435/1435/1435 158/158/158
f 158/158/158 1436/1436/1436 1437/1437/1437
f 1437/1437/1437 156/156/156 158/158/158
f 159/159/159 1438/1438/1438 160/160/160
f 162/162/162 1439/1439/1439 163/163/163
f 165/165/165 1440/1440/1440 166/166/166
f 170/170/170 1441/1441/1441 1442/1442/1442
f 1442/1442/1442 1443/1443/1443 170/170/170
f 1443/1443/1443 168/168/168 170/170/170
f 171/171/171 1444/1444/1444 172/172/172
f 174/174/174 1445/1445/1445 175/175/175
f 177/177/177 1446/1446/1446 178/178/178
f 180/180/180 1447/1447/1447 181/181/181
f 183/183/183 1448/1448/1448 184/184/184
f 183/183/183 185/185/185 186/186/186
f 175/175/175 1445/1445/1445 188/188/188
f 190/190/190 1449/1449/1449 191/191/191
f 193/193/193 1450/1450/1450 194/194/194
f 198/198/198 1451/1451/1451 196/196/196
f 1451/1451/1451 1452/1452/1452 196/196/196
f 1452/1452/1452 1453/1453/1453 196/196/196
f 199/199/199 1454/1454/1454 200/200/200
f 202/202/202 1455/1455/1455 203/203/203
f 205/205/205 1456/1456/1456 206/206/206
f 209/209/209 1457/1457/1457 210/210/210
f 210/210/210 1458/1458/1458 1459/1459/1459
f 1459/1459/1459 208/208/208 210/210/210
f 211/211/211 1460/1460/1460 212/212/212
f 214/214/214 1461/1461/1461 215/215/215
f 217/217/217 1462/1462/1462 218/218/218
f 220/220/220 1463/1463/1463 221/221/221
f 223/223/223 1464/1464/1464 224/224/224
f 223/223/223 225/225/225 226/226/226
f 215/215/215 1461/1461/1461 228/228/228
f 230/230/230 1465/1465/1465 231/231/231
f 233/233/233 1466/1466/1466 234/234/234
f 238/238/238 1467/1467/1467 236/236/236
f 1467/1467/1467 1468/1468/1468 236/236/236
f 1468/1468/1468 1469/1469/1469 236/236/236
f 239/239/239 1470/1470/1470 240/240/240
f 242/242/242 1471/1471/1471 243/243/243
f 245/245/245 1472/1472/1472 246/246/246
f 250/250/250 1473/1473/1473 1474/1474/1474
f 1474/1474/1474 1475/1475/1475 250/250/250
f 1475/1475/1475 248/248/248 250/250/250
f 251/251/251 1476/1476/1476 252/252/252
f 254/254/254 1477/1477/1477 255/255/255
f 257/257/257 1478/1478/1478 258/258/258
f 260/260/260 1479/1479/1479 261/261/261
f 263/263/263 1480/1480/1480 264/264/264
f 263/263/263 265/265/265 266/266/266
f 255/255/255 1477/1477/1477 268/268/268
f 270/270/270 1481/1481/1481 271/271/271
f 273/273/273 1482/1482/1482 274/274/274
f 276/276/276 1483/1483/1483 277/277/277
f 279/279/279 1484/1484/1484 280/280/280
f 282/282/282 1485/1485/1485 283/283/283
f 285/285/285 1486/1486/1486 286/286/286
f 290/290/290 1487/1487/1487 1488/1488/1488
f 1488/1488/1488 1489/1489/1489 290/290/290
f 1489/1489/1489 288/288/288 290/290/290
f 293/293/293 1490/1490/1490 291/291/291
f 1490/1490/1490 1491/1491/1491 291/291/291
f 1491/1491/1491 1492/1492/1492 291/291/291
f 294/294/294 1493/1493/1493 295/295/295
f 297/297/297 1494/1494/1494 298/298/298
f 300/300/300 1495/1495/1495 301/301/301
f 303/303/303 1496/1496/1496 304/304/304
f 306/306/306 1497/1497/1497 307/307/307
f 309/309/309 1498/1498/1498 310/310/310
f 312/312/312 1499/1499/1499 313/313/313
f 315/315/315 1500/1500/1500 316/316/316
f 318/318/318 1501/1501/1501 319/319/319
f 321/321/321 1502/1502/1502 322/322/322
f 324/324/324 1503/1503/1503 325/325/325
f 327/327/327 1504/1504/1504 328/328/328
f 330/330/330 1505/1505/1505 331/331/331
f 333/333/333 1506/1506/1506 334/334/334
f 336/336/336 1507/1507/1507 337/337/337
f 339/339/339 1508/1508/1508 340/340/340
f 342/342/342 1509/1509/1509 343/343/343
f 345/345/345 1510/1510/1510 346/346/346
f 348/348/348 1511/1511/1511 349/349/349
f 351/351/351 1512/1512/1512 352/352/352
f 354/354/354 1513/1513/1513 355/355/355
f 357/357/357 1514/1514/1514 358/358/358
f 360/360/360 1515/1515/1515 361/361/361
f 363/363/363 1516/1516/1516 364/364/364
f 367/367/367 1517/1517/1517 368/368/368
f 368/368/368 1518/1518/1518 1519/1519/1519
f 1519/1519/1519 366/366/366 368/368/368
f 370/370/370 1520/1520/1520 371/371/371
f 371/371/371 1521/1521/1521 1522/1522/1522
f 1522/1522/1522 369/369/369 371/371/371
f 372/372/372 1523/1523/1523 373/373/373
f 375/375/375 1524/1524/1524 376/376/376
f 378/378/378 1525/1525/1525 379/379/379
f 381/381/381 1526/1526/1526 382/382/382
f 384/384/384 1527/1527/1527 385/385/385
f 387/387/387 1528/1528/1528 388/388/388
f 390/390/390 1529/1529/1529 391/391/391
f 393/393/393 1530/1530/1530 394/394/394
f 396/396/396 1531/1531/1531 397/397/397
f 399/399/399 1532/1532/1532 400/400/400
f 402/402/402 1533/1533/1533 403/403/403
f 405/405/405 1534/1534/1534 406/406/406
f 408/408/408 1535/1535/1535 409/409/409
f 411/411/411 1536/1536/1536 412/412/412
f 414/414/414 1537/1537/1537 415/415/415
f 417/417/417 1538/1538/1538 418/418/418
f 420/420/420 1539/1539/1539 421/421/421
f 423/423/423 1540/1540/1540 424/424/424
f 426/426/426 1541/1541/1541 427/427/427
f 429/429/429 1542/1542/1542 430/430/430
f 432/432/432 1543/1543/1543 433/433/433
f 435/435/435 1544/1544/1544 436/436/436
f 438/438/438 1545/1545/1545 439/439/439
f 441/441/441 1546/1546/1546 442/442/442
f 445/445/445 1547/1547/1547 446/446/446
f 446/446/446 1548/1548/1548 1549/1549/1549
f 1549/1549/1549 444/444/444 446/446/446
f 449/449/449 1550/1550/1550 447/447/447
f 1550/1550/1550 1551/1551/1551 447/447/447
f 1551/1551/1551 1552/1552/1552 447/447/447
f 450/450/450 1553/1553/1553 451/451/451
f 453/453/453 1554/1554/1554 454/454/454
f 456/456/456 1555/1555/1555 457/457/457
f 459/459/459 1556/1556/1556 460/460/460
f 462/462/462 1557/1557/1557 463/463/463
f 465/465/465 1558/1558/1558 466/466/466
f 468/468/468 1559/1559/1559 469/469/469
f 471/471/471 1560/1560/1560 472/472/472
f 474/474/474 1561/1561/1561 475/475/475
f 477/477/477 1562/1562/1562 478/478/478
f 480/480/480 1563/1563/1563 481/481/481
f 483/483/483 1564/1564/1564 484/484/484
f 486/486/486 1565/1565/1565 487/487/487
f 489/489/489 1566/1566/1566 490/490/490
f 492/492/492 1567/1567/1567 493/493/493
f 495/495/495 1568/1568/1568 496/496/496
f 498/498/498 1569/1569/1569 499/499/499
f 501/501/501 1570/1570/1570 502/502/502
f 504/504/504 1571/1571/1571 505/505/505
f 507/507/507 1572/1572/1572 508/508/508
f 510/510/510 1573/1573/1573 511/511/511
f 513/513/513 483/483/483 485/485/485
f 515/515/515 1574/1574/1574 516/516/516
f 518/518/518 1575/1575/1575 519/519/519
f 521/521/521 1576/1576/1576 522/522/522
f 526/526/526 1577/1577/1577 524/524/524
f 1577/1577/1577 1578/1578/1578 1579/1579/1579
f 524/524/524 1577/1577/1577 1579/1579/1579
f 527/527/527 1580/1580/1580 528/528/528
f 530/530/530 1581/1581/1581 531/531/531
f 533/533/533 1582/1582/1582 534/534/534
f 536/536/536 1583/1583/1583 537/537/537
f 539/539/539 1584/1584/1584 540/540/540
f 542/542/542 1585/1585/1585 543/543/543
f 545/545/545 1586/1586/1586 546/546/546
f 548/548/548 1587/1587/1587 549/549/549
f 551/551/551 1588/1588/1588 552/552/552
f 554/554/554 1589/1589/1589 555/555/555
f 557/557/557 1590/1590/1590 558/558/558
f 560/560/560 1591/1591/1591 561/561/561
f 563/563/563 1592/1592/1592 564/564/564
f 566/566/566 1593/1593/1593 567/567/567
f 569/569/569 1594/1594/1594 570/570/570
f 574/574/574 1595/1595/1595 572/572/572
f 1595/1595/1595 1596/1596/1596 572/572/572
f 1596/1596/1596 1597/1597/1597 572/572/572
f 575/575/575 1598/1598/1598 576/576/576
f 578/578/578 1599/1599/1599 579/579/579
f 583/583/583 1600/1600/1600 581/581/581
f 1600/1600/1600 1601/1601/1601 581/581/581
f 1601/1601/1601 1602/1602/1602 581/581/581
f 584/584/584 1603/1603/1603 585/585/585
f 587/587/587 1604/1604/1604 588/588/588
f 590/590/590 1605/1605/1605 591/591/591
f 593/593/593 1606/1606/1606 594/594/594
f 596/596/596 1607/1607/1607 597/597/597
f 599/599/599 1608/1608/1608 600/600/600
f 587/587/587 589/589/589 602/602/602
f 604/604/604 1609/1609/1609 605/605/605
f 607/607/607 1610/1610/1610 608/608/608
f 610/610/610 1611/1611/1611 611/611/611
f 613/613/613 1612/1612/1612 614/614/614
f 608/608/608 1610/1610/1610 616/616/616
f 618/618/618 1613/1613/1613 619/619/619
f 621/621/621 1614/1614/1614 622/622/622
f 624/624/624 1615/1615/1615 625/625/625
f 627/627/627 1616/1616/1616 628/628/628
f 630/630/630 1617/1617/1617 631/631/631
f 633/633/633 1618/1618/1618 634/634/634
f 636/636/636 1619/1619/1619 637/637/637
f 639/639/639 1620/1620/1620 640/640/640
f 642/642/642 1621/1621/1621 643/643/643
f 645/645/645 1622/1622/1622 646/646/646
f 648/648/648 1623/1623/1623 649/649/649
f 651/651/651 1624/1624/1624 652/652/652
f 654/654/654 1625/1625/1625 655/655/655
f 657/657/657 1626/1626/1626 658/658/658
f 660/660/660 1627/1627/1627 661/661/661
f 663/663/663 1628/1628/1628 664/664/664
f 666/666/666 1629/1629/1629 667/667/667
f 669/669/669 1630/1630/1630 670/670/670
f 672/672/672 1631/1631/1631 673/673/673
f 675/675/675 1632/1632/1632 676/676/676
f 678/678/678 1633/1633/1633 679/679/679
f 681/681/681 1634/1634/1634 682/682/682
f 684/684/684 1635/1635/1635 685/685/685
f 687/687/687 1636/1636/1636 688/688/688
f 690/690/690 1637/1637/1637 691/691/691
f 693/693/693 1638/1638/1638 694/694/694
f 696/696/696 1639/1639/1639 697/697/697
f 699/699/699 1640/1640/1640 700/700/700
f 702/702/702 1641/1641/1641 703/703/703
f 705/705/705 1642/1642/1642 706/706/706
f 708/708/708 1643/1643/1643 709/709/709
f 711/711/711 1644/1644/1644 712/712/712
f 714/714/714 1645/1645/1645 715/715/715
f 717/717/717 1646/1646/1646 718/718/718
f 720/720/720 1647/1647/1647 721/721/721
f 723/723/723 1648/1648/1648 724/724/724
f 726/726/726 1649/1649/1649 727/727/727
f 729/729/729 1650/1650/1650 730/730/730
f 732/732/732 1651/1651/1651 733/733/733
f 735/735/735 1652/1652/1652 736/736/736
f 738/738/738 1653/1653/1653 739/739/739
f 741/741/741 1654/1654/1654 742/742/742
f 744/744/744 1655/1655/1655 745/745/745
f 747/747/747 1656/1656/1656 748/748/748
f 750/750/750 1657/1657/1657 751/751/751
f 753/753/753 1658/1658/1658 754/754/754
f 756/756/756 1659/1659/1659 757/757/757
f 759/759/759 1660/1660/1660 760/760/760
f 762/762/762 1661/1661/1661 763/763/763
f 765/765/765 1662/1662/1662 766/766/766
f 768/768/768 1663/1663/1663 769/769/769
f 771/771/771 1664/1664/1664 772/772/772
f 774/774/774 1665/1665/1665 775/775/775
f 777/777/777 1666/1666/1666 778/778/778
f 780/780/780 1667/1667/1667 781/781/781
f 783/783/783 1668/1668/1668 784/784/784
f 786/786/786 1669/1669/1669 787/787/787
f 789/789/789 1670/1670/1670 790/790/790
f 792/792/792 1671/1671/1671 793/793/793
f 795/795/795 1672/1672/1672 796/796/796
f 798/798/798 1673/1673/1673 799/799/799
f 801/801/801 1674/1674/1674 802/802/802
f 804/804/804 1675/1675/1675 1676/1676/1676
f 1676/1676/1676 805/805/805 804/804/804
f 805/805/805 1677/1677/1677 806/806/806
f 807/807/807 1678/1678/1678 808/808/808
f 810/810/810 1679/1679/1679 811/811/811
f 813/813/813 1680/1680/1680 814/814/814
f 816/816/816 1681/1681/1681 817/817/817
f 819/819/819 1682/1682/1682 820/820/820
f 822/822/822 1683/1683/1683 823/823/823
f 825/825/825 1684/1684/1684 826/826/826
f 828/828/828 1685/1685/1685 829/829/829
f 831/831/831 1686/1686/1686 832/832/832
f 834/834/834 1687/1687/1687 835/835/835
f 837/837/837 1688/1688/1688 838/838/838
f 840/840/840 1689/1689/1689 841/841/841
f 843/843/843 1690/1690/1690 844/844/844
f 846/846/846 1691/1691/1691 847/847/847
f 849/849/849 1692/1692/1692 850/850/850
f 852/852/852 1693/1693/1693 853/853/853
f 855/855/855 1694/1694/1694 856/856/856
f 858/858/858 1695/1695/1695 859/859/859
f 861/861/861 1696/1696/1696 862/862/862
f 864/864/864 834/834/834 836/836/836
f 866/866/866 1697/1697/1697 867/867/867
f 869/869/869 1698/1698/1698 870/870/870
f 872/872/872 1699/1699/1699 873/873/873
f 877/877/877 1700/1700/1700 875/875/875
f 1700/1700/1700 1701/1701/1701 1702/1702/1702
f 875/875/875 1700/1700/1700 1702/1702/1702
f 878/878/878 1703/1703/1703 879/879/879
f 881/881/881 1704/1704/1704 882/882/882
f 884/884/884 1705/1705/1705 885/885/885
f 887/887/887 1706/1706/1706 888/888/888
f 890/890/890 1707/1707/1707 891/891/891
f 893/893/893 1708/1708/1708 894/894/894
f 896/896/896 1709/1709/1709 897/897/897
f 899/899/899 1710/1710/1710 900/900/900
f 902/902/902 1711/1711/1711 903/903/903
f 905/905/905 1712/1712/1712 906/906/906
f 908/908/908 1713/1713/1713 909/909/909
f 911/911/911 1714/1714/1714 912/912/912
f 914/914/914 1715/1715/1715 915/915/915
f 917/917/917 1716/1716/1716 918/918/918
f 920/920/920 1717/1717/1717 921/921/921
f 923/923/923 1718/1718/1718 924/924/924
f 926/926/926 1719/1719/1719 927/927/927
f 929/929/929 1720/1720/1720 930/930/930
f 932/932/932 1721/1721/1721 933/933/933
f 935/935/935 1722/1722/1722 936/936/936
f 938/938/938 1723/1723/1723 939/939/939
f 941/941/941 1724/1724/1724 1725/1725/1725
f 1725/1725/1725 942/942/942 941/941/941
f 942/942/942 1726/1726/1726 943/943/943
f 944/944/944 1727/1727/1727 945/945/945
f 947/947/947 1728/1728/1728 948/948/948
f 950/950/950 1729/1729/1729 951/951/951
f 953/953/953 1730/1730/1730 954/954/954
f 956/956/956 1731/1731/1731 957/957/957
f 959/959/959 1732/1732/1732 960/960/960
f 962/962/962 1733/1733/1733 963/963/963
f 965/965/965 1734/1734/1734 966/966/966
f 968/968/968 1735/1735/1735 969/969/969
f 971/971/971 1736/1736/1736 972/972/972
f 974/974/974 1737/1737/1737 975/975/975
f 977/977/977 1738/1738/1738 978/978/978
f 980/980/980 1739/1739/1739 981/981/981
f 983/983/983 1740/1740/1740 984/984/984
f 986/986/986 1741/1741/1741 987/987/987
f 989/989/989 1742/1742/1742 990/990/990
f 992/992/992 1743/1743/1743 993/993/993
f 995/995/995 1744/1744/1744 996/996/996
f 998/998/998 1745/1745/1745 999/999/999
f 1001/1001/1001 971/971/971 973/973/973
f 1003/1003/1003 1746/1746/1746 1004/1004/1004
f 1006/1006/1006 1747/1747/1747 1007/1007/1007
f 1009/1009/1009 1748/1748/1748 1010/1010/1010
f 1014/1014/1014 1749/1749/1749 1012/1012/1012
f 1749/1749/1749 1750/1750/1750 1751/1751/1751
f 1012/1012/1012 1749/1749/1749 1751/1751/1751
f 1015/1015/1015 1752/1752/1752 1016/1016/1016
f 1018/1018/1018 1753/1753/1753 1019/1019/1019
f 1021/1021/1021 1754/1754/1754 1022/1022/1022
f 1024/1024/1024 1755/1755/1755 1025/1025/1025
f 1027/1027/1027 1756/1756/1756 1028/1028/1028
f 1030/1030/1030 1757/1757/1757 1031/1031/1031
f 1033/1033/1033 1758/1758/1758 1034/1034/1034
f 1036/1036/1036 1759/1759/1759 1037/1037/1037
f 1039/1039/1039 1760/1760/1760 1040/1040/1040
f 1042/1042/1042 1761/1761/1761 1043/1043/1043
f 1045/1045/1045 1762/1762/1762 1046/1046/1046
f 1048/1048/1048 1763/1763/1763 1049/1049/1049
f 1051/1051/1051 1764/1764/1764 1052/1052/1052
f 1054/1054/1054 1765/1765/1765 1055/1055/1055
f 1057/1057/1057 1766/1766/1766 1058/1058/1058
f 1060/1060/1060 1767/1767/1767 1061/1061/1061
f 1063/1063/1063 1768/1768/1768 1064/1064/1064
f 1066/1066/1066 1769/1769/1769 1067/1067/1067
f 1069/1069/1069 1770/1770/1770 1070/1070/1070
f 1072/1072/1072 1771/1771/1771 1073/1073/1073
f 1075/1075/1075 1772/1772/1772 1076/1076/1076
f 1078/1078/1078 1773/1773/1773 1774/1774/1774
f 1774/1774/1774 1079/1079/1079 1078/1078/1078
f 1079/1079/1079 1775/1775/1775 1080/1080/1080
f 1081/1081/1081 1776/1776/1776 1082/1082/1082
f 1084/1084/1084 1777/1777/1777 1085/1085/1085
f 1087/1087/1087 1778/1778/1778 1088/1088/1088
f 1090/1090/1090 1779/1779/1779 1091/1091/1091
f 1093/1093/1093 1780/1780/1780 1094/1094/1094
f 1096/1096/1096 1781/1781/1781 1097/1097/1097
f 1099/1099/1099 1782/1782/1782 1100/1100/1100
f 1102/1102/1102 1783/1783/1783 1103/1103/1103
f 1105/1105/1105 1784/1784/1784 1106/1106/1106
f 1108/1108/1108 1785/1785/1785 1109/1109/1109
f 1111/1111/1111 1786/1786/1786 1112/1112/1112
f 1114/1114/1114 1787/1787/1787 1115/1115/1115
f 1117/1117/1117 1788/1788/1788 1118/1118/1118
f 1120/1120/1120 1789/1789/1789 1121/1121/1121
f 1123/1123/1123 1790/1790/1790 1124/1124/1124
f 1126/1126/1126 1791/1791/1791 1127/1127/1127
f 1129/1129/1129 1792/1792/1792 1130/1130/1130
f 1132/1132/1132 1793/1793/1793 1133/1133/1133
f 1135/1135/1135 1794/1794/1794 1136/1136/1136
f 1138/1138/1138 1108/1108/1108 1110/1110/1110
f 1140/1140/1140 1795/1795/1795 1141/1141/1141
f 1143/1143/1143 1796/1796/1796 1144/1144/1144
f 1146/1146/1146 1797/1797/1797 1147/1147/1147
f 1151/1151/1151 1798/1798/1798 1149/1149/1149
f 1798/1798/1798 1799/1799/1799 1800/1800/1800
f 1149/1149/1149 1798/1798/1798 1800/1800/1800
f 1152/1152/1152 1801/1801/1801 1153/1153/1153
f 1155/1155/1155 1802/1802/1802 1156/1156/1156
f 1158/1158/1158 1803/1803/1803 1159/1159/1159
f 1161/1161/1161 1804/1804/1804 1162/1162/1162
f 1164/1164/1164 1805/1805/1805 1165/1165/1165
f 1167/1167/1167 1806/1806/1806 1168/1168/1168
f 1170/1170/1170 1807/1807/1807 1171/1171/1171
f 1173/1173/1173 1808/1808/1808 1174/1174/1174
f 1176/1176/1176 1809/1809/1809 1177/1177/1177
f 1179/1179/1179 1810/1810/1810 1180/1180/1180
f 1182/1182/1182 1811/1811/1811 1183/1183/1183
f 1185/1185/1185 1812/1812/1812 1186/1186/1186
f 1188/1188/1188 1813/1813/1813 1189/1189/1189
f 1191/1191/1191 1814/1814/1814 1192/1192/1192
f 1194/1194/1194 1815/1815/1815 1195/1195/1195
f 1197/1197/1197 1816/1816/1816 1198/1198/1198
f 1200/1200/1200 1817/1817/1817 1201/1201/1201
f 1203/1203/1203 1818/1818/1818 1204/1204/1204
f 1206/1206/1206 1819/1819/1819 1207/1207/1207
f 1209/1209/1209 1820/1820/1820 1210/1210/1210
f 1212/1212/1212 1821/1821/1821 1213/1213/1213
f 1215/1215/1215 1822/1822/1822 1823/1823/1823
f 1823/1823/1823 1216/1216/1216 1215/1215/1215
f 1216/1216/1216 1824/1824/1824 1217/1217/1217
f 1218/1218/1218 1825/1825/1825 1219/1219/1219
f 1221/1221/1221 1826/1826/1826 1222/1222/1222
f 1224/1224/1224 1827/1827/1827 1225/1225/1225
f 1227/1227/1227 1828/1828/1828 1228/1228/1228
f 1230/1230/1230 1829/1829/1829 1231/1231/1231
f 1233/1233/1233 1830/1830/1830 1234/1234/1234
f 1236/1236/1236 1831/1831/1831 1237/1237/1237
f 1239/1239/1239 1832/1832/1832 1240/1240/1240
f 1242/1242/1242 1833/1833/1833 1243/1243/1243
f 1245/1245/1245 1834/1834/1834 1246/1246/1246
f 1248/1248/1248 1835/1835/1835 1249/1249/1249
f 1251/1251/1251 1836/1836/1836 1252/1252/1252
f 1254/1254/1254 1837/1837/1837 1255/1255/1255
f 1257/1257/1257 1838/1838/1838 1258/1258/1258
f 1260/1260/1260 1839/1839/1839 1261/1261/1261
f 1263/1263/1263 1840/1840/1840 1264/1264/1264
f 1266/1266/1266 1841/1841/1841 1267/1267/1267
f 1269/1269/1269 1842/1842/1842 1270/1270/1270
f 1272/1272/1272 1843/1843/1843 1273/1273/1273
f 1275/1275/1275 1245/1245/1245 1247/1247/1247
f 1277/1277/1277 1844/1844/1844 1278/1278/1278
f 1280/1280/1280 1845/1845/1845 1281/1281/1281
f 1283/1283/1283 1846/1846/1846 1284/1284/1284
f 1288/1288/1288 1847/1847/1847 1286/1286/1286
f 1847/1847/1847 1848/1848/1848 1849/1849/1849
f 1286/1286/1286 1847/1847/1847 1849/1849/1849
f 1289/1289/1289 1850/1850/1850 1290/1290/1290
f 1292/1292/1292 1851/1851/1851 1293/1293/1293
f 1295/1295/1295 1852/1852/1852 1296/1296/1296
f 1298/1298/1298 1853/1853/1853 1299/1299/1299
f 1301/1301/1301 1854/1854/1854 1302/1302/1302
f 1304/1304/1304 1855/1855/1855 1305/1305/1305
f 1307/1307/1307 1856/1856/1856 1308/1308/1308
f 1310/1310/1310 1857/1857/1857 1311/1311/1311
f 1313/1313/1313 1858/1858/1858 1314/1314/1314
f 1316/1316/1316 1859/1859/1859 1317/1317/1317
f 1319/1319/1319 1860/1860/1860 1320/1320/1320
f 1322/1322/1322 1861/1861/1861 1323/1323/1323
f 1325/1325/1325 1862/1862/1862 1326/1326/1326
f 1328/1328/1328 1863/1863/1863 1329/1329/1329
f 1331/1331/1331 1864/1864/1864 1332/1332/1332
f 1334/1334/1334 1865/1865/1865 1335/1335/1335
f 1337/1337/1337 1866/1866/1866 1338/1338/1338
f 1340/1340/1340 1867/1867/1867 1341/1341/1341
f 1343/1343/1343 1868/1868/1868 1344/1344/1344
f 1346/1346/1346 1869/1869/1869 1347/1347/1347
f 1349/1349/1349 1870/1870/1870 1350/1350/1350
f 1352/1352/1352 1871/1871/1871 1872/1872/1872
f 1872/1872/1872 1353/1353/1353 1352/1352/1352
f 1353/1353/1353 1873/1873/1873 1354/1354/1354
f 1355/1355/1355 1874/1874/1874 1356/1356/1356
f 1358/1358/1358 1875/1875/1875 1359/1359/1359
f 1361/1361/1361 1876/1876/1876 1362/1362/1362
f 1364/1364/1364 1877/1877/1877 1365/1365/1365
f 1367/1367/1367 1878/1878/1878 1368/1368/1368
f 1370/1370/1370 1879/1879/1879 1371/1371/1371
f 1373/1373/1373 1880/1880/1880 1374/1374/1374
f 1376/1376/1376 1881/1881/1881 1377/1377/1377
f 1379/1379/1379 1882/1882/1882 1380/1380/1380
