# spiky_tree -- imported by tools/import_asset_pack.py from spiky_tree.fbx
o __pending__
v -0.173106 3.850755 -0.093826
v -0.041006 13.673112 0.057395
v -0.041006 13.673112 -0.057399
v -0.024149 0.106862 -0.187651
v 0.150817 3.772159 -0.093826
v 0.137812 0.067563 -0.093825
v -0.173106 3.850755 0.093826
v 0.058073 13.649072 0.114792
v -0.041006 13.673112 0.057395
v 0.150817 3.772159 -0.093826
v 0.137812 0.067563 0.093826
v 0.137812 0.067563 -0.093825
v -0.011145 3.811458 0.187651
v 0.157151 13.625031 0.057395
v 0.058073 13.649072 0.114792
v 0.150817 3.772159 0.093826
v -0.024149 0.106862 0.187652
v 0.137812 0.067563 0.093826
v -0.011145 3.811458 -0.187652
v 0.157151 13.625031 -0.057399
v -0.011145 3.811458 0.187651
v -0.186111 0.146160 0.093826
v -0.024149 0.106862 0.187652
v -0.173106 3.850755 -0.093826
v 0.058073 13.649072 -0.114796
v -0.011145 3.811458 -0.187652
v 0.058073 13.649072 -0.114796
v 0.182320 20.680422 -0.018516
v -0.173106 3.850755 0.093826
v -0.186111 0.146160 -0.093825
v -0.186111 0.146160 0.093826
v 0.157151 13.625031 0.057395
v 0.150817 3.772159 0.093826
v -0.186111 0.146160 -0.093825
v -0.024149 0.106862 -0.187651
v -0.024149 0.106862 0.187652
v -0.186111 0.146160 0.093826
v -0.186111 0.146160 -0.093825
v 0.150363 20.688175 0.037024
v 0.182320 20.680422 0.018510
v 0.150363 20.688175 -0.037030
v -0.041006 13.673112 -0.057399
v 0.150363 20.688175 -0.037030
v 0.150363 20.688175 0.037024
v 0.118405 20.695929 0.018510
v 0.118405 20.695929 0.018510
v 0.118405 20.695929 -0.018516
v 0.182320 20.680422 0.018510
v 0.150363 20.688175 0.037024
v 0.157151 13.625031 -0.057399
v 0.182320 20.680422 0.018510
v 3.333769 2.362273 0.006593
v -0.098952 1.579922 1.980109
v 3.333769 0.958184 1.980110
v -0.098952 1.579921 -1.966922
v 3.333769 2.362273 0.006593
v 3.333769 0.958184 -1.966923
v 5.050129 1.055110 -1.966923
v 3.333769 2.362273 0.006593
v 5.050129 2.459199 0.006593
v 3.333769 2.362273 0.006593
v 5.050129 1.055111 1.980110
v 5.050129 2.459199 0.006593
v 5.050129 2.459199 0.006593
v 6.766490 1.579922 1.980109
v 6.766490 2.984011 0.006593
v 6.766490 1.579921 -1.966923
v 5.050129 2.459199 0.006593
v 6.766490 2.984011 0.006593
v 3.091545 3.375233 0.006593
v -0.019283 2.666245 1.795049
v 3.091545 2.102808 1.795049
v -0.019283 2.666244 -1.781862
v 3.091545 3.375233 0.006593
v 3.091545 2.102808 -1.781863
v 4.646960 2.190645 -1.781863
v 3.091545 3.375233 0.006593
v 4.646960 3.463071 0.006593
v 3.091545 3.375233 0.006593
v 4.646960 2.190646 1.795049
v 4.646960 3.463071 0.006593
v 4.646960 3.463071 0.006593
v 6.202374 2.666245 1.795049
v 6.202374 3.938670 0.006593
v 6.202374 2.666244 -1.781863
v 4.646960 3.463071 0.006593
v 6.202374 3.938670 0.006593
v -2.990618 2.362273 0.006593
v 0.442103 1.579922 1.980109
v 0.442103 2.984011 0.006593
v -2.990618 2.362273 0.006593
v 0.442103 1.579921 -1.966922
v -2.990618 0.958184 -1.966923
v -4.706978 1.055110 -1.966923
v -2.990618 2.362273 0.006593
v -2.990618 0.958184 -1.966923
v -4.706978 1.055111 1.980110
v -2.990618 2.362273 0.006593
v -4.706978 2.459199 0.006593
v -6.423339 1.579922 1.980109
v -4.706978 2.459199 0.006593
v -6.423339 2.984011 0.006593
v -6.423339 1.579921 -1.966923
v -4.706978 2.459199 0.006593
v -4.706978 1.055110 -1.966923
v -2.748394 3.375233 0.006593
v 0.362434 2.666245 1.795049
v 0.362434 3.938670 0.006593
v -2.748394 3.375233 0.006593
v 0.362434 2.666244 -1.781862
v -2.748394 2.102808 -1.781863
v -4.303809 2.190645 -1.781863
v -2.748394 3.375233 0.006593
v -2.748394 2.102808 -1.781863
v -4.303809 2.190646 1.795049
v -2.748394 3.375233 0.006593
v -4.303809 3.463071 0.006593
v -5.859223 2.666245 1.795049
v -4.303809 3.463071 0.006593
v -5.859223 3.938670 0.006593
v -5.859223 2.666244 -1.781863
v -4.303809 3.463071 0.006593
v -4.303809 2.190645 -1.781863
v 2.717833 2.243520 -1.861653
v 1.047862 1.615170 1.758676
v 3.746831 0.736173 -0.269392
v -1.273764 1.834088 -1.425846
v 2.717833 2.243520 -1.861653
v 1.425205 0.955092 -3.453915
v 2.812973 0.921587 -4.467949
v 2.717833 2.243520 -1.861653
v 4.105601 2.210016 -2.875688
v 2.717833 2.243520 -1.861653
v 5.134600 0.702668 -1.283426
v 4.105601 2.210016 -2.875688
v 4.105601 2.210016 -2.875688
v 6.562538 1.095160 -2.297461
v 5.533539 2.602507 -3.889722
v 4.240911 1.314078 -5.481983
v 4.105601 2.210016 -2.875688
v 5.533539 2.602507 -3.889722
v 2.618363 3.270353 -1.718547
v 1.104988 2.700924 1.562298
v 3.550871 1.904353 -0.275595
v -0.998936 2.899314 -1.323606
v 2.618363 3.270353 -1.718547
v 1.446947 2.102743 -3.161499
v 2.704581 2.072380 -4.080446
v 2.618363 3.270353 -1.718547
v 3.875998 3.239991 -2.637494
v 2.618363 3.270353 -1.718547
v 4.808506 1.873990 -1.194541
v 3.875998 3.239991 -2.637494
v 3.875998 3.239991 -2.637494
v 6.102542 2.229676 -2.113488
v 5.170035 3.595678 -3.556440
v 3.998618 2.428067 -4.999392
v 3.875998 3.239991 -2.637494
v 5.170035 3.595678 -3.556440
v -2.362238 2.722548 1.874824
v 1.482466 1.574188 1.439018
v 0.453468 3.081536 -0.153244
v -2.362238 2.722548 1.874824
v -0.839160 1.793107 -1.745505
v -3.654866 1.434120 0.282563
v -5.024436 1.660621 1.296597
v -2.362238 2.722548 1.874824
v -3.654866 1.434120 0.282563
v -2.702809 1.441702 4.481121
v -2.362238 2.722548 1.874824
v -3.731808 2.949049 2.888858
v -4.032209 2.094198 5.495153
v -3.731808 2.949049 2.888858
v -5.061208 3.601546 3.902892
v -6.353837 2.313117 2.310631
v -3.731808 2.949049 2.888858
v -5.024436 1.660621 1.296597
v -2.072576 3.712688 1.731717
v 1.411604 2.672012 1.336777
v 0.479096 4.038013 -0.106175
v -2.072576 3.712688 1.731717
v -0.692320 2.870402 -1.549127
v -3.243992 2.545078 0.288765
v -4.485136 2.750340 1.207712
v -2.072576 3.712688 1.731717
v -3.243992 2.545078 0.288765
v -2.381212 2.551949 4.093616
v -2.072576 3.712688 1.731717
v -3.313719 3.917950 2.650664
v -3.585951 3.143260 5.012562
v -3.313719 3.917950 2.650664
v -4.518458 4.509261 3.569610
v -5.689875 3.341650 2.126657
v -3.313719 3.917950 2.650664
v -4.485136 2.750340 1.207712
v -1.301967 2.243520 -2.786705
v 2.033464 1.615169 -0.602560
v 0.424289 0.736173 -3.570396
v -1.457812 1.834089 1.225588
v -1.301967 2.243520 -2.786705
v -3.066987 0.955092 -1.742248
v -3.865946 0.921587 -3.264035
v -1.301967 2.243520 -2.786705
v -2.100926 2.210015 -4.308490
v -1.301967 2.243520 -2.786705
v -0.374669 0.702668 -5.092182
v -2.100926 2.210015 -4.308490
v -2.100926 2.210015 -4.308490
v -1.167722 1.095159 -6.653700
v -2.893977 2.602507 -5.870009
v -4.658997 1.314078 -4.825552
v -2.100926 2.210015 -4.308490
v -2.893977 2.602507 -5.870009
v -1.175042 3.270353 -2.667273
v 1.847620 2.700924 -0.687940
v 0.389341 1.904352 -3.377477
v -1.316273 2.899315 0.968779
v -1.175042 3.270353 -2.667273
v -2.774553 2.102743 -1.720758
v -3.498591 2.072381 -3.099843
v -1.175042 3.270353 -2.667273
v -1.899081 3.239990 -4.046359
v -1.175042 3.270353 -2.667273
v -0.334698 1.873989 -4.756563
v -1.899081 3.239990 -4.046359
v -1.899081 3.239990 -4.046359
v -1.053384 2.229676 -6.171655
v -2.617767 3.595677 -5.461451
v -4.217277 2.428067 -4.514935
v -1.899081 3.239990 -4.046359
v -2.617767 3.595677 -5.461451
v 1.646937 2.722549 2.787554
v 1.781183 1.574188 -1.079442
v 0.054927 3.081536 -0.295750
v 1.646937 2.722549 2.787554
v -1.710093 1.793107 0.748706
v -0.118083 1.434121 3.832010
v 0.683551 1.660621 5.335794
v 1.646937 2.722549 2.787554
v -0.118083 1.434121 3.832010
v 4.174828 1.441702 3.507647
v 1.646937 2.722549 2.787554
v 2.448570 2.949049 4.291338
v 4.982368 2.094198 4.971699
v 2.448570 2.949049 4.291338
v 3.256112 3.601546 5.755390
v 1.491092 2.313118 6.799846
v 2.448570 2.949049 4.291338
v 0.683551 1.660621 5.335794
v 1.547977 3.712688 2.479997
v 1.669635 2.672011 -1.024383
v 0.105253 4.038013 -0.314179
v 1.547977 3.712688 2.479997
v -1.494258 2.870402 0.632336
v -0.051534 2.545079 3.426513
v 0.674929 2.750340 4.789286
v 1.547977 3.712688 2.479997
v -0.051534 2.545079 3.426513
v 3.838823 2.551949 3.132567
v 1.547977 3.712688 2.479997
v 2.274440 3.917950 3.842770
v 4.570639 3.143260 4.459332
v 2.274440 3.917950 3.842770
v 3.006256 4.509261 5.169535
v 1.406745 3.341650 6.116051
v 2.274440 3.917950 3.842770
v 0.674929 2.750340 4.789286
v 0.231940 2.685177 -3.144339
v 2.091884 1.562476 0.257215
v 2.114506 1.162651 -3.208295
v -1.846963 1.810661 0.202868
v 0.231940 2.685177 -3.144339
v -1.824341 1.410836 -3.262642
v -1.787803 1.617076 -4.968931
v 0.231940 2.685177 -3.144339
v 0.268478 2.891417 -4.850627
v 0.231940 2.685177 -3.144339
v 2.151043 1.368891 -4.914583
v 0.268478 2.891417 -4.850627
v 0.268478 2.891417 -4.850627
v 2.214050 2.001293 -6.593100
v 0.331485 3.523819 -6.529144
v -1.724796 2.249478 -6.647447
v 0.268478 2.891417 -4.850627
v 0.331485 3.523819 -6.529144
v 0.290292 3.678575 -2.836905
v 1.975825 2.661152 0.245679
v 1.996326 2.298819 -2.894865
v -1.593669 2.886064 0.196428
v 0.290292 3.678575 -2.836905
v -1.573168 2.523731 -2.944115
v -1.540056 2.710632 -4.490401
v 0.290292 3.678575 -2.836905
v 0.323404 3.865476 -4.383192
v 0.290292 3.678575 -2.836905
v 2.029438 2.485720 -4.441152
v 0.323404 3.865476 -4.383192
v 0.323404 3.865476 -4.383192
v 2.086536 3.058820 -5.962270
v 0.380502 4.438576 -5.904312
v -1.482958 3.283732 -6.011519
v 0.323404 3.865476 -4.383192
v 0.380502 4.438576 -5.904312
v 0.119401 2.280943 3.166111
v 2.101511 1.597059 -0.282649
v 0.218946 3.119586 -0.218693
v 0.119401 2.280943 3.166111
v -1.837335 1.845244 -0.336996
v -1.936880 1.006602 3.047808
v -1.961426 0.993434 4.766678
v 0.119401 2.280943 3.166111
v -1.936880 1.006602 3.047808
v 1.977421 0.745249 4.821025
v 0.119401 2.280943 3.166111
v 0.094854 2.267775 4.884981
v 1.979343 1.158242 6.567666
v 0.094854 2.267775 4.884981
v 0.096778 2.680769 6.631621
v -1.959503 1.406427 6.513319
v 0.094854 2.267775 4.884981
v -1.961426 0.993434 4.766678
v 0.186373 3.305305 2.990166
v 1.982617 2.685550 -0.135198
v 0.276583 4.065306 -0.077239
v 0.186373 3.305305 2.990166
v -1.586876 2.910462 -0.184449
v -1.677087 2.150461 2.882957
v -1.699331 2.138528 4.440645
v 0.186373 3.305305 2.990166
v -1.677087 2.150461 2.882957
v 1.870163 1.913616 4.489896
v 0.186373 3.305305 2.990166
v 0.164128 3.293372 4.547854
v 1.871906 2.287882 6.072751
v 0.164128 3.293372 4.547854
v 0.165871 3.667639 6.130709
v -1.697589 2.512794 6.023499
v 0.164128 3.293372 4.547854
v -1.699331 2.138528 4.440645
v 2.605062 4.645446 0.682102
v -0.458200 4.020616 1.467538
v 2.183479 3.524061 2.200838
v 0.384966 4.020615 -1.569932
v 2.605062 4.645446 0.682102
v 3.026645 3.524060 -0.836634
v 4.347485 3.601471 -0.469984
v 2.605062 4.645446 0.682102
v 3.925902 4.722857 1.048751
v 2.605062 4.645446 0.682102
v 3.504318 3.601472 2.567487
v 3.925902 4.722857 1.048751
v 3.925902 4.722857 1.048751
v 4.825158 4.020616 2.934136
v 5.246741 5.142003 1.415401
v 5.668325 4.020616 -0.103335
v 3.925902 4.722857 1.048751
v 5.246741 5.142003 1.415401
v 2.418657 5.454454 0.630358
v -0.357357 4.888216 1.342143
v 2.036607 4.438223 2.006679
v 0.406744 4.888216 -1.410499
v 2.418657 5.454454 0.630358
v 2.800708 4.438223 -0.745963
v 3.997690 4.508375 -0.413695
v 2.418657 5.454454 0.630358
v 3.615640 5.524606 0.962626
v 2.418657 5.454454 0.630358
v 3.233589 4.508375 2.338947
v 3.615640 5.524606 0.962626
v 3.615640 5.524606 0.962626
v 4.430571 4.888216 2.671215
v 4.812621 5.904448 1.294894
v 5.194672 4.888216 -0.081427
v 3.615640 5.524606 0.962626
v 4.812621 5.904448 1.294894
v -2.261921 4.645446 -0.668915
v -0.041826 4.020616 1.583119
v 0.379757 5.142003 0.064384
v -2.261921 4.645446 -0.668915
v 0.801340 4.020616 -1.454352
v -1.840338 3.524060 -2.187651
v -3.161178 3.601471 -2.554301
v -2.261921 4.645446 -0.668915
v -1.840338 3.524060 -2.187651
v -4.004344 3.601471 0.483171
v -2.261921 4.645446 -0.668915
v -3.582761 4.722857 -1.035565
v -5.325184 4.020616 0.116521
v -3.582761 4.722857 -1.035565
v -4.903600 5.142003 -1.402215
v -4.482018 4.020615 -2.920951
v -3.582761 4.722857 -1.035565
v -3.161178 3.601471 -2.554301
v -2.075516 5.454454 -0.617172
v -0.063603 4.888216 1.423685
v 0.318447 5.904448 0.047364
v -2.075516 5.454454 -0.617172
v 0.700498 4.888216 -1.328956
v -1.693466 4.438222 -1.993493
v -2.890449 4.508374 -2.325761
v -2.075516 5.454454 -0.617172
v -1.693466 4.438222 -1.993493
v -3.654550 4.508375 0.426881
v -2.075516 5.454454 -0.617172
v -3.272499 5.524606 -0.949440
v -4.851531 4.888216 0.094613
v -3.272499 5.524606 -0.949440
v -4.469481 5.904448 -1.281708
v -4.087430 4.888215 -2.658030
v -3.272499 5.524606 -0.949440
v -2.890449 4.508374 -2.325761
v 2.530159 4.550604 -0.887199
v 0.471644 4.048767 1.542115
v 2.981894 3.346750 0.557954
v -0.634705 4.223608 -1.404506
v 2.530159 4.550604 -0.887199
v 1.875546 3.521590 -2.388669
v 3.160133 3.494832 -2.872572
v 2.530159 4.550604 -0.887199
v 3.814746 4.523845 -1.371102
v 2.530159 4.550604 -0.887199
v 4.266481 3.319991 0.074051
v 3.814746 4.523845 -1.371102
v 3.814746 4.523845 -1.371102
v 5.581981 3.633457 -0.401271
v 5.130246 4.837311 -1.846424
v 4.475632 3.808298 -3.347894
v 3.814746 4.523845 -1.371102
v 5.130246 4.837311 -1.846424
v 2.423041 5.370692 -0.798319
v 0.557556 4.915912 1.403194
v 2.832416 4.279725 0.511319
v -0.445049 5.074359 -1.267118
v 2.423041 5.370692 -0.798319
v 1.829812 4.438171 -2.158993
v 2.993940 4.413921 -2.597520
v 2.423041 5.370692 -0.798319
v 3.587170 5.346442 -1.236846
v 2.423041 5.370692 -0.798319
v 3.996545 4.255476 0.072793
v 3.587170 5.346442 -1.236846
v 3.587170 5.346442 -1.236846
v 5.188687 4.539547 -0.357958
v 4.779313 5.630514 -1.667596
v 4.186083 4.697994 -3.028270
v 3.587170 5.346442 -1.236846
v 4.779313 5.630514 -1.667596
v -2.177439 4.933183 0.903032
v 0.874382 4.016037 1.388960
v 0.422647 5.219891 -0.056193
v -2.177439 4.933183 0.903032
v -0.231966 4.190877 -1.557662
v -2.832052 3.904170 -0.598438
v -4.102633 4.085066 -0.110647
v -2.177439 4.933183 0.903032
v -2.832052 3.904170 -0.598438
v -2.996286 3.910225 2.835975
v -2.177439 4.933183 0.903032
v -3.448021 5.114079 1.390822
v -4.235955 4.431346 3.332346
v -3.448021 5.114079 1.390822
v -4.687690 5.635201 1.887193
v -5.342303 4.606187 0.385724
v -3.448021 5.114079 1.390822
v -4.102633 4.085066 -0.110647
v -1.923957 5.723965 0.854780
v 0.841690 4.892821 1.295142
v 0.432315 5.983788 -0.014496
v -1.923957 5.723965 0.854780
v -0.160914 5.051267 -1.375170
v -2.517186 4.791445 -0.505894
v -3.668623 4.955378 -0.063844
v -1.923957 5.723965 0.854780
v -2.517186 4.791445 -0.505894
v -2.666019 4.796933 2.606469
v -1.923957 5.723965 0.854780
v -3.075394 5.887898 1.296830
v -3.789442 5.269187 3.056293
v -3.075394 5.887898 1.296830
v -4.198817 6.360154 1.746655
v -4.792046 5.427633 0.385981
v -3.075394 5.887898 1.296830
v -3.668623 4.955378 -0.063844
v -0.365702 4.550603 -2.457791
v 1.734530 4.048767 -0.064449
v 1.130166 3.346749 -2.692124
v -1.342740 4.223608 0.596610
v -0.365702 4.550603 -2.457791
v -1.947104 3.521591 -2.031065
v -2.236866 3.494832 -3.372842
v -0.365702 4.550603 -2.457791
v -0.655462 4.523845 -3.799567
v -0.365702 4.550603 -2.457791
v 0.840405 3.319990 -4.033900
v -0.655462 4.523845 -3.799567
v -0.655462 4.523845 -3.799567
v 0.563677 3.633456 -5.404992
v -0.932189 4.837311 -5.170660
v -2.513592 3.808298 -4.743932
v -0.655462 4.523845 -3.799567
v -0.932189 4.837311 -5.170660
v -0.293538 5.370691 -2.338768
v 1.609751 4.915912 -0.169854
v 1.062059 4.279724 -2.551127
v -1.178958 5.074359 0.429217
v -0.293538 5.370691 -2.338768
v -1.726650 4.438171 -1.952057
v -1.989239 4.413921 -3.168013
v -0.293538 5.370691 -2.338768
v -0.556127 5.346442 -3.554724
v -0.293538 5.370691 -2.338768
v 0.799470 4.255475 -3.767083
v -0.556127 5.346442 -3.554724
v -0.556127 5.346442 -3.554724
v 0.548692 4.539546 -5.009605
v -0.806906 5.630513 -4.797246
v -2.240017 4.697993 -4.410534
v -0.556127 5.346442 -3.554724
v -0.806906 5.630513 -4.797246
v 0.712877 4.933183 2.461871
v 1.642257 4.016037 -0.485329
v 0.146389 5.219891 -0.250996
v 0.712877 4.933183 2.461871
v -1.435013 4.190877 0.175729
v -0.868525 3.904171 2.888597
v -0.572860 4.085067 4.217092
v 0.712877 4.933183 2.461871
v -0.868525 3.904171 2.888597
v 2.504410 3.910225 3.556034
v 0.712877 4.933183 2.461871
v 1.008542 5.114079 3.790367
v 2.813107 4.431346 4.855214
v 1.008542 5.114079 3.790367
v 1.317241 5.635201 5.089547
v -0.264162 4.606188 5.516273
v 1.008542 5.114079 3.790367
v -0.572860 4.085067 4.217092
v 0.702422 5.723966 2.204049
v 1.544652 4.892821 -0.466787
v 0.189054 5.983788 -0.254428
v 0.702422 5.723966 2.204049
v -1.244057 5.051267 0.132283
v -0.730690 4.791445 2.590760
v -0.462750 4.955378 3.794681
v 0.702422 5.723966 2.204049
v -0.730690 4.791445 2.590760
v 2.325959 4.796933 3.195611
v 0.702422 5.723966 2.204049
v 0.970362 5.887899 3.407969
v 2.605711 5.269187 4.372964
v 0.970362 5.887899 3.407969
v 1.250113 6.360154 4.585322
v -0.182999 5.427634 4.972034
v 0.970362 5.887899 3.407969
v -0.462750 4.955378 3.794681
v 0.891127 4.903336 -2.405338
v 1.595821 4.006683 0.609678
v 2.353534 3.687360 -2.052401
v -1.423741 4.204897 -0.273563
v 0.891127 4.903336 -2.405338
v -0.666028 3.885574 -2.935642
v -0.273413 4.050289 -4.240925
v 0.891127 4.903336 -2.405338
v 1.283743 5.068051 -3.710621
v 0.891127 4.903336 -2.405338
v 2.746150 3.852075 -3.357684
v 1.283743 5.068051 -3.710621
v 1.283743 5.068051 -3.710621
v 3.153202 4.357147 -4.635941
v 1.690796 5.573124 -4.988878
v 0.133640 4.555361 -5.519182
v 1.283743 5.068051 -3.710621
v 1.690796 5.573124 -4.988878
v 0.870359 5.696720 -2.156284
v 1.508972 4.884148 0.576008
v 2.195633 4.594769 -1.836444
v -1.227440 5.063776 -0.224410
v 0.870359 5.696720 -2.156284
v -0.540780 4.774396 -2.636861
v -0.184980 4.923666 -3.819745
v 0.870359 5.696720 -2.156284
v 1.226158 5.845990 -3.339169
v 0.870359 5.696720 -2.156284
v 2.551432 4.744038 -3.019329
v 1.226158 5.845990 -3.339169
v 1.226158 5.845990 -3.339169
v 2.920315 5.201748 -4.177720
v 1.595040 6.303700 -4.497561
v 0.183901 5.381376 -4.978137
v 1.226158 5.845990 -3.339169
v 1.595040 6.303700 -4.497561
v -0.543519 4.580492 2.426881
v 1.718556 4.034303 0.196278
v 0.256150 5.250279 -0.156658
v -0.543519 4.580492 2.426881
v -1.301006 4.232517 -0.686963
v -2.100674 3.562730 1.896576
v -2.486749 3.552212 3.214103
v -0.543519 4.580492 2.426881
v -2.100674 3.562730 1.896576
v 0.532813 3.353998 4.097344
v -0.543519 4.580492 2.426881
v -0.929594 4.569974 3.744408
v 0.161174 3.683839 5.441896
v -0.929594 4.569974 3.744408
v -1.301232 4.899816 5.088960
v -2.858388 3.882053 4.558656
v -0.929594 4.569974 3.744408
v -2.486749 3.552212 3.214103
v -0.454394 5.398607 2.305787
v 1.595562 4.903634 0.284352
v 0.270288 6.005587 -0.035489
v -0.454394 5.398607 2.305787
v -1.140850 5.083261 -0.516066
v -1.865533 4.476282 1.825210
v -2.215405 4.466751 3.019190
v -0.454394 5.398607 2.305787
v -1.865533 4.476282 1.825210
v 0.521008 4.287123 3.819609
v -0.454394 5.398607 2.305787
v -0.804267 5.389075 3.499767
v 0.184219 4.586034 5.038080
v -0.804267 5.389075 3.499767
v -1.141055 5.687986 4.718238
v -2.552194 4.765661 4.237661
v -0.804267 5.389075 3.499767
v -2.215405 4.466751 3.019190
v 2.006844 6.913717 1.308141
v -0.797735 6.357062 1.040630
v 1.194548 5.914687 2.453531
v 0.826855 6.357062 -1.250149
v 2.006844 6.913717 1.308141
v 2.819139 5.914686 0.162752
v 3.815280 5.983651 0.869203
v 2.006844 6.913717 1.308141
v 3.002985 6.982682 2.014592
v 2.006844 6.913717 1.308141
v 2.190690 5.983651 3.159982
v 3.002985 6.982682 2.014592
v 3.002985 6.982682 2.014592
v 3.186832 6.357063 3.866431
v 3.999127 7.356094 2.721042
v 4.811422 6.357063 1.575653
v 3.002985 6.982682 2.014592
v 3.999127 7.356094 2.721042
v 1.866262 7.634454 1.208443
v -0.675326 7.129998 0.966017
v 1.130137 6.729105 2.246427
v 0.796923 7.129998 -1.109952
v 1.866262 7.634454 1.208443
v 2.602387 6.729104 0.170458
v 3.505119 6.791602 0.810664
v 1.866262 7.634454 1.208443
v 2.768994 7.696952 1.848648
v 1.866262 7.634454 1.208443
v 2.032869 6.791602 2.886632
v 2.768994 7.696952 1.848648
v 2.768994 7.696952 1.848648
v 2.935601 7.129998 3.526837
v 3.671725 8.035348 2.488853
v 4.407850 7.129998 1.450869
v 2.768994 7.696952 1.848648
v 3.671725 8.035348 2.488853
v -1.663704 6.913717 -1.294963
v -0.483717 6.357062 1.263327
v 0.328578 7.356094 0.117938
v -1.663704 6.913717 -1.294963
v 1.140874 6.357062 -1.027451
v -0.851409 5.914686 -2.440352
v -1.847551 5.983650 -3.146803
v -1.663704 6.913717 -1.294963
v -0.851409 5.914686 -2.440352
v -3.472142 5.983651 -0.856024
v -1.663704 6.913717 -1.294963
v -2.659846 6.982681 -2.001413
v -4.468283 6.357062 -1.562475
v -2.659846 6.982681 -2.001413
v -3.655988 7.356093 -2.707864
v -2.843693 6.357062 -3.853254
v -2.659846 6.982681 -2.001413
v -1.847551 5.983650 -3.146803
v -1.523123 7.634454 -1.195264
v -0.453785 7.129998 1.123131
v 0.282340 8.035348 0.085146
v -1.523123 7.634454 -1.195264
v 1.018465 7.129998 -0.952838
v -0.786998 6.729104 -2.233249
v -1.689730 6.791601 -2.873454
v -1.523123 7.634454 -1.195264
v -0.786998 6.729104 -2.233249
v -3.161980 6.791602 -0.797486
v -1.523123 7.634454 -1.195264
v -2.425855 7.696951 -1.835470
v -4.064711 7.129998 -1.437691
v -2.425855 7.696951 -1.835470
v -3.328587 8.035348 -2.475675
v -2.592461 7.129997 -3.513660
v -2.425855 7.696951 -1.835470
v -1.689730 6.791601 -2.873454
v 2.418333 6.829223 -0.029670
v -0.041004 6.382142 1.384141
v 2.360172 5.756722 1.317981
v -0.077688 6.537906 -1.419669
v 2.418333 6.829223 -0.029670
v 2.323489 5.912486 -1.485829
v 3.546297 5.888647 -1.503153
v 2.418333 6.829223 -0.029670
v 3.641141 6.805384 -0.046993
v 2.418333 6.829223 -0.029670
v 3.582980 5.732883 1.300658
v 3.641141 6.805384 -0.046993
v 3.641141 6.805384 -0.046993
v 4.829101 6.012147 1.299869
v 4.887262 7.084648 -0.047782
v 4.792418 6.167911 -1.503942
v 3.641141 6.805384 -0.046993
v 4.887262 7.084648 -0.047782
v 2.301700 7.559831 0.012445
v 0.072979 7.154672 1.293680
v 2.248993 6.587900 1.233724
v 0.039735 7.295831 -1.247212
v 2.301700 7.559831 0.012445
v 2.215750 6.729058 -1.307168
v 3.323893 6.707454 -1.322867
v 2.301700 7.559831 0.012445
v 3.409843 7.538227 -0.003254
v 2.301700 7.559831 0.012445
v 3.357136 6.566296 1.218025
v 3.409843 7.538227 -0.003254
v 3.409843 7.538227 -0.003254
v 4.486406 6.819373 1.217310
v 4.539114 7.791304 -0.003969
v 4.453162 6.960532 -1.323582
v 3.409843 7.538227 -0.003254
v 4.539114 7.791304 -0.003969
v -2.067966 7.170058 0.047961
v 0.342802 6.352983 1.377500
v 0.400963 7.425484 0.029849
v -2.067966 7.170058 0.047961
v 0.306118 6.508747 -1.426310
v -2.162810 6.253322 -1.408199
v -3.375055 6.414481 -1.383385
v -2.067966 7.170058 0.047961
v -2.162810 6.253322 -1.408199
v -3.338372 6.258716 1.420425
v -2.067966 7.170058 0.047961
v -3.280211 7.331217 0.072774
v -4.527304 6.722977 1.461772
v -3.280211 7.331217 0.072774
v -4.469142 7.795478 0.114121
v -4.563987 6.878742 -1.342039
v -3.280211 7.331217 0.072774
v -3.375055 6.414481 -1.383385
v -1.840949 7.874558 0.084129
v 0.343756 7.134101 1.288994
v 0.396463 8.106031 0.067715
v -1.840949 7.874558 0.084129
v 0.310513 7.275259 -1.251898
v -1.926900 7.043786 -1.235485
v -3.025470 7.189832 -1.212998
v -1.840949 7.874558 0.084129
v -1.926900 7.043786 -1.235485
v -2.992228 7.048674 1.327895
v -1.840949 7.874558 0.084129
v -2.939521 8.020604 0.106615
v -4.069671 7.469400 1.365363
v -2.939521 8.020604 0.106615
v -4.016963 8.441331 0.144085
v -4.102914 7.610559 -1.175529
v -2.939521 8.020604 0.106615
v -3.025470 7.189832 -1.212998
v 0.466070 6.829223 -2.221092
v 1.502899 6.382142 0.419398
v 1.790521 5.756722 -1.965408
v -1.275830 6.537906 0.043417
v 0.466070 6.829223 -2.221092
v -0.988209 5.912486 -2.341389
v -0.825544 5.888647 -3.553454
v 0.466070 6.829223 -2.221092
v 0.628734 6.805384 -3.433156
v 0.466070 6.829223 -2.221092
v 1.953185 5.732883 -3.177472
v 0.628734 6.805384 -3.433156
v 0.628734 6.805384 -3.433156
v 2.135632 6.012146 -4.410165
v 0.811181 7.084647 -4.665849
v -0.643098 6.167910 -4.786145
v 0.628734 6.805384 -3.433156
v 0.811181 7.084647 -4.665849
v 0.490578 7.559830 -2.099535
v 1.430181 7.154672 0.293352
v 1.690832 6.587899 -1.867826
v -1.087982 7.295831 -0.047372
v 0.490578 7.559830 -2.099535
v -0.827331 6.729058 -2.208551
v -0.679920 6.707454 -3.306958
v 0.490578 7.559830 -2.099535
v 0.637989 7.538227 -3.197942
v 0.490578 7.559830 -2.099535
v 1.838244 6.566296 -2.966233
v 0.637989 7.538227 -3.197942
v 0.637989 7.538227 -3.197942
v 2.003581 6.819373 -4.083334
v 0.803327 7.791303 -4.315043
v -0.514582 6.960531 -4.424058
v 0.637989 7.538227 -3.197942
v 0.803327 7.791303 -4.315043
v -0.116798 7.170059 2.227859
v 1.552764 6.352983 0.038787
v 0.228313 7.425484 -0.216897
v -0.116798 7.170059 2.227859
v -1.225965 6.508747 -0.337194
v -1.571076 6.253323 2.107562
v -1.724778 6.414481 3.310279
v -0.116798 7.170059 2.227859
v -1.571076 6.253323 2.107562
v 1.053951 6.258717 3.686261
v -0.116798 7.170059 2.227859
v -0.270500 7.331217 3.430577
v 0.920030 6.722978 4.868351
v -0.270500 7.331217 3.430577
v -0.404420 7.795479 4.612665
v -1.858699 6.878743 4.492369
v -0.270500 7.331217 3.430577
v -1.724778 6.414481 3.310279
v -0.047643 7.874558 2.008628
v 1.465361 7.134101 0.024829
v 0.265106 8.106031 -0.206879
v -0.047643 7.874558 2.008628
v -1.052802 7.275259 -0.315896
v -1.365551 7.043786 1.899611
v -1.504841 7.189832 2.989549
v -0.047643 7.874558 2.008628
v -1.365551 7.043786 1.899611
v 1.013323 7.048675 3.330274
v -0.047643 7.874558 2.008628
v -0.186932 8.020605 3.098565
v 0.891961 7.469401 4.401515
v -0.186932 8.020605 3.098565
v -0.308294 8.441332 4.169806
v -1.626203 7.610559 4.060790
v -0.186932 8.020605 3.098565
v -1.504841 7.189832 2.989549
v 1.503521 7.143468 -1.797303
v 1.182923 6.344650 0.942440
v 2.622449 6.060168 -1.059562
v -1.080736 6.521237 -0.710323
v 1.503521 7.143468 -1.797303
v 0.358790 6.236755 -2.712325
v 1.082301 6.383498 -3.687582
v 1.503521 7.143468 -1.797303
v 2.227032 7.290211 -2.772560
v 1.503521 7.143468 -1.797303
v 3.345959 6.206911 -2.034818
v 2.227032 7.290211 -2.772560
v 2.227032 7.290211 -2.772560
v 4.073401 6.656875 -2.983064
v 2.954474 7.740176 -3.720804
v 1.809742 6.833461 -4.635826
v 2.227032 7.290211 -2.772560
v 2.954474 7.740176 -3.720804
v 1.410848 7.850285 -1.594857
v 1.120313 7.126374 0.887975
v 2.424853 6.868569 -0.926295
v -0.931079 7.286403 -0.609805
v 1.410848 7.850285 -1.594857
v 0.373460 7.028597 -2.424076
v 1.029126 7.161580 -3.307881
v 1.410848 7.850285 -1.594857
v 2.066514 7.983268 -2.478663
v 1.410848 7.850285 -1.594857
v 3.080519 7.001552 -1.810102
v 2.066514 7.983268 -2.478663
v 2.066514 7.983268 -2.478663
v 3.739746 7.409320 -2.669427
v 2.725742 8.391037 -3.337989
v 1.688354 7.569350 -4.167207
v 2.066514 7.983268 -2.478663
v 2.725742 8.391037 -3.337989
v -1.159163 6.855850 1.818836
v 1.410717 6.369256 0.633076
v 0.291789 7.452557 -0.104665
v -1.159163 6.855850 1.818836
v -0.852942 6.545843 -1.019686
v -2.303894 5.949136 0.903814
v -3.025623 5.939766 1.891309
v -1.159163 6.855850 1.818836
v -2.303894 5.949136 0.903814
v -0.761964 5.763179 3.544072
v -1.159163 6.855850 1.818836
v -1.880893 6.846480 2.806330
v -1.479762 6.057032 4.558578
v -1.880893 6.846480 2.806330
v -2.598690 7.140332 3.820837
v -3.743421 6.233618 2.905816
v -1.880893 6.846480 2.806330
v -3.025623 5.939766 1.891309
v -1.047875 7.584700 1.744286
v 1.281023 7.143734 0.669717
v 0.267019 8.125452 0.001156
v -1.047875 7.584700 1.744286
v -0.770369 7.303762 -0.828063
v -2.085262 6.763010 0.915067
v -2.739314 6.754519 1.809963
v -1.047875 7.584700 1.744286
v -2.085262 6.763010 0.915067
v -0.687922 6.594491 3.307744
v -1.047875 7.584700 1.744286
v -1.701927 7.576208 2.639182
v -1.338410 6.860787 4.227119
v -1.701927 7.576208 2.639182
v -2.352414 7.842504 3.558556
v -3.389802 7.020815 2.729337
v -1.701927 7.576208 2.639182
v -2.739314 6.754519 1.809963
v 1.092061 8.872499 1.811056
v -1.033347 8.371326 0.426687
v -0.034106 7.973043 2.385533
v 1.218985 8.371326 -0.722267
v 1.092061 8.872499 1.811056
v 2.218227 7.973043 1.236579
v 2.717847 8.035133 2.216003
v 1.092061 8.872499 1.811056
v 1.591681 8.934588 2.790479
v 1.092061 8.872499 1.811056
v 0.465515 8.035134 3.364957
v 1.591681 8.934588 2.790479
v 1.591681 8.934588 2.790479
v 0.965136 8.371327 4.344379
v 2.091302 9.270784 3.769902
v 3.217469 8.371327 3.195426
v 1.591681 8.934588 2.790479
v 2.091302 9.270784 3.769902
v 1.021551 9.521398 1.672834
v -0.904554 9.067222 0.418280
v 0.000987 8.706286 2.193441
v 1.136574 9.067222 -0.622935
v 1.021551 9.521398 1.672834
v 2.042114 8.706286 1.152227
v 2.494885 8.762554 2.039808
v 1.021551 9.521398 1.672834
v 1.474322 9.577665 2.560415
v 1.021551 9.521398 1.672834
v 0.453758 8.762555 3.081022
v 1.474322 9.577665 2.560415
v 1.474322 9.577665 2.560415
v 0.906528 9.067223 3.968603
v 1.927092 9.882335 3.447995
v 2.947656 9.067223 2.927389
v 1.474322 9.577665 2.560415
v 1.927092 9.882335 3.447995
v -0.748925 8.872499 -1.797888
v -0.875849 8.371326 0.735435
v 0.250317 9.270783 0.160958
v -0.748925 8.872499 -1.797888
v 1.376483 8.371326 -0.413519
v 0.377242 7.973042 -2.372365
v -0.122379 8.035132 -3.351788
v -0.748925 8.872499 -1.797888
v 0.377242 7.973042 -2.372365
v -2.374712 8.035133 -2.202835
v -0.748925 8.872499 -1.797888
v -1.248546 8.934588 -2.777311
v -2.874332 8.371325 -3.182258
v -1.248546 8.934588 -2.777311
v -1.748166 9.270782 -3.756734
v -0.622000 8.371325 -4.331212
v -1.248546 8.934588 -2.777311
v -0.122379 8.035132 -3.351788
v -0.678415 9.521398 -1.659666
v -0.793438 9.067222 0.636103
v 0.227126 9.882334 0.115496
v -0.678415 9.521398 -1.659666
v 1.247689 9.067222 -0.405111
v 0.342149 8.706286 -2.180273
v -0.110622 8.762553 -3.067855
v -0.678415 9.521398 -1.659666
v 0.342149 8.706286 -2.180273
v -2.151750 8.762554 -2.026640
v -0.678415 9.521398 -1.659666
v -1.131186 9.577665 -2.547247
v -2.604519 9.067222 -2.914221
v -1.131186 9.577665 -2.547247
v -1.583956 9.882333 -3.434828
v -0.563392 9.067221 -3.955436
v -1.131186 9.577665 -2.547247
v -0.110622 8.762553 -3.067855
v 1.978861 8.796427 0.915745
v -0.573158 8.393906 1.016647
v 1.369789 7.830824 1.966429
v 0.568246 8.534144 -1.235157
v 1.978861 8.796427 0.915745
v 2.511193 7.971063 -0.285375
v 3.493812 7.949600 0.211361
v 1.978861 8.796427 0.915745
v 2.961479 8.774962 1.412482
v 1.978861 8.796427 0.915745
v 2.352407 7.809361 2.463166
v 2.961479 8.774962 1.412482
v 2.961479 8.774962 1.412482
v 3.346717 8.060790 2.982825
v 3.955790 9.026392 1.932142
v 4.488122 8.201029 0.731021
v 2.961479 8.774962 1.412482
v 3.955790 9.026392 1.932142
v 1.868244 9.454212 0.900641
v -0.444469 9.089437 0.992081
v 1.316285 8.579156 1.852800
v 0.589905 9.216526 -1.048568
v 1.868244 9.454212 0.900641
v 2.350658 8.706244 -0.187849
v 3.241134 8.686794 0.262308
v 1.868244 9.454212 0.900641
v 2.758720 9.434762 1.350798
v 1.868244 9.454212 0.900641
v 2.206761 8.559705 2.302958
v 2.758720 9.434762 1.350798
v 2.758720 9.434762 1.350798
v 3.107833 8.787558 2.773887
v 3.659793 9.662614 1.821728
v 4.142206 8.914646 0.733238
v 2.758720 9.434762 1.350798
v 3.659793 9.662614 1.821728
v -1.632094 9.103290 -0.895481
v -0.264239 8.367653 1.171599
v 0.344834 9.333256 0.120915
v -1.632094 9.103290 -0.895481
v 0.877166 8.507893 -1.080205
v -1.099762 8.277926 -2.096602
v -2.077082 8.423021 -2.582954
v -1.632094 9.103290 -0.895481
v -1.099762 8.277926 -2.096602
v -3.218487 8.282784 -0.331149
v -1.632094 9.103290 -0.895481
v -2.609415 9.248385 -1.381833
v -4.184114 8.700769 -0.794580
v -2.609415 9.248385 -1.381833
v -3.575041 9.666372 -1.845263
v -3.042709 8.841008 -3.046384
v -2.609415 9.248385 -1.381833
v -2.077082 8.423021 -2.582954
v -1.466113 9.737570 -0.771846
v -0.226524 9.070916 1.101400
v 0.325435 9.945972 0.149241
v -1.466113 9.737570 -0.771846
v 0.807849 9.198005 -0.939248
v -0.983699 8.989602 -1.860336
v -1.869374 9.121092 -2.301081
v -1.466113 9.737570 -0.771846
v -0.983699 8.989602 -1.860336
v -2.903748 8.994003 -0.260433
v -1.466113 9.737570 -0.771846
v -2.351789 9.869060 -1.212592
v -3.778826 9.372795 -0.680406
v -2.351789 9.869060 -1.212592
v -3.226866 10.247852 -1.632565
v -2.744452 9.499885 -2.721055
v -2.351789 9.869060 -1.212592
v -1.869374 9.121092 -2.301081
v 1.336596 8.796427 -1.647387
v 1.061158 8.393906 0.891731
v 2.286303 7.830824 -0.890444
v -0.998342 8.534144 -0.568368
v 1.336596 8.796427 -1.647387
v 0.226803 7.971062 -2.350543
v 0.862623 7.949599 -3.249443
v 1.336596 8.796427 -1.647387
v 1.972415 8.774962 -2.546286
v 1.336596 8.796427 -1.647387
v 2.922122 7.809360 -1.789343
v 1.972415 8.774962 -2.546286
v 1.972415 8.774962 -2.546286
v 3.582335 8.060789 -2.696437
v 2.632628 9.026391 -3.453379
v 1.522834 8.201028 -4.156536
v 1.972415 8.774962 -2.546286
v 2.632628 9.026391 -3.453379
v 1.305391 9.454212 -1.540193
v 1.055781 9.089437 0.760827
v 2.166042 8.579156 -0.854230
v -0.810596 9.216526 -0.562355
v 1.305391 9.454212 -1.540193
v 0.299665 8.706244 -2.177413
v 0.875863 8.686793 -2.992020
v 1.305391 9.454212 -1.540193
v 1.881589 9.434762 -2.354800
v 1.305391 9.454212 -1.540193
v 2.742240 8.559705 -1.668838
v 1.881589 9.434762 -2.354800
v 1.881589 9.434762 -2.354800
v 3.340543 8.787558 -2.490872
v 2.479892 9.662613 -3.176835
v 1.474165 8.914645 -3.814054
v 1.881589 9.434762 -2.354800
v 2.479892 9.662613 -3.176835
v -0.985890 9.103290 1.658002
v 1.259848 8.367653 0.608953
v 0.310142 9.333256 -0.147990
v -0.985890 9.103290 1.658002
v -0.799651 8.507893 -0.851146
v -2.095683 8.277926 0.954846
v -2.720451 8.423021 1.850031
v -0.985890 9.103290 1.658002
v -2.095683 8.277926 0.954846
v -0.660952 8.282784 3.310130
v -0.985890 9.103290 1.658002
v -1.610659 9.248385 2.553187
v -1.261330 8.700770 4.197120
v -1.610659 9.248385 2.553187
v -2.211036 9.666373 3.440177
v -3.320829 8.841009 2.737021
v -1.610659 9.248385 2.553187
v -2.720451 8.423021 1.850031
v -0.839193 9.737570 1.512004
v 1.195958 9.070916 0.561326
v 0.335307 9.945972 -0.124637
v -0.839193 9.737570 1.512004
v -0.670419 9.198005 -0.761857
v -1.844919 8.989602 0.874784
v -2.411103 9.121092 1.686027
v -0.839193 9.737570 1.512004
v -1.844919 8.989602 0.874784
v -0.544725 8.994004 3.009209
v -0.839193 9.737570 1.512004
v -1.405377 9.869060 2.323246
v -1.088803 9.372796 3.813025
v -1.405377 9.869060 2.323246
v -1.949455 10.247853 3.127062
v -2.955181 9.499885 2.489842
v -1.405377 9.869060 2.323246
v -2.411103 9.121092 1.686027
v 1.987186 9.079350 -0.876184
v 0.587542 8.360151 1.175342
v 2.571684 8.104025 0.179465
v -0.528017 8.519137 -1.088140
v 1.987186 9.079350 -0.876184
v 1.456125 8.263011 -2.084016
v 2.440437 8.395127 -2.559855
v 1.987186 9.079350 -0.876184
v 2.971498 9.211466 -1.352023
v 1.987186 9.079350 -0.876184
v 3.555995 8.236141 -0.296374
v 2.971498 9.211466 -1.352023
v 2.971498 9.211466 -1.352023
v 4.532164 8.641256 -0.749025
v 3.947667 9.616583 -1.804673
v 3.416605 8.800241 -3.012505
v 2.971498 9.211466 -1.352023
v 3.947667 9.616583 -1.804673
v 1.828738 9.715717 -0.753394
v 0.560341 9.063959 1.105756
v 2.358427 8.831851 0.203265
v -0.450610 9.208037 -0.945474
v 1.828738 9.715717 -0.753394
v 1.347475 8.975928 -1.847966
v 2.239486 9.095657 -2.279185
v 1.828738 9.715717 -0.753394
v 2.720749 9.835445 -1.184613
v 1.828738 9.715717 -0.753394
v 3.250438 8.951579 -0.227954
v 2.720749 9.835445 -1.184613
v 2.720749 9.835445 -1.184613
v 4.135069 9.318705 -0.638159
v 3.605381 10.202572 -1.594818
v 3.124117 9.462783 -2.689389
v 2.720749 9.835445 -1.184613
v 3.605381 10.202572 -1.594818
v -1.646566 8.820398 0.896525
v 0.898412 8.382305 1.023685
v 0.313914 9.357631 -0.031964
v -1.646566 8.820398 0.896525
v -0.217147 8.541291 -1.239796
v -2.177626 8.004059 -0.311307
v -3.165626 7.995623 0.175037
v -1.646566 8.820398 0.896525
v -2.177626 8.004059 -0.311307
v -2.050068 7.836637 2.438519
v -1.646566 8.820398 0.896525
v -2.634566 8.811962 1.382869
v -3.046210 8.101201 2.948050
v -2.634566 8.811962 1.382869
v -3.630708 9.076526 1.892401
v -4.161769 8.260186 0.684569
v -2.634566 8.811962 1.382869
v -3.165626 7.995623 0.175037
v -1.526669 9.476603 0.883526
v 0.779662 9.079589 0.998761
v 0.249973 9.963457 0.042102
v -1.526669 9.476603 0.883526
v -0.231289 9.223667 -1.052469
v -2.007931 8.736813 -0.211046
v -2.903285 8.729167 0.229692
v -1.526669 9.476603 0.883526
v -2.007931 8.736813 -0.211046
v -1.892334 8.585090 2.280924
v -1.526669 9.476603 0.883526
v -2.422023 9.468957 1.324264
v -2.795067 8.824843 2.742676
v -2.422023 9.468957 1.324264
v -3.324754 9.708711 1.786016
v -3.806017 8.968922 0.691444
v -2.422023 9.468957 1.324264
v -2.903285 8.729167 0.229692
v 1.583243 10.683081 0.792532
v -0.439708 10.283340 0.820367
v 1.092735 9.965665 1.673553
v 0.541307 10.283340 -0.941676
v 1.583243 10.683081 0.792532
v 2.073750 9.965665 -0.088490
v 2.839972 10.015189 0.338103
v 1.583243 10.683081 0.792532
v 2.349464 10.732605 1.219125
v 1.583243 10.683081 0.792532
v 1.858957 10.015189 2.100147
v 2.349464 10.732605 1.219125
v 2.349464 10.732605 1.219125
v 2.625178 10.283340 2.526739
v 3.115686 11.000758 1.645718
v 3.606194 10.283340 0.764696
v 2.349464 10.732605 1.219125
v 3.115686 11.000758 1.645718
v 1.475109 11.200650 0.732328
v -0.358146 10.838394 0.757554
v 1.030597 10.550508 1.530735
v 0.530877 10.838394 -0.839259
v 1.475109 11.200650 0.732328
v 1.919621 10.550508 -0.066078
v 2.613993 10.595388 0.320512
v 1.475109 11.200650 0.732328
v 2.169481 11.245530 1.118919
v 1.475109 11.200650 0.732328
v 1.724969 10.595388 1.917325
v 2.169481 11.245530 1.118919
v 2.169481 11.245530 1.118919
v 2.419340 10.838394 2.303916
v 2.863852 11.488538 1.505509
v 3.308364 10.838394 0.707103
v 2.169481 11.245530 1.118919
v 2.863852 11.488538 1.505509
v -1.240104 10.683081 -0.779363
v -0.198169 10.283340 0.954844
v 0.292339 11.000758 0.073822
v -1.240104 10.683081 -0.779363
v 0.782847 10.283340 -0.807199
v -0.749596 9.965665 -1.660385
v -1.515818 10.015189 -2.086978
v -1.240104 10.683081 -0.779363
v -0.749596 9.965665 -1.660385
v -2.496834 10.015189 -0.324935
v -1.240104 10.683081 -0.779363
v -2.006326 10.732605 -1.205957
v -3.263055 10.283340 -0.751528
v -2.006326 10.732605 -1.205957
v -2.772547 11.000758 -1.632549
v -2.282040 10.283340 -2.513572
v -2.006326 10.732605 -1.205957
v -1.515818 10.015189 -2.086978
v -1.131970 11.200650 -0.719160
v -0.187739 10.838394 0.852427
v 0.256773 11.488538 0.054021
v -1.131970 11.200650 -0.719160
v 0.701285 10.838394 -0.744385
v -0.687458 10.550508 -1.517567
v -1.381830 10.595388 -1.904158
v -1.131970 11.200650 -0.719160
v -0.687458 10.550508 -1.517567
v -2.270854 10.595388 -0.307344
v -1.131970 11.200650 -0.719160
v -1.826342 11.245530 -1.105751
v -2.965225 10.838394 -0.693935
v -1.826342 11.245530 -1.105751
v -2.520714 11.488538 -1.492341
v -2.076202 10.838394 -2.290748
v -1.826342 11.245530 -1.105751
v -1.381830 10.595388 -1.904158
v 1.772619 10.622405 -0.194583
v 0.127292 10.301350 1.006549
v 1.836238 9.852228 0.771990
v -0.117637 10.413206 -0.992121
v 1.772619 10.622405 -0.194583
v 1.591310 9.964086 -1.226681
v 2.462874 9.946966 -1.334445
v 1.772619 10.622405 -0.194583
v 2.644183 10.605286 -0.302348
v 1.772619 10.622405 -0.194583
v 2.707802 9.835110 0.664226
v 2.644183 10.605286 -0.302348
v 2.644183 10.605286 -0.302348
v 3.597298 10.035652 0.566445
v 3.533679 10.805828 -0.400128
v 3.352370 10.147509 -1.432226
v 2.644183 10.605286 -0.302348
v 3.533679 10.805828 -0.400128
v 1.692645 11.147062 -0.155420
v 0.201603 10.856113 0.933080
v 1.750298 10.449108 0.720516
v -0.020358 10.957481 -0.878171
v 1.692645 11.147062 -0.155420
v 1.528337 10.550475 -1.090736
v 2.318173 10.534962 -1.188395
v 1.692645 11.147062 -0.155420
v 2.482480 11.131549 -0.253080
v 1.692645 11.147062 -0.155420
v 2.540134 10.433593 0.622857
v 2.482480 11.131549 -0.253080
v 2.482480 11.131549 -0.253080
v 3.346221 10.615332 0.534245
v 3.288568 11.313286 -0.341691
v 3.124259 10.716699 -1.277006
v 2.482480 11.131549 -0.253080
v 3.288568 11.313286 -0.341691
v -1.423921 10.867163 0.210837
v 0.400758 10.280411 0.971866
v 0.337139 11.050587 0.005292
v -1.423921 10.867163 0.210837
v 0.155830 10.392267 -1.026805
v -1.605230 10.208843 -0.821260
v -2.468670 10.324573 -0.708972
v -1.423921 10.867163 0.210837
v -1.605230 10.208843 -0.821260
v -2.223741 10.212718 1.289698
v -1.423921 10.867163 0.210837
v -2.287361 10.982893 0.323125
v -3.069249 10.546108 1.411969
v -2.287361 10.982893 0.323125
v -3.132867 11.316284 0.445396
v -3.314177 10.657965 -0.586701
v -2.287361 10.982893 0.323125
v -2.468670 10.324573 -0.708972
v -1.259041 11.373072 0.218945
v 0.394535 10.841341 0.908611
v 0.336881 11.539296 0.032674
v -1.259041 11.373072 0.218945
v 0.172574 10.942709 -0.902641
v -1.423349 10.776484 -0.716371
v -2.205822 10.881362 -0.614612
v -1.259041 11.373072 0.218945
v -1.423349 10.776484 -0.716371
v -1.983861 10.779995 1.196640
v -1.259041 11.373072 0.218945
v -2.041515 11.477950 0.320703
v -2.750083 11.082124 1.307445
v -2.041515 11.477950 0.320703
v -2.807736 11.780079 0.431509
v -2.972044 11.183492 -0.503807
v -2.041515 11.477950 0.320703
v -2.205822 10.881362 -0.614612
v 0.208007 10.622405 -1.606648
v 1.154160 10.301350 0.197408
v 1.173429 9.852229 -1.527453
v -0.858801 10.413206 0.145794
v 0.208007 10.622405 -1.606648
v -0.839531 9.964086 -1.579067
v -0.817972 9.946966 -2.457004
v 0.208007 10.622405 -1.606648
v 0.229567 10.605286 -2.484584
v 0.208007 10.622405 -1.606648
v 1.194989 9.835110 -2.405389
v 0.229567 10.605286 -2.484584
v 0.229567 10.605286 -2.484584
v 1.229060 10.035651 -3.299595
v 0.263639 10.805827 -3.378790
v -0.783900 10.147508 -3.351208
v 0.229567 10.605286 -2.484584
v 0.263639 10.805827 -3.378790
v 0.234986 11.147062 -1.521785
v 1.092416 10.856113 0.113101
v 1.109878 10.449108 -1.450016
v -0.731786 10.957481 0.066328
v 0.234986 11.147062 -1.521785
v -0.714323 10.550475 -1.496790
v -0.694786 10.534962 -2.292400
v 0.234986 11.147062 -1.521785
v 0.254524 11.131549 -2.317396
v 0.234986 11.147062 -1.521785
v 1.129416 10.433593 -2.245627
v 0.254524 11.131549 -2.317396
v 0.254524 11.131549 -2.317396
v 1.160293 10.615331 -3.055981
v 0.285400 11.313285 -3.127751
v -0.663908 10.716698 -3.102754
v 0.254524 11.131549 -2.317396
v 0.285400 11.313285 -3.127751
v 0.139009 10.867163 1.614760
v 1.160063 10.280411 -0.078186
v 0.194641 11.050587 -0.157381
v 0.139009 10.867163 1.614760
v -0.852898 10.392267 -0.129800
v -0.908529 10.208843 1.642341
v -0.924420 10.324573 2.512907
v 0.139009 10.867163 1.614760
v -0.908529 10.208843 1.642341
v 1.088540 10.212718 2.564520
v 0.139009 10.867163 1.614760
v 0.123118 10.982893 2.485326
v 1.085161 10.546109 3.418817
v 0.123118 10.982893 2.485326
v 0.119740 11.316285 3.339622
v -0.927799 10.657966 3.367203
v 0.123118 10.982893 2.485326
v -0.924420 10.324573 2.512907
v 0.171273 11.373072 1.452864
v 1.096580 10.841341 -0.081331
v 0.221688 11.539296 -0.153100
v 0.171273 11.373072 1.452864
v -0.727622 10.942709 -0.128105
v -0.778036 10.776484 1.477860
v -0.792437 10.881362 2.266791
v 0.171273 11.373072 1.452864
v -0.778036 10.776484 1.477860
v 1.031765 10.779995 2.313565
v 0.171273 11.373072 1.452864
v 0.156872 11.477950 2.241796
v 1.028703 11.082125 3.087751
v 0.156872 11.477950 2.241796
v 0.153810 11.780080 3.015982
v -0.795499 11.183493 3.040977
v 0.156872 11.477950 2.241796
v -0.792437 10.881362 2.266791
v 0.981666 10.848068 -1.385059
v 0.966547 10.274427 0.595750
v 1.837981 10.070138 -0.945708
v -0.778334 10.401237 -0.407492
v 0.981666 10.848068 -1.385059
v 0.093100 10.196947 -1.948951
v 0.533501 10.302324 -2.701595
v 0.981666 10.848068 -1.385059
v 1.422067 10.953445 -2.137703
v 0.981666 10.848068 -1.385059
v 2.278382 10.175515 -1.698352
v 1.422067 10.953445 -2.137703
v 1.422067 10.953445 -2.137703
v 2.723696 10.498640 -2.432019
v 1.867382 11.276571 -2.871370
v 0.978816 10.625448 -3.435261
v 1.422067 10.953445 -2.137703
v 1.867382 11.276571 -2.871370
v 0.931304 11.355642 -1.233311
v 0.917603 10.835793 0.561754
v 1.707322 10.650661 -0.835158
v -0.663658 10.950711 -0.347412
v 0.931304 11.355642 -1.233311
v 0.126061 10.765578 -1.744325
v 0.525165 10.861075 -2.426392
v 0.931304 11.355642 -1.233311
v 1.330408 11.451138 -1.915378
v 0.931304 11.355642 -1.233311
v 2.106426 10.746157 -1.517226
v 1.330408 11.451138 -1.915378
v 1.330408 11.451138 -1.915378
v 2.509982 11.038980 -2.182096
v 1.733965 11.743963 -2.580248
v 0.928721 11.153898 -3.091261
v 1.330408 11.451138 -1.915378
v 1.733965 11.743963 -2.580248
v -0.637006 10.641525 1.404095
v 1.105025 10.292097 0.357136
v 0.248710 11.070028 -0.082215
v -0.637006 10.641525 1.404095
v -0.639856 10.418906 -0.646107
v -1.525571 9.990403 0.840204
v -1.963746 9.983675 1.601445
v -0.637006 10.641525 1.404095
v -1.525571 9.990403 0.840204
v -0.218865 9.856866 2.604687
v -0.637006 10.641525 1.404095
v -1.075180 10.634796 2.165336
v -0.652125 10.067885 3.384904
v -1.075180 10.634796 2.165336
v -1.508440 10.845817 2.945554
v -2.397007 10.194694 2.381662
v -1.075180 10.634796 2.165336
v -1.963746 9.983675 1.601445
v -0.563377 11.164922 1.342195
v 1.015300 10.848259 0.393411
v 0.239283 11.553243 -0.004742
v -0.563377 11.164922 1.342195
v -0.565960 10.963178 -0.515756
v -1.368621 10.574857 0.831180
v -1.765707 10.568758 1.521038
v -0.563377 11.164922 1.342195
v -1.368621 10.574857 0.831180
v -0.184446 10.453840 2.430206
v -0.563377 11.164922 1.342195
v -0.960464 11.158823 2.032053
v -0.577079 10.645072 3.137260
v -0.960464 11.158823 2.032053
v -1.353096 11.350054 2.739107
v -2.158340 10.759990 2.228093
v -0.960464 11.158823 2.032053
v -1.765707 10.568758 1.521038
v 1.120348 11.955859 1.029534
v -0.548023 11.610673 0.511197
v 0.481926 11.336351 1.621665
v 0.728822 11.610673 -0.673065
v 1.120348 11.955859 1.029534
v 1.758771 11.336351 0.437403
v 2.273745 11.379117 0.992637
v 1.120348 11.955859 1.029534
v 1.635323 11.998625 1.584767
v 1.120348 11.955859 1.029534
v 0.996900 11.379117 2.176899
v 1.635323 11.998625 1.584767
v 1.635323 11.998625 1.584767
v 1.511875 11.610673 2.732131
v 2.150297 12.230182 2.140001
v 2.788720 11.610673 1.547870
v 1.635323 11.998625 1.584767
v 2.150297 12.230182 2.140001
v 1.047672 12.402794 0.951175
v -0.464253 12.089976 0.481444
v 0.469116 11.841379 1.487781
v 0.692860 12.089976 -0.591767
v 1.047672 12.402794 0.951175
v 1.626228 11.841379 0.414570
v 2.092913 11.880135 0.917738
v 1.047672 12.402794 0.951175
v 1.514357 12.441548 1.454344
v 1.047672 12.402794 0.951175
v 0.935801 11.880135 1.990950
v 1.514357 12.441548 1.454344
v 1.514357 12.441548 1.454344
v 1.402485 12.089976 2.494118
v 1.981041 12.651392 1.957512
v 2.559597 12.089976 1.420907
v 1.514357 12.441548 1.454344
v 1.981041 12.651392 1.957512
v -0.777211 11.955859 -1.016372
v -0.385685 11.610673 0.686226
v 0.252737 12.230182 0.094095
v -0.777211 11.955859 -1.016372
v 0.891159 11.610673 -0.498036
v -0.138789 11.336351 -1.608503
v -0.653764 11.379117 -2.163737
v -0.777211 11.955859 -1.016372
v -0.138789 11.336351 -1.608503
v -1.930608 11.379117 -0.979475
v -0.777211 11.955859 -1.016372
v -1.292186 11.998625 -1.571606
v -2.445582 11.610673 -1.534709
v -1.292186 11.998625 -1.571606
v -1.807159 12.230182 -2.126839
v -1.168738 11.610673 -2.718971
v -1.292186 11.998625 -1.571606
v -0.653764 11.379117 -2.163737
v -0.704535 12.402794 -0.938015
v -0.349723 12.089976 0.604928
v 0.228834 12.651392 0.068322
v -0.704535 12.402794 -0.938015
v 0.807390 12.089976 -0.468283
v -0.125979 11.841379 -1.474620
v -0.592663 11.880135 -1.977789
v -0.704535 12.402794 -0.938015
v -0.125979 11.841379 -1.474620
v -1.749776 11.880135 -0.904577
v -0.704535 12.402794 -0.938015
v -1.171219 12.441548 -1.441183
v -2.216460 12.089976 -1.407746
v -1.171219 12.441548 -1.441183
v -1.637904 12.651392 -1.944351
v -1.059347 12.089976 -2.480957
v -1.171219 12.441548 -1.441183
v -0.592663 11.880135 -1.977789
v 1.539912 11.903464 0.269735
v -0.132301 11.626225 0.815747
v 1.333563 11.238397 1.080351
v 0.201298 11.722816 -0.890767
v 1.539912 11.903464 0.269735
v 1.667162 11.334988 -0.626163
v 2.411581 11.320205 -0.481477
v 1.539912 11.903464 0.269735
v 2.284331 11.888680 0.414422
v 1.539912 11.903464 0.269735
v 2.077982 11.223614 1.225038
v 2.284331 11.888680 0.414422
v 2.284331 11.888680 0.414422
v 2.834453 11.396788 1.382718
v 3.040802 12.061854 0.572103
v 3.168052 11.493379 -0.323796
v 2.284331 11.888680 0.414422
v 3.040802 12.061854 0.572103
v 1.463773 12.356519 0.280495
v -0.051634 12.105277 0.775306
v 1.276774 11.753818 1.015097
v 0.250683 12.192811 -0.771185
v 1.463773 12.356519 0.280495
v 1.579090 11.841351 -0.531394
v 2.253704 11.827954 -0.400275
v 1.463773 12.356519 0.280495
v 2.138386 12.343122 0.411613
v 1.463773 12.356519 0.280495
v 1.951387 11.740419 1.146217
v 2.138386 12.343122 0.411613
v 2.138386 12.343122 0.411613
v 2.636923 11.897356 1.289111
v 2.823922 12.500057 0.554509
v 2.939239 11.984889 -0.257380
v 2.138386 12.343122 0.411613
v 2.823922 12.500057 0.554509
v -1.193036 12.114819 -0.252554
v 0.101505 11.608143 0.860429
v 0.307853 12.273210 0.049814
v -1.193036 12.114819 -0.252554
v 0.435103 11.704734 -0.846084
v -1.065786 11.546343 -1.148452
v -1.804745 11.646277 -1.287251
v -1.193036 12.114819 -0.252554
v -1.065786 11.546343 -1.148452
v -2.138343 11.549688 0.419263
v -1.193036 12.114819 -0.252554
v -1.931995 12.214754 -0.391353
v -2.865250 11.837580 0.293458
v -1.931995 12.214754 -0.391353
v -2.658900 12.502646 -0.517158
v -2.531651 11.934171 -1.413056
v -1.931995 12.214754 -0.391353
v -1.804745 11.646277 -1.287251
v -1.059832 12.551684 -0.201787
v 0.113317 12.092521 0.806830
v 0.300316 12.695223 0.072227
v -1.059832 12.551684 -0.201787
v 0.415634 12.180055 -0.739661
v -0.944515 12.036515 -1.013675
v -1.614180 12.127080 -1.139459
v -1.059832 12.551684 -0.201787
v -0.944515 12.036515 -1.013675
v -1.916497 12.039547 0.407032
v -1.059832 12.551684 -0.201787
v -1.729497 12.642249 -0.327571
v -2.575239 12.300443 0.293024
v -1.729497 12.642249 -0.327571
v -2.388240 12.903145 -0.441579
v -2.272922 12.387977 -1.253467
v -1.729497 12.642249 -0.327571
v -1.614180 12.127080 -1.139459
v 0.633066 11.903464 -1.308200
v 0.927265 11.626225 0.426122
v 1.404530 11.238397 -0.984903
v -0.711649 11.722816 -0.154772
v 0.633066 11.903464 -1.308200
v -0.234384 11.334988 -1.565798
v 0.018187 11.320205 -2.280852
v 0.633066 11.903464 -1.308200
v 0.885638 11.888680 -2.023253
v 0.633066 11.903464 -1.308200
v 1.657102 11.223614 -1.699956
v 0.885638 11.888680 -2.023253
v 0.885638 11.888680 -2.023253
v 1.924298 11.396788 -2.425020
v 1.152835 12.061854 -2.748317
v 0.285384 11.493378 -3.005914
v 0.885638 11.888680 -2.023253
v 1.152835 12.061854 -2.748317
v 0.632514 12.356519 -1.231306
v 0.899124 12.105277 0.340385
v 1.331635 11.753818 -0.938325
v -0.586105 12.192811 -0.186038
v 0.632514 12.356519 -1.231306
v -0.153594 11.841351 -1.464749
v 0.075293 11.827954 -2.112750
v 0.632514 12.356519 -1.231306
v 0.861401 12.343122 -1.879308
v 0.632514 12.356519 -1.231306
v 1.560523 11.740419 -1.586327
v 0.861401 12.343122 -1.879308
v 0.861401 12.343122 -1.879308
v 1.802665 11.897356 -2.243400
v 1.103542 12.500057 -2.536382
v 0.317434 11.984889 -2.769823
v 0.861401 12.343122 -1.879308
v 1.103542 12.500057 -2.536382
v -0.285392 12.114819 1.318247
v 1.005840 11.608143 0.201428
v 0.234376 12.273210 -0.121869
v -0.285392 12.114819 1.318247
v -0.633074 11.704734 -0.379467
v -1.152842 11.546343 1.060650
v -1.398787 11.646277 1.771167
v -0.285392 12.114819 1.318247
v -1.152842 11.546343 1.060650
v 0.240126 11.549688 2.352062
v -0.285392 12.114819 1.318247
v -0.531338 12.214754 2.028765
v 0.008806 11.837581 3.052570
v -0.531338 12.214754 2.028765
v -0.762657 12.502646 2.729273
v -1.630108 11.934171 2.471675
v -0.531338 12.214754 2.028765
v -1.398787 11.646277 1.771167
v -0.215591 12.551684 1.193956
v 0.954559 12.092521 0.181862
v 0.255437 12.695223 -0.111119
v -0.215591 12.551684 1.193956
v -0.530671 12.180055 -0.344561
v -1.001699 12.036515 0.960513
v -1.224582 12.127080 1.604406
v -0.215591 12.551684 1.193956
v -1.001699 12.036515 0.960513
v 0.260648 12.039547 2.130829
v -0.215591 12.551684 1.193956
v -0.438474 12.642249 1.837847
v 0.051020 12.300443 2.765648
v -0.438474 12.642249 1.837847
v -0.648103 12.903145 2.472667
v -1.434211 12.387977 2.239224
v -0.438474 12.642249 1.837847
v -1.224582 12.127080 1.604406
v 1.208990 12.098330 -0.919293
v 0.666660 11.602976 0.702986
v 1.794522 11.426567 -0.329482
v -0.497565 11.712480 -0.587516
v 1.208990 12.098330 -0.919293
v 0.630297 11.536070 -1.619985
v 1.193236 11.627066 -2.120117
v 1.208990 12.098330 -0.919293
v 1.771929 12.189326 -1.419426
v 1.208990 12.098330 -0.919293
v 2.357460 11.517563 -0.829615
v 1.771929 12.189326 -1.419426
v 1.771929 12.189326 -1.419426
v 2.919356 11.796590 -1.312853
v 2.333825 12.468353 -1.902663
v 1.755131 11.906093 -2.603354
v 1.771929 12.189326 -1.419426
v 2.333825 12.468353 -1.902663
v 1.127045 12.536633 -0.808175
v 0.635570 12.087729 0.661981
v 1.657670 11.927863 -0.273671
v -0.419483 12.186965 -0.507509
v 1.127045 12.536633 -0.808175
v 0.602617 12.027098 -1.443161
v 1.112767 12.109562 -1.896395
v 1.127045 12.536633 -0.808175
v 1.637195 12.619097 -1.261409
v 1.127045 12.536633 -0.808175
v 2.167821 12.010326 -0.726906
v 1.637195 12.619097 -1.261409
v 1.637195 12.619097 -1.261409
v 2.677027 12.263187 -1.164829
v 2.146401 12.871959 -1.699333
v 1.621973 12.362423 -2.334318
v 1.637195 12.619097 -1.261409
v 2.146401 12.871959 -1.699333
v -0.866174 11.919974 0.937679
v 0.844192 11.618235 0.544121
v 0.258660 12.289998 -0.045690
v -0.866174 11.919974 0.937679
v -0.320033 11.727737 -0.746382
v -1.444867 11.357714 0.236988
v -2.008276 11.351904 0.744775
v -0.866174 11.919974 0.937679
v -1.444867 11.357714 0.236988
v -0.844052 11.242401 2.035277
v -0.866174 11.919974 0.937679
v -1.429584 11.914164 1.445466
v -1.408504 11.424621 2.559958
v -1.429584 11.914164 1.445466
v -1.994036 12.096385 1.970148
v -2.572729 11.534124 1.269456
v -1.429584 11.914164 1.445466
v -2.008276 11.351904 0.744775
v -0.789162 12.371942 0.906554
v 0.760820 12.098495 0.549900
v 0.230194 12.707266 0.015397
v -0.789162 12.371942 0.906554
v -0.294234 12.197730 -0.619590
v -1.313590 11.862405 0.271568
v -1.824168 11.857139 0.731738
v -0.789162 12.371942 0.906554
v -1.313590 11.862405 0.271568
v -0.769114 11.757904 1.901228
v -0.789162 12.371942 0.906554
v -1.299741 12.366674 1.366725
v -1.280637 11.923037 2.376709
v -1.299741 12.366674 1.366725
v -1.811262 12.531808 1.842206
v -2.335690 12.022272 1.207219
v -1.299741 12.366674 1.366725
v -1.824168 11.857139 0.731738
v 1.597310 13.569936 0.006586
v 0.049605 13.109828 0.896381
v 1.597310 12.744180 0.896381
v 0.049605 13.109828 -0.883209
v 1.597310 13.569936 0.006586
v 1.597310 12.744180 -0.883210
v 2.371162 12.801182 -0.883210
v 1.597310 13.569936 0.006586
v 2.371162 13.626939 0.006586
v 1.597310 13.569936 0.006586
v 2.371162 12.801182 0.896381
v 2.371162 13.626939 0.006586
v 2.371162 13.626939 0.006586
v 3.145014 13.109828 0.896381
v 3.145014 13.935585 0.006586
v 3.145014 13.109828 -0.883210
v 2.371162 13.626939 0.006586
v 3.145014 13.935585 0.006586
v 1.488099 14.165667 0.006586
v 0.085526 13.748705 0.812943
v 1.488099 13.417342 0.812943
v 0.085526 13.748705 -0.799772
v 1.488099 14.165667 0.006586
v 1.488099 13.417342 -0.799772
v 2.189386 13.469000 -0.799772
v 1.488099 14.165667 0.006586
v 2.189386 14.217323 0.006586
v 1.488099 14.165667 0.006586
v 2.189386 13.469000 0.812943
v 2.189386 14.217323 0.006586
v 2.189386 14.217323 0.006586
v 2.890673 13.748705 0.812943
v 2.890673 14.497028 0.006585
v 2.890673 13.748705 -0.799772
v 2.189386 14.217323 0.006586
v 2.890673 14.497028 0.006585
v -1.254154 13.569936 0.006586
v 0.293550 13.109828 0.896381
v 0.293550 13.935585 0.006586
v -1.254154 13.569936 0.006586
v 0.293550 13.109828 -0.883209
v -1.254154 12.744180 -0.883210
v -2.028006 12.801182 -0.883210
v -1.254154 13.569936 0.006586
v -1.254154 12.744180 -0.883210
v -2.028006 12.801182 0.896381
v -1.254154 13.569936 0.006586
v -2.028006 13.626939 0.006586
v -2.801858 13.109828 0.896381
v -2.028006 13.626939 0.006586
v -2.801858 13.935585 0.006586
v -2.801858 13.109828 -0.883210
v -2.028006 13.626939 0.006586
v -2.028006 12.801182 -0.883210
v -1.144943 14.165667 0.006586
v 0.257630 13.748705 0.812943
v 0.257630 14.497028 0.006586
v -1.144943 14.165667 0.006586
v 0.257630 13.748705 -0.799772
v -1.144943 13.417342 -0.799772
v -1.846230 13.469000 -0.799772
v -1.144943 14.165667 0.006586
v -1.144943 13.417342 -0.799772
v -1.846230 13.469000 0.812943
v -1.144943 14.165667 0.006586
v -1.846230 14.217323 0.006586
v -2.547517 13.748705 0.812943
v -1.846230 14.217323 0.006586
v -2.547517 14.497028 0.006585
v -2.547517 13.748705 -0.799772
v -1.846230 14.217323 0.006586
v -1.846230 13.469000 -0.799772
v 1.319604 13.500097 -0.835747
v 0.566668 13.130558 0.796544
v 1.783547 12.613614 -0.117847
v -0.480080 13.259307 -0.639256
v 1.319604 13.500097 -0.835747
v 0.736799 12.742361 -1.553647
v 1.362500 12.722658 -2.010843
v 1.319604 13.500097 -0.835747
v 1.945305 13.480392 -1.292943
v 1.319604 13.500097 -0.835747
v 2.409247 12.593910 -0.575043
v 1.945305 13.480392 -1.292943
v 1.945305 13.480392 -1.292943
v 3.053059 12.824737 -1.032239
v 2.589116 13.711220 -1.750139
v 2.006311 12.953485 -2.468038
v 1.945305 13.480392 -1.292943
v 2.589116 13.711220 -1.750139
v 1.274756 14.103984 -0.771225
v 0.592424 13.769098 0.708003
v 1.695194 13.300629 -0.120644
v -0.356168 13.885775 -0.593159
v 1.274756 14.103984 -0.771225
v 0.746602 13.417303 -1.421806
v 1.313630 13.399448 -1.836130
v 1.274756 14.103984 -0.771225
v 1.841784 14.086129 -1.185549
v 1.274756 14.103984 -0.771225
v 2.262222 13.282773 -0.534967
v 1.841784 14.086129 -1.185549
v 1.841784 14.086129 -1.185549
v 2.845662 13.491955 -0.949291
v 2.425224 14.295311 -1.599872
v 1.897069 13.608629 -2.250453
v 1.841784 14.086129 -1.185549
v 2.425224 14.295311 -1.599872
v -0.970838 13.781816 0.848911
v 0.762617 13.106457 0.652420
v 0.298674 13.992941 -0.065480
v -0.970838 13.781816 0.848911
v -0.284131 13.235205 -0.783379
v -1.553643 13.024082 0.131012
v -2.171138 13.157290 0.588207
v -0.970838 13.781816 0.848911
v -1.553643 13.024082 0.131012
v -1.124390 13.028540 2.024007
v -0.970838 13.781816 0.848911
v -1.588333 13.915024 1.306107
v -1.723775 13.412279 2.481202
v -1.588333 13.915024 1.306107
v -2.187717 14.298761 1.763302
v -2.770522 13.541026 1.045403
v -1.588333 13.915024 1.306107
v -2.171138 13.157290 0.588207
v -0.840238 14.364126 0.784389
v 0.730667 13.752095 0.606323
v 0.310229 14.555452 -0.044258
v -0.840238 14.364126 0.784389
v -0.217925 13.868772 -0.694839
v -1.368393 13.677444 0.133808
v -1.927984 13.798161 0.548132
v -0.840238 14.364126 0.784389
v -1.368393 13.677444 0.133808
v -0.979392 13.681486 1.849294
v -0.840238 14.364126 0.784389
v -1.399830 14.484842 1.198713
v -1.522571 14.029242 2.263617
v -1.399830 14.484842 1.198713
v -1.943009 14.832596 1.613036
v -2.471163 14.145916 0.962455
v -1.399830 14.484842 1.198713
v -1.927984 13.798161 0.548132
v -0.492795 13.500097 -1.252823
v 1.011044 13.130558 -0.268062
v 0.285518 12.613614 -1.606165
v -0.563061 13.259307 0.556191
v -0.492795 13.500097 -1.252823
v -1.288587 12.742361 -0.781911
v -1.648812 12.722658 -1.468036
v -0.492795 13.500097 -1.252823
v -0.853020 13.480392 -1.938948
v -0.492795 13.500097 -1.252823
v -0.074706 12.593910 -2.292289
v -0.853020 13.480392 -1.938948
v -0.853020 13.480392 -1.938948
v -0.432268 12.824736 -2.996328
v -1.210582 13.711220 -2.642987
v -2.006373 12.953485 -2.172075
v -0.853020 13.480392 -1.938948
v -1.210582 13.711220 -2.642987
v -0.435569 14.103984 -1.198975
v 0.927253 13.769098 -0.306557
v 0.269761 13.300629 -1.519184
v -0.499245 13.885775 0.440405
v -0.435569 14.103984 -1.198975
v -1.156737 13.417303 -0.772222
v -1.483183 13.399448 -1.394007
v -0.435569 14.103984 -1.198975
v -0.762015 14.086129 -1.820761
v -0.435569 14.103984 -1.198975
v -0.056685 13.282773 -2.140969
v -0.762015 14.086129 -1.820761
v -0.762015 14.086129 -1.820761
v -0.380717 13.491955 -2.778989
v -1.086048 14.295311 -2.458781
v -1.807216 13.608629 -2.032027
v -0.762015 14.086129 -1.820761
v -1.086048 14.295311 -2.458781
v 0.836771 13.781816 1.260432
v 0.897299 13.106457 -0.483073
v 0.118985 13.992941 -0.129731
v 0.836771 13.781816 1.260432
v -0.676806 13.235205 0.341181
v 0.040980 13.024082 1.731344
v 0.402411 13.157290 2.409352
v 0.836771 13.781816 1.260432
v 0.040980 13.024082 1.731344
v 1.976516 13.028540 1.585099
v 0.836771 13.781816 1.260432
v 1.198202 13.915024 1.938441
v 2.340611 13.412279 2.245193
v 1.198202 13.915024 1.938441
v 1.562297 14.298761 2.598535
v 0.766506 13.541027 3.069447
v 1.198202 13.915024 1.938441
v 0.402411 13.157290 2.409352
v 0.792153 14.364126 1.121765
v 0.847005 13.752095 -0.458249
v 0.141675 14.555452 -0.138040
v 0.792153 14.364126 1.121765
v -0.579493 13.868772 0.288713
v 0.070985 13.677444 1.548519
v 0.398524 13.798161 2.162949
v 0.792153 14.364126 1.121765
v 0.070985 13.677444 1.548519
v 1.825023 13.681486 1.415987
v 0.792153 14.364126 1.121765
v 1.119692 14.484842 1.736195
v 2.154975 14.029242 2.014183
v 1.119692 14.484842 1.736195
v 1.449645 14.832596 2.334391
v 0.728476 14.145916 2.761145
v 1.119692 14.484842 1.736195
v 0.398524 13.798161 2.162949
v 0.198794 13.759838 -1.414069
v 1.037384 13.099569 0.119583
v 1.047583 12.864429 -1.442905
v -0.738517 13.245528 0.095080
v 0.198794 13.759838 -1.414069
v -0.728317 13.010388 -1.467408
v -0.711843 13.131680 -2.236719
v 0.198794 13.759838 -1.414069
v 0.215268 13.881130 -2.183380
v 0.198794 13.759838 -1.414069
v 1.064057 12.985720 -2.212216
v 0.215268 13.881130 -2.183380
v 0.215268 13.881130 -2.183380
v 1.092464 13.357639 -2.969005
v 0.243676 14.253051 -2.940170
v -0.683435 13.503600 -2.993509
v 0.215268 13.881130 -2.183380
v 0.243676 14.253051 -2.940170
v 0.225103 14.344065 -1.275457
v 0.985056 13.745708 0.114382
v 0.994300 13.532619 -1.301589
v -0.624314 13.877980 0.092176
v 0.225103 14.344065 -1.275457
v -0.615071 13.664890 -1.323794
v -0.600142 13.774809 -2.020966
v 0.225103 14.344065 -1.275457
v 0.240032 14.453981 -1.972628
v 0.225103 14.344065 -1.275457
v 1.009229 13.642536 -1.998761
v 0.240032 14.453981 -1.972628
v 0.240032 14.453981 -1.972628
v 1.034973 13.979582 -2.684585
v 0.265776 14.791025 -2.658453
v -0.574398 14.111854 -2.706789
v 0.240032 14.453981 -1.972628
v 0.265776 14.791025 -2.658453
v 0.148054 13.522105 1.431112
v 1.041724 13.119907 -0.123824
v 0.192936 14.015317 -0.094989
v 0.148054 13.522105 1.431112
v -0.734176 13.265866 -0.148328
v -0.779057 12.772654 1.377773
v -0.790124 12.764910 2.152756
v 0.148054 13.522105 1.431112
v -0.779057 12.772654 1.377773
v 0.985776 12.618951 2.177259
v 0.148054 13.522105 1.431112
v 0.136987 13.514359 2.206095
v 0.986642 12.861836 2.964764
v 0.136987 13.514359 2.206095
v 0.137854 13.757245 2.993600
v -0.789257 13.007795 2.940260
v 0.136987 13.514359 2.206095
v -0.790124 12.764910 2.152756
v 0.178250 14.124540 1.351784
v 0.988119 13.760057 -0.057344
v 0.218923 14.571503 -0.031212
v 0.178250 14.124540 1.351784
v -0.621252 13.892330 -0.079549
v -0.661925 13.445367 1.303446
v -0.671954 13.438350 2.005758
v 0.178250 14.124540 1.351784
v -0.661925 13.445367 1.303446
v 0.937417 13.306077 2.027964
v 0.178250 14.124540 1.351784
v 0.168220 14.117522 2.054095
v 0.938203 13.526186 2.741622
v 0.168220 14.117522 2.054095
v 0.169006 14.337629 2.767754
v -0.671169 13.658458 2.719417
v 0.168220 14.117522 2.054095
v -0.671954 13.438350 2.005758
v 1.268759 14.912689 0.311151
v -0.112368 14.545221 0.665279
v 1.078681 14.253191 0.995900
v 0.267789 14.545221 -0.704219
v 1.268759 14.912689 0.311151
v 1.458838 14.253191 -0.373598
v 2.054362 14.298717 -0.208288
v 1.268759 14.912689 0.311151
v 1.864284 14.958216 0.476461
v 1.268759 14.912689 0.311151
v 1.674205 14.298717 1.161211
v 1.864284 14.958216 0.476461
v 1.864284 14.958216 0.476461
v 2.269730 14.545221 1.326521
v 2.459808 15.204716 0.641772
v 2.649887 14.545221 -0.042978
v 1.864284 14.958216 0.476461
v 2.459808 15.204716 0.641772
v 1.184715 15.388472 0.287821
v -0.066901 15.055464 0.608742
v 1.012461 14.790817 0.908361
v 0.277608 15.055464 -0.632336
v 1.184715 15.388472 0.287821
v 1.356970 14.790817 -0.332718
v 1.896651 14.832075 -0.182909
v 1.184715 15.388472 0.287821
v 1.724397 15.429729 0.437630
v 1.184715 15.388472 0.287821
v 1.552142 14.832075 1.058170
v 1.724397 15.429729 0.437630
v 1.724397 15.429729 0.437630
v 2.091823 15.055464 1.207978
v 2.264077 15.653116 0.587439
v 2.436332 15.055464 -0.033100
v 1.724397 15.429729 0.437630
v 2.264077 15.653116 0.587439
v -0.925608 14.912689 -0.297980
v 0.075362 14.545221 0.717391
v 0.265440 15.204716 0.032641
v -0.925608 14.912689 -0.297980
v 0.455519 14.545221 -0.652108
v -0.735530 14.253191 -0.982729
v -1.331054 14.298717 -1.148040
v -0.925608 14.912689 -0.297980
v -0.735530 14.253191 -0.982729
v -1.711211 14.298717 0.221459
v -0.925608 14.912689 -0.297980
v -1.521133 14.958216 -0.463290
v -2.306736 14.545221 0.056148
v -1.521133 14.958216 -0.463290
v -2.116657 15.204716 -0.628601
v -1.926579 14.545221 -1.313350
v -1.521133 14.958216 -0.463290
v -1.331054 14.298717 -1.148040
v -0.841564 15.388472 -0.274650
v 0.065543 15.055464 0.645507
v 0.237798 15.653116 0.024968
v -0.841564 15.388472 -0.274650
v 0.410052 15.055464 -0.595571
v -0.669310 14.790817 -0.895189
v -1.208991 14.832075 -1.044998
v -0.841564 15.388472 -0.274650
v -0.669310 14.790817 -0.895189
v -1.553500 14.832075 0.196080
v -0.841564 15.388472 -0.274650
v -1.381245 15.429729 -0.424459
v -2.093181 15.055464 0.046271
v -1.381245 15.429729 -0.424459
v -1.920926 15.653116 -0.574269
v -1.748672 15.055464 -1.194808
v -1.381245 15.429729 -0.424459
v -1.208991 14.832075 -1.044998
v 1.234988 14.856911 -0.396397
v 0.306869 14.561777 0.698904
v 1.438661 14.148913 0.255176
v -0.191948 14.664600 -0.629634
v 1.234988 14.856911 -0.396397
v 0.939844 14.251740 -1.073361
v 1.519023 14.236004 -1.291538
v 1.234988 14.856911 -0.396397
v 1.814167 14.841173 -0.614573
v 1.234988 14.856911 -0.396397
v 2.017840 14.133177 0.037000
v 1.814167 14.841173 -0.614573
v 1.814167 14.841173 -0.614573
v 2.610957 14.317530 -0.177307
v 2.407284 15.025526 -0.828881
v 2.112140 14.420355 -1.505845
v 1.814167 14.841173 -0.614573
v 2.407284 15.025526 -0.828881
v 1.186692 15.339211 -0.356324
v 0.345604 15.071751 0.636269
v 1.371266 14.697605 0.234150
v -0.106438 15.164934 -0.567690
v 1.186692 15.339211 -0.356324
v 0.919224 14.790789 -0.969808
v 1.444092 14.776525 -1.167526
v 1.186692 15.339211 -0.356324
v 1.711560 15.324949 -0.554042
v 1.186692 15.339211 -0.356324
v 1.896135 14.683344 0.036433
v 1.711560 15.324949 -0.554042
v 1.711560 15.324949 -0.554042
v 2.433634 14.850407 -0.157779
v 2.249059 15.492016 -0.748253
v 1.981591 14.943592 -1.361737
v 1.711560 15.324949 -0.554042
v 2.249059 15.492016 -0.748253
v -0.887518 15.081907 0.410761
v 0.488451 14.542528 0.629851
v 0.284778 15.250525 -0.021723
v -0.887518 15.081907 0.410761
v -0.010366 14.645353 -0.698687
v -1.182662 14.476736 -0.266203
v -1.755527 14.583124 -0.046274
v -0.887518 15.081907 0.410761
v -1.182662 14.476736 -0.266203
v -1.256710 14.480299 1.282264
v -0.887518 15.081907 0.410761
v -1.460383 15.188295 0.630690
v -1.815637 14.786774 1.506062
v -1.460383 15.188295 0.630690
v -2.019310 15.494772 0.854488
v -2.314454 14.889601 0.177523
v -1.460383 15.188295 0.630690
v -1.755527 14.583124 -0.046274
v -0.773231 15.546974 0.389006
v 0.473711 15.058170 0.587551
v 0.289137 15.699778 -0.002923
v -0.773231 15.546974 0.389006
v 0.021669 15.151354 -0.616407
v -1.040699 14.998552 -0.224478
v -1.559845 15.094961 -0.025172
v -0.773231 15.546974 0.389006
v -1.040699 14.998552 -0.224478
v -1.107803 15.001780 1.178786
v -0.773231 15.546974 0.389006
v -1.292377 15.643385 0.588312
v -1.614319 15.279514 1.381598
v -1.292377 15.643385 0.588312
v -1.798892 15.921120 0.791124
v -2.066360 15.372700 0.177639
v -1.292377 15.643385 0.588312
v -1.559845 15.094961 -0.025172
v -0.070663 14.856911 -1.104526
v 0.876264 14.561777 -0.025445
v 0.603776 14.148913 -1.210180
v -0.511179 14.664600 0.272605
v -0.070663 14.856911 -1.104526
v -0.783667 14.251740 -0.912129
v -0.914311 14.236004 -1.517094
v -0.070663 14.856911 -1.104526
v -0.201307 14.841173 -1.709491
v -0.070663 14.856911 -1.104526
v 0.473132 14.133177 -1.815144
v -0.201307 14.841173 -1.709491
v -0.201307 14.841173 -1.709491
v 0.348364 14.317530 -2.433326
v -0.326074 15.025526 -2.327672
v -1.039078 14.420355 -2.135275
v -0.201307 14.841173 -1.709491
v -0.326074 15.025526 -2.327672
v -0.038127 15.339211 -1.050863
v 0.820005 15.071751 -0.072969
v 0.573069 14.697605 -1.146609
v -0.437334 15.164934 0.197133
v -0.038127 15.339211 -1.050863
v -0.684271 14.790789 -0.876507
v -0.802664 14.776525 -1.424743
v -0.038127 15.339211 -1.050863
v -0.156520 15.324949 -1.599099
v -0.038127 15.339211 -1.050863
v 0.454676 14.683344 -1.694845
v -0.156520 15.324949 -1.599099
v -0.156520 15.324949 -1.599099
v 0.341608 14.850407 -2.255058
v -0.269588 15.492016 -2.159312
v -0.915732 14.943592 -1.984956
v -0.156520 15.324949 -1.599099
v -0.269588 15.492016 -2.159312
v 0.415634 15.081907 1.113592
v 0.834661 14.542528 -0.215207
v 0.160222 15.250525 -0.109553
v 0.415634 15.081907 1.113592
v -0.552782 14.645353 0.082844
v -0.297370 14.476736 1.305989
v -0.164064 14.583124 1.904965
v 0.415634 15.081907 1.113592
v -0.297370 14.476736 1.305989
v 1.223379 14.480299 1.606915
v 0.415634 15.081907 1.113592
v 0.548939 15.188295 1.712568
v 1.362560 14.786774 2.192674
v 0.548939 15.188295 1.712568
v 0.688122 15.494772 2.298327
v -0.024882 14.889601 2.490724
v 0.548939 15.188295 1.712568
v -0.164064 14.583124 1.904965
v 0.410920 15.546974 0.997348
v 0.790654 15.058170 -0.206847
v 0.179459 15.699778 -0.111101
v 0.410920 15.546974 0.997348
v -0.466686 15.151354 0.063255
v -0.235225 14.998552 1.171704
v -0.114419 15.094961 1.714514
v 0.410920 15.546974 0.997348
v -0.235225 14.998552 1.171704
v 1.142921 15.001780 1.444412
v 0.410920 15.546974 0.997348
v 0.531725 15.643385 1.540158
v 1.269052 15.279514 1.975243
v 0.531725 15.643385 1.540158
v 0.657856 15.921120 2.070988
v 0.011712 15.372700 2.245344
v 0.531725 15.643385 1.540158
v -0.114419 15.094961 1.714514
v 0.496001 15.064356 -1.080877
v 0.813725 14.537027 0.278497
v 1.155353 14.349230 -0.921749
v -0.547699 14.653597 -0.119728
v 0.496001 15.064356 -1.080877
v -0.206071 14.465803 -1.319974
v -0.029053 14.562674 -1.908485
v 0.496001 15.064356 -1.080877
v 0.673019 15.161226 -1.669388
v 0.496001 15.064356 -1.080877
v 1.332371 14.446100 -1.510260
v 0.673019 15.161226 -1.669388
v 0.673019 15.161226 -1.669388
v 1.515898 14.743139 -2.086585
v 0.856546 15.458263 -2.245713
v 0.154474 14.859709 -2.484810
v 0.673019 15.161226 -1.669388
v 0.856546 15.458263 -2.245713
v 0.486637 15.530951 -0.968587
v 0.774567 15.053070 0.263316
v 1.084161 14.882885 -0.824381
v -0.459194 15.158712 -0.097566
v 0.486637 15.530951 -0.968587
v -0.149601 14.988525 -1.185263
v 0.010818 15.076309 -1.718588
v 0.486637 15.530951 -0.968587
v 0.647056 15.618738 -1.501912
v 0.486637 15.530951 -0.968587
v 1.244579 14.970671 -1.357706
v 0.647056 15.618738 -1.501912
v 0.647056 15.618738 -1.501912
v 1.410897 15.239855 -1.879988
v 0.813373 15.887922 -2.024194
v 0.177135 15.345493 -2.240870
v 0.647056 15.618738 -1.501912
v 0.813373 15.887922 -2.024194
v -0.150835 14.874487 1.097816
v 0.869062 14.553268 0.092108
v 0.209710 15.268396 -0.067019
v -0.150835 14.874487 1.097816
v -0.492362 14.669842 -0.306117
v -0.852907 14.275932 0.858719
v -1.026976 14.269748 1.452749
v -0.150835 14.874487 1.097816
v -0.852907 14.275932 0.858719
v 0.334448 14.153177 1.850975
v -0.150835 14.874487 1.097816
v -0.324904 14.868301 1.691847
v 0.166888 14.347160 2.457190
v -0.324904 14.868301 1.691847
v -0.492464 15.062284 2.298063
v -1.194536 14.463730 2.058965
v -0.324904 14.868301 1.691847
v -1.026976 14.269748 1.452749
v -0.110652 15.355629 1.043219
v 0.813608 15.064531 0.131818
v 0.216084 15.712597 -0.012388
v -0.110652 15.355629 1.043219
v -0.420153 15.170170 -0.229065
v -0.746889 14.813202 0.826542
v -0.904635 14.807596 1.364870
v -0.110652 15.355629 1.043219
v -0.746889 14.813202 0.826542
v 0.329126 14.701956 1.725753
v -0.110652 15.355629 1.043219
v -0.268398 15.350021 1.581546
v 0.177278 14.877747 2.275122
v -0.268398 15.350021 1.581546
v -0.420245 15.525814 2.130916
v -1.056483 14.983387 1.914239
v -0.268398 15.350021 1.581546
v -0.904635 14.807596 1.364870
v 0.999042 16.246677 0.593412
v -0.265453 15.919302 0.472800
v 0.632804 15.659140 1.109832
v 0.467023 15.919302 -0.560039
v 0.999042 16.246677 0.593412
v 1.365280 15.659140 0.076993
v 1.814408 15.699697 0.395509
v 0.999042 16.246677 0.593412
v 1.448170 16.287235 0.911928
v 0.999042 16.246677 0.593412
v 1.081932 15.699697 1.428348
v 1.448170 16.287235 0.911928
v 1.448170 16.287235 0.911928
v 1.531061 15.919302 1.746863
v 1.897299 16.506844 1.230444
v 2.263537 15.919302 0.714024
v 1.448170 16.287235 0.911928
v 1.897299 16.506844 1.230444
v 0.935658 16.670547 0.548461
v -0.210263 16.373873 0.439159
v 0.603763 16.138103 1.016455
v 0.453527 16.373873 -0.496829
v 0.935658 16.670547 0.548461
v 1.267553 16.138103 0.080467
v 1.674566 16.174858 0.369115
v 0.935658 16.670547 0.548461
v 1.342671 16.707302 0.837109
v 0.935658 16.670547 0.548461
v 1.010776 16.174858 1.305103
v 1.342671 16.707302 0.837109
v 1.342671 16.707302 0.837109
v 1.417789 16.373873 1.593751
v 1.749684 16.906319 1.125757
v 2.081579 16.373873 0.657763
v 1.342671 16.707302 0.837109
v 1.749684 16.906319 1.125757
v -0.655891 16.246677 -0.580244
v -0.123872 15.919302 0.573207
v 0.242366 16.506844 0.056787
v -0.655891 16.246677 -0.580244
v 0.608603 15.919302 -0.459632
v -0.289653 15.659140 -1.096664
v -0.738782 15.699697 -1.415180
v -0.655891 16.246677 -0.580244
v -0.289653 15.659140 -1.096664
v -1.471258 15.699697 -0.382341
v -0.655891 16.246677 -0.580244
v -1.105020 16.287235 -0.898760
v -1.920386 15.919302 -0.700857
v -1.105020 16.287235 -0.898760
v -1.554148 16.506844 -1.217277
v -1.187910 15.919302 -1.733696
v -1.105020 16.287235 -0.898760
v -0.738782 15.699697 -1.415180
v -0.592507 16.670547 -0.535294
v -0.110377 16.373873 0.509997
v 0.221518 16.906319 0.042003
v -0.592507 16.670547 -0.535294
v 0.553413 16.373873 -0.425991
v -0.260612 16.138103 -1.003288
v -0.667625 16.174858 -1.291936
v -0.592507 16.670547 -0.535294
v -0.260612 16.138103 -1.003288
v -1.331416 16.174858 -0.355948
v -0.592507 16.670547 -0.535294
v -0.999521 16.707302 -0.823942
v -1.738428 16.373873 -0.644596
v -0.999521 16.707302 -0.823942
v -1.406534 16.906319 -1.112590
v -1.074638 16.373873 -1.580584
v -0.999521 16.707302 -0.823942
v -0.667625 16.174858 -1.291936
v 1.184569 16.196983 -0.009764
v 0.075732 15.934052 0.627678
v 1.158346 15.566236 0.597848
v 0.059193 16.025658 -0.636471
v 1.184569 16.196983 -0.009764
v 1.141807 15.657845 -0.666300
v 1.693132 15.643824 -0.674111
v 1.184569 16.196983 -0.009764
v 1.735894 16.182964 -0.017575
v 1.184569 16.196983 -0.009764
v 1.709671 15.552219 0.590038
v 1.735894 16.182964 -0.017575
v 1.735894 16.182964 -0.017575
v 2.271508 15.716457 0.589682
v 2.297731 16.347202 -0.017930
v 2.254968 15.808064 -0.674466
v 1.735894 16.182964 -0.017575
v 2.297731 16.347202 -0.017930
v 1.131983 16.626661 0.009224
v 0.127124 16.388386 0.586892
v 1.108219 16.055059 0.559860
v 0.112135 16.471401 -0.558715
v 1.131983 16.626661 0.009224
v 1.093231 16.138077 -0.585748
v 1.592857 16.125372 -0.592826
v 1.131983 16.626661 0.009224
v 1.631609 16.613955 0.002146
v 1.131983 16.626661 0.009224
v 1.607846 16.042356 0.552782
v 1.631609 16.613955 0.002146
v 1.631609 16.613955 0.002146
v 2.116997 16.191191 0.552459
v 2.140761 16.762793 0.001823
v 2.102009 16.274208 -0.593148
v 1.631609 16.613955 0.002146
v 2.140761 16.762793 0.001823
v -0.838160 16.397432 0.025237
v 0.248778 15.916904 0.624684
v 0.275001 16.547649 0.017071
v -0.838160 16.397432 0.025237
v 0.232239 16.008509 -0.639465
v -0.880922 15.858294 -0.631299
v -1.427485 15.953072 -0.620111
v -0.838160 16.397432 0.025237
v -0.880922 15.858294 -0.631299
v -1.410945 15.861465 0.644037
v -0.838160 16.397432 0.025237
v -1.384723 16.492212 0.036424
v -1.946997 16.134501 0.662679
v -1.384723 16.492212 0.036424
v -1.920774 16.765247 0.055066
v -1.963536 16.226107 -0.601470
v -1.384723 16.492212 0.036424
v -1.427485 15.953072 -0.620111
v -0.735805 16.811754 0.041544
v 0.249209 16.376284 0.584779
v 0.272973 16.947886 0.034144
v -0.735805 16.811754 0.041544
v 0.234220 16.459303 -0.560828
v -0.774558 16.323172 -0.553428
v -1.269868 16.409063 -0.543289
v -0.735805 16.811754 0.041544
v -0.774558 16.323172 -0.553428
v -1.254880 16.326044 0.602318
v -0.735805 16.811754 0.041544
v -1.231116 16.897646 0.051682
v -1.740665 16.573477 0.619212
v -1.231116 16.897646 0.051682
v -1.716900 17.145079 0.068576
v -1.755653 16.656494 -0.526395
v -1.231116 16.897646 0.051682
v -1.269868 16.409063 -0.543289
v 0.304356 16.196983 -0.997807
v 0.771829 15.934052 0.192706
v 0.901509 15.566240 -0.882527
v -0.481011 16.025658 0.023188
v 0.304356 16.196983 -0.997807
v -0.351332 15.657845 -1.052045
v -0.277992 15.643824 -1.598526
v 0.304356 16.196983 -0.997807
v 0.377696 16.182964 -1.544288
v 0.304356 16.196983 -0.997807
v 0.974849 15.552219 -1.429008
v 0.377696 16.182964 -1.544288
v 0.377696 16.182964 -1.544288
v 1.057108 15.716457 -1.984790
v 0.459956 16.347202 -2.100070
v -0.195732 15.808064 -2.154307
v 0.377696 16.182964 -1.544288
v 0.459956 16.347202 -2.100070
v 0.315406 16.626661 -0.943000
v 0.739043 16.388386 0.135876
v 0.856562 16.055059 -0.838530
v -0.396316 16.471401 -0.017746
v 0.315406 16.626661 -0.943000
v -0.278797 16.138077 -0.992152
v -0.212334 16.125372 -1.487389
v 0.315406 16.626661 -0.943000
v 0.381869 16.613955 -1.438237
v 0.315406 16.626661 -0.943000
v 0.923025 16.042356 -1.333767
v 0.381869 16.613955 -1.438237
v 0.381869 16.613955 -1.438237
v 0.997571 16.191191 -1.837432
v 0.456414 16.762793 -1.941902
v -0.137789 16.274208 -1.991054
v 0.381869 16.613955 -1.438237
v 0.456414 16.762793 -1.941902
v 0.041560 16.397432 1.008084
v 0.794312 15.916904 0.021101
v 0.197159 16.547649 -0.094179
v 0.041560 16.397432 1.008084
v -0.458529 16.008509 -0.148417
v -0.614128 15.858294 0.953845
v -0.683427 15.953072 1.496112
v 0.041560 16.397432 1.008084
v -0.614128 15.858294 0.953845
v 0.569413 15.861465 1.665630
v 0.041560 16.397432 1.008084
v -0.027740 16.492212 1.550350
v 0.509032 16.134501 2.198597
v -0.027740 16.492212 1.550350
v -0.088120 16.765247 2.083317
v -0.743808 16.226107 2.029079
v -0.027740 16.492212 1.550350
v -0.683427 15.953072 1.496112
v 0.072739 16.811754 0.909239
v 0.754904 16.376284 0.014808
v 0.213748 16.947886 -0.089662
v 0.072739 16.811754 0.909239
v -0.380455 16.459303 -0.138814
v -0.521463 16.323172 0.860087
v -0.584265 16.409063 1.351505
v 0.072739 16.811754 0.909239
v -0.521463 16.323172 0.860087
v 0.551095 16.326044 1.505127
v 0.072739 16.811754 0.909239
v 0.009938 16.897646 1.400657
v 0.496377 16.573477 1.988116
v 0.009938 16.897646 1.400657
v -0.044780 17.145079 1.883646
v -0.638983 16.656494 1.834494
v 0.009938 16.897646 1.400657
v -0.584265 16.409063 1.351505
v 0.772110 16.381794 -0.806734
v 0.627562 15.912003 0.428529
v 1.276599 15.744698 -0.474110
v -0.393050 16.015856 -0.316649
v 0.772110 16.381794 -0.806734
v 0.255987 15.848549 -1.219288
v 0.582195 15.934849 -1.659000
v 0.772110 16.381794 -0.806734
v 1.098318 16.468096 -1.246446
v 0.772110 16.381794 -0.806734
v 1.602806 15.830997 -0.913822
v 1.098318 16.468096 -1.246446
v 1.098318 16.468096 -1.246446
v 1.930787 16.095625 -1.341355
v 1.426298 16.732723 -1.673979
v 0.910175 16.199478 -2.086533
v 1.098318 16.468096 -1.246446
v 1.426298 16.732723 -1.673979
v 0.730326 16.797480 -0.715457
v 0.599333 16.371742 0.403973
v 1.187509 16.220123 -0.414024
v -0.325574 16.465857 -0.271329
v 0.730326 16.797480 -0.715457
v 0.262601 16.314240 -1.089325
v 0.558220 16.392445 -1.487805
v 0.730326 16.797480 -0.715457
v 1.025945 16.875689 -1.113937
v 0.730326 16.797480 -0.715457
v 1.483128 16.298334 -0.812504
v 1.025945 16.875689 -1.113937
v 1.025945 16.875689 -1.113937
v 1.780352 16.538145 -1.199947
v 1.323170 17.115501 -1.501380
v 0.855445 16.632259 -1.875247
v 1.025945 16.875689 -1.113937
v 1.323170 17.115501 -1.501380
v -0.428410 16.212643 0.823668
v 0.730267 15.926474 0.289047
v 0.225779 16.563572 -0.043577
v -0.428410 16.212643 0.823668
v -0.290344 16.030329 -0.456131
v -0.944532 15.679398 0.411114
v -1.269937 15.673887 0.856344
v -0.428410 16.212643 0.823668
v -0.944532 15.679398 0.411114
v -0.249325 15.570036 1.601522
v -0.428410 16.212643 0.823668
v -0.753814 16.207132 1.268898
v -0.572957 15.742855 2.058930
v -0.753814 16.207132 1.268898
v -1.077446 16.379948 1.726307
v -1.593569 15.846704 1.313753
v -0.753814 16.207132 1.268898
v -1.269937 15.673887 0.856344
v -0.378233 16.641287 0.790056
v 0.671793 16.381950 0.305567
v 0.214610 16.959309 0.004134
v -0.378233 16.641287 0.790056
v -0.253115 16.476067 -0.369734
v -0.845958 16.158045 0.416188
v -1.140849 16.153049 0.819667
v -0.378233 16.641287 0.790056
v -0.845958 16.158045 0.416188
v -0.215942 16.058937 1.494969
v -0.378233 16.641287 0.790056
v -0.673124 16.636293 1.193536
v -0.509227 16.215548 1.909486
v -0.673124 16.636293 1.193536
v -0.966409 16.792904 1.608052
v -1.434134 16.309660 1.234184
v -0.673124 16.636293 1.193536
v -1.140849 16.153049 0.819667
v 0.586595 17.398653 0.820160
v -0.371683 17.103909 0.195992
v 0.078843 16.869675 1.079174
v 0.643821 17.103909 -0.322034
v 0.586595 17.398653 0.820160
v 1.094348 16.869675 0.561147
v 1.319611 16.906191 1.002738
v 0.586595 17.398653 0.820160
v 0.811858 17.435167 1.261751
v 0.586595 17.398653 0.820160
v 0.304106 16.906191 1.520764
v 0.811858 17.435167 1.261751
v 0.811858 17.435167 1.261751
v 0.529369 17.103909 1.962355
v 1.037121 17.632887 1.703342
v 1.544874 17.103909 1.444329
v 0.811858 17.435167 1.261751
v 1.037121 17.632887 1.703342
v 0.554805 17.780275 0.757840
v -0.313614 17.513170 0.192202
v 0.094665 17.300900 0.992566
v 0.606665 17.513170 -0.277249
v 0.554805 17.780275 0.757840
v 1.014944 17.300900 0.523115
v 1.219084 17.333992 0.923297
v 0.554805 17.780275 0.757840
v 0.758945 17.813366 1.158023
v 0.554805 17.780275 0.757840
v 0.298805 17.333992 1.392747
v 0.758945 17.813366 1.158023
v 0.758945 17.813366 1.158023
v 0.502945 17.513170 1.792929
v 0.963084 17.992544 1.558204
v 1.423224 17.513170 1.323479
v 0.758945 17.813366 1.158023
v 0.963084 17.992544 1.558204
v -0.243446 17.398653 -0.806997
v -0.300673 17.103909 0.335197
v 0.207080 17.632887 0.076184
v -0.243446 17.398653 -0.806997
v 0.714832 17.103909 -0.182830
v 0.264306 16.869675 -1.066011
v 0.039043 16.906191 -1.507601
v -0.243446 17.398653 -0.806997
v 0.264306 16.869675 -1.066011
v -0.976462 16.906191 -0.989575
v -0.243446 17.398653 -0.806997
v -0.468709 17.435167 -1.248588
v -1.201725 17.103909 -1.431166
v -0.468709 17.435167 -1.248588
v -0.693972 17.632887 -1.690179
v -0.186220 17.103909 -1.949192
v -0.468709 17.435167 -1.248588
v 0.039043 16.906191 -1.507601
v -0.211656 17.780275 -0.744678
v -0.263516 17.513170 0.290411
v 0.196624 17.992544 0.055686
v -0.211656 17.780275 -0.744678
v 0.656763 17.513170 -0.179039
v 0.248484 17.300900 -0.979403
v 0.044344 17.333992 -1.379585
v -0.211656 17.780275 -0.744678
v 0.248484 17.300900 -0.979403
v -0.875935 17.333992 -0.910134
v -0.211656 17.780275 -0.744678
v -0.415795 17.813366 -1.144860
v -1.080075 17.513170 -1.310316
v -0.415795 17.813366 -1.144860
v -0.619935 17.992544 -1.545042
v -0.159795 17.513170 -1.779767
v -0.415795 17.813366 -1.144860
v 0.044344 17.333992 -1.379585
v 0.986425 17.353914 0.416493
v -0.164199 17.117188 0.461987
v 0.711814 16.786036 0.890213
v 0.350424 17.199663 -0.553280
v 0.986425 17.353914 0.416493
v 1.226437 16.868511 -0.125054
v 1.669468 16.855886 0.098909
v 0.986425 17.353914 0.416493
v 1.429456 17.341290 0.640456
v 0.986425 17.353914 0.416493
v 1.154845 16.773411 1.114176
v 1.429456 17.341290 0.640456
v 1.429456 17.341290 0.640456
v 1.603148 16.921280 1.348474
v 1.877760 17.489159 0.874754
v 2.117771 17.003756 0.333207
v 1.429456 17.341290 0.640456
v 1.877760 17.489159 0.874754
v 0.936552 17.740761 0.409683
v -0.106177 17.526236 0.450910
v 0.687691 17.226133 0.838981
v 0.360189 17.600977 -0.469153
v 0.936552 17.740761 0.409683
v 1.154057 17.300877 -0.081082
v 1.555544 17.289436 0.121879
v 0.936552 17.740761 0.409683
v 1.338039 17.729322 0.612644
v 0.936552 17.740761 0.409683
v 1.089178 17.214695 1.041943
v 1.338039 17.729322 0.612644
v 1.338039 17.729322 0.612644
v 1.495443 17.348698 1.254270
v 1.744304 17.863325 0.824972
v 1.961809 17.423439 0.334207
v 1.338039 17.729322 0.612644
v 1.744304 17.863325 0.824972
v -0.641639 17.534382 -0.400131
v -0.024917 17.101748 0.531850
v 0.249695 17.669626 0.058130
v -0.641639 17.534382 -0.400131
v 0.489706 17.184225 -0.483417
v -0.401628 17.048979 -0.941678
v -0.842270 17.134310 -1.160958
v -0.641639 17.534382 -0.400131
v -0.401628 17.048979 -0.941678
v -1.356893 17.051834 -0.145692
v -0.641639 17.534382 -0.400131
v -1.082282 17.619715 -0.619412
v -1.792264 17.297655 -0.354638
v -1.082282 17.619715 -0.619412
v -1.517652 17.865534 -0.828357
v -1.277640 17.380133 -1.369905
v -1.082282 17.619715 -0.619412
v -0.842270 17.134310 -1.160958
v -0.566804 17.907408 -0.344388
v -0.007912 17.515343 0.500199
v 0.240948 18.029970 0.070901
v -0.566804 17.907408 -0.344388
v 0.458453 17.590084 -0.419864
v -0.349298 17.467522 -0.835153
v -0.748621 17.544849 -1.033871
v -0.566804 17.907408 -0.344388
v -0.349298 17.467522 -0.835153
v -1.214987 17.470110 -0.113808
v -0.566804 17.907408 -0.344388
v -0.966126 17.984737 -0.543106
v -1.609532 17.692881 -0.303161
v -0.966126 17.984737 -0.543106
v -1.360671 18.207508 -0.732459
v -1.143166 17.767622 -1.223224
v -0.966126 17.984737 -0.543106
v -0.748621 17.544849 -1.033871
v 0.696848 17.353914 -0.739141
v 0.572662 17.117188 0.405666
v 1.125041 16.786036 -0.397860
v -0.355900 17.199663 -0.252646
v 0.696848 17.353914 -0.739141
v 0.196478 16.868511 -1.056172
v 0.483149 16.855886 -1.461457
v 0.696848 17.353914 -0.739141
v 0.983519 17.341290 -1.144426
v 0.696848 17.353914 -0.739141
v 1.411712 16.773411 -0.803145
v 0.983519 17.341290 -1.144426
v 0.983519 17.341290 -1.144426
v 1.709380 16.921280 -1.212125
v 1.281188 17.489159 -1.553406
v 0.780817 17.003756 -1.870436
v 0.983519 17.341290 -1.144426
v 1.281188 17.489159 -1.553406
v 0.682779 17.740761 -0.690811
v 0.570238 17.526236 0.346646
v 1.070819 17.226133 -0.381532
v -0.271252 17.600977 -0.249935
v 0.682779 17.740761 -0.690811
v 0.229329 17.300877 -0.978113
v 0.489119 17.289436 -1.345394
v 0.682779 17.740761 -0.690811
v 0.942568 17.729322 -1.058091
v 0.682779 17.740761 -0.690811
v 1.330609 17.214695 -0.748813
v 0.942568 17.729322 -1.058091
v 0.942568 17.729322 -1.058091
v 1.600364 17.348698 -1.119442
v 1.212324 17.863325 -1.428721
v 0.758874 17.423439 -1.716022
v 0.942568 17.729322 -1.058091
v 1.212324 17.863325 -1.428721
v -0.350286 17.534382 0.751153
v 0.662245 17.101748 0.278170
v 0.234053 17.669626 -0.063111
v -0.350286 17.534382 0.751153
v -0.266317 17.184225 -0.380142
v -0.850657 17.048979 0.434122
v -1.132345 17.134310 0.837733
v -0.350286 17.534382 0.751153
v -0.850657 17.048979 0.434122
v -0.203782 17.051834 1.496045
v -0.350286 17.534382 0.751153
v -0.631975 17.619715 1.154763
v -0.474473 17.297655 1.895960
v -0.631975 17.619715 1.154763
v -0.902665 17.865534 1.554679
v -1.403036 17.380133 1.237648
v -0.631975 17.619715 1.154763
v -1.132345 17.134310 0.837733
v -0.284145 17.907408 0.685327
v 0.633439 17.515343 0.256697
v 0.245399 18.029970 -0.052582
v -0.284145 17.907408 0.685327
v -0.208050 17.590084 -0.339884
v -0.737595 17.467522 0.398025
v -0.992869 17.544849 0.763789
v -0.284145 17.907408 0.685327
v -0.737595 17.467522 0.398025
v -0.151379 17.470110 1.360369
v -0.284145 17.907408 0.685327
v -0.539420 17.984737 1.051090
v -0.396687 17.692881 1.722784
v -0.539420 17.984737 1.051090
v -0.784727 18.207508 1.413505
v -1.238177 17.767622 1.126203
v -0.539420 17.984737 1.051090
v -0.992869 17.544849 0.763789
v 0.990179 17.520304 -0.391431
v 0.359124 17.097338 0.533537
v 1.253710 16.946707 0.084528
v -0.143846 17.190836 -0.486995
v 0.990179 17.520304 -0.391431
v 0.750740 17.040205 -0.936004
v 1.194535 17.117907 -1.150544
v 0.990179 17.520304 -0.391431
v 1.433973 17.598001 -0.605971
v 0.990179 17.520304 -0.391431
v 1.697505 17.024405 -0.130013
v 1.433973 17.598001 -0.605971
v 1.433973 17.598001 -0.605971
v 2.137628 17.262657 -0.334098
v 1.874097 17.836252 -0.810057
v 1.634658 17.356157 -1.354630
v 1.433973 17.598001 -0.605971
v 1.874097 17.836252 -0.810057
v 0.918739 17.894556 -0.336069
v 0.346860 17.511250 0.502163
v 1.157559 17.374744 0.095258
v -0.108946 17.595984 -0.422671
v 0.918739 17.894556 -0.336069
v 0.701754 17.459480 -0.829576
v 1.103933 17.529894 -1.023999
v 0.918739 17.894556 -0.336069
v 1.320919 17.964968 -0.530492
v 0.918739 17.894556 -0.336069
v 1.559739 17.445158 -0.099164
v 1.320919 17.964968 -0.530492
v 1.320919 17.964968 -0.530492
v 1.958590 17.661068 -0.284113
v 1.719771 18.180878 -0.715440
v 1.502785 17.745800 -1.208947
v 1.320919 17.964968 -0.530492
v 1.719771 18.180878 -0.715440
v -0.648164 17.368010 0.407827
v 0.499285 17.110365 0.465160
v 0.235754 17.683960 -0.010799
v -0.648164 17.368010 0.407827
v -0.003684 17.203865 -0.555372
v -0.887602 16.887917 -0.136745
v -1.333060 16.882952 0.082531
v -0.648164 17.368010 0.407827
v -0.887602 16.887917 -0.136745
v -0.830090 16.789452 1.103063
v -0.648164 17.368010 0.407827
v -1.093622 17.363050 0.627104
v -1.279219 16.945044 1.332795
v -1.093622 17.363050 0.627104
v -1.542750 17.518641 0.856836
v -1.782189 17.038546 0.312263
v -1.093622 17.363050 0.627104
v -1.333060 16.882952 0.082531
v -0.594106 17.753929 0.401966
v 0.445745 17.520441 0.453923
v 0.206925 18.040253 0.022595
v -0.594106 17.753929 0.401966
v -0.010061 17.605179 -0.470912
v -0.811092 17.318853 -0.091541
v -1.214779 17.314358 0.107174
v -0.594106 17.753929 0.401966
v -0.811092 17.318853 -0.091541
v -0.758973 17.229624 1.032009
v -0.594106 17.753929 0.401966
v -0.997793 17.749435 0.600681
v -1.165986 17.370625 1.240198
v -0.997793 17.749435 0.600681
v -1.404806 17.890434 0.808871
v -1.621791 17.455360 0.315363
v -0.997793 17.749435 0.600681
v -1.214779 17.314358 0.107174
v 0.808054 18.463469 0.360940
v -0.104030 18.228380 0.373490
v 0.586899 18.041552 0.758165
v 0.338278 18.228380 -0.420959
v 0.808054 18.463469 0.360940
v 1.029208 18.041552 -0.036284
v 1.374673 18.070677 0.156053
v 0.808054 18.463469 0.360940
v 1.153518 18.492594 0.553277
v 0.808054 18.463469 0.360940
v 0.932364 18.070677 0.950502
v 1.153518 18.492594 0.553277
v 1.153518 18.492594 0.553277
v 1.277829 18.228380 1.142839
v 1.498983 18.650297 0.745614
v 1.720138 18.228380 0.348390
v 1.153518 18.492594 0.553277
v 1.498983 18.650297 0.745614
v 0.759299 18.767857 0.333796
v -0.067257 18.554810 0.345170
v 0.558883 18.385502 0.693772
v 0.333576 18.554810 -0.374782
v 0.759299 18.767857 0.333796
v 0.959716 18.385502 -0.026180
v 1.272786 18.411898 0.148121
v 0.759299 18.767857 0.333796
v 1.072370 18.794250 0.508098
v 0.759299 18.767857 0.333796
v 0.871953 18.411898 0.868074
v 1.072370 18.794250 0.508098
v 1.072370 18.794250 0.508098
v 1.185023 18.554810 1.042375
v 1.385440 18.937164 0.682399
v 1.585856 18.554810 0.322423
v 1.072370 18.794250 0.508098
v 1.385440 18.937164 0.682399
v -0.464903 18.463469 -0.347777
v 0.004872 18.228380 0.434121
v 0.226026 18.650297 0.036897
v -0.464903 18.463469 -0.347777
v 0.447181 18.228380 -0.360327
v -0.243749 18.041552 -0.745002
v -0.589214 18.070677 -0.937339
v -0.464903 18.463469 -0.347777
v -0.243749 18.041552 -0.745002
v -1.031523 18.070677 -0.142890
v -0.464903 18.463469 -0.347777
v -0.810369 18.492594 -0.540115
v -1.376987 18.228380 -0.335227
v -0.810369 18.492594 -0.540115
v -1.155833 18.650297 -0.732452
v -0.934679 18.228380 -1.129676
v -0.810369 18.492594 -0.540115
v -0.589214 18.070677 -0.937339
v -0.416149 18.767857 -0.320634
v 0.009574 18.554810 0.387945
v 0.209991 18.937164 0.027969
v -0.416149 18.767857 -0.320634
v 0.410407 18.554810 -0.332007
v -0.215733 18.385502 -0.680610
v -0.528803 18.411898 -0.854911
v -0.416149 18.767857 -0.320634
v -0.215733 18.385502 -0.680610
v -0.929636 18.411898 -0.134959
v -0.416149 18.767857 -0.320634
v -0.729219 18.794250 -0.494935
v -1.242705 18.554810 -0.309260
v -0.729219 18.794250 -0.494935
v -1.042289 18.937164 -0.669236
v -0.841873 18.554810 -1.029212
v -0.729219 18.794250 -0.494935
v -0.528803 18.411898 -0.854911
v 0.893437 18.427786 -0.084119
v 0.151612 18.238970 0.457434
v 0.922121 17.974838 0.351679
v 0.041181 18.304754 -0.443703
v 0.893437 18.427786 -0.084119
v 0.811691 18.040623 -0.549458
v 1.204651 18.030556 -0.598046
v 0.893437 18.427786 -0.084119
v 1.286398 18.417717 -0.132706
v 0.893437 18.427786 -0.084119
v 1.315082 17.964771 0.303091
v 1.286398 18.417717 -0.132706
v 1.286398 18.417717 -0.132706
v 1.716127 18.082712 0.259005
v 1.687443 18.535658 -0.176792
v 1.605696 18.148495 -0.642132
v 1.286398 18.417717 -0.132706
v 1.687443 18.535658 -0.176792
v 0.857379 18.736340 -0.066461
v 0.185116 18.565231 0.424309
v 0.883374 18.325869 0.328471
v 0.085041 18.624846 -0.392327
v 0.857379 18.736340 -0.066461
v 0.783298 18.385483 -0.488165
v 1.139410 18.376360 -0.532197
v 0.857379 18.736340 -0.066461
v 1.213491 18.727219 -0.110493
v 0.857379 18.736340 -0.066461
v 1.239486 18.316744 0.284439
v 1.213491 18.727219 -0.110493
v 1.213491 18.727219 -0.110493
v 1.602924 18.423624 0.244487
v 1.576930 18.834099 -0.150445
v 1.502849 18.483240 -0.572149
v 1.213491 18.727219 -0.110493
v 1.576930 18.834099 -0.150445
v -0.547781 18.571728 0.098672
v 0.274909 18.226656 0.441796
v 0.246225 18.679604 0.005999
v -0.547781 18.571728 0.098672
v 0.164479 18.292440 -0.459341
v -0.629527 18.184568 -0.366667
v -1.018824 18.252628 -0.316040
v -0.547781 18.571728 0.098672
v -0.629527 18.184568 -0.366667
v -0.908394 18.186844 0.585097
v -0.547781 18.571728 0.098672
v -0.937078 18.639791 0.149299
v -1.289606 18.382915 0.640225
v -0.937078 18.639791 0.149299
v -1.318290 18.835861 0.204427
v -1.400037 18.448698 -0.260912
v -0.937078 18.639791 0.149299
v -1.018824 18.252628 -0.316040
v -0.473441 18.869259 0.102328
v 0.272103 18.556543 0.413276
v 0.246109 18.967018 0.018345
v -0.473441 18.869259 0.102328
v 0.172028 18.616159 -0.403359
v -0.547523 18.518400 -0.319376
v -0.900315 18.580080 -0.273496
v -0.473441 18.869259 0.102328
v -0.547523 18.518400 -0.319376
v -0.800240 18.520466 0.543139
v -0.473441 18.869259 0.102328
v -0.826234 18.930937 0.148207
v -1.145705 18.698153 0.593098
v -0.826234 18.930937 0.148207
v -1.171699 19.108622 0.198166
v -1.245780 18.757765 -0.223538
v -0.826234 18.930937 0.148207
v -0.900315 18.580080 -0.273496
v 0.188004 18.427786 -0.720773
v 0.614594 18.238970 0.092618
v 0.623282 17.974838 -0.685067
v -0.292986 18.304754 0.069347
v 0.188004 18.427786 -0.720773
v -0.284298 18.040623 -0.708338
v -0.274578 18.030556 -1.104172
v 0.188004 18.427786 -0.720773
v 0.197724 18.417717 -1.116607
v 0.188004 18.427786 -0.720773
v 0.633003 17.964771 -1.080900
v 0.197724 18.417717 -1.116607
v 0.197724 18.417717 -1.116607
v 0.648364 18.082712 -1.484069
v 0.213086 18.535658 -1.519776
v -0.259216 18.148495 -1.507340
v 0.197724 18.417717 -1.116607
v 0.213086 18.535658 -1.519776
v 0.200168 18.736340 -0.682511
v 0.586755 18.565231 0.054607
v 0.594629 18.325869 -0.650153
v -0.235719 18.624846 0.033518
v 0.200168 18.736340 -0.682511
v -0.227846 18.385483 -0.671242
v -0.219037 18.376360 -1.029957
v 0.200168 18.736340 -0.682511
v 0.208977 18.727219 -1.041227
v 0.200168 18.736340 -0.682511
v 0.603438 18.316744 -1.008869
v 0.208977 18.727219 -1.041227
v 0.208977 18.727219 -1.041227
v 0.617359 18.423624 -1.374232
v 0.222898 18.834099 -1.406590
v -0.205115 18.483240 -1.395320
v 0.208977 18.727219 -1.041227
v 0.222898 18.834099 -1.406590
v 0.156895 18.571728 0.731657
v 0.617255 18.226656 -0.031639
v 0.181977 18.679604 -0.067345
v 0.156895 18.571728 0.731657
v -0.290324 18.292440 -0.054910
v -0.315407 18.184568 0.744092
v -0.322571 18.252628 1.136602
v 0.156895 18.571728 0.731657
v -0.315407 18.184568 0.744092
v 0.585008 18.186844 1.159873
v 0.156895 18.571728 0.731657
v 0.149730 18.639791 1.124167
v 0.583484 18.382915 1.545048
v 0.149730 18.639791 1.124167
v 0.148207 18.835861 1.509342
v -0.324095 18.448698 1.521777
v 0.149730 18.639791 1.124167
v -0.322571 18.252628 1.136602
v 0.171442 18.869259 0.658663
v 0.588633 18.556543 -0.033057
v 0.194172 18.967018 -0.065415
v 0.171442 18.869259 0.658663
v -0.233841 18.616159 -0.054146
v -0.256572 18.518400 0.669933
v -0.263065 18.580080 1.025637
v 0.171442 18.869259 0.658663
v -0.256572 18.518400 0.669933
v 0.559410 18.520466 1.046725
v 0.171442 18.869259 0.658663
v 0.164948 18.930937 1.014367
v 0.558029 18.698153 1.395781
v 0.164948 18.930937 1.014367
v 0.163568 19.108622 1.363423
v -0.264445 18.757765 1.374692
v 0.164948 18.930937 1.014367
v -0.263065 18.580080 1.025637
v 0.536822 18.560499 -0.620866
v 0.530005 18.223137 0.272217
v 0.922907 18.102995 -0.422777
v -0.256706 18.297714 -0.180112
v 0.536822 18.560499 -0.620866
v 0.136196 18.177570 -0.875107
v 0.334759 18.239542 -1.214450
v 0.536822 18.560499 -0.620866
v 0.735385 18.622473 -0.960209
v 0.536822 18.560499 -0.620866
v 1.121470 18.164967 -0.762120
v 0.735385 18.622473 -0.960209
v 0.735385 18.622473 -0.960209
v 1.322248 18.355000 -1.092907
v 0.936163 18.812506 -1.290996
v 0.535537 18.429575 -1.545237
v 0.735385 18.622473 -0.960209
v 0.936163 18.812506 -1.290996
v 0.514115 18.859009 -0.552448
v 0.507938 18.553282 0.256890
v 0.863997 18.444401 -0.372933
v -0.205002 18.620865 -0.153024
v 0.514115 18.859009 -0.552448
v 0.151057 18.511986 -0.782848
v 0.331000 18.568150 -1.090370
v 0.514115 18.859009 -0.552448
v 0.694059 18.915173 -0.859970
v 0.514115 18.859009 -0.552448
v 1.043940 18.500565 -0.680456
v 0.694059 18.915173 -0.859970
v 0.694059 18.915173 -0.859970
v 1.225891 18.672777 -0.980224
v 0.876009 19.087385 -1.159739
v 0.512951 18.740362 -1.390138
v 0.694059 18.915173 -0.859970
v 0.876009 19.087385 -1.159739
v -0.192985 18.439032 0.636675
v 0.592441 18.233530 0.164634
v 0.206355 18.691038 -0.033455
v -0.192985 18.439032 0.636675
v -0.194271 18.308105 -0.287696
v -0.593611 18.056103 0.382434
v -0.791170 18.052141 0.725653
v -0.192985 18.439032 0.636675
v -0.593611 18.056103 0.382434
v -0.004459 17.977566 1.177983
v -0.192985 18.439032 0.636675
v -0.390544 18.435072 0.979894
v -0.199803 18.101667 1.529758
v -0.390544 18.435072 0.979894
v -0.585888 18.559174 1.331669
v -0.986514 18.176245 1.077428
v -0.390544 18.435072 0.979894
v -0.791170 18.052141 0.725653
v -0.159789 18.746845 0.608766
v 0.551986 18.560612 0.180989
v 0.202105 18.975220 0.001475
v -0.159789 18.746845 0.608766
v -0.160953 18.628197 -0.228925
v -0.522847 18.399822 0.378365
v -0.701881 18.396235 0.689400
v -0.159789 18.746845 0.608766
v -0.522847 18.399822 0.378365
v 0.011059 18.328651 1.099315
v -0.159789 18.746845 0.608766
v -0.338822 18.743256 0.919801
v -0.165967 18.441116 1.418103
v -0.338822 18.743256 0.919801
v -0.515848 18.855721 1.238589
v -0.878907 18.508699 1.008189
v -0.338822 18.743256 0.919801
v -0.701881 18.396235 0.689400
v 0.599349 19.212000 0.467797
v -0.152866 19.008995 0.234095
v 0.311505 18.847664 0.734770
v 0.422822 19.008995 -0.299851
v 0.599349 19.212000 0.467797
v 0.887194 18.847664 0.200824
v 1.119379 18.872814 0.451161
v 0.599349 19.212000 0.467797
v 0.831535 19.237152 0.718134
v 0.599349 19.212000 0.467797
v 0.543691 18.872814 0.985107
v 0.831535 19.237152 0.718134
v 0.831535 19.237152 0.718134
v 0.775876 19.008995 1.235444
v 1.063720 19.373329 0.968471
v 1.351565 19.008995 0.701498
v 0.831535 19.237152 0.718134
v 1.063720 19.373329 0.968471
v 0.566582 19.474846 0.432467
v -0.115097 19.290874 0.220681
v 0.305729 19.144672 0.674406
v 0.406608 19.290874 -0.263196
v 0.566582 19.474846 0.432467
v 0.827434 19.144672 0.190529
v 1.037848 19.167467 0.417392
v 0.566582 19.474846 0.432467
v 0.776995 19.497641 0.659330
v 0.566582 19.474846 0.432467
v 0.516143 19.167467 0.901269
v 0.776995 19.497641 0.659330
v 0.776995 19.497641 0.659330
v 0.726556 19.290874 1.128131
v 0.987408 19.621048 0.886193
v 1.248261 19.290874 0.644254
v 0.776995 19.497641 0.659330
v 0.987408 19.621048 0.886193
v -0.256200 19.212000 -0.454637
v -0.079673 19.008995 0.313010
v 0.208171 19.373329 0.046037
v -0.256200 19.212000 -0.454637
v 0.496015 19.008995 -0.220936
v 0.031645 18.847664 -0.721610
v -0.200541 18.872814 -0.971947
v -0.256200 19.212000 -0.454637
v 0.031645 18.847664 -0.721610
v -0.776230 18.872814 -0.438001
v -0.256200 19.212000 -0.454637
v -0.488385 19.237152 -0.704974
v -1.008415 19.008995 -0.688338
v -0.488385 19.237152 -0.704974
v -0.720571 19.373329 -0.955311
v -0.432727 19.008995 -1.222285
v -0.488385 19.237152 -0.704974
v -0.200541 18.872814 -0.971947
v -0.223432 19.474846 -0.419308
v -0.063459 19.290874 0.276356
v 0.197394 19.621048 0.034417
v -0.223432 19.474846 -0.419308
v 0.458246 19.290874 -0.207521
v 0.037420 19.144672 -0.661246
v -0.172993 19.167467 -0.888109
v -0.223432 19.474846 -0.419308
v 0.037420 19.144672 -0.661246
v -0.694698 19.167467 -0.404232
v -0.223432 19.474846 -0.419308
v -0.433845 19.497641 -0.646171
v -0.905111 19.290874 -0.631095
v -0.433845 19.497641 -0.646171
v -0.644258 19.621048 -0.873033
v -0.383406 19.290874 -1.114972
v -0.433845 19.497641 -0.646171
v -0.172993 19.167467 -0.888109
v 0.788517 19.181187 0.125228
v 0.034570 19.018139 0.371407
v 0.695481 18.790056 0.490709
v 0.184979 19.074945 -0.398005
v 0.788517 19.181187 0.125228
v 0.845890 18.846861 -0.278704
v 1.181525 18.838165 -0.213470
v 0.788517 19.181187 0.125228
v 1.124152 19.172493 0.190462
v 0.788517 19.181187 0.125228
v 1.031116 18.781361 0.555943
v 1.124152 19.172493 0.190462
v 1.124152 19.172493 0.190462
v 1.372184 18.883207 0.627036
v 1.465221 19.274336 0.261556
v 1.522593 18.940012 -0.142376
v 1.124152 19.172493 0.190462
v 1.465221 19.274336 0.261556
v 0.754188 19.447632 0.130079
v 0.070940 19.299875 0.353173
v 0.669877 19.093178 0.461288
v 0.207245 19.351355 -0.344090
v 0.754188 19.447632 0.130079
v 0.806181 19.144657 -0.235976
v 1.110343 19.136780 -0.176858
v 0.754188 19.447632 0.130079
v 1.058350 19.439753 0.189196
v 0.754188 19.447632 0.130079
v 0.974038 19.085299 0.520405
v 1.058350 19.439753 0.189196
v 1.058350 19.439753 0.189196
v 1.283124 19.177595 0.584832
v 1.367436 19.532049 0.253623
v 1.419429 19.229073 -0.112431
v 1.058350 19.439753 0.189196
v 1.367436 19.532049 0.253623
v -0.443682 19.305487 -0.110256
v 0.139985 19.007505 0.391553
v 0.233021 19.398638 0.026072
v -0.443682 19.305487 -0.110256
v 0.290394 19.064312 -0.377860
v -0.386309 18.971161 -0.514187
v -0.719482 19.029934 -0.576768
v -0.443682 19.305487 -0.110256
v -0.386309 18.971161 -0.514187
v -0.869891 18.973127 0.192645
v -0.443682 19.305487 -0.110256
v -0.776855 19.364258 -0.172836
v -1.197630 19.142441 0.135923
v -0.776855 19.364258 -0.172836
v -1.104593 19.533567 -0.229557
v -1.047221 19.199247 -0.633489
v -0.776855 19.364258 -0.172836
v -0.719482 19.029934 -0.576768
v -0.383625 19.562410 -0.087367
v 0.145311 19.292370 0.367386
v 0.229623 19.646826 0.036178
v -0.383625 19.562410 -0.087367
v 0.281616 19.343853 -0.329877
v -0.331632 19.259436 -0.453421
v -0.633562 19.312696 -0.510133
v -0.383625 19.562410 -0.087367
v -0.331632 19.259436 -0.453421
v -0.769867 19.261217 0.187130
v -0.383625 19.562410 -0.087367
v -0.685555 19.615671 -0.144079
v -1.066873 19.414656 0.135728
v -0.685555 19.615671 -0.144079
v -0.982561 19.769106 -0.195481
v -0.930568 19.466131 -0.561536
v -0.685555 19.615671 -0.144079
v -0.633562 19.312696 -0.510133
v 0.379649 19.181187 -0.586213
v 0.512294 19.018139 0.195738
v 0.727478 18.790056 -0.440448
v -0.226640 19.074945 -0.066169
v 0.379649 19.181187 -0.586213
v -0.011456 18.846861 -0.702355
v 0.102420 18.838165 -1.024750
v 0.379649 19.181187 -0.586213
v 0.493526 19.172493 -0.908607
v 0.379649 19.181187 -0.586213
v 0.841354 18.781361 -0.762843
v 0.493526 19.172493 -0.908607
v 0.493526 19.172493 -0.908607
v 0.961825 18.883207 -1.089751
v 0.613996 19.274336 -1.235516
v 0.222891 18.940012 -1.351658
v 0.493526 19.172493 -0.908607
v 0.613996 19.274336 -1.235516
v 0.379400 19.447632 -0.551544
v 0.499607 19.299875 0.157082
v 0.694612 19.093178 -0.419448
v -0.170036 19.351355 -0.080266
v 0.379400 19.447632 -0.551544
v 0.024969 19.144657 -0.656796
v 0.128167 19.136780 -0.948959
v 0.379400 19.447632 -0.551544
v 0.482598 19.439753 -0.843707
v 0.379400 19.447632 -0.551544
v 0.797810 19.085299 -0.711611
v 0.482598 19.439753 -0.843707
v 0.482598 19.439753 -0.843707
v 0.906984 19.177595 -1.007865
v 0.591772 19.532049 -1.139961
v 0.237341 19.229073 -1.245212
v 0.482598 19.439753 -0.843707
v 0.591772 19.532049 -1.139961
v -0.034454 19.305487 0.597969
v 0.547721 19.007505 0.094430
v 0.199893 19.398638 -0.051334
v -0.034454 19.305487 0.597969
v -0.191213 19.064312 -0.167477
v -0.425560 18.971161 0.481826
v -0.536449 19.029934 0.802176
v -0.034454 19.305487 0.597969
v -0.425560 18.971161 0.481826
v 0.202485 18.973127 1.064083
v -0.034454 19.305487 0.597969
v -0.145343 19.364258 0.918318
v 0.098190 19.142441 1.379919
v -0.145343 19.364258 0.918318
v -0.249638 19.533567 1.234155
v -0.640743 19.199247 1.118012
v -0.145343 19.364258 0.918318
v -0.536449 19.029934 0.802176
v -0.002983 19.562410 0.541929
v 0.524600 19.292370 0.085609
v 0.209389 19.646826 -0.046487
v -0.002983 19.562410 0.541929
v -0.145042 19.343853 -0.151739
v -0.357414 19.259436 0.436678
v -0.457905 19.312696 0.726988
v -0.002983 19.562410 0.541929
v -0.357414 19.259436 0.436678
v 0.211738 19.261217 0.964335
v -0.002983 19.562410 0.541929
v -0.103474 19.615671 0.832240
v 0.117223 19.414656 1.250555
v -0.103474 19.615671 0.832240
v -0.197989 19.769106 1.118459
v -0.552420 19.466131 1.013208
v -0.103474 19.615671 0.832240
v -0.457905 19.312696 0.726988
v 0.639315 19.295788 -0.410867
v 0.394796 19.004465 0.320567
v 0.903313 18.900721 -0.144940
v -0.130116 19.068869 -0.261279
v 0.639315 19.295788 -0.410867
v 0.378401 18.965118 -0.726787
v 0.632212 19.018635 -0.952280
v 0.639315 19.295788 -0.410867
v 0.893126 19.349304 -0.636361
v 0.639315 19.295788 -0.410867
v 1.157124 18.954235 -0.370434
v 0.893126 19.349304 -0.636361
v 0.893126 19.349304 -0.636361
v 1.410464 19.118332 -0.588311
v 1.146467 19.513403 -0.854237
v 0.885553 19.182732 -1.170156
v 0.893126 19.349304 -0.636361
v 1.146467 19.513403 -0.854237
v 0.602369 19.553558 -0.360767
v 0.380778 19.289555 0.302079
v 0.841611 19.195536 -0.119777
v -0.094912 19.347916 -0.225207
v 0.602369 19.553558 -0.360767
v 0.365921 19.253897 -0.647062
v 0.595931 19.302393 -0.851411
v 0.602369 19.553558 -0.360767
v 0.832379 19.602055 -0.565116
v 0.602369 19.553558 -0.360767
v 1.071621 19.244034 -0.324126
v 0.832379 19.602055 -0.565116
v 0.832379 19.602055 -0.565116
v 1.301206 19.392742 -0.521571
v 1.061964 19.750765 -0.762562
v 0.825516 19.451105 -1.048857
v 0.832379 19.602055 -0.565116
v 1.061964 19.750765 -0.762562
v -0.296310 19.190895 0.426383
v 0.474839 19.013441 0.248939
v 0.210842 19.408510 -0.016987
v -0.296310 19.190895 0.426383
v -0.050073 19.077841 -0.332907
v -0.557224 18.860226 0.110463
v -0.811248 18.856810 0.339408
v -0.296310 19.190895 0.426383
v -0.557224 18.860226 0.110463
v -0.286336 18.792412 0.921254
v -0.296310 19.190895 0.426383
v -0.550334 19.187479 0.655327
v -0.540830 18.899572 1.157816
v -0.550334 19.187479 0.655327
v -0.804827 19.294643 0.891889
v -1.065741 18.963974 0.575970
v -0.550334 19.187479 0.655327
v -0.811248 18.856810 0.339408
v -0.261588 19.456703 0.412349
v 0.437249 19.295885 0.251545
v 0.198007 19.653908 0.010555
v -0.261588 19.456703 0.412349
v -0.038441 19.354246 -0.275740
v -0.498036 19.157040 0.126054
v -0.728239 19.153940 0.333530
v -0.261588 19.456703 0.412349
v -0.498036 19.157040 0.126054
v -0.252549 19.095583 0.860816
v -0.261588 19.456703 0.412349
v -0.491792 19.453604 0.619826
v -0.483178 19.192698 1.075195
v -0.491792 19.453604 0.619826
v -0.722420 19.550722 0.834205
v -0.958868 19.251059 0.547909
v -0.491792 19.453604 0.619826
v -0.728239 19.153940 0.333530
v 0.194778 19.443245 -0.539213
v 0.489970 19.312590 0.023638
v 0.495982 19.129816 -0.514504
v -0.138057 19.358110 0.007535
v 0.194778 19.443245 -0.539213
v -0.132045 19.175337 -0.530607
v -0.125319 19.168371 -0.804516
v 0.194778 19.443245 -0.539213
v 0.201505 19.436279 -0.813121
v 0.194778 19.443245 -0.539213
v 0.502709 19.122849 -0.788413
v 0.201505 19.436279 -0.813121
v 0.201505 19.436279 -0.813121
v 0.513339 19.204460 -1.067398
v 0.212135 19.517891 -1.092107
v -0.114689 19.249983 -1.083501
v 0.201505 19.436279 -0.813121
v 0.212135 19.517891 -1.092107
v 0.474566 20.007154 0.312166
v -0.045952 19.866678 0.150450
v 0.275384 19.755041 0.496906
v 0.352413 19.866678 -0.219031
v 0.474566 20.007154 0.312166
v 0.673748 19.755041 0.127426
v 0.834416 19.772446 0.300655
v 0.474566 20.007154 0.312166
v 0.635234 20.024561 0.485395
v 0.474566 20.007154 0.312166
v 0.436051 19.772446 0.670135
v 0.635234 20.024561 0.485395
v 0.635234 20.024561 0.485395
v 0.596719 19.866678 0.843363
v 0.795902 20.118793 0.658623
v 0.995084 19.866678 0.473883
v 0.635234 20.024561 0.485395
v 0.795902 20.118793 0.658623
v -0.128675 20.007154 -0.338235
v -0.006522 19.866678 0.192962
v 0.192660 20.118793 0.008222
v -0.128675 20.007154 -0.338235
v 0.391843 19.866678 -0.176518
v 0.070507 19.755041 -0.522975
v -0.090161 19.772446 -0.696203
v -0.128675 20.007154 -0.338235
v 0.070507 19.755041 -0.522975
v -0.488526 19.772446 -0.326723
v -0.128675 20.007154 -0.338235
v -0.289343 20.024561 -0.511463
v -0.649193 19.866678 -0.499952
v -0.289343 20.024561 -0.511463
v -0.450011 20.118793 -0.684692
v -0.250828 19.866678 -0.869432
v -0.289343 20.024561 -0.511463
v -0.090161 19.772446 -0.696203
v 0.617819 19.986376 0.081267
v 0.096102 19.873550 0.251619
v 0.553440 19.715719 0.334173
v 0.200182 19.912859 -0.280800
v 0.617819 19.986376 0.081267
v 0.657520 19.755030 -0.198245
v 0.889773 19.749014 -0.153104
v 0.617819 19.986376 0.081267
v 0.850072 19.980358 0.126408
v 0.617819 19.986376 0.081267
v 0.785693 19.709703 0.379314
v 0.850072 19.980358 0.126408
v 0.850072 19.980358 0.126408
v 1.021706 19.780180 0.428509
v 1.086085 20.050835 0.175604
v 1.125785 19.819487 -0.103909
v 0.850072 19.980358 0.126408
v 1.086085 20.050835 0.175604
v -0.250995 20.074018 -0.084770
v 0.152891 19.867819 0.262471
v 0.217270 20.138475 0.009566
v -0.250995 20.074018 -0.084770
v 0.256971 19.907131 -0.269947
v -0.211294 19.842672 -0.364283
v -0.441844 19.883341 -0.407587
v -0.250995 20.074018 -0.084770
v -0.211294 19.842672 -0.364283
v -0.545924 19.844032 0.124831
v -0.250995 20.074018 -0.084770
v -0.481544 20.114687 -0.128075
v -0.772712 19.961195 0.085581
v -0.481544 20.114687 -0.128075
v -0.708333 20.231848 -0.167324
v -0.668632 20.000502 -0.446837
v -0.481544 20.114687 -0.128075
v -0.441844 19.883341 -0.407587
v 0.331637 19.986376 -0.439208
v 0.423425 19.873550 0.101886
v 0.572328 19.715719 -0.338342
v -0.087903 19.912859 -0.079348
v 0.331637 19.986376 -0.439208
v 0.061000 19.755030 -0.519576
v 0.139800 19.749014 -0.742667
v 0.331637 19.986376 -0.439208
v 0.410438 19.980358 -0.662299
v 0.331637 19.986376 -0.439208
v 0.651128 19.709703 -0.561433
v 0.410438 19.980358 -0.662299
v 0.410438 19.980358 -0.662299
v 0.734491 19.780180 -0.787647
v 0.493801 20.050835 -0.888513
v 0.223163 19.819487 -0.968881
v 0.410438 19.980358 -0.662299
v 0.493801 20.050835 -0.888513
v 0.039656 20.074018 0.395750
v 0.442510 19.867819 0.047311
v 0.201819 20.138475 -0.053555
v 0.039656 20.074018 0.395750
v -0.068818 19.907131 -0.133924
v -0.230982 19.842672 0.315381
v -0.307715 19.883341 0.537057
v 0.039656 20.074018 0.395750
v -0.230982 19.842672 0.315381
v 0.203613 19.844032 0.718292
v 0.039656 20.074018 0.395750
v -0.037077 20.114687 0.617425
v 0.131443 19.961195 0.936844
v -0.037077 20.114687 0.617425
v -0.109247 20.231848 0.835978
v -0.379885 20.000502 0.755609
v -0.037077 20.114687 0.617425
v -0.307715 19.883341 0.537057
v 0.501892 20.067259 -0.293534
v 0.332690 19.865669 0.212604
v 0.684573 19.793879 -0.109518
v -0.030539 19.910234 -0.190023
v 0.501892 20.067259 -0.293534
v 0.321344 19.838442 -0.512144
v 0.496977 19.875473 -0.668182
v 0.501892 20.067259 -0.293534
v 0.677524 20.104290 -0.449572
v 0.501892 20.067259 -0.293534
v 0.860206 19.830912 -0.265555
v 0.677524 20.104290 -0.449572
v 0.677524 20.104290 -0.449572
v 1.035512 19.944462 -0.416322
v 0.852831 20.217842 -0.600338
v 0.672284 19.989027 -0.818948
v 0.677524 20.104290 -0.449572
v 0.852831 20.217842 -0.600338
v -0.157810 19.993301 0.296804
v 0.375810 19.870504 0.174017
v 0.193129 20.143885 -0.009999
v -0.157810 19.993301 0.296804
v 0.012581 19.915068 -0.228609
v -0.338358 19.764484 0.078194
v -0.514137 19.762117 0.236619
v -0.157810 19.993301 0.296804
v -0.338358 19.764484 0.078194
v -0.150908 19.717556 0.639246
v -0.157810 19.993301 0.296804
v -0.333590 19.990934 0.455230
v -0.327013 19.791712 0.802942
v -0.333590 19.990934 0.455230
v -0.509694 20.065094 0.618926
v -0.690242 19.836275 0.400316
v -0.333590 19.990934 0.455230
v -0.514137 19.762117 0.236619
v 0.474566 20.420259 0.312166
v -0.045952 20.279783 0.150449
v 0.275384 20.609215 0.496906
v 0.352413 20.279783 -0.219031
v 0.474566 20.420259 0.312166
v 0.673748 20.168146 0.127426
v 0.834416 20.185551 0.300655
v 0.474566 20.420259 0.312166
v 0.635234 20.437666 0.485395
v 0.635234 20.437666 0.485395
v 0.275384 20.609215 0.496906
v 0.436051 20.185551 0.670135
v 0.635234 20.437666 0.485395
v 0.596719 20.279783 0.843363
v 0.795902 20.531898 0.658623
v 0.995084 20.279783 0.473883
v 0.635234 20.437666 0.485395
v 0.795902 20.531898 0.658623
v -0.128675 20.420259 -0.338235
v -0.006522 20.279783 0.192962
v 0.192660 20.972967 0.008222
v 0.070507 20.609215 -0.522975
v 0.192660 20.972967 0.008222
v 0.391843 20.279783 -0.176518
v -0.289343 20.437666 -0.511464
v 0.070507 20.609215 -0.522975
v -0.090161 20.185551 -0.696203
v -0.488526 20.185551 -0.326723
v -0.128675 20.420259 -0.338235
v -0.289343 20.437666 -0.511464
v -0.649193 20.279783 -0.499952
v -0.289343 20.437666 -0.511464
v -0.450011 20.531898 -0.684692
v -0.250828 20.279783 -0.869432
v -0.289343 20.437666 -0.511464
v -0.090161 20.185551 -0.696203
v 0.617819 20.399481 0.081267
v 0.096102 20.727724 0.251619
v 0.553440 20.128824 0.334173
v 0.200182 20.767033 -0.280800
v 0.617819 20.399481 0.081267
v 0.657520 20.168135 -0.198246
v 0.889773 20.162119 -0.153105
v 0.617819 20.399481 0.081267
v 0.850072 20.393463 0.126408
v 0.617819 20.399481 0.081267
v 0.785693 20.122808 0.379314
v 0.850072 20.393463 0.126408
v 0.850072 20.393463 0.126408
v 1.021706 20.193285 0.428509
v 1.086085 20.463940 0.175604
v 1.125785 20.232592 -0.103909
v 0.850072 20.393463 0.126408
v 1.086085 20.463940 0.175604
v -0.250995 20.487123 -0.084770
v 0.152891 20.721992 0.262471
v 0.217270 20.992649 0.009566
v -0.250995 20.487123 -0.084770
v 0.256971 20.761305 -0.269947
v -0.211294 20.255777 -0.364283
v -0.441844 20.296446 -0.407587
v -0.250995 20.487123 -0.084770
v -0.211294 20.255777 -0.364283
v -0.545924 20.257137 0.124831
v -0.250995 20.487123 -0.084770
v -0.481544 20.527792 -0.128075
v -0.772712 20.374300 0.085581
v -0.481544 20.527792 -0.128075
v -0.708333 20.644953 -0.167324
v -0.668632 20.413607 -0.446838
v -0.481544 20.527792 -0.128075
v -0.441844 20.296446 -0.407587
v 0.331637 20.399481 -0.439208
v 0.423425 20.286655 0.101886
v 0.572328 20.128824 -0.338342
v 0.061000 20.609203 -0.519577
v 0.182734 20.998379 0.001020
v 0.331637 20.399481 -0.439208
v 0.139800 20.603188 -0.742667
v 0.331637 20.399481 -0.439208
v 0.410438 20.393463 -0.662299
v 0.331637 20.399481 -0.439208
v 0.651128 20.122808 -0.561433
v 0.410438 20.393463 -0.662299
v 0.410438 20.393463 -0.662299
v 0.734491 20.193285 -0.787647
v 0.493801 20.463940 -0.888513
v 0.139800 20.603188 -0.742667
v 0.493801 20.463940 -0.888513
v 0.223163 20.673660 -0.968881
v 0.039656 20.487123 0.395749
v 0.442510 20.280924 0.047311
v 0.201819 20.992649 -0.053555
v 0.039656 20.487123 0.395749
v -0.068818 20.320236 -0.133924
v -0.230982 20.255777 0.315381
v -0.307715 20.296446 0.537057
v 0.039656 20.487123 0.395749
v -0.230982 20.255777 0.315381
v -0.037077 20.527792 0.617425
v 0.280346 20.657537 0.496616
v 0.039656 20.487123 0.395749
v -0.109247 20.644953 0.835978
v 0.203613 20.698206 0.718291
v -0.037077 20.527792 0.617425
v -0.379885 20.413607 0.755609
v -0.037077 20.527792 0.617425
v -0.307715 20.296446 0.537057
v 0.501892 20.480364 -0.293534
v 0.332690 20.278774 0.212604
v 0.684573 20.206984 -0.109518
v 0.321344 20.692616 -0.512145
v 0.150008 20.993223 0.028587
v 0.501892 20.480364 -0.293534
v 0.321344 20.692616 -0.512145
v 0.677524 20.517395 -0.449572
v 0.496977 20.288578 -0.668182
v 0.501892 20.480364 -0.293534
v 0.860206 20.244017 -0.265556
v 0.677524 20.517395 -0.449572
v 0.677524 20.517395 -0.449572
v 1.035512 20.357567 -0.416322
v 0.852831 20.630947 -0.600338
v 0.672284 20.402132 -0.818948
v 0.677524 20.517395 -0.449572
v 0.852831 20.630947 -0.600338
v -0.157810 20.406406 0.296804
v 0.375810 20.283609 0.174017
v 0.193129 20.998058 -0.009999
v -0.157810 20.406406 0.296804
v 0.012581 20.328173 -0.228609
v -0.338358 20.177589 0.078194
v -0.514137 20.175222 0.236619
v -0.157810 20.406406 0.296804
v -0.338358 20.177589 0.078194
v -0.150908 20.130661 0.639246
v -0.157810 20.406406 0.296804
v -0.333590 20.404039 0.455230
v -0.327013 20.204817 0.802942
v -0.333590 20.404039 0.455230
v -0.509694 20.478199 0.618926
v -0.690242 20.249380 0.400316
v -0.333590 20.404039 0.455230
v -0.514137 20.175222 0.236619
v 0.150363 20.688175 -0.037030
v -0.024149 0.106862 -0.187651
v 0.137812 0.067563 -0.093825
v 0.137812 0.067563 0.093826
v 0.182320 20.680422 -0.018516
v 0.118405 20.695929 -0.018516
v 0.118405 20.695929 0.018510
v 0.118405 20.695929 -0.018516
v 0.182320 20.680422 -0.018516
v -0.098952 2.984011 0.006593
v -0.098952 2.984011 0.006593
v 3.333769 0.958184 -1.966923
v 3.333769 0.958184 1.980110
v 5.050129 1.055111 1.980110
v 5.050129 1.055110 -1.966923
v -0.019283 3.938670 0.006593
v -0.019283 3.938670 0.006593
v 3.091545 2.102808 -1.781863
v 3.091545 2.102808 1.795049
v 4.646960 2.190646 1.795049
v 4.646960 2.190645 -1.781863
v -2.990618 0.958185 1.980110
v 0.442103 2.984011 0.006593
v -4.706978 2.459199 0.006593
v -2.990618 0.958185 1.980110
v -4.706978 1.055111 1.980110
v -6.423339 2.984011 0.006593
v -2.748394 2.102808 1.795049
v 0.362434 3.938670 0.006593
v -4.303809 3.463071 0.006593
v -2.748394 2.102808 1.795049
v -4.303809 2.190646 1.795049
v -5.859223 3.938670 0.006593
v 0.018864 3.122517 0.166415
v 0.018864 3.122517 0.166415
v 1.425205 0.955092 -3.453915
v 3.746831 0.736173 -0.269392
v 5.134600 0.702668 -1.283426
v 2.812973 0.921587 -4.467949
v 0.172481 4.066925 0.119346
v 0.172481 4.066925 0.119346
v 1.446947 2.102743 -3.161499
v 3.550871 1.904353 -0.275595
v 4.808506 1.873990 -1.194541
v 2.704581 2.072380 -4.080446
v -1.333239 1.215202 3.467086
v 0.453468 3.081536 -0.153244
v -3.731808 2.949049 2.888858
v -1.333239 1.215202 3.467086
v -2.702809 1.441702 4.481121
v -5.061208 3.601546 3.902892
v -1.140068 2.346688 3.174670
v 0.479096 4.038013 -0.106175
v -3.313719 3.917950 2.650664
v -1.140068 2.346688 3.174670
v -2.381212 2.551949 4.093616
v -4.518458 4.509261 3.569610
v 0.307208 3.122517 0.181131
v 0.307208 3.122517 0.181131
v -3.066987 0.955092 -1.742248
v 0.424289 0.736173 -3.570396
v -0.374669 0.702668 -5.092182
v -3.865946 0.921587 -3.264035
v 0.283238 4.066925 0.022263
v 0.283238 4.066925 0.022263
v -2.774553 2.102743 -1.720758
v 0.389341 1.904352 -3.377477
v -0.334698 1.873989 -4.756563
v -3.498591 2.072381 -3.099843
v 3.373193 1.215202 2.003862
v 0.054927 3.081536 -0.295750
v 2.448570 2.949049 4.291338
v 3.373193 1.215202 2.003862
v 4.174828 1.441702 3.507647
v 3.256112 3.601546 5.755390
v 3.112359 2.346688 1.769794
v 0.105253 4.038013 -0.314179
v 2.274440 3.917950 3.842770
v 3.112359 2.346688 1.769794
v 3.838823 2.551949 3.132567
v 3.006256 4.509261 5.169535
v 0.209318 3.085003 0.321171
v 0.209318 3.085003 0.321171
v -1.824341 1.410836 -3.262642
v 2.114506 1.162651 -3.208295
v 2.151043 1.368891 -4.914583
v -1.787803 1.617076 -4.968931
v 0.269791 4.040908 0.303638
v 0.269791 4.040908 0.303638
v -1.573168 2.523731 -2.944115
v 1.996326 2.298819 -2.894865
v 2.029438 2.485720 -4.441152
v -1.540056 2.710632 -4.490401
v 2.001966 0.758417 3.102155
v 0.218946 3.119586 -0.218693
v 0.094854 2.267775 4.884981
v 2.001966 0.758417 3.102155
v 1.977421 0.745249 4.821025
v 0.096778 2.680769 6.631621
v 1.892408 1.925550 2.932207
v 0.276583 4.065306 -0.077239
v 0.164128 3.293372 4.547854
v 1.892408 1.925550 2.932207
v 1.870163 1.913616 4.489896
v 0.165871 3.667639 6.130709
v -0.036617 5.142003 -0.051197
v -0.036617 5.142003 -0.051197
v 3.026645 3.524060 -0.836634
v 2.183479 3.524061 2.200838
v 3.504318 3.601472 2.567487
v 4.347485 3.601471 -0.469984
v 0.024693 5.904448 -0.034178
v 0.024693 5.904448 -0.034178
v 2.800708 4.438223 -0.745963
v 2.036607 4.438223 2.006679
v 3.233589 4.508375 2.338947
v 3.997690 4.508375 -0.413695
v -2.683504 3.524060 0.849820
v 0.379757 5.142003 0.064384
v -3.582761 4.722857 -1.035565
v -2.683504 3.524060 0.849820
v -4.004344 3.601471 0.483171
v -4.903600 5.142003 -1.402215
v -2.457567 4.438223 0.759149
v 0.318447 5.904448 0.047364
v -3.272499 5.524606 -0.949440
v -2.457567 4.438223 0.759149
v -3.654550 4.508375 0.426881
v -4.469481 5.904448 -1.281708
v 0.019909 5.252621 0.096963
v 0.019909 5.252621 0.096963
v 1.875546 3.521590 -2.388669
v 2.981894 3.346750 0.557954
v 4.266481 3.319991 0.074051
v 3.160133 3.494832 -2.872572
v 0.148181 6.006879 0.093556
v 0.148181 6.006879 0.093556
v 1.829812 4.438171 -2.158993
v 2.832416 4.279725 0.511319
v 3.996545 4.255476 0.072793
v 2.993940 4.413921 -2.597520
v -1.725704 3.729330 2.348185
v 0.422647 5.219891 -0.056193
v -3.448021 5.114079 1.390822
v -1.725704 3.729330 2.348185
v -2.996286 3.910225 2.835975
v -4.687690 5.635201 1.887193
v -1.514581 4.632999 2.164419
v 0.432315 5.983788 -0.014496
v -3.075394 5.887898 1.296830
v -1.514581 4.632999 2.164419
v -2.666019 4.796933 2.606469
v -4.198817 6.360154 1.746655
v 0.238662 5.252621 0.169884
v 0.238662 5.252621 0.169884
v -1.947104 3.521591 -2.031065
v 1.130166 3.346749 -2.692124
v 0.840405 3.319990 -4.033900
v -2.236866 3.494832 -3.372842
v 0.254154 6.006879 0.042506
v 0.254154 6.006879 0.042506
v -1.726650 4.438171 -1.952057
v 1.062059 4.279724 -2.551127
v 0.799470 4.255475 -3.767083
v -1.989239 4.413921 -3.168013
v 2.208744 3.729330 2.227538
v 0.146389 5.219891 -0.250996
v 1.008542 5.114079 3.790367
v 2.208744 3.729330 2.227538
v 2.504410 3.910225 3.556034
v 1.317241 5.635201 5.089547
v 2.058019 4.632999 1.991690
v 0.189054 5.983788 -0.254428
v 0.970362 5.887899 3.407969
v 2.058019 4.632999 1.991690
v 2.325959 4.796933 3.195611
v 1.250113 6.360154 4.585322
v 0.133415 5.222660 0.256741
v 0.133415 5.222660 0.256741
v -0.666028 3.885574 -2.935642
v 2.353534 3.687360 -2.052401
v 2.746150 3.852075 -3.357684
v -0.273413 4.050289 -4.240925
v 0.183698 5.986101 0.256167
v 0.183698 5.986101 0.256167
v -0.540780 4.774396 -2.636861
v 2.195633 4.594769 -1.836444
v 2.551432 4.744038 -3.019329
v -0.184980 4.923666 -3.819745
v 0.918888 3.364515 2.779817
v 0.256150 5.250279 -0.156658
v -0.929594 4.569974 3.744408
v 0.918888 3.364515 2.779817
v 0.532813 3.353998 4.097344
v -1.301232 4.899816 5.088960
v 0.870880 4.296654 2.625628
v 0.270288 6.005587 -0.035489
v -0.804267 5.389075 3.499767
v 0.870880 4.296654 2.625628
v 0.521008 4.287123 3.819609
v -1.141055 5.687986 4.718238
v 0.014560 7.356094 -0.104759
v 0.014560 7.356094 -0.104759
v 2.819139 5.914686 0.162752
v 1.194548 5.914687 2.453531
v 2.190690 5.983651 3.159982
v 3.815280 5.983651 0.869203
v 0.060799 8.035348 -0.071968
v 0.060799 8.035348 -0.071968
v 2.602387 6.729104 0.170458
v 1.130137 6.729105 2.246427
v 2.032869 6.791602 2.886632
v 3.505119 6.791602 0.810664
v -2.476000 5.914686 -0.149573
v 0.328578 7.356094 0.117938
v -2.659846 6.982681 -2.001413
v -2.476000 5.914686 -0.149573
v -3.472142 5.983651 -0.856024
v -3.655988 7.356093 -2.707864
v -2.259248 6.729104 -0.157280
v 0.282340 8.035348 0.085146
v -2.425855 7.696951 -1.835470
v -2.259248 6.729104 -0.157280
v -3.161980 6.791602 -0.797486
v -3.328587 8.035348 -2.475675
v 0.017156 7.454643 0.036491
v 0.017156 7.454643 0.036491
v 2.323489 5.912486 -1.485829
v 2.360172 5.756722 1.317981
v 3.582980 5.732883 1.300658
v 3.546297 5.888647 -1.503153
v 0.125686 8.126603 0.072401
v 0.125686 8.126603 0.072401
v 2.215750 6.729058 -1.307168
v 2.248993 6.587900 1.233724
v 3.357136 6.566296 1.218025
v 3.323893 6.707454 -1.322867
v -2.126127 6.097558 1.395612
v 0.400963 7.425484 0.029849
v -3.280211 7.331217 0.072774
v -2.126127 6.097558 1.395612
v -3.338372 6.258716 1.420425
v -4.469142 7.795478 0.114121
v -1.893656 6.902628 1.305408
v 0.396463 8.106031 0.067715
v -2.939521 8.020604 0.106615
v -1.893656 6.902628 1.305408
v -2.992228 7.048674 1.327895
v -4.016963 8.441331 0.144085
v 0.178448 7.454643 0.163714
v 0.178448 7.454643 0.163714
v -0.988209 5.912486 -2.341389
v 1.790521 5.756722 -1.965408
v 1.953185 5.732883 -3.177472
v -0.825544 5.888647 -3.553454
v 0.229926 8.126603 0.061644
v 0.229926 8.126603 0.061644
v -0.827331 6.729058 -2.208551
v 1.690832 6.587899 -1.867826
v 1.838244 6.566296 -2.966233
v -0.679920 6.707454 -3.306958
v 1.207653 6.097558 2.483543
v 0.228313 7.425484 -0.216897
v -0.270500 7.331217 3.430577
v 1.207653 6.097558 2.483543
v 1.053951 6.258717 3.686261
v -0.404420 7.795479 4.612665
v 1.152612 6.902628 2.240336
v 0.265106 8.106031 -0.206879
v -0.186932 8.020605 3.098565
v 1.152612 6.902628 2.240336
v 1.013323 7.048675 3.330274
v -0.308294 8.441332 4.169806
v 0.063995 7.427951 0.204698
v 0.063995 7.427951 0.204698
v 0.358790 6.236755 -2.712325
v 2.622449 6.060168 -1.059562
v 3.345959 6.206911 -2.034818
v 1.082301 6.383498 -3.687582
v 0.106309 8.108092 0.219413
v 0.106309 8.108092 0.219413
v 0.373460 7.028597 -2.424076
v 2.424853 6.868569 -0.926295
v 3.080519 7.001552 -1.810102
v 1.029126 7.161580 -3.307881
v -0.040235 5.772549 2.556577
v 0.291789 7.452557 -0.104665
v -1.880893 6.846480 2.806330
v -0.040235 5.772549 2.556577
v -0.761964 5.763179 3.544072
v -2.598690 7.140332 3.820837
v -0.033870 6.602982 2.412848
v 0.267019 8.125452 0.001156
v -1.701927 7.576208 2.639182
v -0.033870 6.602982 2.412848
v -0.687922 6.594491 3.307744
v -2.352414 7.842504 3.558556
v 0.092819 9.270783 -0.147790
v 0.092819 9.270783 -0.147790
v 2.218227 7.973043 1.236579
v -0.034106 7.973043 2.385533
v 0.465515 8.035134 3.364957
v 2.717847 8.035133 2.216003
v 0.116010 9.882334 -0.102328
v 0.116010 9.882334 -0.102328
v 2.042114 8.706286 1.152227
v 0.000987 8.706286 2.193441
v 0.453758 8.762555 3.081022
v 2.494885 8.762554 2.039808
v -1.875091 7.973043 -1.223411
v 0.250317 9.270783 0.160958
v -1.248546 8.934588 -2.777311
v -1.875091 7.973043 -1.223411
v -2.374712 8.035133 -2.202835
v -1.748166 9.270782 -3.756734
v -1.698979 8.706286 -1.139059
v 0.227126 9.882334 0.115496
v -1.131186 9.577665 -2.547247
v -1.698979 8.706286 -1.139059
v -2.151750 8.762554 -2.026640
v -1.583956 9.882333 -3.434828
v 0.035914 9.359509 -0.034036
v 0.035914 9.359509 -0.034036
v 2.511193 7.971063 -0.285375
v 1.369789 7.830824 1.966429
v 2.352407 7.809361 2.463166
v 3.493812 7.949600 0.211361
v 0.107490 9.964494 0.039922
v 0.107490 9.964494 0.039922
v 2.350658 8.706244 -0.187849
v 1.316285 8.579156 1.852800
v 2.206761 8.559705 2.302958
v 3.241134 8.686794 0.262308
v -2.241167 8.137688 0.155203
v 0.344834 9.333256 0.120915
v -2.609415 9.248385 -1.381833
v -2.241167 8.137688 0.155203
v -3.218487 8.282784 -0.331149
v -3.575041 9.666372 -1.845263
v -2.018072 8.862514 0.180314
v 0.325435 9.945972 0.149241
v -2.351789 9.869060 -1.212592
v -2.018072 8.862514 0.180314
v -2.903748 8.994003 -0.260433
v -3.226866 10.247852 -1.632565
v 0.111451 9.359509 0.134788
v 0.111451 9.359509 0.134788
v 0.226803 7.971062 -2.350543
v 2.286303 7.830824 -0.890444
v 2.922122 7.809360 -1.789343
v 0.862623 7.949599 -3.249443
v 0.195130 9.964494 0.074864
v 0.195130 9.964494 0.074864
v 0.299665 8.706244 -2.177413
v 2.166042 8.579156 -0.854230
v 2.742240 8.559705 -1.668838
v 0.875863 8.686793 -2.992020
v -0.036184 8.137688 2.414944
v 0.310142 9.333256 -0.147990
v -1.610659 9.248385 2.553187
v -0.036184 8.137688 2.414944
v -0.660952 8.282784 3.310130
v -2.211036 9.666373 3.440177
v 0.021458 8.862514 2.197967
v 0.335307 9.945972 -0.124637
v -1.405377 9.869060 2.323246
v 0.021458 8.862514 2.197967
v -0.544725 8.994004 3.009209
v -1.949455 10.247853 3.127062
v 0.003044 9.335478 0.119693
v 0.003044 9.335478 0.119693
v 1.456125 8.263011 -2.084016
v 2.571684 8.104025 0.179465
v 3.555995 8.236141 -0.296374
v 2.440437 8.395127 -2.559855
v 0.030652 9.947828 0.149097
v 0.030652 9.947828 0.149097
v 1.347475 8.975928 -1.847966
v 2.358427 8.831851 0.203265
v 3.250438 8.951579 -0.227954
v 2.239486 9.095657 -2.279185
v -1.062068 7.845073 1.952174
v 0.313914 9.357631 -0.031964
v -2.634566 8.811962 1.382869
v -1.062068 7.845073 1.952174
v -2.050068 7.836637 2.438519
v -3.630708 9.076526 1.892401
v -0.996980 8.592734 1.840184
v 0.249973 9.963457 0.042102
v -2.422023 9.468957 1.324264
v -0.996980 8.592734 1.840184
v -1.892334 8.585090 2.280924
v -3.324754 9.708711 1.786016
v 0.050799 11.000758 -0.060654
v 0.050799 11.000758 -0.060654
v 2.073750 9.965665 -0.088490
v 1.092735 9.965665 1.673553
v 1.858957 10.015189 2.100147
v 2.839972 10.015189 0.338103
v 0.086365 11.488538 -0.040853
v 0.086365 11.488538 -0.040853
v 1.919621 10.550508 -0.066078
v 1.030597 10.550508 1.530735
v 1.724969 10.595388 1.917325
v 2.613993 10.595388 0.320512
v -1.730612 9.965665 0.101658
v 0.292339 11.000758 0.073822
v -2.006326 10.732605 -1.205957
v -1.730612 9.965665 0.101658
v -2.496834 10.015189 -0.324935
v -2.772547 11.000758 -1.632549
v -1.576482 10.550508 0.079247
v 0.256773 11.488538 0.054021
v -1.826342 11.245530 -1.105751
v -1.576482 10.550508 0.079247
v -2.270854 10.595388 -0.307344
v -2.520714 11.488538 -1.492341
v 0.063672 11.071527 0.039976
v 0.063672 11.071527 0.039976
v 1.591310 9.964086 -1.226681
v 1.836238 9.852228 0.771990
v 2.707802 9.835110 0.664226
v 2.462874 9.946966 -1.334445
v 0.143949 11.554070 0.057144
v 0.143949 11.554070 0.057144
v 1.528337 10.550475 -1.090736
v 1.750298 10.449108 0.720516
v 2.540134 10.433593 0.622857
v 2.318173 10.534962 -1.188395
v -1.360302 10.096988 1.177411
v 0.337139 11.050587 0.005292
v -2.287361 10.982893 0.323125
v -1.360302 10.096988 1.177411
v -2.223741 10.212718 1.289698
v -3.132867 11.316284 0.445396
v -1.201388 10.675117 1.094881
v 0.336881 11.539296 0.032674
v -2.041515 11.477950 0.320703
v -1.201388 10.675117 1.094881
v -1.983861 10.779995 1.196640
v -2.807736 11.780079 0.431509
v 0.188738 11.071527 0.118212
v 0.188738 11.071527 0.118212
v -0.839531 9.964086 -1.579067
v 1.173429 9.852229 -1.527453
v 1.194989 9.835110 -2.405389
v -0.817972 9.946966 -2.457004
v 0.217523 11.554070 0.041333
v 0.217523 11.554070 0.041333
v -0.714323 10.550475 -1.496790
v 1.109878 10.449108 -1.450016
v 1.129416 10.433593 -2.245627
v -0.694786 10.534962 -2.292400
v 1.104431 10.096988 1.693956
v 0.194641 11.050587 -0.157381
v 0.123118 10.982893 2.485326
v 1.104431 10.096988 1.693956
v 1.088540 10.212718 2.564520
v 0.119740 11.316285 3.339622
v 1.046166 10.675117 1.524633
v 0.221688 11.539296 -0.153100
v 0.156872 11.477950 2.241796
v 1.046166 10.675117 1.524633
v 1.031765 10.779995 2.313565
v 0.153810 11.780080 3.015982
v 0.110231 11.052359 0.156399
v 0.110231 11.052359 0.156399
v 0.093100 10.196947 -1.948951
v 1.837981 10.070138 -0.945708
v 2.278382 10.175515 -1.698352
v 0.533501 10.302324 -2.701595
v 0.141586 11.540776 0.163602
v 0.141586 11.540776 0.163602
v 0.126061 10.765578 -1.744325
v 1.707322 10.650661 -0.835158
v 2.106426 10.746157 -1.517226
v 0.525165 10.861075 -2.426392
v 0.219310 9.863594 1.843446
v 0.248710 11.070028 -0.082215
v -1.075180 10.634796 2.165336
v 0.219310 9.863594 1.843446
v -0.218865 9.856866 2.604687
v -1.508440 10.845817 2.945554
v 0.212640 10.459938 1.740347
v 0.239283 11.553243 -0.004742
v -0.960464 11.158823 2.032053
v 0.212640 10.459938 1.740347
v -0.184446 10.453840 2.430206
v -1.353096 11.350054 2.739107
v 0.090400 12.230182 -0.080934
v 0.090400 12.230182 -0.080934
v 1.758771 11.336351 0.437403
v 0.481926 11.336351 1.621665
v 0.996900 11.379117 2.176899
v 2.273745 11.379117 0.992637
v 0.114303 12.651392 -0.055161
v 0.114303 12.651392 -0.055161
v 1.626228 11.841379 0.414570
v 0.469116 11.841379 1.487781
v 0.935801 11.880135 1.990950
v 2.092913 11.880135 0.917738
v -1.415633 11.336351 -0.424241
v 0.252737 12.230182 0.094095
v -1.292186 11.998625 -1.571606
v -1.415633 11.336351 -0.424241
v -1.930608 11.379117 -0.979475
v -1.807159 12.230182 -2.126839
v -1.283091 11.841379 -0.401409
v 0.228834 12.651392 0.068322
v -1.171219 12.441548 -1.441183
v -1.283091 11.841379 -0.401409
v -1.749776 11.880135 -0.904577
v -1.637904 12.651392 -1.944351
v 0.074048 12.291292 0.005132
v 0.074048 12.291292 0.005132
v 1.667162 11.334988 -0.626163
v 1.333563 11.238397 1.080351
v 2.077982 11.223614 1.225038
v 2.411581 11.320205 -0.481477
v 0.135365 12.707980 0.040703
v 0.135365 12.707980 0.040703
v 1.579090 11.841351 -0.531394
v 1.276774 11.753818 1.015097
v 1.951387 11.740419 1.146217
v 2.253704 11.827954 -0.400275
v -1.399385 11.449753 0.558062
v 0.307853 12.273210 0.049814
v -1.931995 12.214754 -0.391353
v -1.399385 11.449753 0.558062
v -2.138343 11.549688 0.419263
v -2.658900 12.502646 -0.517158
v -1.246831 11.948982 0.532816
v 0.300316 12.695223 0.072227
v -1.729497 12.642249 -0.327571
v -1.246831 11.948982 0.532816
v -1.916497 12.039547 0.407032
v -2.388240 12.903145 -0.441579
v 0.155801 12.291292 0.102825
v 0.155801 12.291292 0.102825
v -0.234384 11.334988 -1.565798
v 1.404530 11.238397 -0.984903
v 1.657102 11.223614 -1.699956
v 0.018187 11.320205 -2.280852
v 0.200002 12.707980 0.047404
v 0.200002 12.707980 0.047404
v -0.153594 11.841351 -1.464749
v 1.331635 11.753818 -0.938325
v 1.560523 11.740419 -1.586327
v 0.075293 11.827954 -2.112750
v 0.486071 11.449753 1.641545
v 0.234376 12.273210 -0.121869
v -0.531338 12.214754 2.028765
v 0.486071 11.449753 1.641545
v 0.240126 11.549688 2.352062
v -0.762657 12.502646 2.729273
v 0.483531 11.948982 1.486937
v 0.255437 12.695223 -0.111119
v -0.438474 12.642249 1.837847
v 0.483531 11.948982 1.486937
v 0.260648 12.039547 2.130829
v -0.648103 12.903145 2.472667
v 0.081128 12.274740 0.113175
v 0.081128 12.274740 0.113175
v 0.630297 11.536070 -1.619985
v 1.794522 11.426567 -0.329482
v 2.357460 11.517563 -0.829615
v 1.193236 11.627066 -2.120117
v 0.104945 12.696501 0.127477
v 0.104945 12.696501 0.127477
v 0.602617 12.027098 -1.443161
v 1.657670 11.927863 -0.273671
v 2.167821 12.010326 -0.726906
v 1.112767 12.109562 -1.896395
v -0.280642 11.248211 1.527490
v 0.258660 12.289998 -0.045690
v -1.429584 11.914164 1.445466
v -0.280642 11.248211 1.527490
v -0.844052 11.242401 2.035277
v -1.994036 12.096385 1.970148
v -0.258536 11.763169 1.441057
v 0.230194 12.707266 0.015397
v -1.299741 12.366674 1.366725
v -0.258536 11.763169 1.441057
v -0.769114 11.757904 1.901228
v -1.811262 12.531808 1.842206
v 0.049605 13.935585 0.006586
v 0.049605 13.935585 0.006586
v 1.597310 12.744180 -0.883210
v 1.597310 12.744180 0.896381
v 2.371162 12.801182 0.896381
v 2.371162 12.801182 -0.883210
v 0.085526 14.497028 0.006586
v 0.085526 14.497028 0.006586
v 1.488099 13.417342 -0.799772
v 1.488099 13.417342 0.812943
v 2.189386 13.469000 0.812943
v 2.189386 13.469000 -0.799772
v -1.254154 12.744180 0.896381
v 0.293550 13.935585 0.006586
v -2.028006 13.626939 0.006586
v -1.254154 12.744180 0.896381
v -2.028006 12.801182 0.896381
v -2.801858 13.935585 0.006586
v -1.144943 13.417342 0.812943
v 0.257630 14.497028 0.006586
v -1.846230 14.217323 0.006586
v -1.144943 13.417342 0.812943
v -1.846230 13.469000 0.812943
v -2.547517 14.497028 0.006585
v 0.102725 14.017042 0.078644
v 0.102725 14.017042 0.078644
v 0.736799 12.742361 -1.553647
v 1.783547 12.613614 -0.117847
v 2.409247 12.593910 -0.575043
v 1.362500 12.722658 -2.010843
v 0.171986 14.572454 0.057422
v 0.171986 14.572454 0.057422
v 0.746602 13.417303 -1.421806
v 1.695194 13.300629 -0.120644
v 2.262222 13.282773 -0.534967
v 1.313630 13.399448 -1.836130
v -0.506895 12.895333 1.566811
v 0.298674 13.992941 -0.065480
v -1.588333 13.915024 1.306107
v -0.506895 12.895333 1.566811
v -1.124390 13.028540 2.024007
v -2.187717 14.298761 1.763302
v -0.419800 13.560770 1.434970
v 0.310229 14.555452 -0.044258
v -1.399830 14.484842 1.198713
v -0.419800 13.560770 1.434970
v -0.979392 13.681486 1.849294
v -1.943009 14.832596 1.613036
v 0.232730 14.017042 0.085279
v 0.232730 14.017042 0.085279
v -1.288587 12.742361 -0.781911
v 0.285518 12.613614 -1.606165
v -0.074706 12.593910 -2.292289
v -1.648812 12.722658 -1.468036
v 0.221923 14.572454 0.013651
v 0.221923 14.572454 0.013651
v -1.156737 13.417303 -0.772222
v 0.269761 13.300629 -1.519184
v -0.056685 13.282773 -2.140969
v -1.483183 13.399448 -1.394007
v 1.615085 12.895333 0.907090
v 0.118985 13.992941 -0.129731
v 1.198202 13.915024 1.938441
v 1.615085 12.895333 0.907090
v 1.976516 13.028540 1.585099
v 1.562297 14.298761 2.598535
v 1.497483 13.560770 0.801557
v 0.141675 14.555452 -0.138040
v 1.119692 14.484842 1.736195
v 1.497483 13.560770 0.801557
v 1.825023 13.681486 1.415987
v 1.449645 14.832596 2.334391
v 0.188595 13.994978 0.148419
v 0.188595 13.994978 0.148419
v -0.728317 13.010388 -1.467408
v 1.047583 12.864429 -1.442905
v 1.064057 12.985720 -2.212216
v -0.711843 13.131680 -2.236719
v 0.215860 14.557154 0.140513
v 0.215860 14.557154 0.140513
v -0.615071 13.664890 -1.323794
v 0.994300 13.532619 -1.301589
v 1.009229 13.642536 -1.998761
v -0.600142 13.774809 -2.020966
v 0.996843 12.626694 1.402276
v 0.192936 14.015317 -0.094989
v 0.136987 13.514359 2.206095
v 0.996843 12.626694 1.402276
v 0.985776 12.618951 2.177259
v 0.137854 13.757245 2.993600
v 0.947446 13.313095 1.325652
v 0.218923 14.571503 -0.031212
v 0.168220 14.117522 2.054095
v 0.947446 13.313095 1.325652
v 0.937417 13.306077 2.027964
v 0.169006 14.337629 2.767754
v 0.077711 15.204716 -0.019470
v 0.077711 15.204716 -0.019470
v 1.458838 14.253191 -0.373598
v 1.078681 14.253191 0.995900
v 1.674205 14.298717 1.161211
v 2.054362 14.298717 -0.208288
v 0.105353 15.653116 -0.011797
v 0.105353 15.653116 -0.011797
v 1.356970 14.790817 -0.332718
v 1.012461 14.790817 0.908361
v 1.552142 14.832075 1.058170
v 1.896651 14.832075 -0.182909
v -1.115686 14.253191 0.386770
v 0.265440 15.204716 0.032641
v -1.521133 14.958216 -0.463290
v -1.115686 14.253191 0.386770
v -1.711211 14.298717 0.221459
v -2.116657 15.204716 -0.628601
v -1.013819 14.790817 0.345889
v 0.237798 15.653116 0.024968
v -1.381245 15.429729 -0.424459
v -1.013819 14.790817 0.345889
v -1.553500 14.832075 0.196080
v -1.920926 15.653116 -0.574269
v 0.103196 15.269772 0.047330
v 0.103196 15.269772 0.047330
v 0.939844 14.251740 -1.073361
v 1.438661 14.148913 0.255176
v 2.017840 14.133177 0.037000
v 1.519023 14.236004 -1.291538
v 0.161030 15.713358 0.045794
v 0.161030 15.713358 0.045794
v 0.919224 14.790789 -0.969808
v 1.371266 14.697605 0.234150
v 1.896135 14.683344 0.036433
v 1.444092 14.776525 -1.167526
v -0.683845 14.373913 1.062335
v 0.284778 15.250525 -0.021723
v -1.460383 15.188295 0.630690
v -0.683845 14.373913 1.062335
v -1.256710 14.480299 1.282264
v -2.019310 15.494772 0.854488
v -0.588656 14.905369 0.979480
v 0.289137 15.699778 -0.002923
v -1.292377 15.643385 0.588312
v -0.588656 14.905369 0.979480
v -1.107803 15.001780 1.178786
v -1.798892 15.921120 0.791124
v 0.201825 15.269772 0.080208
v 0.201825 15.269772 0.080208
v -0.783667 14.251740 -0.912129
v 0.603776 14.148913 -1.210180
v 0.473132 14.133177 -1.815144
v -0.914311 14.236004 -1.517094
v 0.208810 15.713358 0.022777
v 0.208810 15.713358 0.022777
v -0.684271 14.790789 -0.876507
v 0.573069 14.697605 -1.146609
v 0.454676 14.683344 -1.694845
v -0.802664 14.776525 -1.424743
v 1.090072 14.373913 1.007939
v 0.160222 15.250525 -0.109553
v 0.548939 15.188295 1.712568
v 1.090072 14.373913 1.007939
v 1.223379 14.480299 1.606915
v 0.688122 15.494772 2.298327
v 1.022115 14.905369 0.901602
v 0.179459 15.699778 -0.111101
v 0.531725 15.643385 1.540158
v 1.022115 14.905369 0.901602
v 1.142921 15.001780 1.444412
v 0.657856 15.921120 2.070988
v 0.154373 15.252151 0.119369
v 0.154373 15.252151 0.119369
v -0.206071 14.465803 -1.319974
v 1.155353 14.349230 -0.921749
v 1.332371 14.446100 -1.510260
v -0.029053 14.562674 -1.908485
v 0.177044 15.701138 0.119110
v 0.177044 15.701138 0.119110
v -0.149601 14.988525 -1.185263
v 1.084161 14.882885 -0.824381
v 1.244579 14.970671 -1.357706
v 0.010818 15.076309 -1.718588
v 0.508517 14.159363 1.256944
v 0.209710 15.268396 -0.067019
v -0.324904 14.868301 1.691847
v 0.508517 14.159363 1.256944
v 0.334448 14.153177 1.850975
v -0.492464 15.062284 2.298063
v 0.486872 14.707560 1.187425
v 0.216084 15.712597 -0.012388
v -0.268398 15.350021 1.581546
v 0.486872 14.707560 1.187425
v 0.329126 14.701956 1.725753
v -0.420245 15.525814 2.130916
v 0.100785 16.506844 -0.043620
v 0.100785 16.506844 -0.043620
v 1.365280 15.659140 0.076993
v 0.632804 15.659140 1.109832
v 1.081932 15.699697 1.428348
v 1.814408 15.699697 0.395509
v 0.121632 16.906319 -0.028835
v 0.121632 16.906319 -0.028835
v 1.267553 16.138103 0.080467
v 0.603763 16.138103 1.016455
v 1.010776 16.174858 1.305103
v 1.674566 16.174858 0.369115
v -1.022129 15.659140 -0.063825
v 0.242366 16.506844 0.056787
v -1.105020 16.287235 -0.898760
v -1.022129 15.659140 -0.063825
v -1.471258 15.699697 -0.382341
v -1.554148 16.506844 -1.217277
v -0.924403 16.138103 -0.067300
v 0.221518 16.906319 0.042003
v -0.999521 16.707302 -0.823942
v -0.924403 16.138103 -0.067300
v -1.331416 16.174858 -0.355948
v -1.406534 16.906319 -1.112590
v 0.101955 16.564800 0.020065
v 0.101955 16.564800 0.020065
v 1.141807 15.657845 -0.666300
v 1.158346 15.566236 0.597848
v 1.709671 15.552219 0.590038
v 1.693132 15.643824 -0.674111
v 0.150888 16.959986 0.036256
v 0.150888 16.959986 0.036256
v 1.093231 16.138077 -0.585748
v 1.108219 16.055059 0.559860
v 1.607846 16.042356 0.552782
v 1.592857 16.125372 -0.592826
v -0.864383 15.766685 0.632850
v 0.275001 16.547649 0.017071
v -1.384723 16.492212 0.036424
v -0.864383 15.766685 0.632850
v -1.410945 15.861465 0.644037
v -1.920774 16.765247 0.055066
v -0.759569 16.240156 0.592180
v 0.272973 16.947886 0.034144
v -1.231116 16.897646 0.051682
v -0.759569 16.240156 0.592180
v -1.254880 16.326044 0.602318
v -1.716900 17.145079 0.068576
v 0.174677 16.564800 0.077426
v 0.174677 16.564800 0.077426
v -0.351332 15.657845 -1.052045
v 0.901509 15.566240 -0.882527
v 0.974849 15.552219 -1.429008
v -0.277992 15.643824 -1.598526
v 0.197886 16.959986 0.031406
v 0.197886 16.959986 0.031406
v -0.278797 16.138077 -0.992152
v 0.856562 16.055059 -0.838530
v 0.923025 16.042356 -1.333767
v -0.212334 16.125372 -1.487389
v 0.638712 15.766685 1.123363
v 0.197159 16.547649 -0.094179
v -0.027740 16.492212 1.550350
v 0.638712 15.766685 1.123363
v 0.569413 15.861465 1.665630
v -0.088120 16.765247 2.083317
v 0.613896 16.240156 1.013709
v 0.213748 16.947886 -0.089662
v 0.009938 16.897646 1.400657
v 0.613896 16.240156 1.013709
v 0.551095 16.326044 1.505127
v -0.044780 17.145079 1.883646
v 0.123073 16.549101 0.095905
v 0.123073 16.549101 0.095905
v 0.255987 15.848549 -1.219288
v 1.276599 15.744698 -0.474110
v 1.602806 15.830997 -0.913822
v 0.582195 15.934849 -1.659000
v 0.142151 16.949097 0.102539
v 0.142151 16.949097 0.102539
v 0.262601 16.314240 -1.089325
v 1.187509 16.220123 -0.414024
v 1.483128 16.298334 -0.812504
v 0.558220 16.392445 -1.487805
v 0.076079 15.575546 1.156292
v 0.225779 16.563572 -0.043577
v -0.753814 16.207132 1.268898
v 0.076079 15.575546 1.156292
v -0.249325 15.570036 1.601522
v -1.077446 16.379948 1.726307
v 0.078949 16.063929 1.091489
v 0.214610 16.959309 0.004134
v -0.673124 16.636293 1.193536
v 0.078949 16.063929 1.091489
v -0.215942 16.058937 1.494969
v -0.966409 16.792904 1.608052
v 0.136069 17.632887 -0.063021
v 0.136069 17.632887 -0.063021
v 1.094348 16.869675 0.561147
v 0.078843 16.869675 1.079174
v 0.304106 16.906191 1.520764
v 1.319611 16.906191 1.002738
v 0.146525 17.992544 -0.042523
v 0.146525 17.992544 -0.042523
v 1.014944 17.300900 0.523115
v 0.094665 17.300900 0.992566
v 0.298805 17.333992 1.392747
v 1.219084 17.333992 0.923297
v -0.751199 16.869675 -0.547984
v 0.207080 17.632887 0.076184
v -0.468709 17.435167 -1.248588
v -0.751199 16.869675 -0.547984
v -0.976462 16.906191 -0.989575
v -0.693972 17.632887 -1.690179
v -0.671795 17.300900 -0.509952
v 0.196624 17.992544 0.055686
v -0.415795 17.813366 -1.144860
v -0.671795 17.300900 -0.509952
v -0.875935 17.333992 -0.910134
v -0.619935 17.992544 -1.545042
v 0.110413 17.685066 -0.011733
v 0.110413 17.685066 -0.011733
v 1.226437 16.868511 -0.125054
v 0.711814 16.786036 0.890213
v 1.154845 16.773411 1.114176
v 1.669468 16.855886 0.098909
v 0.142684 18.040863 0.021612
v 0.142684 18.040863 0.021612
v 1.154057 17.300877 -0.081082
v 0.687691 17.226133 0.838981
v 1.089178 17.214695 1.041943
v 1.555544 17.289436 0.121879
v -0.916251 16.966503 0.073589
v 0.249695 17.669626 0.058130
v -1.082282 17.619715 -0.619412
v -0.916251 16.966503 0.073589
v -1.356893 17.051834 -0.145692
v -1.517652 17.865534 -0.828357
v -0.815664 17.392780 0.084910
v 0.240948 18.029970 0.070901
v -0.966126 17.984737 -0.543106
v -0.815664 17.392780 0.084910
v -1.214987 17.470110 -0.113808
v -1.360671 18.207508 -0.732459
v 0.144470 17.685066 0.064384
v 0.144470 17.685066 0.064384
v 0.196478 16.868511 -1.056172
v 1.125041 16.786036 -0.397860
v 1.411712 16.773411 -0.803145
v 0.483149 16.855886 -1.461457
v 0.182198 18.040863 0.037367
v 0.182198 18.040863 0.037367
v 0.229329 17.300877 -0.978113
v 1.070819 17.226133 -0.381532
v 1.330609 17.214695 -0.748813
v 0.489119 17.289436 -1.345394
v 0.077906 16.966503 1.092434
v 0.234053 17.669626 -0.063111
v -0.631975 17.619715 1.154763
v 0.077906 16.966503 1.092434
v -0.203782 17.051834 1.496045
v -0.902665 17.865534 1.554679
v 0.103895 17.392780 0.994606
v 0.245399 18.029970 -0.052582
v -0.539420 17.984737 1.051090
v 0.103895 17.392780 0.994606
v -0.151379 17.470110 1.360369
v -0.784727 18.207508 1.413505
v 0.095592 17.670935 0.057578
v 0.095592 17.670935 0.057578
v 0.750740 17.040205 -0.936004
v 1.253710 16.946707 0.084528
v 1.697505 17.024405 -0.130013
v 1.194535 17.117907 -1.150544
v 0.108040 18.031061 0.070836
v 0.108040 18.031061 0.070836
v 0.701754 17.459480 -0.829576
v 1.157559 17.374744 0.095258
v 1.559739 17.445158 -0.099164
v 1.103933 17.529894 -1.023999
v -0.384632 16.794415 0.883786
v 0.235754 17.683960 -0.010799
v -1.093622 17.363050 0.627104
v -0.384632 16.794415 0.883786
v -0.830090 16.789452 1.103063
v -1.542750 17.518641 0.856836
v -0.355287 17.234119 0.833293
v 0.206925 18.040253 0.022595
v -0.997793 17.749435 0.600681
v -0.355287 17.234119 0.833293
v -0.758973 17.229624 1.032009
v -1.404806 17.890434 0.808871
v 0.117124 18.650297 -0.023734
v 0.117124 18.650297 -0.023734
v 1.029208 18.041552 -0.036284
v 0.586899 18.041552 0.758165
v 0.932364 18.070677 0.950502
v 1.374673 18.070677 0.156053
v 0.133159 18.937164 -0.014807
v 0.133159 18.937164 -0.014807
v 0.959716 18.385502 -0.026180
v 0.558883 18.385502 0.693772
v 0.871953 18.411898 0.868074
v 1.272786 18.411898 0.148121
v -0.686058 18.041552 0.049447
v 0.226026 18.650297 0.036897
v -0.810369 18.492594 -0.540115
v -0.686058 18.041552 0.049447
v -1.031523 18.070677 -0.142890
v -1.155833 18.650297 -0.732452
v -0.616566 18.385502 0.039343
v 0.209991 18.937164 0.027969
v -0.729219 18.794250 -0.494935
v -0.616566 18.385502 0.039343
v -0.929636 18.411898 -0.134959
v -1.042289 18.937164 -0.669236
v 0.122928 18.691917 0.021637
v 0.122928 18.691917 0.021637
v 0.811691 18.040623 -0.549458
v 0.922121 17.974838 0.351679
v 1.315082 17.964771 0.303091
v 1.204651 18.030556 -0.598046
v 0.159122 18.975706 0.029377
v 0.159122 18.975706 0.029377
v 0.783298 18.385483 -0.488165
v 0.883374 18.325869 0.328471
v 1.239486 18.316744 0.284439
v 1.139410 18.376360 -0.532197
v -0.519097 18.118784 0.534470
v 0.246225 18.679604 0.005999
v -0.937078 18.639791 0.149299
v -0.519097 18.118784 0.534470
v -0.908394 18.186844 0.585097
v -1.318290 18.835861 0.204427
v -0.447447 18.458786 0.497260
v 0.246109 18.967018 0.018345
v -0.826234 18.930937 0.148207
v -0.447447 18.458786 0.497260
v -0.800240 18.520466 0.543139
v -1.171699 19.108622 0.198166
v 0.179316 18.691917 0.056911
v 0.179316 18.691917 0.056911
v -0.284298 18.040623 -0.708338
v 0.623282 17.974838 -0.685067
v 0.633003 17.964771 -1.080900
v -0.274578 18.030556 -1.104172
v 0.192294 18.975706 0.022248
v 0.192294 18.975706 0.022248
v -0.227846 18.385483 -0.671242
v 0.594629 18.325869 -0.650153
v 0.603438 18.316744 -1.008869
v -0.219037 18.376360 -1.029957
v 0.592173 18.118784 0.767363
v 0.181977 18.679604 -0.067345
v 0.149730 18.639791 1.124167
v 0.592173 18.118784 0.767363
v 0.585008 18.186844 1.159873
v 0.148207 18.835861 1.509342
v 0.565903 18.458786 0.691021
v 0.194172 18.967018 -0.065415
v 0.164948 18.930937 1.014367
v 0.565903 18.458786 0.691021
v 0.559410 18.520466 1.046725
v 0.163568 19.108622 1.363423
v 0.143920 18.680645 0.074128
v 0.143920 18.680645 0.074128
v 0.136196 18.177570 -0.875107
v 0.922907 18.102995 -0.422777
v 1.121470 18.164967 -0.762120
v 0.334759 18.239542 -1.214450
v 0.158056 18.967888 0.077376
v 0.158056 18.967888 0.077376
v 0.151057 18.511986 -0.782848
v 0.863997 18.444401 -0.372933
v 1.043940 18.500565 -0.680456
v 0.331000 18.568150 -1.090370
v 0.193100 17.981524 0.834764
v 0.206355 18.691038 -0.033455
v -0.390544 18.435072 0.979894
v 0.193100 17.981524 0.834764
v -0.004459 17.977566 1.177983
v -0.585888 18.559174 1.331669
v 0.190093 18.332237 0.788280
v 0.202105 18.975220 0.001475
v -0.338822 18.743256 0.919801
v 0.190093 18.332237 0.788280
v 0.011059 18.328651 1.099315
v -0.515848 18.855721 1.238589
v 0.134978 19.373329 -0.032878
v 0.134978 19.373329 -0.032878
v 0.887194 18.847664 0.200824
v 0.311505 18.847664 0.734770
v 0.543691 18.872814 0.985107
v 1.119379 18.872814 0.451161
v 0.145756 19.621048 -0.021258
v 0.145756 19.621048 -0.021258
v 0.827434 19.144672 0.190529
v 0.305729 19.144672 0.674406
v 0.516143 19.167467 0.901269
v 1.037848 19.167467 0.417392
v -0.544044 18.847664 -0.187664
v 0.208171 19.373329 0.046037
v -0.488385 19.237152 -0.704974
v -0.544044 18.847664 -0.187664
v -0.776230 18.872814 -0.438001
v -0.720571 19.373329 -0.955311
v -0.484285 19.144672 -0.177370
v 0.197394 19.621048 0.034417
v -0.433845 19.497641 -0.646171
v -0.484285 19.144672 -0.177370
v -0.694698 19.167467 -0.404232
v -0.644258 19.621048 -0.873033
v 0.127606 19.409271 0.005926
v 0.127606 19.409271 0.005926
v 0.845890 18.846861 -0.278704
v 0.695481 18.790056 0.490709
v 1.031116 18.781361 0.555943
v 1.181525 18.838165 -0.213470
v 0.155252 19.654329 0.021965
v 0.155252 19.654329 0.021965
v 0.806181 19.144657 -0.235976
v 0.669877 19.093178 0.461288
v 0.974038 19.085299 0.520405
v 1.110343 19.136780 -0.176858
v -0.536718 18.914356 0.255225
v 0.233021 19.398638 0.026072
v -0.776855 19.364258 -0.172836
v -0.536718 18.914356 0.255225
v -0.869891 18.973127 0.192645
v -1.104593 19.533567 -0.229557
v -0.467936 19.207956 0.243842
v 0.229623 19.646826 0.036178
v -0.685555 19.615671 -0.144079
v -0.467936 19.207956 0.243842
v -0.769867 19.261217 0.187130
v -0.982561 19.769106 -0.195481
v 0.164466 19.409271 0.049973
v 0.164466 19.409271 0.049973
v -0.011456 18.846861 -0.702355
v 0.727478 18.790056 -0.440448
v 0.841354 18.781361 -0.762843
v 0.102420 18.838165 -1.024750
v 0.184395 19.654329 0.024986
v 0.184395 19.654329 0.024986
v 0.024969 19.144657 -0.656796
v 0.694612 19.093178 -0.419448
v 0.797810 19.085299 -0.711611
v 0.128167 19.136780 -0.948959
v 0.313374 18.914356 0.743733
v 0.199893 19.398638 -0.051334
v -0.145343 19.364258 0.918318
v 0.313374 18.914356 0.743733
v 0.202485 18.973127 1.064083
v -0.249638 19.533567 1.234155
v 0.312229 19.207956 0.674025
v 0.209389 19.646826 -0.046487
v -0.103474 19.615671 0.832240
v 0.312229 19.207956 0.674025
v 0.211738 19.261217 0.964335
v -0.197989 19.769106 1.118459
v 0.130798 19.399538 0.054640
v 0.130798 19.399538 0.054640
v 0.378401 18.965118 -0.726787
v 0.903313 18.900721 -0.144940
v 1.157124 18.954235 -0.370434
v 0.632212 19.018635 -0.952280
v 0.141536 19.647577 0.061088
v 0.141536 19.647577 0.061088
v 0.365921 19.253897 -0.647062
v 0.841611 19.195536 -0.119777
v 1.071621 19.244034 -0.324126
v 0.595931 19.302393 -0.851411
v -0.032312 18.795828 0.692309
v 0.210842 19.408510 -0.016987
v -0.550334 19.187479 0.655327
v -0.032312 18.795828 0.692309
v -0.286336 18.792412 0.921254
v -0.804827 19.294643 0.891889
v -0.022346 19.098679 0.653340
v 0.198007 19.653908 0.010555
v -0.491792 19.453604 0.619826
v -0.022346 19.098679 0.653340
v -0.252549 19.095583 0.860816
v -0.722420 19.550722 0.834205
v 0.188766 19.626020 -0.001070
v 0.188766 19.626020 -0.001070
v -0.132045 19.175337 -0.530607
v 0.495982 19.129816 -0.514504
v 0.502709 19.122849 -0.788413
v -0.125319 19.168371 -0.804516
v 0.153230 20.118793 -0.034291
v 0.153230 20.118793 -0.034291
v 0.673748 19.755041 0.127426
v 0.275384 19.755041 0.496906
v 0.436051 19.772446 0.670135
v 0.834416 19.772446 0.300655
v -0.327858 19.755041 -0.153495
v 0.192660 20.118793 0.008222
v -0.289343 20.024561 -0.511463
v -0.327858 19.755041 -0.153495
v -0.488526 19.772446 -0.326723
v -0.450011 20.118793 -0.684692
v 0.160481 20.144205 -0.001287
v 0.160481 20.144205 -0.001287
v 0.657520 19.755030 -0.198245
v 0.553440 19.715719 0.334173
v 0.785693 19.709703 0.379314
v 0.889773 19.749014 -0.153104
v -0.315374 19.803364 0.168135
v 0.217270 20.138475 0.009566
v -0.481544 20.114687 -0.128075
v -0.315374 19.803364 0.168135
v -0.545924 19.844032 0.124831
v -0.708333 20.231848 -0.167324
v 0.182734 20.144205 0.001020
v 0.182734 20.144205 0.001020
v 0.061000 19.755030 -0.519576
v 0.572328 19.715719 -0.338342
v 0.651128 19.709703 -0.561433
v 0.139800 19.749014 -0.742667
v 0.280346 19.803364 0.496616
v 0.201819 20.138475 -0.053555
v -0.037077 20.114687 0.617425
v 0.280346 19.803364 0.496616
v 0.203613 19.844032 0.718292
v -0.109247 20.231848 0.835978
v 0.150008 20.139050 0.028587
v 0.150008 20.139050 0.028587
v 0.321344 19.838442 -0.512144
v 0.684573 19.793879 -0.109518
v 0.860206 19.830912 -0.265555
v 0.496977 19.875473 -0.668182
v 0.024871 19.719921 0.480820
v 0.193129 20.143885 -0.009999
v -0.333590 19.990934 0.455230
v 0.024871 19.719921 0.480820
v -0.150908 19.717556 0.639246
v -0.509694 20.065094 0.618926
v 0.153230 20.972967 -0.034291
v 0.153230 20.972967 -0.034291
v 0.673748 20.168146 0.127426
v 0.474566 20.420259 0.312166
v 0.436051 20.185551 0.670135
v 0.834416 20.185551 0.300655
v -0.327858 20.168146 -0.153495
v -0.128675 20.420259 -0.338235
v -0.128675 20.420259 -0.338235
v -0.327858 20.168146 -0.153495
v -0.488526 20.185551 -0.326723
v -0.450011 20.531898 -0.684692
v 0.160481 20.998379 -0.001287
v 0.160481 20.998379 -0.001287
v 0.657520 20.168135 -0.198246
v 0.553440 20.128824 0.334173
v 0.785693 20.122808 0.379314
v 0.889773 20.162119 -0.153105
v -0.315374 20.216469 0.168135
v 0.217270 20.992649 0.009566
v -0.481544 20.527792 -0.128075
v -0.315374 20.216469 0.168135
v -0.545924 20.257137 0.124831
v -0.708333 20.644953 -0.167324
v 0.182734 20.998379 0.001020
v -0.087903 20.325964 -0.079348
v 0.061000 20.609203 -0.519577
v 0.572328 20.128824 -0.338342
v 0.651128 20.122808 -0.561433
v 0.410438 20.393463 -0.662299
v 0.280346 20.657537 0.496616
v 0.201819 20.992649 -0.053555
v -0.037077 20.527792 0.617425
v 0.203613 20.698206 0.718291
v 0.131443 20.815369 0.936844
v -0.109247 20.644953 0.835978
v 0.150008 20.993223 0.028587
v -0.030539 20.323339 -0.190023
v 0.501892 20.480364 -0.293534
v 0.684573 20.206984 -0.109518
v 0.860206 20.244017 -0.265556
v 0.496977 20.288578 -0.668182
v 0.024871 20.133026 0.480820
v 0.193129 20.998058 -0.009999
v -0.333590 20.404039 0.455230
v 0.024871 20.133026 0.480820
v -0.150908 20.130661 0.639246
v -0.509694 20.478199 0.618926
vt 0.425326 0.492723
vt 0.420773 0.392250
vt 0.424229 0.392250
vt 0.420590 0.531019
vt 0.425858 0.493526
vt 0.425466 0.531421
vt 0.416105 0.492723
vt 0.423065 0.392496
vt 0.420082 0.392250
vt 0.425326 0.493526
vt 0.419676 0.531421
vt 0.425326 0.531421
vt 0.420981 0.493124
vt 0.426048 0.392742
vt 0.423065 0.392496
vt 0.425858 0.493526
vt 0.420590 0.531019
vt 0.425466 0.531421
vt 0.420981 0.493124
vt 0.426048 0.392742
vt 0.420981 0.493124
vt 0.415714 0.530617
vt 0.420590 0.531019
vt 0.416105 0.492723
vt 0.423065 0.392496
vt 0.420981 0.493124
vt 0.423065 0.392496
vt 0.426806 0.320572
vt 0.419676 0.492723
vt 0.425326 0.530617
vt 0.419676 0.530617
vt 0.420773 0.392742
vt 0.419676 0.493526
vt 0.415714 0.530617
vt 0.420590 0.531019
vt 0.420590 0.441638
vt 0.415714 0.438813
vt 0.415714 0.433164
vt 0.425844 0.437103
vt 0.426806 0.436546
vt 0.425844 0.434874
vt 0.420082 0.392250
vt 0.425844 0.320493
vt 0.425844 0.320493
vt 0.424882 0.320414
vt 0.421943 0.320414
vt 0.423058 0.320414
vt 0.426806 0.320572
vt 0.425844 0.320493
vt 0.424229 0.392742
vt 0.421943 0.320572
vt 0.777427 0.220618
vt 0.828683 0.306146
vt 0.828683 0.220618
vt 0.726171 0.306146
vt 0.777427 0.220618
vt 0.726171 0.220618
vt 0.726171 0.177854
vt 0.777427 0.220618
vt 0.777427 0.177854
vt 0.777427 0.220618
vt 0.828683 0.177854
vt 0.777427 0.177854
vt 0.777427 0.177854
vt 0.828683 0.135090
vt 0.777427 0.135090
vt 0.726171 0.135090
vt 0.777427 0.177854
vt 0.777427 0.135090
vt 0.777427 0.220618
vt 0.828683 0.306146
vt 0.828683 0.220618
vt 0.726171 0.306146
vt 0.777427 0.220618
vt 0.726171 0.220618
vt 0.726171 0.177854
vt 0.777427 0.220618
vt 0.777427 0.177854
vt 0.777427 0.220618
vt 0.828683 0.177854
vt 0.777427 0.177854
vt 0.777427 0.177854
vt 0.828683 0.135090
vt 0.777427 0.135090
vt 0.726171 0.135090
vt 0.777427 0.177854
vt 0.777427 0.135090
vt 0.777427 0.220618
vt 0.828683 0.306146
vt 0.777427 0.306146
vt 0.777427 0.220618
vt 0.726171 0.306146
vt 0.726171 0.220618
vt 0.726171 0.177854
vt 0.777427 0.220618
vt 0.726171 0.220618
vt 0.828683 0.177854
vt 0.777427 0.220618
vt 0.777427 0.177854
vt 0.828683 0.135090
vt 0.777427 0.177854
vt 0.777427 0.135090
vt 0.726171 0.135090
vt 0.777427 0.177854
vt 0.726171 0.177854
vt 0.777427 0.220618
vt 0.828683 0.306146
vt 0.777427 0.306146
vt 0.777427 0.220618
vt 0.726171 0.306146
vt 0.726171 0.220618
vt 0.726171 0.177854
vt 0.777427 0.220618
vt 0.726171 0.220618
vt 0.828683 0.177854
vt 0.777427 0.220618
vt 0.777427 0.177854
vt 0.828683 0.135090
vt 0.777427 0.177854
vt 0.777427 0.135090
vt 0.726171 0.135090
vt 0.777427 0.177854
vt 0.726171 0.177854
vt 0.777427 0.220618
vt 0.828683 0.306146
vt 0.828683 0.220618
vt 0.726171 0.306146
vt 0.777427 0.220618
vt 0.726171 0.220618
vt 0.726171 0.177854
vt 0.777427 0.220618
vt 0.777427 0.177854
vt 0.777427 0.220618
vt 0.828683 0.177854
vt 0.777427 0.177854
vt 0.777427 0.177854
vt 0.828683 0.135090
vt 0.777427 0.135090
vt 0.726171 0.135090
vt 0.777427 0.177854
vt 0.777427 0.135090
vt 0.777427 0.220618
vt 0.828683 0.306146
vt 0.828683 0.220618
vt 0.726171 0.306146
vt 0.777427 0.220618
vt 0.726171 0.220618
vt 0.726171 0.177854
vt 0.777427 0.220618
vt 0.777427 0.177854
vt 0.777427 0.220618
vt 0.828683 0.177854
vt 0.777427 0.177854
vt 0.777427 0.177854
vt 0.828683 0.135090
vt 0.777427 0.135090
vt 0.726171 0.135090
vt 0.777427 0.177854
vt 0.777427 0.135090
vt 0.777427 0.220618
vt 0.828683 0.306146
vt 0.777427 0.306146
vt 0.777427 0.220618
vt 0.726171 0.306146
vt 0.726171 0.220618
vt 0.726171 0.177854
vt 0.777427 0.220618
vt 0.726171 0.220618
vt 0.828683 0.177854
vt 0.777427 0.220618
vt 0.777427 0.177854
vt 0.828683 0.135090
vt 0.777427 0.177854
vt 0.777427 0.135090
vt 0.726171 0.135090
vt 0.777427 0.177854
vt 0.726171 0.177854
vt 0.777427 0.220618
vt 0.828683 0.306146
vt 0.777427 0.306146
vt 0.777427 0.220618
vt 0.726171 0.306146
vt 0.726171 0.220618
vt 0.726171 0.177854
vt 0.777427 0.220618
vt 0.726171 0.220618
vt 0.828683 0.177854
vt 0.777427 0.220618
vt 0.777427 0.177854
vt 0.828683 0.135090
vt 0.777427 0.177854
vt 0.777427 0.135090
vt 0.726171 0.135090
vt 0.777427 0.177854
vt 0.726171 0.177854
vt 0.777427 0.220618
vt 0.828683 0.306146
vt 0.828683 0.220618
vt 0.726171 0.306146
vt 0.777427 0.220618
vt 0.726171 0.220618
vt 0.726171 0.177854
vt 0.777427 0.220618
vt 0.777427 0.177854
vt 0.777427 0.220618
vt 0.828683 0.177854
vt 0.777427 0.177854
vt 0.777427 0.177854
vt 0.828683 0.135090
vt 0.777427 0.135090
vt 0.726171 0.135090
vt 0.777427 0.177854
vt 0.777427 0.135090
vt 0.777427 0.220618
vt 0.828683 0.306146
vt 0.828683 0.220618
vt 0.726171 0.306146
vt 0.777427 0.220618
vt 0.726171 0.220618
vt 0.726171 0.177854
vt 0.777427 0.220618
vt 0.777427 0.177854
vt 0.777427 0.220618
vt 0.828683 0.177854
vt 0.777427 0.177854
vt 0.777427 0.177854
vt 0.828683 0.135090
vt 0.777427 0.135090
vt 0.726171 0.135090
vt 0.777427 0.177854
vt 0.777427 0.135090
vt 0.777427 0.220618
vt 0.828683 0.306146
vt 0.777427 0.306146
vt 0.777427 0.220618
vt 0.726171 0.306146
vt 0.726171 0.220618
vt 0.726171 0.177854
vt 0.777427 0.220618
vt 0.726171 0.220618
vt 0.828683 0.177854
vt 0.777427 0.220618
vt 0.777427 0.177854
vt 0.828683 0.135090
vt 0.777427 0.177854
vt 0.777427 0.135090
vt 0.726171 0.135090
vt 0.777427 0.177854
vt 0.726171 0.177854
vt 0.777427 0.220618
vt 0.828683 0.306146
vt 0.777427 0.306146
vt 0.777427 0.220618
vt 0.726171 0.306146
vt 0.726171 0.220618
vt 0.726171 0.177854
vt 0.777427 0.220618
vt 0.726171 0.220618
vt 0.828683 0.177854
vt 0.777427 0.220618
vt 0.777427 0.177854
vt 0.828683 0.135090
vt 0.777427 0.177854
vt 0.777427 0.135090
vt 0.726171 0.135090
vt 0.777427 0.177854
vt 0.726171 0.177854
vt 0.777427 0.220618
vt 0.828683 0.306146
vt 0.828683 0.220618
vt 0.726171 0.306146
vt 0.777427 0.220618
vt 0.726171 0.220618
vt 0.726171 0.177854
vt 0.777427 0.220618
vt 0.777427 0.177854
vt 0.777427 0.220618
vt 0.828683 0.177854
vt 0.777427 0.177854
vt 0.777427 0.177854
vt 0.828683 0.135090
vt 0.777427 0.135090
vt 0.726171 0.135090
vt 0.777427 0.177854
vt 0.777427 0.135090
vt 0.777427 0.220618
vt 0.828683 0.306146
vt 0.828683 0.220618
vt 0.726171 0.306146
vt 0.777427 0.220618
vt 0.726171 0.220618
vt 0.726171 0.177854
vt 0.777427 0.220618
vt 0.777427 0.177854
vt 0.777427 0.220618
vt 0.828683 0.177854
vt 0.777427 0.177854
vt 0.777427 0.177854
vt 0.828683 0.135090
vt 0.777427 0.135090
vt 0.726171 0.135090
vt 0.777427 0.177854
vt 0.777427 0.135090
vt 0.777427 0.220618
vt 0.828683 0.306146
vt 0.777427 0.306146
vt 0.777427 0.220618
vt 0.726171 0.306146
vt 0.726171 0.220618
vt 0.726171 0.177854
vt 0.777427 0.220618
vt 0.726171 0.220618
vt 0.828683 0.177854
vt 0.777427 0.220618
vt 0.777427 0.177854
vt 0.828683 0.135090
vt 0.777427 0.177854
vt 0.777427 0.135090
vt 0.726171 0.135090
vt 0.777427 0.177854
vt 0.726171 0.177854
vt 0.777427 0.220618
vt 0.828683 0.306146
vt 0.777427 0.306146
vt 0.777427 0.220618
vt 0.726171 0.306146
vt 0.726171 0.220618
vt 0.726171 0.177854
vt 0.777427 0.220618
vt 0.726171 0.220618
vt 0.828683 0.177854
vt 0.777427 0.220618
vt 0.777427 0.177854
vt 0.828683 0.135090
vt 0.777427 0.177854
vt 0.777427 0.135090
vt 0.726171 0.135090
vt 0.777427 0.177854
vt 0.726171 0.177854
vt 0.777427 0.220618
vt 0.828683 0.306146
vt 0.828683 0.220618
vt 0.726171 0.306146
vt 0.777427 0.220618
vt 0.726171 0.220618
vt 0.726171 0.177854
vt 0.777427 0.220618
vt 0.777427 0.177854
vt 0.777427 0.220618
vt 0.828683 0.177854
vt 0.777427 0.177854
vt 0.777427 0.177854
vt 0.828683 0.135090
vt 0.777427 0.135090
vt 0.726171 0.135090
vt 0.777427 0.177854
vt 0.777427 0.135090
vt 0.777427 0.220618
vt 0.828683 0.306146
vt 0.828683 0.220618
vt 0.726171 0.306146
vt 0.777427 0.220618
vt 0.726171 0.220618
vt 0.726171 0.177854
vt 0.777427 0.220618
vt 0.777427 0.177854
vt 0.777427 0.220618
vt 0.828683 0.177854
vt 0.777427 0.177854
vt 0.777427 0.177854
vt 0.828683 0.135090
vt 0.777427 0.135090
vt 0.726171 0.135090
vt 0.777427 0.177854
vt 0.777427 0.135090
vt 0.777427 0.220618
vt 0.828683 0.306146
vt 0.777427 0.306146
vt 0.777427 0.220618
vt 0.726171 0.306146
vt 0.726171 0.220618
vt 0.726171 0.177854
vt 0.777427 0.220618
vt 0.726171 0.220618
vt 0.828683 0.177854
vt 0.777427 0.220618
vt 0.777427 0.177854
vt 0.828683 0.135090
vt 0.777427 0.177854
vt 0.777427 0.135090
vt 0.726171 0.135090
vt 0.777427 0.177854
vt 0.726171 0.177854
vt 0.777427 0.220618
vt 0.828683 0.306146
vt 0.777427 0.306146
vt 0.777427 0.220618
vt 0.726171 0.306146
vt 0.726171 0.220618
vt 0.726171 0.177854
vt 0.777427 0.220618
vt 0.726171 0.220618
vt 0.828683 0.177854
vt 0.777427 0.220618
vt 0.777427 0.177854
vt 0.828683 0.135090
vt 0.777427 0.177854
vt 0.777427 0.135090
vt 0.726171 0.135090
vt 0.777427 0.177854
vt 0.726171 0.177854
vt 0.777427 0.220618
vt 0.828683 0.306146
vt 0.828683 0.220618
vt 0.726171 0.306146
vt 0.777427 0.220618
vt 0.726171 0.220618
vt 0.726171 0.177854
vt 0.777427 0.220618
vt 0.777427 0.177854
vt 0.777427 0.220618
vt 0.828683 0.177854
vt 0.777427 0.177854
vt 0.777427 0.177854
vt 0.828683 0.135090
vt 0.777427 0.135090
vt 0.726171 0.135090
vt 0.777427 0.177854
vt 0.777427 0.135090
vt 0.777427 0.220618
vt 0.828683 0.306146
vt 0.828683 0.220618
vt 0.726171 0.306146
vt 0.777427 0.220618
vt 0.726171 0.220618
vt 0.726171 0.177854
vt 0.777427 0.220618
vt 0.777427 0.177854
vt 0.777427 0.220618
vt 0.828683 0.177854
vt 0.777427 0.177854
vt 0.777427 0.177854
vt 0.828683 0.135090
vt 0.777427 0.135090
vt 0.726171 0.135090
vt 0.777427 0.177854
vt 0.777427 0.135090
vt 0.777427 0.220618
vt 0.828683 0.306146
vt 0.777427 0.306146
vt 0.777427 0.220618
vt 0.726171 0.306146
vt 0.726171 0.220618
vt 0.726171 0.177854
vt 0.777427 0.220618
vt 0.726171 0.220618
vt 0.828683 0.177854
vt 0.777427 0.220618
vt 0.777427 0.177854
vt 0.828683 0.135090
vt 0.777427 0.177854
vt 0.777427 0.135090
vt 0.726171 0.135090
vt 0.777427 0.177854
vt 0.726171 0.177854
vt 0.777427 0.220618
vt 0.828683 0.306146
vt 0.777427 0.306146
vt 0.777427 0.220618
vt 0.726171 0.306146
vt 0.726171 0.220618
vt 0.726171 0.177854
vt 0.777427 0.220618
vt 0.726171 0.220618
vt 0.828683 0.177854
vt 0.777427 0.220618
vt 0.777427 0.177854
vt 0.828683 0.135090
vt 0.777427 0.177854
vt 0.777427 0.135090
vt 0.726171 0.135090
vt 0.777427 0.177854
vt 0.726171 0.177854
vt 0.777427 0.220618
vt 0.828683 0.306146
vt 0.828683 0.220618
vt 0.726171 0.306146
vt 0.777427 0.220618
vt 0.726171 0.220618
vt 0.726171 0.177854
vt 0.777427 0.220618
vt 0.777427 0.177854
vt 0.777427 0.220618
vt 0.828683 0.177854
vt 0.777427 0.177854
vt 0.777427 0.177854
vt 0.828683 0.135090
vt 0.777427 0.135090
vt 0.726171 0.135090
vt 0.777427 0.177854
vt 0.777427 0.135090
vt 0.777427 0.220618
vt 0.828683 0.306146
vt 0.828683 0.220618
vt 0.726171 0.306146
vt 0.777427 0.220618
vt 0.726171 0.220618
vt 0.726171 0.177854
vt 0.777427 0.220618
vt 0.777427 0.177854
vt 0.777427 0.220618
vt 0.828683 0.177854
vt 0.777427 0.177854
vt 0.777427 0.177854
vt 0.828683 0.135090
vt 0.777427 0.135090
vt 0.726171 0.135090
vt 0.777427 0.177854
vt 0.777427 0.135090
vt 0.777427 0.220618
vt 0.828683 0.306146
vt 0.777427 0.306146
vt 0.777427 0.220618
vt 0.726171 0.306146
vt 0.726171 0.220618
vt 0.726171 0.177854
vt 0.777427 0.220618
vt 0.726171 0.220618
vt 0.828683 0.177854
vt 0.777427 0.220618
vt 0.777427 0.177854
vt 0.828683 0.135090
vt 0.777427 0.177854
vt 0.777427 0.135090
vt 0.726171 0.135090
vt 0.777427 0.177854
vt 0.726171 0.177854
vt 0.777427 0.220618
vt 0.828683 0.306146
vt 0.777427 0.306146
vt 0.777427 0.220618
vt 0.726171 0.306146
vt 0.726171 0.220618
vt 0.726171 0.177854
vt 0.777427 0.220618
vt 0.726171 0.220618
vt 0.828683 0.177854
vt 0.777427 0.220618
vt 0.777427 0.177854
vt 0.828683 0.135090
vt 0.777427 0.177854
vt 0.777427 0.135090
vt 0.726171 0.135090
vt 0.777427 0.177854
vt 0.726171 0.177854
vt 0.777427 0.220618
vt 0.828683 0.306146
vt 0.828683 0.220618
vt 0.726171 0.306146
vt 0.777427 0.220618
vt 0.726171 0.220618
vt 0.726171 0.177854
vt 0.777427 0.220618
vt 0.777427 0.177854
vt 0.777427 0.220618
vt 0.828683 0.177854
vt 0.777427 0.177854
vt 0.777427 0.177854
vt 0.828683 0.135090
vt 0.777427 0.135090
vt 0.726171 0.135090
vt 0.777427 0.177854
vt 0.777427 0.135090
vt 0.777427 0.220618
vt 0.828683 0.306146
vt 0.828683 0.220618
vt 0.726171 0.306146
vt 0.777427 0.220618
vt 0.726171 0.220618
vt 0.726171 0.177854
vt 0.777427 0.220618
vt 0.777427 0.177854
vt 0.777427 0.220618
vt 0.828683 0.177854
vt 0.777427 0.177854
vt 0.777427 0.177854
vt 0.828683 0.135090
vt 0.777427 0.135090
vt 0.726171 0.135090
vt 0.777427 0.177854
vt 0.777427 0.135090
vt 0.777427 0.220618
vt 0.828683 0.306146
vt 0.777427 0.306146
vt 0.777427 0.220618
vt 0.726171 0.306146
vt 0.726171 0.220618
vt 0.726171 0.177854
vt 0.777427 0.220618
vt 0.726171 0.220618
vt 0.828683 0.177854
vt 0.777427 0.220618
vt 0.777427 0.177854
vt 0.828683 0.135090
vt 0.777427 0.177854
vt 0.777427 0.135090
vt 0.726171 0.135090
vt 0.777427 0.177854
vt 0.726171 0.177854
vt 0.777427 0.220618
vt 0.828683 0.306146
vt 0.777427 0.306146
vt 0.777427 0.220618
vt 0.726171 0.306146
vt 0.726171 0.220618
vt 0.726171 0.177854
vt 0.777427 0.220618
vt 0.726171 0.220618
vt 0.828683 0.177854
vt 0.777427 0.220618
vt 0.777427 0.177854
vt 0.828683 0.135090
vt 0.777427 0.177854
vt 0.777427 0.135090
vt 0.726171 0.135090
vt 0.777427 0.177854
vt 0.726171 0.177854
vt 0.777427 0.220618
vt 0.828683 0.306146
vt 0.828683 0.220618
vt 0.726171 0.306146
vt 0.777427 0.220618
vt 0.726171 0.220618
vt 0.726171 0.177854
vt 0.777427 0.220618
vt 0.777427 0.177854
vt 0.777427 0.220618
vt 0.828683 0.177854
vt 0.777427 0.177854
vt 0.777427 0.177854
vt 0.828683 0.135090
vt 0.777427 0.135090
vt 0.726171 0.135090
vt 0.777427 0.177854
vt 0.777427 0.135090
vt 0.777427 0.220618
vt 0.828683 0.306146
vt 0.828683 0.220618
vt 0.726171 0.306146
vt 0.777427 0.220618
vt 0.726171 0.220618
vt 0.726171 0.177854
vt 0.777427 0.220618
vt 0.777427 0.177854
vt 0.777427 0.220618
vt 0.828683 0.177854
vt 0.777427 0.177854
vt 0.777427 0.177854
vt 0.828683 0.135090
vt 0.777427 0.135090
vt 0.726171 0.135090
vt 0.777427 0.177854
vt 0.777427 0.135090
vt 0.777427 0.220618
vt 0.828683 0.306146
vt 0.777427 0.306146
vt 0.777427 0.220618
vt 0.726171 0.306146
vt 0.726171 0.220618
vt 0.726171 0.177854
vt 0.777427 0.220618
vt 0.726171 0.220618
vt 0.828683 0.177854
vt 0.777427 0.220618
vt 0.777427 0.177854
vt 0.828683 0.135090
vt 0.777427 0.177854
vt 0.777427 0.135090
vt 0.726171 0.135090
vt 0.777427 0.177854
vt 0.726171 0.177854
vt 0.777427 0.220618
vt 0.828683 0.306146
vt 0.777427 0.306146
vt 0.777427 0.220618
vt 0.726171 0.306146
vt 0.726171 0.220618
vt 0.726171 0.177854
vt 0.777427 0.220618
vt 0.726171 0.220618
vt 0.828683 0.177854
vt 0.777427 0.220618
vt 0.777427 0.177854
vt 0.828683 0.135090
vt 0.777427 0.177854
vt 0.777427 0.135090
vt 0.726171 0.135090
vt 0.777427 0.177854
vt 0.726171 0.177854
vt 0.777427 0.220618
vt 0.828683 0.306146
vt 0.828683 0.220618
vt 0.726171 0.306146
vt 0.777427 0.220618
vt 0.726171 0.220618
vt 0.726171 0.177854
vt 0.777427 0.220618
vt 0.777427 0.177854
vt 0.777427 0.220618
vt 0.828683 0.177854
vt 0.777427 0.177854
vt 0.777427 0.177854
vt 0.828683 0.135090
vt 0.777427 0.135090
vt 0.726171 0.135090
vt 0.777427 0.177854
vt 0.777427 0.135090
vt 0.777427 0.220618
vt 0.828683 0.306146
vt 0.828683 0.220618
vt 0.726171 0.306146
vt 0.777427 0.220618
vt 0.726171 0.220618
vt 0.726171 0.177854
vt 0.777427 0.220618
vt 0.777427 0.177854
vt 0.777427 0.220618
vt 0.828683 0.177854
vt 0.777427 0.177854
vt 0.777427 0.177854
vt 0.828683 0.135090
vt 0.777427 0.135090
vt 0.726171 0.135090
vt 0.777427 0.177854
vt 0.777427 0.135090
vt 0.777427 0.220618
vt 0.828683 0.306146
vt 0.777427 0.306146
vt 0.777427 0.220618
vt 0.726171 0.306146
vt 0.726171 0.220618
vt 0.726171 0.177854
vt 0.777427 0.220618
vt 0.726171 0.220618
vt 0.828683 0.177854
vt 0.777427 0.220618
vt 0.777427 0.177854
vt 0.828683 0.135090
vt 0.777427 0.177854
vt 0.777427 0.135090
vt 0.726171 0.135090
vt 0.777427 0.177854
vt 0.726171 0.177854
vt 0.777427 0.220618
vt 0.828683 0.306146
vt 0.777427 0.306146
vt 0.777427 0.220618
vt 0.726171 0.306146
vt 0.726171 0.220618
vt 0.726171 0.177854
vt 0.777427 0.220618
vt 0.726171 0.220618
vt 0.828683 0.177854
vt 0.777427 0.220618
vt 0.777427 0.177854
vt 0.828683 0.135090
vt 0.777427 0.177854
vt 0.777427 0.135090
vt 0.726171 0.135090
vt 0.777427 0.177854
vt 0.726171 0.177854
vt 0.777427 0.220618
vt 0.828683 0.306146
vt 0.828683 0.220618
vt 0.726171 0.306146
vt 0.777427 0.220618
vt 0.726171 0.220618
vt 0.726171 0.177854
vt 0.777427 0.220618
vt 0.777427 0.177854
vt 0.777427 0.220618
vt 0.828683 0.177854
vt 0.777427 0.177854
vt 0.777427 0.177854
vt 0.828683 0.135090
vt 0.777427 0.135090
vt 0.726171 0.135090
vt 0.777427 0.177854
vt 0.777427 0.135090
vt 0.777427 0.220618
vt 0.828683 0.306146
vt 0.828683 0.220618
vt 0.726171 0.306146
vt 0.777427 0.220618
vt 0.726171 0.220618
vt 0.726171 0.177854
vt 0.777427 0.220618
vt 0.777427 0.177854
vt 0.777427 0.220618
vt 0.828683 0.177854
vt 0.777427 0.177854
vt 0.777427 0.177854
vt 0.828683 0.135090
vt 0.777427 0.135090
vt 0.726171 0.135090
vt 0.777427 0.177854
vt 0.777427 0.135090
vt 0.777427 0.220618
vt 0.828683 0.306146
vt 0.777427 0.306146
vt 0.777427 0.220618
vt 0.726171 0.306146
vt 0.726171 0.220618
vt 0.726171 0.177854
vt 0.777427 0.220618
vt 0.726171 0.220618
vt 0.828683 0.177854
vt 0.777427 0.220618
vt 0.777427 0.177854
vt 0.828683 0.135090
vt 0.777427 0.177854
vt 0.777427 0.135090
vt 0.726171 0.135090
vt 0.777427 0.177854
vt 0.726171 0.177854
vt 0.777427 0.220618
vt 0.828683 0.306146
vt 0.777427 0.306146
vt 0.777427 0.220618
vt 0.726171 0.306146
vt 0.726171 0.220618
vt 0.726171 0.177854
vt 0.777427 0.220618
vt 0.726171 0.220618
vt 0.828683 0.177854
vt 0.777427 0.220618
vt 0.777427 0.177854
vt 0.828683 0.135090
vt 0.777427 0.177854
vt 0.777427 0.135090
vt 0.726171 0.135090
vt 0.777427 0.177854
vt 0.726171 0.177854
vt 0.777427 0.220618
vt 0.828683 0.306146
vt 0.828683 0.220618
vt 0.726171 0.306146
vt 0.777427 0.220618
vt 0.726171 0.220618
vt 0.726171 0.177854
vt 0.777427 0.220618
vt 0.777427 0.177854
vt 0.777427 0.220618
vt 0.828683 0.177854
vt 0.777427 0.177854
vt 0.777427 0.177854
vt 0.828683 0.135090
vt 0.777427 0.135090
vt 0.726171 0.135090
vt 0.777427 0.177854
vt 0.777427 0.135090
vt 0.777427 0.220618
vt 0.828683 0.306146
vt 0.828683 0.220618
vt 0.726171 0.306146
vt 0.777427 0.220618
vt 0.726171 0.220618
vt 0.726171 0.177854
vt 0.777427 0.220618
vt 0.777427 0.177854
vt 0.777427 0.220618
vt 0.828683 0.177854
vt 0.777427 0.177854
vt 0.777427 0.177854
vt 0.828683 0.135090
vt 0.777427 0.135090
vt 0.726171 0.135090
vt 0.777427 0.177854
vt 0.777427 0.135090
vt 0.777427 0.220618
vt 0.828683 0.306146
vt 0.777427 0.306146
vt 0.777427 0.220618
vt 0.726171 0.306146
vt 0.726171 0.220618
vt 0.726171 0.177854
vt 0.777427 0.220618
vt 0.726171 0.220618
vt 0.828683 0.177854
vt 0.777427 0.220618
vt 0.777427 0.177854
vt 0.828683 0.135090
vt 0.777427 0.177854
vt 0.777427 0.135090
vt 0.726171 0.135090
vt 0.777427 0.177854
vt 0.726171 0.177854
vt 0.777427 0.220618
vt 0.828683 0.306146
vt 0.777427 0.306146
vt 0.777427 0.220618
vt 0.726171 0.306146
vt 0.726171 0.220618
vt 0.726171 0.177854
vt 0.777427 0.220618
vt 0.726171 0.220618
vt 0.828683 0.177854
vt 0.777427 0.220618
vt 0.777427 0.177854
vt 0.828683 0.135090
vt 0.777427 0.177854
vt 0.777427 0.135090
vt 0.726171 0.135090
vt 0.777427 0.177854
vt 0.726171 0.177854
vt 0.777427 0.220618
vt 0.828683 0.306146
vt 0.828683 0.220618
vt 0.726171 0.306146
vt 0.777427 0.220618
vt 0.726171 0.220618
vt 0.726171 0.177854
vt 0.777427 0.220618
vt 0.777427 0.177854
vt 0.777427 0.220618
vt 0.828683 0.177854
vt 0.777427 0.177854
vt 0.777427 0.177854
vt 0.828683 0.135090
vt 0.777427 0.135090
vt 0.726171 0.135090
vt 0.777427 0.177854
vt 0.777427 0.135090
vt 0.777427 0.220618
vt 0.828683 0.306146
vt 0.828683 0.220618
vt 0.726171 0.306146
vt 0.777427 0.220618
vt 0.726171 0.220618
vt 0.726171 0.177854
vt 0.777427 0.220618
vt 0.777427 0.177854
vt 0.777427 0.220618
vt 0.828683 0.177854
vt 0.777427 0.177854
vt 0.777427 0.177854
vt 0.828683 0.135090
vt 0.777427 0.135090
vt 0.726171 0.135090
vt 0.777427 0.177854
vt 0.777427 0.135090
vt 0.777427 0.220618
vt 0.828683 0.306146
vt 0.777427 0.306146
vt 0.777427 0.220618
vt 0.726171 0.306146
vt 0.726171 0.220618
vt 0.726171 0.177854
vt 0.777427 0.220618
vt 0.726171 0.220618
vt 0.828683 0.177854
vt 0.777427 0.220618
vt 0.777427 0.177854
vt 0.828683 0.135090
vt 0.777427 0.177854
vt 0.777427 0.135090
vt 0.726171 0.135090
vt 0.777427 0.177854
vt 0.726171 0.177854
vt 0.777427 0.220618
vt 0.828683 0.306146
vt 0.777427 0.306146
vt 0.777427 0.220618
vt 0.726171 0.306146
vt 0.726171 0.220618
vt 0.726171 0.177854
vt 0.777427 0.220618
vt 0.726171 0.220618
vt 0.828683 0.177854
vt 0.777427 0.220618
vt 0.777427 0.177854
vt 0.828683 0.135090
vt 0.777427 0.177854
vt 0.777427 0.135090
vt 0.726171 0.135090
vt 0.777427 0.177854
vt 0.726171 0.177854
vt 0.777427 0.220618
vt 0.828683 0.306146
vt 0.828683 0.220618
vt 0.726171 0.306146
vt 0.777427 0.220618
vt 0.726171 0.220618
vt 0.726171 0.177854
vt 0.777427 0.220618
vt 0.777427 0.177854
vt 0.777427 0.220618
vt 0.828683 0.177854
vt 0.777427 0.177854
vt 0.777427 0.177854
vt 0.828683 0.135090
vt 0.777427 0.135090
vt 0.726171 0.135090
vt 0.777427 0.177854
vt 0.777427 0.135090
vt 0.777427 0.220618
vt 0.828683 0.306146
vt 0.828683 0.220618
vt 0.726171 0.306146
vt 0.777427 0.220618
vt 0.726171 0.220618
vt 0.726171 0.177854
vt 0.777427 0.220618
vt 0.777427 0.177854
vt 0.777427 0.220618
vt 0.828683 0.177854
vt 0.777427 0.177854
vt 0.777427 0.177854
vt 0.828683 0.135090
vt 0.777427 0.135090
vt 0.726171 0.135090
vt 0.777427 0.177854
vt 0.777427 0.135090
vt 0.777427 0.220618
vt 0.828683 0.306146
vt 0.777427 0.306146
vt 0.777427 0.220618
vt 0.726171 0.306146
vt 0.726171 0.220618
vt 0.726171 0.177854
vt 0.777427 0.220618
vt 0.726171 0.220618
vt 0.828683 0.177854
vt 0.777427 0.220618
vt 0.777427 0.177854
vt 0.828683 0.135090
vt 0.777427 0.177854
vt 0.777427 0.135090
vt 0.726171 0.135090
vt 0.777427 0.177854
vt 0.726171 0.177854
vt 0.777427 0.220618
vt 0.828683 0.306146
vt 0.777427 0.306146
vt 0.777427 0.220618
vt 0.726171 0.306146
vt 0.726171 0.220618
vt 0.726171 0.177854
vt 0.777427 0.220618
vt 0.726171 0.220618
vt 0.828683 0.177854
vt 0.777427 0.220618
vt 0.777427 0.177854
vt 0.828683 0.135090
vt 0.777427 0.177854
vt 0.777427 0.135090
vt 0.726171 0.135090
vt 0.777427 0.177854
vt 0.726171 0.177854
vt 0.777427 0.220618
vt 0.828683 0.306146
vt 0.828683 0.220618
vt 0.726171 0.306146
vt 0.777427 0.220618
vt 0.726171 0.220618
vt 0.726171 0.177854
vt 0.777427 0.220618
vt 0.777427 0.177854
vt 0.777427 0.220618
vt 0.828683 0.177854
vt 0.777427 0.177854
vt 0.777427 0.177854
vt 0.828683 0.135090
vt 0.777427 0.135090
vt 0.726171 0.135090
vt 0.777427 0.177854
vt 0.777427 0.135090
vt 0.777427 0.220618
vt 0.828683 0.306146
vt 0.828683 0.220618
vt 0.726171 0.306146
vt 0.777427 0.220618
vt 0.726171 0.220618
vt 0.726171 0.177854
vt 0.777427 0.220618
vt 0.777427 0.177854
vt 0.777427 0.220618
vt 0.828683 0.177854
vt 0.777427 0.177854
vt 0.777427 0.177854
vt 0.828683 0.135090
vt 0.777427 0.135090
vt 0.726171 0.135090
vt 0.777427 0.177854
vt 0.777427 0.135090
vt 0.777427 0.220618
vt 0.828683 0.306146
vt 0.777427 0.306146
vt 0.777427 0.220618
vt 0.726171 0.306146
vt 0.726171 0.220618
vt 0.726171 0.177854
vt 0.777427 0.220618
vt 0.726171 0.220618
vt 0.828683 0.177854
vt 0.777427 0.220618
vt 0.777427 0.177854
vt 0.828683 0.135090
vt 0.777427 0.177854
vt 0.777427 0.135090
vt 0.726171 0.135090
vt 0.777427 0.177854
vt 0.726171 0.177854
vt 0.777427 0.220618
vt 0.828683 0.306146
vt 0.777427 0.306146
vt 0.777427 0.220618
vt 0.726171 0.306146
vt 0.726171 0.220618
vt 0.726171 0.177854
vt 0.777427 0.220618
vt 0.726171 0.220618
vt 0.828683 0.177854
vt 0.777427 0.220618
vt 0.777427 0.177854
vt 0.828683 0.135090
vt 0.777427 0.177854
vt 0.777427 0.135090
vt 0.726171 0.135090
vt 0.777427 0.177854
vt 0.726171 0.177854
vt 0.777427 0.220618
vt 0.828683 0.306146
vt 0.828683 0.220618
vt 0.726171 0.306146
vt 0.777427 0.220618
vt 0.726171 0.220618
vt 0.726171 0.177854
vt 0.777427 0.220618
vt 0.777427 0.177854
vt 0.777427 0.220618
vt 0.828683 0.177854
vt 0.777427 0.177854
vt 0.777427 0.177854
vt 0.828683 0.135090
vt 0.777427 0.135090
vt 0.726171 0.135090
vt 0.777427 0.177854
vt 0.777427 0.135090
vt 0.777427 0.220618
vt 0.828683 0.306146
vt 0.828683 0.220618
vt 0.726171 0.306146
vt 0.777427 0.220618
vt 0.726171 0.220618
vt 0.726171 0.177854
vt 0.777427 0.220618
vt 0.777427 0.177854
vt 0.777427 0.220618
vt 0.828683 0.177854
vt 0.777427 0.177854
vt 0.777427 0.177854
vt 0.828683 0.135090
vt 0.777427 0.135090
vt 0.726171 0.135090
vt 0.777427 0.177854
vt 0.777427 0.135090
vt 0.777427 0.220618
vt 0.828683 0.306146
vt 0.777427 0.306146
vt 0.777427 0.220618
vt 0.726171 0.306146
vt 0.726171 0.220618
vt 0.726171 0.177854
vt 0.777427 0.220618
vt 0.726171 0.220618
vt 0.828683 0.177854
vt 0.777427 0.220618
vt 0.777427 0.177854
vt 0.828683 0.135090
vt 0.777427 0.177854
vt 0.777427 0.135090
vt 0.726171 0.135090
vt 0.777427 0.177854
vt 0.726171 0.177854
vt 0.777427 0.220618
vt 0.828683 0.306146
vt 0.777427 0.306146
vt 0.777427 0.220618
vt 0.726171 0.306146
vt 0.726171 0.220618
vt 0.726171 0.177854
vt 0.777427 0.220618
vt 0.726171 0.220618
vt 0.828683 0.177854
vt 0.777427 0.220618
vt 0.777427 0.177854
vt 0.828683 0.135090
vt 0.777427 0.177854
vt 0.777427 0.135090
vt 0.726171 0.135090
vt 0.777427 0.177854
vt 0.726171 0.177854
vt 0.777427 0.220618
vt 0.828683 0.306146
vt 0.828683 0.220618
vt 0.726171 0.306146
vt 0.777427 0.220618
vt 0.726171 0.220618
vt 0.726171 0.177854
vt 0.777427 0.220618
vt 0.777427 0.177854
vt 0.777427 0.220618
vt 0.828683 0.177854
vt 0.777427 0.177854
vt 0.777427 0.177854
vt 0.828683 0.135090
vt 0.777427 0.135090
vt 0.726171 0.135090
vt 0.777427 0.177854
vt 0.777427 0.135090
vt 0.777427 0.220618
vt 0.828683 0.306146
vt 0.828683 0.220618
vt 0.726171 0.306146
vt 0.777427 0.220618
vt 0.726171 0.220618
vt 0.726171 0.177854
vt 0.777427 0.220618
vt 0.777427 0.177854
vt 0.777427 0.220618
vt 0.828683 0.177854
vt 0.777427 0.177854
vt 0.777427 0.177854
vt 0.828683 0.135090
vt 0.777427 0.135090
vt 0.726171 0.135090
vt 0.777427 0.177854
vt 0.777427 0.135090
vt 0.777427 0.220618
vt 0.828683 0.306146
vt 0.777427 0.306146
vt 0.777427 0.220618
vt 0.726171 0.306146
vt 0.726171 0.220618
vt 0.726171 0.177854
vt 0.777427 0.220618
vt 0.726171 0.220618
vt 0.828683 0.177854
vt 0.777427 0.220618
vt 0.777427 0.177854
vt 0.828683 0.135090
vt 0.777427 0.177854
vt 0.777427 0.135090
vt 0.726171 0.135090
vt 0.777427 0.177854
vt 0.726171 0.177854
vt 0.777427 0.220618
vt 0.828683 0.306146
vt 0.777427 0.306146
vt 0.777427 0.220618
vt 0.726171 0.306146
vt 0.726171 0.220618
vt 0.726171 0.177854
vt 0.777427 0.220618
vt 0.726171 0.220618
vt 0.828683 0.177854
vt 0.777427 0.220618
vt 0.777427 0.177854
vt 0.828683 0.135090
vt 0.777427 0.177854
vt 0.777427 0.135090
vt 0.726171 0.135090
vt 0.777427 0.177854
vt 0.726171 0.177854
vt 0.777427 0.220618
vt 0.828683 0.306146
vt 0.828683 0.220618
vt 0.726171 0.306146
vt 0.777427 0.220618
vt 0.726171 0.220618
vt 0.726171 0.177854
vt 0.777427 0.220618
vt 0.777427 0.177854
vt 0.777427 0.220618
vt 0.828683 0.177854
vt 0.777427 0.177854
vt 0.777427 0.177854
vt 0.828683 0.135090
vt 0.777427 0.135090
vt 0.726171 0.135090
vt 0.777427 0.177854
vt 0.777427 0.135090
vt 0.777427 0.220618
vt 0.828683 0.306146
vt 0.828683 0.220618
vt 0.726171 0.306146
vt 0.777427 0.220618
vt 0.726171 0.220618
vt 0.726171 0.177854
vt 0.777427 0.220618
vt 0.777427 0.177854
vt 0.777427 0.220618
vt 0.828683 0.177854
vt 0.777427 0.177854
vt 0.777427 0.177854
vt 0.828683 0.135090
vt 0.777427 0.135090
vt 0.726171 0.135090
vt 0.777427 0.177854
vt 0.777427 0.135090
vt 0.777427 0.220618
vt 0.828683 0.306146
vt 0.777427 0.306146
vt 0.777427 0.220618
vt 0.726171 0.306146
vt 0.726171 0.220618
vt 0.726171 0.177854
vt 0.777427 0.220618
vt 0.726171 0.220618
vt 0.828683 0.177854
vt 0.777427 0.220618
vt 0.777427 0.177854
vt 0.828683 0.135090
vt 0.777427 0.177854
vt 0.777427 0.135090
vt 0.726171 0.135090
vt 0.777427 0.177854
vt 0.726171 0.177854
vt 0.777427 0.220618
vt 0.828683 0.306146
vt 0.777427 0.306146
vt 0.777427 0.220618
vt 0.726171 0.306146
vt 0.726171 0.220618
vt 0.726171 0.177854
vt 0.777427 0.220618
vt 0.726171 0.220618
vt 0.828683 0.177854
vt 0.777427 0.220618
vt 0.777427 0.177854
vt 0.828683 0.135090
vt 0.777427 0.177854
vt 0.777427 0.135090
vt 0.726171 0.135090
vt 0.777427 0.177854
vt 0.726171 0.177854
vt 0.777427 0.220618
vt 0.828683 0.306146
vt 0.828683 0.220618
vt 0.726171 0.306146
vt 0.777427 0.220618
vt 0.726171 0.220618
vt 0.726171 0.177854
vt 0.777427 0.220618
vt 0.777427 0.177854
vt 0.777427 0.220618
vt 0.828683 0.177854
vt 0.777427 0.177854
vt 0.777427 0.177854
vt 0.828683 0.135090
vt 0.777427 0.135090
vt 0.726171 0.135090
vt 0.777427 0.177854
vt 0.777427 0.135090
vt 0.777427 0.220618
vt 0.828683 0.306146
vt 0.828683 0.220618
vt 0.726171 0.306146
vt 0.777427 0.220618
vt 0.726171 0.220618
vt 0.726171 0.177854
vt 0.777427 0.220618
vt 0.777427 0.177854
vt 0.777427 0.220618
vt 0.828683 0.177854
vt 0.777427 0.177854
vt 0.777427 0.177854
vt 0.828683 0.135090
vt 0.777427 0.135090
vt 0.726171 0.135090
vt 0.777427 0.177854
vt 0.777427 0.135090
vt 0.777427 0.220618
vt 0.828683 0.306146
vt 0.777427 0.306146
vt 0.777427 0.220618
vt 0.726171 0.306146
vt 0.726171 0.220618
vt 0.726171 0.177854
vt 0.777427 0.220618
vt 0.726171 0.220618
vt 0.828683 0.177854
vt 0.777427 0.220618
vt 0.777427 0.177854
vt 0.828683 0.135090
vt 0.777427 0.177854
vt 0.777427 0.135090
vt 0.726171 0.135090
vt 0.777427 0.177854
vt 0.726171 0.177854
vt 0.777427 0.220618
vt 0.828683 0.306146
vt 0.777427 0.306146
vt 0.777427 0.220618
vt 0.726171 0.306146
vt 0.726171 0.220618
vt 0.726171 0.177854
vt 0.777427 0.220618
vt 0.726171 0.220618
vt 0.828683 0.177854
vt 0.777427 0.220618
vt 0.777427 0.177854
vt 0.828683 0.135090
vt 0.777427 0.177854
vt 0.777427 0.135090
vt 0.726171 0.135090
vt 0.777427 0.177854
vt 0.726171 0.177854
vt 0.777427 0.220618
vt 0.828683 0.306146
vt 0.828683 0.220618
vt 0.726171 0.306146
vt 0.777427 0.220618
vt 0.726171 0.220618
vt 0.726171 0.177854
vt 0.777427 0.220618
vt 0.777427 0.177854
vt 0.777427 0.220618
vt 0.828683 0.177854
vt 0.777427 0.177854
vt 0.777427 0.177854
vt 0.828683 0.135090
vt 0.777427 0.135090
vt 0.726171 0.135090
vt 0.777427 0.177854
vt 0.777427 0.135090
vt 0.777427 0.220618
vt 0.828683 0.306146
vt 0.828683 0.220618
vt 0.726171 0.306146
vt 0.777427 0.220618
vt 0.726171 0.220618
vt 0.726171 0.177854
vt 0.777427 0.220618
vt 0.777427 0.177854
vt 0.777427 0.220618
vt 0.828683 0.177854
vt 0.777427 0.177854
vt 0.777427 0.177854
vt 0.828683 0.135090
vt 0.777427 0.135090
vt 0.726171 0.135090
vt 0.777427 0.177854
vt 0.777427 0.135090
vt 0.777427 0.220618
vt 0.828683 0.306146
vt 0.777427 0.306146
vt 0.777427 0.220618
vt 0.726171 0.306146
vt 0.726171 0.220618
vt 0.726171 0.177854
vt 0.777427 0.220618
vt 0.726171 0.220618
vt 0.828683 0.177854
vt 0.777427 0.220618
vt 0.777427 0.177854
vt 0.828683 0.135090
vt 0.777427 0.177854
vt 0.777427 0.135090
vt 0.726171 0.135090
vt 0.777427 0.177854
vt 0.726171 0.177854
vt 0.777427 0.220618
vt 0.828683 0.306146
vt 0.777427 0.306146
vt 0.777427 0.220618
vt 0.726171 0.306146
vt 0.726171 0.220618
vt 0.726171 0.177854
vt 0.777427 0.220618
vt 0.726171 0.220618
vt 0.828683 0.177854
vt 0.777427 0.220618
vt 0.777427 0.177854
vt 0.828683 0.135090
vt 0.777427 0.177854
vt 0.777427 0.135090
vt 0.726171 0.135090
vt 0.777427 0.177854
vt 0.726171 0.177854
vt 0.777427 0.220618
vt 0.828683 0.306146
vt 0.828683 0.220618
vt 0.726171 0.306146
vt 0.777427 0.220618
vt 0.726171 0.220618
vt 0.726171 0.177854
vt 0.777427 0.220618
vt 0.777427 0.177854
vt 0.777427 0.220618
vt 0.828683 0.177854
vt 0.777427 0.177854
vt 0.777427 0.177854
vt 0.828683 0.135090
vt 0.777427 0.135090
vt 0.726171 0.135090
vt 0.777427 0.177854
vt 0.777427 0.135090
vt 0.777427 0.220618
vt 0.828683 0.306146
vt 0.828683 0.220618
vt 0.726171 0.306146
vt 0.777427 0.220618
vt 0.726171 0.220618
vt 0.726171 0.177854
vt 0.777427 0.220618
vt 0.777427 0.177854
vt 0.777427 0.220618
vt 0.828683 0.177854
vt 0.777427 0.177854
vt 0.777427 0.177854
vt 0.828683 0.135090
vt 0.777427 0.135090
vt 0.726171 0.135090
vt 0.777427 0.177854
vt 0.777427 0.135090
vt 0.777427 0.220618
vt 0.828683 0.306146
vt 0.777427 0.306146
vt 0.777427 0.220618
vt 0.726171 0.306146
vt 0.726171 0.220618
vt 0.726171 0.177854
vt 0.777427 0.220618
vt 0.726171 0.220618
vt 0.828683 0.177854
vt 0.777427 0.220618
vt 0.777427 0.177854
vt 0.828683 0.135090
vt 0.777427 0.177854
vt 0.777427 0.135090
vt 0.726171 0.135090
vt 0.777427 0.177854
vt 0.726171 0.177854
vt 0.777427 0.220618
vt 0.828683 0.306146
vt 0.777427 0.306146
vt 0.777427 0.220618
vt 0.726171 0.306146
vt 0.726171 0.220618
vt 0.726171 0.177854
vt 0.777427 0.220618
vt 0.726171 0.220618
vt 0.828683 0.177854
vt 0.777427 0.220618
vt 0.777427 0.177854
vt 0.828683 0.135090
vt 0.777427 0.177854
vt 0.777427 0.135090
vt 0.726171 0.135090
vt 0.777427 0.177854
vt 0.726171 0.177854
vt 0.777427 0.220618
vt 0.828683 0.306146
vt 0.828683 0.220618
vt 0.726171 0.306146
vt 0.777427 0.220618
vt 0.726171 0.220618
vt 0.726171 0.177854
vt 0.777427 0.220618
vt 0.777427 0.177854
vt 0.777427 0.220618
vt 0.828683 0.177854
vt 0.777427 0.177854
vt 0.777427 0.177854
vt 0.828683 0.135090
vt 0.777427 0.135090
vt 0.726171 0.135090
vt 0.777427 0.177854
vt 0.777427 0.135090
vt 0.777427 0.220618
vt 0.828683 0.306146
vt 0.828683 0.220618
vt 0.726171 0.306146
vt 0.777427 0.220618
vt 0.726171 0.220618
vt 0.726171 0.177854
vt 0.777427 0.220618
vt 0.777427 0.177854
vt 0.777427 0.220618
vt 0.828683 0.177854
vt 0.777427 0.177854
vt 0.777427 0.177854
vt 0.828683 0.135090
vt 0.777427 0.135090
vt 0.726171 0.135090
vt 0.777427 0.177854
vt 0.777427 0.135090
vt 0.777427 0.220618
vt 0.828683 0.306146
vt 0.777427 0.306146
vt 0.777427 0.220618
vt 0.726171 0.306146
vt 0.726171 0.220618
vt 0.726171 0.177854
vt 0.777427 0.220618
vt 0.726171 0.220618
vt 0.828683 0.177854
vt 0.777427 0.220618
vt 0.777427 0.177854
vt 0.828683 0.135090
vt 0.777427 0.177854
vt 0.777427 0.135090
vt 0.726171 0.135090
vt 0.777427 0.177854
vt 0.726171 0.177854
vt 0.777427 0.220618
vt 0.828683 0.306146
vt 0.777427 0.306146
vt 0.777427 0.220618
vt 0.726171 0.306146
vt 0.726171 0.220618
vt 0.726171 0.177854
vt 0.777427 0.220618
vt 0.726171 0.220618
vt 0.828683 0.177854
vt 0.777427 0.220618
vt 0.777427 0.177854
vt 0.828683 0.135090
vt 0.777427 0.177854
vt 0.777427 0.135090
vt 0.726171 0.135090
vt 0.777427 0.177854
vt 0.726171 0.177854
vt 0.777427 0.220618
vt 0.828683 0.306146
vt 0.828683 0.220618
vt 0.726171 0.306146
vt 0.777427 0.220618
vt 0.726171 0.220618
vt 0.726171 0.177854
vt 0.777427 0.220618
vt 0.777427 0.177854
vt 0.777427 0.220618
vt 0.828683 0.177854
vt 0.777427 0.177854
vt 0.777427 0.177854
vt 0.828683 0.135090
vt 0.777427 0.135090
vt 0.726171 0.135090
vt 0.777427 0.177854
vt 0.777427 0.135090
vt 0.777427 0.220618
vt 0.828683 0.306146
vt 0.828683 0.220618
vt 0.726171 0.306146
vt 0.777427 0.220618
vt 0.726171 0.220618
vt 0.726171 0.177854
vt 0.777427 0.220618
vt 0.777427 0.177854
vt 0.777427 0.220618
vt 0.828683 0.177854
vt 0.777427 0.177854
vt 0.777427 0.177854
vt 0.828683 0.135090
vt 0.777427 0.135090
vt 0.726171 0.135090
vt 0.777427 0.177854
vt 0.777427 0.135090
vt 0.777427 0.220618
vt 0.828683 0.306146
vt 0.777427 0.306146
vt 0.777427 0.220618
vt 0.726171 0.306146
vt 0.726171 0.220618
vt 0.726171 0.177854
vt 0.777427 0.220618
vt 0.726171 0.220618
vt 0.828683 0.177854
vt 0.777427 0.220618
vt 0.777427 0.177854
vt 0.828683 0.135090
vt 0.777427 0.177854
vt 0.777427 0.135090
vt 0.726171 0.135090
vt 0.777427 0.177854
vt 0.726171 0.177854
vt 0.777427 0.220618
vt 0.828683 0.306146
vt 0.777427 0.306146
vt 0.777427 0.220618
vt 0.726171 0.306146
vt 0.726171 0.220618
vt 0.726171 0.177854
vt 0.777427 0.220618
vt 0.726171 0.220618
vt 0.828683 0.177854
vt 0.777427 0.220618
vt 0.777427 0.177854
vt 0.828683 0.135090
vt 0.777427 0.177854
vt 0.777427 0.135090
vt 0.726171 0.135090
vt 0.777427 0.177854
vt 0.726171 0.177854
vt 0.777427 0.220618
vt 0.828683 0.306146
vt 0.828683 0.220618
vt 0.726171 0.306146
vt 0.777427 0.220618
vt 0.726171 0.220618
vt 0.726171 0.177854
vt 0.777427 0.220618
vt 0.777427 0.177854
vt 0.777427 0.220618
vt 0.828683 0.177854
vt 0.777427 0.177854
vt 0.777427 0.177854
vt 0.828683 0.135090
vt 0.777427 0.135090
vt 0.726171 0.135090
vt 0.777427 0.177854
vt 0.777427 0.135090
vt 0.777427 0.220618
vt 0.828683 0.306146
vt 0.828683 0.220618
vt 0.726171 0.306146
vt 0.777427 0.220618
vt 0.726171 0.220618
vt 0.726171 0.177854
vt 0.777427 0.220618
vt 0.777427 0.177854
vt 0.777427 0.220618
vt 0.828683 0.177854
vt 0.777427 0.177854
vt 0.777427 0.177854
vt 0.828683 0.135090
vt 0.777427 0.135090
vt 0.726171 0.135090
vt 0.777427 0.177854
vt 0.777427 0.135090
vt 0.777427 0.220618
vt 0.828683 0.306146
vt 0.777427 0.306146
vt 0.777427 0.220618
vt 0.726171 0.306146
vt 0.726171 0.220618
vt 0.726171 0.177854
vt 0.777427 0.220618
vt 0.726171 0.220618
vt 0.828683 0.177854
vt 0.777427 0.220618
vt 0.777427 0.177854
vt 0.828683 0.135090
vt 0.777427 0.177854
vt 0.777427 0.135090
vt 0.726171 0.135090
vt 0.777427 0.177854
vt 0.726171 0.177854
vt 0.777427 0.220618
vt 0.828683 0.306146
vt 0.777427 0.306146
vt 0.777427 0.220618
vt 0.726171 0.306146
vt 0.726171 0.220618
vt 0.726171 0.177854
vt 0.777427 0.220618
vt 0.726171 0.220618
vt 0.828683 0.177854
vt 0.777427 0.220618
vt 0.777427 0.177854
vt 0.828683 0.135090
vt 0.777427 0.177854
vt 0.777427 0.135090
vt 0.726171 0.135090
vt 0.777427 0.177854
vt 0.726171 0.177854
vt 0.777427 0.220618
vt 0.828683 0.306146
vt 0.828683 0.220618
vt 0.726171 0.306146
vt 0.777427 0.220618
vt 0.726171 0.220618
vt 0.726171 0.177854
vt 0.777427 0.220618
vt 0.777427 0.177854
vt 0.777427 0.220618
vt 0.828683 0.177854
vt 0.777427 0.177854
vt 0.777427 0.177854
vt 0.828683 0.135090
vt 0.777427 0.135090
vt 0.726171 0.135090
vt 0.777427 0.177854
vt 0.777427 0.135090
vt 0.777427 0.220618
vt 0.828683 0.306146
vt 0.828683 0.220618
vt 0.726171 0.306146
vt 0.777427 0.220618
vt 0.726171 0.220618
vt 0.726171 0.177854
vt 0.777427 0.220618
vt 0.777427 0.177854
vt 0.777427 0.220618
vt 0.828683 0.177854
vt 0.777427 0.177854
vt 0.777427 0.177854
vt 0.828683 0.135090
vt 0.777427 0.135090
vt 0.726171 0.135090
vt 0.777427 0.177854
vt 0.777427 0.135090
vt 0.777427 0.220618
vt 0.828683 0.306146
vt 0.777427 0.306146
vt 0.777427 0.220618
vt 0.726171 0.306146
vt 0.726171 0.220618
vt 0.726171 0.177854
vt 0.777427 0.220618
vt 0.726171 0.220618
vt 0.828683 0.177854
vt 0.777427 0.220618
vt 0.777427 0.177854
vt 0.828683 0.135090
vt 0.777427 0.177854
vt 0.777427 0.135090
vt 0.726171 0.135090
vt 0.777427 0.177854
vt 0.726171 0.177854
vt 0.777427 0.220618
vt 0.828683 0.306146
vt 0.777427 0.306146
vt 0.777427 0.220618
vt 0.726171 0.306146
vt 0.726171 0.220618
vt 0.726171 0.177854
vt 0.777427 0.220618
vt 0.726171 0.220618
vt 0.828683 0.177854
vt 0.777427 0.220618
vt 0.777427 0.177854
vt 0.828683 0.135090
vt 0.777427 0.177854
vt 0.777427 0.135090
vt 0.726171 0.135090
vt 0.777427 0.177854
vt 0.726171 0.177854
vt 0.777427 0.220618
vt 0.828683 0.306146
vt 0.828683 0.220618
vt 0.726171 0.306146
vt 0.777427 0.220618
vt 0.726171 0.220618
vt 0.726171 0.177854
vt 0.777427 0.220618
vt 0.777427 0.177854
vt 0.777427 0.220618
vt 0.828683 0.177854
vt 0.777427 0.177854
vt 0.777427 0.177854
vt 0.828683 0.135090
vt 0.777427 0.135090
vt 0.726171 0.135090
vt 0.777427 0.177854
vt 0.777427 0.135090
vt 0.777427 0.220618
vt 0.828683 0.306146
vt 0.828683 0.220618
vt 0.726171 0.306146
vt 0.777427 0.220618
vt 0.726171 0.220618
vt 0.726171 0.177854
vt 0.777427 0.220618
vt 0.777427 0.177854
vt 0.777427 0.220618
vt 0.828683 0.177854
vt 0.777427 0.177854
vt 0.777427 0.177854
vt 0.828683 0.135090
vt 0.777427 0.135090
vt 0.726171 0.135090
vt 0.777427 0.177854
vt 0.777427 0.135090
vt 0.777427 0.220618
vt 0.828683 0.306146
vt 0.777427 0.306146
vt 0.777427 0.220618
vt 0.726171 0.306146
vt 0.726171 0.220618
vt 0.726171 0.177854
vt 0.777427 0.220618
vt 0.726171 0.220618
vt 0.828683 0.177854
vt 0.777427 0.220618
vt 0.777427 0.177854
vt 0.828683 0.135090
vt 0.777427 0.177854
vt 0.777427 0.135090
vt 0.726171 0.135090
vt 0.777427 0.177854
vt 0.726171 0.177854
vt 0.777427 0.220618
vt 0.828683 0.306146
vt 0.777427 0.306146
vt 0.777427 0.220618
vt 0.726171 0.306146
vt 0.726171 0.220618
vt 0.726171 0.177854
vt 0.777427 0.220618
vt 0.726171 0.220618
vt 0.828683 0.177854
vt 0.777427 0.220618
vt 0.777427 0.177854
vt 0.828683 0.135090
vt 0.777427 0.177854
vt 0.777427 0.135090
vt 0.726171 0.135090
vt 0.777427 0.177854
vt 0.726171 0.177854
vt 0.777427 0.220618
vt 0.828683 0.306146
vt 0.828683 0.220618
vt 0.726171 0.306146
vt 0.777427 0.220618
vt 0.726171 0.220618
vt 0.726171 0.177854
vt 0.777427 0.220618
vt 0.777427 0.177854
vt 0.777427 0.220618
vt 0.828683 0.177854
vt 0.777427 0.177854
vt 0.777427 0.177854
vt 0.828683 0.135090
vt 0.777427 0.135090
vt 0.726171 0.135090
vt 0.777427 0.177854
vt 0.777427 0.135090
vt 0.777427 0.220618
vt 0.828683 0.306146
vt 0.828683 0.220618
vt 0.726171 0.306146
vt 0.777427 0.220618
vt 0.726171 0.220618
vt 0.726171 0.177854
vt 0.777427 0.220618
vt 0.777427 0.177854
vt 0.777427 0.220618
vt 0.828683 0.177854
vt 0.777427 0.177854
vt 0.777427 0.177854
vt 0.828683 0.135090
vt 0.777427 0.135090
vt 0.726171 0.135090
vt 0.777427 0.177854
vt 0.777427 0.135090
vt 0.777427 0.220618
vt 0.828683 0.306146
vt 0.777427 0.306146
vt 0.777427 0.220618
vt 0.726171 0.306146
vt 0.726171 0.220618
vt 0.726171 0.177854
vt 0.777427 0.220618
vt 0.726171 0.220618
vt 0.828683 0.177854
vt 0.777427 0.220618
vt 0.777427 0.177854
vt 0.828683 0.135090
vt 0.777427 0.177854
vt 0.777427 0.135090
vt 0.726171 0.135090
vt 0.777427 0.177854
vt 0.726171 0.177854
vt 0.777427 0.220618
vt 0.828683 0.306146
vt 0.777427 0.306146
vt 0.777427 0.220618
vt 0.726171 0.306146
vt 0.726171 0.220618
vt 0.726171 0.177854
vt 0.777427 0.220618
vt 0.726171 0.220618
vt 0.828683 0.177854
vt 0.777427 0.220618
vt 0.777427 0.177854
vt 0.828683 0.135090
vt 0.777427 0.177854
vt 0.777427 0.135090
vt 0.726171 0.135090
vt 0.777427 0.177854
vt 0.726171 0.177854
vt 0.777427 0.220618
vt 0.828683 0.306146
vt 0.828683 0.220618
vt 0.726171 0.306146
vt 0.777427 0.220618
vt 0.726171 0.220618
vt 0.726171 0.177854
vt 0.777427 0.220618
vt 0.777427 0.177854
vt 0.777427 0.220618
vt 0.828683 0.177854
vt 0.777427 0.177854
vt 0.777427 0.177854
vt 0.828683 0.135090
vt 0.777427 0.135090
vt 0.726171 0.135090
vt 0.777427 0.177854
vt 0.777427 0.135090
vt 0.777427 0.220618
vt 0.828683 0.306146
vt 0.828683 0.220618
vt 0.726171 0.306146
vt 0.777427 0.220618
vt 0.726171 0.220618
vt 0.726171 0.177854
vt 0.777427 0.220618
vt 0.777427 0.177854
vt 0.777427 0.220618
vt 0.828683 0.177854
vt 0.777427 0.177854
vt 0.777427 0.177854
vt 0.828683 0.135090
vt 0.777427 0.135090
vt 0.726171 0.135090
vt 0.777427 0.177854
vt 0.777427 0.135090
vt 0.777427 0.220618
vt 0.828683 0.306146
vt 0.777427 0.306146
vt 0.777427 0.220618
vt 0.726171 0.306146
vt 0.726171 0.220618
vt 0.726171 0.177854
vt 0.777427 0.220618
vt 0.726171 0.220618
vt 0.828683 0.177854
vt 0.777427 0.220618
vt 0.777427 0.177854
vt 0.828683 0.135090
vt 0.777427 0.177854
vt 0.777427 0.135090
vt 0.726171 0.135090
vt 0.777427 0.177854
vt 0.726171 0.177854
vt 0.777427 0.220618
vt 0.828683 0.306146
vt 0.777427 0.306146
vt 0.777427 0.220618
vt 0.726171 0.306146
vt 0.726171 0.220618
vt 0.726171 0.177854
vt 0.777427 0.220618
vt 0.726171 0.220618
vt 0.828683 0.177854
vt 0.777427 0.220618
vt 0.777427 0.177854
vt 0.828683 0.135090
vt 0.777427 0.177854
vt 0.777427 0.135090
vt 0.726171 0.135090
vt 0.777427 0.177854
vt 0.726171 0.177854
vt 0.777427 0.220618
vt 0.828683 0.306146
vt 0.828683 0.220618
vt 0.726171 0.306146
vt 0.777427 0.220618
vt 0.726171 0.220618
vt 0.726171 0.177854
vt 0.777427 0.220618
vt 0.777427 0.177854
vt 0.777427 0.220618
vt 0.828683 0.177854
vt 0.777427 0.177854
vt 0.777427 0.177854
vt 0.828683 0.135090
vt 0.777427 0.135090
vt 0.726171 0.135090
vt 0.777427 0.177854
vt 0.777427 0.135090
vt 0.777427 0.220618
vt 0.828683 0.306146
vt 0.828683 0.220618
vt 0.726171 0.306146
vt 0.777427 0.220618
vt 0.726171 0.220618
vt 0.726171 0.177854
vt 0.777427 0.220618
vt 0.777427 0.177854
vt 0.777427 0.220618
vt 0.828683 0.177854
vt 0.777427 0.177854
vt 0.777427 0.177854
vt 0.828683 0.135090
vt 0.777427 0.135090
vt 0.726171 0.135090
vt 0.777427 0.177854
vt 0.777427 0.135090
vt 0.777427 0.220618
vt 0.828683 0.306146
vt 0.777427 0.306146
vt 0.777427 0.220618
vt 0.726171 0.306146
vt 0.726171 0.220618
vt 0.726171 0.177854
vt 0.777427 0.220618
vt 0.726171 0.220618
vt 0.828683 0.177854
vt 0.777427 0.220618
vt 0.777427 0.177854
vt 0.828683 0.135090
vt 0.777427 0.177854
vt 0.777427 0.135090
vt 0.726171 0.135090
vt 0.777427 0.177854
vt 0.726171 0.177854
vt 0.777427 0.220618
vt 0.828683 0.306146
vt 0.777427 0.306146
vt 0.777427 0.220618
vt 0.726171 0.306146
vt 0.726171 0.220618
vt 0.726171 0.177854
vt 0.777427 0.220618
vt 0.726171 0.220618
vt 0.828683 0.177854
vt 0.777427 0.220618
vt 0.777427 0.177854
vt 0.828683 0.135090
vt 0.777427 0.177854
vt 0.777427 0.135090
vt 0.726171 0.135090
vt 0.777427 0.177854
vt 0.726171 0.177854
vt 0.777427 0.220618
vt 0.828683 0.306146
vt 0.828683 0.220618
vt 0.726171 0.306146
vt 0.777427 0.220618
vt 0.726171 0.220618
vt 0.726171 0.177854
vt 0.777427 0.220618
vt 0.777427 0.177854
vt 0.777427 0.220618
vt 0.828683 0.177854
vt 0.777427 0.177854
vt 0.777427 0.177854
vt 0.828683 0.135090
vt 0.777427 0.135090
vt 0.726171 0.135090
vt 0.777427 0.177854
vt 0.777427 0.135090
vt 0.777427 0.220618
vt 0.828683 0.306146
vt 0.828683 0.220618
vt 0.726171 0.306146
vt 0.777427 0.220618
vt 0.726171 0.220618
vt 0.726171 0.177854
vt 0.777427 0.220618
vt 0.777427 0.177854
vt 0.777427 0.220618
vt 0.828683 0.177854
vt 0.777427 0.177854
vt 0.777427 0.177854
vt 0.828683 0.135090
vt 0.777427 0.135090
vt 0.726171 0.135090
vt 0.777427 0.177854
vt 0.777427 0.135090
vt 0.777427 0.220618
vt 0.828683 0.306146
vt 0.777427 0.306146
vt 0.777427 0.220618
vt 0.726171 0.306146
vt 0.726171 0.220618
vt 0.726171 0.177854
vt 0.777427 0.220618
vt 0.726171 0.220618
vt 0.828683 0.177854
vt 0.777427 0.220618
vt 0.777427 0.177854
vt 0.828683 0.135090
vt 0.777427 0.177854
vt 0.777427 0.135090
vt 0.726171 0.135090
vt 0.777427 0.177854
vt 0.726171 0.177854
vt 0.777427 0.220618
vt 0.828683 0.306146
vt 0.777427 0.306146
vt 0.777427 0.220618
vt 0.726171 0.306146
vt 0.726171 0.220618
vt 0.726171 0.177854
vt 0.777427 0.220618
vt 0.726171 0.220618
vt 0.828683 0.177854
vt 0.777427 0.220618
vt 0.777427 0.177854
vt 0.828683 0.135090
vt 0.777427 0.177854
vt 0.777427 0.135090
vt 0.726171 0.135090
vt 0.777427 0.177854
vt 0.726171 0.177854
vt 0.777427 0.220618
vt 0.828683 0.306146
vt 0.828683 0.220618
vt 0.726171 0.306146
vt 0.777427 0.220618
vt 0.726171 0.220618
vt 0.726171 0.177854
vt 0.777427 0.220618
vt 0.777427 0.177854
vt 0.777427 0.220618
vt 0.828683 0.177854
vt 0.777427 0.177854
vt 0.777427 0.177854
vt 0.828683 0.135090
vt 0.777427 0.135090
vt 0.726171 0.135090
vt 0.777427 0.177854
vt 0.777427 0.135090
vt 0.777427 0.220618
vt 0.828683 0.306146
vt 0.828683 0.220618
vt 0.726171 0.306146
vt 0.777427 0.220618
vt 0.726171 0.220618
vt 0.726171 0.177854
vt 0.777427 0.220618
vt 0.777427 0.177854
vt 0.777427 0.220618
vt 0.828683 0.177854
vt 0.777427 0.177854
vt 0.777427 0.177854
vt 0.828683 0.135090
vt 0.777427 0.135090
vt 0.726171 0.135090
vt 0.777427 0.177854
vt 0.777427 0.135090
vt 0.777427 0.220618
vt 0.828683 0.306146
vt 0.777427 0.306146
vt 0.777427 0.220618
vt 0.726171 0.306146
vt 0.726171 0.220618
vt 0.726171 0.177854
vt 0.777427 0.220618
vt 0.726171 0.220618
vt 0.828683 0.177854
vt 0.777427 0.220618
vt 0.777427 0.177854
vt 0.828683 0.135090
vt 0.777427 0.177854
vt 0.777427 0.135090
vt 0.726171 0.135090
vt 0.777427 0.177854
vt 0.726171 0.177854
vt 0.777427 0.220618
vt 0.828683 0.306146
vt 0.777427 0.306146
vt 0.777427 0.220618
vt 0.726171 0.306146
vt 0.726171 0.220618
vt 0.726171 0.177854
vt 0.777427 0.220618
vt 0.726171 0.220618
vt 0.828683 0.177854
vt 0.777427 0.220618
vt 0.777427 0.177854
vt 0.828683 0.135090
vt 0.777427 0.177854
vt 0.777427 0.135090
vt 0.726171 0.135090
vt 0.777427 0.177854
vt 0.726171 0.177854
vt 0.777427 0.220618
vt 0.828683 0.306146
vt 0.828683 0.220618
vt 0.726171 0.306146
vt 0.777427 0.220618
vt 0.726171 0.220618
vt 0.726171 0.177854
vt 0.777427 0.220618
vt 0.777427 0.177854
vt 0.777427 0.220618
vt 0.828683 0.177854
vt 0.777427 0.177854
vt 0.777427 0.177854
vt 0.828683 0.135090
vt 0.777427 0.135090
vt 0.726171 0.135090
vt 0.777427 0.177854
vt 0.777427 0.135090
vt 0.777427 0.220618
vt 0.828683 0.306146
vt 0.828683 0.220618
vt 0.726171 0.306146
vt 0.777427 0.220618
vt 0.726171 0.220618
vt 0.726171 0.177854
vt 0.777427 0.220618
vt 0.777427 0.177854
vt 0.777427 0.220618
vt 0.828683 0.177854
vt 0.777427 0.177854
vt 0.777427 0.177854
vt 0.828683 0.135090
vt 0.777427 0.135090
vt 0.726171 0.135090
vt 0.777427 0.177854
vt 0.777427 0.135090
vt 0.777427 0.220618
vt 0.828683 0.306146
vt 0.777427 0.306146
vt 0.777427 0.220618
vt 0.726171 0.306146
vt 0.726171 0.220618
vt 0.726171 0.177854
vt 0.777427 0.220618
vt 0.726171 0.220618
vt 0.828683 0.177854
vt 0.777427 0.220618
vt 0.777427 0.177854
vt 0.828683 0.135090
vt 0.777427 0.177854
vt 0.777427 0.135090
vt 0.726171 0.135090
vt 0.777427 0.177854
vt 0.726171 0.177854
vt 0.777427 0.220618
vt 0.828683 0.306146
vt 0.777427 0.306146
vt 0.777427 0.220618
vt 0.726171 0.306146
vt 0.726171 0.220618
vt 0.726171 0.177854
vt 0.777427 0.220618
vt 0.726171 0.220618
vt 0.828683 0.177854
vt 0.777427 0.220618
vt 0.777427 0.177854
vt 0.828683 0.135090
vt 0.777427 0.177854
vt 0.777427 0.135090
vt 0.726171 0.135090
vt 0.777427 0.177854
vt 0.726171 0.177854
vt 0.777427 0.220618
vt 0.828683 0.306146
vt 0.828683 0.220618
vt 0.726171 0.306146
vt 0.777427 0.220618
vt 0.726171 0.220618
vt 0.726171 0.177854
vt 0.777427 0.220618
vt 0.777427 0.177854
vt 0.777427 0.220618
vt 0.828683 0.177854
vt 0.777427 0.177854
vt 0.777427 0.177854
vt 0.828683 0.135090
vt 0.777427 0.135090
vt 0.726171 0.135090
vt 0.777427 0.177854
vt 0.777427 0.135090
vt 0.777427 0.220618
vt 0.828683 0.306146
vt 0.828683 0.220618
vt 0.726171 0.306146
vt 0.777427 0.220618
vt 0.726171 0.220618
vt 0.726171 0.177854
vt 0.777427 0.220618
vt 0.777427 0.177854
vt 0.777427 0.220618
vt 0.828683 0.177854
vt 0.777427 0.177854
vt 0.777427 0.177854
vt 0.828683 0.135090
vt 0.777427 0.135090
vt 0.726171 0.135090
vt 0.777427 0.177854
vt 0.777427 0.135090
vt 0.777427 0.220618
vt 0.828683 0.306146
vt 0.777427 0.306146
vt 0.777427 0.220618
vt 0.726171 0.306146
vt 0.726171 0.220618
vt 0.726171 0.177854
vt 0.777427 0.220618
vt 0.726171 0.220618
vt 0.828683 0.177854
vt 0.777427 0.220618
vt 0.777427 0.177854
vt 0.828683 0.135090
vt 0.777427 0.177854
vt 0.777427 0.135090
vt 0.726171 0.135090
vt 0.777427 0.177854
vt 0.726171 0.177854
vt 0.777427 0.220618
vt 0.828683 0.306146
vt 0.777427 0.306146
vt 0.777427 0.220618
vt 0.726171 0.306146
vt 0.726171 0.220618
vt 0.726171 0.177854
vt 0.777427 0.220618
vt 0.726171 0.220618
vt 0.828683 0.177854
vt 0.777427 0.220618
vt 0.777427 0.177854
vt 0.828683 0.135090
vt 0.777427 0.177854
vt 0.777427 0.135090
vt 0.726171 0.135090
vt 0.777427 0.177854
vt 0.726171 0.177854
vt 0.777427 0.220618
vt 0.828683 0.306146
vt 0.828683 0.220618
vt 0.726171 0.306146
vt 0.777427 0.220618
vt 0.726171 0.220618
vt 0.726171 0.177854
vt 0.777427 0.220618
vt 0.777427 0.177854
vt 0.777427 0.220618
vt 0.828683 0.177854
vt 0.777427 0.177854
vt 0.777427 0.177854
vt 0.828683 0.135090
vt 0.777427 0.135090
vt 0.726171 0.135090
vt 0.777427 0.177854
vt 0.777427 0.135090
vt 0.777427 0.220618
vt 0.828683 0.306146
vt 0.828683 0.220618
vt 0.726171 0.306146
vt 0.777427 0.220618
vt 0.726171 0.220618
vt 0.726171 0.177854
vt 0.777427 0.220618
vt 0.777427 0.177854
vt 0.777427 0.220618
vt 0.828683 0.177854
vt 0.777427 0.177854
vt 0.777427 0.177854
vt 0.828683 0.135090
vt 0.777427 0.135090
vt 0.726171 0.135090
vt 0.777427 0.177854
vt 0.777427 0.135090
vt 0.777427 0.220618
vt 0.828683 0.306146
vt 0.777427 0.306146
vt 0.777427 0.220618
vt 0.726171 0.306146
vt 0.726171 0.220618
vt 0.726171 0.177854
vt 0.777427 0.220618
vt 0.726171 0.220618
vt 0.828683 0.177854
vt 0.777427 0.220618
vt 0.777427 0.177854
vt 0.828683 0.135090
vt 0.777427 0.177854
vt 0.777427 0.135090
vt 0.726171 0.135090
vt 0.777427 0.177854
vt 0.726171 0.177854
vt 0.777427 0.220618
vt 0.828683 0.306146
vt 0.777427 0.306146
vt 0.777427 0.220618
vt 0.726171 0.306146
vt 0.726171 0.220618
vt 0.726171 0.177854
vt 0.777427 0.220618
vt 0.726171 0.220618
vt 0.828683 0.177854
vt 0.777427 0.220618
vt 0.777427 0.177854
vt 0.828683 0.135090
vt 0.777427 0.177854
vt 0.777427 0.135090
vt 0.726171 0.135090
vt 0.777427 0.177854
vt 0.726171 0.177854
vt 0.777427 0.220618
vt 0.828683 0.306146
vt 0.828683 0.220618
vt 0.726171 0.306146
vt 0.777427 0.220618
vt 0.726171 0.220618
vt 0.726171 0.177854
vt 0.777427 0.220618
vt 0.777427 0.177854
vt 0.777427 0.220618
vt 0.828683 0.177854
vt 0.777427 0.177854
vt 0.777427 0.177854
vt 0.828683 0.135090
vt 0.777427 0.135090
vt 0.726171 0.135090
vt 0.777427 0.177854
vt 0.777427 0.135090
vt 0.777427 0.220618
vt 0.828683 0.306146
vt 0.828683 0.220618
vt 0.726171 0.306146
vt 0.777427 0.220618
vt 0.726171 0.220618
vt 0.726171 0.177854
vt 0.777427 0.220618
vt 0.777427 0.177854
vt 0.777427 0.220618
vt 0.828683 0.177854
vt 0.777427 0.177854
vt 0.777427 0.177854
vt 0.828683 0.135090
vt 0.777427 0.135090
vt 0.726171 0.135090
vt 0.777427 0.177854
vt 0.777427 0.135090
vt 0.777427 0.220618
vt 0.828683 0.306146
vt 0.777427 0.306146
vt 0.777427 0.220618
vt 0.726171 0.306146
vt 0.726171 0.220618
vt 0.726171 0.177854
vt 0.777427 0.220618
vt 0.726171 0.220618
vt 0.828683 0.177854
vt 0.777427 0.220618
vt 0.777427 0.177854
vt 0.828683 0.135090
vt 0.777427 0.177854
vt 0.777427 0.135090
vt 0.726171 0.135090
vt 0.777427 0.177854
vt 0.726171 0.177854
vt 0.777427 0.220618
vt 0.828683 0.306146
vt 0.777427 0.306146
vt 0.777427 0.220618
vt 0.726171 0.306146
vt 0.726171 0.220618
vt 0.726171 0.177854
vt 0.777427 0.220618
vt 0.726171 0.220618
vt 0.828683 0.177854
vt 0.777427 0.220618
vt 0.777427 0.177854
vt 0.828683 0.135090
vt 0.777427 0.177854
vt 0.777427 0.135090
vt 0.726171 0.135090
vt 0.777427 0.177854
vt 0.726171 0.177854
vt 0.777427 0.220618
vt 0.828683 0.306146
vt 0.828683 0.220618
vt 0.726171 0.306146
vt 0.777427 0.220618
vt 0.726171 0.220618
vt 0.726171 0.177854
vt 0.777427 0.220618
vt 0.777427 0.177854
vt 0.777427 0.220618
vt 0.828683 0.177854
vt 0.777427 0.177854
vt 0.777427 0.177854
vt 0.828683 0.135090
vt 0.777427 0.135090
vt 0.726171 0.135090
vt 0.777427 0.177854
vt 0.777427 0.135090
vt 0.777427 0.220618
vt 0.828683 0.306146
vt 0.828683 0.220618
vt 0.726171 0.306146
vt 0.777427 0.220618
vt 0.726171 0.220618
vt 0.726171 0.177854
vt 0.777427 0.220618
vt 0.777427 0.177854
vt 0.777427 0.220618
vt 0.828683 0.177854
vt 0.777427 0.177854
vt 0.777427 0.177854
vt 0.828683 0.135090
vt 0.777427 0.135090
vt 0.726171 0.135090
vt 0.777427 0.177854
vt 0.777427 0.135090
vt 0.777427 0.220618
vt 0.828683 0.306146
vt 0.777427 0.306146
vt 0.777427 0.220618
vt 0.726171 0.306146
vt 0.726171 0.220618
vt 0.726171 0.177854
vt 0.777427 0.220618
vt 0.726171 0.220618
vt 0.828683 0.177854
vt 0.777427 0.220618
vt 0.777427 0.177854
vt 0.828683 0.135090
vt 0.777427 0.177854
vt 0.777427 0.135090
vt 0.726171 0.135090
vt 0.777427 0.177854
vt 0.726171 0.177854
vt 0.777427 0.220618
vt 0.828683 0.306146
vt 0.777427 0.306146
vt 0.777427 0.220618
vt 0.726171 0.306146
vt 0.726171 0.220618
vt 0.726171 0.177854
vt 0.777427 0.220618
vt 0.726171 0.220618
vt 0.828683 0.177854
vt 0.777427 0.220618
vt 0.777427 0.177854
vt 0.828683 0.135090
vt 0.777427 0.177854
vt 0.777427 0.135090
vt 0.726171 0.135090
vt 0.777427 0.177854
vt 0.726171 0.177854
vt 0.777427 0.220618
vt 0.828683 0.306146
vt 0.828683 0.220618
vt 0.726171 0.306146
vt 0.777427 0.220618
vt 0.726171 0.220618
vt 0.726171 0.177854
vt 0.777427 0.220618
vt 0.777427 0.177854
vt 0.777427 0.220618
vt 0.828683 0.177854
vt 0.777427 0.177854
vt 0.777427 0.177854
vt 0.828683 0.135090
vt 0.777427 0.135090
vt 0.726171 0.135090
vt 0.777427 0.177854
vt 0.777427 0.135090
vt 0.777427 0.220618
vt 0.828683 0.306146
vt 0.828683 0.220618
vt 0.726171 0.306146
vt 0.777427 0.220618
vt 0.726171 0.220618
vt 0.726171 0.177854
vt 0.777427 0.220618
vt 0.777427 0.177854
vt 0.777427 0.220618
vt 0.828683 0.177854
vt 0.777427 0.177854
vt 0.777427 0.177854
vt 0.828683 0.135090
vt 0.777427 0.135090
vt 0.726171 0.135090
vt 0.777427 0.177854
vt 0.777427 0.135090
vt 0.777427 0.220618
vt 0.828683 0.306146
vt 0.777427 0.306146
vt 0.777427 0.220618
vt 0.726171 0.306146
vt 0.726171 0.220618
vt 0.726171 0.177854
vt 0.777427 0.220618
vt 0.726171 0.220618
vt 0.828683 0.177854
vt 0.777427 0.220618
vt 0.777427 0.177854
vt 0.828683 0.135090
vt 0.777427 0.177854
vt 0.777427 0.135090
vt 0.726171 0.135090
vt 0.777427 0.177854
vt 0.726171 0.177854
vt 0.777427 0.220618
vt 0.828683 0.306146
vt 0.777427 0.306146
vt 0.777427 0.220618
vt 0.726171 0.306146
vt 0.726171 0.220618
vt 0.726171 0.177854
vt 0.777427 0.220618
vt 0.726171 0.220618
vt 0.828683 0.177854
vt 0.777427 0.220618
vt 0.777427 0.177854
vt 0.828683 0.135090
vt 0.777427 0.177854
vt 0.777427 0.135090
vt 0.726171 0.135090
vt 0.777427 0.177854
vt 0.726171 0.177854
vt 0.777427 0.220618
vt 0.828683 0.306146
vt 0.828683 0.220618
vt 0.726171 0.306146
vt 0.777427 0.220618
vt 0.726171 0.220618
vt 0.726171 0.177854
vt 0.777427 0.220618
vt 0.777427 0.177854
vt 0.777427 0.220618
vt 0.828683 0.177854
vt 0.777427 0.177854
vt 0.777427 0.177854
vt 0.828683 0.135090
vt 0.777427 0.135090
vt 0.726171 0.135090
vt 0.777427 0.177854
vt 0.777427 0.135090
vt 0.777427 0.220618
vt 0.828683 0.306146
vt 0.828683 0.220618
vt 0.726171 0.306146
vt 0.777427 0.220618
vt 0.726171 0.220618
vt 0.726171 0.177854
vt 0.777427 0.220618
vt 0.777427 0.177854
vt 0.777427 0.220618
vt 0.828683 0.177854
vt 0.777427 0.177854
vt 0.777427 0.177854
vt 0.828683 0.135090
vt 0.777427 0.135090
vt 0.726171 0.135090
vt 0.777427 0.177854
vt 0.777427 0.135090
vt 0.777427 0.220618
vt 0.828683 0.306146
vt 0.777427 0.306146
vt 0.777427 0.220618
vt 0.726171 0.306146
vt 0.726171 0.220618
vt 0.726171 0.177854
vt 0.777427 0.220618
vt 0.726171 0.220618
vt 0.828683 0.177854
vt 0.777427 0.220618
vt 0.777427 0.177854
vt 0.828683 0.135090
vt 0.777427 0.177854
vt 0.777427 0.135090
vt 0.726171 0.135090
vt 0.777427 0.177854
vt 0.726171 0.177854
vt 0.777427 0.220618
vt 0.828683 0.306146
vt 0.777427 0.306146
vt 0.777427 0.220618
vt 0.726171 0.306146
vt 0.726171 0.220618
vt 0.726171 0.177854
vt 0.777427 0.220618
vt 0.726171 0.220618
vt 0.828683 0.177854
vt 0.777427 0.220618
vt 0.777427 0.177854
vt 0.828683 0.135090
vt 0.777427 0.177854
vt 0.777427 0.135090
vt 0.726171 0.135090
vt 0.777427 0.177854
vt 0.726171 0.177854
vt 0.777427 0.220618
vt 0.828683 0.306146
vt 0.828683 0.220618
vt 0.726171 0.306146
vt 0.777427 0.220618
vt 0.726171 0.220618
vt 0.726171 0.177854
vt 0.777427 0.220618
vt 0.777427 0.177854
vt 0.777427 0.220618
vt 0.828683 0.177854
vt 0.777427 0.177854
vt 0.777427 0.177854
vt 0.828683 0.135090
vt 0.777427 0.135090
vt 0.726171 0.135090
vt 0.777427 0.177854
vt 0.777427 0.135090
vt 0.777427 0.220618
vt 0.828683 0.306146
vt 0.828683 0.220618
vt 0.726171 0.306146
vt 0.777427 0.220618
vt 0.726171 0.220618
vt 0.726171 0.177854
vt 0.777427 0.220618
vt 0.777427 0.177854
vt 0.777427 0.220618
vt 0.828683 0.177854
vt 0.777427 0.177854
vt 0.777427 0.177854
vt 0.828683 0.135090
vt 0.777427 0.135090
vt 0.726171 0.135090
vt 0.777427 0.177854
vt 0.777427 0.135090
vt 0.777427 0.220618
vt 0.828683 0.306146
vt 0.777427 0.306146
vt 0.777427 0.220618
vt 0.726171 0.306146
vt 0.726171 0.220618
vt 0.726171 0.177854
vt 0.777427 0.220618
vt 0.726171 0.220618
vt 0.828683 0.177854
vt 0.777427 0.220618
vt 0.777427 0.177854
vt 0.828683 0.135090
vt 0.777427 0.177854
vt 0.777427 0.135090
vt 0.726171 0.135090
vt 0.777427 0.177854
vt 0.726171 0.177854
vt 0.777427 0.220618
vt 0.828683 0.306146
vt 0.777427 0.306146
vt 0.777427 0.220618
vt 0.726171 0.306146
vt 0.726171 0.220618
vt 0.726171 0.177854
vt 0.777427 0.220618
vt 0.726171 0.220618
vt 0.828683 0.177854
vt 0.777427 0.220618
vt 0.777427 0.177854
vt 0.828683 0.135090
vt 0.777427 0.177854
vt 0.777427 0.135090
vt 0.726171 0.135090
vt 0.777427 0.177854
vt 0.726171 0.177854
vt 0.777427 0.220618
vt 0.828683 0.306146
vt 0.828683 0.220618
vt 0.726171 0.306146
vt 0.777427 0.220618
vt 0.726171 0.220618
vt 0.726171 0.177854
vt 0.777427 0.220618
vt 0.777427 0.177854
vt 0.777427 0.220618
vt 0.828683 0.177854
vt 0.777427 0.177854
vt 0.777427 0.177854
vt 0.828683 0.135090
vt 0.777427 0.135090
vt 0.726171 0.135090
vt 0.777427 0.177854
vt 0.777427 0.135090
vt 0.777427 0.220618
vt 0.828683 0.306146
vt 0.828683 0.220618
vt 0.726171 0.306146
vt 0.777427 0.220618
vt 0.726171 0.220618
vt 0.726171 0.177854
vt 0.777427 0.220618
vt 0.777427 0.177854
vt 0.777427 0.220618
vt 0.828683 0.177854
vt 0.777427 0.177854
vt 0.777427 0.177854
vt 0.828683 0.135090
vt 0.777427 0.135090
vt 0.726171 0.135090
vt 0.777427 0.177854
vt 0.777427 0.135090
vt 0.777427 0.220618
vt 0.828683 0.306146
vt 0.777427 0.306146
vt 0.777427 0.220618
vt 0.726171 0.306146
vt 0.726171 0.220618
vt 0.726171 0.177854
vt 0.777427 0.220618
vt 0.726171 0.220618
vt 0.828683 0.177854
vt 0.777427 0.220618
vt 0.777427 0.177854
vt 0.828683 0.135090
vt 0.777427 0.177854
vt 0.777427 0.135090
vt 0.726171 0.135090
vt 0.777427 0.177854
vt 0.726171 0.177854
vt 0.777427 0.220618
vt 0.828683 0.306146
vt 0.777427 0.306146
vt 0.777427 0.220618
vt 0.726171 0.306146
vt 0.726171 0.220618
vt 0.726171 0.177854
vt 0.777427 0.220618
vt 0.726171 0.220618
vt 0.828683 0.177854
vt 0.777427 0.220618
vt 0.777427 0.177854
vt 0.828683 0.135090
vt 0.777427 0.177854
vt 0.777427 0.135090
vt 0.726171 0.135090
vt 0.777427 0.177854
vt 0.726171 0.177854
vt 0.777427 0.220618
vt 0.828683 0.306146
vt 0.828683 0.220618
vt 0.726171 0.306146
vt 0.777427 0.220618
vt 0.726171 0.220618
vt 0.726171 0.177854
vt 0.777427 0.220618
vt 0.777427 0.177854
vt 0.777427 0.220618
vt 0.828683 0.177854
vt 0.777427 0.177854
vt 0.777427 0.177854
vt 0.828683 0.135090
vt 0.777427 0.135090
vt 0.726171 0.135090
vt 0.777427 0.177854
vt 0.777427 0.135090
vt 0.777427 0.220618
vt 0.828683 0.306146
vt 0.828683 0.220618
vt 0.726171 0.306146
vt 0.777427 0.220618
vt 0.726171 0.220618
vt 0.726171 0.177854
vt 0.777427 0.220618
vt 0.777427 0.177854
vt 0.777427 0.220618
vt 0.828683 0.177854
vt 0.777427 0.177854
vt 0.777427 0.177854
vt 0.828683 0.135090
vt 0.777427 0.135090
vt 0.726171 0.135090
vt 0.777427 0.177854
vt 0.777427 0.135090
vt 0.777427 0.220618
vt 0.828683 0.306146
vt 0.777427 0.306146
vt 0.777427 0.220618
vt 0.726171 0.306146
vt 0.726171 0.220618
vt 0.726171 0.177854
vt 0.777427 0.220618
vt 0.726171 0.220618
vt 0.828683 0.177854
vt 0.777427 0.220618
vt 0.777427 0.177854
vt 0.828683 0.135090
vt 0.777427 0.177854
vt 0.777427 0.135090
vt 0.726171 0.135090
vt 0.777427 0.177854
vt 0.726171 0.177854
vt 0.777427 0.220618
vt 0.828683 0.306146
vt 0.777427 0.306146
vt 0.777427 0.220618
vt 0.726171 0.306146
vt 0.726171 0.220618
vt 0.726171 0.177854
vt 0.777427 0.220618
vt 0.726171 0.220618
vt 0.828683 0.177854
vt 0.777427 0.220618
vt 0.777427 0.177854
vt 0.828683 0.135090
vt 0.777427 0.177854
vt 0.777427 0.135090
vt 0.726171 0.135090
vt 0.777427 0.177854
vt 0.726171 0.177854
vt 0.777427 0.220618
vt 0.828683 0.306146
vt 0.828683 0.220618
vt 0.726171 0.306146
vt 0.777427 0.220618
vt 0.726171 0.220618
vt 0.726171 0.177854
vt 0.777427 0.220618
vt 0.777427 0.177854
vt 0.777427 0.220618
vt 0.828683 0.177854
vt 0.777427 0.177854
vt 0.777427 0.177854
vt 0.828683 0.135090
vt 0.777427 0.135090
vt 0.726171 0.135090
vt 0.777427 0.177854
vt 0.777427 0.135090
vt 0.777427 0.220618
vt 0.828683 0.306146
vt 0.828683 0.220618
vt 0.726171 0.306146
vt 0.777427 0.220618
vt 0.726171 0.220618
vt 0.726171 0.177854
vt 0.777427 0.220618
vt 0.777427 0.177854
vt 0.777427 0.220618
vt 0.828683 0.177854
vt 0.777427 0.177854
vt 0.777427 0.177854
vt 0.828683 0.135090
vt 0.777427 0.135090
vt 0.726171 0.135090
vt 0.777427 0.177854
vt 0.777427 0.135090
vt 0.777427 0.220618
vt 0.828683 0.306146
vt 0.777427 0.306146
vt 0.777427 0.220618
vt 0.726171 0.306146
vt 0.726171 0.220618
vt 0.726171 0.177854
vt 0.777427 0.220618
vt 0.726171 0.220618
vt 0.828683 0.177854
vt 0.777427 0.220618
vt 0.777427 0.177854
vt 0.828683 0.135090
vt 0.777427 0.177854
vt 0.777427 0.135090
vt 0.726171 0.135090
vt 0.777427 0.177854
vt 0.726171 0.177854
vt 0.777427 0.220618
vt 0.828683 0.306146
vt 0.777427 0.306146
vt 0.777427 0.220618
vt 0.726171 0.306146
vt 0.726171 0.220618
vt 0.726171 0.177854
vt 0.777427 0.220618
vt 0.726171 0.220618
vt 0.828683 0.177854
vt 0.777427 0.220618
vt 0.777427 0.177854
vt 0.828683 0.135090
vt 0.777427 0.177854
vt 0.777427 0.135090
vt 0.726171 0.135090
vt 0.777427 0.177854
vt 0.726171 0.177854
vt 0.777427 0.220618
vt 0.828683 0.306146
vt 0.828683 0.220618
vt 0.726171 0.306146
vt 0.777427 0.220618
vt 0.726171 0.220618
vt 0.726171 0.177854
vt 0.777427 0.220618
vt 0.777427 0.177854
vt 0.777427 0.220618
vt 0.828683 0.177854
vt 0.777427 0.177854
vt 0.777427 0.177854
vt 0.828683 0.135090
vt 0.777427 0.135090
vt 0.726171 0.135090
vt 0.777427 0.177854
vt 0.777427 0.135090
vt 0.777427 0.220618
vt 0.828683 0.306146
vt 0.828683 0.220618
vt 0.726171 0.306146
vt 0.777427 0.220618
vt 0.726171 0.220618
vt 0.726171 0.177854
vt 0.777427 0.220618
vt 0.777427 0.177854
vt 0.777427 0.220618
vt 0.828683 0.177854
vt 0.777427 0.177854
vt 0.777427 0.177854
vt 0.828683 0.135090
vt 0.777427 0.135090
vt 0.726171 0.135090
vt 0.777427 0.177854
vt 0.777427 0.135090
vt 0.777427 0.220618
vt 0.828683 0.306146
vt 0.777427 0.306146
vt 0.777427 0.220618
vt 0.726171 0.306146
vt 0.726171 0.220618
vt 0.726171 0.177854
vt 0.777427 0.220618
vt 0.726171 0.220618
vt 0.828683 0.177854
vt 0.777427 0.220618
vt 0.777427 0.177854
vt 0.828683 0.135090
vt 0.777427 0.177854
vt 0.777427 0.135090
vt 0.726171 0.135090
vt 0.777427 0.177854
vt 0.726171 0.177854
vt 0.777427 0.220618
vt 0.828683 0.306146
vt 0.777427 0.306146
vt 0.777427 0.220618
vt 0.726171 0.306146
vt 0.726171 0.220618
vt 0.726171 0.177854
vt 0.777427 0.220618
vt 0.726171 0.220618
vt 0.828683 0.177854
vt 0.777427 0.220618
vt 0.777427 0.177854
vt 0.828683 0.135090
vt 0.777427 0.177854
vt 0.777427 0.135090
vt 0.726171 0.135090
vt 0.777427 0.177854
vt 0.726171 0.177854
vt 0.777427 0.220618
vt 0.828683 0.306146
vt 0.828683 0.220618
vt 0.726171 0.306146
vt 0.777427 0.220618
vt 0.726171 0.220618
vt 0.726171 0.177854
vt 0.777427 0.220618
vt 0.777427 0.177854
vt 0.777427 0.220618
vt 0.828683 0.177854
vt 0.777427 0.177854
vt 0.777427 0.177854
vt 0.828683 0.135090
vt 0.777427 0.135090
vt 0.726171 0.135090
vt 0.777427 0.177854
vt 0.777427 0.135090
vt 0.777427 0.220618
vt 0.828683 0.306146
vt 0.828683 0.220618
vt 0.726171 0.306146
vt 0.777427 0.220618
vt 0.726171 0.220618
vt 0.726171 0.177854
vt 0.777427 0.220618
vt 0.777427 0.177854
vt 0.777427 0.220618
vt 0.828683 0.177854
vt 0.777427 0.177854
vt 0.777427 0.177854
vt 0.828683 0.135090
vt 0.777427 0.135090
vt 0.726171 0.135090
vt 0.777427 0.177854
vt 0.777427 0.135090
vt 0.777427 0.220618
vt 0.828683 0.306146
vt 0.777427 0.306146
vt 0.777427 0.220618
vt 0.726171 0.306146
vt 0.726171 0.220618
vt 0.726171 0.177854
vt 0.777427 0.220618
vt 0.726171 0.220618
vt 0.828683 0.177854
vt 0.777427 0.220618
vt 0.777427 0.177854
vt 0.828683 0.135090
vt 0.777427 0.177854
vt 0.777427 0.135090
vt 0.726171 0.135090
vt 0.777427 0.177854
vt 0.726171 0.177854
vt 0.777427 0.220618
vt 0.828683 0.306146
vt 0.777427 0.306146
vt 0.777427 0.220618
vt 0.726171 0.306146
vt 0.726171 0.220618
vt 0.726171 0.177854
vt 0.777427 0.220618
vt 0.726171 0.220618
vt 0.828683 0.177854
vt 0.777427 0.220618
vt 0.777427 0.177854
vt 0.828683 0.135090
vt 0.777427 0.177854
vt 0.777427 0.135090
vt 0.726171 0.135090
vt 0.777427 0.177854
vt 0.726171 0.177854
vt 0.777427 0.220618
vt 0.828683 0.306146
vt 0.828683 0.220618
vt 0.726171 0.306146
vt 0.777427 0.220618
vt 0.726171 0.220618
vt 0.726171 0.177854
vt 0.777427 0.220618
vt 0.777427 0.177854
vt 0.777427 0.220618
vt 0.828683 0.177854
vt 0.777427 0.177854
vt 0.777427 0.177854
vt 0.828683 0.135090
vt 0.777427 0.135090
vt 0.726171 0.135090
vt 0.777427 0.177854
vt 0.777427 0.135090
vt 0.777427 0.220618
vt 0.828683 0.306146
vt 0.828683 0.220618
vt 0.726171 0.306146
vt 0.777427 0.220618
vt 0.726171 0.220618
vt 0.726171 0.177854
vt 0.777427 0.220618
vt 0.777427 0.177854
vt 0.777427 0.220618
vt 0.828683 0.177854
vt 0.777427 0.177854
vt 0.777427 0.177854
vt 0.828683 0.135090
vt 0.777427 0.135090
vt 0.726171 0.135090
vt 0.777427 0.177854
vt 0.777427 0.135090
vt 0.777427 0.220618
vt 0.828683 0.306146
vt 0.777427 0.306146
vt 0.777427 0.220618
vt 0.726171 0.306146
vt 0.726171 0.220618
vt 0.726171 0.177854
vt 0.777427 0.220618
vt 0.726171 0.220618
vt 0.828683 0.177854
vt 0.777427 0.220618
vt 0.777427 0.177854
vt 0.828683 0.135090
vt 0.777427 0.177854
vt 0.777427 0.135090
vt 0.726171 0.135090
vt 0.777427 0.177854
vt 0.726171 0.177854
vt 0.777427 0.220618
vt 0.828683 0.306146
vt 0.777427 0.306146
vt 0.777427 0.220618
vt 0.726171 0.306146
vt 0.726171 0.220618
vt 0.726171 0.177854
vt 0.777427 0.220618
vt 0.726171 0.220618
vt 0.828683 0.177854
vt 0.777427 0.220618
vt 0.777427 0.177854
vt 0.828683 0.135090
vt 0.777427 0.177854
vt 0.777427 0.135090
vt 0.726171 0.135090
vt 0.777427 0.177854
vt 0.726171 0.177854
vt 0.777427 0.220618
vt 0.828683 0.306146
vt 0.828683 0.220618
vt 0.726171 0.306146
vt 0.777427 0.220618
vt 0.726171 0.220618
vt 0.726171 0.177854
vt 0.777427 0.220618
vt 0.777427 0.177854
vt 0.777427 0.220618
vt 0.828683 0.177854
vt 0.777427 0.177854
vt 0.777427 0.177854
vt 0.828683 0.135090
vt 0.777427 0.135090
vt 0.726171 0.135090
vt 0.777427 0.177854
vt 0.777427 0.135090
vt 0.777427 0.220618
vt 0.828683 0.306146
vt 0.828683 0.220618
vt 0.726171 0.306146
vt 0.777427 0.220618
vt 0.726171 0.220618
vt 0.726171 0.177854
vt 0.777427 0.220618
vt 0.777427 0.177854
vt 0.777427 0.220618
vt 0.828683 0.177854
vt 0.777427 0.177854
vt 0.777427 0.177854
vt 0.828683 0.135090
vt 0.777427 0.135090
vt 0.726171 0.135090
vt 0.777427 0.177854
vt 0.777427 0.135090
vt 0.777427 0.220618
vt 0.828683 0.306146
vt 0.777427 0.306146
vt 0.777427 0.220618
vt 0.726171 0.306146
vt 0.726171 0.220618
vt 0.726171 0.177854
vt 0.777427 0.220618
vt 0.726171 0.220618
vt 0.828683 0.177854
vt 0.777427 0.220618
vt 0.777427 0.177854
vt 0.828683 0.135090
vt 0.777427 0.177854
vt 0.777427 0.135090
vt 0.726171 0.135090
vt 0.777427 0.177854
vt 0.726171 0.177854
vt 0.777427 0.220618
vt 0.828683 0.306146
vt 0.777427 0.306146
vt 0.777427 0.220618
vt 0.726171 0.306146
vt 0.726171 0.220618
vt 0.726171 0.177854
vt 0.777427 0.220618
vt 0.726171 0.220618
vt 0.828683 0.177854
vt 0.777427 0.220618
vt 0.777427 0.177854
vt 0.828683 0.135090
vt 0.777427 0.177854
vt 0.777427 0.135090
vt 0.726171 0.135090
vt 0.777427 0.177854
vt 0.726171 0.177854
vt 0.777427 0.220618
vt 0.828683 0.306146
vt 0.828683 0.220618
vt 0.726171 0.306146
vt 0.777427 0.220618
vt 0.726171 0.220618
vt 0.726171 0.177854
vt 0.777427 0.220618
vt 0.777427 0.177854
vt 0.777427 0.220618
vt 0.828683 0.177854
vt 0.777427 0.177854
vt 0.777427 0.177854
vt 0.828683 0.135090
vt 0.777427 0.135090
vt 0.726171 0.135090
vt 0.777427 0.177854
vt 0.777427 0.135090
vt 0.777427 0.220618
vt 0.828683 0.306146
vt 0.828683 0.220618
vt 0.726171 0.306146
vt 0.777427 0.220618
vt 0.726171 0.220618
vt 0.726171 0.177854
vt 0.777427 0.220618
vt 0.777427 0.177854
vt 0.777427 0.220618
vt 0.828683 0.177854
vt 0.777427 0.177854
vt 0.777427 0.177854
vt 0.828683 0.135090
vt 0.777427 0.135090
vt 0.726171 0.135090
vt 0.777427 0.177854
vt 0.777427 0.135090
vt 0.777427 0.220618
vt 0.828683 0.306146
vt 0.777427 0.306146
vt 0.777427 0.220618
vt 0.726171 0.306146
vt 0.726171 0.220618
vt 0.726171 0.177854
vt 0.777427 0.220618
vt 0.726171 0.220618
vt 0.828683 0.177854
vt 0.777427 0.220618
vt 0.777427 0.177854
vt 0.828683 0.135090
vt 0.777427 0.177854
vt 0.777427 0.135090
vt 0.726171 0.135090
vt 0.777427 0.177854
vt 0.726171 0.177854
vt 0.777427 0.220618
vt 0.828683 0.306146
vt 0.777427 0.306146
vt 0.777427 0.220618
vt 0.726171 0.306146
vt 0.726171 0.220618
vt 0.726171 0.177854
vt 0.777427 0.220618
vt 0.726171 0.220618
vt 0.828683 0.177854
vt 0.777427 0.220618
vt 0.777427 0.177854
vt 0.828683 0.135090
vt 0.777427 0.177854
vt 0.777427 0.135090
vt 0.726171 0.135090
vt 0.777427 0.177854
vt 0.726171 0.177854
vt 0.777427 0.220618
vt 0.828683 0.306146
vt 0.828683 0.220618
vt 0.726171 0.306146
vt 0.777427 0.220618
vt 0.726171 0.220618
vt 0.726171 0.177854
vt 0.777427 0.220618
vt 0.777427 0.177854
vt 0.777427 0.220618
vt 0.828683 0.177854
vt 0.777427 0.177854
vt 0.777427 0.177854
vt 0.828683 0.135090
vt 0.777427 0.135090
vt 0.726171 0.135090
vt 0.777427 0.177854
vt 0.777427 0.135090
vt 0.777427 0.220618
vt 0.828683 0.306146
vt 0.828683 0.220618
vt 0.726171 0.306146
vt 0.777427 0.220618
vt 0.726171 0.220618
vt 0.726171 0.177854
vt 0.777427 0.220618
vt 0.777427 0.177854
vt 0.777427 0.220618
vt 0.828683 0.177854
vt 0.777427 0.177854
vt 0.777427 0.177854
vt 0.828683 0.135090
vt 0.777427 0.135090
vt 0.726171 0.135090
vt 0.777427 0.177854
vt 0.777427 0.135090
vt 0.777427 0.220618
vt 0.828683 0.306146
vt 0.777427 0.306146
vt 0.777427 0.220618
vt 0.726171 0.306146
vt 0.726171 0.220618
vt 0.726171 0.177854
vt 0.777427 0.220618
vt 0.726171 0.220618
vt 0.828683 0.177854
vt 0.777427 0.220618
vt 0.777427 0.177854
vt 0.828683 0.135090
vt 0.777427 0.177854
vt 0.777427 0.135090
vt 0.726171 0.135090
vt 0.777427 0.177854
vt 0.726171 0.177854
vt 0.777427 0.220618
vt 0.828683 0.306146
vt 0.777427 0.306146
vt 0.777427 0.220618
vt 0.726171 0.306146
vt 0.726171 0.220618
vt 0.726171 0.177854
vt 0.777427 0.220618
vt 0.726171 0.220618
vt 0.828683 0.177854
vt 0.777427 0.220618
vt 0.777427 0.177854
vt 0.828683 0.135090
vt 0.777427 0.177854
vt 0.777427 0.135090
vt 0.726171 0.135090
vt 0.777427 0.177854
vt 0.726171 0.177854
vt 0.777427 0.220618
vt 0.828683 0.306146
vt 0.828683 0.220618
vt 0.726171 0.306146
vt 0.777427 0.220618
vt 0.726171 0.220618
vt 0.726171 0.177854
vt 0.777427 0.220618
vt 0.777427 0.177854
vt 0.777427 0.220618
vt 0.828683 0.177854
vt 0.777427 0.177854
vt 0.777427 0.177854
vt 0.828683 0.135090
vt 0.777427 0.135090
vt 0.726171 0.135090
vt 0.777427 0.177854
vt 0.777427 0.135090
vt 0.777427 0.220618
vt 0.828683 0.306146
vt 0.828683 0.220618
vt 0.726171 0.306146
vt 0.777427 0.220618
vt 0.726171 0.220618
vt 0.726171 0.177854
vt 0.777427 0.220618
vt 0.777427 0.177854
vt 0.777427 0.220618
vt 0.828683 0.177854
vt 0.777427 0.177854
vt 0.777427 0.177854
vt 0.828683 0.135090
vt 0.777427 0.135090
vt 0.726171 0.135090
vt 0.777427 0.177854
vt 0.777427 0.135090
vt 0.777427 0.220618
vt 0.828683 0.306146
vt 0.777427 0.306146
vt 0.777427 0.220618
vt 0.726171 0.306146
vt 0.726171 0.220618
vt 0.726171 0.177854
vt 0.777427 0.220618
vt 0.726171 0.220618
vt 0.828683 0.177854
vt 0.777427 0.220618
vt 0.777427 0.177854
vt 0.828683 0.135090
vt 0.777427 0.177854
vt 0.777427 0.135090
vt 0.726171 0.135090
vt 0.777427 0.177854
vt 0.726171 0.177854
vt 0.777427 0.220618
vt 0.828683 0.306146
vt 0.828683 0.220618
vt 0.726171 0.306146
vt 0.777427 0.220618
vt 0.726171 0.220618
vt 0.726171 0.177854
vt 0.777427 0.220618
vt 0.777427 0.177854
vt 0.777427 0.220618
vt 0.828683 0.177854
vt 0.777427 0.177854
vt 0.777427 0.177854
vt 0.828683 0.135090
vt 0.777427 0.135090
vt 0.726171 0.135090
vt 0.777427 0.177854
vt 0.777427 0.135090
vt 0.777427 0.220618
vt 0.828683 0.306146
vt 0.777427 0.306146
vt 0.777427 0.220618
vt 0.726171 0.306146
vt 0.726171 0.220618
vt 0.726171 0.177854
vt 0.777427 0.220618
vt 0.726171 0.220618
vt 0.828683 0.177854
vt 0.777427 0.220618
vt 0.777427 0.177854
vt 0.828683 0.135090
vt 0.777427 0.177854
vt 0.777427 0.135090
vt 0.726171 0.135090
vt 0.777427 0.177854
vt 0.726171 0.177854
vt 0.777427 0.220618
vt 0.828683 0.306146
vt 0.828683 0.220618
vt 0.726171 0.306146
vt 0.777427 0.220618
vt 0.726171 0.220618
vt 0.726171 0.177854
vt 0.777427 0.220618
vt 0.777427 0.177854
vt 0.777427 0.220618
vt 0.828683 0.177854
vt 0.777427 0.177854
vt 0.777427 0.177854
vt 0.828683 0.135090
vt 0.777427 0.135090
vt 0.726171 0.135090
vt 0.777427 0.177854
vt 0.777427 0.135090
vt 0.777427 0.220618
vt 0.828683 0.306146
vt 0.777427 0.306146
vt 0.777427 0.220618
vt 0.726171 0.306146
vt 0.726171 0.220618
vt 0.726171 0.177854
vt 0.777427 0.220618
vt 0.726171 0.220618
vt 0.828683 0.177854
vt 0.777427 0.220618
vt 0.777427 0.177854
vt 0.828683 0.135090
vt 0.777427 0.177854
vt 0.777427 0.135090
vt 0.726171 0.135090
vt 0.777427 0.177854
vt 0.726171 0.177854
vt 0.777427 0.220618
vt 0.828683 0.306146
vt 0.828683 0.220618
vt 0.726171 0.306146
vt 0.777427 0.220618
vt 0.726171 0.220618
vt 0.726171 0.177854
vt 0.777427 0.220618
vt 0.777427 0.177854
vt 0.777427 0.220618
vt 0.828683 0.177854
vt 0.777427 0.177854
vt 0.777427 0.177854
vt 0.828683 0.135090
vt 0.777427 0.135090
vt 0.726171 0.135090
vt 0.777427 0.177854
vt 0.777427 0.135090
vt 0.777427 0.220618
vt 0.828683 0.306146
vt 0.777427 0.306146
vt 0.777427 0.220618
vt 0.726171 0.306146
vt 0.726171 0.220618
vt 0.726171 0.177854
vt 0.777427 0.220618
vt 0.726171 0.220618
vt 0.828683 0.177854
vt 0.777427 0.220618
vt 0.777427 0.177854
vt 0.828683 0.135090
vt 0.777427 0.177854
vt 0.777427 0.135090
vt 0.726171 0.135090
vt 0.777427 0.177854
vt 0.726171 0.177854
vt 0.777427 0.220618
vt 0.828683 0.306146
vt 0.828683 0.220618
vt 0.726171 0.306146
vt 0.777427 0.220618
vt 0.726171 0.220618
vt 0.726171 0.177854
vt 0.777427 0.220618
vt 0.777427 0.177854
vt 0.777427 0.177854
vt 0.828683 0.220618
vt 0.828683 0.177854
vt 0.777427 0.177854
vt 0.828683 0.135090
vt 0.777427 0.135090
vt 0.726171 0.135090
vt 0.777427 0.177854
vt 0.777427 0.135090
vt 0.777427 0.220618
vt 0.828683 0.306146
vt 0.777427 0.306146
vt 0.726171 0.220618
vt 0.777427 0.306146
vt 0.726171 0.306146
vt 0.777427 0.177854
vt 0.726171 0.220618
vt 0.726171 0.177854
vt 0.828683 0.177854
vt 0.777427 0.220618
vt 0.777427 0.177854
vt 0.828683 0.135090
vt 0.777427 0.177854
vt 0.777427 0.135090
vt 0.726171 0.135090
vt 0.777427 0.177854
vt 0.726171 0.177854
vt 0.777427 0.220618
vt 0.828683 0.306146
vt 0.828683 0.220618
vt 0.726171 0.306146
vt 0.777427 0.220618
vt 0.726171 0.220618
vt 0.726171 0.177854
vt 0.777427 0.220618
vt 0.777427 0.177854
vt 0.777427 0.220618
vt 0.828683 0.177854
vt 0.777427 0.177854
vt 0.777427 0.177854
vt 0.828683 0.135090
vt 0.777427 0.135090
vt 0.726171 0.135090
vt 0.777427 0.177854
vt 0.777427 0.135090
vt 0.777427 0.220618
vt 0.828683 0.306146
vt 0.777427 0.306146
vt 0.777427 0.220618
vt 0.726171 0.306146
vt 0.726171 0.220618
vt 0.726171 0.177854
vt 0.777427 0.220618
vt 0.726171 0.220618
vt 0.828683 0.177854
vt 0.777427 0.220618
vt 0.777427 0.177854
vt 0.828683 0.135090
vt 0.777427 0.177854
vt 0.777427 0.135090
vt 0.726171 0.135090
vt 0.777427 0.177854
vt 0.726171 0.177854
vt 0.777427 0.220618
vt 0.828683 0.306146
vt 0.828683 0.220618
vt 0.726171 0.220618
vt 0.777427 0.306146
vt 0.777427 0.220618
vt 0.726171 0.177854
vt 0.777427 0.220618
vt 0.777427 0.177854
vt 0.777427 0.220618
vt 0.828683 0.177854
vt 0.777427 0.177854
vt 0.777427 0.177854
vt 0.828683 0.135090
vt 0.777427 0.135090
vt 0.726171 0.177854
vt 0.777427 0.135090
vt 0.726171 0.135090
vt 0.777427 0.220618
vt 0.828683 0.306146
vt 0.777427 0.306146
vt 0.777427 0.220618
vt 0.726171 0.306146
vt 0.726171 0.220618
vt 0.726171 0.177854
vt 0.777427 0.220618
vt 0.726171 0.220618
vt 0.777427 0.177854
vt 0.828683 0.220618
vt 0.777427 0.220618
vt 0.777427 0.135090
vt 0.828683 0.177854
vt 0.777427 0.177854
vt 0.726171 0.135090
vt 0.777427 0.177854
vt 0.726171 0.177854
vt 0.777427 0.220618
vt 0.828683 0.306146
vt 0.828683 0.220618
vt 0.726171 0.220618
vt 0.777427 0.306146
vt 0.777427 0.220618
vt 0.726171 0.220618
vt 0.777427 0.177854
vt 0.726171 0.177854
vt 0.777427 0.220618
vt 0.828683 0.177854
vt 0.777427 0.177854
vt 0.777427 0.177854
vt 0.828683 0.135090
vt 0.777427 0.135090
vt 0.726171 0.135090
vt 0.777427 0.177854
vt 0.777427 0.135090
vt 0.777427 0.220618
vt 0.828683 0.306146
vt 0.777427 0.306146
vt 0.777427 0.220618
vt 0.726171 0.306146
vt 0.726171 0.220618
vt 0.726171 0.177854
vt 0.777427 0.220618
vt 0.726171 0.220618
vt 0.828683 0.177854
vt 0.777427 0.220618
vt 0.777427 0.177854
vt 0.828683 0.135090
vt 0.777427 0.177854
vt 0.777427 0.135090
vt 0.726171 0.135090
vt 0.777427 0.177854
vt 0.726171 0.177854
vt 0.425844 0.320493
vt 0.420590 0.430339
vt 0.425466 0.433164
vt 0.425466 0.438813
vt 0.426806 0.435431
vt 0.424882 0.435431
vt 0.424882 0.436546
vt 0.424882 0.320414
vt 0.423058 0.320572
vt 0.777427 0.306146
vt 0.777427 0.306146
vt 0.726171 0.220618
vt 0.828683 0.220618
vt 0.828683 0.177854
vt 0.726171 0.177854
vt 0.777427 0.306146
vt 0.777427 0.306146
vt 0.726171 0.220618
vt 0.828683 0.220618
vt 0.828683 0.177854
vt 0.726171 0.177854
vt 0.828683 0.220618
vt 0.777427 0.306146
vt 0.777427 0.177854
vt 0.828683 0.220618
vt 0.828683 0.177854
vt 0.777427 0.135090
vt 0.828683 0.220618
vt 0.777427 0.306146
vt 0.777427 0.177854
vt 0.828683 0.220618
vt 0.828683 0.177854
vt 0.777427 0.135090
vt 0.777427 0.306146
vt 0.777427 0.306146
vt 0.726171 0.220618
vt 0.828683 0.220618
vt 0.828683 0.177854
vt 0.726171 0.177854
vt 0.777427 0.306146
vt 0.777427 0.306146
vt 0.726171 0.220618
vt 0.828683 0.220618
vt 0.828683 0.177854
vt 0.726171 0.177854
vt 0.828683 0.220618
vt 0.777427 0.306146
vt 0.777427 0.177854
vt 0.828683 0.220618
vt 0.828683 0.177854
vt 0.777427 0.135090
vt 0.828683 0.220618
vt 0.777427 0.306146
vt 0.777427 0.177854
vt 0.828683 0.220618
vt 0.828683 0.177854
vt 0.777427 0.135090
vt 0.777427 0.306146
vt 0.777427 0.306146
vt 0.726171 0.220618
vt 0.828683 0.220618
vt 0.828683 0.177854
vt 0.726171 0.177854
vt 0.777427 0.306146
vt 0.777427 0.306146
vt 0.726171 0.220618
vt 0.828683 0.220618
vt 0.828683 0.177854
vt 0.726171 0.177854
vt 0.828683 0.220618
vt 0.777427 0.306146
vt 0.777427 0.177854
vt 0.828683 0.220618
vt 0.828683 0.177854
vt 0.777427 0.135090
vt 0.828683 0.220618
vt 0.777427 0.306146
vt 0.777427 0.177854
vt 0.828683 0.220618
vt 0.828683 0.177854
vt 0.777427 0.135090
vt 0.777427 0.306146
vt 0.777427 0.306146
vt 0.726171 0.220618
vt 0.828683 0.220618
vt 0.828683 0.177854
vt 0.726171 0.177854
vt 0.777427 0.306146
vt 0.777427 0.306146
vt 0.726171 0.220618
vt 0.828683 0.220618
vt 0.828683 0.177854
vt 0.726171 0.177854
vt 0.828683 0.220618
vt 0.777427 0.306146
vt 0.777427 0.177854
vt 0.828683 0.220618
vt 0.828683 0.177854
vt 0.777427 0.135090
vt 0.828683 0.220618
vt 0.777427 0.306146
vt 0.777427 0.177854
vt 0.828683 0.220618
vt 0.828683 0.177854
vt 0.777427 0.135090
vt 0.777427 0.306146
vt 0.777427 0.306146
vt 0.726171 0.220618
vt 0.828683 0.220618
vt 0.828683 0.177854
vt 0.726171 0.177854
vt 0.777427 0.306146
vt 0.777427 0.306146
vt 0.726171 0.220618
vt 0.828683 0.220618
vt 0.828683 0.177854
vt 0.726171 0.177854
vt 0.828683 0.220618
vt 0.777427 0.306146
vt 0.777427 0.177854
vt 0.828683 0.220618
vt 0.828683 0.177854
vt 0.777427 0.135090
vt 0.828683 0.220618
vt 0.777427 0.306146
vt 0.777427 0.177854
vt 0.828683 0.220618
vt 0.828683 0.177854
vt 0.777427 0.135090
vt 0.777427 0.306146
vt 0.777427 0.306146
vt 0.726171 0.220618
vt 0.828683 0.220618
vt 0.828683 0.177854
vt 0.726171 0.177854
vt 0.777427 0.306146
vt 0.777427 0.306146
vt 0.726171 0.220618
vt 0.828683 0.220618
vt 0.828683 0.177854
vt 0.726171 0.177854
vt 0.828683 0.220618
vt 0.777427 0.306146
vt 0.777427 0.177854
vt 0.828683 0.220618
vt 0.828683 0.177854
vt 0.777427 0.135090
vt 0.828683 0.220618
vt 0.777427 0.306146
vt 0.777427 0.177854
vt 0.828683 0.220618
vt 0.828683 0.177854
vt 0.777427 0.135090
vt 0.777427 0.306146
vt 0.777427 0.306146
vt 0.726171 0.220618
vt 0.828683 0.220618
vt 0.828683 0.177854
vt 0.726171 0.177854
vt 0.777427 0.306146
vt 0.777427 0.306146
vt 0.726171 0.220618
vt 0.828683 0.220618
vt 0.828683 0.177854
vt 0.726171 0.177854
vt 0.828683 0.220618
vt 0.777427 0.306146
vt 0.777427 0.177854
vt 0.828683 0.220618
vt 0.828683 0.177854
vt 0.777427 0.135090
vt 0.828683 0.220618
vt 0.777427 0.306146
vt 0.777427 0.177854
vt 0.828683 0.220618
vt 0.828683 0.177854
vt 0.777427 0.135090
vt 0.777427 0.306146
vt 0.777427 0.306146
vt 0.726171 0.220618
vt 0.828683 0.220618
vt 0.828683 0.177854
vt 0.726171 0.177854
vt 0.777427 0.306146
vt 0.777427 0.306146
vt 0.726171 0.220618
vt 0.828683 0.220618
vt 0.828683 0.177854
vt 0.726171 0.177854
vt 0.828683 0.220618
vt 0.777427 0.306146
vt 0.777427 0.177854
vt 0.828683 0.220618
vt 0.828683 0.177854
vt 0.777427 0.135090
vt 0.828683 0.220618
vt 0.777427 0.306146
vt 0.777427 0.177854
vt 0.828683 0.220618
vt 0.828683 0.177854
vt 0.777427 0.135090
vt 0.777427 0.306146
vt 0.777427 0.306146
vt 0.726171 0.220618
vt 0.828683 0.220618
vt 0.828683 0.177854
vt 0.726171 0.177854
vt 0.777427 0.306146
vt 0.777427 0.306146
vt 0.726171 0.220618
vt 0.828683 0.220618
vt 0.828683 0.177854
vt 0.726171 0.177854
vt 0.828683 0.220618
vt 0.777427 0.306146
vt 0.777427 0.177854
vt 0.828683 0.220618
vt 0.828683 0.177854
vt 0.777427 0.135090
vt 0.828683 0.220618
vt 0.777427 0.306146
vt 0.777427 0.177854
vt 0.828683 0.220618
vt 0.828683 0.177854
vt 0.777427 0.135090
vt 0.777427 0.306146
vt 0.777427 0.306146
vt 0.726171 0.220618
vt 0.828683 0.220618
vt 0.828683 0.177854
vt 0.726171 0.177854
vt 0.777427 0.306146
vt 0.777427 0.306146
vt 0.726171 0.220618
vt 0.828683 0.220618
vt 0.828683 0.177854
vt 0.726171 0.177854
vt 0.828683 0.220618
vt 0.777427 0.306146
vt 0.777427 0.177854
vt 0.828683 0.220618
vt 0.828683 0.177854
vt 0.777427 0.135090
vt 0.828683 0.220618
vt 0.777427 0.306146
vt 0.777427 0.177854
vt 0.828683 0.220618
vt 0.828683 0.177854
vt 0.777427 0.135090
vt 0.777427 0.306146
vt 0.777427 0.306146
vt 0.726171 0.220618
vt 0.828683 0.220618
vt 0.828683 0.177854
vt 0.726171 0.177854
vt 0.777427 0.306146
vt 0.777427 0.306146
vt 0.726171 0.220618
vt 0.828683 0.220618
vt 0.828683 0.177854
vt 0.726171 0.177854
vt 0.828683 0.220618
vt 0.777427 0.306146
vt 0.777427 0.177854
vt 0.828683 0.220618
vt 0.828683 0.177854
vt 0.777427 0.135090
vt 0.828683 0.220618
vt 0.777427 0.306146
vt 0.777427 0.177854
vt 0.828683 0.220618
vt 0.828683 0.177854
vt 0.777427 0.135090
vt 0.777427 0.306146
vt 0.777427 0.306146
vt 0.726171 0.220618
vt 0.828683 0.220618
vt 0.828683 0.177854
vt 0.726171 0.177854
vt 0.777427 0.306146
vt 0.777427 0.306146
vt 0.726171 0.220618
vt 0.828683 0.220618
vt 0.828683 0.177854
vt 0.726171 0.177854
vt 0.828683 0.220618
vt 0.777427 0.306146
vt 0.777427 0.177854
vt 0.828683 0.220618
vt 0.828683 0.177854
vt 0.777427 0.135090
vt 0.828683 0.220618
vt 0.777427 0.306146
vt 0.777427 0.177854
vt 0.828683 0.220618
vt 0.828683 0.177854
vt 0.777427 0.135090
vt 0.777427 0.306146
vt 0.777427 0.306146
vt 0.726171 0.220618
vt 0.828683 0.220618
vt 0.828683 0.177854
vt 0.726171 0.177854
vt 0.777427 0.306146
vt 0.777427 0.306146
vt 0.726171 0.220618
vt 0.828683 0.220618
vt 0.828683 0.177854
vt 0.726171 0.177854
vt 0.828683 0.220618
vt 0.777427 0.306146
vt 0.777427 0.177854
vt 0.828683 0.220618
vt 0.828683 0.177854
vt 0.777427 0.135090
vt 0.828683 0.220618
vt 0.777427 0.306146
vt 0.777427 0.177854
vt 0.828683 0.220618
vt 0.828683 0.177854
vt 0.777427 0.135090
vt 0.777427 0.306146
vt 0.777427 0.306146
vt 0.726171 0.220618
vt 0.828683 0.220618
vt 0.828683 0.177854
vt 0.726171 0.177854
vt 0.777427 0.306146
vt 0.777427 0.306146
vt 0.726171 0.220618
vt 0.828683 0.220618
vt 0.828683 0.177854
vt 0.726171 0.177854
vt 0.828683 0.220618
vt 0.777427 0.306146
vt 0.777427 0.177854
vt 0.828683 0.220618
vt 0.828683 0.177854
vt 0.777427 0.135090
vt 0.828683 0.220618
vt 0.777427 0.306146
vt 0.777427 0.177854
vt 0.828683 0.220618
vt 0.828683 0.177854
vt 0.777427 0.135090
vt 0.777427 0.306146
vt 0.777427 0.306146
vt 0.726171 0.220618
vt 0.828683 0.220618
vt 0.828683 0.177854
vt 0.726171 0.177854
vt 0.777427 0.306146
vt 0.777427 0.306146
vt 0.726171 0.220618
vt 0.828683 0.220618
vt 0.828683 0.177854
vt 0.726171 0.177854
vt 0.828683 0.220618
vt 0.777427 0.306146
vt 0.777427 0.177854
vt 0.828683 0.220618
vt 0.828683 0.177854
vt 0.777427 0.135090
vt 0.828683 0.220618
vt 0.777427 0.306146
vt 0.777427 0.177854
vt 0.828683 0.220618
vt 0.828683 0.177854
vt 0.777427 0.135090
vt 0.777427 0.306146
vt 0.777427 0.306146
vt 0.726171 0.220618
vt 0.828683 0.220618
vt 0.828683 0.177854
vt 0.726171 0.177854
vt 0.777427 0.306146
vt 0.777427 0.306146
vt 0.726171 0.220618
vt 0.828683 0.220618
vt 0.828683 0.177854
vt 0.726171 0.177854
vt 0.828683 0.220618
vt 0.777427 0.306146
vt 0.777427 0.177854
vt 0.828683 0.220618
vt 0.828683 0.177854
vt 0.777427 0.135090
vt 0.828683 0.220618
vt 0.777427 0.306146
vt 0.777427 0.177854
vt 0.828683 0.220618
vt 0.828683 0.177854
vt 0.777427 0.135090
vt 0.777427 0.306146
vt 0.777427 0.306146
vt 0.726171 0.220618
vt 0.828683 0.220618
vt 0.828683 0.177854
vt 0.726171 0.177854
vt 0.777427 0.306146
vt 0.777427 0.306146
vt 0.726171 0.220618
vt 0.828683 0.220618
vt 0.828683 0.177854
vt 0.726171 0.177854
vt 0.828683 0.220618
vt 0.777427 0.306146
vt 0.777427 0.177854
vt 0.828683 0.220618
vt 0.828683 0.177854
vt 0.777427 0.135090
vt 0.828683 0.220618
vt 0.777427 0.306146
vt 0.777427 0.177854
vt 0.828683 0.220618
vt 0.828683 0.177854
vt 0.777427 0.135090
vt 0.777427 0.306146
vt 0.777427 0.306146
vt 0.726171 0.220618
vt 0.828683 0.220618
vt 0.828683 0.177854
vt 0.726171 0.177854
vt 0.777427 0.306146
vt 0.777427 0.306146
vt 0.726171 0.220618
vt 0.828683 0.220618
vt 0.828683 0.177854
vt 0.726171 0.177854
vt 0.828683 0.220618
vt 0.777427 0.306146
vt 0.777427 0.177854
vt 0.828683 0.220618
vt 0.828683 0.177854
vt 0.777427 0.135090
vt 0.828683 0.220618
vt 0.777427 0.306146
vt 0.777427 0.177854
vt 0.828683 0.220618
vt 0.828683 0.177854
vt 0.777427 0.135090
vt 0.777427 0.306146
vt 0.777427 0.306146
vt 0.726171 0.220618
vt 0.828683 0.220618
vt 0.828683 0.177854
vt 0.726171 0.177854
vt 0.777427 0.306146
vt 0.777427 0.306146
vt 0.726171 0.220618
vt 0.828683 0.220618
vt 0.828683 0.177854
vt 0.726171 0.177854
vt 0.828683 0.220618
vt 0.777427 0.306146
vt 0.777427 0.177854
vt 0.828683 0.220618
vt 0.828683 0.177854
vt 0.777427 0.135090
vt 0.828683 0.220618
vt 0.777427 0.306146
vt 0.777427 0.177854
vt 0.828683 0.220618
vt 0.828683 0.177854
vt 0.777427 0.135090
vt 0.777427 0.306146
vt 0.777427 0.306146
vt 0.726171 0.220618
vt 0.828683 0.220618
vt 0.828683 0.177854
vt 0.726171 0.177854
vt 0.777427 0.306146
vt 0.777427 0.306146
vt 0.726171 0.220618
vt 0.828683 0.220618
vt 0.828683 0.177854
vt 0.726171 0.177854
vt 0.828683 0.220618
vt 0.777427 0.306146
vt 0.777427 0.177854
vt 0.828683 0.220618
vt 0.828683 0.177854
vt 0.777427 0.135090
vt 0.828683 0.220618
vt 0.777427 0.306146
vt 0.777427 0.177854
vt 0.828683 0.220618
vt 0.828683 0.177854
vt 0.777427 0.135090
vt 0.777427 0.306146
vt 0.777427 0.306146
vt 0.726171 0.220618
vt 0.828683 0.220618
vt 0.828683 0.177854
vt 0.726171 0.177854
vt 0.777427 0.306146
vt 0.777427 0.306146
vt 0.726171 0.220618
vt 0.828683 0.220618
vt 0.828683 0.177854
vt 0.726171 0.177854
vt 0.828683 0.220618
vt 0.777427 0.306146
vt 0.777427 0.177854
vt 0.828683 0.220618
vt 0.828683 0.177854
vt 0.777427 0.135090
vt 0.828683 0.220618
vt 0.777427 0.306146
vt 0.777427 0.177854
vt 0.828683 0.220618
vt 0.828683 0.177854
vt 0.777427 0.135090
vt 0.777427 0.306146
vt 0.777427 0.306146
vt 0.726171 0.220618
vt 0.828683 0.220618
vt 0.828683 0.177854
vt 0.726171 0.177854
vt 0.777427 0.306146
vt 0.777427 0.306146
vt 0.726171 0.220618
vt 0.828683 0.220618
vt 0.828683 0.177854
vt 0.726171 0.177854
vt 0.828683 0.220618
vt 0.777427 0.306146
vt 0.777427 0.177854
vt 0.828683 0.220618
vt 0.828683 0.177854
vt 0.777427 0.135090
vt 0.828683 0.220618
vt 0.777427 0.306146
vt 0.777427 0.177854
vt 0.828683 0.220618
vt 0.828683 0.177854
vt 0.777427 0.135090
vt 0.777427 0.306146
vt 0.777427 0.306146
vt 0.726171 0.220618
vt 0.828683 0.220618
vt 0.828683 0.177854
vt 0.726171 0.177854
vt 0.777427 0.306146
vt 0.777427 0.306146
vt 0.726171 0.220618
vt 0.828683 0.220618
vt 0.828683 0.177854
vt 0.726171 0.177854
vt 0.828683 0.220618
vt 0.777427 0.306146
vt 0.777427 0.177854
vt 0.828683 0.220618
vt 0.828683 0.177854
vt 0.777427 0.135090
vt 0.828683 0.220618
vt 0.777427 0.306146
vt 0.777427 0.177854
vt 0.828683 0.220618
vt 0.828683 0.177854
vt 0.777427 0.135090
vt 0.777427 0.306146
vt 0.777427 0.306146
vt 0.726171 0.220618
vt 0.828683 0.220618
vt 0.828683 0.177854
vt 0.726171 0.177854
vt 0.777427 0.306146
vt 0.777427 0.306146
vt 0.726171 0.220618
vt 0.828683 0.220618
vt 0.828683 0.177854
vt 0.726171 0.177854
vt 0.828683 0.220618
vt 0.777427 0.306146
vt 0.777427 0.177854
vt 0.828683 0.220618
vt 0.828683 0.177854
vt 0.777427 0.135090
vt 0.828683 0.220618
vt 0.777427 0.306146
vt 0.777427 0.177854
vt 0.828683 0.220618
vt 0.828683 0.177854
vt 0.777427 0.135090
vt 0.777427 0.306146
vt 0.777427 0.306146
vt 0.726171 0.220618
vt 0.828683 0.220618
vt 0.828683 0.177854
vt 0.726171 0.177854
vt 0.777427 0.306146
vt 0.777427 0.306146
vt 0.726171 0.220618
vt 0.828683 0.220618
vt 0.828683 0.177854
vt 0.726171 0.177854
vt 0.828683 0.220618
vt 0.777427 0.306146
vt 0.777427 0.177854
vt 0.828683 0.220618
vt 0.828683 0.177854
vt 0.777427 0.135090
vt 0.828683 0.220618
vt 0.777427 0.306146
vt 0.777427 0.177854
vt 0.828683 0.220618
vt 0.828683 0.177854
vt 0.777427 0.135090
vt 0.777427 0.306146
vt 0.777427 0.306146
vt 0.726171 0.220618
vt 0.828683 0.220618
vt 0.828683 0.177854
vt 0.726171 0.177854
vt 0.777427 0.306146
vt 0.777427 0.306146
vt 0.726171 0.220618
vt 0.828683 0.220618
vt 0.828683 0.177854
vt 0.726171 0.177854
vt 0.828683 0.220618
vt 0.777427 0.306146
vt 0.777427 0.177854
vt 0.828683 0.220618
vt 0.828683 0.177854
vt 0.777427 0.135090
vt 0.828683 0.220618
vt 0.777427 0.306146
vt 0.777427 0.177854
vt 0.828683 0.220618
vt 0.828683 0.177854
vt 0.777427 0.135090
vt 0.777427 0.306146
vt 0.777427 0.306146
vt 0.726171 0.220618
vt 0.828683 0.220618
vt 0.828683 0.177854
vt 0.726171 0.177854
vt 0.777427 0.306146
vt 0.777427 0.306146
vt 0.726171 0.220618
vt 0.828683 0.220618
vt 0.828683 0.177854
vt 0.726171 0.177854
vt 0.828683 0.220618
vt 0.777427 0.306146
vt 0.777427 0.177854
vt 0.828683 0.220618
vt 0.828683 0.177854
vt 0.777427 0.135090
vt 0.828683 0.220618
vt 0.777427 0.306146
vt 0.777427 0.177854
vt 0.828683 0.220618
vt 0.828683 0.177854
vt 0.777427 0.135090
vt 0.777427 0.306146
vt 0.777427 0.306146
vt 0.726171 0.220618
vt 0.828683 0.220618
vt 0.828683 0.177854
vt 0.726171 0.177854
vt 0.777427 0.306146
vt 0.777427 0.306146
vt 0.726171 0.220618
vt 0.828683 0.220618
vt 0.828683 0.177854
vt 0.726171 0.177854
vt 0.828683 0.220618
vt 0.777427 0.306146
vt 0.777427 0.177854
vt 0.828683 0.220618
vt 0.828683 0.177854
vt 0.777427 0.135090
vt 0.828683 0.220618
vt 0.777427 0.306146
vt 0.777427 0.177854
vt 0.828683 0.220618
vt 0.828683 0.177854
vt 0.777427 0.135090
vt 0.777427 0.306146
vt 0.777427 0.306146
vt 0.726171 0.220618
vt 0.828683 0.220618
vt 0.828683 0.177854
vt 0.726171 0.177854
vt 0.777427 0.306146
vt 0.777427 0.306146
vt 0.726171 0.220618
vt 0.828683 0.220618
vt 0.828683 0.177854
vt 0.726171 0.177854
vt 0.828683 0.220618
vt 0.777427 0.306146
vt 0.777427 0.177854
vt 0.828683 0.220618
vt 0.828683 0.177854
vt 0.777427 0.135090
vt 0.828683 0.220618
vt 0.777427 0.306146
vt 0.777427 0.177854
vt 0.828683 0.220618
vt 0.828683 0.177854
vt 0.777427 0.135090
vt 0.777427 0.306146
vt 0.777427 0.306146
vt 0.726171 0.220618
vt 0.828683 0.220618
vt 0.828683 0.177854
vt 0.726171 0.177854
vt 0.777427 0.306146
vt 0.777427 0.306146
vt 0.726171 0.220618
vt 0.828683 0.220618
vt 0.828683 0.177854
vt 0.726171 0.177854
vt 0.828683 0.220618
vt 0.777427 0.306146
vt 0.777427 0.177854
vt 0.828683 0.220618
vt 0.828683 0.177854
vt 0.777427 0.135090
vt 0.828683 0.220618
vt 0.777427 0.306146
vt 0.777427 0.177854
vt 0.828683 0.220618
vt 0.828683 0.177854
vt 0.777427 0.135090
vt 0.777427 0.306146
vt 0.777427 0.306146
vt 0.726171 0.220618
vt 0.828683 0.220618
vt 0.828683 0.177854
vt 0.726171 0.177854
vt 0.777427 0.306146
vt 0.777427 0.306146
vt 0.726171 0.220618
vt 0.828683 0.220618
vt 0.828683 0.177854
vt 0.726171 0.177854
vt 0.828683 0.220618
vt 0.777427 0.306146
vt 0.777427 0.177854
vt 0.828683 0.220618
vt 0.828683 0.177854
vt 0.777427 0.135090
vt 0.828683 0.220618
vt 0.777427 0.306146
vt 0.777427 0.177854
vt 0.828683 0.220618
vt 0.828683 0.177854
vt 0.777427 0.135090
vt 0.777427 0.306146
vt 0.777427 0.306146
vt 0.726171 0.220618
vt 0.828683 0.220618
vt 0.828683 0.177854
vt 0.726171 0.177854
vt 0.777427 0.306146
vt 0.777427 0.306146
vt 0.726171 0.220618
vt 0.828683 0.220618
vt 0.828683 0.177854
vt 0.726171 0.177854
vt 0.828683 0.220618
vt 0.777427 0.306146
vt 0.777427 0.177854
vt 0.828683 0.220618
vt 0.828683 0.177854
vt 0.777427 0.135090
vt 0.828683 0.220618
vt 0.777427 0.306146
vt 0.777427 0.177854
vt 0.828683 0.220618
vt 0.828683 0.177854
vt 0.777427 0.135090
vt 0.777427 0.306146
vt 0.777427 0.306146
vt 0.726171 0.220618
vt 0.828683 0.220618
vt 0.828683 0.177854
vt 0.726171 0.177854
vt 0.777427 0.306146
vt 0.777427 0.306146
vt 0.726171 0.220618
vt 0.828683 0.220618
vt 0.828683 0.177854
vt 0.726171 0.177854
vt 0.828683 0.220618
vt 0.777427 0.306146
vt 0.777427 0.177854
vt 0.828683 0.220618
vt 0.828683 0.177854
vt 0.777427 0.135090
vt 0.828683 0.220618
vt 0.777427 0.306146
vt 0.777427 0.177854
vt 0.828683 0.220618
vt 0.828683 0.177854
vt 0.777427 0.135090
vt 0.777427 0.306146
vt 0.777427 0.306146
vt 0.726171 0.220618
vt 0.828683 0.220618
vt 0.828683 0.177854
vt 0.726171 0.177854
vt 0.777427 0.306146
vt 0.777427 0.306146
vt 0.726171 0.220618
vt 0.828683 0.220618
vt 0.828683 0.177854
vt 0.726171 0.177854
vt 0.828683 0.220618
vt 0.777427 0.306146
vt 0.777427 0.177854
vt 0.828683 0.220618
vt 0.828683 0.177854
vt 0.777427 0.135090
vt 0.828683 0.220618
vt 0.777427 0.306146
vt 0.777427 0.177854
vt 0.828683 0.220618
vt 0.828683 0.177854
vt 0.777427 0.135090
vt 0.777427 0.306146
vt 0.777427 0.306146
vt 0.726171 0.220618
vt 0.828683 0.220618
vt 0.828683 0.177854
vt 0.726171 0.177854
vt 0.777427 0.306146
vt 0.777427 0.306146
vt 0.726171 0.220618
vt 0.828683 0.220618
vt 0.828683 0.177854
vt 0.726171 0.177854
vt 0.828683 0.220618
vt 0.777427 0.306146
vt 0.777427 0.177854
vt 0.828683 0.220618
vt 0.828683 0.177854
vt 0.777427 0.135090
vt 0.828683 0.220618
vt 0.777427 0.306146
vt 0.777427 0.177854
vt 0.828683 0.220618
vt 0.828683 0.177854
vt 0.777427 0.135090
vt 0.777427 0.306146
vt 0.777427 0.306146
vt 0.726171 0.220618
vt 0.828683 0.220618
vt 0.828683 0.177854
vt 0.726171 0.177854
vt 0.777427 0.306146
vt 0.777427 0.306146
vt 0.726171 0.220618
vt 0.828683 0.220618
vt 0.828683 0.177854
vt 0.726171 0.177854
vt 0.828683 0.220618
vt 0.777427 0.306146
vt 0.777427 0.177854
vt 0.828683 0.220618
vt 0.828683 0.177854
vt 0.777427 0.135090
vt 0.828683 0.220618
vt 0.777427 0.306146
vt 0.777427 0.177854
vt 0.828683 0.220618
vt 0.828683 0.177854
vt 0.777427 0.135090
vt 0.777427 0.306146
vt 0.777427 0.306146
vt 0.726171 0.220618
vt 0.828683 0.220618
vt 0.828683 0.177854
vt 0.726171 0.177854
vt 0.777427 0.306146
vt 0.777427 0.306146
vt 0.726171 0.220618
vt 0.828683 0.220618
vt 0.828683 0.177854
vt 0.726171 0.177854
vt 0.828683 0.220618
vt 0.777427 0.306146
vt 0.777427 0.177854
vt 0.828683 0.220618
vt 0.828683 0.177854
vt 0.777427 0.135090
vt 0.828683 0.220618
vt 0.777427 0.306146
vt 0.777427 0.177854
vt 0.828683 0.220618
vt 0.828683 0.177854
vt 0.777427 0.135090
vt 0.777427 0.306146
vt 0.777427 0.306146
vt 0.726171 0.220618
vt 0.828683 0.220618
vt 0.828683 0.177854
vt 0.726171 0.177854
vt 0.777427 0.306146
vt 0.777427 0.306146
vt 0.726171 0.220618
vt 0.828683 0.220618
vt 0.828683 0.177854
vt 0.726171 0.177854
vt 0.828683 0.220618
vt 0.777427 0.306146
vt 0.777427 0.177854
vt 0.828683 0.220618
vt 0.828683 0.177854
vt 0.777427 0.135090
vt 0.828683 0.220618
vt 0.777427 0.306146
vt 0.777427 0.177854
vt 0.828683 0.220618
vt 0.828683 0.177854
vt 0.777427 0.135090
vt 0.777427 0.306146
vt 0.777427 0.306146
vt 0.726171 0.220618
vt 0.828683 0.220618
vt 0.828683 0.177854
vt 0.726171 0.177854
vt 0.777427 0.306146
vt 0.777427 0.306146
vt 0.726171 0.220618
vt 0.828683 0.220618
vt 0.828683 0.177854
vt 0.726171 0.177854
vt 0.828683 0.220618
vt 0.777427 0.306146
vt 0.777427 0.177854
vt 0.828683 0.220618
vt 0.828683 0.177854
vt 0.777427 0.135090
vt 0.828683 0.220618
vt 0.777427 0.306146
vt 0.777427 0.177854
vt 0.828683 0.220618
vt 0.828683 0.177854
vt 0.777427 0.135090
vt 0.777427 0.306146
vt 0.777427 0.306146
vt 0.726171 0.220618
vt 0.828683 0.220618
vt 0.828683 0.177854
vt 0.726171 0.177854
vt 0.777427 0.306146
vt 0.777427 0.306146
vt 0.726171 0.220618
vt 0.828683 0.220618
vt 0.828683 0.177854
vt 0.726171 0.177854
vt 0.828683 0.220618
vt 0.777427 0.306146
vt 0.777427 0.177854
vt 0.828683 0.220618
vt 0.828683 0.177854
vt 0.777427 0.135090
vt 0.828683 0.220618
vt 0.777427 0.306146
vt 0.777427 0.177854
vt 0.828683 0.220618
vt 0.828683 0.177854
vt 0.777427 0.135090
vt 0.777427 0.306146
vt 0.777427 0.306146
vt 0.726171 0.220618
vt 0.828683 0.220618
vt 0.828683 0.177854
vt 0.726171 0.177854
vt 0.777427 0.306146
vt 0.777427 0.306146
vt 0.726171 0.220618
vt 0.828683 0.220618
vt 0.828683 0.177854
vt 0.726171 0.177854
vt 0.828683 0.220618
vt 0.777427 0.306146
vt 0.777427 0.177854
vt 0.828683 0.220618
vt 0.828683 0.177854
vt 0.777427 0.135090
vt 0.828683 0.220618
vt 0.777427 0.306146
vt 0.777427 0.177854
vt 0.828683 0.220618
vt 0.828683 0.177854
vt 0.777427 0.135090
vt 0.777427 0.306146
vt 0.777427 0.306146
vt 0.726171 0.220618
vt 0.828683 0.220618
vt 0.828683 0.177854
vt 0.726171 0.177854
vt 0.777427 0.306146
vt 0.777427 0.306146
vt 0.726171 0.220618
vt 0.828683 0.220618
vt 0.828683 0.177854
vt 0.726171 0.177854
vt 0.828683 0.220618
vt 0.777427 0.306146
vt 0.777427 0.177854
vt 0.828683 0.220618
vt 0.828683 0.177854
vt 0.777427 0.135090
vt 0.828683 0.220618
vt 0.777427 0.306146
vt 0.777427 0.177854
vt 0.828683 0.220618
vt 0.828683 0.177854
vt 0.777427 0.135090
vt 0.777427 0.306146
vt 0.777427 0.306146
vt 0.726171 0.220618
vt 0.828683 0.220618
vt 0.828683 0.177854
vt 0.726171 0.177854
vt 0.777427 0.306146
vt 0.777427 0.306146
vt 0.726171 0.220618
vt 0.828683 0.220618
vt 0.828683 0.177854
vt 0.726171 0.177854
vt 0.828683 0.220618
vt 0.777427 0.306146
vt 0.777427 0.177854
vt 0.828683 0.220618
vt 0.828683 0.177854
vt 0.777427 0.135090
vt 0.828683 0.220618
vt 0.777427 0.306146
vt 0.777427 0.177854
vt 0.828683 0.220618
vt 0.828683 0.177854
vt 0.777427 0.135090
vt 0.777427 0.306146
vt 0.777427 0.306146
vt 0.726171 0.220618
vt 0.828683 0.220618
vt 0.828683 0.177854
vt 0.726171 0.177854
vt 0.777427 0.306146
vt 0.777427 0.306146
vt 0.726171 0.220618
vt 0.828683 0.220618
vt 0.828683 0.177854
vt 0.726171 0.177854
vt 0.828683 0.220618
vt 0.777427 0.306146
vt 0.777427 0.177854
vt 0.828683 0.220618
vt 0.828683 0.177854
vt 0.777427 0.135090
vt 0.828683 0.220618
vt 0.777427 0.306146
vt 0.777427 0.177854
vt 0.828683 0.220618
vt 0.828683 0.177854
vt 0.777427 0.135090
vt 0.777427 0.306146
vt 0.777427 0.306146
vt 0.726171 0.220618
vt 0.828683 0.220618
vt 0.828683 0.177854
vt 0.726171 0.177854
vt 0.777427 0.306146
vt 0.777427 0.306146
vt 0.726171 0.220618
vt 0.828683 0.220618
vt 0.828683 0.177854
vt 0.726171 0.177854
vt 0.828683 0.220618
vt 0.777427 0.306146
vt 0.777427 0.177854
vt 0.828683 0.220618
vt 0.828683 0.177854
vt 0.777427 0.135090
vt 0.828683 0.220618
vt 0.777427 0.306146
vt 0.777427 0.177854
vt 0.828683 0.220618
vt 0.828683 0.177854
vt 0.777427 0.135090
vt 0.777427 0.306146
vt 0.777427 0.306146
vt 0.726171 0.220618
vt 0.828683 0.220618
vt 0.828683 0.177854
vt 0.726171 0.177854
vt 0.777427 0.306146
vt 0.777427 0.306146
vt 0.726171 0.220618
vt 0.828683 0.220618
vt 0.828683 0.177854
vt 0.726171 0.177854
vt 0.828683 0.220618
vt 0.777427 0.306146
vt 0.777427 0.177854
vt 0.828683 0.220618
vt 0.828683 0.177854
vt 0.777427 0.135090
vt 0.828683 0.220618
vt 0.777427 0.306146
vt 0.777427 0.177854
vt 0.828683 0.220618
vt 0.828683 0.177854
vt 0.777427 0.135090
vt 0.777427 0.306146
vt 0.777427 0.306146
vt 0.726171 0.220618
vt 0.828683 0.220618
vt 0.828683 0.177854
vt 0.726171 0.177854
vt 0.777427 0.306146
vt 0.777427 0.306146
vt 0.726171 0.220618
vt 0.828683 0.220618
vt 0.828683 0.177854
vt 0.726171 0.177854
vt 0.828683 0.220618
vt 0.777427 0.306146
vt 0.777427 0.177854
vt 0.828683 0.220618
vt 0.828683 0.177854
vt 0.777427 0.135090
vt 0.828683 0.220618
vt 0.777427 0.306146
vt 0.777427 0.177854
vt 0.828683 0.220618
vt 0.828683 0.177854
vt 0.777427 0.135090
vt 0.777427 0.306146
vt 0.777427 0.306146
vt 0.726171 0.220618
vt 0.828683 0.220618
vt 0.828683 0.177854
vt 0.726171 0.177854
vt 0.777427 0.306146
vt 0.777427 0.306146
vt 0.726171 0.220618
vt 0.828683 0.220618
vt 0.828683 0.177854
vt 0.726171 0.177854
vt 0.828683 0.220618
vt 0.777427 0.306146
vt 0.777427 0.177854
vt 0.828683 0.220618
vt 0.828683 0.177854
vt 0.777427 0.135090
vt 0.828683 0.220618
vt 0.777427 0.306146
vt 0.777427 0.177854
vt 0.828683 0.220618
vt 0.828683 0.177854
vt 0.777427 0.135090
vt 0.777427 0.306146
vt 0.777427 0.306146
vt 0.726171 0.220618
vt 0.828683 0.220618
vt 0.828683 0.177854
vt 0.726171 0.177854
vt 0.777427 0.306146
vt 0.777427 0.306146
vt 0.726171 0.220618
vt 0.828683 0.220618
vt 0.828683 0.177854
vt 0.726171 0.177854
vt 0.828683 0.220618
vt 0.777427 0.306146
vt 0.777427 0.177854
vt 0.828683 0.220618
vt 0.828683 0.177854
vt 0.777427 0.135090
vt 0.777427 0.306146
vt 0.777427 0.306146
vt 0.726171 0.220618
vt 0.828683 0.220618
vt 0.828683 0.177854
vt 0.726171 0.177854
vt 0.828683 0.220618
vt 0.777427 0.306146
vt 0.777427 0.177854
vt 0.828683 0.220618
vt 0.828683 0.177854
vt 0.777427 0.135090
vt 0.777427 0.306146
vt 0.777427 0.306146
vt 0.726171 0.220618
vt 0.828683 0.220618
vt 0.828683 0.177854
vt 0.726171 0.177854
vt 0.828683 0.220618
vt 0.777427 0.306146
vt 0.777427 0.177854
vt 0.828683 0.220618
vt 0.828683 0.177854
vt 0.777427 0.135090
vt 0.777427 0.306146
vt 0.777427 0.306146
vt 0.726171 0.220618
vt 0.828683 0.220618
vt 0.828683 0.177854
vt 0.726171 0.177854
vt 0.828683 0.220618
vt 0.777427 0.306146
vt 0.777427 0.177854
vt 0.828683 0.220618
vt 0.828683 0.177854
vt 0.777427 0.135090
vt 0.777427 0.306146
vt 0.777427 0.306146
vt 0.726171 0.220618
vt 0.777427 0.220618
vt 0.828683 0.177854
vt 0.726171 0.177854
vt 0.828683 0.220618
vt 0.777427 0.220618
vt 0.777427 0.220618
vt 0.828683 0.220618
vt 0.828683 0.177854
vt 0.777427 0.135090
vt 0.777427 0.306146
vt 0.777427 0.306146
vt 0.726171 0.220618
vt 0.828683 0.220618
vt 0.828683 0.177854
vt 0.726171 0.177854
vt 0.828683 0.220618
vt 0.777427 0.306146
vt 0.777427 0.177854
vt 0.828683 0.220618
vt 0.828683 0.177854
vt 0.777427 0.135090
vt 0.777427 0.306146
vt 0.726171 0.306146
vt 0.726171 0.220618
vt 0.828683 0.220618
vt 0.828683 0.177854
vt 0.777427 0.177854
vt 0.828683 0.220618
vt 0.777427 0.306146
vt 0.777427 0.177854
vt 0.828683 0.177854
vt 0.828683 0.135090
vt 0.777427 0.135090
vt 0.777427 0.306146
vt 0.726171 0.306146
vt 0.777427 0.220618
vt 0.828683 0.220618
vt 0.828683 0.177854
vt 0.726171 0.177854
vt 0.828683 0.220618
vt 0.777427 0.306146
vt 0.777427 0.177854
vt 0.828683 0.220618
vt 0.828683 0.177854
vt 0.777427 0.135090
vn -0.999964 0.008473 -0.000000
vn -0.999837 0.018057 -0.000000
vn -0.999837 0.018057 -0.000000
vn 0.500950 -0.001759 -0.865474
vn 0.501734 0.002558 -0.865018
vn 0.500950 -0.001759 -0.865474
vn -0.500856 0.002278 0.865528
vn -0.498348 0.015722 0.866834
vn -0.499370 0.010301 0.866328
vn 0.999998 -0.002078 0.000000
vn 0.999994 -0.003510 0.000000
vn 0.999994 -0.003510 0.000000
vn 0.500998 -0.001493 0.865447
vn 0.501799 0.002920 0.864979
vn 0.501802 0.002933 0.864978
vn 0.501742 0.002606 0.865013
vn 0.500951 -0.001758 0.865474
vn 0.500951 -0.001758 0.865474
vn 0.501007 -0.001447 -0.865442
vn 0.501799 0.002920 -0.864979
vn -0.499540 0.009402 0.866240
vn -0.500951 0.001759 0.865474
vn -0.500951 0.001759 0.865474
vn -0.500855 0.002278 -0.865528
vn -0.498349 0.015722 -0.866834
vn -0.499539 0.009402 -0.866240
vn 0.501802 0.002932 -0.864978
vn 0.501810 0.002977 -0.864973
vn -0.999964 0.008473 -0.000000
vn -0.999994 0.003510 -0.000000
vn -0.999994 0.003510 -0.000000
vn 0.999998 -0.002101 0.000000
vn 0.999998 -0.002078 0.000000
vn -0.500950 0.001758 -0.865474
vn -0.500950 0.001758 -0.865474
vn -0.235799 -0.971802 0.000000
vn -0.235796 -0.971802 0.000000
vn -0.235796 -0.971802 0.000000
vn 0.235754 0.971813 -0.000000
vn 0.235697 0.971827 -0.000000
vn 0.235742 0.971816 -0.000000
vn -0.499370 0.010301 -0.866327
vn -0.498278 0.016110 -0.866868
vn -0.498277 0.016110 0.866868
vn -0.498277 0.016110 0.866868
vn -0.999743 0.022693 -0.000000
vn -0.999743 0.022693 -0.000000
vn 0.501810 0.002977 0.864973
vn 0.501810 0.002977 0.864973
vn 0.999998 -0.002101 0.000000
vn 0.999994 -0.003567 0.000000
vn 0.145999 0.806088 0.573504
vn 0.145999 0.806088 0.573504
vn 0.145999 0.806088 0.573504
vn 0.145999 0.806088 -0.573504
vn 0.145999 0.806088 -0.573504
vn 0.145999 0.806088 -0.573504
vn -0.045966 0.813958 -0.579103
vn -0.045966 0.813958 -0.579103
vn -0.045966 0.813958 -0.579103
vn -0.045966 0.813958 0.579103
vn -0.045966 0.813958 0.579103
vn -0.045966 0.813958 0.579103
vn -0.241757 0.790649 0.562519
vn -0.241757 0.790649 0.562519
vn -0.241757 0.790649 0.562519
vn -0.241757 0.790649 -0.562520
vn -0.241757 0.790649 -0.562520
vn -0.241757 0.790649 -0.562520
vn 0.145999 0.806088 0.573504
vn 0.145999 0.806088 0.573504
vn 0.145999 0.806088 0.573504
vn 0.145999 0.806088 -0.573504
vn 0.145999 0.806088 -0.573504
vn 0.145999 0.806088 -0.573504
vn -0.045966 0.813958 -0.579103
vn -0.045966 0.813958 -0.579103
vn -0.045966 0.813958 -0.579103
vn -0.045966 0.813958 0.579103
vn -0.045966 0.813958 0.579103
vn -0.045965 0.813958 0.579103
vn -0.241757 0.790649 0.562520
vn -0.241757 0.790649 0.562519
vn -0.241757 0.790649 0.562520
vn -0.241757 0.790649 -0.562520
vn -0.241757 0.790649 -0.562520
vn -0.241757 0.790649 -0.562520
vn -0.145999 0.806088 0.573504
vn -0.145999 0.806088 0.573504
vn -0.145999 0.806088 0.573504
vn -0.145999 0.806088 -0.573504
vn -0.145999 0.806088 -0.573504
vn -0.145999 0.806088 -0.573504
vn 0.045966 0.813958 -0.579103
vn 0.045966 0.813958 -0.579103
vn 0.045966 0.813958 -0.579103
vn 0.045966 0.813958 0.579103
vn 0.045966 0.813958 0.579103
vn 0.045966 0.813958 0.579103
vn 0.241757 0.790649 0.562519
vn 0.241757 0.790649 0.562520
vn 0.241757 0.790649 0.562520
vn 0.241757 0.790649 -0.562520
vn 0.241757 0.790649 -0.562520
vn 0.241757 0.790649 -0.562520
vn -0.145999 0.806088 0.573504
vn -0.145999 0.806088 0.573504
vn -0.145999 0.806088 0.573504
vn -0.145999 0.806088 -0.573504
vn -0.145999 0.806088 -0.573504
vn -0.145999 0.806088 -0.573504
vn 0.045966 0.813958 -0.579103
vn 0.045966 0.813958 -0.579103
vn 0.045966 0.813958 -0.579103
vn 0.045966 0.813958 0.579103
vn 0.045966 0.813958 0.579103
vn 0.045965 0.813958 0.579103
vn 0.241756 0.790649 0.562519
vn 0.241756 0.790649 0.562519
vn 0.241757 0.790649 0.562520
vn 0.241757 0.790649 -0.562520
vn 0.241757 0.790649 -0.562520
vn 0.241757 0.790649 -0.562520
vn 0.530282 0.759660 0.376454
vn 0.530282 0.759660 0.376454
vn 0.530281 0.759661 0.376454
vn -0.144383 0.823278 -0.548969
vn -0.144383 0.823278 -0.548968
vn -0.144384 0.823278 -0.548968
vn -0.301134 0.845964 -0.440072
vn -0.301134 0.845964 -0.440072
vn -0.301134 0.845964 -0.440072
vn 0.380117 0.781725 0.494385
vn 0.380118 0.781725 0.494385
vn 0.380117 0.781725 0.494385
vn 0.210906 0.774269 0.596680
vn 0.210906 0.774269 0.596680
vn 0.210906 0.774269 0.596680
vn -0.450838 0.836668 -0.311018
vn -0.450838 0.836668 -0.311018
vn -0.450838 0.836668 -0.311018
vn 0.530281 0.759660 0.376454
vn 0.530281 0.759660 0.376454
vn 0.530281 0.759661 0.376454
vn -0.144383 0.823278 -0.548968
vn -0.144383 0.823278 -0.548968
vn -0.144383 0.823278 -0.548968
vn -0.301134 0.845964 -0.440072
vn -0.301134 0.845964 -0.440072
vn -0.301134 0.845964 -0.440072
vn 0.380117 0.781725 0.494385
vn 0.380117 0.781725 0.494385
vn 0.380117 0.781725 0.494385
vn 0.210906 0.774269 0.596680
vn 0.210906 0.774269 0.596680
vn 0.210906 0.774269 0.596680
vn -0.450838 0.836668 -0.311018
vn -0.450838 0.836668 -0.311018
vn -0.450838 0.836668 -0.311018
vn 0.295733 0.781777 0.548968
vn 0.295733 0.781777 0.548968
vn 0.295733 0.781777 0.548968
vn -0.378932 0.845395 -0.376454
vn -0.378932 0.845395 -0.376454
vn -0.378932 0.845395 -0.376454
vn -0.227290 0.839001 -0.494386
vn -0.227290 0.839001 -0.494386
vn -0.227290 0.839001 -0.494385
vn 0.453961 0.774762 0.440072
vn 0.453961 0.774762 0.440072
vn 0.453961 0.774762 0.440072
vn 0.599288 0.737646 0.311018
vn 0.599288 0.737646 0.311018
vn 0.599289 0.737646 0.311018
vn -0.062455 0.800045 -0.596680
vn -0.062454 0.800045 -0.596680
vn -0.062455 0.800045 -0.596680
vn 0.295733 0.781777 0.548968
vn 0.295733 0.781777 0.548968
vn 0.295733 0.781777 0.548968
vn -0.378932 0.845395 -0.376454
vn -0.378932 0.845395 -0.376454
vn -0.378932 0.845395 -0.376454
vn -0.227290 0.839001 -0.494386
vn -0.227290 0.839001 -0.494386
vn -0.227290 0.839001 -0.494385
vn 0.453961 0.774762 0.440072
vn 0.453961 0.774762 0.440072
vn 0.453961 0.774762 0.440072
vn 0.599288 0.737646 0.311018
vn 0.599289 0.737646 0.311018
vn 0.599289 0.737646 0.311018
vn -0.062455 0.800045 -0.596680
vn -0.062455 0.800045 -0.596680
vn -0.062455 0.800045 -0.596680
vn 0.450334 0.759660 -0.469165
vn 0.450334 0.759660 -0.469165
vn 0.450334 0.759660 -0.469165
vn -0.564231 0.823278 0.062095
vn -0.564231 0.823278 0.062095
vn -0.564231 0.823279 0.062095
vn -0.479567 0.845964 0.233154
vn -0.479567 0.845964 0.233154
vn -0.479567 0.845964 0.233154
vn 0.544903 0.781725 -0.303293
vn 0.544903 0.781725 -0.303293
vn 0.544903 0.781725 -0.303293
vn 0.621206 0.774268 -0.120879
vn 0.621206 0.774269 -0.120879
vn 0.621206 0.774268 -0.120879
vn -0.373928 0.836668 0.400206
vn -0.373928 0.836668 0.400206
vn -0.373928 0.836668 0.400206
vn 0.450334 0.759660 -0.469165
vn 0.450334 0.759660 -0.469165
vn 0.450334 0.759660 -0.469165
vn -0.564231 0.823278 0.062095
vn -0.564231 0.823278 0.062095
vn -0.564231 0.823278 0.062095
vn -0.479567 0.845964 0.233154
vn -0.479567 0.845964 0.233154
vn -0.479567 0.845964 0.233154
vn 0.544904 0.781725 -0.303293
vn 0.544904 0.781725 -0.303293
vn 0.544904 0.781725 -0.303293
vn 0.621205 0.774269 -0.120879
vn 0.621206 0.774269 -0.120879
vn 0.621205 0.774269 -0.120879
vn -0.373927 0.836668 0.400206
vn -0.373927 0.836668 0.400206
vn -0.373928 0.836668 0.400206
vn 0.586486 0.781777 -0.211800
vn 0.586486 0.781777 -0.211800
vn 0.586486 0.781777 -0.211800
vn -0.428080 0.845395 0.319460
vn -0.428080 0.845395 0.319460
vn -0.428080 0.845395 0.319460
vn -0.522432 0.839001 0.152126
vn -0.522432 0.839001 0.152126
vn -0.522432 0.839001 0.152126
vn 0.502038 0.774762 -0.384320
vn 0.502038 0.774762 -0.384320
vn 0.502038 0.774762 -0.384320
vn 0.395755 0.737646 -0.547043
vn 0.395755 0.737646 -0.547043
vn 0.395756 0.737645 -0.547044
vn -0.599378 0.800045 -0.025959
vn -0.599378 0.800045 -0.025959
vn -0.599378 0.800045 -0.025959
vn 0.586485 0.781777 -0.211800
vn 0.586486 0.781777 -0.211800
vn 0.586486 0.781777 -0.211800
vn -0.428079 0.845395 0.319460
vn -0.428080 0.845395 0.319460
vn -0.428079 0.845396 0.319460
vn -0.522432 0.839001 0.152126
vn -0.522432 0.839001 0.152126
vn -0.522432 0.839001 0.152126
vn 0.502038 0.774762 -0.384320
vn 0.502038 0.774762 -0.384320
vn 0.502038 0.774762 -0.384320
vn 0.395755 0.737646 -0.547043
vn 0.395755 0.737646 -0.547043
vn 0.395755 0.737646 -0.547044
vn -0.599378 0.800045 -0.025959
vn -0.599378 0.800045 -0.025959
vn -0.599378 0.800045 -0.025959
vn 0.624777 0.776112 -0.085464
vn 0.624777 0.776112 -0.085464
vn 0.624777 0.776112 -0.085464
vn -0.519852 0.848234 -0.101257
vn -0.519852 0.848234 -0.101257
vn -0.519852 0.848234 -0.101257
vn -0.528368 0.844155 0.090719
vn -0.528368 0.844155 0.090719
vn -0.528369 0.844154 0.090719
vn 0.627436 0.771328 0.106666
vn 0.627436 0.771328 0.106666
vn 0.627436 0.771328 0.106666
vn 0.605961 0.736641 0.300285
vn 0.605961 0.736641 0.300285
vn 0.605961 0.736641 0.300285
vn -0.516745 0.807383 0.284794
vn -0.516745 0.807383 0.284794
vn -0.516745 0.807383 0.284794
vn 0.624777 0.776112 -0.085464
vn 0.624777 0.776112 -0.085464
vn 0.624777 0.776112 -0.085464
vn -0.519852 0.848234 -0.101257
vn -0.519852 0.848234 -0.101257
vn -0.519851 0.848234 -0.101257
vn -0.528368 0.844155 0.090719
vn -0.528368 0.844155 0.090719
vn -0.528368 0.844155 0.090719
vn 0.627436 0.771328 0.106667
vn 0.627436 0.771328 0.106667
vn 0.627435 0.771328 0.106667
vn 0.605961 0.736642 0.300284
vn 0.605961 0.736642 0.300285
vn 0.605961 0.736642 0.300284
vn -0.516745 0.807383 0.284794
vn -0.516745 0.807383 0.284794
vn -0.516745 0.807383 0.284794
vn 0.619581 0.757448 0.205892
vn 0.619581 0.757448 0.205892
vn 0.619581 0.757448 0.205892
vn -0.525048 0.829571 0.190099
vn -0.525048 0.829571 0.190099
vn -0.525048 0.829571 0.190099
vn -0.526732 0.850031 -0.001010
vn -0.526733 0.850030 -0.001010
vn -0.526732 0.850031 -0.001010
vn 0.629071 0.777204 0.014938
vn 0.629071 0.777204 0.014938
vn 0.629071 0.777204 0.014938
vn 0.614565 0.767546 -0.182163
vn 0.614565 0.767546 -0.182163
vn 0.614565 0.767546 -0.182163
vn -0.508141 0.838287 -0.197654
vn -0.508141 0.838287 -0.197654
vn -0.508142 0.838287 -0.197654
vn 0.619581 0.757448 0.205892
vn 0.619581 0.757448 0.205892
vn 0.619581 0.757448 0.205892
vn -0.525048 0.829571 0.190099
vn -0.525048 0.829571 0.190099
vn -0.525048 0.829571 0.190099
vn -0.526732 0.850031 -0.001010
vn -0.526732 0.850031 -0.001010
vn -0.526732 0.850031 -0.001010
vn 0.629071 0.777204 0.014938
vn 0.629071 0.777204 0.014938
vn 0.629071 0.777204 0.014938
vn 0.614564 0.767546 -0.182163
vn 0.614564 0.767546 -0.182163
vn 0.614564 0.767546 -0.182163
vn -0.508141 0.838287 -0.197654
vn -0.508141 0.838287 -0.197654
vn -0.508141 0.838287 -0.197654
vn -0.012717 0.806088 0.591659
vn -0.012717 0.806088 0.591659
vn -0.012717 0.806088 0.591659
vn 0.294078 0.806088 -0.513557
vn 0.294077 0.806088 -0.513557
vn 0.294077 0.806088 -0.513557
vn 0.110604 0.813958 -0.570298
vn 0.110604 0.813957 -0.570298
vn 0.110604 0.813958 -0.570298
vn -0.199187 0.813958 0.545708
vn -0.199186 0.813958 0.545708
vn -0.199187 0.813958 0.545708
vn -0.383408 0.790649 0.477361
vn -0.383408 0.790649 0.477361
vn -0.383408 0.790648 0.477361
vn -0.082489 0.790649 -0.606688
vn -0.082489 0.790649 -0.606688
vn -0.082489 0.790649 -0.606688
vn -0.012717 0.806088 0.591659
vn -0.012717 0.806088 0.591659
vn -0.012717 0.806088 0.591659
vn 0.294078 0.806088 -0.513557
vn 0.294077 0.806088 -0.513557
vn 0.294077 0.806088 -0.513557
vn 0.110604 0.813958 -0.570298
vn 0.110604 0.813958 -0.570298
vn 0.110604 0.813958 -0.570298
vn -0.199186 0.813958 0.545708
vn -0.199186 0.813958 0.545709
vn -0.199185 0.813958 0.545708
vn -0.383409 0.790649 0.477360
vn -0.383408 0.790649 0.477360
vn -0.383409 0.790649 0.477360
vn -0.082489 0.790649 -0.606688
vn -0.082489 0.790649 -0.606688
vn -0.082490 0.790648 -0.606688
vn -0.294078 0.806088 0.513557
vn -0.294078 0.806088 0.513557
vn -0.294078 0.806087 0.513557
vn 0.012718 0.806088 -0.591660
vn 0.012718 0.806088 -0.591660
vn 0.012718 0.806088 -0.591659
vn 0.199186 0.813958 -0.545709
vn 0.199186 0.813958 -0.545709
vn 0.199186 0.813958 -0.545709
vn -0.110604 0.813958 0.570298
vn -0.110604 0.813958 0.570298
vn -0.110604 0.813957 0.570298
vn 0.082489 0.790649 0.606688
vn 0.082489 0.790649 0.606688
vn 0.082489 0.790648 0.606688
vn 0.383408 0.790649 -0.477360
vn 0.383408 0.790649 -0.477361
vn 0.383408 0.790649 -0.477360
vn -0.294078 0.806088 0.513557
vn -0.294078 0.806088 0.513557
vn -0.294078 0.806088 0.513557
vn 0.012717 0.806088 -0.591659
vn 0.012717 0.806088 -0.591659
vn 0.012717 0.806088 -0.591659
vn 0.199186 0.813958 -0.545709
vn 0.199186 0.813958 -0.545709
vn 0.199187 0.813957 -0.545709
vn -0.110605 0.813958 0.570298
vn -0.110605 0.813958 0.570298
vn -0.110605 0.813958 0.570298
vn 0.082489 0.790649 0.606688
vn 0.082489 0.790649 0.606688
vn 0.082489 0.790649 0.606688
vn 0.383408 0.790649 -0.477360
vn 0.383408 0.790649 -0.477360
vn 0.383408 0.790649 -0.477360
vn 0.410269 0.759660 0.504575
vn 0.410269 0.759660 0.504575
vn 0.410269 0.759660 0.504575
vn 0.007712 0.823278 -0.567586
vn 0.007712 0.823278 -0.567586
vn 0.007712 0.823278 -0.567586
vn -0.172455 0.845964 -0.504584
vn -0.172454 0.845964 -0.504584
vn -0.172454 0.845964 -0.504584
vn 0.234032 0.781725 0.578044
vn 0.234032 0.781725 0.578044
vn 0.234032 0.781725 0.578044
vn 0.043625 0.774269 0.631351
vn 0.043625 0.774269 0.631351
vn 0.043625 0.774269 0.631351
vn -0.351222 0.836668 -0.420273
vn -0.351222 0.836668 -0.420274
vn -0.351222 0.836668 -0.420274
vn 0.410269 0.759660 0.504575
vn 0.410269 0.759660 0.504575
vn 0.410269 0.759660 0.504575
vn 0.007712 0.823278 -0.567586
vn 0.007712 0.823278 -0.567586
vn 0.007712 0.823278 -0.567586
vn -0.172455 0.845964 -0.504584
vn -0.172455 0.845964 -0.504584
vn -0.172455 0.845964 -0.504584
vn 0.234033 0.781725 0.578044
vn 0.234033 0.781725 0.578044
vn 0.234033 0.781725 0.578044
vn 0.043625 0.774269 0.631352
vn 0.043625 0.774269 0.631352
vn 0.043625 0.774268 0.631352
vn -0.351222 0.836668 -0.420274
vn -0.351222 0.836668 -0.420274
vn -0.351222 0.836668 -0.420274
vn 0.138123 0.781777 0.608068
vn 0.138123 0.781777 0.608068
vn 0.138123 0.781777 0.608068
vn -0.264434 0.845395 -0.464093
vn -0.264434 0.845395 -0.464093
vn -0.264434 0.845395 -0.464093
vn -0.086773 0.839001 -0.537167
vn -0.086773 0.839001 -0.537167
vn -0.086773 0.839001 -0.537167
vn 0.319713 0.774762 0.545461
vn 0.319713 0.774762 0.545461
vn 0.319714 0.774762 0.545461
vn 0.494264 0.737646 0.459980
vn 0.494264 0.737646 0.459980
vn 0.494264 0.737646 0.459981
vn 0.099418 0.800045 -0.591645
vn 0.099418 0.800045 -0.591645
vn 0.099418 0.800045 -0.591645
vn 0.138123 0.781777 0.608068
vn 0.138123 0.781777 0.608068
vn 0.138123 0.781777 0.608068
vn -0.264434 0.845395 -0.464093
vn -0.264434 0.845395 -0.464093
vn -0.264433 0.845395 -0.464093
vn -0.086774 0.839001 -0.537167
vn -0.086774 0.839001 -0.537167
vn -0.086774 0.839001 -0.537167
vn 0.319713 0.774762 0.545460
vn 0.319713 0.774762 0.545460
vn 0.319713 0.774762 0.545460
vn 0.494264 0.737646 0.459980
vn 0.494264 0.737646 0.459980
vn 0.494264 0.737646 0.459980
vn 0.099418 0.800045 -0.591645
vn 0.099418 0.800045 -0.591645
vn 0.099418 0.800045 -0.591645
vn 0.559415 0.759660 -0.331618
vn 0.559415 0.759660 -0.331618
vn 0.559416 0.759660 -0.331618
vn -0.560283 0.823278 -0.091085
vn -0.560283 0.823278 -0.091085
vn -0.560283 0.823278 -0.091085
vn -0.524457 0.845964 0.096387
vn -0.524457 0.845964 0.096387
vn -0.524457 0.845964 0.096387
vn 0.606173 0.781725 -0.146495
vn 0.606173 0.781725 -0.146495
vn 0.606173 0.781725 -0.146495
vn 0.630904 0.774269 0.049682
vn 0.630904 0.774269 0.049682
vn 0.630904 0.774269 0.049682
vn -0.467348 0.836668 0.285608
vn -0.467348 0.836668 0.285608
vn -0.467348 0.836668 0.285608
vn 0.559416 0.759660 -0.331618
vn 0.559416 0.759660 -0.331618
vn 0.559416 0.759660 -0.331618
vn -0.560282 0.823279 -0.091085
vn -0.560282 0.823278 -0.091085
vn -0.560282 0.823278 -0.091085
vn -0.524457 0.845964 0.096387
vn -0.524457 0.845964 0.096387
vn -0.524457 0.845964 0.096387
vn 0.606173 0.781725 -0.146495
vn 0.606173 0.781725 -0.146495
vn 0.606173 0.781725 -0.146495
vn 0.630904 0.774269 0.049682
vn 0.630904 0.774269 0.049682
vn 0.630904 0.774269 0.049682
vn -0.467348 0.836668 0.285609
vn -0.467348 0.836668 0.285608
vn -0.467348 0.836668 0.285608
vn 0.621768 0.781777 -0.047213
vn 0.621768 0.781777 -0.047213
vn 0.621768 0.781777 -0.047213
vn -0.497930 0.845395 0.193320
vn -0.497930 0.845395 0.193320
vn -0.497930 0.845395 0.193320
vn -0.544087 0.839001 0.006846
vn -0.544087 0.839001 0.006846
vn -0.544087 0.839001 0.006846
vn 0.586542 0.774762 -0.236035
vn 0.586542 0.774762 -0.236035
vn 0.586542 0.774762 -0.236035
vn 0.527656 0.737646 -0.421257
vn 0.527656 0.737646 -0.421257
vn 0.527656 0.737646 -0.421258
vn -0.570596 0.800045 -0.185331
vn -0.570596 0.800045 -0.185331
vn -0.570596 0.800045 -0.185331
vn 0.621768 0.781777 -0.047213
vn 0.621768 0.781777 -0.047213
vn 0.621768 0.781777 -0.047213
vn -0.497930 0.845395 0.193320
vn -0.497930 0.845395 0.193320
vn -0.497930 0.845396 0.193320
vn -0.544087 0.839001 0.006846
vn -0.544087 0.839001 0.006846
vn -0.544087 0.839001 0.006847
vn 0.586542 0.774762 -0.236035
vn 0.586542 0.774762 -0.236035
vn 0.586542 0.774762 -0.236035
vn 0.527656 0.737646 -0.421258
vn 0.527656 0.737646 -0.421258
vn 0.527656 0.737646 -0.421258
vn -0.570596 0.800045 -0.185332
vn -0.570596 0.800045 -0.185331
vn -0.570596 0.800045 -0.185332
vn 0.624873 0.776112 0.084762
vn 0.624873 0.776112 0.084762
vn 0.624873 0.776112 0.084762
vn -0.473827 0.848234 -0.236614
vn -0.473827 0.848234 -0.236614
vn -0.473827 0.848234 -0.236614
vn -0.533382 0.844155 -0.053911
vn -0.533382 0.844155 -0.053911
vn -0.533382 0.844154 -0.053911
vn 0.576044 0.771328 0.270603
vn 0.576044 0.771328 0.270603
vn 0.576045 0.771328 0.270603
vn 0.503564 0.736641 0.451423
vn 0.503564 0.736642 0.451423
vn 0.503564 0.736641 0.451423
vn -0.574093 0.807383 0.136202
vn -0.574093 0.807383 0.136202
vn -0.574093 0.807383 0.136202
vn 0.624873 0.776112 0.084762
vn 0.624873 0.776112 0.084762
vn 0.624872 0.776112 0.084762
vn -0.473827 0.848234 -0.236615
vn -0.473827 0.848234 -0.236614
vn -0.473827 0.848235 -0.236614
vn -0.533382 0.844155 -0.053911
vn -0.533382 0.844155 -0.053911
vn -0.533382 0.844155 -0.053911
vn 0.576044 0.771328 0.270603
vn 0.576044 0.771328 0.270603
vn 0.576044 0.771328 0.270603
vn 0.503564 0.736642 0.451423
vn 0.503564 0.736642 0.451423
vn 0.503564 0.736642 0.451422
vn -0.574092 0.807383 0.136202
vn -0.574092 0.807383 0.136202
vn -0.574092 0.807383 0.136202
vn 0.541936 0.757448 0.364112
vn 0.541936 0.757448 0.364112
vn 0.541936 0.757448 0.364112
vn -0.556764 0.829571 0.042736
vn -0.556764 0.829571 0.042736
vn -0.556764 0.829571 0.042736
vn -0.507271 0.850030 -0.141860
vn -0.507271 0.850031 -0.141860
vn -0.507271 0.850031 -0.141860
vn 0.602156 0.777204 0.182654
vn 0.602156 0.777204 0.182654
vn 0.602156 0.777204 0.182654
vn 0.640897 0.767546 -0.011146
vn 0.640897 0.767546 -0.011146
vn 0.640898 0.767546 -0.011146
vn -0.436760 0.838287 -0.326367
vn -0.436760 0.838287 -0.326367
vn -0.436760 0.838287 -0.326367
vn 0.541936 0.757448 0.364112
vn 0.541936 0.757448 0.364112
vn 0.541936 0.757448 0.364112
vn -0.556764 0.829571 0.042735
vn -0.556764 0.829571 0.042735
vn -0.556764 0.829571 0.042735
vn -0.507271 0.850030 -0.141860
vn -0.507271 0.850031 -0.141860
vn -0.507271 0.850030 -0.141861
vn 0.602156 0.777204 0.182654
vn 0.602155 0.777204 0.182654
vn 0.602155 0.777204 0.182654
vn 0.640897 0.767546 -0.011146
vn 0.640897 0.767546 -0.011146
vn 0.640897 0.767546 -0.011146
vn -0.436759 0.838288 -0.326367
vn -0.436759 0.838288 -0.326367
vn -0.436759 0.838288 -0.326367
vn -0.212670 0.806088 0.552263
vn -0.212670 0.806088 0.552263
vn -0.212670 0.806088 0.552263
vn 0.450852 0.806088 -0.383347
vn 0.450852 0.806088 -0.383347
vn 0.450852 0.806088 -0.383347
vn 0.297506 0.813958 -0.498962
vn 0.297506 0.813957 -0.498962
vn 0.297506 0.813957 -0.498963
vn -0.372494 0.813958 0.445781
vn -0.372494 0.813958 0.445781
vn -0.372495 0.813958 0.445781
vn -0.522607 0.790649 0.318993
vn -0.522607 0.790649 0.318993
vn -0.522607 0.790649 0.318993
vn 0.128207 0.790648 -0.598697
vn 0.128207 0.790649 -0.598697
vn 0.128207 0.790649 -0.598697
vn -0.212670 0.806088 0.552263
vn -0.212670 0.806088 0.552263
vn -0.212670 0.806088 0.552263
vn 0.450852 0.806088 -0.383347
vn 0.450852 0.806088 -0.383347
vn 0.450852 0.806088 -0.383347
vn 0.297506 0.813958 -0.498962
vn 0.297506 0.813958 -0.498962
vn 0.297507 0.813958 -0.498962
vn -0.372494 0.813958 0.445782
vn -0.372494 0.813958 0.445782
vn -0.372494 0.813958 0.445782
vn -0.522607 0.790649 0.318993
vn -0.522607 0.790649 0.318993
vn -0.522607 0.790649 0.318993
vn 0.128206 0.790649 -0.598697
vn 0.128206 0.790649 -0.598697
vn 0.128206 0.790649 -0.598697
vn -0.450852 0.806088 0.383347
vn -0.450852 0.806088 0.383347
vn -0.450853 0.806087 0.383347
vn 0.212670 0.806088 -0.552263
vn 0.212670 0.806088 -0.552263
vn 0.212670 0.806088 -0.552263
vn 0.372494 0.813958 -0.445782
vn 0.372494 0.813958 -0.445782
vn 0.372494 0.813958 -0.445782
vn -0.297506 0.813957 0.498962
vn -0.297506 0.813957 0.498962
vn -0.297506 0.813958 0.498962
vn -0.128207 0.790649 0.598697
vn -0.128207 0.790648 0.598697
vn -0.128207 0.790648 0.598697
vn 0.522607 0.790649 -0.318993
vn 0.522607 0.790649 -0.318993
vn 0.522607 0.790649 -0.318993
vn -0.450852 0.806088 0.383347
vn -0.450852 0.806088 0.383347
vn -0.450852 0.806088 0.383347
vn 0.212670 0.806088 -0.552263
vn 0.212670 0.806088 -0.552263
vn 0.212670 0.806088 -0.552263
vn 0.372494 0.813958 -0.445782
vn 0.372494 0.813958 -0.445782
vn 0.372494 0.813958 -0.445782
vn -0.297506 0.813958 0.498962
vn -0.297506 0.813958 0.498962
vn -0.297506 0.813958 0.498962
vn -0.128207 0.790649 0.598696
vn -0.128207 0.790649 0.598696
vn -0.128207 0.790649 0.598697
vn 0.522607 0.790649 -0.318993
vn 0.522607 0.790649 -0.318993
vn 0.522607 0.790648 -0.318993
vn 0.214777 0.759660 0.613830
vn 0.214777 0.759660 0.613830
vn 0.214777 0.759660 0.613830
vn 0.199794 0.823278 -0.531315
vn 0.199794 0.823278 -0.531315
vn 0.199794 0.823278 -0.531315
vn 0.008940 0.845964 -0.533165
vn 0.008940 0.845964 -0.533165
vn 0.008940 0.845964 -0.533165
vn 0.024068 0.781725 0.623159
vn 0.024068 0.781725 0.623159
vn 0.024069 0.781725 0.623159
vn -0.173133 0.774269 0.608714
vn -0.173133 0.774269 0.608714
vn -0.173132 0.774268 0.608715
vn -0.187828 0.836668 -0.514497
vn -0.187828 0.836668 -0.514497
vn -0.187829 0.836668 -0.514497
vn 0.214777 0.759660 0.613830
vn 0.214777 0.759660 0.613830
vn 0.214777 0.759660 0.613830
vn 0.199795 0.823278 -0.531314
vn 0.199795 0.823278 -0.531315
vn 0.199795 0.823278 -0.531315
vn 0.008939 0.845964 -0.533165
vn 0.008939 0.845964 -0.533165
vn 0.008939 0.845964 -0.533166
vn 0.024068 0.781725 0.623159
vn 0.024067 0.781725 0.623159
vn 0.024069 0.781725 0.623159
vn -0.173133 0.774269 0.608714
vn -0.173133 0.774269 0.608714
vn -0.173133 0.774268 0.608714
vn -0.187828 0.836668 -0.514497
vn -0.187828 0.836668 -0.514497
vn -0.187829 0.836668 -0.514496
vn -0.076340 0.781777 0.618867
vn -0.076340 0.781777 0.618867
vn -0.076340 0.781777 0.618867
vn -0.091322 0.845395 -0.526277
vn -0.091322 0.845395 -0.526277
vn -0.091322 0.845395 -0.526277
vn 0.100593 0.839001 -0.534751
vn 0.100593 0.839001 -0.534751
vn 0.100594 0.839001 -0.534751
vn 0.115721 0.774762 0.621572
vn 0.115722 0.774762 0.621572
vn 0.115722 0.774762 0.621572
vn 0.308919 0.737646 0.600373
vn 0.308919 0.737646 0.600373
vn 0.308920 0.737646 0.600373
vn 0.294224 0.800045 -0.522838
vn 0.294224 0.800045 -0.522838
vn 0.294225 0.800045 -0.522838
vn -0.076340 0.781777 0.618867
vn -0.076339 0.781777 0.618867
vn -0.076339 0.781777 0.618867
vn -0.091322 0.845395 -0.526277
vn -0.091322 0.845395 -0.526277
vn -0.091321 0.845395 -0.526277
vn 0.100593 0.839001 -0.534751
vn 0.100592 0.839001 -0.534751
vn 0.100593 0.839001 -0.534751
vn 0.115722 0.774762 0.621572
vn 0.115721 0.774762 0.621572
vn 0.115721 0.774762 0.621573
vn 0.308919 0.737646 0.600372
vn 0.308920 0.737646 0.600372
vn 0.308921 0.737646 0.600373
vn 0.294224 0.800045 -0.522838
vn 0.294224 0.800045 -0.522838
vn 0.294225 0.800045 -0.522838
vn 0.638738 0.759661 -0.122187
vn 0.638738 0.759660 -0.122187
vn 0.638738 0.759661 -0.122187
vn -0.496162 0.823278 -0.275746
vn -0.496162 0.823278 -0.275746
vn -0.496162 0.823278 -0.275746
vn -0.526056 0.845964 -0.087238
vn -0.526056 0.845964 -0.087238
vn -0.526056 0.845964 -0.087238
vn 0.619925 0.781725 0.067821
vn 0.619925 0.781725 0.067821
vn 0.619924 0.781725 0.067821
vn 0.576641 0.774268 0.260755
vn 0.576641 0.774268 0.260755
vn 0.576641 0.774268 0.260756
vn -0.536523 0.836668 0.110136
vn -0.536523 0.836668 0.110136
vn -0.536523 0.836668 0.110136
vn 0.638739 0.759660 -0.122186
vn 0.638739 0.759660 -0.122186
vn 0.638739 0.759660 -0.122186
vn -0.496162 0.823278 -0.275746
vn -0.496162 0.823278 -0.275746
vn -0.496162 0.823278 -0.275746
vn -0.526056 0.845964 -0.087238
vn -0.526056 0.845964 -0.087238
vn -0.526056 0.845964 -0.087238
vn 0.619925 0.781725 0.067821
vn 0.619925 0.781725 0.067821
vn 0.619924 0.781725 0.067821
vn 0.576641 0.774268 0.260755
vn 0.576641 0.774268 0.260755
vn 0.576642 0.774268 0.260755
vn -0.536523 0.836668 0.110137
vn -0.536523 0.836668 0.110137
vn -0.536523 0.836668 0.110136
vn 0.600916 0.781777 0.166506
vn 0.600916 0.781777 0.166506
vn 0.600916 0.781777 0.166507
vn -0.533984 0.845396 0.012946
vn -0.533984 0.845395 0.012946
vn -0.533984 0.845396 0.012946
vn -0.514148 0.839001 -0.178128
vn -0.514148 0.839001 -0.178128
vn -0.514148 0.839001 -0.178128
vn 0.631832 0.774762 -0.023069
vn 0.631832 0.774762 -0.023069
vn 0.631832 0.774762 -0.023069
vn 0.639270 0.737646 -0.217284
vn 0.639270 0.737646 -0.217284
vn 0.639270 0.737646 -0.217284
vn -0.473893 0.800045 -0.367903
vn -0.473894 0.800045 -0.367903
vn -0.473893 0.800045 -0.367903
vn 0.600916 0.781777 0.166506
vn 0.600916 0.781777 0.166506
vn 0.600916 0.781778 0.166506
vn -0.533984 0.845395 0.012946
vn -0.533985 0.845395 0.012946
vn -0.533984 0.845395 0.012946
vn -0.514148 0.839001 -0.178128
vn -0.514148 0.839001 -0.178128
vn -0.514148 0.839001 -0.178128
vn 0.631832 0.774762 -0.023069
vn 0.631833 0.774762 -0.023069
vn 0.631833 0.774761 -0.023069
vn 0.639270 0.737646 -0.217284
vn 0.639270 0.737646 -0.217285
vn 0.639270 0.737646 -0.217285
vn -0.473894 0.800045 -0.367903
vn -0.473894 0.800045 -0.367903
vn -0.473894 0.800045 -0.367904
vn 0.559067 0.776112 0.291709
vn 0.559067 0.776112 0.291709
vn 0.559067 0.776112 0.291709
vn -0.365466 0.848234 -0.383319
vn -0.365466 0.848234 -0.383319
vn -0.365466 0.848234 -0.383319
vn -0.483467 0.844155 -0.231652
vn -0.483467 0.844155 -0.231652
vn -0.483467 0.844155 -0.231652
vn 0.450092 0.771328 0.449967
vn 0.450092 0.771328 0.449967
vn 0.450092 0.771328 0.449967
vn 0.320571 0.736641 0.595478
vn 0.320571 0.736642 0.595478
vn 0.320571 0.736641 0.595478
vn -0.586255 0.807383 -0.066621
vn -0.586255 0.807382 -0.066621
vn -0.586256 0.807382 -0.066621
vn 0.559067 0.776112 0.291709
vn 0.559067 0.776112 0.291709
vn 0.559067 0.776112 0.291709
vn -0.365466 0.848234 -0.383319
vn -0.365466 0.848234 -0.383319
vn -0.365466 0.848235 -0.383318
vn -0.483467 0.844155 -0.231651
vn -0.483467 0.844155 -0.231651
vn -0.483467 0.844155 -0.231651
vn 0.450091 0.771329 0.449967
vn 0.450091 0.771329 0.449967
vn 0.450091 0.771329 0.449967
vn 0.320571 0.736642 0.595477
vn 0.320571 0.736642 0.595477
vn 0.320571 0.736642 0.595477
vn -0.586254 0.807383 -0.066621
vn -0.586254 0.807383 -0.066621
vn -0.586254 0.807383 -0.066621
vn 0.386285 0.757448 0.526361
vn 0.386285 0.757448 0.526361
vn 0.386285 0.757448 0.526361
vn -0.538248 0.829571 -0.148667
vn -0.538248 0.829571 -0.148667
vn -0.538248 0.829571 -0.148667
vn -0.429069 0.850031 -0.305528
vn -0.429069 0.850031 -0.305528
vn -0.429069 0.850031 -0.305528
vn 0.504490 0.777204 0.376091
vn 0.504490 0.777204 0.376091
vn 0.504490 0.777204 0.376091
vn 0.606676 0.767546 0.206924
vn 0.606676 0.767546 0.206924
vn 0.606676 0.767546 0.206924
vn -0.300150 0.838287 -0.455176
vn -0.300150 0.838287 -0.455176
vn -0.300150 0.838287 -0.455176
vn 0.386286 0.757448 0.526361
vn 0.386286 0.757448 0.526361
vn 0.386286 0.757448 0.526361
vn -0.538248 0.829570 -0.148667
vn -0.538248 0.829570 -0.148667
vn -0.538248 0.829570 -0.148667
vn -0.429069 0.850031 -0.305528
vn -0.429069 0.850031 -0.305528
vn -0.429069 0.850030 -0.305529
vn 0.504489 0.777204 0.376091
vn 0.504489 0.777204 0.376091
vn 0.504488 0.777205 0.376091
vn 0.606676 0.767546 0.206924
vn 0.606676 0.767546 0.206924
vn 0.606676 0.767546 0.206924
vn -0.300150 0.838287 -0.455175
vn -0.300150 0.838287 -0.455175
vn -0.300150 0.838287 -0.455175
vn -0.444530 0.806088 0.390661
vn -0.444530 0.806087 0.390661
vn -0.444530 0.806088 0.390661
vn 0.577217 0.806087 -0.130550
vn 0.577217 0.806088 -0.130550
vn 0.577217 0.806088 -0.130550
vn 0.494973 0.813958 -0.304095
vn 0.494974 0.813958 -0.304095
vn 0.494974 0.813958 -0.304095
vn -0.536748 0.813957 0.222204
vn -0.536748 0.813958 0.222204
vn -0.536749 0.813957 0.222204
vn -0.610945 0.790649 0.040258
vn -0.610945 0.790649 0.040258
vn -0.610945 0.790649 0.040258
vn 0.391232 0.790648 -0.470970
vn 0.391232 0.790648 -0.470970
vn 0.391232 0.790648 -0.470971
vn -0.444530 0.806088 0.390660
vn -0.444530 0.806088 0.390660
vn -0.444529 0.806088 0.390660
vn 0.577217 0.806088 -0.130550
vn 0.577217 0.806088 -0.130550
vn 0.577216 0.806088 -0.130550
vn 0.494973 0.813958 -0.304095
vn 0.494974 0.813958 -0.304095
vn 0.494974 0.813958 -0.304095
vn -0.536748 0.813958 0.222204
vn -0.536748 0.813958 0.222204
vn -0.536749 0.813957 0.222204
vn -0.610945 0.790649 0.040258
vn -0.610945 0.790649 0.040258
vn -0.610946 0.790648 0.040258
vn 0.391231 0.790649 -0.470970
vn 0.391231 0.790649 -0.470970
vn 0.391232 0.790648 -0.470971
vn -0.577217 0.806087 0.130550
vn -0.577218 0.806087 0.130550
vn -0.577218 0.806087 0.130550
vn 0.444530 0.806087 -0.390661
vn 0.444531 0.806087 -0.390661
vn 0.444530 0.806088 -0.390661
vn 0.536747 0.813958 -0.222204
vn 0.536748 0.813958 -0.222204
vn 0.536747 0.813958 -0.222204
vn -0.494973 0.813958 0.304095
vn -0.494974 0.813958 0.304095
vn -0.494974 0.813958 0.304095
vn -0.391232 0.790648 0.470970
vn -0.391232 0.790648 0.470970
vn -0.391232 0.790648 0.470970
vn 0.610946 0.790648 -0.040258
vn 0.610946 0.790648 -0.040258
vn 0.610946 0.790648 -0.040258
vn -0.577216 0.806088 0.130550
vn -0.577217 0.806088 0.130550
vn -0.577217 0.806088 0.130550
vn 0.444530 0.806088 -0.390660
vn 0.444530 0.806088 -0.390661
vn 0.444530 0.806088 -0.390660
vn 0.536748 0.813958 -0.222204
vn 0.536748 0.813958 -0.222204
vn 0.536746 0.813959 -0.222204
vn -0.494974 0.813958 0.304095
vn -0.494974 0.813958 0.304095
vn -0.494974 0.813958 0.304095
vn -0.391232 0.790649 0.470969
vn -0.391232 0.790649 0.470970
vn -0.391233 0.790648 0.470970
vn 0.610944 0.790649 -0.040258
vn 0.610945 0.790649 -0.040258
vn 0.610943 0.790650 -0.040258
vn -0.094379 0.759660 0.643435
vn -0.094379 0.759660 0.643435
vn -0.094379 0.759660 0.643435
vn 0.423409 0.823278 -0.378073
vn 0.423408 0.823278 -0.378073
vn 0.423407 0.823278 -0.378073
vn 0.255175 0.845964 -0.468221
vn 0.255175 0.845964 -0.468221
vn 0.255176 0.845964 -0.468220
vn -0.267665 0.781725 0.563260
vn -0.267665 0.781725 0.563259
vn -0.267664 0.781725 0.563260
vn -0.435681 0.774269 0.459010
vn -0.435680 0.774269 0.459010
vn -0.435682 0.774268 0.459010
vn 0.072187 0.836668 -0.542932
vn 0.072187 0.836668 -0.542932
vn 0.072187 0.836668 -0.542932
vn -0.094378 0.759660 0.643435
vn -0.094378 0.759660 0.643435
vn -0.094378 0.759661 0.643435
vn 0.423408 0.823278 -0.378072
vn 0.423407 0.823279 -0.378072
vn 0.423407 0.823279 -0.378072
vn 0.255176 0.845964 -0.468221
vn 0.255176 0.845964 -0.468221
vn 0.255175 0.845964 -0.468221
vn -0.267667 0.781725 0.563259
vn -0.267667 0.781725 0.563259
vn -0.267667 0.781724 0.563259
vn -0.435681 0.774269 0.459010
vn -0.435681 0.774269 0.459010
vn -0.435681 0.774269 0.459010
vn 0.072189 0.836668 -0.542932
vn 0.072189 0.836668 -0.542932
vn 0.072189 0.836668 -0.542932
vn -0.354634 0.781777 0.512893
vn -0.354634 0.781777 0.512893
vn -0.354634 0.781777 0.512893
vn 0.163153 0.845395 -0.508614
vn 0.163153 0.845395 -0.508614
vn 0.163153 0.845395 -0.508614
vn 0.337112 0.839001 -0.427122
vn 0.337112 0.839001 -0.427122
vn 0.337112 0.839001 -0.427122
vn -0.185728 0.774762 0.604358
vn -0.185728 0.774762 0.604358
vn -0.185728 0.774762 0.604358
vn -0.004732 0.737646 0.675171
vn -0.004731 0.737646 0.675171
vn -0.004731 0.737646 0.675171
vn 0.503139 0.800045 -0.326771
vn 0.503139 0.800045 -0.326771
vn 0.503139 0.800045 -0.326771
vn -0.354634 0.781777 0.512893
vn -0.354633 0.781777 0.512893
vn -0.354633 0.781778 0.512893
vn 0.163152 0.845395 -0.508614
vn 0.163152 0.845395 -0.508614
vn 0.163152 0.845395 -0.508614
vn 0.337111 0.839001 -0.427122
vn 0.337111 0.839001 -0.427122
vn 0.337112 0.839001 -0.427122
vn -0.185729 0.774762 0.604358
vn -0.185729 0.774762 0.604358
vn -0.185728 0.774762 0.604358
vn -0.004731 0.737646 0.675172
vn -0.004731 0.737645 0.675172
vn -0.004731 0.737645 0.675172
vn 0.503140 0.800044 -0.326770
vn 0.503140 0.800045 -0.326770
vn 0.503140 0.800044 -0.326770
vn 0.622565 0.759660 0.187961
vn 0.622565 0.759660 0.187962
vn 0.622566 0.759660 0.187961
vn -0.311707 0.823278 -0.474397
vn -0.311706 0.823278 -0.474397
vn -0.311706 0.823278 -0.474397
vn -0.425611 0.845964 -0.321248
vn -0.425610 0.845964 -0.321248
vn -0.425609 0.845965 -0.321249
vn 0.517780 0.781725 0.347577
vn 0.517780 0.781725 0.347577
vn 0.517780 0.781725 0.347576
vn 0.389959 0.774269 0.498437
vn 0.389960 0.774269 0.498437
vn 0.389959 0.774269 0.498438
vn -0.526416 0.836668 -0.151235
vn -0.526417 0.836668 -0.151234
vn -0.526417 0.836668 -0.151234
vn 0.622565 0.759660 0.187962
vn 0.622565 0.759660 0.187962
vn 0.622565 0.759660 0.187962
vn -0.311706 0.823278 -0.474397
vn -0.311706 0.823278 -0.474397
vn -0.311706 0.823278 -0.474397
vn -0.425611 0.845964 -0.321248
vn -0.425610 0.845964 -0.321248
vn -0.425610 0.845964 -0.321248
vn 0.517780 0.781725 0.347577
vn 0.517780 0.781725 0.347577
vn 0.517780 0.781725 0.347577
vn 0.389959 0.774269 0.498437
vn 0.389960 0.774269 0.498438
vn 0.389959 0.774269 0.498437
vn -0.526417 0.836668 -0.151235
vn -0.526417 0.836668 -0.151235
vn -0.526417 0.836668 -0.151235
vn 0.455174 0.781777 0.426193
vn 0.455174 0.781777 0.426193
vn 0.455174 0.781777 0.426194
vn -0.479096 0.845395 -0.236165
vn -0.479096 0.845396 -0.236165
vn -0.479097 0.845395 -0.236165
vn -0.372911 0.839001 -0.396251
vn -0.372911 0.839001 -0.396252
vn -0.372911 0.839001 -0.396251
vn 0.570480 0.774762 0.272573
vn 0.570480 0.774762 0.272573
vn 0.570480 0.774762 0.272573
vn 0.667137 0.737646 0.103956
vn 0.667137 0.737646 0.103956
vn 0.667138 0.737646 0.103955
vn -0.249239 0.800045 -0.545717
vn -0.249239 0.800045 -0.545717
vn -0.249238 0.800045 -0.545718
vn 0.455174 0.781777 0.426193
vn 0.455174 0.781777 0.426194
vn 0.455173 0.781778 0.426194
vn -0.479096 0.845395 -0.236165
vn -0.479096 0.845395 -0.236165
vn -0.479096 0.845395 -0.236165
vn -0.372911 0.839001 -0.396252
vn -0.372911 0.839001 -0.396252
vn -0.372911 0.839001 -0.396251
vn 0.570480 0.774762 0.272574
vn 0.570480 0.774762 0.272574
vn 0.570480 0.774762 0.272574
vn 0.667138 0.737646 0.103954
vn 0.667137 0.737646 0.103954
vn 0.667137 0.737646 0.103954
vn -0.249239 0.800045 -0.545718
vn -0.249239 0.800045 -0.545718
vn -0.249239 0.800045 -0.545718
vn 0.360035 0.776112 0.517712
vn 0.360035 0.776112 0.517712
vn 0.360035 0.776112 0.517712
vn -0.146027 0.848234 -0.509093
vn -0.146027 0.848234 -0.509093
vn -0.146028 0.848234 -0.509092
vn -0.320907 0.844154 -0.429444
vn -0.320907 0.844155 -0.429444
vn -0.320906 0.844155 -0.429444
vn 0.190096 0.771328 0.607385
vn 0.190096 0.771328 0.607385
vn 0.190096 0.771329 0.607384
vn 0.007862 0.736641 0.676238
vn 0.007862 0.736641 0.676238
vn 0.007861 0.736641 0.676239
vn -0.488506 0.807383 -0.330900
vn -0.488507 0.807383 -0.330900
vn -0.488508 0.807382 -0.330900
vn 0.360034 0.776112 0.517712
vn 0.360034 0.776112 0.517712
vn 0.360035 0.776112 0.517711
vn -0.146027 0.848234 -0.509093
vn -0.146027 0.848234 -0.509092
vn -0.146028 0.848234 -0.509092
vn -0.320906 0.844155 -0.429443
vn -0.320907 0.844155 -0.429443
vn -0.320908 0.844155 -0.429442
vn 0.190094 0.771329 0.607385
vn 0.190095 0.771329 0.607385
vn 0.190093 0.771329 0.607385
vn 0.007862 0.736642 0.676237
vn 0.007863 0.736642 0.676237
vn 0.007862 0.736642 0.676237
vn -0.488506 0.807383 -0.330900
vn -0.488506 0.807383 -0.330900
vn -0.488507 0.807383 -0.330900
vn 0.098135 0.757448 0.645478
vn 0.098135 0.757448 0.645478
vn 0.098135 0.757448 0.645478
vn -0.407926 0.829570 -0.381326
vn -0.407925 0.829571 -0.381326
vn -0.407927 0.829570 -0.381326
vn -0.238453 0.850030 -0.469669
vn -0.238453 0.850030 -0.469669
vn -0.238453 0.850030 -0.469669
vn 0.272549 0.777204 0.567160
vn 0.272549 0.777204 0.567160
vn 0.272547 0.777205 0.567160
vn 0.441534 0.767546 0.464673
vn 0.441534 0.767546 0.464673
vn 0.441535 0.767546 0.464672
vn -0.054836 0.838287 -0.542465
vn -0.054835 0.838287 -0.542465
vn -0.054836 0.838287 -0.542465
vn 0.098136 0.757448 0.645478
vn 0.098136 0.757448 0.645478
vn 0.098136 0.757448 0.645478
vn -0.407925 0.829570 -0.381326
vn -0.407926 0.829570 -0.381326
vn -0.407925 0.829571 -0.381327
vn -0.238452 0.850031 -0.469668
vn -0.238452 0.850031 -0.469668
vn -0.238452 0.850031 -0.469668
vn 0.272550 0.777204 0.567160
vn 0.272549 0.777204 0.567160
vn 0.272548 0.777204 0.567160
vn 0.441533 0.767546 0.464673
vn 0.441534 0.767546 0.464673
vn 0.441534 0.767546 0.464673
vn -0.054836 0.838287 -0.542465
vn -0.054836 0.838287 -0.542464
vn -0.054835 0.838287 -0.542465
vn -0.151413 0.806087 0.572099
vn -0.151413 0.806087 0.572099
vn -0.151414 0.806088 0.572098
vn 0.406538 0.806087 -0.430059
vn 0.406537 0.806087 -0.430059
vn 0.406537 0.806088 -0.430059
vn 0.241538 0.813958 -0.528330
vn 0.241537 0.813958 -0.528330
vn 0.241535 0.813958 -0.528330
vn -0.321860 0.813958 0.483611
vn -0.321859 0.813958 0.483611
vn -0.321862 0.813957 0.483610
vn -0.484859 0.790648 0.373881
vn -0.484858 0.790649 0.373881
vn -0.484861 0.790647 0.373881
vn 0.062405 0.790648 -0.609082
vn 0.062405 0.790648 -0.609082
vn 0.062404 0.790648 -0.609083
vn -0.151414 0.806088 0.572098
vn -0.151414 0.806088 0.572098
vn -0.151414 0.806088 0.572098
vn 0.406537 0.806088 -0.430059
vn 0.406537 0.806088 -0.430059
vn 0.406537 0.806088 -0.430058
vn 0.241537 0.813958 -0.528330
vn 0.241537 0.813958 -0.528329
vn 0.241538 0.813958 -0.528329
vn -0.321859 0.813958 0.483611
vn -0.321859 0.813958 0.483611
vn -0.321858 0.813958 0.483611
vn -0.484858 0.790649 0.373881
vn -0.484857 0.790649 0.373881
vn -0.484859 0.790648 0.373881
vn 0.062406 0.790649 -0.609081
vn 0.062406 0.790649 -0.609082
vn 0.062406 0.790648 -0.609082
vn -0.406537 0.806088 0.430059
vn -0.406537 0.806087 0.430059
vn -0.406537 0.806087 0.430059
vn 0.151413 0.806087 -0.572099
vn 0.151412 0.806087 -0.572099
vn 0.151414 0.806088 -0.572098
vn 0.321859 0.813958 -0.483611
vn 0.321859 0.813958 -0.483611
vn 0.321859 0.813958 -0.483611
vn -0.241538 0.813958 0.528330
vn -0.241537 0.813958 0.528330
vn -0.241536 0.813958 0.528330
vn -0.062405 0.790648 0.609082
vn -0.062405 0.790648 0.609082
vn -0.062404 0.790648 0.609083
vn 0.484859 0.790648 -0.373881
vn 0.484860 0.790648 -0.373881
vn 0.484858 0.790649 -0.373881
vn -0.406536 0.806088 0.430059
vn -0.406537 0.806088 0.430059
vn -0.406539 0.806087 0.430059
vn 0.151413 0.806088 -0.572098
vn 0.151414 0.806088 -0.572099
vn 0.151413 0.806088 -0.572098
vn 0.321859 0.813958 -0.483611
vn 0.321859 0.813958 -0.483611
vn 0.321860 0.813958 -0.483611
vn -0.241538 0.813958 0.528329
vn -0.241537 0.813958 0.528329
vn -0.241537 0.813958 0.528329
vn -0.062407 0.790649 0.609081
vn -0.062406 0.790649 0.609082
vn -0.062405 0.790648 0.609082
vn 0.484858 0.790649 -0.373881
vn 0.484858 0.790649 -0.373881
vn 0.484856 0.790650 -0.373881
vn 0.280192 0.759660 0.586864
vn 0.280192 0.759660 0.586864
vn 0.280193 0.759660 0.586864
vn 0.140890 0.823278 -0.549876
vn 0.140890 0.823278 -0.549876
vn 0.140890 0.823278 -0.549875
vn -0.049037 0.845964 -0.530981
vn -0.049038 0.845964 -0.530981
vn -0.049039 0.845964 -0.530981
vn 0.091626 0.781725 0.616856
vn 0.091625 0.781725 0.616856
vn 0.091627 0.781725 0.616856
vn -0.105977 0.774269 0.623921
vn -0.105977 0.774269 0.623921
vn -0.105977 0.774269 0.623921
vn -0.242611 0.836668 -0.491046
vn -0.242611 0.836668 -0.491046
vn -0.242612 0.836668 -0.491046
vn 0.280192 0.759661 0.586863
vn 0.280193 0.759660 0.586863
vn 0.280192 0.759661 0.586863
vn 0.140890 0.823278 -0.549875
vn 0.140890 0.823278 -0.549875
vn 0.140890 0.823278 -0.549875
vn -0.049037 0.845964 -0.530980
vn -0.049038 0.845964 -0.530980
vn -0.049039 0.845964 -0.530980
vn 0.091626 0.781725 0.616856
vn 0.091626 0.781725 0.616855
vn 0.091626 0.781725 0.616856
vn -0.105978 0.774269 0.623921
vn -0.105978 0.774268 0.623921
vn -0.105977 0.774269 0.623920
vn -0.242611 0.836668 -0.491046
vn -0.242611 0.836668 -0.491046
vn -0.242612 0.836668 -0.491046
vn -0.008654 0.781778 0.623497
vn -0.008654 0.781777 0.623497
vn -0.008655 0.781777 0.623498
vn -0.147955 0.845395 -0.513241
vn -0.147955 0.845395 -0.513241
vn -0.147954 0.845395 -0.513241
vn 0.041901 0.839001 -0.542515
vn 0.041901 0.839001 -0.542515
vn 0.041900 0.839001 -0.542515
vn 0.182564 0.774762 0.605321
vn 0.182563 0.774762 0.605321
vn 0.182563 0.774762 0.605322
vn 0.372315 0.737646 0.563258
vn 0.372315 0.737646 0.563258
vn 0.372315 0.737646 0.563258
vn 0.235683 0.800045 -0.551709
vn 0.235682 0.800045 -0.551709
vn 0.235683 0.800044 -0.551709
vn -0.008654 0.781778 0.623497
vn -0.008654 0.781777 0.623498
vn -0.008655 0.781777 0.623498
vn -0.147957 0.845395 -0.513240
vn -0.147956 0.845395 -0.513240
vn -0.147957 0.845395 -0.513240
vn 0.041902 0.839001 -0.542515
vn 0.041903 0.839001 -0.542515
vn 0.041902 0.839001 -0.542514
vn 0.182564 0.774762 0.605321
vn 0.182564 0.774762 0.605322
vn 0.182565 0.774762 0.605322
vn 0.372315 0.737646 0.563258
vn 0.372315 0.737646 0.563258
vn 0.372316 0.737645 0.563258
vn 0.235681 0.800045 -0.551709
vn 0.235680 0.800045 -0.551709
vn 0.235681 0.800045 -0.551709
vn 0.621683 0.759660 -0.190856
vn 0.621683 0.759660 -0.190856
vn 0.621683 0.759660 -0.190856
vn -0.523183 0.823278 -0.220211
vn -0.523182 0.823278 -0.220211
vn -0.523182 0.823279 -0.220211
vn -0.532419 0.845964 -0.029571
vn -0.532420 0.845964 -0.029571
vn -0.532420 0.845964 -0.029571
vn 0.623623 0.781725 0.000071
vn 0.623623 0.781725 0.000071
vn 0.623623 0.781725 0.000071
vn 0.601557 0.774268 0.196565
vn 0.601557 0.774268 0.196565
vn 0.601557 0.774269 0.196565
vn -0.521382 0.836668 0.167772
vn -0.521381 0.836668 0.167772
vn -0.521381 0.836668 0.167772
vn 0.621684 0.759660 -0.190856
vn 0.621683 0.759660 -0.190856
vn 0.621684 0.759660 -0.190856
vn -0.523183 0.823278 -0.220211
vn -0.523182 0.823278 -0.220211
vn -0.523182 0.823279 -0.220211
vn -0.532418 0.845965 -0.029570
vn -0.532418 0.845965 -0.029570
vn -0.532419 0.845964 -0.029570
vn 0.623624 0.781724 0.000071
vn 0.623624 0.781725 0.000071
vn 0.623625 0.781724 0.000072
vn 0.601557 0.774268 0.196565
vn 0.601557 0.774268 0.196566
vn 0.601557 0.774269 0.196564
vn -0.521382 0.836668 0.167772
vn -0.521382 0.836668 0.167772
vn -0.521383 0.836668 0.167772
vn 0.615448 0.781778 0.100237
vn 0.615448 0.781778 0.100237
vn 0.615447 0.781778 0.100237
vn -0.529418 0.845395 0.070882
vn -0.529417 0.845395 0.070882
vn -0.529418 0.845395 0.070882
vn -0.530456 0.839001 -0.121217
vn -0.530457 0.839001 -0.121217
vn -0.530455 0.839002 -0.121216
vn 0.625586 0.774762 -0.091575
vn 0.625586 0.774762 -0.091575
vn 0.625586 0.774762 -0.091575
vn 0.611880 0.737646 -0.285448
vn 0.611880 0.737646 -0.285448
vn 0.611881 0.737646 -0.285448
vn -0.511058 0.800045 -0.314241
vn -0.511058 0.800045 -0.314241
vn -0.511059 0.800044 -0.314242
vn 0.615448 0.781778 0.100237
vn 0.615448 0.781777 0.100237
vn 0.615449 0.781777 0.100237
vn -0.529417 0.845395 0.070882
vn -0.529417 0.845395 0.070883
vn -0.529418 0.845395 0.070882
vn -0.530456 0.839001 -0.121217
vn -0.530456 0.839001 -0.121217
vn -0.530457 0.839001 -0.121216
vn 0.625587 0.774762 -0.091575
vn 0.625586 0.774762 -0.091575
vn 0.625586 0.774762 -0.091575
vn 0.611881 0.737646 -0.285449
vn 0.611881 0.737645 -0.285449
vn 0.611882 0.737645 -0.285449
vn -0.511058 0.800045 -0.314242
vn -0.511058 0.800045 -0.314242
vn -0.511057 0.800045 -0.314243
vn 0.587449 0.776112 0.229245
vn 0.587449 0.776112 0.229245
vn 0.587449 0.776112 0.229245
vn -0.404947 0.848234 -0.341346
vn -0.404947 0.848234 -0.341346
vn -0.404947 0.848234 -0.341345
vn -0.505772 0.844155 -0.177757
vn -0.505772 0.844155 -0.177757
vn -0.505773 0.844154 -0.177757
vn 0.496313 0.771328 0.398405
vn 0.496313 0.771329 0.398405
vn 0.496314 0.771328 0.398405
vn 0.383365 0.736641 0.557127
vn 0.383365 0.736642 0.557127
vn 0.383366 0.736641 0.557128
vn -0.590023 0.807382 -0.002536
vn -0.590023 0.807383 -0.002536
vn -0.590022 0.807383 -0.002536
vn 0.587450 0.776112 0.229245
vn 0.587450 0.776111 0.229245
vn 0.587448 0.776113 0.229246
vn -0.404947 0.848234 -0.341346
vn -0.404946 0.848234 -0.341346
vn -0.404946 0.848235 -0.341346
vn -0.505772 0.844155 -0.177756
vn -0.505772 0.844155 -0.177756
vn -0.505773 0.844155 -0.177756
vn 0.496312 0.771329 0.398405
vn 0.496312 0.771329 0.398405
vn 0.496312 0.771329 0.398405
vn 0.383366 0.736642 0.557126
vn 0.383366 0.736642 0.557126
vn 0.383366 0.736642 0.557126
vn -0.590022 0.807383 -0.002536
vn -0.590022 0.807383 -0.002536
vn -0.590022 0.807383 -0.002536
vn 0.441184 0.757448 0.481280
vn 0.441184 0.757448 0.481280
vn 0.441184 0.757448 0.481279
vn -0.551214 0.829570 -0.089312
vn -0.551214 0.829570 -0.089312
vn -0.551215 0.829570 -0.089312
vn -0.459722 0.850031 -0.257106
vn -0.459722 0.850031 -0.257106
vn -0.459722 0.850031 -0.257106
vn 0.542362 0.777204 0.319056
vn 0.542362 0.777204 0.319056
vn 0.542362 0.777204 0.319057
vn 0.625565 0.767546 0.139789
vn 0.625566 0.767546 0.139789
vn 0.625567 0.767545 0.139789
vn -0.347824 0.838287 -0.419873
vn -0.347824 0.838287 -0.419874
vn -0.347823 0.838287 -0.419873
vn 0.441183 0.757448 0.481280
vn 0.441183 0.757448 0.481280
vn 0.441184 0.757448 0.481279
vn -0.551213 0.829570 -0.089312
vn -0.551213 0.829570 -0.089312
vn -0.551213 0.829571 -0.089312
vn -0.459723 0.850031 -0.257105
vn -0.459723 0.850030 -0.257105
vn -0.459723 0.850031 -0.257105
vn 0.542363 0.777203 0.319057
vn 0.542363 0.777204 0.319057
vn 0.542361 0.777204 0.319057
vn 0.625565 0.767546 0.139789
vn 0.625565 0.767546 0.139789
vn 0.625565 0.767546 0.139789
vn -0.347823 0.838287 -0.419873
vn -0.347823 0.838287 -0.419873
vn -0.347824 0.838287 -0.419874
vn -0.321203 0.806087 0.497043
vn -0.321203 0.806087 0.497043
vn -0.321203 0.806088 0.497043
vn 0.519771 0.806087 -0.282952
vn 0.519770 0.806087 -0.282953
vn 0.519769 0.806088 -0.282953
vn 0.393333 0.813958 -0.427507
vn 0.393333 0.813958 -0.427507
vn 0.393333 0.813957 -0.427507
vn -0.455850 0.813957 0.360103
vn -0.455851 0.813957 0.360103
vn -0.455850 0.813958 0.360103
vn -0.576834 0.790649 0.205275
vn -0.576834 0.790649 0.205275
vn -0.576834 0.790648 0.205274
vn 0.248032 0.790648 -0.559782
vn 0.248031 0.790648 -0.559782
vn 0.248031 0.790648 -0.559782
vn -0.321203 0.806088 0.497042
vn -0.321203 0.806088 0.497043
vn -0.321203 0.806088 0.497042
vn 0.519769 0.806088 -0.282953
vn 0.519770 0.806087 -0.282952
vn 0.519772 0.806086 -0.282952
vn 0.393333 0.813958 -0.427506
vn 0.393333 0.813958 -0.427506
vn 0.393334 0.813958 -0.427505
vn -0.455848 0.813958 0.360103
vn -0.455849 0.813958 0.360103
vn -0.455847 0.813959 0.360104
vn -0.576834 0.790649 0.205274
vn -0.576834 0.790649 0.205274
vn -0.576834 0.790649 0.205274
vn 0.248031 0.790649 -0.559781
vn 0.248031 0.790649 -0.559782
vn 0.248032 0.790648 -0.559783
vn -0.519771 0.806087 0.282952
vn -0.519771 0.806087 0.282952
vn -0.519770 0.806088 0.282952
vn 0.321203 0.806087 -0.497043
vn 0.321203 0.806087 -0.497043
vn 0.321203 0.806088 -0.497043
vn 0.455850 0.813957 -0.360103
vn 0.455849 0.813958 -0.360103
vn 0.455850 0.813957 -0.360103
vn -0.393333 0.813958 0.427507
vn -0.393333 0.813958 0.427507
vn -0.393333 0.813958 0.427507
vn -0.248032 0.790648 0.559782
vn -0.248032 0.790648 0.559782
vn -0.248031 0.790648 0.559782
vn 0.576834 0.790649 -0.205274
vn 0.576834 0.790648 -0.205274
vn 0.576834 0.790649 -0.205275
vn -0.519770 0.806088 0.282952
vn -0.519769 0.806088 0.282952
vn -0.519767 0.806089 0.282953
vn 0.321203 0.806088 -0.497043
vn 0.321203 0.806087 -0.497043
vn 0.321203 0.806088 -0.497042
vn 0.455848 0.813958 -0.360104
vn 0.455848 0.813958 -0.360104
vn 0.455848 0.813958 -0.360103
vn -0.393334 0.813958 0.427506
vn -0.393334 0.813958 0.427505
vn -0.393334 0.813958 0.427505
vn -0.248031 0.790649 0.559781
vn -0.248032 0.790649 0.559781
vn -0.248033 0.790648 0.559782
vn 0.576834 0.790649 -0.205274
vn 0.576834 0.790648 -0.205274
vn 0.576833 0.790649 -0.205274
vn 0.084593 0.759660 0.644795
vn 0.084593 0.759660 0.644795
vn 0.084593 0.759660 0.644795
vn 0.304312 0.823278 -0.479174
vn 0.304312 0.823278 -0.479174
vn 0.304312 0.823278 -0.479174
vn 0.117877 0.845964 -0.520048
vn 0.117877 0.845964 -0.520048
vn 0.117877 0.845964 -0.520048
vn -0.103987 0.781725 0.614893
vn -0.103987 0.781725 0.614893
vn -0.103986 0.781725 0.614892
vn -0.294057 0.774269 0.560391
vn -0.294057 0.774269 0.560391
vn -0.294057 0.774269 0.560391
vn -0.078546 0.836668 -0.542049
vn -0.078546 0.836668 -0.542049
vn -0.078548 0.836668 -0.542048
vn 0.084593 0.759661 0.644794
vn 0.084593 0.759660 0.644795
vn 0.084594 0.759661 0.644794
vn 0.304313 0.823278 -0.479173
vn 0.304313 0.823278 -0.479173
vn 0.304312 0.823279 -0.479173
vn 0.117875 0.845964 -0.520048
vn 0.117875 0.845964 -0.520048
vn 0.117874 0.845964 -0.520048
vn -0.103988 0.781725 0.614892
vn -0.103988 0.781725 0.614892
vn -0.103989 0.781725 0.614893
vn -0.294058 0.774269 0.560391
vn -0.294058 0.774269 0.560391
vn -0.294058 0.774269 0.560391
vn -0.078545 0.836669 -0.542048
vn -0.078545 0.836669 -0.542048
vn -0.078546 0.836669 -0.542048
vn -0.201390 0.781778 0.590140
vn -0.201390 0.781778 0.590140
vn -0.201390 0.781778 0.590141
vn 0.018328 0.845395 -0.533827
vn 0.018328 0.845395 -0.533827
vn 0.018328 0.845395 -0.533827
vn 0.207913 0.839001 -0.502842
vn 0.207912 0.839001 -0.502842
vn 0.207914 0.839001 -0.502842
vn -0.013952 0.774762 0.632099
vn -0.013952 0.774762 0.632099
vn -0.013952 0.774762 0.632099
vn 0.179497 0.737646 0.650891
vn 0.179497 0.737646 0.650891
vn 0.179499 0.737646 0.650891
vn 0.395010 0.800044 -0.451549
vn 0.395009 0.800045 -0.451549
vn 0.395012 0.800044 -0.451548
vn -0.201391 0.781778 0.590141
vn -0.201391 0.781777 0.590141
vn -0.201391 0.781778 0.590141
vn 0.018328 0.845395 -0.533827
vn 0.018328 0.845395 -0.533827
vn 0.018329 0.845395 -0.533827
vn 0.207914 0.839001 -0.502842
vn 0.207913 0.839001 -0.502842
vn 0.207915 0.839000 -0.502842
vn -0.013948 0.774762 0.632099
vn -0.013948 0.774762 0.632099
vn -0.013949 0.774762 0.632099
vn 0.179495 0.737646 0.650891
vn 0.179495 0.737646 0.650892
vn 0.179496 0.737646 0.650892
vn 0.395010 0.800045 -0.451548
vn 0.395010 0.800045 -0.451548
vn 0.395011 0.800044 -0.451548
vn 0.650225 0.759660 0.011135
vn 0.650225 0.759660 0.011135
vn 0.650226 0.759659 0.011135
vn -0.429220 0.823278 -0.371462
vn -0.429219 0.823278 -0.371462
vn -0.429219 0.823278 -0.371462
vn -0.497063 0.845964 -0.193063
vn -0.497062 0.845964 -0.193063
vn -0.497062 0.845964 -0.193063
vn 0.592919 0.781725 0.193269
vn 0.592920 0.781724 0.193270
vn 0.592919 0.781726 0.193269
vn 0.511063 0.774269 0.373260
vn 0.511063 0.774269 0.373260
vn 0.511063 0.774269 0.373260
vn -0.547706 0.836669 -0.002009
vn -0.547706 0.836668 -0.002009
vn -0.547706 0.836668 -0.002009
vn 0.650226 0.759660 0.011135
vn 0.650225 0.759660 0.011135
vn 0.650226 0.759659 0.011135
vn -0.429220 0.823278 -0.371462
vn -0.429220 0.823278 -0.371462
vn -0.429219 0.823278 -0.371461
vn -0.497065 0.845963 -0.193062
vn -0.497065 0.845963 -0.193062
vn -0.497064 0.845964 -0.193062
vn 0.592921 0.781724 0.193269
vn 0.592920 0.781724 0.193269
vn 0.592921 0.781724 0.193270
vn 0.511062 0.774269 0.373260
vn 0.511062 0.774269 0.373261
vn 0.511061 0.774270 0.373260
vn -0.547706 0.836669 -0.002009
vn -0.547706 0.836669 -0.002009
vn -0.547707 0.836668 -0.002009
vn 0.554114 0.781778 0.285975
vn 0.554114 0.781778 0.285975
vn 0.554113 0.781778 0.285975
vn -0.525330 0.845395 -0.096622
vn -0.525329 0.845396 -0.096622
vn -0.525332 0.845394 -0.096622
vn -0.466806 0.839000 -0.279590
vn -0.466805 0.839001 -0.279591
vn -0.466807 0.839000 -0.279590
vn 0.623178 0.774762 0.106741
vn 0.623178 0.774762 0.106741
vn 0.623177 0.774762 0.106741
vn 0.670210 0.737646 -0.081840
vn 0.670210 0.737645 -0.081840
vn 0.670211 0.737645 -0.081840
vn -0.388559 0.800045 -0.457110
vn -0.388559 0.800045 -0.457110
vn -0.388559 0.800045 -0.457110
vn 0.554114 0.781778 0.285975
vn 0.554114 0.781778 0.285975
vn 0.554113 0.781778 0.285975
vn -0.525329 0.845395 -0.096622
vn -0.525329 0.845396 -0.096622
vn -0.525330 0.845395 -0.096621
vn -0.466805 0.839001 -0.279591
vn -0.466805 0.839000 -0.279592
vn -0.466805 0.839001 -0.279591
vn 0.623178 0.774761 0.106741
vn 0.623178 0.774762 0.106741
vn 0.623177 0.774762 0.106741
vn 0.670209 0.737646 -0.081841
vn 0.670210 0.737646 -0.081841
vn 0.670210 0.737645 -0.081841
vn -0.388559 0.800045 -0.457110
vn -0.388559 0.800045 -0.457110
vn -0.388559 0.800045 -0.457110
vn 0.487525 0.776112 0.399962
vn 0.487526 0.776112 0.399962
vn 0.487524 0.776113 0.399962
vn -0.279272 0.848234 -0.450007
vn -0.279272 0.848234 -0.450006
vn -0.279271 0.848235 -0.450006
vn -0.425817 0.844155 -0.325703
vn -0.425816 0.844155 -0.325703
vn -0.425815 0.844156 -0.325703
vn 0.348465 0.771328 0.532564
vn 0.348466 0.771328 0.532564
vn 0.348463 0.771329 0.532565
vn 0.191905 0.736641 0.648485
vn 0.191905 0.736641 0.648485
vn 0.191905 0.736641 0.648485
vn -0.560209 0.807382 -0.185204
vn -0.560209 0.807382 -0.185204
vn -0.560208 0.807382 -0.185204
vn 0.487525 0.776112 0.399962
vn 0.487526 0.776112 0.399962
vn 0.487525 0.776112 0.399962
vn -0.279273 0.848234 -0.450006
vn -0.279273 0.848234 -0.450006
vn -0.279273 0.848234 -0.450006
vn -0.425818 0.844155 -0.325702
vn -0.425818 0.844155 -0.325702
vn -0.425819 0.844154 -0.325701
vn 0.348466 0.771328 0.532564
vn 0.348466 0.771328 0.532564
vn 0.348466 0.771328 0.532564
vn 0.191902 0.736642 0.648485
vn 0.191903 0.736642 0.648484
vn 0.191901 0.736642 0.648485
vn -0.560207 0.807383 -0.185204
vn -0.560207 0.807383 -0.185204
vn -0.560207 0.807383 -0.185204
vn 0.270373 0.757448 0.594282
vn 0.270373 0.757448 0.594282
vn 0.270373 0.757448 0.594282
vn -0.496425 0.829570 -0.255687
vn -0.496425 0.829570 -0.255687
vn -0.496426 0.829570 -0.255687
vn -0.357451 0.850031 -0.386881
vn -0.357451 0.850031 -0.386881
vn -0.357451 0.850030 -0.386881
vn 0.416832 0.777205 0.471385
vn 0.416832 0.777204 0.471385
vn 0.416833 0.777204 0.471385
vn 0.551479 0.767547 0.326716
vn 0.551480 0.767546 0.326715
vn 0.551481 0.767545 0.326715
vn -0.200630 0.838287 -0.506974
vn -0.200630 0.838287 -0.506974
vn -0.200629 0.838287 -0.506973
vn 0.270374 0.757448 0.594282
vn 0.270374 0.757448 0.594282
vn 0.270375 0.757448 0.594281
vn -0.496423 0.829571 -0.255687
vn -0.496424 0.829571 -0.255687
vn -0.496423 0.829571 -0.255687
vn -0.357452 0.850030 -0.386880
vn -0.357453 0.850030 -0.386879
vn -0.357451 0.850031 -0.386881
vn 0.416832 0.777204 0.471386
vn 0.416832 0.777204 0.471386
vn 0.416832 0.777204 0.471387
vn 0.551480 0.767546 0.326715
vn 0.551481 0.767546 0.326715
vn 0.551481 0.767546 0.326715
vn -0.200630 0.838287 -0.506973
vn -0.200630 0.838287 -0.506973
vn -0.200630 0.838288 -0.506973
vn 0.170632 0.722242 0.670262
vn 0.170631 0.722242 0.670262
vn 0.170632 0.722242 0.670262
vn 0.170632 0.722242 -0.670262
vn 0.170632 0.722242 -0.670262
vn 0.170631 0.722242 -0.670262
vn -0.053915 0.731925 -0.679249
vn -0.053915 0.731925 -0.679249
vn -0.053916 0.731925 -0.679249
vn -0.053914 0.731925 0.679248
vn -0.053914 0.731926 0.679248
vn -0.053914 0.731925 0.679249
vn -0.280604 0.703543 0.652908
vn -0.280605 0.703542 0.652908
vn -0.280603 0.703543 0.652909
vn -0.280604 0.703542 -0.652908
vn -0.280604 0.703542 -0.652909
vn -0.280603 0.703542 -0.652909
vn 0.170632 0.722242 0.670262
vn 0.170632 0.722242 0.670262
vn 0.170633 0.722242 0.670262
vn 0.170632 0.722242 -0.670262
vn 0.170633 0.722242 -0.670262
vn 0.170633 0.722242 -0.670262
vn -0.053915 0.731925 -0.679249
vn -0.053915 0.731925 -0.679248
vn -0.053915 0.731926 -0.679248
vn -0.053915 0.731926 0.679248
vn -0.053915 0.731925 0.679248
vn -0.053915 0.731926 0.679248
vn -0.280604 0.703543 0.652908
vn -0.280604 0.703543 0.652908
vn -0.280605 0.703543 0.652908
vn -0.280605 0.703543 -0.652908
vn -0.280605 0.703543 -0.652908
vn -0.280605 0.703542 -0.652908
vn -0.170632 0.722242 0.670262
vn -0.170631 0.722242 0.670262
vn -0.170631 0.722242 0.670262
vn -0.170632 0.722242 -0.670262
vn -0.170632 0.722242 -0.670262
vn -0.170631 0.722242 -0.670262
vn 0.053915 0.731925 -0.679248
vn 0.053916 0.731925 -0.679249
vn 0.053914 0.731926 -0.679248
vn 0.053914 0.731926 0.679248
vn 0.053913 0.731925 0.679249
vn 0.053913 0.731925 0.679249
vn 0.280604 0.703542 0.652908
vn 0.280604 0.703543 0.652908
vn 0.280603 0.703543 0.652909
vn 0.280604 0.703542 -0.652909
vn 0.280604 0.703542 -0.652909
vn 0.280605 0.703542 -0.652908
vn -0.170632 0.722242 0.670262
vn -0.170632 0.722242 0.670262
vn -0.170631 0.722242 0.670262
vn -0.170632 0.722242 -0.670262
vn -0.170632 0.722242 -0.670262
vn -0.170633 0.722242 -0.670262
vn 0.053915 0.731925 -0.679249
vn 0.053915 0.731925 -0.679249
vn 0.053915 0.731925 -0.679249
vn 0.053914 0.731925 0.679248
vn 0.053914 0.731926 0.679248
vn 0.053914 0.731926 0.679248
vn 0.280604 0.703543 0.652908
vn 0.280604 0.703543 0.652908
vn 0.280604 0.703543 0.652908
vn 0.280605 0.703543 -0.652908
vn 0.280605 0.703543 -0.652908
vn 0.280604 0.703542 -0.652908
vn 0.607440 0.667126 0.431230
vn 0.607440 0.667127 0.431230
vn 0.607441 0.667126 0.431229
vn -0.170090 0.743531 -0.646708
vn -0.170090 0.743531 -0.646708
vn -0.170090 0.743531 -0.646708
vn -0.358656 0.772433 -0.524131
vn -0.358654 0.772433 -0.524132
vn -0.358652 0.772434 -0.524132
vn 0.439488 0.692908 0.571603
vn 0.439489 0.692907 0.571603
vn 0.439487 0.692908 0.571603
vn 0.243071 0.684115 0.687679
vn 0.243071 0.684115 0.687679
vn 0.243071 0.684115 0.687680
vn -0.534515 0.760475 -0.368743
vn -0.534514 0.760476 -0.368744
vn -0.534513 0.760476 -0.368744
vn 0.607439 0.667127 0.431229
vn 0.607439 0.667127 0.431229
vn 0.607439 0.667127 0.431229
vn -0.170088 0.743532 -0.646707
vn -0.170088 0.743532 -0.646707
vn -0.170088 0.743532 -0.646708
vn -0.358656 0.772433 -0.524130
vn -0.358656 0.772433 -0.524130
vn -0.358656 0.772433 -0.524130
vn 0.439486 0.692908 0.571604
vn 0.439486 0.692908 0.571603
vn 0.439486 0.692908 0.571604
vn 0.243071 0.684115 0.687680
vn 0.243072 0.684115 0.687679
vn 0.243070 0.684115 0.687680
vn -0.534514 0.760475 -0.368745
vn -0.534514 0.760475 -0.368745
vn -0.534513 0.760475 -0.368745
vn 0.341931 0.692969 0.634726
vn 0.341931 0.692969 0.634726
vn 0.341931 0.692969 0.634726
vn -0.451186 0.771697 -0.448236
vn -0.451186 0.771697 -0.448236
vn -0.451185 0.771697 -0.448236
vn -0.269781 0.763461 -0.586810
vn -0.269781 0.763461 -0.586810
vn -0.269781 0.763461 -0.586810
vn 0.523304 0.684694 0.507294
vn 0.523305 0.684694 0.507294
vn 0.523306 0.684693 0.507293
vn 0.680447 0.642094 0.353137
vn 0.680447 0.642095 0.353137
vn 0.680447 0.642095 0.353137
vn -0.072794 0.714878 -0.695450
vn -0.072794 0.714878 -0.695450
vn -0.072793 0.714878 -0.695450
vn 0.341931 0.692969 0.634726
vn 0.341931 0.692969 0.634726
vn 0.341931 0.692969 0.634726
vn -0.451186 0.771697 -0.448236
vn -0.451187 0.771697 -0.448236
vn -0.451186 0.771697 -0.448236
vn -0.269781 0.763460 -0.586811
vn -0.269781 0.763460 -0.586811
vn -0.269781 0.763460 -0.586811
vn 0.523305 0.684694 0.507293
vn 0.523303 0.684694 0.507294
vn 0.523302 0.684695 0.507294
vn 0.680448 0.642095 0.353137
vn 0.680447 0.642095 0.353137
vn 0.680446 0.642096 0.353138
vn -0.072793 0.714877 -0.695451
vn -0.072793 0.714878 -0.695450
vn -0.072793 0.714877 -0.695451
vn 0.515859 0.667127 -0.537430
vn 0.515860 0.667127 -0.537430
vn 0.515859 0.667127 -0.537430
vn -0.664688 0.743531 0.073150
vn -0.664688 0.743531 0.073150
vn -0.664688 0.743531 0.073150
vn -0.571170 0.772433 0.277690
vn -0.571170 0.772434 0.277690
vn -0.571170 0.772434 0.277689
vn 0.630011 0.692908 -0.350664
vn 0.630011 0.692907 -0.350664
vn 0.630010 0.692908 -0.350664
vn 0.715946 0.684115 -0.139314
vn 0.715946 0.684115 -0.139315
vn 0.715946 0.684115 -0.139314
vn -0.443330 0.760475 0.474485
vn -0.443330 0.760475 0.474485
vn -0.443330 0.760475 0.474485
vn 0.515858 0.667127 -0.537430
vn 0.515858 0.667127 -0.537430
vn 0.515859 0.667127 -0.537430
vn -0.664687 0.743532 0.073150
vn -0.664687 0.743532 0.073150
vn -0.664687 0.743532 0.073150
vn -0.571170 0.772433 0.277691
vn -0.571170 0.772433 0.277691
vn -0.571171 0.772432 0.277691
vn 0.630012 0.692907 -0.350662
vn 0.630012 0.692908 -0.350662
vn 0.630013 0.692907 -0.350662
vn 0.715946 0.684114 -0.139315
vn 0.715946 0.684115 -0.139315
vn 0.715947 0.684114 -0.139315
vn -0.443330 0.760475 0.474485
vn -0.443330 0.760475 0.474485
vn -0.443329 0.760476 0.474485
vn 0.678104 0.692969 -0.244886
vn 0.678104 0.692969 -0.244886
vn 0.678105 0.692968 -0.244886
vn -0.509705 0.771697 0.380374
vn -0.509705 0.771697 0.380375
vn -0.509706 0.771697 0.380374
vn -0.620100 0.763461 0.180565
vn -0.620101 0.763460 0.180565
vn -0.620100 0.763461 0.180565
vn 0.578725 0.684694 -0.443026
vn 0.578725 0.684693 -0.443026
vn 0.578725 0.684693 -0.443026
vn 0.449351 0.642094 -0.621127
vn 0.449351 0.642094 -0.621127
vn 0.449351 0.642094 -0.621127
vn -0.698595 0.714878 -0.030255
vn -0.698594 0.714878 -0.030255
vn -0.698595 0.714877 -0.030255
vn 0.678103 0.692970 -0.244886
vn 0.678103 0.692969 -0.244886
vn 0.678104 0.692969 -0.244886
vn -0.509705 0.771697 0.380375
vn -0.509705 0.771697 0.380375
vn -0.509705 0.771696 0.380375
vn -0.620101 0.763460 0.180566
vn -0.620101 0.763460 0.180566
vn -0.620100 0.763461 0.180566
vn 0.578726 0.684693 -0.443026
vn 0.578726 0.684693 -0.443025
vn 0.578727 0.684693 -0.443025
vn 0.449349 0.642095 -0.621128
vn 0.449349 0.642095 -0.621127
vn 0.449350 0.642095 -0.621127
vn -0.698595 0.714877 -0.030256
vn -0.698594 0.714878 -0.030256
vn -0.698596 0.714877 -0.030256
vn 0.720626 0.686281 -0.098575
vn 0.720626 0.686281 -0.098575
vn 0.720625 0.686282 -0.098575
vn -0.619847 0.775379 -0.120734
vn -0.619848 0.775379 -0.120734
vn -0.619848 0.775379 -0.120734
vn -0.628732 0.770092 0.107951
vn -0.628732 0.770093 0.107952
vn -0.628731 0.770094 0.107952
vn 0.722228 0.680670 0.122781
vn 0.722228 0.680670 0.122781
vn 0.722228 0.680670 0.122782
vn 0.687753 0.640968 0.340817
vn 0.687753 0.640968 0.340817
vn 0.687753 0.640967 0.340817
vn -0.604283 0.723828 0.333039
vn -0.604283 0.723828 0.333039
vn -0.604283 0.723828 0.333039
vn 0.720627 0.686280 -0.098574
vn 0.720627 0.686280 -0.098574
vn 0.720627 0.686280 -0.098574
vn -0.619848 0.775379 -0.120733
vn -0.619848 0.775378 -0.120733
vn -0.619850 0.775377 -0.120733
vn -0.628732 0.770092 0.107951
vn -0.628731 0.770093 0.107951
vn -0.628730 0.770094 0.107950
vn 0.722228 0.680670 0.122781
vn 0.722228 0.680670 0.122781
vn 0.722228 0.680670 0.122780
vn 0.687752 0.640969 0.340816
vn 0.687753 0.640968 0.340817
vn 0.687752 0.640969 0.340816
vn -0.604282 0.723829 0.333039
vn -0.604283 0.723828 0.333038
vn -0.604284 0.723828 0.333038
vn 0.709089 0.664581 0.235636
vn 0.709089 0.664581 0.235636
vn 0.709089 0.664582 0.235636
vn -0.620376 0.751453 0.224613
vn -0.620376 0.751453 0.224613
vn -0.620376 0.751454 0.224613
vn -0.628614 0.777716 -0.001205
vn -0.628614 0.777716 -0.001205
vn -0.628614 0.777716 -0.001206
vn 0.725918 0.687566 0.017237
vn 0.725918 0.687566 0.017238
vn 0.725917 0.687566 0.017239
vn 0.706290 0.676259 -0.209352
vn 0.706290 0.676259 -0.209352
vn 0.706291 0.676258 -0.209352
vn -0.602927 0.762547 -0.234523
vn -0.602927 0.762547 -0.234523
vn -0.602928 0.762546 -0.234523
vn 0.709090 0.664581 0.235636
vn 0.709090 0.664581 0.235636
vn 0.709091 0.664580 0.235635
vn -0.620377 0.751453 0.224613
vn -0.620377 0.751453 0.224613
vn -0.620377 0.751453 0.224613
vn -0.628614 0.777716 -0.001206
vn -0.628614 0.777717 -0.001206
vn -0.628615 0.777716 -0.001207
vn 0.725918 0.687566 0.017237
vn 0.725917 0.687566 0.017237
vn 0.725916 0.687567 0.017237
vn 0.706289 0.676260 -0.209351
vn 0.706289 0.676260 -0.209351
vn 0.706289 0.676260 -0.209350
vn -0.602927 0.762547 -0.234522
vn -0.602927 0.762547 -0.234522
vn -0.602927 0.762547 -0.234523
vn -0.014863 0.722242 0.691481
vn -0.014863 0.722242 0.691480
vn -0.014862 0.722241 0.691482
vn 0.343692 0.722242 -0.600201
vn 0.343693 0.722242 -0.600202
vn 0.343694 0.722241 -0.600202
vn 0.129729 0.731925 -0.668922
vn 0.129729 0.731925 -0.668922
vn 0.129729 0.731925 -0.668922
vn -0.233634 0.731924 0.640080
vn -0.233634 0.731924 0.640080
vn -0.233635 0.731924 0.640080
vn -0.445014 0.703544 0.554066
vn -0.445015 0.703543 0.554066
vn -0.445012 0.703544 0.554066
vn -0.095743 0.703543 -0.704174
vn -0.095743 0.703543 -0.704174
vn -0.095743 0.703544 -0.704173
vn -0.014863 0.722242 0.691480
vn -0.014863 0.722243 0.691480
vn -0.014863 0.722242 0.691481
vn 0.343693 0.722242 -0.600201
vn 0.343693 0.722242 -0.600201
vn 0.343694 0.722242 -0.600201
vn 0.129729 0.731926 -0.668921
vn 0.129730 0.731925 -0.668921
vn 0.129732 0.731925 -0.668921
vn -0.233629 0.731926 0.640079
vn -0.233631 0.731926 0.640079
vn -0.233627 0.731926 0.640080
vn -0.445017 0.703543 0.554064
vn -0.445017 0.703543 0.554065
vn -0.445017 0.703543 0.554064
vn -0.095747 0.703543 -0.704174
vn -0.095746 0.703543 -0.704173
vn -0.095744 0.703544 -0.704173
vn -0.343693 0.722242 0.600201
vn -0.343693 0.722242 0.600201
vn -0.343692 0.722243 0.600200
vn 0.014863 0.722242 -0.691481
vn 0.014863 0.722242 -0.691480
vn 0.014862 0.722241 -0.691482
vn 0.233632 0.731925 -0.640080
vn 0.233632 0.731925 -0.640080
vn 0.233632 0.731924 -0.640080
vn -0.129731 0.731925 0.668922
vn -0.129730 0.731925 0.668922
vn -0.129729 0.731925 0.668922
vn 0.095742 0.703543 0.704174
vn 0.095741 0.703543 0.704174
vn 0.095739 0.703544 0.704173
vn 0.445016 0.703542 -0.554066
vn 0.445015 0.703543 -0.554066
vn 0.445017 0.703542 -0.554066
vn -0.343693 0.722243 0.600201
vn -0.343692 0.722243 0.600201
vn -0.343691 0.722244 0.600200
vn 0.014861 0.722242 -0.691480
vn 0.014862 0.722243 -0.691480
vn 0.014860 0.722242 -0.691481
vn 0.233633 0.731925 -0.640079
vn 0.233632 0.731925 -0.640079
vn 0.233635 0.731925 -0.640079
vn -0.129729 0.731926 0.668921
vn -0.129730 0.731925 0.668921
vn -0.129732 0.731925 0.668921
vn 0.095745 0.703543 0.704173
vn 0.095745 0.703543 0.704173
vn 0.095744 0.703544 0.704172
vn 0.445017 0.703543 -0.554065
vn 0.445016 0.703543 -0.554065
vn 0.445017 0.703542 -0.554065
vn 0.469965 0.667127 0.577992
vn 0.469965 0.667127 0.577992
vn 0.469965 0.667127 0.577993
vn 0.009085 0.743531 -0.668639
vn 0.009086 0.743531 -0.668639
vn 0.009086 0.743531 -0.668639
vn -0.205397 0.772433 -0.600965
vn -0.205397 0.772433 -0.600965
vn -0.205396 0.772433 -0.600965
vn 0.270587 0.692907 0.668328
vn 0.270587 0.692907 0.668328
vn 0.270587 0.692908 0.668328
vn 0.050276 0.684115 0.727639
vn 0.050276 0.684115 0.727640
vn 0.050276 0.684115 0.727639
vn -0.416410 0.760475 -0.498277
vn -0.416410 0.760475 -0.498277
vn -0.416411 0.760475 -0.498277
vn 0.469964 0.667127 0.577992
vn 0.469964 0.667127 0.577992
vn 0.469963 0.667128 0.577992
vn 0.009085 0.743531 -0.668639
vn 0.009085 0.743532 -0.668639
vn 0.009085 0.743532 -0.668638
vn -0.205396 0.772433 -0.600966
vn -0.205397 0.772432 -0.600966
vn -0.205397 0.772432 -0.600966
vn 0.270587 0.692908 0.668327
vn 0.270586 0.692908 0.668328
vn 0.270588 0.692908 0.668327
vn 0.050277 0.684114 0.727640
vn 0.050278 0.684115 0.727640
vn 0.050276 0.684113 0.727641
vn -0.416411 0.760475 -0.498277
vn -0.416412 0.760474 -0.498277
vn -0.416413 0.760473 -0.498277
vn 0.159699 0.692970 0.703057
vn 0.159699 0.692970 0.703057
vn 0.159699 0.692969 0.703057
vn -0.314856 0.771697 -0.552585
vn -0.314856 0.771696 -0.552585
vn -0.314855 0.771697 -0.552585
vn -0.102995 0.763460 -0.637590
vn -0.102996 0.763460 -0.637590
vn -0.102993 0.763460 -0.637590
vn 0.368551 0.684694 0.628780
vn 0.368553 0.684694 0.628780
vn 0.368554 0.684693 0.628779
vn 0.561199 0.642094 0.522274
vn 0.561199 0.642094 0.522274
vn 0.561200 0.642094 0.522274
vn 0.115875 0.714877 -0.689583
vn 0.115875 0.714877 -0.689583
vn 0.115877 0.714877 -0.689582
vn 0.159702 0.692970 0.703057
vn 0.159702 0.692969 0.703057
vn 0.159702 0.692969 0.703057
vn -0.314856 0.771697 -0.552585
vn -0.314855 0.771697 -0.552586
vn -0.314857 0.771697 -0.552584
vn -0.102997 0.763461 -0.637589
vn -0.102997 0.763460 -0.637589
vn -0.102996 0.763461 -0.637588
vn 0.368550 0.684694 0.628780
vn 0.368550 0.684694 0.628780
vn 0.368551 0.684694 0.628780
vn 0.561199 0.642095 0.522274
vn 0.561199 0.642095 0.522274
vn 0.561199 0.642095 0.522274
vn 0.115876 0.714877 -0.689582
vn 0.115876 0.714878 -0.689581
vn 0.115878 0.714876 -0.689583
vn 0.640812 0.667127 -0.379870
vn 0.640812 0.667127 -0.379870
vn 0.640813 0.667126 -0.379871
vn -0.660036 0.743532 -0.107301
vn -0.660036 0.743532 -0.107301
vn -0.660035 0.743532 -0.107301
vn -0.624634 0.772433 0.114799
vn -0.624635 0.772433 0.114798
vn -0.624635 0.772433 0.114797
vn 0.700851 0.692906 -0.169376
vn 0.700852 0.692906 -0.169375
vn 0.700850 0.692907 -0.169376
vn 0.727124 0.684114 0.057260
vn 0.727123 0.684115 0.057260
vn 0.727124 0.684114 0.057260
vn -0.554090 0.760475 0.338618
vn -0.554090 0.760475 0.338618
vn -0.554089 0.760475 0.338619
vn 0.640813 0.667127 -0.379870
vn 0.640813 0.667127 -0.379870
vn 0.640812 0.667127 -0.379869
vn -0.660036 0.743532 -0.107301
vn -0.660035 0.743532 -0.107301
vn -0.660034 0.743533 -0.107301
vn -0.624635 0.772433 0.114797
vn -0.624635 0.772433 0.114798
vn -0.624635 0.772433 0.114799
vn 0.700850 0.692908 -0.169375
vn 0.700850 0.692908 -0.169375
vn 0.700851 0.692907 -0.169375
vn 0.727125 0.684113 0.057259
vn 0.727125 0.684114 0.057258
vn 0.727125 0.684113 0.057260
vn -0.554089 0.760475 0.338620
vn -0.554089 0.760475 0.338620
vn -0.554089 0.760475 0.338620
vn 0.718898 0.692969 -0.054588
vn 0.718898 0.692969 -0.054587
vn 0.718899 0.692968 -0.054587
vn -0.592875 0.771696 0.230183
vn -0.592875 0.771696 0.230183
vn -0.592875 0.771696 0.230184
vn -0.645803 0.763461 0.008125
vn -0.645803 0.763461 0.008125
vn -0.645804 0.763460 0.008125
vn 0.676137 0.684694 -0.272090
vn 0.676137 0.684694 -0.272091
vn 0.676137 0.684694 -0.272092
vn 0.599115 0.642094 -0.478306
vn 0.599114 0.642094 -0.478307
vn 0.599114 0.642094 -0.478307
vn -0.665049 0.714877 -0.216010
vn -0.665050 0.714877 -0.216010
vn -0.665049 0.714877 -0.216011
vn 0.718897 0.692970 -0.054589
vn 0.718897 0.692970 -0.054589
vn 0.718898 0.692969 -0.054589
vn -0.592874 0.771697 0.230181
vn -0.592874 0.771697 0.230182
vn -0.592875 0.771697 0.230181
vn -0.645803 0.763461 0.008127
vn -0.645804 0.763460 0.008127
vn -0.645801 0.763462 0.008128
vn 0.676138 0.684694 -0.272090
vn 0.676138 0.684693 -0.272090
vn 0.676138 0.684693 -0.272090
vn 0.599113 0.642096 -0.478305
vn 0.599114 0.642096 -0.478305
vn 0.599114 0.642096 -0.478305
vn -0.665049 0.714877 -0.216010
vn -0.665048 0.714878 -0.216010
vn -0.665051 0.714875 -0.216011
vn 0.720737 0.686280 0.097765
vn 0.720736 0.686281 0.097766
vn 0.720738 0.686279 0.097765
vn -0.564970 0.775379 -0.282127
vn -0.564971 0.775379 -0.282127
vn -0.564972 0.775378 -0.282126
vn -0.634697 0.770094 -0.064151
vn -0.634697 0.770094 -0.064151
vn -0.634697 0.770094 -0.064151
vn 0.663073 0.680670 0.311485
vn 0.663073 0.680669 0.311485
vn 0.663073 0.680670 0.311486
vn 0.571534 0.640968 0.512356
vn 0.571534 0.640968 0.512356
vn 0.571534 0.640968 0.512355
vn -0.671345 0.723828 0.159273
vn -0.671346 0.723828 0.159273
vn -0.671347 0.723827 0.159274
vn 0.720735 0.686282 0.097766
vn 0.720736 0.686281 0.097766
vn 0.720733 0.686284 0.097767
vn -0.564970 0.775379 -0.282128
vn -0.564969 0.775379 -0.282128
vn -0.564969 0.775380 -0.282129
vn -0.634697 0.770093 -0.064154
vn -0.634698 0.770093 -0.064152
vn -0.634699 0.770092 -0.064151
vn 0.663072 0.680670 0.311486
vn 0.663073 0.680670 0.311485
vn 0.663072 0.680670 0.311487
vn 0.571535 0.640967 0.512356
vn 0.571535 0.640968 0.512356
vn 0.571536 0.640967 0.512355
vn -0.671346 0.723827 0.159275
vn -0.671346 0.723827 0.159275
vn -0.671347 0.723827 0.159274
vn 0.620227 0.664581 0.416714
vn 0.620227 0.664581 0.416714
vn 0.620228 0.664580 0.416715
vn -0.657851 0.751454 0.050496
vn -0.657851 0.751453 0.050496
vn -0.657850 0.751454 0.050496
vn -0.605388 0.777717 -0.169300
vn -0.605388 0.777717 -0.169300
vn -0.605387 0.777717 -0.169300
vn 0.694858 0.687566 0.210773
vn 0.694858 0.687566 0.210773
vn 0.694858 0.687566 0.210773
vn 0.736552 0.676259 -0.012811
vn 0.736553 0.676259 -0.012811
vn 0.736553 0.676258 -0.012811
vn -0.518231 0.762546 -0.387247
vn -0.518231 0.762546 -0.387247
vn -0.518230 0.762547 -0.387247
vn 0.620228 0.664580 0.416714
vn 0.620228 0.664581 0.416713
vn 0.620228 0.664581 0.416712
vn -0.657852 0.751453 0.050493
vn -0.657852 0.751453 0.050493
vn -0.657851 0.751453 0.050493
vn -0.605390 0.777716 -0.169298
vn -0.605390 0.777716 -0.169297
vn -0.605390 0.777716 -0.169299
vn 0.694858 0.687566 0.210773
vn 0.694857 0.687567 0.210775
vn 0.694856 0.687567 0.210776
vn 0.736552 0.676260 -0.012809
vn 0.736552 0.676259 -0.012810
vn 0.736553 0.676259 -0.012811
vn -0.518230 0.762547 -0.387246
vn -0.518230 0.762547 -0.387247
vn -0.518229 0.762548 -0.387246
vn -0.248550 0.722242 0.645437
vn -0.248550 0.722242 0.645438
vn -0.248551 0.722243 0.645436
vn 0.526918 0.722241 -0.448024
vn 0.526917 0.722242 -0.448024
vn 0.526915 0.722243 -0.448024
vn 0.348955 0.731926 -0.585248
vn 0.348955 0.731926 -0.585248
vn 0.348956 0.731925 -0.585248
vn -0.436908 0.731926 0.522872
vn -0.436909 0.731926 0.522872
vn -0.436908 0.731926 0.522872
vn -0.606583 0.703542 0.370252
vn -0.606581 0.703543 0.370252
vn -0.606586 0.703540 0.370251
vn 0.148808 0.703542 -0.694899
vn 0.148806 0.703542 -0.694900
vn 0.148804 0.703541 -0.694901
vn -0.248550 0.722242 0.645438
vn -0.248550 0.722241 0.645438
vn -0.248549 0.722242 0.645437
vn 0.526919 0.722241 -0.448023
vn 0.526918 0.722242 -0.448023
vn 0.526915 0.722243 -0.448024
vn 0.348955 0.731925 -0.585249
vn 0.348955 0.731925 -0.585249
vn 0.348955 0.731925 -0.585249
vn -0.436909 0.731925 0.522873
vn -0.436909 0.731925 0.522873
vn -0.436909 0.731925 0.522873
vn -0.606583 0.703543 0.370250
vn -0.606584 0.703542 0.370250
vn -0.606581 0.703543 0.370251
vn 0.148807 0.703541 -0.694900
vn 0.148807 0.703541 -0.694900
vn 0.148807 0.703541 -0.694901
vn -0.526918 0.722241 0.448024
vn -0.526919 0.722241 0.448024
vn -0.526921 0.722239 0.448024
vn 0.248551 0.722242 -0.645437
vn 0.248551 0.722241 -0.645438
vn 0.248551 0.722243 -0.645436
vn 0.436910 0.731925 -0.522872
vn 0.436910 0.731926 -0.522872
vn 0.436911 0.731925 -0.522872
vn -0.348957 0.731925 0.585247
vn -0.348956 0.731925 0.585248
vn -0.348956 0.731926 0.585248
vn -0.148809 0.703542 0.694899
vn -0.148809 0.703542 0.694899
vn -0.148808 0.703541 0.694901
vn 0.606582 0.703542 -0.370252
vn 0.606585 0.703540 -0.370251
vn 0.606578 0.703545 -0.370253
vn -0.526918 0.722242 0.448023
vn -0.526919 0.722241 0.448023
vn -0.526920 0.722240 0.448023
vn 0.248550 0.722241 -0.645438
vn 0.248550 0.722241 -0.645438
vn 0.248549 0.722242 -0.645438
vn 0.436909 0.731925 -0.522873
vn 0.436909 0.731925 -0.522872
vn 0.436909 0.731926 -0.522872
vn -0.348955 0.731926 0.585248
vn -0.348955 0.731926 0.585248
vn -0.348955 0.731926 0.585248
vn -0.148808 0.703542 0.694899
vn -0.148809 0.703541 0.694900
vn -0.148809 0.703540 0.694901
vn 0.606584 0.703541 -0.370250
vn 0.606584 0.703542 -0.370250
vn 0.606586 0.703541 -0.370249
vn 0.246029 0.667126 0.703145
vn 0.246029 0.667126 0.703145
vn 0.246029 0.667127 0.703144
vn 0.235367 0.743531 -0.625911
vn 0.235366 0.743531 -0.625910
vn 0.235365 0.743533 -0.625910
vn 0.010646 0.772433 -0.635007
vn 0.010646 0.772433 -0.635007
vn 0.010645 0.772433 -0.635007
vn 0.027825 0.692908 0.720489
vn 0.027824 0.692908 0.720489
vn 0.027827 0.692908 0.720488
vn -0.199539 0.684115 0.701549
vn -0.199539 0.684115 0.701549
vn -0.199540 0.684115 0.701548
vn -0.222692 0.760475 -0.609989
vn -0.222692 0.760475 -0.609989
vn -0.222692 0.760475 -0.609988
vn 0.246030 0.667126 0.703145
vn 0.246031 0.667126 0.703144
vn 0.246028 0.667126 0.703145
vn 0.235366 0.743531 -0.625911
vn 0.235366 0.743531 -0.625911
vn 0.235366 0.743531 -0.625911
vn 0.010651 0.772433 -0.635007
vn 0.010650 0.772433 -0.635006
vn 0.010650 0.772434 -0.635006
vn 0.027823 0.692908 0.720489
vn 0.027824 0.692907 0.720490
vn 0.027822 0.692909 0.720488
vn -0.199536 0.684115 0.701550
vn -0.199535 0.684116 0.701549
vn -0.199537 0.684114 0.701551
vn -0.222691 0.760475 -0.609989
vn -0.222695 0.760474 -0.609989
vn -0.222700 0.760473 -0.609988
vn -0.088266 0.692970 0.715543
vn -0.088265 0.692970 0.715543
vn -0.088262 0.692971 0.715543
vn -0.108736 0.771697 -0.626626
vn -0.108736 0.771697 -0.626627
vn -0.108735 0.771697 -0.626626
vn 0.119399 0.763461 -0.634722
vn 0.119398 0.763460 -0.634722
vn 0.119399 0.763461 -0.634721
vn 0.133400 0.684693 0.716519
vn 0.133400 0.684693 0.716519
vn 0.133400 0.684693 0.716519
vn 0.350756 0.642094 0.681679
vn 0.350757 0.642094 0.681678
vn 0.350759 0.642093 0.681678
vn 0.342930 0.714877 -0.609385
vn 0.342930 0.714877 -0.609386
vn 0.342930 0.714877 -0.609385
vn -0.088264 0.692970 0.715543
vn -0.088264 0.692969 0.715544
vn -0.088267 0.692968 0.715545
vn -0.108734 0.771698 -0.626626
vn -0.108734 0.771698 -0.626626
vn -0.108735 0.771698 -0.626625
vn 0.119399 0.763461 -0.634721
vn 0.119401 0.763461 -0.634721
vn 0.119396 0.763461 -0.634721
vn 0.133393 0.684695 0.716519
vn 0.133393 0.684694 0.716519
vn 0.133394 0.684693 0.716520
vn 0.350755 0.642093 0.681679
vn 0.350755 0.642094 0.681680
vn 0.350754 0.642094 0.681680
vn 0.342928 0.714878 -0.609385
vn 0.342929 0.714877 -0.609385
vn 0.342925 0.714879 -0.609385
vn 0.731677 0.667127 -0.139965
vn 0.731678 0.667126 -0.139965
vn 0.731675 0.667129 -0.139964
vn -0.584501 0.743530 -0.324841
vn -0.584500 0.743531 -0.324841
vn -0.584498 0.743533 -0.324840
vn -0.626538 0.772435 -0.103902
vn -0.626538 0.772434 -0.103901
vn -0.626539 0.772434 -0.103900
vn 0.716749 0.692909 0.078414
vn 0.716749 0.692909 0.078414
vn 0.716749 0.692909 0.078415
vn 0.664583 0.684116 0.300524
vn 0.664583 0.684116 0.300524
vn 0.664583 0.684116 0.300524
vn -0.636102 0.760476 0.130581
vn -0.636102 0.760476 0.130580
vn -0.636102 0.760476 0.130579
vn 0.731677 0.667126 -0.139966
vn 0.731677 0.667127 -0.139966
vn 0.731678 0.667126 -0.139966
vn -0.584498 0.743532 -0.324842
vn -0.584498 0.743532 -0.324842
vn -0.584498 0.743532 -0.324841
vn -0.626539 0.772434 -0.103902
vn -0.626538 0.772434 -0.103902
vn -0.626537 0.772435 -0.103903
vn 0.716750 0.692907 0.078414
vn 0.716751 0.692906 0.078416
vn 0.716750 0.692908 0.078412
vn 0.664585 0.684114 0.300523
vn 0.664584 0.684116 0.300522
vn 0.664586 0.684113 0.300524
vn -0.636101 0.760477 0.130579
vn -0.636103 0.760475 0.130579
vn -0.636106 0.760472 0.130580
vn 0.694789 0.692969 0.192518
vn 0.694788 0.692970 0.192518
vn 0.694785 0.692972 0.192518
vn -0.635804 0.771697 0.015414
vn -0.635804 0.771697 0.015414
vn -0.635803 0.771697 0.015414
vn -0.610268 0.763460 -0.211429
vn -0.610269 0.763459 -0.211429
vn -0.610266 0.763462 -0.211428
vn 0.728346 0.684693 -0.026595
vn 0.728347 0.684693 -0.026594
vn 0.728347 0.684692 -0.026594
vn 0.725845 0.642094 -0.246709
vn 0.725846 0.642093 -0.246708
vn 0.725847 0.642091 -0.246708
vn -0.552342 0.714876 -0.428802
vn -0.552342 0.714876 -0.428801
vn -0.552341 0.714876 -0.428802
vn 0.694789 0.692969 0.192516
vn 0.694788 0.692969 0.192516
vn 0.694788 0.692969 0.192517
vn -0.635802 0.771698 0.015415
vn -0.635802 0.771698 0.015415
vn -0.635802 0.771698 0.015415
vn -0.610267 0.763460 -0.211430
vn -0.610266 0.763461 -0.211430
vn -0.610268 0.763460 -0.211430
vn 0.728346 0.684694 -0.026590
vn 0.728347 0.684693 -0.026592
vn 0.728348 0.684691 -0.026593
vn 0.725844 0.642094 -0.246710
vn 0.725845 0.642093 -0.246710
vn 0.725846 0.642092 -0.246710
vn -0.552337 0.714879 -0.428803
vn -0.552338 0.714878 -0.428803
vn -0.552334 0.714881 -0.428803
vn 0.644835 0.686281 0.336461
vn 0.644836 0.686280 0.336461
vn 0.644834 0.686282 0.336462
vn -0.435764 0.775379 -0.457053
vn -0.435764 0.775379 -0.457053
vn -0.435765 0.775379 -0.457053
vn -0.575302 0.770092 -0.275654
vn -0.575304 0.770091 -0.275654
vn -0.575306 0.770090 -0.275653
vn 0.518092 0.680670 0.517947
vn 0.518091 0.680670 0.517947
vn 0.518092 0.680669 0.517948
vn 0.363843 0.640967 0.675855
vn 0.363842 0.640967 0.675855
vn 0.363844 0.640967 0.675855
vn -0.685568 0.723828 -0.077907
vn -0.685569 0.723827 -0.077907
vn -0.685571 0.723825 -0.077907
vn 0.644835 0.686281 0.336461
vn 0.644835 0.686282 0.336461
vn 0.644836 0.686280 0.336461
vn -0.435763 0.775380 -0.457052
vn -0.435763 0.775380 -0.457052
vn -0.435763 0.775380 -0.457052
vn -0.575302 0.770092 -0.275655
vn -0.575303 0.770092 -0.275655
vn -0.575303 0.770092 -0.275654
vn 0.518090 0.680670 0.517948
vn 0.518090 0.680670 0.517949
vn 0.518091 0.680671 0.517947
vn 0.363840 0.640969 0.675854
vn 0.363841 0.640969 0.675854
vn 0.363838 0.640969 0.675855
vn -0.685568 0.723828 -0.077906
vn -0.685567 0.723829 -0.077907
vn -0.685564 0.723832 -0.077907
vn 0.442090 0.664581 0.602402
vn 0.442090 0.664581 0.602402
vn 0.442091 0.664580 0.602402
vn -0.635974 0.751453 -0.175658
vn -0.635972 0.751454 -0.175658
vn -0.635977 0.751451 -0.175657
vn -0.512061 0.777716 -0.364624
vn -0.512062 0.777716 -0.364624
vn -0.512061 0.777716 -0.364624
vn 0.582156 0.687567 0.433989
vn 0.582156 0.687567 0.433989
vn 0.582157 0.687566 0.433989
vn 0.697225 0.676259 0.237805
vn 0.697224 0.676260 0.237806
vn 0.697222 0.676261 0.237807
vn -0.356139 0.762546 -0.540082
vn -0.356139 0.762547 -0.540081
vn -0.356138 0.762546 -0.540083
vn 0.442092 0.664579 0.602403
vn 0.442091 0.664580 0.602403
vn 0.442090 0.664580 0.602403
vn -0.635974 0.751453 -0.175659
vn -0.635972 0.751454 -0.175659
vn -0.635977 0.751450 -0.175658
vn -0.512062 0.777716 -0.364624
vn -0.512062 0.777715 -0.364625
vn -0.512063 0.777716 -0.364622
vn 0.582160 0.687564 0.433988
vn 0.582157 0.687566 0.433989
vn 0.582153 0.687568 0.433991
vn 0.697225 0.676257 0.237809
vn 0.697226 0.676257 0.237809
vn 0.697227 0.676256 0.237808
vn -0.356142 0.762545 -0.540082
vn -0.356142 0.762545 -0.540082
vn -0.356142 0.762545 -0.540082
vn -0.519528 0.722242 0.456571
vn -0.519528 0.722242 0.456571
vn -0.519528 0.722242 0.456571
vn 0.674602 0.722242 -0.152576
vn 0.674602 0.722241 -0.152576
vn 0.674604 0.722240 -0.152576
vn 0.580572 0.731924 -0.356683
vn 0.580571 0.731925 -0.356682
vn 0.580570 0.731927 -0.356681
vn -0.629569 0.731925 0.260631
vn -0.629570 0.731925 0.260630
vn -0.629568 0.731926 0.260632
vn -0.709115 0.703543 0.046727
vn -0.709115 0.703543 0.046727
vn -0.709115 0.703543 0.046726
vn 0.454098 0.703542 -0.546648
vn 0.454098 0.703542 -0.546648
vn 0.454098 0.703541 -0.546649
vn -0.519527 0.722242 0.456572
vn -0.519528 0.722242 0.456571
vn -0.519526 0.722242 0.456573
vn 0.674601 0.722242 -0.152576
vn 0.674601 0.722243 -0.152576
vn 0.674600 0.722244 -0.152576
vn 0.580573 0.731924 -0.356683
vn 0.580573 0.731924 -0.356682
vn 0.580573 0.731924 -0.356681
vn -0.629570 0.731924 0.260631
vn -0.629569 0.731926 0.260631
vn -0.629572 0.731923 0.260631
vn -0.709114 0.703543 0.046726
vn -0.709117 0.703541 0.046726
vn -0.709111 0.703547 0.046727
vn 0.454098 0.703542 -0.546648
vn 0.454097 0.703542 -0.546648
vn 0.454095 0.703543 -0.546649
vn -0.674603 0.722240 0.152576
vn -0.674602 0.722241 0.152576
vn -0.674600 0.722243 0.152577
vn 0.519530 0.722241 -0.456571
vn 0.519530 0.722241 -0.456571
vn 0.519530 0.722241 -0.456570
vn 0.629570 0.731924 -0.260630
vn 0.629569 0.731925 -0.260631
vn 0.629572 0.731923 -0.260629
vn -0.580572 0.731925 0.356683
vn -0.580572 0.731925 0.356682
vn -0.580571 0.731926 0.356681
vn -0.454096 0.703543 0.546648
vn -0.454096 0.703542 0.546649
vn -0.454097 0.703542 0.546649
vn 0.709115 0.703543 -0.046727
vn 0.709114 0.703544 -0.046727
vn 0.709115 0.703542 -0.046727
vn -0.674600 0.722243 0.152576
vn -0.674601 0.722242 0.152576
vn -0.674604 0.722240 0.152575
vn 0.519529 0.722241 -0.456571
vn 0.519529 0.722241 -0.456571
vn 0.519528 0.722241 -0.456572
vn 0.629568 0.731926 -0.260631
vn 0.629570 0.731924 -0.260631
vn 0.629567 0.731927 -0.260631
vn -0.580571 0.731925 0.356683
vn -0.580572 0.731925 0.356682
vn -0.580573 0.731925 0.356681
vn -0.454097 0.703542 0.546648
vn -0.454095 0.703543 0.546649
vn -0.454093 0.703544 0.546650
vn 0.709116 0.703542 -0.046726
vn 0.709114 0.703544 -0.046727
vn 0.709118 0.703540 -0.046726
vn -0.108111 0.667127 0.737057
vn -0.108111 0.667127 0.737057
vn -0.108113 0.667127 0.737057
vn 0.498790 0.743532 -0.445385
vn 0.498790 0.743532 -0.445385
vn 0.498790 0.743532 -0.445385
vn 0.303925 0.772431 -0.557655
vn 0.303925 0.772431 -0.557655
vn 0.303926 0.772431 -0.557655
vn -0.309470 0.692907 0.651236
vn -0.309471 0.692907 0.651236
vn -0.309468 0.692908 0.651236
vn -0.502129 0.684114 0.529012
vn -0.502129 0.684115 0.529012
vn -0.502130 0.684114 0.529012
vn 0.085585 0.760475 -0.643703
vn 0.085588 0.760474 -0.643703
vn 0.085593 0.760474 -0.643703
vn -0.108109 0.667127 0.737058
vn -0.108109 0.667127 0.737058
vn -0.108110 0.667127 0.737058
vn 0.498792 0.743532 -0.445384
vn 0.498791 0.743533 -0.445384
vn 0.498790 0.743533 -0.445384
vn 0.303918 0.772433 -0.557656
vn 0.303917 0.772433 -0.557657
vn 0.303916 0.772433 -0.557658
vn -0.309472 0.692908 0.651234
vn -0.309473 0.692908 0.651234
vn -0.309470 0.692909 0.651234
vn -0.502128 0.684115 0.529013
vn -0.502128 0.684115 0.529013
vn -0.502126 0.684116 0.529013
vn 0.085584 0.760475 -0.643703
vn 0.085585 0.760475 -0.643703
vn 0.085585 0.760475 -0.643703
vn -0.410032 0.692970 0.593015
vn -0.410032 0.692970 0.593015
vn -0.410031 0.692970 0.593016
vn 0.194260 0.771697 -0.605596
vn 0.194261 0.771697 -0.605595
vn 0.194260 0.771697 -0.605597
vn 0.400140 0.763458 -0.506971
vn 0.400138 0.763459 -0.506972
vn 0.400144 0.763457 -0.506970
vn -0.214102 0.684693 0.696675
vn -0.214103 0.684692 0.696675
vn -0.214103 0.684692 0.696676
vn -0.005372 0.642095 0.766607
vn -0.005373 0.642095 0.766606
vn -0.005374 0.642095 0.766606
vn 0.586423 0.714878 -0.380864
vn 0.586423 0.714878 -0.380863
vn 0.586424 0.714877 -0.380864
vn -0.410033 0.692970 0.593015
vn -0.410031 0.692970 0.593015
vn -0.410028 0.692971 0.593016
vn 0.194263 0.771697 -0.605596
vn 0.194262 0.771697 -0.605596
vn 0.194265 0.771696 -0.605596
vn 0.400129 0.763461 -0.506975
vn 0.400133 0.763460 -0.506974
vn 0.400124 0.763463 -0.506975
vn -0.214098 0.684694 0.696675
vn -0.214097 0.684694 0.696675
vn -0.214097 0.684695 0.696675
vn -0.005371 0.642095 0.766607
vn -0.005371 0.642094 0.766607
vn -0.005371 0.642094 0.766607
vn 0.586423 0.714878 -0.380864
vn 0.586423 0.714878 -0.380864
vn 0.586424 0.714878 -0.380864
vn 0.713150 0.667127 0.215311
vn 0.713150 0.667126 0.215311
vn 0.713149 0.667127 0.215311
vn -0.367203 0.743532 -0.558858
vn -0.367202 0.743532 -0.558858
vn -0.367202 0.743532 -0.558859
vn -0.506907 0.772433 -0.382613
vn -0.506906 0.772433 -0.382613
vn -0.506906 0.772434 -0.382614
vn 0.598654 0.692907 0.401863
vn 0.598653 0.692908 0.401863
vn 0.598655 0.692906 0.401862
vn 0.449431 0.684114 0.574456
vn 0.449431 0.684114 0.574456
vn 0.449432 0.684114 0.574456
vn -0.624123 0.760474 -0.179302
vn -0.624122 0.760475 -0.179303
vn -0.624120 0.760477 -0.179303
vn 0.713151 0.667126 0.215309
vn 0.713150 0.667127 0.215310
vn 0.713152 0.667125 0.215309
vn -0.367201 0.743532 -0.558860
vn -0.367200 0.743533 -0.558859
vn -0.367197 0.743534 -0.558859
vn -0.506909 0.772433 -0.382610
vn -0.506909 0.772433 -0.382610
vn -0.506910 0.772433 -0.382609
vn 0.598654 0.692906 0.401865
vn 0.598654 0.692906 0.401865
vn 0.598654 0.692906 0.401865
vn 0.449430 0.684115 0.574455
vn 0.449429 0.684116 0.574456
vn 0.449432 0.684115 0.574455
vn -0.624123 0.760474 -0.179303
vn -0.624122 0.760475 -0.179303
vn -0.624119 0.760477 -0.179304
vn 0.526280 0.692969 0.492771
vn 0.526280 0.692969 0.492771
vn 0.526281 0.692969 0.492771
vn -0.570451 0.771696 -0.281195
vn -0.570452 0.771696 -0.281195
vn -0.570449 0.771698 -0.281196
vn -0.442626 0.763460 -0.470330
vn -0.442626 0.763460 -0.470331
vn -0.442626 0.763461 -0.470329
vn 0.657623 0.684693 0.314210
vn 0.657623 0.684693 0.314210
vn 0.657624 0.684692 0.314209
vn 0.757486 0.642093 0.118035
vn 0.757484 0.642094 0.118036
vn 0.757483 0.642096 0.118036
vn -0.290496 0.714877 -0.636052
vn -0.290496 0.714878 -0.636051
vn -0.290496 0.714876 -0.636054
vn 0.526280 0.692969 0.492771
vn 0.526280 0.692969 0.492771
vn 0.526280 0.692969 0.492771
vn -0.570450 0.771696 -0.281197
vn -0.570450 0.771696 -0.281197
vn -0.570449 0.771697 -0.281197
vn -0.442629 0.763460 -0.470328
vn -0.442628 0.763460 -0.470329
vn -0.442630 0.763460 -0.470326
vn 0.657621 0.684694 0.314210
vn 0.657622 0.684694 0.314210
vn 0.657622 0.684693 0.314210
vn 0.757485 0.642094 0.118032
vn 0.757485 0.642094 0.118032
vn 0.757485 0.642094 0.118032
vn -0.290499 0.714875 -0.636053
vn -0.290499 0.714876 -0.636053
vn -0.290499 0.714874 -0.636054
vn 0.415269 0.686281 0.597136
vn 0.415268 0.686281 0.597136
vn 0.415271 0.686280 0.597135
vn -0.174118 0.775376 -0.607021
vn -0.174118 0.775376 -0.607021
vn -0.174119 0.775376 -0.607021
vn -0.381861 0.770093 -0.511017
vn -0.381862 0.770093 -0.511017
vn -0.381864 0.770093 -0.511016
vn 0.218816 0.680670 0.699148
vn 0.218816 0.680670 0.699148
vn 0.218815 0.680670 0.699148
vn 0.008922 0.640969 0.767515
vn 0.008923 0.640968 0.767516
vn 0.008921 0.640969 0.767515
vn -0.571260 0.723829 -0.386955
vn -0.571260 0.723829 -0.386955
vn -0.571259 0.723829 -0.386955
vn 0.415270 0.686279 0.597137
vn 0.415269 0.686279 0.597137
vn 0.415273 0.686278 0.597136
vn -0.174117 0.775378 -0.607019
vn -0.174117 0.775379 -0.607019
vn -0.174117 0.775379 -0.607018
vn -0.381862 0.770094 -0.511015
vn -0.381863 0.770094 -0.511015
vn -0.381864 0.770094 -0.511015
vn 0.218816 0.680670 0.699148
vn 0.218817 0.680669 0.699149
vn 0.218815 0.680671 0.699148
vn 0.008923 0.640968 0.767515
vn 0.008924 0.640968 0.767516
vn 0.008923 0.640969 0.767515
vn -0.571259 0.723829 -0.386956
vn -0.571259 0.723829 -0.386956
vn -0.571258 0.723829 -0.386957
vn 0.112313 0.664582 0.738726
vn 0.112313 0.664582 0.738726
vn 0.112313 0.664582 0.738726
vn -0.481987 0.751455 -0.450560
vn -0.481986 0.751455 -0.450560
vn -0.481990 0.751454 -0.450558
vn -0.284579 0.777716 -0.560511
vn -0.284576 0.777715 -0.560514
vn -0.284583 0.777717 -0.560508
vn 0.314512 0.687566 0.654474
vn 0.314511 0.687565 0.654474
vn 0.314511 0.687565 0.654475
vn 0.507430 0.676259 0.534029
vn 0.507432 0.676259 0.534029
vn 0.507434 0.676258 0.534028
vn -0.065065 0.762545 -0.643655
vn -0.065067 0.762546 -0.643654
vn -0.065063 0.762544 -0.643657
vn 0.112315 0.664581 0.738727
vn 0.112315 0.664580 0.738728
vn 0.112316 0.664580 0.738728
vn -0.481990 0.751454 -0.450559
vn -0.481990 0.751454 -0.450558
vn -0.481990 0.751454 -0.450559
vn -0.284573 0.777716 -0.560514
vn -0.284572 0.777716 -0.560515
vn -0.284573 0.777717 -0.560513
vn 0.314507 0.687566 0.654475
vn 0.314509 0.687566 0.654475
vn 0.314512 0.687565 0.654474
vn 0.507434 0.676258 0.534029
vn 0.507432 0.676258 0.534029
vn 0.507430 0.676260 0.534030
vn -0.065067 0.762546 -0.643653
vn -0.065067 0.762547 -0.643652
vn -0.065067 0.762545 -0.643655
vn -0.176958 0.722243 0.668619
vn -0.176958 0.722243 0.668619
vn -0.176958 0.722243 0.668619
vn 0.475126 0.722243 -0.502614
vn 0.475127 0.722242 -0.502614
vn 0.475128 0.722242 -0.502613
vn 0.283305 0.731927 -0.619694
vn 0.283307 0.731926 -0.619694
vn 0.283309 0.731926 -0.619694
vn -0.377521 0.731926 0.567241
vn -0.377519 0.731926 0.567242
vn -0.377523 0.731925 0.567241
vn -0.562768 0.703544 0.433957
vn -0.562769 0.703543 0.433956
vn -0.562767 0.703544 0.433957
vn 0.072428 0.703543 -0.706952
vn 0.072429 0.703543 -0.706952
vn 0.072429 0.703543 -0.706952
vn -0.176960 0.722242 0.668619
vn -0.176960 0.722242 0.668619
vn -0.176961 0.722242 0.668619
vn 0.475124 0.722242 -0.502617
vn 0.475124 0.722242 -0.502617
vn 0.475125 0.722242 -0.502617
vn 0.283307 0.731925 -0.619696
vn 0.283308 0.731926 -0.619694
vn 0.283310 0.731926 -0.619693
vn -0.377517 0.731927 0.567243
vn -0.377519 0.731926 0.567242
vn -0.377515 0.731928 0.567243
vn -0.562769 0.703542 0.433958
vn -0.562769 0.703542 0.433958
vn -0.562768 0.703542 0.433959
vn 0.072434 0.703544 -0.706951
vn 0.072434 0.703543 -0.706951
vn 0.072433 0.703542 -0.706953
vn -0.475125 0.722243 0.502614
vn -0.475125 0.722243 0.502614
vn -0.475125 0.722243 0.502614
vn 0.176956 0.722243 -0.668619
vn 0.176956 0.722243 -0.668619
vn 0.176956 0.722243 -0.668619
vn 0.377515 0.731927 -0.567243
vn 0.377517 0.731927 -0.567242
vn 0.377513 0.731928 -0.567243
vn -0.283305 0.731927 0.619694
vn -0.283306 0.731927 0.619694
vn -0.283307 0.731927 0.619694
vn -0.072429 0.703543 0.706952
vn -0.072430 0.703543 0.706952
vn -0.072431 0.703543 0.706952
vn 0.562770 0.703543 -0.433956
vn 0.562770 0.703543 -0.433956
vn 0.562769 0.703543 -0.433956
vn -0.475124 0.722242 0.502616
vn -0.475124 0.722242 0.502617
vn -0.475123 0.722243 0.502617
vn 0.176960 0.722242 -0.668620
vn 0.176960 0.722242 -0.668620
vn 0.176961 0.722242 -0.668619
vn 0.377518 0.731926 -0.567243
vn 0.377515 0.731927 -0.567243
vn 0.377523 0.731924 -0.567242
vn -0.283304 0.731926 0.619696
vn -0.283306 0.731926 0.619695
vn -0.283308 0.731927 0.619693
vn -0.072438 0.703544 0.706950
vn -0.072437 0.703543 0.706951
vn -0.072435 0.703542 0.706952
vn 0.562769 0.703542 -0.433958
vn 0.562767 0.703543 -0.433959
vn 0.562771 0.703541 -0.433957
vn 0.320960 0.667126 0.672255
vn 0.320960 0.667126 0.672255
vn 0.320962 0.667126 0.672255
vn 0.165975 0.743531 -0.647776
vn 0.165976 0.743531 -0.647776
vn 0.165978 0.743531 -0.647776
vn -0.058408 0.772433 -0.632404
vn -0.058401 0.772434 -0.632404
vn -0.058392 0.772435 -0.632404
vn 0.105938 0.692908 0.713201
vn 0.105937 0.692907 0.713202
vn 0.105939 0.692908 0.713201
vn -0.122141 0.684115 0.719074
vn -0.122139 0.684116 0.719074
vn -0.122143 0.684115 0.719074
vn -0.287639 0.760476 -0.582185
vn -0.287637 0.760477 -0.582186
vn -0.287634 0.760477 -0.582187
vn 0.320963 0.667127 0.672253
vn 0.320964 0.667126 0.672254
vn 0.320963 0.667128 0.672252
vn 0.165975 0.743530 -0.647777
vn 0.165975 0.743531 -0.647776
vn 0.165975 0.743533 -0.647774
vn -0.058409 0.772434 -0.632404
vn -0.058405 0.772433 -0.632405
vn -0.058400 0.772433 -0.632405
vn 0.105934 0.692907 0.713202
vn 0.105936 0.692908 0.713201
vn 0.105932 0.692906 0.713204
vn -0.122135 0.684114 0.719077
vn -0.122136 0.684114 0.719077
vn -0.122134 0.684114 0.719077
vn -0.287639 0.760475 -0.582187
vn -0.287637 0.760475 -0.582187
vn -0.287635 0.760476 -0.582188
vn -0.010004 0.692970 0.720897
vn -0.010004 0.692970 0.720897
vn -0.010003 0.692969 0.720898
vn -0.176171 0.771698 -0.611102
vn -0.176172 0.771697 -0.611103
vn -0.176169 0.771699 -0.611101
vn 0.049737 0.763462 -0.643935
vn 0.049737 0.763461 -0.643936
vn 0.049738 0.763463 -0.643933
vn 0.210448 0.684695 0.697785
vn 0.210453 0.684694 0.697785
vn 0.210460 0.684692 0.697785
vn 0.422731 0.642096 0.639540
vn 0.422733 0.642096 0.639539
vn 0.422736 0.642095 0.639537
vn 0.274701 0.714876 -0.643033
vn 0.274698 0.714876 -0.643034
vn 0.274705 0.714875 -0.643032
vn -0.010006 0.692969 0.720898
vn -0.010005 0.692969 0.720898
vn -0.010005 0.692968 0.720899
vn -0.176171 0.771696 -0.611105
vn -0.176168 0.771696 -0.611105
vn -0.176178 0.771695 -0.611104
vn 0.049740 0.763460 -0.643937
vn 0.049736 0.763461 -0.643936
vn 0.049746 0.763459 -0.643937
vn 0.210449 0.684695 0.697785
vn 0.210446 0.684696 0.697785
vn 0.210442 0.684697 0.697785
vn 0.422742 0.642095 0.639533
vn 0.422741 0.642096 0.639534
vn 0.422738 0.642097 0.639535
vn 0.274696 0.714878 -0.643033
vn 0.274698 0.714878 -0.643033
vn 0.274694 0.714878 -0.643034
vn 0.712143 0.667124 -0.218625
vn 0.712144 0.667124 -0.218625
vn 0.712143 0.667125 -0.218626
vn -0.616334 0.743529 -0.259417
vn -0.616333 0.743530 -0.259417
vn -0.616332 0.743531 -0.259417
vn -0.634120 0.772432 -0.035218
vn -0.634119 0.772433 -0.035219
vn -0.634117 0.772434 -0.035221
vn 0.721028 0.692906 0.000082
vn 0.721028 0.692906 0.000083
vn 0.721029 0.692905 0.000081
vn 0.693300 0.684115 0.226544
vn 0.693298 0.684117 0.226544
vn 0.693303 0.684112 0.226543
vn -0.618151 0.760476 0.198910
vn -0.618152 0.760476 0.198911
vn -0.618153 0.760474 0.198912
vn 0.712142 0.667126 -0.218627
vn 0.712142 0.667125 -0.218627
vn 0.712140 0.667128 -0.218626
vn -0.616331 0.743531 -0.259419
vn -0.616329 0.743533 -0.259419
vn -0.616325 0.743536 -0.259418
vn -0.634121 0.772431 -0.035215
vn -0.634119 0.772433 -0.035214
vn -0.634117 0.772435 -0.035213
vn 0.721027 0.692907 0.000085
vn 0.721027 0.692907 0.000083
vn 0.721027 0.692907 0.000088
vn 0.693303 0.684112 0.226541
vn 0.693302 0.684114 0.226541
vn 0.693305 0.684111 0.226540
vn -0.618153 0.760475 0.198909
vn -0.618154 0.760474 0.198909
vn -0.618156 0.760472 0.198909
vn 0.711590 0.692971 0.115896
vn 0.711589 0.692971 0.115897
vn 0.711588 0.692972 0.115899
vn -0.630363 0.771699 0.084399
vn -0.630363 0.771699 0.084399
vn -0.630361 0.771701 0.084397
vn -0.629624 0.763462 -0.143877
vn -0.629623 0.763461 -0.143879
vn -0.629624 0.763462 -0.143875
vn 0.721145 0.684694 -0.105563
vn 0.721145 0.684694 -0.105564
vn 0.721144 0.684695 -0.105567
vn 0.694745 0.642094 -0.324106
vn 0.694745 0.642094 -0.324105
vn 0.694746 0.642093 -0.324104
vn -0.595656 0.714877 -0.366258
vn -0.595656 0.714877 -0.366258
vn -0.595657 0.714876 -0.366257
vn 0.711593 0.692967 0.115896
vn 0.711593 0.692967 0.115896
vn 0.711592 0.692968 0.115897
vn -0.630368 0.771695 0.084399
vn -0.630367 0.771695 0.084399
vn -0.630368 0.771695 0.084399
vn -0.629625 0.763461 -0.143877
vn -0.629621 0.763463 -0.143877
vn -0.629629 0.763457 -0.143878
vn 0.721144 0.684695 -0.105563
vn 0.721144 0.684696 -0.105562
vn 0.721144 0.684696 -0.105560
vn 0.694740 0.642097 -0.324110
vn 0.694740 0.642098 -0.324109
vn 0.694740 0.642098 -0.324108
vn -0.595653 0.714878 -0.366260
vn -0.595653 0.714878 -0.366260
vn -0.595654 0.714878 -0.366260
vn 0.677570 0.686282 0.264415
vn 0.677570 0.686282 0.264415
vn 0.677570 0.686282 0.264415
vn -0.482839 0.775379 -0.407006
vn -0.482839 0.775379 -0.407006
vn -0.482838 0.775380 -0.407005
vn -0.601840 0.770095 -0.211524
vn -0.601842 0.770093 -0.211523
vn -0.601845 0.770091 -0.211522
vn 0.571294 0.680672 0.458595
vn 0.571294 0.680672 0.458594
vn 0.571294 0.680671 0.458596
vn 0.435111 0.640968 0.632327
vn 0.435110 0.640969 0.632328
vn 0.435112 0.640967 0.632327
vn -0.689974 0.723828 -0.002966
vn -0.689975 0.723827 -0.002966
vn -0.689976 0.723827 -0.002966
vn 0.677576 0.686277 0.264413
vn 0.677576 0.686278 0.264413
vn 0.677577 0.686276 0.264412
vn -0.482841 0.775377 -0.407007
vn -0.482841 0.775377 -0.407007
vn -0.482841 0.775377 -0.407006
vn -0.601845 0.770092 -0.211519
vn -0.601844 0.770093 -0.211520
vn -0.601843 0.770094 -0.211520
vn 0.571294 0.680668 0.458599
vn 0.571295 0.680668 0.458599
vn 0.571294 0.680669 0.458599
vn 0.435112 0.640967 0.632328
vn 0.435114 0.640967 0.632327
vn 0.435110 0.640968 0.632328
vn -0.689976 0.723827 -0.002967
vn -0.689974 0.723828 -0.002967
vn -0.689972 0.723830 -0.002967
vn 0.504917 0.664581 0.550809
vn 0.504917 0.664581 0.550809
vn 0.504919 0.664581 0.550808
vn -0.651293 0.751452 -0.105529
vn -0.651293 0.751453 -0.105529
vn -0.651294 0.751452 -0.105529
vn -0.548646 0.777717 -0.306829
vn -0.548648 0.777715 -0.306830
vn -0.548644 0.777718 -0.306828
vn 0.625857 0.687567 0.368177
vn 0.625857 0.687567 0.368178
vn 0.625856 0.687567 0.368179
vn 0.718935 0.676257 0.160653
vn 0.718934 0.676257 0.160653
vn 0.718934 0.676258 0.160653
vn -0.412707 0.762544 -0.498196
vn -0.412707 0.762545 -0.498195
vn -0.412707 0.762544 -0.498197
vn 0.504920 0.664580 0.550808
vn 0.504920 0.664580 0.550808
vn 0.504920 0.664580 0.550808
vn -0.651294 0.751452 -0.105528
vn -0.651294 0.751452 -0.105529
vn -0.651295 0.751451 -0.105528
vn -0.548645 0.777717 -0.306832
vn -0.548647 0.777716 -0.306830
vn -0.548642 0.777718 -0.306834
vn 0.625859 0.687565 0.368177
vn 0.625857 0.687566 0.368178
vn 0.625854 0.687568 0.368180
vn 0.718932 0.676260 0.160652
vn 0.718933 0.676259 0.160651
vn 0.718934 0.676258 0.160651
vn -0.412703 0.762547 -0.498195
vn -0.412704 0.762546 -0.498195
vn -0.412702 0.762547 -0.498196
vn -0.375390 0.722245 0.580900
vn -0.375390 0.722245 0.580899
vn -0.375390 0.722244 0.580901
vn 0.607461 0.722244 -0.330688
vn 0.607463 0.722243 -0.330688
vn 0.607465 0.722241 -0.330688
vn 0.461348 0.731928 -0.501437
vn 0.461347 0.731928 -0.501439
vn 0.461345 0.731928 -0.501441
vn -0.534677 0.731928 0.422376
vn -0.534685 0.731924 0.422374
vn -0.534668 0.731933 0.422379
vn -0.669521 0.703544 0.238260
vn -0.669521 0.703544 0.238259
vn -0.669520 0.703545 0.238260
vn 0.287891 0.703543 -0.649728
vn 0.287891 0.703544 -0.649727
vn 0.287892 0.703546 -0.649724
vn -0.375396 0.722241 0.580900
vn -0.375397 0.722241 0.580900
vn -0.375393 0.722242 0.580901
vn 0.607464 0.722240 -0.330691
vn 0.607464 0.722240 -0.330691
vn 0.607464 0.722240 -0.330691
vn 0.461350 0.731925 -0.501441
vn 0.461352 0.731924 -0.501440
vn 0.461356 0.731922 -0.501439
vn -0.534687 0.731923 0.422372
vn -0.534683 0.731925 0.422373
vn -0.534692 0.731920 0.422371
vn -0.669521 0.703542 0.238264
vn -0.669520 0.703543 0.238265
vn -0.669524 0.703540 0.238263
vn 0.287887 0.703544 -0.649728
vn 0.287889 0.703544 -0.649728
vn 0.287891 0.703543 -0.649727
vn -0.607461 0.722244 0.330688
vn -0.607462 0.722243 0.330688
vn -0.607464 0.722242 0.330687
vn 0.375391 0.722244 -0.580900
vn 0.375392 0.722245 -0.580899
vn 0.375390 0.722244 -0.580901
vn 0.534683 0.731924 -0.422375
vn 0.534678 0.731927 -0.422376
vn 0.534690 0.731921 -0.422373
vn -0.461347 0.731928 0.501438
vn -0.461348 0.731927 0.501438
vn -0.461349 0.731926 0.501439
vn -0.287886 0.703544 0.649729
vn -0.287887 0.703545 0.649727
vn -0.287888 0.703547 0.649725
vn 0.669522 0.703544 -0.238259
vn 0.669521 0.703544 -0.238259
vn 0.669522 0.703543 -0.238258
vn -0.607465 0.722240 0.330690
vn -0.607463 0.722241 0.330691
vn -0.607460 0.722243 0.330692
vn 0.375397 0.722241 -0.580900
vn 0.375396 0.722241 -0.580901
vn 0.375398 0.722241 -0.580900
vn 0.534682 0.731926 -0.422374
vn 0.534688 0.731922 -0.422372
vn 0.534674 0.731930 -0.422377
vn -0.461348 0.731926 0.501441
vn -0.461349 0.731925 0.501441
vn -0.461351 0.731924 0.501440
vn -0.287891 0.703544 0.649727
vn -0.287891 0.703543 0.649727
vn -0.287891 0.703543 0.649727
vn 0.669517 0.703546 -0.238266
vn 0.669521 0.703542 -0.238264
vn 0.669511 0.703551 -0.238267
vn 0.096897 0.667127 0.738615
vn 0.096897 0.667127 0.738615
vn 0.096897 0.667128 0.738614
vn 0.358492 0.743531 -0.564486
vn 0.358495 0.743531 -0.564486
vn 0.358500 0.743529 -0.564484
vn 0.140394 0.772432 -0.619386
vn 0.140393 0.772431 -0.619386
vn 0.140391 0.772431 -0.619388
vn -0.120225 0.692908 0.710933
vn -0.120221 0.692908 0.710933
vn -0.120230 0.692907 0.710932
vn -0.338903 0.684116 0.645856
vn -0.338908 0.684114 0.645856
vn -0.338896 0.684118 0.645857
vn -0.093121 0.760475 -0.642656
vn -0.093122 0.760476 -0.642655
vn -0.093123 0.760477 -0.642653
vn 0.096905 0.667127 0.738615
vn 0.096905 0.667127 0.738615
vn 0.096903 0.667127 0.738615
vn 0.358493 0.743532 -0.564485
vn 0.358493 0.743532 -0.564485
vn 0.358491 0.743532 -0.564485
vn 0.140394 0.772434 -0.619383
vn 0.140397 0.772434 -0.619382
vn 0.140400 0.772434 -0.619381
vn -0.120232 0.692907 0.710932
vn -0.120229 0.692908 0.710932
vn -0.120236 0.692907 0.710931
vn -0.338911 0.684114 0.645854
vn -0.338910 0.684114 0.645855
vn -0.338913 0.684113 0.645854
vn -0.093125 0.760476 -0.642654
vn -0.093130 0.760475 -0.642655
vn -0.093136 0.760472 -0.642657
vn -0.232850 0.692970 0.682330
vn -0.232850 0.692969 0.682330
vn -0.232851 0.692968 0.682331
vn 0.021822 0.771696 -0.635617
vn 0.021821 0.771696 -0.635617
vn 0.021826 0.771696 -0.635617
vn 0.246781 0.763461 -0.596847
vn 0.246782 0.763461 -0.596846
vn 0.246779 0.763461 -0.596848
vn -0.016081 0.684695 0.728653
vn -0.016078 0.684695 0.728652
vn -0.016075 0.684695 0.728653
vn 0.203805 0.642096 0.739037
vn 0.203808 0.642097 0.739036
vn 0.203813 0.642097 0.739034
vn 0.460398 0.714878 -0.526291
vn 0.460393 0.714881 -0.526292
vn 0.460407 0.714874 -0.526289
vn -0.232850 0.692969 0.682331
vn -0.232848 0.692969 0.682331
vn -0.232844 0.692969 0.682333
vn 0.021826 0.771698 -0.635615
vn 0.021827 0.771698 -0.635614
vn 0.021823 0.771697 -0.635616
vn 0.246777 0.763462 -0.596848
vn 0.246776 0.763462 -0.596848
vn 0.246779 0.763461 -0.596847
vn -0.016082 0.684694 0.728653
vn -0.016080 0.684694 0.728653
vn -0.016078 0.684694 0.728653
vn 0.203807 0.642095 0.739038
vn 0.203808 0.642096 0.739037
vn 0.203809 0.642097 0.739035
vn 0.460395 0.714877 -0.526295
vn 0.460399 0.714876 -0.526294
vn 0.460390 0.714880 -0.526296
vn 0.744834 0.667128 0.012756
vn 0.744835 0.667127 0.012756
vn 0.744832 0.667131 0.012757
vn -0.505641 0.743530 -0.437596
vn -0.505640 0.743531 -0.437597
vn -0.505638 0.743531 -0.437597
vn -0.592007 0.772434 -0.229943
vn -0.592010 0.772432 -0.229942
vn -0.592014 0.772430 -0.229940
vn 0.685526 0.692908 0.223456
vn 0.685526 0.692909 0.223455
vn 0.685527 0.692907 0.223458
vn 0.589007 0.684114 0.430184
vn 0.589006 0.684114 0.430186
vn 0.589008 0.684115 0.430182
vn -0.649366 0.760472 -0.002382
vn -0.649366 0.760472 -0.002383
vn -0.649366 0.760472 -0.002385
vn 0.744835 0.667126 0.012755
vn 0.744835 0.667126 0.012755
vn 0.744835 0.667127 0.012755
vn -0.505636 0.743532 -0.437598
vn -0.505639 0.743530 -0.437597
vn -0.505646 0.743527 -0.437595
vn -0.592007 0.772435 -0.229938
vn -0.592005 0.772436 -0.229939
vn -0.592003 0.772438 -0.229941
vn 0.685527 0.692907 0.223455
vn 0.685527 0.692908 0.223455
vn 0.685528 0.692907 0.223455
vn 0.589001 0.684116 0.430190
vn 0.589000 0.684116 0.430190
vn 0.589002 0.684115 0.430190
vn -0.649361 0.760476 -0.002382
vn -0.649364 0.760474 -0.002381
vn -0.649368 0.760470 -0.002378
vn 0.640678 0.692968 0.330647
vn 0.640677 0.692968 0.330648
vn 0.640675 0.692969 0.330649
vn -0.625498 0.771698 -0.115046
vn -0.625499 0.771696 -0.115046
vn -0.625493 0.771701 -0.115047
vn -0.554072 0.763461 -0.331859
vn -0.554073 0.763462 -0.331858
vn -0.554072 0.763461 -0.331861
vn 0.718370 0.684692 0.123049
vn 0.718369 0.684693 0.123049
vn 0.718368 0.684694 0.123049
vn 0.760971 0.642097 -0.092925
vn 0.760971 0.642096 -0.092924
vn 0.760972 0.642096 -0.092922
vn -0.452878 0.714878 -0.532776
vn -0.452877 0.714880 -0.532775
vn -0.452881 0.714875 -0.532777
vn 0.640674 0.692971 0.330648
vn 0.640674 0.692971 0.330648
vn 0.640675 0.692970 0.330649
vn -0.625500 0.771696 -0.115044
vn -0.625497 0.771698 -0.115045
vn -0.625507 0.771691 -0.115043
vn -0.554074 0.763461 -0.331858
vn -0.554076 0.763460 -0.331858
vn -0.554072 0.763462 -0.331858
vn 0.718369 0.684693 0.123048
vn 0.718370 0.684693 0.123048
vn 0.718370 0.684692 0.123048
vn 0.760972 0.642095 -0.092929
vn 0.760972 0.642095 -0.092928
vn 0.760971 0.642096 -0.092926
vn -0.452879 0.714878 -0.532776
vn -0.452879 0.714878 -0.532776
vn -0.452880 0.714878 -0.532776
vn 0.562318 0.686280 0.461322
vn 0.562317 0.686280 0.461323
vn 0.562321 0.686279 0.461320
vn -0.332989 0.775379 -0.536569
vn -0.332988 0.775379 -0.536569
vn -0.332986 0.775380 -0.536569
vn -0.506704 0.770092 -0.387568
vn -0.506702 0.770094 -0.387568
vn -0.506699 0.770095 -0.387569
vn 0.401109 0.680672 0.613023
vn 0.401110 0.680672 0.613022
vn 0.401109 0.680671 0.613024
vn 0.217807 0.640967 0.736017
vn 0.217807 0.640968 0.736016
vn 0.217807 0.640966 0.736018
vn -0.655110 0.723827 -0.216578
vn -0.655111 0.723826 -0.216578
vn -0.655112 0.723825 -0.216578
vn 0.562316 0.686282 0.461322
vn 0.562316 0.686282 0.461322
vn 0.562316 0.686282 0.461322
vn -0.332987 0.775381 -0.536567
vn -0.332988 0.775380 -0.536567
vn -0.332989 0.775380 -0.536567
vn -0.506702 0.770092 -0.387570
vn -0.506704 0.770092 -0.387570
vn -0.506706 0.770091 -0.387569
vn 0.401110 0.680672 0.613022
vn 0.401110 0.680672 0.613023
vn 0.401111 0.680673 0.613020
vn 0.217805 0.640970 0.736016
vn 0.217806 0.640970 0.736015
vn 0.217804 0.640969 0.736017
vn -0.655107 0.723830 -0.216574
vn -0.655106 0.723831 -0.216575
vn -0.655105 0.723832 -0.216575
vn 0.309435 0.664581 0.680133
vn 0.309435 0.664581 0.680134
vn 0.309432 0.664581 0.680135
vn -0.586556 0.751454 -0.302108
vn -0.586555 0.751454 -0.302108
vn -0.586558 0.751452 -0.302107
vn -0.426589 0.777716 -0.461713
vn -0.426587 0.777717 -0.461714
vn -0.426592 0.777715 -0.461712
vn 0.480999 0.687571 0.543954
vn 0.481000 0.687570 0.543954
vn 0.481001 0.687570 0.543953
vn 0.633787 0.676259 0.375483
vn 0.633787 0.676259 0.375483
vn 0.633788 0.676259 0.375482
vn -0.238058 0.762547 -0.601541
vn -0.238058 0.762547 -0.601541
vn -0.238058 0.762546 -0.601541
vn 0.309437 0.664581 0.680134
vn 0.309437 0.664581 0.680133
vn 0.309437 0.664582 0.680132
vn -0.586555 0.751453 -0.302111
vn -0.586554 0.751454 -0.302112
vn -0.586558 0.751451 -0.302111
vn -0.426598 0.777714 -0.461708
vn -0.426598 0.777714 -0.461708
vn -0.426598 0.777714 -0.461708
vn 0.481008 0.687564 0.543955
vn 0.481004 0.687566 0.543956
vn 0.480998 0.687568 0.543958
vn 0.633790 0.676260 0.375478
vn 0.633792 0.676258 0.375477
vn 0.633795 0.676256 0.375476
vn -0.238049 0.762545 -0.601546
vn -0.238050 0.762545 -0.601546
vn -0.238046 0.762546 -0.601547
vn 0.712140 0.667127 -0.218627
vn 0.712140 0.667127 -0.218627
vn 0.712139 0.667128 -0.218626
vn -0.616334 0.743528 -0.259418
vn -0.616331 0.743531 -0.259418
vn -0.616325 0.743536 -0.259418
vn -0.634119 0.772433 -0.035216
vn -0.634118 0.772434 -0.035216
vn -0.634118 0.772434 -0.035216
vn 0.721027 0.692907 0.000084
vn 0.721027 0.692907 0.000082
vn 0.721028 0.692906 0.000086
vn 0.693303 0.684113 0.226540
vn 0.693303 0.684113 0.226540
vn 0.693303 0.684113 0.226540
vn -0.618149 0.760478 0.198910
vn -0.618148 0.760478 0.198910
vn -0.618147 0.760479 0.198910
vn -0.375390 0.722243 0.580902
vn -0.375390 0.722243 0.580902
vn -0.375391 0.722244 0.580900
vn 0.607462 0.722242 -0.330690
vn 0.607461 0.722243 -0.330690
vn 0.607459 0.722245 -0.330690
vn 0.461350 0.731926 -0.501439
vn 0.461351 0.731924 -0.501440
vn 0.461352 0.731923 -0.501442
vn -0.534681 0.731927 0.422374
vn -0.534682 0.731926 0.422373
vn -0.534680 0.731928 0.422374
vn -0.669525 0.703539 0.238262
vn -0.669525 0.703540 0.238262
vn -0.669526 0.703538 0.238262
vn 0.287891 0.703542 -0.649729
vn 0.287890 0.703543 -0.649729
vn 0.287888 0.703543 -0.649729
vn -0.607462 0.722243 0.330690
vn -0.607462 0.722243 0.330690
vn -0.607463 0.722242 0.330690
vn 0.375388 0.722244 -0.580902
vn 0.375387 0.722244 -0.580903
vn 0.375391 0.722244 -0.580900
vn 0.534682 0.731926 -0.422374
vn 0.534681 0.731927 -0.422374
vn 0.534683 0.731925 -0.422373
vn -0.461349 0.731926 0.501439
vn -0.461352 0.731924 0.501440
vn -0.461356 0.731921 0.501440
vn -0.287888 0.703543 0.649729
vn -0.287888 0.703543 0.649729
vn -0.287888 0.703543 0.649730
vn 0.669525 0.703539 -0.238262
vn 0.669525 0.703540 -0.238263
vn 0.669527 0.703538 -0.238262
vn 0.096901 0.667126 0.738616
vn 0.096899 0.667127 0.738615
vn 0.096903 0.667125 0.738617
vn 0.358494 0.743532 -0.564485
vn 0.358492 0.743532 -0.564485
vn 0.358489 0.743533 -0.564486
vn 0.140396 0.772434 -0.619382
vn 0.140403 0.772434 -0.619381
vn 0.140414 0.772434 -0.619379
vn -0.120240 0.692906 0.710932
vn -0.120238 0.692905 0.710932
vn -0.120243 0.692906 0.710931
vn -0.338910 0.684114 0.645854
vn -0.338900 0.684117 0.645856
vn -0.338924 0.684111 0.645851
vn -0.093135 0.760476 -0.642653
vn -0.093137 0.760474 -0.642654
vn -0.093141 0.760472 -0.642657
vn -0.232849 0.692969 0.682331
vn -0.232851 0.692968 0.682331
vn -0.232857 0.692966 0.682331
vn 0.021820 0.771698 -0.635614
vn 0.021819 0.771699 -0.635614
vn 0.021823 0.771697 -0.635616
vn 0.246780 0.763461 -0.596847
vn 0.246785 0.763460 -0.596846
vn 0.246775 0.763462 -0.596848
vn -0.016084 0.684695 0.728652
vn -0.016092 0.684695 0.728652
vn -0.016101 0.684695 0.728652
vn 0.203815 0.642094 0.739036
vn 0.203812 0.642095 0.739036
vn 0.203808 0.642096 0.739036
vn 0.460391 0.714880 -0.526296
vn 0.460393 0.714879 -0.526295
vn 0.460387 0.714881 -0.526297
vn 0.744835 0.667127 0.012756
vn 0.744836 0.667126 0.012756
vn 0.744833 0.667129 0.012755
vn -0.505634 0.743534 -0.437597
vn -0.505635 0.743534 -0.437597
vn -0.505638 0.743532 -0.437596
vn -0.592010 0.772432 -0.229940
vn -0.592012 0.772431 -0.229941
vn -0.592013 0.772429 -0.229942
vn 0.685531 0.692904 0.223453
vn 0.685531 0.692903 0.223455
vn 0.685530 0.692906 0.223451
vn 0.589002 0.684115 0.430191
vn 0.589002 0.684115 0.430191
vn 0.589002 0.684115 0.430190
vn -0.649363 0.760475 -0.002383
vn -0.649365 0.760473 -0.002381
vn -0.649369 0.760470 -0.002378
vn 0.640677 0.692970 0.330645
vn 0.640677 0.692969 0.330646
vn 0.640678 0.692968 0.330647
vn -0.625498 0.771697 -0.115046
vn -0.625498 0.771697 -0.115046
vn -0.625497 0.771698 -0.115045
vn -0.554071 0.763463 -0.331857
vn -0.554070 0.763464 -0.331858
vn -0.554073 0.763462 -0.331857
vn 0.718367 0.684695 0.123049
vn 0.718362 0.684701 0.123050
vn 0.718355 0.684707 0.123052
vn 0.760971 0.642096 -0.092929
vn 0.760970 0.642098 -0.092929
vn 0.760967 0.642100 -0.092928
vn -0.452880 0.714877 -0.532777
vn -0.452880 0.714877 -0.532777
vn -0.452881 0.714876 -0.532777
vn 0.562321 0.686278 0.461320
vn 0.562317 0.686281 0.461322
vn 0.562333 0.686272 0.461316
vn -0.332986 0.775381 -0.536567
vn -0.332987 0.775381 -0.536567
vn -0.332989 0.775379 -0.536569
vn -0.506705 0.770091 -0.387570
vn -0.506701 0.770093 -0.387571
vn -0.506697 0.770095 -0.387572
vn 0.401107 0.680673 0.613023
vn 0.401108 0.680671 0.613024
vn 0.401107 0.680675 0.613022
vn 0.217810 0.640969 0.736014
vn 0.217811 0.640970 0.736013
vn 0.217810 0.640968 0.736016
vn -0.655108 0.723829 -0.216575
vn -0.655111 0.723827 -0.216574
vn -0.655117 0.723822 -0.216573
vn 0.309437 0.664581 0.680133
vn 0.309435 0.664581 0.680134
vn 0.309430 0.664582 0.680135
vn -0.586554 0.751454 -0.302111
vn -0.586551 0.751456 -0.302112
vn -0.586562 0.751449 -0.302109
vn -0.426597 0.777716 -0.461706
vn -0.426597 0.777716 -0.461706
vn -0.426597 0.777716 -0.461706
vn 0.480999 0.687568 0.543958
vn 0.480996 0.687569 0.543959
vn 0.480991 0.687571 0.543961
vn 0.633791 0.676259 0.375476
vn 0.633794 0.676257 0.375475
vn 0.633798 0.676255 0.375473
vn -0.238053 0.762544 -0.601546
vn -0.238053 0.762543 -0.601547
vn -0.238053 0.762545 -0.601544
vn -0.285847 0.953900 0.091470
vn -0.372273 0.749950 0.546798
vn 0.025571 0.712505 -0.701201
vn 0.807832 0.496813 -0.317151
vn 0.786308 0.528202 -0.320503
vn 0.607454 0.722248 -0.330692
vn 0.461350 0.731926 -0.501439
vn 0.461351 0.731924 -0.501440
vn 0.461352 0.731923 -0.501442
vn 0.399008 0.807881 0.433730
vn 0.402377 0.816236 0.414550
vn 0.239210 0.443824 0.863596
vn -0.669525 0.703540 0.238262
vn -0.669525 0.703539 0.238262
vn -0.669523 0.703541 0.238262
vn 0.287890 0.703543 -0.649729
vn 0.287891 0.703542 -0.649729
vn 0.287893 0.703542 -0.649728
vn -0.786310 0.528199 0.320502
vn -0.807833 0.496811 0.317150
vn -0.894781 0.335602 0.294513
vn -0.074902 0.830716 -0.551634
vn 0.406139 0.707751 -0.578049
vn 0.829216 0.353626 -0.432840
vn -0.399008 0.807881 -0.433730
vn -0.402377 0.816235 -0.414551
vn -0.239210 0.443824 -0.863596
vn -0.461349 0.731926 0.501439
vn -0.461352 0.731924 0.501440
vn -0.461356 0.731921 0.501440
vn -0.287890 0.703543 0.649729
vn -0.287891 0.703542 0.649729
vn -0.287893 0.703541 0.649729
vn 0.669525 0.703539 -0.238262
vn 0.669525 0.703540 -0.238263
vn 0.669527 0.703538 -0.238262
vn 0.537718 0.503806 0.676046
vn 0.537718 0.503807 0.676046
vn 0.537718 0.503805 0.676047
vn 0.769764 0.541147 -0.338561
vn 0.769762 0.541149 -0.338562
vn 0.769761 0.541151 -0.338563
vn 0.140404 0.772433 -0.619382
vn 0.140402 0.772434 -0.619381
vn 0.140399 0.772436 -0.619380
vn -0.120234 0.692906 0.710932
vn -0.120236 0.692906 0.710933
vn -0.120232 0.692907 0.710932
vn -0.338911 0.684114 0.645854
vn -0.338901 0.684117 0.645856
vn -0.338924 0.684111 0.645851
vn -0.093132 0.760476 -0.642653
vn -0.093140 0.760474 -0.642654
vn -0.093151 0.760471 -0.642656
vn -0.700829 0.568864 0.430386
vn -0.700832 0.568861 0.430385
vn -0.700834 0.568859 0.430385
vn -0.540367 0.608903 -0.580725
vn -0.540364 0.608905 -0.580724
vn -0.540368 0.608902 -0.580725
vn 0.246789 0.763460 -0.596846
vn 0.246792 0.763459 -0.596845
vn 0.246785 0.763460 -0.596846
vn -0.016089 0.684695 0.728652
vn -0.016092 0.684695 0.728652
vn -0.016096 0.684695 0.728652
vn 0.203815 0.642094 0.739036
vn 0.203813 0.642095 0.739036
vn 0.203809 0.642096 0.739036
vn 0.460389 0.714881 -0.526296
vn 0.460395 0.714878 -0.526294
vn 0.460379 0.714885 -0.526300
vn 0.873016 0.485433 -0.046874
vn 0.890147 0.452128 -0.056724
vn 0.744833 0.667129 0.012755
vn -0.128188 0.808473 -0.574403
vn -0.559034 0.721468 -0.408614
vn 0.604206 0.563987 -0.562897
vn 0.568798 0.802704 0.179264
vn 0.568801 0.802702 0.179262
vn 0.568806 0.802699 0.179260
vn 0.685527 0.692908 0.223454
vn 0.685526 0.692907 0.223456
vn 0.685527 0.692908 0.223452
vn 0.589002 0.684115 0.430191
vn 0.589002 0.684115 0.430191
vn 0.589002 0.684115 0.430190
vn 0.476254 0.774287 0.416728
vn 0.476256 0.774285 0.416730
vn 0.476252 0.774290 0.416724
vn 0.380398 0.918956 -0.104008
vn 0.629705 0.714314 0.305332
vn 0.708423 0.328131 0.624874
vn -0.821664 0.569861 -0.011278
vn -0.841349 0.540489 0.002008
vn -0.625497 0.771698 -0.115045
vn -0.554073 0.763462 -0.331857
vn -0.554074 0.763461 -0.331857
vn -0.554071 0.763463 -0.331857
vn -0.458705 0.832216 -0.311458
vn -0.458706 0.832215 -0.311458
vn -0.458701 0.832218 -0.311459
vn -0.331797 0.781426 -0.528473
vn -0.331798 0.781425 -0.528474
vn -0.331795 0.781428 -0.528472
vn -0.452878 0.714878 -0.532778
vn -0.452878 0.714878 -0.532777
vn -0.452877 0.714878 -0.532778
vn 0.744251 0.496625 0.446603
vn 0.755665 0.481228 0.444286
vn 0.562329 0.686274 0.461317
vn 0.108742 0.883070 -0.456467
vn -0.363942 0.760326 -0.538006
vn 0.798083 0.597321 -0.079185
vn 0.462857 0.825723 -0.322404
vn 0.462927 0.841059 -0.279855
vn 0.372099 0.470700 -0.799990
vn 0.401106 0.680673 0.613024
vn 0.401105 0.680672 0.613025
vn 0.401107 0.680675 0.613022
vn 0.217810 0.640969 0.736014
vn 0.217811 0.640970 0.736013
vn 0.217810 0.640968 0.736016
vn -0.655107 0.723830 -0.216575
vn -0.655109 0.723828 -0.216574
vn -0.655114 0.723825 -0.216573
vn 0.300373 0.482677 0.822678
vn 0.297498 0.451822 0.841042
vn 0.279797 0.305929 0.910012
vn -0.761941 0.557227 -0.330067
vn -0.794433 0.507766 -0.333240
vn -0.586558 0.751452 -0.302110
vn -0.426605 0.777713 -0.461705
vn -0.426603 0.777713 -0.461705
vn -0.426606 0.777712 -0.461704
vn 0.481004 0.687566 0.543957
vn 0.481000 0.687567 0.543958
vn 0.480995 0.687569 0.543959
vn 0.633791 0.676259 0.375476
vn 0.633794 0.676257 0.375475
vn 0.633798 0.676255 0.375473
vn -0.238057 0.762543 -0.601546
vn -0.238059 0.762542 -0.601546
vn -0.238053 0.762545 -0.601544
vn 0.501810 0.002977 -0.864973
vn -0.235799 -0.971802 0.000000
vn -0.235802 -0.971801 0.000000
vn -0.235802 -0.971801 0.000000
vn 0.235800 0.971802 -0.000000
vn 0.235661 0.971835 -0.000000
vn 0.235799 0.971802 -0.000000
vn -0.498278 0.016110 -0.866868
vn 0.999994 -0.003567 0.000000
vn 0.145999 0.806088 0.573504
vn 0.145999 0.806088 -0.573504
vn -0.045966 0.813958 -0.579103
vn -0.045966 0.813958 0.579103
vn -0.241756 0.790649 0.562519
vn -0.241757 0.790649 -0.562520
vn 0.145999 0.806088 0.573504
vn 0.145999 0.806088 -0.573504
vn -0.045966 0.813958 -0.579103
vn -0.045966 0.813958 0.579103
vn -0.241756 0.790649 0.562519
vn -0.241757 0.790649 -0.562520
vn -0.145999 0.806088 0.573504
vn -0.145999 0.806088 -0.573504
vn 0.045966 0.813958 -0.579103
vn 0.045966 0.813958 0.579103
vn 0.241756 0.790649 0.562519
vn 0.241757 0.790649 -0.562520
vn -0.145999 0.806088 0.573504
vn -0.146000 0.806088 -0.573504
vn 0.045966 0.813958 -0.579103
vn 0.045966 0.813958 0.579103
vn 0.241756 0.790649 0.562519
vn 0.241757 0.790649 -0.562520
vn 0.530282 0.759660 0.376454
vn -0.144383 0.823278 -0.548969
vn -0.301134 0.845964 -0.440072
vn 0.380118 0.781725 0.494385
vn 0.210906 0.774269 0.596680
vn -0.450838 0.836668 -0.311018
vn 0.530282 0.759660 0.376454
vn -0.144383 0.823278 -0.548968
vn -0.301134 0.845964 -0.440072
vn 0.380117 0.781725 0.494385
vn 0.210906 0.774269 0.596680
vn -0.450837 0.836668 -0.311018
vn 0.295733 0.781778 0.548968
vn -0.378932 0.845395 -0.376454
vn -0.227290 0.839001 -0.494386
vn 0.453961 0.774762 0.440072
vn 0.599288 0.737646 0.311018
vn -0.062454 0.800045 -0.596680
vn 0.295733 0.781777 0.548968
vn -0.378932 0.845395 -0.376454
vn -0.227290 0.839001 -0.494386
vn 0.453962 0.774762 0.440072
vn 0.599288 0.737646 0.311018
vn -0.062455 0.800045 -0.596680
vn 0.450334 0.759660 -0.469165
vn -0.564232 0.823278 0.062095
vn -0.479567 0.845964 0.233154
vn 0.544903 0.781725 -0.303293
vn 0.621206 0.774269 -0.120879
vn -0.373928 0.836668 0.400206
vn 0.450334 0.759660 -0.469165
vn -0.564231 0.823278 0.062095
vn -0.479567 0.845964 0.233154
vn 0.544903 0.781725 -0.303293
vn 0.621206 0.774269 -0.120879
vn -0.373927 0.836668 0.400206
vn 0.586485 0.781777 -0.211800
vn -0.428080 0.845395 0.319460
vn -0.522432 0.839001 0.152126
vn 0.502038 0.774762 -0.384320
vn 0.395755 0.737646 -0.547043
vn -0.599378 0.800045 -0.025959
vn 0.586485 0.781777 -0.211800
vn -0.428080 0.845395 0.319460
vn -0.522432 0.839001 0.152126
vn 0.502038 0.774762 -0.384320
vn 0.395755 0.737646 -0.547043
vn -0.599378 0.800045 -0.025959
vn 0.624777 0.776112 -0.085464
vn -0.519852 0.848234 -0.101257
vn -0.528368 0.844155 0.090719
vn 0.627436 0.771328 0.106666
vn 0.605961 0.736642 0.300285
vn -0.516745 0.807383 0.284794
vn 0.624777 0.776112 -0.085464
vn -0.519852 0.848234 -0.101257
vn -0.528368 0.844155 0.090719
vn 0.627436 0.771328 0.106667
vn 0.605961 0.736642 0.300285
vn -0.516745 0.807383 0.284794
vn 0.619581 0.757448 0.205892
vn -0.525048 0.829571 0.190099
vn -0.526733 0.850030 -0.001010
vn 0.629071 0.777204 0.014938
vn 0.614564 0.767546 -0.182163
vn -0.508141 0.838287 -0.197654
vn 0.619581 0.757448 0.205892
vn -0.525048 0.829571 0.190099
vn -0.526732 0.850031 -0.001010
vn 0.629071 0.777204 0.014938
vn 0.614565 0.767546 -0.182163
vn -0.508141 0.838287 -0.197654
vn -0.012717 0.806088 0.591660
vn 0.294078 0.806087 -0.513557
vn 0.110604 0.813958 -0.570298
vn -0.199186 0.813958 0.545709
vn -0.383408 0.790649 0.477361
vn -0.082489 0.790649 -0.606688
vn -0.012717 0.806088 0.591659
vn 0.294078 0.806088 -0.513557
vn 0.110604 0.813957 -0.570298
vn -0.199186 0.813958 0.545709
vn -0.383408 0.790649 0.477360
vn -0.082489 0.790649 -0.606688
vn -0.294077 0.806088 0.513557
vn 0.012717 0.806087 -0.591660
vn 0.199186 0.813957 -0.545709
vn -0.110604 0.813958 0.570298
vn 0.082488 0.790649 0.606688
vn 0.383408 0.790648 -0.477361
vn -0.294077 0.806088 0.513557
vn 0.012717 0.806088 -0.591660
vn 0.199186 0.813958 -0.545709
vn -0.110605 0.813958 0.570298
vn 0.082489 0.790649 0.606688
vn 0.383408 0.790648 -0.477361
vn 0.410269 0.759660 0.504575
vn 0.007712 0.823278 -0.567586
vn -0.172455 0.845964 -0.504584
vn 0.234032 0.781725 0.578044
vn 0.043625 0.774269 0.631351
vn -0.351222 0.836668 -0.420273
vn 0.410268 0.759661 0.504575
vn 0.007712 0.823278 -0.567585
vn -0.172455 0.845964 -0.504584
vn 0.234032 0.781725 0.578044
vn 0.043624 0.774269 0.631352
vn -0.351222 0.836668 -0.420274
vn 0.138123 0.781778 0.608067
vn -0.264434 0.845395 -0.464093
vn -0.086774 0.839001 -0.537167
vn 0.319713 0.774762 0.545461
vn 0.494264 0.737646 0.459980
vn 0.099418 0.800045 -0.591645
vn 0.138123 0.781778 0.608067
vn -0.264434 0.845395 -0.464093
vn -0.086774 0.839001 -0.537167
vn 0.319713 0.774762 0.545460
vn 0.494263 0.737646 0.459980
vn 0.099417 0.800045 -0.591645
vn 0.559415 0.759660 -0.331618
vn -0.560283 0.823278 -0.091085
vn -0.524457 0.845964 0.096387
vn 0.606173 0.781725 -0.146495
vn 0.630904 0.774268 0.049682
vn -0.467348 0.836668 0.285608
vn 0.559416 0.759660 -0.331618
vn -0.560282 0.823279 -0.091085
vn -0.524456 0.845964 0.096387
vn 0.606173 0.781725 -0.146494
vn 0.630904 0.774269 0.049682
vn -0.467348 0.836668 0.285609
vn 0.621768 0.781777 -0.047213
vn -0.497931 0.845395 0.193320
vn -0.544087 0.839001 0.006846
vn 0.586543 0.774761 -0.236035
vn 0.527656 0.737646 -0.421257
vn -0.570596 0.800045 -0.185331
vn 0.621768 0.781777 -0.047213
vn -0.497930 0.845395 0.193320
vn -0.544088 0.839000 0.006846
vn 0.586542 0.774762 -0.236035
vn 0.527656 0.737646 -0.421257
vn -0.570597 0.800045 -0.185331
vn 0.624873 0.776112 0.084762
vn -0.473828 0.848234 -0.236615
vn -0.533382 0.844155 -0.053911
vn 0.576044 0.771328 0.270603
vn 0.503564 0.736642 0.451422
vn -0.574092 0.807383 0.136202
vn 0.624873 0.776111 0.084762
vn -0.473827 0.848234 -0.236615
vn -0.533382 0.844155 -0.053911
vn 0.576044 0.771328 0.270603
vn 0.503564 0.736642 0.451423
vn -0.574092 0.807383 0.136202
vn 0.541936 0.757448 0.364112
vn -0.556764 0.829571 0.042736
vn -0.507271 0.850031 -0.141861
vn 0.602156 0.777204 0.182654
vn 0.640897 0.767546 -0.011146
vn -0.436760 0.838287 -0.326367
vn 0.541936 0.757448 0.364112
vn -0.556764 0.829571 0.042736
vn -0.507271 0.850031 -0.141860
vn 0.602156 0.777204 0.182654
vn 0.640896 0.767546 -0.011146
vn -0.436759 0.838288 -0.326367
vn -0.212670 0.806088 0.552263
vn 0.450853 0.806087 -0.383347
vn 0.297506 0.813958 -0.498962
vn -0.372494 0.813958 0.445782
vn -0.522606 0.790649 0.318994
vn 0.128207 0.790648 -0.598697
vn -0.212670 0.806088 0.552263
vn 0.450852 0.806088 -0.383347
vn 0.297505 0.813958 -0.498963
vn -0.372494 0.813958 0.445782
vn -0.522607 0.790649 0.318993
vn 0.128206 0.790649 -0.598697
vn -0.450852 0.806088 0.383347
vn 0.212670 0.806087 -0.552263
vn 0.372494 0.813958 -0.445781
vn -0.297507 0.813957 0.498962
vn -0.128207 0.790649 0.598697
vn 0.522607 0.790649 -0.318993
vn -0.450852 0.806088 0.383347
vn 0.212670 0.806088 -0.552263
vn 0.372494 0.813958 -0.445782
vn -0.297506 0.813958 0.498962
vn -0.128207 0.790649 0.598696
vn 0.522607 0.790649 -0.318993
vn 0.214777 0.759660 0.613830
vn 0.199795 0.823278 -0.531315
vn 0.008939 0.845964 -0.533165
vn 0.024067 0.781725 0.623159
vn -0.173133 0.774269 0.608714
vn -0.187828 0.836668 -0.514497
vn 0.214777 0.759660 0.613830
vn 0.199794 0.823278 -0.531314
vn 0.008939 0.845964 -0.533165
vn 0.024067 0.781725 0.623159
vn -0.173133 0.774269 0.608714
vn -0.187828 0.836668 -0.514497
vn -0.076339 0.781778 0.618867
vn -0.091322 0.845395 -0.526277
vn 0.100592 0.839001 -0.534751
vn 0.115720 0.774762 0.621572
vn 0.308918 0.737646 0.600373
vn 0.294223 0.800045 -0.522838
vn -0.076340 0.781778 0.618867
vn -0.091322 0.845395 -0.526277
vn 0.100592 0.839001 -0.534751
vn 0.115722 0.774762 0.621572
vn 0.308919 0.737646 0.600372
vn 0.294223 0.800046 -0.522838
vn 0.638738 0.759660 -0.122187
vn -0.496163 0.823278 -0.275746
vn -0.526056 0.845964 -0.087238
vn 0.619925 0.781725 0.067821
vn 0.576641 0.774269 0.260755
vn -0.536522 0.836668 0.110136
vn 0.638739 0.759660 -0.122186
vn -0.496162 0.823279 -0.275746
vn -0.526055 0.845964 -0.087238
vn 0.619925 0.781724 0.067822
vn 0.576641 0.774268 0.260755
vn -0.536523 0.836668 0.110137
vn 0.600916 0.781777 0.166506
vn -0.533985 0.845395 0.012947
vn -0.514148 0.839001 -0.178128
vn 0.631832 0.774762 -0.023069
vn 0.639270 0.737646 -0.217284
vn -0.473894 0.800045 -0.367903
vn 0.600917 0.781777 0.166506
vn -0.533985 0.845395 0.012947
vn -0.514148 0.839001 -0.178128
vn 0.631832 0.774762 -0.023069
vn 0.639270 0.737646 -0.217284
vn -0.473894 0.800045 -0.367903
vn 0.559068 0.776112 0.291709
vn -0.365466 0.848234 -0.383319
vn -0.483467 0.844155 -0.231652
vn 0.450092 0.771328 0.449967
vn 0.320571 0.736642 0.595477
vn -0.586255 0.807383 -0.066621
vn 0.559068 0.776112 0.291709
vn -0.365466 0.848234 -0.383320
vn -0.483466 0.844155 -0.231651
vn 0.450091 0.771329 0.449967
vn 0.320571 0.736642 0.595477
vn -0.586254 0.807383 -0.066621
vn 0.386286 0.757448 0.526361
vn -0.538248 0.829571 -0.148667
vn -0.429069 0.850031 -0.305528
vn 0.504490 0.777204 0.376091
vn 0.606676 0.767546 0.206924
vn -0.300150 0.838287 -0.455176
vn 0.386286 0.757448 0.526361
vn -0.538249 0.829570 -0.148667
vn -0.429069 0.850031 -0.305528
vn 0.504490 0.777204 0.376090
vn 0.606676 0.767546 0.206924
vn -0.300150 0.838287 -0.455175
vn -0.444530 0.806087 0.390661
vn 0.577218 0.806087 -0.130550
vn 0.494973 0.813958 -0.304096
vn -0.536748 0.813958 0.222203
vn -0.610945 0.790649 0.040259
vn 0.391232 0.790649 -0.470969
vn -0.444530 0.806088 0.390661
vn 0.577218 0.806087 -0.130550
vn 0.494973 0.813958 -0.304096
vn -0.536747 0.813959 0.222204
vn -0.610944 0.790650 0.040258
vn 0.391231 0.790650 -0.470969
vn -0.577217 0.806088 0.130550
vn 0.444531 0.806087 -0.390661
vn 0.536748 0.813957 -0.222204
vn -0.494973 0.813958 0.304095
vn -0.391233 0.790649 0.470969
vn 0.610945 0.790648 -0.040258
vn -0.577216 0.806088 0.130550
vn 0.444530 0.806087 -0.390661
vn 0.536749 0.813957 -0.222204
vn -0.494973 0.813958 0.304095
vn -0.391231 0.790649 0.470969
vn 0.610945 0.790648 -0.040258
vn -0.094379 0.759660 0.643436
vn 0.423409 0.823277 -0.378073
vn 0.255175 0.845964 -0.468221
vn -0.267666 0.781725 0.563259
vn -0.435680 0.774270 0.459010
vn 0.072188 0.836668 -0.542932
vn -0.094378 0.759660 0.643436
vn 0.423408 0.823278 -0.378072
vn 0.255177 0.845963 -0.468221
vn -0.267666 0.781725 0.563259
vn -0.435681 0.774269 0.459010
vn 0.072189 0.836668 -0.542932
vn -0.354634 0.781777 0.512893
vn 0.163153 0.845395 -0.508614
vn 0.337112 0.839001 -0.427122
vn -0.185729 0.774762 0.604358
vn -0.004732 0.737647 0.675170
vn 0.503139 0.800045 -0.326771
vn -0.354634 0.781777 0.512892
vn 0.163152 0.845395 -0.508614
vn 0.337111 0.839001 -0.427122
vn -0.185729 0.774762 0.604358
vn -0.004731 0.737646 0.675171
vn 0.503140 0.800045 -0.326770
vn 0.622564 0.759661 0.187962
vn -0.311707 0.823278 -0.474397
vn -0.425612 0.845964 -0.321248
vn 0.517780 0.781725 0.347577
vn 0.389960 0.774269 0.498437
vn -0.526416 0.836669 -0.151235
vn 0.622565 0.759660 0.187962
vn -0.311706 0.823278 -0.474397
vn -0.425611 0.845964 -0.321248
vn 0.517780 0.781725 0.347577
vn 0.389960 0.774268 0.498438
vn -0.526416 0.836668 -0.151235
vn 0.455174 0.781777 0.426193
vn -0.479095 0.845396 -0.236165
vn -0.372912 0.839000 -0.396252
vn 0.570481 0.774762 0.272573
vn 0.667136 0.737647 0.103956
vn -0.249239 0.800046 -0.545717
vn 0.455174 0.781777 0.426193
vn -0.479097 0.845395 -0.236165
vn -0.372911 0.839001 -0.396252
vn 0.570480 0.774762 0.272574
vn 0.667138 0.737645 0.103954
vn -0.249239 0.800045 -0.545718
vn 0.360035 0.776112 0.517712
vn -0.146027 0.848234 -0.509093
vn -0.320908 0.844154 -0.429444
vn 0.190096 0.771328 0.607385
vn 0.007862 0.736642 0.676237
vn -0.488505 0.807383 -0.330900
vn 0.360034 0.776112 0.517712
vn -0.146026 0.848234 -0.509093
vn -0.320905 0.844156 -0.429443
vn 0.190095 0.771328 0.607385
vn 0.007863 0.736642 0.676237
vn -0.488505 0.807383 -0.330900
vn 0.098135 0.757448 0.645478
vn -0.407924 0.829571 -0.381327
vn -0.238452 0.850030 -0.469669
vn 0.272550 0.777204 0.567160
vn 0.441533 0.767546 0.464673
vn -0.054835 0.838287 -0.542465
vn 0.098136 0.757448 0.645478
vn -0.407926 0.829570 -0.381326
vn -0.238453 0.850031 -0.469668
vn 0.272551 0.777203 0.567160
vn 0.441532 0.767547 0.464673
vn -0.054836 0.838287 -0.542464
vn -0.151412 0.806087 0.572099
vn 0.406539 0.806087 -0.430059
vn 0.241539 0.813957 -0.528330
vn -0.321857 0.813958 0.483611
vn -0.484857 0.790650 0.373881
vn 0.062405 0.790649 -0.609082
vn -0.151414 0.806087 0.572099
vn 0.406537 0.806087 -0.430059
vn 0.241537 0.813958 -0.528330
vn -0.321860 0.813958 0.483611
vn -0.484855 0.790650 0.373881
vn 0.062406 0.790649 -0.609080
vn -0.406537 0.806088 0.430059
vn 0.151411 0.806087 -0.572100
vn 0.321860 0.813958 -0.483611
vn -0.241539 0.813957 0.528330
vn -0.062405 0.790649 0.609081
vn 0.484861 0.790647 -0.373881
vn -0.406535 0.806089 0.430058
vn 0.151414 0.806087 -0.572099
vn 0.321858 0.813958 -0.483611
vn -0.241539 0.813958 0.528329
vn -0.062408 0.790649 0.609080
vn 0.484860 0.790648 -0.373881
vn 0.280192 0.759660 0.586864
vn 0.140890 0.823278 -0.549876
vn -0.049036 0.845964 -0.530981
vn 0.091624 0.781725 0.616856
vn -0.105977 0.774269 0.623920
vn -0.242611 0.836668 -0.491046
vn 0.280193 0.759660 0.586864
vn 0.140890 0.823278 -0.549876
vn -0.049035 0.845964 -0.530981
vn 0.091626 0.781725 0.616855
vn -0.105978 0.774268 0.623921
vn -0.242611 0.836668 -0.491046
vn -0.008653 0.781778 0.623497
vn -0.147956 0.845395 -0.513241
vn 0.041902 0.839000 -0.542515
vn 0.182565 0.774762 0.605321
vn 0.372315 0.737647 0.563257
vn 0.235681 0.800045 -0.551709
vn -0.008654 0.781778 0.623497
vn -0.147956 0.845395 -0.513241
vn 0.041903 0.839000 -0.542515
vn 0.182563 0.774762 0.605321
vn 0.372314 0.737646 0.563258
vn 0.235680 0.800046 -0.551708
vn 0.621683 0.759660 -0.190856
vn -0.523184 0.823278 -0.220211
vn -0.532419 0.845964 -0.029570
vn 0.623623 0.781725 0.000071
vn 0.601557 0.774268 0.196565
vn -0.521382 0.836668 0.167772
vn 0.621683 0.759661 -0.190857
vn -0.523183 0.823278 -0.220212
vn -0.532418 0.845965 -0.029570
vn 0.623623 0.781725 0.000070
vn 0.601557 0.774268 0.196566
vn -0.521381 0.836668 0.167772
vn 0.615448 0.781777 0.100237
vn -0.529417 0.845396 0.070882
vn -0.530458 0.839000 -0.121217
vn 0.625586 0.774762 -0.091575
vn 0.611880 0.737647 -0.285447
vn -0.511057 0.800046 -0.314241
vn 0.615448 0.781778 0.100237
vn -0.529417 0.845395 0.070883
vn -0.530456 0.839001 -0.121218
vn 0.625587 0.774761 -0.091575
vn 0.611880 0.737646 -0.285449
vn -0.511059 0.800045 -0.314241
vn 0.587450 0.776112 0.229245
vn -0.404947 0.848234 -0.341346
vn -0.505771 0.844155 -0.177757
vn 0.496312 0.771329 0.398405
vn 0.383365 0.736642 0.557126
vn -0.590024 0.807381 -0.002536
vn 0.587451 0.776111 0.229245
vn -0.404948 0.848234 -0.341346
vn -0.505772 0.844155 -0.177756
vn 0.496312 0.771329 0.398405
vn 0.383366 0.736642 0.557126
vn -0.590021 0.807384 -0.002536
vn 0.441183 0.757448 0.481280
vn -0.551213 0.829571 -0.089312
vn -0.459723 0.850031 -0.257105
vn 0.542362 0.777204 0.319056
vn 0.625564 0.767547 0.139790
vn -0.347825 0.838286 -0.419874
vn 0.441182 0.757449 0.481280
vn -0.551214 0.829570 -0.089312
vn -0.459723 0.850030 -0.257105
vn 0.542364 0.777203 0.319056
vn 0.625566 0.767546 0.139789
vn -0.347823 0.838287 -0.419873
vn -0.321203 0.806087 0.497043
vn 0.519771 0.806087 -0.282952
vn 0.393332 0.813958 -0.427507
vn -0.455851 0.813957 0.360103
vn -0.576833 0.790649 0.205275
vn 0.248032 0.790648 -0.559782
vn -0.321202 0.806088 0.497043
vn 0.519768 0.806089 -0.282953
vn 0.393332 0.813958 -0.427507
vn -0.455850 0.813958 0.360103
vn -0.576833 0.790649 0.205274
vn 0.248031 0.790650 -0.559780
vn -0.519771 0.806087 0.282952
vn 0.321203 0.806087 -0.497044
vn 0.455849 0.813958 -0.360104
vn -0.393332 0.813958 0.427507
vn -0.248032 0.790648 0.559781
vn 0.576834 0.790648 -0.205274
vn -0.519772 0.806087 0.282952
vn 0.321204 0.806087 -0.497043
vn 0.455847 0.813959 -0.360104
vn -0.393333 0.813958 0.427506
vn -0.248030 0.790650 0.559780
vn 0.576835 0.790648 -0.205274
vn 0.084593 0.759660 0.644795
vn 0.304312 0.823278 -0.479174
vn 0.117877 0.845963 -0.520049
vn -0.103988 0.781724 0.614893
vn -0.294058 0.774269 0.560391
vn -0.078544 0.836668 -0.542049
vn 0.084593 0.759660 0.644795
vn 0.304314 0.823278 -0.479173
vn 0.117876 0.845964 -0.520048
vn -0.103987 0.781725 0.614892
vn -0.294057 0.774269 0.560391
vn -0.078544 0.836668 -0.542049
vn -0.201390 0.781778 0.590140
vn 0.018328 0.845395 -0.533827
vn 0.207910 0.839001 -0.502842
vn -0.013952 0.774762 0.632099
vn 0.179495 0.737647 0.650891
vn 0.395008 0.800045 -0.451549
vn -0.201391 0.781777 0.590141
vn 0.018327 0.845396 -0.533826
vn 0.207912 0.839001 -0.502842
vn -0.013947 0.774762 0.632100
vn 0.179494 0.737647 0.650891
vn 0.395009 0.800045 -0.451548
vn 0.650225 0.759660 0.011135
vn -0.429220 0.823278 -0.371462
vn -0.497063 0.845964 -0.193062
vn 0.592920 0.781724 0.193270
vn 0.511063 0.774269 0.373260
vn -0.547705 0.836669 -0.002009
vn 0.650225 0.759660 0.011135
vn -0.429220 0.823278 -0.371462
vn -0.497065 0.845963 -0.193062
vn 0.592920 0.781724 0.193268
vn 0.511063 0.774268 0.373261
vn -0.547705 0.836669 -0.002009
vn 0.554115 0.781777 0.285974
vn -0.525328 0.845397 -0.096622
vn -0.466804 0.839001 -0.279592
vn 0.623178 0.774762 0.106741
vn 0.670209 0.737646 -0.081839
vn -0.388559 0.800045 -0.457110
vn 0.554114 0.781778 0.285975
vn -0.525328 0.845396 -0.096622
vn -0.466805 0.839000 -0.279592
vn 0.623179 0.774761 0.106741
vn 0.670209 0.737647 -0.081841
vn -0.388559 0.800046 -0.457109
vn 0.487527 0.776111 0.399962
vn -0.279272 0.848234 -0.450007
vn -0.425818 0.844155 -0.325703
vn 0.348468 0.771328 0.532563
vn 0.191904 0.736641 0.648484
vn -0.560209 0.807382 -0.185204
vn 0.487526 0.776112 0.399962
vn -0.279273 0.848234 -0.450006
vn -0.425817 0.844155 -0.325702
vn 0.348466 0.771328 0.532564
vn 0.191904 0.736642 0.648484
vn -0.560207 0.807383 -0.185203
vn 0.270374 0.757448 0.594281
vn -0.496424 0.829571 -0.255687
vn -0.357450 0.850031 -0.386880
vn 0.416832 0.777205 0.471386
vn 0.551477 0.767548 0.326716
vn -0.200630 0.838287 -0.506974
vn 0.270373 0.757448 0.594282
vn -0.496424 0.829570 -0.255687
vn -0.357455 0.850030 -0.386879
vn 0.416833 0.777204 0.471386
vn 0.551480 0.767546 0.326715
vn -0.200630 0.838287 -0.506974
vn 0.170631 0.722242 0.670262
vn 0.170632 0.722242 -0.670262
vn -0.053914 0.731925 -0.679248
vn -0.053914 0.731926 0.679248
vn -0.280605 0.703542 0.652908
vn -0.280605 0.703542 -0.652908
vn 0.170631 0.722242 0.670262
vn 0.170632 0.722242 -0.670262
vn -0.053915 0.731925 -0.679249
vn -0.053915 0.731925 0.679249
vn -0.280604 0.703543 0.652908
vn -0.280605 0.703543 -0.652908
vn -0.170632 0.722242 0.670262
vn -0.170633 0.722242 -0.670262
vn 0.053916 0.731925 -0.679249
vn 0.053914 0.731926 0.679248
vn 0.280605 0.703542 0.652908
vn 0.280603 0.703542 -0.652909
vn -0.170633 0.722242 0.670262
vn -0.170632 0.722242 -0.670262
vn 0.053915 0.731925 -0.679248
vn 0.053915 0.731925 0.679249
vn 0.280604 0.703543 0.652908
vn 0.280605 0.703543 -0.652908
vn 0.607439 0.667127 0.431230
vn -0.170090 0.743531 -0.646707
vn -0.358658 0.772432 -0.524131
vn 0.439489 0.692907 0.571602
vn 0.243071 0.684116 0.687679
vn -0.534516 0.760474 -0.368743
vn 0.607439 0.667127 0.431230
vn -0.170088 0.743532 -0.646707
vn -0.358656 0.772433 -0.524130
vn 0.439486 0.692908 0.571603
vn 0.243073 0.684115 0.687679
vn -0.534515 0.760474 -0.368744
vn 0.341931 0.692970 0.634725
vn -0.451187 0.771696 -0.448236
vn -0.269782 0.763460 -0.586810
vn 0.523303 0.684695 0.507294
vn 0.680448 0.642094 0.353137
vn -0.072794 0.714878 -0.695450
vn 0.341932 0.692969 0.634725
vn -0.451187 0.771696 -0.448236
vn -0.269780 0.763460 -0.586811
vn 0.523306 0.684693 0.507293
vn 0.680448 0.642094 0.353137
vn -0.072793 0.714878 -0.695450
vn 0.515860 0.667126 -0.537430
vn -0.664689 0.743531 0.073151
vn -0.571170 0.772433 0.277691
vn 0.630012 0.692907 -0.350663
vn 0.715946 0.684115 -0.139315
vn -0.443329 0.760476 0.474485
vn 0.515858 0.667127 -0.537431
vn -0.664687 0.743532 0.073150
vn -0.571170 0.772433 0.277691
vn 0.630011 0.692908 -0.350663
vn 0.715946 0.684115 -0.139315
vn -0.443331 0.760475 0.474484
vn 0.678103 0.692970 -0.244886
vn -0.509704 0.771697 0.380375
vn -0.620101 0.763460 0.180565
vn 0.578725 0.684694 -0.443026
vn 0.449352 0.642094 -0.621127
vn -0.698594 0.714879 -0.030255
vn 0.678102 0.692970 -0.244887
vn -0.509704 0.771697 0.380375
vn -0.620102 0.763459 0.180566
vn 0.578726 0.684693 -0.443026
vn 0.449349 0.642095 -0.621128
vn -0.698594 0.714879 -0.030255
vn 0.720626 0.686280 -0.098575
vn -0.619847 0.775379 -0.120734
vn -0.628733 0.770092 0.107951
vn 0.722228 0.680669 0.122780
vn 0.687752 0.640969 0.340817
vn -0.604282 0.723828 0.333040
vn 0.720627 0.686280 -0.098574
vn -0.619847 0.775380 -0.120733
vn -0.628733 0.770092 0.107952
vn 0.722229 0.680669 0.122781
vn 0.687753 0.640968 0.340817
vn -0.604282 0.723829 0.333039
vn 0.709090 0.664580 0.235636
vn -0.620376 0.751453 0.224613
vn -0.628615 0.777716 -0.001204
vn 0.725918 0.687565 0.017236
vn 0.706290 0.676260 -0.209351
vn -0.602926 0.762548 -0.234523
vn 0.709089 0.664582 0.235636
vn -0.620377 0.751453 0.224613
vn -0.628613 0.777717 -0.001206
vn 0.725918 0.687565 0.017237
vn 0.706290 0.676259 -0.209352
vn -0.602926 0.762548 -0.234522
vn -0.014864 0.722243 0.691479
vn 0.343691 0.722243 -0.600201
vn 0.129729 0.731925 -0.668922
vn -0.233634 0.731924 0.640080
vn -0.445017 0.703542 0.554066
vn -0.095743 0.703542 -0.704175
vn -0.014862 0.722243 0.691479
vn 0.343692 0.722243 -0.600201
vn 0.129727 0.731926 -0.668921
vn -0.233633 0.731925 0.640079
vn -0.445017 0.703543 0.554065
vn -0.095749 0.703542 -0.704174
vn -0.343693 0.722241 0.600202
vn 0.014864 0.722243 -0.691479
vn 0.233632 0.731925 -0.640080
vn -0.129732 0.731924 0.668922
vn 0.095743 0.703542 0.704175
vn 0.445015 0.703544 -0.554065
vn -0.343694 0.722242 0.600201
vn 0.014862 0.722243 -0.691480
vn 0.233630 0.731926 -0.640079
vn -0.129727 0.731926 0.668921
vn 0.095745 0.703543 0.704174
vn 0.445016 0.703543 -0.554064
vn 0.469965 0.667128 0.577991
vn 0.009085 0.743531 -0.668639
vn -0.205397 0.772433 -0.600966
vn 0.270586 0.692907 0.668329
vn 0.050276 0.684115 0.727640
vn -0.416409 0.760476 -0.498277
vn 0.469966 0.667126 0.577992
vn 0.009085 0.743531 -0.668640
vn -0.205396 0.772433 -0.600966
vn 0.270585 0.692908 0.668328
vn 0.050279 0.684116 0.727639
vn -0.416410 0.760475 -0.498278
vn 0.159700 0.692971 0.703056
vn -0.314857 0.771696 -0.552585
vn -0.102997 0.763460 -0.637590
vn 0.368550 0.684695 0.628780
vn 0.561199 0.642095 0.522274
vn 0.115873 0.714877 -0.689583
vn 0.159701 0.692970 0.703056
vn -0.314853 0.771697 -0.552586
vn -0.102998 0.763460 -0.637590
vn 0.368549 0.684695 0.628781
vn 0.561198 0.642095 0.522274
vn 0.115874 0.714880 -0.689580
vn 0.640811 0.667128 -0.379870
vn -0.660037 0.743531 -0.107301
vn -0.624634 0.772434 0.114800
vn 0.700853 0.692905 -0.169375
vn 0.727123 0.684115 0.057260
vn -0.554090 0.760475 0.338617
vn 0.640813 0.667126 -0.379870
vn -0.660037 0.743531 -0.107301
vn -0.624635 0.772434 0.114796
vn 0.700850 0.692908 -0.169375
vn 0.727124 0.684114 0.057256
vn -0.554089 0.760475 0.338620
vn 0.718897 0.692970 -0.054588
vn -0.592875 0.771696 0.230183
vn -0.645802 0.763462 0.008124
vn 0.676138 0.684694 -0.272089
vn 0.599115 0.642095 -0.478305
vn -0.665050 0.714877 -0.216010
vn 0.718896 0.692971 -0.054590
vn -0.592874 0.771697 0.230183
vn -0.645806 0.763458 0.008126
vn 0.676138 0.684694 -0.272090
vn 0.599113 0.642096 -0.478305
vn -0.665046 0.714880 -0.216009
vn 0.720735 0.686282 0.097766
vn -0.564969 0.775380 -0.282128
vn -0.634697 0.770094 -0.064151
vn 0.663073 0.680669 0.311485
vn 0.571534 0.640968 0.512357
vn -0.671344 0.723830 0.159273
vn 0.720738 0.686279 0.097765
vn -0.564970 0.775379 -0.282128
vn -0.634696 0.770094 -0.064155
vn 0.663074 0.680670 0.311484
vn 0.571534 0.640968 0.512356
vn -0.671346 0.723828 0.159275
vn 0.620227 0.664582 0.416713
vn -0.657852 0.751453 0.050496
vn -0.605389 0.777716 -0.169299
vn 0.694858 0.687566 0.210773
vn 0.736552 0.676260 -0.012811
vn -0.518232 0.762545 -0.387247
vn 0.620228 0.664579 0.416715
vn -0.657852 0.751453 0.050493
vn -0.605390 0.777716 -0.169296
vn 0.694860 0.687565 0.210772
vn 0.736552 0.676260 -0.012809
vn -0.518231 0.762546 -0.387247
vn -0.248549 0.722241 0.645439
vn 0.526919 0.722240 -0.448024
vn 0.348954 0.731926 -0.585248
vn -0.436909 0.731926 0.522872
vn -0.606578 0.703545 0.370253
vn 0.148810 0.703543 -0.694898
vn -0.248551 0.722241 0.645439
vn 0.526921 0.722239 -0.448023
vn 0.348955 0.731925 -0.585249
vn -0.436909 0.731925 0.522873
vn -0.606586 0.703541 0.370249
vn 0.148807 0.703542 -0.694899
vn -0.526915 0.722243 0.448024
vn 0.248551 0.722240 -0.645439
vn 0.436909 0.731926 -0.522872
vn -0.348958 0.731925 0.585247
vn -0.148810 0.703543 0.694897
vn 0.606589 0.703537 -0.370250
vn -0.526916 0.722243 0.448023
vn 0.248551 0.722240 -0.645439
vn 0.436909 0.731925 -0.522873
vn -0.348955 0.731926 0.585248
vn -0.148807 0.703543 0.694899
vn 0.606582 0.703543 -0.370250
vn 0.246030 0.667125 0.703145
vn 0.235369 0.743530 -0.625912
vn 0.010646 0.772434 -0.635006
vn 0.027822 0.692907 0.720490
vn -0.199538 0.684115 0.701549
vn -0.222693 0.760474 -0.609989
vn 0.246033 0.667126 0.703143
vn 0.235367 0.743531 -0.625911
vn 0.010651 0.772433 -0.635007
vn 0.027824 0.692906 0.720490
vn -0.199535 0.684117 0.701549
vn -0.222685 0.760477 -0.609989
vn -0.088268 0.692969 0.715544
vn -0.108736 0.771696 -0.626627
vn 0.119398 0.763460 -0.634723
vn 0.133399 0.684693 0.716519
vn 0.350754 0.642095 0.681679
vn 0.342929 0.714877 -0.609386
vn -0.088262 0.692971 0.715542
vn -0.108733 0.771698 -0.626626
vn 0.119403 0.763461 -0.634721
vn 0.133392 0.684696 0.716518
vn 0.350756 0.642093 0.681679
vn 0.342932 0.714876 -0.609385
vn 0.731679 0.667125 -0.139966
vn -0.584503 0.743529 -0.324841
vn -0.626537 0.772435 -0.103903
vn 0.716749 0.692909 0.078413
vn 0.664583 0.684116 0.300524
vn -0.636102 0.760476 0.130582
vn 0.731676 0.667128 -0.139966
vn -0.584498 0.743532 -0.324842
vn -0.626540 0.772433 -0.103901
vn 0.716751 0.692906 0.078418
vn 0.664583 0.684117 0.300521
vn -0.636098 0.760479 0.130579
vn 0.694791 0.692966 0.192518
vn -0.635804 0.771697 0.015415
vn -0.610271 0.763457 -0.211430
vn 0.728345 0.684694 -0.026595
vn 0.725843 0.642095 -0.246709
vn -0.552343 0.714876 -0.428801
vn 0.694789 0.692970 0.192514
vn -0.635803 0.771698 0.015415
vn -0.610265 0.763461 -0.211430
vn 0.728344 0.684695 -0.026589
vn 0.725843 0.642095 -0.246710
vn -0.552340 0.714876 -0.428803
vn 0.644837 0.686279 0.336461
vn -0.435762 0.775380 -0.457053
vn -0.575300 0.770094 -0.275655
vn 0.518091 0.680671 0.517946
vn 0.363842 0.640968 0.675855
vn -0.685566 0.723830 -0.077907
vn 0.644833 0.686283 0.336461
vn -0.435762 0.775381 -0.457052
vn -0.575301 0.770092 -0.275656
vn 0.518089 0.680669 0.517950
vn 0.363843 0.640969 0.675853
vn -0.685571 0.723826 -0.077906
vn 0.442089 0.664582 0.602402
vn -0.635970 0.751457 -0.175658
vn -0.512062 0.777716 -0.364624
vn 0.582156 0.687567 0.433989
vn 0.697227 0.676257 0.237804
vn -0.356139 0.762547 -0.540080
vn 0.442094 0.664579 0.602402
vn -0.635970 0.751456 -0.175660
vn -0.512062 0.777715 -0.364626
vn 0.582164 0.687562 0.433986
vn 0.697224 0.676258 0.237809
vn -0.356142 0.762545 -0.540082
vn -0.519528 0.722242 0.456571
vn 0.674600 0.722243 -0.152577
vn 0.580574 0.731923 -0.356683
vn -0.629571 0.731924 0.260629
vn -0.709115 0.703543 0.046728
vn 0.454097 0.703543 -0.546647
vn -0.519529 0.722242 0.456570
vn 0.674603 0.722241 -0.152576
vn 0.580572 0.731923 -0.356685
vn -0.629567 0.731927 0.260631
vn -0.709120 0.703538 0.046726
vn 0.454099 0.703542 -0.546647
vn -0.674606 0.722238 0.152575
vn 0.519529 0.722241 -0.456571
vn 0.629567 0.731926 -0.260632
vn -0.580572 0.731924 0.356684
vn -0.454096 0.703543 0.546648
vn 0.709113 0.703545 -0.046726
vn -0.674598 0.722245 0.152576
vn 0.519530 0.722241 -0.456570
vn 0.629572 0.731923 -0.260631
vn -0.580570 0.731925 0.356685
vn -0.454100 0.703542 0.546647
vn 0.709111 0.703547 -0.046727
vn -0.108109 0.667127 0.737057
vn 0.498790 0.743532 -0.445386
vn 0.303924 0.772432 -0.557655
vn -0.309472 0.692907 0.651235
vn -0.502128 0.684115 0.529012
vn 0.085581 0.760475 -0.643703
vn -0.108108 0.667127 0.737058
vn 0.498793 0.743531 -0.445384
vn 0.303920 0.772434 -0.557655
vn -0.309475 0.692907 0.651233
vn -0.502130 0.684114 0.529012
vn 0.085584 0.760475 -0.643703
vn -0.410034 0.692969 0.593015
vn 0.194261 0.771698 -0.605595
vn 0.400134 0.763460 -0.506973
vn -0.214102 0.684694 0.696674
vn -0.005370 0.642094 0.766607
vn 0.586422 0.714879 -0.380863
vn -0.410036 0.692968 0.593014
vn 0.194259 0.771697 -0.605596
vn 0.400138 0.763458 -0.506973
vn -0.214098 0.684694 0.696675
vn -0.005371 0.642095 0.766606
vn 0.586422 0.714879 -0.380864
vn 0.713151 0.667126 0.215311
vn -0.367204 0.743531 -0.558858
vn -0.506907 0.772433 -0.382613
vn 0.598651 0.692909 0.401863
vn 0.449430 0.684115 0.574456
vn -0.624125 0.760473 -0.179302
vn 0.713149 0.667129 0.215310
vn -0.367203 0.743531 -0.558860
vn -0.506908 0.772433 -0.382611
vn 0.598654 0.692906 0.401865
vn 0.449427 0.684116 0.574456
vn -0.624125 0.760472 -0.179303
vn 0.526279 0.692970 0.492771
vn -0.570454 0.771694 -0.281195
vn -0.442627 0.763459 -0.470332
vn 0.657622 0.684694 0.314211
vn 0.757487 0.642091 0.118035
vn -0.290497 0.714879 -0.636049
vn 0.526280 0.692970 0.492771
vn -0.570451 0.771696 -0.281196
vn -0.442627 0.763460 -0.470331
vn 0.657621 0.684695 0.314211
vn 0.757485 0.642094 0.118032
vn -0.290500 0.714877 -0.636051
vn 0.415266 0.686282 0.597136
vn -0.174118 0.775376 -0.607021
vn -0.381860 0.770093 -0.511018
vn 0.218817 0.680670 0.699148
vn 0.008924 0.640968 0.767516
vn -0.571261 0.723828 -0.386955
vn 0.415266 0.686280 0.597138
vn -0.174118 0.775377 -0.607020
vn -0.381861 0.770094 -0.511016
vn 0.218818 0.680668 0.699149
vn 0.008924 0.640968 0.767516
vn -0.571260 0.723829 -0.386955
vn 0.112313 0.664582 0.738726
vn -0.481984 0.751456 -0.450561
vn -0.284571 0.777715 -0.560517
vn 0.314512 0.687566 0.654473
vn 0.507428 0.676260 0.534030
vn -0.065069 0.762547 -0.643652
vn 0.112314 0.664581 0.738727
vn -0.481990 0.751454 -0.450558
vn -0.284571 0.777715 -0.560516
vn 0.314505 0.687567 0.654475
vn 0.507436 0.676256 0.534028
vn -0.065068 0.762549 -0.643651
vn -0.176958 0.722243 0.668619
vn 0.475125 0.722243 -0.502614
vn 0.283303 0.731927 -0.619695
vn -0.377516 0.731927 0.567242
vn -0.562769 0.703543 0.433956
vn 0.072427 0.703543 -0.706952
vn -0.176959 0.722242 0.668619
vn 0.475123 0.722242 -0.502617
vn 0.283305 0.731925 -0.619697
vn -0.377521 0.731925 0.567242
vn -0.562770 0.703542 0.433958
vn 0.072435 0.703545 -0.706950
vn -0.475125 0.722243 0.502614
vn 0.176956 0.722243 -0.668619
vn 0.377519 0.731926 -0.567242
vn -0.283303 0.731927 0.619695
vn -0.072428 0.703543 0.706952
vn 0.562770 0.703543 -0.433956
vn -0.475125 0.722242 0.502616
vn 0.176959 0.722242 -0.668620
vn 0.377511 0.731929 -0.567244
vn -0.283301 0.731926 0.619698
vn -0.072440 0.703545 0.706949
vn 0.562765 0.703544 -0.433960
vn 0.320958 0.667127 0.672256
vn 0.165973 0.743532 -0.647776
vn -0.058417 0.772433 -0.632405
vn 0.105936 0.692906 0.713203
vn -0.122137 0.684116 0.719074
vn -0.287641 0.760476 -0.582184
vn 0.320964 0.667125 0.672255
vn 0.165976 0.743529 -0.647778
vn -0.058414 0.772434 -0.632403
vn 0.105939 0.692909 0.713200
vn -0.122137 0.684114 0.719077
vn -0.287641 0.760474 -0.582187
vn -0.010005 0.692972 0.720895
vn -0.176174 0.771696 -0.611104
vn 0.049736 0.763460 -0.643937
vn 0.210441 0.684697 0.697785
vn 0.422728 0.642097 0.639541
vn 0.274694 0.714877 -0.643035
vn -0.010007 0.692970 0.720897
vn -0.176161 0.771697 -0.611106
vn 0.049730 0.763462 -0.643936
vn 0.210453 0.684693 0.697785
vn 0.422745 0.642094 0.639533
vn 0.274700 0.714877 -0.643032
vn 0.712144 0.667124 -0.218625
vn -0.616335 0.743529 -0.259416
vn -0.634122 0.772431 -0.035217
vn 0.721027 0.692907 0.000084
vn 0.693295 0.684120 0.226545
vn -0.618149 0.760478 0.198909
vn 0.712144 0.667123 -0.218628
vn -0.616335 0.743527 -0.259419
vn -0.634124 0.772429 -0.035216
vn 0.721026 0.692908 0.000081
vn 0.693300 0.684115 0.226542
vn -0.618151 0.760476 0.198910
vn 0.711591 0.692970 0.115895
vn -0.630365 0.771698 0.084401
vn -0.629623 0.763461 -0.143882
vn 0.721146 0.684694 -0.105560
vn 0.694744 0.642095 -0.324107
vn -0.595655 0.714878 -0.366258
vn 0.711594 0.692966 0.115895
vn -0.630367 0.771696 0.084400
vn -0.629617 0.763467 -0.143876
vn 0.721145 0.684694 -0.105564
vn 0.694740 0.642097 -0.324111
vn -0.595652 0.714879 -0.366261
vn 0.677570 0.686283 0.264415
vn -0.482839 0.775378 -0.407007
vn -0.601837 0.770097 -0.211525
vn 0.571294 0.680673 0.458593
vn 0.435109 0.640969 0.632328
vn -0.689974 0.723828 -0.002966
vn 0.677574 0.686279 0.264413
vn -0.482841 0.775377 -0.407007
vn -0.601847 0.770091 -0.211519
vn 0.571295 0.680668 0.458599
vn 0.435116 0.640966 0.632326
vn -0.689978 0.723825 -0.002967
vn 0.504916 0.664582 0.550810
vn -0.651292 0.751454 -0.105529
vn -0.548649 0.777714 -0.306831
vn 0.625858 0.687567 0.368177
vn 0.718936 0.676256 0.160652
vn -0.412708 0.762546 -0.498193
vn 0.504919 0.664580 0.550808
vn -0.651293 0.751453 -0.105529
vn -0.548649 0.777715 -0.306828
vn 0.625862 0.687564 0.368175
vn 0.718931 0.676261 0.160652
vn -0.412706 0.762546 -0.498195
vn -0.375391 0.722246 0.580898
vn 0.607459 0.722245 -0.330689
vn 0.461350 0.731928 -0.501436
vn -0.534694 0.731919 0.422371
vn -0.669522 0.703543 0.238258
vn 0.287890 0.703541 -0.649731
vn -0.375401 0.722240 0.580899
vn 0.607464 0.722240 -0.330691
vn 0.461346 0.731926 -0.501442
vn -0.534678 0.731928 0.422375
vn -0.669517 0.703546 0.238265
vn 0.287885 0.703545 -0.649728
vn -0.607459 0.722245 0.330689
vn 0.375393 0.722245 -0.580898
vn 0.534671 0.731931 -0.422378
vn -0.461346 0.731930 0.501437
vn -0.287885 0.703542 0.649731
vn 0.669520 0.703545 -0.238260
vn -0.607468 0.722238 0.330689
vn 0.375395 0.722241 -0.580901
vn 0.534696 0.731918 -0.422369
vn -0.461346 0.731926 0.501442
vn -0.287891 0.703544 0.649727
vn 0.669527 0.703537 -0.238263
vn 0.096898 0.667126 0.738616
vn 0.358487 0.743533 -0.564487
vn 0.140396 0.772432 -0.619384
vn -0.120216 0.692909 0.710933
vn -0.338915 0.684111 0.645855
vn -0.093120 0.760473 -0.642658
vn 0.096907 0.667126 0.738614
vn 0.358495 0.743531 -0.564484
vn 0.140391 0.772433 -0.619384
vn -0.120225 0.692908 0.710932
vn -0.338908 0.684114 0.645855
vn -0.093118 0.760478 -0.642652
vn -0.232849 0.692970 0.682329
vn 0.021817 0.771696 -0.635617
vn 0.246784 0.763461 -0.596845
vn -0.016085 0.684695 0.728652
vn 0.203801 0.642095 0.739039
vn 0.460384 0.714886 -0.526293
vn -0.232855 0.692969 0.682329
vn 0.021829 0.771699 -0.635613
vn 0.246774 0.763462 -0.596848
vn -0.016084 0.684694 0.728653
vn 0.203806 0.642094 0.739039
vn 0.460403 0.714874 -0.526292
vn 0.744837 0.667124 0.012756
vn -0.505642 0.743529 -0.437596
vn -0.592003 0.772437 -0.229945
vn 0.685525 0.692910 0.223454
vn 0.589005 0.684113 0.430188
vn -0.649366 0.760472 -0.002379
vn 0.744836 0.667126 0.012755
vn -0.505630 0.743535 -0.437600
vn -0.592010 0.772434 -0.229936
vn 0.685526 0.692908 0.223456
vn 0.589000 0.684116 0.430191
vn -0.649357 0.760480 -0.002385
vn 0.640680 0.692967 0.330645
vn -0.625504 0.771693 -0.115045
vn -0.554074 0.763462 -0.331856
vn 0.718372 0.684691 0.123048
vn 0.760970 0.642097 -0.092927
vn -0.452874 0.714884 -0.532773
vn 0.640674 0.692972 0.330647
vn -0.625490 0.771704 -0.115046
vn -0.554077 0.763458 -0.331858
vn 0.718369 0.684694 0.123048
vn 0.760972 0.642094 -0.092931
vn -0.452879 0.714878 -0.532776
vn 0.562315 0.686281 0.461325
vn -0.332991 0.775378 -0.536568
vn -0.506707 0.770091 -0.387567
vn 0.401110 0.680673 0.613021
vn 0.217807 0.640969 0.736015
vn -0.655109 0.723827 -0.216578
vn 0.562316 0.686282 0.461322
vn -0.332986 0.775381 -0.536568
vn -0.506701 0.770093 -0.387570
vn 0.401109 0.680671 0.613024
vn 0.217808 0.640971 0.736014
vn -0.655109 0.723829 -0.216574
vn 0.309438 0.664582 0.680132
vn -0.586553 0.751456 -0.302109
vn -0.426584 0.777718 -0.461715
vn 0.480998 0.687571 0.543955
vn 0.633787 0.676259 0.375483
vn -0.238058 0.762547 -0.601541
vn 0.309436 0.664580 0.680135
vn -0.586550 0.751457 -0.302112
vn -0.426598 0.777714 -0.461708
vn 0.481013 0.687562 0.543953
vn 0.633787 0.676262 0.375479
vn -0.238052 0.762544 -0.601546
vn 0.712141 0.667126 -0.218628
vn -0.616340 0.743524 -0.259417
vn -0.634119 0.772433 -0.035215
vn 0.721026 0.692908 0.000081
vn 0.693303 0.684113 0.226541
vn -0.618150 0.760477 0.198909
vn -0.375389 0.722242 0.580904
vn 0.607464 0.722241 -0.330690
vn 0.461349 0.731927 -0.501437
vn -0.534684 0.731925 0.422373
vn -0.669524 0.703540 0.238262
vn 0.287892 0.703542 -0.649728
vn -0.607461 0.722243 0.330689
vn 0.375385 0.722243 -0.580905
vn 0.534680 0.731928 -0.422374
vn -0.461345 0.731929 0.501439
vn -0.287888 0.703543 0.649729
vn 0.669523 0.703541 -0.238263
vn 0.096897 0.667128 0.738615
vn 0.358497 0.743531 -0.564484
vn 0.140385 0.772434 -0.619385
vn -0.120235 0.692905 0.710933
vn -0.338887 0.684121 0.645860
vn -0.093131 0.760478 -0.642651
vn -0.232843 0.692971 0.682331
vn 0.021816 0.771700 -0.635612
vn 0.246790 0.763459 -0.596846
vn -0.016075 0.684695 0.728653
vn 0.203819 0.642093 0.739036
vn 0.460397 0.714877 -0.526294
vn 0.744838 0.667124 0.012756
vn -0.505631 0.743536 -0.437598
vn -0.592009 0.772434 -0.229939
vn 0.685532 0.692902 0.223457
vn 0.589002 0.684115 0.430191
vn -0.649359 0.760478 -0.002386
vn 0.640676 0.692971 0.330644
vn -0.625499 0.771697 -0.115046
vn -0.554068 0.763465 -0.331859
vn 0.718374 0.684689 0.123048
vn 0.760973 0.642093 -0.092930
vn -0.452879 0.714878 -0.532777
vn 0.562306 0.686287 0.461326
vn -0.332985 0.775383 -0.536566
vn -0.506709 0.770089 -0.387569
vn 0.401109 0.680669 0.613026
vn 0.217811 0.640972 0.736012
vn -0.655102 0.723834 -0.216576
vn 0.309441 0.664580 0.680132
vn -0.586544 0.751461 -0.302114
vn -0.426597 0.777716 -0.461706
vn 0.481004 0.687566 0.543956
vn 0.633788 0.676262 0.375477
vn -0.238052 0.762541 -0.601549
vn -0.360907 0.335601 0.870125
vn 0.894783 0.335599 -0.294511
vn 0.461349 0.731927 -0.501437
vn 0.376830 0.819452 -0.431854
vn -0.669527 0.703538 0.238262
vn 0.287888 0.703543 -0.649729
vn -0.607464 0.722241 0.330688
vn -0.772979 0.592148 -0.227740
vn -0.376829 0.819453 0.431853
vn -0.461345 0.731929 0.501439
vn -0.287888 0.703543 0.649729
vn 0.669523 0.703541 -0.238263
vn 0.537718 0.503807 0.676046
vn 0.769765 0.541146 -0.338560
vn 0.140407 0.772432 -0.619383
vn -0.120237 0.692905 0.710933
vn -0.338888 0.684120 0.645859
vn -0.093120 0.760479 -0.642651
vn -0.700828 0.568866 0.430387
vn -0.540363 0.608906 -0.580724
vn 0.246796 0.763458 -0.596845
vn -0.016085 0.684695 0.728653
vn 0.203819 0.642093 0.739036
vn 0.460404 0.714874 -0.526291
vn 0.946936 0.306527 -0.096716
vn -0.922698 0.379493 -0.067931
vn 0.568793 0.802707 0.179266
vn 0.685526 0.692907 0.223459
vn 0.589002 0.684115 0.430191
vn 0.476258 0.774281 0.416733
vn -0.219203 0.707347 -0.672020
vn -0.928133 0.364571 0.075208
vn -0.554076 0.763460 -0.331857
vn -0.458711 0.832213 -0.311457
vn -0.331799 0.781423 -0.528476
vn -0.452879 0.714878 -0.532777
vn 0.850868 0.324073 0.413523
vn -0.807766 0.368001 -0.460532
vn 0.299313 0.796183 0.525837
vn 0.401105 0.680671 0.613027
vn 0.217811 0.640972 0.736012
vn -0.655102 0.723834 -0.216576
vn 0.309432 0.664582 0.680134
vn -0.876259 0.345704 -0.335646
vn -0.426602 0.777714 -0.461705
vn 0.481008 0.687564 0.543955
vn 0.633788 0.676262 0.375477
vn -0.238062 0.762540 -0.601548
f 1/1/1 2/2/2 3/3/3
f 4/4/4 5/5/5 6/6/6
f 7/7/7 8/8/8 9/9/9
f 10/10/10 11/11/11 12/12/12
f 13/13/13 14/14/14 15/15/15
f 16/16/16 17/17/17 18/18/18
f 19/19/19 20/20/20 5/5/5
f 21/21/21 22/22/22 23/23/23
f 24/24/24 25/25/25 26/26/26
f 27/27/27 28/28/28 20/20/20
f 29/29/29 30/30/30 31/31/31
f 10/10/10 32/32/32 33/33/33
f 34/34/34 26/26/26 35/35/35
f 36/36/36 37/37/37 38/38/38
f 39/39/39 40/40/40 41/41/41
f 42/42/42 43/43/43 25/25/25
f 9/9/9 44/44/44 45/45/45
f 3/3/3 46/46/46 47/47/47
f 15/15/15 48/48/48 49/49/49
f 50/50/50 51/51/51 32/32/32
f 52/52/52 53/53/53 54/54/54
f 55/55/55 56/56/56 57/57/57
f 58/58/58 59/59/59 60/60/60
f 61/61/61 62/62/62 63/63/63
f 64/64/64 65/65/65 66/66/66
f 67/67/67 68/68/68 69/69/69
f 70/70/70 71/71/71 72/72/72
f 73/73/73 74/74/74 75/75/75
f 76/76/76 77/77/77 78/78/78
f 79/79/79 80/80/80 81/81/81
f 82/82/82 83/83/83 84/84/84
f 85/85/85 86/86/86 87/87/87
f 88/88/88 89/89/89 90/90/90
f 91/91/91 92/92/92 93/93/93
f 94/94/94 95/95/95 96/96/96
f 97/97/97 98/98/98 99/99/99
f 100/100/100 101/101/101 102/102/102
f 103/103/103 104/104/104 105/105/105
f 106/106/106 107/107/107 108/108/108
f 109/109/109 110/110/110 111/111/111
f 112/112/112 113/113/113 114/114/114
f 115/115/115 116/116/116 117/117/117
f 118/118/118 119/119/119 120/120/120
f 121/121/121 122/122/122 123/123/123
f 124/124/124 125/125/125 126/126/126
f 127/127/127 128/128/128 129/129/129
f 130/130/130 131/131/131 132/132/132
f 133/133/133 134/134/134 135/135/135
f 136/136/136 137/137/137 138/138/138
f 139/139/139 140/140/140 141/141/141
f 142/142/142 143/143/143 144/144/144
f 145/145/145 146/146/146 147/147/147
f 148/148/148 149/149/149 150/150/150
f 151/151/151 152/152/152 153/153/153
f 154/154/154 155/155/155 156/156/156
f 157/157/157 158/158/158 159/159/159
f 160/160/160 161/161/161 162/162/162
f 163/163/163 164/164/164 165/165/165
f 166/166/166 167/167/167 168/168/168
f 169/169/169 170/170/170 171/171/171
f 172/172/172 173/173/173 174/174/174
f 175/175/175 176/176/176 177/177/177
f 178/178/178 179/179/179 180/180/180
f 181/181/181 182/182/182 183/183/183
f 184/184/184 185/185/185 186/186/186
f 187/187/187 188/188/188 189/189/189
f 190/190/190 191/191/191 192/192/192
f 193/193/193 194/194/194 195/195/195
f 196/196/196 197/197/197 198/198/198
f 199/199/199 200/200/200 201/201/201
f 202/202/202 203/203/203 204/204/204
f 205/205/205 206/206/206 207/207/207
f 208/208/208 209/209/209 210/210/210
f 211/211/211 212/212/212 213/213/213
f 214/214/214 215/215/215 216/216/216
f 217/217/217 218/218/218 219/219/219
f 220/220/220 221/221/221 222/222/222
f 223/223/223 224/224/224 225/225/225
f 226/226/226 227/227/227 228/228/228
f 229/229/229 230/230/230 231/231/231
f 232/232/232 233/233/233 234/234/234
f 235/235/235 236/236/236 237/237/237
f 238/238/238 239/239/239 240/240/240
f 241/241/241 242/242/242 243/243/243
f 244/244/244 245/245/245 246/246/246
f 247/247/247 248/248/248 249/249/249
f 250/250/250 251/251/251 252/252/252
f 253/253/253 254/254/254 255/255/255
f 256/256/256 257/257/257 258/258/258
f 259/259/259 260/260/260 261/261/261
f 262/262/262 263/263/263 264/264/264
f 265/265/265 266/266/266 267/267/267
f 268/268/268 269/269/269 270/270/270
f 271/271/271 272/272/272 273/273/273
f 274/274/274 275/275/275 276/276/276
f 277/277/277 278/278/278 279/279/279
f 280/280/280 281/281/281 282/282/282
f 283/283/283 284/284/284 285/285/285
f 286/286/286 287/287/287 288/288/288
f 289/289/289 290/290/290 291/291/291
f 292/292/292 293/293/293 294/294/294
f 295/295/295 296/296/296 297/297/297
f 298/298/298 299/299/299 300/300/300
f 301/301/301 302/302/302 303/303/303
f 304/304/304 305/305/305 306/306/306
f 307/307/307 308/308/308 309/309/309
f 310/310/310 311/311/311 312/312/312
f 313/313/313 314/314/314 315/315/315
f 316/316/316 317/317/317 318/318/318
f 319/319/319 320/320/320 321/321/321
f 322/322/322 323/323/323 324/324/324
f 325/325/325 326/326/326 327/327/327
f 328/328/328 329/329/329 330/330/330
f 331/331/331 332/332/332 333/333/333
f 334/334/334 335/335/335 336/336/336
f 337/337/337 338/338/338 339/339/339
f 340/340/340 341/341/341 342/342/342
f 343/343/343 344/344/344 345/345/345
f 346/346/346 347/347/347 348/348/348
f 349/349/349 350/350/350 351/351/351
f 352/352/352 353/353/353 354/354/354
f 355/355/355 356/356/356 357/357/357
f 358/358/358 359/359/359 360/360/360
f 361/361/361 362/362/362 363/363/363
f 364/364/364 365/365/365 366/366/366
f 367/367/367 368/368/368 369/369/369
f 370/370/370 371/371/371 372/372/372
f 373/373/373 374/374/374 375/375/375
f 376/376/376 377/377/377 378/378/378
f 379/379/379 380/380/380 381/381/381
f 382/382/382 383/383/383 384/384/384
f 385/385/385 386/386/386 387/387/387
f 388/388/388 389/389/389 390/390/390
f 391/391/391 392/392/392 393/393/393
f 394/394/394 395/395/395 396/396/396
f 397/397/397 398/398/398 399/399/399
f 400/400/400 401/401/401 402/402/402
f 403/403/403 404/404/404 405/405/405
f 406/406/406 407/407/407 408/408/408
f 409/409/409 410/410/410 411/411/411
f 412/412/412 413/413/413 414/414/414
f 415/415/415 416/416/416 417/417/417
f 418/418/418 419/419/419 420/420/420
f 421/421/421 422/422/422 423/423/423
f 424/424/424 425/425/425 426/426/426
f 427/427/427 428/428/428 429/429/429
f 430/430/430 431/431/431 432/432/432
f 433/433/433 434/434/434 435/435/435
f 436/436/436 437/437/437 438/438/438
f 439/439/439 440/440/440 441/441/441
f 442/442/442 443/443/443 444/444/444
f 445/445/445 446/446/446 447/447/447
f 448/448/448 449/449/449 450/450/450
f 451/451/451 452/452/452 453/453/453
f 454/454/454 455/455/455 456/456/456
f 457/457/457 458/458/458 459/459/459
f 460/460/460 461/461/461 462/462/462
f 463/463/463 464/464/464 465/465/465
f 466/466/466 467/467/467 468/468/468
f 469/469/469 470/470/470 471/471/471
f 472/472/472 473/473/473 474/474/474
f 475/475/475 476/476/476 477/477/477
f 478/478/478 479/479/479 480/480/480
f 481/481/481 482/482/482 483/483/483
f 484/484/484 485/485/485 486/486/486
f 487/487/487 488/488/488 489/489/489
f 490/490/490 491/491/491 492/492/492
f 493/493/493 494/494/494 495/495/495
f 496/496/496 497/497/497 498/498/498
f 499/499/499 500/500/500 501/501/501
f 502/502/502 503/503/503 504/504/504
f 505/505/505 506/506/506 507/507/507
f 508/508/508 509/509/509 510/510/510
f 511/511/511 512/512/512 513/513/513
f 514/514/514 515/515/515 516/516/516
f 517/517/517 518/518/518 519/519/519
f 520/520/520 521/521/521 522/522/522
f 523/523/523 524/524/524 525/525/525
f 526/526/526 527/527/527 528/528/528
f 529/529/529 530/530/530 531/531/531
f 532/532/532 533/533/533 534/534/534
f 535/535/535 536/536/536 537/537/537
f 538/538/538 539/539/539 540/540/540
f 541/541/541 542/542/542 543/543/543
f 544/544/544 545/545/545 546/546/546
f 547/547/547 548/548/548 549/549/549
f 550/550/550 551/551/551 552/552/552
f 553/553/553 554/554/554 555/555/555
f 556/556/556 557/557/557 558/558/558
f 559/559/559 560/560/560 561/561/561
f 562/562/562 563/563/563 564/564/564
f 565/565/565 566/566/566 567/567/567
f 568/568/568 569/569/569 570/570/570
f 571/571/571 572/572/572 573/573/573
f 574/574/574 575/575/575 576/576/576
f 577/577/577 578/578/578 579/579/579
f 580/580/580 581/581/581 582/582/582
f 583/583/583 584/584/584 585/585/585
f 586/586/586 587/587/587 588/588/588
f 589/589/589 590/590/590 591/591/591
f 592/592/592 593/593/593 594/594/594
f 595/595/595 596/596/596 597/597/597
f 598/598/598 599/599/599 600/600/600
f 601/601/601 602/602/602 603/603/603
f 604/604/604 605/605/605 606/606/606
f 607/607/607 608/608/608 609/609/609
f 610/610/610 611/611/611 612/612/612
f 613/613/613 614/614/614 615/615/615
f 616/616/616 617/617/617 618/618/618
f 619/619/619 620/620/620 621/621/621
f 622/622/622 623/623/623 624/624/624
f 625/625/625 626/626/626 627/627/627
f 628/628/628 629/629/629 630/630/630
f 631/631/631 632/632/632 633/633/633
f 634/634/634 635/635/635 636/636/636
f 637/637/637 638/638/638 639/639/639
f 640/640/640 641/641/641 642/642/642
f 643/643/643 644/644/644 645/645/645
f 646/646/646 647/647/647 648/648/648
f 649/649/649 650/650/650 651/651/651
f 652/652/652 653/653/653 654/654/654
f 655/655/655 656/656/656 657/657/657
f 658/658/658 659/659/659 660/660/660
f 661/661/661 662/662/662 663/663/663
f 664/664/664 665/665/665 666/666/666
f 667/667/667 668/668/668 669/669/669
f 670/670/670 671/671/671 672/672/672
f 673/673/673 674/674/674 675/675/675
f 676/676/676 677/677/677 678/678/678
f 679/679/679 680/680/680 681/681/681
f 682/682/682 683/683/683 684/684/684
f 685/685/685 686/686/686 687/687/687
f 688/688/688 689/689/689 690/690/690
f 691/691/691 692/692/692 693/693/693
f 694/694/694 695/695/695 696/696/696
f 697/697/697 698/698/698 699/699/699
f 700/700/700 701/701/701 702/702/702
f 703/703/703 704/704/704 705/705/705
f 706/706/706 707/707/707 708/708/708
f 709/709/709 710/710/710 711/711/711
f 712/712/712 713/713/713 714/714/714
f 715/715/715 716/716/716 717/717/717
f 718/718/718 719/719/719 720/720/720
f 721/721/721 722/722/722 723/723/723
f 724/724/724 725/725/725 726/726/726
f 727/727/727 728/728/728 729/729/729
f 730/730/730 731/731/731 732/732/732
f 733/733/733 734/734/734 735/735/735
f 736/736/736 737/737/737 738/738/738
f 739/739/739 740/740/740 741/741/741
f 742/742/742 743/743/743 744/744/744
f 745/745/745 746/746/746 747/747/747
f 748/748/748 749/749/749 750/750/750
f 751/751/751 752/752/752 753/753/753
f 754/754/754 755/755/755 756/756/756
f 757/757/757 758/758/758 759/759/759
f 760/760/760 761/761/761 762/762/762
f 763/763/763 764/764/764 765/765/765
f 766/766/766 767/767/767 768/768/768
f 769/769/769 770/770/770 771/771/771
f 772/772/772 773/773/773 774/774/774
f 775/775/775 776/776/776 777/777/777
f 778/778/778 779/779/779 780/780/780
f 781/781/781 782/782/782 783/783/783
f 784/784/784 785/785/785 786/786/786
f 787/787/787 788/788/788 789/789/789
f 790/790/790 791/791/791 792/792/792
f 793/793/793 794/794/794 795/795/795
f 796/796/796 797/797/797 798/798/798
f 799/799/799 800/800/800 801/801/801
f 802/802/802 803/803/803 804/804/804
f 805/805/805 806/806/806 807/807/807
f 808/808/808 809/809/809 810/810/810
f 811/811/811 812/812/812 813/813/813
f 814/814/814 815/815/815 816/816/816
f 817/817/817 818/818/818 819/819/819
f 820/820/820 821/821/821 822/822/822
f 823/823/823 824/824/824 825/825/825
f 826/826/826 827/827/827 828/828/828
f 829/829/829 830/830/830 831/831/831
f 832/832/832 833/833/833 834/834/834
f 835/835/835 836/836/836 837/837/837
f 838/838/838 839/839/839 840/840/840
f 841/841/841 842/842/842 843/843/843
f 844/844/844 845/845/845 846/846/846
f 847/847/847 848/848/848 849/849/849
f 850/850/850 851/851/851 852/852/852
f 853/853/853 854/854/854 855/855/855
f 856/856/856 857/857/857 858/858/858
f 859/859/859 860/860/860 861/861/861
f 862/862/862 863/863/863 864/864/864
f 865/865/865 866/866/866 867/867/867
f 868/868/868 869/869/869 870/870/870
f 871/871/871 872/872/872 873/873/873
f 874/874/874 875/875/875 876/876/876
f 877/877/877 878/878/878 879/879/879
f 880/880/880 881/881/881 882/882/882
f 883/883/883 884/884/884 885/885/885
f 886/886/886 887/887/887 888/888/888
f 889/889/889 890/890/890 891/891/891
f 892/892/892 893/893/893 894/894/894
f 895/895/895 896/896/896 897/897/897
f 898/898/898 899/899/899 900/900/900
f 901/901/901 902/902/902 903/903/903
f 904/904/904 905/905/905 906/906/906
f 907/907/907 908/908/908 909/909/909
f 910/910/910 911/911/911 912/912/912
f 913/913/913 914/914/914 915/915/915
f 916/916/916 917/917/917 918/918/918
f 919/919/919 920/920/920 921/921/921
f 922/922/922 923/923/923 924/924/924
f 925/925/925 926/926/926 927/927/927
f 928/928/928 929/929/929 930/930/930
f 931/931/931 932/932/932 933/933/933
f 934/934/934 935/935/935 936/936/936
f 937/937/937 938/938/938 939/939/939
f 940/940/940 941/941/941 942/942/942
f 943/943/943 944/944/944 945/945/945
f 946/946/946 947/947/947 948/948/948
f 949/949/949 950/950/950 951/951/951
f 952/952/952 953/953/953 954/954/954
f 955/955/955 956/956/956 957/957/957
f 958/958/958 959/959/959 960/960/960
f 961/961/961 962/962/962 963/963/963
f 964/964/964 965/965/965 966/966/966
f 967/967/967 968/968/968 969/969/969
f 970/970/970 971/971/971 972/972/972
f 973/973/973 974/974/974 975/975/975
f 976/976/976 977/977/977 978/978/978
f 979/979/979 980/980/980 981/981/981
f 982/982/982 983/983/983 984/984/984
f 985/985/985 986/986/986 987/987/987
f 988/988/988 989/989/989 990/990/990
f 991/991/991 992/992/992 993/993/993
f 994/994/994 995/995/995 996/996/996
f 997/997/997 998/998/998 999/999/999
f 1000/1000/1000 1001/1001/1001 1002/1002/1002
f 1003/1003/1003 1004/1004/1004 1005/1005/1005
f 1006/1006/1006 1007/1007/1007 1008/1008/1008
f 1009/1009/1009 1010/1010/1010 1011/1011/1011
f 1012/1012/1012 1013/1013/1013 1014/1014/1014
f 1015/1015/1015 1016/1016/1016 1017/1017/1017
f 1018/1018/1018 1019/1019/1019 1020/1020/1020
f 1021/1021/1021 1022/1022/1022 1023/1023/1023
f 1024/1024/1024 1025/1025/1025 1026/1026/1026
f 1027/1027/1027 1028/1028/1028 1029/1029/1029
f 1030/1030/1030 1031/1031/1031 1032/1032/1032
f 1033/1033/1033 1034/1034/1034 1035/1035/1035
f 1036/1036/1036 1037/1037/1037 1038/1038/1038
f 1039/1039/1039 1040/1040/1040 1041/1041/1041
f 1042/1042/1042 1043/1043/1043 1044/1044/1044
f 1045/1045/1045 1046/1046/1046 1047/1047/1047
f 1048/1048/1048 1049/1049/1049 1050/1050/1050
f 1051/1051/1051 1052/1052/1052 1053/1053/1053
f 1054/1054/1054 1055/1055/1055 1056/1056/1056
f 1057/1057/1057 1058/1058/1058 1059/1059/1059
f 1060/1060/1060 1061/1061/1061 1062/1062/1062
f 1063/1063/1063 1064/1064/1064 1065/1065/1065
f 1066/1066/1066 1067/1067/1067 1068/1068/1068
f 1069/1069/1069 1070/1070/1070 1071/1071/1071
f 1072/1072/1072 1073/1073/1073 1074/1074/1074
f 1075/1075/1075 1076/1076/1076 1077/1077/1077
f 1078/1078/1078 1079/1079/1079 1080/1080/1080
f 1081/1081/1081 1082/1082/1082 1083/1083/1083
f 1084/1084/1084 1085/1085/1085 1086/1086/1086
f 1087/1087/1087 1088/1088/1088 1089/1089/1089
f 1090/1090/1090 1091/1091/1091 1092/1092/1092
f 1093/1093/1093 1094/1094/1094 1095/1095/1095
f 1096/1096/1096 1097/1097/1097 1098/1098/1098
f 1099/1099/1099 1100/1100/1100 1101/1101/1101
f 1102/1102/1102 1103/1103/1103 1104/1104/1104
f 1105/1105/1105 1106/1106/1106 1107/1107/1107
f 1108/1108/1108 1109/1109/1109 1110/1110/1110
f 1111/1111/1111 1112/1112/1112 1113/1113/1113
f 1114/1114/1114 1115/1115/1115 1116/1116/1116
f 1117/1117/1117 1118/1118/1118 1119/1119/1119
f 1120/1120/1120 1121/1121/1121 1122/1122/1122
f 1123/1123/1123 1124/1124/1124 1125/1125/1125
f 1126/1126/1126 1127/1127/1127 1128/1128/1128
f 1129/1129/1129 1130/1130/1130 1131/1131/1131
f 1132/1132/1132 1133/1133/1133 1134/1134/1134
f 1135/1135/1135 1136/1136/1136 1137/1137/1137
f 1138/1138/1138 1139/1139/1139 1140/1140/1140
f 1141/1141/1141 1142/1142/1142 1143/1143/1143
f 1144/1144/1144 1145/1145/1145 1146/1146/1146
f 1147/1147/1147 1148/1148/1148 1149/1149/1149
f 1150/1150/1150 1151/1151/1151 1152/1152/1152
f 1153/1153/1153 1154/1154/1154 1155/1155/1155
f 1156/1156/1156 1157/1157/1157 1158/1158/1158
f 1159/1159/1159 1160/1160/1160 1161/1161/1161
f 1162/1162/1162 1163/1163/1163 1164/1164/1164
f 1165/1165/1165 1166/1166/1166 1167/1167/1167
f 1168/1168/1168 1169/1169/1169 1170/1170/1170
f 1171/1171/1171 1172/1172/1172 1173/1173/1173
f 1174/1174/1174 1175/1175/1175 1176/1176/1176
f 1177/1177/1177 1178/1178/1178 1179/1179/1179
f 1180/1180/1180 1181/1181/1181 1182/1182/1182
f 1183/1183/1183 1184/1184/1184 1185/1185/1185
f 1186/1186/1186 1187/1187/1187 1188/1188/1188
f 1189/1189/1189 1190/1190/1190 1191/1191/1191
f 1192/1192/1192 1193/1193/1193 1194/1194/1194
f 1195/1195/1195 1196/1196/1196 1197/1197/1197
f 1198/1198/1198 1199/1199/1199 1200/1200/1200
f 1201/1201/1201 1202/1202/1202 1203/1203/1203
f 1204/1204/1204 1205/1205/1205 1206/1206/1206
f 1207/1207/1207 1208/1208/1208 1209/1209/1209
f 1210/1210/1210 1211/1211/1211 1212/1212/1212
f 1213/1213/1213 1214/1214/1214 1215/1215/1215
f 1216/1216/1216 1217/1217/1217 1218/1218/1218
f 1219/1219/1219 1220/1220/1220 1221/1221/1221
f 1222/1222/1222 1223/1223/1223 1224/1224/1224
f 1225/1225/1225 1226/1226/1226 1227/1227/1227
f 1228/1228/1228 1229/1229/1229 1230/1230/1230
f 1231/1231/1231 1232/1232/1232 1233/1233/1233
f 1234/1234/1234 1235/1235/1235 1236/1236/1236
f 1237/1237/1237 1238/1238/1238 1239/1239/1239
f 1240/1240/1240 1241/1241/1241 1242/1242/1242
f 1243/1243/1243 1244/1244/1244 1245/1245/1245
f 1246/1246/1246 1247/1247/1247 1248/1248/1248
f 1249/1249/1249 1250/1250/1250 1251/1251/1251
f 1252/1252/1252 1253/1253/1253 1254/1254/1254
f 1255/1255/1255 1256/1256/1256 1257/1257/1257
f 1258/1258/1258 1259/1259/1259 1260/1260/1260
f 1261/1261/1261 1262/1262/1262 1263/1263/1263
f 1264/1264/1264 1265/1265/1265 1266/1266/1266
f 1267/1267/1267 1268/1268/1268 1269/1269/1269
f 1270/1270/1270 1271/1271/1271 1272/1272/1272
f 1273/1273/1273 1274/1274/1274 1275/1275/1275
f 1276/1276/1276 1277/1277/1277 1278/1278/1278
f 1279/1279/1279 1280/1280/1280 1281/1281/1281
f 1282/1282/1282 1283/1283/1283 1284/1284/1284
f 1285/1285/1285 1286/1286/1286 1287/1287/1287
f 1288/1288/1288 1289/1289/1289 1290/1290/1290
f 1291/1291/1291 1292/1292/1292 1293/1293/1293
f 1294/1294/1294 1295/1295/1295 1296/1296/1296
f 1297/1297/1297 1298/1298/1298 1299/1299/1299
f 1300/1300/1300 1301/1301/1301 1302/1302/1302
f 1303/1303/1303 1304/1304/1304 1305/1305/1305
f 1306/1306/1306 1307/1307/1307 1308/1308/1308
f 1309/1309/1309 1310/1310/1310 1311/1311/1311
f 1312/1312/1312 1313/1313/1313 1314/1314/1314
f 1315/1315/1315 1316/1316/1316 1317/1317/1317
f 1318/1318/1318 1319/1319/1319 1320/1320/1320
f 1321/1321/1321 1322/1322/1322 1323/1323/1323
f 1324/1324/1324 1325/1325/1325 1326/1326/1326
f 1327/1327/1327 1328/1328/1328 1329/1329/1329
f 1330/1330/1330 1331/1331/1331 1332/1332/1332
f 1333/1333/1333 1334/1334/1334 1335/1335/1335
f 1336/1336/1336 1337/1337/1337 1338/1338/1338
f 1339/1339/1339 1340/1340/1340 1341/1341/1341
f 1342/1342/1342 1343/1343/1343 1344/1344/1344
f 1345/1345/1345 1346/1346/1346 1347/1347/1347
f 1348/1348/1348 1349/1349/1349 1350/1350/1350
f 1351/1351/1351 1352/1352/1352 1353/1353/1353
f 1354/1354/1354 1355/1355/1355 1356/1356/1356
f 1357/1357/1357 1358/1358/1358 1359/1359/1359
f 1360/1360/1360 1361/1361/1361 1362/1362/1362
f 1363/1363/1363 1364/1364/1364 1365/1365/1365
f 1366/1366/1366 1367/1367/1367 1368/1368/1368
f 1369/1369/1369 1370/1370/1370 1371/1371/1371
f 1372/1372/1372 1373/1373/1373 1374/1374/1374
f 1375/1375/1375 1376/1376/1376 1377/1377/1377
f 1378/1378/1378 1379/1379/1379 1380/1380/1380
f 1381/1381/1381 1382/1382/1382 1383/1383/1383
f 1384/1384/1384 1385/1385/1385 1386/1386/1386
f 1387/1387/1387 1388/1388/1388 1389/1389/1389
f 1390/1390/1390 1391/1391/1391 1392/1392/1392
f 1393/1393/1393 1394/1394/1394 1395/1395/1395
f 1396/1396/1396 1397/1397/1397 1398/1398/1398
f 1399/1399/1399 1400/1400/1400 1401/1401/1401
f 1402/1402/1402 1403/1403/1403 1404/1404/1404
f 1405/1405/1405 1406/1406/1406 1407/1407/1407
f 1408/1408/1408 1409/1409/1409 1410/1410/1410
f 1411/1411/1411 1412/1412/1412 1413/1413/1413
f 1414/1414/1414 1415/1415/1415 1416/1416/1416
f 1417/1417/1417 1418/1418/1418 1419/1419/1419
f 1420/1420/1420 1421/1421/1421 1422/1422/1422
f 1423/1423/1423 1424/1424/1424 1425/1425/1425
f 1426/1426/1426 1427/1427/1427 1428/1428/1428
f 1429/1429/1429 1430/1430/1430 1431/1431/1431
f 1432/1432/1432 1433/1433/1433 1434/1434/1434
f 1435/1435/1435 1436/1436/1436 1437/1437/1437
f 1438/1438/1438 1439/1439/1439 1440/1440/1440
f 1441/1441/1441 1442/1442/1442 1443/1443/1443
f 1444/1444/1444 1445/1445/1445 1446/1446/1446
f 1447/1447/1447 1448/1448/1448 1449/1449/1449
f 1450/1450/1450 1451/1451/1451 1452/1452/1452
f 1453/1453/1453 1454/1454/1454 1455/1455/1455
f 1456/1456/1456 1457/1457/1457 1458/1458/1458
f 1459/1459/1459 1460/1460/1460 1461/1461/1461
f 1462/1462/1462 1463/1463/1463 1464/1464/1464
f 1465/1465/1465 1466/1466/1466 1467/1467/1467
f 1468/1468/1468 1469/1469/1469 1470/1470/1470
f 1471/1471/1471 1472/1472/1472 1473/1473/1473
f 1474/1474/1474 1475/1475/1475 1476/1476/1476
f 1477/1477/1477 1478/1478/1478 1479/1479/1479
f 1480/1480/1480 1481/1481/1481 1482/1482/1482
f 1483/1483/1483 1484/1484/1484 1485/1485/1485
f 1486/1486/1486 1487/1487/1487 1488/1488/1488
f 1489/1489/1489 1490/1490/1490 1491/1491/1491
f 1492/1492/1492 1493/1493/1493 1494/1494/1494
f 1495/1495/1495 1496/1496/1496 1497/1497/1497
f 1498/1498/1498 1499/1499/1499 1500/1500/1500
f 1501/1501/1501 1502/1502/1502 1503/1503/1503
f 1504/1504/1504 1505/1505/1505 1506/1506/1506
f 1507/1507/1507 1508/1508/1508 1509/1509/1509
f 1510/1510/1510 1511/1511/1511 1512/1512/1512
f 1513/1513/1513 1514/1514/1514 1515/1515/1515
f 1516/1516/1516 1517/1517/1517 1518/1518/1518
f 1519/1519/1519 1520/1520/1520 1521/1521/1521
f 1522/1522/1522 1523/1523/1523 1524/1524/1524
f 1525/1525/1525 1526/1526/1526 1527/1527/1527
f 1528/1528/1528 1529/1529/1529 1530/1530/1530
f 1531/1531/1531 1532/1532/1532 1533/1533/1533
f 1534/1534/1534 1535/1535/1535 1536/1536/1536
f 1537/1537/1537 1538/1538/1538 1539/1539/1539
f 1540/1540/1540 1541/1541/1541 1542/1542/1542
f 1543/1543/1543 1544/1544/1544 1545/1545/1545
f 1546/1546/1546 1547/1547/1547 1548/1548/1548
f 1549/1549/1549 1550/1550/1550 1551/1551/1551
f 1552/1552/1552 1553/1553/1553 1554/1554/1554
f 1555/1555/1555 1556/1556/1556 1557/1557/1557
f 1558/1558/1558 1559/1559/1559 1560/1560/1560
f 1561/1561/1561 1562/1562/1562 1563/1563/1563
f 1564/1564/1564 1565/1565/1565 1566/1566/1566
f 1567/1567/1567 1568/1568/1568 1569/1569/1569
f 1570/1570/1570 1571/1571/1571 1572/1572/1572
f 1573/1573/1573 1574/1574/1574 1575/1575/1575
f 1576/1576/1576 1577/1577/1577 1578/1578/1578
f 1579/1579/1579 1580/1580/1580 1581/1581/1581
f 1582/1582/1582 1583/1583/1583 1584/1584/1584
f 1585/1585/1585 1586/1586/1586 1587/1587/1587
f 1588/1588/1588 1589/1589/1589 1590/1590/1590
f 1591/1591/1591 1592/1592/1592 1593/1593/1593
f 1594/1594/1594 1595/1595/1595 1596/1596/1596
f 1597/1597/1597 1598/1598/1598 1599/1599/1599
f 1600/1600/1600 1601/1601/1601 1602/1602/1602
f 1603/1603/1603 1604/1604/1604 1605/1605/1605
f 1606/1606/1606 1607/1607/1607 1608/1608/1608
f 1609/1609/1609 1610/1610/1610 1611/1611/1611
f 1612/1612/1612 1613/1613/1613 1614/1614/1614
f 1615/1615/1615 1616/1616/1616 1617/1617/1617
f 1618/1618/1618 1619/1619/1619 1620/1620/1620
f 1621/1621/1621 1622/1622/1622 1623/1623/1623
f 1624/1624/1624 1625/1625/1625 1626/1626/1626
f 1627/1627/1627 1628/1628/1628 1629/1629/1629
f 1630/1630/1630 1631/1631/1631 1632/1632/1632
f 1633/1633/1633 1634/1634/1634 1635/1635/1635
f 1636/1636/1636 1637/1637/1637 1638/1638/1638
f 1639/1639/1639 1640/1640/1640 1641/1641/1641
f 1642/1642/1642 1643/1643/1643 1644/1644/1644
f 1645/1645/1645 1646/1646/1646 1647/1647/1647
f 1648/1648/1648 1649/1649/1649 1650/1650/1650
f 1651/1651/1651 1652/1652/1652 1653/1653/1653
f 1654/1654/1654 1655/1655/1655 1656/1656/1656
f 1657/1657/1657 1658/1658/1658 1659/1659/1659
f 1660/1660/1660 1661/1661/1661 1662/1662/1662
f 1663/1663/1663 1664/1664/1664 1665/1665/1665
f 1666/1666/1666 1667/1667/1667 1668/1668/1668
f 1669/1669/1669 1670/1670/1670 1671/1671/1671
f 1672/1672/1672 1673/1673/1673 1674/1674/1674
f 1675/1675/1675 1676/1676/1676 1677/1677/1677
f 1678/1678/1678 1679/1679/1679 1680/1680/1680
f 1681/1681/1681 1682/1682/1682 1683/1683/1683
f 1684/1684/1684 1685/1685/1685 1686/1686/1686
f 1687/1687/1687 1688/1688/1688 1689/1689/1689
f 1690/1690/1690 1691/1691/1691 1692/1692/1692
f 1693/1693/1693 1694/1694/1694 1695/1695/1695
f 1696/1696/1696 1697/1697/1697 1698/1698/1698
f 1699/1699/1699 1700/1700/1700 1701/1701/1701
f 1702/1702/1702 1703/1703/1703 1704/1704/1704
f 1705/1705/1705 1706/1706/1706 1707/1707/1707
f 1708/1708/1708 1709/1709/1709 1710/1710/1710
f 1711/1711/1711 1712/1712/1712 1713/1713/1713
f 1714/1714/1714 1715/1715/1715 1716/1716/1716
f 1717/1717/1717 1718/1718/1718 1719/1719/1719
f 1720/1720/1720 1721/1721/1721 1722/1722/1722
f 1723/1723/1723 1724/1724/1724 1725/1725/1725
f 1726/1726/1726 1727/1727/1727 1728/1728/1728
f 1729/1729/1729 1730/1730/1730 1731/1731/1731
f 1732/1732/1732 1733/1733/1733 1734/1734/1734
f 1735/1735/1735 1736/1736/1736 1737/1737/1737
f 1738/1738/1738 1739/1739/1739 1740/1740/1740
f 1741/1741/1741 1742/1742/1742 1743/1743/1743
f 1744/1744/1744 1745/1745/1745 1746/1746/1746
f 1747/1747/1747 1748/1748/1748 1749/1749/1749
f 1750/1750/1750 1751/1751/1751 1752/1752/1752
f 1753/1753/1753 1754/1754/1754 1755/1755/1755
f 1756/1756/1756 1757/1757/1757 1758/1758/1758
f 1759/1759/1759 1760/1760/1760 1761/1761/1761
f 1762/1762/1762 1763/1763/1763 1764/1764/1764
f 1765/1765/1765 1766/1766/1766 1767/1767/1767
f 1768/1768/1768 1769/1769/1769 1770/1770/1770
f 1771/1771/1771 1772/1772/1772 1773/1773/1773
f 1774/1774/1774 1775/1775/1775 1776/1776/1776
f 1777/1777/1777 1778/1778/1778 1779/1779/1779
f 1780/1780/1780 1781/1781/1781 1782/1782/1782
f 1783/1783/1783 1784/1784/1784 1785/1785/1785
f 1786/1786/1786 1787/1787/1787 1788/1788/1788
f 1789/1789/1789 1790/1790/1790 1791/1791/1791
f 1792/1792/1792 1793/1793/1793 1794/1794/1794
f 1795/1795/1795 1796/1796/1796 1797/1797/1797
f 1798/1798/1798 1799/1799/1799 1800/1800/1800
f 1801/1801/1801 1802/1802/1802 1803/1803/1803
f 1804/1804/1804 1805/1805/1805 1806/1806/1806
f 1807/1807/1807 1808/1808/1808 1809/1809/1809
f 1810/1810/1810 1811/1811/1811 1812/1812/1812
f 1813/1813/1813 1814/1814/1814 1815/1815/1815
f 1816/1816/1816 1817/1817/1817 1818/1818/1818
f 1819/1819/1819 1820/1820/1820 1821/1821/1821
f 1822/1822/1822 1823/1823/1823 1824/1824/1824
f 1825/1825/1825 1826/1826/1826 1827/1827/1827
f 1828/1828/1828 1829/1829/1829 1830/1830/1830
f 1831/1831/1831 1832/1832/1832 1833/1833/1833
f 1834/1834/1834 1835/1835/1835 1836/1836/1836
f 1837/1837/1837 1838/1838/1838 1839/1839/1839
f 1840/1840/1840 1841/1841/1841 1842/1842/1842
f 1843/1843/1843 1844/1844/1844 1845/1845/1845
f 1846/1846/1846 1847/1847/1847 1848/1848/1848
f 1849/1849/1849 1850/1850/1850 1851/1851/1851
f 1852/1852/1852 1853/1853/1853 1854/1854/1854
f 1855/1855/1855 1856/1856/1856 1857/1857/1857
f 1858/1858/1858 1859/1859/1859 1860/1860/1860
f 1861/1861/1861 1862/1862/1862 1863/1863/1863
f 1864/1864/1864 1865/1865/1865 1866/1866/1866
f 1867/1867/1867 1868/1868/1868 1869/1869/1869
f 1870/1870/1870 1871/1871/1871 1872/1872/1872
f 1873/1873/1873 1874/1874/1874 1875/1875/1875
f 1876/1876/1876 1877/1877/1877 1878/1878/1878
f 1879/1879/1879 1880/1880/1880 1881/1881/1881
f 1882/1882/1882 1883/1883/1883 1884/1884/1884
f 1885/1885/1885 1886/1886/1886 1887/1887/1887
f 1888/1888/1888 1889/1889/1889 1890/1890/1890
f 1891/1891/1891 1892/1892/1892 1893/1893/1893
f 1894/1894/1894 1895/1895/1895 1896/1896/1896
f 1897/1897/1897 1898/1898/1898 1899/1899/1899
f 1900/1900/1900 1901/1901/1901 1902/1902/1902
f 1903/1903/1903 1904/1904/1904 1905/1905/1905
f 1906/1906/1906 1907/1907/1907 1908/1908/1908
f 1909/1909/1909 1910/1910/1910 1911/1911/1911
f 1912/1912/1912 1913/1913/1913 1914/1914/1914
f 1915/1915/1915 1916/1916/1916 1917/1917/1917
f 1918/1918/1918 1919/1919/1919 1920/1920/1920
f 1921/1921/1921 1922/1922/1922 1923/1923/1923
f 1924/1924/1924 1925/1925/1925 1926/1926/1926
f 1927/1927/1927 1928/1928/1928 1929/1929/1929
f 1930/1930/1930 1931/1931/1931 1932/1932/1932
f 1933/1933/1933 1934/1934/1934 1935/1935/1935
f 1936/1936/1936 1937/1937/1937 1938/1938/1938
f 1939/1939/1939 1940/1940/1940 1941/1941/1941
f 1942/1942/1942 1943/1943/1943 1944/1944/1944
f 1945/1945/1945 1946/1946/1946 1947/1947/1947
f 1948/1948/1948 1949/1949/1949 1950/1950/1950
f 1951/1951/1951 1952/1952/1952 1953/1953/1953
f 1954/1954/1954 1955/1955/1955 1956/1956/1956
f 1957/1957/1957 1958/1958/1958 1959/1959/1959
f 1960/1960/1960 1961/1961/1961 1962/1962/1962
f 1963/1963/1963 1964/1964/1964 1965/1965/1965
f 1966/1966/1966 1967/1967/1967 1968/1968/1968
f 1969/1969/1969 1970/1970/1970 1971/1971/1971
f 1972/1972/1972 1973/1973/1973 1974/1974/1974
f 1975/1975/1975 1976/1976/1976 1977/1977/1977
f 1978/1978/1978 1979/1979/1979 1980/1980/1980
f 1981/1981/1981 1982/1982/1982 1983/1983/1983
f 1984/1984/1984 1985/1985/1985 1986/1986/1986
f 1987/1987/1987 1988/1988/1988 1989/1989/1989
f 1990/1990/1990 1991/1991/1991 1992/1992/1992
f 1993/1993/1993 1994/1994/1994 1995/1995/1995
f 1996/1996/1996 1997/1997/1997 1998/1998/1998
f 1999/1999/1999 2000/2000/2000 2001/2001/2001
f 2002/2002/2002 2003/2003/2003 2004/2004/2004
f 2005/2005/2005 2006/2006/2006 2007/2007/2007
f 2008/2008/2008 2009/2009/2009 2010/2010/2010
f 2011/2011/2011 2012/2012/2012 2013/2013/2013
f 2014/2014/2014 2015/2015/2015 2016/2016/2016
f 2017/2017/2017 2018/2018/2018 2019/2019/2019
f 2020/2020/2020 2021/2021/2021 2022/2022/2022
f 2023/2023/2023 2024/2024/2024 2025/2025/2025
f 2026/2026/2026 2027/2027/2027 2028/2028/2028
f 2029/2029/2029 2030/2030/2030 2031/2031/2031
f 2032/2032/2032 2033/2033/2033 2034/2034/2034
f 2035/2035/2035 2036/2036/2036 2037/2037/2037
f 2038/2038/2038 2039/2039/2039 2040/2040/2040
f 2041/2041/2041 2042/2042/2042 2043/2043/2043
f 2044/2044/2044 2045/2045/2045 2046/2046/2046
f 2047/2047/2047 2048/2048/2048 2049/2049/2049
f 2050/2050/2050 2051/2051/2051 2052/2052/2052
f 2053/2053/2053 2054/2054/2054 2055/2055/2055
f 2056/2056/2056 2057/2057/2057 2058/2058/2058
f 2059/2059/2059 2060/2060/2060 2061/2061/2061
f 2062/2062/2062 2063/2063/2063 2064/2064/2064
f 2065/2065/2065 2066/2066/2066 2067/2067/2067
f 2068/2068/2068 2069/2069/2069 2070/2070/2070
f 2071/2071/2071 2072/2072/2072 2073/2073/2073
f 2074/2074/2074 2075/2075/2075 2076/2076/2076
f 2077/2077/2077 2078/2078/2078 2079/2079/2079
f 2080/2080/2080 2081/2081/2081 2082/2082/2082
f 2083/2083/2083 2084/2084/2084 2085/2085/2085
f 2086/2086/2086 2087/2087/2087 2088/2088/2088
f 2089/2089/2089 2090/2090/2090 2091/2091/2091
f 2092/2092/2092 2093/2093/2093 2094/2094/2094
f 2095/2095/2095 2096/2096/2096 2097/2097/2097
f 2098/2098/2098 2099/2099/2099 2100/2100/2100
f 2101/2101/2101 2102/2102/2102 2103/2103/2103
f 2104/2104/2104 2105/2105/2105 2106/2106/2106
f 2107/2107/2107 2108/2108/2108 2109/2109/2109
f 2110/2110/2110 2111/2111/2111 2112/2112/2112
f 2113/2113/2113 2114/2114/2114 2115/2115/2115
f 2116/2116/2116 2117/2117/2117 2118/2118/2118
f 2119/2119/2119 2120/2120/2120 2121/2121/2121
f 2122/2122/2122 2123/2123/2123 2124/2124/2124
f 2125/2125/2125 2126/2126/2126 2127/2127/2127
f 2128/2128/2128 2129/2129/2129 2130/2130/2130
f 2131/2131/2131 2132/2132/2132 2133/2133/2133
f 2134/2134/2134 2135/2135/2135 2136/2136/2136
f 2137/2137/2137 2138/2138/2138 2139/2139/2139
f 2140/2140/2140 2141/2141/2141 2142/2142/2142
f 2143/2143/2143 2144/2144/2144 2145/2145/2145
f 2146/2146/2146 2147/2147/2147 2148/2148/2148
f 2149/2149/2149 2150/2150/2150 2151/2151/2151
f 2152/2152/2152 2153/2153/2153 2154/2154/2154
f 2155/2155/2155 2156/2156/2156 2157/2157/2157
f 2158/2158/2158 2159/2159/2159 2160/2160/2160
f 2161/2161/2161 2162/2162/2162 2163/2163/2163
f 2164/2164/2164 2165/2165/2165 2166/2166/2166
f 2167/2167/2167 2168/2168/2168 2169/2169/2169
f 2170/2170/2170 2171/2171/2171 2172/2172/2172
f 2173/2173/2173 2174/2174/2174 2175/2175/2175
f 2176/2176/2176 2177/2177/2177 2178/2178/2178
f 2179/2179/2179 2180/2180/2180 2181/2181/2181
f 2182/2182/2182 2183/2183/2183 2184/2184/2184
f 2185/2185/2185 2186/2186/2186 2187/2187/2187
f 2188/2188/2188 2189/2189/2189 2190/2190/2190
f 2191/2191/2191 2192/2192/2192 2193/2193/2193
f 2194/2194/2194 2195/2195/2195 2196/2196/2196
f 2197/2197/2197 2198/2198/2198 2199/2199/2199
f 2200/2200/2200 2201/2201/2201 2202/2202/2202
f 2203/2203/2203 2204/2204/2204 2205/2205/2205
f 2206/2206/2206 2207/2207/2207 2208/2208/2208
f 2209/2209/2209 2210/2210/2210 2211/2211/2211
f 2212/2212/2212 2213/2213/2213 2214/2214/2214
f 2215/2215/2215 2216/2216/2216 2217/2217/2217
f 2218/2218/2218 2219/2219/2219 2220/2220/2220
f 2221/2221/2221 2222/2222/2222 2223/2223/2223
f 2224/2224/2224 2225/2225/2225 2226/2226/2226
f 2227/2227/2227 2228/2228/2228 2229/2229/2229
f 2230/2230/2230 2231/2231/2231 2232/2232/2232
f 2233/2233/2233 2234/2234/2234 2235/2235/2235
f 2236/2236/2236 2237/2237/2237 2238/2238/2238
f 2239/2239/2239 2240/2240/2240 2241/2241/2241
f 2242/2242/2242 2243/2243/2243 2244/2244/2244
f 2245/2245/2245 2246/2246/2246 2247/2247/2247
f 2248/2248/2248 2249/2249/2249 2250/2250/2250
f 2251/2251/2251 2252/2252/2252 2253/2253/2253
f 2254/2254/2254 2255/2255/2255 2256/2256/2256
f 2257/2257/2257 2258/2258/2258 2259/2259/2259
f 2260/2260/2260 2261/2261/2261 2262/2262/2262
f 2263/2263/2263 2264/2264/2264 2265/2265/2265
f 2266/2266/2266 2267/2267/2267 2268/2268/2268
f 2269/2269/2269 2270/2270/2270 2271/2271/2271
f 2272/2272/2272 2273/2273/2273 2274/2274/2274
f 2275/2275/2275 2276/2276/2276 2277/2277/2277
f 2278/2278/2278 2279/2279/2279 2280/2280/2280
f 2281/2281/2281 2282/2282/2282 2283/2283/2283
f 2284/2284/2284 2285/2285/2285 2286/2286/2286
f 2287/2287/2287 2288/2288/2288 2289/2289/2289
f 2290/2290/2290 2291/2291/2291 2292/2292/2292
f 2293/2293/2293 2294/2294/2294 2295/2295/2295
f 2296/2296/2296 2297/2297/2297 2298/2298/2298
f 2299/2299/2299 2300/2300/2300 2301/2301/2301
f 2302/2302/2302 2303/2303/2303 2304/2304/2304
f 2305/2305/2305 2306/2306/2306 2307/2307/2307
f 2308/2308/2308 2309/2309/2309 2310/2310/2310
f 2311/2311/2311 2312/2312/2312 2313/2313/2313
f 2314/2314/2314 2315/2315/2315 2316/2316/2316
f 2317/2317/2317 2318/2318/2318 2319/2319/2319
f 2320/2320/2320 2321/2321/2321 2322/2322/2322
f 2323/2323/2323 2324/2324/2324 2325/2325/2325
f 2326/2326/2326 2327/2327/2327 2328/2328/2328
f 2329/2329/2329 2330/2330/2330 2331/2331/2331
f 2332/2332/2332 2333/2333/2333 2334/2334/2334
f 2335/2335/2335 2336/2336/2336 2337/2337/2337
f 2338/2338/2338 2339/2339/2339 2340/2340/2340
f 2341/2341/2341 2342/2342/2342 2343/2343/2343
f 2344/2344/2344 2345/2345/2345 2346/2346/2346
f 2347/2347/2347 2348/2348/2348 2349/2349/2349
f 2350/2350/2350 2351/2351/2351 2352/2352/2352
f 2353/2353/2353 2354/2354/2354 2355/2355/2355
f 2356/2356/2356 2357/2357/2357 2358/2358/2358
f 2359/2359/2359 2360/2360/2360 2361/2361/2361
f 2362/2362/2362 2363/2363/2363 2364/2364/2364
f 2365/2365/2365 2366/2366/2366 2367/2367/2367
f 2368/2368/2368 2369/2369/2369 2370/2370/2370
f 2371/2371/2371 2372/2372/2372 2373/2373/2373
f 2374/2374/2374 2375/2375/2375 2376/2376/2376
f 2377/2377/2377 2378/2378/2378 2379/2379/2379
f 2380/2380/2380 2381/2381/2381 2382/2382/2382
f 2383/2383/2383 2384/2384/2384 2385/2385/2385
f 2386/2386/2386 2387/2387/2387 2388/2388/2388
f 2389/2389/2389 2390/2390/2390 2391/2391/2391
f 2392/2392/2392 2393/2393/2393 2394/2394/2394
f 2395/2395/2395 2396/2396/2396 2397/2397/2397
f 2398/2398/2398 2399/2399/2399 2400/2400/2400
f 2401/2401/2401 2402/2402/2402 2403/2403/2403
f 2404/2404/2404 2405/2405/2405 2406/2406/2406
f 2407/2407/2407 2408/2408/2408 2409/2409/2409
f 2410/2410/2410 2411/2411/2411 2412/2412/2412
f 2413/2413/2413 2414/2414/2414 2415/2415/2415
f 2416/2416/2416 2417/2417/2417 2418/2418/2418
f 2419/2419/2419 2420/2420/2420 2421/2421/2421
f 2422/2422/2422 2423/2423/2423 2424/2424/2424
f 2425/2425/2425 2426/2426/2426 2427/2427/2427
f 2428/2428/2428 2429/2429/2429 2430/2430/2430
f 2431/2431/2431 2432/2432/2432 2433/2433/2433
f 2434/2434/2434 2435/2435/2435 2436/2436/2436
f 2437/2437/2437 2438/2438/2438 2439/2439/2439
f 2440/2440/2440 2441/2441/2441 2442/2442/2442
f 2443/2443/2443 2444/2444/2444 2445/2445/2445
f 2446/2446/2446 2447/2447/2447 2448/2448/2448
f 2449/2449/2449 2450/2450/2450 2451/2451/2451
f 2452/2452/2452 2453/2453/2453 2454/2454/2454
f 2455/2455/2455 2456/2456/2456 2457/2457/2457
f 2458/2458/2458 2459/2459/2459 2460/2460/2460
f 2461/2461/2461 2462/2462/2462 2463/2463/2463
f 2464/2464/2464 2465/2465/2465 2466/2466/2466
f 2467/2467/2467 2468/2468/2468 2469/2469/2469
f 2470/2470/2470 2471/2471/2471 2472/2472/2472
f 2473/2473/2473 2474/2474/2474 2475/2475/2475
f 2476/2476/2476 2477/2477/2477 2478/2478/2478
f 2479/2479/2479 2480/2480/2480 2481/2481/2481
f 2482/2482/2482 2483/2483/2483 2484/2484/2484
f 2485/2485/2485 2486/2486/2486 2487/2487/2487
f 2488/2488/2488 2489/2489/2489 2490/2490/2490
f 2491/2491/2491 2492/2492/2492 2493/2493/2493
f 2494/2494/2494 2495/2495/2495 2496/2496/2496
f 2497/2497/2497 2498/2498/2498 2499/2499/2499
f 2500/2500/2500 2501/2501/2501 2502/2502/2502
f 2503/2503/2503 2504/2504/2504 2505/2505/2505
f 2506/2506/2506 2507/2507/2507 2508/2508/2508
f 2509/2509/2509 2510/2510/2510 2511/2511/2511
f 2512/2512/2512 2513/2513/2513 2514/2514/2514
f 2515/2515/2515 2516/2516/2516 2517/2517/2517
f 2518/2518/2518 2519/2519/2519 2520/2520/2520
f 2521/2521/2521 2522/2522/2522 2523/2523/2523
f 2524/2524/2524 2525/2525/2525 2526/2526/2526
f 2527/2527/2527 2528/2528/2528 2529/2529/2529
f 2530/2530/2530 2531/2531/2531 2532/2532/2532
f 2533/2533/2533 2534/2534/2534 2535/2535/2535
f 2536/2536/2536 2537/2537/2537 2538/2538/2538
f 2539/2539/2539 2540/2540/2540 2541/2541/2541
f 2542/2542/2542 2543/2543/2543 2544/2544/2544
f 2545/2545/2545 2546/2546/2546 2547/2547/2547
f 2548/2548/2548 2549/2549/2549 2550/2550/2550
f 2551/2551/2551 2552/2552/2552 2553/2553/2553
f 2554/2554/2554 2555/2555/2555 2556/2556/2556
f 2557/2557/2557 2558/2558/2558 2559/2559/2559
f 2560/2560/2560 2561/2561/2561 2562/2562/2562
f 2563/2563/2563 2564/2564/2564 2565/2565/2565
f 2566/2566/2566 2567/2567/2567 2568/2568/2568
f 2569/2569/2569 2570/2570/2570 2571/2571/2571
f 2572/2572/2572 2573/2573/2573 2574/2574/2574
f 2575/2575/2575 2576/2576/2576 2577/2577/2577
f 2578/2578/2578 2579/2579/2579 2580/2580/2580
f 2581/2581/2581 2582/2582/2582 2583/2583/2583
f 2584/2584/2584 2585/2585/2585 2586/2586/2586
f 2587/2587/2587 2588/2588/2588 2589/2589/2589
f 2590/2590/2590 2591/2591/2591 2592/2592/2592
f 2593/2593/2593 2594/2594/2594 2595/2595/2595
f 2596/2596/2596 2597/2597/2597 2598/2598/2598
f 2599/2599/2599 2600/2600/2600 2601/2601/2601
f 2602/2602/2602 2603/2603/2603 2604/2604/2604
f 2605/2605/2605 2606/2606/2606 2607/2607/2607
f 2608/2608/2608 2609/2609/2609 2610/2610/2610
f 2611/2611/2611 2612/2612/2612 2613/2613/2613
f 2614/2614/2614 2615/2615/2615 2616/2616/2616
f 2617/2617/2617 2618/2618/2618 2619/2619/2619
f 2620/2620/2620 2621/2621/2621 2622/2622/2622
f 2623/2623/2623 2624/2624/2624 2625/2625/2625
f 2626/2626/2626 2627/2627/2627 2628/2628/2628
f 2629/2629/2629 2630/2630/2630 2631/2631/2631
f 2632/2632/2632 2633/2633/2633 2634/2634/2634
f 2635/2635/2635 2636/2636/2636 2637/2637/2637
f 2638/2638/2638 2639/2639/2639 2640/2640/2640
f 2641/2641/2641 2642/2642/2642 2643/2643/2643
f 2644/2644/2644 2645/2645/2645 2646/2646/2646
f 2647/2647/2647 2648/2648/2648 2649/2649/2649
f 2650/2650/2650 2651/2651/2651 2652/2652/2652
f 2653/2653/2653 2654/2654/2654 2655/2655/2655
f 2656/2656/2656 2657/2657/2657 2658/2658/2658
f 2659/2659/2659 2660/2660/2660 2661/2661/2661
f 2662/2662/2662 2663/2663/2663 2664/2664/2664
f 2665/2665/2665 2666/2666/2666 2667/2667/2667
f 2668/2668/2668 2669/2669/2669 2670/2670/2670
f 2671/2671/2671 2672/2672/2672 2673/2673/2673
f 2674/2674/2674 2675/2675/2675 2676/2676/2676
f 2677/2677/2677 2678/2678/2678 2679/2679/2679
f 2680/2680/2680 2681/2681/2681 2682/2682/2682
f 2683/2683/2683 2684/2684/2684 2685/2685/2685
f 2686/2686/2686 2687/2687/2687 2688/2688/2688
f 2689/2689/2689 2690/2690/2690 2691/2691/2691
f 2692/2692/2692 2693/2693/2693 2694/2694/2694
f 2695/2695/2695 2696/2696/2696 2697/2697/2697
f 2698/2698/2698 2699/2699/2699 2700/2700/2700
f 2701/2701/2701 2702/2702/2702 2703/2703/2703
f 2704/2704/2704 2705/2705/2705 2706/2706/2706
f 2707/2707/2707 2708/2708/2708 2709/2709/2709
f 2710/2710/2710 2711/2711/2711 2712/2712/2712
f 2713/2713/2713 2714/2714/2714 2715/2715/2715
f 2716/2716/2716 2717/2717/2717 2718/2718/2718
f 2719/2719/2719 2720/2720/2720 2721/2721/2721
f 2722/2722/2722 2723/2723/2723 2724/2724/2724
f 2725/2725/2725 2726/2726/2726 2727/2727/2727
f 2728/2728/2728 2729/2729/2729 2730/2730/2730
f 2731/2731/2731 2732/2732/2732 2733/2733/2733
f 2734/2734/2734 2735/2735/2735 2736/2736/2736
f 2737/2737/2737 2738/2738/2738 2739/2739/2739
f 2740/2740/2740 2741/2741/2741 2742/2742/2742
f 2743/2743/2743 2744/2744/2744 2745/2745/2745
f 2746/2746/2746 2747/2747/2747 2748/2748/2748
f 2749/2749/2749 2750/2750/2750 2751/2751/2751
f 2752/2752/2752 2753/2753/2753 2754/2754/2754
f 2755/2755/2755 2756/2756/2756 2757/2757/2757
f 2758/2758/2758 2759/2759/2759 2760/2760/2760
f 2761/2761/2761 2762/2762/2762 2763/2763/2763
f 2764/2764/2764 2765/2765/2765 2766/2766/2766
f 2767/2767/2767 2768/2768/2768 2769/2769/2769
f 2770/2770/2770 2771/2771/2771 2772/2772/2772
f 2773/2773/2773 2774/2774/2774 2775/2775/2775
f 2776/2776/2776 2777/2777/2777 2778/2778/2778
f 2779/2779/2779 2780/2780/2780 2781/2781/2781
f 2782/2782/2782 2783/2783/2783 2784/2784/2784
f 2785/2785/2785 2786/2786/2786 2787/2787/2787
f 2788/2788/2788 2789/2789/2789 2790/2790/2790
f 2791/2791/2791 2792/2792/2792 2793/2793/2793
f 2794/2794/2794 2795/2795/2795 2796/2796/2796
f 2797/2797/2797 2798/2798/2798 2799/2799/2799
f 2800/2800/2800 2801/2801/2801 2802/2802/2802
f 2803/2803/2803 2804/2804/2804 2805/2805/2805
f 2806/2806/2806 2807/2807/2807 2808/2808/2808
f 2809/2809/2809 2810/2810/2810 2811/2811/2811
f 2812/2812/2812 2813/2813/2813 2814/2814/2814
f 2815/2815/2815 2816/2816/2816 2817/2817/2817
f 2818/2818/2818 2819/2819/2819 2820/2820/2820
f 2821/2821/2821 2822/2822/2822 2823/2823/2823
f 2824/2824/2824 2825/2825/2825 2826/2826/2826
f 2827/2827/2827 2828/2828/2828 2829/2829/2829
f 2830/2830/2830 2831/2831/2831 2832/2832/2832
f 2833/2833/2833 2834/2834/2834 2835/2835/2835
f 2836/2836/2836 2837/2837/2837 2838/2838/2838
f 2839/2839/2839 2840/2840/2840 2841/2841/2841
f 2842/2842/2842 2843/2843/2843 2844/2844/2844
f 2845/2845/2845 2846/2846/2846 2847/2847/2847
f 2848/2848/2848 2849/2849/2849 2850/2850/2850
f 2851/2851/2851 2852/2852/2852 2853/2853/2853
f 2854/2854/2854 2855/2855/2855 2856/2856/2856
f 2857/2857/2857 2858/2858/2858 2859/2859/2859
f 2860/2860/2860 2861/2861/2861 2862/2862/2862
f 2863/2863/2863 2864/2864/2864 2865/2865/2865
f 2866/2866/2866 2867/2867/2867 2868/2868/2868
f 2869/2869/2869 2870/2870/2870 2871/2871/2871
f 2872/2872/2872 2873/2873/2873 2874/2874/2874
f 2875/2875/2875 2876/2876/2876 2877/2877/2877
f 2878/2878/2878 2879/2879/2879 2880/2880/2880
f 2881/2881/2881 2882/2882/2882 2883/2883/2883
f 2884/2884/2884 2885/2885/2885 2886/2886/2886
f 2887/2887/2887 2888/2888/2888 2889/2889/2889
f 2890/2890/2890 2891/2891/2891 2892/2892/2892
f 2893/2893/2893 2894/2894/2894 2895/2895/2895
f 2896/2896/2896 2897/2897/2897 2898/2898/2898
f 2899/2899/2899 2900/2900/2900 2901/2901/2901
f 2902/2902/2902 2903/2903/2903 2904/2904/2904
f 2905/2905/2905 2906/2906/2906 2907/2907/2907
f 2908/2908/2908 2909/2909/2909 2910/2910/2910
f 2911/2911/2911 2912/2912/2912 2913/2913/2913
f 2914/2914/2914 2915/2915/2915 2916/2916/2916
f 2917/2917/2917 2918/2918/2918 2919/2919/2919
f 2920/2920/2920 2921/2921/2921 2922/2922/2922
f 2923/2923/2923 2924/2924/2924 2925/2925/2925
f 2926/2926/2926 2927/2927/2927 2928/2928/2928
f 2929/2929/2929 2930/2930/2930 2931/2931/2931
f 2932/2932/2932 2933/2933/2933 2934/2934/2934
f 2935/2935/2935 2936/2936/2936 2937/2937/2937
f 2938/2938/2938 2939/2939/2939 2940/2940/2940
f 2941/2941/2941 2942/2942/2942 2943/2943/2943
f 2944/2944/2944 2945/2945/2945 2946/2946/2946
f 2947/2947/2947 2948/2948/2948 2949/2949/2949
f 2950/2950/2950 2951/2951/2951 2952/2952/2952
f 2953/2953/2953 2954/2954/2954 2955/2955/2955
f 2956/2956/2956 2957/2957/2957 2958/2958/2958
f 2959/2959/2959 2960/2960/2960 2961/2961/2961
f 2962/2962/2962 2963/2963/2963 2964/2964/2964
f 2965/2965/2965 2966/2966/2966 2967/2967/2967
f 2968/2968/2968 2969/2969/2969 2970/2970/2970
f 2971/2971/2971 2972/2972/2972 2973/2973/2973
f 2974/2974/2974 2975/2975/2975 2976/2976/2976
f 2977/2977/2977 2978/2978/2978 2979/2979/2979
f 2980/2980/2980 2981/2981/2981 2982/2982/2982
f 2983/2983/2983 2984/2984/2984 2985/2985/2985
f 2986/2986/2986 2987/2987/2987 2988/2988/2988
f 2989/2989/2989 2990/2990/2990 2991/2991/2991
f 2992/2992/2992 2993/2993/2993 2994/2994/2994
f 2995/2995/2995 2996/2996/2996 2997/2997/2997
f 2998/2998/2998 2999/2999/2999 3000/3000/3000
f 3001/3001/3001 3002/3002/3002 3003/3003/3003
f 3004/3004/3004 3005/3005/3005 3006/3006/3006
f 3007/3007/3007 3008/3008/3008 3009/3009/3009
f 3010/3010/3010 3011/3011/3011 3012/3012/3012
f 3013/3013/3013 3014/3014/3014 3015/3015/3015
f 3016/3016/3016 3017/3017/3017 3018/3018/3018
f 3019/3019/3019 3020/3020/3020 3021/3021/3021
f 3022/3022/3022 3023/3023/3023 3024/3024/3024
f 3025/3025/3025 3026/3026/3026 3027/3027/3027
f 3028/3028/3028 3029/3029/3029 3030/3030/3030
f 3031/3031/3031 3032/3032/3032 3033/3033/3033
f 3034/3034/3034 3035/3035/3035 3036/3036/3036
f 3037/3037/3037 3038/3038/3038 3039/3039/3039
f 3040/3040/3040 3041/3041/3041 3042/3042/3042
f 3043/3043/3043 3044/3044/3044 3045/3045/3045
f 3046/3046/3046 3047/3047/3047 3048/3048/3048
f 3049/3049/3049 3050/3050/3050 3051/3051/3051
f 3052/3052/3052 3053/3053/3053 3054/3054/3054
f 3055/3055/3055 3056/3056/3056 3057/3057/3057
f 3058/3058/3058 3059/3059/3059 3060/3060/3060
f 3061/3061/3061 3062/3062/3062 3063/3063/3063
f 3064/3064/3064 3065/3065/3065 3066/3066/3066
f 3067/3067/3067 3068/3068/3068 3069/3069/3069
f 3070/3070/3070 3071/3071/3071 3072/3072/3072
f 3073/3073/3073 3074/3074/3074 3075/3075/3075
f 3076/3076/3076 3077/3077/3077 3078/3078/3078
f 3079/3079/3079 3080/3080/3080 3081/3081/3081
f 3082/3082/3082 3083/3083/3083 3084/3084/3084
f 3085/3085/3085 3086/3086/3086 3087/3087/3087
f 3088/3088/3088 3089/3089/3089 3090/3090/3090
f 3091/3091/3091 3092/3092/3092 3093/3093/3093
f 3094/3094/3094 3095/3095/3095 3096/3096/3096
f 3097/3097/3097 3098/3098/3098 3099/3099/3099
f 3100/3100/3100 3101/3101/3101 3102/3102/3102
f 3103/3103/3103 3104/3104/3104 3105/3105/3105
f 3106/3106/3106 3107/3107/3107 3108/3108/3108
f 3109/3109/3109 3110/3110/3110 3111/3111/3111
f 3112/3112/3112 3113/3113/3113 3114/3114/3114
f 3115/3115/3115 3116/3116/3116 3117/3117/3117
f 3118/3118/3118 3119/3119/3119 3120/3120/3120
f 3121/3121/3121 3122/3122/3122 3123/3123/3123
f 3124/3124/3124 3125/3125/3125 3126/3126/3126
f 3127/3127/3127 3128/3128/3128 3129/3129/3129
f 3130/3130/3130 3131/3131/3131 3132/3132/3132
f 3133/3133/3133 3134/3134/3134 3135/3135/3135
f 3136/3136/3136 3137/3137/3137 3138/3138/3138
f 3139/3139/3139 3140/3140/3140 3141/3141/3141
f 3142/3142/3142 3143/3143/3143 3144/3144/3144
f 3145/3145/3145 3146/3146/3146 3147/3147/3147
f 3148/3148/3148 3149/3149/3149 3150/3150/3150
f 3151/3151/3151 3152/3152/3152 3153/3153/3153
f 3154/3154/3154 3155/3155/3155 3156/3156/3156
f 3157/3157/3157 3158/3158/3158 3159/3159/3159
f 3160/3160/3160 3161/3161/3161 3162/3162/3162
f 3163/3163/3163 3164/3164/3164 3165/3165/3165
f 3166/3166/3166 3167/3167/3167 3168/3168/3168
f 3169/3169/3169 3170/3170/3170 3171/3171/3171
f 3172/3172/3172 3173/3173/3173 3174/3174/3174
f 3175/3175/3175 3176/3176/3176 3177/3177/3177
f 3178/3178/3178 3179/3179/3179 3180/3180/3180
f 3181/3181/3181 3182/3182/3182 3183/3183/3183
f 3184/3184/3184 3185/3185/3185 3186/3186/3186
f 3187/3187/3187 3188/3188/3188 3189/3189/3189
f 3190/3190/3190 3191/3191/3191 3192/3192/3192
f 3193/3193/3193 3194/3194/3194 3195/3195/3195
f 3196/3196/3196 3197/3197/3197 3198/3198/3198
f 3199/3199/3199 3200/3200/3200 3201/3201/3201
f 3202/3202/3202 3203/3203/3203 3204/3204/3204
f 3205/3205/3205 3206/3206/3206 3207/3207/3207
f 3208/3208/3208 3209/3209/3209 3210/3210/3210
f 3211/3211/3211 3212/3212/3212 3213/3213/3213
f 3214/3214/3214 3215/3215/3215 3216/3216/3216
f 3217/3217/3217 3218/3218/3218 3219/3219/3219
f 3220/3220/3220 3221/3221/3221 3222/3222/3222
f 3223/3223/3223 3224/3224/3224 3225/3225/3225
f 3226/3226/3226 3227/3227/3227 3228/3228/3228
f 3229/3229/3229 3230/3230/3230 3231/3231/3231
f 3232/3232/3232 3233/3233/3233 3234/3234/3234
f 3235/3235/3235 3236/3236/3236 3237/3237/3237
f 3238/3238/3238 3239/3239/3239 3240/3240/3240
f 3241/3241/3241 3242/3242/3242 3243/3243/3243
f 3244/3244/3244 3245/3245/3245 3246/3246/3246
f 3247/3247/3247 3248/3248/3248 3249/3249/3249
f 3250/3250/3250 3251/3251/3251 3252/3252/3252
f 3253/3253/3253 3254/3254/3254 3255/3255/3255
f 3256/3256/3256 3257/3257/3257 3258/3258/3258
f 3259/3259/3259 3260/3260/3260 3261/3261/3261
f 3262/3262/3262 3263/3263/3263 3264/3264/3264
f 3265/3265/3265 3266/3266/3266 3267/3267/3267
f 3268/3268/3268 3269/3269/3269 3270/3270/3270
f 3271/3271/3271 3272/3272/3272 3273/3273/3273
f 3274/3274/3274 3275/3275/3275 3276/3276/3276
f 3277/3277/3277 3278/3278/3278 3279/3279/3279
f 3280/3280/3280 3281/3281/3281 3282/3282/3282
f 3283/3283/3283 3284/3284/3284 3285/3285/3285
f 3286/3286/3286 3287/3287/3287 3288/3288/3288
f 3289/3289/3289 3290/3290/3290 3291/3291/3291
f 3292/3292/3292 3293/3293/3293 3294/3294/3294
f 3295/3295/3295 3296/3296/3296 3297/3297/3297
f 3298/3298/3298 3299/3299/3299 3300/3300/3300
f 3301/3301/3301 3302/3302/3302 3303/3303/3303
f 3304/3304/3304 3305/3305/3305 3306/3306/3306
f 3307/3307/3307 3308/3308/3308 3309/3309/3309
f 3310/3310/3310 3311/3311/3311 3312/3312/3312
f 3313/3313/3313 3314/3314/3314 3315/3315/3315
f 3316/3316/3316 3317/3317/3317 3318/3318/3318
f 3319/3319/3319 3320/3320/3320 3321/3321/3321
f 3322/3322/3322 3323/3323/3323 3324/3324/3324
f 3325/3325/3325 3326/3326/3326 3327/3327/3327
f 3328/3328/3328 3329/3329/3329 3330/3330/3330
f 3331/3331/3331 3332/3332/3332 3333/3333/3333
f 3334/3334/3334 3335/3335/3335 3336/3336/3336
f 3337/3337/3337 3338/3338/3338 3339/3339/3339
f 3340/3340/3340 3341/3341/3341 3342/3342/3342
f 3343/3343/3343 3344/3344/3344 3345/3345/3345
f 3346/3346/3346 3347/3347/3347 3348/3348/3348
f 3349/3349/3349 3350/3350/3350 3351/3351/3351
f 3352/3352/3352 3353/3353/3353 3354/3354/3354
f 3355/3355/3355 3356/3356/3356 3357/3357/3357
f 3358/3358/3358 3359/3359/3359 3360/3360/3360
f 3361/3361/3361 3362/3362/3362 3363/3363/3363
f 3364/3364/3364 3365/3365/3365 3366/3366/3366
f 3367/3367/3367 3368/3368/3368 3369/3369/3369
f 3370/3370/3370 3371/3371/3371 3372/3372/3372
f 3373/3373/3373 3374/3374/3374 3375/3375/3375
f 3376/3376/3376 3377/3377/3377 3378/3378/3378
f 3379/3379/3379 3380/3380/3380 3381/3381/3381
f 3382/3382/3382 3383/3383/3383 3384/3384/3384
f 3385/3385/3385 3386/3386/3386 3387/3387/3387
f 3388/3388/3388 3389/3389/3389 3390/3390/3390
f 3391/3391/3391 3392/3392/3392 3393/3393/3393
f 3394/3394/3394 3395/3395/3395 3396/3396/3396
f 3397/3397/3397 3398/3398/3398 3399/3399/3399
f 3400/3400/3400 3401/3401/3401 3402/3402/3402
f 3403/3403/3403 3404/3404/3404 3405/3405/3405
f 3406/3406/3406 3407/3407/3407 3408/3408/3408
f 3409/3409/3409 3410/3410/3410 3411/3411/3411
f 3412/3412/3412 3413/3413/3413 3414/3414/3414
f 3415/3415/3415 3416/3416/3416 3417/3417/3417
f 3418/3418/3418 3419/3419/3419 3420/3420/3420
f 3421/3421/3421 3422/3422/3422 3423/3423/3423
f 3424/3424/3424 3425/3425/3425 3426/3426/3426
f 3427/3427/3427 3428/3428/3428 3429/3429/3429
f 3430/3430/3430 3431/3431/3431 3432/3432/3432
f 3433/3433/3433 3434/3434/3434 3435/3435/3435
f 3436/3436/3436 3437/3437/3437 3438/3438/3438
f 3439/3439/3439 3440/3440/3440 3441/3441/3441
f 3442/3442/3442 3443/3443/3443 3444/3444/3444
f 3445/3445/3445 3446/3446/3446 3447/3447/3447
f 3448/3448/3448 3449/3449/3449 3450/3450/3450
f 3451/3451/3451 3452/3452/3452 3453/3453/3453
f 3454/3454/3454 3455/3455/3455 3456/3456/3456
f 3457/3457/3457 3458/3458/3458 3459/3459/3459
f 3460/3460/3460 3461/3461/3461 3462/3462/3462
f 3463/3463/3463 3464/3464/3464 3465/3465/3465
f 3466/3466/3466 3467/3467/3467 3468/3468/3468
f 3469/3469/3469 3470/3470/3470 3471/3471/3471
f 3472/3472/3472 3473/3473/3473 3474/3474/3474
f 3475/3475/3475 3476/3476/3476 3477/3477/3477
f 3478/3478/3478 3479/3479/3479 3480/3480/3480
f 3481/3481/3481 3482/3482/3482 3483/3483/3483
f 3484/3484/3484 3485/3485/3485 3486/3486/3486
f 3487/3487/3487 3488/3488/3488 3489/3489/3489
f 3490/3490/3490 3491/3491/3491 3492/3492/3492
f 3493/3493/3493 3494/3494/3494 3495/3495/3495
f 3496/3496/3496 3497/3497/3497 3498/3498/3498
f 3499/3499/3499 3500/3500/3500 3501/3501/3501
f 3502/3502/3502 3503/3503/3503 3504/3504/3504
f 3505/3505/3505 3506/3506/3506 3507/3507/3507
f 3508/3508/3508 3509/3509/3509 3510/3510/3510
f 3511/3511/3511 3512/3512/3512 3513/3513/3513
f 3514/3514/3514 3515/3515/3515 3516/3516/3516
f 3517/3517/3517 3518/3518/3518 3519/3519/3519
f 3520/3520/3520 3521/3521/3521 3522/3522/3522
f 3523/3523/3523 3524/3524/3524 3525/3525/3525
f 3526/3526/3526 3527/3527/3527 3528/3528/3528
f 3529/3529/3529 3530/3530/3530 3531/3531/3531
f 3532/3532/3532 3533/3533/3533 3534/3534/3534
f 3535/3535/3535 3536/3536/3536 3537/3537/3537
f 3538/3538/3538 3539/3539/3539 3540/3540/3540
f 3541/3541/3541 3542/3542/3542 3543/3543/3543
f 3544/3544/3544 3545/3545/3545 3546/3546/3546
f 3547/3547/3547 3548/3548/3548 3549/3549/3549
f 3550/3550/3550 3551/3551/3551 3552/3552/3552
f 3553/3553/3553 3554/3554/3554 3555/3555/3555
f 3556/3556/3556 3557/3557/3557 3558/3558/3558
f 3559/3559/3559 3560/3560/3560 3561/3561/3561
f 3562/3562/3562 3563/3563/3563 3564/3564/3564
f 3565/3565/3565 3566/3566/3566 3567/3567/3567
f 3568/3568/3568 3569/3569/3569 3570/3570/3570
f 3571/3571/3571 3572/3572/3572 3573/3573/3573
f 3574/3574/3574 3575/3575/3575 3576/3576/3576
f 3577/3577/3577 3578/3578/3578 3579/3579/3579
f 3580/3580/3580 3581/3581/3581 3582/3582/3582
f 3583/3583/3583 3584/3584/3584 3585/3585/3585
f 3586/3586/3586 3587/3587/3587 3588/3588/3588
f 3589/3589/3589 3590/3590/3590 3591/3591/3591
f 3592/3592/3592 3593/3593/3593 3594/3594/3594
f 3595/3595/3595 3596/3596/3596 3597/3597/3597
f 3598/3598/3598 3599/3599/3599 3600/3600/3600
f 3601/3601/3601 3602/3602/3602 3603/3603/3603
f 3604/3604/3604 3605/3605/3605 3606/3606/3606
f 3607/3607/3607 3608/3608/3608 3609/3609/3609
f 3610/3610/3610 3611/3611/3611 3612/3612/3612
f 3613/3613/3613 3614/3614/3614 3615/3615/3615
f 3616/3616/3616 3617/3617/3617 3618/3618/3618
f 3619/3619/3619 3620/3620/3620 3621/3621/3621
f 3622/3622/3622 3623/3623/3623 3624/3624/3624
f 3625/3625/3625 3626/3626/3626 3627/3627/3627
f 3628/3628/3628 3629/3629/3629 3630/3630/3630
f 3631/3631/3631 3632/3632/3632 3633/3633/3633
f 3634/3634/3634 3635/3635/3635 3636/3636/3636
f 3637/3637/3637 3638/3638/3638 3639/3639/3639
f 3640/3640/3640 3641/3641/3641 3642/3642/3642
f 3643/3643/3643 3644/3644/3644 3645/3645/3645
f 3646/3646/3646 3647/3647/3647 3648/3648/3648
f 3649/3649/3649 3650/3650/3650 3651/3651/3651
f 3652/3652/3652 3653/3653/3653 3654/3654/3654
f 3655/3655/3655 3656/3656/3656 3657/3657/3657
f 3658/3658/3658 3659/3659/3659 3660/3660/3660
f 3661/3661/3661 3662/3662/3662 3663/3663/3663
f 3664/3664/3664 3665/3665/3665 3666/3666/3666
f 3667/3667/3667 3668/3668/3668 3669/3669/3669
f 3670/3670/3670 3671/3671/3671 3672/3672/3672
f 3673/3673/3673 3674/3674/3674 3675/3675/3675
f 3676/3676/3676 3677/3677/3677 3678/3678/3678
f 3679/3679/3679 3680/3680/3680 3681/3681/3681
f 3682/3682/3682 3683/3683/3683 3684/3684/3684
f 3685/3685/3685 3686/3686/3686 3687/3687/3687
f 3688/3688/3688 3689/3689/3689 3690/3690/3690
f 3691/3691/3691 3692/3692/3692 3693/3693/3693
f 3694/3694/3694 3695/3695/3695 3696/3696/3696
f 3697/3697/3697 3698/3698/3698 3699/3699/3699
f 3700/3700/3700 3701/3701/3701 3702/3702/3702
f 3703/3703/3703 3704/3704/3704 3705/3705/3705
f 3706/3706/3706 3707/3707/3707 3708/3708/3708
f 3709/3709/3709 3710/3710/3710 3711/3711/3711
f 3712/3712/3712 3713/3713/3713 3714/3714/3714
f 3715/3715/3715 3716/3716/3716 3717/3717/3717
f 3718/3718/3718 3719/3719/3719 3720/3720/3720
f 3721/3721/3721 3722/3722/3722 3723/3723/3723
f 3724/3724/3724 3725/3725/3725 3726/3726/3726
f 3727/3727/3727 3728/3728/3728 3729/3729/3729
f 3730/3730/3730 3731/3731/3731 3732/3732/3732
f 3733/3733/3733 3734/3734/3734 3735/3735/3735
f 3736/3736/3736 3737/3737/3737 3738/3738/3738
f 3739/3739/3739 3740/3740/3740 3741/3741/3741
f 3742/3742/3742 3743/3743/3743 3744/3744/3744
f 3745/3745/3745 3746/3746/3746 3747/3747/3747
f 3748/3748/3748 3749/3749/3749 3750/3750/3750
f 3751/3751/3751 3752/3752/3752 3753/3753/3753
f 3754/3754/3754 3755/3755/3755 3756/3756/3756
f 3757/3757/3757 3758/3758/3758 3759/3759/3759
f 3760/3760/3760 3761/3761/3761 3762/3762/3762
f 3763/3763/3763 3764/3764/3764 3765/3765/3765
f 3766/3766/3766 3767/3767/3767 3768/3768/3768
f 3769/3769/3769 3770/3770/3770 3771/3771/3771
f 3772/3772/3772 3773/3773/3773 3774/3774/3774
f 3775/3775/3775 3776/3776/3776 3777/3777/3777
f 3778/3778/3778 3779/3779/3779 3780/3780/3780
f 3781/3781/3781 3782/3782/3782 3783/3783/3783
f 3784/3784/3784 3785/3785/3785 3786/3786/3786
f 3787/3787/3787 3788/3788/3788 3789/3789/3789
f 3790/3790/3790 3791/3791/3791 3792/3792/3792
f 3793/3793/3793 3794/3794/3794 3795/3795/3795
f 3796/3796/3796 3797/3797/3797 3798/3798/3798
f 3799/3799/3799 3800/3800/3800 3801/3801/3801
f 3802/3802/3802 3803/3803/3803 3804/3804/3804
f 3805/3805/3805 3806/3806/3806 3807/3807/3807
f 3808/3808/3808 3809/3809/3809 3810/3810/3810
f 3811/3811/3811 3812/3812/3812 3813/3813/3813
f 1/1/1 29/29/29 2/2/2
f 4/4/4 19/19/19 5/5/5
f 7/7/7 21/21/21 8/8/8
f 10/10/10 33/33/33 11/11/11
f 13/13/13 16/16/16 14/14/14
f 16/16/16 13/13/13 17/17/17
f 19/19/19 27/27/27 20/20/20
f 21/21/21 7/7/7 22/22/22
f 24/24/24 42/42/42 25/25/25
f 27/27/27 3814/3814/3814 28/28/28
f 29/29/29 1/1/1 30/30/30
f 10/10/10 50/50/50 32/32/32
f 34/34/34 24/24/24 26/26/26
f 38/38/38 3815/3815/3815 36/36/36
f 3815/3815/3815 3816/3816/3816 36/36/36
f 3816/3816/3816 3817/3817/3817 36/36/36
f 40/40/40 3818/3818/3818 41/41/41
f 41/41/41 3819/3819/3819 3820/3820/3820
f 3820/3820/3820 39/39/39 41/41/41
f 42/42/42 3821/3821/3821 43/43/43
f 9/9/9 8/8/8 44/44/44
f 3/3/3 2/2/2 46/46/46
f 15/15/15 14/14/14 48/48/48
f 50/50/50 3822/3822/3822 51/51/51
f 52/52/52 3823/3823/3823 53/53/53
f 55/55/55 3824/3824/3824 56/56/56
f 58/58/58 3825/3825/3825 59/59/59
f 61/61/61 3826/3826/3826 62/62/62
f 64/64/64 3827/3827/3827 65/65/65
f 67/67/67 3828/3828/3828 68/68/68
f 70/70/70 3829/3829/3829 71/71/71
f 73/73/73 3830/3830/3830 74/74/74
f 76/76/76 3831/3831/3831 77/77/77
f 79/79/79 3832/3832/3832 80/80/80
f 82/82/82 3833/3833/3833 83/83/83
f 85/85/85 3834/3834/3834 86/86/86
f 88/88/88 3835/3835/3835 89/89/89
f 91/91/91 3836/3836/3836 92/92/92
f 94/94/94 3837/3837/3837 95/95/95
f 97/97/97 3838/3838/3838 98/98/98
f 100/100/100 3839/3839/3839 101/101/101
f 103/103/103 3840/3840/3840 104/104/104
f 106/106/106 3841/3841/3841 107/107/107
f 109/109/109 3842/3842/3842 110/110/110
f 112/112/112 3843/3843/3843 113/113/113
f 115/115/115 3844/3844/3844 116/116/116
f 118/118/118 3845/3845/3845 119/119/119
f 121/121/121 3846/3846/3846 122/122/122
f 124/124/124 3847/3847/3847 125/125/125
f 127/127/127 3848/3848/3848 128/128/128
f 130/130/130 3849/3849/3849 131/131/131
f 133/133/133 3850/3850/3850 134/134/134
f 136/136/136 3851/3851/3851 137/137/137
f 139/139/139 3852/3852/3852 140/140/140
f 142/142/142 3853/3853/3853 143/143/143
f 145/145/145 3854/3854/3854 146/146/146
f 148/148/148 3855/3855/3855 149/149/149
f 151/151/151 3856/3856/3856 152/152/152
f 154/154/154 3857/3857/3857 155/155/155
f 157/157/157 3858/3858/3858 158/158/158
f 160/160/160 3859/3859/3859 161/161/161
f 163/163/163 3860/3860/3860 164/164/164
f 166/166/166 3861/3861/3861 167/167/167
f 169/169/169 3862/3862/3862 170/170/170
f 172/172/172 3863/3863/3863 173/173/173
f 175/175/175 3864/3864/3864 176/176/176
f 178/178/178 3865/3865/3865 179/179/179
f 181/181/181 3866/3866/3866 182/182/182
f 184/184/184 3867/3867/3867 185/185/185
f 187/187/187 3868/3868/3868 188/188/188
f 190/190/190 3869/3869/3869 191/191/191
f 193/193/193 3870/3870/3870 194/194/194
f 196/196/196 3871/3871/3871 197/197/197
f 199/199/199 3872/3872/3872 200/200/200
f 202/202/202 3873/3873/3873 203/203/203
f 205/205/205 3874/3874/3874 206/206/206
f 208/208/208 3875/3875/3875 209/209/209
f 211/211/211 3876/3876/3876 212/212/212
f 214/214/214 3877/3877/3877 215/215/215
f 217/217/217 3878/3878/3878 218/218/218
f 220/220/220 3879/3879/3879 221/221/221
f 223/223/223 3880/3880/3880 224/224/224
f 226/226/226 3881/3881/3881 227/227/227
f 229/229/229 3882/3882/3882 230/230/230
f 232/232/232 3883/3883/3883 233/233/233
f 235/235/235 3884/3884/3884 236/236/236
f 238/238/238 3885/3885/3885 239/239/239
f 241/241/241 3886/3886/3886 242/242/242
f 244/244/244 3887/3887/3887 245/245/245
f 247/247/247 3888/3888/3888 248/248/248
f 250/250/250 3889/3889/3889 251/251/251
f 253/253/253 3890/3890/3890 254/254/254
f 256/256/256 3891/3891/3891 257/257/257
f 259/259/259 3892/3892/3892 260/260/260
f 262/262/262 3893/3893/3893 263/263/263
f 265/265/265 3894/3894/3894 266/266/266
f 268/268/268 3895/3895/3895 269/269/269
f 271/271/271 3896/3896/3896 272/272/272
f 274/274/274 3897/3897/3897 275/275/275
f 277/277/277 3898/3898/3898 278/278/278
f 280/280/280 3899/3899/3899 281/281/281
f 283/283/283 3900/3900/3900 284/284/284
f 286/286/286 3901/3901/3901 287/287/287
f 289/289/289 3902/3902/3902 290/290/290
f 292/292/292 3903/3903/3903 293/293/293
f 295/295/295 3904/3904/3904 296/296/296
f 298/298/298 3905/3905/3905 299/299/299
f 301/301/301 3906/3906/3906 302/302/302
f 304/304/304 3907/3907/3907 305/305/305
f 307/307/307 3908/3908/3908 308/308/308
f 310/310/310 3909/3909/3909 311/311/311
f 313/313/313 3910/3910/3910 314/314/314
f 316/316/316 3911/3911/3911 317/317/317
f 319/319/319 3912/3912/3912 320/320/320
f 322/322/322 3913/3913/3913 323/323/323
f 325/325/325 3914/3914/3914 326/326/326
f 328/328/328 3915/3915/3915 329/329/329
f 331/331/331 3916/3916/3916 332/332/332
f 334/334/334 3917/3917/3917 335/335/335
f 337/337/337 3918/3918/3918 338/338/338
f 340/340/340 3919/3919/3919 341/341/341
f 343/343/343 3920/3920/3920 344/344/344
f 346/346/346 3921/3921/3921 347/347/347
f 349/349/349 3922/3922/3922 350/350/350
f 352/352/352 3923/3923/3923 353/353/353
f 355/355/355 3924/3924/3924 356/356/356
f 358/358/358 3925/3925/3925 359/359/359
f 361/361/361 3926/3926/3926 362/362/362
f 364/364/364 3927/3927/3927 365/365/365
f 367/367/367 3928/3928/3928 368/368/368
f 370/370/370 3929/3929/3929 371/371/371
f 373/373/373 3930/3930/3930 374/374/374
f 376/376/376 3931/3931/3931 377/377/377
f 379/379/379 3932/3932/3932 380/380/380
f 382/382/382 3933/3933/3933 383/383/383
f 385/385/385 3934/3934/3934 386/386/386
f 388/388/388 3935/3935/3935 389/389/389
f 391/391/391 3936/3936/3936 392/392/392
f 394/394/394 3937/3937/3937 395/395/395
f 397/397/397 3938/3938/3938 398/398/398
f 400/400/400 3939/3939/3939 401/401/401
f 403/403/403 3940/3940/3940 404/404/404
f 406/406/406 3941/3941/3941 407/407/407
f 409/409/409 3942/3942/3942 410/410/410
f 412/412/412 3943/3943/3943 413/413/413
f 415/415/415 3944/3944/3944 416/416/416
f 418/418/418 3945/3945/3945 419/419/419
f 421/421/421 3946/3946/3946 422/422/422
f 424/424/424 3947/3947/3947 425/425/425
f 427/427/427 3948/3948/3948 428/428/428
f 430/430/430 3949/3949/3949 431/431/431
f 433/433/433 3950/3950/3950 434/434/434
f 436/436/436 3951/3951/3951 437/437/437
f 439/439/439 3952/3952/3952 440/440/440
f 442/442/442 3953/3953/3953 443/443/443
f 445/445/445 3954/3954/3954 446/446/446
f 448/448/448 3955/3955/3955 449/449/449
f 451/451/451 3956/3956/3956 452/452/452
f 454/454/454 3957/3957/3957 455/455/455
f 457/457/457 3958/3958/3958 458/458/458
f 460/460/460 3959/3959/3959 461/461/461
f 463/463/463 3960/3960/3960 464/464/464
f 466/466/466 3961/3961/3961 467/467/467
f 469/469/469 3962/3962/3962 470/470/470
f 472/472/472 3963/3963/3963 473/473/473
f 475/475/475 3964/3964/3964 476/476/476
f 478/478/478 3965/3965/3965 479/479/479
f 481/481/481 3966/3966/3966 482/482/482
f 484/484/484 3967/3967/3967 485/485/485
f 487/487/487 3968/3968/3968 488/488/488
f 490/490/490 3969/3969/3969 491/491/491
f 493/493/493 3970/3970/3970 494/494/494
f 496/496/496 3971/3971/3971 497/497/497
f 499/499/499 3972/3972/3972 500/500/500
f 502/502/502 3973/3973/3973 503/503/503
f 505/505/505 3974/3974/3974 506/506/506
f 508/508/508 3975/3975/3975 509/509/509
f 511/511/511 3976/3976/3976 512/512/512
f 514/514/514 3977/3977/3977 515/515/515
f 517/517/517 3978/3978/3978 518/518/518
f 520/520/520 3979/3979/3979 521/521/521
f 523/523/523 3980/3980/3980 524/524/524
f 526/526/526 3981/3981/3981 527/527/527
f 529/529/529 3982/3982/3982 530/530/530
f 532/532/532 3983/3983/3983 533/533/533
f 535/535/535 3984/3984/3984 536/536/536
f 538/538/538 3985/3985/3985 539/539/539
f 541/541/541 3986/3986/3986 542/542/542
f 544/544/544 3987/3987/3987 545/545/545
f 547/547/547 3988/3988/3988 548/548/548
f 550/550/550 3989/3989/3989 551/551/551
f 553/553/553 3990/3990/3990 554/554/554
f 556/556/556 3991/3991/3991 557/557/557
f 559/559/559 3992/3992/3992 560/560/560
f 562/562/562 3993/3993/3993 563/563/563
f 565/565/565 3994/3994/3994 566/566/566
f 568/568/568 3995/3995/3995 569/569/569
f 571/571/571 3996/3996/3996 572/572/572
f 574/574/574 3997/3997/3997 575/575/575
f 577/577/577 3998/3998/3998 578/578/578
f 580/580/580 3999/3999/3999 581/581/581
f 583/583/583 4000/4000/4000 584/584/584
f 586/586/586 4001/4001/4001 587/587/587
f 589/589/589 4002/4002/4002 590/590/590
f 592/592/592 4003/4003/4003 593/593/593
f 595/595/595 4004/4004/4004 596/596/596
f 598/598/598 4005/4005/4005 599/599/599
f 601/601/601 4006/4006/4006 602/602/602
f 604/604/604 4007/4007/4007 605/605/605
f 607/607/607 4008/4008/4008 608/608/608
f 610/610/610 4009/4009/4009 611/611/611
f 613/613/613 4010/4010/4010 614/614/614
f 616/616/616 4011/4011/4011 617/617/617
f 619/619/619 4012/4012/4012 620/620/620
f 622/622/622 4013/4013/4013 623/623/623
f 625/625/625 4014/4014/4014 626/626/626
f 628/628/628 4015/4015/4015 629/629/629
f 631/631/631 4016/4016/4016 632/632/632
f 634/634/634 4017/4017/4017 635/635/635
f 637/637/637 4018/4018/4018 638/638/638
f 640/640/640 4019/4019/4019 641/641/641
f 643/643/643 4020/4020/4020 644/644/644
f 646/646/646 4021/4021/4021 647/647/647
f 649/649/649 4022/4022/4022 650/650/650
f 652/652/652 4023/4023/4023 653/653/653
f 655/655/655 4024/4024/4024 656/656/656
f 658/658/658 4025/4025/4025 659/659/659
f 661/661/661 4026/4026/4026 662/662/662
f 664/664/664 4027/4027/4027 665/665/665
f 667/667/667 4028/4028/4028 668/668/668
f 670/670/670 4029/4029/4029 671/671/671
f 673/673/673 4030/4030/4030 674/674/674
f 676/676/676 4031/4031/4031 677/677/677
f 679/679/679 4032/4032/4032 680/680/680
f 682/682/682 4033/4033/4033 683/683/683
f 685/685/685 4034/4034/4034 686/686/686
f 688/688/688 4035/4035/4035 689/689/689
f 691/691/691 4036/4036/4036 692/692/692
f 694/694/694 4037/4037/4037 695/695/695
f 697/697/697 4038/4038/4038 698/698/698
f 700/700/700 4039/4039/4039 701/701/701
f 703/703/703 4040/4040/4040 704/704/704
f 706/706/706 4041/4041/4041 707/707/707
f 709/709/709 4042/4042/4042 710/710/710
f 712/712/712 4043/4043/4043 713/713/713
f 715/715/715 4044/4044/4044 716/716/716
f 718/718/718 4045/4045/4045 719/719/719
f 721/721/721 4046/4046/4046 722/722/722
f 724/724/724 4047/4047/4047 725/725/725
f 727/727/727 4048/4048/4048 728/728/728
f 730/730/730 4049/4049/4049 731/731/731
f 733/733/733 4050/4050/4050 734/734/734
f 736/736/736 4051/4051/4051 737/737/737
f 739/739/739 4052/4052/4052 740/740/740
f 742/742/742 4053/4053/4053 743/743/743
f 745/745/745 4054/4054/4054 746/746/746
f 748/748/748 4055/4055/4055 749/749/749
f 751/751/751 4056/4056/4056 752/752/752
f 754/754/754 4057/4057/4057 755/755/755
f 757/757/757 4058/4058/4058 758/758/758
f 760/760/760 4059/4059/4059 761/761/761
f 763/763/763 4060/4060/4060 764/764/764
f 766/766/766 4061/4061/4061 767/767/767
f 769/769/769 4062/4062/4062 770/770/770
f 772/772/772 4063/4063/4063 773/773/773
f 775/775/775 4064/4064/4064 776/776/776
f 778/778/778 4065/4065/4065 779/779/779
f 781/781/781 4066/4066/4066 782/782/782
f 784/784/784 4067/4067/4067 785/785/785
f 787/787/787 4068/4068/4068 788/788/788
f 790/790/790 4069/4069/4069 791/791/791
f 793/793/793 4070/4070/4070 794/794/794
f 796/796/796 4071/4071/4071 797/797/797
f 799/799/799 4072/4072/4072 800/800/800
f 802/802/802 4073/4073/4073 803/803/803
f 805/805/805 4074/4074/4074 806/806/806
f 808/808/808 4075/4075/4075 809/809/809
f 811/811/811 4076/4076/4076 812/812/812
f 814/814/814 4077/4077/4077 815/815/815
f 817/817/817 4078/4078/4078 818/818/818
f 820/820/820 4079/4079/4079 821/821/821
f 823/823/823 4080/4080/4080 824/824/824
f 826/826/826 4081/4081/4081 827/827/827
f 829/829/829 4082/4082/4082 830/830/830
f 832/832/832 4083/4083/4083 833/833/833
f 835/835/835 4084/4084/4084 836/836/836
f 838/838/838 4085/4085/4085 839/839/839
f 841/841/841 4086/4086/4086 842/842/842
f 844/844/844 4087/4087/4087 845/845/845
f 847/847/847 4088/4088/4088 848/848/848
f 850/850/850 4089/4089/4089 851/851/851
f 853/853/853 4090/4090/4090 854/854/854
f 856/856/856 4091/4091/4091 857/857/857
f 859/859/859 4092/4092/4092 860/860/860
f 862/862/862 4093/4093/4093 863/863/863
f 865/865/865 4094/4094/4094 866/866/866
f 868/868/868 4095/4095/4095 869/869/869
f 871/871/871 4096/4096/4096 872/872/872
f 874/874/874 4097/4097/4097 875/875/875
f 877/877/877 4098/4098/4098 878/878/878
f 880/880/880 4099/4099/4099 881/881/881
f 883/883/883 4100/4100/4100 884/884/884
f 886/886/886 4101/4101/4101 887/887/887
f 889/889/889 4102/4102/4102 890/890/890
f 892/892/892 4103/4103/4103 893/893/893
f 895/895/895 4104/4104/4104 896/896/896
f 898/898/898 4105/4105/4105 899/899/899
f 901/901/901 4106/4106/4106 902/902/902
f 904/904/904 4107/4107/4107 905/905/905
f 907/907/907 4108/4108/4108 908/908/908
f 910/910/910 4109/4109/4109 911/911/911
f 913/913/913 4110/4110/4110 914/914/914
f 916/916/916 4111/4111/4111 917/917/917
f 919/919/919 4112/4112/4112 920/920/920
f 922/922/922 4113/4113/4113 923/923/923
f 925/925/925 4114/4114/4114 926/926/926
f 928/928/928 4115/4115/4115 929/929/929
f 931/931/931 4116/4116/4116 932/932/932
f 934/934/934 4117/4117/4117 935/935/935
f 937/937/937 4118/4118/4118 938/938/938
f 940/940/940 4119/4119/4119 941/941/941
f 943/943/943 4120/4120/4120 944/944/944
f 946/946/946 4121/4121/4121 947/947/947
f 949/949/949 4122/4122/4122 950/950/950
f 952/952/952 4123/4123/4123 953/953/953
f 955/955/955 4124/4124/4124 956/956/956
f 958/958/958 4125/4125/4125 959/959/959
f 961/961/961 4126/4126/4126 962/962/962
f 964/964/964 4127/4127/4127 965/965/965
f 967/967/967 4128/4128/4128 968/968/968
f 970/970/970 4129/4129/4129 971/971/971
f 973/973/973 4130/4130/4130 974/974/974
f 976/976/976 4131/4131/4131 977/977/977
f 979/979/979 4132/4132/4132 980/980/980
f 982/982/982 4133/4133/4133 983/983/983
f 985/985/985 4134/4134/4134 986/986/986
f 988/988/988 4135/4135/4135 989/989/989
f 991/991/991 4136/4136/4136 992/992/992
f 994/994/994 4137/4137/4137 995/995/995
f 997/997/997 4138/4138/4138 998/998/998
f 1000/1000/1000 4139/4139/4139 1001/1001/1001
f 1003/1003/1003 4140/4140/4140 1004/1004/1004
f 1006/1006/1006 4141/4141/4141 1007/1007/1007
f 1009/1009/1009 4142/4142/4142 1010/1010/1010
f 1012/1012/1012 4143/4143/4143 1013/1013/1013
f 1015/1015/1015 4144/4144/4144 1016/1016/1016
f 1018/1018/1018 4145/4145/4145 1019/1019/1019
f 1021/1021/1021 4146/4146/4146 1022/1022/1022
f 1024/1024/1024 4147/4147/4147 1025/1025/1025
f 1027/1027/1027 4148/4148/4148 1028/1028/1028
f 1030/1030/1030 4149/4149/4149 1031/1031/1031
f 1033/1033/1033 4150/4150/4150 1034/1034/1034
f 1036/1036/1036 4151/4151/4151 1037/1037/1037
f 1039/1039/1039 4152/4152/4152 1040/1040/1040
f 1042/1042/1042 4153/4153/4153 1043/1043/1043
f 1045/1045/1045 4154/4154/4154 1046/1046/1046
f 1048/1048/1048 4155/4155/4155 1049/1049/1049
f 1051/1051/1051 4156/4156/4156 1052/1052/1052
f 1054/1054/1054 4157/4157/4157 1055/1055/1055
f 1057/1057/1057 4158/4158/4158 1058/1058/1058
f 1060/1060/1060 4159/4159/4159 1061/1061/1061
f 1063/1063/1063 4160/4160/4160 1064/1064/1064
f 1066/1066/1066 4161/4161/4161 1067/1067/1067
f 1069/1069/1069 4162/4162/4162 1070/1070/1070
f 1072/1072/1072 4163/4163/4163 1073/1073/1073
f 1075/1075/1075 4164/4164/4164 1076/1076/1076
f 1078/1078/1078 4165/4165/4165 1079/1079/1079
f 1081/1081/1081 4166/4166/4166 1082/1082/1082
f 1084/1084/1084 4167/4167/4167 1085/1085/1085
f 1087/1087/1087 4168/4168/4168 1088/1088/1088
f 1090/1090/1090 4169/4169/4169 1091/1091/1091
f 1093/1093/1093 4170/4170/4170 1094/1094/1094
f 1096/1096/1096 4171/4171/4171 1097/1097/1097
f 1099/1099/1099 4172/4172/4172 1100/1100/1100
f 1102/1102/1102 4173/4173/4173 1103/1103/1103
f 1105/1105/1105 4174/4174/4174 1106/1106/1106
f 1108/1108/1108 4175/4175/4175 1109/1109/1109
f 1111/1111/1111 4176/4176/4176 1112/1112/1112
f 1114/1114/1114 4177/4177/4177 1115/1115/1115
f 1117/1117/1117 4178/4178/4178 1118/1118/1118
f 1120/1120/1120 4179/4179/4179 1121/1121/1121
f 1123/1123/1123 4180/4180/4180 1124/1124/1124
f 1126/1126/1126 4181/4181/4181 1127/1127/1127
f 1129/1129/1129 4182/4182/4182 1130/1130/1130
f 1132/1132/1132 4183/4183/4183 1133/1133/1133
f 1135/1135/1135 4184/4184/4184 1136/1136/1136
f 1138/1138/1138 4185/4185/4185 1139/1139/1139
f 1141/1141/1141 4186/4186/4186 1142/1142/1142
f 1144/1144/1144 4187/4187/4187 1145/1145/1145
f 1147/1147/1147 4188/4188/4188 1148/1148/1148
f 1150/1150/1150 4189/4189/4189 1151/1151/1151
f 1153/1153/1153 4190/4190/4190 1154/1154/1154
f 1156/1156/1156 4191/4191/4191 1157/1157/1157
f 1159/1159/1159 4192/4192/4192 1160/1160/1160
f 1162/1162/1162 4193/4193/4193 1163/1163/1163
f 1165/1165/1165 4194/4194/4194 1166/1166/1166
f 1168/1168/1168 4195/4195/4195 1169/1169/1169
f 1171/1171/1171 4196/4196/4196 1172/1172/1172
f 1174/1174/1174 4197/4197/4197 1175/1175/1175
f 1177/1177/1177 4198/4198/4198 1178/1178/1178
f 1180/1180/1180 4199/4199/4199 1181/1181/1181
f 1183/1183/1183 4200/4200/4200 1184/1184/1184
f 1186/1186/1186 4201/4201/4201 1187/1187/1187
f 1189/1189/1189 4202/4202/4202 1190/1190/1190
f 1192/1192/1192 4203/4203/4203 1193/1193/1193
f 1195/1195/1195 4204/4204/4204 1196/1196/1196
f 1198/1198/1198 4205/4205/4205 1199/1199/1199
f 1201/1201/1201 4206/4206/4206 1202/1202/1202
f 1204/1204/1204 4207/4207/4207 1205/1205/1205
f 1207/1207/1207 4208/4208/4208 1208/1208/1208
f 1210/1210/1210 4209/4209/4209 1211/1211/1211
f 1213/1213/1213 4210/4210/4210 1214/1214/1214
f 1216/1216/1216 4211/4211/4211 1217/1217/1217
f 1219/1219/1219 4212/4212/4212 1220/1220/1220
f 1222/1222/1222 4213/4213/4213 1223/1223/1223
f 1225/1225/1225 4214/4214/4214 1226/1226/1226
f 1228/1228/1228 4215/4215/4215 1229/1229/1229
f 1231/1231/1231 4216/4216/4216 1232/1232/1232
f 1234/1234/1234 4217/4217/4217 1235/1235/1235
f 1237/1237/1237 4218/4218/4218 1238/1238/1238
f 1240/1240/1240 4219/4219/4219 1241/1241/1241
f 1243/1243/1243 4220/4220/4220 1244/1244/1244
f 1246/1246/1246 4221/4221/4221 1247/1247/1247
f 1249/1249/1249 4222/4222/4222 1250/1250/1250
f 1252/1252/1252 4223/4223/4223 1253/1253/1253
f 1255/1255/1255 4224/4224/4224 1256/1256/1256
f 1258/1258/1258 4225/4225/4225 1259/1259/1259
f 1261/1261/1261 4226/4226/4226 1262/1262/1262
f 1264/1264/1264 4227/4227/4227 1265/1265/1265
f 1267/1267/1267 4228/4228/4228 1268/1268/1268
f 1270/1270/1270 4229/4229/4229 1271/1271/1271
f 1273/1273/1273 4230/4230/4230 1274/1274/1274
f 1276/1276/1276 4231/4231/4231 1277/1277/1277
f 1279/1279/1279 4232/4232/4232 1280/1280/1280
f 1282/1282/1282 4233/4233/4233 1283/1283/1283
f 1285/1285/1285 4234/4234/4234 1286/1286/1286
f 1288/1288/1288 4235/4235/4235 1289/1289/1289
f 1291/1291/1291 4236/4236/4236 1292/1292/1292
f 1294/1294/1294 4237/4237/4237 1295/1295/1295
f 1297/1297/1297 4238/4238/4238 1298/1298/1298
f 1300/1300/1300 4239/4239/4239 1301/1301/1301
f 1303/1303/1303 4240/4240/4240 1304/1304/1304
f 1306/1306/1306 4241/4241/4241 1307/1307/1307
f 1309/1309/1309 4242/4242/4242 1310/1310/1310
f 1312/1312/1312 4243/4243/4243 1313/1313/1313
f 1315/1315/1315 4244/4244/4244 1316/1316/1316
f 1318/1318/1318 4245/4245/4245 1319/1319/1319
f 1321/1321/1321 4246/4246/4246 1322/1322/1322
f 1324/1324/1324 4247/4247/4247 1325/1325/1325
f 1327/1327/1327 4248/4248/4248 1328/1328/1328
f 1330/1330/1330 4249/4249/4249 1331/1331/1331
f 1333/1333/1333 4250/4250/4250 1334/1334/1334
f 1336/1336/1336 4251/4251/4251 1337/1337/1337
f 1339/1339/1339 4252/4252/4252 1340/1340/1340
f 1342/1342/1342 4253/4253/4253 1343/1343/1343
f 1345/1345/1345 4254/4254/4254 1346/1346/1346
f 1348/1348/1348 4255/4255/4255 1349/1349/1349
f 1351/1351/1351 4256/4256/4256 1352/1352/1352
f 1354/1354/1354 4257/4257/4257 1355/1355/1355
f 1357/1357/1357 4258/4258/4258 1358/1358/1358
f 1360/1360/1360 4259/4259/4259 1361/1361/1361
f 1363/1363/1363 4260/4260/4260 1364/1364/1364
f 1366/1366/1366 4261/4261/4261 1367/1367/1367
f 1369/1369/1369 4262/4262/4262 1370/1370/1370
f 1372/1372/1372 4263/4263/4263 1373/1373/1373
f 1375/1375/1375 4264/4264/4264 1376/1376/1376
f 1378/1378/1378 4265/4265/4265 1379/1379/1379
f 1381/1381/1381 4266/4266/4266 1382/1382/1382
f 1384/1384/1384 4267/4267/4267 1385/1385/1385
f 1387/1387/1387 4268/4268/4268 1388/1388/1388
f 1390/1390/1390 4269/4269/4269 1391/1391/1391
f 1393/1393/1393 4270/4270/4270 1394/1394/1394
f 1396/1396/1396 4271/4271/4271 1397/1397/1397
f 1399/1399/1399 4272/4272/4272 1400/1400/1400
f 1402/1402/1402 4273/4273/4273 1403/1403/1403
f 1405/1405/1405 4274/4274/4274 1406/1406/1406
f 1408/1408/1408 4275/4275/4275 1409/1409/1409
f 1411/1411/1411 4276/4276/4276 1412/1412/1412
f 1414/1414/1414 4277/4277/4277 1415/1415/1415
f 1417/1417/1417 4278/4278/4278 1418/1418/1418
f 1420/1420/1420 4279/4279/4279 1421/1421/1421
f 1423/1423/1423 4280/4280/4280 1424/1424/1424
f 1426/1426/1426 4281/4281/4281 1427/1427/1427
f 1429/1429/1429 4282/4282/4282 1430/1430/1430
f 1432/1432/1432 4283/4283/4283 1433/1433/1433
f 1435/1435/1435 4284/4284/4284 1436/1436/1436
f 1438/1438/1438 4285/4285/4285 1439/1439/1439
f 1441/1441/1441 4286/4286/4286 1442/1442/1442
f 1444/1444/1444 4287/4287/4287 1445/1445/1445
f 1447/1447/1447 4288/4288/4288 1448/1448/1448
f 1450/1450/1450 4289/4289/4289 1451/1451/1451
f 1453/1453/1453 4290/4290/4290 1454/1454/1454
f 1456/1456/1456 4291/4291/4291 1457/1457/1457
f 1459/1459/1459 4292/4292/4292 1460/1460/1460
f 1462/1462/1462 4293/4293/4293 1463/1463/1463
f 1465/1465/1465 4294/4294/4294 1466/1466/1466
f 1468/1468/1468 4295/4295/4295 1469/1469/1469
f 1471/1471/1471 4296/4296/4296 1472/1472/1472
f 1474/1474/1474 4297/4297/4297 1475/1475/1475
f 1477/1477/1477 4298/4298/4298 1478/1478/1478
f 1480/1480/1480 4299/4299/4299 1481/1481/1481
f 1483/1483/1483 4300/4300/4300 1484/1484/1484
f 1486/1486/1486 4301/4301/4301 1487/1487/1487
f 1489/1489/1489 4302/4302/4302 1490/1490/1490
f 1492/1492/1492 4303/4303/4303 1493/1493/1493
f 1495/1495/1495 4304/4304/4304 1496/1496/1496
f 1498/1498/1498 4305/4305/4305 1499/1499/1499
f 1501/1501/1501 4306/4306/4306 1502/1502/1502
f 1504/1504/1504 4307/4307/4307 1505/1505/1505
f 1507/1507/1507 4308/4308/4308 1508/1508/1508
f 1510/1510/1510 4309/4309/4309 1511/1511/1511
f 1513/1513/1513 4310/4310/4310 1514/1514/1514
f 1516/1516/1516 4311/4311/4311 1517/1517/1517
f 1519/1519/1519 4312/4312/4312 1520/1520/1520
f 1522/1522/1522 4313/4313/4313 1523/1523/1523
f 1525/1525/1525 4314/4314/4314 1526/1526/1526
f 1528/1528/1528 4315/4315/4315 1529/1529/1529
f 1531/1531/1531 4316/4316/4316 1532/1532/1532
f 1534/1534/1534 4317/4317/4317 1535/1535/1535
f 1537/1537/1537 4318/4318/4318 1538/1538/1538
f 1540/1540/1540 4319/4319/4319 1541/1541/1541
f 1543/1543/1543 4320/4320/4320 1544/1544/1544
f 1546/1546/1546 4321/4321/4321 1547/1547/1547
f 1549/1549/1549 4322/4322/4322 1550/1550/1550
f 1552/1552/1552 4323/4323/4323 1553/1553/1553
f 1555/1555/1555 4324/4324/4324 1556/1556/1556
f 1558/1558/1558 4325/4325/4325 1559/1559/1559
f 1561/1561/1561 4326/4326/4326 1562/1562/1562
f 1564/1564/1564 4327/4327/4327 1565/1565/1565
f 1567/1567/1567 4328/4328/4328 1568/1568/1568
f 1570/1570/1570 4329/4329/4329 1571/1571/1571
f 1573/1573/1573 4330/4330/4330 1574/1574/1574
f 1576/1576/1576 4331/4331/4331 1577/1577/1577
f 1579/1579/1579 4332/4332/4332 1580/1580/1580
f 1582/1582/1582 4333/4333/4333 1583/1583/1583
f 1585/1585/1585 4334/4334/4334 1586/1586/1586
f 1588/1588/1588 4335/4335/4335 1589/1589/1589
f 1591/1591/1591 4336/4336/4336 1592/1592/1592
f 1594/1594/1594 4337/4337/4337 1595/1595/1595
f 1597/1597/1597 4338/4338/4338 1598/1598/1598
f 1600/1600/1600 4339/4339/4339 1601/1601/1601
f 1603/1603/1603 4340/4340/4340 1604/1604/1604
f 1606/1606/1606 4341/4341/4341 1607/1607/1607
f 1609/1609/1609 4342/4342/4342 1610/1610/1610
f 1612/1612/1612 4343/4343/4343 1613/1613/1613
f 1615/1615/1615 4344/4344/4344 1616/1616/1616
f 1618/1618/1618 4345/4345/4345 1619/1619/1619
f 1621/1621/1621 4346/4346/4346 1622/1622/1622
f 1624/1624/1624 4347/4347/4347 1625/1625/1625
f 1627/1627/1627 4348/4348/4348 1628/1628/1628
f 1630/1630/1630 4349/4349/4349 1631/1631/1631
f 1633/1633/1633 4350/4350/4350 1634/1634/1634
f 1636/1636/1636 4351/4351/4351 1637/1637/1637
f 1639/1639/1639 4352/4352/4352 1640/1640/1640
f 1642/1642/1642 4353/4353/4353 1643/1643/1643
f 1645/1645/1645 4354/4354/4354 1646/1646/1646
f 1648/1648/1648 4355/4355/4355 1649/1649/1649
f 1651/1651/1651 4356/4356/4356 1652/1652/1652
f 1654/1654/1654 4357/4357/4357 1655/1655/1655
f 1657/1657/1657 4358/4358/4358 1658/1658/1658
f 1660/1660/1660 4359/4359/4359 1661/1661/1661
f 1663/1663/1663 4360/4360/4360 1664/1664/1664
f 1666/1666/1666 4361/4361/4361 1667/1667/1667
f 1669/1669/1669 4362/4362/4362 1670/1670/1670
f 1672/1672/1672 4363/4363/4363 1673/1673/1673
f 1675/1675/1675 4364/4364/4364 1676/1676/1676
f 1678/1678/1678 4365/4365/4365 1679/1679/1679
f 1681/1681/1681 4366/4366/4366 1682/1682/1682
f 1684/1684/1684 4367/4367/4367 1685/1685/1685
f 1687/1687/1687 4368/4368/4368 1688/1688/1688
f 1690/1690/1690 4369/4369/4369 1691/1691/1691
f 1693/1693/1693 4370/4370/4370 1694/1694/1694
f 1696/1696/1696 4371/4371/4371 1697/1697/1697
f 1699/1699/1699 4372/4372/4372 1700/1700/1700
f 1702/1702/1702 4373/4373/4373 1703/1703/1703
f 1705/1705/1705 4374/4374/4374 1706/1706/1706
f 1708/1708/1708 4375/4375/4375 1709/1709/1709
f 1711/1711/1711 4376/4376/4376 1712/1712/1712
f 1714/1714/1714 4377/4377/4377 1715/1715/1715
f 1717/1717/1717 4378/4378/4378 1718/1718/1718
f 1720/1720/1720 4379/4379/4379 1721/1721/1721
f 1723/1723/1723 4380/4380/4380 1724/1724/1724
f 1726/1726/1726 4381/4381/4381 1727/1727/1727
f 1729/1729/1729 4382/4382/4382 1730/1730/1730
f 1732/1732/1732 4383/4383/4383 1733/1733/1733
f 1735/1735/1735 4384/4384/4384 1736/1736/1736
f 1738/1738/1738 4385/4385/4385 1739/1739/1739
f 1741/1741/1741 4386/4386/4386 1742/1742/1742
f 1744/1744/1744 4387/4387/4387 1745/1745/1745
f 1747/1747/1747 4388/4388/4388 1748/1748/1748
f 1750/1750/1750 4389/4389/4389 1751/1751/1751
f 1753/1753/1753 4390/4390/4390 1754/1754/1754
f 1756/1756/1756 4391/4391/4391 1757/1757/1757
f 1759/1759/1759 4392/4392/4392 1760/1760/1760
f 1762/1762/1762 4393/4393/4393 1763/1763/1763
f 1765/1765/1765 4394/4394/4394 1766/1766/1766
f 1768/1768/1768 4395/4395/4395 1769/1769/1769
f 1771/1771/1771 4396/4396/4396 1772/1772/1772
f 1774/1774/1774 4397/4397/4397 1775/1775/1775
f 1777/1777/1777 4398/4398/4398 1778/1778/1778
f 1780/1780/1780 4399/4399/4399 1781/1781/1781
f 1783/1783/1783 4400/4400/4400 1784/1784/1784
f 1786/1786/1786 4401/4401/4401 1787/1787/1787
f 1789/1789/1789 4402/4402/4402 1790/1790/1790
f 1792/1792/1792 4403/4403/4403 1793/1793/1793
f 1795/1795/1795 4404/4404/4404 1796/1796/1796
f 1798/1798/1798 4405/4405/4405 1799/1799/1799
f 1801/1801/1801 4406/4406/4406 1802/1802/1802
f 1804/1804/1804 4407/4407/4407 1805/1805/1805
f 1807/1807/1807 4408/4408/4408 1808/1808/1808
f 1810/1810/1810 4409/4409/4409 1811/1811/1811
f 1813/1813/1813 4410/4410/4410 1814/1814/1814
f 1816/1816/1816 4411/4411/4411 1817/1817/1817
f 1819/1819/1819 4412/4412/4412 1820/1820/1820
f 1822/1822/1822 4413/4413/4413 1823/1823/1823
f 1825/1825/1825 4414/4414/4414 1826/1826/1826
f 1828/1828/1828 4415/4415/4415 1829/1829/1829
f 1831/1831/1831 4416/4416/4416 1832/1832/1832
f 1834/1834/1834 4417/4417/4417 1835/1835/1835
f 1837/1837/1837 4418/4418/4418 1838/1838/1838
f 1840/1840/1840 4419/4419/4419 1841/1841/1841
f 1843/1843/1843 4420/4420/4420 1844/1844/1844
f 1846/1846/1846 4421/4421/4421 1847/1847/1847
f 1849/1849/1849 4422/4422/4422 1850/1850/1850
f 1852/1852/1852 4423/4423/4423 1853/1853/1853
f 1855/1855/1855 4424/4424/4424 1856/1856/1856
f 1858/1858/1858 4425/4425/4425 1859/1859/1859
f 1861/1861/1861 4426/4426/4426 1862/1862/1862
f 1864/1864/1864 4427/4427/4427 1865/1865/1865
f 1867/1867/1867 4428/4428/4428 1868/1868/1868
f 1870/1870/1870 4429/4429/4429 1871/1871/1871
f 1873/1873/1873 4430/4430/4430 1874/1874/1874
f 1876/1876/1876 4431/4431/4431 1877/1877/1877
f 1879/1879/1879 4432/4432/4432 1880/1880/1880
f 1882/1882/1882 4433/4433/4433 1883/1883/1883
f 1885/1885/1885 4434/4434/4434 1886/1886/1886
f 1888/1888/1888 4435/4435/4435 1889/1889/1889
f 1891/1891/1891 4436/4436/4436 1892/1892/1892
f 1894/1894/1894 4437/4437/4437 1895/1895/1895
f 1897/1897/1897 4438/4438/4438 1898/1898/1898
f 1900/1900/1900 4439/4439/4439 1901/1901/1901
f 1903/1903/1903 4440/4440/4440 1904/1904/1904
f 1906/1906/1906 4441/4441/4441 1907/1907/1907
f 1909/1909/1909 4442/4442/4442 1910/1910/1910
f 1912/1912/1912 4443/4443/4443 1913/1913/1913
f 1915/1915/1915 4444/4444/4444 1916/1916/1916
f 1918/1918/1918 4445/4445/4445 1919/1919/1919
f 1921/1921/1921 4446/4446/4446 1922/1922/1922
f 1924/1924/1924 4447/4447/4447 1925/1925/1925
f 1927/1927/1927 4448/4448/4448 1928/1928/1928
f 1930/1930/1930 4449/4449/4449 1931/1931/1931
f 1933/1933/1933 4450/4450/4450 1934/1934/1934
f 1936/1936/1936 4451/4451/4451 1937/1937/1937
f 1939/1939/1939 4452/4452/4452 1940/1940/1940
f 1942/1942/1942 4453/4453/4453 1943/1943/1943
f 1945/1945/1945 4454/4454/4454 1946/1946/1946
f 1948/1948/1948 4455/4455/4455 1949/1949/1949
f 1951/1951/1951 4456/4456/4456 1952/1952/1952
f 1954/1954/1954 4457/4457/4457 1955/1955/1955
f 1957/1957/1957 4458/4458/4458 1958/1958/1958
f 1960/1960/1960 4459/4459/4459 1961/1961/1961
f 1963/1963/1963 4460/4460/4460 1964/1964/1964
f 1966/1966/1966 4461/4461/4461 1967/1967/1967
f 1969/1969/1969 4462/4462/4462 1970/1970/1970
f 1972/1972/1972 4463/4463/4463 1973/1973/1973
f 1975/1975/1975 4464/4464/4464 1976/1976/1976
f 1978/1978/1978 4465/4465/4465 1979/1979/1979
f 1981/1981/1981 4466/4466/4466 1982/1982/1982
f 1984/1984/1984 4467/4467/4467 1985/1985/1985
f 1987/1987/1987 4468/4468/4468 1988/1988/1988
f 1990/1990/1990 4469/4469/4469 1991/1991/1991
f 1993/1993/1993 4470/4470/4470 1994/1994/1994
f 1996/1996/1996 4471/4471/4471 1997/1997/1997
f 1999/1999/1999 4472/4472/4472 2000/2000/2000
f 2002/2002/2002 4473/4473/4473 2003/2003/2003
f 2005/2005/2005 4474/4474/4474 2006/2006/2006
f 2008/2008/2008 4475/4475/4475 2009/2009/2009
f 2011/2011/2011 4476/4476/4476 2012/2012/2012
f 2014/2014/2014 4477/4477/4477 2015/2015/2015
f 2017/2017/2017 4478/4478/4478 2018/2018/2018
f 2020/2020/2020 4479/4479/4479 2021/2021/2021
f 2023/2023/2023 4480/4480/4480 2024/2024/2024
f 2026/2026/2026 4481/4481/4481 2027/2027/2027
f 2029/2029/2029 4482/4482/4482 2030/2030/2030
f 2032/2032/2032 4483/4483/4483 2033/2033/2033
f 2035/2035/2035 4484/4484/4484 2036/2036/2036
f 2038/2038/2038 4485/4485/4485 2039/2039/2039
f 2041/2041/2041 4486/4486/4486 2042/2042/2042
f 2044/2044/2044 4487/4487/4487 2045/2045/2045
f 2047/2047/2047 4488/4488/4488 2048/2048/2048
f 2050/2050/2050 4489/4489/4489 2051/2051/2051
f 2053/2053/2053 4490/4490/4490 2054/2054/2054
f 2056/2056/2056 4491/4491/4491 2057/2057/2057
f 2059/2059/2059 4492/4492/4492 2060/2060/2060
f 2062/2062/2062 4493/4493/4493 2063/2063/2063
f 2065/2065/2065 4494/4494/4494 2066/2066/2066
f 2068/2068/2068 4495/4495/4495 2069/2069/2069
f 2071/2071/2071 4496/4496/4496 2072/2072/2072
f 2074/2074/2074 4497/4497/4497 2075/2075/2075
f 2077/2077/2077 4498/4498/4498 2078/2078/2078
f 2080/2080/2080 4499/4499/4499 2081/2081/2081
f 2083/2083/2083 4500/4500/4500 2084/2084/2084
f 2086/2086/2086 4501/4501/4501 2087/2087/2087
f 2089/2089/2089 4502/4502/4502 2090/2090/2090
f 2092/2092/2092 4503/4503/4503 2093/2093/2093
f 2095/2095/2095 4504/4504/4504 2096/2096/2096
f 2098/2098/2098 4505/4505/4505 2099/2099/2099
f 2101/2101/2101 4506/4506/4506 2102/2102/2102
f 2104/2104/2104 4507/4507/4507 2105/2105/2105
f 2107/2107/2107 4508/4508/4508 2108/2108/2108
f 2110/2110/2110 4509/4509/4509 2111/2111/2111
f 2113/2113/2113 4510/4510/4510 2114/2114/2114
f 2116/2116/2116 4511/4511/4511 2117/2117/2117
f 2119/2119/2119 4512/4512/4512 2120/2120/2120
f 2122/2122/2122 4513/4513/4513 2123/2123/2123
f 2125/2125/2125 4514/4514/4514 2126/2126/2126
f 2128/2128/2128 4515/4515/4515 2129/2129/2129
f 2131/2131/2131 4516/4516/4516 2132/2132/2132
f 2134/2134/2134 4517/4517/4517 2135/2135/2135
f 2137/2137/2137 4518/4518/4518 2138/2138/2138
f 2140/2140/2140 4519/4519/4519 2141/2141/2141
f 2143/2143/2143 4520/4520/4520 2144/2144/2144
f 2146/2146/2146 4521/4521/4521 2147/2147/2147
f 2149/2149/2149 4522/4522/4522 2150/2150/2150
f 2152/2152/2152 4523/4523/4523 2153/2153/2153
f 2155/2155/2155 4524/4524/4524 2156/2156/2156
f 2158/2158/2158 4525/4525/4525 2159/2159/2159
f 2161/2161/2161 4526/4526/4526 2162/2162/2162
f 2164/2164/2164 4527/4527/4527 2165/2165/2165
f 2167/2167/2167 4528/4528/4528 2168/2168/2168
f 2170/2170/2170 4529/4529/4529 2171/2171/2171
f 2173/2173/2173 4530/4530/4530 2174/2174/2174
f 2176/2176/2176 4531/4531/4531 2177/2177/2177
f 2179/2179/2179 4532/4532/4532 2180/2180/2180
f 2182/2182/2182 4533/4533/4533 2183/2183/2183
f 2185/2185/2185 4534/4534/4534 2186/2186/2186
f 2188/2188/2188 4535/4535/4535 2189/2189/2189
f 2191/2191/2191 4536/4536/4536 2192/2192/2192
f 2194/2194/2194 4537/4537/4537 2195/2195/2195
f 2197/2197/2197 4538/4538/4538 2198/2198/2198
f 2200/2200/2200 4539/4539/4539 2201/2201/2201
f 2203/2203/2203 4540/4540/4540 2204/2204/2204
f 2206/2206/2206 4541/4541/4541 2207/2207/2207
f 2209/2209/2209 4542/4542/4542 2210/2210/2210
f 2212/2212/2212 4543/4543/4543 2213/2213/2213
f 2215/2215/2215 4544/4544/4544 2216/2216/2216
f 2218/2218/2218 4545/4545/4545 2219/2219/2219
f 2221/2221/2221 4546/4546/4546 2222/2222/2222
f 2224/2224/2224 4547/4547/4547 2225/2225/2225
f 2227/2227/2227 4548/4548/4548 2228/2228/2228
f 2230/2230/2230 4549/4549/4549 2231/2231/2231
f 2233/2233/2233 4550/4550/4550 2234/2234/2234
f 2236/2236/2236 4551/4551/4551 2237/2237/2237
f 2239/2239/2239 4552/4552/4552 2240/2240/2240
f 2242/2242/2242 4553/4553/4553 2243/2243/2243
f 2245/2245/2245 4554/4554/4554 2246/2246/2246
f 2248/2248/2248 4555/4555/4555 2249/2249/2249
f 2251/2251/2251 4556/4556/4556 2252/2252/2252
f 2254/2254/2254 4557/4557/4557 2255/2255/2255
f 2257/2257/2257 4558/4558/4558 2258/2258/2258
f 2260/2260/2260 4559/4559/4559 2261/2261/2261
f 2263/2263/2263 4560/4560/4560 2264/2264/2264
f 2266/2266/2266 4561/4561/4561 2267/2267/2267
f 2269/2269/2269 4562/4562/4562 2270/2270/2270
f 2272/2272/2272 4563/4563/4563 2273/2273/2273
f 2275/2275/2275 4564/4564/4564 2276/2276/2276
f 2278/2278/2278 4565/4565/4565 2279/2279/2279
f 2281/2281/2281 4566/4566/4566 2282/2282/2282
f 2284/2284/2284 4567/4567/4567 2285/2285/2285
f 2287/2287/2287 4568/4568/4568 2288/2288/2288
f 2290/2290/2290 4569/4569/4569 2291/2291/2291
f 2293/2293/2293 4570/4570/4570 2294/2294/2294
f 2296/2296/2296 4571/4571/4571 2297/2297/2297
f 2299/2299/2299 4572/4572/4572 2300/2300/2300
f 2302/2302/2302 4573/4573/4573 2303/2303/2303
f 2305/2305/2305 4574/4574/4574 2306/2306/2306
f 2308/2308/2308 4575/4575/4575 2309/2309/2309
f 2311/2311/2311 4576/4576/4576 2312/2312/2312
f 2314/2314/2314 4577/4577/4577 2315/2315/2315
f 2317/2317/2317 4578/4578/4578 2318/2318/2318
f 2320/2320/2320 4579/4579/4579 2321/2321/2321
f 2323/2323/2323 4580/4580/4580 2324/2324/2324
f 2326/2326/2326 4581/4581/4581 2327/2327/2327
f 2329/2329/2329 4582/4582/4582 2330/2330/2330
f 2332/2332/2332 4583/4583/4583 2333/2333/2333
f 2335/2335/2335 4584/4584/4584 2336/2336/2336
f 2338/2338/2338 4585/4585/4585 2339/2339/2339
f 2341/2341/2341 4586/4586/4586 2342/2342/2342
f 2344/2344/2344 4587/4587/4587 2345/2345/2345
f 2347/2347/2347 4588/4588/4588 2348/2348/2348
f 2350/2350/2350 4589/4589/4589 2351/2351/2351
f 2353/2353/2353 4590/4590/4590 2354/2354/2354
f 2356/2356/2356 4591/4591/4591 2357/2357/2357
f 2359/2359/2359 4592/4592/4592 2360/2360/2360
f 2362/2362/2362 4593/4593/4593 2363/2363/2363
f 2365/2365/2365 4594/4594/4594 2366/2366/2366
f 2368/2368/2368 4595/4595/4595 2369/2369/2369
f 2371/2371/2371 4596/4596/4596 2372/2372/2372
f 2374/2374/2374 4597/4597/4597 2375/2375/2375
f 2377/2377/2377 4598/4598/4598 2378/2378/2378
f 2380/2380/2380 4599/4599/4599 2381/2381/2381
f 2383/2383/2383 4600/4600/4600 2384/2384/2384
f 2386/2386/2386 4601/4601/4601 2387/2387/2387
f 2389/2389/2389 4602/4602/4602 2390/2390/2390
f 2392/2392/2392 4603/4603/4603 2393/2393/2393
f 2395/2395/2395 4604/4604/4604 2396/2396/2396
f 2398/2398/2398 4605/4605/4605 2399/2399/2399
f 2401/2401/2401 4606/4606/4606 2402/2402/2402
f 2404/2404/2404 4607/4607/4607 2405/2405/2405
f 2407/2407/2407 4608/4608/4608 2408/2408/2408
f 2410/2410/2410 4609/4609/4609 2411/2411/2411
f 2413/2413/2413 4610/4610/4610 2414/2414/2414
f 2416/2416/2416 4611/4611/4611 2417/2417/2417
f 2419/2419/2419 4612/4612/4612 2420/2420/2420
f 2422/2422/2422 4613/4613/4613 2423/2423/2423
f 2425/2425/2425 4614/4614/4614 2426/2426/2426
f 2428/2428/2428 4615/4615/4615 2429/2429/2429
f 2431/2431/2431 4616/4616/4616 2432/2432/2432
f 2434/2434/2434 4617/4617/4617 2435/2435/2435
f 2437/2437/2437 4618/4618/4618 2438/2438/2438
f 2440/2440/2440 4619/4619/4619 2441/2441/2441
f 2443/2443/2443 4620/4620/4620 2444/2444/2444
f 2446/2446/2446 4621/4621/4621 2447/2447/2447
f 2449/2449/2449 4622/4622/4622 2450/2450/2450
f 2452/2452/2452 4623/4623/4623 2453/2453/2453
f 2455/2455/2455 4624/4624/4624 2456/2456/2456
f 2458/2458/2458 4625/4625/4625 2459/2459/2459
f 2461/2461/2461 4626/4626/4626 2462/2462/2462
f 2464/2464/2464 4627/4627/4627 2465/2465/2465
f 2467/2467/2467 4628/4628/4628 2468/2468/2468
f 2470/2470/2470 4629/4629/4629 2471/2471/2471
f 2473/2473/2473 4630/4630/4630 2474/2474/2474
f 2476/2476/2476 4631/4631/4631 2477/2477/2477
f 2479/2479/2479 4632/4632/4632 2480/2480/2480
f 2482/2482/2482 4633/4633/4633 2483/2483/2483
f 2485/2485/2485 4634/4634/4634 2486/2486/2486
f 2488/2488/2488 4635/4635/4635 2489/2489/2489
f 2491/2491/2491 4636/4636/4636 2492/2492/2492
f 2494/2494/2494 4637/4637/4637 2495/2495/2495
f 2497/2497/2497 4638/4638/4638 2498/2498/2498
f 2500/2500/2500 4639/4639/4639 2501/2501/2501
f 2503/2503/2503 4640/4640/4640 2504/2504/2504
f 2506/2506/2506 4641/4641/4641 2507/2507/2507
f 2509/2509/2509 4642/4642/4642 2510/2510/2510
f 2512/2512/2512 4643/4643/4643 2513/2513/2513
f 2515/2515/2515 4644/4644/4644 2516/2516/2516
f 2518/2518/2518 4645/4645/4645 2519/2519/2519
f 2521/2521/2521 4646/4646/4646 2522/2522/2522
f 2524/2524/2524 4647/4647/4647 2525/2525/2525
f 2527/2527/2527 4648/4648/4648 2528/2528/2528
f 2530/2530/2530 4649/4649/4649 2531/2531/2531
f 2533/2533/2533 4650/4650/4650 2534/2534/2534
f 2536/2536/2536 4651/4651/4651 2537/2537/2537
f 2539/2539/2539 4652/4652/4652 2540/2540/2540
f 2542/2542/2542 4653/4653/4653 2543/2543/2543
f 2545/2545/2545 4654/4654/4654 2546/2546/2546
f 2548/2548/2548 4655/4655/4655 2549/2549/2549
f 2551/2551/2551 4656/4656/4656 2552/2552/2552
f 2554/2554/2554 4657/4657/4657 2555/2555/2555
f 2557/2557/2557 4658/4658/4658 2558/2558/2558
f 2560/2560/2560 4659/4659/4659 2561/2561/2561
f 2563/2563/2563 4660/4660/4660 2564/2564/2564
f 2566/2566/2566 4661/4661/4661 2567/2567/2567
f 2569/2569/2569 4662/4662/4662 2570/2570/2570
f 2572/2572/2572 4663/4663/4663 2573/2573/2573
f 2575/2575/2575 4664/4664/4664 2576/2576/2576
f 2578/2578/2578 4665/4665/4665 2579/2579/2579
f 2581/2581/2581 4666/4666/4666 2582/2582/2582
f 2584/2584/2584 4667/4667/4667 2585/2585/2585
f 2587/2587/2587 4668/4668/4668 2588/2588/2588
f 2590/2590/2590 4669/4669/4669 2591/2591/2591
f 2593/2593/2593 4670/4670/4670 2594/2594/2594
f 2596/2596/2596 4671/4671/4671 2597/2597/2597
f 2599/2599/2599 4672/4672/4672 2600/2600/2600
f 2602/2602/2602 4673/4673/4673 2603/2603/2603
f 2605/2605/2605 4674/4674/4674 2606/2606/2606
f 2608/2608/2608 4675/4675/4675 2609/2609/2609
f 2611/2611/2611 4676/4676/4676 2612/2612/2612
f 2614/2614/2614 4677/4677/4677 2615/2615/2615
f 2617/2617/2617 4678/4678/4678 2618/2618/2618
f 2620/2620/2620 4679/4679/4679 2621/2621/2621
f 2623/2623/2623 4680/4680/4680 2624/2624/2624
f 2626/2626/2626 4681/4681/4681 2627/2627/2627
f 2629/2629/2629 4682/4682/4682 2630/2630/2630
f 2632/2632/2632 4683/4683/4683 2633/2633/2633
f 2635/2635/2635 4684/4684/4684 2636/2636/2636
f 2638/2638/2638 4685/4685/4685 2639/2639/2639
f 2641/2641/2641 4686/4686/4686 2642/2642/2642
f 2644/2644/2644 4687/4687/4687 2645/2645/2645
f 2647/2647/2647 4688/4688/4688 2648/2648/2648
f 2650/2650/2650 4689/4689/4689 2651/2651/2651
f 2653/2653/2653 4690/4690/4690 2654/2654/2654
f 2656/2656/2656 4691/4691/4691 2657/2657/2657
f 2659/2659/2659 4692/4692/4692 2660/2660/2660
f 2662/2662/2662 4693/4693/4693 2663/2663/2663
f 2665/2665/2665 4694/4694/4694 2666/2666/2666
f 2668/2668/2668 4695/4695/4695 2669/2669/2669
f 2671/2671/2671 4696/4696/4696 2672/2672/2672
f 2674/2674/2674 4697/4697/4697 2675/2675/2675
f 2677/2677/2677 4698/4698/4698 2678/2678/2678
f 2680/2680/2680 4699/4699/4699 2681/2681/2681
f 2683/2683/2683 4700/4700/4700 2684/2684/2684
f 2686/2686/2686 4701/4701/4701 2687/2687/2687
f 2689/2689/2689 4702/4702/4702 2690/2690/2690
f 2692/2692/2692 4703/4703/4703 2693/2693/2693
f 2695/2695/2695 4704/4704/4704 2696/2696/2696
f 2698/2698/2698 4705/4705/4705 2699/2699/2699
f 2701/2701/2701 4706/4706/4706 2702/2702/2702
f 2704/2704/2704 4707/4707/4707 2705/2705/2705
f 2707/2707/2707 4708/4708/4708 2708/2708/2708
f 2710/2710/2710 4709/4709/4709 2711/2711/2711
f 2713/2713/2713 4710/4710/4710 2714/2714/2714
f 2716/2716/2716 4711/4711/4711 2717/2717/2717
f 2719/2719/2719 4712/4712/4712 2720/2720/2720
f 2722/2722/2722 4713/4713/4713 2723/2723/2723
f 2725/2725/2725 4714/4714/4714 2726/2726/2726
f 2728/2728/2728 4715/4715/4715 2729/2729/2729
f 2731/2731/2731 4716/4716/4716 2732/2732/2732
f 2734/2734/2734 4717/4717/4717 2735/2735/2735
f 2737/2737/2737 4718/4718/4718 2738/2738/2738
f 2740/2740/2740 4719/4719/4719 2741/2741/2741
f 2743/2743/2743 4720/4720/4720 2744/2744/2744
f 2746/2746/2746 4721/4721/4721 2747/2747/2747
f 2749/2749/2749 4722/4722/4722 2750/2750/2750
f 2752/2752/2752 4723/4723/4723 2753/2753/2753
f 2755/2755/2755 4724/4724/4724 2756/2756/2756
f 2758/2758/2758 4725/4725/4725 2759/2759/2759
f 2761/2761/2761 4726/4726/4726 2762/2762/2762
f 2764/2764/2764 4727/4727/4727 2765/2765/2765
f 2767/2767/2767 4728/4728/4728 2768/2768/2768
f 2770/2770/2770 4729/4729/4729 2771/2771/2771
f 2773/2773/2773 4730/4730/4730 2774/2774/2774
f 2776/2776/2776 4731/4731/4731 2777/2777/2777
f 2779/2779/2779 4732/4732/4732 2780/2780/2780
f 2782/2782/2782 4733/4733/4733 2783/2783/2783
f 2785/2785/2785 4734/4734/4734 2786/2786/2786
f 2788/2788/2788 4735/4735/4735 2789/2789/2789
f 2791/2791/2791 4736/4736/4736 2792/2792/2792
f 2794/2794/2794 4737/4737/4737 2795/2795/2795
f 2797/2797/2797 4738/4738/4738 2798/2798/2798
f 2800/2800/2800 4739/4739/4739 2801/2801/2801
f 2803/2803/2803 4740/4740/4740 2804/2804/2804
f 2806/2806/2806 4741/4741/4741 2807/2807/2807
f 2809/2809/2809 4742/4742/4742 2810/2810/2810
f 2812/2812/2812 4743/4743/4743 2813/2813/2813
f 2815/2815/2815 4744/4744/4744 2816/2816/2816
f 2818/2818/2818 4745/4745/4745 2819/2819/2819
f 2821/2821/2821 4746/4746/4746 2822/2822/2822
f 2824/2824/2824 4747/4747/4747 2825/2825/2825
f 2827/2827/2827 4748/4748/4748 2828/2828/2828
f 2830/2830/2830 4749/4749/4749 2831/2831/2831
f 2833/2833/2833 4750/4750/4750 2834/2834/2834
f 2836/2836/2836 4751/4751/4751 2837/2837/2837
f 2839/2839/2839 4752/4752/4752 2840/2840/2840
f 2842/2842/2842 4753/4753/4753 2843/2843/2843
f 2845/2845/2845 4754/4754/4754 2846/2846/2846
f 2848/2848/2848 4755/4755/4755 2849/2849/2849
f 2851/2851/2851 4756/4756/4756 2852/2852/2852
f 2854/2854/2854 4757/4757/4757 2855/2855/2855
f 2857/2857/2857 4758/4758/4758 2858/2858/2858
f 2860/2860/2860 4759/4759/4759 2861/2861/2861
f 2863/2863/2863 4760/4760/4760 2864/2864/2864
f 2866/2866/2866 4761/4761/4761 2867/2867/2867
f 2869/2869/2869 4762/4762/4762 2870/2870/2870
f 2872/2872/2872 4763/4763/4763 2873/2873/2873
f 2875/2875/2875 4764/4764/4764 2876/2876/2876
f 2878/2878/2878 4765/4765/4765 2879/2879/2879
f 2881/2881/2881 4766/4766/4766 2882/2882/2882
f 2884/2884/2884 4767/4767/4767 2885/2885/2885
f 2887/2887/2887 4768/4768/4768 2888/2888/2888
f 2890/2890/2890 4769/4769/4769 2891/2891/2891
f 2893/2893/2893 4770/4770/4770 2894/2894/2894
f 2896/2896/2896 4771/4771/4771 2897/2897/2897
f 2899/2899/2899 4772/4772/4772 2900/2900/2900
f 2902/2902/2902 4773/4773/4773 2903/2903/2903
f 2905/2905/2905 4774/4774/4774 2906/2906/2906
f 2908/2908/2908 4775/4775/4775 2909/2909/2909
f 2911/2911/2911 4776/4776/4776 2912/2912/2912
f 2914/2914/2914 4777/4777/4777 2915/2915/2915
f 2917/2917/2917 4778/4778/4778 2918/2918/2918
f 2920/2920/2920 4779/4779/4779 2921/2921/2921
f 2923/2923/2923 4780/4780/4780 2924/2924/2924
f 2926/2926/2926 4781/4781/4781 2927/2927/2927
f 2929/2929/2929 4782/4782/4782 2930/2930/2930
f 2932/2932/2932 4783/4783/4783 2933/2933/2933
f 2935/2935/2935 4784/4784/4784 2936/2936/2936
f 2938/2938/2938 4785/4785/4785 2939/2939/2939
f 2941/2941/2941 4786/4786/4786 2942/2942/2942
f 2944/2944/2944 4787/4787/4787 2945/2945/2945
f 2947/2947/2947 4788/4788/4788 2948/2948/2948
f 2950/2950/2950 4789/4789/4789 2951/2951/2951
f 2953/2953/2953 4790/4790/4790 2954/2954/2954
f 2956/2956/2956 4791/4791/4791 2957/2957/2957
f 2959/2959/2959 4792/4792/4792 2960/2960/2960
f 2962/2962/2962 4793/4793/4793 2963/2963/2963
f 2965/2965/2965 4794/4794/4794 2966/2966/2966
f 2968/2968/2968 4795/4795/4795 2969/2969/2969
f 2971/2971/2971 4796/4796/4796 2972/2972/2972
f 2974/2974/2974 4797/4797/4797 2975/2975/2975
f 2977/2977/2977 4798/4798/4798 2978/2978/2978
f 2980/2980/2980 4799/4799/4799 2981/2981/2981
f 2983/2983/2983 4800/4800/4800 2984/2984/2984
f 2986/2986/2986 4801/4801/4801 2987/2987/2987
f 2989/2989/2989 4802/4802/4802 2990/2990/2990
f 2992/2992/2992 4803/4803/4803 2993/2993/2993
f 2995/2995/2995 4804/4804/4804 2996/2996/2996
f 2998/2998/2998 4805/4805/4805 2999/2999/2999
f 3001/3001/3001 4806/4806/4806 3002/3002/3002
f 3004/3004/3004 4807/4807/4807 3005/3005/3005
f 3007/3007/3007 4808/4808/4808 3008/3008/3008
f 3010/3010/3010 4809/4809/4809 3011/3011/3011
f 3013/3013/3013 4810/4810/4810 3014/3014/3014
f 3016/3016/3016 4811/4811/4811 3017/3017/3017
f 3019/3019/3019 4812/4812/4812 3020/3020/3020
f 3022/3022/3022 4813/4813/4813 3023/3023/3023
f 3025/3025/3025 4814/4814/4814 3026/3026/3026
f 3028/3028/3028 4815/4815/4815 3029/3029/3029
f 3031/3031/3031 4816/4816/4816 3032/3032/3032
f 3034/3034/3034 4817/4817/4817 3035/3035/3035
f 3037/3037/3037 4818/4818/4818 3038/3038/3038
f 3040/3040/3040 4819/4819/4819 3041/3041/3041
f 3043/3043/3043 4820/4820/4820 3044/3044/3044
f 3046/3046/3046 4821/4821/4821 3047/3047/3047
f 3049/3049/3049 4822/4822/4822 3050/3050/3050
f 3052/3052/3052 4823/4823/4823 3053/3053/3053
f 3055/3055/3055 4824/4824/4824 3056/3056/3056
f 3058/3058/3058 4825/4825/4825 3059/3059/3059
f 3061/3061/3061 4826/4826/4826 3062/3062/3062
f 3064/3064/3064 4827/4827/4827 3065/3065/3065
f 3067/3067/3067 4828/4828/4828 3068/3068/3068
f 3070/3070/3070 4829/4829/4829 3071/3071/3071
f 3073/3073/3073 4830/4830/4830 3074/3074/3074
f 3076/3076/3076 4831/4831/4831 3077/3077/3077
f 3079/3079/3079 4832/4832/4832 3080/3080/3080
f 3082/3082/3082 4833/4833/4833 3083/3083/3083
f 3085/3085/3085 4834/4834/4834 3086/3086/3086
f 3088/3088/3088 4835/4835/4835 3089/3089/3089
f 3091/3091/3091 4836/4836/4836 3092/3092/3092
f 3094/3094/3094 4837/4837/4837 3095/3095/3095
f 3097/3097/3097 4838/4838/4838 3098/3098/3098
f 3100/3100/3100 4839/4839/4839 3101/3101/3101
f 3103/3103/3103 4840/4840/4840 3104/3104/3104
f 3106/3106/3106 4841/4841/4841 3107/3107/3107
f 3109/3109/3109 4842/4842/4842 3110/3110/3110
f 3112/3112/3112 4843/4843/4843 3113/3113/3113
f 3115/3115/3115 4844/4844/4844 3116/3116/3116
f 3118/3118/3118 4845/4845/4845 3119/3119/3119
f 3121/3121/3121 4846/4846/4846 3122/3122/3122
f 3124/3124/3124 4847/4847/4847 3125/3125/3125
f 3127/3127/3127 4848/4848/4848 3128/3128/3128
f 3130/3130/3130 4849/4849/4849 3131/3131/3131
f 3133/3133/3133 4850/4850/4850 3134/3134/3134
f 3136/3136/3136 4851/4851/4851 3137/3137/3137
f 3139/3139/3139 4852/4852/4852 3140/3140/3140
f 3142/3142/3142 4853/4853/4853 3143/3143/3143
f 3145/3145/3145 4854/4854/4854 3146/3146/3146
f 3148/3148/3148 4855/4855/4855 3149/3149/3149
f 3151/3151/3151 4856/4856/4856 3152/3152/3152
f 3154/3154/3154 4857/4857/4857 3155/3155/3155
f 3157/3157/3157 4858/4858/4858 3158/3158/3158
f 3160/3160/3160 4859/4859/4859 3161/3161/3161
f 3163/3163/3163 4860/4860/4860 3164/3164/3164
f 3166/3166/3166 4861/4861/4861 3167/3167/3167
f 3169/3169/3169 4862/4862/4862 3170/3170/3170
f 3172/3172/3172 4863/4863/4863 3173/3173/3173
f 3175/3175/3175 4864/4864/4864 3176/3176/3176
f 3178/3178/3178 4865/4865/4865 3179/3179/3179
f 3181/3181/3181 4866/4866/4866 3182/3182/3182
f 3184/3184/3184 4867/4867/4867 3185/3185/3185
f 3187/3187/3187 4868/4868/4868 3188/3188/3188
f 3190/3190/3190 4869/4869/4869 3191/3191/3191
f 3193/3193/3193 4870/4870/4870 3194/3194/3194
f 3196/3196/3196 4871/4871/4871 3197/3197/3197
f 3199/3199/3199 4872/4872/4872 3200/3200/3200
f 3202/3202/3202 4873/4873/4873 3203/3203/3203
f 3205/3205/3205 4874/4874/4874 3206/3206/3206
f 3208/3208/3208 4875/4875/4875 3209/3209/3209
f 3211/3211/3211 4876/4876/4876 3212/3212/3212
f 3214/3214/3214 4877/4877/4877 3215/3215/3215
f 3217/3217/3217 4878/4878/4878 3218/3218/3218
f 3220/3220/3220 4879/4879/4879 3221/3221/3221
f 3223/3223/3223 4880/4880/4880 3224/3224/3224
f 3226/3226/3226 4881/4881/4881 3227/3227/3227
f 3229/3229/3229 4882/4882/4882 3230/3230/3230
f 3232/3232/3232 4883/4883/4883 3233/3233/3233
f 3235/3235/3235 4884/4884/4884 3236/3236/3236
f 3238/3238/3238 4885/4885/4885 3239/3239/3239
f 3241/3241/3241 4886/4886/4886 3242/3242/3242
f 3244/3244/3244 4887/4887/4887 3245/3245/3245
f 3247/3247/3247 4888/4888/4888 3248/3248/3248
f 3250/3250/3250 4889/4889/4889 3251/3251/3251
f 3253/3253/3253 4890/4890/4890 3254/3254/3254
f 3256/3256/3256 4891/4891/4891 3257/3257/3257
f 3259/3259/3259 4892/4892/4892 3260/3260/3260
f 3262/3262/3262 4893/4893/4893 3263/3263/3263
f 3265/3265/3265 4894/4894/4894 3266/3266/3266
f 3268/3268/3268 4895/4895/4895 3269/3269/3269
f 3271/3271/3271 4896/4896/4896 3272/3272/3272
f 3274/3274/3274 4897/4897/4897 3275/3275/3275
f 3277/3277/3277 4898/4898/4898 3278/3278/3278
f 3280/3280/3280 4899/4899/4899 3281/3281/3281
f 3283/3283/3283 4900/4900/4900 3284/3284/3284
f 3286/3286/3286 4901/4901/4901 3287/3287/3287
f 3289/3289/3289 4902/4902/4902 3290/3290/3290
f 3292/3292/3292 4903/4903/4903 3293/3293/3293
f 3295/3295/3295 4904/4904/4904 3296/3296/3296
f 3298/3298/3298 4905/4905/4905 3299/3299/3299
f 3301/3301/3301 4906/4906/4906 3302/3302/3302
f 3304/3304/3304 4907/4907/4907 3305/3305/3305
f 3307/3307/3307 4908/4908/4908 3308/3308/3308
f 3310/3310/3310 4909/4909/4909 3311/3311/3311
f 3313/3313/3313 4910/4910/4910 3314/3314/3314
f 3316/3316/3316 4911/4911/4911 3317/3317/3317
f 3319/3319/3319 4912/4912/4912 3320/3320/3320
f 3322/3322/3322 4913/4913/4913 3323/3323/3323
f 3325/3325/3325 4914/4914/4914 3326/3326/3326
f 3328/3328/3328 4915/4915/4915 3329/3329/3329
f 3331/3331/3331 4916/4916/4916 3332/3332/3332
f 3334/3334/3334 4917/4917/4917 3335/3335/3335
f 3337/3337/3337 4918/4918/4918 3338/3338/3338
f 3340/3340/3340 4919/4919/4919 3341/3341/3341
f 3343/3343/3343 4920/4920/4920 3344/3344/3344
f 3346/3346/3346 4921/4921/4921 3347/3347/3347
f 3349/3349/3349 4922/4922/4922 3350/3350/3350
f 3352/3352/3352 4923/4923/4923 3353/3353/3353
f 3355/3355/3355 4924/4924/4924 3356/3356/3356
f 3358/3358/3358 4925/4925/4925 3359/3359/3359
f 3361/3361/3361 4926/4926/4926 3362/3362/3362
f 3364/3364/3364 4927/4927/4927 3365/3365/3365
f 3367/3367/3367 4928/4928/4928 3368/3368/3368
f 3370/3370/3370 4929/4929/4929 3371/3371/3371
f 3373/3373/3373 4930/4930/4930 3374/3374/3374
f 3376/3376/3376 4931/4931/4931 3377/3377/3377
f 3379/3379/3379 4932/4932/4932 3380/3380/3380
f 3382/3382/3382 4933/4933/4933 3383/3383/3383
f 3385/3385/3385 4934/4934/4934 3386/3386/3386
f 3388/3388/3388 4935/4935/4935 3389/3389/3389
f 3391/3391/3391 4936/4936/4936 3392/3392/3392
f 3394/3394/3394 4937/4937/4937 3395/3395/3395
f 3397/3397/3397 4938/4938/4938 3398/3398/3398
f 3400/3400/3400 4939/4939/4939 3401/3401/3401
f 3403/3403/3403 4940/4940/4940 3404/3404/3404
f 3406/3406/3406 4941/4941/4941 3407/3407/3407
f 3409/3409/3409 4942/4942/4942 3410/3410/3410
f 3412/3412/3412 4943/4943/4943 3413/3413/3413
f 3415/3415/3415 4944/4944/4944 3416/3416/3416
f 3418/3418/3418 4945/4945/4945 3419/3419/3419
f 3421/3421/3421 4946/4946/4946 3422/3422/3422
f 3424/3424/3424 4947/4947/4947 3425/3425/3425
f 3427/3427/3427 4948/4948/4948 3428/3428/3428
f 3430/3430/3430 4949/4949/4949 3431/3431/3431
f 3433/3433/3433 4950/4950/4950 3434/3434/3434
f 3436/3436/3436 4951/4951/4951 3437/3437/3437
f 3439/3439/3439 4952/4952/4952 3440/3440/3440
f 3442/3442/3442 4953/4953/4953 3443/3443/3443
f 3445/3445/3445 4954/4954/4954 3446/3446/3446
f 3448/3448/3448 4955/4955/4955 3449/3449/3449
f 3451/3451/3451 4956/4956/4956 3452/3452/3452
f 3454/3454/3454 4957/4957/4957 3455/3455/3455
f 3457/3457/3457 4958/4958/4958 3458/3458/3458
f 3460/3460/3460 4959/4959/4959 3461/3461/3461
f 3463/3463/3463 4960/4960/4960 3464/3464/3464
f 3466/3466/3466 4961/4961/4961 3467/3467/3467
f 3469/3469/3469 4962/4962/4962 3470/3470/3470
f 3472/3472/3472 4963/4963/4963 3473/3473/3473
f 3475/3475/3475 4964/4964/4964 3476/3476/3476
f 3478/3478/3478 4965/4965/4965 3479/3479/3479
f 3481/3481/3481 4966/4966/4966 3482/3482/3482
f 3484/3484/3484 4967/4967/4967 3485/3485/3485
f 3487/3487/3487 4968/4968/4968 3488/3488/3488
f 3490/3490/3490 4969/4969/4969 3491/3491/3491
f 3493/3493/3493 4970/4970/4970 3494/3494/3494
f 3496/3496/3496 4971/4971/4971 3497/3497/3497
f 3499/3499/3499 4972/4972/4972 3500/3500/3500
f 3502/3502/3502 4973/4973/4973 3503/3503/3503
f 3505/3505/3505 4974/4974/4974 3506/3506/3506
f 3508/3508/3508 4975/4975/4975 3509/3509/3509
f 3511/3511/3511 4976/4976/4976 3512/3512/3512
f 3514/3514/3514 4977/4977/4977 3515/3515/3515
f 3517/3517/3517 4978/4978/4978 3518/3518/3518
f 3520/3520/3520 4979/4979/4979 3521/3521/3521
f 3523/3523/3523 4980/4980/4980 3524/3524/3524
f 3526/3526/3526 4981/4981/4981 3527/3527/3527
f 3529/3529/3529 4982/4982/4982 3530/3530/3530
f 3532/3532/3532 4983/4983/4983 3533/3533/3533
f 3535/3535/3535 4984/4984/4984 3536/3536/3536
f 3538/3538/3538 4985/4985/4985 3539/3539/3539
f 3541/3541/3541 4986/4986/4986 3542/3542/3542
f 3544/3544/3544 4987/4987/4987 3545/3545/3545
f 3547/3547/3547 4988/4988/4988 3548/3548/3548
f 3550/3550/3550 4989/4989/4989 3551/3551/3551
f 3553/3553/3553 4990/4990/4990 3554/3554/3554
f 3556/3556/3556 4991/4991/4991 3557/3557/3557
f 3559/3559/3559 4992/4992/4992 3560/3560/3560
f 3562/3562/3562 4993/4993/4993 3563/3563/3563
f 3565/3565/3565 4994/4994/4994 3566/3566/3566
f 3568/3568/3568 4995/4995/4995 3569/3569/3569
f 3571/3571/3571 4996/4996/4996 3572/3572/3572
f 3574/3574/3574 4997/4997/4997 3575/3575/3575
f 3577/3577/3577 4998/4998/4998 3578/3578/3578
f 3580/3580/3580 4999/4999/4999 3581/3581/3581
f 3583/3583/3583 5000/5000/5000 3584/3584/3584
f 3586/3586/3586 5001/5001/5001 3587/3587/3587
f 3589/3589/3589 5002/5002/5002 3590/3590/3590
f 3592/3592/3592 5003/5003/5003 3593/3593/3593
f 3595/3595/3595 5004/5004/5004 3596/3596/3596
f 3598/3598/3598 5005/5005/5005 3599/3599/3599
f 3601/3601/3601 5006/5006/5006 3602/3602/3602
f 3604/3604/3604 5007/5007/5007 3605/3605/3605
f 3607/3607/3607 5008/5008/5008 3608/3608/3608
f 3610/3610/3610 5009/5009/5009 3611/3611/3611
f 3613/3613/3613 5010/5010/5010 3614/3614/3614
f 3616/3616/3616 5011/5011/5011 3617/3617/3617
f 3619/3619/3619 5012/5012/5012 3620/3620/3620
f 3622/3622/3622 5013/5013/5013 3623/3623/3623
f 3625/3625/3625 5014/5014/5014 3626/3626/3626
f 3628/3628/3628 5015/5015/5015 3629/3629/3629
f 3631/3631/3631 5016/5016/5016 3632/3632/3632
f 3634/3634/3634 5017/5017/5017 3635/3635/3635
f 3637/3637/3637 5018/5018/5018 3638/3638/3638
f 3640/3640/3640 5019/5019/5019 3641/3641/3641
f 3643/3643/3643 5020/5020/5020 3644/3644/3644
f 3646/3646/3646 5021/5021/5021 3647/3647/3647
f 3649/3649/3649 5022/5022/5022 3650/3650/3650
f 3652/3652/3652 5023/5023/5023 3653/3653/3653
f 3655/3655/3655 5024/5024/5024 3656/3656/3656
f 3658/3658/3658 5025/5025/5025 3659/3659/3659
f 3661/3661/3661 5026/5026/5026 3662/3662/3662
f 3664/3664/3664 5027/5027/5027 3665/3665/3665
f 3667/3667/3667 5028/5028/5028 3668/3668/3668
f 3670/3670/3670 5029/5029/5029 3671/3671/3671
f 3673/3673/3673 5030/5030/5030 3674/3674/3674
f 3676/3676/3676 5031/5031/5031 3677/3677/3677
f 3679/3679/3679 5032/5032/5032 3680/3680/3680
f 3682/3682/3682 5033/5033/5033 3683/3683/3683
f 3685/3685/3685 5034/5034/5034 3686/3686/3686
f 3688/3688/3688 5035/5035/5035 3689/3689/3689
f 3691/3691/3691 5036/5036/5036 3692/3692/3692
f 3694/3694/3694 5037/5037/5037 3695/3695/3695
f 3697/3697/3697 5038/5038/5038 3698/3698/3698
f 3700/3700/3700 5039/5039/5039 3701/3701/3701
f 3703/3703/3703 5040/5040/5040 3704/3704/3704
f 3706/3706/3706 5041/5041/5041 3707/3707/3707
f 3709/3709/3709 5042/5042/5042 3710/3710/3710
f 3712/3712/3712 5043/5043/5043 3713/3713/3713
f 3715/3715/3715 5044/5044/5044 3716/3716/3716
f 3718/3718/3718 5045/5045/5045 3719/3719/3719
f 3721/3721/3721 5046/5046/5046 3722/3722/3722
f 3724/3724/3724 5047/5047/5047 3725/3725/3725
f 3727/3727/3727 5048/5048/5048 3728/3728/3728
f 3730/3730/3730 5049/5049/5049 3731/3731/3731
f 3733/3733/3733 5050/5050/5050 3734/3734/3734
f 3736/3736/3736 5051/5051/5051 3737/3737/3737
f 3739/3739/3739 5052/5052/5052 3740/3740/3740
f 3742/3742/3742 5053/5053/5053 3743/3743/3743
f 3745/3745/3745 5054/5054/5054 3746/3746/3746
f 3748/3748/3748 5055/5055/5055 3749/3749/3749
f 3751/3751/3751 5056/5056/5056 3752/3752/3752
f 3754/3754/3754 5057/5057/5057 3755/3755/3755
f 3757/3757/3757 5058/5058/5058 3758/3758/3758
f 3760/3760/3760 5059/5059/5059 3761/3761/3761
f 3763/3763/3763 5060/5060/5060 3764/3764/3764
f 3766/3766/3766 5061/5061/5061 3767/3767/3767
f 3769/3769/3769 5062/5062/5062 3770/3770/3770
f 3772/3772/3772 5063/5063/5063 3773/3773/3773
f 3775/3775/3775 5064/5064/5064 3776/3776/3776
f 3778/3778/3778 5065/5065/5065 3779/3779/3779
f 3781/3781/3781 5066/5066/5066 3782/3782/3782
f 3784/3784/3784 5067/5067/5067 3785/3785/3785
f 3787/3787/3787 5068/5068/5068 3788/3788/3788
f 3790/3790/3790 5069/5069/5069 3791/3791/3791
f 3793/3793/3793 5070/5070/5070 3794/3794/3794
f 3796/3796/3796 5071/5071/5071 3797/3797/3797
f 3799/3799/3799 5072/5072/5072 3800/3800/3800
f 3802/3802/3802 5073/5073/5073 3803/3803/3803
f 3805/3805/3805 5074/5074/5074 3806/3806/3806
f 3808/3808/3808 5075/5075/5075 3809/3809/3809
f 3811/3811/3811 5076/5076/5076 3812/3812/3812
