# tree_01 -- imported by tools/import_asset_pack.py from tree_01.fbx
o __pending__
v 0.000000 0.500000 -0.500000
v 0.433013 -0.500000 -0.250000
v 0.000000 -0.500000 -0.500000
v 0.433013 0.500000 -0.250000
v 0.433013 -0.500000 0.250000
v 0.433013 -0.500000 -0.250000
v 0.433013 0.500000 0.250000
v 0.000000 -0.500000 0.500000
v 0.433013 -0.500000 0.250000
v 0.000000 0.500000 0.500000
v -0.433013 -0.500000 0.250000
v 0.000000 -0.500000 0.500000
v 0.458821 4.913424 0.240632
v 0.433013 0.500000 0.250000
v -0.433013 0.500000 0.250000
v -0.433013 -0.500000 -0.250000
v -0.433013 -0.500000 0.250000
v -0.433013 0.500000 -0.250000
v 0.000000 -0.500000 -0.500000
v -0.433013 -0.500000 -0.250000
v 0.433013 -0.500000 -0.250000
v 0.000000 -0.500000 0.500000
v -0.433013 -0.500000 -0.250000
v -0.374756 4.913424 -0.240634
v -0.098076 8.416142 -0.448513
v 0.042033 4.913424 -0.481267
v -0.374756 4.913424 -0.240634
v -0.433013 0.500000 -0.250000
v 0.433013 0.500000 -0.250000
v 0.042033 4.913424 -0.481267
v 0.458821 4.913424 -0.240634
v 0.042033 4.913424 0.481265
v 0.000000 0.500000 0.500000
v 0.000000 0.500000 -0.500000
v -0.374756 4.913424 -0.240634
v 0.042033 4.913424 -0.481267
v -0.374756 4.913424 0.240632
v -0.433013 0.500000 0.250000
v -0.486499 8.416142 0.224255
v -0.225525 12.843577 -0.211101
v -0.486499 8.416142 -0.224257
v -0.374756 4.913424 0.240632
v -0.098076 8.416142 0.448511
v -0.486499 8.416142 0.224255
v 0.458821 4.913424 -0.240634
v 0.290347 8.416142 0.224255
v 0.458821 4.913424 0.240632
v -0.374756 4.913424 0.240632
v -0.486499 8.416142 -0.224257
v -0.374756 4.913424 -0.240634
v 0.042033 4.913424 0.481265
v 0.290347 8.416142 0.224255
v -0.098076 8.416142 0.448511
v 0.042033 4.913424 -0.481267
v 0.290347 8.416142 -0.224257
v 0.458821 4.913424 -0.240634
v -0.225525 12.843577 -0.211101
v 0.140112 16.472393 -0.273649
v 0.140109 12.843577 -0.422200
v 0.290347 8.416142 0.224255
v 0.140109 12.843577 0.422195
v -0.098076 8.416142 0.448511
v 0.290347 8.416142 -0.224257
v 0.140109 12.843577 -0.422200
v 0.505742 12.843577 -0.211101
v -0.098076 8.416142 -0.448513
v -0.098076 8.416142 0.448511
v -0.225525 12.843577 0.211097
v -0.486499 8.416142 0.224255
v 0.290347 8.416142 0.224255
v 0.505742 12.843577 -0.211101
v 0.505742 12.843577 0.211097
v -0.096873 16.472393 0.136821
v -0.326039 19.190502 -0.099265
v -0.096873 16.472393 -0.136826
v 0.140109 12.843577 0.422195
v -0.096873 16.472393 0.136821
v 0.505742 12.843577 -0.211101
v 0.377098 16.472393 0.136821
v 0.505742 12.843577 0.211097
v -0.225525 12.843577 0.211097
v -0.096873 16.472393 -0.136826
v -0.225525 12.843577 -0.211101
v 0.505742 12.843577 0.211097
v 0.140112 16.472393 0.273644
v 0.140109 12.843577 0.422195
v 0.505742 12.843577 -0.211101
v 0.140112 16.472393 -0.273649
v 0.377098 16.472393 -0.136826
v -0.326039 19.190502 -0.099265
v -0.574439 20.185276 -0.063909
v -0.154113 19.190502 -0.198526
v 0.140112 16.472393 0.273644
v 0.017813 19.190502 0.099259
v -0.154113 19.190502 0.198520
v 0.140112 16.472393 -0.273649
v 0.017813 19.190502 -0.099265
v 0.377098 16.472393 -0.136826
v -0.096873 16.472393 -0.136826
v -0.154113 19.190502 -0.198526
v 0.140112 16.472393 -0.273649
v -0.096873 16.472393 0.136821
v -0.154113 19.190502 0.198520
v -0.326039 19.190502 0.099259
v 0.377098 16.472393 -0.136826
v 0.017813 19.190502 0.099259
v 0.377098 16.472393 0.136821
v -0.574439 20.185276 0.063903
v -0.523270 20.206364 0.031950
v -0.574439 20.185276 -0.063909
v -0.326039 19.190502 0.099259
v -0.574439 20.185276 0.063903
v -0.625608 20.164188 0.031950
v 0.017813 19.190502 -0.099265
v -0.523270 20.206364 0.031950
v 0.017813 19.190502 0.099259
v -0.326039 19.190502 -0.099265
v -0.625608 20.164188 0.031950
v -0.625608 20.164188 -0.031956
v -0.154113 19.190502 0.198520
v -0.523270 20.206364 0.031950
v -0.574439 20.185276 0.063903
v -0.154113 19.190502 -0.198526
v -0.523270 20.206364 -0.031956
v 0.017813 19.190502 -0.099265
v -0.894348 3.885224 0.093826
v -1.558261 4.017324 -0.057397
v -0.894348 3.885224 -0.093826
v -0.345305 4.101433 -0.187652
v -0.867644 4.209147 -0.093826
v -0.331953 4.263394 -0.093826
v -0.880996 4.047185 0.187651
v -1.558261 4.017324 0.057397
v -0.894348 3.885224 0.093826
v -0.331953 4.263394 -0.093826
v -0.867644 4.209147 0.093826
v -0.331953 4.263394 0.093826
v -0.867644 4.209147 0.093826
v -1.550093 4.116403 0.114794
v -0.880996 4.047185 0.187651
v -0.345305 4.101433 0.187652
v -0.331953 4.263394 0.093826
v -1.550093 4.116403 -0.114794
v -1.541925 4.215481 -0.057397
v -0.880996 4.047185 0.187651
v -0.358657 3.939471 0.093826
v -0.345305 4.101433 0.187652
v -0.880996 4.047185 -0.187652
v -1.558261 4.017324 -0.057397
v -1.550093 4.116403 -0.114794
v -1.558261 4.017324 0.057397
v -1.550093 4.116403 0.114794
v -1.541925 4.215481 0.057397
v -0.894348 3.885224 0.093826
v -0.358657 3.939471 -0.093826
v -0.358657 3.939471 0.093826
v -0.867644 4.209147 -0.093826
v -1.541925 4.215481 0.057397
v -0.867644 4.209147 0.093826
v -0.358657 3.939471 -0.093826
v -0.880996 4.047185 -0.187652
v -0.345305 4.101433 -0.187652
v -0.345305 4.101433 0.187652
v -0.358657 3.939471 0.093826
v -0.358657 3.939471 -0.093826
v 0.670525 6.132249 0.411155
v 1.066042 6.264350 0.965425
v 0.545797 6.132249 0.551356
v 0.073226 6.348458 0.256521
v 0.525846 6.456173 0.533606
v 0.125614 6.510420 0.177546
v 0.722913 6.294211 0.332180
v 1.142342 6.264350 0.879659
v 0.670525 6.132249 0.411155
v 0.525846 6.456173 0.533606
v 0.250341 6.510420 0.037345
v 0.125614 6.510420 0.177546
v 0.650573 6.456173 0.393406
v 1.174390 6.363428 0.831347
v 0.722913 6.294211 0.332180
v 0.322681 6.348458 -0.023880
v 0.250341 6.510420 0.037345
v 1.021789 6.363428 1.002879
v 1.053837 6.462506 0.954567
v 0.722913 6.294211 0.332180
v 0.270292 6.186497 0.055094
v 0.322681 6.348458 -0.023880
v 0.473458 6.294211 0.612581
v 1.066042 6.264350 0.965425
v 1.021789 6.363428 1.002879
v 1.021789 6.363428 1.002879
v 1.142342 6.264350 0.879659
v 1.130137 6.462506 0.868801
v 0.670525 6.132249 0.411155
v 0.145565 6.186497 0.195295
v 0.270292 6.186497 0.055094
v 0.525846 6.456173 0.533606
v 1.130137 6.462506 0.868801
v 0.650573 6.456173 0.393406
v 0.145565 6.186497 0.195295
v 0.473458 6.294211 0.612581
v 0.073226 6.348458 0.256521
v 0.270292 6.186497 0.055094
v 0.145565 6.186497 0.195295
v 0.125614 6.510420 0.177546
v 0.895668 13.125516 -0.338605
v 1.572561 13.257616 -0.412524
v 0.956959 13.125516 -0.161245
v 0.468674 13.341724 0.106764
v 0.931720 13.449440 -0.152523
v 0.425408 13.503687 0.022445
v 0.852403 13.287477 -0.422924
v 1.535067 13.257616 -0.521022
v 0.895668 13.125516 -0.338605
v 0.425408 13.503687 0.022445
v 0.870429 13.449440 -0.329883
v 0.364117 13.503687 -0.154914
v 0.870429 13.449440 -0.329883
v 1.508600 13.356695 -0.572603
v 0.852403 13.287477 -0.422924
v 0.346091 13.341724 -0.247955
v 0.364117 13.503687 -0.154914
v 1.583588 13.356695 -0.355607
v 1.557122 13.455772 -0.407189
v 0.852403 13.287477 -0.422924
v 0.389356 13.179764 -0.163636
v 0.346091 13.341724 -0.247955
v 0.974985 13.287477 -0.068204
v 1.572561 13.257616 -0.412524
v 1.583588 13.356695 -0.355607
v 1.535067 13.257616 -0.521022
v 1.508600 13.356695 -0.572603
v 1.519627 13.455772 -0.515687
v 0.895668 13.125516 -0.338605
v 0.450648 13.179764 0.013723
v 0.389356 13.179764 -0.163636
v 0.931720 13.449440 -0.152523
v 1.519627 13.455772 -0.515687
v 0.870429 13.449440 -0.329883
v 0.450648 13.179764 0.013723
v 0.974985 13.287477 -0.068204
v 0.468674 13.341724 0.106764
v 0.346091 13.341724 -0.247955
v 0.389356 13.179764 -0.163636
v 0.450648 13.179764 0.013723
v -0.894348 8.643317 0.093825
v -1.558261 8.775417 -0.057398
v -0.894348 8.643317 -0.093827
v -0.345305 8.859527 -0.187652
v -0.867644 8.967241 -0.093827
v -0.331953 9.021488 -0.093827
v -0.880996 8.805279 0.187651
v -1.558261 8.775417 0.057396
v -0.894348 8.643317 0.093825
v -0.867644 8.967241 -0.093827
v -0.331953 9.021488 0.093825
v -0.331953 9.021488 -0.093827
v -0.867644 8.967241 0.093825
v -1.550093 8.874496 0.114793
v -0.880996 8.805279 0.187651
v -0.345305 8.859527 0.187651
v -0.331953 9.021488 0.093825
v -1.550093 8.874496 -0.114795
v -1.541925 8.973575 -0.057398
v -0.880996 8.805279 0.187651
v -0.358657 8.697565 0.093825
v -0.345305 8.859527 0.187651
v -0.880996 8.805279 -0.187653
v -1.558261 8.775417 -0.057398
v -1.550093 8.874496 -0.114795
v -2.436975 9.025346 -0.038801
v -3.334900 9.176745 -0.040408
v -3.332025 9.211621 -0.020204
v -0.894348 8.643317 0.093825
v -0.358657 8.697565 -0.093827
v -0.358657 8.697565 0.093825
v -0.867644 8.967241 -0.093827
v -1.541925 8.973575 0.057396
v -0.867644 8.967241 0.093825
v -0.358657 8.697565 -0.093827
v -0.880996 8.805279 -0.187653
v -0.345305 8.859527 -0.187652
v -0.358657 8.697565 0.093825
v -0.358657 8.697565 -0.093827
v -0.331953 9.021488 -0.093827
v -3.334900 9.176745 0.040408
v -3.332025 9.211621 0.020204
v -3.334900 9.176745 -0.040408
v -2.442497 8.958369 -0.077601
v -3.337775 9.141869 -0.020204
v -3.334900 9.176745 -0.040408
v -2.442497 8.958369 0.077600
v -3.337775 9.141869 0.020204
v -2.448018 8.891391 0.038800
v -2.448018 8.891391 0.038800
v -3.337775 9.141869 -0.020204
v -2.448018 8.891391 -0.038801
v -2.436975 9.025346 0.038800
v -3.334900 9.176745 0.040408
v -2.442497 8.958369 0.077600
v -2.436975 9.025346 0.038800
v -3.332025 9.211621 -0.020204
v -3.332025 9.211621 0.020204
v -1.541925 8.973575 -0.057398
v -2.436975 9.025346 0.038800
v -1.541925 8.973575 0.057396
v -1.541925 8.973575 0.057396
v -2.442497 8.958369 0.077600
v -1.550093 8.874496 0.114793
v -1.558261 8.775417 0.057396
v -2.448018 8.891391 -0.038801
v -1.558261 8.775417 -0.057398
v -1.550093 8.874496 0.114793
v -2.448018 8.891391 0.038800
v -1.558261 8.775417 0.057396
v -1.550093 8.874496 -0.114795
v -2.448018 8.891391 -0.038801
v -2.442497 8.958369 -0.077601
v -1.541925 8.973575 -0.057398
v -2.442497 8.958369 -0.077601
v -2.436975 9.025346 -0.038801
v -0.797508 12.051907 0.104620
v -1.554362 12.407142 -0.064003
v -0.797508 12.051907 -0.104623
v -0.782620 12.232504 -0.209245
v -0.170403 12.145508 -0.104623
v -0.185291 11.964911 -0.209245
v -0.782620 12.232504 0.209242
v -1.554362 12.407142 0.064000
v -0.797508 12.051907 0.104620
v -0.170403 12.145508 -0.104623
v -0.767732 12.413102 0.104620
v -0.170403 12.145508 0.104620
v -0.767732 12.413102 0.104620
v -1.566449 12.517335 0.128001
v -0.782620 12.232504 0.209242
v -0.170403 12.145508 0.104620
v -0.782620 12.232504 0.209242
v -0.185291 11.964911 0.209242
v -0.767732 12.413102 -0.104623
v -1.566449 12.517335 -0.128004
v -1.578536 12.627527 -0.064003
v -0.185291 11.964911 0.209242
v -0.797508 12.051907 0.104620
v -0.200179 11.784313 0.104620
v -0.782620 12.232504 -0.209245
v -1.554362 12.407142 -0.064003
v -1.566449 12.517335 -0.128004
v -2.561144 12.607223 -0.086531
v -3.588640 12.414447 -0.022529
v -2.569314 12.681712 -0.043266
v -0.797508 12.051907 0.104620
v -0.200179 11.784313 -0.104623
v -0.200179 11.784313 0.104620
v -0.767732 12.413102 -0.104623
v -1.578536 12.627527 0.064000
v -0.767732 12.413102 0.104620
v -0.797508 12.051907 -0.104623
v -0.185291 11.964911 -0.209245
v -0.200179 11.784313 -0.104623
v -0.200179 11.784313 0.104620
v -0.200179 11.784313 -0.104623
v -0.170403 12.145508 -0.104623
v -3.584385 12.375658 0.045057
v -3.588640 12.414447 0.022528
v -3.584385 12.375658 -0.045058
v -2.552973 12.532731 -0.043266
v -3.584385 12.375658 -0.045058
v -2.561144 12.607223 -0.086531
v -2.552973 12.532731 0.043264
v -3.584385 12.375658 0.045057
v -3.580131 12.336869 0.022528
v -2.552973 12.532731 0.043264
v -3.580131 12.336869 -0.022529
v -2.552973 12.532731 -0.043266
v -2.561144 12.607223 0.086529
v -3.588640 12.414447 0.022528
v -3.584385 12.375658 0.045057
v -2.569314 12.681712 -0.043266
v -3.588640 12.414447 0.022528
v -2.569314 12.681712 0.043264
v -1.578536 12.627527 -0.064003
v -2.569314 12.681712 0.043264
v -1.578536 12.627527 0.064000
v -1.578536 12.627527 0.064000
v -2.561144 12.607223 0.086529
v -1.566449 12.517335 0.128001
v -1.554362 12.407142 0.064000
v -2.552973 12.532731 -0.043266
v -1.554362 12.407142 -0.064003
v -1.566449 12.517335 0.128001
v -2.552973 12.532731 0.043264
v -1.554362 12.407142 0.064000
v -1.566449 12.517335 -0.128004
v -2.552973 12.532731 -0.043266
v -2.561144 12.607223 -0.086531
v -1.578536 12.627527 -0.064003
v -2.561144 12.607223 -0.086531
v -2.569314 12.681712 -0.043266
v 0.449262 7.849493 -0.762796
v 1.034487 8.128846 -0.934080
v 0.528719 7.849493 -0.618704
v 0.558195 7.991513 -0.541005
v 0.096875 7.923100 -0.380571
v 0.146855 7.781080 -0.314179
v 0.399281 7.991513 -0.829188
v 0.985880 8.128846 -1.022226
v 0.449262 7.849493 -0.762796
v 0.096875 7.923100 -0.380571
v 0.428757 8.133533 -0.751489
v 0.017418 7.923100 -0.524662
v 0.428757 8.133533 -0.751489
v 0.969900 8.215501 -1.070889
v 0.399281 7.991513 -0.829188
v 0.017418 7.923100 -0.524662
v 0.399281 7.991513 -0.829188
v -0.012058 7.781080 -0.602362
v 0.508214 8.133533 -0.607397
v 1.067114 8.215501 -0.894597
v 1.051134 8.302156 -0.943260
v -0.012058 7.781080 -0.602362
v 0.449262 7.849493 -0.762796
v 0.037922 7.639060 -0.535969
v 0.558195 7.991513 -0.541005
v 1.034487 8.128846 -0.934080
v 1.067114 8.215501 -0.894597
v 1.736344 8.286188 -1.300876
v 2.419607 8.134591 -1.735125
v 1.725541 8.344767 -1.333772
v 0.449262 7.849493 -0.762796
v 0.117379 7.639060 -0.391878
v 0.037922 7.639060 -0.535969
v 0.508214 8.133533 -0.607397
v 1.002527 8.302156 -1.031406
v 0.428757 8.133533 -0.751489
v 0.528719 7.849493 -0.618704
v 0.146855 7.781080 -0.314179
v 0.117379 7.639060 -0.391878
v -0.012058 7.781080 -0.602362
v 0.037922 7.639060 -0.535969
v 0.117379 7.639060 -0.391878
v 2.391012 8.104089 -1.780051
v 2.402497 8.134591 -1.766153
v 2.425232 8.104089 -1.717996
v 1.714288 8.227609 -1.327567
v 2.425232 8.104089 -1.717996
v 1.736344 8.286188 -1.300876
v 1.681429 8.227609 -1.387154
v 2.391012 8.104089 -1.780051
v 2.396637 8.073585 -1.762922
v 1.681429 8.227609 -1.387154
v 2.413747 8.073585 -1.731894
v 1.714288 8.227609 -1.327567
v 1.670627 8.286188 -1.420051
v 2.402497 8.134591 -1.766153
v 2.391012 8.104089 -1.780051
v 1.692683 8.344767 -1.393359
v 2.419607 8.134591 -1.735125
v 2.402497 8.134591 -1.766153
v 1.051134 8.302156 -0.943260
v 1.692683 8.344767 -1.393359
v 1.002527 8.302156 -1.031406
v 1.002527 8.302156 -1.031406
v 1.670627 8.286188 -1.420051
v 0.969900 8.215501 -1.070889
v 0.985880 8.128846 -1.022226
v 1.714288 8.227609 -1.327567
v 1.034487 8.128846 -0.934080
v 0.969900 8.215501 -1.070889
v 1.681429 8.227609 -1.387154
v 0.985880 8.128846 -1.022226
v 1.067114 8.215501 -0.894597
v 1.714288 8.227609 -1.327567
v 1.736344 8.286188 -1.300876
v 1.051134 8.302156 -0.943260
v 1.736344 8.286188 -1.300876
v 1.725541 8.344767 -1.333772
v 0.702853 2.532995 0.211988
v 1.330354 2.822161 0.280196
v 1.296838 2.822161 0.378855
v 0.663984 2.680004 0.288727
v 0.219509 2.609188 0.047786
v 0.203590 2.462178 0.132322
v 0.773561 2.680004 -0.033823
v 1.330354 2.822161 0.280196
v 0.757642 2.532995 0.050713
v 0.679903 2.827013 0.204191
v 0.274298 2.609188 -0.113489
v 0.219509 2.609188 0.047786
v 0.734692 2.827013 0.042916
v 1.356428 2.911860 0.234032
v 0.773561 2.680004 -0.033823
v 0.274298 2.609188 -0.113489
v 0.773561 2.680004 -0.033823
v 0.313167 2.462178 -0.190228
v 0.679903 2.827013 0.204191
v 1.289396 2.911860 0.431349
v 1.315470 3.001559 0.385185
v 0.313167 2.462178 -0.190228
v 0.757642 2.532995 0.050713
v 0.297248 2.315169 -0.105692
v 0.663984 2.680004 0.288727
v 1.296838 2.822161 0.378855
v 1.289396 2.911860 0.431349
v 2.066921 2.985030 0.659835
v 2.875627 2.828108 0.879546
v 2.084547 3.045666 0.628628
v 0.297248 2.315169 -0.105692
v 0.702853 2.532995 0.211988
v 0.242459 2.315169 0.055583
v 0.679903 2.827013 0.204191
v 1.348986 3.001559 0.286526
v 0.734692 2.827013 0.042916
v 0.702853 2.532995 0.211988
v 0.203590 2.462178 0.132322
v 0.242459 2.315169 0.055583
v 0.297248 2.315169 -0.105692
v 0.242459 2.315169 0.055583
v 0.219509 2.609188 0.047786
v 2.890044 2.796534 0.826339
v 2.887424 2.828108 0.844817
v 2.866448 2.796534 0.895796
v 2.071951 2.924392 0.624349
v 2.866448 2.796534 0.895796
v 2.066921 2.985030 0.659835
v 2.094609 2.924392 0.557655
v 2.890044 2.796534 0.826339
v 2.880866 2.764958 0.842589
v 2.071951 2.924392 0.624349
v 2.880866 2.764958 0.842589
v 2.869068 2.764958 0.877318
v 2.112235 2.985030 0.526448
v 2.887424 2.828108 0.844817
v 2.890044 2.796534 0.826339
v 2.084547 3.045666 0.628628
v 2.887424 2.828108 0.844817
v 2.107203 3.045666 0.561934
v 1.315470 3.001559 0.385185
v 2.107203 3.045666 0.561934
v 1.348986 3.001559 0.286526
v 1.348986 3.001559 0.286526
v 2.112235 2.985030 0.526448
v 1.356428 2.911860 0.234032
v 1.330354 2.822161 0.280196
v 2.071951 2.924392 0.624349
v 1.296838 2.822161 0.378855
v 1.356428 2.911860 0.234032
v 2.094609 2.924392 0.557655
v 1.330354 2.822161 0.280196
v 1.289396 2.911860 0.431349
v 2.071951 2.924392 0.624349
v 2.066921 2.985030 0.659835
v 1.315470 3.001559 0.385185
v 2.066921 2.985030 0.659835
v 2.084547 3.045666 0.628628
v -0.528648 11.574572 0.511783
v -0.177113 11.628819 0.066136
v -0.076488 11.628819 0.224527
v -1.860239 11.956600 1.292547
v -2.617288 12.108000 1.775402
v -1.844094 11.889624 1.328258
v -0.177113 11.628819 0.066136
v -0.668317 11.736533 0.267037
v -0.216156 11.790781 -0.020219
v -1.844094 11.889624 1.328258
v -2.630548 12.073123 1.759890
v -1.869560 11.822645 1.298469
v -2.617288 12.108000 1.775402
v -2.625695 12.142876 1.756807
v -2.660624 12.108000 1.707188
v -1.927318 11.889624 1.197257
v -2.652217 12.073123 1.725783
v -2.660624 12.108000 1.707188
v -1.194012 11.805751 0.687326
v -1.911172 11.822645 1.232968
v -1.927318 11.889624 1.197257
v -0.014906 11.790781 0.296563
v -0.076488 11.628819 0.224527
v -0.177113 11.628819 0.066136
v -1.156340 11.904829 0.731393
v -1.860239 11.956600 1.292547
v -1.094783 11.904829 0.828287
v -0.506109 11.898496 0.497463
v -1.070899 11.805751 0.881114
v -0.467066 11.736533 0.583819
v -0.606734 11.898496 0.339072
v -1.094783 11.904829 0.828287
v -0.506109 11.898496 0.497463
v -1.156340 11.904829 0.731393
v -1.927318 11.889624 1.197257
v -1.901851 11.956600 1.227047
v -1.911172 11.822645 1.232968
v -2.630548 12.073123 1.759890
v -2.652217 12.073123 1.725783
v -1.901851 11.956600 1.227047
v -2.625695 12.142876 1.756807
v -1.860239 11.956600 1.292547
v -0.014906 11.790781 0.296563
v -0.053948 11.952743 0.210208
v -0.606734 11.898496 0.339072
v -0.053948 11.952743 0.210208
v -0.154574 11.952743 0.051817
v -0.216156 11.790781 -0.020219
v -0.606734 11.898496 0.339072
v -0.154574 11.952743 0.051817
v -0.528648 11.574572 0.511783
v -1.170128 11.706672 0.740153
v -0.629274 11.574572 0.353392
v -0.467066 11.736533 0.583819
v -1.108572 11.706672 0.837047
v -0.528648 11.574572 0.511783
v -1.194012 11.805751 0.687326
v -1.156340 11.904829 0.731393
v -1.070899 11.805751 0.881114
v -1.869560 11.822645 1.298469
v -1.108572 11.706672 0.837047
v -1.901851 11.956600 1.227047
v -2.660624 12.108000 1.707188
v -2.647363 12.142876 1.722700
v -0.467066 11.736533 0.583819
v -0.076488 11.628819 0.224527
v -0.014906 11.790781 0.296563
v -0.668317 11.736533 0.267037
v -1.170128 11.706672 0.740153
v -1.194012 11.805751 0.687326
v -1.094783 11.904829 0.828287
v -1.844094 11.889624 1.328258
v -1.070899 11.805751 0.881114
v -1.108572 11.706672 0.837047
v -1.911172 11.822645 1.232968
v -1.170128 11.706672 0.740153
v -4.449341 9.382660 -1.120969
v -5.631711 9.197921 1.243770
v -4.449341 9.382660 1.243770
v -3.266972 9.197921 -1.120969
v -4.449341 9.382660 1.243770
v -3.266972 9.197921 1.243770
v -3.918661 9.158753 -0.007645
v -3.197620 8.974014 2.535991
v -2.324373 9.158753 1.738847
v -3.045414 8.974014 -0.804789
v -2.324373 9.158753 1.738847
v -1.451127 8.974014 0.941704
v -2.139793 8.709105 -1.557964
v -4.765407 8.739503 -1.198322
v -4.092793 9.168118 -0.306130
v -1.482851 8.783905 -0.560488
v -4.092793 9.168118 -0.306130
v -3.435851 9.242918 0.691346
v -3.836087 9.855598 -1.120969
v -5.029440 9.945237 1.243770
v -3.836087 9.855598 1.243770
v -2.726955 9.406209 -1.120969
v -3.836087 9.855598 1.243770
v -2.726955 9.406209 1.243770
v -3.370415 9.516622 -0.007645
v -2.710466 9.172389 2.535991
v -1.818099 9.153214 1.738847
v -1.009951 8.774286 0.941704
v -3.370415 9.516622 -0.007645
v -1.818099 9.153214 1.738847
v -1.740872 8.673327 -1.557964
v -4.290436 9.301418 -1.198322
v -3.537829 9.565432 -0.306130
v -2.881131 9.488517 0.691346
v -1.740872 8.673327 -1.557964
v -3.537829 9.565432 -0.306130
v 4.389698 8.642886 -1.340458
v 4.675309 8.458146 -3.968844
v 3.566832 8.642885 -3.557411
v 3.281221 8.458147 -0.929025
v 3.566832 8.642885 -3.557411
v 2.458356 8.458146 -3.145978
v 3.504776 8.418980 -2.199540
v 1.943680 8.234240 -4.333308
v 1.402392 8.418979 -3.282116
v 2.963488 8.234241 -1.148348
v 1.402392 8.418979 -3.282116
v 0.861104 8.234241 -2.230924
v 2.376549 7.969331 -0.127112
v 4.712928 7.999729 -1.377921
v 3.771890 8.428344 -1.980303
v 1.413568 8.044131 -0.833651
v 3.771890 8.428344 -1.980303
v 2.808909 8.503144 -2.686843
v 3.814770 9.115825 -1.127062
v 4.110677 9.205462 -3.759270
v 2.991904 9.115824 -3.344015
v 1.952087 8.666434 -2.958066
v 3.814770 9.115825 -1.127062
v 2.991904 9.115824 -3.344015
v 2.990793 8.776848 -2.008766
v 1.486971 8.432614 -4.163791
v 0.927757 8.413439 -3.105946
v 0.447500 8.034513 -2.077406
v 2.990793 8.776848 -2.008766
v 0.927757 8.413439 -3.105946
v 3.251609 8.825658 -1.787191
v 3.018590 7.669541 0.586249
v 4.267641 8.561645 -1.212644
v 1.039806 7.856640 -0.694923
v 3.251609 8.825658 -1.787191
v 2.288857 8.748743 -2.493815
v -2.534917 12.723482 -1.827208
v -4.691995 12.538743 -0.298482
v -3.649089 12.723482 0.258604
v -1.492011 12.538743 -1.270122
v -3.649089 12.723482 0.258604
v -2.606183 12.538743 0.815690
v -2.591386 12.499576 -0.595168
v -3.153855 12.314837 1.988165
v -2.008028 12.499576 1.696487
v -1.445558 12.314837 -0.886847
v -2.008028 12.499576 1.696487
v -0.862200 12.314837 1.404808
v -2.604344 12.508940 -0.940490
v -0.464803 11.621312 -2.228354
v -2.777256 12.080325 -2.044355
v -2.494862 12.583740 0.248856
v -0.291891 12.049927 -1.124489
v -2.604344 12.508940 -0.940490
v -1.993998 13.196421 -1.538266
v -4.160764 13.286059 -0.014716
v -3.108170 13.196421 0.547545
v -2.129863 12.747031 1.070125
v -1.993998 13.196421 -1.538266
v -3.108170 13.196421 0.547545
v -2.107807 12.857444 -0.336856
v -2.724163 12.513211 2.217693
v -1.561470 12.494036 1.935024
v -1.019400 12.478517 -0.659207
v -1.561470 12.494036 1.935024
v -0.473063 12.115108 1.612673
v 0.059976 12.014150 -0.936534
v -2.358309 12.642241 -1.820567
v -2.114840 12.906254 -0.679013
v 0.169243 11.937236 0.252697
v -2.114840 12.906254 -0.679013
v -2.005573 12.829339 0.510218
v -3.696282 4.222734 -0.506799
v -1.947086 3.010104 -3.435854
v -4.615172 3.637184 -1.725664
v -0.130716 3.697844 -0.854289
v -3.696282 4.222734 -0.506799
v -2.798802 4.324923 0.855900
v 3.564356 2.553807 1.772441
v 4.474606 2.595335 -1.731734
v 2.997810 3.180886 -1.345644
v 1.962688 2.655995 2.084010
v 2.997810 3.180886 -1.345644
v 1.396141 3.283074 -1.034075
v -3.210279 4.205341 -0.184346
v -1.727364 3.066309 3.552510
v -0.460650 3.598537 2.259397
v -1.961723 4.168027 -1.598450
v -0.460650 3.598537 2.259397
v 0.787906 3.561222 0.845293
v 1.034982 3.160974 2.752002
v 5.038528 2.021941 2.384925
v 4.155844 2.554169 0.804553
v 0.031105 3.123660 1.154876
v 4.155844 2.554169 0.804553
v 3.151967 2.516854 -0.792573
v 3.659253 8.691071 -1.896437
v 0.852270 7.552036 -4.774627
v 0.180864 8.084265 -3.093578
v 3.051176 8.653756 -0.110710
v 0.180864 8.084265 -3.093578
v -0.427213 8.046951 -1.307851
v -3.256373 9.825875 -0.712276
v -3.161167 8.154906 3.116473
v -1.497812 8.482416 2.288245
v -1.682932 9.610265 -1.730984
v -1.497812 8.482416 2.288245
v 0.075629 8.266806 1.269538
v -3.355177 13.363259 -0.752912
v -2.952439 12.349790 3.280847
v -1.368274 12.423272 2.258597
v -1.907027 12.876731 -1.860217
v -1.368274 12.423272 2.258597
v 0.079876 11.936745 1.151293
v 0.458821 4.913424 -0.240634
v 0.000000 -0.500000 -0.500000
v 0.433013 -0.500000 0.250000
v -0.433013 -0.500000 0.250000
v -0.486499 8.416142 -0.224257
v -0.374756 4.913424 0.240632
v 0.458821 4.913424 0.240632
v 0.042033 4.913424 0.481265
v -0.225525 12.843577 0.211097
v 0.042033 4.913424 0.481265
v 0.290347 8.416142 -0.224257
v -0.486499 8.416142 0.224255
v 0.458821 4.913424 0.240632
v -0.098076 8.416142 -0.448513
v -0.096873 16.472393 -0.136826
v 0.505742 12.843577 0.211097
v -0.098076 8.416142 -0.448513
v -0.486499 8.416142 -0.224257
v 0.290347 8.416142 -0.224257
v -0.326039 19.190502 0.099259
v 0.140112 16.472393 0.273644
v 0.377098 16.472393 -0.136826
v -0.096873 16.472393 0.136821
v 0.377098 16.472393 0.136821
v 0.140109 12.843577 -0.422200
v -0.625608 20.164188 -0.031956
v 0.377098 16.472393 0.136821
v -0.154113 19.190502 -0.198526
v -0.326039 19.190502 -0.099265
v 0.140112 16.472393 0.273644
v 0.017813 19.190502 -0.099265
v -0.523270 20.206364 -0.031956
v -0.625608 20.164188 -0.031956
v -0.625608 20.164188 0.031950
v -0.154113 19.190502 0.198520
v -0.523270 20.206364 -0.031956
v -0.326039 19.190502 0.099259
v 0.017813 19.190502 0.099259
v -0.574439 20.185276 -0.063909
v -1.558261 4.017324 0.057397
v -0.880996 4.047185 -0.187652
v -1.550093 4.116403 0.114794
v -0.867644 4.209147 -0.093826
v -1.541925 4.215481 0.057397
v -0.894348 3.885224 0.093826
v -0.894348 3.885224 -0.093826
v -1.541925 4.215481 -0.057397
v -1.550093 4.116403 -0.114794
v -1.558261 4.017324 -0.057397
v -0.894348 3.885224 -0.093826
v -1.541925 4.215481 -0.057397
v -0.894348 3.885224 -0.093826
v -0.345305 4.101433 -0.187652
v -0.331953 4.263394 -0.093826
v -0.331953 4.263394 0.093826
v 1.142342 6.264350 0.879659
v 0.473458 6.294211 0.612581
v 1.174390 6.363428 0.831347
v 0.650573 6.456173 0.393406
v 1.130137 6.462506 0.868801
v 0.670525 6.132249 0.411155
v 0.545797 6.132249 0.551356
v 1.053837 6.462506 0.954567
v 1.066042 6.264350 0.965425
v 1.174390 6.363428 0.831347
v 0.545797 6.132249 0.551356
v 1.053837 6.462506 0.954567
v 0.545797 6.132249 0.551356
v 0.073226 6.348458 0.256521
v 0.250341 6.510420 0.037345
v 0.322681 6.348458 -0.023880
v 1.535067 13.257616 -0.521022
v 0.974985 13.287477 -0.068204
v 1.508600 13.356695 -0.572603
v 0.931720 13.449440 -0.152523
v 1.519627 13.455772 -0.515687
v 0.895668 13.125516 -0.338605
v 0.956959 13.125516 -0.161245
v 1.557122 13.455772 -0.407189
v 1.583588 13.356695 -0.355607
v 1.572561 13.257616 -0.412524
v 0.956959 13.125516 -0.161245
v 1.557122 13.455772 -0.407189
v 0.956959 13.125516 -0.161245
v 0.468674 13.341724 0.106764
v 0.425408 13.503687 0.022445
v 0.364117 13.503687 -0.154914
v -1.558261 8.775417 0.057396
v -0.880996 8.805279 -0.187653
v -1.550093 8.874496 0.114793
v -0.867644 8.967241 0.093825
v -1.541925 8.973575 0.057396
v -0.894348 8.643317 0.093825
v -0.894348 8.643317 -0.093827
v -2.442497 8.958369 -0.077601
v -0.894348 8.643317 -0.093827
v -1.541925 8.973575 -0.057398
v -0.894348 8.643317 -0.093827
v -0.345305 8.859527 -0.187652
v -0.331953 9.021488 0.093825
v -0.345305 8.859527 0.187651
v -3.332025 9.211621 -0.020204
v -3.337775 9.141869 -0.020204
v -3.337775 9.141869 0.020204
v -2.448018 8.891391 -0.038801
v -3.334900 9.176745 0.040408
v -3.337775 9.141869 0.020204
v -3.332025 9.211621 0.020204
v -2.436975 9.025346 -0.038801
v -2.436975 9.025346 -0.038801
v -2.436975 9.025346 0.038800
v -2.448018 8.891391 0.038800
v -2.442497 8.958369 0.077600
v -1.558261 8.775417 -0.057398
v -1.550093 8.874496 -0.114795
v -1.554362 12.407142 0.064000
v -0.767732 12.413102 -0.104623
v -1.566449 12.517335 0.128001
v -0.767732 12.413102 -0.104623
v -1.578536 12.627527 0.064000
v -0.767732 12.413102 0.104620
v -0.782620 12.232504 -0.209245
v -0.782620 12.232504 0.209242
v -0.797508 12.051907 -0.104623
v -3.584385 12.375658 -0.045058
v -0.797508 12.051907 -0.104623
v -1.578536 12.627527 -0.064003
v -0.782620 12.232504 -0.209245
v -0.185291 11.964911 -0.209245
v -0.170403 12.145508 0.104620
v -0.185291 11.964911 0.209242
v -3.588640 12.414447 -0.022529
v -3.580131 12.336869 -0.022529
v -3.580131 12.336869 0.022528
v -3.580131 12.336869 -0.022529
v -2.561144 12.607223 0.086529
v -3.580131 12.336869 0.022528
v -2.569314 12.681712 0.043264
v -3.588640 12.414447 -0.022529
v -2.569314 12.681712 -0.043266
v -2.569314 12.681712 0.043264
v -2.552973 12.532731 0.043264
v -2.561144 12.607223 0.086529
v -1.554362 12.407142 -0.064003
v -1.566449 12.517335 -0.128004
v 0.985880 8.128846 -1.022226
v 0.508214 8.133533 -0.607397
v 0.969900 8.215501 -1.070889
v 0.508214 8.133533 -0.607397
v 1.002527 8.302156 -1.031406
v 0.428757 8.133533 -0.751489
v 0.558195 7.991513 -0.541005
v 0.399281 7.991513 -0.829188
v 0.528719 7.849493 -0.618704
v 2.425232 8.104089 -1.717996
v 0.528719 7.849493 -0.618704
v 1.051134 8.302156 -0.943260
v 0.558195 7.991513 -0.541005
v 0.146855 7.781080 -0.314179
v 0.096875 7.923100 -0.380571
v 0.017418 7.923100 -0.524662
v 2.419607 8.134591 -1.735125
v 2.413747 8.073585 -1.731894
v 2.396637 8.073585 -1.762922
v 2.413747 8.073585 -1.731894
v 1.670627 8.286188 -1.420051
v 2.396637 8.073585 -1.762922
v 1.692683 8.344767 -1.393359
v 1.725541 8.344767 -1.333772
v 1.725541 8.344767 -1.333772
v 1.692683 8.344767 -1.393359
v 1.681429 8.227609 -1.387154
v 1.670627 8.286188 -1.420051
v 1.034487 8.128846 -0.934080
v 1.067114 8.215501 -0.894597
v 0.757642 2.532995 0.050713
v 0.679903 2.827013 0.204191
v 1.356428 2.911860 0.234032
v 0.734692 2.827013 0.042916
v 1.348986 3.001559 0.286526
v 0.734692 2.827013 0.042916
v 0.663984 2.680004 0.288727
v 0.773561 2.680004 -0.033823
v 0.702853 2.532995 0.211988
v 2.866448 2.796534 0.895796
v 0.757642 2.532995 0.050713
v 1.315470 3.001559 0.385185
v 0.663984 2.680004 0.288727
v 0.203590 2.462178 0.132322
v 0.274298 2.609188 -0.113489
v 0.313167 2.462178 -0.190228
v 2.875627 2.828108 0.879546
v 2.869068 2.764958 0.877318
v 2.880866 2.764958 0.842589
v 2.869068 2.764958 0.877318
v 2.112235 2.985030 0.526448
v 2.094609 2.924392 0.557655
v 2.107203 3.045666 0.561934
v 2.875627 2.828108 0.879546
v 2.084547 3.045666 0.628628
v 2.107203 3.045666 0.561934
v 2.094609 2.924392 0.557655
v 2.112235 2.985030 0.526448
v 1.296838 2.822161 0.378855
v 1.289396 2.911860 0.431349
v -0.629274 11.574572 0.353392
v -2.625695 12.142876 1.756807
v -0.629274 11.574572 0.353392
v -2.617288 12.108000 1.775402
v -2.647363 12.142876 1.722700
v -2.652217 12.073123 1.725783
v -2.630548 12.073123 1.759890
v -1.911172 11.822645 1.232968
v -1.170128 11.706672 0.740153
v -0.216156 11.790781 -0.020219
v -0.154574 11.952743 0.051817
v -0.053948 11.952743 0.210208
v -1.901851 11.956600 1.227047
v -1.094783 11.904829 0.828287
v -1.156340 11.904829 0.731393
v -1.194012 11.805751 0.687326
v -1.869560 11.822645 1.298469
v -2.647363 12.142876 1.722700
v -0.506109 11.898496 0.497463
v -0.668317 11.736533 0.267037
v -1.108572 11.706672 0.837047
v -1.070899 11.805751 0.881114
v -1.844094 11.889624 1.328258
v -1.927318 11.889624 1.197257
v -0.528648 11.574572 0.511783
v -0.629274 11.574572 0.353392
v -1.860239 11.956600 1.292547
v -1.869560 11.822645 1.298469
v -5.631711 9.197921 -1.120969
v -4.449341 9.382660 -1.120969
v -4.791907 8.974014 0.789498
v -3.918661 9.158753 -0.007645
v -2.812407 8.280490 -2.450156
v -2.139793 8.709105 -1.557964
v -5.029440 9.945237 -1.120969
v -3.836087 9.855598 -1.120969
v -4.262783 9.535797 0.789498
v -2.562268 9.137694 -0.804789
v -2.493480 8.409315 -2.450156
v -1.084174 8.596414 -0.560488
v 5.498175 8.458147 -1.751890
v 4.389698 8.642886 -1.340458
v 4.046064 8.234240 -3.250733
v 3.504776 8.418980 -2.199540
v 3.317586 7.540716 0.475271
v 2.376549 7.969331 -0.127112
v 4.933543 9.205463 -1.542316
v 2.774953 8.666435 -0.741113
v 3.550008 8.796022 -3.066612
v 2.510536 8.397921 -0.980226
v 2.002558 7.933554 0.011702
v 2.002558 7.933554 0.011702
v -3.577823 12.538743 -2.384294
v -2.534917 12.723482 -1.827208
v -3.737214 12.314837 -0.303489
v -2.591386 12.499576 -0.595168
v -0.291891 12.049927 -1.124489
v -0.182408 12.124727 0.064857
v -3.046592 13.286059 -2.100528
v -1.015690 12.747031 -1.015687
v -3.270501 12.876619 -0.054187
v -2.107807 12.857444 -0.336856
v -0.183493 11.750137 -2.078088
v 0.059976 12.014150 -0.936534
v -1.028196 3.595655 -2.216988
v -1.028196 3.595655 -2.216988
v 5.041153 1.968256 1.386351
v 3.564356 2.553807 1.772441
v -4.476995 3.673113 1.108768
v -3.210279 4.205341 -0.184346
v 1.917667 2.628746 4.332376
v 1.034982 3.160974 2.752002
v 4.330660 8.158841 -3.577487
v 3.659253 8.691071 -1.896437
v -4.919730 9.498365 0.115952
v -3.256373 9.825875 -0.712276
v -4.939344 13.289777 0.269338
v -3.355177 13.363259 -0.752912
vt 0.058725 0.468963
vt 0.068584 0.491731
vt 0.058725 0.491731
vt 0.063445 0.468963
vt 0.052061 0.491731
vt 0.063445 0.491731
vt 0.068584 0.468963
vt 0.058725 0.491731
vt 0.068584 0.491731
vt 0.058725 0.468963
vt 0.048866 0.491731
vt 0.058725 0.491731
vt 0.052275 0.368478
vt 0.052061 0.468963
vt 0.052061 0.468963
vt 0.063445 0.491731
vt 0.052061 0.491731
vt 0.048866 0.468963
vt 0.058725 0.491731
vt 0.048866 0.491731
vt 0.068584 0.240373
vt 0.058725 0.257449
vt 0.048866 0.240373
vt 0.050192 0.368478
vt 0.056492 0.288728
vt 0.059682 0.368478
vt 0.063232 0.368478
vt 0.063445 0.468963
vt 0.068584 0.468963
vt 0.059682 0.368478
vt 0.069171 0.368478
vt 0.059682 0.368478
vt 0.058725 0.468963
vt 0.058725 0.468963
vt 0.050192 0.368478
vt 0.059682 0.368478
vt 0.050192 0.368478
vt 0.048866 0.468963
vt 0.052648 0.288728
vt 0.062560 0.187924
vt 0.062859 0.288728
vt 0.050192 0.368478
vt 0.056492 0.288728
vt 0.047648 0.288728
vt 0.063232 0.368478
vt 0.052648 0.288728
vt 0.052275 0.368478
vt 0.052275 0.368478
vt 0.062859 0.288728
vt 0.063232 0.368478
vt 0.059682 0.368478
vt 0.065335 0.288728
vt 0.056492 0.288728
vt 0.059682 0.368478
vt 0.065335 0.288728
vt 0.069171 0.368478
vt 0.053590 0.187924
vt 0.061915 0.105303
vt 0.061915 0.187924
vt 0.065335 0.288728
vt 0.061915 0.187924
vt 0.056492 0.288728
vt 0.065335 0.288728
vt 0.061915 0.187924
vt 0.070240 0.187924
vt 0.056492 0.288728
vt 0.056492 0.288728
vt 0.053590 0.187924
vt 0.047648 0.288728
vt 0.052648 0.288728
vt 0.062560 0.187924
vt 0.052947 0.187924
vt 0.052947 0.105303
vt 0.061121 0.043417
vt 0.062560 0.105303
vt 0.061915 0.187924
vt 0.053590 0.105303
vt 0.062560 0.187924
vt 0.052947 0.105303
vt 0.052947 0.187924
vt 0.052947 0.187924
vt 0.062560 0.105303
vt 0.062560 0.187924
vt 0.070240 0.187924
vt 0.061915 0.105303
vt 0.061915 0.187924
vt 0.070240 0.187924
vt 0.061915 0.105303
vt 0.070240 0.105303
vt 0.049384 0.043417
vt 0.045646 0.020768
vt 0.055216 0.043417
vt 0.061915 0.105303
vt 0.061048 0.043417
vt 0.055216 0.043417
vt 0.061915 0.105303
vt 0.061048 0.043417
vt 0.070240 0.105303
vt 0.053590 0.105303
vt 0.055216 0.043417
vt 0.061915 0.105303
vt 0.053590 0.105303
vt 0.055216 0.043417
vt 0.049384 0.043417
vt 0.062560 0.105303
vt 0.054386 0.043417
vt 0.052947 0.105303
vt 0.045646 0.247520
vt 0.046811 0.246793
vt 0.045646 0.244610
vt 0.049384 0.043417
vt 0.045646 0.020768
vt 0.044481 0.021248
vt 0.061121 0.043417
vt 0.057026 0.020288
vt 0.054386 0.043417
vt 0.061121 0.043417
vt 0.057026 0.021248
vt 0.058481 0.021248
vt 0.055216 0.043417
vt 0.046811 0.020288
vt 0.045646 0.020768
vt 0.055216 0.043417
vt 0.046811 0.020288
vt 0.061048 0.043417
vt 0.448230 0.467978
vt 0.433264 0.464569
vt 0.448230 0.463748
vt 0.460606 0.465436
vt 0.448832 0.463008
vt 0.460907 0.461785
vt 0.448531 0.466658
vt 0.433264 0.467332
vt 0.448230 0.470309
vt 0.460907 0.463748
vt 0.448832 0.467978
vt 0.460907 0.467978
vt 0.448832 0.463008
vt 0.433448 0.465098
vt 0.448531 0.466658
vt 0.460606 0.465436
vt 0.460907 0.461785
vt 0.433448 0.465098
vt 0.433632 0.462865
vt 0.448531 0.466658
vt 0.460305 0.469086
vt 0.460606 0.465436
vt 0.448531 0.466658
vt 0.433264 0.467332
vt 0.433448 0.465098
vt 0.446378 0.467332
vt 0.445084 0.465098
vt 0.446378 0.462865
vt 0.448230 0.467978
vt 0.460305 0.463748
vt 0.460305 0.467978
vt 0.448832 0.463748
vt 0.433632 0.467157
vt 0.448832 0.467978
vt 0.460305 0.469086
vt 0.448531 0.466658
vt 0.460606 0.465436
vt 0.443442 0.465436
vt 0.445556 0.469086
vt 0.449786 0.469086
vt 0.448230 0.467978
vt 0.433264 0.464569
vt 0.448230 0.463748
vt 0.460606 0.465436
vt 0.448832 0.463008
vt 0.460907 0.461785
vt 0.448531 0.466658
vt 0.433264 0.467332
vt 0.448230 0.470309
vt 0.448832 0.463748
vt 0.460907 0.467978
vt 0.460907 0.463748
vt 0.448832 0.463008
vt 0.433448 0.465098
vt 0.448531 0.466658
vt 0.460606 0.465436
vt 0.460907 0.461785
vt 0.433448 0.465098
vt 0.433632 0.462865
vt 0.448531 0.466658
vt 0.460305 0.469086
vt 0.460606 0.465436
vt 0.448531 0.466658
vt 0.433264 0.467332
vt 0.433448 0.465098
vt 0.450259 0.465098
vt 0.446378 0.467332
vt 0.446378 0.462865
vt 0.448230 0.467978
vt 0.460305 0.463748
vt 0.460305 0.467978
vt 0.448832 0.463748
vt 0.433632 0.467157
vt 0.448832 0.467978
vt 0.460305 0.469086
vt 0.448531 0.466658
vt 0.460606 0.465436
vt 0.445556 0.469086
vt 0.449786 0.469086
vt 0.449786 0.461785
vt 0.448230 0.467978
vt 0.433264 0.464569
vt 0.448230 0.463748
vt 0.460606 0.465436
vt 0.448832 0.463008
vt 0.460907 0.461785
vt 0.448531 0.466658
vt 0.433264 0.467332
vt 0.448230 0.470309
vt 0.460907 0.463748
vt 0.448832 0.467978
vt 0.460907 0.467978
vt 0.448832 0.463008
vt 0.433448 0.465098
vt 0.448531 0.466658
vt 0.460606 0.465436
vt 0.460907 0.461785
vt 0.433448 0.465098
vt 0.433632 0.462865
vt 0.448531 0.466658
vt 0.460305 0.469086
vt 0.460606 0.465436
vt 0.448531 0.466658
vt 0.433264 0.467332
vt 0.433448 0.465098
vt 0.446378 0.467332
vt 0.445084 0.465098
vt 0.446378 0.462865
vt 0.448230 0.467978
vt 0.460305 0.463748
vt 0.460305 0.467978
vt 0.448832 0.463748
vt 0.433632 0.467157
vt 0.448832 0.467978
vt 0.460305 0.469086
vt 0.448531 0.466658
vt 0.460606 0.465436
vt 0.443442 0.465436
vt 0.445556 0.469086
vt 0.449786 0.469086
vt 0.446835 0.481993
vt 0.430848 0.478351
vt 0.446835 0.477474
vt 0.460056 0.481239
vt 0.447478 0.478646
vt 0.460377 0.477339
vt 0.447156 0.482546
vt 0.430848 0.483265
vt 0.446835 0.486446
vt 0.447478 0.477474
vt 0.460377 0.481993
vt 0.460377 0.477474
vt 0.447478 0.478646
vt 0.431045 0.480879
vt 0.447156 0.482546
vt 0.460056 0.481239
vt 0.460377 0.477339
vt 0.431045 0.480879
vt 0.431242 0.478493
vt 0.447156 0.482546
vt 0.459734 0.485139
vt 0.460056 0.481239
vt 0.447156 0.482546
vt 0.430848 0.483265
vt 0.431045 0.480879
vt 0.409689 0.477247
vt 0.388068 0.473601
vt 0.388137 0.472761
vt 0.446835 0.481993
vt 0.459734 0.477474
vt 0.459734 0.481993
vt 0.447478 0.477474
vt 0.431242 0.481115
vt 0.447478 0.481993
vt 0.459734 0.485139
vt 0.447156 0.482546
vt 0.460056 0.481239
vt 0.425396 0.485139
vt 0.429915 0.485139
vt 0.429915 0.477339
vt 0.426682 0.473601
vt 0.427169 0.472761
vt 0.428628 0.473601
vt 0.409556 0.478859
vt 0.387998 0.474441
vt 0.388068 0.473601
vt 0.409556 0.478859
vt 0.387998 0.474441
vt 0.409423 0.480472
vt 0.409423 0.480668
vt 0.387998 0.479247
vt 0.409423 0.478799
vt 0.409689 0.477247
vt 0.388068 0.473601
vt 0.409556 0.478859
vt 0.409689 0.480668
vt 0.388137 0.479247
vt 0.388137 0.480220
vt 0.431242 0.478351
vt 0.409689 0.480668
vt 0.431242 0.481115
vt 0.431242 0.478493
vt 0.409556 0.478859
vt 0.431045 0.480879
vt 0.430848 0.481115
vt 0.409423 0.478799
vt 0.430848 0.478351
vt 0.431045 0.480879
vt 0.409423 0.480472
vt 0.430848 0.483265
vt 0.431045 0.480879
vt 0.409423 0.480472
vt 0.409556 0.478859
vt 0.431242 0.478493
vt 0.409556 0.478859
vt 0.409689 0.477247
vt 0.446835 0.481993
vt 0.430848 0.478351
vt 0.446835 0.477474
vt 0.447156 0.482546
vt 0.460377 0.477339
vt 0.460056 0.481239
vt 0.447156 0.482546
vt 0.430848 0.483265
vt 0.446835 0.486446
vt 0.460377 0.477474
vt 0.447478 0.481993
vt 0.460377 0.481993
vt 0.447478 0.478646
vt 0.431045 0.480879
vt 0.447156 0.482546
vt 0.460377 0.477339
vt 0.447156 0.482546
vt 0.460056 0.481239
vt 0.447478 0.478646
vt 0.431045 0.480879
vt 0.431242 0.478493
vt 0.460056 0.481239
vt 0.446835 0.486446
vt 0.459734 0.485139
vt 0.447156 0.482546
vt 0.430848 0.483265
vt 0.431045 0.480879
vt 0.409556 0.478859
vt 0.388137 0.472761
vt 0.409689 0.477247
vt 0.446835 0.481993
vt 0.459734 0.477474
vt 0.459734 0.481993
vt 0.447478 0.477474
vt 0.431242 0.481115
vt 0.447478 0.481993
vt 0.446835 0.486446
vt 0.460056 0.481239
vt 0.459734 0.485139
vt 0.425396 0.485139
vt 0.429915 0.485139
vt 0.429915 0.477339
vt 0.426682 0.473601
vt 0.427169 0.472761
vt 0.428628 0.473601
vt 0.409423 0.480472
vt 0.388068 0.473601
vt 0.409556 0.478859
vt 0.409423 0.480472
vt 0.388068 0.473601
vt 0.387998 0.474441
vt 0.409423 0.480668
vt 0.387998 0.479247
vt 0.409423 0.478799
vt 0.409556 0.478859
vt 0.388137 0.472761
vt 0.388068 0.473601
vt 0.409689 0.478799
vt 0.388137 0.480220
vt 0.409689 0.480668
vt 0.431242 0.478351
vt 0.409689 0.480668
vt 0.431242 0.481115
vt 0.431242 0.478493
vt 0.409556 0.478859
vt 0.431045 0.480879
vt 0.430848 0.481115
vt 0.409423 0.478799
vt 0.430848 0.478351
vt 0.431045 0.480879
vt 0.409423 0.480472
vt 0.430848 0.483265
vt 0.431045 0.480879
vt 0.409423 0.480472
vt 0.409556 0.478859
vt 0.431242 0.478493
vt 0.409556 0.478859
vt 0.409689 0.477247
vt 0.446835 0.481993
vt 0.430848 0.478351
vt 0.446835 0.477474
vt 0.447156 0.482546
vt 0.460377 0.477339
vt 0.460056 0.481239
vt 0.447156 0.482546
vt 0.430848 0.483265
vt 0.446835 0.486446
vt 0.460377 0.477474
vt 0.447478 0.481993
vt 0.460377 0.481993
vt 0.447478 0.478646
vt 0.431045 0.480879
vt 0.447156 0.482546
vt 0.460377 0.477339
vt 0.447156 0.482546
vt 0.460056 0.481239
vt 0.447478 0.478646
vt 0.431045 0.480879
vt 0.431242 0.478493
vt 0.460056 0.481239
vt 0.446835 0.486446
vt 0.459734 0.485139
vt 0.447156 0.482546
vt 0.430848 0.483265
vt 0.431045 0.480879
vt 0.409556 0.478859
vt 0.388137 0.472761
vt 0.409689 0.477247
vt 0.446835 0.481993
vt 0.459734 0.477474
vt 0.459734 0.481993
vt 0.447478 0.477474
vt 0.431242 0.481115
vt 0.447478 0.481993
vt 0.446835 0.486446
vt 0.460056 0.481239
vt 0.459734 0.485139
vt 0.423137 0.481239
vt 0.425396 0.485139
vt 0.429915 0.485139
vt 0.426682 0.473601
vt 0.427169 0.472761
vt 0.428628 0.473601
vt 0.409423 0.480472
vt 0.388068 0.473601
vt 0.409556 0.478859
vt 0.409423 0.480472
vt 0.388068 0.473601
vt 0.387998 0.474441
vt 0.409423 0.480668
vt 0.387998 0.479247
vt 0.409423 0.478799
vt 0.409556 0.478859
vt 0.388137 0.472761
vt 0.388068 0.473601
vt 0.409689 0.480668
vt 0.388137 0.479247
vt 0.388137 0.480220
vt 0.431242 0.478351
vt 0.409689 0.480668
vt 0.431242 0.481115
vt 0.431242 0.478493
vt 0.409556 0.478859
vt 0.431045 0.480879
vt 0.430848 0.481115
vt 0.409423 0.478799
vt 0.430848 0.478351
vt 0.431045 0.480879
vt 0.409423 0.480472
vt 0.430848 0.483265
vt 0.431045 0.480879
vt 0.409423 0.480472
vt 0.409556 0.478859
vt 0.431242 0.478493
vt 0.409556 0.478859
vt 0.409689 0.477247
vt 0.446835 0.477474
vt 0.430848 0.481115
vt 0.430848 0.478351
vt 0.447156 0.482546
vt 0.460377 0.477339
vt 0.460056 0.481239
vt 0.447156 0.482546
vt 0.430848 0.483265
vt 0.446835 0.486446
vt 0.447478 0.477474
vt 0.460377 0.481993
vt 0.460377 0.477474
vt 0.447478 0.478646
vt 0.431045 0.480879
vt 0.447156 0.482546
vt 0.460377 0.477339
vt 0.447156 0.482546
vt 0.460056 0.481239
vt 0.447478 0.478646
vt 0.431045 0.480879
vt 0.431242 0.478493
vt 0.460056 0.481239
vt 0.446835 0.486446
vt 0.459734 0.485139
vt 0.447156 0.482546
vt 0.430848 0.483265
vt 0.431045 0.480879
vt 0.409556 0.478859
vt 0.388137 0.472761
vt 0.409689 0.477247
vt 0.459734 0.481993
vt 0.446835 0.477474
vt 0.459734 0.477474
vt 0.447478 0.477474
vt 0.431242 0.481115
vt 0.447478 0.481993
vt 0.446835 0.486446
vt 0.460056 0.481239
vt 0.459734 0.485139
vt 0.425396 0.485139
vt 0.429915 0.485139
vt 0.429915 0.477339
vt 0.426682 0.473601
vt 0.427169 0.472761
vt 0.428628 0.473601
vt 0.409423 0.480472
vt 0.388068 0.473601
vt 0.409556 0.478859
vt 0.409423 0.480472
vt 0.388068 0.473601
vt 0.387998 0.474441
vt 0.409423 0.478799
vt 0.387998 0.480220
vt 0.387998 0.479247
vt 0.409556 0.478859
vt 0.388137 0.472761
vt 0.388068 0.473601
vt 0.409689 0.478799
vt 0.388137 0.480220
vt 0.409689 0.480668
vt 0.431242 0.478351
vt 0.409689 0.480668
vt 0.431242 0.481115
vt 0.431242 0.478493
vt 0.409556 0.478859
vt 0.431045 0.480879
vt 0.430848 0.481115
vt 0.409423 0.478799
vt 0.430848 0.478351
vt 0.431045 0.480879
vt 0.409423 0.480472
vt 0.430848 0.483265
vt 0.431045 0.480879
vt 0.409423 0.480472
vt 0.409556 0.478859
vt 0.431242 0.478493
vt 0.409556 0.478859
vt 0.409689 0.477247
vt 0.446835 0.481993
vt 0.459734 0.477474
vt 0.459734 0.481993
vt 0.409689 0.477247
vt 0.388068 0.473601
vt 0.409556 0.478859
vt 0.459734 0.485139
vt 0.447156 0.482546
vt 0.460056 0.481239
vt 0.409556 0.478859
vt 0.387998 0.474441
vt 0.409423 0.480472
vt 0.426682 0.473601
vt 0.427169 0.472761
vt 0.428628 0.473601
vt 0.409556 0.478859
vt 0.387998 0.474441
vt 0.388068 0.473601
vt 0.431045 0.480879
vt 0.409423 0.480472
vt 0.409556 0.478859
vt 0.423137 0.481239
vt 0.425396 0.485139
vt 0.429915 0.485139
vt 0.431242 0.478351
vt 0.409689 0.480668
vt 0.431242 0.481115
vt 0.447478 0.478646
vt 0.431045 0.480879
vt 0.447156 0.482546
vt 0.447478 0.477474
vt 0.431242 0.481115
vt 0.447478 0.481993
vt 0.431242 0.478493
vt 0.409556 0.478859
vt 0.409689 0.477247
vt 0.409423 0.478799
vt 0.387998 0.480220
vt 0.387998 0.479247
vt 0.409689 0.478799
vt 0.388137 0.480220
vt 0.409689 0.480668
vt 0.460056 0.481239
vt 0.460377 0.477339
vt 0.447478 0.477474
vt 0.460377 0.481993
vt 0.460377 0.477474
vt 0.460056 0.481239
vt 0.447478 0.478646
vt 0.460377 0.477339
vt 0.446835 0.481993
vt 0.430848 0.478351
vt 0.446835 0.477474
vt 0.447156 0.482546
vt 0.430848 0.483265
vt 0.446835 0.486446
vt 0.431045 0.480879
vt 0.431242 0.478493
vt 0.431045 0.480879
vt 0.409423 0.480472
vt 0.430848 0.483265
vt 0.409689 0.477247
vt 0.388068 0.473601
vt 0.388137 0.472761
vt 0.447156 0.482546
vt 0.459734 0.485139
vt 0.460056 0.481239
vt 0.447156 0.482546
vt 0.430848 0.483265
vt 0.431045 0.480879
vt 0.431242 0.478493
vt 0.409556 0.478859
vt 0.431045 0.480879
vt 0.430848 0.481115
vt 0.409423 0.478799
vt 0.430848 0.478351
vt 0.620935 0.063826
vt 0.500873 0.003795
vt 0.500873 0.063826
vt 0.620935 0.123857
vt 0.500873 0.063826
vt 0.500873 0.123857
vt 0.620935 0.063826
vt 0.500873 0.003795
vt 0.500873 0.063826
vt 0.620935 0.123857
vt 0.500873 0.063826
vt 0.500873 0.123857
vt 0.620935 0.063826
vt 0.500873 0.003795
vt 0.500873 0.063826
vt 0.620935 0.123857
vt 0.500873 0.063826
vt 0.500873 0.123857
vt 0.620935 0.063826
vt 0.500873 0.003795
vt 0.500873 0.063826
vt 0.620935 0.123857
vt 0.500873 0.063826
vt 0.500873 0.123857
vt 0.620935 0.063826
vt 0.500873 0.003795
vt 0.500873 0.063826
vt 0.500873 0.123857
vt 0.620935 0.063826
vt 0.500873 0.063826
vt 0.620935 0.063826
vt 0.500873 0.003795
vt 0.500873 0.063826
vt 0.500873 0.123857
vt 0.620935 0.063826
vt 0.500873 0.063826
vt 0.620935 0.063826
vt 0.500873 0.003795
vt 0.500873 0.063826
vt 0.620935 0.123857
vt 0.500873 0.063826
vt 0.500873 0.123857
vt 0.620935 0.063826
vt 0.500873 0.003795
vt 0.500873 0.063826
vt 0.620935 0.123857
vt 0.500873 0.063826
vt 0.500873 0.123857
vt 0.620935 0.063826
vt 0.500873 0.003795
vt 0.500873 0.063826
vt 0.620935 0.123857
vt 0.500873 0.063826
vt 0.500873 0.123857
vt 0.620935 0.063826
vt 0.500873 0.003795
vt 0.500873 0.063826
vt 0.500873 0.123857
vt 0.620935 0.063826
vt 0.500873 0.063826
vt 0.620935 0.063826
vt 0.500873 0.003795
vt 0.500873 0.063826
vt 0.500873 0.123857
vt 0.620935 0.063826
vt 0.500873 0.063826
vt 0.500873 0.063826
vt 0.620935 0.003795
vt 0.500873 0.003795
vt 0.620935 0.123857
vt 0.500873 0.063826
vt 0.500873 0.123857
vt 0.620935 0.063826
vt 0.500873 0.003795
vt 0.500873 0.063826
vt 0.620935 0.123857
vt 0.500873 0.063826
vt 0.500873 0.123857
vt 0.620935 0.063826
vt 0.500873 0.003795
vt 0.500873 0.063826
vt 0.620935 0.123857
vt 0.500873 0.063826
vt 0.500873 0.123857
vt 0.500873 0.063826
vt 0.620935 0.003795
vt 0.500873 0.003795
vt 0.500873 0.123857
vt 0.620935 0.063826
vt 0.500873 0.063826
vt 0.620935 0.063826
vt 0.500873 0.003795
vt 0.500873 0.063826
vt 0.500873 0.123857
vt 0.620935 0.063826
vt 0.500873 0.063826
vt 0.620935 0.063826
vt 0.500873 0.003795
vt 0.500873 0.063826
vt 0.620935 0.123857
vt 0.500873 0.063826
vt 0.500873 0.123857
vt 0.620935 0.063826
vt 0.500873 0.003795
vt 0.500873 0.063826
vt 0.620935 0.123857
vt 0.500873 0.063826
vt 0.500873 0.123857
vt 0.500873 0.063826
vt 0.620935 0.003795
vt 0.500873 0.003795
vt 0.620935 0.123857
vt 0.500873 0.063826
vt 0.500873 0.123857
vt 0.620935 0.063826
vt 0.500873 0.003795
vt 0.500873 0.063826
vt 0.620935 0.123857
vt 0.500873 0.063826
vt 0.500873 0.123857
vt 0.622166 0.195478
vt 0.502104 0.135447
vt 0.502104 0.195478
vt 0.622166 0.255509
vt 0.502104 0.195478
vt 0.502104 0.255509
vt 0.622166 0.195478
vt 0.502104 0.135447
vt 0.502104 0.195478
vt 0.622166 0.255509
vt 0.502104 0.195478
vt 0.502104 0.255509
vt 0.622166 0.195478
vt 0.502104 0.135447
vt 0.502104 0.195478
vt 0.622166 0.255509
vt 0.502104 0.195478
vt 0.502104 0.255509
vt 0.622166 0.195478
vt 0.502104 0.135447
vt 0.502104 0.195478
vt 0.622166 0.255509
vt 0.502104 0.195478
vt 0.502104 0.255509
vt 0.622166 0.195478
vt 0.502104 0.135447
vt 0.502104 0.195478
vt 0.622166 0.255509
vt 0.502104 0.195478
vt 0.502104 0.255509
vt 0.063232 0.368478
vt 0.058725 0.234681
vt 0.068584 0.251757
vt 0.048866 0.251757
vt 0.047648 0.288728
vt 0.052275 0.368478
vt 0.069171 0.368478
vt 0.059682 0.368478
vt 0.052947 0.187924
vt 0.059682 0.368478
vt 0.062859 0.288728
vt 0.052648 0.288728
vt 0.069171 0.368478
vt 0.056492 0.288728
vt 0.053590 0.105303
vt 0.070240 0.187924
vt 0.056492 0.288728
vt 0.047648 0.288728
vt 0.062859 0.288728
vt 0.054386 0.043417
vt 0.061915 0.105303
vt 0.062560 0.105303
vt 0.052947 0.105303
vt 0.070240 0.105303
vt 0.061915 0.187924
vt 0.044481 0.021248
vt 0.070240 0.105303
vt 0.055216 0.043417
vt 0.049384 0.043417
vt 0.061915 0.105303
vt 0.061121 0.043417
vt 0.046811 0.245338
vt 0.044481 0.245338
vt 0.044481 0.246793
vt 0.055216 0.043417
vt 0.058481 0.020288
vt 0.054386 0.043417
vt 0.061048 0.043417
vt 0.045646 0.020768
vt 0.433264 0.467157
vt 0.448531 0.466658
vt 0.433448 0.465098
vt 0.448832 0.463748
vt 0.433632 0.462865
vt 0.448230 0.470309
vt 0.448230 0.470309
vt 0.448965 0.462865
vt 0.450259 0.465098
vt 0.448965 0.467332
vt 0.448230 0.463748
vt 0.433632 0.464569
vt 0.448230 0.470309
vt 0.451901 0.465436
vt 0.449786 0.461785
vt 0.445556 0.461785
vt 0.433264 0.467157
vt 0.448531 0.466658
vt 0.433448 0.465098
vt 0.448832 0.467978
vt 0.433632 0.462865
vt 0.448230 0.470309
vt 0.448230 0.470309
vt 0.448965 0.462865
vt 0.448965 0.467332
vt 0.445084 0.465098
vt 0.448230 0.463748
vt 0.433632 0.464569
vt 0.448230 0.470309
vt 0.451901 0.465436
vt 0.445556 0.461785
vt 0.443442 0.465436
vt 0.433264 0.467157
vt 0.448531 0.466658
vt 0.433448 0.465098
vt 0.448832 0.463748
vt 0.433632 0.462865
vt 0.448230 0.470309
vt 0.448230 0.470309
vt 0.448965 0.462865
vt 0.450259 0.465098
vt 0.448965 0.467332
vt 0.448230 0.463748
vt 0.433632 0.464569
vt 0.448230 0.470309
vt 0.451901 0.465436
vt 0.449786 0.461785
vt 0.445556 0.461785
vt 0.430848 0.481115
vt 0.447156 0.482546
vt 0.431045 0.480879
vt 0.447478 0.481993
vt 0.431242 0.478493
vt 0.446835 0.486446
vt 0.446835 0.486446
vt 0.409556 0.478859
vt 0.446835 0.477474
vt 0.431242 0.478351
vt 0.446835 0.486446
vt 0.432174 0.481239
vt 0.425396 0.477339
vt 0.423137 0.481239
vt 0.428142 0.472761
vt 0.428142 0.474441
vt 0.427169 0.474441
vt 0.409423 0.480472
vt 0.388068 0.473601
vt 0.387998 0.480220
vt 0.388137 0.472761
vt 0.409689 0.478799
vt 0.409689 0.478799
vt 0.409689 0.477247
vt 0.409423 0.480668
vt 0.409556 0.478859
vt 0.430848 0.483265
vt 0.431045 0.480879
vt 0.430848 0.481115
vt 0.447478 0.478646
vt 0.431045 0.480879
vt 0.447478 0.477474
vt 0.431242 0.478493
vt 0.447478 0.478646
vt 0.447156 0.482546
vt 0.447156 0.482546
vt 0.446835 0.486446
vt 0.388068 0.473601
vt 0.446835 0.477474
vt 0.431242 0.478351
vt 0.447156 0.482546
vt 0.432174 0.481239
vt 0.425396 0.477339
vt 0.423137 0.481239
vt 0.428142 0.472761
vt 0.428142 0.474441
vt 0.427169 0.474441
vt 0.387998 0.474441
vt 0.409556 0.478859
vt 0.387998 0.480220
vt 0.409689 0.477247
vt 0.388137 0.479247
vt 0.409689 0.478799
vt 0.409689 0.477247
vt 0.409423 0.480668
vt 0.409556 0.478859
vt 0.430848 0.483265
vt 0.431045 0.480879
vt 0.430848 0.481115
vt 0.447478 0.478646
vt 0.431045 0.480879
vt 0.447478 0.477474
vt 0.431242 0.478493
vt 0.447478 0.478646
vt 0.447156 0.482546
vt 0.447156 0.482546
vt 0.446835 0.486446
vt 0.388068 0.473601
vt 0.446835 0.477474
vt 0.431242 0.478351
vt 0.447156 0.482546
vt 0.432174 0.481239
vt 0.429915 0.477339
vt 0.425396 0.477339
vt 0.428142 0.472761
vt 0.428142 0.474441
vt 0.427169 0.474441
vt 0.387998 0.474441
vt 0.409556 0.478859
vt 0.387998 0.480220
vt 0.409689 0.477247
vt 0.409689 0.478799
vt 0.409689 0.478799
vt 0.409689 0.477247
vt 0.409423 0.480668
vt 0.409556 0.478859
vt 0.430848 0.483265
vt 0.431045 0.480879
vt 0.446835 0.481993
vt 0.447478 0.478646
vt 0.431045 0.480879
vt 0.447478 0.481993
vt 0.431242 0.478493
vt 0.447478 0.478646
vt 0.447156 0.482546
vt 0.447156 0.482546
vt 0.446835 0.486446
vt 0.388068 0.473601
vt 0.446835 0.481993
vt 0.431242 0.478351
vt 0.447156 0.482546
vt 0.432174 0.481239
vt 0.425396 0.477339
vt 0.423137 0.481239
vt 0.428142 0.472761
vt 0.428142 0.474441
vt 0.427169 0.474441
vt 0.387998 0.474441
vt 0.409556 0.478859
vt 0.409423 0.480668
vt 0.409689 0.477247
vt 0.388137 0.479247
vt 0.409689 0.478799
vt 0.409689 0.477247
vt 0.409423 0.480668
vt 0.409556 0.478859
vt 0.430848 0.483265
vt 0.431045 0.480879
vt 0.446835 0.477474
vt 0.388137 0.472761
vt 0.446835 0.486446
vt 0.388068 0.473601
vt 0.428142 0.472761
vt 0.428142 0.474441
vt 0.427169 0.474441
vt 0.409423 0.480472
vt 0.430848 0.483265
vt 0.432174 0.481239
vt 0.429915 0.477339
vt 0.425396 0.477339
vt 0.409689 0.478799
vt 0.431242 0.478493
vt 0.431242 0.478351
vt 0.431045 0.480879
vt 0.409423 0.480668
vt 0.388137 0.479247
vt 0.447478 0.481993
vt 0.447156 0.482546
vt 0.430848 0.481115
vt 0.431045 0.480879
vt 0.409556 0.478859
vt 0.409556 0.478859
vt 0.446835 0.486446
vt 0.446835 0.486446
vt 0.409689 0.477247
vt 0.409423 0.480668
vt 0.620935 0.003795
vt 0.620935 0.063826
vt 0.620935 0.003795
vt 0.620935 0.063826
vt 0.620935 0.003795
vt 0.620935 0.063826
vt 0.620935 0.003795
vt 0.620935 0.063826
vt 0.620935 0.003795
vt 0.620935 0.123857
vt 0.620935 0.003795
vt 0.620935 0.123857
vt 0.620935 0.003795
vt 0.620935 0.063826
vt 0.620935 0.003795
vt 0.620935 0.063826
vt 0.620935 0.003795
vt 0.620935 0.063826
vt 0.620935 0.003795
vt 0.620935 0.123857
vt 0.620935 0.003795
vt 0.620935 0.123857
vt 0.620935 0.063826
vt 0.620935 0.063826
vt 0.620935 0.003795
vt 0.620935 0.063826
vt 0.620935 0.003795
vt 0.620935 0.063826
vt 0.620935 0.063826
vt 0.620935 0.123857
vt 0.620935 0.003795
vt 0.620935 0.123857
vt 0.620935 0.003795
vt 0.620935 0.063826
vt 0.620935 0.003795
vt 0.620935 0.063826
vt 0.620935 0.063826
vt 0.620935 0.063826
vt 0.620935 0.003795
vt 0.620935 0.063826
vt 0.622166 0.135447
vt 0.622166 0.195478
vt 0.622166 0.135447
vt 0.622166 0.195478
vt 0.622166 0.135447
vt 0.622166 0.195478
vt 0.622166 0.135447
vt 0.622166 0.195478
vt 0.622166 0.135447
vt 0.622166 0.195478
vn 0.500000 -0.000541 -0.866025
vn 0.500000 -0.000000 -0.866025
vn 0.500000 -0.000000 -0.866025
vn 0.999996 -0.002922 0.000000
vn 1.000000 0.000000 0.000000
vn 1.000000 0.000000 0.000000
vn 0.500000 -0.000544 0.866025
vn 0.500000 0.000000 0.866025
vn 0.500000 0.000000 0.866025
vn -0.499996 0.004227 0.866018
vn -0.500000 0.000000 0.866025
vn -0.500000 0.000000 0.866025
vn 0.999983 -0.005848 0.000000
vn 0.999996 -0.002922 0.000000
vn -0.999978 0.006595 -0.000000
vn -1.000000 0.000000 0.000000
vn -1.000000 0.000000 0.000000
vn -0.499996 0.004205 -0.866018
vn -0.500000 -0.000000 -0.866025
vn -0.500000 -0.000000 -0.866025
vn 0.000000 -1.000000 0.000000
vn 0.000000 -1.000000 0.000000
vn 0.000000 -1.000000 0.000000
vn -0.499965 -0.011901 -0.865964
vn -0.499965 -0.011901 -0.865964
vn -0.499965 -0.011901 -0.865964
vn -0.999913 0.013199 -0.000000
vn -0.999978 0.006595 -0.000000
vn 0.500000 -0.000544 -0.866025
vn 0.500000 -0.001086 -0.866025
vn 0.500000 -0.001086 -0.866025
vn 0.500000 -0.001086 0.866025
vn 0.500000 -0.000541 0.866025
vn -0.499996 0.004227 -0.866018
vn -0.499982 0.008438 -0.865995
vn -0.499982 0.008438 -0.865995
vn -0.499982 0.008438 0.865995
vn -0.499996 0.004205 0.866018
vn -0.998267 0.058843 -0.000000
vn -0.998267 0.058843 -0.000000
vn -0.998267 0.058843 -0.000000
vn -0.499965 -0.011901 0.865964
vn -0.499964 -0.011901 0.865964
vn -0.499964 -0.011901 0.865964
vn 0.998845 0.048043 -0.000000
vn 0.998845 0.048043 -0.000000
vn 0.998845 0.048043 -0.000000
vn -0.999492 -0.031886 0.000000
vn -0.999492 -0.031886 0.000000
vn -0.999492 -0.031886 0.000000
vn 0.499803 0.028087 0.865684
vn 0.499803 0.028087 0.865684
vn 0.499803 0.028087 0.865684
vn 0.499803 0.028087 -0.865684
vn 0.499803 0.028087 -0.865684
vn 0.499803 0.028087 -0.865684
vn -0.499716 0.033692 -0.865534
vn -0.499686 0.035430 -0.865482
vn -0.499716 0.033743 -0.865532
vn 0.499882 -0.021746 0.865821
vn 0.499882 -0.021746 0.865821
vn 0.499882 -0.021746 0.865821
vn 0.499882 -0.021747 -0.865821
vn 0.499882 -0.021746 -0.865820
vn 0.499882 -0.021746 -0.865820
vn -0.499744 0.032029 -0.865581
vn -0.499743 0.032030 0.865581
vn -0.499716 0.033693 0.865534
vn -0.499743 0.032030 0.865581
vn 0.998819 -0.048593 0.000000
vn 0.998819 -0.048593 0.000000
vn 0.998819 -0.048593 0.000000
vn -0.996465 -0.084013 0.000000
vn -0.996465 -0.084013 0.000000
vn -0.996465 -0.084013 0.000000
vn -0.499715 0.033743 0.865532
vn -0.499686 0.035430 0.865482
vn 0.999372 0.035429 -0.000000
vn 0.999372 0.035429 -0.000000
vn 0.999372 0.035429 -0.000000
vn -0.999372 0.035431 -0.000000
vn -0.999372 0.035431 -0.000000
vn -0.999372 0.035431 -0.000000
vn 0.499686 0.035429 0.865482
vn 0.499686 0.035429 0.865482
vn 0.499686 0.035429 0.865482
vn 0.499686 0.035429 -0.865482
vn 0.499686 0.035429 -0.865482
vn 0.499686 0.035429 -0.865482
vn -0.497846 -0.093672 -0.862192
vn -0.499009 -0.093986 -0.861485
vn -0.497801 -0.093659 -0.862219
vn 0.498484 0.077822 0.863399
vn 0.498483 0.077822 0.863399
vn 0.498483 0.077822 0.863399
vn 0.498484 0.077822 -0.863399
vn 0.498484 0.077822 -0.863399
vn 0.498484 0.077822 -0.863399
vn -0.499773 -0.030174 -0.865631
vn -0.499773 -0.030174 -0.865631
vn -0.499773 -0.030174 -0.865631
vn -0.499772 -0.030174 0.865631
vn -0.499772 -0.030174 0.865631
vn -0.499772 -0.030174 0.865631
vn 0.991377 0.131042 -0.000000
vn 0.991377 0.131042 -0.000000
vn 0.991377 0.131042 -0.000000
vn -0.381036 0.924560 -0.000000
vn -0.381021 0.924566 -0.000000
vn -0.381036 0.924560 -0.000000
vn -0.497846 -0.093671 0.862192
vn -0.499009 -0.093986 0.861485
vn -0.499156 -0.094026 0.861396
vn 0.882610 0.470106 -0.000000
vn 0.882609 0.470108 -0.000000
vn 0.882610 0.470106 -0.000000
vn -0.955787 -0.294061 0.000000
vn -0.955787 -0.294062 0.000000
vn -0.955787 -0.294062 0.000000
vn 0.473875 0.307503 0.825157
vn 0.423040 0.294252 0.857002
vn 0.416831 0.292587 0.860607
vn 0.473875 0.307503 -0.825157
vn 0.423040 0.294252 -0.857002
vn 0.475699 0.307965 -0.823934
vn -0.195147 -0.980774 0.000000
vn -0.195146 -0.980774 0.000000
vn -0.195147 -0.980774 0.000000
vn -0.051014 0.503763 -0.862334
vn -0.042152 0.503425 -0.863010
vn -0.051015 0.503764 -0.862334
vn -0.144183 -0.487106 0.861359
vn -0.144183 -0.487105 0.861359
vn -0.144183 -0.487106 0.861359
vn -0.100750 0.994912 -0.000000
vn -0.100751 0.994912 -0.000000
vn -0.100750 0.994912 -0.000000
vn -0.042152 0.503425 0.863010
vn -0.041898 0.503415 0.863028
vn -0.050897 0.503761 0.862343
vn -0.051015 0.503764 0.862334
vn -0.051016 0.503764 0.862334
vn -0.041898 0.503414 -0.863029
vn -0.041897 0.503414 -0.863029
vn 0.051014 -0.503763 0.862334
vn 0.051015 -0.503763 0.862334
vn 0.051015 -0.503763 0.862334
vn -0.144183 -0.487106 -0.861359
vn -0.144183 -0.487105 -0.861359
vn -0.144183 -0.487105 -0.861359
vn -0.996619 0.082158 0.000001
vn -0.996619 0.082158 0.000003
vn -0.996619 0.082158 -0.000000
vn 0.100751 -0.994912 0.000000
vn 0.100750 -0.994912 0.000000
vn 0.100750 -0.994912 0.000000
vn 0.009392 0.999956 -0.000000
vn 0.009394 0.999956 -0.000000
vn 0.009392 0.999956 -0.000000
vn 0.051015 -0.503763 -0.862334
vn 0.051014 -0.503763 -0.862334
vn 0.051015 -0.503763 -0.862334
vn 0.996619 -0.082159 0.000000
vn 0.996619 -0.082159 0.000000
vn 0.996619 -0.082159 0.000000
vn 0.145803 -0.980774 0.129709
vn 0.145802 -0.980774 0.129710
vn 0.145803 -0.980774 0.129709
vn -0.535057 0.503764 0.678186
vn -0.542128 0.503425 0.672801
vn -0.535057 0.503764 0.678186
vn 0.680247 -0.487106 -0.547714
vn 0.680248 -0.487107 -0.547713
vn 0.680247 -0.487106 -0.547714
vn 0.075274 0.994912 0.066966
vn 0.075272 0.994912 0.066966
vn 0.075271 0.994912 0.066966
vn 0.605115 0.503424 -0.616765
vn 0.604937 0.503414 -0.616948
vn 0.611204 0.503762 -0.610454
vn 0.611286 0.503763 -0.610370
vn 0.611286 0.503763 -0.610370
vn -0.542330 0.503415 0.672645
vn -0.542330 0.503415 0.672645
vn 0.535056 -0.503764 -0.678187
vn 0.535057 -0.503764 -0.678186
vn 0.535057 -0.503764 -0.678186
vn -0.464803 -0.487104 0.739383
vn -0.464800 -0.487106 0.739384
vn -0.464799 -0.487106 0.739384
vn 0.744607 0.082159 0.662427
vn 0.744606 0.082159 0.662428
vn 0.744607 0.082158 0.662427
vn -0.075274 -0.994912 -0.066966
vn -0.075272 -0.994912 -0.066966
vn -0.075271 -0.994912 -0.066966
vn -0.007017 0.999956 -0.006243
vn -0.007018 0.999956 -0.006243
vn -0.007017 0.999956 -0.006243
vn -0.611286 -0.503763 0.610371
vn -0.611286 -0.503763 0.610371
vn -0.611286 -0.503763 0.610370
vn -0.744606 -0.082159 -0.662428
vn -0.744607 -0.082159 -0.662427
vn -0.744607 -0.082159 -0.662428
vn 0.184444 -0.980774 -0.063739
vn 0.184441 -0.980775 -0.063739
vn 0.184445 -0.980774 -0.063739
vn 0.329876 0.503761 0.798377
vn 0.321719 0.503425 0.801910
vn 0.329876 0.503761 0.798377
vn -0.145062 -0.487107 -0.861211
vn -0.145062 -0.487105 -0.861212
vn -0.145062 -0.487108 -0.861210
vn 0.095226 0.994912 -0.032907
vn 0.095221 0.994912 -0.032907
vn 0.095228 0.994911 -0.032907
vn -0.242036 0.503425 -0.829447
vn -0.242283 0.503417 -0.829379
vn -0.233553 0.503758 -0.831674
vn -0.233443 0.503761 -0.831703
vn -0.233444 0.503761 -0.831703
vn 0.321485 0.503417 0.802009
vn 0.321485 0.503418 0.802008
vn -0.329874 -0.503764 -0.798377
vn -0.329875 -0.503765 -0.798376
vn -0.329875 -0.503765 -0.798375
vn 0.417610 -0.487107 0.767026
vn 0.417615 -0.487104 0.767025
vn 0.417616 -0.487103 0.767025
vn 0.941960 0.082158 -0.325516
vn 0.941961 0.082159 -0.325515
vn 0.941961 0.082159 -0.325514
vn -0.095227 -0.994911 0.032908
vn -0.095225 -0.994912 0.032908
vn -0.095224 -0.994912 0.032908
vn -0.008878 0.999956 0.003067
vn -0.008872 0.999956 0.003067
vn -0.008878 0.999956 0.003067
vn 0.233440 -0.503766 0.831701
vn 0.233442 -0.503763 0.831702
vn 0.233439 -0.503766 0.831701
vn -0.941959 -0.082160 0.325519
vn -0.941959 -0.082160 0.325519
vn -0.941959 -0.082160 0.325519
vn -0.195148 -0.980774 0.000000
vn -0.195143 -0.980775 0.000000
vn -0.195149 -0.980774 0.000000
vn -0.051014 0.503763 -0.862334
vn -0.042152 0.503423 -0.863011
vn -0.051014 0.503763 -0.862334
vn -0.144182 -0.487107 0.861359
vn -0.144184 -0.487104 0.861360
vn -0.144182 -0.487107 0.861359
vn -0.100750 0.994912 -0.000000
vn -0.100750 0.994912 -0.000000
vn -0.100750 0.994912 -0.000000
vn -0.042152 0.503423 0.863011
vn -0.041898 0.503414 0.863029
vn -0.050849 0.503755 0.862349
vn -0.051015 0.503763 0.862334
vn -0.051015 0.503764 0.862334
vn -0.041897 0.503414 -0.863029
vn -0.041897 0.503415 -0.863029
vn 0.051014 -0.503764 0.862334
vn 0.051014 -0.503764 0.862334
vn 0.051014 -0.503764 0.862334
vn -0.144183 -0.487106 -0.861359
vn -0.144183 -0.487104 -0.861360
vn -0.144183 -0.487104 -0.861360
vn 0.084879 0.494217 -0.865185
vn 0.084878 0.494216 -0.865186
vn 0.084878 0.494215 -0.865186
vn 0.100750 -0.994912 0.000000
vn 0.100752 -0.994912 0.000000
vn 0.100752 -0.994912 0.000000
vn 0.009392 0.999956 -0.000000
vn 0.009394 0.999956 -0.000000
vn 0.009391 0.999956 -0.000000
vn 0.051014 -0.503764 -0.862334
vn 0.051014 -0.503763 -0.862334
vn 0.051014 -0.503764 -0.862334
vn 0.996619 -0.082159 0.000000
vn 0.996619 -0.082159 -0.000000
vn 0.996619 -0.082159 -0.000000
vn -0.996619 0.082159 -0.000000
vn -0.996619 0.082159 -0.000000
vn -0.996619 0.082158 -0.000000
vn -0.154699 -0.485650 -0.860356
vn -0.154698 -0.485648 -0.860357
vn -0.154698 -0.485648 -0.860357
vn -0.154699 -0.485650 0.860356
vn -0.154695 -0.485648 0.860358
vn -0.154699 -0.485650 0.860356
vn -0.270982 -0.962584 0.000000
vn -0.270976 -0.962586 0.000000
vn -0.270982 -0.962584 0.000000
vn 0.084880 0.494217 0.865185
vn 0.084880 0.494216 0.865186
vn 0.084880 0.494217 0.865185
vn 0.203753 0.979022 -0.000000
vn 0.203752 0.979022 -0.000000
vn 0.203752 0.979022 -0.000000
vn 0.057745 0.998331 -0.000000
vn 0.057743 0.998331 -0.000000
vn 0.057745 0.998331 -0.000000
vn 0.010969 0.500564 0.865630
vn 0.010970 0.500567 0.865629
vn 0.010969 0.500564 0.865630
vn -0.129250 -0.991612 0.000000
vn -0.129249 -0.991612 0.000000
vn -0.129250 -0.991612 0.000000
vn -0.082533 -0.494454 0.865277
vn -0.082533 -0.494451 0.865278
vn -0.082533 -0.494454 0.865276
vn -0.082534 -0.494454 -0.865277
vn -0.082534 -0.494451 -0.865278
vn -0.082534 -0.494451 -0.865278
vn 0.010968 0.500564 -0.865630
vn 0.010968 0.500566 -0.865629
vn 0.010968 0.500567 -0.865629
vn -0.424885 -0.905247 0.000000
vn -0.424882 -0.905249 0.000000
vn -0.424886 -0.905247 0.000000
vn 0.213457 0.476481 -0.852879
vn 0.213456 0.476482 -0.852878
vn 0.213456 0.476483 -0.852878
vn -0.264865 -0.470367 0.841785
vn -0.268214 -0.500847 0.822930
vn -0.264478 -0.467004 0.843776
vn 0.408833 0.912609 -0.000000
vn 0.408838 0.912607 -0.000000
vn 0.408832 0.912610 -0.000000
vn 0.089885 0.494897 0.864290
vn 0.091128 0.505881 0.857776
vn 0.089749 0.493696 0.864991
vn 0.213457 0.476482 0.852878
vn 0.213456 0.476481 0.852879
vn 0.213457 0.476483 0.852878
vn 0.089885 0.494897 -0.864290
vn 0.091128 0.505881 -0.857776
vn 0.091323 0.507617 -0.856729
vn -0.213457 -0.476483 0.852878
vn -0.213457 -0.476483 0.852878
vn -0.213457 -0.476483 0.852878
vn -0.264865 -0.470367 -0.841785
vn -0.268213 -0.500847 -0.822930
vn -0.268714 -0.505640 -0.819830
vn -0.144721 0.485042 -0.862433
vn -0.144724 0.485033 -0.862437
vn -0.144721 0.485042 -0.862432
vn -0.408836 -0.912608 0.000000
vn -0.408832 -0.912610 0.000000
vn -0.408831 -0.912610 0.000000
vn 0.255670 0.966764 -0.000000
vn 0.255669 0.966764 -0.000000
vn 0.255670 0.966764 -0.000000
vn -0.213456 -0.476483 -0.852878
vn -0.213456 -0.476483 -0.852878
vn -0.213456 -0.476483 -0.852878
vn 0.996619 -0.082159 0.000000
vn 0.996619 -0.082159 -0.000000
vn 0.996619 -0.082159 -0.000000
vn -0.994037 -0.109041 0.000000
vn -0.994038 -0.109038 0.000000
vn -0.994037 -0.109041 0.000000
vn 0.076803 -0.494442 -0.865811
vn 0.076803 -0.494443 -0.865810
vn 0.076803 -0.494442 -0.865811
vn 0.076804 -0.494442 0.865811
vn 0.076803 -0.494443 0.865810
vn 0.076803 -0.494443 0.865810
vn 0.187309 -0.982301 0.000000
vn 0.187304 -0.982302 0.000000
vn 0.187309 -0.982301 0.000000
vn -0.144721 0.485043 0.862432
vn -0.144721 0.485034 0.862437
vn -0.144721 0.485033 0.862438
vn -0.253624 0.967303 -0.000000
vn -0.253627 0.967302 -0.000000
vn -0.253624 0.967303 -0.000000
vn 0.054607 0.998508 -0.000000
vn 0.054609 0.998508 -0.000000
vn 0.054607 0.998508 -0.000000
vn 0.009421 0.502995 0.864238
vn 0.009422 0.502998 0.864236
vn 0.009420 0.502994 0.864238
vn -0.124782 -0.992184 0.000000
vn -0.124780 -0.992184 0.000000
vn -0.124782 -0.992184 0.000000
vn -0.081607 -0.507244 0.857930
vn -0.081609 -0.507242 0.857931
vn -0.081607 -0.507244 0.857930
vn -0.081609 -0.507244 -0.857930
vn -0.081608 -0.507242 -0.857931
vn -0.081608 -0.507242 -0.857931
vn 0.009419 0.502995 -0.864238
vn 0.009420 0.502998 -0.864237
vn 0.009421 0.502998 -0.864236
vn 0.372067 -0.905247 -0.205168
vn 0.372064 -0.905248 -0.205168
vn 0.372067 -0.905247 -0.205168
vn 0.224917 0.476482 0.849928
vn 0.224920 0.476483 0.849927
vn 0.224921 0.476483 0.849926
vn -0.174548 -0.470368 -0.865036
vn -0.162511 -0.500848 -0.850142
vn -0.175847 -0.467005 -0.866593
vn -0.358008 0.912610 0.197418
vn -0.358011 0.912609 0.197418
vn -0.358007 0.912610 0.197419
vn -0.496058 0.494897 -0.713445
vn -0.494006 0.505875 -0.707141
vn -0.496277 0.493696 -0.714124
vn -0.598759 0.476482 -0.643779
vn -0.598757 0.476482 -0.643782
vn -0.598760 0.476482 -0.643779
vn 0.338638 0.494898 0.800250
vn 0.334408 0.505877 0.795148
vn 0.333732 0.507612 0.794326
vn -0.224919 -0.476483 -0.849927
vn -0.224918 -0.476484 -0.849927
vn -0.224919 -0.476483 -0.849927
vn 0.638421 -0.470368 0.609239
vn 0.632246 -0.500850 0.591113
vn 0.631187 -0.505643 0.588157
vn 0.543179 0.485038 0.685343
vn 0.543193 0.485042 0.685329
vn 0.543179 0.485038 0.685343
vn 0.358009 -0.912609 -0.197418
vn 0.358007 -0.912610 -0.197418
vn 0.358007 -0.912610 -0.197419
vn -0.223885 0.966764 0.123459
vn -0.223888 0.966764 0.123459
vn -0.223885 0.966765 0.123459
vn 0.598758 -0.476485 0.643779
vn 0.598760 -0.476483 0.643778
vn 0.598761 -0.476482 0.643778
vn -0.872725 -0.082159 0.481249
vn -0.872725 -0.082158 0.481249
vn -0.872725 -0.082158 0.481249
vn 0.870459 -0.109044 -0.480010
vn 0.870465 -0.109045 -0.480000
vn 0.870466 -0.109036 -0.479999
vn 0.350837 -0.494437 0.795264
vn 0.350839 -0.494435 0.795265
vn 0.350837 -0.494437 0.795264
vn -0.485346 -0.494439 -0.721089
vn -0.485340 -0.494424 -0.721103
vn -0.485340 -0.494424 -0.721104
vn -0.164028 -0.982300 0.090449
vn -0.164025 -0.982301 0.090448
vn -0.164028 -0.982300 0.090449
vn -0.289721 0.485043 -0.825103
vn -0.289718 0.485038 -0.825107
vn -0.289717 0.485038 -0.825108
vn 0.222094 0.967303 -0.122474
vn 0.222091 0.967304 -0.122470
vn 0.222091 0.967304 -0.122470
vn -0.047820 0.998508 0.026369
vn -0.047824 0.998508 0.026369
vn -0.047820 0.998508 0.026369
vn -0.425576 0.502990 -0.752254
vn -0.425573 0.502994 -0.752253
vn -0.425576 0.502989 -0.752255
vn 0.109270 -0.992184 -0.060254
vn 0.109269 -0.992184 -0.060254
vn 0.109270 -0.992184 -0.060254
vn -0.342818 -0.507245 -0.790682
vn -0.342815 -0.507243 -0.790685
vn -0.342818 -0.507245 -0.790682
vn 0.485741 -0.507245 0.711870
vn 0.485751 -0.507238 0.711868
vn 0.485752 -0.507237 0.711867
vn 0.409072 0.502990 0.761355
vn 0.409081 0.502990 0.761349
vn 0.409082 0.502990 0.761349
vn 0.402302 -0.905248 0.136670
vn 0.402303 -0.905248 0.136670
vn 0.402303 -0.905248 0.136670
vn -0.476453 0.476483 0.738889
vn -0.476452 0.476483 0.738889
vn -0.476452 0.476483 0.738889
vn 0.521560 -0.470367 -0.711849
vn 0.518666 -0.500848 -0.692919
vn 0.521835 -0.467005 -0.713859
vn -0.387106 0.912609 -0.131507
vn -0.387105 0.912609 -0.131507
vn -0.387105 0.912609 -0.131507
vn 0.192903 0.494898 -0.847269
vn 0.189635 0.505877 -0.841503
vn 0.193257 0.493697 -0.847888
vn 0.072229 0.476483 -0.876212
vn 0.072230 0.476482 -0.876212
vn 0.072229 0.476483 -0.876212
vn -0.363119 0.494900 0.789442
vn -0.362201 0.505878 0.782878
vn -0.362050 0.507613 0.781824
vn 0.476453 -0.476483 -0.738888
vn 0.476453 -0.476483 -0.738888
vn 0.476453 -0.476483 -0.738888
vn -0.019987 -0.470368 0.882244
vn -0.010751 -0.500848 0.865469
vn -0.009279 -0.505640 0.862695
vn -0.140384 0.485041 0.863150
vn -0.140386 0.485045 0.863147
vn -0.140384 0.485041 0.863150
vn 0.387105 -0.912609 0.131508
vn 0.387106 -0.912609 0.131508
vn 0.387105 -0.912609 0.131508
vn -0.242084 0.966764 -0.082240
vn -0.242084 0.966764 -0.082241
vn -0.242084 0.966764 -0.082240
vn -0.072229 -0.476483 0.876212
vn -0.072229 -0.476482 0.876212
vn -0.072229 -0.476482 0.876212
vn -0.943653 -0.082159 -0.320577
vn -0.943652 -0.082159 -0.320578
vn -0.943653 -0.082159 -0.320577
vn 0.941210 -0.109039 0.319741
vn 0.941209 -0.109039 0.319743
vn 0.941211 -0.109036 0.319738
vn -0.351220 -0.494441 0.795093
vn -0.351222 -0.494440 0.795092
vn -0.351220 -0.494441 0.795093
vn 0.205782 -0.494440 -0.844501
vn 0.205780 -0.494436 -0.844504
vn 0.205780 -0.494436 -0.844505
vn -0.177354 -0.982301 -0.060251
vn -0.177352 -0.982301 -0.060250
vn -0.177352 -0.982302 -0.060250
vn 0.414445 0.485045 -0.770043
vn 0.414442 0.485035 -0.770051
vn 0.414442 0.485035 -0.770051
vn 0.240147 0.967303 0.081579
vn 0.240144 0.967303 0.081584
vn 0.240147 0.967303 0.081579
vn -0.051703 0.998508 -0.017565
vn -0.051704 0.998508 -0.017565
vn -0.051703 0.998508 -0.017565
vn 0.269077 0.502989 -0.821340
vn 0.269072 0.502998 -0.821336
vn 0.269077 0.502988 -0.821340
vn 0.118150 -0.992184 0.040138
vn 0.118149 -0.992184 0.040138
vn 0.118150 -0.992184 0.040138
vn 0.353236 -0.507244 -0.786083
vn 0.353237 -0.507241 -0.786085
vn 0.353237 -0.507245 -0.786083
vn -0.198693 -0.507245 0.838584
vn -0.198696 -0.507241 0.838586
vn -0.198697 -0.507241 0.838586
vn -0.286916 0.502990 0.815279
vn -0.286914 0.502995 0.815277
vn -0.286914 0.502995 0.815277
vn 0.085036 -0.994912 -0.054026
vn 0.085042 -0.994912 -0.054026
vn 0.085044 -0.994911 -0.054026
vn 0.535585 0.494215 0.684763
vn 0.535580 0.494219 0.684764
vn 0.535585 0.494215 0.684763
vn -0.419353 -0.503763 -0.755225
vn -0.419347 -0.503765 -0.755228
vn -0.419355 -0.503763 -0.755225
vn 0.330783 -0.485645 0.809155
vn 0.330786 -0.485651 0.809150
vn 0.330783 -0.485645 0.809155
vn -0.841223 0.082156 0.534410
vn -0.841222 0.082160 0.534412
vn -0.841218 0.082159 0.534417
vn -0.591930 -0.485653 -0.643242
vn -0.591929 -0.485646 -0.643248
vn -0.591929 -0.485646 -0.643248
vn -0.533657 -0.494453 -0.686095
vn -0.533652 -0.494453 -0.686099
vn -0.533651 -0.494453 -0.686099
vn 0.841216 -0.082160 -0.534421
vn 0.841219 -0.082158 -0.534416
vn 0.841214 -0.082159 -0.534424
vn 0.048741 0.998331 -0.030965
vn 0.048749 0.998331 -0.030965
vn 0.048741 0.998331 -0.030965
vn 0.427197 0.503422 0.751045
vn 0.427427 0.503413 0.750921
vn 0.419458 0.503757 0.755171
vn 0.007926 0.999956 -0.005037
vn 0.007935 0.999956 -0.005037
vn 0.007925 0.999956 -0.005037
vn -0.454925 0.500563 -0.736532
vn -0.454931 0.500564 -0.736528
vn -0.454931 0.500564 -0.736528
vn -0.228733 -0.962583 0.145309
vn -0.228708 -0.962589 0.145311
vn -0.228707 -0.962589 0.145312
vn 0.171983 0.979022 -0.109258
vn 0.171997 0.979020 -0.109257
vn 0.171982 0.979022 -0.109259
vn 0.419353 0.503763 0.755225
vn 0.419353 0.503764 0.755225
vn -0.085040 0.994912 0.054025
vn -0.085041 0.994912 0.054025
vn -0.085041 0.994912 0.054025
vn -0.505468 0.503765 -0.700517
vn -0.498394 0.503425 -0.705809
vn -0.505466 0.503766 -0.700517
vn -0.164718 -0.980774 0.104644
vn -0.164715 -0.980774 0.104644
vn -0.164718 -0.980774 0.104644
vn 0.340188 -0.487107 0.804363
vn 0.340190 -0.487104 0.804363
vn 0.340188 -0.487107 0.804362
vn -0.498157 0.503412 -0.705986
vn -0.498159 0.503411 -0.705985
vn 0.394326 -0.494456 0.774610
vn 0.394327 -0.494450 0.774613
vn 0.394326 -0.494456 0.774610
vn -0.392308 0.494214 -0.775788
vn -0.392303 0.494215 -0.775789
vn -0.392303 0.494215 -0.775790
vn 0.505472 -0.503764 0.700514
vn 0.505471 -0.503764 0.700514
vn 0.505471 -0.503764 0.700515
vn -0.583596 -0.487104 -0.649728
vn -0.583594 -0.487103 -0.649730
vn -0.583593 -0.487103 -0.649730
vn 0.473444 0.500563 0.724767
vn 0.473440 0.500565 0.724768
vn 0.473444 0.500563 0.724767
vn -0.109095 -0.991612 0.069308
vn -0.109088 -0.991613 0.069308
vn -0.109096 -0.991612 0.069308
vn -0.154373 0.988013 -0.000000
vn -0.154372 0.988013 -0.000000
vn -0.154372 0.988013 -0.000000
vn 0.154372 0.988013 -0.000000
vn 0.154373 0.988013 -0.000000
vn 0.154373 0.988013 -0.000000
vn -0.114012 0.988013 0.104076
vn -0.114012 0.988013 0.104076
vn -0.114012 0.988013 0.104076
vn 0.114013 0.988013 -0.104076
vn 0.114012 0.988013 -0.104076
vn 0.114012 0.988013 -0.104076
vn -0.044887 0.913260 -0.404896
vn -0.044887 0.913260 -0.404896
vn -0.044887 0.913260 -0.404896
vn 0.128702 0.978987 -0.158178
vn 0.128702 0.978987 -0.158178
vn 0.128703 0.978987 -0.158178
vn 0.074905 0.997191 -0.000000
vn 0.074903 0.997191 -0.000000
vn 0.074902 0.997191 -0.000000
vn 0.375520 0.926814 -0.000000
vn 0.375519 0.926815 -0.000000
vn 0.375519 0.926815 -0.000000
vn 0.114200 0.987991 0.104076
vn 0.114201 0.987991 0.104076
vn 0.114202 0.987991 0.104076
vn 0.336222 0.936014 -0.104077
vn 0.336223 0.936014 -0.104077
vn 0.336222 0.936015 -0.104077
vn 0.164467 0.899450 -0.404896
vn 0.164467 0.899450 -0.404897
vn 0.164467 0.899449 -0.404897
vn 0.348467 0.923878 -0.158178
vn 0.348467 0.923878 -0.158178
vn 0.348467 0.923878 -0.158178
vn 0.144724 0.988013 -0.053717
vn 0.144726 0.988013 -0.053717
vn 0.144727 0.988012 -0.053717
vn -0.144726 0.988013 0.053717
vn -0.144725 0.988013 0.053717
vn -0.144724 0.988013 0.053717
vn 0.070671 0.988013 -0.137245
vn 0.070671 0.988013 -0.137245
vn 0.070671 0.988013 -0.137245
vn -0.070671 0.988013 0.137245
vn -0.070671 0.988013 0.137245
vn -0.070671 0.988013 0.137245
vn 0.182975 0.913260 0.363972
vn 0.182975 0.913260 0.363972
vn 0.182975 0.913260 0.363972
vn -0.065617 0.978987 0.193077
vn -0.065617 0.978987 0.193077
vn -0.065618 0.978987 0.193077
vn -0.070222 0.997191 0.026064
vn -0.070223 0.997191 0.026064
vn -0.070223 0.997191 0.026064
vn -0.352051 0.926815 0.130671
vn -0.352052 0.926814 0.130671
vn -0.352050 0.926815 0.130671
vn -0.143279 0.987991 -0.057833
vn -0.143279 0.987991 -0.057833
vn -0.143278 0.987991 -0.057833
vn -0.278994 0.936014 0.214568
vn -0.278994 0.936014 0.214568
vn -0.278995 0.936014 0.214568
vn -0.013295 0.899450 0.436822
vn -0.013295 0.899450 0.436822
vn -0.013295 0.899450 0.436822
vn -0.271649 0.923877 0.269550
vn -0.271649 0.923878 0.269550
vn -0.271649 0.923878 0.269550
vn -0.136164 0.988013 -0.072734
vn -0.136163 0.988013 -0.072734
vn -0.136162 0.988013 -0.072734
vn 0.136163 0.988013 0.072734
vn 0.136164 0.988013 0.072734
vn 0.136164 0.988013 0.072734
vn -0.149601 0.988013 0.038082
vn -0.149602 0.988013 0.038082
vn -0.149603 0.988013 0.038082
vn 0.149601 0.988013 -0.038082
vn 0.149600 0.988013 -0.038082
vn 0.149600 0.988013 -0.038082
vn 0.151178 0.913260 -0.378287
vn 0.151179 0.913260 -0.378287
vn 0.151178 0.913260 -0.378287
vn 0.188049 0.978987 -0.078881
vn 0.188049 0.978987 -0.078881
vn 0.188048 0.978987 -0.078881
vn 0.066069 0.997191 0.035292
vn 0.066068 0.997191 0.035292
vn 0.066068 0.997191 0.035292
vn 0.331227 0.926814 0.176930
vn 0.331225 0.926815 0.176930
vn 0.331228 0.926814 0.176930
vn 0.051695 0.987991 0.145607
vn 0.051694 0.987991 0.145607
vn 0.051693 0.987991 0.145607
vn 0.345599 0.936015 0.066614
vn 0.345601 0.936014 0.066614
vn 0.345602 0.936014 0.066614
vn 0.335839 0.899449 -0.279647
vn 0.335839 0.899450 -0.279648
vn 0.335839 0.899450 -0.279648
vn 0.381893 0.923878 0.024664
vn 0.381892 0.923878 0.024664
vn 0.381892 0.923878 0.024664
vn -0.044887 0.913260 -0.404896
vn -0.044887 0.913260 -0.404896
vn -0.044887 0.913260 -0.404896
vn 0.128702 0.978987 -0.158178
vn 0.128702 0.978987 -0.158178
vn 0.128702 0.978987 -0.158178
vn 0.391527 0.913260 0.112527
vn 0.391527 0.913260 0.112527
vn 0.391527 0.913260 0.112527
vn 0.097320 0.978987 0.179201
vn 0.097321 0.978987 0.179201
vn 0.097321 0.978987 0.179201
vn -0.073346 0.945485 0.317300
vn -0.073346 0.945485 0.317300
vn -0.073346 0.945485 0.317300
vn 0.134943 0.986468 0.093115
vn 0.134943 0.986468 0.093115
vn 0.134943 0.986468 0.093115
vn 0.283664 0.945485 0.159980
vn 0.283664 0.945485 0.159980
vn 0.283664 0.945485 0.159980
vn 0.127438 0.986468 -0.103149
vn 0.127438 0.986468 -0.103149
vn 0.127438 0.986468 -0.103149
vn -0.054433 0.945485 -0.321086
vn -0.054433 0.945485 -0.321086
vn -0.054433 0.945485 -0.321086
vn -0.160387 0.986468 -0.034002
vn -0.160387 0.986468 -0.034002
vn -0.160387 0.986468 -0.034002
vn 0.018479 0.916530 0.399539
vn 0.018479 0.916530 0.399539
vn 0.018479 0.916530 0.399539
vn 0.286517 0.925797 0.246594
vn 0.286518 0.925797 0.246594
vn 0.286518 0.925796 0.246594
vn 0.105138 0.966912 0.232437
vn 0.105138 0.966912 0.232437
vn 0.105138 0.966912 0.232437
vn 0.356244 0.932708 0.056088
vn 0.356245 0.932708 0.056088
vn 0.356245 0.932708 0.056088
vn 0.999983 -0.005848 0.000000
vn 0.000000 -1.000000 0.000000
vn 0.000000 -1.000000 0.000000
vn 0.000000 -1.000000 0.000000
vn -0.499965 -0.011901 -0.865964
vn -0.999913 0.013199 -0.000000
vn 0.500000 -0.001086 0.866025
vn -0.499982 0.008438 0.865995
vn -0.998267 0.058843 -0.000000
vn -0.499965 -0.011901 0.865964
vn 0.998845 0.048043 -0.000000
vn -0.999492 -0.031886 0.000000
vn 0.499803 0.028087 0.865684
vn 0.499803 0.028087 -0.865684
vn -0.499686 0.035430 -0.865482
vn 0.499882 -0.021746 0.865821
vn 0.499882 -0.021747 -0.865821
vn -0.499743 0.032029 -0.865581
vn 0.998819 -0.048593 0.000000
vn -0.996465 -0.084013 0.000000
vn -0.499686 0.035430 0.865482
vn 0.999372 0.035429 -0.000000
vn -0.999372 0.035431 -0.000000
vn 0.499686 0.035429 0.865482
vn 0.499686 0.035429 -0.865482
vn -0.499156 -0.094026 -0.861396
vn 0.498484 0.077822 0.863399
vn 0.498484 0.077822 -0.863399
vn -0.499773 -0.030174 -0.865631
vn -0.499773 -0.030174 0.865631
vn 0.991377 0.131042 -0.000000
vn -0.381064 0.924549 -0.000000
vn -0.381007 0.924572 -0.000000
vn -0.381050 0.924554 -0.000000
vn -0.497801 -0.093659 0.862219
vn 0.882609 0.470109 -0.000000
vn -0.955787 -0.294061 0.000000
vn 0.475699 0.307965 0.823934
vn 0.416831 0.292587 -0.860607
vn -0.195146 -0.980774 0.000000
vn -0.050897 0.503760 -0.862343
vn -0.144183 -0.487105 0.861359
vn -0.100751 0.994912 -0.000000
vn -0.041898 0.503415 0.863028
vn 0.051014 -0.503763 0.862334
vn -0.144183 -0.487106 -0.861359
vn -0.996619 0.082159 -0.000000
vn -0.996619 0.082159 -0.000002
vn -0.996619 0.082158 -0.000001
vn 0.100751 -0.994912 0.000000
vn 0.009394 0.999956 -0.000000
vn 0.051014 -0.503763 -0.862334
vn 0.996619 -0.082159 0.000000
vn 0.996619 -0.082160 0.000000
vn 0.996619 -0.082160 0.000000
vn 0.145802 -0.980774 0.129710
vn -0.535152 0.503760 0.678114
vn 0.680248 -0.487107 -0.547713
vn 0.075275 0.994912 0.066966
vn 0.604937 0.503414 -0.616948
vn 0.535056 -0.503763 -0.678187
vn -0.464804 -0.487104 0.739383
vn 0.744611 0.082157 0.662424
vn 0.744608 0.082160 0.662427
vn 0.744606 0.082158 0.662428
vn -0.075275 -0.994912 -0.066966
vn -0.007018 0.999956 -0.006243
vn -0.611286 -0.503763 0.610371
vn -0.744608 -0.082159 -0.662427
vn -0.744607 -0.082159 -0.662427
vn -0.744606 -0.082159 -0.662429
vn 0.184440 -0.980775 -0.063739
vn 0.329766 0.503758 0.798425
vn -0.145063 -0.487104 -0.861212
vn 0.095219 0.994912 -0.032907
vn -0.242283 0.503418 -0.829379
vn -0.329874 -0.503764 -0.798377
vn 0.417609 -0.487107 0.767026
vn 0.941961 0.082159 -0.325514
vn 0.941960 0.082158 -0.325516
vn 0.941959 0.082157 -0.325519
vn -0.095228 -0.994911 0.032908
vn -0.008871 0.999956 0.003067
vn 0.233443 -0.503763 0.831702
vn -0.941960 -0.082160 0.325518
vn -0.941960 -0.082159 0.325518
vn -0.941959 -0.082160 0.325520
vn -0.195142 -0.980775 0.000000
vn -0.050896 0.503758 -0.862344
vn -0.144184 -0.487103 0.861360
vn -0.100751 0.994912 -0.000000
vn -0.041898 0.503415 0.863028
vn 0.051014 -0.503764 0.862334
vn -0.144183 -0.487107 -0.861358
vn 0.084879 0.494217 -0.865185
vn 0.100749 -0.994912 0.000000
vn 0.009394 0.999956 -0.000000
vn 0.051014 -0.503763 -0.862334
vn 0.996619 -0.082159 -0.000001
vn 0.996619 -0.082161 0.000000
vn 0.996619 -0.082159 0.000001
vn -0.996619 0.082163 -0.000000
vn -0.996620 0.082151 -0.000000
vn -0.996619 0.082158 -0.000000
vn -0.154699 -0.485650 -0.860356
vn -0.154695 -0.485648 0.860358
vn -0.270976 -0.962586 0.000000
vn 0.084880 0.494216 0.865186
vn 0.203753 0.979022 -0.000000
vn 0.057743 0.998331 -0.000000
vn 0.010970 0.500567 0.865628
vn -0.129249 -0.991612 0.000000
vn -0.082533 -0.494451 0.865278
vn -0.082534 -0.494454 -0.865276
vn 0.010968 0.500564 -0.865630
vn -0.424882 -0.905249 0.000000
vn 0.213457 0.476481 -0.852879
vn -0.268715 -0.505640 0.819830
vn 0.408840 0.912606 -0.000000
vn 0.091323 0.507617 0.856729
vn 0.213456 0.476481 0.852879
vn 0.089749 0.493695 -0.864991
vn -0.213456 -0.476483 0.852878
vn -0.264479 -0.467004 -0.843776
vn -0.144724 0.485033 -0.862437
vn -0.408837 -0.912607 0.000000
vn 0.255669 0.966765 -0.000000
vn -0.213455 -0.476483 -0.852878
vn 0.996619 -0.082159 -0.000001
vn 0.996619 -0.082159 0.000000
vn 0.996619 -0.082159 0.000000
vn -0.994038 -0.109038 0.000000
vn -0.994037 -0.109045 0.000000
vn -0.994037 -0.109045 0.000000
vn 0.076803 -0.494443 -0.865810
vn 0.076804 -0.494442 0.865811
vn 0.187304 -0.982302 0.000000
vn -0.144721 0.485043 0.862432
vn -0.253627 0.967302 -0.000000
vn 0.054609 0.998508 -0.000000
vn 0.009422 0.502998 0.864236
vn -0.124780 -0.992184 0.000000
vn -0.081609 -0.507241 0.857931
vn -0.081609 -0.507245 -0.857930
vn 0.009419 0.502994 -0.864238
vn 0.372064 -0.905248 -0.205169
vn 0.224916 0.476482 0.849928
vn -0.160575 -0.505641 -0.847669
vn -0.358012 0.912608 0.197418
vn -0.493673 0.507610 -0.706130
vn -0.598756 0.476482 -0.643782
vn 0.339095 0.493697 0.800798
vn -0.224917 -0.476484 -0.849927
vn 0.639045 -0.467005 0.611169
vn 0.543193 0.485042 0.685329
vn 0.358010 -0.912609 -0.197418
vn -0.223889 0.966763 0.123459
vn 0.598757 -0.476486 0.643779
vn -0.872725 -0.082159 0.481249
vn -0.872725 -0.082159 0.481249
vn -0.872725 -0.082160 0.481249
vn 0.870475 -0.109027 -0.479985
vn 0.870471 -0.109028 -0.479993
vn 0.870461 -0.109035 -0.480010
vn 0.350839 -0.494435 0.795265
vn -0.485346 -0.494440 -0.721088
vn -0.164025 -0.982301 0.090448
vn -0.289721 0.485043 -0.825103
vn 0.222094 0.967303 -0.122474
vn -0.047825 0.998508 0.026369
vn -0.425573 0.502994 -0.752253
vn 0.109268 -0.992184 -0.060254
vn -0.342815 -0.507243 -0.790685
vn 0.485741 -0.507245 0.711870
vn 0.409072 0.502990 0.761355
vn 0.402302 -0.905248 0.136671
vn -0.476453 0.476484 0.738888
vn 0.518144 -0.505640 -0.689823
vn -0.387106 0.912609 -0.131508
vn 0.189114 0.507611 -0.840575
vn 0.072230 0.476482 -0.876212
vn -0.363216 0.493699 0.790149
vn 0.476453 -0.476483 -0.738888
vn -0.020993 -0.467005 0.884006
vn -0.140386 0.485046 0.863147
vn 0.387106 -0.912609 0.131508
vn -0.242084 0.966764 -0.082241
vn -0.072229 -0.476483 0.876212
vn -0.943653 -0.082159 -0.320576
vn -0.943652 -0.082161 -0.320577
vn -0.943653 -0.082159 -0.320577
vn 0.941213 -0.109029 0.319734
vn 0.941212 -0.109037 0.319736
vn 0.941212 -0.109035 0.319736
vn -0.351222 -0.494440 0.795092
vn 0.205782 -0.494440 -0.844501
vn -0.177354 -0.982301 -0.060251
vn 0.414445 0.485046 -0.770043
vn 0.240144 0.967303 0.081584
vn -0.051704 0.998508 -0.017565
vn 0.269072 0.502999 -0.821336
vn 0.118149 -0.992184 0.040138
vn 0.353237 -0.507241 -0.786086
vn -0.198693 -0.507245 0.838584
vn -0.286916 0.502990 0.815279
vn 0.085034 -0.994912 -0.054026
vn 0.535580 0.494219 0.684764
vn -0.419345 -0.503765 -0.755229
vn 0.330786 -0.485651 0.809150
vn -0.841219 0.082157 0.534416
vn -0.841208 0.082168 0.534433
vn -0.841219 0.082154 0.534416
vn -0.591930 -0.485653 -0.643241
vn -0.533657 -0.494453 -0.686095
vn 0.841212 -0.082160 -0.534427
vn 0.841214 -0.082161 -0.534424
vn 0.841219 -0.082159 -0.534416
vn 0.048749 0.998331 -0.030965
vn 0.427427 0.503413 0.750920
vn 0.007937 0.999956 -0.005037
vn -0.454925 0.500563 -0.736532
vn -0.228734 -0.962583 0.145309
vn 0.171997 0.979020 -0.109257
vn -0.085039 0.994912 0.054025
vn -0.505340 0.503758 -0.700613
vn -0.164715 -0.980775 0.104644
vn 0.340191 -0.487103 0.804364
vn 0.394327 -0.494449 0.774614
vn -0.392308 0.494214 -0.775788
vn 0.505473 -0.503764 0.700514
vn -0.583596 -0.487104 -0.649728
vn 0.473440 0.500565 0.724768
vn -0.109088 -0.991613 0.069308
vn -0.154373 0.988013 -0.000000
vn 0.154372 0.988013 -0.000000
vn -0.114012 0.988013 0.104076
vn 0.114013 0.988013 -0.104076
vn -0.044887 0.913260 -0.404896
vn 0.128702 0.978987 -0.158178
vn 0.074906 0.997191 -0.000000
vn 0.375520 0.926814 -0.000000
vn 0.114199 0.987991 0.104076
vn 0.336223 0.936014 -0.104077
vn 0.164467 0.899450 -0.404896
vn 0.348467 0.923878 -0.158179
vn 0.144723 0.988013 -0.053718
vn -0.144727 0.988013 0.053717
vn 0.070672 0.988013 -0.137245
vn -0.070672 0.988013 0.137245
vn 0.182975 0.913260 0.363972
vn -0.065617 0.978987 0.193077
vn -0.070222 0.997191 0.026064
vn -0.352052 0.926814 0.130670
vn -0.143280 0.987991 -0.057833
vn -0.278994 0.936014 0.214569
vn -0.013295 0.899450 0.436822
vn -0.271649 0.923877 0.269550
vn -0.136164 0.988013 -0.072734
vn 0.136162 0.988013 0.072734
vn -0.149600 0.988013 0.038082
vn 0.149601 0.988013 -0.038082
vn 0.151180 0.913260 -0.378287
vn 0.188049 0.978987 -0.078881
vn 0.066070 0.997191 0.035292
vn 0.331224 0.926815 0.176930
vn 0.051695 0.987991 0.145607
vn 0.345598 0.936015 0.066615
vn 0.335840 0.899449 -0.279647
vn 0.381893 0.923877 0.024663
vn -0.044887 0.913260 -0.404896
vn 0.128702 0.978987 -0.158178
vn 0.391527 0.913260 0.112527
vn 0.097320 0.978987 0.179201
vn -0.073346 0.945485 0.317300
vn 0.134943 0.986468 0.093115
vn 0.283664 0.945485 0.159980
vn 0.127438 0.986468 -0.103149
vn -0.054434 0.945485 -0.321086
vn -0.160387 0.986468 -0.034002
vn 0.018479 0.916530 0.399539
vn 0.286517 0.925797 0.246594
vn 0.105138 0.966912 0.232437
vn 0.356244 0.932708 0.056088
f 1/1/1 2/2/2 3/3/3
f 4/4/4 5/5/5 6/6/6
f 7/7/7 8/8/8 9/9/9
f 10/10/10 11/11/11 12/12/12
f 4/4/4 13/13/13 14/14/14
f 15/15/15 16/16/16 17/17/17
f 18/18/18 19/19/19 20/20/20
f 21/21/21 22/22/22 23/23/23
f 24/24/24 25/25/25 26/26/26
f 15/15/15 27/27/27 28/28/28
f 29/29/29 30/30/30 31/31/31
f 7/7/7 32/32/32 33/33/33
f 34/34/34 35/35/35 36/36/36
f 10/10/10 37/37/37 38/38/38
f 39/39/39 40/40/40 41/41/41
f 42/42/42 43/43/43 44/44/44
f 45/45/45 46/46/46 47/47/47
f 48/48/48 49/49/49 50/50/50
f 51/51/51 52/52/52 53/53/53
f 54/54/54 55/55/55 56/56/56
f 57/57/57 58/58/58 59/59/59
f 60/60/60 61/61/61 62/62/62
f 63/63/63 64/64/64 65/65/65
f 66/66/66 57/57/57 59/59/59
f 67/67/67 68/68/68 69/69/69
f 70/70/70 71/71/71 72/72/72
f 73/73/73 74/74/74 75/75/75
f 76/76/76 77/77/77 68/68/68
f 78/78/78 79/79/79 80/80/80
f 81/81/81 82/82/82 83/83/83
f 84/84/84 85/85/85 86/86/86
f 87/87/87 88/88/88 89/89/89
f 90/90/90 91/91/91 92/92/92
f 93/93/93 94/94/94 95/95/95
f 96/96/96 97/97/97 98/98/98
f 99/99/99 100/100/100 101/101/101
f 102/102/102 103/103/103 104/104/104
f 105/105/105 106/106/106 107/107/107
f 108/108/108 109/109/109 110/110/110
f 111/111/111 112/112/112 113/113/113
f 114/114/114 115/115/115 116/116/116
f 117/117/117 118/118/118 119/119/119
f 120/120/120 121/121/121 122/122/122
f 123/123/123 124/124/124 125/125/125
f 126/126/126 127/127/127 128/128/128
f 129/129/129 130/130/130 131/131/131
f 132/132/132 133/133/133 134/134/134
f 135/135/135 136/136/136 137/137/137
f 138/138/138 139/139/139 140/140/140
f 138/138/138 141/141/141 142/142/142
f 130/130/130 143/143/143 144/144/144
f 145/145/145 146/146/146 147/147/147
f 148/148/148 149/149/149 150/150/150
f 151/151/151 152/152/152 153/153/153
f 154/154/154 155/155/155 156/156/156
f 157/157/157 158/158/158 159/159/159
f 160/160/160 161/161/161 162/162/162
f 163/163/163 164/164/164 165/165/165
f 166/166/166 167/167/167 168/168/168
f 169/169/169 170/170/170 171/171/171
f 172/172/172 173/173/173 174/174/174
f 175/175/175 176/176/176 177/177/177
f 178/178/178 179/179/179 180/180/180
f 178/178/178 181/181/181 182/182/182
f 170/170/170 183/183/183 184/184/184
f 185/185/185 186/186/186 187/187/187
f 188/188/188 189/189/189 190/190/190
f 191/191/191 192/192/192 193/193/193
f 194/194/194 195/195/195 196/196/196
f 197/197/197 198/198/198 199/199/199
f 200/200/200 201/201/201 202/202/202
f 203/203/203 204/204/204 205/205/205
f 206/206/206 207/207/207 208/208/208
f 209/209/209 210/210/210 211/211/211
f 212/212/212 213/213/213 214/214/214
f 215/215/215 216/216/216 217/217/217
f 218/218/218 219/219/219 220/220/220
f 218/218/218 221/221/221 222/222/222
f 210/210/210 223/223/223 224/224/224
f 225/225/225 226/226/226 227/227/227
f 228/228/228 229/229/229 230/230/230
f 231/231/231 232/232/232 233/233/233
f 234/234/234 235/235/235 236/236/236
f 237/237/237 238/238/238 239/239/239
f 240/240/240 241/241/241 242/242/242
f 243/243/243 244/244/244 245/245/245
f 246/246/246 247/247/247 248/248/248
f 249/249/249 250/250/250 251/251/251
f 252/252/252 253/253/253 254/254/254
f 255/255/255 256/256/256 257/257/257
f 258/258/258 259/259/259 260/260/260
f 258/258/258 261/261/261 262/262/262
f 250/250/250 263/263/263 264/264/264
f 265/265/265 266/266/266 267/267/267
f 268/268/268 269/269/269 270/270/270
f 271/271/271 272/272/272 273/273/273
f 274/274/274 275/275/275 276/276/276
f 277/277/277 278/278/278 279/279/279
f 280/280/280 281/281/281 282/282/282
f 283/283/283 284/284/284 285/285/285
f 286/286/286 287/287/287 288/288/288
f 289/289/289 290/290/290 291/291/291
f 292/292/292 293/293/293 294/294/294
f 295/295/295 296/296/296 297/297/297
f 298/298/298 299/299/299 300/300/300
f 301/301/301 302/302/302 303/303/303
f 304/304/304 305/305/305 306/306/306
f 307/307/307 308/308/308 309/309/309
f 310/310/310 311/311/311 312/312/312
f 313/313/313 314/314/314 315/315/315
f 316/316/316 317/317/317 318/318/318
f 319/319/319 320/320/320 321/321/321
f 322/322/322 323/323/323 324/324/324
f 325/325/325 326/326/326 327/327/327
f 328/328/328 329/329/329 330/330/330
f 331/331/331 332/332/332 333/333/333
f 334/334/334 335/335/335 336/336/336
f 337/337/337 338/338/338 339/339/339
f 340/340/340 341/341/341 342/342/342
f 343/343/343 344/344/344 345/345/345
f 346/346/346 347/347/347 348/348/348
f 349/349/349 350/350/350 351/351/351
f 352/352/352 353/353/353 354/354/354
f 355/355/355 356/356/356 357/357/357
f 358/358/358 359/359/359 360/360/360
f 361/361/361 362/362/362 363/363/363
f 364/364/364 365/365/365 366/366/366
f 367/367/367 368/368/368 369/369/369
f 370/370/370 371/371/371 372/372/372
f 373/373/373 374/374/374 375/375/375
f 376/376/376 377/377/377 378/378/378
f 379/379/379 380/380/380 381/381/381
f 382/382/382 383/383/383 384/384/384
f 385/385/385 386/386/386 387/387/387
f 388/388/388 389/389/389 390/390/390
f 391/391/391 392/392/392 393/393/393
f 394/394/394 395/395/395 396/396/396
f 397/397/397 398/398/398 399/399/399
f 400/400/400 401/401/401 402/402/402
f 403/403/403 404/404/404 405/405/405
f 406/406/406 407/407/407 408/408/408
f 409/409/409 410/410/410 411/411/411
f 412/412/412 413/413/413 414/414/414
f 415/415/415 416/416/416 417/417/417
f 418/418/418 419/419/419 420/420/420
f 421/421/421 422/422/422 423/423/423
f 424/424/424 425/425/425 426/426/426
f 427/427/427 428/428/428 429/429/429
f 430/430/430 431/431/431 432/432/432
f 433/433/433 434/434/434 435/435/435
f 436/436/436 437/437/437 438/438/438
f 439/439/439 440/440/440 441/441/441
f 442/442/442 443/443/443 444/444/444
f 445/445/445 446/446/446 447/447/447
f 448/448/448 449/449/449 450/450/450
f 451/451/451 452/452/452 453/453/453
f 454/454/454 455/455/455 456/456/456
f 457/457/457 458/458/458 459/459/459
f 460/460/460 461/461/461 462/462/462
f 463/463/463 464/464/464 465/465/465
f 466/466/466 467/467/467 468/468/468
f 469/469/469 470/470/470 471/471/471
f 472/472/472 473/473/473 474/474/474
f 475/475/475 476/476/476 477/477/477
f 478/478/478 479/479/479 480/480/480
f 481/481/481 482/482/482 483/483/483
f 484/484/484 485/485/485 486/486/486
f 487/487/487 488/488/488 489/489/489
f 490/490/490 491/491/491 492/492/492
f 493/493/493 494/494/494 495/495/495
f 496/496/496 497/497/497 498/498/498
f 499/499/499 500/500/500 501/501/501
f 502/502/502 503/503/503 504/504/504
f 505/505/505 506/506/506 507/507/507
f 508/508/508 509/509/509 510/510/510
f 511/511/511 512/512/512 513/513/513
f 514/514/514 515/515/515 516/516/516
f 517/517/517 518/518/518 519/519/519
f 520/520/520 521/521/521 522/522/522
f 523/523/523 524/524/524 525/525/525
f 526/526/526 527/527/527 528/528/528
f 529/529/529 530/530/530 531/531/531
f 532/532/532 533/533/533 534/534/534
f 535/535/535 536/536/536 537/537/537
f 538/538/538 539/539/539 540/540/540
f 541/541/541 542/542/542 543/543/543
f 544/544/544 545/545/545 546/546/546
f 547/547/547 548/548/548 549/549/549
f 550/550/550 551/551/551 552/552/552
f 553/553/553 554/554/554 555/555/555
f 556/556/556 557/557/557 558/558/558
f 559/559/559 560/560/560 561/561/561
f 562/562/562 563/563/563 564/564/564
f 565/565/565 566/566/566 567/567/567
f 568/568/568 569/569/569 570/570/570
f 571/571/571 572/572/572 573/573/573
f 574/574/574 575/575/575 576/576/576
f 577/577/577 578/578/578 579/579/579
f 580/580/580 581/581/581 582/582/582
f 583/583/583 584/584/584 585/585/585
f 586/586/586 587/587/587 588/588/588
f 589/589/589 590/590/590 591/591/591
f 592/592/592 593/593/593 594/594/594
f 595/595/595 596/596/596 597/597/597
f 583/583/583 598/598/598 599/599/599
f 600/600/600 601/601/601 602/602/602
f 603/603/603 604/604/604 605/605/605
f 606/606/606 607/607/607 608/608/608
f 609/609/609 610/610/610 611/611/611
f 604/604/604 612/612/612 613/613/613
f 614/614/614 615/615/615 616/616/616
f 617/617/617 618/618/618 619/619/619
f 620/620/620 621/621/621 622/622/622
f 623/623/623 624/624/624 625/625/625
f 626/626/626 627/627/627 628/628/628
f 629/629/629 630/630/630 631/631/631
f 632/632/632 633/633/633 634/634/634
f 635/635/635 636/636/636 637/637/637
f 638/638/638 639/639/639 640/640/640
f 641/641/641 642/642/642 643/643/643
f 644/644/644 645/645/645 646/646/646
f 647/647/647 648/648/648 649/649/649
f 650/650/650 651/651/651 652/652/652
f 653/653/653 654/654/654 655/655/655
f 656/656/656 657/657/657 658/658/658
f 659/659/659 660/660/660 661/661/661
f 662/662/662 663/663/663 664/664/664
f 665/665/665 666/666/666 667/667/667
f 668/668/668 669/669/669 670/670/670
f 671/671/671 672/672/672 673/673/673
f 674/674/674 675/675/675 676/676/676
f 677/677/677 678/678/678 679/679/679
f 680/680/680 681/681/681 682/682/682
f 683/683/683 684/684/684 685/685/685
f 686/686/686 687/687/687 688/688/688
f 689/689/689 690/690/690 691/691/691
f 692/692/692 693/693/693 694/694/694
f 695/695/695 696/696/696 697/697/697
f 698/698/698 699/699/699 700/700/700
f 701/701/701 702/702/702 703/703/703
f 704/704/704 705/705/705 706/706/706
f 707/707/707 708/708/708 709/709/709
f 710/710/710 711/711/711 712/712/712
f 713/713/713 714/714/714 715/715/715
f 716/716/716 717/717/717 718/718/718
f 719/719/719 720/720/720 721/721/721
f 722/722/722 723/723/723 724/724/724
f 725/725/725 726/726/726 727/727/727
f 728/728/728 729/729/729 730/730/730
f 731/731/731 732/732/732 733/733/733
f 734/734/734 735/735/735 736/736/736
f 737/737/737 738/738/738 739/739/739
f 740/740/740 741/741/741 742/742/742
f 743/743/743 744/744/744 745/745/745
f 746/746/746 747/747/747 748/748/748
f 749/749/749 750/750/750 751/751/751
f 752/752/752 753/753/753 754/754/754
f 755/755/755 756/756/756 757/757/757
f 758/758/758 759/759/759 760/760/760
f 761/761/761 762/762/762 763/763/763
f 764/764/764 765/765/765 766/766/766
f 767/767/767 768/768/768 769/769/769
f 770/770/770 771/771/771 772/772/772
f 773/773/773 774/774/774 775/775/775
f 776/776/776 777/777/777 778/778/778
f 779/779/779 780/780/780 781/781/781
f 1/1/1 29/29/29 2/2/2
f 4/4/4 14/14/14 5/5/5
f 7/7/7 33/33/33 8/8/8
f 10/10/10 38/38/38 11/11/11
f 4/4/4 782/782/782 13/13/13
f 15/15/15 28/28/28 16/16/16
f 18/18/18 34/34/34 19/19/19
f 23/23/23 783/783/783 21/21/21
f 21/21/21 784/784/784 22/22/22
f 22/22/22 785/785/785 23/23/23
f 24/24/24 786/786/786 25/25/25
f 15/15/15 787/787/787 27/27/27
f 29/29/29 1/1/1 30/30/30
f 7/7/7 788/788/788 32/32/32
f 34/34/34 18/18/18 35/35/35
f 10/10/10 789/789/789 37/37/37
f 39/39/39 790/790/790 40/40/40
f 42/42/42 791/791/791 43/43/43
f 45/45/45 792/792/792 46/46/46
f 48/48/48 793/793/793 49/49/49
f 51/51/51 794/794/794 52/52/52
f 54/54/54 795/795/795 55/55/55
f 57/57/57 796/796/796 58/58/58
f 60/60/60 797/797/797 61/61/61
f 63/63/63 798/798/798 64/64/64
f 66/66/66 799/799/799 57/57/57
f 67/67/67 76/76/76 68/68/68
f 70/70/70 800/800/800 71/71/71
f 73/73/73 801/801/801 74/74/74
f 76/76/76 802/802/802 77/77/77
f 78/78/78 803/803/803 79/79/79
f 81/81/81 804/804/804 82/82/82
f 84/84/84 805/805/805 85/85/85
f 87/87/87 806/806/806 88/88/88
f 90/90/90 807/807/807 91/91/91
f 93/93/93 808/808/808 94/94/94
f 96/96/96 809/809/809 97/97/97
f 99/99/99 810/810/810 100/100/100
f 102/102/102 811/811/811 103/103/103
f 105/105/105 812/812/812 106/106/106
f 109/109/109 813/813/813 110/110/110
f 110/110/110 814/814/814 815/815/815
f 815/815/815 108/108/108 110/110/110
f 111/111/111 816/816/816 112/112/112
f 114/114/114 817/817/817 115/115/115
f 117/117/117 818/818/818 118/118/118
f 120/120/120 819/819/819 121/121/121
f 123/123/123 820/820/820 124/124/124
f 126/126/126 821/821/821 127/127/127
f 129/129/129 822/822/822 130/130/130
f 132/132/132 823/823/823 133/133/133
f 135/135/135 824/824/824 136/136/136
f 138/138/138 825/825/825 139/139/139
f 138/138/138 140/140/140 141/141/141
f 130/130/130 822/822/822 143/143/143
f 145/145/145 826/826/826 146/146/146
f 148/148/148 827/827/827 149/149/149
f 153/153/153 828/828/828 829/829/829
f 829/829/829 830/830/830 153/153/153
f 830/830/830 151/151/151 153/153/153
f 154/154/154 831/831/831 155/155/155
f 157/157/157 832/832/832 158/158/158
f 160/160/160 833/833/833 161/161/161
f 165/165/165 834/834/834 163/163/163
f 834/834/834 835/835/835 163/163/163
f 835/835/835 836/836/836 163/163/163
f 166/166/166 837/837/837 167/167/167
f 169/169/169 838/838/838 170/170/170
f 172/172/172 839/839/839 173/173/173
f 175/175/175 840/840/840 176/176/176
f 178/178/178 841/841/841 179/179/179
f 178/178/178 180/180/180 181/181/181
f 170/170/170 838/838/838 183/183/183
f 185/185/185 842/842/842 186/186/186
f 188/188/188 843/843/843 189/189/189
f 193/193/193 844/844/844 191/191/191
f 191/191/191 845/845/845 192/192/192
f 192/192/192 846/846/846 193/193/193
f 194/194/194 847/847/847 195/195/195
f 197/197/197 848/848/848 198/198/198
f 200/200/200 849/849/849 201/201/201
f 204/204/204 850/850/850 205/205/205
f 205/205/205 851/851/851 852/852/852
f 852/852/852 203/203/203 205/205/205
f 206/206/206 853/853/853 207/207/207
f 209/209/209 854/854/854 210/210/210
f 212/212/212 855/855/855 213/213/213
f 215/215/215 856/856/856 216/216/216
f 218/218/218 857/857/857 219/219/219
f 218/218/218 220/220/220 221/221/221
f 210/210/210 854/854/854 223/223/223
f 225/225/225 858/858/858 226/226/226
f 228/228/228 859/859/859 229/229/229
f 233/233/233 860/860/860 231/231/231
f 860/860/860 861/861/861 231/231/231
f 861/861/861 862/862/862 231/231/231
f 234/234/234 863/863/863 235/235/235
f 237/237/237 864/864/864 238/238/238
f 240/240/240 865/865/865 241/241/241
f 245/245/245 866/866/866 243/243/243
f 866/866/866 867/867/867 243/243/243
f 867/867/867 868/868/868 243/243/243
f 246/246/246 869/869/869 247/247/247
f 249/249/249 870/870/870 250/250/250
f 252/252/252 871/871/871 253/253/253
f 255/255/255 872/872/872 256/256/256
f 258/258/258 873/873/873 259/259/259
f 258/258/258 260/260/260 261/261/261
f 250/250/250 870/870/870 263/263/263
f 265/265/265 874/874/874 266/266/266
f 268/268/268 875/875/875 269/269/269
f 271/271/271 876/876/876 272/272/272
f 274/274/274 877/877/877 275/275/275
f 277/277/277 878/878/878 278/278/278
f 280/280/280 879/879/879 281/281/281
f 284/284/284 880/880/880 285/285/285
f 285/285/285 881/881/881 882/882/882
f 882/882/882 283/283/283 285/285/285
f 287/287/287 883/883/883 288/288/288
f 288/288/288 884/884/884 885/885/885
f 885/885/885 286/286/286 288/288/288
f 289/289/289 886/886/886 290/290/290
f 292/292/292 887/887/887 293/293/293
f 295/295/295 888/888/888 296/296/296
f 298/298/298 889/889/889 299/299/299
f 301/301/301 890/890/890 302/302/302
f 304/304/304 891/891/891 305/305/305
f 307/307/307 892/892/892 308/308/308
f 310/310/310 893/893/893 311/311/311
f 313/313/313 894/894/894 314/314/314
f 316/316/316 895/895/895 317/317/317
f 319/319/319 896/896/896 320/320/320
f 322/322/322 897/897/897 323/323/323
f 325/325/325 898/898/898 326/326/326
f 328/328/328 899/899/899 329/329/329
f 331/331/331 900/900/900 332/332/332
f 334/334/334 901/901/901 335/335/335
f 337/337/337 902/902/902 338/338/338
f 340/340/340 903/903/903 341/341/341
f 343/343/343 904/904/904 344/344/344
f 346/346/346 905/905/905 347/347/347
f 349/349/349 906/906/906 350/350/350
f 352/352/352 907/907/907 353/353/353
f 355/355/355 908/908/908 356/356/356
f 358/358/358 909/909/909 359/359/359
f 362/362/362 910/910/910 363/363/363
f 363/363/363 911/911/911 912/912/912
f 912/912/912 361/361/361 363/363/363
f 365/365/365 913/913/913 366/366/366
f 366/366/366 914/914/914 915/915/915
f 915/915/915 364/364/364 366/366/366
f 367/367/367 916/916/916 368/368/368
f 370/370/370 917/917/917 371/371/371
f 373/373/373 918/918/918 374/374/374
f 376/376/376 919/919/919 377/377/377
f 379/379/379 920/920/920 380/380/380
f 382/382/382 921/921/921 383/383/383
f 385/385/385 922/922/922 386/386/386
f 388/388/388 923/923/923 389/389/389
f 391/391/391 924/924/924 392/392/392
f 394/394/394 925/925/925 395/395/395
f 397/397/397 926/926/926 398/398/398
f 400/400/400 927/927/927 401/401/401
f 403/403/403 928/928/928 404/404/404
f 406/406/406 929/929/929 407/407/407
f 409/409/409 930/930/930 410/410/410
f 412/412/412 931/931/931 413/413/413
f 415/415/415 932/932/932 416/416/416
f 418/418/418 933/933/933 419/419/419
f 421/421/421 934/934/934 422/422/422
f 424/424/424 935/935/935 425/425/425
f 427/427/427 936/936/936 428/428/428
f 430/430/430 937/937/937 431/431/431
f 433/433/433 938/938/938 434/434/434
f 436/436/436 939/939/939 437/437/437
f 441/441/441 940/940/940 439/439/439
f 940/940/940 941/941/941 439/439/439
f 941/941/941 942/942/942 439/439/439
f 443/443/443 943/943/943 444/444/444
f 444/444/444 944/944/944 945/945/945
f 945/945/945 442/442/442 444/444/444
f 445/445/445 946/946/946 446/446/446
f 448/448/448 947/947/947 449/449/449
f 451/451/451 948/948/948 452/452/452
f 454/454/454 949/949/949 455/455/455
f 457/457/457 950/950/950 458/458/458
f 460/460/460 951/951/951 461/461/461
f 463/463/463 952/952/952 464/464/464
f 466/466/466 953/953/953 467/467/467
f 469/469/469 954/954/954 470/470/470
f 472/472/472 955/955/955 473/473/473
f 475/475/475 956/956/956 476/476/476
f 478/478/478 957/957/957 479/479/479
f 481/481/481 958/958/958 482/482/482
f 484/484/484 959/959/959 485/485/485
f 487/487/487 960/960/960 488/488/488
f 490/490/490 961/961/961 491/491/491
f 493/493/493 962/962/962 494/494/494
f 496/496/496 963/963/963 497/497/497
f 499/499/499 964/964/964 500/500/500
f 502/502/502 965/965/965 503/503/503
f 505/505/505 966/966/966 506/506/506
f 508/508/508 967/967/967 509/509/509
f 511/511/511 968/968/968 512/512/512
f 514/514/514 969/969/969 515/515/515
f 518/518/518 970/970/970 519/519/519
f 519/519/519 971/971/971 972/972/972
f 972/972/972 517/517/517 519/519/519
f 521/521/521 973/973/973 522/522/522
f 522/522/522 974/974/974 975/975/975
f 975/975/975 520/520/520 522/522/522
f 523/523/523 976/976/976 524/524/524
f 526/526/526 977/977/977 527/527/527
f 529/529/529 978/978/978 530/530/530
f 532/532/532 979/979/979 533/533/533
f 535/535/535 980/980/980 536/536/536
f 538/538/538 981/981/981 539/539/539
f 541/541/541 982/982/982 542/542/542
f 544/544/544 983/983/983 545/545/545
f 547/547/547 984/984/984 548/548/548
f 550/550/550 985/985/985 551/551/551
f 553/553/553 986/986/986 554/554/554
f 556/556/556 987/987/987 557/557/557
f 559/559/559 988/988/988 560/560/560
f 562/562/562 989/989/989 563/563/563
f 565/565/565 990/990/990 566/566/566
f 569/569/569 991/991/991 570/570/570
f 570/570/570 992/992/992 993/993/993
f 993/993/993 568/568/568 570/570/570
f 571/571/571 994/994/994 572/572/572
f 574/574/574 995/995/995 575/575/575
f 579/579/579 996/996/996 577/577/577
f 996/996/996 997/997/997 577/577/577
f 997/997/997 998/998/998 577/577/577
f 580/580/580 999/999/999 581/581/581
f 583/583/583 1000/1000/1000 584/584/584
f 586/586/586 1001/1001/1001 587/587/587
f 589/589/589 1002/1002/1002 590/590/590
f 592/592/592 1003/1003/1003 593/593/593
f 595/595/595 1004/1004/1004 596/596/596
f 583/583/583 585/585/585 598/598/598
f 600/600/600 1005/1005/1005 601/601/601
f 603/603/603 1006/1006/1006 604/604/604
f 606/606/606 1007/1007/1007 607/607/607
f 609/609/609 1008/1008/1008 610/610/610
f 604/604/604 1006/1006/1006 612/612/612
f 614/614/614 1009/1009/1009 615/615/615
f 617/617/617 1010/1010/1010 618/618/618
f 620/620/620 1011/1011/1011 621/621/621
f 623/623/623 1012/1012/1012 624/624/624
f 626/626/626 1013/1013/1013 627/627/627
f 629/629/629 1014/1014/1014 630/630/630
f 632/632/632 1015/1015/1015 633/633/633
f 635/635/635 1016/1016/1016 636/636/636
f 638/638/638 1017/1017/1017 639/639/639
f 641/641/641 1018/1018/1018 642/642/642
f 644/644/644 1019/1019/1019 645/645/645
f 647/647/647 1020/1020/1020 648/648/648
f 650/650/650 1021/1021/1021 651/651/651
f 653/653/653 1022/1022/1022 654/654/654
f 656/656/656 1023/1023/1023 657/657/657
f 659/659/659 1024/1024/1024 660/660/660
f 662/662/662 1025/1025/1025 663/663/663
f 665/665/665 1026/1026/1026 666/666/666
f 668/668/668 1027/1027/1027 669/669/669
f 671/671/671 1028/1028/1028 672/672/672
f 674/674/674 1029/1029/1029 675/675/675
f 677/677/677 1030/1030/1030 678/678/678
f 680/680/680 1031/1031/1031 681/681/681
f 683/683/683 1032/1032/1032 684/684/684
f 686/686/686 1033/1033/1033 687/687/687
f 689/689/689 1034/1034/1034 690/690/690
f 692/692/692 1035/1035/1035 693/693/693
f 695/695/695 1036/1036/1036 696/696/696
f 698/698/698 1037/1037/1037 699/699/699
f 701/701/701 1038/1038/1038 702/702/702
f 704/704/704 1039/1039/1039 705/705/705
f 707/707/707 1040/1040/1040 708/708/708
f 710/710/710 1041/1041/1041 711/711/711
f 713/713/713 1042/1042/1042 714/714/714
f 716/716/716 1043/1043/1043 717/717/717
f 719/719/719 1044/1044/1044 720/720/720
f 722/722/722 1045/1045/1045 723/723/723
f 725/725/725 1046/1046/1046 726/726/726
f 728/728/728 1047/1047/1047 729/729/729
f 731/731/731 1048/1048/1048 732/732/732
f 734/734/734 1049/1049/1049 735/735/735
f 737/737/737 1050/1050/1050 738/738/738
f 740/740/740 1051/1051/1051 741/741/741
f 743/743/743 1052/1052/1052 744/744/744
f 746/746/746 1053/1053/1053 747/747/747
f 749/749/749 1054/1054/1054 750/750/750
f 752/752/752 1055/1055/1055 753/753/753
f 755/755/755 1056/1056/1056 756/756/756
f 758/758/758 1057/1057/1057 759/759/759
f 761/761/761 1058/1058/1058 762/762/762
f 764/764/764 1059/1059/1059 765/765/765
f 767/767/767 1060/1060/1060 768/768/768
f 770/770/770 1061/1061/1061 771/771/771
f 773/773/773 1062/1062/1062 774/774/774
f 776/776/776 1063/1063/1063 777/777/777
f 779/779/779 1064/1064/1064 780/780/780
