# generated by tools/editor_import_glb.py
v -0.638389 0.081678 -0.034624 1.000000 1.000000 1.000000 1.000000
v -0.638389 0.081678 -0.034624 1.000000 1.000000 1.000000 1.000000
v -0.638389 0.147760 -0.034624 1.000000 1.000000 1.000000 1.000000
v -0.638389 0.147760 -0.034624 1.000000 1.000000 1.000000 1.000000
v -0.638389 0.438148 -0.034624 1.000000 1.000000 1.000000 1.000000
v -0.638389 0.438148 -0.034624 1.000000 1.000000 1.000000 1.000000
v -0.638389 0.504229 -0.034624 1.000000 1.000000 1.000000 1.000000
v -0.638389 0.504229 -0.034624 1.000000 1.000000 1.000000 1.000000
v -0.638389 0.794617 -0.034624 1.000000 1.000000 1.000000 1.000000
v -0.638389 0.794617 -0.034624 1.000000 1.000000 1.000000 1.000000
v -0.638389 0.860698 -0.034624 1.000000 1.000000 1.000000 1.000000
v -0.638389 0.860698 -0.034624 1.000000 1.000000 1.000000 1.000000
v -0.638389 1.151086 -0.034624 1.000000 1.000000 1.000000 1.000000
v -0.638389 1.151086 -0.034624 1.000000 1.000000 1.000000 1.000000
v -0.638389 1.217168 -0.034624 1.000000 1.000000 1.000000 1.000000
v -0.638389 1.217168 -0.034624 1.000000 1.000000 1.000000 1.000000
v -0.638389 1.574135 -0.034624 1.000000 1.000000 1.000000 1.000000
v -0.638389 1.574135 -0.034624 1.000000 1.000000 1.000000 1.000000
v -0.638389 1.507556 -0.034624 1.000000 1.000000 1.000000 1.000000
v -0.638389 1.507556 -0.034624 1.000000 1.000000 1.000000 1.000000
v -0.303683 0.081678 -0.034624 1.000000 1.000000 1.000000 1.000000
v -0.303683 0.081678 -0.034624 1.000000 1.000000 1.000000 1.000000
v -0.303683 0.081678 -0.034624 1.000000 1.000000 1.000000 1.000000
v -0.303683 0.081678 -0.034624 1.000000 1.000000 1.000000 1.000000
v -0.303683 0.147760 -0.034624 1.000000 1.000000 1.000000 1.000000
v -0.303683 0.147760 -0.034624 1.000000 1.000000 1.000000 1.000000
v -0.303683 0.147760 -0.034624 1.000000 1.000000 1.000000 1.000000
v -0.365730 0.147760 -0.034624 1.000000 1.000000 1.000000 1.000000
v -0.365730 0.147760 -0.034624 1.000000 1.000000 1.000000 1.000000
v -0.365730 0.147760 -0.034624 1.000000 1.000000 1.000000 1.000000
v -0.365730 0.081678 -0.034624 1.000000 1.000000 1.000000 1.000000
v -0.365730 0.081678 -0.034624 1.000000 1.000000 1.000000 1.000000
v -0.365730 0.081678 -0.034624 1.000000 1.000000 1.000000 1.000000
v -0.365730 0.081678 -0.034624 1.000000 1.000000 1.000000 1.000000
v -0.303683 0.438148 -0.034624 1.000000 1.000000 1.000000 1.000000
v -0.303683 0.438148 -0.034624 1.000000 1.000000 1.000000 1.000000
v -0.303683 0.438148 -0.034624 1.000000 1.000000 1.000000 1.000000
v -0.303683 0.504229 -0.034624 1.000000 1.000000 1.000000 1.000000
v -0.303683 0.504229 -0.034624 1.000000 1.000000 1.000000 1.000000
v -0.303683 0.504229 -0.034624 1.000000 1.000000 1.000000 1.000000
v -0.365730 0.504229 -0.034624 1.000000 1.000000 1.000000 1.000000
v -0.365730 0.504229 -0.034624 1.000000 1.000000 1.000000 1.000000
v -0.365730 0.504229 -0.034624 1.000000 1.000000 1.000000 1.000000
v -0.365730 0.438148 -0.034624 1.000000 1.000000 1.000000 1.000000
v -0.365730 0.438148 -0.034624 1.000000 1.000000 1.000000 1.000000
v -0.365730 0.438148 -0.034624 1.000000 1.000000 1.000000 1.000000
v -0.303683 0.794617 -0.034624 1.000000 1.000000 1.000000 1.000000
v -0.303683 0.794617 -0.034624 1.000000 1.000000 1.000000 1.000000
v -0.303683 0.794617 -0.034624 1.000000 1.000000 1.000000 1.000000
v -0.303683 0.860698 -0.034624 1.000000 1.000000 1.000000 1.000000
v -0.303683 0.860698 -0.034624 1.000000 1.000000 1.000000 1.000000
v -0.303683 0.860698 -0.034624 1.000000 1.000000 1.000000 1.000000
v -0.365730 0.860698 -0.034624 1.000000 1.000000 1.000000 1.000000
v -0.365730 0.860698 -0.034624 1.000000 1.000000 1.000000 1.000000
v -0.365730 0.860698 -0.034624 1.000000 1.000000 1.000000 1.000000
v -0.365730 0.794617 -0.034624 1.000000 1.000000 1.000000 1.000000
v -0.365730 0.794617 -0.034624 1.000000 1.000000 1.000000 1.000000
v -0.365730 0.794617 -0.034624 1.000000 1.000000 1.000000 1.000000
v -0.303683 1.151086 -0.034624 1.000000 1.000000 1.000000 1.000000
v -0.303683 1.151086 -0.034624 1.000000 1.000000 1.000000 1.000000
v -0.303683 1.151086 -0.034624 1.000000 1.000000 1.000000 1.000000
v -0.303683 1.217168 -0.034624 1.000000 1.000000 1.000000 1.000000
v -0.303683 1.217168 -0.034624 1.000000 1.000000 1.000000 1.000000
v -0.303683 1.217168 -0.034624 1.000000 1.000000 1.000000 1.000000
v -0.365730 1.217168 -0.034624 1.000000 1.000000 1.000000 1.000000
v -0.365730 1.217168 -0.034624 1.000000 1.000000 1.000000 1.000000
v -0.365730 1.217168 -0.034624 1.000000 1.000000 1.000000 1.000000
v -0.365730 1.151086 -0.034624 1.000000 1.000000 1.000000 1.000000
v -0.365730 1.151086 -0.034624 1.000000 1.000000 1.000000 1.000000
v -0.365730 1.151086 -0.034624 1.000000 1.000000 1.000000 1.000000
v -0.303683 1.574135 -0.034624 1.000000 1.000000 1.000000 1.000000
v -0.303683 1.574135 -0.034624 1.000000 1.000000 1.000000 1.000000
v -0.303683 1.574135 -0.034624 1.000000 1.000000 1.000000 1.000000
v -0.365730 1.574135 -0.034624 1.000000 1.000000 1.000000 1.000000
v -0.365730 1.574135 -0.034624 1.000000 1.000000 1.000000 1.000000
v -0.365730 1.574135 -0.034624 1.000000 1.000000 1.000000 1.000000
v -0.365730 1.507556 -0.034624 1.000000 1.000000 1.000000 1.000000
v -0.365730 1.507556 -0.034624 1.000000 1.000000 1.000000 1.000000
v -0.365730 1.507556 -0.034624 1.000000 1.000000 1.000000 1.000000
v -0.303683 1.507556 -0.034624 1.000000 1.000000 1.000000 1.000000
v -0.303683 1.507556 -0.034624 1.000000 1.000000 1.000000 1.000000
v -0.303683 1.507556 -0.034624 1.000000 1.000000 1.000000 1.000000
v 0.031024 0.081678 -0.034624 1.000000 1.000000 1.000000 1.000000
v 0.031024 0.081678 -0.034624 1.000000 1.000000 1.000000 1.000000
v 0.031024 0.081678 -0.034624 1.000000 1.000000 1.000000 1.000000
v 0.031024 0.081678 -0.034624 1.000000 1.000000 1.000000 1.000000
v 0.031024 0.147760 -0.034624 1.000000 1.000000 1.000000 1.000000
v 0.031024 0.147760 -0.034624 1.000000 1.000000 1.000000 1.000000
v 0.031024 0.147760 -0.034624 1.000000 1.000000 1.000000 1.000000
v -0.031024 0.147760 -0.034624 1.000000 1.000000 1.000000 1.000000
v -0.031024 0.147760 -0.034624 1.000000 1.000000 1.000000 1.000000
v -0.031024 0.147760 -0.034624 1.000000 1.000000 1.000000 1.000000
v -0.031024 0.081678 -0.034624 1.000000 1.000000 1.000000 1.000000
v -0.031024 0.081678 -0.034624 1.000000 1.000000 1.000000 1.000000
v -0.031024 0.081678 -0.034624 1.000000 1.000000 1.000000 1.000000
v -0.031024 0.081678 -0.034624 1.000000 1.000000 1.000000 1.000000
v 0.031023 0.438148 -0.034624 1.000000 1.000000 1.000000 1.000000
v 0.031023 0.438148 -0.034624 1.000000 1.000000 1.000000 1.000000
v 0.031023 0.438148 -0.034624 1.000000 1.000000 1.000000 1.000000
v 0.031023 0.504229 -0.034624 1.000000 1.000000 1.000000 1.000000
v 0.031023 0.504229 -0.034624 1.000000 1.000000 1.000000 1.000000
v 0.031023 0.504229 -0.034624 1.000000 1.000000 1.000000 1.000000
v -0.031024 0.504229 -0.034624 1.000000 1.000000 1.000000 1.000000
v -0.031024 0.504229 -0.034624 1.000000 1.000000 1.000000 1.000000
v -0.031024 0.504229 -0.034624 1.000000 1.000000 1.000000 1.000000
v -0.031024 0.438148 -0.034624 1.000000 1.000000 1.000000 1.000000
v -0.031024 0.438148 -0.034624 1.000000 1.000000 1.000000 1.000000
v -0.031024 0.438148 -0.034624 1.000000 1.000000 1.000000 1.000000
v 0.031023 0.794617 -0.034624 1.000000 1.000000 1.000000 1.000000
v 0.031023 0.794617 -0.034624 1.000000 1.000000 1.000000 1.000000
v 0.031023 0.794617 -0.034624 1.000000 1.000000 1.000000 1.000000
v 0.031023 0.860698 -0.034624 1.000000 1.000000 1.000000 1.000000
v 0.031023 0.860698 -0.034624 1.000000 1.000000 1.000000 1.000000
v 0.031023 0.860698 -0.034624 1.000000 1.000000 1.000000 1.000000
v -0.031024 0.860698 -0.034624 1.000000 1.000000 1.000000 1.000000
v -0.031024 0.860698 -0.034624 1.000000 1.000000 1.000000 1.000000
v -0.031024 0.860698 -0.034624 1.000000 1.000000 1.000000 1.000000
v -0.031024 0.794617 -0.034624 1.000000 1.000000 1.000000 1.000000
v -0.031024 0.794617 -0.034624 1.000000 1.000000 1.000000 1.000000
v -0.031024 0.794617 -0.034624 1.000000 1.000000 1.000000 1.000000
v 0.031023 1.151086 -0.034624 1.000000 1.000000 1.000000 1.000000
v 0.031023 1.151086 -0.034624 1.000000 1.000000 1.000000 1.000000
v 0.031023 1.151086 -0.034624 1.000000 1.000000 1.000000 1.000000
v 0.031023 1.217168 -0.034624 1.000000 1.000000 1.000000 1.000000
v 0.031023 1.217168 -0.034624 1.000000 1.000000 1.000000 1.000000
v 0.031023 1.217168 -0.034624 1.000000 1.000000 1.000000 1.000000
v -0.031024 1.217168 -0.034624 1.000000 1.000000 1.000000 1.000000
v -0.031024 1.217168 -0.034624 1.000000 1.000000 1.000000 1.000000
v -0.031024 1.217168 -0.034624 1.000000 1.000000 1.000000 1.000000
v -0.031024 1.151086 -0.034624 1.000000 1.000000 1.000000 1.000000
v -0.031024 1.151086 -0.034624 1.000000 1.000000 1.000000 1.000000
v -0.031024 1.151086 -0.034624 1.000000 1.000000 1.000000 1.000000
v 0.031023 1.574135 -0.034624 1.000000 1.000000 1.000000 1.000000
v 0.031023 1.574135 -0.034624 1.000000 1.000000 1.000000 1.000000
v 0.031023 1.574135 -0.034624 1.000000 1.000000 1.000000 1.000000
v -0.031024 1.574135 -0.034624 1.000000 1.000000 1.000000 1.000000
v -0.031024 1.574135 -0.034624 1.000000 1.000000 1.000000 1.000000
v -0.031024 1.574135 -0.034624 1.000000 1.000000 1.000000 1.000000
v -0.031024 1.507556 -0.034624 1.000000 1.000000 1.000000 1.000000
v -0.031024 1.507556 -0.034624 1.000000 1.000000 1.000000 1.000000
v -0.031024 1.507556 -0.034624 1.000000 1.000000 1.000000 1.000000
v 0.031023 1.507556 -0.034624 1.000000 1.000000 1.000000 1.000000
v 0.031023 1.507556 -0.034624 1.000000 1.000000 1.000000 1.000000
v 0.031023 1.507556 -0.034624 1.000000 1.000000 1.000000 1.000000
v 0.365730 0.081678 -0.034624 1.000000 1.000000 1.000000 1.000000
v 0.365730 0.081678 -0.034624 1.000000 1.000000 1.000000 1.000000
v 0.365730 0.081678 -0.034624 1.000000 1.000000 1.000000 1.000000
v 0.365730 0.081678 -0.034624 1.000000 1.000000 1.000000 1.000000
v 0.365730 0.147760 -0.034624 1.000000 1.000000 1.000000 1.000000
v 0.365730 0.147760 -0.034624 1.000000 1.000000 1.000000 1.000000
v 0.365730 0.147760 -0.034624 1.000000 1.000000 1.000000 1.000000
v 0.303683 0.147760 -0.034624 1.000000 1.000000 1.000000 1.000000
v 0.303683 0.147760 -0.034624 1.000000 1.000000 1.000000 1.000000
v 0.303683 0.147760 -0.034624 1.000000 1.000000 1.000000 1.000000
v 0.303683 0.081678 -0.034624 1.000000 1.000000 1.000000 1.000000
v 0.303683 0.081678 -0.034624 1.000000 1.000000 1.000000 1.000000
v 0.303683 0.081678 -0.034624 1.000000 1.000000 1.000000 1.000000
v 0.303683 0.081678 -0.034624 1.000000 1.000000 1.000000 1.000000
v 0.365730 0.438148 -0.034624 1.000000 1.000000 1.000000 1.000000
v 0.365730 0.438148 -0.034624 1.000000 1.000000 1.000000 1.000000
v 0.365730 0.438148 -0.034624 1.000000 1.000000 1.000000 1.000000
v 0.365730 0.504229 -0.034624 1.000000 1.000000 1.000000 1.000000
v 0.365730 0.504229 -0.034624 1.000000 1.000000 1.000000 1.000000
v 0.365730 0.504229 -0.034624 1.000000 1.000000 1.000000 1.000000
v 0.303683 0.504229 -0.034624 1.000000 1.000000 1.000000 1.000000
v 0.303683 0.504229 -0.034624 1.000000 1.000000 1.000000 1.000000
v 0.303683 0.504229 -0.034624 1.000000 1.000000 1.000000 1.000000
v 0.303683 0.438148 -0.034624 1.000000 1.000000 1.000000 1.000000
v 0.303683 0.438148 -0.034624 1.000000 1.000000 1.000000 1.000000
v 0.303683 0.438148 -0.034624 1.000000 1.000000 1.000000 1.000000
v 0.365730 0.794617 -0.034624 1.000000 1.000000 1.000000 1.000000
v 0.365730 0.794617 -0.034624 1.000000 1.000000 1.000000 1.000000
v 0.365730 0.794617 -0.034624 1.000000 1.000000 1.000000 1.000000
v 0.365730 0.860698 -0.034624 1.000000 1.000000 1.000000 1.000000
v 0.365730 0.860698 -0.034624 1.000000 1.000000 1.000000 1.000000
v 0.365730 0.860698 -0.034624 1.000000 1.000000 1.000000 1.000000
v 0.303683 0.860698 -0.034624 1.000000 1.000000 1.000000 1.000000
v 0.303683 0.860698 -0.034624 1.000000 1.000000 1.000000 1.000000
v 0.303683 0.860698 -0.034624 1.000000 1.000000 1.000000 1.000000
v 0.303683 0.794617 -0.034624 1.000000 1.000000 1.000000 1.000000
v 0.303683 0.794617 -0.034624 1.000000 1.000000 1.000000 1.000000
v 0.303683 0.794617 -0.034624 1.000000 1.000000 1.000000 1.000000
v 0.365730 1.151086 -0.034624 1.000000 1.000000 1.000000 1.000000
v 0.365730 1.151086 -0.034624 1.000000 1.000000 1.000000 1.000000
v 0.365730 1.151086 -0.034624 1.000000 1.000000 1.000000 1.000000
v 0.365730 1.217168 -0.034624 1.000000 1.000000 1.000000 1.000000
v 0.365730 1.217168 -0.034624 1.000000 1.000000 1.000000 1.000000
v 0.365730 1.217168 -0.034624 1.000000 1.000000 1.000000 1.000000
v 0.303683 1.217168 -0.034624 1.000000 1.000000 1.000000 1.000000
v 0.303683 1.217168 -0.034624 1.000000 1.000000 1.000000 1.000000
v 0.303683 1.217168 -0.034624 1.000000 1.000000 1.000000 1.000000
v 0.303683 1.151086 -0.034624 1.000000 1.000000 1.000000 1.000000
v 0.303683 1.151086 -0.034624 1.000000 1.000000 1.000000 1.000000
v 0.303683 1.151086 -0.034624 1.000000 1.000000 1.000000 1.000000
v 0.365730 1.574135 -0.034624 1.000000 1.000000 1.000000 1.000000
v 0.365730 1.574135 -0.034624 1.000000 1.000000 1.000000 1.000000
v 0.365730 1.574135 -0.034624 1.000000 1.000000 1.000000 1.000000
v 0.303683 1.574135 -0.034624 1.000000 1.000000 1.000000 1.000000
v 0.303683 1.574135 -0.034624 1.000000 1.000000 1.000000 1.000000
v 0.303683 1.574135 -0.034624 1.000000 1.000000 1.000000 1.000000
v 0.303683 1.507556 -0.034624 1.000000 1.000000 1.000000 1.000000
v 0.303683 1.507556 -0.034624 1.000000 1.000000 1.000000 1.000000
v 0.303683 1.507556 -0.034624 1.000000 1.000000 1.000000 1.000000
v 0.365730 1.507556 -0.034624 1.000000 1.000000 1.000000 1.000000
v 0.365730 1.507556 -0.034624 1.000000 1.000000 1.000000 1.000000
v 0.365730 1.507556 -0.034624 1.000000 1.000000 1.000000 1.000000
v 0.638389 0.147760 -0.034624 1.000000 1.000000 1.000000 1.000000
v 0.638389 0.147760 -0.034624 1.000000 1.000000 1.000000 1.000000
v 0.638389 0.081678 -0.034624 1.000000 1.000000 1.000000 1.000000
v 0.638389 0.081678 -0.034624 1.000000 1.000000 1.000000 1.000000
v 0.638389 0.504229 -0.034624 1.000000 1.000000 1.000000 1.000000
v 0.638389 0.504229 -0.034624 1.000000 1.000000 1.000000 1.000000
v 0.638389 0.438148 -0.034624 1.000000 1.000000 1.000000 1.000000
v 0.638389 0.438148 -0.034624 1.000000 1.000000 1.000000 1.000000
v 0.638389 0.860698 -0.034624 1.000000 1.000000 1.000000 1.000000
v 0.638389 0.860698 -0.034624 1.000000 1.000000 1.000000 1.000000
v 0.638389 0.794617 -0.034624 1.000000 1.000000 1.000000 1.000000
v 0.638389 0.794617 -0.034624 1.000000 1.000000 1.000000 1.000000
v 0.638389 1.217168 -0.034624 1.000000 1.000000 1.000000 1.000000
v 0.638389 1.217168 -0.034624 1.000000 1.000000 1.000000 1.000000
v 0.638389 1.151086 -0.034624 1.000000 1.000000 1.000000 1.000000
v 0.638389 1.151086 -0.034624 1.000000 1.000000 1.000000 1.000000
v 0.638389 1.574135 -0.034624 1.000000 1.000000 1.000000 1.000000
v 0.638389 1.574135 -0.034624 1.000000 1.000000 1.000000 1.000000
v 0.638389 1.507556 -0.034624 1.000000 1.000000 1.000000 1.000000
v 0.638389 1.507556 -0.034624 1.000000 1.000000 1.000000 1.000000
v -0.358976 0.088871 0.012615 1.000000 1.000000 1.000000 1.000000
v -0.358976 0.088871 0.012615 1.000000 1.000000 1.000000 1.000000
v -0.358976 0.088871 0.012615 1.000000 1.000000 1.000000 1.000000
v -0.310436 0.088871 0.012615 1.000000 1.000000 1.000000 1.000000
v -0.310436 0.088871 0.012615 1.000000 1.000000 1.000000 1.000000
v -0.310436 0.088871 0.012615 1.000000 1.000000 1.000000 1.000000
v -0.310436 0.140567 0.012615 1.000000 1.000000 1.000000 1.000000
v -0.310436 0.140567 0.012615 1.000000 1.000000 1.000000 1.000000
v -0.310436 0.140567 0.012615 1.000000 1.000000 1.000000 1.000000
v -0.358976 0.140567 0.012615 1.000000 1.000000 1.000000 1.000000
v -0.358976 0.140567 0.012615 1.000000 1.000000 1.000000 1.000000
v -0.358976 0.140567 0.012615 1.000000 1.000000 1.000000 1.000000
v -0.358976 0.445340 0.012615 1.000000 1.000000 1.000000 1.000000
v -0.358976 0.445340 0.012615 1.000000 1.000000 1.000000 1.000000
v -0.358976 0.445340 0.012615 1.000000 1.000000 1.000000 1.000000
v -0.310436 0.445340 0.012615 1.000000 1.000000 1.000000 1.000000
v -0.310436 0.445340 0.012615 1.000000 1.000000 1.000000 1.000000
v -0.310436 0.445340 0.012615 1.000000 1.000000 1.000000 1.000000
v -0.310436 0.497036 0.012615 1.000000 1.000000 1.000000 1.000000
v -0.310436 0.497036 0.012615 1.000000 1.000000 1.000000 1.000000
v -0.310436 0.497036 0.012615 1.000000 1.000000 1.000000 1.000000
v -0.358976 0.497036 0.012615 1.000000 1.000000 1.000000 1.000000
v -0.358976 0.497036 0.012615 1.000000 1.000000 1.000000 1.000000
v -0.358976 0.497036 0.012615 1.000000 1.000000 1.000000 1.000000
v -0.358976 0.801810 0.012615 1.000000 1.000000 1.000000 1.000000
v -0.358976 0.801810 0.012615 1.000000 1.000000 1.000000 1.000000
v -0.358976 0.801810 0.012615 1.000000 1.000000 1.000000 1.000000
v -0.310436 0.801810 0.012615 1.000000 1.000000 1.000000 1.000000
v -0.310436 0.801810 0.012615 1.000000 1.000000 1.000000 1.000000
v -0.310436 0.801810 0.012615 1.000000 1.000000 1.000000 1.000000
v -0.310436 0.853506 0.012615 1.000000 1.000000 1.000000 1.000000
v -0.310436 0.853506 0.012615 1.000000 1.000000 1.000000 1.000000
v -0.310436 0.853506 0.012615 1.000000 1.000000 1.000000 1.000000
v -0.358976 0.853506 0.012615 1.000000 1.000000 1.000000 1.000000
v -0.358976 0.853506 0.012615 1.000000 1.000000 1.000000 1.000000
v -0.358976 0.853506 0.012615 1.000000 1.000000 1.000000 1.000000
v -0.358976 1.158279 0.012615 1.000000 1.000000 1.000000 1.000000
v -0.358976 1.158279 0.012615 1.000000 1.000000 1.000000 1.000000
v -0.358976 1.158279 0.012615 1.000000 1.000000 1.000000 1.000000
v -0.310436 1.158279 0.012615 1.000000 1.000000 1.000000 1.000000
v -0.310436 1.158279 0.012615 1.000000 1.000000 1.000000 1.000000
v -0.310436 1.158279 0.012615 1.000000 1.000000 1.000000 1.000000
v -0.310436 1.209975 0.012615 1.000000 1.000000 1.000000 1.000000
v -0.310436 1.209975 0.012615 1.000000 1.000000 1.000000 1.000000
v -0.310436 1.209975 0.012615 1.000000 1.000000 1.000000 1.000000
v -0.358976 1.209975 0.012615 1.000000 1.000000 1.000000 1.000000
v -0.358976 1.209975 0.012615 1.000000 1.000000 1.000000 1.000000
v -0.358976 1.209975 0.012615 1.000000 1.000000 1.000000 1.000000
v -0.310436 1.514748 0.012615 1.000000 1.000000 1.000000 1.000000
v -0.310436 1.514748 0.012615 1.000000 1.000000 1.000000 1.000000
v -0.310436 1.514748 0.012615 1.000000 1.000000 1.000000 1.000000
v -0.310436 1.566444 0.012615 1.000000 1.000000 1.000000 1.000000
v -0.310436 1.566444 0.012615 1.000000 1.000000 1.000000 1.000000
v -0.310436 1.566444 0.012615 1.000000 1.000000 1.000000 1.000000
v -0.358976 1.566444 0.012615 1.000000 1.000000 1.000000 1.000000
v -0.358976 1.566444 0.012615 1.000000 1.000000 1.000000 1.000000
v -0.358976 1.566444 0.012615 1.000000 1.000000 1.000000 1.000000
v -0.358976 1.514748 0.012615 1.000000 1.000000 1.000000 1.000000
v -0.358976 1.514748 0.012615 1.000000 1.000000 1.000000 1.000000
v -0.358976 1.514748 0.012615 1.000000 1.000000 1.000000 1.000000
v -0.024270 0.088871 0.012615 1.000000 1.000000 1.000000 1.000000
v -0.024270 0.088871 0.012615 1.000000 1.000000 1.000000 1.000000
v -0.024270 0.088871 0.012615 1.000000 1.000000 1.000000 1.000000
v 0.024270 0.088871 0.012615 1.000000 1.000000 1.000000 1.000000
v 0.024270 0.088871 0.012615 1.000000 1.000000 1.000000 1.000000
v 0.024270 0.088871 0.012615 1.000000 1.000000 1.000000 1.000000
v 0.024270 0.140567 0.012615 1.000000 1.000000 1.000000 1.000000
v 0.024270 0.140567 0.012615 1.000000 1.000000 1.000000 1.000000
v 0.024270 0.140567 0.012615 1.000000 1.000000 1.000000 1.000000
v -0.024270 0.140567 0.012615 1.000000 1.000000 1.000000 1.000000
v -0.024270 0.140567 0.012615 1.000000 1.000000 1.000000 1.000000
v -0.024270 0.140567 0.012615 1.000000 1.000000 1.000000 1.000000
v -0.024270 0.445340 0.012615 1.000000 1.000000 1.000000 1.000000
v -0.024270 0.445340 0.012615 1.000000 1.000000 1.000000 1.000000
v -0.024270 0.445340 0.012615 1.000000 1.000000 1.000000 1.000000
v 0.024270 0.445340 0.012615 1.000000 1.000000 1.000000 1.000000
v 0.024270 0.445340 0.012615 1.000000 1.000000 1.000000 1.000000
v 0.024270 0.445340 0.012615 1.000000 1.000000 1.000000 1.000000
v 0.024270 0.497036 0.012615 1.000000 1.000000 1.000000 1.000000
v 0.024270 0.497036 0.012615 1.000000 1.000000 1.000000 1.000000
v 0.024270 0.497036 0.012615 1.000000 1.000000 1.000000 1.000000
v -0.024270 0.497036 0.012615 1.000000 1.000000 1.000000 1.000000
v -0.024270 0.497036 0.012615 1.000000 1.000000 1.000000 1.000000
v -0.024270 0.497036 0.012615 1.000000 1.000000 1.000000 1.000000
v -0.024270 0.801810 0.012615 1.000000 1.000000 1.000000 1.000000
v -0.024270 0.801810 0.012615 1.000000 1.000000 1.000000 1.000000
v -0.024270 0.801810 0.012615 1.000000 1.000000 1.000000 1.000000
v 0.024270 0.801810 0.012615 1.000000 1.000000 1.000000 1.000000
v 0.024270 0.801810 0.012615 1.000000 1.000000 1.000000 1.000000
v 0.024270 0.801810 0.012615 1.000000 1.000000 1.000000 1.000000
v 0.024270 0.853506 0.012615 1.000000 1.000000 1.000000 1.000000
v 0.024270 0.853506 0.012615 1.000000 1.000000 1.000000 1.000000
v 0.024270 0.853506 0.012615 1.000000 1.000000 1.000000 1.000000
v -0.024270 0.853506 0.012615 1.000000 1.000000 1.000000 1.000000
v -0.024270 0.853506 0.012615 1.000000 1.000000 1.000000 1.000000
v -0.024270 0.853506 0.012615 1.000000 1.000000 1.000000 1.000000
v -0.024270 1.158279 0.012615 1.000000 1.000000 1.000000 1.000000
v -0.024270 1.158279 0.012615 1.000000 1.000000 1.000000 1.000000
v -0.024270 1.158279 0.012615 1.000000 1.000000 1.000000 1.000000
v 0.024270 1.158279 0.012615 1.000000 1.000000 1.000000 1.000000
v 0.024270 1.158279 0.012615 1.000000 1.000000 1.000000 1.000000
v 0.024270 1.158279 0.012615 1.000000 1.000000 1.000000 1.000000
v 0.024270 1.209975 0.012615 1.000000 1.000000 1.000000 1.000000
v 0.024270 1.209975 0.012615 1.000000 1.000000 1.000000 1.000000
v 0.024270 1.209975 0.012615 1.000000 1.000000 1.000000 1.000000
v -0.024270 1.209975 0.012615 1.000000 1.000000 1.000000 1.000000
v -0.024270 1.209975 0.012615 1.000000 1.000000 1.000000 1.000000
v -0.024270 1.209975 0.012615 1.000000 1.000000 1.000000 1.000000
v 0.024270 1.514748 0.012615 1.000000 1.000000 1.000000 1.000000
v 0.024270 1.514748 0.012615 1.000000 1.000000 1.000000 1.000000
v 0.024270 1.514748 0.012615 1.000000 1.000000 1.000000 1.000000
v 0.024270 1.566444 0.012615 1.000000 1.000000 1.000000 1.000000
v 0.024270 1.566444 0.012615 1.000000 1.000000 1.000000 1.000000
v 0.024270 1.566444 0.012615 1.000000 1.000000 1.000000 1.000000
v -0.024270 1.566444 0.012615 1.000000 1.000000 1.000000 1.000000
v -0.024270 1.566444 0.012615 1.000000 1.000000 1.000000 1.000000
v -0.024270 1.566444 0.012615 1.000000 1.000000 1.000000 1.000000
v -0.024270 1.514748 0.012615 1.000000 1.000000 1.000000 1.000000
v -0.024270 1.514748 0.012615 1.000000 1.000000 1.000000 1.000000
v -0.024270 1.514748 0.012615 1.000000 1.000000 1.000000 1.000000
v 0.310436 0.088871 0.012615 1.000000 1.000000 1.000000 1.000000
v 0.310436 0.088871 0.012615 1.000000 1.000000 1.000000 1.000000
v 0.310436 0.088871 0.012615 1.000000 1.000000 1.000000 1.000000
v 0.358976 0.088871 0.012615 1.000000 1.000000 1.000000 1.000000
v 0.358976 0.088871 0.012615 1.000000 1.000000 1.000000 1.000000
v 0.358976 0.088871 0.012615 1.000000 1.000000 1.000000 1.000000
v 0.358976 0.140567 0.012615 1.000000 1.000000 1.000000 1.000000
v 0.358976 0.140567 0.012615 1.000000 1.000000 1.000000 1.000000
v 0.358976 0.140567 0.012615 1.000000 1.000000 1.000000 1.000000
v 0.310436 0.140567 0.012615 1.000000 1.000000 1.000000 1.000000
v 0.310436 0.140567 0.012615 1.000000 1.000000 1.000000 1.000000
v 0.310436 0.140567 0.012615 1.000000 1.000000 1.000000 1.000000
v 0.310436 0.445340 0.012615 1.000000 1.000000 1.000000 1.000000
v 0.310436 0.445340 0.012615 1.000000 1.000000 1.000000 1.000000
v 0.310436 0.445340 0.012615 1.000000 1.000000 1.000000 1.000000
v 0.358976 0.445340 0.012615 1.000000 1.000000 1.000000 1.000000
v 0.358976 0.445340 0.012615 1.000000 1.000000 1.000000 1.000000
v 0.358976 0.445340 0.012615 1.000000 1.000000 1.000000 1.000000
v 0.358976 0.497036 0.012615 1.000000 1.000000 1.000000 1.000000
v 0.358976 0.497036 0.012615 1.000000 1.000000 1.000000 1.000000
v 0.358976 0.497036 0.012615 1.000000 1.000000 1.000000 1.000000
v 0.310436 0.497036 0.012615 1.000000 1.000000 1.000000 1.000000
v 0.310436 0.497036 0.012615 1.000000 1.000000 1.000000 1.000000
v 0.310436 0.497036 0.012615 1.000000 1.000000 1.000000 1.000000
v 0.310436 0.801810 0.012615 1.000000 1.000000 1.000000 1.000000
v 0.310436 0.801810 0.012615 1.000000 1.000000 1.000000 1.000000
v 0.310436 0.801810 0.012615 1.000000 1.000000 1.000000 1.000000
v 0.358976 0.801810 0.012615 1.000000 1.000000 1.000000 1.000000
v 0.358976 0.801810 0.012615 1.000000 1.000000 1.000000 1.000000
v 0.358976 0.801810 0.012615 1.000000 1.000000 1.000000 1.000000
v 0.358976 0.853506 0.012615 1.000000 1.000000 1.000000 1.000000
v 0.358976 0.853506 0.012615 1.000000 1.000000 1.000000 1.000000
v 0.358976 0.853506 0.012615 1.000000 1.000000 1.000000 1.000000
v 0.310436 0.853506 0.012615 1.000000 1.000000 1.000000 1.000000
v 0.310436 0.853506 0.012615 1.000000 1.000000 1.000000 1.000000
v 0.310436 0.853506 0.012615 1.000000 1.000000 1.000000 1.000000
v 0.310436 1.158279 0.012615 1.000000 1.000000 1.000000 1.000000
v 0.310436 1.158279 0.012615 1.000000 1.000000 1.000000 1.000000
v 0.310436 1.158279 0.012615 1.000000 1.000000 1.000000 1.000000
v 0.358976 1.158279 0.012615 1.000000 1.000000 1.000000 1.000000
v 0.358976 1.158279 0.012615 1.000000 1.000000 1.000000 1.000000
v 0.358976 1.158279 0.012615 1.000000 1.000000 1.000000 1.000000
v 0.358976 1.209975 0.012615 1.000000 1.000000 1.000000 1.000000
v 0.358976 1.209975 0.012615 1.000000 1.000000 1.000000 1.000000
v 0.358976 1.209975 0.012615 1.000000 1.000000 1.000000 1.000000
v 0.310436 1.209975 0.012615 1.000000 1.000000 1.000000 1.000000
v 0.310436 1.209975 0.012615 1.000000 1.000000 1.000000 1.000000
v 0.310436 1.209975 0.012615 1.000000 1.000000 1.000000 1.000000
v 0.358976 1.514748 0.012615 1.000000 1.000000 1.000000 1.000000
v 0.358976 1.514748 0.012615 1.000000 1.000000 1.000000 1.000000
v 0.358976 1.514748 0.012615 1.000000 1.000000 1.000000 1.000000
v 0.358976 1.566444 0.012615 1.000000 1.000000 1.000000 1.000000
v 0.358976 1.566444 0.012615 1.000000 1.000000 1.000000 1.000000
v 0.358976 1.566444 0.012615 1.000000 1.000000 1.000000 1.000000
v 0.310436 1.566444 0.012615 1.000000 1.000000 1.000000 1.000000
v 0.310436 1.566444 0.012615 1.000000 1.000000 1.000000 1.000000
v 0.310436 1.566444 0.012615 1.000000 1.000000 1.000000 1.000000
v 0.310436 1.514748 0.012615 1.000000 1.000000 1.000000 1.000000
v 0.310436 1.514748 0.012615 1.000000 1.000000 1.000000 1.000000
v 0.310436 1.514748 0.012615 1.000000 1.000000 1.000000 1.000000
v -0.334706 0.000000 -0.011005 1.000000 1.000000 1.000000 1.000000
v -0.334706 0.000000 -0.011005 1.000000 1.000000 1.000000 1.000000
v -0.334706 0.000000 -0.011005 1.000000 1.000000 1.000000 1.000000
v -0.334706 0.000000 -0.011005 1.000000 1.000000 1.000000 1.000000
v 0.000000 0.000000 -0.011005 1.000000 1.000000 1.000000 1.000000
v 0.000000 0.000000 -0.011005 1.000000 1.000000 1.000000 1.000000
v 0.000000 0.000000 -0.011005 1.000000 1.000000 1.000000 1.000000
v 0.000000 0.000000 -0.011005 1.000000 1.000000 1.000000 1.000000
v 0.334706 0.000000 -0.011005 1.000000 1.000000 1.000000 1.000000
v 0.334706 0.000000 -0.011005 1.000000 1.000000 1.000000 1.000000
v 0.334706 0.000000 -0.011005 1.000000 1.000000 1.000000 1.000000
v 0.334706 0.000000 -0.011005 1.000000 1.000000 1.000000 1.000000
v -0.638389 0.081678 0.012615 1.000000 1.000000 1.000000 1.000000
v -0.638389 0.081678 0.012615 1.000000 1.000000 1.000000 1.000000
v -0.638389 0.147760 0.012615 1.000000 1.000000 1.000000 1.000000
v -0.638389 0.147760 0.012615 1.000000 1.000000 1.000000 1.000000
v -0.638389 0.438148 0.012615 1.000000 1.000000 1.000000 1.000000
v -0.638389 0.438148 0.012615 1.000000 1.000000 1.000000 1.000000
v -0.638389 0.504229 0.012615 1.000000 1.000000 1.000000 1.000000
v -0.638389 0.504229 0.012615 1.000000 1.000000 1.000000 1.000000
v -0.638389 0.794617 0.012615 1.000000 1.000000 1.000000 1.000000
v -0.638389 0.794617 0.012615 1.000000 1.000000 1.000000 1.000000
v -0.638389 0.860698 0.012615 1.000000 1.000000 1.000000 1.000000
v -0.638389 0.860698 0.012615 1.000000 1.000000 1.000000 1.000000
v -0.638389 1.151086 0.012615 1.000000 1.000000 1.000000 1.000000
v -0.638389 1.151086 0.012615 1.000000 1.000000 1.000000 1.000000
v -0.638389 1.217168 0.012615 1.000000 1.000000 1.000000 1.000000
v -0.638389 1.217168 0.012615 1.000000 1.000000 1.000000 1.000000
v -0.638389 1.507556 0.012615 1.000000 1.000000 1.000000 1.000000
v -0.638389 1.507556 0.012615 1.000000 1.000000 1.000000 1.000000
v -0.638389 1.574135 0.012615 1.000000 1.000000 1.000000 1.000000
v -0.638389 1.574135 0.012615 1.000000 1.000000 1.000000 1.000000
v -0.365730 0.081678 0.012615 1.000000 1.000000 1.000000 1.000000
v -0.365730 0.081678 0.012615 1.000000 1.000000 1.000000 1.000000
v -0.365730 0.081678 0.012615 1.000000 1.000000 1.000000 1.000000
v -0.365730 0.081678 0.012615 1.000000 1.000000 1.000000 1.000000
v -0.303683 0.081678 0.012615 1.000000 1.000000 1.000000 1.000000
v -0.303683 0.081678 0.012615 1.000000 1.000000 1.000000 1.000000
v -0.303683 0.081678 0.012615 1.000000 1.000000 1.000000 1.000000
v -0.303683 0.081678 0.012615 1.000000 1.000000 1.000000 1.000000
v -0.303683 0.147760 0.012615 1.000000 1.000000 1.000000 1.000000
v -0.303683 0.147760 0.012615 1.000000 1.000000 1.000000 1.000000
v -0.303683 0.147760 0.012615 1.000000 1.000000 1.000000 1.000000
v -0.365730 0.147760 0.012615 1.000000 1.000000 1.000000 1.000000
v -0.365730 0.147760 0.012615 1.000000 1.000000 1.000000 1.000000
v -0.365730 0.147760 0.012615 1.000000 1.000000 1.000000 1.000000
v -0.365730 0.438148 0.012615 1.000000 1.000000 1.000000 1.000000
v -0.365730 0.438148 0.012615 1.000000 1.000000 1.000000 1.000000
v -0.365730 0.438148 0.012615 1.000000 1.000000 1.000000 1.000000
v -0.303683 0.438148 0.012615 1.000000 1.000000 1.000000 1.000000
v -0.303683 0.438148 0.012615 1.000000 1.000000 1.000000 1.000000
v -0.303683 0.438148 0.012615 1.000000 1.000000 1.000000 1.000000
v -0.303683 0.504229 0.012615 1.000000 1.000000 1.000000 1.000000
v -0.303683 0.504229 0.012615 1.000000 1.000000 1.000000 1.000000
v -0.303683 0.504229 0.012615 1.000000 1.000000 1.000000 1.000000
v -0.365730 0.504229 0.012615 1.000000 1.000000 1.000000 1.000000
v -0.365730 0.504229 0.012615 1.000000 1.000000 1.000000 1.000000
v -0.365730 0.504229 0.012615 1.000000 1.000000 1.000000 1.000000
v -0.365730 0.794617 0.012615 1.000000 1.000000 1.000000 1.000000
v -0.365730 0.794617 0.012615 1.000000 1.000000 1.000000 1.000000
v -0.365730 0.794617 0.012615 1.000000 1.000000 1.000000 1.000000
v -0.303683 0.794617 0.012615 1.000000 1.000000 1.000000 1.000000
v -0.303683 0.794617 0.012615 1.000000 1.000000 1.000000 1.000000
v -0.303683 0.794617 0.012615 1.000000 1.000000 1.000000 1.000000
v -0.303683 0.860698 0.012615 1.000000 1.000000 1.000000 1.000000
v -0.303683 0.860698 0.012615 1.000000 1.000000 1.000000 1.000000
v -0.303683 0.860698 0.012615 1.000000 1.000000 1.000000 1.000000
v -0.365730 0.860698 0.012615 1.000000 1.000000 1.000000 1.000000
v -0.365730 0.860698 0.012615 1.000000 1.000000 1.000000 1.000000
v -0.365730 0.860698 0.012615 1.000000 1.000000 1.000000 1.000000
v -0.365730 1.151086 0.012615 1.000000 1.000000 1.000000 1.000000
v -0.365730 1.151086 0.012615 1.000000 1.000000 1.000000 1.000000
v -0.365730 1.151086 0.012615 1.000000 1.000000 1.000000 1.000000
v -0.303683 1.151086 0.012615 1.000000 1.000000 1.000000 1.000000
v -0.303683 1.151086 0.012615 1.000000 1.000000 1.000000 1.000000
v -0.303683 1.151086 0.012615 1.000000 1.000000 1.000000 1.000000
v -0.303683 1.217168 0.012615 1.000000 1.000000 1.000000 1.000000
v -0.303683 1.217168 0.012615 1.000000 1.000000 1.000000 1.000000
v -0.303683 1.217168 0.012615 1.000000 1.000000 1.000000 1.000000
v -0.365730 1.217168 0.012615 1.000000 1.000000 1.000000 1.000000
v -0.365730 1.217168 0.012615 1.000000 1.000000 1.000000 1.000000
v -0.365730 1.217168 0.012615 1.000000 1.000000 1.000000 1.000000
v -0.303683 1.507556 0.012615 1.000000 1.000000 1.000000 1.000000
v -0.303683 1.507556 0.012615 1.000000 1.000000 1.000000 1.000000
v -0.303683 1.507556 0.012615 1.000000 1.000000 1.000000 1.000000
v -0.303683 1.574135 0.012615 1.000000 1.000000 1.000000 1.000000
v -0.303683 1.574135 0.012615 1.000000 1.000000 1.000000 1.000000
v -0.303683 1.574135 0.012615 1.000000 1.000000 1.000000 1.000000
v -0.365730 1.574135 0.012615 1.000000 1.000000 1.000000 1.000000
v -0.365730 1.574135 0.012615 1.000000 1.000000 1.000000 1.000000
v -0.365730 1.574135 0.012615 1.000000 1.000000 1.000000 1.000000
v -0.365730 1.507556 0.012615 1.000000 1.000000 1.000000 1.000000
v -0.365730 1.507556 0.012615 1.000000 1.000000 1.000000 1.000000
v -0.365730 1.507556 0.012615 1.000000 1.000000 1.000000 1.000000
v -0.031024 0.081678 0.012615 1.000000 1.000000 1.000000 1.000000
v -0.031024 0.081678 0.012615 1.000000 1.000000 1.000000 1.000000
v -0.031024 0.081678 0.012615 1.000000 1.000000 1.000000 1.000000
v -0.031024 0.081678 0.012615 1.000000 1.000000 1.000000 1.000000
v 0.031024 0.081678 0.012615 1.000000 1.000000 1.000000 1.000000
v 0.031024 0.081678 0.012615 1.000000 1.000000 1.000000 1.000000
v 0.031024 0.081678 0.012615 1.000000 1.000000 1.000000 1.000000
v 0.031024 0.081678 0.012615 1.000000 1.000000 1.000000 1.000000
v 0.031024 0.147760 0.012615 1.000000 1.000000 1.000000 1.000000
v 0.031024 0.147760 0.012615 1.000000 1.000000 1.000000 1.000000
v 0.031024 0.147760 0.012615 1.000000 1.000000 1.000000 1.000000
v -0.031024 0.147760 0.012615 1.000000 1.000000 1.000000 1.000000
v -0.031024 0.147760 0.012615 1.000000 1.000000 1.000000 1.000000
v -0.031024 0.147760 0.012615 1.000000 1.000000 1.000000 1.000000
v -0.031024 0.438148 0.012615 1.000000 1.000000 1.000000 1.000000
v -0.031024 0.438148 0.012615 1.000000 1.000000 1.000000 1.000000
v -0.031024 0.438148 0.012615 1.000000 1.000000 1.000000 1.000000
v 0.031023 0.438148 0.012615 1.000000 1.000000 1.000000 1.000000
v 0.031023 0.438148 0.012615 1.000000 1.000000 1.000000 1.000000
v 0.031023 0.438148 0.012615 1.000000 1.000000 1.000000 1.000000
v 0.031023 0.504229 0.012615 1.000000 1.000000 1.000000 1.000000
v 0.031023 0.504229 0.012615 1.000000 1.000000 1.000000 1.000000
v 0.031023 0.504229 0.012615 1.000000 1.000000 1.000000 1.000000
v -0.031024 0.504229 0.012615 1.000000 1.000000 1.000000 1.000000
v -0.031024 0.504229 0.012615 1.000000 1.000000 1.000000 1.000000
v -0.031024 0.504229 0.012615 1.000000 1.000000 1.000000 1.000000
v -0.031024 0.794617 0.012615 1.000000 1.000000 1.000000 1.000000
v -0.031024 0.794617 0.012615 1.000000 1.000000 1.000000 1.000000
v -0.031024 0.794617 0.012615 1.000000 1.000000 1.000000 1.000000
v 0.031023 0.794617 0.012615 1.000000 1.000000 1.000000 1.000000
v 0.031023 0.794617 0.012615 1.000000 1.000000 1.000000 1.000000
v 0.031023 0.794617 0.012615 1.000000 1.000000 1.000000 1.000000
v 0.031023 0.860698 0.012615 1.000000 1.000000 1.000000 1.000000
v 0.031023 0.860698 0.012615 1.000000 1.000000 1.000000 1.000000
v 0.031023 0.860698 0.012615 1.000000 1.000000 1.000000 1.000000
v -0.031024 0.860698 0.012615 1.000000 1.000000 1.000000 1.000000
v -0.031024 0.860698 0.012615 1.000000 1.000000 1.000000 1.000000
v -0.031024 0.860698 0.012615 1.000000 1.000000 1.000000 1.000000
v -0.031024 1.151086 0.012615 1.000000 1.000000 1.000000 1.000000
v -0.031024 1.151086 0.012615 1.000000 1.000000 1.000000 1.000000
v -0.031024 1.151086 0.012615 1.000000 1.000000 1.000000 1.000000
v 0.031023 1.151086 0.012615 1.000000 1.000000 1.000000 1.000000
v 0.031023 1.151086 0.012615 1.000000 1.000000 1.000000 1.000000
v 0.031023 1.151086 0.012615 1.000000 1.000000 1.000000 1.000000
v 0.031023 1.217168 0.012615 1.000000 1.000000 1.000000 1.000000
v 0.031023 1.217168 0.012615 1.000000 1.000000 1.000000 1.000000
v 0.031023 1.217168 0.012615 1.000000 1.000000 1.000000 1.000000
v -0.031024 1.217168 0.012615 1.000000 1.000000 1.000000 1.000000
v -0.031024 1.217168 0.012615 1.000000 1.000000 1.000000 1.000000
v -0.031024 1.217168 0.012615 1.000000 1.000000 1.000000 1.000000
v 0.031023 1.507556 0.012615 1.000000 1.000000 1.000000 1.000000
v 0.031023 1.507556 0.012615 1.000000 1.000000 1.000000 1.000000
v 0.031023 1.507556 0.012615 1.000000 1.000000 1.000000 1.000000
v 0.031023 1.574135 0.012615 1.000000 1.000000 1.000000 1.000000
v 0.031023 1.574135 0.012615 1.000000 1.000000 1.000000 1.000000
v 0.031023 1.574135 0.012615 1.000000 1.000000 1.000000 1.000000
v -0.031024 1.574135 0.012615 1.000000 1.000000 1.000000 1.000000
v -0.031024 1.574135 0.012615 1.000000 1.000000 1.000000 1.000000
v -0.031024 1.574135 0.012615 1.000000 1.000000 1.000000 1.000000
v -0.031024 1.507556 0.012615 1.000000 1.000000 1.000000 1.000000
v -0.031024 1.507556 0.012615 1.000000 1.000000 1.000000 1.000000
v -0.031024 1.507556 0.012615 1.000000 1.000000 1.000000 1.000000
v 0.303683 0.081678 0.012615 1.000000 1.000000 1.000000 1.000000
v 0.303683 0.081678 0.012615 1.000000 1.000000 1.000000 1.000000
v 0.303683 0.081678 0.012615 1.000000 1.000000 1.000000 1.000000
v 0.303683 0.081678 0.012615 1.000000 1.000000 1.000000 1.000000
v 0.365730 0.081678 0.012615 1.000000 1.000000 1.000000 1.000000
v 0.365730 0.081678 0.012615 1.000000 1.000000 1.000000 1.000000
v 0.365730 0.081678 0.012615 1.000000 1.000000 1.000000 1.000000
v 0.365730 0.081678 0.012615 1.000000 1.000000 1.000000 1.000000
v 0.365730 0.147760 0.012615 1.000000 1.000000 1.000000 1.000000
v 0.365730 0.147760 0.012615 1.000000 1.000000 1.000000 1.000000
v 0.365730 0.147760 0.012615 1.000000 1.000000 1.000000 1.000000
v 0.303683 0.147760 0.012615 1.000000 1.000000 1.000000 1.000000
v 0.303683 0.147760 0.012615 1.000000 1.000000 1.000000 1.000000
v 0.303683 0.147760 0.012615 1.000000 1.000000 1.000000 1.000000
v 0.303683 0.438148 0.012615 1.000000 1.000000 1.000000 1.000000
v 0.303683 0.438148 0.012615 1.000000 1.000000 1.000000 1.000000
v 0.303683 0.438148 0.012615 1.000000 1.000000 1.000000 1.000000
v 0.365730 0.438148 0.012615 1.000000 1.000000 1.000000 1.000000
v 0.365730 0.438148 0.012615 1.000000 1.000000 1.000000 1.000000
v 0.365730 0.438148 0.012615 1.000000 1.000000 1.000000 1.000000
v 0.365730 0.504229 0.012615 1.000000 1.000000 1.000000 1.000000
v 0.365730 0.504229 0.012615 1.000000 1.000000 1.000000 1.000000
v 0.365730 0.504229 0.012615 1.000000 1.000000 1.000000 1.000000
v 0.303683 0.504229 0.012615 1.000000 1.000000 1.000000 1.000000
v 0.303683 0.504229 0.012615 1.000000 1.000000 1.000000 1.000000
v 0.303683 0.504229 0.012615 1.000000 1.000000 1.000000 1.000000
v 0.303683 0.794617 0.012615 1.000000 1.000000 1.000000 1.000000
v 0.303683 0.794617 0.012615 1.000000 1.000000 1.000000 1.000000
v 0.303683 0.794617 0.012615 1.000000 1.000000 1.000000 1.000000
v 0.365730 0.794617 0.012615 1.000000 1.000000 1.000000 1.000000
v 0.365730 0.794617 0.012615 1.000000 1.000000 1.000000 1.000000
v 0.365730 0.794617 0.012615 1.000000 1.000000 1.000000 1.000000
v 0.365730 0.860698 0.012615 1.000000 1.000000 1.000000 1.000000
v 0.365730 0.860698 0.012615 1.000000 1.000000 1.000000 1.000000
v 0.365730 0.860698 0.012615 1.000000 1.000000 1.000000 1.000000
v 0.303683 0.860698 0.012615 1.000000 1.000000 1.000000 1.000000
v 0.303683 0.860698 0.012615 1.000000 1.000000 1.000000 1.000000
v 0.303683 0.860698 0.012615 1.000000 1.000000 1.000000 1.000000
v 0.303683 1.151086 0.012615 1.000000 1.000000 1.000000 1.000000
v 0.303683 1.151086 0.012615 1.000000 1.000000 1.000000 1.000000
v 0.303683 1.151086 0.012615 1.000000 1.000000 1.000000 1.000000
v 0.365730 1.151086 0.012615 1.000000 1.000000 1.000000 1.000000
v 0.365730 1.151086 0.012615 1.000000 1.000000 1.000000 1.000000
v 0.365730 1.151086 0.012615 1.000000 1.000000 1.000000 1.000000
v 0.365730 1.217168 0.012615 1.000000 1.000000 1.000000 1.000000
v 0.365730 1.217168 0.012615 1.000000 1.000000 1.000000 1.000000
v 0.365730 1.217168 0.012615 1.000000 1.000000 1.000000 1.000000
v 0.303683 1.217168 0.012615 1.000000 1.000000 1.000000 1.000000
v 0.303683 1.217168 0.012615 1.000000 1.000000 1.000000 1.000000
v 0.303683 1.217168 0.012615 1.000000 1.000000 1.000000 1.000000
v 0.365730 1.507556 0.012615 1.000000 1.000000 1.000000 1.000000
v 0.365730 1.507556 0.012615 1.000000 1.000000 1.000000 1.000000
v 0.365730 1.507556 0.012615 1.000000 1.000000 1.000000 1.000000
v 0.365730 1.574135 0.012615 1.000000 1.000000 1.000000 1.000000
v 0.365730 1.574135 0.012615 1.000000 1.000000 1.000000 1.000000
v 0.365730 1.574135 0.012615 1.000000 1.000000 1.000000 1.000000
v 0.303683 1.574135 0.012615 1.000000 1.000000 1.000000 1.000000
v 0.303683 1.574135 0.012615 1.000000 1.000000 1.000000 1.000000
v 0.303683 1.574135 0.012615 1.000000 1.000000 1.000000 1.000000
v 0.303683 1.507556 0.012615 1.000000 1.000000 1.000000 1.000000
v 0.303683 1.507556 0.012615 1.000000 1.000000 1.000000 1.000000
v 0.303683 1.507556 0.012615 1.000000 1.000000 1.000000 1.000000
v 0.638389 0.081678 0.012615 1.000000 1.000000 1.000000 1.000000
v 0.638389 0.081678 0.012615 1.000000 1.000000 1.000000 1.000000
v 0.638389 0.147760 0.012615 1.000000 1.000000 1.000000 1.000000
v 0.638389 0.147760 0.012615 1.000000 1.000000 1.000000 1.000000
v 0.638389 0.438148 0.012615 1.000000 1.000000 1.000000 1.000000
v 0.638389 0.438148 0.012615 1.000000 1.000000 1.000000 1.000000
v 0.638389 0.504229 0.012615 1.000000 1.000000 1.000000 1.000000
v 0.638389 0.504229 0.012615 1.000000 1.000000 1.000000 1.000000
v 0.638389 0.794617 0.012615 1.000000 1.000000 1.000000 1.000000
v 0.638389 0.794617 0.012615 1.000000 1.000000 1.000000 1.000000
v 0.638389 0.860698 0.012615 1.000000 1.000000 1.000000 1.000000
v 0.638389 0.860698 0.012615 1.000000 1.000000 1.000000 1.000000
v 0.638389 1.151086 0.012615 1.000000 1.000000 1.000000 1.000000
v 0.638389 1.151086 0.012615 1.000000 1.000000 1.000000 1.000000
v 0.638389 1.217168 0.012615 1.000000 1.000000 1.000000 1.000000
v 0.638389 1.217168 0.012615 1.000000 1.000000 1.000000 1.000000
v 0.638389 1.574135 0.012615 1.000000 1.000000 1.000000 1.000000
v 0.638389 1.574135 0.012615 1.000000 1.000000 1.000000 1.000000
v 0.638389 1.507556 0.012615 1.000000 1.000000 1.000000 1.000000
v 0.638389 1.507556 0.012615 1.000000 1.000000 1.000000 1.000000
v -0.334706 0.114719 0.034624 1.000000 1.000000 1.000000 1.000000
v -0.334706 0.114719 0.034624 1.000000 1.000000 1.000000 1.000000
v -0.334706 0.114719 0.034624 1.000000 1.000000 1.000000 1.000000
v -0.334706 0.114719 0.034624 1.000000 1.000000 1.000000 1.000000
v -0.334706 0.471188 0.034624 1.000000 1.000000 1.000000 1.000000
v -0.334706 0.471188 0.034624 1.000000 1.000000 1.000000 1.000000
v -0.334706 0.471188 0.034624 1.000000 1.000000 1.000000 1.000000
v -0.334706 0.471188 0.034624 1.000000 1.000000 1.000000 1.000000
v -0.334706 0.827658 0.034624 1.000000 1.000000 1.000000 1.000000
v -0.334706 0.827658 0.034624 1.000000 1.000000 1.000000 1.000000
v -0.334706 0.827658 0.034624 1.000000 1.000000 1.000000 1.000000
v -0.334706 0.827658 0.034624 1.000000 1.000000 1.000000 1.000000
v -0.334706 1.184127 0.034624 1.000000 1.000000 1.000000 1.000000
v -0.334706 1.184127 0.034624 1.000000 1.000000 1.000000 1.000000
v -0.334706 1.184127 0.034624 1.000000 1.000000 1.000000 1.000000
v -0.334706 1.184127 0.034624 1.000000 1.000000 1.000000 1.000000
v -0.334706 1.540596 0.034624 1.000000 1.000000 1.000000 1.000000
v -0.334706 1.540596 0.034624 1.000000 1.000000 1.000000 1.000000
v -0.334706 1.540596 0.034624 1.000000 1.000000 1.000000 1.000000
v -0.334706 1.540596 0.034624 1.000000 1.000000 1.000000 1.000000
v -0.000000 0.114719 0.034624 1.000000 1.000000 1.000000 1.000000
v -0.000000 0.114719 0.034624 1.000000 1.000000 1.000000 1.000000
v -0.000000 0.114719 0.034624 1.000000 1.000000 1.000000 1.000000
v -0.000000 0.114719 0.034624 1.000000 1.000000 1.000000 1.000000
v -0.000000 0.471188 0.034624 1.000000 1.000000 1.000000 1.000000
v -0.000000 0.471188 0.034624 1.000000 1.000000 1.000000 1.000000
v -0.000000 0.471188 0.034624 1.000000 1.000000 1.000000 1.000000
v -0.000000 0.471188 0.034624 1.000000 1.000000 1.000000 1.000000
v -0.000000 0.827658 0.034624 1.000000 1.000000 1.000000 1.000000
v -0.000000 0.827658 0.034624 1.000000 1.000000 1.000000 1.000000
v -0.000000 0.827658 0.034624 1.000000 1.000000 1.000000 1.000000
v -0.000000 0.827658 0.034624 1.000000 1.000000 1.000000 1.000000
v -0.000000 1.184127 0.034624 1.000000 1.000000 1.000000 1.000000
v -0.000000 1.184127 0.034624 1.000000 1.000000 1.000000 1.000000
v -0.000000 1.184127 0.034624 1.000000 1.000000 1.000000 1.000000
v -0.000000 1.184127 0.034624 1.000000 1.000000 1.000000 1.000000
v -0.000000 1.540596 0.034624 1.000000 1.000000 1.000000 1.000000
v -0.000000 1.540596 0.034624 1.000000 1.000000 1.000000 1.000000
v -0.000000 1.540596 0.034624 1.000000 1.000000 1.000000 1.000000
v -0.000000 1.540596 0.034624 1.000000 1.000000 1.000000 1.000000
v 0.334706 0.114719 0.034624 1.000000 1.000000 1.000000 1.000000
v 0.334706 0.114719 0.034624 1.000000 1.000000 1.000000 1.000000
v 0.334706 0.114719 0.034624 1.000000 1.000000 1.000000 1.000000
v 0.334706 0.114719 0.034624 1.000000 1.000000 1.000000 1.000000
v 0.334706 0.471188 0.034624 1.000000 1.000000 1.000000 1.000000
v 0.334706 0.471188 0.034624 1.000000 1.000000 1.000000 1.000000
v 0.334706 0.471188 0.034624 1.000000 1.000000 1.000000 1.000000
v 0.334706 0.471188 0.034624 1.000000 1.000000 1.000000 1.000000
v 0.334706 0.827658 0.034624 1.000000 1.000000 1.000000 1.000000
v 0.334706 0.827658 0.034624 1.000000 1.000000 1.000000 1.000000
v 0.334706 0.827658 0.034624 1.000000 1.000000 1.000000 1.000000
v 0.334706 0.827658 0.034624 1.000000 1.000000 1.000000 1.000000
v 0.334706 1.184127 0.034624 1.000000 1.000000 1.000000 1.000000
v 0.334706 1.184127 0.034624 1.000000 1.000000 1.000000 1.000000
v 0.334706 1.184127 0.034624 1.000000 1.000000 1.000000 1.000000
v 0.334706 1.184127 0.034624 1.000000 1.000000 1.000000 1.000000
v 0.334706 1.540596 0.034624 1.000000 1.000000 1.000000 1.000000
v 0.334706 1.540596 0.034624 1.000000 1.000000 1.000000 1.000000
v 0.334706 1.540596 0.034624 1.000000 1.000000 1.000000 1.000000
v 0.334706 1.540596 0.034624 1.000000 1.000000 1.000000 1.000000
v -0.638389 1.930743 -0.034624 1.000000 1.000000 1.000000 1.000000
v -0.638389 1.930743 -0.034624 1.000000 1.000000 1.000000 1.000000
v -0.638389 1.864661 -0.034624 1.000000 1.000000 1.000000 1.000000
v -0.638389 1.864661 -0.034624 1.000000 1.000000 1.000000 1.000000
v -0.303683 2.133451 -0.034624 1.000000 1.000000 1.000000 1.000000
v -0.303683 2.133451 -0.034624 1.000000 1.000000 1.000000 1.000000
v -0.365730 2.133451 -0.034624 1.000000 1.000000 1.000000 1.000000
v -0.365730 2.133451 -0.034624 1.000000 1.000000 1.000000 1.000000
v -0.303683 1.930743 -0.034624 1.000000 1.000000 1.000000 1.000000
v -0.303683 1.930743 -0.034624 1.000000 1.000000 1.000000 1.000000
v -0.303683 1.930743 -0.034624 1.000000 1.000000 1.000000 1.000000
v -0.303683 1.864661 -0.034624 1.000000 1.000000 1.000000 1.000000
v -0.303683 1.864661 -0.034624 1.000000 1.000000 1.000000 1.000000
v -0.303683 1.864661 -0.034624 1.000000 1.000000 1.000000 1.000000
v -0.365730 1.864661 -0.034624 1.000000 1.000000 1.000000 1.000000
v -0.365730 1.864661 -0.034624 1.000000 1.000000 1.000000 1.000000
v -0.365730 1.864661 -0.034624 1.000000 1.000000 1.000000 1.000000
v -0.365730 1.930743 -0.034624 1.000000 1.000000 1.000000 1.000000
v -0.365730 1.930743 -0.034624 1.000000 1.000000 1.000000 1.000000
v -0.365730 1.930743 -0.034624 1.000000 1.000000 1.000000 1.000000
v 0.031023 2.180498 -0.034624 1.000000 1.000000 1.000000 1.000000
v 0.031023 2.180498 -0.034624 1.000000 1.000000 1.000000 1.000000
v -0.031024 2.180498 -0.034624 1.000000 1.000000 1.000000 1.000000
v -0.031024 2.180498 -0.034624 1.000000 1.000000 1.000000 1.000000
v 0.031023 1.930743 -0.034624 1.000000 1.000000 1.000000 1.000000
v 0.031023 1.930743 -0.034624 1.000000 1.000000 1.000000 1.000000
v 0.031023 1.930743 -0.034624 1.000000 1.000000 1.000000 1.000000
v 0.031023 1.864661 -0.034624 1.000000 1.000000 1.000000 1.000000
v 0.031023 1.864661 -0.034624 1.000000 1.000000 1.000000 1.000000
v 0.031023 1.864661 -0.034624 1.000000 1.000000 1.000000 1.000000
v -0.031024 1.864661 -0.034624 1.000000 1.000000 1.000000 1.000000
v -0.031024 1.864661 -0.034624 1.000000 1.000000 1.000000 1.000000
v -0.031024 1.864661 -0.034624 1.000000 1.000000 1.000000 1.000000
v -0.031024 1.930743 -0.034624 1.000000 1.000000 1.000000 1.000000
v -0.031024 1.930743 -0.034624 1.000000 1.000000 1.000000 1.000000
v -0.031024 1.930743 -0.034624 1.000000 1.000000 1.000000 1.000000
v 0.365730 2.133451 -0.034624 1.000000 1.000000 1.000000 1.000000
v 0.365730 2.133451 -0.034624 1.000000 1.000000 1.000000 1.000000
v 0.303683 2.133451 -0.034624 1.000000 1.000000 1.000000 1.000000
v 0.303683 2.133451 -0.034624 1.000000 1.000000 1.000000 1.000000
v 0.365730 1.930743 -0.034624 1.000000 1.000000 1.000000 1.000000
v 0.365730 1.930743 -0.034624 1.000000 1.000000 1.000000 1.000000
v 0.365730 1.930743 -0.034624 1.000000 1.000000 1.000000 1.000000
v 0.365730 1.864661 -0.034624 1.000000 1.000000 1.000000 1.000000
v 0.365730 1.864661 -0.034624 1.000000 1.000000 1.000000 1.000000
v 0.365730 1.864661 -0.034624 1.000000 1.000000 1.000000 1.000000
v 0.303683 1.864661 -0.034624 1.000000 1.000000 1.000000 1.000000
v 0.303683 1.864661 -0.034624 1.000000 1.000000 1.000000 1.000000
v 0.303683 1.864661 -0.034624 1.000000 1.000000 1.000000 1.000000
v 0.303683 1.930743 -0.034624 1.000000 1.000000 1.000000 1.000000
v 0.303683 1.930743 -0.034624 1.000000 1.000000 1.000000 1.000000
v 0.303683 1.930743 -0.034624 1.000000 1.000000 1.000000 1.000000
v 0.638389 1.864661 -0.034624 1.000000 1.000000 1.000000 1.000000
v 0.638389 1.864661 -0.034624 1.000000 1.000000 1.000000 1.000000
v 0.638389 1.930743 -0.034624 1.000000 1.000000 1.000000 1.000000
v 0.638389 1.930743 -0.034624 1.000000 1.000000 1.000000 1.000000
v -0.358976 1.923550 0.012615 1.000000 1.000000 1.000000 1.000000
v -0.358976 1.923550 0.012615 1.000000 1.000000 1.000000 1.000000
v -0.358976 1.923550 0.012615 1.000000 1.000000 1.000000 1.000000
v -0.310436 1.923550 0.012615 1.000000 1.000000 1.000000 1.000000
v -0.310436 1.923550 0.012615 1.000000 1.000000 1.000000 1.000000
v -0.310436 1.923550 0.012615 1.000000 1.000000 1.000000 1.000000
v -0.310436 1.871854 0.012615 1.000000 1.000000 1.000000 1.000000
v -0.310436 1.871854 0.012615 1.000000 1.000000 1.000000 1.000000
v -0.310436 1.871854 0.012615 1.000000 1.000000 1.000000 1.000000
v -0.358976 1.871854 0.012615 1.000000 1.000000 1.000000 1.000000
v -0.358976 1.871854 0.012615 1.000000 1.000000 1.000000 1.000000
v -0.358976 1.871854 0.012615 1.000000 1.000000 1.000000 1.000000
v -0.024270 1.923550 0.012615 1.000000 1.000000 1.000000 1.000000
v -0.024270 1.923550 0.012615 1.000000 1.000000 1.000000 1.000000
v -0.024270 1.923550 0.012615 1.000000 1.000000 1.000000 1.000000
v 0.024270 1.923550 0.012615 1.000000 1.000000 1.000000 1.000000
v 0.024270 1.923550 0.012615 1.000000 1.000000 1.000000 1.000000
v 0.024270 1.923550 0.012615 1.000000 1.000000 1.000000 1.000000
v 0.024270 1.871854 0.012615 1.000000 1.000000 1.000000 1.000000
v 0.024270 1.871854 0.012615 1.000000 1.000000 1.000000 1.000000
v 0.024270 1.871854 0.012615 1.000000 1.000000 1.000000 1.000000
v -0.024270 1.871854 0.012615 1.000000 1.000000 1.000000 1.000000
v -0.024270 1.871854 0.012615 1.000000 1.000000 1.000000 1.000000
v -0.024270 1.871854 0.012615 1.000000 1.000000 1.000000 1.000000
v 0.310436 1.923550 0.012615 1.000000 1.000000 1.000000 1.000000
v 0.310436 1.923550 0.012615 1.000000 1.000000 1.000000 1.000000
v 0.310436 1.923550 0.012615 1.000000 1.000000 1.000000 1.000000
v 0.358976 1.923550 0.012615 1.000000 1.000000 1.000000 1.000000
v 0.358976 1.923550 0.012615 1.000000 1.000000 1.000000 1.000000
v 0.358976 1.923550 0.012615 1.000000 1.000000 1.000000 1.000000
v 0.358976 1.871854 0.012615 1.000000 1.000000 1.000000 1.000000
v 0.358976 1.871854 0.012615 1.000000 1.000000 1.000000 1.000000
v 0.358976 1.871854 0.012615 1.000000 1.000000 1.000000 1.000000
v 0.310436 1.871854 0.012615 1.000000 1.000000 1.000000 1.000000
v 0.310436 1.871854 0.012615 1.000000 1.000000 1.000000 1.000000
v 0.310436 1.871854 0.012615 1.000000 1.000000 1.000000 1.000000
v -0.638389 1.930743 0.012615 1.000000 1.000000 1.000000 1.000000
v -0.638389 1.930743 0.012615 1.000000 1.000000 1.000000 1.000000
v -0.638389 1.864661 0.012615 1.000000 1.000000 1.000000 1.000000
v -0.638389 1.864661 0.012615 1.000000 1.000000 1.000000 1.000000
v -0.303683 2.133451 0.012615 1.000000 1.000000 1.000000 1.000000
v -0.303683 2.133451 0.012615 1.000000 1.000000 1.000000 1.000000
v -0.365730 2.133451 0.012615 1.000000 1.000000 1.000000 1.000000
v -0.365730 2.133451 0.012615 1.000000 1.000000 1.000000 1.000000
v -0.365730 1.930743 0.012615 1.000000 1.000000 1.000000 1.000000
v -0.365730 1.930743 0.012615 1.000000 1.000000 1.000000 1.000000
v -0.365730 1.930743 0.012615 1.000000 1.000000 1.000000 1.000000
v -0.303683 1.930743 0.012615 1.000000 1.000000 1.000000 1.000000
v -0.303683 1.930743 0.012615 1.000000 1.000000 1.000000 1.000000
v -0.303683 1.930743 0.012615 1.000000 1.000000 1.000000 1.000000
v -0.303683 1.864661 0.012615 1.000000 1.000000 1.000000 1.000000
v -0.303683 1.864661 0.012615 1.000000 1.000000 1.000000 1.000000
v -0.303683 1.864661 0.012615 1.000000 1.000000 1.000000 1.000000
v -0.365730 1.864661 0.012615 1.000000 1.000000 1.000000 1.000000
v -0.365730 1.864661 0.012615 1.000000 1.000000 1.000000 1.000000
v -0.365730 1.864661 0.012615 1.000000 1.000000 1.000000 1.000000
v 0.031023 2.180498 0.012615 1.000000 1.000000 1.000000 1.000000
v 0.031023 2.180498 0.012615 1.000000 1.000000 1.000000 1.000000
v -0.031024 2.180498 0.012615 1.000000 1.000000 1.000000 1.000000
v -0.031024 2.180498 0.012615 1.000000 1.000000 1.000000 1.000000
v -0.031024 1.930743 0.012615 1.000000 1.000000 1.000000 1.000000
v -0.031024 1.930743 0.012615 1.000000 1.000000 1.000000 1.000000
v -0.031024 1.930743 0.012615 1.000000 1.000000 1.000000 1.000000
v 0.031023 1.930743 0.012615 1.000000 1.000000 1.000000 1.000000
v 0.031023 1.930743 0.012615 1.000000 1.000000 1.000000 1.000000
v 0.031023 1.930743 0.012615 1.000000 1.000000 1.000000 1.000000
v 0.031023 1.864661 0.012615 1.000000 1.000000 1.000000 1.000000
v 0.031023 1.864661 0.012615 1.000000 1.000000 1.000000 1.000000
v 0.031023 1.864661 0.012615 1.000000 1.000000 1.000000 1.000000
v -0.031024 1.864661 0.012615 1.000000 1.000000 1.000000 1.000000
v -0.031024 1.864661 0.012615 1.000000 1.000000 1.000000 1.000000
v -0.031024 1.864661 0.012615 1.000000 1.000000 1.000000 1.000000
v 0.365730 2.133451 0.012615 1.000000 1.000000 1.000000 1.000000
v 0.365730 2.133451 0.012615 1.000000 1.000000 1.000000 1.000000
v 0.303683 2.133451 0.012615 1.000000 1.000000 1.000000 1.000000
v 0.303683 2.133451 0.012615 1.000000 1.000000 1.000000 1.000000
v 0.303683 1.930743 0.012615 1.000000 1.000000 1.000000 1.000000
v 0.303683 1.930743 0.012615 1.000000 1.000000 1.000000 1.000000
v 0.303683 1.930743 0.012615 1.000000 1.000000 1.000000 1.000000
v 0.365730 1.930743 0.012615 1.000000 1.000000 1.000000 1.000000
v 0.365730 1.930743 0.012615 1.000000 1.000000 1.000000 1.000000
v 0.365730 1.930743 0.012615 1.000000 1.000000 1.000000 1.000000
v 0.365730 1.864661 0.012615 1.000000 1.000000 1.000000 1.000000
v 0.365730 1.864661 0.012615 1.000000 1.000000 1.000000 1.000000
v 0.365730 1.864661 0.012615 1.000000 1.000000 1.000000 1.000000
v 0.303683 1.864661 0.012615 1.000000 1.000000 1.000000 1.000000
v 0.303683 1.864661 0.012615 1.000000 1.000000 1.000000 1.000000
v 0.303683 1.864661 0.012615 1.000000 1.000000 1.000000 1.000000
v 0.638389 1.930743 0.012615 1.000000 1.000000 1.000000 1.000000
v 0.638389 1.930743 0.012615 1.000000 1.000000 1.000000 1.000000
v 0.638389 1.864661 0.012615 1.000000 1.000000 1.000000 1.000000
v 0.638389 1.864661 0.012615 1.000000 1.000000 1.000000 1.000000
v -0.334706 1.897702 0.034624 1.000000 1.000000 1.000000 1.000000
v -0.334706 1.897702 0.034624 1.000000 1.000000 1.000000 1.000000
v -0.334706 1.897702 0.034624 1.000000 1.000000 1.000000 1.000000
v -0.334706 1.897702 0.034624 1.000000 1.000000 1.000000 1.000000
v -0.000000 1.897702 0.034624 1.000000 1.000000 1.000000 1.000000
v -0.000000 1.897702 0.034624 1.000000 1.000000 1.000000 1.000000
v -0.000000 1.897702 0.034624 1.000000 1.000000 1.000000 1.000000
v -0.000000 1.897702 0.034624 1.000000 1.000000 1.000000 1.000000
v 0.334706 1.897702 0.034624 1.000000 1.000000 1.000000 1.000000
v 0.334706 1.897702 0.034624 1.000000 1.000000 1.000000 1.000000
v 0.334706 1.897702 0.034624 1.000000 1.000000 1.000000 1.000000
v 0.334706 1.897702 0.034624 1.000000 1.000000 1.000000 1.000000
vt 0.814140 0.899016
vt 0.002401 0.761187
vt 0.002401 0.737297
vt 0.996115 0.721293
vt 0.836021 0.899016
vt 0.002401 0.632313
vt 0.002401 0.608422
vt 0.682850 0.997599
vt 0.704732 0.899016
vt 0.002401 0.503438
vt 0.002401 0.479548
vt 0.726614 0.997599
vt 0.857903 0.899016
vt 0.002401 0.374564
vt 0.002401 0.350674
vt 0.996115 0.617908
vt 0.002401 0.221619
vt 0.901666 0.997599
vt 0.923548 0.899016
vt 0.002401 0.245690
vt 0.952352 0.312556
vt 0.123418 0.761187
vt 0.123418 0.761187
vt 0.243098 0.905289
vt 0.123418 0.737297
vt 0.857903 0.894214
vt 0.308743 0.900487
vt 0.260178 0.900487
vt 0.100984 0.737297
vt 0.996115 0.622710
vt 0.282060 0.905289
vt 0.814140 0.997599
vt 0.100984 0.761187
vt 0.100984 0.761187
vt 0.952352 0.519325
vt 0.123418 0.632313
vt 0.308743 0.795631
vt 0.123418 0.608422
vt 0.952352 0.514524
vt 0.643889 0.900487
vt 0.172652 0.900487
vt 0.100984 0.608422
vt 0.682850 0.899016
vt 0.260178 0.795631
vt 0.836021 0.997599
vt 0.100984 0.632313
vt 0.879785 0.795631
vt 0.123418 0.503438
vt 0.643889 0.795631
vt 0.123418 0.479548
vt 0.952352 0.721293
vt 0.374388 0.900487
vt 0.485916 0.900487
vt 0.100984 0.479548
vt 0.726614 0.899016
vt 0.172652 0.795631
vt 0.704732 0.997599
vt 0.100984 0.503438
vt 0.967311 0.795631
vt 0.123418 0.374564
vt 0.374388 0.795631
vt 0.123418 0.350674
vt 0.901666 0.894214
vt 0.600126 0.900487
vt 0.551561 0.900487
vt 0.100984 0.350674
vt 0.996115 0.519325
vt 0.485916 0.795631
vt 0.857903 0.997599
vt 0.100984 0.374564
vt 0.123418 0.221619
vt 0.996116 0.307754
vt 0.111809 0.900537
vt 0.063244 0.900537
vt 0.100984 0.221619
vt 0.901666 0.899016
vt 0.551561 0.795631
vt 0.923548 0.997599
vt 0.100984 0.245690
vt 0.974234 0.002401
vt 0.123418 0.245690
vt 0.600126 0.795631
vt 0.974234 0.105786
vt 0.244435 0.761187
vt 0.244435 0.761187
vt 0.308743 0.905289
vt 0.244435 0.737297
vt 0.923548 0.894214
vt 0.264980 0.900487
vt 0.194533 0.900487
vt 0.222001 0.737297
vt 0.857903 0.795631
vt 0.303941 0.905289
vt 0.952352 0.411139
vt 0.222001 0.761187
vt 0.222001 0.761187
vt 0.974234 0.312556
vt 0.244435 0.632313
vt 0.264980 0.795631
vt 0.244435 0.608422
vt 0.974234 0.307754
vt 0.199335 0.900487
vt 0.150770 0.900487
vt 0.222001 0.608422
vt 0.952352 0.415940
vt 0.194533 0.795631
vt 0.952352 0.617908
vt 0.222001 0.632313
vt 0.945430 0.795631
vt 0.244435 0.503438
vt 0.199335 0.795631
vt 0.244435 0.479548
vt 0.974234 0.514524
vt 0.490718 0.900487
vt 0.413349 0.900487
vt 0.222001 0.479548
vt 0.952352 0.622710
vt 0.150770 0.795631
vt 0.879785 0.894214
vt 0.222001 0.503438
vt 0.974234 0.519325
vt 0.244435 0.374564
vt 0.490718 0.795631
vt 0.244435 0.350674
vt 0.952352 0.100984
vt 0.556363 0.900487
vt 0.529680 0.900487
vt 0.222001 0.350674
vt 0.901666 0.795631
vt 0.413349 0.795631
vt 0.967311 0.894214
vt 0.222001 0.374564
vt 0.244435 0.221619
vt 0.996116 0.514524
vt 0.068046 0.900537
vt 0.019481 0.900537
vt 0.222001 0.221619
vt 0.996116 0.209171
vt 0.529680 0.795631
vt 0.974234 0.100984
vt 0.222001 0.245690
vt 0.974234 0.622710
vt 0.244435 0.245690
vt 0.556363 0.795631
vt 0.996115 0.002401
vt 0.365452 0.761187
vt 0.365452 0.761187
vt 0.330624 0.905289
vt 0.365452 0.737297
vt 0.989193 0.894214
vt 0.286861 0.900487
vt 0.238296 0.900487
vt 0.343018 0.737297
vt 0.923548 0.795631
vt 0.216415 0.905289
vt 0.974234 0.204369
vt 0.343018 0.761187
vt 0.343018 0.761187
vt 0.748495 0.795631
vt 0.365452 0.632313
vt 0.286861 0.795631
vt 0.365452 0.608422
vt 0.726614 0.894214
vt 0.418151 0.900487
vt 0.639087 0.900487
vt 0.343018 0.608422
vt 0.974234 0.209171
vt 0.238296 0.795631
vt 0.974234 0.411139
vt 0.343018 0.632313
vt 0.682850 0.795631
vt 0.365452 0.503438
vt 0.418151 0.795631
vt 0.365452 0.479548
vt 0.814140 0.894214
vt 0.330624 0.900487
vt 0.457112 0.900487
vt 0.343018 0.479548
vt 0.974234 0.415940
vt 0.639087 0.795631
vt 0.945430 0.894214
vt 0.343018 0.503438
vt 0.792258 0.795631
vt 0.365452 0.374564
vt 0.330624 0.795631
vt 0.365452 0.350674
vt 0.770377 0.894214
vt 0.578244 0.900487
vt 0.369586 0.900487
vt 0.343018 0.350674
vt 0.952352 0.002401
vt 0.457112 0.795631
vt 0.974234 0.617908
vt 0.343018 0.374564
vt 0.365452 0.221619
vt 0.879785 0.997599
vt 0.089927 0.900537
vt 0.041362 0.900537
vt 0.343018 0.221619
vt 0.996116 0.415940
vt 0.369586 0.795631
vt 0.974234 0.721293
vt 0.343018 0.245690
vt 0.748495 0.899016
vt 0.365452 0.245690
vt 0.578244 0.795631
vt 0.464035 0.737297
vt 0.989193 0.795631
vt 0.996115 0.100984
vt 0.464035 0.761187
vt 0.464035 0.608422
vt 0.726614 0.795631
vt 0.748495 0.894214
vt 0.464035 0.632313
vt 0.464035 0.479548
vt 0.814140 0.795631
vt 0.682850 0.894214
vt 0.464035 0.503438
vt 0.464035 0.350674
vt 0.770377 0.795631
vt 0.792258 0.894214
vt 0.464035 0.374564
vt 0.464035 0.221619
vt 0.879785 0.899016
vt 0.748495 0.997599
vt 0.464035 0.245690
vt 0.829446 0.758634
vt 0.829446 0.758634
vt 0.829446 0.758634
vt 0.811896 0.758634
vt 0.811896 0.758634
vt 0.811896 0.758634
vt 0.811896 0.739943
vt 0.811896 0.739943
vt 0.811896 0.739943
vt 0.829446 0.739943
vt 0.829446 0.739943
vt 0.829446 0.739943
vt 0.829446 0.629752
vt 0.829446 0.629752
vt 0.829446 0.629752
vt 0.811896 0.629752
vt 0.811896 0.629752
vt 0.811896 0.629752
vt 0.811896 0.611061
vt 0.811896 0.611061
vt 0.811896 0.611061
vt 0.829446 0.611061
vt 0.829446 0.611061
vt 0.829446 0.611061
vt 0.829446 0.500869
vt 0.829446 0.500869
vt 0.829446 0.500869
vt 0.811896 0.500869
vt 0.811896 0.500869
vt 0.811896 0.500869
vt 0.811896 0.482178
vt 0.811896 0.482178
vt 0.811896 0.482178
vt 0.829446 0.482178
vt 0.829446 0.482178
vt 0.829446 0.482178
vt 0.829446 0.371987
vt 0.829446 0.371987
vt 0.829446 0.371987
vt 0.811896 0.371987
vt 0.811896 0.371987
vt 0.811896 0.371987
vt 0.811896 0.353296
vt 0.811896 0.353296
vt 0.811896 0.353296
vt 0.829446 0.353296
vt 0.829446 0.353296
vt 0.829446 0.353296
vt 0.811896 0.243105
vt 0.811896 0.243105
vt 0.811896 0.243105
vt 0.811896 0.224414
vt 0.811896 0.224414
vt 0.811896 0.224414
vt 0.829446 0.224414
vt 0.829446 0.224414
vt 0.829446 0.224414
vt 0.829446 0.243105
vt 0.829446 0.243105
vt 0.829446 0.243105
vt 0.708429 0.758634
vt 0.708429 0.758634
vt 0.708429 0.758634
vt 0.690879 0.758634
vt 0.690879 0.758634
vt 0.690879 0.758634
vt 0.690879 0.739943
vt 0.690879 0.739943
vt 0.690879 0.739943
vt 0.708429 0.739943
vt 0.708429 0.739943
vt 0.708429 0.739943
vt 0.708429 0.629752
vt 0.708429 0.629752
vt 0.708429 0.629752
vt 0.690879 0.629752
vt 0.690879 0.629752
vt 0.690879 0.629752
vt 0.690879 0.611061
vt 0.690879 0.611061
vt 0.690879 0.611061
vt 0.708429 0.611061
vt 0.708429 0.611061
vt 0.708429 0.611061
vt 0.708429 0.500869
vt 0.708429 0.500869
vt 0.708429 0.500869
vt 0.690879 0.500869
vt 0.690879 0.500869
vt 0.690879 0.500869
vt 0.690879 0.482178
vt 0.690879 0.482178
vt 0.690879 0.482178
vt 0.708429 0.482178
vt 0.708429 0.482178
vt 0.708429 0.482178
vt 0.708429 0.371987
vt 0.708429 0.371987
vt 0.708429 0.371987
vt 0.690879 0.371987
vt 0.690879 0.371987
vt 0.690879 0.371987
vt 0.690879 0.353296
vt 0.690879 0.353296
vt 0.690879 0.353296
vt 0.708429 0.353296
vt 0.708429 0.353296
vt 0.708429 0.353296
vt 0.690879 0.243105
vt 0.690879 0.243105
vt 0.690879 0.243105
vt 0.690879 0.224414
vt 0.690879 0.224414
vt 0.690879 0.224414
vt 0.708429 0.224414
vt 0.708429 0.224414
vt 0.708429 0.224414
vt 0.708429 0.243105
vt 0.708429 0.243105
vt 0.708429 0.243105
vt 0.587412 0.758634
vt 0.587412 0.758634
vt 0.587412 0.758634
vt 0.569862 0.758634
vt 0.569862 0.758634
vt 0.569862 0.758634
vt 0.569862 0.739943
vt 0.569862 0.739943
vt 0.569862 0.739943
vt 0.587412 0.739943
vt 0.587412 0.739943
vt 0.587412 0.739943
vt 0.587412 0.629752
vt 0.587412 0.629752
vt 0.587412 0.629752
vt 0.569862 0.629752
vt 0.569862 0.629752
vt 0.569862 0.629752
vt 0.569862 0.611061
vt 0.569862 0.611061
vt 0.569862 0.611061
vt 0.587412 0.611061
vt 0.587412 0.611061
vt 0.587412 0.611061
vt 0.587412 0.500869
vt 0.587412 0.500869
vt 0.587412 0.500869
vt 0.569862 0.500869
vt 0.569862 0.500869
vt 0.569862 0.500869
vt 0.569862 0.482178
vt 0.569862 0.482178
vt 0.569862 0.482178
vt 0.587412 0.482178
vt 0.587412 0.482178
vt 0.587412 0.482178
vt 0.587412 0.371987
vt 0.587412 0.371987
vt 0.587412 0.371987
vt 0.569862 0.371987
vt 0.569862 0.371987
vt 0.569862 0.371987
vt 0.569862 0.353296
vt 0.569862 0.353296
vt 0.569862 0.353296
vt 0.587412 0.353296
vt 0.587412 0.353296
vt 0.587412 0.353296
vt 0.569862 0.243105
vt 0.569862 0.243105
vt 0.569862 0.243105
vt 0.569862 0.224414
vt 0.569862 0.224414
vt 0.569862 0.224414
vt 0.587412 0.224414
vt 0.587412 0.224414
vt 0.587412 0.224414
vt 0.587412 0.243105
vt 0.587412 0.243105
vt 0.587412 0.243105
vt 0.273520 0.935355
vt 0.112201 0.790829
vt 0.820671 0.790826
vt 0.251638 0.935355
vt 0.295401 0.935355
vt 0.233218 0.790829
vt 0.699654 0.790826
vt 0.317283 0.935355
vt 0.207875 0.935355
vt 0.354235 0.790829
vt 0.578637 0.790826
vt 0.339164 0.935355
vt 0.797060 0.899016
vt 0.930471 0.761234
vt 0.930471 0.737343
vt 0.979036 0.721293
vt 0.818942 0.899016
vt 0.930471 0.632352
vt 0.930471 0.608460
vt 0.665771 0.997599
vt 0.687652 0.899016
vt 0.930471 0.503470
vt 0.930471 0.479578
vt 0.709534 0.997599
vt 0.840823 0.899016
vt 0.930471 0.374587
vt 0.930471 0.350695
vt 0.979036 0.617908
vt 0.906468 0.899016
vt 0.930471 0.245705
vt 0.930471 0.221633
vt 0.884586 0.997599
vt 0.264980 0.905289
vt 0.797060 0.997599
vt 0.831888 0.761234
vt 0.831888 0.761234
vt 0.935272 0.312556
vt 0.809454 0.761234
vt 0.809454 0.761234
vt 0.260178 0.905289
vt 0.809454 0.737343
vt 0.840823 0.894214
vt 0.325823 0.900487
vt 0.243098 0.900487
vt 0.831888 0.737343
vt 0.979036 0.622710
vt 0.243098 0.795631
vt 0.818942 0.997599
vt 0.831888 0.632352
vt 0.935272 0.519325
vt 0.809454 0.632352
vt 0.325823 0.795631
vt 0.809454 0.608460
vt 0.935272 0.514524
vt 0.660969 0.900487
vt 0.155572 0.900487
vt 0.831888 0.608460
vt 0.665771 0.899016
vt 0.155572 0.795631
vt 0.687652 0.997599
vt 0.831888 0.503470
vt 0.862705 0.795631
vt 0.809454 0.503470
vt 0.660969 0.795631
vt 0.809454 0.479578
vt 0.935272 0.721293
vt 0.391467 0.900487
vt 0.468837 0.900487
vt 0.831888 0.479578
vt 0.709534 0.899016
vt 0.468837 0.795631
vt 0.840823 0.997599
vt 0.831888 0.374587
vt 0.950231 0.795631
vt 0.809454 0.374587
vt 0.391467 0.795631
vt 0.809454 0.350695
vt 0.884586 0.894214
vt 0.617206 0.900487
vt 0.534481 0.900487
vt 0.831888 0.350695
vt 0.979036 0.519325
vt 0.957154 0.002401
vt 0.809454 0.245705
vt 0.617206 0.795631
vt 0.809454 0.221633
vt 0.979036 0.307754
vt 0.128889 0.900537
vt 0.046164 0.900537
vt 0.831888 0.221633
vt 0.884586 0.899016
vt 0.534481 0.795631
vt 0.906468 0.997599
vt 0.831888 0.245705
vt 0.286861 0.905289
vt 0.935272 0.411139
vt 0.710871 0.761234
vt 0.710871 0.761234
vt 0.957154 0.105786
vt 0.688437 0.761234
vt 0.688437 0.761234
vt 0.325823 0.905289
vt 0.688437 0.737343
vt 0.906468 0.894214
vt 0.282060 0.900487
vt 0.177453 0.900487
vt 0.710871 0.737343
vt 0.840823 0.795631
vt 0.177453 0.795631
vt 0.935272 0.617908
vt 0.710871 0.632352
vt 0.957154 0.312556
vt 0.688437 0.632352
vt 0.282060 0.795631
vt 0.688437 0.608460
vt 0.957154 0.307754
vt 0.216415 0.900487
vt 0.133690 0.900487
vt 0.710871 0.608460
vt 0.935272 0.415940
vt 0.133690 0.795631
vt 0.862705 0.894214
vt 0.710871 0.503470
vt 0.928350 0.795631
vt 0.688437 0.503470
vt 0.216415 0.795631
vt 0.688437 0.479578
vt 0.957154 0.514524
vt 0.507798 0.900487
vt 0.396269 0.900487
vt 0.710871 0.479578
vt 0.935272 0.622710
vt 0.396269 0.795631
vt 0.950231 0.894214
vt 0.710871 0.374587
vt 0.957154 0.519325
vt 0.688437 0.374587
vt 0.507798 0.795631
vt 0.688437 0.350695
vt 0.935273 0.100984
vt 0.573443 0.900487
vt 0.512600 0.900487
vt 0.710871 0.350695
vt 0.884586 0.795631
vt 0.957154 0.622710
vt 0.688437 0.245705
vt 0.573443 0.795631
vt 0.688437 0.221633
vt 0.979036 0.514524
vt 0.085125 0.900537
vt 0.002401 0.900537
vt 0.710871 0.221633
vt 0.979036 0.209171
vt 0.512600 0.795631
vt 0.957154 0.100984
vt 0.710871 0.245705
vt 0.199335 0.905289
vt 0.957154 0.204369
vt 0.589854 0.761234
vt 0.589854 0.761234
vt 0.979036 0.002401
vt 0.567420 0.761234
vt 0.567420 0.761234
vt 0.347704 0.905289
vt 0.567420 0.737343
vt 0.972113 0.894214
vt 0.303941 0.900487
vt 0.221217 0.900487
vt 0.589854 0.737343
vt 0.906468 0.795631
vt 0.221217 0.795631
vt 0.957154 0.411139
vt 0.589854 0.632352
vt 0.731415 0.795631
vt 0.567420 0.632352
vt 0.303941 0.795631
vt 0.567420 0.608460
vt 0.709534 0.894214
vt 0.435230 0.900487
vt 0.622008 0.900487
vt 0.589854 0.608460
vt 0.957154 0.209171
vt 0.622008 0.795631
vt 0.928350 0.894214
vt 0.589854 0.503470
vt 0.665771 0.795631
vt 0.567420 0.503470
vt 0.435230 0.795631
vt 0.567420 0.479578
vt 0.797060 0.894214
vt 0.347704 0.900487
vt 0.440032 0.900487
vt 0.589854 0.479578
vt 0.957154 0.415940
vt 0.440032 0.795631
vt 0.957154 0.617908
vt 0.589854 0.374587
vt 0.775178 0.795631
vt 0.567420 0.374587
vt 0.347704 0.795631
vt 0.567420 0.350695
vt 0.753297 0.894214
vt 0.595324 0.900487
vt 0.352506 0.900487
vt 0.589854 0.350695
vt 0.935273 0.002401
vt 0.731415 0.899016
vt 0.567420 0.245705
vt 0.595324 0.795631
vt 0.567420 0.221633
vt 0.862705 0.997599
vt 0.107007 0.900537
vt 0.024282 0.900537
vt 0.589854 0.221633
vt 0.979036 0.415940
vt 0.352506 0.795631
vt 0.957154 0.721293
vt 0.589854 0.245705
vt 0.979036 0.100984
vt 0.468837 0.761234
vt 0.468837 0.737343
vt 0.972113 0.795631
vt 0.731415 0.894214
vt 0.468837 0.632352
vt 0.468837 0.608460
vt 0.709534 0.795631
vt 0.665771 0.894214
vt 0.468837 0.503470
vt 0.468837 0.479578
vt 0.797060 0.795631
vt 0.775178 0.894214
vt 0.468837 0.374587
vt 0.468837 0.350695
vt 0.753297 0.795631
vt 0.468837 0.221633
vt 0.862705 0.899016
vt 0.731415 0.997599
vt 0.468837 0.245705
vt 0.820671 0.749232
vt 0.820671 0.749232
vt 0.820671 0.749232
vt 0.820671 0.749232
vt 0.820671 0.620349
vt 0.820671 0.620349
vt 0.820671 0.620349
vt 0.820671 0.620349
vt 0.820671 0.491467
vt 0.820671 0.491467
vt 0.820671 0.491467
vt 0.820671 0.491467
vt 0.820671 0.362585
vt 0.820671 0.362585
vt 0.820671 0.362585
vt 0.820671 0.362585
vt 0.820671 0.233702
vt 0.820671 0.233702
vt 0.820671 0.233702
vt 0.820671 0.233702
vt 0.699654 0.749232
vt 0.699654 0.749232
vt 0.699654 0.749232
vt 0.699654 0.749232
vt 0.699654 0.620349
vt 0.699654 0.620349
vt 0.699654 0.620349
vt 0.699654 0.620349
vt 0.699654 0.491467
vt 0.699654 0.491467
vt 0.699654 0.491467
vt 0.699654 0.491467
vt 0.699654 0.362585
vt 0.699654 0.362585
vt 0.699654 0.362585
vt 0.699654 0.362585
vt 0.699654 0.233702
vt 0.699654 0.233702
vt 0.699654 0.233702
vt 0.699654 0.233702
vt 0.578637 0.749232
vt 0.578637 0.749232
vt 0.578637 0.749232
vt 0.578637 0.749232
vt 0.578637 0.620349
vt 0.578637 0.620349
vt 0.578637 0.620349
vt 0.578637 0.620349
vt 0.578637 0.491467
vt 0.578637 0.491467
vt 0.578637 0.491467
vt 0.578637 0.491467
vt 0.578637 0.362585
vt 0.578637 0.362585
vt 0.578637 0.362585
vt 0.578637 0.362585
vt 0.578637 0.233702
vt 0.578637 0.233702
vt 0.578637 0.233702
vt 0.578637 0.233702
vt 0.002401 0.092695
vt 0.792258 0.997599
vt 0.770377 0.899016
vt 0.002401 0.116585
vt 0.123418 0.019410
vt 0.155572 0.905289
vt 0.194533 0.905289
vt 0.100984 0.019410
vt 0.123418 0.092695
vt 0.996115 0.204369
vt 0.155572 0.978484
vt 0.952352 0.105786
vt 0.123418 0.116585
vt 0.111809 0.795631
vt 0.063244 0.795631
vt 0.770377 0.997599
vt 0.100984 0.116585
vt 0.194533 0.978484
vt 0.100984 0.092695
vt 0.792258 0.899016
vt 0.244435 0.002401
vt 0.950231 0.899016
vt 0.945429 0.899016
vt 0.222001 0.002401
vt 0.244435 0.092695
vt 0.996116 0.411139
vt 0.950231 0.989200
vt 0.952352 0.209171
vt 0.244435 0.116585
vt 0.068046 0.795631
vt 0.019481 0.795631
vt 0.952352 0.204369
vt 0.222001 0.116585
vt 0.945429 0.989200
vt 0.222001 0.092695
vt 0.996115 0.105786
vt 0.365452 0.019410
vt 0.221217 0.905289
vt 0.150770 0.905289
vt 0.343018 0.019410
vt 0.365452 0.092695
vt 0.836021 0.894214
vt 0.221217 0.978484
vt 0.704732 0.795631
vt 0.365452 0.116585
vt 0.089927 0.795631
vt 0.041362 0.795631
vt 0.952352 0.307754
vt 0.343018 0.116585
vt 0.150770 0.978484
vt 0.343018 0.092695
vt 0.996116 0.312556
vt 0.704732 0.894214
vt 0.464035 0.116585
vt 0.464035 0.092695
vt 0.836021 0.795631
vt 0.829446 0.095301
vt 0.829446 0.095301
vt 0.829446 0.095301
vt 0.811896 0.095301
vt 0.811896 0.095301
vt 0.811896 0.095301
vt 0.811896 0.113992
vt 0.811896 0.113992
vt 0.811896 0.113992
vt 0.829446 0.113992
vt 0.829446 0.113992
vt 0.829446 0.113992
vt 0.708429 0.095301
vt 0.708429 0.095301
vt 0.708429 0.095301
vt 0.690879 0.095301
vt 0.690879 0.095301
vt 0.690879 0.095301
vt 0.690879 0.113992
vt 0.690879 0.113992
vt 0.690879 0.113992
vt 0.708429 0.113992
vt 0.708429 0.113992
vt 0.708429 0.113992
vt 0.587412 0.095301
vt 0.587412 0.095301
vt 0.587412 0.095301
vt 0.569862 0.095301
vt 0.569862 0.095301
vt 0.569862 0.095301
vt 0.569862 0.113992
vt 0.569862 0.113992
vt 0.569862 0.113992
vt 0.587412 0.113992
vt 0.587412 0.113992
vt 0.587412 0.113992
vt 0.930471 0.092701
vt 0.775178 0.997599
vt 0.753297 0.899016
vt 0.930471 0.116593
vt 0.809454 0.019411
vt 0.172652 0.905289
vt 0.177453 0.905289
vt 0.831888 0.019411
vt 0.177453 0.978484
vt 0.831888 0.092701
vt 0.775178 0.899016
vt 0.809454 0.092701
vt 0.979036 0.204369
vt 0.172652 0.978484
vt 0.935273 0.105786
vt 0.809454 0.116593
vt 0.128889 0.795631
vt 0.046164 0.795631
vt 0.753297 0.997599
vt 0.831888 0.116593
vt 0.688437 0.002401
vt 0.967311 0.899016
vt 0.928350 0.899016
vt 0.710871 0.002401
vt 0.928350 0.989200
vt 0.710871 0.092701
vt 0.979036 0.105786
vt 0.688437 0.092701
vt 0.979036 0.411139
vt 0.967311 0.989200
vt 0.935272 0.209171
vt 0.688437 0.116593
vt 0.085125 0.795631
vt 0.002401 0.795631
vt 0.935273 0.204369
vt 0.710871 0.116593
vt 0.567420 0.019411
vt 0.238296 0.905289
vt 0.133690 0.905289
vt 0.589854 0.019411
vt 0.133690 0.978484
vt 0.589854 0.092701
vt 0.979036 0.312556
vt 0.567420 0.092701
vt 0.818942 0.894214
vt 0.238296 0.978484
vt 0.687652 0.795631
vt 0.567420 0.116593
vt 0.107007 0.795631
vt 0.024282 0.795631
vt 0.935272 0.307754
vt 0.589854 0.116593
vt 0.468837 0.092701
vt 0.818942 0.795631
vt 0.687652 0.894214
vt 0.468837 0.116593
vt 0.820671 0.104590
vt 0.820671 0.104590
vt 0.820671 0.104590
vt 0.820671 0.104590
vt 0.699654 0.104590
vt 0.699654 0.104590
vt 0.699654 0.104590
vt 0.699654 0.104590
vt 0.578637 0.104590
vt 0.578637 0.104590
vt 0.578637 0.104590
vt 0.578637 0.104590
vn 0.000000 -1.000000 0.000000
vn 0.000000 0.000000 -1.000000
vn 0.000000 0.000000 -1.000000
vn 0.000000 1.000000 0.000000
vn 0.000000 -1.000000 0.000000
vn 0.000000 0.000000 -1.000000
vn 0.000000 0.000000 -1.000000
vn 0.000000 1.000000 0.000000
vn 0.000000 -1.000000 0.000000
vn 0.000000 0.000000 -1.000000
vn 0.000000 0.000000 -1.000000
vn 0.000000 1.000000 0.000000
vn 0.000000 -1.000000 0.000000
vn 0.000000 0.000000 -1.000000
vn 0.000000 0.000000 -1.000000
vn 0.000000 1.000000 0.000000
vn 0.000000 0.000000 -1.000000
vn 0.000000 1.000000 0.000000
vn 0.000000 -1.000000 0.000000
vn 0.000000 0.000000 -1.000000
vn 0.000000 -1.000000 0.000000
vn 0.000000 -0.277810 -0.960636
vn 0.000000 0.000000 -1.000000
vn 0.934825 -0.355109 0.000000
vn 0.000000 0.000000 -1.000000
vn 0.000000 1.000000 0.000000
vn 1.000000 0.000000 0.000000
vn -1.000000 0.000000 0.000000
vn 0.000000 0.000000 -1.000000
vn 0.000000 1.000000 0.000000
vn -0.934825 -0.355109 -0.000000
vn 0.000000 -1.000000 0.000000
vn 0.000000 -0.277810 -0.960636
vn 0.000000 0.000000 -1.000000
vn 0.000000 -1.000000 0.000000
vn 0.000000 0.000000 -1.000000
vn 1.000000 0.000000 0.000000
vn 0.000000 0.000000 -1.000000
vn 0.000000 1.000000 0.000000
vn 1.000000 0.000000 0.000000
vn -1.000000 0.000000 0.000000
vn 0.000000 0.000000 -1.000000
vn 0.000000 1.000000 0.000000
vn -1.000000 0.000000 0.000000
vn 0.000000 -1.000000 0.000000
vn 0.000000 0.000000 -1.000000
vn 0.000000 -1.000000 0.000000
vn 0.000000 0.000000 -1.000000
vn 1.000000 0.000000 0.000000
vn 0.000000 0.000000 -1.000000
vn 0.000000 1.000000 0.000000
vn 1.000000 0.000000 0.000000
vn -1.000000 0.000000 0.000000
vn 0.000000 0.000000 -1.000000
vn 0.000000 1.000000 0.000000
vn -1.000000 0.000000 0.000000
vn 0.000000 -1.000000 0.000000
vn 0.000000 0.000000 -1.000000
vn 0.000000 -1.000000 0.000000
vn 0.000000 0.000000 -1.000000
vn 1.000000 0.000000 0.000000
vn 0.000000 0.000000 -1.000000
vn 0.000000 1.000000 0.000000
vn 1.000000 0.000000 0.000000
vn -1.000000 -0.000000 -0.000000
vn 0.000000 0.000000 -1.000000
vn 0.000000 1.000000 0.000000
vn -1.000000 0.000000 0.000000
vn 0.000000 -1.000000 0.000000
vn 0.000000 0.000000 -1.000000
vn 0.000000 0.000000 -1.000000
vn 0.000000 1.000000 0.000000
vn 1.000000 0.000000 0.000000
vn -1.000000 0.000000 0.000000
vn 0.000000 0.000000 -1.000000
vn 0.000000 1.000000 0.000000
vn -1.000000 -0.000000 -0.000000
vn 0.000000 -1.000000 0.000000
vn 0.000000 0.000000 -1.000000
vn 0.000000 -1.000000 0.000000
vn 0.000000 0.000000 -1.000000
vn 1.000000 0.000000 0.000000
vn 0.000000 -1.000000 0.000000
vn 0.000000 -0.277810 -0.960636
vn 0.000000 0.000000 -1.000000
vn 0.934825 -0.355109 0.000000
vn 0.000000 0.000000 -1.000000
vn 0.000000 1.000000 0.000000
vn 1.000000 0.000000 0.000000
vn -1.000000 -0.000000 -0.000000
vn 0.000000 0.000000 -1.000000
vn 0.000000 1.000000 0.000000
vn -0.934825 -0.355109 -0.000000
vn 0.000000 -1.000000 0.000000
vn 0.000000 -0.277810 -0.960636
vn 0.000000 0.000000 -1.000000
vn 0.000000 -1.000000 0.000000
vn 0.000000 0.000000 -1.000000
vn 1.000000 0.000000 0.000000
vn 0.000000 0.000000 -1.000000
vn 0.000000 1.000000 0.000000
vn 1.000000 0.000000 0.000000
vn -1.000000 -0.000000 -0.000000
vn 0.000000 0.000000 -1.000000
vn 0.000000 1.000000 0.000000
vn -1.000000 -0.000000 -0.000000
vn 0.000000 -1.000000 0.000000
vn 0.000000 0.000000 -1.000000
vn 0.000000 -1.000000 0.000000
vn 0.000000 0.000000 -1.000000
vn 1.000000 0.000000 0.000000
vn 0.000000 0.000000 -1.000000
vn 0.000000 1.000000 0.000000
vn 1.000000 0.000000 0.000000
vn -1.000000 -0.000000 -0.000000
vn 0.000000 0.000000 -1.000000
vn 0.000000 1.000000 0.000000
vn -1.000000 -0.000000 -0.000000
vn 0.000000 -1.000000 0.000000
vn 0.000000 0.000000 -1.000000
vn 0.000000 -1.000000 0.000000
vn 0.000000 0.000000 -1.000000
vn 1.000000 0.000000 0.000000
vn 0.000000 0.000000 -1.000000
vn 0.000000 1.000000 0.000000
vn 1.000000 0.000000 0.000000
vn -1.000000 -0.000000 -0.000000
vn 0.000000 0.000000 -1.000000
vn 0.000000 1.000000 0.000000
vn -1.000000 -0.000000 -0.000000
vn 0.000000 -1.000000 0.000000
vn 0.000000 0.000000 -1.000000
vn 0.000000 0.000000 -1.000000
vn 0.000000 1.000000 0.000000
vn 1.000000 0.000000 0.000000
vn -1.000000 0.000000 0.000000
vn 0.000000 0.000000 -1.000000
vn 0.000000 1.000000 0.000000
vn -1.000000 -0.000000 -0.000000
vn 0.000000 -1.000000 0.000000
vn 0.000000 0.000000 -1.000000
vn 0.000000 -1.000000 0.000000
vn 0.000000 0.000000 -1.000000
vn 1.000000 0.000000 0.000000
vn 0.000000 -1.000000 0.000000
vn 0.000000 -0.277810 -0.960636
vn 0.000000 0.000000 -1.000000
vn 0.934825 -0.355109 0.000000
vn 0.000000 0.000000 -1.000000
vn 0.000000 1.000000 0.000000
vn 1.000000 0.000000 0.000000
vn -1.000000 0.000000 0.000000
vn 0.000000 0.000000 -1.000000
vn 0.000000 1.000000 0.000000
vn -0.934825 -0.355109 -0.000000
vn 0.000000 -1.000000 0.000000
vn 0.000000 -0.277810 -0.960636
vn 0.000000 0.000000 -1.000000
vn 0.000000 -1.000000 0.000000
vn 0.000000 0.000000 -1.000000
vn 1.000000 0.000000 0.000000
vn 0.000000 0.000000 -1.000000
vn 0.000000 1.000000 0.000000
vn 1.000000 0.000000 0.000000
vn -1.000000 -0.000000 -0.000000
vn 0.000000 0.000000 -1.000000
vn 0.000000 1.000000 0.000000
vn -1.000000 0.000000 0.000000
vn 0.000000 -1.000000 0.000000
vn 0.000000 0.000000 -1.000000
vn 0.000000 -1.000000 0.000000
vn 0.000000 0.000000 -1.000000
vn 1.000000 0.000000 0.000000
vn 0.000000 0.000000 -1.000000
vn 0.000000 1.000000 0.000000
vn 1.000000 0.000000 0.000000
vn -1.000000 0.000000 0.000000
vn 0.000000 0.000000 -1.000000
vn 0.000000 1.000000 0.000000
vn -1.000000 -0.000000 -0.000000
vn 0.000000 -1.000000 0.000000
vn 0.000000 0.000000 -1.000000
vn 0.000000 -1.000000 0.000000
vn 0.000000 0.000000 -1.000000
vn 1.000000 0.000000 0.000000
vn 0.000000 0.000000 -1.000000
vn 0.000000 1.000000 0.000000
vn 1.000000 0.000000 0.000000
vn -1.000000 0.000000 0.000000
vn 0.000000 0.000000 -1.000000
vn 0.000000 1.000000 0.000000
vn -1.000000 0.000000 0.000000
vn 0.000000 -1.000000 0.000000
vn 0.000000 0.000000 -1.000000
vn 0.000000 0.000000 -1.000000
vn 0.000000 1.000000 0.000000
vn 1.000000 0.000000 0.000000
vn -1.000000 0.000000 0.000000
vn 0.000000 0.000000 -1.000000
vn 0.000000 1.000000 0.000000
vn -1.000000 0.000000 0.000000
vn 0.000000 -1.000000 0.000000
vn 0.000000 0.000000 -1.000000
vn 0.000000 -1.000000 0.000000
vn 0.000000 0.000000 -1.000000
vn 1.000000 0.000000 0.000000
vn 0.000000 0.000000 -1.000000
vn 0.000000 1.000000 0.000000
vn 0.000000 -1.000000 0.000000
vn 0.000000 0.000000 -1.000000
vn 0.000000 0.000000 -1.000000
vn 0.000000 1.000000 0.000000
vn 0.000000 -1.000000 0.000000
vn 0.000000 0.000000 -1.000000
vn 0.000000 0.000000 -1.000000
vn 0.000000 1.000000 0.000000
vn 0.000000 -1.000000 0.000000
vn 0.000000 0.000000 -1.000000
vn 0.000000 0.000000 -1.000000
vn 0.000000 1.000000 0.000000
vn 0.000000 -1.000000 0.000000
vn 0.000000 0.000000 -1.000000
vn 0.000000 0.000000 -1.000000
vn 0.000000 1.000000 0.000000
vn 0.000000 -1.000000 0.000000
vn 0.000000 0.000000 -1.000000
vn -0.671766 0.000000 0.740763
vn 0.000000 -0.648293 0.761391
vn 0.000000 0.000000 1.000000
vn 0.000000 -0.648293 0.761391
vn 0.000000 0.000000 1.000000
vn 0.671766 0.000000 0.740763
vn 0.000000 0.000000 1.000000
vn 0.000000 0.648293 0.761391
vn 0.671766 0.000000 0.740763
vn -0.671766 0.000000 0.740763
vn 0.000000 0.000000 1.000000
vn 0.000000 0.648293 0.761391
vn -0.671766 0.000000 0.740763
vn 0.000000 -0.648293 0.761391
vn 0.000000 0.000000 1.000000
vn 0.000000 -0.648293 0.761391
vn 0.000000 0.000000 1.000000
vn 0.671766 0.000000 0.740763
vn 0.000000 0.000000 1.000000
vn 0.000000 0.648293 0.761391
vn 0.671766 0.000000 0.740763
vn -0.671766 0.000000 0.740763
vn 0.000000 0.000000 1.000000
vn 0.000000 0.648293 0.761391
vn -0.671766 0.000000 0.740763
vn 0.000000 -0.648293 0.761391
vn 0.000000 0.000000 1.000000
vn 0.000000 -0.648293 0.761391
vn 0.000000 0.000000 1.000000
vn 0.671766 0.000000 0.740763
vn 0.000000 0.000000 1.000000
vn 0.000000 0.648293 0.761391
vn 0.671766 0.000000 0.740763
vn -0.671766 0.000000 0.740763
vn 0.000000 0.000000 1.000000
vn 0.000000 0.648293 0.761391
vn -0.671766 0.000000 0.740763
vn 0.000000 -0.648293 0.761391
vn 0.000000 0.000000 1.000000
vn 0.000000 -0.648293 0.761391
vn 0.000000 0.000000 1.000000
vn 0.671766 0.000000 0.740763
vn 0.000000 0.000000 1.000000
vn 0.000000 0.648293 0.761391
vn 0.671766 0.000000 0.740763
vn -0.671766 0.000000 0.740763
vn 0.000000 0.000000 1.000000
vn 0.000000 0.648293 0.761391
vn 0.000000 -0.648293 0.761391
vn 0.000000 0.000000 1.000000
vn 0.671766 0.000000 0.740763
vn 0.000000 0.000000 1.000000
vn 0.000000 0.648293 0.761391
vn 0.671766 0.000000 0.740763
vn -0.671766 0.000000 0.740763
vn 0.000000 0.000000 1.000000
vn 0.000000 0.648293 0.761391
vn -0.671766 0.000000 0.740763
vn 0.000000 -0.648293 0.761391
vn 0.000000 0.000000 1.000000
vn -0.671766 0.000000 0.740763
vn 0.000000 -0.648293 0.761391
vn 0.000000 0.000000 1.000000
vn 0.000000 -0.648293 0.761391
vn 0.000000 0.000000 1.000000
vn 0.671766 0.000000 0.740763
vn 0.000000 0.000000 1.000000
vn 0.000000 0.648293 0.761391
vn 0.671766 0.000000 0.740763
vn -0.671766 0.000000 0.740763
vn 0.000000 0.000000 1.000000
vn 0.000000 0.648293 0.761391
vn -0.671766 0.000000 0.740763
vn 0.000000 -0.648293 0.761391
vn 0.000000 0.000000 1.000000
vn 0.000000 -0.648293 0.761391
vn 0.000000 0.000000 1.000000
vn 0.671766 0.000000 0.740763
vn 0.000000 0.000000 1.000000
vn 0.000000 0.648293 0.761391
vn 0.671766 0.000000 0.740763
vn -0.671766 0.000000 0.740763
vn 0.000000 0.000000 1.000000
vn 0.000000 0.648293 0.761391
vn -0.671766 0.000000 0.740763
vn 0.000000 -0.648293 0.761391
vn 0.000000 0.000000 1.000000
vn 0.000000 -0.648293 0.761391
vn 0.000000 0.000000 1.000000
vn 0.671766 0.000000 0.740763
vn 0.000000 0.000000 1.000000
vn 0.000000 0.648293 0.761391
vn 0.671766 0.000000 0.740763
vn -0.671766 0.000000 0.740763
vn 0.000000 0.000000 1.000000
vn 0.000000 0.648293 0.761391
vn -0.671766 0.000000 0.740763
vn 0.000000 -0.648293 0.761391
vn 0.000000 0.000000 1.000000
vn 0.000000 -0.648293 0.761391
vn 0.000000 0.000000 1.000000
vn 0.671766 0.000000 0.740763
vn 0.000000 0.000000 1.000000
vn 0.000000 0.648293 0.761391
vn 0.671766 0.000000 0.740763
vn -0.671766 0.000000 0.740763
vn 0.000000 0.000000 1.000000
vn 0.000000 0.648293 0.761391
vn 0.000000 -0.648293 0.761391
vn 0.000000 0.000000 1.000000
vn 0.671766 0.000000 0.740763
vn 0.000000 0.000000 1.000000
vn 0.000000 0.648293 0.761391
vn 0.671766 0.000000 0.740763
vn -0.671766 0.000000 0.740763
vn 0.000000 0.000000 1.000000
vn 0.000000 0.648293 0.761391
vn -0.671766 0.000000 0.740763
vn 0.000000 -0.648293 0.761391
vn 0.000000 0.000000 1.000000
vn -0.671766 0.000000 0.740763
vn 0.000000 -0.648293 0.761391
vn 0.000000 0.000000 1.000000
vn 0.000000 -0.648293 0.761391
vn 0.000000 0.000000 1.000000
vn 0.671766 0.000000 0.740763
vn 0.000000 0.000000 1.000000
vn 0.000000 0.648293 0.761391
vn 0.671766 0.000000 0.740763
vn -0.671766 0.000000 0.740763
vn 0.000000 0.000000 1.000000
vn 0.000000 0.648293 0.761391
vn -0.671766 0.000000 0.740763
vn 0.000000 -0.648293 0.761391
vn 0.000000 0.000000 1.000000
vn 0.000000 -0.648293 0.761391
vn 0.000000 0.000000 1.000000
vn 0.671766 0.000000 0.740763
vn 0.000000 0.000000 1.000000
vn 0.000000 0.648293 0.761391
vn 0.671766 0.000000 0.740763
vn -0.671766 0.000000 0.740763
vn 0.000000 0.000000 1.000000
vn 0.000000 0.648293 0.761391
vn -0.671766 0.000000 0.740763
vn 0.000000 -0.648293 0.761391
vn 0.000000 0.000000 1.000000
vn 0.000000 -0.648293 0.761391
vn 0.000000 0.000000 1.000000
vn 0.671766 0.000000 0.740763
vn 0.000000 0.000000 1.000000
vn 0.000000 0.648293 0.761391
vn 0.671766 0.000000 0.740763
vn -0.671766 0.000000 0.740763
vn 0.000000 0.000000 1.000000
vn 0.000000 0.648293 0.761391
vn -0.671766 0.000000 0.740763
vn 0.000000 -0.648293 0.761391
vn 0.000000 0.000000 1.000000
vn 0.000000 -0.648293 0.761391
vn 0.000000 0.000000 1.000000
vn 0.671766 0.000000 0.740763
vn 0.000000 0.000000 1.000000
vn 0.000000 0.648293 0.761391
vn 0.671766 0.000000 0.740763
vn -0.671766 0.000000 0.740763
vn 0.000000 0.000000 1.000000
vn 0.000000 0.648293 0.761391
vn 0.000000 -0.648293 0.761391
vn 0.000000 0.000000 1.000000
vn 0.671766 0.000000 0.740763
vn 0.000000 0.000000 1.000000
vn 0.000000 0.648293 0.761391
vn 0.671766 0.000000 0.740763
vn -0.671766 0.000000 0.740763
vn 0.000000 0.000000 1.000000
vn 0.000000 0.648293 0.761391
vn -0.671766 0.000000 0.740763
vn 0.000000 -0.648293 0.761391
vn 0.000000 0.000000 1.000000
vn -0.934825 -0.355109 -0.000000
vn 0.000000 -0.277810 -0.960636
vn 0.000000 -0.277810 0.960636
vn 0.934825 -0.355109 0.000000
vn -0.934825 -0.355109 -0.000000
vn 0.000000 -0.277810 -0.960636
vn 0.000000 -0.277810 0.960636
vn 0.934825 -0.355109 0.000000
vn -0.934825 -0.355109 -0.000000
vn 0.000000 -0.277810 -0.960636
vn 0.000000 -0.277810 0.960636
vn 0.934825 -0.355109 0.000000
vn 0.000000 -1.000000 0.000000
vn 0.000000 0.000000 1.000000
vn 0.000000 0.000000 1.000000
vn 0.000000 1.000000 0.000000
vn 0.000000 -1.000000 0.000000
vn 0.000000 0.000000 1.000000
vn 0.000000 0.000000 1.000000
vn 0.000000 1.000000 0.000000
vn 0.000000 -1.000000 0.000000
vn 0.000000 0.000000 1.000000
vn 0.000000 0.000000 1.000000
vn 0.000000 1.000000 0.000000
vn 0.000000 -1.000000 0.000000
vn 0.000000 0.000000 1.000000
vn 0.000000 0.000000 1.000000
vn 0.000000 1.000000 0.000000
vn 0.000000 -1.000000 0.000000
vn 0.000000 0.000000 1.000000
vn 0.000000 0.000000 1.000000
vn 0.000000 1.000000 0.000000
vn -0.934825 -0.355109 -0.000000
vn 0.000000 -1.000000 0.000000
vn 0.000000 -0.277810 0.960636
vn 0.000000 0.000000 1.000000
vn 0.000000 -1.000000 0.000000
vn 0.000000 -0.277810 0.960636
vn 0.000000 0.000000 1.000000
vn 0.934825 -0.355109 0.000000
vn 0.000000 0.000000 1.000000
vn 0.000000 1.000000 0.000000
vn 1.000000 0.000000 0.000000
vn -1.000000 0.000000 0.000000
vn 0.000000 0.000000 1.000000
vn 0.000000 1.000000 0.000000
vn -1.000000 0.000000 0.000000
vn 0.000000 -1.000000 0.000000
vn 0.000000 0.000000 1.000000
vn 0.000000 -1.000000 0.000000
vn 0.000000 0.000000 1.000000
vn 1.000000 0.000000 0.000000
vn 0.000000 0.000000 1.000000
vn 0.000000 1.000000 0.000000
vn 1.000000 0.000000 0.000000
vn -1.000000 0.000000 0.000000
vn 0.000000 0.000000 1.000000
vn 0.000000 1.000000 0.000000
vn -1.000000 0.000000 0.000000
vn 0.000000 -1.000000 0.000000
vn 0.000000 0.000000 1.000000
vn 0.000000 -1.000000 0.000000
vn 0.000000 0.000000 1.000000
vn 1.000000 0.000000 0.000000
vn 0.000000 0.000000 1.000000
vn 0.000000 1.000000 0.000000
vn 1.000000 0.000000 0.000000
vn -1.000000 0.000000 0.000000
vn 0.000000 0.000000 1.000000
vn 0.000000 1.000000 0.000000
vn -1.000000 0.000000 0.000000
vn 0.000000 -1.000000 0.000000
vn 0.000000 0.000000 1.000000
vn 0.000000 -1.000000 0.000000
vn 0.000000 0.000000 1.000000
vn 1.000000 0.000000 0.000000
vn 0.000000 0.000000 1.000000
vn 0.000000 1.000000 0.000000
vn 1.000000 0.000000 0.000000
vn -1.000000 -0.000000 -0.000000
vn 0.000000 0.000000 1.000000
vn 0.000000 1.000000 0.000000
vn 0.000000 -1.000000 0.000000
vn 0.000000 0.000000 1.000000
vn 1.000000 0.000000 0.000000
vn 0.000000 0.000000 1.000000
vn 0.000000 1.000000 0.000000
vn 1.000000 0.000000 0.000000
vn -1.000000 0.000000 0.000000
vn 0.000000 0.000000 1.000000
vn 0.000000 1.000000 0.000000
vn -1.000000 -0.000000 -0.000000
vn 0.000000 -1.000000 0.000000
vn 0.000000 0.000000 1.000000
vn -0.934825 -0.355109 -0.000000
vn 0.000000 -1.000000 0.000000
vn 0.000000 -0.277810 0.960636
vn 0.000000 0.000000 1.000000
vn 0.000000 -1.000000 0.000000
vn 0.000000 -0.277810 0.960636
vn 0.000000 0.000000 1.000000
vn 0.934825 -0.355109 0.000000
vn 0.000000 0.000000 1.000000
vn 0.000000 1.000000 0.000000
vn 1.000000 0.000000 0.000000
vn -1.000000 -0.000000 -0.000000
vn 0.000000 0.000000 1.000000
vn 0.000000 1.000000 0.000000
vn -1.000000 -0.000000 -0.000000
vn 0.000000 -1.000000 0.000000
vn 0.000000 0.000000 1.000000
vn 0.000000 -1.000000 0.000000
vn 0.000000 0.000000 1.000000
vn 1.000000 0.000000 0.000000
vn 0.000000 0.000000 1.000000
vn 0.000000 1.000000 0.000000
vn 1.000000 0.000000 0.000000
vn -1.000000 -0.000000 -0.000000
vn 0.000000 0.000000 1.000000
vn 0.000000 1.000000 0.000000
vn -1.000000 -0.000000 -0.000000
vn 0.000000 -1.000000 0.000000
vn 0.000000 0.000000 1.000000
vn 0.000000 -1.000000 0.000000
vn 0.000000 0.000000 1.000000
vn 1.000000 0.000000 0.000000
vn 0.000000 0.000000 1.000000
vn 0.000000 1.000000 0.000000
vn 1.000000 0.000000 0.000000
vn -1.000000 -0.000000 -0.000000
vn 0.000000 0.000000 1.000000
vn 0.000000 1.000000 0.000000
vn -1.000000 -0.000000 -0.000000
vn 0.000000 -1.000000 0.000000
vn 0.000000 0.000000 1.000000
vn 0.000000 -1.000000 0.000000
vn 0.000000 0.000000 1.000000
vn 1.000000 0.000000 0.000000
vn 0.000000 0.000000 1.000000
vn 0.000000 1.000000 0.000000
vn 1.000000 0.000000 0.000000
vn -1.000000 -0.000000 -0.000000
vn 0.000000 0.000000 1.000000
vn 0.000000 1.000000 0.000000
vn 0.000000 -1.000000 0.000000
vn 0.000000 0.000000 1.000000
vn 1.000000 0.000000 0.000000
vn 0.000000 0.000000 1.000000
vn 0.000000 1.000000 0.000000
vn 1.000000 0.000000 0.000000
vn -1.000000 0.000000 0.000000
vn 0.000000 0.000000 1.000000
vn 0.000000 1.000000 0.000000
vn -1.000000 -0.000000 -0.000000
vn 0.000000 -1.000000 0.000000
vn 0.000000 0.000000 1.000000
vn -0.934825 -0.355109 -0.000000
vn 0.000000 -1.000000 0.000000
vn 0.000000 -0.277810 0.960636
vn 0.000000 0.000000 1.000000
vn 0.000000 -1.000000 0.000000
vn 0.000000 -0.277810 0.960636
vn 0.000000 0.000000 1.000000
vn 0.934825 -0.355109 0.000000
vn 0.000000 0.000000 1.000000
vn 0.000000 1.000000 0.000000
vn 1.000000 0.000000 0.000000
vn -1.000000 0.000000 0.000000
vn 0.000000 0.000000 1.000000
vn 0.000000 1.000000 0.000000
vn -1.000000 0.000000 0.000000
vn 0.000000 -1.000000 0.000000
vn 0.000000 0.000000 1.000000
vn 0.000000 -1.000000 0.000000
vn 0.000000 0.000000 1.000000
vn 1.000000 0.000000 0.000000
vn 0.000000 0.000000 1.000000
vn 0.000000 1.000000 0.000000
vn 1.000000 0.000000 0.000000
vn -1.000000 -0.000000 -0.000000
vn 0.000000 0.000000 1.000000
vn 0.000000 1.000000 0.000000
vn -1.000000 -0.000000 -0.000000
vn 0.000000 -1.000000 0.000000
vn 0.000000 0.000000 1.000000
vn 0.000000 -1.000000 0.000000
vn 0.000000 0.000000 1.000000
vn 1.000000 0.000000 0.000000
vn 0.000000 0.000000 1.000000
vn 0.000000 1.000000 0.000000
vn 1.000000 0.000000 0.000000
vn -1.000000 0.000000 0.000000
vn 0.000000 0.000000 1.000000
vn 0.000000 1.000000 0.000000
vn -1.000000 0.000000 0.000000
vn 0.000000 -1.000000 0.000000
vn 0.000000 0.000000 1.000000
vn 0.000000 -1.000000 0.000000
vn 0.000000 0.000000 1.000000
vn 1.000000 0.000000 0.000000
vn 0.000000 0.000000 1.000000
vn 0.000000 1.000000 0.000000
vn 1.000000 0.000000 0.000000
vn -1.000000 0.000000 0.000000
vn 0.000000 0.000000 1.000000
vn 0.000000 1.000000 0.000000
vn 0.000000 -1.000000 0.000000
vn 0.000000 0.000000 1.000000
vn 1.000000 0.000000 0.000000
vn 0.000000 0.000000 1.000000
vn 0.000000 1.000000 0.000000
vn 1.000000 0.000000 0.000000
vn -1.000000 0.000000 0.000000
vn 0.000000 0.000000 1.000000
vn 0.000000 1.000000 0.000000
vn -1.000000 0.000000 0.000000
vn 0.000000 -1.000000 0.000000
vn 0.000000 0.000000 1.000000
vn 0.000000 -1.000000 0.000000
vn 0.000000 0.000000 1.000000
vn 0.000000 0.000000 1.000000
vn 0.000000 1.000000 0.000000
vn 0.000000 -1.000000 0.000000
vn 0.000000 0.000000 1.000000
vn 0.000000 0.000000 1.000000
vn 0.000000 1.000000 0.000000
vn 0.000000 -1.000000 0.000000
vn 0.000000 0.000000 1.000000
vn 0.000000 0.000000 1.000000
vn 0.000000 1.000000 0.000000
vn 0.000000 -1.000000 0.000000
vn 0.000000 0.000000 1.000000
vn 0.000000 0.000000 1.000000
vn 0.000000 1.000000 0.000000
vn 0.000000 0.000000 1.000000
vn 0.000000 1.000000 0.000000
vn 0.000000 -1.000000 0.000000
vn 0.000000 0.000000 1.000000
vn -0.671766 0.000000 0.740763
vn 0.000000 -0.648293 0.761391
vn 0.000000 0.648293 0.761391
vn 0.671766 0.000000 0.740763
vn -0.671766 0.000000 0.740763
vn 0.000000 -0.648293 0.761391
vn 0.000000 0.648293 0.761391
vn 0.671766 0.000000 0.740763
vn -0.671766 0.000000 0.740763
vn 0.000000 -0.648293 0.761391
vn 0.000000 0.648293 0.761391
vn 0.671766 0.000000 0.740763
vn -0.671766 0.000000 0.740763
vn 0.000000 -0.648293 0.761391
vn 0.000000 0.648293 0.761391
vn 0.671766 0.000000 0.740763
vn -0.671766 0.000000 0.740763
vn 0.000000 -0.648293 0.761391
vn 0.000000 0.648293 0.761391
vn 0.671766 0.000000 0.740763
vn -0.671766 0.000000 0.740763
vn 0.000000 -0.648293 0.761391
vn 0.000000 0.648293 0.761391
vn 0.671766 0.000000 0.740763
vn -0.671766 0.000000 0.740763
vn 0.000000 -0.648293 0.761391
vn 0.000000 0.648293 0.761391
vn 0.671766 0.000000 0.740763
vn -0.671766 0.000000 0.740763
vn 0.000000 -0.648293 0.761391
vn 0.000000 0.648293 0.761391
vn 0.671766 0.000000 0.740763
vn -0.671766 0.000000 0.740763
vn 0.000000 -0.648293 0.761391
vn 0.000000 0.648293 0.761391
vn 0.671766 0.000000 0.740763
vn -0.671766 0.000000 0.740763
vn 0.000000 -0.648293 0.761391
vn 0.000000 0.648293 0.761391
vn 0.671766 0.000000 0.740763
vn -0.671766 0.000000 0.740763
vn 0.000000 -0.648293 0.761391
vn 0.000000 0.648293 0.761391
vn 0.671766 0.000000 0.740763
vn -0.671766 0.000000 0.740763
vn 0.000000 -0.648293 0.761391
vn 0.000000 0.648293 0.761391
vn 0.671766 0.000000 0.740763
vn -0.671766 0.000000 0.740763
vn 0.000000 -0.648293 0.761391
vn 0.000000 0.648293 0.761391
vn 0.671766 0.000000 0.740763
vn -0.671766 0.000000 0.740763
vn 0.000000 -0.648293 0.761391
vn 0.000000 0.648293 0.761391
vn 0.671766 0.000000 0.740763
vn -0.671766 0.000000 0.740763
vn 0.000000 -0.648293 0.761391
vn 0.000000 0.648293 0.761391
vn 0.671766 0.000000 0.740763
vn 0.000000 0.000000 -1.000000
vn 0.000000 1.000000 0.000000
vn 0.000000 -1.000000 0.000000
vn 0.000000 0.000000 -1.000000
vn 0.000000 0.000000 -1.000000
vn 1.000000 0.000000 0.000000
vn -1.000000 0.000000 0.000000
vn 0.000000 0.000000 -1.000000
vn 0.000000 0.000000 -1.000000
vn 0.000000 1.000000 0.000000
vn 1.000000 0.000000 0.000000
vn 0.000000 -1.000000 0.000000
vn 0.000000 0.000000 -1.000000
vn 1.000000 0.000000 0.000000
vn -1.000000 0.000000 0.000000
vn 0.000000 -1.000000 0.000000
vn 0.000000 0.000000 -1.000000
vn -1.000000 0.000000 0.000000
vn 0.000000 0.000000 -1.000000
vn 0.000000 1.000000 0.000000
vn 0.000000 0.000000 -1.000000
vn 1.000000 0.000000 0.000000
vn -1.000000 0.000000 0.000000
vn 0.000000 0.000000 -1.000000
vn 0.000000 0.000000 -1.000000
vn 0.000000 1.000000 0.000000
vn 1.000000 0.000000 0.000000
vn 0.000000 -1.000000 0.000000
vn 0.000000 0.000000 -1.000000
vn 1.000000 0.000000 0.000000
vn -1.000000 0.000000 0.000000
vn 0.000000 -1.000000 0.000000
vn 0.000000 0.000000 -1.000000
vn -1.000000 0.000000 0.000000
vn 0.000000 0.000000 -1.000000
vn 0.000000 1.000000 0.000000
vn 0.000000 0.000000 -1.000000
vn 1.000000 0.000000 0.000000
vn -1.000000 0.000000 0.000000
vn 0.000000 0.000000 -1.000000
vn 0.000000 0.000000 -1.000000
vn 0.000000 1.000000 0.000000
vn 1.000000 0.000000 0.000000
vn 0.000000 -1.000000 0.000000
vn 0.000000 0.000000 -1.000000
vn 1.000000 0.000000 0.000000
vn -1.000000 0.000000 0.000000
vn 0.000000 -1.000000 0.000000
vn 0.000000 0.000000 -1.000000
vn -1.000000 0.000000 0.000000
vn 0.000000 0.000000 -1.000000
vn 0.000000 1.000000 0.000000
vn 0.000000 -1.000000 0.000000
vn 0.000000 0.000000 -1.000000
vn 0.000000 0.000000 -1.000000
vn 0.000000 1.000000 0.000000
vn -0.671766 0.000000 0.740763
vn 0.000000 0.000000 1.000000
vn 0.000000 0.648293 0.761391
vn 0.000000 0.000000 1.000000
vn 0.000000 0.648293 0.761391
vn 0.671766 0.000000 0.740763
vn 0.000000 -0.648293 0.761391
vn 0.000000 0.000000 1.000000
vn 0.671766 0.000000 0.740763
vn -0.671766 0.000000 0.740763
vn 0.000000 -0.648293 0.761391
vn 0.000000 0.000000 1.000000
vn -0.671766 0.000000 0.740763
vn 0.000000 0.000000 1.000000
vn 0.000000 0.648293 0.761391
vn 0.000000 0.000000 1.000000
vn 0.000000 0.648293 0.761391
vn 0.671766 0.000000 0.740763
vn 0.000000 -0.648293 0.761391
vn 0.000000 0.000000 1.000000
vn 0.671766 0.000000 0.740763
vn -0.671766 0.000000 0.740763
vn 0.000000 -0.648293 0.761391
vn 0.000000 0.000000 1.000000
vn -0.671766 0.000000 0.740763
vn 0.000000 0.000000 1.000000
vn 0.000000 0.648293 0.761391
vn 0.000000 0.000000 1.000000
vn 0.000000 0.648293 0.761391
vn 0.671766 0.000000 0.740763
vn 0.000000 -0.648293 0.761391
vn 0.000000 0.000000 1.000000
vn 0.671766 0.000000 0.740763
vn -0.671766 0.000000 0.740763
vn 0.000000 -0.648293 0.761391
vn 0.000000 0.000000 1.000000
vn 0.000000 0.000000 1.000000
vn 0.000000 1.000000 0.000000
vn 0.000000 -1.000000 0.000000
vn 0.000000 0.000000 1.000000
vn 0.000000 0.000000 1.000000
vn 1.000000 0.000000 0.000000
vn -1.000000 0.000000 0.000000
vn 0.000000 0.000000 1.000000
vn -1.000000 0.000000 0.000000
vn 0.000000 0.000000 1.000000
vn 0.000000 1.000000 0.000000
vn 0.000000 0.000000 1.000000
vn 0.000000 1.000000 0.000000
vn 1.000000 0.000000 0.000000
vn 0.000000 -1.000000 0.000000
vn 0.000000 0.000000 1.000000
vn 1.000000 0.000000 0.000000
vn -1.000000 0.000000 0.000000
vn 0.000000 -1.000000 0.000000
vn 0.000000 0.000000 1.000000
vn 0.000000 0.000000 1.000000
vn 1.000000 0.000000 0.000000
vn -1.000000 0.000000 0.000000
vn 0.000000 0.000000 1.000000
vn -1.000000 0.000000 0.000000
vn 0.000000 0.000000 1.000000
vn 0.000000 1.000000 0.000000
vn 0.000000 0.000000 1.000000
vn 0.000000 1.000000 0.000000
vn 1.000000 0.000000 0.000000
vn 0.000000 -1.000000 0.000000
vn 0.000000 0.000000 1.000000
vn 1.000000 0.000000 0.000000
vn -1.000000 0.000000 0.000000
vn 0.000000 -1.000000 0.000000
vn 0.000000 0.000000 1.000000
vn 0.000000 0.000000 1.000000
vn 1.000000 0.000000 0.000000
vn -1.000000 0.000000 0.000000
vn 0.000000 0.000000 1.000000
vn -1.000000 0.000000 0.000000
vn 0.000000 0.000000 1.000000
vn 0.000000 1.000000 0.000000
vn 0.000000 0.000000 1.000000
vn 0.000000 1.000000 0.000000
vn 1.000000 0.000000 0.000000
vn 0.000000 -1.000000 0.000000
vn 0.000000 0.000000 1.000000
vn 1.000000 0.000000 0.000000
vn -1.000000 0.000000 0.000000
vn 0.000000 -1.000000 0.000000
vn 0.000000 0.000000 1.000000
vn 0.000000 0.000000 1.000000
vn 0.000000 1.000000 0.000000
vn 0.000000 -1.000000 0.000000
vn 0.000000 0.000000 1.000000
vn -0.671766 0.000000 0.740763
vn 0.000000 -0.648293 0.761391
vn 0.000000 0.648293 0.761391
vn 0.671766 0.000000 0.740763
vn -0.671766 0.000000 0.740763
vn 0.000000 -0.648293 0.761391
vn 0.000000 0.648293 0.761391
vn 0.671766 0.000000 0.740763
vn -0.671766 0.000000 0.740763
vn 0.000000 -0.648293 0.761391
vn 0.000000 0.648293 0.761391
vn 0.671766 0.000000 0.740763
f 23/23/23 34/34/34 29/29/29
f 23/23/23 29/29/29 25/25/25
f 36/36/36 46/46/46 42/42/42
f 36/36/36 42/42/42 38/38/38
f 48/48/48 58/58/58 54/54/54
f 48/48/48 54/54/54 50/50/50
f 60/60/60 70/70/70 66/66/66
f 60/60/60 66/66/66 62/62/62
f 71/71/71 81/81/81 79/79/79
f 71/71/71 79/79/79 75/75/75
f 85/85/85 96/96/96 91/91/91
f 85/85/85 91/91/91 87/87/87
f 98/98/98 108/108/108 104/104/104
f 98/98/98 104/104/104 100/100/100
f 110/110/110 120/120/120 116/116/116
f 110/110/110 116/116/116 112/112/112
f 122/122/122 132/132/132 128/128/128
f 122/122/122 128/128/128 124/124/124
f 133/133/133 143/143/143 141/141/141
f 133/133/133 141/141/141 137/137/137
f 147/147/147 158/158/158 153/153/153
f 147/147/147 153/153/153 149/149/149
f 160/160/160 170/170/170 166/166/166
f 160/160/160 166/166/166 162/162/162
f 172/172/172 182/182/182 178/178/178
f 172/172/172 178/178/178 174/174/174
f 184/184/184 194/194/194 190/190/190
f 184/184/184 190/190/190 186/186/186
f 195/195/195 205/205/205 203/203/203
f 195/195/195 203/203/203 199/199/199
f 408/408/408 33/33/33 22/22/22
f 25/25/25 29/29/29 46/46/46
f 25/25/25 46/46/46 36/36/36
f 38/38/38 42/42/42 58/58/58
f 38/38/38 58/58/58 48/48/48
f 50/50/50 54/54/54 70/70/70
f 50/50/50 70/70/70 60/60/60
f 62/62/62 66/66/66 79/79/79
f 62/62/62 79/79/79 81/81/81
f 412/412/412 95/95/95 84/84/84
f 87/87/87 91/91/91 108/108/108
f 87/87/87 108/108/108 98/98/98
f 100/100/100 104/104/104 120/120/120
f 100/100/100 120/120/120 110/110/110
f 112/112/112 116/116/116 132/132/132
f 112/112/112 132/132/132 122/122/122
f 124/124/124 128/128/128 141/141/141
f 124/124/124 141/141/141 143/143/143
f 416/416/416 157/157/157 146/146/146
f 149/149/149 153/153/153 170/170/170
f 149/149/149 170/170/170 160/160/160
f 162/162/162 166/166/166 182/182/182
f 162/162/162 182/182/182 172/172/172
f 174/174/174 178/178/178 194/194/194
f 174/174/174 194/194/194 184/184/184
f 186/186/186 190/190/190 203/203/203
f 186/186/186 203/203/203 205/205/205
f 29/29/29 34/34/34 2/2/2
f 29/29/29 2/2/2 3/3/3
f 42/42/42 46/46/46 6/6/6
f 42/42/42 6/6/6 7/7/7
f 54/54/54 58/58/58 10/10/10
f 54/54/54 10/10/10 11/11/11
f 66/66/66 70/70/70 14/14/14
f 66/66/66 14/14/14 15/15/15
f 75/75/75 79/79/79 20/20/20
f 75/75/75 20/20/20 17/17/17
f 91/91/91 96/96/96 23/23/23
f 91/91/91 23/23/23 25/25/25
f 104/104/104 108/108/108 36/36/36
f 104/104/104 36/36/36 38/38/38
f 116/116/116 120/120/120 48/48/48
f 116/116/116 48/48/48 50/50/50
f 128/128/128 132/132/132 60/60/60
f 128/128/128 60/60/60 62/62/62
f 137/137/137 141/141/141 81/81/81
f 137/137/137 81/81/81 71/71/71
f 153/153/153 158/158/158 85/85/85
f 153/153/153 85/85/85 87/87/87
f 166/166/166 170/170/170 98/98/98
f 166/166/166 98/98/98 100/100/100
f 178/178/178 182/182/182 110/110/110
f 178/178/178 110/110/110 112/112/112
f 190/190/190 194/194/194 122/122/122
f 190/190/190 122/122/122 124/124/124
f 199/199/199 203/203/203 143/143/143
f 199/199/199 143/143/143 133/133/133
f 207/207/207 210/210/210 147/147/147
f 207/207/207 147/147/147 149/149/149
f 211/211/211 214/214/214 160/160/160
f 211/211/211 160/160/160 162/162/162
f 215/215/215 218/218/218 172/172/172
f 215/215/215 172/172/172 174/174/174
f 219/219/219 222/222/222 184/184/184
f 219/219/219 184/184/184 186/186/186
f 223/223/223 226/226/226 205/205/205
f 223/223/223 205/205/205 195/195/195
f 348/348/348 350/350/350 686/686/686
f 345/345/345 335/335/335 682/682/682
f 341/341/341 344/344/344 681/681/681
f 339/339/339 343/343/343 683/683/683
f 337/337/337 340/340/340 684/684/684
f 332/332/332 323/323/323 677/677/677
f 330/330/330 334/334/334 679/679/679
f 328/328/328 331/331/331 680/680/680
f 324/324/324 326/326/326 678/678/678
f 320/320/320 311/311/311 673/673/673
f 318/318/318 322/322/322 675/675/675
f 316/316/316 319/319/319 676/676/676
f 312/312/312 314/314/314 674/674/674
f 308/308/308 299/299/299 669/669/669
f 409/409/409 444/444/444 441/441/441
f 447/447/447 457/457/457 455/455/455
f 447/447/447 455/455/455 451/451/451
f 459/459/459 469/469/469 467/467/467
f 459/459/459 467/467/467 463/463/463
f 471/471/471 481/481/481 479/479/479
f 471/471/471 479/479/479 475/475/475
f 483/483/483 490/490/490 500/500/500
f 483/483/483 500/500/500 487/487/487
f 413/413/413 506/506/506 503/503/503
f 509/509/509 519/519/519 517/517/517
f 509/509/509 517/517/517 513/513/513
f 521/521/521 531/531/531 529/529/529
f 521/521/521 529/529/529 525/525/525
f 533/533/533 543/543/543 541/541/541
f 533/533/533 541/541/541 537/537/537
f 545/545/545 552/552/552 562/562/562
f 545/545/545 562/562/562 549/549/549
f 417/417/417 568/568/568 565/565/565
f 571/571/571 581/581/581 579/579/579
f 571/571/571 579/579/579 575/575/575
f 583/583/583 593/593/593 591/591/591
f 583/583/583 591/591/591 587/587/587
f 595/595/595 605/605/605 603/603/603
f 595/595/595 603/603/603 599/599/599
f 607/607/607 614/614/614 624/624/624
f 607/607/607 624/624/624 611/611/611
f 451/451/451 421/421/421 420/420/420
f 451/451/451 420/420/420 442/442/442
f 463/463/463 425/425/425 424/424/424
f 463/463/463 424/424/424 455/455/455
f 475/475/475 429/429/429 428/428/428
f 475/475/475 428/428/428 467/467/467
f 487/487/487 433/433/433 432/432/432
f 487/487/487 432/432/432 479/479/479
f 496/496/496 437/437/437 436/436/436
f 496/496/496 436/436/436 500/500/500
f 513/513/513 447/447/447 445/445/445
f 513/513/513 445/445/445 504/504/504
f 525/525/525 459/459/459 457/457/457
f 525/525/525 457/457/457 517/517/517
f 537/537/537 471/471/471 469/469/469
f 537/537/537 469/469/469 529/529/529
f 549/549/549 483/483/483 481/481/481
f 549/549/549 481/481/481 541/541/541
f 558/558/558 492/492/492 490/490/490
f 558/558/558 490/490/490 562/562/562
f 575/575/575 509/509/509 507/507/507
f 575/575/575 507/507/507 566/566/566
f 587/587/587 521/521/521 519/519/519
f 587/587/587 519/519/519 579/579/579
f 599/599/599 533/533/533 531/531/531
f 599/599/599 531/531/531 591/591/591
f 611/611/611 545/545/545 543/543/543
f 611/611/611 543/543/543 603/603/603
f 620/620/620 554/554/554 552/552/552
f 620/620/620 552/552/552 624/624/624
f 627/627/627 571/571/571 569/569/569
f 627/627/627 569/569/569 626/626/626
f 631/631/631 583/583/583 581/581/581
f 631/631/631 581/581/581 630/630/630
f 635/635/635 595/595/595 593/593/593
f 635/635/635 593/593/593 634/634/634
f 639/639/639 607/607/607 605/605/605
f 639/639/639 605/605/605 638/638/638
f 641/641/641 616/616/616 614/614/614
f 641/641/641 614/614/614 644/644/644
f 414/414/414 86/86/86 508/508/508
f 93/93/93 411/411/411 501/501/501
f 30/30/30 4/4/4 422/422/422
f 30/30/30 422/422/422 452/452/452
f 89/89/89 99/99/99 520/520/520
f 89/89/89 520/520/520 511/511/511
f 1/1/1 32/32/32 440/440/440
f 1/1/1 440/440/440 419/419/419
f 106/106/106 90/90/90 512/512/512
f 106/106/106 512/512/512 515/515/515
f 43/43/43 8/8/8 426/426/426
f 43/43/43 426/426/426 464/464/464
f 102/102/102 111/111/111 532/532/532
f 102/102/102 532/532/532 523/523/523
f 5/5/5 45/45/45 454/454/454
f 5/5/5 454/454/454 423/423/423
f 118/118/118 103/103/103 524/524/524
f 118/118/118 524/524/524 527/527/527
f 55/55/55 12/12/12 430/430/430
f 55/55/55 430/430/430 476/476/476
f 114/114/114 123/123/123 544/544/544
f 114/114/114 544/544/544 535/535/535
f 9/9/9 57/57/57 466/466/466
f 9/9/9 466/466/466 427/427/427
f 130/130/130 115/115/115 536/536/536
f 130/130/130 536/536/536 539/539/539
f 67/67/67 16/16/16 434/434/434
f 67/67/67 434/434/434 488/488/488
f 126/126/126 144/144/144 553/553/553
f 126/126/126 553/553/553 547/547/547
f 13/13/13 69/69/69 478/478/478
f 13/13/13 478/478/478 431/431/431
f 139/139/139 127/127/127 548/548/548
f 139/139/139 548/548/548 560/560/560
f 19/19/19 78/78/78 499/499/499
f 19/19/19 499/499/499 435/435/435
f 92/92/92 26/26/26 448/448/448
f 92/92/92 448/448/448 514/514/514
f 21/21/21 94/94/94 502/502/502
f 21/21/21 502/502/502 443/443/443
f 105/105/105 39/39/39 460/460/460
f 105/105/105 460/460/460 526/526/526
f 418/418/418 148/148/148 570/570/570
f 35/35/35 107/107/107 516/516/516
f 35/35/35 516/516/516 456/456/456
f 155/155/155 415/415/415 563/563/563
f 117/117/117 51/51/51 472/472/472
f 117/117/117 472/472/472 538/538/538
f 151/151/151 161/161/161 582/582/582
f 151/151/151 582/582/582 573/573/573
f 47/47/47 119/119/119 528/528/528
f 47/47/47 528/528/528 468/468/468
f 168/168/168 152/152/152 574/574/574
f 168/168/168 574/574/574 577/577/577
f 129/129/129 63/63/63 484/484/484
f 129/129/129 484/484/484 550/550/550
f 164/164/164 173/173/173 594/594/594
f 164/164/164 594/594/594 585/585/585
f 59/59/59 131/131/131 540/540/540
f 59/59/59 540/540/540 480/480/480
f 180/180/180 165/165/165 586/586/586
f 180/180/180 586/586/586 589/589/589
f 176/176/176 185/185/185 606/606/606
f 176/176/176 606/606/606 597/597/597
f 80/80/80 140/140/140 561/561/561
f 80/80/80 561/561/561 489/489/489
f 192/192/192 177/177/177 598/598/598
f 192/192/192 598/598/598 601/601/601
f 154/154/154 88/88/88 510/510/510
f 154/154/154 510/510/510 576/576/576
f 188/188/188 206/206/206 615/615/615
f 188/188/188 615/615/615 609/609/609
f 83/83/83 156/156/156 564/564/564
f 83/83/83 564/564/564 505/505/505
f 201/201/201 189/189/189 610/610/610
f 201/201/201 610/610/610 622/622/622
f 167/167/167 101/101/101 522/522/522
f 167/167/167 522/522/522 588/588/588
f 97/97/97 169/169/169 578/578/578
f 97/97/97 578/578/578 518/518/518
f 179/179/179 113/113/113 534/534/534
f 179/179/179 534/534/534 600/600/600
f 109/109/109 181/181/181 590/590/590
f 109/109/109 590/590/590 530/530/530
f 191/191/191 125/125/125 546/546/546
f 191/191/191 546/546/546 612/612/612
f 121/121/121 193/193/193 602/602/602
f 121/121/121 602/602/602 542/542/542
f 142/142/142 202/202/202 623/623/623
f 142/142/142 623/623/623 551/551/551
f 208/208/208 150/150/150 572/572/572
f 208/208/208 572/572/572 628/628/628
f 145/145/145 209/209/209 625/625/625
f 145/145/145 625/625/625 567/567/567
f 212/212/212 163/163/163 584/584/584
f 212/212/212 584/584/584 632/632/632
f 159/159/159 213/213/213 629/629/629
f 159/159/159 629/629/629 580/580/580
f 216/216/216 175/175/175 596/596/596
f 216/216/216 596/596/596 636/636/636
f 171/171/171 217/217/217 633/633/633
f 171/171/171 633/633/633 592/592/592
f 410/410/410 24/24/24 446/446/446
f 220/220/220 187/187/187 608/608/608
f 220/220/220 608/608/608 640/640/640
f 31/31/31 407/407/407 439/439/439
f 183/183/183 221/221/221 637/637/637
f 183/183/183 637/637/637 604/604/604
f 27/27/27 37/37/37 458/458/458
f 27/27/27 458/458/458 449/449/449
f 44/44/44 28/28/28 450/450/450
f 44/44/44 450/450/450 453/453/453
f 204/204/204 225/225/225 643/643/643
f 204/204/204 643/643/643 613/613/613
f 40/40/40 49/49/49 470/470/470
f 40/40/40 470/470/470 461/461/461
f 56/56/56 41/41/41 462/462/462
f 56/56/56 462/462/462 465/465/465
f 52/52/52 61/61/61 482/482/482
f 52/52/52 482/482/482 473/473/473
f 68/68/68 53/53/53 474/474/474
f 68/68/68 474/474/474 477/477/477
f 64/64/64 82/82/82 491/491/491
f 64/64/64 491/491/491 485/485/485
f 77/77/77 65/65/65 486/486/486
f 77/77/77 486/486/486 498/498/498
f 231/231/231 229/229/229 442/442/442
f 231/231/231 442/442/442 445/445/445
f 233/233/233 231/231/231 445/445/445
f 233/233/233 445/445/445 447/447/447
f 237/237/237 233/233/233 447/447/447
f 237/237/237 447/447/447 451/451/451
f 229/229/229 237/237/237 451/451/451
f 229/229/229 451/451/451 442/442/442
f 243/243/243 241/241/241 455/455/455
f 243/243/243 455/455/455 457/457/457
f 245/245/245 243/243/243 457/457/457
f 245/245/245 457/457/457 459/459/459
f 249/249/249 245/245/245 459/459/459
f 249/249/249 459/459/459 463/463/463
f 241/241/241 249/249/249 463/463/463
f 241/241/241 463/463/463 455/455/455
f 255/255/255 253/253/253 467/467/467
f 255/255/255 467/467/467 469/469/469
f 257/257/257 255/255/255 469/469/469
f 257/257/257 469/469/469 471/471/471
f 261/261/261 257/257/257 471/471/471
f 261/261/261 471/471/471 475/475/475
f 253/253/253 261/261/261 475/475/475
f 253/253/253 475/475/475 467/467/467
f 267/267/267 265/265/265 479/479/479
f 267/267/267 479/479/479 481/481/481
f 269/269/269 267/267/267 481/481/481
f 269/269/269 481/481/481 483/483/483
f 273/273/273 269/269/269 483/483/483
f 273/273/273 483/483/483 487/487/487
f 265/265/265 273/273/273 487/487/487
f 265/265/265 487/487/487 479/479/479
f 278/278/278 276/276/276 490/490/490
f 278/278/278 490/490/490 492/492/492
f 282/282/282 278/278/278 492/492/492
f 282/282/282 492/492/492 496/496/496
f 286/286/286 282/282/282 496/496/496
f 286/286/286 496/496/496 500/500/500
f 276/276/276 286/286/286 500/500/500
f 276/276/276 500/500/500 490/490/490
f 291/291/291 289/289/289 504/504/504
f 291/291/291 504/504/504 507/507/507
f 293/293/293 291/291/291 507/507/507
f 293/293/293 507/507/507 509/509/509
f 297/297/297 293/293/293 509/509/509
f 297/297/297 509/509/509 513/513/513
f 289/289/289 297/297/297 513/513/513
f 289/289/289 513/513/513 504/504/504
f 303/303/303 301/301/301 517/517/517
f 303/303/303 517/517/517 519/519/519
f 305/305/305 303/303/303 519/519/519
f 305/305/305 519/519/519 521/521/521
f 309/309/309 305/305/305 521/521/521
f 309/309/309 521/521/521 525/525/525
f 301/301/301 309/309/309 525/525/525
f 301/301/301 525/525/525 517/517/517
f 315/315/315 313/313/313 529/529/529
f 315/315/315 529/529/529 531/531/531
f 317/317/317 315/315/315 531/531/531
f 317/317/317 531/531/531 533/533/533
f 321/321/321 317/317/317 533/533/533
f 321/321/321 533/533/533 537/537/537
f 313/313/313 321/321/321 537/537/537
f 313/313/313 537/537/537 529/529/529
f 327/327/327 325/325/325 541/541/541
f 327/327/327 541/541/541 543/543/543
f 329/329/329 327/327/327 543/543/543
f 329/329/329 543/543/543 545/545/545
f 333/333/333 329/329/329 545/545/545
f 333/333/333 545/545/545 549/549/549
f 325/325/325 333/333/333 549/549/549
f 325/325/325 549/549/549 541/541/541
f 338/338/338 336/336/336 552/552/552
f 338/338/338 552/552/552 554/554/554
f 342/342/342 338/338/338 554/554/554
f 342/342/342 554/554/554 558/558/558
f 346/346/346 342/342/342 558/558/558
f 346/346/346 558/558/558 562/562/562
f 336/336/336 346/346/346 562/562/562
f 336/336/336 562/562/562 552/552/552
f 351/351/351 349/349/349 566/566/566
f 351/351/351 566/566/566 569/569/569
f 353/353/353 351/351/351 569/569/569
f 353/353/353 569/569/569 571/571/571
f 357/357/357 353/353/353 571/571/571
f 357/357/357 571/571/571 575/575/575
f 349/349/349 357/357/357 575/575/575
f 349/349/349 575/575/575 566/566/566
f 363/363/363 361/361/361 579/579/579
f 363/363/363 579/579/579 581/581/581
f 365/365/365 363/363/363 581/581/581
f 365/365/365 581/581/581 583/583/583
f 369/369/369 365/365/365 583/583/583
f 369/369/369 583/583/583 587/587/587
f 361/361/361 369/369/369 587/587/587
f 361/361/361 587/587/587 579/579/579
f 375/375/375 373/373/373 591/591/591
f 375/375/375 591/591/591 593/593/593
f 377/377/377 375/375/375 593/593/593
f 377/377/377 593/593/593 595/595/595
f 381/381/381 377/377/377 595/595/595
f 381/381/381 595/595/595 599/599/599
f 373/373/373 381/381/381 599/599/599
f 373/373/373 599/599/599 591/591/591
f 387/387/387 385/385/385 603/603/603
f 387/387/387 603/603/603 605/605/605
f 389/389/389 387/387/387 605/605/605
f 389/389/389 605/605/605 607/607/607
f 393/393/393 389/389/389 607/607/607
f 393/393/393 607/607/607 611/611/611
f 385/385/385 393/393/393 611/611/611
f 385/385/385 611/611/611 603/603/603
f 398/398/398 396/396/396 614/614/614
f 398/398/398 614/614/614 616/616/616
f 402/402/402 398/398/398 616/616/616
f 402/402/402 616/616/616 620/620/620
f 406/406/406 402/402/402 620/620/620
f 406/406/406 620/620/620 624/624/624
f 396/396/396 406/406/406 624/624/624
f 396/396/396 624/624/624 614/614/614
f 352/352/352 355/355/355 688/688/688
f 354/354/354 358/358/358 687/687/687
f 356/356/356 347/347/347 685/685/685
f 360/360/360 362/362/362 690/690/690
f 364/364/364 367/367/367 692/692/692
f 366/366/366 370/370/370 691/691/691
f 368/368/368 359/359/359 689/689/689
f 372/372/372 374/374/374 694/694/694
f 376/376/376 379/379/379 696/696/696
f 378/378/378 382/382/382 695/695/695
f 380/380/380 371/371/371 693/693/693
f 228/228/228 230/230/230 646/646/646
f 384/384/384 386/386/386 698/698/698
f 232/232/232 235/235/235 648/648/648
f 388/388/388 391/391/391 700/700/700
f 234/234/234 238/238/238 647/647/647
f 390/390/390 394/394/394 699/699/699
f 236/236/236 227/227/227 645/645/645
f 392/392/392 383/383/383 697/697/697
f 240/240/240 242/242/242 650/650/650
f 397/397/397 400/400/400 704/704/704
f 244/244/244 247/247/247 652/652/652
f 399/399/399 403/403/403 703/703/703
f 246/246/246 250/250/250 651/651/651
f 401/401/401 404/404/404 701/701/701
f 248/248/248 239/239/239 649/649/649
f 405/405/405 395/395/395 702/702/702
f 252/252/252 254/254/254 654/654/654
f 256/256/256 259/259/259 656/656/656
f 258/258/258 262/262/262 655/655/655
f 260/260/260 251/251/251 653/653/653
f 264/264/264 266/266/266 658/658/658
f 268/268/268 271/271/271 660/660/660
f 270/270/270 274/274/274 659/659/659
f 272/272/272 263/263/263 657/657/657
f 277/277/277 280/280/280 664/664/664
f 279/279/279 283/283/283 663/663/663
f 281/281/281 284/284/284 661/661/661
f 285/285/285 275/275/275 662/662/662
f 288/288/288 290/290/290 666/666/666
f 292/292/292 295/295/295 668/668/668
f 294/294/294 298/298/298 667/667/667
f 296/296/296 287/287/287 665/665/665
f 300/300/300 302/302/302 670/670/670
f 304/304/304 307/307/307 672/672/672
f 306/306/306 310/310/310 671/671/671
f 713/713/713 717/717/717 721/721/721
f 713/713/713 721/721/721 723/723/723
f 729/729/729 733/733/733 737/737/737
f 729/729/729 737/737/737 739/739/739
f 745/745/745 749/749/749 753/753/753
f 745/745/745 753/753/753 755/755/755
f 709/709/709 713/713/713 723/723/723
f 709/709/709 723/723/723 712/712/712
f 717/717/717 71/71/71 75/75/75
f 717/717/717 75/75/75 721/721/721
f 725/725/725 729/729/729 739/739/739
f 725/725/725 739/739/739 728/728/728
f 733/733/733 133/133/133 137/137/137
f 733/733/733 137/137/137 737/737/737
f 741/741/741 745/745/745 755/755/755
f 741/741/741 755/755/755 744/744/744
f 749/749/749 195/195/195 199/199/199
f 749/749/749 199/199/199 753/753/753
f 721/721/721 708/708/708 705/705/705
f 721/721/721 705/705/705 723/723/723
f 737/737/737 717/717/717 713/713/713
f 737/737/737 713/713/713 739/739/739
f 753/753/753 733/733/733 729/729/729
f 753/753/753 729/729/729 755/755/755
f 758/758/758 749/749/749 745/745/745
f 758/758/758 745/745/745 759/759/759
f 782/782/782 857/857/857 773/773/773
f 779/779/779 858/858/858 783/783/783
f 778/778/778 860/860/860 781/781/781
f 775/775/775 859/859/859 777/777/777
f 801/801/801 804/804/804 806/806/806
f 801/801/801 806/806/806 808/808/808
f 812/812/812 816/816/816 496/496/496
f 812/812/812 496/496/496 492/492/492
f 817/817/817 820/820/820 822/822/822
f 817/817/817 822/822/822 824/824/824
f 828/828/828 832/832/832 558/558/558
f 828/828/828 558/558/558 554/554/554
f 833/833/833 836/836/836 838/838/838
f 833/833/833 838/838/838 840/840/840
f 844/844/844 848/848/848 620/620/620
f 844/844/844 620/620/620 616/616/616
f 816/816/816 806/806/806 797/797/797
f 816/816/816 797/797/797 800/800/800
f 832/832/832 822/822/822 808/808/808
f 832/832/832 808/808/808 812/812/812
f 848/848/848 838/838/838 824/824/824
f 848/848/848 824/824/824 828/828/828
f 852/852/852 849/849/849 840/840/840
f 852/852/852 840/840/840 844/844/844
f 726/726/726 818/818/818 826/826/826
f 726/726/726 826/826/826 731/731/731
f 738/738/738 821/821/821 819/819/819
f 738/738/738 819/819/819 727/727/727
f 720/720/720 815/815/815 799/799/799
f 720/720/720 799/799/799 707/707/707
f 734/734/734 829/829/829 556/556/556
f 734/734/734 556/556/556 135/135/135
f 706/706/706 798/798/798 807/807/807
f 706/706/706 807/807/807 724/724/724
f 136/136/136 557/557/557 830/830/830
f 136/136/136 830/830/830 735/735/735
f 18/18/18 438/438/438 497/497/497
f 18/18/18 497/497/497 76/76/76
f 736/736/736 831/831/831 811/811/811
f 736/736/736 811/811/811 716/716/716
f 714/714/714 809/809/809 823/823/823
f 714/714/714 823/823/823 740/740/740
f 742/742/742 834/834/834 842/842/842
f 742/742/742 842/842/842 747/747/747
f 72/72/72 493/493/493 559/559/559
f 72/72/72 559/559/559 138/138/138
f 754/754/754 837/837/837 835/835/835
f 754/754/754 835/835/835 743/743/743
f 750/750/750 845/845/845 618/618/618
f 750/750/750 618/618/618 197/197/197
f 198/198/198 619/619/619 846/846/846
f 198/198/198 846/846/846 751/751/751
f 752/752/752 847/847/847 827/827/827
f 752/752/752 827/827/827 732/732/732
f 730/730/730 825/825/825 839/839/839
f 730/730/730 839/839/839 756/756/756
f 134/134/134 555/555/555 621/621/621
f 134/134/134 621/621/621 200/200/200
f 757/757/757 851/851/851 843/843/843
f 757/757/757 843/843/843 748/748/748
f 746/746/746 841/841/841 850/850/850
f 746/746/746 850/850/850 760/760/760
f 196/196/196 617/617/617 642/642/642
f 196/196/196 642/642/642 224/224/224
f 710/710/710 802/802/802 810/810/810
f 710/710/710 810/810/810 715/715/715
f 722/722/722 805/805/805 803/803/803
f 722/722/722 803/803/803 711/711/711
f 718/718/718 813/813/813 494/494/494
f 718/718/718 494/494/494 73/73/73
f 74/74/74 495/495/495 814/814/814
f 74/74/74 814/814/814 719/719/719
f 764/764/764 808/808/808 806/806/806
f 764/764/764 806/806/806 762/762/762
f 768/768/768 812/812/812 808/808/808
f 768/768/768 808/808/808 764/764/764
f 772/772/772 816/816/816 812/812/812
f 772/772/772 812/812/812 768/768/768
f 762/762/762 806/806/806 816/816/816
f 762/762/762 816/816/816 772/772/772
f 776/776/776 824/824/824 822/822/822
f 776/776/776 822/822/822 774/774/774
f 780/780/780 828/828/828 824/824/824
f 780/780/780 824/824/824 776/776/776
f 784/784/784 832/832/832 828/828/828
f 784/784/784 828/828/828 780/780/780
f 774/774/774 822/822/822 832/832/832
f 774/774/774 832/832/832 784/784/784
f 788/788/788 840/840/840 838/838/838
f 788/788/788 838/838/838 786/786/786
f 792/792/792 844/844/844 840/840/840
f 792/792/792 840/840/840 788/788/788
f 796/796/796 848/848/848 844/844/844
f 796/796/796 844/844/844 792/792/792
f 786/786/786 838/838/838 848/848/848
f 786/786/786 848/848/848 796/796/796
f 787/787/787 863/863/863 789/789/789
f 790/790/790 864/864/864 793/793/793
f 791/791/791 862/862/862 795/795/795
f 794/794/794 861/861/861 785/785/785
f 763/763/763 855/855/855 765/765/765
f 766/766/766 856/856/856 769/769/769
f 767/767/767 854/854/854 771/771/771
f 770/770/770 853/853/853 761/761/761
