# generated by the editor's model importer
v -0.160190 1.562746 -0.802966 1.000000 1.000000 1.000000 1.000000
v -0.199355 1.564979 -0.701905 1.000000 1.000000 1.000000 1.000000
v -0.159428 1.834799 -0.682537 1.000000 1.000000 1.000000 1.000000
v -0.199355 1.564979 -0.701905 1.000000 1.000000 1.000000 1.000000
v -0.198862 1.728594 -0.628594 1.000000 1.000000 1.000000 1.000000
v -0.159428 1.834799 -0.682537 1.000000 1.000000 1.000000 1.000000
v -0.159428 1.834799 -0.682537 1.000000 1.000000 1.000000 1.000000
v -0.198862 1.728594 -0.628594 1.000000 1.000000 1.000000 1.000000
v -0.159510 1.838648 -0.428425 1.000000 1.000000 1.000000 1.000000
v -0.198862 1.728594 -0.628594 1.000000 1.000000 1.000000 1.000000
v -0.198415 1.734261 -0.476934 1.000000 1.000000 1.000000 1.000000
v -0.159510 1.838648 -0.428425 1.000000 1.000000 1.000000 1.000000
v -0.159510 1.838648 -0.428425 1.000000 1.000000 1.000000 1.000000
v -0.198415 1.734261 -0.476934 1.000000 1.000000 1.000000 1.000000
v -0.159472 1.580200 -0.295436 1.000000 1.000000 1.000000 1.000000
v -0.198415 1.734261 -0.476934 1.000000 1.000000 1.000000 1.000000
v -0.199468 1.577757 -0.397704 1.000000 1.000000 1.000000 1.000000
v -0.159472 1.580200 -0.295436 1.000000 1.000000 1.000000 1.000000
v -0.159472 1.580200 -0.295436 1.000000 1.000000 1.000000 1.000000
v -0.199468 1.577757 -0.397704 1.000000 1.000000 1.000000 1.000000
v -0.159306 1.312878 -0.417179 1.000000 1.000000 1.000000 1.000000
v -0.199468 1.577757 -0.397704 1.000000 1.000000 1.000000 1.000000
v -0.199109 1.414855 -0.470365 1.000000 1.000000 1.000000 1.000000
v -0.159306 1.312878 -0.417179 1.000000 1.000000 1.000000 1.000000
v -0.159306 1.312878 -0.417179 1.000000 1.000000 1.000000 1.000000
v -0.199109 1.414855 -0.470365 1.000000 1.000000 1.000000 1.000000
v -0.160097 1.299275 -0.670602 1.000000 1.000000 1.000000 1.000000
v -0.199109 1.414855 -0.470365 1.000000 1.000000 1.000000 1.000000
v -0.199558 1.407743 -0.622075 1.000000 1.000000 1.000000 1.000000
v -0.160097 1.299275 -0.670602 1.000000 1.000000 1.000000 1.000000
v -0.160097 1.299275 -0.670602 1.000000 1.000000 1.000000 1.000000
v -0.199558 1.407743 -0.622075 1.000000 1.000000 1.000000 1.000000
v -0.160190 1.562746 -0.802966 1.000000 1.000000 1.000000 1.000000
v -0.199558 1.407743 -0.622075 1.000000 1.000000 1.000000 1.000000
v -0.199355 1.564979 -0.701905 1.000000 1.000000 1.000000 1.000000
v -0.160190 1.562746 -0.802966 1.000000 1.000000 1.000000 1.000000
v -0.398748 1.700908 -0.491396 1.000000 1.000000 1.000000 1.000000
v -0.398131 1.696246 -0.613259 1.000000 1.000000 1.000000 1.000000
v -0.398530 1.576809 -0.427849 1.000000 1.000000 1.000000 1.000000
v -0.398748 1.700908 -0.491396 1.000000 1.000000 1.000000 1.000000
v -0.398593 1.447594 -0.485483 1.000000 1.000000 1.000000 1.000000
v -0.398530 1.576809 -0.427849 1.000000 1.000000 1.000000 1.000000
v -0.397977 1.442018 -0.607383 1.000000 1.000000 1.000000 1.000000
v -0.398593 1.447594 -0.485483 1.000000 1.000000 1.000000 1.000000
v -0.398593 1.447594 -0.485483 1.000000 1.000000 1.000000 1.000000
v -0.398182 1.566603 -0.670781 1.000000 1.000000 1.000000 1.000000
v -0.397977 1.442018 -0.607383 1.000000 1.000000 1.000000 1.000000
v -0.397977 1.442018 -0.607383 1.000000 1.000000 1.000000 1.000000
v -0.398131 1.696246 -0.613259 1.000000 1.000000 1.000000 1.000000
v -0.398182 1.566603 -0.670781 1.000000 1.000000 1.000000 1.000000
v -0.398182 1.566603 -0.670781 1.000000 1.000000 1.000000 1.000000
v -0.398593 1.447594 -0.485483 1.000000 1.000000 1.000000 1.000000
v -0.398530 1.576809 -0.427849 1.000000 1.000000 1.000000 1.000000
v -0.398182 1.566603 -0.670781 1.000000 1.000000 1.000000 1.000000
v -0.398530 1.576809 -0.427849 1.000000 1.000000 1.000000 1.000000
v -0.398748 1.700908 -0.491396 1.000000 1.000000 1.000000 1.000000
v -0.398182 1.566603 -0.670781 1.000000 1.000000 1.000000 1.000000
v -0.398182 1.566603 -0.670781 1.000000 1.000000 1.000000 1.000000
v -0.398748 1.700908 -0.491396 1.000000 1.000000 1.000000 1.000000
v -0.398131 1.696246 -0.613259 1.000000 1.000000 1.000000 1.000000
v 0.159453 1.912505 0.096867 1.000000 1.000000 1.000000 1.000000
v -0.159453 1.912505 0.096867 1.000000 1.000000 1.000000 1.000000
v 0.159366 1.681218 0.231410 1.000000 1.000000 1.000000 1.000000
v -0.159366 1.681218 0.231410 1.000000 1.000000 1.000000 1.000000
v -0.108105 0.000000 -0.232574 1.000000 1.000000 1.000000 1.000000
v -0.210478 1.197456 -0.054783 1.000000 1.000000 1.000000 1.000000
v 0.210478 1.197456 -0.054783 1.000000 1.000000 1.000000 1.000000
v -0.199256 1.837637 0.045142 1.000000 1.000000 1.000000 1.000000
v 0.210478 1.197456 -0.054783 1.000000 1.000000 1.000000 1.000000
v -0.199256 1.837637 0.045142 1.000000 1.000000 1.000000 1.000000
v 0.199256 1.837637 0.045142 1.000000 1.000000 1.000000 1.000000
v -0.159453 1.912505 0.096867 1.000000 1.000000 1.000000 1.000000
v 0.199256 1.837637 0.045142 1.000000 1.000000 1.000000 1.000000
v -0.159453 1.912505 0.096867 1.000000 1.000000 1.000000 1.000000
v 0.159453 1.912505 0.096867 1.000000 1.000000 1.000000 1.000000
v 0.260798 1.808254 0.037881 1.000000 1.000000 1.000000 1.000000
v 0.199256 1.837637 0.045142 1.000000 1.000000 1.000000 1.000000
v 0.159366 1.681218 0.231410 1.000000 1.000000 1.000000 1.000000
v 0.199256 1.837637 0.045142 1.000000 1.000000 1.000000 1.000000
v 0.159453 1.912505 0.096867 1.000000 1.000000 1.000000 1.000000
v 0.260798 1.808254 0.037881 1.000000 1.000000 1.000000 1.000000
v 0.282477 1.310527 -0.100550 1.000000 1.000000 1.000000 1.000000
v 0.199256 1.837637 0.045142 1.000000 1.000000 1.000000 1.000000
v 0.210478 1.197456 -0.054783 1.000000 1.000000 1.000000 1.000000
v -0.159453 1.912505 0.096867 1.000000 1.000000 1.000000 1.000000
v 0.210478 1.197456 -0.054783 1.000000 1.000000 1.000000 1.000000
v -0.199256 1.837637 0.045142 1.000000 1.000000 1.000000 1.000000
v -0.159453 1.912505 0.096867 1.000000 1.000000 1.000000 1.000000
v -0.159453 1.912505 0.096867 1.000000 1.000000 1.000000 1.000000
v -0.199256 1.837637 0.045142 1.000000 1.000000 1.000000 1.000000
v -0.260798 1.808254 0.037881 1.000000 1.000000 1.000000 1.000000
v -0.282477 1.310527 -0.100550 1.000000 1.000000 1.000000 1.000000
v -0.260798 1.808254 0.037881 1.000000 1.000000 1.000000 1.000000
v -0.108105 0.000000 -0.232574 1.000000 1.000000 1.000000 1.000000
v -0.093248 0.012111 -0.215583 1.000000 1.000000 1.000000 1.000000
v -0.210478 1.197456 -0.054783 1.000000 1.000000 1.000000 1.000000
v -0.093248 0.012111 -0.215583 1.000000 1.000000 1.000000 1.000000
v -0.168295 1.285729 0.116975 1.000000 1.000000 1.000000 1.000000
v -0.210478 1.197456 -0.054783 1.000000 1.000000 1.000000 1.000000
v -0.282477 1.310527 -0.100550 1.000000 1.000000 1.000000 1.000000
v -0.260798 1.808254 0.037881 1.000000 1.000000 1.000000 1.000000
v 0.093248 0.012111 -0.215583 1.000000 1.000000 1.000000 1.000000
v -0.093248 0.012111 -0.215583 1.000000 1.000000 1.000000 1.000000
v 0.111157 0.006949 -0.221371 1.000000 1.000000 1.000000 1.000000
v -0.093248 0.012111 -0.215583 1.000000 1.000000 1.000000 1.000000
v -0.093248 0.012111 -0.215583 1.000000 1.000000 1.000000 1.000000
v 0.168295 1.285729 0.116975 1.000000 1.000000 1.000000 1.000000
v 0.093248 0.012111 -0.215583 1.000000 1.000000 1.000000 1.000000
v 0.111157 0.006949 -0.221371 1.000000 1.000000 1.000000 1.000000
v 0.168295 1.285729 0.116975 1.000000 1.000000 1.000000 1.000000
v 0.111157 0.006949 -0.221371 1.000000 1.000000 1.000000 1.000000
v 0.210478 1.197456 -0.054783 1.000000 1.000000 1.000000 1.000000
v 0.168295 1.285729 0.116975 1.000000 1.000000 1.000000 1.000000
v 0.282477 1.310527 -0.100550 1.000000 1.000000 1.000000 1.000000
v -0.398182 1.566603 -0.670781 1.000000 1.000000 1.000000 1.000000
v -0.397977 1.442018 -0.607383 1.000000 1.000000 1.000000 1.000000
v -0.398593 1.447594 -0.485483 1.000000 1.000000 1.000000 1.000000
v 0.111157 0.006949 -0.221371 1.000000 1.000000 1.000000 1.000000
v -0.260798 1.808254 0.037881 1.000000 1.000000 1.000000 1.000000
v -0.647112 2.445281 -0.359131 1.000000 1.000000 1.000000 1.000000
v -0.631313 2.441458 -0.307326 1.000000 1.000000 1.000000 1.000000
v -0.659900 2.452896 -0.359427 1.000000 1.000000 1.000000 1.000000
v -0.659266 2.455908 -0.307476 1.000000 1.000000 1.000000 1.000000
v -0.631999 2.576384 -0.361815 1.000000 1.000000 1.000000 1.000000
v -0.631313 2.441458 -0.307326 1.000000 1.000000 1.000000 1.000000
v -0.631494 2.576272 -0.309876 1.000000 1.000000 1.000000 1.000000
v -0.631313 2.441458 -0.307326 1.000000 1.000000 1.000000 1.000000
v -0.631494 2.576272 -0.309876 1.000000 1.000000 1.000000 1.000000
v -0.659266 2.455908 -0.307476 1.000000 1.000000 1.000000 1.000000
v -0.671602 2.579259 -0.309828 1.000000 1.000000 1.000000 1.000000
v -0.671602 2.579259 -0.309828 1.000000 1.000000 1.000000 1.000000
v -0.631494 2.576272 -0.309876 1.000000 1.000000 1.000000 1.000000
v -0.631999 2.576384 -0.361815 1.000000 1.000000 1.000000 1.000000
v -0.669163 2.572895 -0.359230 1.000000 1.000000 1.000000 1.000000
v -0.671602 2.579259 -0.309828 1.000000 1.000000 1.000000 1.000000
v -0.669163 2.572895 -0.359230 1.000000 1.000000 1.000000 1.000000
v -0.671602 2.579259 -0.309828 1.000000 1.000000 1.000000 1.000000
v -0.659900 2.452896 -0.359427 1.000000 1.000000 1.000000 1.000000
v 0.659266 2.455908 -0.307476 1.000000 1.000000 1.000000 1.000000
v 0.631313 2.441458 -0.307326 1.000000 1.000000 1.000000 1.000000
v 0.659900 2.452896 -0.359427 1.000000 1.000000 1.000000 1.000000
v 0.628161 2.435698 -0.359749 1.000000 1.000000 1.000000 1.000000
v 0.631494 2.576272 -0.309876 1.000000 1.000000 1.000000 1.000000
v 0.631999 2.576384 -0.361815 1.000000 1.000000 1.000000 1.000000
v 0.631313 2.441458 -0.307326 1.000000 1.000000 1.000000 1.000000
v 0.671602 2.579259 -0.309828 1.000000 1.000000 1.000000 1.000000
v 0.631494 2.576272 -0.309876 1.000000 1.000000 1.000000 1.000000
v 0.659266 2.455908 -0.307476 1.000000 1.000000 1.000000 1.000000
v 0.631313 2.441458 -0.307326 1.000000 1.000000 1.000000 1.000000
v 0.669163 2.572895 -0.359230 1.000000 1.000000 1.000000 1.000000
v 0.631999 2.576384 -0.361815 1.000000 1.000000 1.000000 1.000000
v 0.671602 2.579259 -0.309828 1.000000 1.000000 1.000000 1.000000
v 0.671602 2.579259 -0.309828 1.000000 1.000000 1.000000 1.000000
v 0.631999 2.576384 -0.361815 1.000000 1.000000 1.000000 1.000000
v 0.631494 2.576272 -0.309876 1.000000 1.000000 1.000000 1.000000
v 0.669163 2.572895 -0.359230 1.000000 1.000000 1.000000 1.000000
v 0.671602 2.579259 -0.309828 1.000000 1.000000 1.000000 1.000000
v -0.306784 3.430882 -0.437414 1.000000 1.000000 1.000000 1.000000
v -0.306194 3.423481 -0.596397 1.000000 1.000000 1.000000 1.000000
v -0.398934 3.431002 -0.436967 1.000000 1.000000 1.000000 1.000000
v -0.398147 3.426441 -0.596793 1.000000 1.000000 1.000000 1.000000
v 0.398147 3.426441 -0.596793 1.000000 1.000000 1.000000 1.000000
v 0.306194 3.423481 -0.596397 1.000000 1.000000 1.000000 1.000000
v 0.398934 3.431002 -0.436967 1.000000 1.000000 1.000000 1.000000
v 0.306784 3.430882 -0.437414 1.000000 1.000000 1.000000 1.000000
v -0.858470 3.385060 -0.754268 1.000000 1.000000 1.000000 1.000000
v -0.858715 3.382022 -0.860445 1.000000 1.000000 1.000000 1.000000
v -0.858617 3.310063 -0.711465 1.000000 1.000000 1.000000 1.000000
v -0.858715 3.382022 -0.860445 1.000000 1.000000 1.000000 1.000000
v -0.857866 3.308622 -0.864483 1.000000 1.000000 1.000000 1.000000
v -0.858617 3.310063 -0.711465 1.000000 1.000000 1.000000 1.000000
v -0.858617 3.310063 -0.711465 1.000000 1.000000 1.000000 1.000000
v -0.857866 3.308622 -0.864483 1.000000 1.000000 1.000000 1.000000
v -0.859086 3.089271 -0.707565 1.000000 1.000000 1.000000 1.000000
v -0.858341 3.086831 -0.860618 1.000000 1.000000 1.000000 1.000000
v -0.858715 3.382022 -0.860445 1.000000 1.000000 1.000000 1.000000
v -0.643279 3.446763 -0.921930 1.000000 1.000000 1.000000 1.000000
v -0.857866 3.308622 -0.864483 1.000000 1.000000 1.000000 1.000000
v -0.643993 3.344414 -0.919908 1.000000 1.000000 1.000000 1.000000
v -0.858341 3.086831 -0.860618 1.000000 1.000000 1.000000 1.000000
v -0.643993 3.344414 -0.919908 1.000000 1.000000 1.000000 1.000000
v -0.736483 2.972558 -0.952501 1.000000 1.000000 1.000000 1.000000
v -0.858470 3.385060 -0.754268 1.000000 1.000000 1.000000 1.000000
v -0.858617 3.310063 -0.711465 1.000000 1.000000 1.000000 1.000000
v -0.643578 3.350725 -0.638489 1.000000 1.000000 1.000000 1.000000
v -0.859086 3.089271 -0.707565 1.000000 1.000000 1.000000 1.000000
v -0.643578 3.350725 -0.638489 1.000000 1.000000 1.000000 1.000000
v -0.739680 2.981052 -0.588908 1.000000 1.000000 1.000000 1.000000
v -0.858470 3.385060 -0.754268 1.000000 1.000000 1.000000 1.000000
v -0.644332 3.453565 -0.695073 1.000000 1.000000 1.000000 1.000000
v -0.858715 3.382022 -0.860445 1.000000 1.000000 1.000000 1.000000
v -0.644332 3.453565 -0.695073 1.000000 1.000000 1.000000 1.000000
v -0.643279 3.446763 -0.921930 1.000000 1.000000 1.000000 1.000000
v -0.858341 3.086831 -0.860618 1.000000 1.000000 1.000000 1.000000
v -0.736483 2.972558 -0.952501 1.000000 1.000000 1.000000 1.000000
v -0.859086 3.089271 -0.707565 1.000000 1.000000 1.000000 1.000000
v -0.736483 2.972558 -0.952501 1.000000 1.000000 1.000000 1.000000
v -0.739680 2.981052 -0.588908 1.000000 1.000000 1.000000 1.000000
v -0.859086 3.089271 -0.707565 1.000000 1.000000 1.000000 1.000000
v -0.677175 2.583851 -0.214327 1.000000 1.000000 1.000000 1.000000
v -0.741915 2.988255 -0.303368 1.000000 1.000000 1.000000 1.000000
v -0.680058 2.580125 -0.363409 1.000000 1.000000 1.000000 1.000000
v -0.690302 2.590270 -0.582336 1.000000 1.000000 1.000000 1.000000
v -0.728097 2.847834 -0.586960 1.000000 1.000000 1.000000 1.000000
v -0.674364 2.479671 -1.065391 1.000000 1.000000 1.000000 1.000000
v -0.724735 2.837911 -0.950594 1.000000 1.000000 1.000000 1.000000
v -0.735987 2.969944 -1.103872 1.000000 1.000000 1.000000 1.000000
v -0.736483 2.972558 -0.952501 1.000000 1.000000 1.000000 1.000000
v -0.643188 3.341288 -0.957282 1.000000 1.000000 1.000000 1.000000
v -0.643993 3.344414 -0.919908 1.000000 1.000000 1.000000 1.000000
v -0.643188 3.341288 -0.957282 1.000000 1.000000 1.000000 1.000000
v -0.643993 3.344414 -0.919908 1.000000 1.000000 1.000000 1.000000
v -0.643279 3.446763 -0.921930 1.000000 1.000000 1.000000 1.000000
v -0.778913 2.966953 -0.920555 1.000000 1.000000 1.000000 1.000000
v -0.736483 2.972558 -0.952501 1.000000 1.000000 1.000000 1.000000
v -0.766243 2.835445 -0.918018 1.000000 1.000000 1.000000 1.000000
v -0.766243 2.835445 -0.918018 1.000000 1.000000 1.000000 1.000000
v -0.736483 2.972558 -0.952501 1.000000 1.000000 1.000000 1.000000
v -0.724735 2.837911 -0.950594 1.000000 1.000000 1.000000 1.000000
v -0.766243 2.835445 -0.918018 1.000000 1.000000 1.000000 1.000000
v -0.724735 2.837911 -0.950594 1.000000 1.000000 1.000000 1.000000
v -0.766268 2.842619 -0.611082 1.000000 1.000000 1.000000 1.000000
v -0.728097 2.847834 -0.586960 1.000000 1.000000 1.000000 1.000000
v -0.778913 2.966953 -0.920555 1.000000 1.000000 1.000000 1.000000
v -0.778785 2.972947 -0.613648 1.000000 1.000000 1.000000 1.000000
v -0.728097 2.847834 -0.586960 1.000000 1.000000 1.000000 1.000000
v -0.778785 2.972947 -0.613648 1.000000 1.000000 1.000000 1.000000
v -0.728097 2.847834 -0.586960 1.000000 1.000000 1.000000 1.000000
v -0.739680 2.981052 -0.588908 1.000000 1.000000 1.000000 1.000000
v -0.778785 2.972947 -0.613648 1.000000 1.000000 1.000000 1.000000
v -0.739680 2.981052 -0.588908 1.000000 1.000000 1.000000 1.000000
v -0.778913 2.966953 -0.920555 1.000000 1.000000 1.000000 1.000000
v -0.778785 2.972947 -0.613648 1.000000 1.000000 1.000000 1.000000
v -0.739680 2.981052 -0.588908 1.000000 1.000000 1.000000 1.000000
v -0.736483 2.972558 -0.952501 1.000000 1.000000 1.000000 1.000000
v -0.644116 3.351526 -0.595284 1.000000 1.000000 1.000000 1.000000
v -0.643578 3.350725 -0.638489 1.000000 1.000000 1.000000 1.000000
v -0.644116 3.351526 -0.595284 1.000000 1.000000 1.000000 1.000000
v -0.644332 3.453565 -0.695073 1.000000 1.000000 1.000000 1.000000
v -0.643578 3.350725 -0.638489 1.000000 1.000000 1.000000 1.000000
v -0.643390 3.497199 -0.659553 1.000000 1.000000 1.000000 1.000000
v -0.644332 3.453565 -0.695073 1.000000 1.000000 1.000000 1.000000
v -0.644274 3.490648 -0.959541 1.000000 1.000000 1.000000 1.000000
v -0.644332 3.453565 -0.695073 1.000000 1.000000 1.000000 1.000000
v -0.644332 3.453565 -0.695073 1.000000 1.000000 1.000000 1.000000
v -0.644274 3.490648 -0.959541 1.000000 1.000000 1.000000 1.000000
v -0.643279 3.446763 -0.921930 1.000000 1.000000 1.000000 1.000000
v -0.644274 3.490648 -0.959541 1.000000 1.000000 1.000000 1.000000
v -0.643188 3.341288 -0.957282 1.000000 1.000000 1.000000 1.000000
v -0.643279 3.446763 -0.921930 1.000000 1.000000 1.000000 1.000000
v -0.644274 3.490648 -0.959541 1.000000 1.000000 1.000000 1.000000
v -0.643390 3.497199 -0.659553 1.000000 1.000000 1.000000 1.000000
v -0.459469 3.490433 -0.959291 1.000000 1.000000 1.000000 1.000000
v -0.459168 3.499853 -0.659420 1.000000 1.000000 1.000000 1.000000
v -0.459168 3.499853 -0.659420 1.000000 1.000000 1.000000 1.000000
v -0.644116 3.351526 -0.595284 1.000000 1.000000 1.000000 1.000000
v -0.398036 3.354031 -0.595223 1.000000 1.000000 1.000000 1.000000
v -0.628286 2.586391 -0.163956 1.000000 1.000000 1.000000 1.000000
v -0.628656 2.909692 0.093001 1.000000 1.000000 1.000000 1.000000
v -0.643480 3.356190 -0.437570 1.000000 1.000000 1.000000 1.000000
v -0.674072 2.454308 -0.580504 1.000000 1.000000 1.000000 1.000000
v -0.658192 2.447568 -0.361597 1.000000 1.000000 1.000000 1.000000
v -0.680058 2.580125 -0.363409 1.000000 1.000000 1.000000 1.000000
v -0.658192 2.447568 -0.361597 1.000000 1.000000 1.000000 1.000000
v -0.625554 2.579216 -0.361414 1.000000 1.000000 1.000000 1.000000
v -0.658192 2.447568 -0.361597 1.000000 1.000000 1.000000 1.000000
v -0.623105 2.430266 -0.357910 1.000000 1.000000 1.000000 1.000000
v -0.625554 2.579216 -0.361414 1.000000 1.000000 1.000000 1.000000
v -0.628286 2.586391 -0.163956 1.000000 1.000000 1.000000 1.000000
v -0.680058 2.580125 -0.363409 1.000000 1.000000 1.000000 1.000000
v -0.625554 2.579216 -0.361414 1.000000 1.000000 1.000000 1.000000
v -0.628286 2.586391 -0.163956 1.000000 1.000000 1.000000 1.000000
v -0.628450 2.433770 -0.273809 1.000000 1.000000 1.000000 1.000000
v -0.623105 2.430266 -0.357910 1.000000 1.000000 1.000000 1.000000
v -0.551543 2.435963 -0.252335 1.000000 1.000000 1.000000 1.000000
v -0.623105 2.430266 -0.357910 1.000000 1.000000 1.000000 1.000000
v -0.582419 2.410645 -0.579796 1.000000 1.000000 1.000000 1.000000
v -0.658192 2.447568 -0.361597 1.000000 1.000000 1.000000 1.000000
v -0.582419 2.410645 -0.579796 1.000000 1.000000 1.000000 1.000000
v -0.674072 2.454308 -0.580504 1.000000 1.000000 1.000000 1.000000
v -0.623105 2.430266 -0.357910 1.000000 1.000000 1.000000 1.000000
v -0.628450 2.433770 -0.273809 1.000000 1.000000 1.000000 1.000000
v -0.674072 2.454308 -0.580504 1.000000 1.000000 1.000000 1.000000
v -0.674364 2.479671 -1.065391 1.000000 1.000000 1.000000 1.000000
v -0.582419 2.410645 -0.579796 1.000000 1.000000 1.000000 1.000000
v -0.582414 2.427303 -1.058609 1.000000 1.000000 1.000000 1.000000
v -0.582419 2.410645 -0.579796 1.000000 1.000000 1.000000 1.000000
v -0.582414 2.427303 -1.058609 1.000000 1.000000 1.000000 1.000000
v -0.552002 2.277612 -0.576743 1.000000 1.000000 1.000000 1.000000
v -0.545233 2.304527 -1.000925 1.000000 1.000000 1.000000 1.000000
v -0.552002 2.277612 -0.576743 1.000000 1.000000 1.000000 1.000000
v -0.612968 3.486698 -1.082398 1.000000 1.000000 1.000000 1.000000
v -0.643740 3.336844 -1.079765 1.000000 1.000000 1.000000 1.000000
v -0.612571 3.490608 -0.959940 1.000000 1.000000 1.000000 1.000000
v -0.612968 3.486698 -1.082398 1.000000 1.000000 1.000000 1.000000
v -0.612571 3.490608 -0.959940 1.000000 1.000000 1.000000 1.000000
v -0.460051 3.489402 -1.082547 1.000000 1.000000 1.000000 1.000000
v -0.300340 3.470673 -1.020604 1.000000 1.000000 1.000000 1.000000
v -0.269920 3.344096 -0.988208 1.000000 1.000000 1.000000 1.000000
v 0.000000 3.338479 -1.018659 1.000000 1.000000 1.000000 1.000000
v 0.000000 3.338479 -1.018659 1.000000 1.000000 1.000000 1.000000
v -0.612968 3.486698 -1.082398 1.000000 1.000000 1.000000 1.000000
v -0.460051 3.489402 -1.082547 1.000000 1.000000 1.000000 1.000000
v -0.612968 3.486698 -1.082398 1.000000 1.000000 1.000000 1.000000
v -0.643740 3.336844 -1.079765 1.000000 1.000000 1.000000 1.000000
v -0.337156 2.969233 -1.103943 1.000000 1.000000 1.000000 1.000000
v -0.735987 2.969944 -1.103872 1.000000 1.000000 1.000000 1.000000
v -0.458503 2.502628 -1.065701 1.000000 1.000000 1.000000 1.000000
v -0.674364 2.479671 -1.065391 1.000000 1.000000 1.000000 1.000000
v -0.582414 2.427303 -1.058609 1.000000 1.000000 1.000000 1.000000
v -0.398036 3.354031 -0.595223 1.000000 1.000000 1.000000 1.000000
v -0.398371 3.342511 -0.938347 1.000000 1.000000 1.000000 1.000000
v -0.459168 3.499853 -0.659420 1.000000 1.000000 1.000000 1.000000
v 0.275498 2.502371 -1.065756 1.000000 1.000000 1.000000 1.000000
v 0.000000 2.417802 -1.058118 1.000000 1.000000 1.000000 1.000000
v 0.000000 2.499274 -1.065645 1.000000 1.000000 1.000000 1.000000
v 0.000000 2.499274 -1.065645 1.000000 1.000000 1.000000 1.000000
v 0.000000 2.417802 -1.058118 1.000000 1.000000 1.000000 1.000000
v -0.275498 2.502371 -1.065756 1.000000 1.000000 1.000000 1.000000
v -0.276287 2.426784 -1.057701 1.000000 1.000000 1.000000 1.000000
v -0.444408 2.427011 -1.058060 1.000000 1.000000 1.000000 1.000000
v -0.444146 2.289678 -1.000106 1.000000 1.000000 1.000000 1.000000
v -0.545233 2.304527 -1.000925 1.000000 1.000000 1.000000 1.000000
v -0.444146 2.289678 -1.000106 1.000000 1.000000 1.000000 1.000000
v -0.545233 2.304527 -1.000925 1.000000 1.000000 1.000000 1.000000
v -0.306297 2.277158 -0.576901 1.000000 1.000000 1.000000 1.000000
v -0.306297 2.277158 -0.576901 1.000000 1.000000 1.000000 1.000000
v -0.444317 2.262896 -0.577053 1.000000 1.000000 1.000000 1.000000
v -0.444146 2.289678 -1.000106 1.000000 1.000000 1.000000 1.000000
v -0.312172 2.304103 -1.000569 1.000000 1.000000 1.000000 1.000000
v -0.312172 2.304103 -1.000569 1.000000 1.000000 1.000000 1.000000
v -0.276287 2.426784 -1.057701 1.000000 1.000000 1.000000 1.000000
v -0.276134 2.386966 -0.579014 1.000000 1.000000 1.000000 1.000000
v -0.276134 2.386966 -0.579014 1.000000 1.000000 1.000000 1.000000
v -0.306297 2.277158 -0.576901 1.000000 1.000000 1.000000 1.000000
v -0.276287 2.426784 -1.057701 1.000000 1.000000 1.000000 1.000000
v -0.276287 2.426784 -1.057701 1.000000 1.000000 1.000000 1.000000
v -0.306297 2.277158 -0.576901 1.000000 1.000000 1.000000 1.000000
v -0.312172 2.304103 -1.000569 1.000000 1.000000 1.000000 1.000000
v 0.643740 3.336844 -1.079765 1.000000 1.000000 1.000000 1.000000
v 0.735987 2.969944 -1.103872 1.000000 1.000000 1.000000 1.000000
v 0.337156 2.969233 -1.103943 1.000000 1.000000 1.000000 1.000000
v 0.458503 2.502628 -1.065701 1.000000 1.000000 1.000000 1.000000
v 0.276287 2.426784 -1.057701 1.000000 1.000000 1.000000 1.000000
v 0.000000 1.905538 -0.927209 1.000000 1.000000 1.000000 1.000000
v 0.000000 1.905538 -0.927209 1.000000 1.000000 1.000000 1.000000
v -0.184355 1.942828 -0.933424 1.000000 1.000000 1.000000 1.000000
v -0.214709 1.912592 -0.596153 1.000000 1.000000 1.000000 1.000000
v -0.276134 2.386966 -0.579014 1.000000 1.000000 1.000000 1.000000
v -0.184355 1.942828 -0.933424 1.000000 1.000000 1.000000 1.000000
v -0.276134 2.386966 -0.579014 1.000000 1.000000 1.000000 1.000000
v -0.276287 2.426784 -1.057701 1.000000 1.000000 1.000000 1.000000
v 0.000000 1.877815 -0.595192 1.000000 1.000000 1.000000 1.000000
v 0.184355 1.942828 -0.933424 1.000000 1.000000 1.000000 1.000000
v 0.000000 1.877815 -0.595192 1.000000 1.000000 1.000000 1.000000
v 0.214709 1.912592 -0.596153 1.000000 1.000000 1.000000 1.000000
v 0.184355 1.942828 -0.933424 1.000000 1.000000 1.000000 1.000000
v -0.144355 1.959482 -0.271787 1.000000 1.000000 1.000000 1.000000
v 0.214709 1.912592 -0.596153 1.000000 1.000000 1.000000 1.000000
v 0.214709 1.912592 -0.596153 1.000000 1.000000 1.000000 1.000000
v -0.144355 1.959482 -0.271787 1.000000 1.000000 1.000000 1.000000
v 0.000000 1.961000 -0.259365 1.000000 1.000000 1.000000 1.000000
v -0.144355 1.959482 -0.271787 1.000000 1.000000 1.000000 1.000000
v -0.184043 1.958272 -0.327006 1.000000 1.000000 1.000000 1.000000
v 0.000000 1.961000 -0.259365 1.000000 1.000000 1.000000 1.000000
v 0.000000 1.918041 -0.325664 1.000000 1.000000 1.000000 1.000000
v -0.214709 1.912592 -0.596153 1.000000 1.000000 1.000000 1.000000
v 0.000000 1.877815 -0.595192 1.000000 1.000000 1.000000 1.000000
v 0.000000 1.877815 -0.595192 1.000000 1.000000 1.000000 1.000000
v 0.214709 1.912592 -0.596153 1.000000 1.000000 1.000000 1.000000
v 0.000000 1.918041 -0.325664 1.000000 1.000000 1.000000 1.000000
v 0.184043 1.958272 -0.327006 1.000000 1.000000 1.000000 1.000000
v 0.000000 1.961000 -0.259365 1.000000 1.000000 1.000000 1.000000
v 0.144355 1.959482 -0.271787 1.000000 1.000000 1.000000 1.000000
v 0.000000 1.961000 -0.259365 1.000000 1.000000 1.000000 1.000000
v 0.144355 1.959482 -0.271787 1.000000 1.000000 1.000000 1.000000
v -0.214709 1.912592 -0.596153 1.000000 1.000000 1.000000 1.000000
v 0.144355 1.959482 -0.271787 1.000000 1.000000 1.000000 1.000000
v -0.184043 1.958272 -0.327006 1.000000 1.000000 1.000000 1.000000
v -0.214709 1.912592 -0.596153 1.000000 1.000000 1.000000 1.000000
v -0.184043 1.958272 -0.327006 1.000000 1.000000 1.000000 1.000000
v -0.276134 2.386966 -0.579014 1.000000 1.000000 1.000000 1.000000
v -0.244891 2.435431 -0.151216 1.000000 1.000000 1.000000 1.000000
v -0.276134 2.386966 -0.579014 1.000000 1.000000 1.000000 1.000000
v -0.144355 1.959482 -0.271787 1.000000 1.000000 1.000000 1.000000
v 0.000000 1.961000 -0.259365 1.000000 1.000000 1.000000 1.000000
v 0.000000 2.363857 -0.100754 1.000000 1.000000 1.000000 1.000000
v 0.000000 1.961000 -0.259365 1.000000 1.000000 1.000000 1.000000
v 0.000000 2.363857 -0.100754 1.000000 1.000000 1.000000 1.000000
v 0.169246 2.388217 -0.112436 1.000000 1.000000 1.000000 1.000000
v 0.244891 2.435431 -0.151216 1.000000 1.000000 1.000000 1.000000
v -0.169246 2.388217 -0.112436 1.000000 1.000000 1.000000 1.000000
v -0.244891 2.435431 -0.151216 1.000000 1.000000 1.000000 1.000000
v 0.276134 2.386966 -0.579014 1.000000 1.000000 1.000000 1.000000
v 0.276134 2.386966 -0.579014 1.000000 1.000000 1.000000 1.000000
v 0.276134 2.386966 -0.579014 1.000000 1.000000 1.000000 1.000000
v 0.276134 2.386966 -0.579014 1.000000 1.000000 1.000000 1.000000
v 0.244891 2.435431 -0.151216 1.000000 1.000000 1.000000 1.000000
v 0.000000 2.363857 -0.100754 1.000000 1.000000 1.000000 1.000000
v -0.169246 2.388217 -0.112436 1.000000 1.000000 1.000000 1.000000
v -0.169246 2.388217 -0.112436 1.000000 1.000000 1.000000 1.000000
v 0.000000 2.363857 -0.100754 1.000000 1.000000 1.000000 1.000000
v 0.000000 2.453756 0.137841 1.000000 1.000000 1.000000 1.000000
v 0.000000 2.363857 -0.100754 1.000000 1.000000 1.000000 1.000000
v 0.169246 2.388217 -0.112436 1.000000 1.000000 1.000000 1.000000
v 0.000000 2.453756 0.137841 1.000000 1.000000 1.000000 1.000000
v 0.165800 2.481415 0.130883 1.000000 1.000000 1.000000 1.000000
v 0.263960 2.579356 -0.038667 1.000000 1.000000 1.000000 1.000000
v 0.275895 2.747754 0.125668 1.000000 1.000000 1.000000 1.000000
v 0.230980 3.357485 -0.315143 1.000000 1.000000 1.000000 1.000000
v 0.153620 3.244001 0.056010 1.000000 1.000000 1.000000 1.000000
v 0.275942 2.872443 0.123395 1.000000 1.000000 1.000000 1.000000
v 0.037007 2.663126 1.476738 1.000000 1.000000 1.000000 1.000000
v 0.037007 2.663126 1.476738 1.000000 1.000000 1.000000 1.000000
v 0.015148 2.623712 1.477295 1.000000 1.000000 1.000000 1.000000
v -0.015148 2.623712 1.477295 1.000000 1.000000 1.000000 1.000000
v -0.015148 2.623712 1.477295 1.000000 1.000000 1.000000 1.000000
v -0.165800 2.481415 0.130883 1.000000 1.000000 1.000000 1.000000
v -0.263960 2.579356 -0.038667 1.000000 1.000000 1.000000 1.000000
v -0.244891 2.435431 -0.151216 1.000000 1.000000 1.000000 1.000000
v -0.230980 3.357485 -0.315143 1.000000 1.000000 1.000000 1.000000
v -0.275942 2.872443 0.123395 1.000000 1.000000 1.000000 1.000000
v -0.153620 3.244001 0.056010 1.000000 1.000000 1.000000 1.000000
v -0.037007 2.663126 1.476738 1.000000 1.000000 1.000000 1.000000
v -0.275895 2.747754 0.125668 1.000000 1.000000 1.000000 1.000000
v -0.022176 2.630486 1.476629 1.000000 1.000000 1.000000 1.000000
v -0.022176 2.630486 1.476629 1.000000 1.000000 1.000000 1.000000
v -0.022176 2.630486 1.476629 1.000000 1.000000 1.000000 1.000000
v -0.037007 2.663126 1.476738 1.000000 1.000000 1.000000 1.000000
v 0.000000 2.714755 1.475349 1.000000 1.000000 1.000000 1.000000
v -0.021557 2.698458 1.476015 1.000000 1.000000 1.000000 1.000000
v 0.000000 2.665818 1.475919 1.000000 1.000000 1.000000 1.000000
v -0.022176 2.630486 1.476629 1.000000 1.000000 1.000000 1.000000
v -0.022176 2.630486 1.476629 1.000000 1.000000 1.000000 1.000000
v -0.015148 2.623712 1.477295 1.000000 1.000000 1.000000 1.000000
v -0.015148 2.623712 1.477295 1.000000 1.000000 1.000000 1.000000
v 0.015148 2.623712 1.477295 1.000000 1.000000 1.000000 1.000000
v 0.000000 2.665818 1.475919 1.000000 1.000000 1.000000 1.000000
v 0.015148 2.623712 1.477295 1.000000 1.000000 1.000000 1.000000
v 0.037007 2.663126 1.476738 1.000000 1.000000 1.000000 1.000000
v 0.000000 2.714755 1.475349 1.000000 1.000000 1.000000 1.000000
v 0.021557 2.698458 1.476015 1.000000 1.000000 1.000000 1.000000
v 0.021557 2.698458 1.476015 1.000000 1.000000 1.000000 1.000000
v 0.000000 2.716100 1.537255 1.000000 1.000000 1.000000 1.000000
v 0.000000 2.714755 1.475349 1.000000 1.000000 1.000000 1.000000
v 0.000000 2.714755 1.475349 1.000000 1.000000 1.000000 1.000000
v 0.000000 2.716100 1.537255 1.000000 1.000000 1.000000 1.000000
v -0.021557 2.698458 1.476015 1.000000 1.000000 1.000000 1.000000
v 0.000000 2.716100 1.537255 1.000000 1.000000 1.000000 1.000000
v -0.024850 2.702512 1.536994 1.000000 1.000000 1.000000 1.000000
v -0.037007 2.663126 1.476738 1.000000 1.000000 1.000000 1.000000
v 0.037007 2.663126 1.476738 1.000000 1.000000 1.000000 1.000000
v 0.024850 2.702512 1.536994 1.000000 1.000000 1.000000 1.000000
v 0.021557 2.698458 1.476015 1.000000 1.000000 1.000000 1.000000
v 0.000000 2.716100 1.537255 1.000000 1.000000 1.000000 1.000000
v 0.021557 2.698458 1.476015 1.000000 1.000000 1.000000 1.000000
v -0.024850 2.702512 1.536994 1.000000 1.000000 1.000000 1.000000
v -0.140801 3.340483 0.052722 1.000000 1.000000 1.000000 1.000000
v -0.140801 3.340483 0.052722 1.000000 1.000000 1.000000 1.000000
v -0.024850 2.702512 1.536994 1.000000 1.000000 1.000000 1.000000
v 0.000000 2.716100 1.537255 1.000000 1.000000 1.000000 1.000000
v -0.024850 2.702512 1.536994 1.000000 1.000000 1.000000 1.000000
v 0.000000 2.716100 1.537255 1.000000 1.000000 1.000000 1.000000
v 0.000000 3.360326 0.051907 1.000000 1.000000 1.000000 1.000000
v 0.000000 2.716100 1.537255 1.000000 1.000000 1.000000 1.000000
v 0.024850 2.702512 1.536994 1.000000 1.000000 1.000000 1.000000
v 0.000000 3.360326 0.051907 1.000000 1.000000 1.000000 1.000000
v 0.140801 3.340483 0.052722 1.000000 1.000000 1.000000 1.000000
v 0.024850 2.702512 1.536994 1.000000 1.000000 1.000000 1.000000
v 0.037007 2.663126 1.476738 1.000000 1.000000 1.000000 1.000000
v 0.140801 3.340483 0.052722 1.000000 1.000000 1.000000 1.000000
v 0.153620 3.244001 0.056010 1.000000 1.000000 1.000000 1.000000
v 0.037007 2.663126 1.476738 1.000000 1.000000 1.000000 1.000000
v 0.153620 3.244001 0.056010 1.000000 1.000000 1.000000 1.000000
v 0.024850 2.702512 1.536994 1.000000 1.000000 1.000000 1.000000
v 0.140801 3.340483 0.052722 1.000000 1.000000 1.000000 1.000000
v -0.153620 3.244001 0.056010 1.000000 1.000000 1.000000 1.000000
v 0.000000 3.221340 0.026651 1.000000 1.000000 1.000000 1.000000
v 0.000000 3.221340 0.026651 1.000000 1.000000 1.000000 1.000000
v 0.000000 3.360326 0.051907 1.000000 1.000000 1.000000 1.000000
v 0.000000 3.360326 0.051907 1.000000 1.000000 1.000000 1.000000
v 0.140801 3.340483 0.052722 1.000000 1.000000 1.000000 1.000000
v 0.000000 3.221340 0.026651 1.000000 1.000000 1.000000 1.000000
v 0.140801 3.340483 0.052722 1.000000 1.000000 1.000000 1.000000
v 0.153620 3.244001 0.056010 1.000000 1.000000 1.000000 1.000000
v 0.000000 3.221340 0.026651 1.000000 1.000000 1.000000 1.000000
v -0.275837 2.434866 -0.181824 1.000000 1.000000 1.000000 1.000000
v -0.444647 2.425395 -0.216924 1.000000 1.000000 1.000000 1.000000
v -0.444317 2.262896 -0.577053 1.000000 1.000000 1.000000 1.000000
v -0.552002 2.277612 -0.576743 1.000000 1.000000 1.000000 1.000000
v -0.276134 2.386966 -0.579014 1.000000 1.000000 1.000000 1.000000
v -0.244891 2.435431 -0.151216 1.000000 1.000000 1.000000 1.000000
v -0.275837 2.434866 -0.181824 1.000000 1.000000 1.000000 1.000000
v -0.306779 2.585301 -0.062733 1.000000 1.000000 1.000000 1.000000
v -0.275837 2.434866 -0.181824 1.000000 1.000000 1.000000 1.000000
v -0.306779 2.585301 -0.062733 1.000000 1.000000 1.000000 1.000000
v -0.318309 2.450142 -0.224229 1.000000 1.000000 1.000000 1.000000
v -0.319344 2.556807 -0.166927 1.000000 1.000000 1.000000 1.000000
v -0.318309 2.450142 -0.224229 1.000000 1.000000 1.000000 1.000000
v -0.453481 2.554557 -0.189336 1.000000 1.000000 1.000000 1.000000
v -0.453589 2.586777 -0.103753 1.000000 1.000000 1.000000 1.000000
v -0.552461 2.583335 -0.137199 1.000000 1.000000 1.000000 1.000000
v -0.263960 2.579356 -0.038667 1.000000 1.000000 1.000000 1.000000
v -0.306779 2.585301 -0.062733 1.000000 1.000000 1.000000 1.000000
v -0.275895 2.747754 0.125668 1.000000 1.000000 1.000000 1.000000
v -0.453589 2.586777 -0.103753 1.000000 1.000000 1.000000 1.000000
v -0.496799 2.886970 0.124304 1.000000 1.000000 1.000000 1.000000
v -0.552461 2.583335 -0.137199 1.000000 1.000000 1.000000 1.000000
v -0.628286 2.586391 -0.163956 1.000000 1.000000 1.000000 1.000000
v -0.552461 2.583335 -0.137199 1.000000 1.000000 1.000000 1.000000
v -0.552461 2.583335 -0.137199 1.000000 1.000000 1.000000 1.000000
v -0.184278 3.350419 -0.773444 1.000000 1.000000 1.000000 1.000000
v -0.306957 3.351032 -0.595636 1.000000 1.000000 1.000000 1.000000
v -0.184100 3.356688 -0.527610 1.000000 1.000000 1.000000 1.000000
v -0.306957 3.351032 -0.595636 1.000000 1.000000 1.000000 1.000000
v -0.306769 3.358248 -0.374605 1.000000 1.000000 1.000000 1.000000
v -0.230980 3.357485 -0.315143 1.000000 1.000000 1.000000 1.000000
v -0.397879 3.355425 -0.374979 1.000000 1.000000 1.000000 1.000000
v -0.643480 3.356190 -0.437570 1.000000 1.000000 1.000000 1.000000
v -0.643480 3.356190 -0.437570 1.000000 1.000000 1.000000 1.000000
v -0.628656 2.909692 0.093001 1.000000 1.000000 1.000000 1.000000
v -0.552461 2.583335 -0.137199 1.000000 1.000000 1.000000 1.000000
v -0.539445 2.552439 -0.210103 1.000000 1.000000 1.000000 1.000000
v -0.444248 2.439819 -0.241323 1.000000 1.000000 1.000000 1.000000
v -0.552461 2.583335 -0.137199 1.000000 1.000000 1.000000 1.000000
v -0.551543 2.435963 -0.252335 1.000000 1.000000 1.000000 1.000000
v -0.551543 2.435963 -0.252335 1.000000 1.000000 1.000000 1.000000
v -0.538901 2.448845 -0.264886 1.000000 1.000000 1.000000 1.000000
v -0.539445 2.552439 -0.210103 1.000000 1.000000 1.000000 1.000000
v -0.275837 2.434866 -0.181824 1.000000 1.000000 1.000000 1.000000
v -0.275837 2.434866 -0.181824 1.000000 1.000000 1.000000 1.000000
v -0.444647 2.425395 -0.216924 1.000000 1.000000 1.000000 1.000000
v -0.538901 2.448845 -0.264886 1.000000 1.000000 1.000000 1.000000
v -0.538901 2.448845 -0.264886 1.000000 1.000000 1.000000 1.000000
v -0.644116 3.351526 -0.595284 1.000000 1.000000 1.000000 1.000000
v -0.398036 3.354031 -0.595223 1.000000 1.000000 1.000000 1.000000
v -0.306769 3.358248 -0.374605 1.000000 1.000000 1.000000 1.000000
v -0.306784 3.430882 -0.437414 1.000000 1.000000 1.000000 1.000000
v -0.397879 3.355425 -0.374979 1.000000 1.000000 1.000000 1.000000
v -0.398934 3.431002 -0.436967 1.000000 1.000000 1.000000 1.000000
v -0.306957 3.351032 -0.595636 1.000000 1.000000 1.000000 1.000000
v -0.306769 3.358248 -0.374605 1.000000 1.000000 1.000000 1.000000
v -0.306769 3.358248 -0.374605 1.000000 1.000000 1.000000 1.000000
v -0.306784 3.430882 -0.437414 1.000000 1.000000 1.000000 1.000000
v -0.398934 3.431002 -0.436967 1.000000 1.000000 1.000000 1.000000
v -0.398147 3.426441 -0.596793 1.000000 1.000000 1.000000 1.000000
v -0.397879 3.355425 -0.374979 1.000000 1.000000 1.000000 1.000000
v -0.398036 3.354031 -0.595223 1.000000 1.000000 1.000000 1.000000
v -0.306194 3.423481 -0.596397 1.000000 1.000000 1.000000 1.000000
v -0.306957 3.351032 -0.595636 1.000000 1.000000 1.000000 1.000000
v -0.398147 3.426441 -0.596793 1.000000 1.000000 1.000000 1.000000
v -0.398036 3.354031 -0.595223 1.000000 1.000000 1.000000 1.000000
v 0.398371 3.342511 -0.938347 1.000000 1.000000 1.000000 1.000000
v 0.459469 3.490433 -0.959291 1.000000 1.000000 1.000000 1.000000
v 0.269920 3.344096 -0.988208 1.000000 1.000000 1.000000 1.000000
v 0.300340 3.470673 -1.020604 1.000000 1.000000 1.000000 1.000000
v 0.000000 3.338479 -1.018659 1.000000 1.000000 1.000000 1.000000
v 0.000000 3.450921 -1.081736 1.000000 1.000000 1.000000 1.000000
v 0.000000 3.450921 -1.081736 1.000000 1.000000 1.000000 1.000000
v -0.263505 3.486267 -1.082827 1.000000 1.000000 1.000000 1.000000
v 0.398036 3.354031 -0.595223 1.000000 1.000000 1.000000 1.000000
v 0.398371 3.342511 -0.938347 1.000000 1.000000 1.000000 1.000000
v 0.306957 3.351032 -0.595636 1.000000 1.000000 1.000000 1.000000
v 0.184278 3.350419 -0.773444 1.000000 1.000000 1.000000 1.000000
v 0.184278 3.350419 -0.773444 1.000000 1.000000 1.000000 1.000000
v 0.184278 3.350419 -0.773444 1.000000 1.000000 1.000000 1.000000
v 0.000000 3.346039 -0.859664 1.000000 1.000000 1.000000 1.000000
v 0.000000 3.346039 -0.859664 1.000000 1.000000 1.000000 1.000000
v -0.184278 3.350419 -0.773444 1.000000 1.000000 1.000000 1.000000
v -0.122914 3.497114 -0.726582 1.000000 1.000000 1.000000 1.000000
v 0.000000 3.346039 -0.859664 1.000000 1.000000 1.000000 1.000000
v 0.000000 3.493179 -0.775001 1.000000 1.000000 1.000000 1.000000
v 0.000000 3.346039 -0.859664 1.000000 1.000000 1.000000 1.000000
v 0.000000 3.493179 -0.775001 1.000000 1.000000 1.000000 1.000000
v 0.122914 3.497114 -0.726582 1.000000 1.000000 1.000000 1.000000
v -0.122914 3.497114 -0.726582 1.000000 1.000000 1.000000 1.000000
v -0.184278 3.350419 -0.773444 1.000000 1.000000 1.000000 1.000000
v -0.123121 3.500220 -0.579279 1.000000 1.000000 1.000000 1.000000
v -0.184100 3.356688 -0.527610 1.000000 1.000000 1.000000 1.000000
v 0.123121 3.500220 -0.579279 1.000000 1.000000 1.000000 1.000000
v 0.122914 3.497114 -0.726582 1.000000 1.000000 1.000000 1.000000
v 0.000000 3.502041 -0.520771 1.000000 1.000000 1.000000 1.000000
v 0.122914 3.497114 -0.726582 1.000000 1.000000 1.000000 1.000000
v 0.000000 3.493179 -0.775001 1.000000 1.000000 1.000000 1.000000
v 0.000000 3.502041 -0.520771 1.000000 1.000000 1.000000 1.000000
v 0.000000 3.502041 -0.520771 1.000000 1.000000 1.000000 1.000000
v 0.000000 3.493179 -0.775001 1.000000 1.000000 1.000000 1.000000
v -0.122914 3.497114 -0.726582 1.000000 1.000000 1.000000 1.000000
v 0.184100 3.356688 -0.527610 1.000000 1.000000 1.000000 1.000000
v 0.184278 3.350419 -0.773444 1.000000 1.000000 1.000000 1.000000
v 0.123121 3.500220 -0.579279 1.000000 1.000000 1.000000 1.000000
v 0.184278 3.350419 -0.773444 1.000000 1.000000 1.000000 1.000000
v 0.122914 3.497114 -0.726582 1.000000 1.000000 1.000000 1.000000
v 0.184100 3.356688 -0.527610 1.000000 1.000000 1.000000 1.000000
v 0.123121 3.500220 -0.579279 1.000000 1.000000 1.000000 1.000000
v 0.000000 3.358095 -0.442919 1.000000 1.000000 1.000000 1.000000
v 0.000000 3.358095 -0.442919 1.000000 1.000000 1.000000 1.000000
v 0.000000 3.502041 -0.520771 1.000000 1.000000 1.000000 1.000000
v -0.123121 3.500220 -0.579279 1.000000 1.000000 1.000000 1.000000
v 0.397879 3.355425 -0.374979 1.000000 1.000000 1.000000 1.000000
v 0.306769 3.358248 -0.374605 1.000000 1.000000 1.000000 1.000000
v 0.230980 3.357485 -0.315143 1.000000 1.000000 1.000000 1.000000
v 0.184100 3.356688 -0.527610 1.000000 1.000000 1.000000 1.000000
v 0.184100 3.356688 -0.527610 1.000000 1.000000 1.000000 1.000000
v 0.000000 3.323065 -0.313123 1.000000 1.000000 1.000000 1.000000
v 0.184100 3.356688 -0.527610 1.000000 1.000000 1.000000 1.000000
v 0.000000 3.358095 -0.442919 1.000000 1.000000 1.000000 1.000000
v 0.000000 3.323065 -0.313123 1.000000 1.000000 1.000000 1.000000
v 0.000000 3.358095 -0.442919 1.000000 1.000000 1.000000 1.000000
v -0.153620 3.244001 0.056010 1.000000 1.000000 1.000000 1.000000
v 0.000000 3.323065 -0.313123 1.000000 1.000000 1.000000 1.000000
v 0.000000 3.221340 0.026651 1.000000 1.000000 1.000000 1.000000
v 0.000000 3.323065 -0.313123 1.000000 1.000000 1.000000 1.000000
v 0.000000 3.221340 0.026651 1.000000 1.000000 1.000000 1.000000
v 0.153620 3.244001 0.056010 1.000000 1.000000 1.000000 1.000000
v 0.184100 3.356688 -0.527610 1.000000 1.000000 1.000000 1.000000
v 0.184100 3.356688 -0.527610 1.000000 1.000000 1.000000 1.000000
v 0.184278 3.350419 -0.773444 1.000000 1.000000 1.000000 1.000000
v 0.306784 3.430882 -0.437414 1.000000 1.000000 1.000000 1.000000
v 0.306194 3.423481 -0.596397 1.000000 1.000000 1.000000 1.000000
v 0.306769 3.358248 -0.374605 1.000000 1.000000 1.000000 1.000000
v 0.306957 3.351032 -0.595636 1.000000 1.000000 1.000000 1.000000
v 0.306769 3.358248 -0.374605 1.000000 1.000000 1.000000 1.000000
v 0.306957 3.351032 -0.595636 1.000000 1.000000 1.000000 1.000000
v 0.398147 3.426441 -0.596793 1.000000 1.000000 1.000000 1.000000
v 0.398036 3.354031 -0.595223 1.000000 1.000000 1.000000 1.000000
v 0.398147 3.426441 -0.596793 1.000000 1.000000 1.000000 1.000000
v 0.306957 3.351032 -0.595636 1.000000 1.000000 1.000000 1.000000
v 0.306194 3.423481 -0.596397 1.000000 1.000000 1.000000 1.000000
v 0.397879 3.355425 -0.374979 1.000000 1.000000 1.000000 1.000000
v 0.397879 3.355425 -0.374979 1.000000 1.000000 1.000000 1.000000
v 0.306784 3.430882 -0.437414 1.000000 1.000000 1.000000 1.000000
v 0.306769 3.358248 -0.374605 1.000000 1.000000 1.000000 1.000000
v 0.398036 3.354031 -0.595223 1.000000 1.000000 1.000000 1.000000
v 0.398147 3.426441 -0.596793 1.000000 1.000000 1.000000 1.000000
v 0.397879 3.355425 -0.374979 1.000000 1.000000 1.000000 1.000000
v 0.398934 3.431002 -0.436967 1.000000 1.000000 1.000000 1.000000
v 0.459469 3.490433 -0.959291 1.000000 1.000000 1.000000 1.000000
v 0.459168 3.499853 -0.659420 1.000000 1.000000 1.000000 1.000000
v 0.398036 3.354031 -0.595223 1.000000 1.000000 1.000000 1.000000
v 0.628450 2.433770 -0.273809 1.000000 1.000000 1.000000 1.000000
v 0.628286 2.586391 -0.163956 1.000000 1.000000 1.000000 1.000000
v 0.551543 2.435963 -0.252335 1.000000 1.000000 1.000000 1.000000
v 0.552461 2.583335 -0.137199 1.000000 1.000000 1.000000 1.000000
v 0.496799 2.886970 0.124304 1.000000 1.000000 1.000000 1.000000
v 0.453589 2.586777 -0.103753 1.000000 1.000000 1.000000 1.000000
v 0.275895 2.747754 0.125668 1.000000 1.000000 1.000000 1.000000
v 0.306779 2.585301 -0.062733 1.000000 1.000000 1.000000 1.000000
v 0.263960 2.579356 -0.038667 1.000000 1.000000 1.000000 1.000000
v 0.644116 3.351526 -0.595284 1.000000 1.000000 1.000000 1.000000
v 0.643480 3.356190 -0.437570 1.000000 1.000000 1.000000 1.000000
v 0.275942 2.872443 0.123395 1.000000 1.000000 1.000000 1.000000
v 0.230980 3.357485 -0.315143 1.000000 1.000000 1.000000 1.000000
v 0.275942 2.872443 0.123395 1.000000 1.000000 1.000000 1.000000
v 0.453589 2.586777 -0.103753 1.000000 1.000000 1.000000 1.000000
v 0.275942 2.872443 0.123395 1.000000 1.000000 1.000000 1.000000
v 0.306779 2.585301 -0.062733 1.000000 1.000000 1.000000 1.000000
v 0.453589 2.586777 -0.103753 1.000000 1.000000 1.000000 1.000000
v 0.453589 2.586777 -0.103753 1.000000 1.000000 1.000000 1.000000
v 0.319344 2.556807 -0.166927 1.000000 1.000000 1.000000 1.000000
v 0.318309 2.450142 -0.224229 1.000000 1.000000 1.000000 1.000000
v 0.318309 2.450142 -0.224229 1.000000 1.000000 1.000000 1.000000
v 0.453481 2.554557 -0.189336 1.000000 1.000000 1.000000 1.000000
v 0.444248 2.439819 -0.241323 1.000000 1.000000 1.000000 1.000000
v 0.539445 2.552439 -0.210103 1.000000 1.000000 1.000000 1.000000
v 0.538901 2.448845 -0.264886 1.000000 1.000000 1.000000 1.000000
v 0.538901 2.448845 -0.264886 1.000000 1.000000 1.000000 1.000000
v 0.539445 2.552439 -0.210103 1.000000 1.000000 1.000000 1.000000
v 0.552461 2.583335 -0.137199 1.000000 1.000000 1.000000 1.000000
v 0.552461 2.583335 -0.137199 1.000000 1.000000 1.000000 1.000000
v 0.538901 2.448845 -0.264886 1.000000 1.000000 1.000000 1.000000
v 0.551543 2.435963 -0.252335 1.000000 1.000000 1.000000 1.000000
v 0.539445 2.552439 -0.210103 1.000000 1.000000 1.000000 1.000000
v 0.539445 2.552439 -0.210103 1.000000 1.000000 1.000000 1.000000
v 0.552461 2.583335 -0.137199 1.000000 1.000000 1.000000 1.000000
v 0.275837 2.434866 -0.181824 1.000000 1.000000 1.000000 1.000000
v 0.275837 2.434866 -0.181824 1.000000 1.000000 1.000000 1.000000
v 0.444647 2.425395 -0.216924 1.000000 1.000000 1.000000 1.000000
v 0.551543 2.435963 -0.252335 1.000000 1.000000 1.000000 1.000000
v 0.538901 2.448845 -0.264886 1.000000 1.000000 1.000000 1.000000
v 0.538901 2.448845 -0.264886 1.000000 1.000000 1.000000 1.000000
v 0.318309 2.450142 -0.224229 1.000000 1.000000 1.000000 1.000000
v 0.551543 2.435963 -0.252335 1.000000 1.000000 1.000000 1.000000
v 0.306779 2.585301 -0.062733 1.000000 1.000000 1.000000 1.000000
v 0.275837 2.434866 -0.181824 1.000000 1.000000 1.000000 1.000000
v 0.275837 2.434866 -0.181824 1.000000 1.000000 1.000000 1.000000
v 0.244891 2.435431 -0.151216 1.000000 1.000000 1.000000 1.000000
v 0.276134 2.386966 -0.579014 1.000000 1.000000 1.000000 1.000000
v 0.244891 2.435431 -0.151216 1.000000 1.000000 1.000000 1.000000
v 0.306297 2.277158 -0.576901 1.000000 1.000000 1.000000 1.000000
v 0.276134 2.386966 -0.579014 1.000000 1.000000 1.000000 1.000000
v 0.276134 2.386966 -0.579014 1.000000 1.000000 1.000000 1.000000
v 0.306297 2.277158 -0.576901 1.000000 1.000000 1.000000 1.000000
v 0.444317 2.262896 -0.577053 1.000000 1.000000 1.000000 1.000000
v 0.275837 2.434866 -0.181824 1.000000 1.000000 1.000000 1.000000
v 0.444647 2.425395 -0.216924 1.000000 1.000000 1.000000 1.000000
v 0.312172 2.304103 -1.000569 1.000000 1.000000 1.000000 1.000000
v 0.306297 2.277158 -0.576901 1.000000 1.000000 1.000000 1.000000
v 0.276287 2.426784 -1.057701 1.000000 1.000000 1.000000 1.000000
v 0.276287 2.426784 -1.057701 1.000000 1.000000 1.000000 1.000000
v 0.306297 2.277158 -0.576901 1.000000 1.000000 1.000000 1.000000
v 0.276134 2.386966 -0.579014 1.000000 1.000000 1.000000 1.000000
v 0.444408 2.427011 -1.058060 1.000000 1.000000 1.000000 1.000000
v 0.582414 2.427303 -1.058609 1.000000 1.000000 1.000000 1.000000
v 0.674364 2.479671 -1.065391 1.000000 1.000000 1.000000 1.000000
v 0.552002 2.277612 -0.576743 1.000000 1.000000 1.000000 1.000000
v 0.444317 2.262896 -0.577053 1.000000 1.000000 1.000000 1.000000
v 0.444146 2.289678 -1.000106 1.000000 1.000000 1.000000 1.000000
v 0.312172 2.304103 -1.000569 1.000000 1.000000 1.000000 1.000000
v 0.545233 2.304527 -1.000925 1.000000 1.000000 1.000000 1.000000
v 0.628450 2.433770 -0.273809 1.000000 1.000000 1.000000 1.000000
v 0.623105 2.430266 -0.357910 1.000000 1.000000 1.000000 1.000000
v 0.551543 2.435963 -0.252335 1.000000 1.000000 1.000000 1.000000
v 0.582419 2.410645 -0.579796 1.000000 1.000000 1.000000 1.000000
v 0.623105 2.430266 -0.357910 1.000000 1.000000 1.000000 1.000000
v 0.582419 2.410645 -0.579796 1.000000 1.000000 1.000000 1.000000
v 0.658192 2.447568 -0.361597 1.000000 1.000000 1.000000 1.000000
v 0.674072 2.454308 -0.580504 1.000000 1.000000 1.000000 1.000000
v 0.582414 2.427303 -1.058609 1.000000 1.000000 1.000000 1.000000
v 0.582419 2.410645 -0.579796 1.000000 1.000000 1.000000 1.000000
v 0.545233 2.304527 -1.000925 1.000000 1.000000 1.000000 1.000000
v 0.545233 2.304527 -1.000925 1.000000 1.000000 1.000000 1.000000
v 0.582419 2.410645 -0.579796 1.000000 1.000000 1.000000 1.000000
v 0.674364 2.479671 -1.065391 1.000000 1.000000 1.000000 1.000000
v 0.674364 2.479671 -1.065391 1.000000 1.000000 1.000000 1.000000
v 0.674072 2.454308 -0.580504 1.000000 1.000000 1.000000 1.000000
v 0.628450 2.433770 -0.273809 1.000000 1.000000 1.000000 1.000000
v 0.623105 2.430266 -0.357910 1.000000 1.000000 1.000000 1.000000
v 0.628286 2.586391 -0.163956 1.000000 1.000000 1.000000 1.000000
v 0.625554 2.579216 -0.361414 1.000000 1.000000 1.000000 1.000000
v 0.625554 2.579216 -0.361414 1.000000 1.000000 1.000000 1.000000
v 0.623105 2.430266 -0.357910 1.000000 1.000000 1.000000 1.000000
v 0.658192 2.447568 -0.361597 1.000000 1.000000 1.000000 1.000000
v 0.658192 2.447568 -0.361597 1.000000 1.000000 1.000000 1.000000
v 0.680058 2.580125 -0.363409 1.000000 1.000000 1.000000 1.000000
v 0.625554 2.579216 -0.361414 1.000000 1.000000 1.000000 1.000000
v 0.680058 2.580125 -0.363409 1.000000 1.000000 1.000000 1.000000
v 0.680058 2.580125 -0.363409 1.000000 1.000000 1.000000 1.000000
v 0.677175 2.583851 -0.214327 1.000000 1.000000 1.000000 1.000000
v 0.628286 2.586391 -0.163956 1.000000 1.000000 1.000000 1.000000
v 0.674072 2.454308 -0.580504 1.000000 1.000000 1.000000 1.000000
v 0.690302 2.590270 -0.582336 1.000000 1.000000 1.000000 1.000000
v 0.658192 2.447568 -0.361597 1.000000 1.000000 1.000000 1.000000
v 0.741915 2.988255 -0.303368 1.000000 1.000000 1.000000 1.000000
v 0.628656 2.909692 0.093001 1.000000 1.000000 1.000000 1.000000
v 0.628656 2.909692 0.093001 1.000000 1.000000 1.000000 1.000000
v 0.628286 2.586391 -0.163956 1.000000 1.000000 1.000000 1.000000
v 0.643578 3.350725 -0.638489 1.000000 1.000000 1.000000 1.000000
v 0.644116 3.351526 -0.595284 1.000000 1.000000 1.000000 1.000000
v 0.739680 2.981052 -0.588908 1.000000 1.000000 1.000000 1.000000
v 0.643480 3.356190 -0.437570 1.000000 1.000000 1.000000 1.000000
v 0.628656 2.909692 0.093001 1.000000 1.000000 1.000000 1.000000
v 0.643390 3.497199 -0.659553 1.000000 1.000000 1.000000 1.000000
v 0.459168 3.499853 -0.659420 1.000000 1.000000 1.000000 1.000000
v 0.398036 3.354031 -0.595223 1.000000 1.000000 1.000000 1.000000
v 0.674364 2.479671 -1.065391 1.000000 1.000000 1.000000 1.000000
v 0.674364 2.479671 -1.065391 1.000000 1.000000 1.000000 1.000000
v 0.728097 2.847834 -0.586960 1.000000 1.000000 1.000000 1.000000
v 0.643390 3.497199 -0.659553 1.000000 1.000000 1.000000 1.000000
v 0.644274 3.490648 -0.959541 1.000000 1.000000 1.000000 1.000000
v 0.736483 2.972558 -0.952501 1.000000 1.000000 1.000000 1.000000
v 0.643188 3.341288 -0.957282 1.000000 1.000000 1.000000 1.000000
v 0.643993 3.344414 -0.919908 1.000000 1.000000 1.000000 1.000000
v 0.643993 3.344414 -0.919908 1.000000 1.000000 1.000000 1.000000
v 0.643188 3.341288 -0.957282 1.000000 1.000000 1.000000 1.000000
v 0.643279 3.446763 -0.921930 1.000000 1.000000 1.000000 1.000000
v 0.643188 3.341288 -0.957282 1.000000 1.000000 1.000000 1.000000
v 0.644274 3.490648 -0.959541 1.000000 1.000000 1.000000 1.000000
v 0.643279 3.446763 -0.921930 1.000000 1.000000 1.000000 1.000000
v 0.643279 3.446763 -0.921930 1.000000 1.000000 1.000000 1.000000
v 0.644274 3.490648 -0.959541 1.000000 1.000000 1.000000 1.000000
v 0.644332 3.453565 -0.695073 1.000000 1.000000 1.000000 1.000000
v 0.643390 3.497199 -0.659553 1.000000 1.000000 1.000000 1.000000
v 0.644332 3.453565 -0.695073 1.000000 1.000000 1.000000 1.000000
v 0.644332 3.453565 -0.695073 1.000000 1.000000 1.000000 1.000000
v 0.644116 3.351526 -0.595284 1.000000 1.000000 1.000000 1.000000
v 0.859086 3.089271 -0.707565 1.000000 1.000000 1.000000 1.000000
v 0.858617 3.310063 -0.711465 1.000000 1.000000 1.000000 1.000000
v 0.643578 3.350725 -0.638489 1.000000 1.000000 1.000000 1.000000
v 0.858470 3.385060 -0.754268 1.000000 1.000000 1.000000 1.000000
v 0.644332 3.453565 -0.695073 1.000000 1.000000 1.000000 1.000000
v 0.644332 3.453565 -0.695073 1.000000 1.000000 1.000000 1.000000
v 0.858715 3.382022 -0.860445 1.000000 1.000000 1.000000 1.000000
v 0.643279 3.446763 -0.921930 1.000000 1.000000 1.000000 1.000000
v 0.858715 3.382022 -0.860445 1.000000 1.000000 1.000000 1.000000
v 0.644332 3.453565 -0.695073 1.000000 1.000000 1.000000 1.000000
v 0.858470 3.385060 -0.754268 1.000000 1.000000 1.000000 1.000000
v 0.736483 2.972558 -0.952501 1.000000 1.000000 1.000000 1.000000
v 0.643993 3.344414 -0.919908 1.000000 1.000000 1.000000 1.000000
v 0.858341 3.086831 -0.860618 1.000000 1.000000 1.000000 1.000000
v 0.858341 3.086831 -0.860618 1.000000 1.000000 1.000000 1.000000
v 0.857866 3.308622 -0.864483 1.000000 1.000000 1.000000 1.000000
v 0.643279 3.446763 -0.921930 1.000000 1.000000 1.000000 1.000000
v 0.858715 3.382022 -0.860445 1.000000 1.000000 1.000000 1.000000
v 0.739680 2.981052 -0.588908 1.000000 1.000000 1.000000 1.000000
v 0.736483 2.972558 -0.952501 1.000000 1.000000 1.000000 1.000000
v 0.859086 3.089271 -0.707565 1.000000 1.000000 1.000000 1.000000
v 0.859086 3.089271 -0.707565 1.000000 1.000000 1.000000 1.000000
v 0.736483 2.972558 -0.952501 1.000000 1.000000 1.000000 1.000000
v 0.858341 3.086831 -0.860618 1.000000 1.000000 1.000000 1.000000
v 0.858341 3.086831 -0.860618 1.000000 1.000000 1.000000 1.000000
v 0.778913 2.966953 -0.920555 1.000000 1.000000 1.000000 1.000000
v 0.736483 2.972558 -0.952501 1.000000 1.000000 1.000000 1.000000
v 0.736483 2.972558 -0.952501 1.000000 1.000000 1.000000 1.000000
v 0.739680 2.981052 -0.588908 1.000000 1.000000 1.000000 1.000000
v 0.778913 2.966953 -0.920555 1.000000 1.000000 1.000000 1.000000
v 0.778785 2.972947 -0.613648 1.000000 1.000000 1.000000 1.000000
v 0.728097 2.847834 -0.586960 1.000000 1.000000 1.000000 1.000000
v 0.766268 2.842619 -0.611082 1.000000 1.000000 1.000000 1.000000
v 0.778785 2.972947 -0.613648 1.000000 1.000000 1.000000 1.000000
v 0.766243 2.835445 -0.918018 1.000000 1.000000 1.000000 1.000000
v 0.778785 2.972947 -0.613648 1.000000 1.000000 1.000000 1.000000
v 0.778913 2.966953 -0.920555 1.000000 1.000000 1.000000 1.000000
v 0.724735 2.837911 -0.950594 1.000000 1.000000 1.000000 1.000000
v 0.736483 2.972558 -0.952501 1.000000 1.000000 1.000000 1.000000
v 0.766243 2.835445 -0.918018 1.000000 1.000000 1.000000 1.000000
v 0.736483 2.972558 -0.952501 1.000000 1.000000 1.000000 1.000000
v 0.778913 2.966953 -0.920555 1.000000 1.000000 1.000000 1.000000
v 0.724735 2.837911 -0.950594 1.000000 1.000000 1.000000 1.000000
v 0.766268 2.842619 -0.611082 1.000000 1.000000 1.000000 1.000000
v 0.724735 2.837911 -0.950594 1.000000 1.000000 1.000000 1.000000
v 0.766243 2.835445 -0.918018 1.000000 1.000000 1.000000 1.000000
v 0.674364 2.479671 -1.065391 1.000000 1.000000 1.000000 1.000000
v 0.724735 2.837911 -0.950594 1.000000 1.000000 1.000000 1.000000
v 0.674364 2.479671 -1.065391 1.000000 1.000000 1.000000 1.000000
v 0.735987 2.969944 -1.103872 1.000000 1.000000 1.000000 1.000000
v 0.724735 2.837911 -0.950594 1.000000 1.000000 1.000000 1.000000
v 0.724735 2.837911 -0.950594 1.000000 1.000000 1.000000 1.000000
v 0.643188 3.341288 -0.957282 1.000000 1.000000 1.000000 1.000000
v 0.612968 3.486698 -1.082398 1.000000 1.000000 1.000000 1.000000
v 0.612571 3.490608 -0.959940 1.000000 1.000000 1.000000 1.000000
v 0.612968 3.486698 -1.082398 1.000000 1.000000 1.000000 1.000000
v 0.612571 3.490608 -0.959940 1.000000 1.000000 1.000000 1.000000
v 0.643740 3.336844 -1.079765 1.000000 1.000000 1.000000 1.000000
v 0.612968 3.486698 -1.082398 1.000000 1.000000 1.000000 1.000000
v 0.460051 3.489402 -1.082547 1.000000 1.000000 1.000000 1.000000
v 0.263505 3.486267 -1.082827 1.000000 1.000000 1.000000 1.000000
v 0.263505 3.486267 -1.082827 1.000000 1.000000 1.000000 1.000000
v 0.300340 3.470673 -1.020604 1.000000 1.000000 1.000000 1.000000
v 0.459469 3.490433 -0.959291 1.000000 1.000000 1.000000 1.000000
v 0.300340 3.470673 -1.020604 1.000000 1.000000 1.000000 1.000000
v 0.459469 3.490433 -0.959291 1.000000 1.000000 1.000000 1.000000
v 0.460051 3.489402 -1.082547 1.000000 1.000000 1.000000 1.000000
v 0.612571 3.490608 -0.959940 1.000000 1.000000 1.000000 1.000000
v 0.612968 3.486698 -1.082398 1.000000 1.000000 1.000000 1.000000
v 0.612968 3.486698 -1.082398 1.000000 1.000000 1.000000 1.000000
v 0.460051 3.489402 -1.082547 1.000000 1.000000 1.000000 1.000000
v 0.263505 3.486267 -1.082827 1.000000 1.000000 1.000000 1.000000
v 0.263505 3.486267 -1.082827 1.000000 1.000000 1.000000 1.000000
v 0.263505 3.486267 -1.082827 1.000000 1.000000 1.000000 1.000000
v 0.000000 3.597923 -1.084826 1.000000 1.000000 1.000000 1.000000
v 0.000000 3.450921 -1.081736 1.000000 1.000000 1.000000 1.000000
v 0.000000 3.450921 -1.081736 1.000000 1.000000 1.000000 1.000000
v 0.000000 3.597923 -1.084826 1.000000 1.000000 1.000000 1.000000
v -0.263505 3.486267 -1.082827 1.000000 1.000000 1.000000 1.000000
v -0.245117 3.598045 -1.083770 1.000000 1.000000 1.000000 1.000000
v -0.304046 2.736961 -1.393569 1.000000 1.000000 1.000000 1.000000
v -0.316164 2.824282 -1.350457 1.000000 1.000000 1.000000 1.000000
v -0.336711 2.958802 -1.465389 1.000000 1.000000 1.000000 1.000000
v -0.337156 2.969233 -1.103943 1.000000 1.000000 1.000000 1.000000
v -0.277790 3.373790 -1.196861 1.000000 1.000000 1.000000 1.000000
v -0.263505 3.486267 -1.082827 1.000000 1.000000 1.000000 1.000000
v -0.245117 3.598045 -1.083770 1.000000 1.000000 1.000000 1.000000
v -0.316027 2.826295 -1.269826 1.000000 1.000000 1.000000 1.000000
v -0.303779 2.742142 -1.224000 1.000000 1.000000 1.000000 1.000000
v -0.275498 2.502371 -1.065756 1.000000 1.000000 1.000000 1.000000
v -0.290119 2.649524 -1.262516 1.000000 1.000000 1.000000 1.000000
v -0.290119 2.649524 -1.262516 1.000000 1.000000 1.000000 1.000000
v -0.289362 2.646323 -1.350991 1.000000 1.000000 1.000000 1.000000
v -0.303779 2.742142 -1.224000 1.000000 1.000000 1.000000 1.000000
v -0.410484 2.742310 -1.253128 1.000000 1.000000 1.000000 1.000000
v -0.290119 2.649524 -1.262516 1.000000 1.000000 1.000000 1.000000
v -0.410829 2.683429 -1.280221 1.000000 1.000000 1.000000 1.000000
v -0.290119 2.649524 -1.262516 1.000000 1.000000 1.000000 1.000000
v -0.316027 2.826295 -1.269826 1.000000 1.000000 1.000000 1.000000
v -0.410967 2.798604 -1.281872 1.000000 1.000000 1.000000 1.000000
v -0.303779 2.742142 -1.224000 1.000000 1.000000 1.000000 1.000000
v -0.410484 2.742310 -1.253128 1.000000 1.000000 1.000000 1.000000
v -0.410484 2.742310 -1.253128 1.000000 1.000000 1.000000 1.000000
v -0.410967 2.798604 -1.281872 1.000000 1.000000 1.000000 1.000000
v -0.410829 2.683429 -1.280221 1.000000 1.000000 1.000000 1.000000
v -0.410986 2.799074 -1.336847 1.000000 1.000000 1.000000 1.000000
v -0.411402 2.737100 -1.363919 1.000000 1.000000 1.000000 1.000000
v -0.316164 2.824282 -1.350457 1.000000 1.000000 1.000000 1.000000
v -0.410986 2.799074 -1.336847 1.000000 1.000000 1.000000 1.000000
v -0.316027 2.826295 -1.269826 1.000000 1.000000 1.000000 1.000000
v -0.410967 2.798604 -1.281872 1.000000 1.000000 1.000000 1.000000
v -0.411402 2.737100 -1.363919 1.000000 1.000000 1.000000 1.000000
v -0.410986 2.799074 -1.336847 1.000000 1.000000 1.000000 1.000000
v -0.304046 2.736961 -1.393569 1.000000 1.000000 1.000000 1.000000
v -0.316164 2.824282 -1.350457 1.000000 1.000000 1.000000 1.000000
v -0.290119 2.649524 -1.262516 1.000000 1.000000 1.000000 1.000000
v -0.410829 2.683429 -1.280221 1.000000 1.000000 1.000000 1.000000
v -0.289362 2.646323 -1.350991 1.000000 1.000000 1.000000 1.000000
v -0.410918 2.680714 -1.335203 1.000000 1.000000 1.000000 1.000000
v -0.410918 2.680714 -1.335203 1.000000 1.000000 1.000000 1.000000
v -0.411402 2.737100 -1.363919 1.000000 1.000000 1.000000 1.000000
v -0.289362 2.646323 -1.350991 1.000000 1.000000 1.000000 1.000000
v -0.304046 2.736961 -1.393569 1.000000 1.000000 1.000000 1.000000
v -0.289362 2.646323 -1.350991 1.000000 1.000000 1.000000 1.000000
v -0.276395 2.587539 -1.459790 1.000000 1.000000 1.000000 1.000000
v -0.306068 2.955952 -1.527312 1.000000 1.000000 1.000000 1.000000
v -0.214516 3.548426 -1.536678 1.000000 1.000000 1.000000 1.000000
v -0.275498 2.502371 -1.065756 1.000000 1.000000 1.000000 1.000000
v -0.276395 2.587539 -1.459790 1.000000 1.000000 1.000000 1.000000
v 0.000000 2.499274 -1.065645 1.000000 1.000000 1.000000 1.000000
v 0.000000 2.587410 -1.459625 1.000000 1.000000 1.000000 1.000000
v 0.000000 2.499274 -1.065645 1.000000 1.000000 1.000000 1.000000
v 0.000000 2.587410 -1.459625 1.000000 1.000000 1.000000 1.000000
v 0.276395 2.587539 -1.459790 1.000000 1.000000 1.000000 1.000000
v 0.245560 2.622756 -1.521529 1.000000 1.000000 1.000000 1.000000
v -0.245560 2.622756 -1.521529 1.000000 1.000000 1.000000 1.000000
v 0.000000 2.622663 -1.520854 1.000000 1.000000 1.000000 1.000000
v 0.000000 2.622663 -1.520854 1.000000 1.000000 1.000000 1.000000
v 0.245560 2.622756 -1.521529 1.000000 1.000000 1.000000 1.000000
v -0.245560 2.622756 -1.521529 1.000000 1.000000 1.000000 1.000000
v 0.000000 2.622663 -1.520854 1.000000 1.000000 1.000000 1.000000
v 0.000000 2.622663 -1.520854 1.000000 1.000000 1.000000 1.000000
v 0.000000 2.955822 -1.526828 1.000000 1.000000 1.000000 1.000000
v 0.000000 3.551336 -1.537255 1.000000 1.000000 1.000000 1.000000
v -0.214516 3.548426 -1.536678 1.000000 1.000000 1.000000 1.000000
v 0.214516 3.548426 -1.536678 1.000000 1.000000 1.000000 1.000000
v 0.306068 2.955952 -1.527312 1.000000 1.000000 1.000000 1.000000
v 0.000000 3.551336 -1.537255 1.000000 1.000000 1.000000 1.000000
v 0.000000 2.955822 -1.526828 1.000000 1.000000 1.000000 1.000000
v 0.000000 2.622663 -1.520854 1.000000 1.000000 1.000000 1.000000
v 0.245494 3.588821 -1.476569 1.000000 1.000000 1.000000 1.000000
v 0.336711 2.958802 -1.465389 1.000000 1.000000 1.000000 1.000000
v 0.276395 2.587539 -1.459790 1.000000 1.000000 1.000000 1.000000
v 0.306068 2.955952 -1.527312 1.000000 1.000000 1.000000 1.000000
v 0.276395 2.587539 -1.459790 1.000000 1.000000 1.000000 1.000000
v -0.245494 3.588821 -1.476569 1.000000 1.000000 1.000000 1.000000
v 0.000000 3.585808 -1.475893 1.000000 1.000000 1.000000 1.000000
v 0.000000 3.585808 -1.475893 1.000000 1.000000 1.000000 1.000000
v 0.245494 3.588821 -1.476569 1.000000 1.000000 1.000000 1.000000
v -0.214516 3.548426 -1.536678 1.000000 1.000000 1.000000 1.000000
v -0.277252 3.367471 -1.380327 1.000000 1.000000 1.000000 1.000000
v -0.245494 3.588821 -1.476569 1.000000 1.000000 1.000000 1.000000
v -0.245483 3.589865 -1.384584 1.000000 1.000000 1.000000 1.000000
v -0.245483 3.589865 -1.384584 1.000000 1.000000 1.000000 1.000000
v -0.277252 3.367471 -1.380327 1.000000 1.000000 1.000000 1.000000
v -0.277790 3.373790 -1.196861 1.000000 1.000000 1.000000 1.000000
v -0.277252 3.367471 -1.380327 1.000000 1.000000 1.000000 1.000000
v -0.277790 3.373790 -1.196861 1.000000 1.000000 1.000000 1.000000
v -0.373912 3.367574 -1.380057 1.000000 1.000000 1.000000 1.000000
v -0.373820 3.370915 -1.196573 1.000000 1.000000 1.000000 1.000000
v -0.373912 3.367574 -1.380057 1.000000 1.000000 1.000000 1.000000
v -0.277252 3.367471 -1.380327 1.000000 1.000000 1.000000 1.000000
v -0.373820 3.370915 -1.196573 1.000000 1.000000 1.000000 1.000000
v -0.277252 3.367471 -1.380327 1.000000 1.000000 1.000000 1.000000
v -0.373912 3.367574 -1.380057 1.000000 1.000000 1.000000 1.000000
v -0.245483 3.589865 -1.384584 1.000000 1.000000 1.000000 1.000000
v -0.374111 3.625582 -1.384547 1.000000 1.000000 1.000000 1.000000
v -0.153204 3.628384 -1.385644 1.000000 1.000000 1.000000 1.000000
v -0.374020 3.633467 -1.201114 1.000000 1.000000 1.000000 1.000000
v -0.153204 3.628384 -1.385644 1.000000 1.000000 1.000000 1.000000
v -0.374020 3.633467 -1.201114 1.000000 1.000000 1.000000 1.000000
v -0.374111 3.625582 -1.384547 1.000000 1.000000 1.000000 1.000000
v -0.373820 3.370915 -1.196573 1.000000 1.000000 1.000000 1.000000
v -0.373912 3.367574 -1.380057 1.000000 1.000000 1.000000 1.000000
v -0.245117 3.598045 -1.083770 1.000000 1.000000 1.000000 1.000000
v -0.152965 3.594968 -1.200629 1.000000 1.000000 1.000000 1.000000
v 0.000000 3.585808 -1.475893 1.000000 1.000000 1.000000 1.000000
v -0.153205 3.592824 -1.384033 1.000000 1.000000 1.000000 1.000000
v -0.245494 3.588821 -1.476569 1.000000 1.000000 1.000000 1.000000
v -0.245483 3.589865 -1.384584 1.000000 1.000000 1.000000 1.000000
v -0.153857 3.630371 -1.201396 1.000000 1.000000 1.000000 1.000000
v -0.152965 3.594968 -1.200629 1.000000 1.000000 1.000000 1.000000
v -0.153204 3.628384 -1.385644 1.000000 1.000000 1.000000 1.000000
v -0.153205 3.592824 -1.384033 1.000000 1.000000 1.000000 1.000000
v -0.153857 3.630371 -1.201396 1.000000 1.000000 1.000000 1.000000
v -0.153204 3.628384 -1.385644 1.000000 1.000000 1.000000 1.000000
v -0.374020 3.633467 -1.201114 1.000000 1.000000 1.000000 1.000000
v -0.153857 3.630371 -1.201396 1.000000 1.000000 1.000000 1.000000
v -0.374020 3.633467 -1.201114 1.000000 1.000000 1.000000 1.000000
v -0.245386 3.595035 -1.200325 1.000000 1.000000 1.000000 1.000000
v -0.374020 3.633467 -1.201114 1.000000 1.000000 1.000000 1.000000
v -0.373820 3.370915 -1.196573 1.000000 1.000000 1.000000 1.000000
v -0.245386 3.595035 -1.200325 1.000000 1.000000 1.000000 1.000000
v -0.245386 3.595035 -1.200325 1.000000 1.000000 1.000000 1.000000
v -0.277790 3.373790 -1.196861 1.000000 1.000000 1.000000 1.000000
v 0.245117 3.598045 -1.083770 1.000000 1.000000 1.000000 1.000000
v 0.152965 3.594968 -1.200629 1.000000 1.000000 1.000000 1.000000
v 0.000000 3.585808 -1.475893 1.000000 1.000000 1.000000 1.000000
v 0.153205 3.592824 -1.384033 1.000000 1.000000 1.000000 1.000000
v 0.245494 3.588821 -1.476569 1.000000 1.000000 1.000000 1.000000
v 0.245483 3.589865 -1.384584 1.000000 1.000000 1.000000 1.000000
v 0.263505 3.486267 -1.082827 1.000000 1.000000 1.000000 1.000000
v 0.337156 2.969233 -1.103943 1.000000 1.000000 1.000000 1.000000
v 0.277790 3.373790 -1.196861 1.000000 1.000000 1.000000 1.000000
v 0.277252 3.367471 -1.380327 1.000000 1.000000 1.000000 1.000000
v 0.245483 3.589865 -1.384584 1.000000 1.000000 1.000000 1.000000
v 0.245494 3.588821 -1.476569 1.000000 1.000000 1.000000 1.000000
v 0.245483 3.589865 -1.384584 1.000000 1.000000 1.000000 1.000000
v 0.245386 3.595035 -1.200325 1.000000 1.000000 1.000000 1.000000
v 0.245386 3.595035 -1.200325 1.000000 1.000000 1.000000 1.000000
v 0.373820 3.370915 -1.196573 1.000000 1.000000 1.000000 1.000000
v 0.277790 3.373790 -1.196861 1.000000 1.000000 1.000000 1.000000
v 0.373912 3.367574 -1.380057 1.000000 1.000000 1.000000 1.000000
v 0.277252 3.367471 -1.380327 1.000000 1.000000 1.000000 1.000000
v 0.153204 3.628384 -1.385644 1.000000 1.000000 1.000000 1.000000
v 0.374111 3.625582 -1.384547 1.000000 1.000000 1.000000 1.000000
v 0.245483 3.589865 -1.384584 1.000000 1.000000 1.000000 1.000000
v 0.373912 3.367574 -1.380057 1.000000 1.000000 1.000000 1.000000
v 0.277252 3.367471 -1.380327 1.000000 1.000000 1.000000 1.000000
v 0.153205 3.592824 -1.384033 1.000000 1.000000 1.000000 1.000000
v 0.152965 3.594968 -1.200629 1.000000 1.000000 1.000000 1.000000
v 0.153204 3.628384 -1.385644 1.000000 1.000000 1.000000 1.000000
v 0.153857 3.630371 -1.201396 1.000000 1.000000 1.000000 1.000000
v 0.373820 3.370915 -1.196573 1.000000 1.000000 1.000000 1.000000
v 0.374020 3.633467 -1.201114 1.000000 1.000000 1.000000 1.000000
v 0.245386 3.595035 -1.200325 1.000000 1.000000 1.000000 1.000000
v 0.153857 3.630371 -1.201396 1.000000 1.000000 1.000000 1.000000
v 0.152965 3.594968 -1.200629 1.000000 1.000000 1.000000 1.000000
v 0.374111 3.625582 -1.384547 1.000000 1.000000 1.000000 1.000000
v 0.153204 3.628384 -1.385644 1.000000 1.000000 1.000000 1.000000
v 0.374020 3.633467 -1.201114 1.000000 1.000000 1.000000 1.000000
v 0.373820 3.370915 -1.196573 1.000000 1.000000 1.000000 1.000000
v 0.374020 3.633467 -1.201114 1.000000 1.000000 1.000000 1.000000
v 0.303779 2.742142 -1.224000 1.000000 1.000000 1.000000 1.000000
v 0.316027 2.826295 -1.269826 1.000000 1.000000 1.000000 1.000000
v 0.316164 2.824282 -1.350457 1.000000 1.000000 1.000000 1.000000
v 0.304046 2.736961 -1.393569 1.000000 1.000000 1.000000 1.000000
v 0.289362 2.646323 -1.350991 1.000000 1.000000 1.000000 1.000000
v 0.275498 2.502371 -1.065756 1.000000 1.000000 1.000000 1.000000
v 0.290119 2.649524 -1.262516 1.000000 1.000000 1.000000 1.000000
v 0.410829 2.683429 -1.280221 1.000000 1.000000 1.000000 1.000000
v 0.410484 2.742310 -1.253128 1.000000 1.000000 1.000000 1.000000
v 0.290119 2.649524 -1.262516 1.000000 1.000000 1.000000 1.000000
v 0.303779 2.742142 -1.224000 1.000000 1.000000 1.000000 1.000000
v 0.303779 2.742142 -1.224000 1.000000 1.000000 1.000000 1.000000
v 0.410484 2.742310 -1.253128 1.000000 1.000000 1.000000 1.000000
v 0.410967 2.798604 -1.281872 1.000000 1.000000 1.000000 1.000000
v 0.316027 2.826295 -1.269826 1.000000 1.000000 1.000000 1.000000
v 0.411402 2.737100 -1.363919 1.000000 1.000000 1.000000 1.000000
v 0.410986 2.799074 -1.336847 1.000000 1.000000 1.000000 1.000000
v 0.410829 2.683429 -1.280221 1.000000 1.000000 1.000000 1.000000
v 0.410967 2.798604 -1.281872 1.000000 1.000000 1.000000 1.000000
v 0.410484 2.742310 -1.253128 1.000000 1.000000 1.000000 1.000000
v 0.410967 2.798604 -1.281872 1.000000 1.000000 1.000000 1.000000
v 0.410986 2.799074 -1.336847 1.000000 1.000000 1.000000 1.000000
v 0.316027 2.826295 -1.269826 1.000000 1.000000 1.000000 1.000000
v 0.316164 2.824282 -1.350457 1.000000 1.000000 1.000000 1.000000
v 0.316164 2.824282 -1.350457 1.000000 1.000000 1.000000 1.000000
v 0.410986 2.799074 -1.336847 1.000000 1.000000 1.000000 1.000000
v 0.304046 2.736961 -1.393569 1.000000 1.000000 1.000000 1.000000
v 0.411402 2.737100 -1.363919 1.000000 1.000000 1.000000 1.000000
v 0.411402 2.737100 -1.363919 1.000000 1.000000 1.000000 1.000000
v 0.410918 2.680714 -1.335203 1.000000 1.000000 1.000000 1.000000
v 0.289362 2.646323 -1.350991 1.000000 1.000000 1.000000 1.000000
v 0.410918 2.680714 -1.335203 1.000000 1.000000 1.000000 1.000000
v 0.410829 2.683429 -1.280221 1.000000 1.000000 1.000000 1.000000
v 0.289362 2.646323 -1.350991 1.000000 1.000000 1.000000 1.000000
v 0.290119 2.649524 -1.262516 1.000000 1.000000 1.000000 1.000000
v 0.304046 2.736961 -1.393569 1.000000 1.000000 1.000000 1.000000
v -0.551543 2.435963 -0.252335 1.000000 1.000000 1.000000 1.000000
v -0.644332 3.453565 -0.695073 1.000000 1.000000 1.000000 1.000000
v -0.153205 3.592824 -1.384033 1.000000 1.000000 1.000000 1.000000
v -0.410918 2.680714 -1.335203 1.000000 1.000000 1.000000 1.000000
v -0.214516 3.548426 -1.536678 1.000000 1.000000 1.000000 1.000000
v -0.612571 3.490608 -0.959940 1.000000 1.000000 1.000000 1.000000
v -0.643188 3.341288 -0.957282 1.000000 1.000000 1.000000 1.000000
v -0.644274 3.490648 -0.959541 1.000000 1.000000 1.000000 1.000000
v 0.184355 1.942828 -0.933424 1.000000 1.000000 1.000000 1.000000
v 0.244891 2.435431 -0.151216 1.000000 1.000000 1.000000 1.000000
v 0.674364 2.479671 -1.065391 1.000000 1.000000 1.000000 1.000000
v 0.153205 3.592824 -1.384033 1.000000 1.000000 1.000000 1.000000
v 0.410918 2.680714 -1.335203 1.000000 1.000000 1.000000 1.000000
v 0.612571 3.490608 -0.959940 1.000000 1.000000 1.000000 1.000000
v 0.643188 3.341288 -0.957282 1.000000 1.000000 1.000000 1.000000
v -0.123121 3.500220 -0.579279 1.000000 1.000000 1.000000 1.000000
v -0.184100 3.356688 -0.527610 1.000000 1.000000 1.000000 1.000000
v 0.184278 3.350419 -0.773444 1.000000 1.000000 1.000000 1.000000
v -0.263505 3.486267 -1.082827 1.000000 1.000000 1.000000 1.000000
v -0.306068 2.955952 -1.527312 1.000000 1.000000 1.000000 1.000000
v -0.276395 2.587539 -1.459790 1.000000 1.000000 1.000000 1.000000
v 0.643578 3.350725 -0.638489 1.000000 1.000000 1.000000 1.000000
v 0.739680 2.981052 -0.588908 1.000000 1.000000 1.000000 1.000000
v 0.644116 3.351526 -0.595284 1.000000 1.000000 1.000000 1.000000
v 0.643578 3.350725 -0.638489 1.000000 1.000000 1.000000 1.000000
v 0.644332 3.453565 -0.695073 1.000000 1.000000 1.000000 1.000000
v 0.245117 3.598045 -1.083770 1.000000 1.000000 1.000000 1.000000
v 0.245386 3.595035 -1.200325 1.000000 1.000000 1.000000 1.000000
v 0.277790 3.373790 -1.196861 1.000000 1.000000 1.000000 1.000000
v 0.275498 2.502371 -1.065756 1.000000 1.000000 1.000000 1.000000
v -0.306297 2.277158 -0.576901 1.000000 1.000000 1.000000 1.000000
v -0.444317 2.262896 -0.577053 1.000000 1.000000 1.000000 1.000000
v -0.276134 2.386966 -0.579014 1.000000 1.000000 1.000000 1.000000
v -0.306297 2.277158 -0.576901 1.000000 1.000000 1.000000 1.000000
v -0.276134 2.386966 -0.579014 1.000000 1.000000 1.000000 1.000000
v -0.628656 2.909692 0.093001 1.000000 1.000000 1.000000 1.000000
v -0.275942 2.872443 0.123395 1.000000 1.000000 1.000000 1.000000
v -0.275895 2.747754 0.125668 1.000000 1.000000 1.000000 1.000000
v 0.552002 2.277612 -0.576743 1.000000 1.000000 1.000000 1.000000
v 0.628656 2.909692 0.093001 1.000000 1.000000 1.000000 1.000000
v 0.628656 2.909692 0.093001 1.000000 1.000000 1.000000 1.000000
v -0.245386 3.595035 -1.200325 1.000000 1.000000 1.000000 1.000000
v -0.245386 3.595035 -1.200325 1.000000 1.000000 1.000000 1.000000
v -0.245386 3.595035 -1.200325 1.000000 1.000000 1.000000 1.000000
v -0.152965 3.594968 -1.200629 1.000000 1.000000 1.000000 1.000000
v 0.202507 1.957935 -0.420599 1.000000 1.000000 1.000000 1.000000
v 0.260854 1.708185 -0.284671 1.000000 1.000000 1.000000 1.000000
v -0.202507 1.957935 -0.420599 1.000000 1.000000 1.000000 1.000000
v -0.260854 1.708185 -0.284671 1.000000 1.000000 1.000000 1.000000
v 0.260763 1.507029 -0.042073 1.000000 1.000000 1.000000 1.000000
v -0.260763 1.507029 -0.042073 1.000000 1.000000 1.000000 1.000000
v 0.202507 1.957935 -0.420599 1.000000 1.000000 1.000000 1.000000
v 0.174555 2.087826 -0.278086 1.000000 1.000000 1.000000 1.000000
v 0.260854 1.708185 -0.284671 1.000000 1.000000 1.000000 1.000000
v 0.173732 1.853283 0.056248 1.000000 1.000000 1.000000 1.000000
v 0.260763 1.507029 -0.042073 1.000000 1.000000 1.000000 1.000000
v -0.173249 2.060445 -1.074305 1.000000 1.000000 1.000000 1.000000
v -0.174555 2.087826 -0.278086 1.000000 1.000000 1.000000 1.000000
v 0.173249 2.060445 -1.074305 1.000000 1.000000 1.000000 1.000000
v 0.174555 2.087826 -0.278086 1.000000 1.000000 1.000000 1.000000
v -0.173732 1.853283 0.056248 1.000000 1.000000 1.000000 1.000000
v 0.173732 1.853283 0.056248 1.000000 1.000000 1.000000 1.000000
v -0.202507 1.957935 -0.420599 1.000000 1.000000 1.000000 1.000000
v -0.260854 1.708185 -0.284671 1.000000 1.000000 1.000000 1.000000
v -0.260763 1.507029 -0.042073 1.000000 1.000000 1.000000 1.000000
v -0.260763 1.507029 -0.042073 1.000000 1.000000 1.000000 1.000000
v -0.173732 1.853283 0.056248 1.000000 1.000000 1.000000 1.000000
v 0.203047 1.948469 -0.702774 1.000000 1.000000 1.000000 1.000000
v 0.231826 1.818352 -0.765081 1.000000 1.000000 1.000000 1.000000
v 0.173249 2.060445 -1.074305 1.000000 1.000000 1.000000 1.000000
v 0.232047 1.808467 -1.069600 1.000000 1.000000 1.000000 1.000000
v -0.173249 2.060445 -1.074305 1.000000 1.000000 1.000000 1.000000
v 0.173249 2.060445 -1.074305 1.000000 1.000000 1.000000 1.000000
v -0.232047 1.808467 -1.069600 1.000000 1.000000 1.000000 1.000000
v 0.232047 1.808467 -1.069600 1.000000 1.000000 1.000000 1.000000
v 0.231826 1.818352 -0.765081 1.000000 1.000000 1.000000 1.000000
v -0.231826 1.818352 -0.765081 1.000000 1.000000 1.000000 1.000000
v 0.232047 1.808467 -1.069600 1.000000 1.000000 1.000000 1.000000
v -0.232047 1.808467 -1.069600 1.000000 1.000000 1.000000 1.000000
v -0.173249 2.060445 -1.074305 1.000000 1.000000 1.000000 1.000000
v -0.203047 1.948469 -0.702774 1.000000 1.000000 1.000000 1.000000
v -0.232047 1.808467 -1.069600 1.000000 1.000000 1.000000 1.000000
v -0.231826 1.818352 -0.765081 1.000000 1.000000 1.000000 1.000000
v 0.203047 1.948469 -0.702774 1.000000 1.000000 1.000000 1.000000
v -0.203047 1.948469 -0.702774 1.000000 1.000000 1.000000 1.000000
v 0.231826 1.818352 -0.765081 1.000000 1.000000 1.000000 1.000000
v -0.231826 1.818352 -0.765081 1.000000 1.000000 1.000000 1.000000
v -0.203047 1.948469 -0.702774 1.000000 1.000000 1.000000 1.000000
v 0.202507 1.957935 -0.420599 1.000000 1.000000 1.000000 1.000000
v 0.203047 1.948469 -0.702774 1.000000 1.000000 1.000000 1.000000
v 0.162843 1.123103 -0.169218 1.000000 1.000000 1.000000 1.000000
v 0.162552 1.803175 0.021567 1.000000 1.000000 1.000000 1.000000
v -0.162843 1.123103 -0.169218 1.000000 1.000000 1.000000 1.000000
v -0.162843 1.123103 -0.169218 1.000000 1.000000 1.000000 1.000000
v 0.162552 1.803175 0.021567 1.000000 1.000000 1.000000 1.000000
v -0.162552 1.803175 0.021567 1.000000 1.000000 1.000000 1.000000
v 0.163089 1.244287 -0.969769 1.000000 1.000000 1.000000 1.000000
v 0.163480 1.209762 -0.766671 1.000000 1.000000 1.000000 1.000000
v -0.163480 1.209762 -0.766671 1.000000 1.000000 1.000000 1.000000
v 0.162421 1.217657 -0.476698 1.000000 1.000000 1.000000 1.000000
v -0.162421 1.217657 -0.476698 1.000000 1.000000 1.000000 1.000000
v 0.162843 1.123103 -0.169218 1.000000 1.000000 1.000000 1.000000
v -0.162843 1.123103 -0.169218 1.000000 1.000000 1.000000 1.000000
v 0.163299 1.813691 -0.982487 1.000000 1.000000 1.000000 1.000000
v 0.162477 1.941027 -0.854474 1.000000 1.000000 1.000000 1.000000
v 0.163480 1.209762 -0.766671 1.000000 1.000000 1.000000 1.000000
v 0.163178 1.963184 -0.310438 1.000000 1.000000 1.000000 1.000000
v 0.163480 1.209762 -0.766671 1.000000 1.000000 1.000000 1.000000
v 0.162421 1.217657 -0.476698 1.000000 1.000000 1.000000 1.000000
v 0.162552 1.803175 0.021567 1.000000 1.000000 1.000000 1.000000
v 0.162843 1.123103 -0.169218 1.000000 1.000000 1.000000 1.000000
v -0.163299 1.813691 -0.982487 1.000000 1.000000 1.000000 1.000000
v -0.162477 1.941027 -0.854474 1.000000 1.000000 1.000000 1.000000
v 0.162477 1.941027 -0.854474 1.000000 1.000000 1.000000 1.000000
v -0.163178 1.963184 -0.310438 1.000000 1.000000 1.000000 1.000000
v 0.162477 1.941027 -0.854474 1.000000 1.000000 1.000000 1.000000
v -0.163178 1.963184 -0.310438 1.000000 1.000000 1.000000 1.000000
v 0.163178 1.963184 -0.310438 1.000000 1.000000 1.000000 1.000000
v -0.162552 1.803175 0.021567 1.000000 1.000000 1.000000 1.000000
v 0.163178 1.963184 -0.310438 1.000000 1.000000 1.000000 1.000000
v -0.162552 1.803175 0.021567 1.000000 1.000000 1.000000 1.000000
v 0.162552 1.803175 0.021567 1.000000 1.000000 1.000000 1.000000
v -0.163089 1.244287 -0.969769 1.000000 1.000000 1.000000 1.000000
v -0.163480 1.209762 -0.766671 1.000000 1.000000 1.000000 1.000000
v -0.162477 1.941027 -0.854474 1.000000 1.000000 1.000000 1.000000
v -0.162421 1.217657 -0.476698 1.000000 1.000000 1.000000 1.000000
v -0.163178 1.963184 -0.310438 1.000000 1.000000 1.000000 1.000000
v -0.162843 1.123103 -0.169218 1.000000 1.000000 1.000000 1.000000
v -0.162552 1.803175 0.021567 1.000000 1.000000 1.000000 1.000000
v -0.093973 1.263845 -1.057635 1.000000 1.000000 1.000000 1.000000
v 0.093973 1.263845 -1.057635 1.000000 1.000000 1.000000 1.000000
v -0.163089 1.244287 -0.969769 1.000000 1.000000 1.000000 1.000000
v 0.093973 1.263845 -1.057635 1.000000 1.000000 1.000000 1.000000
v -0.163089 1.244287 -0.969769 1.000000 1.000000 1.000000 1.000000
v -0.112376 1.723449 -1.067430 1.000000 1.000000 1.000000 1.000000
v -0.093973 1.263845 -1.057635 1.000000 1.000000 1.000000 1.000000
v -0.163299 1.813691 -0.982487 1.000000 1.000000 1.000000 1.000000
v -0.163089 1.244287 -0.969769 1.000000 1.000000 1.000000 1.000000
v -0.163299 1.813691 -0.982487 1.000000 1.000000 1.000000 1.000000
v 0.163299 1.813691 -0.982487 1.000000 1.000000 1.000000 1.000000
v -0.112376 1.723449 -1.067430 1.000000 1.000000 1.000000 1.000000
v 0.163299 1.813691 -0.982487 1.000000 1.000000 1.000000 1.000000
v 0.112376 1.723449 -1.067430 1.000000 1.000000 1.000000 1.000000
v -0.112376 1.723449 -1.067430 1.000000 1.000000 1.000000 1.000000
v 0.093973 1.263845 -1.057635 1.000000 1.000000 1.000000 1.000000
v 0.112376 1.723449 -1.067430 1.000000 1.000000 1.000000 1.000000
v 0.163089 1.244287 -0.969769 1.000000 1.000000 1.000000 1.000000
v -0.093973 1.263845 -1.057635 1.000000 1.000000 1.000000 1.000000
v 0.093973 1.263845 -1.057635 1.000000 1.000000 1.000000 1.000000
v -0.163299 1.813691 -0.982487 1.000000 1.000000 1.000000 1.000000
v 0.162477 1.941027 -0.854474 1.000000 1.000000 1.000000 1.000000
v 0.163299 1.813691 -0.982487 1.000000 1.000000 1.000000 1.000000
v 0.160190 1.562746 -0.802966 1.000000 1.000000 1.000000 1.000000
v 0.159428 1.834799 -0.682537 1.000000 1.000000 1.000000 1.000000
v 0.199355 1.564979 -0.701905 1.000000 1.000000 1.000000 1.000000
v 0.199355 1.564979 -0.701905 1.000000 1.000000 1.000000 1.000000
v 0.159428 1.834799 -0.682537 1.000000 1.000000 1.000000 1.000000
v 0.198862 1.728594 -0.628594 1.000000 1.000000 1.000000 1.000000
v 0.159428 1.834799 -0.682537 1.000000 1.000000 1.000000 1.000000
v 0.159510 1.838648 -0.428425 1.000000 1.000000 1.000000 1.000000
v 0.198862 1.728594 -0.628594 1.000000 1.000000 1.000000 1.000000
v 0.198862 1.728594 -0.628594 1.000000 1.000000 1.000000 1.000000
v 0.159510 1.838648 -0.428425 1.000000 1.000000 1.000000 1.000000
v 0.198415 1.734261 -0.476934 1.000000 1.000000 1.000000 1.000000
v 0.159510 1.838648 -0.428425 1.000000 1.000000 1.000000 1.000000
v 0.159472 1.580200 -0.295436 1.000000 1.000000 1.000000 1.000000
v 0.198415 1.734261 -0.476934 1.000000 1.000000 1.000000 1.000000
v 0.198415 1.734261 -0.476934 1.000000 1.000000 1.000000 1.000000
v 0.159472 1.580200 -0.295436 1.000000 1.000000 1.000000 1.000000
v 0.199468 1.577757 -0.397704 1.000000 1.000000 1.000000 1.000000
v 0.159472 1.580200 -0.295436 1.000000 1.000000 1.000000 1.000000
v 0.159306 1.312878 -0.417179 1.000000 1.000000 1.000000 1.000000
v 0.199468 1.577757 -0.397704 1.000000 1.000000 1.000000 1.000000
v 0.199468 1.577757 -0.397704 1.000000 1.000000 1.000000 1.000000
v 0.159306 1.312878 -0.417179 1.000000 1.000000 1.000000 1.000000
v 0.199109 1.414855 -0.470365 1.000000 1.000000 1.000000 1.000000
v 0.159306 1.312878 -0.417179 1.000000 1.000000 1.000000 1.000000
v 0.160097 1.299275 -0.670602 1.000000 1.000000 1.000000 1.000000
v 0.199109 1.414855 -0.470365 1.000000 1.000000 1.000000 1.000000
v 0.199109 1.414855 -0.470365 1.000000 1.000000 1.000000 1.000000
v 0.160097 1.299275 -0.670602 1.000000 1.000000 1.000000 1.000000
v 0.199558 1.407743 -0.622075 1.000000 1.000000 1.000000 1.000000
v 0.160097 1.299275 -0.670602 1.000000 1.000000 1.000000 1.000000
v 0.160190 1.562746 -0.802966 1.000000 1.000000 1.000000 1.000000
v 0.199558 1.407743 -0.622075 1.000000 1.000000 1.000000 1.000000
v 0.199558 1.407743 -0.622075 1.000000 1.000000 1.000000 1.000000
v 0.160190 1.562746 -0.802966 1.000000 1.000000 1.000000 1.000000
v 0.199355 1.564979 -0.701905 1.000000 1.000000 1.000000 1.000000
v 0.398748 1.700908 -0.491396 1.000000 1.000000 1.000000 1.000000
v 0.398131 1.696246 -0.613259 1.000000 1.000000 1.000000 1.000000
v 0.398530 1.576809 -0.427849 1.000000 1.000000 1.000000 1.000000
v 0.398748 1.700908 -0.491396 1.000000 1.000000 1.000000 1.000000
v 0.398593 1.447594 -0.485483 1.000000 1.000000 1.000000 1.000000
v 0.398530 1.576809 -0.427849 1.000000 1.000000 1.000000 1.000000
v 0.397977 1.442018 -0.607383 1.000000 1.000000 1.000000 1.000000
v 0.398593 1.447594 -0.485483 1.000000 1.000000 1.000000 1.000000
v 0.398593 1.447594 -0.485483 1.000000 1.000000 1.000000 1.000000
v 0.398182 1.566603 -0.670781 1.000000 1.000000 1.000000 1.000000
v 0.397977 1.442018 -0.607383 1.000000 1.000000 1.000000 1.000000
v 0.397977 1.442018 -0.607383 1.000000 1.000000 1.000000 1.000000
v 0.398131 1.696246 -0.613259 1.000000 1.000000 1.000000 1.000000
v 0.398182 1.566603 -0.670781 1.000000 1.000000 1.000000 1.000000
v 0.398182 1.566603 -0.670781 1.000000 1.000000 1.000000 1.000000
v 0.398593 1.447594 -0.485483 1.000000 1.000000 1.000000 1.000000
v 0.398182 1.566603 -0.670781 1.000000 1.000000 1.000000 1.000000
v 0.398530 1.576809 -0.427849 1.000000 1.000000 1.000000 1.000000
v 0.398530 1.576809 -0.427849 1.000000 1.000000 1.000000 1.000000
v 0.398182 1.566603 -0.670781 1.000000 1.000000 1.000000 1.000000
v 0.398748 1.700908 -0.491396 1.000000 1.000000 1.000000 1.000000
v 0.398182 1.566603 -0.670781 1.000000 1.000000 1.000000 1.000000
v 0.398131 1.696246 -0.613259 1.000000 1.000000 1.000000 1.000000
v 0.398748 1.700908 -0.491396 1.000000 1.000000 1.000000 1.000000
v 0.398182 1.566603 -0.670781 1.000000 1.000000 1.000000 1.000000
v 0.398593 1.447594 -0.485483 1.000000 1.000000 1.000000 1.000000
v 0.397977 1.442018 -0.607383 1.000000 1.000000 1.000000 1.000000
v 0.858470 3.385060 -0.754268 1.000000 1.000000 1.000000 1.000000
v 0.858617 3.310063 -0.711465 1.000000 1.000000 1.000000 1.000000
v 0.858715 3.382022 -0.860445 1.000000 1.000000 1.000000 1.000000
v 0.858715 3.382022 -0.860445 1.000000 1.000000 1.000000 1.000000
v 0.857866 3.308622 -0.864483 1.000000 1.000000 1.000000 1.000000
v 0.858617 3.310063 -0.711465 1.000000 1.000000 1.000000 1.000000
v 0.859086 3.089271 -0.707565 1.000000 1.000000 1.000000 1.000000
v 0.857866 3.308622 -0.864483 1.000000 1.000000 1.000000 1.000000
v 0.858341 3.086831 -0.860618 1.000000 1.000000 1.000000 1.000000
vt 0.160000 0.848120
vt 0.110000 0.848120
vt 0.160000 0.883000
vt 0.110000 0.848120
vt 0.110000 0.883000
vt 0.160000 0.883000
vt 0.160000 0.883000
vt 0.110000 0.883000
vt 0.160000 0.848120
vt 0.110000 0.883000
vt 0.110000 0.848120
vt 0.160000 0.848120
vt 0.160000 0.848120
vt 0.110000 0.848120
vt 0.160000 0.883000
vt 0.110000 0.848120
vt 0.110000 0.883000
vt 0.160000 0.883000
vt 0.160000 0.883000
vt 0.110000 0.883000
vt 0.160000 0.848120
vt 0.110000 0.883000
vt 0.110000 0.848120
vt 0.160000 0.848120
vt 0.160000 0.848120
vt 0.110000 0.848120
vt 0.160000 0.883000
vt 0.110000 0.848120
vt 0.110000 0.883000
vt 0.160000 0.883000
vt 0.160000 0.883000
vt 0.110000 0.883000
vt 0.160000 0.848120
vt 0.110000 0.883000
vt 0.110000 0.848120
vt 0.160000 0.848120
vt 0.007000 0.848120
vt 0.007000 0.883000
vt 0.007000 0.883000
vt 0.007000 0.848120
vt 0.007000 0.848120
vt 0.007000 0.883000
vt 0.007000 0.883000
vt 0.007000 0.848120
vt 0.007000 0.848120
vt 0.007000 0.848120
vt 0.007000 0.883000
vt 0.007000 0.883000
vt 0.007000 0.883000
vt 0.007000 0.848120
vt 0.007000 0.848120
vt 0.007000 0.848120
vt 0.007000 0.883000
vt 0.007000 0.848120
vt 0.007000 0.883000
vt 0.007000 0.848120
vt 0.007000 0.848120
vt 0.007000 0.848120
vt 0.007000 0.848120
vt 0.007000 0.883000
vt 0.992730 0.425590
vt 0.880560 0.425590
vt 0.992730 0.362210
vt 0.880560 0.362210
vt 0.813920 0.250670
vt 0.829370 0.094940
vt 0.765380 0.094940
vt 0.827710 0.014970
vt 0.765380 0.094940
vt 0.827710 0.014970
vt 0.767030 0.014970
vt 0.821640 0.005600
vt 0.767030 0.014970
vt 0.821640 0.005600
vt 0.773100 0.005600
vt 0.812150 0.362310
vt 0.837750 0.384390
vt 0.880560 0.362210
vt 0.837750 0.384390
vt 0.880560 0.425590
vt 0.757650 0.018600
vt 0.754340 0.080800
vt 0.767030 0.014970
vt 0.765380 0.094940
vt 0.880560 0.425590
vt 0.765380 0.094940
vt 0.837750 0.384390
vt 0.880560 0.425590
vt 0.880560 0.425590
vt 0.837750 0.384390
vt 0.812150 0.362310
vt 0.840400 0.080800
vt 0.837090 0.018600
vt 0.893370 0.007000
vt 0.898740 0.023240
vt 0.832030 0.261590
vt 0.898740 0.023240
vt 0.880560 0.285970
vt 0.832030 0.261590
vt 0.812150 0.285970
vt 0.812150 0.362310
vt 0.974960 0.023240
vt 0.898740 0.023240
vt 0.980140 0.007000
vt 0.898740 0.023240
vt 0.898740 0.023240
vt 0.992730 0.285970
vt 0.898740 0.023240
vt 0.893380 0.007000
vt 0.880560 0.285970
vt 0.893380 0.007000
vt 0.832030 0.261590
vt 0.880560 0.285970
vt 0.812150 0.285970
vt 0.007000 0.848120
vt 0.007000 0.883000
vt 0.007000 0.848120
vt 0.780820 0.250670
vt 0.812150 0.362310
vt 0.725290 0.393390
vt 0.687000 0.393390
vt 0.725290 0.405440
vt 0.687000 0.405440
vt 0.725290 0.436760
vt 0.687000 0.393390
vt 0.687000 0.436760
vt 0.663790 0.393000
vt 0.663790 0.437000
vt 0.687000 0.393000
vt 0.687000 0.437000
vt 0.687000 0.437000
vt 0.687000 0.436760
vt 0.725290 0.436760
vt 0.725290 0.436760
vt 0.687000 0.436760
vt 0.725290 0.436760
vt 0.687000 0.436760
vt 0.725290 0.405440
vt 0.687000 0.405440
vt 0.687000 0.393390
vt 0.725290 0.405440
vt 0.725290 0.393390
vt 0.687000 0.436760
vt 0.725290 0.436760
vt 0.687000 0.393390
vt 0.687000 0.437000
vt 0.663790 0.437000
vt 0.687000 0.393000
vt 0.663790 0.393000
vt 0.725290 0.436760
vt 0.725290 0.436760
vt 0.687000 0.436760
vt 0.687000 0.436760
vt 0.725290 0.436760
vt 0.687000 0.436760
vt 0.725290 0.436760
vt 0.687000 0.436760
vt 0.040710 0.145530
vt 0.161040 0.145530
vt 0.040710 0.176580
vt 0.161040 0.176580
vt 0.161040 0.145530
vt 0.161040 0.176580
vt 0.040710 0.145530
vt 0.040710 0.176580
vt 0.004960 0.189910
vt 0.046430 0.189910
vt 0.061430 0.189910
vt 0.046430 0.189910
vt 0.061430 0.189910
vt 0.061430 0.189910
vt 0.153123 0.810339
vt 0.104572 0.810339
vt 0.153123 0.768340
vt 0.104572 0.768340
vt 0.046430 0.189910
vt 0.046430 0.269910
vt 0.061430 0.189910
vt 0.061430 0.269910
vt 0.127040 0.189910
vt 0.061430 0.269910
vt 0.127040 0.239910
vt 0.046430 0.189910
vt 0.061430 0.189910
vt 0.061430 0.269910
vt 0.127040 0.189910
vt 0.061430 0.269910
vt 0.127040 0.239910
vt 0.004960 0.189910
vt 0.004960 0.269910
vt 0.046430 0.189910
vt 0.004960 0.269910
vt 0.046430 0.269910
vt 0.127040 0.189910
vt 0.127040 0.239910
vt 0.195190 0.189910
vt 0.127040 0.239910
vt 0.195190 0.239910
vt 0.195190 0.189910
vt 0.675000 0.468770
vt 0.571000 0.489070
vt 0.675000 0.510000
vt 0.675000 0.576000
vt 0.606000 0.576000
vt 0.697280 0.698000
vt 0.606000 0.666340
vt 0.571000 0.698000
vt 0.571000 0.666340
vt 0.475000 0.678000
vt 0.475000 0.659000
vt 0.475000 0.678000
vt 0.475000 0.659000
vt 0.475000 0.659000
vt 0.585000 0.658000
vt 0.571000 0.666000
vt 0.598000 0.658000
vt 0.598000 0.658000
vt 0.571000 0.666000
vt 0.606000 0.666000
vt 0.598000 0.658000
vt 0.606000 0.666000
vt 0.598000 0.583000
vt 0.606000 0.576000
vt 0.585000 0.658000
vt 0.585000 0.583000
vt 0.606000 0.576000
vt 0.585000 0.583000
vt 0.606000 0.576000
vt 0.571000 0.576000
vt 0.585000 0.583000
vt 0.571000 0.576000
vt 0.577000 0.658000
vt 0.577000 0.583000
vt 0.570000 0.576000
vt 0.570000 0.666000
vt 0.475000 0.576000
vt 0.475000 0.608000
vt 0.475000 0.576000
vt 0.475000 0.608000
vt 0.475000 0.608000
vt 0.475000 0.608000
vt 0.475000 0.608000
vt 0.475000 0.659000
vt 0.475000 0.608000
vt 0.475000 0.608000
vt 0.475000 0.659000
vt 0.475000 0.659000
vt 0.475000 0.659000
vt 0.475000 0.678000
vt 0.475000 0.659000
vt 0.475000 0.653000
vt 0.475000 0.608320
vt 0.336840 0.653000
vt 0.336840 0.608320
vt 0.336840 0.608320
vt 0.475000 0.574240
vt 0.296000 0.574240
vt 0.675000 0.446690
vt 0.571000 0.381190
vt 0.475000 0.520000
vt 0.697280 0.576000
vt 0.697280 0.510000
vt 0.675000 0.510000
vt 0.697000 0.510000
vt 0.684000 0.498000
vt 0.697000 0.510000
vt 0.697000 0.498000
vt 0.684000 0.498000
vt 0.684320 0.452180
vt 0.675000 0.510000
vt 0.684320 0.497560
vt 0.684320 0.452180
vt 0.475000 0.078000
vt 0.475000 0.043000
vt 0.407030 0.078000
vt 0.475000 0.043000
vt 0.429230 0.007000
vt 0.495000 0.043000
vt 0.429230 0.007000
vt 0.495000 0.007000
vt 0.697280 0.497560
vt 0.697280 0.464830
vt 0.495000 0.993000
vt 0.495000 0.895000
vt 0.429230 0.993000
vt 0.429230 0.915000
vt 0.429230 0.993000
vt 0.429230 0.915000
vt 0.407030 0.993000
vt 0.402590 0.946890
vt 0.407030 0.993000
vt 0.451000 0.683000
vt 0.475000 0.698000
vt 0.451000 0.659000
vt 0.451430 0.676540
vt 0.451430 0.653000
vt 0.336840 0.676540
vt 0.225220 0.665170
vt 0.203020 0.633000
vt 0.007390 0.633000
vt 0.007390 0.633000
vt 0.451430 0.676540
vt 0.336840 0.676540
vt 0.451430 0.676540
vt 0.475000 0.698000
vt 0.251610 0.775870
vt 0.495000 0.775870
vt 0.339580 0.895000
vt 0.495000 0.895000
vt 0.429230 0.915000
vt 0.296000 0.574240
vt 0.296000 0.633000
vt 0.336840 0.608320
vt 0.207210 0.895000
vt 0.007390 0.915000
vt 0.007390 0.895000
vt 0.007390 0.895000
vt 0.007390 0.915000
vt 0.207210 0.895000
vt 0.207210 0.915000
vt 0.329320 0.915000
vt 0.329320 0.946890
vt 0.402590 0.946890
vt 0.329320 0.946890
vt 0.402590 0.946890
vt 0.230000 0.993000
vt 0.230000 0.993000
vt 0.329320 0.993000
vt 0.329320 0.946890
vt 0.230000 0.946890
vt 0.230000 0.946890
vt 0.207210 0.915000
vt 0.207210 0.993000
vt 0.207210 0.993000
vt 0.230000 0.993000
vt 0.207210 0.915000
vt 0.207210 0.915000
vt 0.230000 0.993000
vt 0.230000 0.946890
vt 0.475000 0.698000
vt 0.495000 0.775870
vt 0.251610 0.775870
vt 0.339580 0.895000
vt 0.207210 0.915000
vt 0.007390 0.978000
vt 0.007390 0.978000
vt 0.130000 0.978000
vt 0.130000 0.993000
vt 0.207210 0.993000
vt 0.130000 0.978000
vt 0.207210 0.993000
vt 0.207210 0.915000
vt 0.007390 0.993000
vt 0.130000 0.978000
vt 0.007390 0.993000
vt 0.130000 0.993000
vt 0.130000 0.978000
vt 0.112190 0.035590
vt 0.130000 0.993000
vt 0.130000 0.993000
vt 0.112190 0.035590
vt 0.007390 0.035590
vt 0.112190 0.035590
vt 0.130000 0.030000
vt 0.007390 0.035590
vt 0.007390 0.030000
vt 0.130000 0.007000
vt 0.007390 0.007000
vt 0.007390 0.007000
vt 0.130000 0.007000
vt 0.007390 0.030000
vt 0.130000 0.030000
vt 0.007390 0.035590
vt 0.112190 0.035590
vt 0.007390 0.035590
vt 0.112190 0.035590
vt 0.130000 0.007000
vt 0.112190 0.035590
vt 0.130000 0.030000
vt 0.130000 0.007000
vt 0.130000 0.030000
vt 0.207000 0.007000
vt 0.207000 0.110590
vt 0.207000 0.007000
vt 0.112190 0.035590
vt 0.007390 0.035590
vt 0.007000 0.110590
vt 0.007390 0.035590
vt 0.007000 0.110590
vt 0.130000 0.110590
vt 0.207000 0.110590
vt 0.130000 0.110590
vt 0.207000 0.110590
vt 0.207210 0.993000
vt 0.207210 0.993000
vt 0.207000 0.007000
vt 0.207000 0.007000
vt 0.207000 0.110590
vt 0.948720 0.667000
vt 0.947930 0.703000
vt 0.947930 0.703000
vt 0.948720 0.667000
vt 0.880000 0.667000
vt 0.948720 0.667000
vt 0.947930 0.703000
vt 0.880000 0.667000
vt 0.880000 0.703000
vt 0.922060 0.736420
vt 0.880000 0.774000
vt 0.993000 0.916660
vt 0.886160 0.916670
vt 0.880000 0.813960
vt 0.523180 0.774000
vt 0.523180 0.774000
vt 0.523180 0.761750
vt 0.523180 0.751720
vt 0.523180 0.751720
vt 0.880000 0.703000
vt 0.922060 0.736420
vt 0.957610 0.711820
vt 0.993000 0.916660
vt 0.880000 0.813960
vt 0.886160 0.916670
vt 0.523180 0.774000
vt 0.880000 0.774000
vt 0.523180 0.761750
vt 0.523180 0.761750
vt 0.523180 0.761750
vt 0.758530 0.413600
vt 0.735480 0.438630
vt 0.748960 0.430930
vt 0.735480 0.413600
vt 0.749310 0.396270
vt 0.749310 0.396270
vt 0.735480 0.389530
vt 0.735480 0.389530
vt 0.749350 0.396270
vt 0.735480 0.413600
vt 0.749350 0.396270
vt 0.758590 0.413600
vt 0.735480 0.438630
vt 0.748960 0.430930
vt 0.425590 0.235510
vt 0.376930 0.245240
vt 0.425590 0.245240
vt 0.425590 0.245240
vt 0.376930 0.245240
vt 0.425590 0.235510
vt 0.376930 0.245240
vt 0.376930 0.237940
vt 0.425590 0.213620
vt 0.425590 0.213620
vt 0.376930 0.237940
vt 0.425590 0.235510
vt 0.376930 0.245240
vt 0.425590 0.235510
vt 0.502990 0.784270
vt 0.886620 0.945040
vt 0.886620 0.945040
vt 0.502990 0.784270
vt 0.502990 0.804620
vt 0.502990 0.784270
vt 0.502990 0.804620
vt 0.886620 0.993000
vt 0.502990 0.804620
vt 0.502990 0.784270
vt 0.886620 0.993000
vt 0.886620 0.945040
vt 0.502990 0.784270
vt 0.523180 0.774000
vt 0.886620 0.945040
vt 0.886160 0.916670
vt 0.523180 0.774000
vt 0.886160 0.916670
vt 0.502990 0.784270
vt 0.886620 0.945040
vt 0.886160 0.916670
vt 0.915250 0.967810
vt 0.915250 0.967810
vt 0.886620 0.993000
vt 0.886570 0.993000
vt 0.886620 0.945040
vt 0.915250 0.967810
vt 0.886620 0.945040
vt 0.886160 0.916670
vt 0.915250 0.967810
vt 0.230000 0.078000
vt 0.329320 0.078000
vt 0.329320 0.007000
vt 0.407030 0.007000
vt 0.207000 0.007000
vt 0.207000 0.110590
vt 0.230000 0.078000
vt 0.230000 0.186000
vt 0.230000 0.078000
vt 0.230000 0.186000
vt 0.265860 0.110730
vt 0.265860 0.154190
vt 0.265860 0.110730
vt 0.336000 0.154190
vt 0.336000 0.186000
vt 0.407000 0.186000
vt 0.207000 0.186000
vt 0.230000 0.186000
vt 0.207000 0.239000
vt 0.335980 0.186000
vt 0.367070 0.280000
vt 0.407030 0.186000
vt 0.475000 0.186000
vt 0.407030 0.186000
vt 0.407030 0.186000
vt 0.132680 0.588990
vt 0.225190 0.574240
vt 0.132680 0.568950
vt 0.225190 0.574240
vt 0.225190 0.497820
vt 0.170000 0.478000
vt 0.296000 0.497820
vt 0.475000 0.519930
vt 0.475000 0.519930
vt 0.475000 0.280000
vt 0.407000 0.186000
vt 0.377140 0.154190
vt 0.329000 0.110730
vt 0.407000 0.186000
vt 0.407000 0.078000
vt 0.407000 0.078000
vt 0.377140 0.110730
vt 0.377140 0.154190
vt 0.230000 0.078000
vt 0.230000 0.078000
vt 0.329000 0.078000
vt 0.377140 0.110730
vt 0.377140 0.110730
vt 0.475000 0.574240
vt 0.296000 0.574240
vt 0.007650 0.145530
vt 0.040710 0.145530
vt 0.007650 0.176580
vt 0.040710 0.176580
vt 0.161040 0.125670
vt 0.007650 0.125670
vt 0.007650 0.125670
vt 0.040710 0.145530
vt 0.040710 0.145530
vt 0.161040 0.145530
vt 0.007650 0.125670
vt 0.161040 0.125670
vt 0.161040 0.145530
vt 0.191290 0.145530
vt 0.161040 0.176580
vt 0.191290 0.176580
vt 0.296000 0.633000
vt 0.336840 0.653000
vt 0.203020 0.633000
vt 0.225220 0.665170
vt 0.007390 0.633000
vt 0.007390 0.676540
vt 0.007390 0.676540
vt 0.198330 0.676540
vt 0.296000 0.574240
vt 0.296000 0.633000
vt 0.225190 0.574240
vt 0.132680 0.588990
vt 0.132680 0.588990
vt 0.132680 0.588990
vt 0.007390 0.616040
vt 0.007390 0.616040
vt 0.057980 0.562050
vt 0.053190 0.597480
vt 0.004830 0.562050
vt 0.009620 0.597480
vt 0.004830 0.562050
vt 0.009620 0.597480
vt 0.053190 0.597480
vt 0.053190 0.597480
vt 0.057980 0.562050
vt 0.009620 0.597480
vt 0.004830 0.562050
vt 0.009620 0.597480
vt 0.053190 0.597480
vt 0.053190 0.597480
vt 0.053190 0.597480
vt 0.009620 0.597480
vt 0.053190 0.597480
vt 0.053190 0.597480
vt 0.009620 0.597480
vt 0.053190 0.597480
vt 0.004830 0.562050
vt 0.057980 0.562050
vt 0.009620 0.597480
vt 0.057980 0.562050
vt 0.053190 0.597480
vt 0.004830 0.562050
vt 0.009620 0.597480
vt 0.057980 0.562050
vt 0.057980 0.562050
vt 0.053190 0.597480
vt 0.009620 0.597480
vt 0.296000 0.497820
vt 0.225190 0.497820
vt 0.170000 0.478000
vt 0.132680 0.568950
vt 0.132680 0.568950
vt 0.007390 0.478000
vt 0.132680 0.568950
vt 0.007390 0.539720
vt 0.007390 0.478000
vt 0.007390 0.539720
vt 0.170000 0.280000
vt 0.007000 0.478000
vt 0.007000 0.280000
vt 0.007000 0.478000
vt 0.007000 0.280000
vt 0.170000 0.280000
vt 0.132680 0.568950
vt 0.132680 0.568950
vt 0.132680 0.588990
vt 0.040710 0.145530
vt 0.161040 0.145530
vt 0.007650 0.125670
vt 0.161040 0.125670
vt 0.007650 0.125670
vt 0.161040 0.125670
vt 0.161040 0.145530
vt 0.191290 0.145530
vt 0.161040 0.145530
vt 0.191290 0.176580
vt 0.161040 0.176580
vt 0.007650 0.145530
vt 0.007650 0.145530
vt 0.040710 0.176580
vt 0.007650 0.145530
vt 0.161040 0.125670
vt 0.161040 0.145530
vt 0.007650 0.125670
vt 0.040710 0.145530
vt 0.336840 0.653000
vt 0.336840 0.608320
vt 0.296000 0.574240
vt 0.475000 0.078000
vt 0.475000 0.186000
vt 0.407030 0.078000
vt 0.407030 0.186000
vt 0.367070 0.280000
vt 0.335980 0.186000
vt 0.207000 0.239000
vt 0.230000 0.186000
vt 0.207000 0.186000
vt 0.475000 0.574240
vt 0.475000 0.519930
vt 0.207000 0.280000
vt 0.170000 0.478000
vt 0.207000 0.280000
vt 0.336000 0.186000
vt 0.207000 0.280000
vt 0.230000 0.186000
vt 0.336000 0.186000
vt 0.336000 0.186000
vt 0.265860 0.154190
vt 0.265860 0.110730
vt 0.265860 0.110730
vt 0.336000 0.154190
vt 0.329000 0.110730
vt 0.377140 0.154190
vt 0.377140 0.110730
vt 0.377140 0.110730
vt 0.377140 0.154190
vt 0.407000 0.186000
vt 0.407000 0.186000
vt 0.377140 0.110730
vt 0.407000 0.078000
vt 0.377140 0.154190
vt 0.377140 0.154190
vt 0.407000 0.186000
vt 0.230000 0.078000
vt 0.230000 0.078000
vt 0.329000 0.078000
vt 0.407000 0.078000
vt 0.377140 0.110730
vt 0.377140 0.110730
vt 0.265860 0.110730
vt 0.407000 0.078000
vt 0.230000 0.186000
vt 0.230000 0.078000
vt 0.230000 0.078000
vt 0.207000 0.110590
vt 0.207000 0.007000
vt 0.207000 0.110590
vt 0.230000 0.007000
vt 0.207000 0.007000
vt 0.207000 0.007000
vt 0.230000 0.007000
vt 0.329320 0.007000
vt 0.230000 0.078000
vt 0.329320 0.078000
vt 0.230000 0.946890
vt 0.230000 0.993000
vt 0.207210 0.915000
vt 0.207210 0.915000
vt 0.230000 0.993000
vt 0.207210 0.993000
vt 0.329320 0.915000
vt 0.429230 0.915000
vt 0.495000 0.895000
vt 0.407030 0.993000
vt 0.329320 0.993000
vt 0.329320 0.946890
vt 0.230000 0.946890
vt 0.402590 0.946890
vt 0.475000 0.078000
vt 0.475000 0.043000
vt 0.407030 0.078000
vt 0.429230 0.007000
vt 0.475000 0.043000
vt 0.429230 0.007000
vt 0.495000 0.043000
vt 0.495000 0.007000
vt 0.429230 0.915000
vt 0.429230 0.993000
vt 0.402590 0.946890
vt 0.402590 0.946890
vt 0.429230 0.993000
vt 0.495000 0.895000
vt 0.495000 0.895000
vt 0.495000 0.993000
vt 0.697280 0.464830
vt 0.697280 0.497560
vt 0.684320 0.452180
vt 0.684320 0.497560
vt 0.684320 0.497560
vt 0.697000 0.498000
vt 0.697000 0.510000
vt 0.697000 0.510000
vt 0.675000 0.510000
vt 0.684000 0.498000
vt 0.675000 0.510000
vt 0.675000 0.510000
vt 0.675000 0.468770
vt 0.684320 0.452180
vt 0.697280 0.576000
vt 0.675000 0.576000
vt 0.697280 0.510000
vt 0.571000 0.489070
vt 0.571000 0.381190
vt 0.571000 0.381190
vt 0.675000 0.446690
vt 0.475000 0.608000
vt 0.475000 0.576000
vt 0.571000 0.576000
vt 0.475000 0.520000
vt 0.571000 0.381190
vt 0.475000 0.608320
vt 0.336840 0.608320
vt 0.296000 0.574240
vt 0.697280 0.698000
vt 0.697280 0.698000
vt 0.606000 0.576000
vt 0.475000 0.608320
vt 0.475000 0.653000
vt 0.571000 0.666340
vt 0.475000 0.678000
vt 0.475000 0.659000
vt 0.475000 0.659000
vt 0.475000 0.678000
vt 0.475000 0.659000
vt 0.475000 0.678000
vt 0.475000 0.659000
vt 0.475000 0.659000
vt 0.475000 0.659000
vt 0.475000 0.659000
vt 0.475000 0.608000
vt 0.475000 0.608000
vt 0.475000 0.608000
vt 0.475000 0.608000
vt 0.475000 0.576000
vt 0.127040 0.189910
vt 0.061430 0.189910
vt 0.061430 0.269910
vt 0.046430 0.189910
vt 0.046430 0.269910
vt 0.046430 0.269910
vt 0.046430 0.189910
vt 0.046430 0.269910
vt 0.046430 0.189910
vt 0.004960 0.269910
vt 0.004960 0.189910
vt 0.127040 0.239910
vt 0.061430 0.269910
vt 0.127040 0.189910
vt 0.127040 0.189910
vt 0.061430 0.189910
vt 0.046430 0.269910
vt 0.046430 0.189910
vt 0.195190 0.239910
vt 0.127040 0.239910
vt 0.195190 0.189910
vt 0.195190 0.189910
vt 0.127040 0.239910
vt 0.127040 0.189910
vt 0.127040 0.189910
vt 0.577000 0.658000
vt 0.570000 0.666000
vt 0.570000 0.666000
vt 0.570000 0.576000
vt 0.577000 0.658000
vt 0.577000 0.583000
vt 0.606000 0.576000
vt 0.597730 0.583480
vt 0.584740 0.583480
vt 0.597730 0.657780
vt 0.584740 0.583480
vt 0.584740 0.657780
vt 0.606000 0.666340
vt 0.571000 0.666340
vt 0.597730 0.657780
vt 0.571000 0.666340
vt 0.584740 0.657780
vt 0.606000 0.666340
vt 0.597730 0.583480
vt 0.606000 0.666340
vt 0.597730 0.657780
vt 0.697280 0.698000
vt 0.606000 0.666340
vt 0.697280 0.698000
vt 0.571000 0.698000
vt 0.606000 0.666340
vt 0.606000 0.666340
vt 0.475000 0.678000
vt 0.451000 0.683000
vt 0.451000 0.659000
vt 0.451000 0.683000
vt 0.451000 0.659000
vt 0.475000 0.698000
vt 0.451430 0.676540
vt 0.336840 0.676540
vt 0.198330 0.676540
vt 0.198330 0.676540
vt 0.225220 0.665170
vt 0.336840 0.653000
vt 0.225220 0.665170
vt 0.336840 0.653000
vt 0.336840 0.676540
vt 0.451430 0.653000
vt 0.451430 0.676540
vt 0.451430 0.676540
vt 0.336840 0.676540
vt 0.198330 0.676540
vt 0.198330 0.676540
vt 0.790000 0.295000
vt 0.744000 0.383000
vt 0.790000 0.383000
vt 0.790000 0.383000
vt 0.744000 0.383000
vt 0.790000 0.295000
vt 0.744000 0.295000
vt 0.632340 0.106290
vt 0.647810 0.125630
vt 0.616290 0.157060
vt 0.722660 0.157060
vt 0.706000 0.250150
vt 0.744000 0.275540
vt 0.744000 0.295000
vt 0.675270 0.125630
vt 0.690870 0.106290
vt 0.740000 0.056950
vt 0.677480 0.085220
vt 0.677480 0.085220
vt 0.644890 0.085220
vt 0.617270 0.007000
vt 0.664930 0.007000
vt 0.617270 0.046400
vt 0.664930 0.046400
vt 0.617270 0.046400
vt 0.617270 0.046400
vt 0.664930 0.046400
vt 0.617270 0.007000
vt 0.664930 0.007000
vt 0.643260 0.104740
vt 0.653670 0.122770
vt 0.653670 0.086700
vt 0.674500 0.122770
vt 0.684910 0.104740
vt 0.617270 0.007000
vt 0.664930 0.007000
vt 0.617270 0.046400
vt 0.664930 0.046400
vt 0.664930 0.046400
vt 0.664930 0.007000
vt 0.617270 0.046400
vt 0.617270 0.007000
vt 0.617270 0.046400
vt 0.664930 0.046400
vt 0.617270 0.007000
vt 0.664930 0.007000
vt 0.664930 0.007000
vt 0.664930 0.046400
vt 0.617270 0.007000
vt 0.617270 0.046400
vt 0.617270 0.007000
vt 0.607000 0.072440
vt 0.596740 0.157060
vt 0.582280 0.280000
vt 0.607000 0.007000
vt 0.607000 0.072440
vt 0.505000 0.007000
vt 0.505000 0.072440
vt 0.505000 0.007000
vt 0.505000 0.072440
vt 0.607000 0.072440
vt 0.588580 0.095000
vt 0.588580 0.095000
vt 0.505000 0.095000
vt 0.505000 0.095000
vt 0.588580 0.095000
vt 0.588580 0.095000
vt 0.505000 0.095000
vt 0.505000 0.095000
vt 0.505000 0.157060
vt 0.505000 0.280000
vt 0.582280 0.280000
vt 0.582280 0.280000
vt 0.596740 0.157060
vt 0.505000 0.280000
vt 0.505000 0.157060
vt 0.505000 0.095000
vt 0.602000 0.295000
vt 0.616290 0.157060
vt 0.607000 0.072440
vt 0.596740 0.157060
vt 0.607000 0.072440
vt 0.602000 0.295000
vt 0.505000 0.295000
vt 0.505000 0.295000
vt 0.602000 0.295000
vt 0.582280 0.280000
vt 0.637000 0.250150
vt 0.602000 0.295000
vt 0.637000 0.295000
vt 0.637000 0.295000
vt 0.525000 0.345900
vt 0.483000 0.345900
vt 0.525000 0.345900
vt 0.483000 0.345900
vt 0.525000 0.308140
vt 0.483000 0.308140
vt 0.525000 0.308140
vt 0.547940 0.308140
vt 0.483000 0.308140
vt 0.547940 0.308140
vt 0.525000 0.308140
vt 0.558620 0.351070
vt 0.525000 0.368140
vt 0.591870 0.368140
vt 0.483000 0.368140
vt 0.591870 0.368140
vt 0.483000 0.368140
vt 0.525000 0.368140
vt 0.483000 0.308140
vt 0.525000 0.308140
vt 0.744000 0.295000
vt 0.706000 0.320000
vt 0.602000 0.383000
vt 0.637000 0.320000
vt 0.602000 0.295000
vt 0.637000 0.295000
vt 0.483000 0.418340
vt 0.483000 0.430830
vt 0.525000 0.418340
vt 0.525000 0.430830
vt 0.525000 0.368140
vt 0.525000 0.418340
vt 0.483000 0.368140
vt 0.591870 0.368140
vt 0.525000 0.368140
vt 0.558620 0.351070
vt 0.525000 0.368140
vt 0.525000 0.308140
vt 0.558620 0.351070
vt 0.558620 0.351070
vt 0.547940 0.308140
vt 0.744000 0.295000
vt 0.706000 0.320000
vt 0.602000 0.383000
vt 0.637000 0.320000
vt 0.602000 0.295000
vt 0.637000 0.295000
vt 0.744000 0.275540
vt 0.722660 0.157060
vt 0.706000 0.250150
vt 0.637000 0.250150
vt 0.637000 0.295000
vt 0.602000 0.295000
vt 0.637000 0.295000
vt 0.706000 0.295000
vt 0.706000 0.295000
vt 0.483000 0.308140
vt 0.483000 0.345900
vt 0.525000 0.308140
vt 0.525000 0.345900
vt 0.591870 0.368140
vt 0.525000 0.368140
vt 0.558620 0.351070
vt 0.525000 0.308140
vt 0.547940 0.308140
vt 0.525000 0.430830
vt 0.483000 0.430830
vt 0.525000 0.418340
vt 0.483000 0.418340
vt 0.525000 0.308140
vt 0.525000 0.368140
vt 0.558620 0.351070
vt 0.591870 0.368140
vt 0.591870 0.351070
vt 0.525000 0.368140
vt 0.525000 0.418340
vt 0.483000 0.368140
vt 0.483000 0.308140
vt 0.483000 0.368140
vt 0.690870 0.106290
vt 0.675270 0.125630
vt 0.647810 0.125630
vt 0.632340 0.106290
vt 0.644890 0.085220
vt 0.740000 0.056950
vt 0.677480 0.085220
vt 0.664930 0.046400
vt 0.664930 0.007000
vt 0.617270 0.046400
vt 0.617270 0.007000
vt 0.617270 0.007000
vt 0.664930 0.007000
vt 0.664930 0.046400
vt 0.617270 0.046400
vt 0.684910 0.104740
vt 0.674500 0.122770
vt 0.653670 0.086700
vt 0.653670 0.122770
vt 0.643260 0.104740
vt 0.664930 0.046400
vt 0.664930 0.007000
vt 0.617270 0.046400
vt 0.617270 0.007000
vt 0.617270 0.007000
vt 0.664930 0.007000
vt 0.617270 0.046400
vt 0.664930 0.046400
vt 0.664930 0.046400
vt 0.664930 0.007000
vt 0.617270 0.007000
vt 0.664930 0.007000
vt 0.664930 0.046400
vt 0.617270 0.007000
vt 0.617270 0.046400
vt 0.617270 0.046400
vt 0.407030 0.078000
vt 0.046430 0.269910
vt 0.591870 0.351070
vt 0.674500 0.086700
vt 0.582280 0.280000
vt 0.451430 0.653000
vt 0.475000 0.678210
vt 0.475000 0.653000
vt 0.130000 0.978000
vt 0.957610 0.711820
vt 0.495000 0.895000
vt 0.591870 0.351070
vt 0.674500 0.086700
vt 0.451430 0.653000
vt 0.475000 0.678210
vt 0.009620 0.597480
vt 0.004830 0.562050
vt 0.057980 0.562050
vt 0.198330 0.676540
vt 0.596740 0.157060
vt 0.607000 0.072440
vt 0.061430 0.269910
vt 0.127040 0.239910
vt 0.475000 0.576000
vt 0.475000 0.608000
vt 0.475000 0.608000
vt 0.744000 0.295000
vt 0.706000 0.295000
vt 0.547940 0.308140
vt 0.607000 0.007000
vt 0.230000 0.007000
vt 0.329320 0.007000
vt 0.207000 0.007000
vt 0.230000 0.007000
vt 0.207000 0.007000
vt 0.475000 0.280000
vt 0.207000 0.280000
vt 0.207000 0.239000
vt 0.407030 0.007000
vt 0.475000 0.280000
vt 0.475000 0.280000
vt 0.706000 0.295000
vt 0.706000 0.295000
vt 0.558620 0.351070
vt 0.591870 0.351070
vt 0.333130 0.917660
vt 0.350420 0.917660
vt 0.333130 0.947360
vt 0.350420 0.947360
vt 0.381950 0.917660
vt 0.381950 0.947360
vt 0.085440 0.714250
vt 0.066520 0.746030
vt 0.066520 0.689990
vt 0.005550 0.746030
vt 0.005550 0.689990
vt 0.193320 0.746030
vt 0.066520 0.746030
vt 0.193320 0.832500
vt 0.066520 0.832500
vt 0.005550 0.746030
vt 0.005550 0.832500
vt 0.085440 0.714250
vt 0.066520 0.689990
vt 0.005550 0.689990
vt 0.005550 0.689990
vt 0.005550 0.746030
vt 0.140190 0.714250
vt 0.147580 0.698030
vt 0.193320 0.746030
vt 0.193320 0.698030
vt 0.193320 0.746030
vt 0.193320 0.832500
vt 0.215370 0.746030
vt 0.215370 0.832500
vt 0.287010 0.917660
vt 0.287010 0.947360
vt 0.246660 0.917660
vt 0.246660 0.947360
vt 0.193320 0.746030
vt 0.140190 0.714250
vt 0.193320 0.698030
vt 0.147580 0.698030
vt 0.295660 0.917660
vt 0.295660 0.947360
vt 0.287010 0.917660
vt 0.287010 0.947360
vt 0.295660 0.947360
vt 0.333130 0.917660
vt 0.295660 0.917660
vt 0.720000 0.480400
vt 0.720000 0.606300
vt 0.720000 0.480400
vt 0.720000 0.480400
vt 0.720000 0.606300
vt 0.720000 0.606300
vt 0.940000 0.480000
vt 0.886000 0.480000
vt 0.886000 0.441400
vt 0.807000 0.480000
vt 0.807000 0.441400
vt 0.720000 0.480000
vt 0.720000 0.441400
vt 0.940000 0.616060
vt 0.885290 0.644250
vt 0.885660 0.480400
vt 0.806970 0.644250
vt 0.885660 0.480400
vt 0.807340 0.480400
vt 0.720000 0.606300
vt 0.720000 0.480400
vt 0.940000 0.616060
vt 0.885290 0.644250
vt 0.885290 0.644250
vt 0.806970 0.644250
vt 0.885290 0.644250
vt 0.806970 0.644250
vt 0.806970 0.644250
vt 0.720000 0.606300
vt 0.806970 0.644250
vt 0.720000 0.606300
vt 0.720000 0.606300
vt 0.940000 0.480400
vt 0.885660 0.480400
vt 0.885290 0.644250
vt 0.807340 0.480400
vt 0.806970 0.644250
vt 0.720000 0.480400
vt 0.720000 0.606300
vt 0.960000 0.441400
vt 0.960000 0.480000
vt 0.940000 0.441400
vt 0.960000 0.480000
vt 0.940000 0.441400
vt 0.960000 0.596320
vt 0.960000 0.480400
vt 0.940000 0.616060
vt 0.940000 0.480400
vt 0.993000 0.640000
vt 0.960000 0.640000
vt 0.993000 0.596000
vt 0.960000 0.640000
vt 0.960000 0.596000
vt 0.993000 0.596000
vt 0.960000 0.480400
vt 0.960000 0.596320
vt 0.940000 0.480400
vt 0.993000 0.480000
vt 0.960000 0.480000
vt 0.940000 0.616060
vt 0.885290 0.644250
vt 0.940000 0.616060
vt 0.160000 0.848120
vt 0.160000 0.883000
vt 0.110000 0.848120
vt 0.110000 0.848120
vt 0.160000 0.883000
vt 0.110000 0.883000
vt 0.160000 0.883000
vt 0.160000 0.848120
vt 0.110000 0.883000
vt 0.110000 0.883000
vt 0.160000 0.848120
vt 0.110000 0.848120
vt 0.160000 0.848120
vt 0.160000 0.883000
vt 0.110000 0.848120
vt 0.110000 0.848120
vt 0.160000 0.883000
vt 0.110000 0.883000
vt 0.160000 0.883000
vt 0.160000 0.848120
vt 0.110000 0.883000
vt 0.110000 0.883000
vt 0.160000 0.848120
vt 0.110000 0.848120
vt 0.160000 0.848120
vt 0.160000 0.883000
vt 0.110000 0.848120
vt 0.110000 0.848120
vt 0.160000 0.883000
vt 0.110000 0.883000
vt 0.160000 0.883000
vt 0.160000 0.848120
vt 0.110000 0.883000
vt 0.110000 0.883000
vt 0.160000 0.848120
vt 0.110000 0.848120
vt 0.007000 0.848120
vt 0.007000 0.883000
vt 0.007000 0.883000
vt 0.007000 0.848120
vt 0.007000 0.848120
vt 0.007000 0.883000
vt 0.007000 0.883000
vt 0.007000 0.848120
vt 0.007000 0.848120
vt 0.007000 0.848120
vt 0.007000 0.883000
vt 0.007000 0.883000
vt 0.007000 0.883000
vt 0.007000 0.848120
vt 0.007000 0.848120
vt 0.007000 0.848120
vt 0.007000 0.848120
vt 0.007000 0.883000
vt 0.007000 0.883000
vt 0.007000 0.848120
vt 0.007000 0.848120
vt 0.007000 0.848120
vt 0.007000 0.883000
vt 0.007000 0.848120
vt 0.007000 0.848120
vt 0.007000 0.848120
vt 0.007000 0.883000
vt 0.004960 0.189910
vt 0.061430 0.189910
vt 0.046430 0.189910
vt 0.046430 0.189910
vt 0.061430 0.189910
vt 0.153123 0.810339
vt 0.153123 0.768340
vt 0.104572 0.810339
vt 0.104572 0.768340
vn -0.932497 -0.007500 -0.361099
vn -0.704499 -0.017100 -0.709499
vn -0.948830 0.268509 -0.166205
vn -0.704499 -0.017100 -0.709499
vn -0.752504 0.540703 -0.376002
vn -0.948830 0.268509 -0.166205
vn -0.948830 0.268509 -0.166205
vn -0.752504 0.540703 -0.376002
vn -0.947497 0.278399 0.157300
vn -0.752504 0.540703 -0.376002
vn -0.754236 0.560127 0.342616
vn -0.947497 0.278399 0.157300
vn -0.947497 0.278399 0.157300
vn -0.754236 0.560127 0.342616
vn -0.931672 0.009000 0.363189
vn -0.754236 0.560127 0.342616
vn -0.700196 0.019100 0.713696
vn -0.931672 0.009000 0.363189
vn -0.931672 0.009000 0.363189
vn -0.700196 0.019100 0.713696
vn -0.944678 -0.274593 0.179396
vn -0.700196 0.019100 0.713696
vn -0.746407 -0.541605 0.386704
vn -0.944678 -0.274593 0.179396
vn -0.944678 -0.274593 0.179396
vn -0.746407 -0.541605 0.386704
vn -0.948505 -0.278401 -0.151101
vn -0.746407 -0.541605 0.386704
vn -0.757882 -0.557587 -0.338692
vn -0.948505 -0.278401 -0.151101
vn -0.948505 -0.278401 -0.151101
vn -0.757882 -0.557587 -0.338692
vn -0.932497 -0.007500 -0.361099
vn -0.757882 -0.557587 -0.338692
vn -0.704499 -0.017100 -0.709499
vn -0.932497 -0.007500 -0.361099
vn -0.670723 0.637022 0.379913
vn -0.668228 0.611225 -0.424118
vn -0.677486 0.019200 0.735285
vn -0.670723 0.637022 0.379913
vn -0.672238 -0.607435 0.423224
vn -0.677486 0.019200 0.735285
vn -0.669043 -0.638541 -0.380324
vn -0.672238 -0.607435 0.423224
vn -0.672238 -0.607435 0.423224
vn -0.678537 -0.018201 -0.734340
vn -0.669043 -0.638541 -0.380324
vn -0.669043 -0.638541 -0.380324
vn -0.668228 0.611225 -0.424118
vn -0.678537 -0.018201 -0.734340
vn -0.678537 -0.018201 -0.734340
vn -0.672238 -0.607435 0.423224
vn -0.677486 0.019200 0.735285
vn -0.678537 -0.018201 -0.734340
vn -0.677486 0.019200 0.735285
vn -0.670723 0.637022 0.379913
vn -0.678537 -0.018201 -0.734340
vn -0.678537 -0.018201 -0.734340
vn -0.670723 0.637022 0.379913
vn -0.668228 0.611225 -0.424118
vn 0.016301 0.996944 0.076403
vn -0.468507 0.527608 0.708611
vn 0.583816 0.373410 0.720919
vn -0.717903 -0.238801 0.653903
vn 0.586065 0.798753 -0.136092
vn -0.933218 -0.261605 0.246305
vn 0.131903 0.122003 -0.983726
vn -0.156495 0.412588 -0.897374
vn -0.000000 0.154206 -0.988039
vn -0.000000 0.385503 -0.922707
vn -0.000000 0.212704 -0.977117
vn -0.000000 0.568424 -0.822735
vn 0.041101 0.631711 -0.774114
vn -0.468507 0.527608 0.708611
vn 0.016301 0.996944 0.076403
vn 0.831170 0.006500 0.555980
vn 0.041101 0.631711 -0.774114
vn 0.583816 0.373410 0.720919
vn 0.041101 0.631711 -0.774114
vn 0.016301 0.996944 0.076403
vn 0.831170 0.006500 0.555980
vn 0.602592 -0.206797 -0.770790
vn -0.110004 0.151405 -0.982332
vn -0.016600 0.199204 -0.979818
vn 0.154796 0.280892 -0.947174
vn -0.016600 0.199204 -0.979818
vn 0.384489 0.377589 -0.842375
vn 0.154796 0.280892 -0.947174
vn -0.468507 0.527608 0.708611
vn -0.156495 0.412588 -0.897374
vn -0.561289 0.134097 -0.816684
vn -0.602592 -0.206797 -0.770790
vn -0.561289 0.134097 -0.816684
vn 0.586065 0.798753 -0.136092
vn -0.492330 -0.630339 0.600237
vn -0.933218 -0.261605 0.246305
vn -0.492330 -0.630339 0.600237
vn -0.652701 -0.388201 0.650601
vn -0.933218 -0.261605 0.246305
vn -0.602592 -0.206797 -0.770790
vn -0.561289 0.134097 -0.816684
vn 0.071502 -0.494514 0.866224
vn -0.492330 -0.630339 0.600237
vn 0.823110 0.132502 -0.552207
vn -0.492330 -0.630339 0.600237
vn -0.492330 -0.630339 0.600237
vn 0.545625 -0.247211 0.800737
vn 0.071502 -0.494514 0.866224
vn 0.823110 0.132502 -0.552207
vn 0.545625 -0.247211 0.800737
vn 0.823110 0.132502 -0.552207
vn 0.131903 0.122003 -0.983726
vn 0.545625 -0.247211 0.800737
vn 0.602592 -0.206797 -0.770790
vn -0.678537 -0.018201 -0.734340
vn -0.669043 -0.638541 -0.380324
vn -0.672238 -0.607435 0.423224
vn 0.823110 0.132502 -0.552207
vn -0.561289 0.134097 -0.816684
vn 0.958928 0.162905 -0.232207
vn 0.495877 -0.719067 0.486877
vn -0.890128 0.437714 0.126804
vn -0.652218 -0.416711 0.633217
vn 0.712513 0.692613 -0.112302
vn 0.495877 -0.719067 0.486877
vn 0.600580 0.558081 0.572581
vn 0.495877 -0.719067 0.486877
vn 0.600580 0.558081 0.572581
vn -0.652218 -0.416711 0.633217
vn -0.607484 0.587885 0.534186
vn -0.607484 0.587885 0.534186
vn 0.600580 0.558081 0.572581
vn 0.712513 0.692613 -0.112302
vn -0.776582 0.620586 -0.108598
vn -0.607484 0.587885 0.534186
vn -0.776582 0.620586 -0.108598
vn -0.607484 0.587885 0.534186
vn -0.890128 0.437714 0.126804
vn 0.478198 -0.558497 0.677797
vn -0.122795 -0.988361 -0.089796
vn 0.788366 -0.505678 -0.350385
vn -0.207393 0.976567 0.057498
vn -0.600580 0.558081 0.572581
vn -0.705091 0.707491 -0.047999
vn -0.122795 -0.988361 -0.089796
vn 0.607484 0.587885 0.534186
vn -0.600580 0.558081 0.572581
vn 0.478198 -0.558497 0.677797
vn -0.122795 -0.988361 -0.089796
vn 0.776582 0.620586 -0.108598
vn -0.705091 0.707491 -0.047999
vn 0.607484 0.587885 0.534186
vn 0.607484 0.587885 0.534186
vn -0.705091 0.707491 -0.047999
vn -0.600580 0.558081 0.572581
vn 0.776582 0.620586 -0.108598
vn 0.607484 0.587885 0.534186
vn 0.432085 -0.305890 0.848371
vn 0.476287 0.860376 -0.181395
vn -0.999601 -0.017600 0.022100
vn -0.569617 0.572717 -0.589518
vn 0.569617 0.572717 -0.589518
vn -0.590100 0.551500 -0.589601
vn -0.081902 0.912624 0.400511
vn -0.617774 0.720469 0.315087
vn -0.796624 -0.271808 0.539917
vn -0.916015 0.381006 -0.125502
vn -0.774724 0.477215 0.414813
vn -0.916015 0.381006 -0.125502
vn -0.784998 0.000400 -0.619498
vn -0.774724 0.477215 0.414813
vn -0.774724 0.477215 0.414813
vn -0.784998 0.000400 -0.619498
vn -0.879094 -0.260298 0.399297
vn -0.855627 -0.273208 -0.439614
vn -0.916015 0.381006 -0.125502
vn -0.953282 0.206696 -0.220296
vn -0.784998 0.000400 -0.619498
vn -0.795201 0.085400 -0.600301
vn -0.855627 -0.273208 -0.439614
vn -0.795201 0.085400 -0.600301
vn -0.924713 0.088201 -0.370305
vn -0.796624 -0.271808 0.539917
vn -0.774724 0.477215 0.414813
vn -0.869825 0.230107 0.436412
vn -0.879094 -0.260298 0.399297
vn -0.869825 0.230107 0.436412
vn -0.704784 0.410791 0.578387
vn -0.796624 -0.271808 0.539917
vn -0.934293 0.208198 0.289398
vn -0.916015 0.381006 -0.125502
vn -0.934293 0.208198 0.289398
vn -0.953282 0.206696 -0.220296
vn -0.855627 -0.273208 -0.439614
vn -0.924713 0.088201 -0.370305
vn -0.879094 -0.260298 0.399297
vn -0.924713 0.088201 -0.370305
vn -0.704784 0.410791 0.578387
vn -0.879094 -0.260298 0.399297
vn -0.943168 -0.185994 0.275391
vn -0.980379 0.113598 0.161097
vn -0.863159 -0.410880 0.293486
vn -0.990172 -0.138196 0.021499
vn -0.811757 -0.237387 0.533571
vn -0.641893 -0.461595 -0.612293
vn -0.938860 -0.266989 -0.217391
vn -0.723605 0.042500 -0.688905
vn -0.924713 0.088201 -0.370305
vn -0.831399 0.142100 -0.537199
vn -0.795201 0.085400 -0.600301
vn -0.831399 0.142100 -0.537199
vn -0.795201 0.085400 -0.600301
vn -0.953282 0.206696 -0.220296
vn -0.821490 0.552593 -0.140698
vn -0.924713 0.088201 -0.370305
vn -0.778154 -0.494071 -0.387777
vn -0.778154 -0.494071 -0.387777
vn -0.924713 0.088201 -0.370305
vn -0.938860 -0.266989 -0.217391
vn -0.778154 -0.494071 -0.387777
vn -0.938860 -0.266989 -0.217391
vn -0.621815 -0.674016 0.398809
vn -0.811757 -0.237387 0.533571
vn -0.821490 0.552593 -0.140698
vn -0.981071 0.017099 0.192894
vn -0.811757 -0.237387 0.533571
vn -0.981071 0.017099 0.192894
vn -0.811757 -0.237387 0.533571
vn -0.704784 0.410791 0.578387
vn -0.981071 0.017099 0.192894
vn -0.704784 0.410791 0.578387
vn -0.821490 0.552593 -0.140698
vn -0.981071 0.017099 0.192894
vn -0.704784 0.410791 0.578387
vn -0.924713 0.088201 -0.370305
vn -0.793212 0.555708 0.249004
vn -0.869825 0.230107 0.436412
vn -0.793212 0.555708 0.249004
vn -0.934293 0.208198 0.289398
vn -0.869825 0.230107 0.436412
vn -0.160896 0.980676 0.111297
vn -0.934293 0.208198 0.289398
vn -0.999616 0.017500 0.021500
vn -0.934293 0.208198 0.289398
vn -0.934293 0.208198 0.289398
vn -0.999616 0.017500 0.021500
vn -0.953282 0.206696 -0.220296
vn -0.999616 0.017500 0.021500
vn -0.831399 0.142100 -0.537199
vn -0.953282 0.206696 -0.220296
vn -0.999616 0.017500 0.021500
vn -0.160896 0.980676 0.111297
vn 0.052697 0.710361 0.701862
vn 0.434387 0.143796 0.889174
vn 0.434387 0.143796 0.889174
vn -0.793212 0.555708 0.249004
vn -0.321810 0.729523 -0.603519
vn -0.605995 -0.276698 0.745794
vn -0.717176 -0.393187 0.575381
vn -0.022500 0.956186 0.291896
vn -0.814597 -0.579998 0.005900
vn -0.650705 -0.464604 0.600605
vn -0.863159 -0.410880 0.293486
vn -0.650705 -0.464604 0.600605
vn -0.778322 -0.441813 0.446113
vn -0.650705 -0.464604 0.600605
vn -0.470404 -0.849806 0.237802
vn -0.778322 -0.441813 0.446113
vn -0.605995 -0.276698 0.745794
vn -0.863159 -0.410880 0.293486
vn -0.778322 -0.441813 0.446113
vn -0.605995 -0.276698 0.745794
vn -0.680584 -0.675685 0.283294
vn -0.470404 -0.849806 0.237802
vn 0.260508 -0.342110 0.902827
vn -0.470404 -0.849806 0.237802
vn -0.758473 -0.620678 0.198693
vn -0.650705 -0.464604 0.600605
vn -0.758473 -0.620678 0.198693
vn -0.814597 -0.579998 0.005900
vn -0.470404 -0.849806 0.237802
vn -0.680584 -0.675685 0.283294
vn -0.814597 -0.579998 0.005900
vn -0.641893 -0.461595 -0.612293
vn -0.758473 -0.620678 0.198693
vn -0.552204 -0.781905 -0.289302
vn -0.758473 -0.620678 0.198693
vn -0.552204 -0.781905 -0.289302
vn -0.922703 -0.384001 0.034100
vn -0.011500 -0.994182 -0.107098
vn -0.922703 -0.384001 0.034100
vn -0.517400 0.606500 -0.603700
vn -0.697300 0.178100 -0.694300
vn -0.490283 0.862669 0.124196
vn -0.517400 0.606500 -0.603700
vn -0.490283 0.862669 0.124196
vn 0.020701 0.725019 -0.688418
vn 0.194907 0.753726 0.627622
vn 0.014100 0.942217 0.334706
vn 0.000000 0.845608 0.533805
vn -0.097404 -0.626226 -0.773533
vn 0.007300 -0.531018 -0.847329
vn 0.005700 -0.375003 -0.927006
vn -0.517400 0.606500 -0.603700
vn -0.697300 0.178100 -0.694300
vn -0.687765 -0.010099 -0.725863
vn -0.723605 0.042500 -0.688905
vn 0.002800 -0.090797 -0.995866
vn -0.641893 -0.461595 -0.612293
vn -0.552204 -0.781905 -0.289302
vn -0.321810 0.729523 -0.603519
vn 0.277088 0.646772 0.710569
vn 0.434387 0.143796 0.889174
vn 0.912040 -0.097604 -0.398317
vn 0.000000 -0.173101 -0.984904
vn -0.004600 -0.427501 -0.904003
vn -0.004600 -0.427501 -0.904003
vn 0.000000 -0.173101 -0.984904
vn -0.574878 -0.196193 -0.794370
vn 0.285196 -0.154798 -0.945886
vn 0.007200 -0.251695 -0.967780
vn -0.236892 -0.331389 -0.913271
vn -0.011500 -0.994182 -0.107098
vn 0.145401 0.989207 -0.018100
vn 0.087396 0.996059 0.015099
vn -0.083304 0.990345 0.110805
vn 0.102703 -0.992728 -0.062802
vn -0.027699 -0.984656 0.172292
vn -0.102602 -0.992622 -0.064601
vn 0.128692 -0.838449 -0.529568
vn 0.956353 -0.291186 -0.024499
vn 0.956353 -0.291186 -0.024499
vn 0.956353 -0.291186 -0.024499
vn 0.963931 -0.265208 -0.022401
vn 0.901577 -0.431289 -0.033899
vn 0.957103 -0.288201 -0.029900
vn 0.957103 -0.288201 -0.029900
vn 0.901577 -0.431289 -0.033899
vn 0.128692 -0.838449 -0.529568
vn 0.024400 0.031300 -0.999212
vn 0.997563 0.065798 -0.023199
vn 0.997617 0.059801 -0.034401
vn -0.002800 -0.090797 -0.995866
vn 0.250602 -0.781908 -0.570806
vn 0.000000 -0.797425 -0.603419
vn 0.000000 -0.797425 -0.603419
vn -0.945423 -0.272207 -0.179104
vn -0.154997 -0.987581 0.025699
vn -0.826049 0.557933 -0.079705
vn -0.945423 -0.272207 -0.179104
vn -0.826049 0.557933 -0.079705
vn 0.285196 -0.154798 -0.945886
vn 0.000000 -0.999675 0.025499
vn 0.941258 -0.283487 -0.183492
vn 0.000000 -0.999675 0.025499
vn 0.716070 -0.697570 0.025299
vn 0.191607 0.978936 0.070503
vn 0.062203 0.995241 -0.075003
vn 0.171602 0.984011 0.047701
vn 0.171602 0.984011 0.047701
vn 0.062203 0.995241 -0.075003
vn 0.001700 0.989980 -0.141197
vn -0.450684 -0.853770 0.260691
vn -0.328508 -0.861122 0.388010
vn 0.000000 -0.887338 0.461120
vn 0.000000 -0.934024 0.357209
vn -0.154997 -0.987581 0.025699
vn 0.000000 -0.999675 0.025499
vn 0.000000 -0.999675 0.025499
vn 0.716070 -0.697570 0.025299
vn 0.000000 -0.934024 0.357209
vn 0.699681 -0.640283 0.316992
vn 0.000000 -0.887338 0.461120
vn 0.347683 -0.743865 0.570773
vn -0.001700 0.989980 -0.141197
vn -0.062403 0.995244 -0.074803
vn -0.040800 -0.981512 0.187002
vn -0.062403 0.995244 -0.074803
vn -0.025001 -0.985126 0.170005
vn -0.040800 -0.981512 0.187002
vn -0.328508 -0.861122 0.388010
vn -0.826049 0.557933 -0.079705
vn -0.856586 -0.479592 0.190397
vn -0.826049 0.557933 -0.079705
vn -0.450684 -0.853770 0.260691
vn 0.000000 -0.366299 0.930497
vn 0.055899 -0.822584 0.565889
vn 0.000000 -0.366299 0.930497
vn 0.055899 -0.822584 0.565889
vn 0.484593 -0.581592 0.653391
vn 0.694610 -0.584909 0.418806
vn -0.484593 -0.581592 0.653391
vn -0.856586 -0.479592 0.190397
vn 0.864644 -0.501326 0.032602
vn 0.864644 -0.501326 0.032602
vn 0.864644 -0.501326 0.032602
vn 0.864644 -0.501326 0.032602
vn 0.302109 -0.435413 0.848025
vn -0.018400 -0.533312 -0.845719
vn -0.140197 -0.597285 0.789680
vn -0.484593 -0.581592 0.653391
vn 0.055899 -0.822584 0.565889
vn 0.000600 -0.969977 0.243194
vn 0.055899 -0.822584 0.565889
vn 0.484593 -0.581592 0.653391
vn 0.000600 -0.969977 0.243194
vn 0.621201 -0.742401 0.250900
vn 0.663919 -0.555516 0.500614
vn 0.755998 -0.361799 0.545498
vn 0.429510 0.886022 0.174604
vn 0.923380 -0.078898 -0.375692
vn 0.648486 0.356692 0.672485
vn 0.293102 -0.373503 0.880106
vn 0.293102 -0.373503 0.880106
vn 0.375991 -0.641685 0.668484
vn -0.274382 -0.660756 0.698653
vn -0.274382 -0.660756 0.698653
vn -0.828512 -0.526607 0.190403
vn -0.838792 -0.447096 0.310697
vn -0.856586 -0.479592 0.190397
vn -0.384990 0.766081 0.514687
vn -0.648486 0.356692 0.672485
vn -0.855104 0.518402 -0.007500
vn -0.819028 -0.108404 0.563419
vn -0.192908 -0.406317 0.893137
vn -0.589631 -0.379920 0.712738
vn -0.589631 -0.379920 0.712738
vn -0.589631 -0.379920 0.712738
vn -0.819028 -0.108404 0.563419
vn -0.124000 -0.627599 0.768599
vn 0.290206 -0.781917 0.551712
vn 0.003200 0.011500 0.999929
vn -0.589631 -0.379920 0.712738
vn -0.589631 -0.379920 0.712738
vn -0.274382 -0.660756 0.698653
vn -0.274382 -0.660756 0.698653
vn 0.375991 -0.641685 0.668484
vn 0.003200 0.011500 0.999929
vn 0.375991 -0.641685 0.668484
vn 0.293102 -0.373503 0.880106
vn -0.124000 -0.627599 0.768599
vn -0.581129 -0.459123 0.671934
vn -0.581129 -0.459123 0.671934
vn 0.000000 0.146096 0.989271
vn -0.124000 -0.627599 0.768599
vn -0.124000 -0.627599 0.768599
vn 0.000000 0.146096 0.989271
vn 0.290206 -0.781917 0.551712
vn 0.000000 0.146096 0.989271
vn 0.187603 -0.962916 0.193903
vn -0.819028 -0.108404 0.563419
vn 0.293102 -0.373503 0.880106
vn -0.618098 -0.383699 0.686098
vn -0.581129 -0.459123 0.671934
vn 0.000000 0.146096 0.989271
vn -0.581129 -0.459123 0.671934
vn 0.187603 -0.962916 0.193903
vn -0.607606 0.677006 -0.415304
vn -0.446369 0.808945 0.382574
vn -0.446369 0.808945 0.382574
vn -0.446369 0.808945 0.382574
vn -0.433205 0.826710 0.359004
vn 0.000000 0.146096 0.989271
vn -0.000000 0.895882 -0.444291
vn 0.000000 0.146096 0.989271
vn -0.618098 -0.383699 0.686098
vn -0.000000 0.895882 -0.444291
vn 0.205290 0.774163 -0.598772
vn 0.985719 0.112502 0.125302
vn 0.985613 0.113101 0.125602
vn 0.981645 0.134306 0.135406
vn 0.981496 0.134999 0.135799
vn 0.985763 0.110996 0.126295
vn 0.981715 0.134602 0.134602
vn 0.985538 0.112404 0.126805
vn 0.981645 0.135006 0.134706
vn -0.855104 0.518402 -0.007500
vn -0.000000 0.889167 -0.457583
vn -0.000000 0.889167 -0.457583
vn -0.000000 0.895882 -0.444291
vn -0.000000 0.895882 -0.444291
vn 0.205290 0.774163 -0.598772
vn -0.000000 0.889167 -0.457583
vn 0.205290 0.774163 -0.598772
vn 0.923380 -0.078898 -0.375692
vn -0.000000 0.889167 -0.457583
vn -0.294601 -0.759402 0.580102
vn -0.238198 -0.095699 0.966490
vn -0.027699 -0.984656 0.172292
vn -0.922703 -0.384001 0.034100
vn -0.826049 0.557933 -0.079705
vn -0.856586 -0.479592 0.190397
vn -0.294601 -0.759402 0.580102
vn -0.386002 -0.716303 0.581303
vn -0.294601 -0.759402 0.580102
vn -0.386002 -0.716303 0.581303
vn -0.455100 0.196000 0.868601
vn -0.606897 -0.614297 0.504297
vn -0.455100 0.196000 0.868601
vn -0.117696 -0.737173 0.665375
vn -0.077403 -0.935032 0.346012
vn 0.235713 -0.926152 0.294417
vn -0.838792 -0.447096 0.310697
vn -0.386002 -0.716303 0.581303
vn -0.192908 -0.406317 0.893137
vn -0.077403 -0.935032 0.346012
vn -0.071600 0.565699 0.821498
vn 0.235713 -0.926152 0.294417
vn -0.605995 -0.276698 0.745794
vn 0.235713 -0.926152 0.294417
vn 0.235713 -0.926152 0.294417
vn -0.143805 0.988337 0.050102
vn 0.411506 0.749611 -0.518408
vn -0.198807 0.979933 0.014400
vn 0.411506 0.749611 -0.518408
vn -0.112399 0.981389 -0.155698
vn -0.384990 0.766081 0.514687
vn 0.097198 0.776087 0.623090
vn -0.022500 0.956186 0.291896
vn -0.022500 0.956186 0.291896
vn -0.717176 -0.393187 0.575381
vn 0.235713 -0.926152 0.294417
vn 0.833102 -0.292101 0.469701
vn -0.161108 0.782437 0.601529
vn 0.235713 -0.926152 0.294417
vn 0.260508 -0.342110 0.902827
vn 0.260508 -0.342110 0.902827
vn 0.229501 0.083700 0.969703
vn 0.833102 -0.292101 0.469701
vn -0.294601 -0.759402 0.580102
vn -0.294601 -0.759402 0.580102
vn -0.238198 -0.095699 0.966490
vn 0.229501 0.083700 0.969703
vn 0.229501 0.083700 0.969703
vn -0.793212 0.555708 0.249004
vn -0.321810 0.729523 -0.603519
vn -0.112399 0.981389 -0.155698
vn 0.432085 -0.305890 0.848371
vn 0.097198 0.776087 0.623090
vn -0.999601 -0.017600 0.022100
vn 0.411506 0.749611 -0.518408
vn -0.112399 0.981389 -0.155698
vn -0.112399 0.981389 -0.155698
vn 0.432085 -0.305890 0.848371
vn -0.999601 -0.017600 0.022100
vn -0.569617 0.572717 -0.589518
vn 0.097198 0.776087 0.623090
vn -0.321810 0.729523 -0.603519
vn 0.476287 0.860376 -0.181395
vn 0.411506 0.749611 -0.518408
vn -0.569617 0.572717 -0.589518
vn -0.321810 0.729523 -0.603519
vn -0.528224 0.751835 0.394618
vn -0.638116 0.767520 0.061002
vn -0.147096 0.784381 0.602585
vn -0.261984 0.493670 0.829249
vn 0.000000 0.845608 0.533805
vn 0.000000 0.325004 0.945713
vn 0.000000 0.325004 0.945713
vn -0.607685 0.769281 0.197295
vn 0.581593 0.803490 0.127098
vn -0.528224 0.751835 0.394618
vn -0.288405 0.900915 -0.324306
vn 0.427524 0.903851 -0.016601
vn 0.427524 0.903851 -0.016601
vn 0.427524 0.903851 -0.016601
vn -0.002900 0.892011 -0.452005
vn -0.002900 0.892011 -0.452005
vn -0.143805 0.988337 0.050102
vn -0.001600 0.709003 -0.705203
vn -0.002900 0.892011 -0.452005
vn -0.000000 0.992530 -0.122004
vn -0.002900 0.892011 -0.452005
vn -0.000000 0.992530 -0.122004
vn 0.341907 0.585912 -0.734715
vn -0.001600 0.709003 -0.705203
vn -0.143805 0.988337 0.050102
vn -0.937587 0.311396 0.154798
vn -0.198807 0.979933 0.014400
vn 0.866365 0.494180 0.072097
vn 0.341907 0.585912 -0.734715
vn -0.013500 0.808390 0.588493
vn 0.341907 0.585912 -0.734715
vn -0.000000 0.992530 -0.122004
vn -0.013500 0.808390 0.588493
vn -0.013500 0.808390 0.588493
vn -0.000000 0.992530 -0.122004
vn -0.001600 0.709003 -0.705203
vn 0.061804 0.825348 0.561232
vn 0.427524 0.903851 -0.016601
vn 0.866365 0.494180 0.072097
vn 0.427524 0.903851 -0.016601
vn 0.341907 0.585912 -0.734715
vn 0.061804 0.825348 0.561232
vn 0.866365 0.494180 0.072097
vn -0.060100 0.884003 0.463602
vn -0.060100 0.884003 0.463602
vn -0.013500 0.808390 0.588493
vn -0.937587 0.311396 0.154798
vn 0.790873 0.447185 0.417786
vn -0.062097 0.997752 -0.025199
vn 0.429510 0.886022 0.174604
vn 0.061804 0.825348 0.561232
vn 0.061804 0.825348 0.561232
vn 0.059900 0.965505 0.253401
vn 0.061804 0.825348 0.561232
vn -0.060100 0.884003 0.463602
vn 0.059900 0.965505 0.253401
vn -0.060100 0.884003 0.463602
vn -0.855104 0.518402 -0.007500
vn 0.059900 0.965505 0.253401
vn -0.000000 0.889167 -0.457583
vn 0.059900 0.965505 0.253401
vn -0.000000 0.889167 -0.457583
vn 0.923380 -0.078898 -0.375692
vn 0.061804 0.825348 0.561232
vn 0.061804 0.825348 0.561232
vn 0.427524 0.903851 -0.016601
vn -0.617774 0.720469 0.315087
vn -0.590100 0.551500 -0.589601
vn -0.062097 0.997752 -0.025199
vn -0.288405 0.900915 -0.324306
vn -0.062097 0.997752 -0.025199
vn -0.288405 0.900915 -0.324306
vn 0.569617 0.572717 -0.589518
vn 0.581593 0.803490 0.127098
vn 0.569617 0.572717 -0.589518
vn -0.288405 0.900915 -0.324306
vn -0.590100 0.551500 -0.589601
vn 0.790873 0.447185 0.417786
vn 0.790873 0.447185 0.417786
vn -0.617774 0.720469 0.315087
vn -0.062097 0.997752 -0.025199
vn 0.581593 0.803490 0.127098
vn 0.569617 0.572717 -0.589518
vn 0.790873 0.447185 0.417786
vn -0.081902 0.912624 0.400511
vn -0.638116 0.767520 0.061002
vn -0.626882 0.772977 0.097597
vn 0.581593 0.803490 0.127098
vn 0.926946 -0.130906 0.351617
vn 0.410912 -0.684020 0.602717
vn 0.058300 -0.958606 0.278702
vn 0.142104 -0.718819 0.680518
vn -0.026401 0.647124 0.761928
vn 0.134901 -0.887309 0.441004
vn 0.755998 -0.361799 0.545498
vn 0.394210 -0.819421 0.416111
vn 0.663919 -0.555516 0.500614
vn 0.435804 0.550305 0.712207
vn 0.568476 0.789166 0.232490
vn 0.648486 0.356692 0.672485
vn 0.899094 0.336498 0.279998
vn 0.880828 0.210607 0.424013
vn 0.693720 -0.131604 0.708120
vn 0.880828 0.210607 0.424013
vn 0.236094 -0.510586 0.826778
vn 0.693720 -0.131604 0.708120
vn 0.134901 -0.887309 0.441004
vn 0.606897 -0.614297 0.504297
vn 0.163204 0.553914 0.816421
vn 0.163204 0.553914 0.816421
vn 0.117696 -0.737173 0.665375
vn 0.169606 0.332211 0.927831
vn 0.162501 -0.709605 0.685605
vn 0.233698 0.293697 0.926891
vn 0.969074 0.111397 -0.220194
vn 0.969074 0.111397 -0.220194
vn 0.969074 0.111397 -0.220194
vn 0.142104 -0.718819 0.680518
vn -0.803812 -0.274804 0.527608
vn 0.058300 -0.958606 0.278702
vn -0.942693 -0.195899 0.270098
vn -0.942693 -0.195899 0.270098
vn 0.142104 -0.718819 0.680518
vn 0.182406 -0.675521 0.714422
vn 0.182406 -0.675521 0.714422
vn 0.238198 -0.095699 0.966490
vn 0.058300 -0.958606 0.278702
vn 0.233698 0.293697 0.926891
vn 0.123703 0.752118 0.647315
vn 0.123703 0.752118 0.647315
vn 0.123703 0.752118 0.647315
vn 0.394210 -0.819421 0.416111
vn 0.182406 -0.675521 0.714422
vn 0.182406 -0.675521 0.714422
vn 0.694610 -0.584909 0.418806
vn -0.951867 -0.304390 0.035999
vn 0.963296 0.265399 0.040300
vn 0.963296 0.265399 0.040300
vn 0.963296 0.265399 0.040300
vn -0.951867 -0.304390 0.035999
vn -0.325193 -0.937081 0.126997
vn -0.023300 -0.958394 0.284498
vn 0.182406 -0.675521 0.714422
vn 0.238198 -0.095699 0.966490
vn -0.523075 -0.713166 -0.466677
vn -0.325193 -0.937081 0.126997
vn 0.250602 -0.781908 -0.570806
vn 0.250602 -0.781908 -0.570806
vn -0.325193 -0.937081 0.126997
vn 0.864644 -0.501326 0.032602
vn -0.007200 -0.251695 -0.967780
vn 0.720420 -0.225606 -0.655818
vn 0.820347 -0.570232 -0.043202
vn 0.694817 -0.704417 -0.145004
vn -0.023300 -0.958394 0.284498
vn 0.060200 -0.935597 -0.347899
vn -0.523075 -0.713166 -0.466677
vn 0.749630 -0.661826 0.006400
vn 0.926946 -0.130906 0.351617
vn 0.470404 -0.849806 0.237802
vn 0.058300 -0.958606 0.278702
vn 0.721312 -0.677411 -0.144302
vn 0.470404 -0.849806 0.237802
vn 0.721312 -0.677411 -0.144302
vn 0.650705 -0.464604 0.600605
vn 0.747609 -0.561106 0.355304
vn 0.720420 -0.225606 -0.655818
vn 0.721312 -0.677411 -0.144302
vn 0.749630 -0.661826 0.006400
vn 0.749630 -0.661826 0.006400
vn 0.721312 -0.677411 -0.144302
vn 0.820347 -0.570232 -0.043202
vn 0.820347 -0.570232 -0.043202
vn 0.747609 -0.561106 0.355304
vn 0.926946 -0.130906 0.351617
vn 0.470404 -0.849806 0.237802
vn 0.410912 -0.684020 0.602717
vn 0.592392 -0.563093 0.576193
vn 0.592392 -0.563093 0.576193
vn 0.470404 -0.849806 0.237802
vn 0.650705 -0.464604 0.600605
vn 0.650705 -0.464604 0.600605
vn 0.863159 -0.410880 0.293486
vn 0.592392 -0.563093 0.576193
vn 0.863159 -0.410880 0.293486
vn 0.863159 -0.410880 0.293486
vn 0.652824 -0.726827 0.213408
vn 0.410912 -0.684020 0.602717
vn 0.747609 -0.561106 0.355304
vn 0.990172 -0.138196 0.021499
vn 0.650705 -0.464604 0.600605
vn 0.980379 0.113598 0.161097
vn 0.563830 0.145108 0.813043
vn 0.563830 0.145108 0.813043
vn 0.410912 -0.684020 0.602717
vn 0.473816 0.346412 0.809628
vn 0.435804 0.550305 0.712207
vn 0.987784 0.030099 0.152897
vn 0.568476 0.789166 0.232490
vn 0.563830 0.145108 0.813043
vn 0.790007 0.604805 -0.100501
vn -0.626882 0.772977 0.097597
vn 0.581593 0.803490 0.127098
vn 0.820347 -0.570232 -0.043202
vn 0.820347 -0.570232 -0.043202
vn 0.645763 -0.741458 0.182290
vn 0.790007 0.604805 -0.100501
vn -0.173897 0.681887 -0.710486
vn 0.955900 0.115800 -0.269900
vn 0.978386 0.200897 -0.048999
vn 0.795201 0.085400 -0.600301
vn 0.795201 0.085400 -0.600301
vn 0.978386 0.200897 -0.048999
vn 0.938268 -0.257391 -0.231092
vn 0.978386 0.200897 -0.048999
vn -0.173897 0.681887 -0.710486
vn 0.938268 -0.257391 -0.231092
vn 0.938268 -0.257391 -0.231092
vn -0.173897 0.681887 -0.710486
vn 0.876267 0.149694 -0.457983
vn 0.790007 0.604805 -0.100501
vn 0.876267 0.149694 -0.457983
vn 0.876267 0.149694 -0.457983
vn 0.435804 0.550305 0.712207
vn 0.838867 -0.541479 0.055698
vn 0.968102 -0.194700 0.157700
vn 0.473816 0.346412 0.809628
vn 0.919306 -0.161001 0.359102
vn 0.876267 0.149694 -0.457983
vn 0.876267 0.149694 -0.457983
vn 0.700905 0.660705 0.268702
vn 0.938268 -0.257391 -0.231092
vn 0.700905 0.660705 0.268702
vn 0.876267 0.149694 -0.457983
vn 0.919306 -0.161001 0.359102
vn 0.955900 0.115800 -0.269900
vn 0.795201 0.085400 -0.600301
vn 0.982462 0.127995 -0.135595
vn 0.982462 0.127995 -0.135595
vn 0.979361 -0.003200 -0.202092
vn 0.938268 -0.257391 -0.231092
vn 0.700905 0.660705 0.268702
vn 0.987784 0.030099 0.152897
vn 0.985378 0.169796 -0.014100
vn 0.838867 -0.541479 0.055698
vn 0.838867 -0.541479 0.055698
vn 0.985378 0.169796 -0.014100
vn 0.982462 0.127995 -0.135595
vn 0.601535 0.000800 -0.798846
vn 0.601535 0.000800 -0.798846
vn 0.601535 0.000800 -0.798846
vn 0.985378 0.169796 -0.014100
vn 0.987784 0.030099 0.152897
vn 0.636092 0.767190 0.082499
vn 0.774403 0.512502 0.371001
vn 0.645763 -0.741458 0.182290
vn 0.621815 -0.674016 0.398809
vn 0.774403 0.512502 0.371001
vn 0.659670 -0.230090 -0.715468
vn 0.774403 0.512502 0.371001
vn 0.636092 0.767190 0.082499
vn 0.469023 -0.876144 -0.111306
vn 0.955900 0.115800 -0.269900
vn 0.659670 -0.230090 -0.715468
vn 0.955900 0.115800 -0.269900
vn 0.636092 0.767190 0.082499
vn 0.469023 -0.876144 -0.111306
vn 0.621815 -0.674016 0.398809
vn 0.469023 -0.876144 -0.111306
vn 0.659670 -0.230090 -0.715468
vn 0.820347 -0.570232 -0.043202
vn 0.469023 -0.876144 -0.111306
vn 0.820347 -0.570232 -0.043202
vn 0.997563 0.065798 -0.023199
vn 0.469023 -0.876144 -0.111306
vn 0.469023 -0.876144 -0.111306
vn 0.978463 0.206392 0.003500
vn 0.973022 0.230505 -0.009800
vn 0.979626 0.200805 -0.003200
vn 0.978123 0.199305 -0.059601
vn 0.979587 0.200997 -0.003100
vn 0.024400 0.031300 -0.999212
vn 0.978123 0.199305 -0.059601
vn 0.015200 0.024799 -0.999577
vn 0.105299 0.920292 -0.376797
vn -0.255003 0.891512 0.374405
vn -0.255003 0.891512 0.374405
vn -0.255003 0.891512 0.374405
vn -0.047401 0.983426 0.175005
vn -0.053097 0.998552 -0.008600
vn -0.044298 0.998856 0.017999
vn 0.009500 0.999719 -0.021700
vn 0.017701 0.999337 -0.031801
vn -0.001200 -0.013100 0.999914
vn -0.001200 -0.013100 0.999914
vn -0.001200 -0.013100 0.999914
vn -0.015800 0.967623 0.251906
vn 0.105299 0.920292 -0.376797
vn 0.000000 0.724293 0.689493
vn 0.000000 0.325004 0.945713
vn 0.000000 0.325004 0.945713
vn 0.000000 0.724293 0.689493
vn -0.607685 0.769281 0.197295
vn -0.730764 0.038098 0.681566
vn -0.548491 0.191697 -0.813886
vn -0.839840 -0.522125 -0.148507
vn -0.985839 0.077703 -0.148606
vn -0.687765 -0.010099 -0.725863
vn -0.922265 -0.173993 0.345187
vn -0.607685 0.769281 0.197295
vn -0.730764 0.038098 0.681566
vn -0.414290 0.762082 0.497588
vn -0.877996 -0.115200 0.464598
vn -0.574878 -0.196193 -0.794370
vn -0.883046 -0.427622 0.193310
vn -0.883046 -0.427622 0.193310
vn -0.867577 -0.456188 -0.197995
vn -0.877996 -0.115200 0.464598
vn -0.713393 0.015500 0.700593
vn -0.883046 -0.427622 0.193310
vn -0.842986 -0.129998 0.521991
vn -0.883046 -0.427622 0.193310
vn -0.414290 0.762082 0.497588
vn -0.718679 0.584083 0.377289
vn -0.877996 -0.115200 0.464598
vn -0.713393 0.015500 0.700593
vn -0.713393 0.015500 0.700593
vn -0.718679 0.584083 0.377289
vn -0.842986 -0.129998 0.521991
vn -0.043000 0.863799 -0.501999
vn -0.258593 -0.306791 -0.915974
vn -0.839840 -0.522125 -0.148507
vn -0.043000 0.863799 -0.501999
vn -0.414290 0.762082 0.497588
vn -0.718679 0.584083 0.377289
vn -0.258593 -0.306791 -0.915974
vn -0.043000 0.863799 -0.501999
vn -0.548491 0.191697 -0.813886
vn -0.839840 -0.522125 -0.148507
vn -0.883046 -0.427622 0.193310
vn -0.842986 -0.129998 0.521991
vn -0.867577 -0.456188 -0.197995
vn -0.194001 -0.844606 -0.499003
vn -0.194001 -0.844606 -0.499003
vn -0.258593 -0.306791 -0.915974
vn -0.867577 -0.456188 -0.197995
vn -0.548491 0.191697 -0.813886
vn -0.867577 -0.456188 -0.197995
vn -0.941817 -0.211304 -0.261405
vn -0.562981 -0.018099 -0.826272
vn -0.785643 -0.040802 -0.617334
vn -0.574878 -0.196193 -0.794370
vn -0.941817 -0.211304 -0.261405
vn -0.004600 -0.427501 -0.904003
vn 0.000000 -0.932020 -0.362408
vn -0.004600 -0.427501 -0.904003
vn 0.000000 -0.932020 -0.362408
vn 0.974874 0.075998 -0.209394
vn 0.092503 -0.806525 -0.583918
vn -0.082097 -0.795267 -0.600675
vn 0.000000 -0.866602 -0.499001
vn 0.000000 -0.866602 -0.499001
vn 0.007500 -0.885117 -0.465309
vn 0.000000 -0.858436 -0.512921
vn 0.000000 0.990668 0.136296
vn 0.000000 -0.017901 -0.999840
vn 0.000000 -0.017501 -0.999847
vn -0.000000 0.494296 -0.869294
vn -0.785643 -0.040802 -0.617334
vn 0.377996 0.395896 -0.836891
vn 0.562981 -0.018099 -0.826272
vn -0.000000 0.494296 -0.869294
vn 0.000000 -0.017501 -0.999847
vn 0.000000 -0.017901 -0.999840
vn -0.005200 0.966398 -0.256999
vn 0.974014 -0.006200 -0.226403
vn 0.974874 0.075998 -0.209394
vn 0.562981 -0.018099 -0.826272
vn 0.974874 0.075998 -0.209394
vn -0.147599 0.890394 -0.430597
vn -0.000000 0.963085 -0.269196
vn -0.000000 0.963085 -0.269196
vn -0.005200 0.966398 -0.256999
vn -0.785643 -0.040802 -0.617334
vn -0.989577 0.143997 -0.001500
vn -0.147599 0.890394 -0.430597
vn -0.425320 0.426520 -0.798238
vn -0.989935 0.141305 -0.007800
vn -0.989935 0.141305 -0.007800
vn -0.989935 0.141305 -0.007800
vn -0.001000 -0.999408 0.034400
vn -0.922265 -0.173993 0.345187
vn 0.008500 -0.999532 0.029401
vn -0.568570 -0.576770 0.586570
vn -0.001000 -0.999834 0.018201
vn -0.001000 -0.999834 0.018201
vn -0.001000 -0.999834 0.018201
vn -0.002800 -0.018700 -0.999821
vn 0.014500 -0.015100 -0.999781
vn -0.425320 0.426520 -0.798238
vn 0.039101 0.515616 -0.855927
vn -0.654023 -0.528318 0.541419
vn 0.174793 0.506781 0.844168
vn -0.654023 -0.528318 0.541419
vn 0.174793 0.506781 0.844168
vn 0.039101 0.515616 -0.855927
vn -0.568570 -0.576770 0.586570
vn 0.014500 -0.015100 -0.999781
vn -0.730764 0.038098 0.681566
vn -0.033098 0.793656 0.607466
vn -0.000000 0.963085 -0.269196
vn 0.511009 0.623212 -0.592011
vn -0.147599 0.890394 -0.430597
vn -0.425320 0.426520 -0.798238
vn -0.054600 -0.997793 -0.037800
vn -0.033098 0.793656 0.607466
vn -0.654023 -0.528318 0.541419
vn 0.511009 0.623212 -0.592011
vn -0.054600 -0.997793 -0.037800
vn -0.654023 -0.528318 0.541419
vn 0.174793 0.506781 0.844168
vn -0.054600 -0.997793 -0.037800
vn 0.174793 0.506781 0.844168
vn -0.424623 0.451525 0.784743
vn 0.174793 0.506781 0.844168
vn -0.568570 -0.576770 0.586570
vn -0.424623 0.451525 0.784743
vn -0.424623 0.451525 0.784743
vn -0.922265 -0.173993 0.345187
vn 0.917429 0.331011 0.220807
vn 0.289289 0.939763 0.182093
vn -0.000000 0.963085 -0.269196
vn -0.681698 0.317199 -0.659298
vn -0.005200 0.966398 -0.256999
vn 0.211205 0.064302 -0.975324
vn 0.105299 0.920292 -0.376797
vn 0.997617 0.059801 -0.034401
vn 0.920853 -0.175891 0.347982
vn 0.926696 -0.181099 -0.329299
vn 0.211205 0.064302 -0.975324
vn -0.999579 -0.028999 0.000200
vn -0.971742 -0.236010 0.004200
vn -0.475812 0.879322 -0.019900
vn 0.391517 0.400717 0.828336
vn -0.042898 -0.690173 0.722372
vn 0.920853 -0.175891 0.347982
vn 0.576866 -0.591666 -0.563167
vn 0.926696 -0.181099 -0.329299
vn -0.348085 0.093796 -0.932759
vn 0.710721 -0.112503 -0.694420
vn 0.211205 0.064302 -0.975324
vn 0.576866 -0.591666 -0.563167
vn 0.926696 -0.181099 -0.329299
vn -0.681698 0.317199 -0.659298
vn 0.289289 0.939763 0.182093
vn -0.348085 0.093796 -0.932759
vn -0.691800 0.695400 0.194500
vn -0.042898 -0.690173 0.722372
vn 0.112397 0.615883 0.779779
vn 0.391517 0.400717 0.828336
vn -0.691800 0.695400 0.194500
vn 0.289289 0.939763 0.182093
vn 0.710721 -0.112503 -0.694420
vn -0.348085 0.093796 -0.932759
vn 0.112397 0.615883 0.779779
vn -0.042898 -0.690173 0.722372
vn 0.112397 0.615883 0.779779
vn 0.544397 -0.062500 0.836496
vn 0.547101 0.555701 0.626001
vn 0.930407 0.262502 -0.255802
vn 0.982853 0.044298 -0.178991
vn 0.415416 -0.807531 -0.418716
vn 0.912040 -0.097604 -0.398317
vn 0.974730 -0.006000 0.223307
vn 0.911333 -0.191507 0.364413
vn 0.713393 0.015500 0.700593
vn 0.974730 -0.006000 0.223307
vn 0.544397 -0.062500 0.836496
vn 0.544397 -0.062500 0.836496
vn 0.713393 0.015500 0.700593
vn 0.187194 0.823474 0.535583
vn 0.547101 0.555701 0.626001
vn 0.527694 -0.675592 -0.514894
vn 0.288305 0.883914 -0.368206
vn 0.911333 -0.191507 0.364413
vn 0.187194 0.823474 0.535583
vn 0.713393 0.015500 0.700593
vn 0.187194 0.823474 0.535583
vn 0.288305 0.883914 -0.368206
vn 0.547101 0.555701 0.626001
vn 0.930407 0.262502 -0.255802
vn 0.930407 0.262502 -0.255802
vn 0.288305 0.883914 -0.368206
vn 0.982853 0.044298 -0.178991
vn 0.527694 -0.675592 -0.514894
vn 0.527694 -0.675592 -0.514894
vn 0.189802 -0.841208 -0.506305
vn 0.415416 -0.807531 -0.418716
vn 0.189802 -0.841208 -0.506305
vn 0.911333 -0.191507 0.364413
vn 0.415416 -0.807531 -0.418716
vn 0.974730 -0.006000 0.223307
vn 0.982853 0.044298 -0.178991
vn 0.260508 -0.342110 0.902827
vn -0.934293 0.208198 0.289398
vn 0.511009 0.623212 -0.592011
vn -0.194001 -0.844606 -0.499003
vn -0.785643 -0.040802 -0.617334
vn -0.490283 0.862669 0.124196
vn -0.831399 0.142100 -0.537199
vn -0.999616 0.017500 0.021500
vn 0.941258 -0.283487 -0.183492
vn 0.694610 -0.584909 0.418806
vn 0.820347 -0.570232 -0.043202
vn -0.681698 0.317199 -0.659298
vn 0.189802 -0.841208 -0.506305
vn -0.964073 -0.112597 0.240593
vn 0.978386 0.200897 -0.048999
vn -0.937587 0.311396 0.154798
vn -0.198807 0.979933 0.014400
vn 0.427524 0.903851 -0.016601
vn -0.607685 0.769281 0.197295
vn -0.562981 -0.018099 -0.826272
vn -0.941817 -0.211304 -0.261405
vn 0.473816 0.346412 0.809628
vn 0.987784 0.030099 0.152897
vn 0.435804 0.550305 0.712207
vn 0.473816 0.346412 0.809628
vn 0.876267 0.149694 -0.457983
vn 0.917429 0.331011 0.220807
vn 0.391517 0.400717 0.828336
vn 0.920853 -0.175891 0.347982
vn 0.912040 -0.097604 -0.398317
vn 0.554085 -0.786979 0.271393
vn 0.003200 -0.020100 -0.999793
vn 0.003200 -0.020100 -0.999793
vn 0.003200 -0.020100 -0.999793
vn -0.826049 0.557933 -0.079705
vn -0.717176 -0.393187 0.575381
vn -0.648486 0.356692 0.672485
vn -0.192908 -0.406317 0.893137
vn 0.694817 -0.704417 -0.145004
vn 0.563830 0.145108 0.813043
vn 0.563830 0.145108 0.813043
vn -0.424623 0.451525 0.784743
vn -0.424623 0.451525 0.784743
vn -0.424623 0.451525 0.784743
vn -0.033098 0.793656 0.607466
vn 0.819621 -0.510813 -0.259407
vn 0.759525 -0.371412 -0.534018
vn -0.387292 -0.641287 -0.662386
vn -0.764836 -0.370217 -0.527225
vn 0.663583 -0.575985 -0.477388
vn -0.416525 -0.856251 -0.305518
vn 0.819621 -0.510813 -0.259407
vn 0.621416 0.469112 0.627516
vn 0.759525 -0.371412 -0.534018
vn 0.662817 0.608815 0.435911
vn 0.663583 -0.575985 -0.477388
vn -0.821485 0.081399 -0.564390
vn -0.568177 0.789968 0.230491
vn 0.557622 0.463818 -0.688427
vn 0.621416 0.469112 0.627516
vn -0.067701 0.368106 0.927316
vn 0.662817 0.608815 0.435911
vn -0.387292 -0.641287 -0.662386
vn -0.764836 -0.370217 -0.527225
vn -0.416525 -0.856251 -0.305518
vn -0.416525 -0.856251 -0.305518
vn -0.067701 0.368106 0.927316
vn 0.890176 -0.296792 0.345691
vn 0.682593 -0.586494 0.435995
vn 0.557622 0.463818 -0.688427
vn -0.740691 0.558193 0.373895
vn -0.821485 0.081399 -0.564390
vn 0.557622 0.463818 -0.688427
vn -0.708804 -0.557803 0.431802
vn -0.740691 0.558193 0.373895
vn 0.682593 -0.586494 0.435995
vn -0.878080 -0.421891 -0.225795
vn -0.740691 0.558193 0.373895
vn -0.708804 -0.557803 0.431802
vn -0.821485 0.081399 -0.564390
vn -0.889906 -0.296302 0.346802
vn -0.708804 -0.557803 0.431802
vn -0.878080 -0.421891 -0.225795
vn 0.890176 -0.296792 0.345691
vn -0.889906 -0.296302 0.346802
vn 0.682593 -0.586494 0.435995
vn -0.878080 -0.421891 -0.225795
vn -0.889906 -0.296302 0.346802
vn 0.819621 -0.510813 -0.259407
vn 0.890176 -0.296792 0.345691
vn 0.576593 -0.717291 0.391195
vn 0.500795 -0.198098 0.842592
vn -0.576179 -0.717574 0.391286
vn -0.576179 -0.717574 0.391286
vn 0.500795 -0.198098 0.842592
vn 0.281916 0.947655 0.149909
vn 0.463907 -0.480407 -0.744311
vn 0.896635 -0.341013 -0.282411
vn -0.350900 -0.855400 -0.381000
vn 0.744683 -0.661485 -0.088798
vn -0.744983 -0.660985 -0.089998
vn 0.576593 -0.717291 0.391195
vn -0.576179 -0.717574 0.391286
vn -0.065403 0.795337 -0.602628
vn 0.273898 0.718794 -0.638995
vn 0.896635 -0.341013 -0.282411
vn 0.656808 0.738310 0.153302
vn 0.896635 -0.341013 -0.282411
vn 0.744683 -0.661485 -0.088798
vn 0.500795 -0.198098 0.842592
vn 0.576593 -0.717291 0.391195
vn -0.269794 0.689185 -0.672485
vn -0.633325 0.709428 -0.309212
vn 0.273898 0.718794 -0.638995
vn -0.656916 0.738318 0.152804
vn 0.273898 0.718794 -0.638995
vn -0.656916 0.738318 0.152804
vn 0.656808 0.738310 0.153302
vn 0.281916 0.947655 0.149909
vn 0.656808 0.738310 0.153302
vn 0.281916 0.947655 0.149909
vn 0.500795 -0.198098 0.842592
vn -0.595992 -0.643291 0.480593
vn -0.350900 -0.855400 -0.381000
vn -0.633325 0.709428 -0.309212
vn -0.744983 -0.660985 -0.089998
vn -0.656916 0.738318 0.152804
vn -0.576179 -0.717574 0.391286
vn 0.281916 0.947655 0.149909
vn -0.336594 -0.545590 -0.767487
vn -0.236910 -0.431319 -0.870539
vn -0.595992 -0.643291 0.480593
vn -0.236910 -0.431319 -0.870539
vn -0.595992 -0.643291 0.480593
vn -0.230798 0.376297 -0.897292
vn -0.336594 -0.545590 -0.767487
vn -0.269794 0.689185 -0.672485
vn -0.595992 -0.643291 0.480593
vn -0.269794 0.689185 -0.672485
vn -0.065403 0.795337 -0.602628
vn -0.230798 0.376297 -0.897292
vn -0.065403 0.795337 -0.602628
vn -0.023100 0.293705 -0.955617
vn -0.230798 0.376297 -0.897292
vn -0.236910 -0.431319 -0.870539
vn -0.023100 0.293705 -0.955617
vn 0.463907 -0.480407 -0.744311
vn -0.336594 -0.545590 -0.767487
vn -0.236910 -0.431319 -0.870539
vn -0.269794 0.689185 -0.672485
vn 0.273898 0.718794 -0.638995
vn -0.065403 0.795337 -0.602628
vn 0.932497 -0.007500 -0.361099
vn 0.948830 0.268509 -0.166205
vn 0.704499 -0.017100 -0.709499
vn 0.704499 -0.017100 -0.709499
vn 0.948830 0.268509 -0.166205
vn 0.752504 0.540703 -0.376002
vn 0.948830 0.268509 -0.166205
vn 0.947497 0.278399 0.157300
vn 0.752504 0.540703 -0.376002
vn 0.752504 0.540703 -0.376002
vn 0.947497 0.278399 0.157300
vn 0.754236 0.560127 0.342616
vn 0.947497 0.278399 0.157300
vn 0.931672 0.009000 0.363189
vn 0.754236 0.560127 0.342616
vn 0.754236 0.560127 0.342616
vn 0.931672 0.009000 0.363189
vn 0.700196 0.019100 0.713696
vn 0.931672 0.009000 0.363189
vn 0.944678 -0.274593 0.179396
vn 0.700196 0.019100 0.713696
vn 0.700196 0.019100 0.713696
vn 0.944678 -0.274593 0.179396
vn 0.746407 -0.541605 0.386704
vn 0.944678 -0.274593 0.179396
vn 0.948505 -0.278401 -0.151101
vn 0.746407 -0.541605 0.386704
vn 0.746407 -0.541605 0.386704
vn 0.948505 -0.278401 -0.151101
vn 0.757882 -0.557587 -0.338692
vn 0.948505 -0.278401 -0.151101
vn 0.932497 -0.007500 -0.361099
vn 0.757882 -0.557587 -0.338692
vn 0.757882 -0.557587 -0.338692
vn 0.932497 -0.007500 -0.361099
vn 0.704499 -0.017100 -0.709499
vn 0.670723 0.637022 0.379913
vn 0.668228 0.611225 -0.424118
vn 0.677486 0.019200 0.735285
vn 0.670723 0.637022 0.379913
vn 0.672238 -0.607435 0.423224
vn 0.677486 0.019200 0.735285
vn 0.669043 -0.638541 -0.380324
vn 0.672238 -0.607435 0.423224
vn 0.672238 -0.607435 0.423224
vn 0.678537 -0.018201 -0.734340
vn 0.669043 -0.638541 -0.380324
vn 0.669043 -0.638541 -0.380324
vn 0.668228 0.611225 -0.424118
vn 0.678537 -0.018201 -0.734340
vn 0.678537 -0.018201 -0.734340
vn 0.672238 -0.607435 0.423224
vn 0.678537 -0.018201 -0.734340
vn 0.677486 0.019200 0.735285
vn 0.677486 0.019200 0.735285
vn 0.678537 -0.018201 -0.734340
vn 0.670723 0.637022 0.379913
vn 0.678537 -0.018201 -0.734340
vn 0.668228 0.611225 -0.424118
vn 0.670723 0.637022 0.379913
vn 0.678537 -0.018201 -0.734340
vn 0.672238 -0.607435 0.423224
vn 0.669043 -0.638541 -0.380324
vn 0.919306 -0.161001 0.359102
vn 0.968102 -0.194700 0.157700
vn 0.700905 0.660705 0.268702
vn 0.700905 0.660705 0.268702
vn 0.979361 -0.003200 -0.202092
vn 0.968102 -0.194700 0.157700
vn 0.838867 -0.541479 0.055698
vn 0.979361 -0.003200 -0.202092
vn 0.982462 0.127995 -0.135595
f 1/1/1 2/2/2 3/3/3
f 51/51/51 5/5/5 2/2/2
f 4/4/4 5/5/5 6/6/6
f 49/49/49 5/5/5 50/50/50
f 7/7/7 8/8/8 9/9/9
f 38/38/38 11/11/11 8/8/8
f 37/37/37 11/11/11 38/38/38
f 10/10/10 11/11/11 12/12/12
f 13/13/13 14/14/14 15/15/15
f 40/40/40 17/17/17 14/14/14
f 39/39/39 17/17/17 40/40/40
f 16/16/16 17/17/17 18/18/18
f 19/19/19 20/20/20 21/21/21
f 42/42/42 23/23/23 20/20/20
f 41/41/41 23/23/23 42/42/42
f 22/22/22 23/23/23 24/24/24
f 25/25/25 26/26/26 27/27/27
f 45/45/45 29/29/29 26/26/26
f 28/28/28 29/29/29 30/30/30
f 43/43/43 29/29/29 44/44/44
f 31/31/31 32/32/32 33/33/33
f 48/48/48 35/35/35 32/32/32
f 34/34/34 35/35/35 36/36/36
f 46/46/46 35/35/35 47/47/47
f 52/52/52 53/53/53 54/54/54
f 55/55/55 56/56/56 57/57/57
f 58/58/58 59/59/59 60/60/60
f 61/61/61 62/62/62 63/63/63
f 62/62/62 64/64/64 63/63/63
f 107/107/107 63/63/63 64/64/64
f 89/89/89 90/90/90 64/64/64
f 90/90/90 91/91/91 64/64/64
f 98/98/98 107/107/107 64/64/64
f 98/98/98 64/64/64 119/119/119
f 102/102/102 107/107/107 98/98/98
f 97/97/97 98/98/98 99/99/99
f 99/99/99 98/98/98 100/100/100
f 98/98/98 101/101/101 100/100/100
f 106/106/106 102/102/102 98/98/98
f 102/102/102 103/103/103 104/104/104
f 104/104/104 105/105/105 94/94/94
f 94/94/94 95/95/95 96/96/96
f 65/65/65 66/66/66 67/67/67
f 65/65/65 67/67/67 118/118/118
f 66/66/66 68/68/68 67/67/67
f 66/66/66 92/92/92 68/68/68
f 82/82/82 67/67/67 73/73/73
f 81/81/81 82/82/82 73/73/73
f 73/73/73 74/74/74 75/75/75
f 68/68/68 92/92/92 93/93/93
f 69/69/69 70/70/70 71/71/71
f 70/70/70 72/72/72 71/71/71
f 76/76/76 77/77/77 78/78/78
f 114/114/114 76/76/76 113/113/113
f 113/113/113 76/76/76 78/78/78
f 78/78/78 79/79/79 80/80/80
f 111/111/111 112/112/112 113/113/113
f 113/113/113 112/112/112 114/114/114
f 83/83/83 84/84/84 85/85/85
f 86/86/86 87/87/87 88/88/88
f 108/108/108 109/109/109 110/110/110
f 115/115/115 116/116/116 117/117/117
f 120/120/120 121/121/121 122/122/122
f 120/120/120 124/124/124 125/125/125
f 121/121/121 123/123/123 122/122/122
f 136/136/136 123/123/123 137/137/137
f 123/123/123 136/136/136 138/138/138
f 124/124/124 126/126/126 125/125/125
f 131/131/131 132/132/132 124/124/124
f 127/127/127 128/128/128 129/129/129
f 128/128/128 130/130/130 129/129/129
f 133/133/133 134/134/134 135/135/135
f 139/139/139 140/140/140 141/141/141
f 141/141/141 156/156/156 139/139/139
f 139/139/139 156/156/156 157/157/157
f 141/141/141 140/140/140 142/142/142
f 145/145/145 144/144/144 142/142/142
f 143/143/143 144/144/144 145/145/145
f 146/146/146 147/147/147 148/148/148
f 148/148/148 147/147/147 149/149/149
f 150/150/150 151/151/151 152/152/152
f 153/153/153 154/154/154 155/155/155
f 158/158/158 159/159/159 160/160/160
f 159/159/159 161/161/161 160/160/160
f 541/541/541 159/159/159 542/542/542
f 543/543/543 159/159/159 544/544/544
f 162/162/162 163/163/163 164/164/164
f 164/164/164 163/163/163 165/165/165
f 164/164/164 165/165/165 630/630/630
f 166/166/166 167/167/167 168/168/168
f 169/169/169 170/170/170 171/171/171
f 172/172/172 173/173/173 174/174/174
f 173/173/173 175/175/175 174/174/174
f 176/176/176 177/177/177 178/178/178
f 177/177/177 179/179/179 178/178/178
f 178/178/178 179/179/179 180/180/180
f 181/181/181 182/182/182 180/180/180
f 183/183/183 184/184/184 185/185/185
f 183/183/183 185/185/185 1057/1057/1057
f 184/184/184 186/186/186 185/185/185
f 187/187/187 186/186/186 188/188/188
f 189/189/189 190/190/190 191/191/191
f 192/192/192 193/193/193 191/191/191
f 194/194/194 195/195/195 196/196/196
f 197/197/197 198/198/198 199/199/199
f 200/200/200 201/201/201 202/202/202
f 258/258/258 259/259/259 200/200/200
f 200/200/200 259/259/259 201/201/201
f 200/200/200 202/202/202 269/269/269
f 202/202/202 201/201/201 203/203/203
f 203/203/203 262/262/262 202/202/202
f 201/201/201 204/204/204 203/203/203
f 203/203/203 204/204/204 205/205/205
f 205/205/205 261/261/261 203/203/203
f 261/261/261 262/262/262 203/203/203
f 204/204/204 206/206/206 205/205/205
f 204/204/204 201/201/201 229/229/229
f 205/205/205 206/206/206 207/207/207
f 206/206/206 208/208/208 207/207/207
f 207/207/207 208/208/208 209/209/209
f 293/293/293 207/207/207 209/209/209
f 208/208/208 210/210/210 209/209/209
f 294/294/294 293/293/293 209/209/209
f 292/292/292 293/293/293 294/294/294
f 228/228/228 229/229/229 230/230/230
f 201/201/201 236/236/236 229/229/229
f 229/229/229 236/236/236 237/237/237
f 259/259/259 260/260/260 201/201/201
f 201/201/201 260/260/260 236/236/236
f 211/211/211 212/212/212 213/213/213
f 214/214/214 215/215/215 216/216/216
f 217/217/217 218/218/218 219/219/219
f 224/224/224 217/217/217 225/225/225
f 225/225/225 217/217/217 222/222/222
f 220/220/220 221/221/221 222/222/222
f 221/221/221 223/223/223 222/222/222
f 222/222/222 226/226/226 227/227/227
f 231/231/231 232/232/232 233/233/233
f 232/232/232 234/234/234 235/235/235
f 238/238/238 239/239/239 240/240/240
f 238/238/238 241/241/241 242/242/242
f 241/241/241 243/243/243 244/244/244
f 245/245/245 246/246/246 247/247/247
f 248/248/248 249/249/249 250/250/250
f 251/251/251 252/252/252 253/253/253
f 252/252/252 254/254/254 253/253/253
f 256/256/256 255/255/255 252/252/252
f 255/255/255 256/256/256 257/257/257
f 296/296/296 253/253/253 297/297/297
f 297/297/297 253/253/253 298/298/298
f 253/253/253 299/299/299 298/298/298
f 313/313/313 312/312/312 253/253/253
f 299/299/299 253/253/253 312/312/312
f 295/295/295 296/296/296 297/297/297
f 304/304/304 297/297/297 305/305/305
f 297/297/297 306/306/306 305/305/305
f 298/298/298 560/560/560 297/297/297
f 297/297/297 1074/1074/1074 306/306/306
f 305/305/305 306/306/306 307/307/307
f 306/306/306 308/308/308 307/307/307
f 306/306/306 319/319/319 308/308/308
f 307/307/307 308/308/308 309/309/309
f 308/308/308 310/310/310 309/309/309
f 319/319/319 320/320/320 308/308/308
f 320/320/320 321/321/321 308/308/308
f 308/308/308 321/321/321 310/310/310
f 317/317/317 318/318/318 319/319/319
f 318/318/318 320/320/320 319/319/319
f 321/321/321 320/320/320 330/330/330
f 318/318/318 346/346/346 320/320/320
f 346/346/346 347/347/347 320/320/320
f 321/321/321 322/322/322 286/286/286
f 322/322/322 321/321/321 330/330/330
f 335/335/335 322/322/322 330/330/330
f 286/286/286 322/322/322 323/323/323
f 284/284/284 286/286/286 287/287/287
f 286/286/286 290/290/290 291/291/291
f 283/283/283 284/284/284 285/285/285
f 287/287/287 288/288/288 289/289/289
f 328/328/328 289/289/289 329/329/329
f 329/329/329 289/289/289 323/323/323
f 327/327/327 328/328/328 329/329/329
f 334/334/334 335/335/335 336/336/336
f 350/350/350 346/346/346 353/353/353
f 348/348/348 349/349/349 350/350/350
f 350/350/350 351/351/351 352/352/352
f 353/353/353 348/348/348 350/350/350
f 559/559/559 560/560/560 298/298/298
f 300/300/300 559/559/559 298/298/298
f 298/298/298 299/299/299 300/300/300
f 568/568/568 300/300/300 299/299/299
f 299/299/299 312/312/312 512/512/512
f 568/568/568 299/299/299 512/512/512
f 311/311/311 312/312/312 313/313/313
f 312/312/312 513/513/513 512/512/512
f 312/312/312 536/536/536 513/513/513
f 512/512/512 513/513/513 514/514/514
f 515/515/515 516/516/516 514/514/514
f 514/514/514 516/516/516 517/517/517
f 608/608/608 609/609/609 514/514/514
f 514/514/514 517/517/517 608/608/608
f 516/516/516 518/518/518 517/517/517
f 517/517/517 518/518/518 507/507/507
f 517/517/517 610/610/610 611/611/611
f 517/517/517 507/507/507 1092/1092/1092
f 518/518/518 519/519/519 507/507/507
f 519/519/519 518/518/518 536/536/536
f 535/535/535 519/519/519 536/536/536
f 505/505/505 507/507/507 506/506/506
f 506/506/506 507/507/507 508/508/508
f 507/507/507 509/509/509 510/510/510
f 507/507/507 520/520/520 521/521/521
f 507/507/507 1091/1091/1091 509/509/509
f 1092/1092/1092 507/507/507 1093/1093/1093
f 504/504/504 505/505/505 506/506/506
f 383/383/383 503/503/503 504/504/504
f 503/503/503 505/505/505 504/504/504
f 498/498/498 504/504/504 501/501/501
f 364/364/364 383/383/383 384/384/384
f 363/363/363 364/364/364 365/365/365
f 365/365/365 364/364/364 366/366/366
f 364/364/364 367/367/367 366/366/366
f 363/363/363 392/392/392 364/364/364
f 392/392/392 393/393/393 364/364/364
f 366/366/366 367/367/367 368/368/368
f 367/367/367 381/381/381 382/382/382
f 393/393/393 494/494/494 487/487/487
f 487/487/487 488/488/488 489/489/489
f 487/487/487 489/489/489 1086/1086/1086
f 488/488/488 275/275/275 489/489/489
f 489/489/489 275/275/275 490/490/490
f 273/273/273 274/274/274 275/275/275
f 275/275/275 276/276/276 277/277/277
f 511/511/511 509/509/509 275/275/275
f 509/509/509 273/273/273 275/275/275
f 274/274/274 278/278/278 279/279/279
f 279/279/279 278/278/278 280/280/280
f 490/490/490 1056/1056/1056 277/277/277
f 1086/1086/1086 1090/1090/1090 495/495/495
f 495/495/495 496/496/496 497/497/497
f 496/496/496 498/498/498 499/499/499
f 497/497/497 498/498/498 500/500/500
f 498/498/498 501/501/501 500/500/500
f 500/500/500 524/524/524 497/497/497
f 497/497/497 524/524/524 530/530/530
f 500/500/500 501/501/501 502/502/502
f 522/522/522 523/523/523 500/500/500
f 523/523/523 524/524/524 500/500/500
f 531/531/531 524/524/524 532/532/532
f 524/524/524 533/533/533 532/532/532
f 524/524/524 523/523/523 533/533/533
f 525/525/525 526/526/526 523/523/523
f 532/532/532 534/534/534 526/526/526
f 387/387/387 392/392/392 385/385/385
f 385/385/385 386/386/386 387/387/387
f 610/610/610 612/612/612 611/611/611
f 263/263/263 264/264/264 265/265/265
f 266/266/266 267/267/267 268/268/268
f 270/270/270 271/271/271 272/272/272
f 271/271/271 281/281/281 272/272/272
f 281/281/281 282/282/282 272/272/272
f 301/301/301 302/302/302 303/303/303
f 314/314/314 315/315/315 316/316/316
f 342/342/342 343/343/343 314/314/314
f 343/343/343 344/344/344 314/314/314
f 314/314/314 344/344/344 315/315/315
f 344/344/344 345/345/345 315/315/315
f 344/344/344 394/394/394 354/354/354
f 697/697/697 344/344/344 703/703/703
f 344/344/344 343/343/343 703/703/703
f 345/345/345 344/344/344 1064/1064/1064
f 345/345/345 354/354/354 355/355/355
f 355/355/355 354/354/354 356/356/356
f 354/354/354 395/395/395 356/356/356
f 703/703/703 343/343/343 704/704/704
f 709/709/709 703/703/703 708/708/708
f 703/703/703 704/704/704 708/708/708
f 343/343/343 705/705/705 704/704/704
f 708/708/708 704/704/704 710/710/710
f 706/706/706 707/707/707 708/708/708
f 707/707/707 701/701/701 708/708/708
f 708/708/708 701/701/701 709/709/709
f 706/706/706 708/708/708 722/722/722
f 722/722/722 723/723/723 706/706/706
f 725/725/725 726/726/726 723/723/723
f 700/700/700 701/701/701 702/702/702
f 341/341/341 343/343/343 342/342/342
f 341/341/341 1066/1066/1066 343/343/343
f 340/340/340 341/341/341 342/342/342
f 340/340/340 342/342/342 836/836/836
f 836/836/836 342/342/342 837/837/837
f 835/835/835 340/340/340 836/836/836
f 837/837/837 558/558/558 556/556/556
f 556/556/556 558/558/558 557/557/557
f 554/554/554 556/556/556 555/555/555
f 555/555/555 556/556/556 557/557/557
f 555/555/555 557/557/557 567/567/567
f 553/553/553 554/554/554 555/555/555
f 562/562/562 555/555/555 565/565/565
f 566/566/566 555/555/555 567/567/567
f 561/561/561 562/562/562 563/563/563
f 563/563/563 562/562/562 564/564/564
f 638/638/638 562/562/562 639/639/639
f 639/639/639 562/562/562 640/640/640
f 650/650/650 561/561/561 651/651/651
f 561/561/561 600/600/600 651/651/651
f 753/753/753 754/754/754 650/650/650
f 650/650/650 754/754/754 755/755/755
f 651/651/651 600/600/600 645/645/645
f 1096/1096/1096 651/651/651 645/645/645
f 600/600/600 601/601/601 602/602/602
f 600/600/600 602/602/602 645/645/645
f 601/601/601 603/603/603 602/602/602
f 601/601/601 563/563/563 616/616/616
f 602/602/602 604/604/604 605/605/605
f 645/645/645 602/602/602 652/652/652
f 613/613/613 615/615/615 602/602/602
f 606/606/606 607/607/607 605/605/605
f 613/613/613 614/614/614 615/615/615
f 645/645/645 652/652/652 647/647/647
f 642/642/642 645/645/645 644/644/644
f 644/644/644 645/645/645 646/646/646
f 645/645/645 647/647/647 646/646/646
f 645/645/645 642/642/642 1095/1095/1095
f 646/646/646 647/647/647 648/648/648
f 647/647/647 649/649/649 648/648/648
f 648/648/648 649/649/649 391/391/391
f 659/659/659 648/648/648 660/660/660
f 648/648/648 661/661/661 660/660/660
f 648/648/648 391/391/391 686/686/686
f 390/390/390 372/372/372 391/391/391
f 397/397/397 391/391/391 372/372/372
f 389/389/389 374/374/374 390/390/390
f 374/374/374 372/372/372 390/390/390
f 370/370/370 372/372/372 371/371/371
f 371/371/371 372/372/372 373/373/373
f 372/372/372 374/374/374 373/373/373
f 370/370/370 396/396/396 372/372/372
f 388/388/388 374/374/374 389/389/389
f 369/369/369 370/370/370 371/371/371
f 686/686/686 687/687/687 688/688/688
f 693/693/693 694/694/694 686/686/686
f 692/692/692 693/693/693 685/685/685
f 662/662/662 684/684/684 685/685/685
f 660/660/660 662/662/662 663/663/663
f 662/662/662 664/664/664 663/663/663
f 662/662/662 676/676/676 664/664/664
f 663/663/663 659/659/659 660/660/660
f 663/663/663 664/664/664 665/665/665
f 665/665/665 670/670/670 663/663/663
f 670/670/670 659/659/659 663/663/663
f 664/664/664 666/666/666 665/665/665
f 677/677/677 678/678/678 664/664/664
f 664/664/664 678/678/678 666/666/666
f 678/678/678 679/679/679 680/680/680
f 695/695/695 694/694/694 696/696/696
f 694/694/694 643/643/643 696/696/696
f 694/694/694 1094/1094/1094 643/643/643
f 641/641/641 642/642/642 643/643/643
f 643/643/643 642/642/642 644/644/644
f 711/711/711 643/643/643 712/712/712
f 712/712/712 716/716/716 717/717/717
f 716/716/716 718/718/718 717/717/717
f 713/713/713 1094/1094/1094 716/716/716
f 713/713/713 714/714/714 715/715/715
f 617/617/617 563/563/563 618/618/618
f 639/639/639 759/759/759 638/638/638
f 759/759/759 760/760/760 638/638/638
f 1069/1069/1069 760/760/760 1070/1070/1070
f 697/697/697 698/698/698 699/699/699
f 324/324/324 325/325/325 326/326/326
f 331/331/331 332/332/332 333/333/333
f 337/337/337 338/338/338 339/339/339
f 357/357/357 358/358/358 359/359/359
f 360/360/360 361/361/361 362/362/362
f 375/375/375 376/376/376 377/377/377
f 378/378/378 379/379/379 380/380/380
f 398/398/398 399/399/399 400/400/400
f 401/401/401 402/402/402 403/403/403
f 403/403/403 418/418/418 401/401/401
f 418/418/418 419/419/419 401/401/401
f 401/401/401 419/419/419 420/420/420
f 417/417/417 418/418/418 403/403/403
f 425/425/425 418/418/418 427/427/427
f 428/428/428 418/418/418 417/417/417
f 418/418/418 425/425/425 419/419/419
f 422/422/422 425/425/425 424/424/424
f 424/424/424 425/425/425 426/426/426
f 421/421/421 422/422/422 423/423/423
f 423/423/423 422/422/422 424/424/424
f 424/424/424 457/457/457 423/423/423
f 457/457/457 458/458/458 423/423/423
f 477/477/477 458/458/458 478/478/478
f 479/479/479 458/458/458 480/480/480
f 464/464/464 458/458/458 462/462/462
f 462/462/462 463/463/463 464/464/464
f 404/404/404 405/405/405 406/406/406
f 406/406/406 405/405/405 407/407/407
f 405/405/405 408/408/408 407/407/407
f 408/408/408 405/405/405 1065/1065/1065
f 407/407/407 416/416/416 406/406/406
f 407/407/407 408/408/408 409/409/409
f 409/409/409 415/415/415 407/407/407
f 415/415/415 416/416/416 407/407/407
f 412/412/412 413/413/413 409/409/409
f 414/414/414 415/415/415 409/409/409
f 410/410/410 411/411/411 412/412/412
f 411/411/411 413/413/413 412/412/412
f 429/429/429 430/430/430 431/431/431
f 432/432/432 430/430/430 429/429/429
f 429/429/429 433/433/433 432/432/432
f 432/432/432 434/434/434 435/435/435
f 436/436/436 437/437/437 438/438/438
f 439/439/439 440/440/440 438/438/438
f 438/438/438 440/440/440 441/441/441
f 440/440/440 442/442/442 441/441/441
f 443/443/443 444/444/444 445/445/445
f 446/446/446 447/447/447 448/448/448
f 449/449/449 450/450/450 448/448/448
f 448/448/448 450/450/450 451/451/451
f 452/452/452 453/453/453 454/454/454
f 453/453/453 455/455/455 456/456/456
f 459/459/459 460/460/460 461/461/461
f 465/465/465 466/466/466 467/467/467
f 467/467/467 466/466/466 468/468/468
f 469/469/469 470/470/470 471/471/471
f 471/471/471 470/470/470 472/472/472
f 473/473/473 474/474/474 475/475/475
f 474/474/474 476/476/476 475/475/475
f 481/481/481 482/482/482 483/483/483
f 484/484/484 485/485/485 486/486/486
f 491/491/491 492/492/492 493/493/493
f 527/527/527 528/528/528 529/529/529
f 537/537/537 538/538/538 539/539/539
f 539/539/539 538/538/538 540/540/540
f 545/545/545 546/546/546 547/547/547
f 546/546/546 548/548/548 547/547/547
f 549/549/549 550/550/550 551/551/551
f 550/550/550 552/552/552 551/551/551
f 569/569/569 570/570/570 571/571/571
f 570/570/570 572/572/572 571/571/571
f 573/573/573 574/574/574 575/575/575
f 573/573/573 575/575/575 1073/1073/1073
f 576/576/576 577/577/577 578/578/578
f 577/577/577 579/579/579 578/578/578
f 580/580/580 581/581/581 582/582/582
f 595/595/595 582/582/582 596/596/596
f 582/582/582 588/588/588 1071/1071/1071
f 594/594/594 595/595/595 596/596/596
f 586/586/586 587/587/587 588/588/588
f 583/583/583 584/584/584 585/585/585
f 589/589/589 590/590/590 591/591/591
f 591/591/591 592/592/592 593/593/593
f 597/597/597 598/598/598 599/599/599
f 597/597/597 599/599/599 1072/1072/1072
f 619/619/619 620/620/620 621/621/621
f 620/620/620 622/622/622 623/623/623
f 624/624/624 625/625/625 626/626/626
f 627/627/627 628/628/628 629/629/629
f 631/631/631 632/632/632 633/633/633
f 634/634/634 635/635/635 636/636/636
f 636/636/636 635/635/635 637/637/637
f 653/653/653 654/654/654 655/655/655
f 656/656/656 657/657/657 658/658/658
f 667/667/667 668/668/668 669/669/669
f 671/671/671 672/672/672 673/673/673
f 674/674/674 672/672/672 675/675/675
f 681/681/681 682/682/682 683/683/683
f 689/689/689 690/690/690 691/691/691
f 719/719/719 720/720/720 721/721/721
f 719/719/719 724/724/724 720/720/720
f 727/727/727 728/728/728 729/729/729
f 728/728/728 730/730/730 729/729/729
f 730/730/730 737/737/737 729/729/729
f 731/731/731 732/732/732 733/733/733
f 734/734/734 735/735/735 736/736/736
f 738/738/738 739/739/739 740/740/740
f 743/743/743 742/742/742 738/738/738
f 742/742/742 744/744/744 738/738/738
f 738/738/738 744/744/744 739/739/739
f 744/744/744 745/745/745 739/739/739
f 739/739/739 746/746/746 747/747/747
f 750/750/750 749/749/749 744/744/744
f 749/749/749 751/751/751 744/744/744
f 744/744/744 751/751/751 752/752/752
f 742/742/742 758/758/758 744/744/744
f 758/758/758 750/750/750 744/744/744
f 748/748/748 749/749/749 750/750/750
f 807/807/807 750/750/750 808/808/808
f 806/806/806 805/805/805 807/807/807
f 804/804/804 805/805/805 806/806/806
f 757/757/757 758/758/758 742/742/742
f 758/758/758 809/809/809 810/810/810
f 758/758/758 819/819/819 809/809/809
f 758/758/758 823/823/823 824/824/824
f 741/741/741 742/742/742 743/743/743
f 741/741/741 756/756/756 742/742/742
f 809/809/809 811/811/811 812/812/812
f 812/812/812 811/811/811 813/813/813
f 814/814/814 815/815/815 811/811/811
f 761/761/761 762/762/762 763/763/763
f 828/828/828 826/826/826 761/761/761
f 826/826/826 762/762/762 761/761/761
f 833/833/833 762/762/762 834/834/834
f 834/834/834 762/762/762 826/826/826
f 825/825/825 826/826/826 827/827/827
f 832/832/832 833/833/833 834/834/834
f 764/764/764 765/765/765 766/766/766
f 767/767/767 768/768/768 769/769/769
f 768/768/768 773/773/773 774/774/774
f 775/775/775 773/773/773 776/776/776
f 770/770/770 771/771/771 772/772/772
f 777/777/777 778/778/778 779/779/779
f 777/777/777 1077/1077/1077 1078/1078/1078
f 778/778/778 780/780/780 779/779/779
f 1274/1274/1274 778/778/778 1275/1275/1275
f 779/779/779 780/780/780 781/781/781
f 782/782/782 783/783/783 784/784/784
f 785/785/785 786/786/786 787/787/787
f 788/788/788 789/789/789 790/790/790
f 791/791/791 789/789/789 792/792/792
f 789/789/789 793/793/793 792/792/792
f 792/792/792 793/793/793 794/794/794
f 795/795/795 796/796/796 797/797/797
f 798/798/798 799/799/799 800/800/800
f 801/801/801 802/802/802 803/803/803
f 816/816/816 817/817/817 818/818/818
f 820/820/820 821/821/821 822/822/822
f 829/829/829 830/830/830 831/831/831
f 838/838/838 839/839/839 840/840/840
f 841/841/841 842/842/842 843/843/843
f 843/843/843 849/849/849 841/841/841
f 842/842/842 844/844/844 843/843/843
f 843/843/843 844/844/844 845/845/845
f 846/846/846 847/847/847 848/848/848
f 850/850/850 851/851/851 852/852/852
f 851/851/851 850/850/850 1082/1082/1082
f 982/982/982 983/983/983 851/851/851
f 851/851/851 983/983/983 984/984/984
f 996/996/996 982/982/982 990/990/990
f 990/990/990 982/982/982 988/988/988
f 983/983/983 982/982/982 1083/1083/1083
f 983/983/983 985/985/985 984/984/984
f 984/984/984 985/985/985 986/986/986
f 985/985/985 987/987/987 986/986/986
f 988/988/988 989/989/989 990/990/990
f 989/989/989 928/928/928 990/990/990
f 990/990/990 928/928/928 991/991/991
f 1020/1020/1020 1021/1021/1021 989/989/989
f 1021/1021/1021 1022/1022/1022 989/989/989
f 989/989/989 1022/1022/1022 928/928/928
f 989/989/989 1025/1025/1025 1020/1020/1020
f 1025/1025/1025 1026/1026/1026 1020/1020/1020
f 929/929/929 1024/1024/1024 1025/1025/1025
f 1024/1024/1024 1026/1026/1026 1025/1025/1025
f 928/928/928 929/929/929 923/923/923
f 928/928/928 1023/1023/1023 929/929/929
f 1023/1023/1023 1024/1024/1024 929/929/929
f 922/922/922 923/923/923 924/924/924
f 924/924/924 923/923/923 925/925/925
f 923/923/923 911/911/911 925/925/925
f 922/922/922 928/928/928 923/923/923
f 927/927/927 928/928/928 922/922/922
f 924/924/924 935/935/935 922/922/922
f 934/934/934 935/935/935 924/924/924
f 928/928/928 927/927/927 991/991/991
f 1022/1022/1022 1023/1023/1023 928/928/928
f 991/991/991 927/927/927 992/992/992
f 925/925/925 911/911/911 926/926/926
f 909/909/909 911/911/911 910/910/910
f 909/909/909 914/914/914 911/911/911
f 930/930/930 931/931/931 911/911/911
f 908/908/908 909/909/909 910/910/910
f 908/908/908 910/910/910 1085/1085/1085
f 853/853/853 854/854/854 855/855/855
f 854/854/854 856/856/856 855/855/855
f 961/961/961 854/854/854 962/962/962
f 854/854/854 963/963/963 962/962/962
f 962/962/962 1098/1098/1098 961/961/961
f 962/962/962 963/963/963 964/964/964
f 963/963/963 965/965/965 964/964/964
f 964/964/964 965/965/965 966/966/966
f 857/857/857 858/858/858 859/859/859
f 869/869/869 857/857/857 901/901/901
f 857/857/857 859/859/859 901/901/901
f 858/858/858 860/860/860 859/859/859
f 858/858/858 864/864/864 860/860/860
f 859/859/859 860/860/860 861/861/861
f 860/860/860 862/862/862 861/861/861
f 864/864/864 865/865/865 860/860/860
f 860/860/860 865/865/865 866/866/866
f 861/861/861 862/862/862 863/863/863
f 859/859/859 861/861/861 937/937/937
f 863/863/863 1097/1097/1097 861/861/861
f 859/859/859 937/937/937 938/938/938
f 938/938/938 937/937/937 939/939/939
f 901/901/901 859/859/859 902/902/902
f 859/859/859 903/903/903 902/902/902
f 936/936/936 859/859/859 932/932/932
f 912/912/912 902/902/902 919/919/919
f 919/919/919 902/902/902 920/920/920
f 902/902/902 921/921/921 920/920/920
f 905/905/905 912/912/912 907/907/907
f 912/912/912 913/913/913 907/907/907
f 918/918/918 912/912/912 919/919/919
f 1075/1075/1075 912/912/912 1076/1076/1076
f 904/904/904 905/905/905 906/906/906
f 905/905/905 907/907/907 906/906/906
f 932/932/932 933/933/933 920/920/920
f 920/920/920 1060/1060/1060 932/932/932
f 869/869/869 901/901/901 866/866/866
f 866/866/866 868/868/868 869/869/869
f 865/865/865 867/867/867 866/866/866
f 870/870/870 871/871/871 872/872/872
f 871/871/871 873/873/873 874/874/874
f 875/875/875 876/876/876 877/877/877
f 877/877/877 876/876/876 878/878/878
f 879/879/879 880/880/880 881/881/881
f 880/880/880 882/882/882 881/881/881
f 881/881/881 882/882/882 883/883/883
f 883/883/883 1059/1059/1059 881/881/881
f 884/884/884 885/885/885 886/886/886
f 886/886/886 885/885/885 887/887/887
f 888/888/888 889/889/889 890/890/890
f 890/890/890 889/889/889 891/891/891
f 892/892/892 893/893/893 894/894/894
f 893/893/893 895/895/895 894/894/894
f 896/896/896 897/897/897 898/898/898
f 897/897/897 899/899/899 900/900/900
f 915/915/915 916/916/916 917/917/917
f 940/940/940 941/941/941 942/942/942
f 943/943/943 944/944/944 945/945/945
f 944/944/944 946/946/946 945/945/945
f 947/947/947 948/948/948 949/949/949
f 950/950/950 951/951/951 952/952/952
f 951/951/951 953/953/953 952/952/952
f 952/952/952 953/953/953 954/954/954
f 954/954/954 1058/1058/1058 952/952/952
f 953/953/953 955/955/955 956/956/956
f 957/957/957 958/958/958 959/959/959
f 959/959/959 958/958/958 960/960/960
f 967/967/967 968/968/968 969/969/969
f 969/969/969 968/968/968 970/970/970
f 971/971/971 972/972/972 973/973/973
f 974/974/974 975/975/975 976/976/976
f 1099/1099/1099 1100/1100/1100 974/974/974
f 977/977/977 978/978/978 979/979/979
f 980/980/980 978/978/978 981/981/981
f 993/993/993 994/994/994 995/995/995
f 997/997/997 998/998/998 999/999/999
f 999/999/999 998/998/998 1000/1000/1000
f 1001/1001/1001 1002/1002/1002 1003/1003/1003
f 1001/1001/1001 1003/1003/1003 1067/1067/1067
f 1002/1002/1002 1004/1004/1004 1003/1003/1003
f 1004/1004/1004 1002/1002/1002 1018/1018/1018
f 1018/1018/1018 1002/1002/1002 1019/1019/1019
f 1003/1003/1003 1004/1004/1004 1005/1005/1005
f 1006/1006/1006 1007/1007/1007 1008/1008/1008
f 1007/1007/1007 1009/1009/1009 1008/1008/1008
f 1017/1017/1017 1016/1016/1016 1009/1009/1009
f 1015/1015/1015 1016/1016/1016 1017/1017/1017
f 1010/1010/1010 1011/1011/1011 1012/1012/1012
f 1010/1010/1010 1012/1012/1012 1084/1084/1084
f 1011/1011/1011 1013/1013/1013 1012/1012/1012
f 1012/1012/1012 1013/1013/1013 1014/1014/1014
f 1027/1027/1027 1028/1028/1028 1029/1029/1029
f 1029/1029/1029 1028/1028/1028 1030/1030/1030
f 1031/1031/1031 1032/1032/1032 1033/1033/1033
f 1033/1033/1033 1034/1034/1034 1031/1031/1031
f 1035/1035/1035 1036/1036/1036 1037/1037/1037
f 1035/1035/1035 1037/1037/1037 1068/1068/1068
f 1036/1036/1036 1038/1038/1038 1037/1037/1037
f 1037/1037/1037 1038/1038/1038 1039/1039/1039
f 1040/1040/1040 1041/1041/1041 1042/1042/1042
f 1041/1041/1041 1043/1043/1043 1042/1042/1042
f 1044/1044/1044 1045/1045/1045 1046/1046/1046
f 1045/1045/1045 1047/1047/1047 1046/1046/1046
f 1048/1048/1048 1049/1049/1049 1050/1050/1050
f 1055/1055/1055 1048/1048/1048 1050/1050/1050
f 1051/1051/1051 1052/1052/1052 1053/1053/1053
f 1053/1053/1053 1052/1052/1052 1054/1054/1054
f 1061/1061/1061 1062/1062/1062 1063/1063/1063
f 1079/1079/1079 1080/1080/1080 1081/1081/1081
f 1087/1087/1087 1088/1088/1088 1089/1089/1089
f 1101/1101/1101 1102/1102/1102 1103/1103/1103
f 1103/1103/1103 1102/1102/1102 1104/1104/1104
f 1102/1102/1102 1105/1105/1105 1104/1104/1104
f 1103/1103/1103 1143/1143/1143 1144/1144/1144
f 1144/1144/1144 1143/1143/1143 1145/1145/1145
f 1104/1104/1104 1105/1105/1105 1106/1106/1106
f 1107/1107/1107 1108/1108/1108 1109/1109/1109
f 1123/1123/1123 1108/1108/1108 1107/1107/1107
f 1108/1108/1108 1110/1110/1110 1109/1109/1109
f 1125/1125/1125 1108/1108/1108 1123/1123/1123
f 1109/1109/1109 1110/1110/1110 1111/1111/1111
f 1123/1123/1123 1124/1124/1124 1125/1125/1125
f 1125/1125/1125 1124/1124/1124 1126/1126/1126
f 1112/1112/1112 1113/1113/1113 1114/1114/1114
f 1114/1114/1114 1113/1113/1113 1115/1115/1115
f 1113/1113/1113 1116/1116/1116 1115/1115/1115
f 1115/1115/1115 1116/1116/1116 1117/1117/1117
f 1118/1118/1118 1119/1119/1119 1113/1113/1113
f 1119/1119/1119 1120/1120/1120 1113/1113/1113
f 1113/1113/1113 1121/1121/1121 1122/1122/1122
f 1113/1113/1113 1135/1135/1135 1136/1136/1136
f 1113/1113/1113 1136/1136/1136 1118/1118/1118
f 1135/1135/1135 1137/1137/1137 1136/1136/1136
f 1136/1136/1136 1137/1137/1137 1138/1138/1138
f 1127/1127/1127 1128/1128/1128 1129/1129/1129
f 1129/1129/1129 1128/1128/1128 1130/1130/1130
f 1131/1131/1131 1132/1132/1132 1133/1133/1133
f 1139/1139/1139 1140/1140/1140 1131/1131/1131
f 1133/1133/1133 1132/1132/1132 1134/1134/1134
f 1141/1141/1141 1140/1140/1140 1142/1142/1142
f 1146/1146/1146 1147/1147/1147 1148/1148/1148
f 1149/1149/1149 1150/1150/1150 1151/1151/1151
f 1152/1152/1152 1153/1153/1153 1154/1154/1154
f 1188/1188/1188 1152/1152/1152 1189/1189/1189
f 1189/1189/1189 1152/1152/1152 1154/1154/1154
f 1153/1153/1153 1155/1155/1155 1154/1154/1154
f 1154/1154/1154 1155/1155/1155 1156/1156/1156
f 1155/1155/1155 1157/1157/1157 1156/1156/1156
f 1156/1156/1156 1157/1157/1157 1158/1158/1158
f 1159/1159/1159 1160/1160/1160 1161/1161/1161
f 1201/1201/1201 1159/1159/1159 1202/1202/1202
f 1202/1202/1202 1159/1159/1159 1163/1163/1163
f 1160/1160/1160 1162/1162/1162 1161/1161/1161
f 1163/1163/1163 1162/1162/1162 1164/1164/1164
f 1162/1162/1162 1165/1165/1165 1164/1164/1164
f 1164/1164/1164 1165/1165/1165 1166/1166/1166
f 1200/1200/1200 1201/1201/1201 1202/1202/1202
f 1167/1167/1167 1168/1168/1168 1169/1169/1169
f 1168/1168/1168 1170/1170/1170 1169/1169/1169
f 1170/1170/1170 1174/1174/1174 1175/1175/1175
f 1171/1171/1171 1172/1172/1172 1173/1173/1173
f 1173/1173/1173 1176/1176/1176 1177/1177/1177
f 1178/1178/1178 1179/1179/1179 1180/1180/1180
f 1192/1192/1192 1178/1178/1178 1180/1180/1180
f 1179/1179/1179 1181/1181/1181 1180/1180/1180
f 1180/1180/1180 1181/1181/1181 1182/1182/1182
f 1181/1181/1181 1183/1183/1183 1182/1182/1182
f 1182/1182/1182 1183/1183/1183 1184/1184/1184
f 1190/1190/1190 1191/1191/1191 1192/1192/1192
f 1191/1191/1191 1193/1193/1193 1192/1192/1192
f 1185/1185/1185 1186/1186/1186 1187/1187/1187
f 1194/1194/1194 1195/1195/1195 1196/1196/1196
f 1196/1196/1196 1198/1198/1198 1203/1203/1203
f 1197/1197/1197 1198/1198/1198 1199/1199/1199
f 1203/1203/1203 1198/1198/1198 1204/1204/1204
f 1205/1205/1205 1206/1206/1206 1207/1207/1207
f 1208/1208/1208 1209/1209/1209 1210/1210/1210
f 1258/1258/1258 1210/1210/1210 1213/1213/1213
f 1211/1211/1211 1212/1212/1212 1213/1213/1213
f 1256/1256/1256 1257/1257/1257 1213/1213/1213
f 1214/1214/1214 1215/1215/1215 1216/1216/1216
f 1245/1245/1245 1216/1216/1216 1219/1219/1219
f 1244/1244/1244 1245/1245/1245 1219/1219/1219
f 1217/1217/1217 1218/1218/1218 1219/1219/1219
f 1220/1220/1220 1221/1221/1221 1222/1222/1222
f 1247/1247/1247 1222/1222/1222 1225/1225/1225
f 1246/1246/1246 1247/1247/1247 1225/1225/1225
f 1223/1223/1223 1224/1224/1224 1225/1225/1225
f 1226/1226/1226 1227/1227/1227 1228/1228/1228
f 1249/1249/1249 1228/1228/1228 1231/1231/1231
f 1248/1248/1248 1249/1249/1249 1231/1231/1231
f 1229/1229/1229 1230/1230/1230 1231/1231/1231
f 1232/1232/1232 1233/1233/1233 1234/1234/1234
f 1252/1252/1252 1234/1234/1234 1237/1237/1237
f 1235/1235/1235 1236/1236/1236 1237/1237/1237
f 1250/1250/1250 1251/1251/1251 1237/1237/1237
f 1238/1238/1238 1239/1239/1239 1240/1240/1240
f 1255/1255/1255 1240/1240/1240 1243/1243/1243
f 1241/1241/1241 1242/1242/1242 1243/1243/1243
f 1253/1253/1253 1254/1254/1254 1243/1243/1243
f 1259/1259/1259 1260/1260/1260 1261/1261/1261
f 1262/1262/1262 1263/1263/1263 1264/1264/1264
f 1265/1265/1265 1266/1266/1266 1267/1267/1267
f 1268/1268/1268 1269/1269/1269 1270/1270/1270
f 1271/1271/1271 1272/1272/1272 1273/1273/1273
f 1276/1276/1276 1277/1277/1277 1278/1278/1278
f 1278/1278/1278 1277/1277/1277 1279/1279/1279
