# Mapache -- baked by tools/blend_to_obj.py
# extended OBJ: v x y z r g b a (linear vertex colour)
o Mapache
v 0.600827 0.568510 -0.468191 0.0642 0.0642 0.0642 1.0000
v 0.747235 0.408065 -0.618248 0.0642 0.0642 0.0642 1.0000
v 0.590547 0.496555 -0.713243 0.0642 0.0642 0.0642 1.0000
v 0.000000 0.369343 -1.061956 0.0642 0.0642 0.0642 1.0000
v 0.372808 0.026563 -1.028071 0.0642 0.0642 0.0642 1.0000
v 0.000000 0.026563 -1.162046 0.0642 0.0642 0.0642 1.0000
v 0.000000 0.742050 -0.517952 0.0642 0.0642 0.0642 1.0000
v 0.360375 0.584356 -0.798837 0.0642 0.0642 0.0642 1.0000
v 0.000000 0.632837 -0.872343 0.0642 0.0642 0.0642 1.0000
v 0.335920 0.697588 -0.476538 0.0642 0.0642 0.0642 1.0000
v 0.590547 0.496555 -0.713243 0.0642 0.0642 0.0642 1.0000
v 0.360375 0.584356 -0.798837 0.0642 0.0642 0.0642 1.0000
v 0.382340 -0.209612 -0.926598 1.0000 1.0000 1.0000 1.0000
v 0.000000 -0.416876 -0.833197 1.0000 1.0000 1.0000 1.0000
v 0.000000 -0.216751 -1.040953 1.0000 1.0000 1.0000 1.0000
v 0.613498 -0.191462 -0.816620 1.0000 1.0000 1.0000 1.0000
v 0.391872 -0.402598 -0.738462 1.0000 1.0000 1.0000 1.0000
v 0.382340 -0.209612 -0.926598 1.0000 1.0000 1.0000 1.0000
v 0.140631 -0.229650 0.613642 1.0000 1.0000 1.0000 1.0000
v 0.297325 -0.383718 0.223872 1.0000 1.0000 1.0000 1.0000
v 0.349817 -0.264815 0.330508 1.0000 1.0000 1.0000 1.0000
v 0.325849 0.297654 0.285441 0.0000 0.0000 0.0000 1.0000
v 0.221048 0.497187 0.199699 0.0000 0.0000 0.0000 1.0000
v 0.145607 0.282847 0.355706 0.0000 0.0000 0.0000 1.0000
v 0.659154 -0.306383 0.064463 1.0000 1.0000 1.0000 1.0000
v 0.738232 -0.182781 0.105417 1.0000 1.0000 1.0000 1.0000
v 0.565771 -0.223798 0.226088 1.0000 1.0000 1.0000 1.0000
v 0.000000 -0.279751 0.519005 1.0000 1.0000 1.0000 1.0000
v 0.297325 -0.383718 0.223872 1.0000 1.0000 1.0000 1.0000
v 0.140631 -0.229650 0.613642 1.0000 1.0000 1.0000 1.0000
v 0.607207 -0.103122 0.313286 0.0642 0.0642 0.0642 1.0000
v 0.803402 0.027747 0.168261 0.0642 0.0642 0.0642 1.0000
v 0.568144 0.017553 0.355677 0.0642 0.0642 0.0642 1.0000
v 0.152518 -0.129318 0.727872 0.0642 0.0642 0.0642 1.0000
v 0.357428 0.001448 0.429671 0.0642 0.0642 0.0642 1.0000
v 0.167775 -0.028986 0.790895 0.0642 0.0642 0.0642 1.0000
v 0.568144 0.017553 0.355677 0.0000 0.0000 0.0000 1.0000
v 0.388590 0.189255 0.293280 0.0000 0.0000 0.0000 1.0000
v 0.357428 0.001448 0.429671 0.0000 0.0000 0.0000 1.0000
v 0.656097 0.365531 0.099171 0.0642 0.0642 0.0642 1.0000
v 0.866074 0.350537 -0.189128 0.0642 0.0642 0.0642 1.0000
v 0.793040 0.451763 -0.240961 0.0642 0.0642 0.0642 1.0000
v 0.000000 0.522101 0.229014 0.0642 0.0642 0.0642 1.0000
v 0.213625 0.762213 -0.168830 0.0642 0.0642 0.0642 1.0000
v 0.000000 0.787171 -0.212011 0.0642 0.0642 0.0642 1.0000
v 0.907849 0.193334 0.016532 0.0642 0.0642 0.0642 1.0000
v 0.763463 0.287820 0.080197 0.0642 0.0642 0.0642 1.0000
v 0.822419 0.162550 0.115591 0.0642 0.0642 0.0642 1.0000
v 0.953431 0.209246 -0.361004 0.0642 0.0642 0.0642 1.0000
v 0.866074 0.350537 -0.189128 0.0642 0.0642 0.0642 1.0000
v 1.004587 0.266024 -0.172661 0.0642 0.0642 0.0642 1.0000
v 0.940340 -0.061715 -0.000859 0.0642 0.0642 0.0642 1.0000
v 0.803402 0.027747 0.168261 0.0642 0.0642 0.0642 1.0000
v 0.804909 -0.077517 0.141930 0.0642 0.0642 0.0642 1.0000
v 1.018659 0.082403 -0.353999 0.0642 0.0642 0.0642 1.0000
v 1.077478 -0.042710 -0.153663 0.0642 0.0642 0.0642 1.0000
v 0.970648 -0.078436 -0.343086 0.0642 0.0642 0.0642 1.0000
v 0.221048 0.497187 0.199699 0.0642 0.0642 0.0642 1.0000
v 0.538460 0.610499 -0.168830 0.0642 0.0642 0.0642 1.0000
v 0.213625 0.762213 -0.168830 0.0642 0.0642 0.0642 1.0000
v 0.111084 0.106899 0.748857 0.0642 0.0642 0.0642 1.0000
v 0.254746 0.174705 0.396460 0.0642 0.0642 0.0642 1.0000
v 0.145607 0.282847 0.355706 0.0642 0.0642 0.0642 1.0000
v 0.502492 -0.366163 0.093471 1.0000 1.0000 1.0000 1.0000
v 0.297325 -0.383718 0.223872 1.0000 1.0000 1.0000 1.0000
v 0.369950 -0.420366 0.082886 1.0000 1.0000 1.0000 1.0000
v 0.611876 -0.405027 -0.143565 1.0000 1.0000 1.0000 1.0000
v 0.494470 -0.448736 -0.419691 1.0000 1.0000 1.0000 1.0000
v 0.661804 -0.398469 -0.378762 1.0000 1.0000 1.0000 1.0000
v 0.793040 0.451763 -0.240961 0.0642 0.0642 0.0642 1.0000
v 0.874632 0.353562 -0.375715 0.0642 0.0642 0.0642 1.0000
v 0.755681 0.446747 -0.432004 0.0642 0.0642 0.0642 1.0000
v 0.754319 -0.161830 -0.709707 0.0642 0.0642 0.0642 1.0000
v 0.861612 0.026563 -0.662046 0.0642 0.0642 0.0642 1.0000
v 0.865687 -0.127497 -0.630254 0.0642 0.0642 0.0642 1.0000
v 0.594500 0.277708 -0.865304 0.0642 0.0642 0.0642 1.0000
v 0.372808 0.026563 -1.028071 0.0642 0.0642 0.0642 1.0000
v 0.369061 0.340269 -0.970475 0.0642 0.0642 0.0642 1.0000
v 0.784512 -0.338929 -0.348291 1.0000 1.0000 1.0000 1.0000
v 0.844157 -0.238368 -0.511799 1.0000 1.0000 1.0000 1.0000
v 0.876817 -0.255447 -0.326520 1.0000 1.0000 1.0000 1.0000
v 1.077478 -0.042710 -0.153663 0.0642 0.0642 0.0642 1.0000
v 0.945000 0.071266 0.013181 0.0642 0.0642 0.0642 1.0000
v 0.940340 -0.061715 -0.000859 0.0642 0.0642 0.0642 1.0000
v 0.866074 0.350537 -0.189128 0.0642 0.0642 0.0642 1.0000
v 0.907849 0.193334 0.016532 0.0642 0.0642 0.0642 1.0000
v 1.004587 0.266024 -0.172661 0.0642 0.0642 0.0642 1.0000
v 0.145607 0.282847 0.355706 0.0642 0.0642 0.0642 1.0000
v 0.000000 0.522101 0.229014 0.0642 0.0642 0.0642 1.0000
v 0.000000 0.317964 0.366474 0.0642 0.0642 0.0642 1.0000
v 0.851180 0.185962 -0.612219 0.0642 0.0642 0.0642 1.0000
v 1.018659 0.082403 -0.353999 0.0642 0.0642 0.0642 1.0000
v 0.861612 0.026563 -0.662046 0.0642 0.0642 0.0642 1.0000
v 0.765546 -0.346830 -0.143565 1.0000 1.0000 1.0000 1.0000
v 0.828581 -0.222787 -0.010948 1.0000 1.0000 1.0000 1.0000
v 0.659154 -0.306383 0.064463 1.0000 1.0000 1.0000 1.0000
v 0.613498 -0.191462 -0.816620 0.0642 0.0642 0.0642 1.0000
v 0.749213 0.026563 -0.755334 0.0642 0.0642 0.0642 1.0000
v 0.754319 -0.161830 -0.709707 0.0642 0.0642 0.0642 1.0000
v 0.611876 -0.405027 -0.143565 1.0000 1.0000 1.0000 1.0000
v 0.659154 -0.306383 0.064463 1.0000 1.0000 1.0000 1.0000
v 0.502492 -0.366163 0.093471 1.0000 1.0000 1.0000 1.0000
v 0.390417 0.332484 0.229690 0.0000 0.0000 0.0000 1.0000
v 0.502569 0.424778 0.147653 0.0000 0.0000 0.0000 1.0000
v 0.221048 0.497187 0.199699 0.0000 0.0000 0.0000 1.0000
v 0.661804 -0.398469 -0.378762 1.0000 1.0000 1.0000 1.0000
v 0.733821 -0.307035 -0.577417 1.0000 1.0000 1.0000 1.0000
v 0.784512 -0.338929 -0.348291 1.0000 1.0000 1.0000 1.0000
v 0.525804 0.271798 0.170462 0.0000 0.0000 0.0000 1.0000
v 0.502569 0.424778 0.147653 0.0000 0.0000 0.0000 1.0000
v 0.468488 0.325849 0.183625 0.0000 0.0000 0.0000 1.0000
v 0.701639 0.504176 -0.362673 0.0642 0.0642 0.0642 1.0000
v 0.793066 0.680929 -0.223664 0.0642 0.0642 0.0642 1.0000
v 0.793040 0.451763 -0.240961 0.0642 0.0642 0.0642 1.0000
v 0.656097 0.365531 0.099171 0.0642 0.0642 0.0642 1.0000
v 0.538460 0.610499 -0.168830 0.0642 0.0642 0.0642 1.0000
v 0.502569 0.424778 0.147653 0.0642 0.0642 0.0642 1.0000
v 0.376775 -0.131684 0.402493 0.0642 0.0642 0.0642 1.0000
v 0.568144 0.017553 0.355677 0.0642 0.0642 0.0642 1.0000
v 0.357428 0.001448 0.429671 0.0642 0.0642 0.0642 1.0000
v 0.502492 -0.366163 0.093471 1.0000 1.0000 1.0000 1.0000
v 0.565771 -0.223798 0.226088 1.0000 1.0000 1.0000 1.0000
v 0.349817 -0.264815 0.330508 1.0000 1.0000 1.0000 1.0000
v 0.516309 0.219302 0.186937 0.0000 0.0000 0.0000 1.0000
v 0.822419 0.162550 0.115591 0.0000 0.0000 0.0000 1.0000
v 0.763463 0.287820 0.080197 0.0000 0.0000 0.0000 1.0000
v 0.803402 0.027747 0.168261 0.0000 0.0000 0.0000 1.0000
v 0.822419 0.162550 0.115591 0.0000 0.0000 0.0000 1.0000
v 0.516309 0.219302 0.186937 0.0000 0.0000 0.0000 1.0000
v 0.388590 0.189255 0.293280 0.0000 0.0000 0.0000 1.0000
v 0.254746 0.174705 0.396460 0.0000 0.0000 0.0000 1.0000
v 0.357428 0.001448 0.429671 0.0000 0.0000 0.0000 1.0000
v 0.000000 -0.143306 0.824518 0.0642 0.0642 0.0642 1.0000
v 0.167775 -0.028986 0.790895 0.0642 0.0642 0.0642 1.0000
v 0.000000 -0.056962 0.895725 0.0642 0.0642 0.0642 1.0000
v 0.145607 0.282847 0.355706 0.0000 0.0000 0.0000 1.0000
v 0.297671 0.210703 0.316806 0.0000 0.0000 0.0000 1.0000
v 0.325849 0.297654 0.285441 0.0000 0.0000 0.0000 1.0000
v 0.000000 0.124760 0.842073 0.0000 0.0000 0.0000 1.0000
v 0.171095 0.038520 0.803531 0.0000 0.0000 0.0000 1.0000
v 0.111084 0.106899 0.748857 0.0000 0.0000 0.0000 1.0000
v 0.111084 0.106899 0.748857 0.0642 0.0642 0.0642 1.0000
v 0.000000 0.317964 0.366474 0.0642 0.0642 0.0642 1.0000
v 0.000000 0.124760 0.842073 0.0642 0.0642 0.0642 1.0000
v 0.000000 0.041677 0.908253 0.0000 0.0000 0.0000 1.0000
v 0.167775 -0.028986 0.790895 0.0000 0.0000 0.0000 1.0000
v 0.171095 0.038520 0.803531 0.0000 0.0000 0.0000 1.0000
v 0.608949 0.026563 -0.893083 0.0642 0.0642 0.0642 1.0000
v 0.744504 0.216788 -0.730443 0.0642 0.0642 0.0642 1.0000
v 0.749213 0.026563 -0.755334 0.0642 0.0642 0.0642 1.0000
v 0.661804 -0.398469 -0.378762 1.0000 1.0000 1.0000 1.0000
v 0.765546 -0.346830 -0.143565 1.0000 1.0000 1.0000 1.0000
v 0.611876 -0.405027 -0.143565 1.0000 1.0000 1.0000 1.0000
v 0.765546 -0.346830 -0.143565 1.0000 1.0000 1.0000 1.0000
v 0.876817 -0.255447 -0.326520 1.0000 1.0000 1.0000 1.0000
v 0.884930 -0.259580 -0.143565 1.0000 1.0000 1.0000 1.0000
v 0.744504 0.216788 -0.730443 0.0642 0.0642 0.0642 1.0000
v 0.861612 0.026563 -0.662046 0.0642 0.0642 0.0642 1.0000
v 0.749213 0.026563 -0.755334 0.0642 0.0642 0.0642 1.0000
v 0.618046 -0.366299 -0.653494 1.0000 1.0000 1.0000 1.0000
v 0.494470 -0.448736 -0.419691 1.0000 1.0000 1.0000 1.0000
v 0.391872 -0.402598 -0.738462 1.0000 1.0000 1.0000 1.0000
v 0.861612 0.026563 -0.662046 0.0642 0.0642 0.0642 1.0000
v 0.970648 -0.078436 -0.343086 0.0642 0.0642 0.0642 1.0000
v 0.865687 -0.127497 -0.630254 0.0642 0.0642 0.0642 1.0000
v 0.755681 0.446747 -0.432004 0.0642 0.0642 0.0642 1.0000
v 0.826156 0.324048 -0.532980 0.0642 0.0642 0.0642 1.0000
v 0.747235 0.408065 -0.618248 0.0642 0.0642 0.0642 1.0000
v 0.213625 0.762213 -0.168830 0.0642 0.0642 0.0642 1.0000
v 0.000000 0.742050 -0.517952 0.0642 0.0642 0.0642 1.0000
v 0.000000 0.787171 -0.212011 0.0642 0.0642 0.0642 1.0000
v 0.385398 0.701658 -0.393556 0.0642 0.0642 0.0642 1.0000
v 0.644747 0.798569 -0.419197 0.0642 0.0642 0.0642 1.0000
v 0.600827 0.568510 -0.468191 0.0642 0.0642 0.0642 1.0000
v 0.349861 0.785957 -0.172314 0.0642 0.0642 0.0642 1.0000
v 0.406371 0.962218 -0.173259 0.0642 0.0642 0.0642 1.0000
v 0.213625 0.762213 -0.168830 0.0642 0.0642 0.0642 1.0000
v 0.406371 0.962218 -0.173259 0.0642 0.0642 0.0642 1.0000
v 0.750372 1.231404 -0.179914 0.0642 0.0642 0.0642 1.0000
v 0.485797 0.886549 -0.342356 0.0642 0.0642 0.0642 1.0000
v 0.406371 0.962218 -0.173259 0.0642 0.0642 0.0642 1.0000
v 0.468107 0.905512 -0.173480 0.0642 0.0642 0.0642 1.0000
v 0.582933 0.988287 -0.174184 0.0642 0.0642 0.0642 1.0000
v 0.793066 0.680929 -0.223664 0.0642 0.0642 0.0642 1.0000
v 0.724426 0.591977 -0.207983 0.0642 0.0642 0.0642 1.0000
v 0.793040 0.451763 -0.240961 0.0642 0.0642 0.0642 1.0000
v 0.600827 0.568510 -0.468191 0.0642 0.0642 0.0642 1.0000
v 0.335920 0.697588 -0.476538 0.0642 0.0642 0.0642 1.0000
v 0.385398 0.701658 -0.393556 0.0642 0.0642 0.0642 1.0000
v 0.793040 0.451763 -0.240961 0.0642 0.0642 0.0642 1.0000
v 0.755681 0.446747 -0.432004 0.0642 0.0642 0.0642 1.0000
v 0.701639 0.504176 -0.362673 0.0642 0.0642 0.0642 1.0000
v 0.716947 0.898175 -0.184560 0.0642 0.0642 0.0642 1.0000
v 0.793066 0.680929 -0.223664 0.0642 0.0642 0.0642 1.0000
v 0.750372 1.231404 -0.179914 0.0642 0.0642 0.0642 1.0000
v 0.538460 0.610499 -0.168830 0.0642 0.0642 0.0642 1.0000
v 0.724426 0.591977 -0.207983 0.0642 0.0642 0.0642 1.0000
v 0.563902 0.672772 -0.171148 0.0642 0.0642 0.0642 1.0000
v 0.349861 0.785957 -0.172314 0.0642 0.0642 0.0642 1.0000
v 0.538460 0.610499 -0.168830 0.0642 0.0642 0.0642 1.0000
v 0.563902 0.672772 -0.171148 0.0642 0.0642 0.0642 1.0000
v 0.468107 0.905512 -0.173480 0.0000 0.0000 0.0000 1.0000
v 0.586134 0.965161 -0.225654 0.0000 0.0000 0.0000 1.0000
v 0.582933 0.988287 -0.174184 0.0000 0.0000 0.0000 1.0000
v 0.644747 0.798569 -0.419197 0.0642 0.0642 0.0642 1.0000
v 0.750372 1.231404 -0.179914 0.0642 0.0642 0.0642 1.0000
v 0.728623 0.725852 -0.339678 0.0642 0.0642 0.0642 1.0000
v 0.369061 0.340269 -0.970475 0.0642 0.0642 0.0642 1.0000
v 0.590547 0.496555 -0.713243 0.0642 0.0642 0.0642 1.0000
v 0.594500 0.277708 -0.865304 0.0642 0.0642 0.0642 1.0000
v 0.369061 0.340269 -0.970475 0.0642 0.0642 0.0642 1.0000
v 0.000000 0.632837 -0.872343 0.0642 0.0642 0.0642 1.0000
v 0.360375 0.584356 -0.798837 0.0642 0.0642 0.0642 1.0000
v 0.594500 0.277708 -0.865304 0.0642 0.0642 0.0642 1.0000
v 0.747235 0.408065 -0.618248 0.0642 0.0642 0.0642 1.0000
v 0.744504 0.216788 -0.730443 0.0642 0.0642 0.0642 1.0000
v 0.744504 0.216788 -0.730443 0.0642 0.0642 0.0642 1.0000
v 0.826156 0.324048 -0.532980 0.0642 0.0642 0.0642 1.0000
v 0.851180 0.185962 -0.612219 0.0642 0.0642 0.0642 1.0000
v 0.826156 0.324048 -0.532980 0.0642 0.0642 0.0642 1.0000
v 0.953431 0.209246 -0.361004 0.0642 0.0642 0.0642 1.0000
v 0.851180 0.185962 -0.612219 0.0642 0.0642 0.0642 1.0000
v 1.018659 0.082403 -0.353999 0.0642 0.0642 0.0642 1.0000
v 1.004587 0.266024 -0.172661 0.0642 0.0642 0.0642 1.0000
v 1.164991 0.204468 -0.159790 0.0642 0.0642 0.0642 1.0000
v 1.004587 0.266024 -0.172661 0.0642 0.0642 0.0642 1.0000
v 0.945000 0.071266 0.013181 0.0642 0.0642 0.0642 1.0000
v 1.164991 0.204468 -0.159790 0.0642 0.0642 0.0642 1.0000
v 0.945000 0.071266 0.013181 0.0642 0.0642 0.0642 1.0000
v 0.822419 0.162550 0.115591 0.0642 0.0642 0.0642 1.0000
v 0.803402 0.027747 0.168261 0.0642 0.0642 0.0642 1.0000
v 0.728623 0.725852 -0.339678 0.0642 0.0642 0.0642 1.0000
v 0.600827 0.568510 -0.468191 0.0642 0.0642 0.0642 1.0000
v 0.644747 0.798569 -0.419197 0.0642 0.0642 0.0642 1.0000
v 0.728623 0.725852 -0.339678 0.0642 0.0642 0.0642 1.0000
v 0.750372 1.231404 -0.179914 0.0642 0.0642 0.0642 1.0000
v 0.793066 0.680929 -0.223664 0.0642 0.0642 0.0642 1.0000
v 0.701639 0.504176 -0.362673 0.0642 0.0642 0.0642 1.0000
v 0.755681 0.446747 -0.432004 0.0642 0.0642 0.0642 1.0000
v 0.600827 0.568510 -0.468191 0.0642 0.0642 0.0642 1.0000
v 0.385398 0.701658 -0.393556 0.0642 0.0642 0.0642 1.0000
v 0.335920 0.697588 -0.476538 0.0642 0.0642 0.0642 1.0000
v 0.213625 0.762213 -0.168830 0.0642 0.0642 0.0642 1.0000
v 0.485797 0.886549 -0.342356 0.0642 0.0642 0.0642 1.0000
v 0.750372 1.231404 -0.179914 0.0642 0.0642 0.0642 1.0000
v 0.644747 0.798569 -0.419197 0.0642 0.0642 0.0642 1.0000
v 0.485797 0.886549 -0.342356 0.0642 0.0642 0.0642 1.0000
v 0.213625 0.762213 -0.168830 0.0642 0.0642 0.0642 1.0000
v 0.406371 0.962218 -0.173259 0.0642 0.0642 0.0642 1.0000
v 0.844157 -0.238368 -0.511799 1.0000 1.0000 1.0000 1.0000
v 0.970648 -0.078436 -0.343086 1.0000 1.0000 1.0000 1.0000
v 0.876817 -0.255447 -0.326520 1.0000 1.0000 1.0000 1.0000
v 0.000000 -0.229650 0.702102 1.0000 1.0000 1.0000 1.0000
v 0.152518 -0.129318 0.727872 1.0000 1.0000 1.0000 1.0000
v 0.000000 -0.143306 0.824518 1.0000 1.0000 1.0000 1.0000
v 0.565771 -0.223798 0.226088 1.0000 1.0000 1.0000 1.0000
v 0.376775 -0.131684 0.402493 1.0000 1.0000 1.0000 1.0000
v 0.349817 -0.264815 0.330508 1.0000 1.0000 1.0000 1.0000
v 0.618046 -0.366299 -0.653494 1.0000 1.0000 1.0000 1.0000
v 0.754319 -0.161830 -0.709707 1.0000 1.0000 1.0000 1.0000
v 0.733821 -0.307035 -0.577417 1.0000 1.0000 1.0000 1.0000
v 0.884930 -0.259580 -0.143565 1.0000 1.0000 1.0000 1.0000
v 0.940340 -0.061715 -0.000859 1.0000 1.0000 1.0000 1.0000
v 0.828581 -0.222787 -0.010948 1.0000 1.0000 1.0000 1.0000
v 0.733821 -0.307035 -0.577417 1.0000 1.0000 1.0000 1.0000
v 0.865687 -0.127497 -0.630254 1.0000 1.0000 1.0000 1.0000
v 0.844157 -0.238368 -0.511799 1.0000 1.0000 1.0000 1.0000
v 0.970648 -0.078436 -0.343086 1.0000 1.0000 1.0000 1.0000
v 0.884930 -0.259580 -0.143565 1.0000 1.0000 1.0000 1.0000
v 0.876817 -0.255447 -0.326520 1.0000 1.0000 1.0000 1.0000
v 0.828581 -0.222787 -0.010948 1.0000 1.0000 1.0000 1.0000
v 0.804909 -0.077517 0.141930 1.0000 1.0000 1.0000 1.0000
v 0.738232 -0.182781 0.105417 1.0000 1.0000 1.0000 1.0000
v 0.738232 -0.182781 0.105417 1.0000 1.0000 1.0000 1.0000
v 0.607207 -0.103122 0.313286 1.0000 1.0000 1.0000 1.0000
v 0.565771 -0.223798 0.226088 1.0000 1.0000 1.0000 1.0000
v 0.357428 0.001448 0.429671 0.0642 0.0642 0.0642 1.0000
v 0.171095 0.038520 0.803531 0.0642 0.0642 0.0642 1.0000
v 0.167775 -0.028986 0.790895 0.0642 0.0642 0.0642 1.0000
v 0.608949 0.026563 -0.893083 0.0642 0.0642 0.0642 1.0000
v 0.382340 -0.209612 -0.926598 0.0642 0.0642 0.0642 1.0000
v 0.372808 0.026563 -1.028071 0.0642 0.0642 0.0642 1.0000
v 0.372808 0.026563 -1.028071 0.0642 0.0642 0.0642 1.0000
v 0.000000 -0.216751 -1.040953 0.0642 0.0642 0.0642 1.0000
v 0.000000 0.026563 -1.162046 0.0642 0.0642 0.0642 1.0000
v 0.502492 -0.366163 0.093471 1.0000 1.0000 1.0000 1.0000
v 0.464109 -0.471222 -0.143565 1.0000 1.0000 1.0000 1.0000
v 0.611876 -0.405027 -0.143565 1.0000 1.0000 1.0000 1.0000
v 0.494470 -0.448736 -0.419691 1.0000 1.0000 1.0000 1.0000
v 0.000000 -0.521323 -0.176120 1.0000 1.0000 1.0000 1.0000
v 0.000000 -0.498838 -0.452246 1.0000 1.0000 1.0000 1.0000
v 0.391872 -0.402598 -0.738462 1.0000 1.0000 1.0000 1.0000
v 0.000000 -0.498838 -0.452246 1.0000 1.0000 1.0000 1.0000
v 0.000000 -0.416876 -0.833197 1.0000 1.0000 1.0000 1.0000
v 0.140631 -0.229650 0.613642 1.0000 1.0000 1.0000 1.0000
v 0.000000 -0.266556 0.615712 1.0000 1.0000 1.0000 1.0000
v 0.000000 -0.279751 0.519005 1.0000 1.0000 1.0000 1.0000
v 0.297325 -0.383718 0.223872 1.0000 1.0000 1.0000 1.0000
v 0.000000 -0.469340 0.078925 1.0000 1.0000 1.0000 1.0000
v 0.369950 -0.420366 0.082886 1.0000 1.0000 1.0000 1.0000
v 0.369950 -0.420366 0.082886 1.0000 1.0000 1.0000 1.0000
v 0.000000 -0.521323 -0.176120 1.0000 1.0000 1.0000 1.0000
v 0.464109 -0.471222 -0.143565 1.0000 1.0000 1.0000 1.0000
v 0.488250 0.894599 -0.225055 0.0000 0.0000 0.0000 1.0000
v 0.387452 0.792685 -0.224061 0.0000 0.0000 0.0000 1.0000
v 0.569911 0.696201 -0.223066 0.0000 0.0000 0.0000 1.0000
v 0.563902 0.672772 -0.171148 0.0000 0.0000 0.0000 1.0000
v 0.706749 0.627327 -0.254466 0.0000 0.0000 0.0000 1.0000
v 0.569911 0.696201 -0.223066 0.0000 0.0000 0.0000 1.0000
v 0.582933 0.988287 -0.174184 0.0000 0.0000 0.0000 1.0000
v 0.685881 1.027308 -0.228377 0.0000 0.0000 0.0000 1.0000
v 0.699946 1.061191 -0.177378 0.0000 0.0000 0.0000 1.0000
v 0.563902 0.672772 -0.171148 0.0000 0.0000 0.0000 1.0000
v 0.387452 0.792685 -0.224061 0.0000 0.0000 0.0000 1.0000
v 0.349861 0.785957 -0.172314 0.0000 0.0000 0.0000 1.0000
v 0.468107 0.905512 -0.173480 0.0000 0.0000 0.0000 1.0000
v 0.387452 0.792685 -0.224061 0.0000 0.0000 0.0000 1.0000
v 0.488250 0.894599 -0.225055 0.0000 0.0000 0.0000 1.0000
v 0.716947 0.898175 -0.184560 0.0000 0.0000 0.0000 1.0000
v 0.685881 1.027308 -0.228377 0.0000 0.0000 0.0000 1.0000
v 0.700374 0.888345 -0.234500 0.0000 0.0000 0.0000 1.0000
v 0.730873 0.748570 -0.196405 0.0000 0.0000 0.0000 1.0000
v 0.700374 0.888345 -0.234500 0.0000 0.0000 0.0000 1.0000
v 0.712245 0.760814 -0.244596 0.0000 0.0000 0.0000 1.0000
v 0.730873 0.748570 -0.196405 0.0000 0.0000 0.0000 1.0000
v 0.706749 0.627327 -0.254466 0.0000 0.0000 0.0000 1.0000
v 0.724426 0.591977 -0.207983 0.0000 0.0000 0.0000 1.0000
v 0.516309 0.219302 0.186937 1.0000 1.0000 1.0000 1.0000
v 0.441719 0.208112 0.207264 1.0000 1.0000 1.0000 1.0000
v 0.454638 0.189890 0.242491 1.0000 1.0000 1.0000 1.0000
v 0.334518 0.282679 0.249254 1.0000 1.0000 1.0000 1.0000
v 0.381547 0.207258 0.254587 1.0000 1.0000 1.0000 1.0000
v 0.390241 0.312735 0.200575 1.0000 1.0000 1.0000 1.0000
v 0.454638 0.189890 0.242491 1.0000 1.0000 1.0000 1.0000
v 0.381547 0.207258 0.254587 1.0000 1.0000 1.0000 1.0000
v 0.388590 0.189255 0.293280 1.0000 1.0000 1.0000 1.0000
v 0.525804 0.271798 0.170462 1.0000 1.0000 1.0000 1.0000
v 0.493349 0.233496 0.159233 1.0000 1.0000 1.0000 1.0000
v 0.516309 0.219302 0.186937 1.0000 1.0000 1.0000 1.0000
v 0.468488 0.325849 0.183625 1.0000 1.0000 1.0000 1.0000
v 0.490808 0.263072 0.158348 1.0000 1.0000 1.0000 1.0000
v 0.525804 0.271798 0.170462 1.0000 1.0000 1.0000 1.0000
v 0.388590 0.189255 0.293280 1.0000 1.0000 1.0000 1.0000
v 0.315828 0.222873 0.265030 1.0000 1.0000 1.0000 1.0000
v 0.297671 0.210703 0.316806 1.0000 1.0000 1.0000 1.0000
v 0.468488 0.325849 0.183625 1.0000 1.0000 1.0000 1.0000
v 0.390241 0.312735 0.200575 1.0000 1.0000 1.0000 1.0000
v 0.457566 0.306926 0.160693 1.0000 1.0000 1.0000 1.0000
v 0.325849 0.297654 0.285441 1.0000 1.0000 1.0000 1.0000
v 0.315828 0.222873 0.265030 1.0000 1.0000 1.0000 1.0000
v 0.334518 0.282679 0.249254 1.0000 1.0000 1.0000 1.0000
v 0.390417 0.332484 0.229690 1.0000 1.0000 1.0000 1.0000
v 0.334518 0.282679 0.249254 1.0000 1.0000 1.0000 1.0000
v 0.390241 0.312735 0.200575 1.0000 1.0000 1.0000 1.0000
v 0.140631 -0.229650 0.613642 1.0000 1.0000 1.0000 1.0000
v 0.376775 -0.131684 0.402493 1.0000 1.0000 1.0000 1.0000
v 0.152518 -0.129318 0.727872 1.0000 1.0000 1.0000 1.0000
v 0.490808 0.263072 0.158348 1.0000 1.0000 1.0000 1.0000
v 0.441719 0.208112 0.207264 1.0000 1.0000 1.0000 1.0000
v 0.493349 0.233496 0.159233 1.0000 1.0000 1.0000 1.0000
v 0.390241 0.312735 0.200575 1.0000 1.0000 1.0000 1.0000
v 0.441719 0.208112 0.207264 1.0000 1.0000 1.0000 1.0000
v 0.457566 0.306926 0.160693 1.0000 1.0000 1.0000 1.0000
v -0.747235 0.408065 -0.618248 0.0642 0.0642 0.0642 1.0000
v -0.600827 0.568510 -0.468191 0.0642 0.0642 0.0642 1.0000
v -0.590547 0.496555 -0.713243 0.0642 0.0642 0.0642 1.0000
v 0.000000 0.369343 -1.061956 0.0642 0.0642 0.0642 1.0000
v -0.372808 0.026563 -1.028071 0.0642 0.0642 0.0642 1.0000
v -0.369061 0.340269 -0.970475 0.0642 0.0642 0.0642 1.0000
v 0.000000 0.742050 -0.517952 0.0642 0.0642 0.0642 1.0000
v -0.360375 0.584356 -0.798837 0.0642 0.0642 0.0642 1.0000
v -0.335920 0.697588 -0.476538 0.0642 0.0642 0.0642 1.0000
v -0.335920 0.697588 -0.476538 0.0642 0.0642 0.0642 1.0000
v -0.590547 0.496555 -0.713243 0.0642 0.0642 0.0642 1.0000
v -0.600827 0.568510 -0.468191 0.0642 0.0642 0.0642 1.0000
v 0.000000 -0.416876 -0.833197 1.0000 1.0000 1.0000 1.0000
v -0.382340 -0.209612 -0.926598 1.0000 1.0000 1.0000 1.0000
v 0.000000 -0.216751 -1.040953 1.0000 1.0000 1.0000 1.0000
v -0.391872 -0.402598 -0.738462 1.0000 1.0000 1.0000 1.0000
v -0.613498 -0.191462 -0.816620 1.0000 1.0000 1.0000 1.0000
v -0.382340 -0.209612 -0.926598 1.0000 1.0000 1.0000 1.0000
v -0.140631 -0.229650 0.613642 1.0000 1.0000 1.0000 1.0000
v -0.349817 -0.264815 0.330508 1.0000 1.0000 1.0000 1.0000
v -0.297325 -0.383718 0.223872 1.0000 1.0000 1.0000 1.0000
v -0.221048 0.497187 0.199699 0.0000 0.0000 0.0000 1.0000
v -0.325849 0.297654 0.285441 0.0000 0.0000 0.0000 1.0000
v -0.145607 0.282847 0.355706 0.0000 0.0000 0.0000 1.0000
v -0.659154 -0.306383 0.064463 1.0000 1.0000 1.0000 1.0000
v -0.738232 -0.182781 0.105417 1.0000 1.0000 1.0000 1.0000
v -0.828581 -0.222787 -0.010948 1.0000 1.0000 1.0000 1.0000
v -0.297325 -0.383718 0.223872 1.0000 1.0000 1.0000 1.0000
v 0.000000 -0.279751 0.519005 1.0000 1.0000 1.0000 1.0000
v -0.140631 -0.229650 0.613642 1.0000 1.0000 1.0000 1.0000
v -0.607207 -0.103122 0.313286 0.0642 0.0642 0.0642 1.0000
v -0.803402 0.027747 0.168261 0.0642 0.0642 0.0642 1.0000
v -0.804909 -0.077517 0.141930 0.0642 0.0642 0.0642 1.0000
v -0.152518 -0.129318 0.727872 0.0642 0.0642 0.0642 1.0000
v -0.357428 0.001448 0.429671 0.0642 0.0642 0.0642 1.0000
v -0.376775 -0.131684 0.402493 0.0642 0.0642 0.0642 1.0000
v -0.388590 0.189255 0.293280 0.0000 0.0000 0.0000 1.0000
v -0.568144 0.017553 0.355677 0.0000 0.0000 0.0000 1.0000
v -0.357428 0.001448 0.429671 0.0000 0.0000 0.0000 1.0000
v -0.656097 0.365531 0.099171 0.0642 0.0642 0.0642 1.0000
v -0.866074 0.350537 -0.189128 0.0642 0.0642 0.0642 1.0000
v -0.763463 0.287820 0.080197 0.0642 0.0642 0.0642 1.0000
v 0.000000 0.522101 0.229014 0.0642 0.0642 0.0642 1.0000
v -0.213625 0.762213 -0.168830 0.0642 0.0642 0.0642 1.0000
v -0.221048 0.497187 0.199699 0.0642 0.0642 0.0642 1.0000
v -0.907849 0.193334 0.016532 0.0642 0.0642 0.0642 1.0000
v -0.822419 0.162550 0.115591 0.0642 0.0642 0.0642 1.0000
v -0.763463 0.287820 0.080197 0.0642 0.0642 0.0642 1.0000
v -0.953431 0.209246 -0.361004 0.0642 0.0642 0.0642 1.0000
v -0.866074 0.350537 -0.189128 0.0642 0.0642 0.0642 1.0000
v -0.874632 0.353562 -0.375715 0.0642 0.0642 0.0642 1.0000
v -0.940340 -0.061715 -0.000859 0.0642 0.0642 0.0642 1.0000
v -0.803402 0.027747 0.168261 0.0642 0.0642 0.0642 1.0000
v -0.945000 0.071266 0.013181 0.0642 0.0642 0.0642 1.0000
v -1.077478 -0.042710 -0.153663 0.0642 0.0642 0.0642 1.0000
v -1.018659 0.082403 -0.353999 0.0642 0.0642 0.0642 1.0000
v -0.970648 -0.078436 -0.343086 0.0642 0.0642 0.0642 1.0000
v -0.221048 0.497187 0.199699 0.0642 0.0642 0.0642 1.0000
v -0.538460 0.610499 -0.168830 0.0642 0.0642 0.0642 1.0000
v -0.502569 0.424778 0.147653 0.0642 0.0642 0.0642 1.0000
v -0.111084 0.106899 0.748857 0.0642 0.0642 0.0642 1.0000
v -0.254746 0.174705 0.396460 0.0642 0.0642 0.0642 1.0000
v -0.171095 0.038520 0.803531 0.0642 0.0642 0.0642 1.0000
v -0.502492 -0.366163 0.093471 1.0000 1.0000 1.0000 1.0000
v -0.297325 -0.383718 0.223872 1.0000 1.0000 1.0000 1.0000
v -0.349817 -0.264815 0.330508 1.0000 1.0000 1.0000 1.0000
v -0.494470 -0.448736 -0.419691 1.0000 1.0000 1.0000 1.0000
v -0.611876 -0.405027 -0.143565 1.0000 1.0000 1.0000 1.0000
v -0.661804 -0.398469 -0.378762 1.0000 1.0000 1.0000 1.0000
v -0.874632 0.353562 -0.375715 0.0642 0.0642 0.0642 1.0000
v -0.793040 0.451763 -0.240961 0.0642 0.0642 0.0642 1.0000
v -0.755681 0.446747 -0.432004 0.0642 0.0642 0.0642 1.0000
v -0.754319 -0.161830 -0.709707 0.0642 0.0642 0.0642 1.0000
v -0.861612 0.026563 -0.662046 0.0642 0.0642 0.0642 1.0000
v -0.749213 0.026563 -0.755334 0.0642 0.0642 0.0642 1.0000
v -0.372808 0.026563 -1.028071 0.0642 0.0642 0.0642 1.0000
v -0.594500 0.277708 -0.865304 0.0642 0.0642 0.0642 1.0000
v -0.369061 0.340269 -0.970475 0.0642 0.0642 0.0642 1.0000
v -0.784512 -0.338929 -0.348291 1.0000 1.0000 1.0000 1.0000
v -0.844157 -0.238368 -0.511799 1.0000 1.0000 1.0000 1.0000
v -0.733821 -0.307035 -0.577417 1.0000 1.0000 1.0000 1.0000
v -1.077478 -0.042710 -0.153663 0.0642 0.0642 0.0642 1.0000
v -0.945000 0.071266 0.013181 0.0642 0.0642 0.0642 1.0000
v -1.164991 0.204468 -0.159790 0.0642 0.0642 0.0642 1.0000
v -0.907849 0.193334 0.016532 0.0642 0.0642 0.0642 1.0000
v -0.866074 0.350537 -0.189128 0.0642 0.0642 0.0642 1.0000
v -1.004587 0.266024 -0.172661 0.0642 0.0642 0.0642 1.0000
v 0.000000 0.522101 0.229014 0.0642 0.0642 0.0642 1.0000
v -0.145607 0.282847 0.355706 0.0642 0.0642 0.0642 1.0000
v 0.000000 0.317964 0.366474 0.0642 0.0642 0.0642 1.0000
v -1.018659 0.082403 -0.353999 0.0642 0.0642 0.0642 1.0000
v -0.851180 0.185962 -0.612219 0.0642 0.0642 0.0642 1.0000
v -0.861612 0.026563 -0.662046 0.0642 0.0642 0.0642 1.0000
v -0.765546 -0.346830 -0.143565 1.0000 1.0000 1.0000 1.0000
v -0.828581 -0.222787 -0.010948 1.0000 1.0000 1.0000 1.0000
v -0.884930 -0.259580 -0.143565 1.0000 1.0000 1.0000 1.0000
v -0.613498 -0.191462 -0.816620 0.0642 0.0642 0.0642 1.0000
v -0.749213 0.026563 -0.755334 0.0642 0.0642 0.0642 1.0000
v -0.608949 0.026563 -0.893083 0.0642 0.0642 0.0642 1.0000
v -0.611876 -0.405027 -0.143565 1.0000 1.0000 1.0000 1.0000
v -0.659154 -0.306383 0.064463 1.0000 1.0000 1.0000 1.0000
v -0.765546 -0.346830 -0.143565 1.0000 1.0000 1.0000 1.0000
v -0.502569 0.424778 0.147653 0.0000 0.0000 0.0000 1.0000
v -0.390417 0.332484 0.229690 0.0000 0.0000 0.0000 1.0000
v -0.221048 0.497187 0.199699 0.0000 0.0000 0.0000 1.0000
v -0.661804 -0.398469 -0.378762 1.0000 1.0000 1.0000 1.0000
v -0.733821 -0.307035 -0.577417 1.0000 1.0000 1.0000 1.0000
v -0.618046 -0.366299 -0.653494 1.0000 1.0000 1.0000 1.0000
v -0.502569 0.424778 0.147653 0.0000 0.0000 0.0000 1.0000
v -0.525804 0.271798 0.170462 0.0000 0.0000 0.0000 1.0000
v -0.468488 0.325849 0.183625 0.0000 0.0000 0.0000 1.0000
v -0.793066 0.680929 -0.223664 0.0642 0.0642 0.0642 1.0000
v -0.701639 0.504176 -0.362673 0.0642 0.0642 0.0642 1.0000
v -0.793040 0.451763 -0.240961 0.0642 0.0642 0.0642 1.0000
v -0.538460 0.610499 -0.168830 0.0642 0.0642 0.0642 1.0000
v -0.656097 0.365531 0.099171 0.0642 0.0642 0.0642 1.0000
v -0.502569 0.424778 0.147653 0.0642 0.0642 0.0642 1.0000
v -0.376775 -0.131684 0.402493 0.0642 0.0642 0.0642 1.0000
v -0.568144 0.017553 0.355677 0.0642 0.0642 0.0642 1.0000
v -0.607207 -0.103122 0.313286 0.0642 0.0642 0.0642 1.0000
v -0.502492 -0.366163 0.093471 1.0000 1.0000 1.0000 1.0000
v -0.565771 -0.223798 0.226088 1.0000 1.0000 1.0000 1.0000
v -0.659154 -0.306383 0.064463 1.0000 1.0000 1.0000 1.0000
v -0.763463 0.287820 0.080197 0.0000 0.0000 0.0000 1.0000
v -0.516309 0.219302 0.186937 0.0000 0.0000 0.0000 1.0000
v -0.525804 0.271798 0.170462 0.0000 0.0000 0.0000 1.0000
v -0.516309 0.219302 0.186937 0.0000 0.0000 0.0000 1.0000
v -0.803402 0.027747 0.168261 0.0000 0.0000 0.0000 1.0000
v -0.568144 0.017553 0.355677 0.0000 0.0000 0.0000 1.0000
v -0.388590 0.189255 0.293280 0.0000 0.0000 0.0000 1.0000
v -0.254746 0.174705 0.396460 0.0000 0.0000 0.0000 1.0000
v -0.297671 0.210703 0.316806 0.0000 0.0000 0.0000 1.0000
v 0.000000 -0.143306 0.824518 0.0642 0.0642 0.0642 1.0000
v -0.167775 -0.028986 0.790895 0.0642 0.0642 0.0642 1.0000
v -0.152518 -0.129318 0.727872 0.0642 0.0642 0.0642 1.0000
v -0.145607 0.282847 0.355706 0.0000 0.0000 0.0000 1.0000
v -0.297671 0.210703 0.316806 0.0000 0.0000 0.0000 1.0000
v -0.254746 0.174705 0.396460 0.0000 0.0000 0.0000 1.0000
v -0.171095 0.038520 0.803531 0.0000 0.0000 0.0000 1.0000
v 0.000000 0.124760 0.842073 0.0000 0.0000 0.0000 1.0000
v -0.111084 0.106899 0.748857 0.0000 0.0000 0.0000 1.0000
v 0.000000 0.317964 0.366474 0.0642 0.0642 0.0642 1.0000
v -0.111084 0.106899 0.748857 0.0642 0.0642 0.0642 1.0000
v 0.000000 0.124760 0.842073 0.0642 0.0642 0.0642 1.0000
v -0.167775 -0.028986 0.790895 0.0000 0.0000 0.0000 1.0000
v 0.000000 0.041677 0.908253 0.0000 0.0000 0.0000 1.0000
v -0.171095 0.038520 0.803531 0.0000 0.0000 0.0000 1.0000
v -0.608949 0.026563 -0.893083 0.0642 0.0642 0.0642 1.0000
v -0.744504 0.216788 -0.730443 0.0642 0.0642 0.0642 1.0000
v -0.594500 0.277708 -0.865304 0.0642 0.0642 0.0642 1.0000
v -0.765546 -0.346830 -0.143565 1.0000 1.0000 1.0000 1.0000
v -0.661804 -0.398469 -0.378762 1.0000 1.0000 1.0000 1.0000
v -0.611876 -0.405027 -0.143565 1.0000 1.0000 1.0000 1.0000
v -0.765546 -0.346830 -0.143565 1.0000 1.0000 1.0000 1.0000
v -0.876817 -0.255447 -0.326520 1.0000 1.0000 1.0000 1.0000
v -0.784512 -0.338929 -0.348291 1.0000 1.0000 1.0000 1.0000
v -0.861612 0.026563 -0.662046 0.0642 0.0642 0.0642 1.0000
v -0.744504 0.216788 -0.730443 0.0642 0.0642 0.0642 1.0000
v -0.749213 0.026563 -0.755334 0.0642 0.0642 0.0642 1.0000
v -0.618046 -0.366299 -0.653494 1.0000 1.0000 1.0000 1.0000
v -0.494470 -0.448736 -0.419691 1.0000 1.0000 1.0000 1.0000
v -0.661804 -0.398469 -0.378762 1.0000 1.0000 1.0000 1.0000
v -0.970648 -0.078436 -0.343086 0.0642 0.0642 0.0642 1.0000
v -0.861612 0.026563 -0.662046 0.0642 0.0642 0.0642 1.0000
v -0.865687 -0.127497 -0.630254 0.0642 0.0642 0.0642 1.0000
v -0.826156 0.324048 -0.532980 0.0642 0.0642 0.0642 1.0000
v -0.755681 0.446747 -0.432004 0.0642 0.0642 0.0642 1.0000
v -0.747235 0.408065 -0.618248 0.0642 0.0642 0.0642 1.0000
v 0.000000 0.742050 -0.517952 0.0642 0.0642 0.0642 1.0000
v -0.213625 0.762213 -0.168830 0.0642 0.0642 0.0642 1.0000
v 0.000000 0.787171 -0.212011 0.0642 0.0642 0.0642 1.0000
v -0.644747 0.798569 -0.419197 0.0642 0.0642 0.0642 1.0000
v -0.385398 0.701658 -0.393556 0.0642 0.0642 0.0642 1.0000
v -0.600827 0.568510 -0.468191 0.0642 0.0642 0.0642 1.0000
v -0.349861 0.785957 -0.172314 0.0642 0.0642 0.0642 1.0000
v -0.406371 0.962218 -0.173259 0.0642 0.0642 0.0642 1.0000
v -0.468107 0.905512 -0.173480 0.0642 0.0642 0.0642 1.0000
v -0.406371 0.962218 -0.173259 0.0642 0.0642 0.0642 1.0000
v -0.485797 0.886549 -0.342356 0.0642 0.0642 0.0642 1.0000
v -0.750372 1.231404 -0.179914 0.0642 0.0642 0.0642 1.0000
v -0.582933 0.988287 -0.174184 0.0642 0.0642 0.0642 1.0000
v -0.468107 0.905512 -0.173480 0.0642 0.0642 0.0642 1.0000
v -0.406371 0.962218 -0.173259 0.0642 0.0642 0.0642 1.0000
v -0.724426 0.591977 -0.207983 0.0642 0.0642 0.0642 1.0000
v -0.793066 0.680929 -0.223664 0.0642 0.0642 0.0642 1.0000
v -0.793040 0.451763 -0.240961 0.0642 0.0642 0.0642 1.0000
v -0.600827 0.568510 -0.468191 0.0642 0.0642 0.0642 1.0000
v -0.385398 0.701658 -0.393556 0.0642 0.0642 0.0642 1.0000
v -0.335920 0.697588 -0.476538 0.0642 0.0642 0.0642 1.0000
v -0.793040 0.451763 -0.240961 0.0642 0.0642 0.0642 1.0000
v -0.701639 0.504176 -0.362673 0.0642 0.0642 0.0642 1.0000
v -0.755681 0.446747 -0.432004 0.0642 0.0642 0.0642 1.0000
v -0.793066 0.680929 -0.223664 0.0642 0.0642 0.0642 1.0000
v -0.730873 0.748570 -0.196405 0.0642 0.0642 0.0642 1.0000
v -0.716947 0.898175 -0.184560 0.0642 0.0642 0.0642 1.0000
v -0.538460 0.610499 -0.168830 0.0642 0.0642 0.0642 1.0000
v -0.724426 0.591977 -0.207983 0.0642 0.0642 0.0642 1.0000
v -0.793040 0.451763 -0.240961 0.0642 0.0642 0.0642 1.0000
v -0.538460 0.610499 -0.168830 0.0642 0.0642 0.0642 1.0000
v -0.349861 0.785957 -0.172314 0.0642 0.0642 0.0642 1.0000
v -0.563902 0.672772 -0.171148 0.0642 0.0642 0.0642 1.0000
v -0.586134 0.965161 -0.225654 0.0000 0.0000 0.0000 1.0000
v -0.468107 0.905512 -0.173480 0.0000 0.0000 0.0000 1.0000
v -0.582933 0.988287 -0.174184 0.0000 0.0000 0.0000 1.0000
v -0.644747 0.798569 -0.419197 0.0642 0.0642 0.0642 1.0000
v -0.728623 0.725852 -0.339678 0.0642 0.0642 0.0642 1.0000
v -0.750372 1.231404 -0.179914 0.0642 0.0642 0.0642 1.0000
v -0.590547 0.496555 -0.713243 0.0642 0.0642 0.0642 1.0000
v -0.369061 0.340269 -0.970475 0.0642 0.0642 0.0642 1.0000
v -0.594500 0.277708 -0.865304 0.0642 0.0642 0.0642 1.0000
v -0.369061 0.340269 -0.970475 0.0642 0.0642 0.0642 1.0000
v 0.000000 0.632837 -0.872343 0.0642 0.0642 0.0642 1.0000
v 0.000000 0.369343 -1.061956 0.0642 0.0642 0.0642 1.0000
v -0.747235 0.408065 -0.618248 0.0642 0.0642 0.0642 1.0000
v -0.594500 0.277708 -0.865304 0.0642 0.0642 0.0642 1.0000
v -0.744504 0.216788 -0.730443 0.0642 0.0642 0.0642 1.0000
v -0.826156 0.324048 -0.532980 0.0642 0.0642 0.0642 1.0000
v -0.744504 0.216788 -0.730443 0.0642 0.0642 0.0642 1.0000
v -0.851180 0.185962 -0.612219 0.0642 0.0642 0.0642 1.0000
v -0.953431 0.209246 -0.361004 0.0642 0.0642 0.0642 1.0000
v -0.826156 0.324048 -0.532980 0.0642 0.0642 0.0642 1.0000
v -0.851180 0.185962 -0.612219 0.0642 0.0642 0.0642 1.0000
v -1.018659 0.082403 -0.353999 0.0642 0.0642 0.0642 1.0000
v -1.004587 0.266024 -0.172661 0.0642 0.0642 0.0642 1.0000
v -0.953431 0.209246 -0.361004 0.0642 0.0642 0.0642 1.0000
v -0.945000 0.071266 0.013181 0.0642 0.0642 0.0642 1.0000
v -1.004587 0.266024 -0.172661 0.0642 0.0642 0.0642 1.0000
v -1.164991 0.204468 -0.159790 0.0642 0.0642 0.0642 1.0000
v -0.945000 0.071266 0.013181 0.0642 0.0642 0.0642 1.0000
v -0.822419 0.162550 0.115591 0.0642 0.0642 0.0642 1.0000
v -0.907849 0.193334 0.016532 0.0642 0.0642 0.0642 1.0000
v -0.728623 0.725852 -0.339678 0.0642 0.0642 0.0642 1.0000
v -0.600827 0.568510 -0.468191 0.0642 0.0642 0.0642 1.0000
v -0.701639 0.504176 -0.362673 0.0642 0.0642 0.0642 1.0000
v -0.728623 0.725852 -0.339678 0.0642 0.0642 0.0642 1.0000
v -0.793066 0.680929 -0.223664 0.0642 0.0642 0.0642 1.0000
v -0.750372 1.231404 -0.179914 0.0642 0.0642 0.0642 1.0000
v -0.701639 0.504176 -0.362673 0.0642 0.0642 0.0642 1.0000
v -0.600827 0.568510 -0.468191 0.0642 0.0642 0.0642 1.0000
v -0.755681 0.446747 -0.432004 0.0642 0.0642 0.0642 1.0000
v -0.385398 0.701658 -0.393556 0.0642 0.0642 0.0642 1.0000
v -0.213625 0.762213 -0.168830 0.0642 0.0642 0.0642 1.0000
v -0.335920 0.697588 -0.476538 0.0642 0.0642 0.0642 1.0000
v -0.485797 0.886549 -0.342356 0.0642 0.0642 0.0642 1.0000
v -0.644747 0.798569 -0.419197 0.0642 0.0642 0.0642 1.0000
v -0.750372 1.231404 -0.179914 0.0642 0.0642 0.0642 1.0000
v -0.485797 0.886549 -0.342356 0.0642 0.0642 0.0642 1.0000
v -0.213625 0.762213 -0.168830 0.0642 0.0642 0.0642 1.0000
v -0.385398 0.701658 -0.393556 0.0642 0.0642 0.0642 1.0000
v -0.844157 -0.238368 -0.511799 1.0000 1.0000 1.0000 1.0000
v -0.970648 -0.078436 -0.343086 1.0000 1.0000 1.0000 1.0000
v -0.865687 -0.127497 -0.630254 1.0000 1.0000 1.0000 1.0000
v 0.000000 -0.229650 0.702102 1.0000 1.0000 1.0000 1.0000
v -0.152518 -0.129318 0.727872 1.0000 1.0000 1.0000 1.0000
v -0.140631 -0.229650 0.613642 1.0000 1.0000 1.0000 1.0000
v -0.376775 -0.131684 0.402493 1.0000 1.0000 1.0000 1.0000
v -0.565771 -0.223798 0.226088 1.0000 1.0000 1.0000 1.0000
v -0.349817 -0.264815 0.330508 1.0000 1.0000 1.0000 1.0000
v -0.618046 -0.366299 -0.653494 1.0000 1.0000 1.0000 1.0000
v -0.754319 -0.161830 -0.709707 1.0000 1.0000 1.0000 1.0000
v -0.613498 -0.191462 -0.816620 1.0000 1.0000 1.0000 1.0000
v -0.884930 -0.259580 -0.143565 1.0000 1.0000 1.0000 1.0000
v -0.940340 -0.061715 -0.000859 1.0000 1.0000 1.0000 1.0000
v -1.077478 -0.042710 -0.153663 1.0000 1.0000 1.0000 1.0000
v -0.733821 -0.307035 -0.577417 1.0000 1.0000 1.0000 1.0000
v -0.865687 -0.127497 -0.630254 1.0000 1.0000 1.0000 1.0000
v -0.754319 -0.161830 -0.709707 1.0000 1.0000 1.0000 1.0000
v -0.884930 -0.259580 -0.143565 1.0000 1.0000 1.0000 1.0000
v -0.970648 -0.078436 -0.343086 1.0000 1.0000 1.0000 1.0000
v -0.876817 -0.255447 -0.326520 1.0000 1.0000 1.0000 1.0000
v -0.828581 -0.222787 -0.010948 1.0000 1.0000 1.0000 1.0000
v -0.804909 -0.077517 0.141930 1.0000 1.0000 1.0000 1.0000
v -0.940340 -0.061715 -0.000859 1.0000 1.0000 1.0000 1.0000
v -0.607207 -0.103122 0.313286 1.0000 1.0000 1.0000 1.0000
v -0.738232 -0.182781 0.105417 1.0000 1.0000 1.0000 1.0000
v -0.565771 -0.223798 0.226088 1.0000 1.0000 1.0000 1.0000
v -0.357428 0.001448 0.429671 0.0642 0.0642 0.0642 1.0000
v -0.171095 0.038520 0.803531 0.0642 0.0642 0.0642 1.0000
v -0.254746 0.174705 0.396460 0.0642 0.0642 0.0642 1.0000
v -0.382340 -0.209612 -0.926598 0.0642 0.0642 0.0642 1.0000
v -0.608949 0.026563 -0.893083 0.0642 0.0642 0.0642 1.0000
v -0.372808 0.026563 -1.028071 0.0642 0.0642 0.0642 1.0000
v 0.000000 -0.216751 -1.040953 0.0642 0.0642 0.0642 1.0000
v -0.372808 0.026563 -1.028071 0.0642 0.0642 0.0642 1.0000
v 0.000000 0.026563 -1.162046 0.0642 0.0642 0.0642 1.0000
v -0.464109 -0.471222 -0.143565 1.0000 1.0000 1.0000 1.0000
v -0.502492 -0.366163 0.093471 1.0000 1.0000 1.0000 1.0000
v -0.611876 -0.405027 -0.143565 1.0000 1.0000 1.0000 1.0000
v -0.494470 -0.448736 -0.419691 1.0000 1.0000 1.0000 1.0000
v 0.000000 -0.521323 -0.176120 1.0000 1.0000 1.0000 1.0000
v -0.464109 -0.471222 -0.143565 1.0000 1.0000 1.0000 1.0000
v -0.391872 -0.402598 -0.738462 1.0000 1.0000 1.0000 1.0000
v 0.000000 -0.498838 -0.452246 1.0000 1.0000 1.0000 1.0000
v -0.494470 -0.448736 -0.419691 1.0000 1.0000 1.0000 1.0000
v -0.140631 -0.229650 0.613642 1.0000 1.0000 1.0000 1.0000
v 0.000000 -0.266556 0.615712 1.0000 1.0000 1.0000 1.0000
v 0.000000 -0.229650 0.702102 1.0000 1.0000 1.0000 1.0000
v -0.297325 -0.383718 0.223872 1.0000 1.0000 1.0000 1.0000
v 0.000000 -0.469340 0.078925 1.0000 1.0000 1.0000 1.0000
v 0.000000 -0.432970 0.224020 1.0000 1.0000 1.0000 1.0000
v 0.000000 -0.521323 -0.176120 1.0000 1.0000 1.0000 1.0000
v -0.369950 -0.420366 0.082886 1.0000 1.0000 1.0000 1.0000
v -0.464109 -0.471222 -0.143565 1.0000 1.0000 1.0000 1.0000
v -0.488250 0.894599 -0.225055 0.0000 0.0000 0.0000 1.0000
v -0.700374 0.888345 -0.234500 0.0000 0.0000 0.0000 1.0000
v -0.569911 0.696201 -0.223066 0.0000 0.0000 0.0000 1.0000
v -0.563902 0.672772 -0.171148 0.0000 0.0000 0.0000 1.0000
v -0.706749 0.627327 -0.254466 0.0000 0.0000 0.0000 1.0000
v -0.724426 0.591977 -0.207983 0.0000 0.0000 0.0000 1.0000
v -0.685881 1.027308 -0.228377 0.0000 0.0000 0.0000 1.0000
v -0.582933 0.988287 -0.174184 0.0000 0.0000 0.0000 1.0000
v -0.699946 1.061191 -0.177378 0.0000 0.0000 0.0000 1.0000
v -0.387452 0.792685 -0.224061 0.0000 0.0000 0.0000 1.0000
v -0.563902 0.672772 -0.171148 0.0000 0.0000 0.0000 1.0000
v -0.349861 0.785957 -0.172314 0.0000 0.0000 0.0000 1.0000
v -0.468107 0.905512 -0.173480 0.0000 0.0000 0.0000 1.0000
v -0.387452 0.792685 -0.224061 0.0000 0.0000 0.0000 1.0000
v -0.349861 0.785957 -0.172314 0.0000 0.0000 0.0000 1.0000
v -0.716947 0.898175 -0.184560 0.0000 0.0000 0.0000 1.0000
v -0.685881 1.027308 -0.228377 0.0000 0.0000 0.0000 1.0000
v -0.699946 1.061191 -0.177378 0.0000 0.0000 0.0000 1.0000
v -0.730873 0.748570 -0.196405 0.0000 0.0000 0.0000 1.0000
v -0.700374 0.888345 -0.234500 0.0000 0.0000 0.0000 1.0000
v -0.716947 0.898175 -0.184560 0.0000 0.0000 0.0000 1.0000
v -0.706749 0.627327 -0.254466 0.0000 0.0000 0.0000 1.0000
v -0.730873 0.748570 -0.196405 0.0000 0.0000 0.0000 1.0000
v -0.724426 0.591977 -0.207983 0.0000 0.0000 0.0000 1.0000
v -0.441719 0.208112 0.207264 1.0000 1.0000 1.0000 1.0000
v -0.516309 0.219302 0.186937 1.0000 1.0000 1.0000 1.0000
v -0.454638 0.189890 0.242491 1.0000 1.0000 1.0000 1.0000
v -0.381547 0.207258 0.254587 1.0000 1.0000 1.0000 1.0000
v -0.334518 0.282679 0.249254 1.0000 1.0000 1.0000 1.0000
v -0.390241 0.312735 0.200575 1.0000 1.0000 1.0000 1.0000
v -0.381547 0.207258 0.254587 1.0000 1.0000 1.0000 1.0000
v -0.454638 0.189890 0.242491 1.0000 1.0000 1.0000 1.0000
v -0.388590 0.189255 0.293280 1.0000 1.0000 1.0000 1.0000
v -0.493349 0.233496 0.159233 1.0000 1.0000 1.0000 1.0000
v -0.525804 0.271798 0.170462 1.0000 1.0000 1.0000 1.0000
v -0.516309 0.219302 0.186937 1.0000 1.0000 1.0000 1.0000
v -0.490808 0.263072 0.158348 1.0000 1.0000 1.0000 1.0000
v -0.468488 0.325849 0.183625 1.0000 1.0000 1.0000 1.0000
v -0.525804 0.271798 0.170462 1.0000 1.0000 1.0000 1.0000
v -0.315828 0.222873 0.265030 1.0000 1.0000 1.0000 1.0000
v -0.388590 0.189255 0.293280 1.0000 1.0000 1.0000 1.0000
v -0.297671 0.210703 0.316806 1.0000 1.0000 1.0000 1.0000
v -0.468488 0.325849 0.183625 1.0000 1.0000 1.0000 1.0000
v -0.390241 0.312735 0.200575 1.0000 1.0000 1.0000 1.0000
v -0.390417 0.332484 0.229690 1.0000 1.0000 1.0000 1.0000
v -0.325849 0.297654 0.285441 1.0000 1.0000 1.0000 1.0000
v -0.315828 0.222873 0.265030 1.0000 1.0000 1.0000 1.0000
v -0.297671 0.210703 0.316806 1.0000 1.0000 1.0000 1.0000
v -0.390417 0.332484 0.229690 1.0000 1.0000 1.0000 1.0000
v -0.334518 0.282679 0.249254 1.0000 1.0000 1.0000 1.0000
v -0.325849 0.297654 0.285441 1.0000 1.0000 1.0000 1.0000
v -0.140631 -0.229650 0.613642 1.0000 1.0000 1.0000 1.0000
v -0.376775 -0.131684 0.402493 1.0000 1.0000 1.0000 1.0000
v -0.349817 -0.264815 0.330508 1.0000 1.0000 1.0000 1.0000
v -0.490808 0.263072 0.158348 1.0000 1.0000 1.0000 1.0000
v -0.441719 0.208112 0.207264 1.0000 1.0000 1.0000 1.0000
v -0.457566 0.306926 0.160693 1.0000 1.0000 1.0000 1.0000
v -0.441719 0.208112 0.207264 1.0000 1.0000 1.0000 1.0000
v -0.390241 0.312735 0.200575 1.0000 1.0000 1.0000 1.0000
v -0.457566 0.306926 0.160693 1.0000 1.0000 1.0000 1.0000
v 0.600827 0.568510 -0.468191 0.0642 0.0642 0.0642 1.0000
v 0.755681 0.446747 -0.432004 0.0642 0.0642 0.0642 1.0000
v 0.747235 0.408065 -0.618248 0.0642 0.0642 0.0642 1.0000
v 0.000000 0.369343 -1.061956 0.0642 0.0642 0.0642 1.0000
v 0.369061 0.340269 -0.970475 0.0642 0.0642 0.0642 1.0000
v 0.372808 0.026563 -1.028071 0.0642 0.0642 0.0642 1.0000
v 0.000000 0.742050 -0.517952 0.0642 0.0642 0.0642 1.0000
v 0.335920 0.697588 -0.476538 0.0642 0.0642 0.0642 1.0000
v 0.360375 0.584356 -0.798837 0.0642 0.0642 0.0642 1.0000
v 0.335920 0.697588 -0.476538 0.0642 0.0642 0.0642 1.0000
v 0.600827 0.568510 -0.468191 0.0642 0.0642 0.0642 1.0000
v 0.590547 0.496555 -0.713243 0.0642 0.0642 0.0642 1.0000
v 0.382340 -0.209612 -0.926598 1.0000 1.0000 1.0000 1.0000
v 0.391872 -0.402598 -0.738462 1.0000 1.0000 1.0000 1.0000
v 0.000000 -0.416876 -0.833197 1.0000 1.0000 1.0000 1.0000
v 0.613498 -0.191462 -0.816620 1.0000 1.0000 1.0000 1.0000
v 0.618046 -0.366299 -0.653494 1.0000 1.0000 1.0000 1.0000
v 0.391872 -0.402598 -0.738462 1.0000 1.0000 1.0000 1.0000
v 0.325849 0.297654 0.285441 0.0000 0.0000 0.0000 1.0000
v 0.390417 0.332484 0.229690 0.0000 0.0000 0.0000 1.0000
v 0.221048 0.497187 0.199699 0.0000 0.0000 0.0000 1.0000
v 0.659154 -0.306383 0.064463 1.0000 1.0000 1.0000 1.0000
v 0.828581 -0.222787 -0.010948 1.0000 1.0000 1.0000 1.0000
v 0.738232 -0.182781 0.105417 1.0000 1.0000 1.0000 1.0000
v 0.000000 -0.279751 0.519005 1.0000 1.0000 1.0000 1.0000
v 0.000000 -0.432970 0.224020 1.0000 1.0000 1.0000 1.0000
v 0.297325 -0.383718 0.223872 1.0000 1.0000 1.0000 1.0000
v 0.607207 -0.103122 0.313286 0.0642 0.0642 0.0642 1.0000
v 0.804909 -0.077517 0.141930 0.0642 0.0642 0.0642 1.0000
v 0.803402 0.027747 0.168261 0.0642 0.0642 0.0642 1.0000
v 0.152518 -0.129318 0.727872 0.0642 0.0642 0.0642 1.0000
v 0.376775 -0.131684 0.402493 0.0642 0.0642 0.0642 1.0000
v 0.357428 0.001448 0.429671 0.0642 0.0642 0.0642 1.0000
v 0.568144 0.017553 0.355677 0.0000 0.0000 0.0000 1.0000
v 0.454638 0.189890 0.242491 0.0000 0.0000 0.0000 1.0000
v 0.388590 0.189255 0.293280 0.0000 0.0000 0.0000 1.0000
v 0.656097 0.365531 0.099171 0.0642 0.0642 0.0642 1.0000
v 0.763463 0.287820 0.080197 0.0642 0.0642 0.0642 1.0000
v 0.866074 0.350537 -0.189128 0.0642 0.0642 0.0642 1.0000
v 0.000000 0.522101 0.229014 0.0642 0.0642 0.0642 1.0000
v 0.221048 0.497187 0.199699 0.0642 0.0642 0.0642 1.0000
v 0.213625 0.762213 -0.168830 0.0642 0.0642 0.0642 1.0000
v 0.953431 0.209246 -0.361004 0.0642 0.0642 0.0642 1.0000
v 0.874632 0.353562 -0.375715 0.0642 0.0642 0.0642 1.0000
v 0.866074 0.350537 -0.189128 0.0642 0.0642 0.0642 1.0000
v 0.940340 -0.061715 -0.000859 0.0642 0.0642 0.0642 1.0000
v 0.945000 0.071266 0.013181 0.0642 0.0642 0.0642 1.0000
v 0.803402 0.027747 0.168261 0.0642 0.0642 0.0642 1.0000
v 1.018659 0.082403 -0.353999 0.0642 0.0642 0.0642 1.0000
v 1.164991 0.204468 -0.159790 0.0642 0.0642 0.0642 1.0000
v 1.077478 -0.042710 -0.153663 0.0642 0.0642 0.0642 1.0000
v 0.221048 0.497187 0.199699 0.0642 0.0642 0.0642 1.0000
v 0.502569 0.424778 0.147653 0.0642 0.0642 0.0642 1.0000
v 0.538460 0.610499 -0.168830 0.0642 0.0642 0.0642 1.0000
v 0.111084 0.106899 0.748857 0.0642 0.0642 0.0642 1.0000
v 0.171095 0.038520 0.803531 0.0642 0.0642 0.0642 1.0000
v 0.254746 0.174705 0.396460 0.0642 0.0642 0.0642 1.0000
v 0.502492 -0.366163 0.093471 1.0000 1.0000 1.0000 1.0000
v 0.349817 -0.264815 0.330508 1.0000 1.0000 1.0000 1.0000
v 0.297325 -0.383718 0.223872 1.0000 1.0000 1.0000 1.0000
v 0.611876 -0.405027 -0.143565 1.0000 1.0000 1.0000 1.0000
v 0.464109 -0.471222 -0.143565 1.0000 1.0000 1.0000 1.0000
v 0.494470 -0.448736 -0.419691 1.0000 1.0000 1.0000 1.0000
v 0.793040 0.451763 -0.240961 0.0642 0.0642 0.0642 1.0000
v 0.866074 0.350537 -0.189128 0.0642 0.0642 0.0642 1.0000
v 0.874632 0.353562 -0.375715 0.0642 0.0642 0.0642 1.0000
v 0.754319 -0.161830 -0.709707 0.0642 0.0642 0.0642 1.0000
v 0.749213 0.026563 -0.755334 0.0642 0.0642 0.0642 1.0000
v 0.861612 0.026563 -0.662046 0.0642 0.0642 0.0642 1.0000
v 0.594500 0.277708 -0.865304 0.0642 0.0642 0.0642 1.0000
v 0.608949 0.026563 -0.893083 0.0642 0.0642 0.0642 1.0000
v 0.372808 0.026563 -1.028071 0.0642 0.0642 0.0642 1.0000
v 0.784512 -0.338929 -0.348291 1.0000 1.0000 1.0000 1.0000
v 0.733821 -0.307035 -0.577417 1.0000 1.0000 1.0000 1.0000
v 0.844157 -0.238368 -0.511799 1.0000 1.0000 1.0000 1.0000
v 1.077478 -0.042710 -0.153663 0.0642 0.0642 0.0642 1.0000
v 1.164991 0.204468 -0.159790 0.0642 0.0642 0.0642 1.0000
v 0.945000 0.071266 0.013181 0.0642 0.0642 0.0642 1.0000
v 0.866074 0.350537 -0.189128 0.0642 0.0642 0.0642 1.0000
v 0.763463 0.287820 0.080197 0.0642 0.0642 0.0642 1.0000
v 0.907849 0.193334 0.016532 0.0642 0.0642 0.0642 1.0000
v 0.145607 0.282847 0.355706 0.0642 0.0642 0.0642 1.0000
v 0.221048 0.497187 0.199699 0.0642 0.0642 0.0642 1.0000
v 0.000000 0.522101 0.229014 0.0642 0.0642 0.0642 1.0000
v 0.851180 0.185962 -0.612219 0.0642 0.0642 0.0642 1.0000
v 0.953431 0.209246 -0.361004 0.0642 0.0642 0.0642 1.0000
v 1.018659 0.082403 -0.353999 0.0642 0.0642 0.0642 1.0000
v 0.765546 -0.346830 -0.143565 1.0000 1.0000 1.0000 1.0000
v 0.884930 -0.259580 -0.143565 1.0000 1.0000 1.0000 1.0000
v 0.828581 -0.222787 -0.010948 1.0000 1.0000 1.0000 1.0000
v 0.613498 -0.191462 -0.816620 0.0642 0.0642 0.0642 1.0000
v 0.608949 0.026563 -0.893083 0.0642 0.0642 0.0642 1.0000
v 0.749213 0.026563 -0.755334 0.0642 0.0642 0.0642 1.0000
v 0.611876 -0.405027 -0.143565 1.0000 1.0000 1.0000 1.0000
v 0.765546 -0.346830 -0.143565 1.0000 1.0000 1.0000 1.0000
v 0.659154 -0.306383 0.064463 1.0000 1.0000 1.0000 1.0000
v 0.390417 0.332484 0.229690 0.0000 0.0000 0.0000 1.0000
v 0.468488 0.325849 0.183625 0.0000 0.0000 0.0000 1.0000
v 0.502569 0.424778 0.147653 0.0000 0.0000 0.0000 1.0000
v 0.661804 -0.398469 -0.378762 1.0000 1.0000 1.0000 1.0000
v 0.618046 -0.366299 -0.653494 1.0000 1.0000 1.0000 1.0000
v 0.733821 -0.307035 -0.577417 1.0000 1.0000 1.0000 1.0000
v 0.525804 0.271798 0.170462 0.0000 0.0000 0.0000 1.0000
v 0.656097 0.365531 0.099171 0.0000 0.0000 0.0000 1.0000
v 0.502569 0.424778 0.147653 0.0000 0.0000 0.0000 1.0000
v 0.701639 0.504176 -0.362673 0.0642 0.0642 0.0642 1.0000
v 0.728623 0.725852 -0.339678 0.0642 0.0642 0.0642 1.0000
v 0.793066 0.680929 -0.223664 0.0642 0.0642 0.0642 1.0000
v 0.656097 0.365531 0.099171 0.0642 0.0642 0.0642 1.0000
v 0.793040 0.451763 -0.240961 0.0642 0.0642 0.0642 1.0000
v 0.538460 0.610499 -0.168830 0.0642 0.0642 0.0642 1.0000
v 0.376775 -0.131684 0.402493 0.0642 0.0642 0.0642 1.0000
v 0.607207 -0.103122 0.313286 0.0642 0.0642 0.0642 1.0000
v 0.568144 0.017553 0.355677 0.0642 0.0642 0.0642 1.0000
v 0.502492 -0.366163 0.093471 1.0000 1.0000 1.0000 1.0000
v 0.659154 -0.306383 0.064463 1.0000 1.0000 1.0000 1.0000
v 0.565771 -0.223798 0.226088 1.0000 1.0000 1.0000 1.0000
v 0.763463 0.287820 0.080197 0.0000 0.0000 0.0000 1.0000
v 0.656097 0.365531 0.099171 0.0000 0.0000 0.0000 1.0000
v 0.525804 0.271798 0.170462 0.0000 0.0000 0.0000 1.0000
v 0.525804 0.271798 0.170462 0.0000 0.0000 0.0000 1.0000
v 0.516309 0.219302 0.186937 0.0000 0.0000 0.0000 1.0000
v 0.763463 0.287820 0.080197 0.0000 0.0000 0.0000 1.0000
v 0.516309 0.219302 0.186937 0.0000 0.0000 0.0000 1.0000
v 0.454638 0.189890 0.242491 0.0000 0.0000 0.0000 1.0000
v 0.568144 0.017553 0.355677 0.0000 0.0000 0.0000 1.0000
v 0.568144 0.017553 0.355677 0.0000 0.0000 0.0000 1.0000
v 0.803402 0.027747 0.168261 0.0000 0.0000 0.0000 1.0000
v 0.516309 0.219302 0.186937 0.0000 0.0000 0.0000 1.0000
v 0.388590 0.189255 0.293280 0.0000 0.0000 0.0000 1.0000
v 0.297671 0.210703 0.316806 0.0000 0.0000 0.0000 1.0000
v 0.254746 0.174705 0.396460 0.0000 0.0000 0.0000 1.0000
v 0.000000 -0.143306 0.824518 0.0642 0.0642 0.0642 1.0000
v 0.152518 -0.129318 0.727872 0.0642 0.0642 0.0642 1.0000
v 0.167775 -0.028986 0.790895 0.0642 0.0642 0.0642 1.0000
v 0.145607 0.282847 0.355706 0.0000 0.0000 0.0000 1.0000
v 0.254746 0.174705 0.396460 0.0000 0.0000 0.0000 1.0000
v 0.297671 0.210703 0.316806 0.0000 0.0000 0.0000 1.0000
v 0.000000 0.124760 0.842073 0.0000 0.0000 0.0000 1.0000
v 0.000000 0.041677 0.908253 0.0000 0.0000 0.0000 1.0000
v 0.171095 0.038520 0.803531 0.0000 0.0000 0.0000 1.0000
v 0.111084 0.106899 0.748857 0.0642 0.0642 0.0642 1.0000
v 0.145607 0.282847 0.355706 0.0642 0.0642 0.0642 1.0000
v 0.000000 0.317964 0.366474 0.0642 0.0642 0.0642 1.0000
v 0.000000 0.041677 0.908253 0.0000 0.0000 0.0000 1.0000
v 0.000000 -0.056962 0.895725 0.0000 0.0000 0.0000 1.0000
v 0.167775 -0.028986 0.790895 0.0000 0.0000 0.0000 1.0000
v 0.608949 0.026563 -0.893083 0.0642 0.0642 0.0642 1.0000
v 0.594500 0.277708 -0.865304 0.0642 0.0642 0.0642 1.0000
v 0.744504 0.216788 -0.730443 0.0642 0.0642 0.0642 1.0000
v 0.661804 -0.398469 -0.378762 1.0000 1.0000 1.0000 1.0000
v 0.784512 -0.338929 -0.348291 1.0000 1.0000 1.0000 1.0000
v 0.765546 -0.346830 -0.143565 1.0000 1.0000 1.0000 1.0000
v 0.765546 -0.346830 -0.143565 1.0000 1.0000 1.0000 1.0000
v 0.784512 -0.338929 -0.348291 1.0000 1.0000 1.0000 1.0000
v 0.876817 -0.255447 -0.326520 1.0000 1.0000 1.0000 1.0000
v 0.744504 0.216788 -0.730443 0.0642 0.0642 0.0642 1.0000
v 0.851180 0.185962 -0.612219 0.0642 0.0642 0.0642 1.0000
v 0.861612 0.026563 -0.662046 0.0642 0.0642 0.0642 1.0000
v 0.618046 -0.366299 -0.653494 1.0000 1.0000 1.0000 1.0000
v 0.661804 -0.398469 -0.378762 1.0000 1.0000 1.0000 1.0000
v 0.494470 -0.448736 -0.419691 1.0000 1.0000 1.0000 1.0000
v 0.861612 0.026563 -0.662046 0.0642 0.0642 0.0642 1.0000
v 1.018659 0.082403 -0.353999 0.0642 0.0642 0.0642 1.0000
v 0.970648 -0.078436 -0.343086 0.0642 0.0642 0.0642 1.0000
v 0.755681 0.446747 -0.432004 0.0642 0.0642 0.0642 1.0000
v 0.874632 0.353562 -0.375715 0.0642 0.0642 0.0642 1.0000
v 0.826156 0.324048 -0.532980 0.0642 0.0642 0.0642 1.0000
v 0.213625 0.762213 -0.168830 0.0642 0.0642 0.0642 1.0000
v 0.335920 0.697588 -0.476538 0.0642 0.0642 0.0642 1.0000
v 0.000000 0.742050 -0.517952 0.0642 0.0642 0.0642 1.0000
v 0.385398 0.701658 -0.393556 0.0642 0.0642 0.0642 1.0000
v 0.485797 0.886549 -0.342356 0.0642 0.0642 0.0642 1.0000
v 0.644747 0.798569 -0.419197 0.0642 0.0642 0.0642 1.0000
v 0.349861 0.785957 -0.172314 0.0642 0.0642 0.0642 1.0000
v 0.468107 0.905512 -0.173480 0.0642 0.0642 0.0642 1.0000
v 0.406371 0.962218 -0.173259 0.0642 0.0642 0.0642 1.0000
v 0.699946 1.061191 -0.177378 0.0642 0.0642 0.0642 1.0000
v 0.750372 1.231404 -0.179914 0.0642 0.0642 0.0642 1.0000
v 0.582933 0.988287 -0.174184 0.0642 0.0642 0.0642 1.0000
v 0.750372 1.231404 -0.179914 0.0642 0.0642 0.0642 1.0000
v 0.406371 0.962218 -0.173259 0.0642 0.0642 0.0642 1.0000
v 0.582933 0.988287 -0.174184 0.0642 0.0642 0.0642 1.0000
v 0.793066 0.680929 -0.223664 0.0642 0.0642 0.0642 1.0000
v 0.730873 0.748570 -0.196405 0.0642 0.0642 0.0642 1.0000
v 0.724426 0.591977 -0.207983 0.0642 0.0642 0.0642 1.0000
v 0.750372 1.231404 -0.179914 0.0642 0.0642 0.0642 1.0000
v 0.699946 1.061191 -0.177378 0.0642 0.0642 0.0642 1.0000
v 0.716947 0.898175 -0.184560 0.0642 0.0642 0.0642 1.0000
v 0.716947 0.898175 -0.184560 0.0642 0.0642 0.0642 1.0000
v 0.730873 0.748570 -0.196405 0.0642 0.0642 0.0642 1.0000
v 0.793066 0.680929 -0.223664 0.0642 0.0642 0.0642 1.0000
v 0.538460 0.610499 -0.168830 0.0642 0.0642 0.0642 1.0000
v 0.793040 0.451763 -0.240961 0.0642 0.0642 0.0642 1.0000
v 0.724426 0.591977 -0.207983 0.0642 0.0642 0.0642 1.0000
v 0.349861 0.785957 -0.172314 0.0642 0.0642 0.0642 1.0000
v 0.213625 0.762213 -0.168830 0.0642 0.0642 0.0642 1.0000
v 0.538460 0.610499 -0.168830 0.0642 0.0642 0.0642 1.0000
v 0.488250 0.894599 -0.225055 0.0000 0.0000 0.0000 1.0000
v 0.369061 0.340269 -0.970475 0.0642 0.0642 0.0642 1.0000
v 0.360375 0.584356 -0.798837 0.0642 0.0642 0.0642 1.0000
v 0.590547 0.496555 -0.713243 0.0642 0.0642 0.0642 1.0000
v 0.369061 0.340269 -0.970475 0.0642 0.0642 0.0642 1.0000
v 0.000000 0.369343 -1.061956 0.0642 0.0642 0.0642 1.0000
v 0.000000 0.632837 -0.872343 0.0642 0.0642 0.0642 1.0000
v 0.594500 0.277708 -0.865304 0.0642 0.0642 0.0642 1.0000
v 0.590547 0.496555 -0.713243 0.0642 0.0642 0.0642 1.0000
v 0.747235 0.408065 -0.618248 0.0642 0.0642 0.0642 1.0000
v 0.744504 0.216788 -0.730443 0.0642 0.0642 0.0642 1.0000
v 0.747235 0.408065 -0.618248 0.0642 0.0642 0.0642 1.0000
v 0.826156 0.324048 -0.532980 0.0642 0.0642 0.0642 1.0000
v 0.826156 0.324048 -0.532980 0.0642 0.0642 0.0642 1.0000
v 0.874632 0.353562 -0.375715 0.0642 0.0642 0.0642 1.0000
v 0.953431 0.209246 -0.361004 0.0642 0.0642 0.0642 1.0000
v 1.018659 0.082403 -0.353999 0.0642 0.0642 0.0642 1.0000
v 0.953431 0.209246 -0.361004 0.0642 0.0642 0.0642 1.0000
v 1.004587 0.266024 -0.172661 0.0642 0.0642 0.0642 1.0000
v 1.004587 0.266024 -0.172661 0.0642 0.0642 0.0642 1.0000
v 0.907849 0.193334 0.016532 0.0642 0.0642 0.0642 1.0000
v 0.945000 0.071266 0.013181 0.0642 0.0642 0.0642 1.0000
v 0.945000 0.071266 0.013181 0.0642 0.0642 0.0642 1.0000
v 0.907849 0.193334 0.016532 0.0642 0.0642 0.0642 1.0000
v 0.822419 0.162550 0.115591 0.0642 0.0642 0.0642 1.0000
v 0.728623 0.725852 -0.339678 0.0642 0.0642 0.0642 1.0000
v 0.701639 0.504176 -0.362673 0.0642 0.0642 0.0642 1.0000
v 0.600827 0.568510 -0.468191 0.0642 0.0642 0.0642 1.0000
v 0.485797 0.886549 -0.342356 0.0642 0.0642 0.0642 1.0000
v 0.385398 0.701658 -0.393556 0.0642 0.0642 0.0642 1.0000
v 0.213625 0.762213 -0.168830 0.0642 0.0642 0.0642 1.0000
v 0.844157 -0.238368 -0.511799 1.0000 1.0000 1.0000 1.0000
v 0.865687 -0.127497 -0.630254 1.0000 1.0000 1.0000 1.0000
v 0.970648 -0.078436 -0.343086 1.0000 1.0000 1.0000 1.0000
v 0.000000 -0.229650 0.702102 1.0000 1.0000 1.0000 1.0000
v 0.140631 -0.229650 0.613642 1.0000 1.0000 1.0000 1.0000
v 0.152518 -0.129318 0.727872 1.0000 1.0000 1.0000 1.0000
v 0.565771 -0.223798 0.226088 1.0000 1.0000 1.0000 1.0000
v 0.607207 -0.103122 0.313286 1.0000 1.0000 1.0000 1.0000
v 0.376775 -0.131684 0.402493 1.0000 1.0000 1.0000 1.0000
v 0.618046 -0.366299 -0.653494 1.0000 1.0000 1.0000 1.0000
v 0.613498 -0.191462 -0.816620 1.0000 1.0000 1.0000 1.0000
v 0.754319 -0.161830 -0.709707 1.0000 1.0000 1.0000 1.0000
v 0.884930 -0.259580 -0.143565 1.0000 1.0000 1.0000 1.0000
v 1.077478 -0.042710 -0.153663 1.0000 1.0000 1.0000 1.0000
v 0.940340 -0.061715 -0.000859 1.0000 1.0000 1.0000 1.0000
v 0.733821 -0.307035 -0.577417 1.0000 1.0000 1.0000 1.0000
v 0.754319 -0.161830 -0.709707 1.0000 1.0000 1.0000 1.0000
v 0.865687 -0.127497 -0.630254 1.0000 1.0000 1.0000 1.0000
v 0.970648 -0.078436 -0.343086 1.0000 1.0000 1.0000 1.0000
v 1.077478 -0.042710 -0.153663 1.0000 1.0000 1.0000 1.0000
v 0.884930 -0.259580 -0.143565 1.0000 1.0000 1.0000 1.0000
v 0.828581 -0.222787 -0.010948 1.0000 1.0000 1.0000 1.0000
v 0.940340 -0.061715 -0.000859 1.0000 1.0000 1.0000 1.0000
v 0.804909 -0.077517 0.141930 1.0000 1.0000 1.0000 1.0000
v 0.738232 -0.182781 0.105417 1.0000 1.0000 1.0000 1.0000
v 0.804909 -0.077517 0.141930 1.0000 1.0000 1.0000 1.0000
v 0.607207 -0.103122 0.313286 1.0000 1.0000 1.0000 1.0000
v 0.357428 0.001448 0.429671 0.0642 0.0642 0.0642 1.0000
v 0.254746 0.174705 0.396460 0.0642 0.0642 0.0642 1.0000
v 0.171095 0.038520 0.803531 0.0642 0.0642 0.0642 1.0000
v 0.608949 0.026563 -0.893083 0.0642 0.0642 0.0642 1.0000
v 0.613498 -0.191462 -0.816620 0.0642 0.0642 0.0642 1.0000
v 0.382340 -0.209612 -0.926598 0.0642 0.0642 0.0642 1.0000
v 0.372808 0.026563 -1.028071 0.0642 0.0642 0.0642 1.0000
v 0.382340 -0.209612 -0.926598 0.0642 0.0642 0.0642 1.0000
v 0.000000 -0.216751 -1.040953 0.0642 0.0642 0.0642 1.0000
v 0.502492 -0.366163 0.093471 1.0000 1.0000 1.0000 1.0000
v 0.369950 -0.420366 0.082886 1.0000 1.0000 1.0000 1.0000
v 0.464109 -0.471222 -0.143565 1.0000 1.0000 1.0000 1.0000
v 0.494470 -0.448736 -0.419691 1.0000 1.0000 1.0000 1.0000
v 0.464109 -0.471222 -0.143565 1.0000 1.0000 1.0000 1.0000
v 0.000000 -0.521323 -0.176120 1.0000 1.0000 1.0000 1.0000
v 0.391872 -0.402598 -0.738462 1.0000 1.0000 1.0000 1.0000
v 0.494470 -0.448736 -0.419691 1.0000 1.0000 1.0000 1.0000
v 0.000000 -0.498838 -0.452246 1.0000 1.0000 1.0000 1.0000
v 0.140631 -0.229650 0.613642 1.0000 1.0000 1.0000 1.0000
v 0.000000 -0.229650 0.702102 1.0000 1.0000 1.0000 1.0000
v 0.000000 -0.266556 0.615712 1.0000 1.0000 1.0000 1.0000
v 0.297325 -0.383718 0.223872 1.0000 1.0000 1.0000 1.0000
v 0.000000 -0.432970 0.224020 1.0000 1.0000 1.0000 1.0000
v 0.000000 -0.469340 0.078925 1.0000 1.0000 1.0000 1.0000
v 0.369950 -0.420366 0.082886 1.0000 1.0000 1.0000 1.0000
v 0.000000 -0.469340 0.078925 1.0000 1.0000 1.0000 1.0000
v 0.000000 -0.521323 -0.176120 1.0000 1.0000 1.0000 1.0000
v 0.569911 0.696201 -0.223066 0.0000 0.0000 0.0000 1.0000
v 0.706749 0.627327 -0.254466 0.0000 0.0000 0.0000 1.0000
v 0.712245 0.760814 -0.244596 0.0000 0.0000 0.0000 1.0000
v 0.712245 0.760814 -0.244596 0.0000 0.0000 0.0000 1.0000
v 0.700374 0.888345 -0.234500 0.0000 0.0000 0.0000 1.0000
v 0.569911 0.696201 -0.223066 0.0000 0.0000 0.0000 1.0000
v 0.700374 0.888345 -0.234500 0.0000 0.0000 0.0000 1.0000
v 0.685881 1.027308 -0.228377 0.0000 0.0000 0.0000 1.0000
v 0.586134 0.965161 -0.225654 0.0000 0.0000 0.0000 1.0000
v 0.569911 0.696201 -0.223066 0.0000 0.0000 0.0000 1.0000
v 0.700374 0.888345 -0.234500 0.0000 0.0000 0.0000 1.0000
v 0.488250 0.894599 -0.225055 0.0000 0.0000 0.0000 1.0000
v 0.586134 0.965161 -0.225654 0.0000 0.0000 0.0000 1.0000
v 0.488250 0.894599 -0.225055 0.0000 0.0000 0.0000 1.0000
v 0.700374 0.888345 -0.234500 0.0000 0.0000 0.0000 1.0000
v 0.724426 0.591977 -0.207983 0.0000 0.0000 0.0000 1.0000
v 0.586134 0.965161 -0.225654 0.0000 0.0000 0.0000 1.0000
v 0.569911 0.696201 -0.223066 0.0000 0.0000 0.0000 1.0000
v 0.349861 0.785957 -0.172314 0.0000 0.0000 0.0000 1.0000
v 0.699946 1.061191 -0.177378 0.0000 0.0000 0.0000 1.0000
v 0.716947 0.898175 -0.184560 0.0000 0.0000 0.0000 1.0000
v 0.712245 0.760814 -0.244596 0.0000 0.0000 0.0000 1.0000
v 0.516309 0.219302 0.186937 1.0000 1.0000 1.0000 1.0000
v 0.493349 0.233496 0.159233 1.0000 1.0000 1.0000 1.0000
v 0.441719 0.208112 0.207264 1.0000 1.0000 1.0000 1.0000
v 0.334518 0.282679 0.249254 1.0000 1.0000 1.0000 1.0000
v 0.315828 0.222873 0.265030 1.0000 1.0000 1.0000 1.0000
v 0.381547 0.207258 0.254587 1.0000 1.0000 1.0000 1.0000
v 0.454638 0.189890 0.242491 1.0000 1.0000 1.0000 1.0000
v 0.441719 0.208112 0.207264 1.0000 1.0000 1.0000 1.0000
v 0.381547 0.207258 0.254587 1.0000 1.0000 1.0000 1.0000
v 0.525804 0.271798 0.170462 1.0000 1.0000 1.0000 1.0000
v 0.490808 0.263072 0.158348 1.0000 1.0000 1.0000 1.0000
v 0.493349 0.233496 0.159233 1.0000 1.0000 1.0000 1.0000
v 0.468488 0.325849 0.183625 1.0000 1.0000 1.0000 1.0000
v 0.457566 0.306926 0.160693 1.0000 1.0000 1.0000 1.0000
v 0.490808 0.263072 0.158348 1.0000 1.0000 1.0000 1.0000
v 0.388590 0.189255 0.293280 1.0000 1.0000 1.0000 1.0000
v 0.381547 0.207258 0.254587 1.0000 1.0000 1.0000 1.0000
v 0.315828 0.222873 0.265030 1.0000 1.0000 1.0000 1.0000
v 0.468488 0.325849 0.183625 1.0000 1.0000 1.0000 1.0000
v 0.390417 0.332484 0.229690 1.0000 1.0000 1.0000 1.0000
v 0.390241 0.312735 0.200575 1.0000 1.0000 1.0000 1.0000
v 0.325849 0.297654 0.285441 1.0000 1.0000 1.0000 1.0000
v 0.297671 0.210703 0.316806 1.0000 1.0000 1.0000 1.0000
v 0.315828 0.222873 0.265030 1.0000 1.0000 1.0000 1.0000
v 0.390417 0.332484 0.229690 1.0000 1.0000 1.0000 1.0000
v 0.325849 0.297654 0.285441 1.0000 1.0000 1.0000 1.0000
v 0.334518 0.282679 0.249254 1.0000 1.0000 1.0000 1.0000
v 0.140631 -0.229650 0.613642 1.0000 1.0000 1.0000 1.0000
v 0.349817 -0.264815 0.330508 1.0000 1.0000 1.0000 1.0000
v 0.376775 -0.131684 0.402493 1.0000 1.0000 1.0000 1.0000
v 0.490808 0.263072 0.158348 1.0000 1.0000 1.0000 1.0000
v 0.457566 0.306926 0.160693 1.0000 1.0000 1.0000 1.0000
v 0.441719 0.208112 0.207264 1.0000 1.0000 1.0000 1.0000
v 0.390241 0.312735 0.200575 1.0000 1.0000 1.0000 1.0000
v 0.381547 0.207258 0.254587 1.0000 1.0000 1.0000 1.0000
v 0.441719 0.208112 0.207264 1.0000 1.0000 1.0000 1.0000
v -0.747235 0.408065 -0.618248 0.0642 0.0642 0.0642 1.0000
v -0.755681 0.446747 -0.432004 0.0642 0.0642 0.0642 1.0000
v -0.600827 0.568510 -0.468191 0.0642 0.0642 0.0642 1.0000
v 0.000000 0.369343 -1.061956 0.0642 0.0642 0.0642 1.0000
v 0.000000 0.026563 -1.162046 0.0642 0.0642 0.0642 1.0000
v -0.372808 0.026563 -1.028071 0.0642 0.0642 0.0642 1.0000
v 0.000000 0.742050 -0.517952 0.0642 0.0642 0.0642 1.0000
v 0.000000 0.632837 -0.872343 0.0642 0.0642 0.0642 1.0000
v -0.360375 0.584356 -0.798837 0.0642 0.0642 0.0642 1.0000
v -0.335920 0.697588 -0.476538 0.0642 0.0642 0.0642 1.0000
v -0.360375 0.584356 -0.798837 0.0642 0.0642 0.0642 1.0000
v -0.590547 0.496555 -0.713243 0.0642 0.0642 0.0642 1.0000
v 0.000000 -0.416876 -0.833197 1.0000 1.0000 1.0000 1.0000
v -0.391872 -0.402598 -0.738462 1.0000 1.0000 1.0000 1.0000
v -0.382340 -0.209612 -0.926598 1.0000 1.0000 1.0000 1.0000
v -0.391872 -0.402598 -0.738462 1.0000 1.0000 1.0000 1.0000
v -0.618046 -0.366299 -0.653494 1.0000 1.0000 1.0000 1.0000
v -0.613498 -0.191462 -0.816620 1.0000 1.0000 1.0000 1.0000
v -0.221048 0.497187 0.199699 0.0000 0.0000 0.0000 1.0000
v -0.390417 0.332484 0.229690 0.0000 0.0000 0.0000 1.0000
v -0.325849 0.297654 0.285441 0.0000 0.0000 0.0000 1.0000
v -0.659154 -0.306383 0.064463 1.0000 1.0000 1.0000 1.0000
v -0.565771 -0.223798 0.226088 1.0000 1.0000 1.0000 1.0000
v -0.738232 -0.182781 0.105417 1.0000 1.0000 1.0000 1.0000
v -0.297325 -0.383718 0.223872 1.0000 1.0000 1.0000 1.0000
v 0.000000 -0.432970 0.224020 1.0000 1.0000 1.0000 1.0000
v 0.000000 -0.279751 0.519005 1.0000 1.0000 1.0000 1.0000
v -0.607207 -0.103122 0.313286 0.0642 0.0642 0.0642 1.0000
v -0.568144 0.017553 0.355677 0.0642 0.0642 0.0642 1.0000
v -0.803402 0.027747 0.168261 0.0642 0.0642 0.0642 1.0000
v -0.152518 -0.129318 0.727872 0.0642 0.0642 0.0642 1.0000
v -0.167775 -0.028986 0.790895 0.0642 0.0642 0.0642 1.0000
v -0.357428 0.001448 0.429671 0.0642 0.0642 0.0642 1.0000
v -0.388590 0.189255 0.293280 0.0000 0.0000 0.0000 1.0000
v -0.454638 0.189890 0.242491 0.0000 0.0000 0.0000 1.0000
v -0.568144 0.017553 0.355677 0.0000 0.0000 0.0000 1.0000
v -0.656097 0.365531 0.099171 0.0642 0.0642 0.0642 1.0000
v -0.793040 0.451763 -0.240961 0.0642 0.0642 0.0642 1.0000
v -0.866074 0.350537 -0.189128 0.0642 0.0642 0.0642 1.0000
v 0.000000 0.522101 0.229014 0.0642 0.0642 0.0642 1.0000
v 0.000000 0.787171 -0.212011 0.0642 0.0642 0.0642 1.0000
v -0.213625 0.762213 -0.168830 0.0642 0.0642 0.0642 1.0000
v -0.953431 0.209246 -0.361004 0.0642 0.0642 0.0642 1.0000
v -1.004587 0.266024 -0.172661 0.0642 0.0642 0.0642 1.0000
v -0.866074 0.350537 -0.189128 0.0642 0.0642 0.0642 1.0000
v -0.940340 -0.061715 -0.000859 0.0642 0.0642 0.0642 1.0000
v -0.804909 -0.077517 0.141930 0.0642 0.0642 0.0642 1.0000
v -0.803402 0.027747 0.168261 0.0642 0.0642 0.0642 1.0000
v -1.077478 -0.042710 -0.153663 0.0642 0.0642 0.0642 1.0000
v -1.164991 0.204468 -0.159790 0.0642 0.0642 0.0642 1.0000
v -1.018659 0.082403 -0.353999 0.0642 0.0642 0.0642 1.0000
v -0.221048 0.497187 0.199699 0.0642 0.0642 0.0642 1.0000
v -0.213625 0.762213 -0.168830 0.0642 0.0642 0.0642 1.0000
v -0.538460 0.610499 -0.168830 0.0642 0.0642 0.0642 1.0000
v -0.111084 0.106899 0.748857 0.0642 0.0642 0.0642 1.0000
v -0.145607 0.282847 0.355706 0.0642 0.0642 0.0642 1.0000
v -0.254746 0.174705 0.396460 0.0642 0.0642 0.0642 1.0000
v -0.502492 -0.366163 0.093471 1.0000 1.0000 1.0000 1.0000
v -0.369950 -0.420366 0.082886 1.0000 1.0000 1.0000 1.0000
v -0.297325 -0.383718 0.223872 1.0000 1.0000 1.0000 1.0000
v -0.494470 -0.448736 -0.419691 1.0000 1.0000 1.0000 1.0000
v -0.464109 -0.471222 -0.143565 1.0000 1.0000 1.0000 1.0000
v -0.611876 -0.405027 -0.143565 1.0000 1.0000 1.0000 1.0000
v -0.874632 0.353562 -0.375715 0.0642 0.0642 0.0642 1.0000
v -0.866074 0.350537 -0.189128 0.0642 0.0642 0.0642 1.0000
v -0.793040 0.451763 -0.240961 0.0642 0.0642 0.0642 1.0000
v -0.754319 -0.161830 -0.709707 0.0642 0.0642 0.0642 1.0000
v -0.865687 -0.127497 -0.630254 0.0642 0.0642 0.0642 1.0000
v -0.861612 0.026563 -0.662046 0.0642 0.0642 0.0642 1.0000
v -0.372808 0.026563 -1.028071 0.0642 0.0642 0.0642 1.0000
v -0.608949 0.026563 -0.893083 0.0642 0.0642 0.0642 1.0000
v -0.594500 0.277708 -0.865304 0.0642 0.0642 0.0642 1.0000
v -0.784512 -0.338929 -0.348291 1.0000 1.0000 1.0000 1.0000
v -0.876817 -0.255447 -0.326520 1.0000 1.0000 1.0000 1.0000
v -0.844157 -0.238368 -0.511799 1.0000 1.0000 1.0000 1.0000
v -1.077478 -0.042710 -0.153663 0.0642 0.0642 0.0642 1.0000
v -0.940340 -0.061715 -0.000859 0.0642 0.0642 0.0642 1.0000
v -0.945000 0.071266 0.013181 0.0642 0.0642 0.0642 1.0000
v -0.907849 0.193334 0.016532 0.0642 0.0642 0.0642 1.0000
v -0.763463 0.287820 0.080197 0.0642 0.0642 0.0642 1.0000
v -0.866074 0.350537 -0.189128 0.0642 0.0642 0.0642 1.0000
v 0.000000 0.522101 0.229014 0.0642 0.0642 0.0642 1.0000
v -0.221048 0.497187 0.199699 0.0642 0.0642 0.0642 1.0000
v -0.145607 0.282847 0.355706 0.0642 0.0642 0.0642 1.0000
v -1.018659 0.082403 -0.353999 0.0642 0.0642 0.0642 1.0000
v -0.953431 0.209246 -0.361004 0.0642 0.0642 0.0642 1.0000
v -0.851180 0.185962 -0.612219 0.0642 0.0642 0.0642 1.0000
v -0.765546 -0.346830 -0.143565 1.0000 1.0000 1.0000 1.0000
v -0.659154 -0.306383 0.064463 1.0000 1.0000 1.0000 1.0000
v -0.828581 -0.222787 -0.010948 1.0000 1.0000 1.0000 1.0000
v -0.613498 -0.191462 -0.816620 0.0642 0.0642 0.0642 1.0000
v -0.754319 -0.161830 -0.709707 0.0642 0.0642 0.0642 1.0000
v -0.749213 0.026563 -0.755334 0.0642 0.0642 0.0642 1.0000
v -0.611876 -0.405027 -0.143565 1.0000 1.0000 1.0000 1.0000
v -0.502492 -0.366163 0.093471 1.0000 1.0000 1.0000 1.0000
v -0.659154 -0.306383 0.064463 1.0000 1.0000 1.0000 1.0000
v -0.502569 0.424778 0.147653 0.0000 0.0000 0.0000 1.0000
v -0.468488 0.325849 0.183625 0.0000 0.0000 0.0000 1.0000
v -0.390417 0.332484 0.229690 0.0000 0.0000 0.0000 1.0000
v -0.661804 -0.398469 -0.378762 1.0000 1.0000 1.0000 1.0000
v -0.784512 -0.338929 -0.348291 1.0000 1.0000 1.0000 1.0000
v -0.733821 -0.307035 -0.577417 1.0000 1.0000 1.0000 1.0000
v -0.502569 0.424778 0.147653 0.0000 0.0000 0.0000 1.0000
v -0.656097 0.365531 0.099171 0.0000 0.0000 0.0000 1.0000
v -0.525804 0.271798 0.170462 0.0000 0.0000 0.0000 1.0000
v -0.793066 0.680929 -0.223664 0.0642 0.0642 0.0642 1.0000
v -0.728623 0.725852 -0.339678 0.0642 0.0642 0.0642 1.0000
v -0.701639 0.504176 -0.362673 0.0642 0.0642 0.0642 1.0000
v -0.538460 0.610499 -0.168830 0.0642 0.0642 0.0642 1.0000
v -0.793040 0.451763 -0.240961 0.0642 0.0642 0.0642 1.0000
v -0.656097 0.365531 0.099171 0.0642 0.0642 0.0642 1.0000
v -0.376775 -0.131684 0.402493 0.0642 0.0642 0.0642 1.0000
v -0.357428 0.001448 0.429671 0.0642 0.0642 0.0642 1.0000
v -0.568144 0.017553 0.355677 0.0642 0.0642 0.0642 1.0000
v -0.502492 -0.366163 0.093471 1.0000 1.0000 1.0000 1.0000
v -0.349817 -0.264815 0.330508 1.0000 1.0000 1.0000 1.0000
v -0.565771 -0.223798 0.226088 1.0000 1.0000 1.0000 1.0000
v -0.525804 0.271798 0.170462 0.0000 0.0000 0.0000 1.0000
v -0.656097 0.365531 0.099171 0.0000 0.0000 0.0000 1.0000
v -0.763463 0.287820 0.080197 0.0000 0.0000 0.0000 1.0000
v -0.763463 0.287820 0.080197 0.0000 0.0000 0.0000 1.0000
v -0.822419 0.162550 0.115591 0.0000 0.0000 0.0000 1.0000
v -0.516309 0.219302 0.186937 0.0000 0.0000 0.0000 1.0000
v -0.568144 0.017553 0.355677 0.0000 0.0000 0.0000 1.0000
v -0.454638 0.189890 0.242491 0.0000 0.0000 0.0000 1.0000
v -0.516309 0.219302 0.186937 0.0000 0.0000 0.0000 1.0000
v -0.516309 0.219302 0.186937 0.0000 0.0000 0.0000 1.0000
v -0.822419 0.162550 0.115591 0.0000 0.0000 0.0000 1.0000
v -0.803402 0.027747 0.168261 0.0000 0.0000 0.0000 1.0000
v -0.388590 0.189255 0.293280 0.0000 0.0000 0.0000 1.0000
v -0.357428 0.001448 0.429671 0.0000 0.0000 0.0000 1.0000
v -0.254746 0.174705 0.396460 0.0000 0.0000 0.0000 1.0000
v 0.000000 -0.143306 0.824518 0.0642 0.0642 0.0642 1.0000
v 0.000000 -0.056962 0.895725 0.0642 0.0642 0.0642 1.0000
v -0.167775 -0.028986 0.790895 0.0642 0.0642 0.0642 1.0000
v -0.145607 0.282847 0.355706 0.0000 0.0000 0.0000 1.0000
v -0.325849 0.297654 0.285441 0.0000 0.0000 0.0000 1.0000
v -0.297671 0.210703 0.316806 0.0000 0.0000 0.0000 1.0000
v -0.171095 0.038520 0.803531 0.0000 0.0000 0.0000 1.0000
v 0.000000 0.041677 0.908253 0.0000 0.0000 0.0000 1.0000
v 0.000000 0.124760 0.842073 0.0000 0.0000 0.0000 1.0000
v 0.000000 0.317964 0.366474 0.0642 0.0642 0.0642 1.0000
v -0.145607 0.282847 0.355706 0.0642 0.0642 0.0642 1.0000
v -0.111084 0.106899 0.748857 0.0642 0.0642 0.0642 1.0000
v -0.167775 -0.028986 0.790895 0.0000 0.0000 0.0000 1.0000
v 0.000000 -0.056962 0.895725 0.0000 0.0000 0.0000 1.0000
v 0.000000 0.041677 0.908253 0.0000 0.0000 0.0000 1.0000
v -0.608949 0.026563 -0.893083 0.0642 0.0642 0.0642 1.0000
v -0.749213 0.026563 -0.755334 0.0642 0.0642 0.0642 1.0000
v -0.744504 0.216788 -0.730443 0.0642 0.0642 0.0642 1.0000
v -0.765546 -0.346830 -0.143565 1.0000 1.0000 1.0000 1.0000
v -0.784512 -0.338929 -0.348291 1.0000 1.0000 1.0000 1.0000
v -0.661804 -0.398469 -0.378762 1.0000 1.0000 1.0000 1.0000
v -0.765546 -0.346830 -0.143565 1.0000 1.0000 1.0000 1.0000
v -0.884930 -0.259580 -0.143565 1.0000 1.0000 1.0000 1.0000
v -0.876817 -0.255447 -0.326520 1.0000 1.0000 1.0000 1.0000
v -0.861612 0.026563 -0.662046 0.0642 0.0642 0.0642 1.0000
v -0.851180 0.185962 -0.612219 0.0642 0.0642 0.0642 1.0000
v -0.744504 0.216788 -0.730443 0.0642 0.0642 0.0642 1.0000
v -0.618046 -0.366299 -0.653494 1.0000 1.0000 1.0000 1.0000
v -0.391872 -0.402598 -0.738462 1.0000 1.0000 1.0000 1.0000
v -0.494470 -0.448736 -0.419691 1.0000 1.0000 1.0000 1.0000
v -0.970648 -0.078436 -0.343086 0.0642 0.0642 0.0642 1.0000
v -1.018659 0.082403 -0.353999 0.0642 0.0642 0.0642 1.0000
v -0.861612 0.026563 -0.662046 0.0642 0.0642 0.0642 1.0000
v -0.826156 0.324048 -0.532980 0.0642 0.0642 0.0642 1.0000
v -0.874632 0.353562 -0.375715 0.0642 0.0642 0.0642 1.0000
v -0.755681 0.446747 -0.432004 0.0642 0.0642 0.0642 1.0000
v 0.000000 0.742050 -0.517952 0.0642 0.0642 0.0642 1.0000
v -0.335920 0.697588 -0.476538 0.0642 0.0642 0.0642 1.0000
v -0.213625 0.762213 -0.168830 0.0642 0.0642 0.0642 1.0000
v -0.644747 0.798569 -0.419197 0.0642 0.0642 0.0642 1.0000
v -0.485797 0.886549 -0.342356 0.0642 0.0642 0.0642 1.0000
v -0.385398 0.701658 -0.393556 0.0642 0.0642 0.0642 1.0000
v -0.349861 0.785957 -0.172314 0.0642 0.0642 0.0642 1.0000
v -0.213625 0.762213 -0.168830 0.0642 0.0642 0.0642 1.0000
v -0.406371 0.962218 -0.173259 0.0642 0.0642 0.0642 1.0000
v -0.406371 0.962218 -0.173259 0.0642 0.0642 0.0642 1.0000
v -0.750372 1.231404 -0.179914 0.0642 0.0642 0.0642 1.0000
v -0.582933 0.988287 -0.174184 0.0642 0.0642 0.0642 1.0000
v -0.750372 1.231404 -0.179914 0.0642 0.0642 0.0642 1.0000
v -0.699946 1.061191 -0.177378 0.0642 0.0642 0.0642 1.0000
v -0.582933 0.988287 -0.174184 0.0642 0.0642 0.0642 1.0000
v -0.724426 0.591977 -0.207983 0.0642 0.0642 0.0642 1.0000
v -0.730873 0.748570 -0.196405 0.0642 0.0642 0.0642 1.0000
v -0.793066 0.680929 -0.223664 0.0642 0.0642 0.0642 1.0000
v -0.716947 0.898175 -0.184560 0.0642 0.0642 0.0642 1.0000
v -0.699946 1.061191 -0.177378 0.0642 0.0642 0.0642 1.0000
v -0.750372 1.231404 -0.179914 0.0642 0.0642 0.0642 1.0000
v -0.750372 1.231404 -0.179914 0.0642 0.0642 0.0642 1.0000
v -0.793066 0.680929 -0.223664 0.0642 0.0642 0.0642 1.0000
v -0.716947 0.898175 -0.184560 0.0642 0.0642 0.0642 1.0000
v -0.538460 0.610499 -0.168830 0.0642 0.0642 0.0642 1.0000
v -0.563902 0.672772 -0.171148 0.0642 0.0642 0.0642 1.0000
v -0.724426 0.591977 -0.207983 0.0642 0.0642 0.0642 1.0000
v -0.538460 0.610499 -0.168830 0.0642 0.0642 0.0642 1.0000
v -0.213625 0.762213 -0.168830 0.0642 0.0642 0.0642 1.0000
v -0.349861 0.785957 -0.172314 0.0642 0.0642 0.0642 1.0000
v -0.488250 0.894599 -0.225055 0.0000 0.0000 0.0000 1.0000
v -0.590547 0.496555 -0.713243 0.0642 0.0642 0.0642 1.0000
v -0.360375 0.584356 -0.798837 0.0642 0.0642 0.0642 1.0000
v -0.369061 0.340269 -0.970475 0.0642 0.0642 0.0642 1.0000
v -0.369061 0.340269 -0.970475 0.0642 0.0642 0.0642 1.0000
v -0.360375 0.584356 -0.798837 0.0642 0.0642 0.0642 1.0000
v 0.000000 0.632837 -0.872343 0.0642 0.0642 0.0642 1.0000
v -0.747235 0.408065 -0.618248 0.0642 0.0642 0.0642 1.0000
v -0.590547 0.496555 -0.713243 0.0642 0.0642 0.0642 1.0000
v -0.594500 0.277708 -0.865304 0.0642 0.0642 0.0642 1.0000
v -0.826156 0.324048 -0.532980 0.0642 0.0642 0.0642 1.0000
v -0.747235 0.408065 -0.618248 0.0642 0.0642 0.0642 1.0000
v -0.744504 0.216788 -0.730443 0.0642 0.0642 0.0642 1.0000
v -0.953431 0.209246 -0.361004 0.0642 0.0642 0.0642 1.0000
v -0.874632 0.353562 -0.375715 0.0642 0.0642 0.0642 1.0000
v -0.826156 0.324048 -0.532980 0.0642 0.0642 0.0642 1.0000
v -1.018659 0.082403 -0.353999 0.0642 0.0642 0.0642 1.0000
v -1.164991 0.204468 -0.159790 0.0642 0.0642 0.0642 1.0000
v -1.004587 0.266024 -0.172661 0.0642 0.0642 0.0642 1.0000
v -0.945000 0.071266 0.013181 0.0642 0.0642 0.0642 1.0000
v -0.907849 0.193334 0.016532 0.0642 0.0642 0.0642 1.0000
v -1.004587 0.266024 -0.172661 0.0642 0.0642 0.0642 1.0000
v -0.945000 0.071266 0.013181 0.0642 0.0642 0.0642 1.0000
v -0.803402 0.027747 0.168261 0.0642 0.0642 0.0642 1.0000
v -0.822419 0.162550 0.115591 0.0642 0.0642 0.0642 1.0000
v -0.728623 0.725852 -0.339678 0.0642 0.0642 0.0642 1.0000
v -0.644747 0.798569 -0.419197 0.0642 0.0642 0.0642 1.0000
v -0.600827 0.568510 -0.468191 0.0642 0.0642 0.0642 1.0000
v -0.485797 0.886549 -0.342356 0.0642 0.0642 0.0642 1.0000
v -0.406371 0.962218 -0.173259 0.0642 0.0642 0.0642 1.0000
v -0.213625 0.762213 -0.168830 0.0642 0.0642 0.0642 1.0000
v -0.844157 -0.238368 -0.511799 1.0000 1.0000 1.0000 1.0000
v -0.876817 -0.255447 -0.326520 1.0000 1.0000 1.0000 1.0000
v -0.970648 -0.078436 -0.343086 1.0000 1.0000 1.0000 1.0000
v 0.000000 -0.229650 0.702102 1.0000 1.0000 1.0000 1.0000
v 0.000000 -0.143306 0.824518 1.0000 1.0000 1.0000 1.0000
v -0.152518 -0.129318 0.727872 1.0000 1.0000 1.0000 1.0000
v -0.376775 -0.131684 0.402493 1.0000 1.0000 1.0000 1.0000
v -0.607207 -0.103122 0.313286 1.0000 1.0000 1.0000 1.0000
v -0.565771 -0.223798 0.226088 1.0000 1.0000 1.0000 1.0000
v -0.618046 -0.366299 -0.653494 1.0000 1.0000 1.0000 1.0000
v -0.733821 -0.307035 -0.577417 1.0000 1.0000 1.0000 1.0000
v -0.754319 -0.161830 -0.709707 1.0000 1.0000 1.0000 1.0000
v -0.884930 -0.259580 -0.143565 1.0000 1.0000 1.0000 1.0000
v -0.828581 -0.222787 -0.010948 1.0000 1.0000 1.0000 1.0000
v -0.940340 -0.061715 -0.000859 1.0000 1.0000 1.0000 1.0000
v -0.733821 -0.307035 -0.577417 1.0000 1.0000 1.0000 1.0000
v -0.844157 -0.238368 -0.511799 1.0000 1.0000 1.0000 1.0000
v -0.865687 -0.127497 -0.630254 1.0000 1.0000 1.0000 1.0000
v -0.884930 -0.259580 -0.143565 1.0000 1.0000 1.0000 1.0000
v -1.077478 -0.042710 -0.153663 1.0000 1.0000 1.0000 1.0000
v -0.970648 -0.078436 -0.343086 1.0000 1.0000 1.0000 1.0000
v -0.828581 -0.222787 -0.010948 1.0000 1.0000 1.0000 1.0000
v -0.738232 -0.182781 0.105417 1.0000 1.0000 1.0000 1.0000
v -0.804909 -0.077517 0.141930 1.0000 1.0000 1.0000 1.0000
v -0.607207 -0.103122 0.313286 1.0000 1.0000 1.0000 1.0000
v -0.804909 -0.077517 0.141930 1.0000 1.0000 1.0000 1.0000
v -0.738232 -0.182781 0.105417 1.0000 1.0000 1.0000 1.0000
v -0.357428 0.001448 0.429671 0.0642 0.0642 0.0642 1.0000
v -0.167775 -0.028986 0.790895 0.0642 0.0642 0.0642 1.0000
v -0.171095 0.038520 0.803531 0.0642 0.0642 0.0642 1.0000
v -0.382340 -0.209612 -0.926598 0.0642 0.0642 0.0642 1.0000
v -0.613498 -0.191462 -0.816620 0.0642 0.0642 0.0642 1.0000
v -0.608949 0.026563 -0.893083 0.0642 0.0642 0.0642 1.0000
v 0.000000 -0.216751 -1.040953 0.0642 0.0642 0.0642 1.0000
v -0.382340 -0.209612 -0.926598 0.0642 0.0642 0.0642 1.0000
v -0.372808 0.026563 -1.028071 0.0642 0.0642 0.0642 1.0000
v -0.464109 -0.471222 -0.143565 1.0000 1.0000 1.0000 1.0000
v -0.369950 -0.420366 0.082886 1.0000 1.0000 1.0000 1.0000
v -0.502492 -0.366163 0.093471 1.0000 1.0000 1.0000 1.0000
v -0.494470 -0.448736 -0.419691 1.0000 1.0000 1.0000 1.0000
v 0.000000 -0.498838 -0.452246 1.0000 1.0000 1.0000 1.0000
v 0.000000 -0.521323 -0.176120 1.0000 1.0000 1.0000 1.0000
v -0.391872 -0.402598 -0.738462 1.0000 1.0000 1.0000 1.0000
v 0.000000 -0.416876 -0.833197 1.0000 1.0000 1.0000 1.0000
v 0.000000 -0.498838 -0.452246 1.0000 1.0000 1.0000 1.0000
v -0.140631 -0.229650 0.613642 1.0000 1.0000 1.0000 1.0000
v 0.000000 -0.279751 0.519005 1.0000 1.0000 1.0000 1.0000
v 0.000000 -0.266556 0.615712 1.0000 1.0000 1.0000 1.0000
v -0.297325 -0.383718 0.223872 1.0000 1.0000 1.0000 1.0000
v -0.369950 -0.420366 0.082886 1.0000 1.0000 1.0000 1.0000
v 0.000000 -0.469340 0.078925 1.0000 1.0000 1.0000 1.0000
v 0.000000 -0.521323 -0.176120 1.0000 1.0000 1.0000 1.0000
v 0.000000 -0.469340 0.078925 1.0000 1.0000 1.0000 1.0000
v -0.369950 -0.420366 0.082886 1.0000 1.0000 1.0000 1.0000
v -0.712245 0.760814 -0.244596 0.0000 0.0000 0.0000 1.0000
v -0.706749 0.627327 -0.254466 0.0000 0.0000 0.0000 1.0000
v -0.569911 0.696201 -0.223066 0.0000 0.0000 0.0000 1.0000
v -0.569911 0.696201 -0.223066 0.0000 0.0000 0.0000 1.0000
v -0.387452 0.792685 -0.224061 0.0000 0.0000 0.0000 1.0000
v -0.488250 0.894599 -0.225055 0.0000 0.0000 0.0000 1.0000
v -0.488250 0.894599 -0.225055 0.0000 0.0000 0.0000 1.0000
v -0.586134 0.965161 -0.225654 0.0000 0.0000 0.0000 1.0000
v -0.700374 0.888345 -0.234500 0.0000 0.0000 0.0000 1.0000
v -0.586134 0.965161 -0.225654 0.0000 0.0000 0.0000 1.0000
v -0.685881 1.027308 -0.228377 0.0000 0.0000 0.0000 1.0000
v -0.700374 0.888345 -0.234500 0.0000 0.0000 0.0000 1.0000
v -0.700374 0.888345 -0.234500 0.0000 0.0000 0.0000 1.0000
v -0.712245 0.760814 -0.244596 0.0000 0.0000 0.0000 1.0000
v -0.569911 0.696201 -0.223066 0.0000 0.0000 0.0000 1.0000
v -0.569911 0.696201 -0.223066 0.0000 0.0000 0.0000 1.0000
v -0.586134 0.965161 -0.225654 0.0000 0.0000 0.0000 1.0000
v -0.569911 0.696201 -0.223066 0.0000 0.0000 0.0000 1.0000
v -0.488250 0.894599 -0.225055 0.0000 0.0000 0.0000 1.0000
v -0.700374 0.888345 -0.234500 0.0000 0.0000 0.0000 1.0000
v -0.712245 0.760814 -0.244596 0.0000 0.0000 0.0000 1.0000
v -0.712245 0.760814 -0.244596 0.0000 0.0000 0.0000 1.0000
v -0.441719 0.208112 0.207264 1.0000 1.0000 1.0000 1.0000
v -0.493349 0.233496 0.159233 1.0000 1.0000 1.0000 1.0000
v -0.516309 0.219302 0.186937 1.0000 1.0000 1.0000 1.0000
v -0.381547 0.207258 0.254587 1.0000 1.0000 1.0000 1.0000
v -0.315828 0.222873 0.265030 1.0000 1.0000 1.0000 1.0000
v -0.334518 0.282679 0.249254 1.0000 1.0000 1.0000 1.0000
v -0.381547 0.207258 0.254587 1.0000 1.0000 1.0000 1.0000
v -0.441719 0.208112 0.207264 1.0000 1.0000 1.0000 1.0000
v -0.454638 0.189890 0.242491 1.0000 1.0000 1.0000 1.0000
v -0.493349 0.233496 0.159233 1.0000 1.0000 1.0000 1.0000
v -0.490808 0.263072 0.158348 1.0000 1.0000 1.0000 1.0000
v -0.525804 0.271798 0.170462 1.0000 1.0000 1.0000 1.0000
v -0.490808 0.263072 0.158348 1.0000 1.0000 1.0000 1.0000
v -0.457566 0.306926 0.160693 1.0000 1.0000 1.0000 1.0000
v -0.468488 0.325849 0.183625 1.0000 1.0000 1.0000 1.0000
v -0.315828 0.222873 0.265030 1.0000 1.0000 1.0000 1.0000
v -0.381547 0.207258 0.254587 1.0000 1.0000 1.0000 1.0000
v -0.388590 0.189255 0.293280 1.0000 1.0000 1.0000 1.0000
v -0.468488 0.325849 0.183625 1.0000 1.0000 1.0000 1.0000
v -0.457566 0.306926 0.160693 1.0000 1.0000 1.0000 1.0000
v -0.390241 0.312735 0.200575 1.0000 1.0000 1.0000 1.0000
v -0.325849 0.297654 0.285441 1.0000 1.0000 1.0000 1.0000
v -0.334518 0.282679 0.249254 1.0000 1.0000 1.0000 1.0000
v -0.315828 0.222873 0.265030 1.0000 1.0000 1.0000 1.0000
v -0.390417 0.332484 0.229690 1.0000 1.0000 1.0000 1.0000
v -0.390241 0.312735 0.200575 1.0000 1.0000 1.0000 1.0000
v -0.334518 0.282679 0.249254 1.0000 1.0000 1.0000 1.0000
v -0.140631 -0.229650 0.613642 1.0000 1.0000 1.0000 1.0000
v -0.152518 -0.129318 0.727872 1.0000 1.0000 1.0000 1.0000
v -0.376775 -0.131684 0.402493 1.0000 1.0000 1.0000 1.0000
v -0.490808 0.263072 0.158348 1.0000 1.0000 1.0000 1.0000
v -0.493349 0.233496 0.159233 1.0000 1.0000 1.0000 1.0000
v -0.441719 0.208112 0.207264 1.0000 1.0000 1.0000 1.0000
v -0.441719 0.208112 0.207264 1.0000 1.0000 1.0000 1.0000
v -0.381547 0.207258 0.254587 1.0000 1.0000 1.0000 1.0000
v -0.390241 0.312735 0.200575 1.0000 1.0000 1.0000 1.0000
vt 0.687500 0.269682
vt 0.645872 0.207266
vt 0.640249 0.268953
vt 0.607601 0.500000
vt 0.500000 0.333333
vt 0.500000 0.500000
vt 0.687500 0.500000
vt 0.637703 0.333333
vt 0.636252 0.500000
vt 0.687500 0.333333
vt 0.640249 0.268953
vt 0.637703 0.333333
vt 0.437500 0.333333
vt 0.375000 0.500000
vt 0.437500 0.500000
vt 0.437500 0.263890
vt 0.375000 0.333333
vt 0.437500 0.333333
vt 0.125000 0.333333
vt 0.183322 0.333333
vt 0.125000 0.250000
vt 0.875000 0.288310
vt 0.812500 0.333333
vt 0.875000 0.333333
vt 0.187500 0.208333
vt 0.125000 0.166667
vt 0.125000 0.208333
vt 0.125000 0.333333
vt 0.183322 0.333333
vt 0.125000 0.333333
vt 0.062500 0.208333
vt 0.000000 0.166667
vt 0.000000 0.208333
vt 0.082570 0.333333
vt 0.000000 0.250000
vt 0.040139 0.333333
vt 1.000000 0.208333
vt 0.906544 0.250000
vt 1.000000 0.250000
vt 0.812500 0.208333
vt 0.750000 0.166667
vt 0.736546 0.221540
vt 0.812500 0.500000
vt 0.750000 0.333333
vt 0.750000 0.500000
vt 0.651044 0.166667
vt 0.812500 0.166667
vt 0.875000 0.166667
vt 0.607669 0.166667
vt 0.750000 0.166667
vt 0.656124 0.166667
vt 0.218750 0.166667
vt 0.000000 0.166667
vt 0.062500 0.166667
vt 0.500000 0.166667
vt 0.375000 0.166667
vt 0.406250 0.166667
vt 0.812500 0.333333
vt 0.750000 0.270646
vt 0.750000 0.333333
vt 0.984121 0.333333
vt 0.948802 0.303251
vt 0.875000 0.333333
vt 0.187500 0.250000
vt 0.183322 0.333333
vt 0.204990 0.333333
vt 0.250000 0.250000
vt 0.312500 0.333333
vt 0.312500 0.244658
vt 0.736546 0.221540
vt 0.687500 0.166667
vt 0.687500 0.207692
vt 0.437500 0.212070
vt 0.500000 0.166667
vt 0.437500 0.166667
vt 0.600905 0.267971
vt 0.500000 0.333333
vt 0.605203 0.333333
vt 0.312500 0.205662
vt 0.375000 0.166667
vt 0.312500 0.166667
vt 0.375000 0.166667
vt 0.250000 0.166667
vt 0.218750 0.166667
vt 0.750000 0.166667
vt 0.651044 0.166667
vt 0.656124 0.166667
vt 0.875000 0.333333
vt 0.812500 0.500000
vt 0.875000 0.500000
vt 0.588659 0.166667
vt 0.500000 0.166667
vt 0.500000 0.166667
vt 0.250000 0.208333
vt 0.187500 0.166667
vt 0.187500 0.208333
vt 0.437500 0.263890
vt 0.500000 0.204476
vt 0.437500 0.212070
vt 0.250000 0.250000
vt 0.187500 0.208333
vt 0.187500 0.250000
vt 0.869047 0.273348
vt 0.812500 0.250000
vt 0.812500 0.333333
vt 0.312500 0.244658
vt 0.375000 0.219664
vt 0.312500 0.205662
vt 0.867497 0.242671
vt 0.812500 0.250000
vt 0.859758 0.250000
vt 0.713118 0.244536
vt 0.716411 0.241304
vt 0.736546 0.221540
vt 0.812500 0.208333
vt 0.750000 0.270646
vt 0.812500 0.250000
vt 0.062500 0.250000
vt 0.000000 0.208333
vt 0.000000 0.250000
vt 0.187500 0.250000
vt 0.125000 0.208333
vt 0.125000 0.250000
vt 0.875000 0.235565
vt 0.875000 0.166667
vt 0.812500 0.166667
vt 1.000000 0.166667
vt 0.875000 0.166667
vt 0.875000 0.235565
vt 0.906544 0.250000
vt 0.951247 0.304618
vt 1.000000 0.250000
vt 0.079251 0.500000
vt 0.040139 0.333333
vt 0.033502 0.500000
vt 0.875000 0.333333
vt 0.890772 0.269155
vt 0.875000 0.288310
vt 0.000000 0.435404
vt 0.018229 0.333333
vt 0.000000 0.333333
vt 0.984121 0.333333
vt 0.875000 0.500000
vt 0.985411 0.500000
vt 0.014364 0.463100
vt 0.025580 0.333333
vt 0.018229 0.333333
vt 0.500000 0.264842
vt 0.594736 0.206428
vt 0.500000 0.204476
vt 0.312500 0.244658
vt 0.250000 0.208333
vt 0.250000 0.250000
vt 0.250000 0.208333
vt 0.312500 0.166667
vt 0.250000 0.166667
vt 0.594736 0.206428
vt 0.500000 0.166667
vt 0.500000 0.204476
vt 0.375000 0.262938
vt 0.312500 0.333333
vt 0.375000 0.333333
vt 0.500000 0.166667
vt 0.406250 0.166667
vt 0.437500 0.166667
vt 0.687500 0.207692
vt 0.654366 0.166667
vt 0.645872 0.207266
vt 0.750000 0.333333
vt 0.687500 0.500000
vt 0.750000 0.500000
vt 0.721543 0.304352
vt 0.687500 0.269682
vt 0.687500 0.269682
vt 0.726509 0.276722
vt 0.719282 0.302050
vt 0.750000 0.333333
vt 0.719282 0.302050
vt 0.687500 0.269682
vt 0.703460 0.285936
vt 0.719282 0.302050
vt 0.718493 0.283037
vt 0.715157 0.278009
vt 0.716411 0.241304
vt 0.725867 0.263297
vt 0.736546 0.221540
vt 0.687500 0.269682
vt 0.687500 0.333333
vt 0.721543 0.304352
vt 0.736546 0.221540
vt 0.687500 0.207692
vt 0.713118 0.244536
vt 0.710202 0.262743
vt 0.716411 0.241304
vt 0.687500 0.269682
vt 0.750000 0.270646
vt 0.725867 0.263297
vt 0.734525 0.270408
vt 0.726509 0.276722
vt 0.750000 0.270646
vt 0.734525 0.270408
vt 0.718493 0.283037
vt 0.715157 0.278009
vt 0.715157 0.278009
vt 0.687500 0.269682
vt 0.687500 0.269682
vt 0.701205 0.256230
vt 0.605203 0.333333
vt 0.640249 0.268953
vt 0.600905 0.267971
vt 0.605203 0.333333
vt 0.636252 0.500000
vt 0.637703 0.333333
vt 0.600905 0.267971
vt 0.645872 0.207266
vt 0.594736 0.206428
vt 0.594736 0.206428
vt 0.654366 0.166667
vt 0.588659 0.166667
vt 0.654366 0.166667
vt 0.607669 0.166667
vt 0.588659 0.166667
vt 0.500000 0.166667
vt 0.656124 0.166667
vt 0.500000 0.166667
vt 0.656124 0.166667
vt 0.250000 0.166667
vt 0.500000 0.166667
vt 0.250000 0.166667
vt 0.875000 0.166667
vt 0.000000 0.166667
vt 0.701205 0.256230
vt 0.687500 0.269682
vt 0.687500 0.269682
vt 0.701205 0.256230
vt 0.687500 0.269682
vt 0.716411 0.241304
vt 0.713118 0.244536
vt 0.687500 0.207692
vt 0.687500 0.269682
vt 0.721543 0.304352
vt 0.687500 0.333333
vt 0.750000 0.333333
vt 0.703460 0.285936
vt 0.687500 0.269682
vt 0.687500 0.269682
vt 0.703460 0.285936
vt 0.750000 0.333333
vt 0.719282 0.302050
vt 0.375000 0.166667
vt 0.406250 0.166667
vt 0.312500 0.166667
vt 0.125000 0.500000
vt 0.082570 0.333333
vt 0.079251 0.500000
vt 0.125000 0.208333
vt 0.062500 0.250000
vt 0.125000 0.250000
vt 0.375000 0.262938
vt 0.437500 0.212070
vt 0.375000 0.219664
vt 0.250000 0.166667
vt 0.218750 0.166667
vt 0.187500 0.166667
vt 0.375000 0.219664
vt 0.437500 0.166667
vt 0.375000 0.166667
vt 0.406250 0.166667
vt 0.250000 0.166667
vt 0.312500 0.166667
vt 0.187500 0.166667
vt 0.062500 0.166667
vt 0.125000 0.166667
vt 0.125000 0.166667
vt 0.062500 0.208333
vt 0.125000 0.208333
vt 1.000000 0.250000
vt 0.994146 0.329885
vt 1.000000 0.321545
vt 0.500000 0.264842
vt 0.437500 0.333333
vt 0.500000 0.333333
vt 0.500000 0.333333
vt 0.437500 0.500000
vt 0.500000 0.500000
vt 0.187500 0.250000
vt 0.250000 0.333333
vt 0.250000 0.250000
vt 0.312500 0.333333
vt 0.250000 0.333333
vt 0.312500 0.333333
vt 0.375000 0.333333
vt 0.312500 0.333333
vt 0.375000 0.333333
vt 0.125000 0.333333
vt 0.125000 0.500000
vt 0.125000 0.333333
vt 0.183322 0.333333
vt 0.203943 0.333333
vt 0.204990 0.333333
vt 0.204990 0.333333
vt 0.250000 0.333333
vt 0.250000 0.333333
vt 0.718493 0.283037
vt 0.726509 0.276722
vt 0.734525 0.270408
vt 0.734525 0.270408
vt 0.725867 0.263297
vt 0.734525 0.270408
vt 0.715157 0.278009
vt 0.699793 0.269872
vt 0.699793 0.269872
vt 0.734525 0.270408
vt 0.726509 0.276722
vt 0.726509 0.276722
vt 0.718493 0.283037
vt 0.726509 0.276722
vt 0.718493 0.283037
vt 0.710202 0.262743
vt 0.699793 0.269872
vt 0.710202 0.262743
vt 0.717209 0.256186
vt 0.710202 0.262743
vt 0.717209 0.256186
vt 0.717209 0.256186
vt 0.725867 0.263297
vt 0.725867 0.263297
vt 0.875000 0.235565
vt 0.889193 0.246639
vt 0.892944 0.243776
vt 0.878531 0.280793
vt 0.899301 0.254584
vt 0.871342 0.269543
vt 0.892944 0.243776
vt 0.899301 0.254584
vt 0.906544 0.250000
vt 0.867497 0.242671
vt 0.875011 0.240462
vt 0.875000 0.235565
vt 0.859758 0.250000
vt 0.870850 0.244514
vt 0.867497 0.242671
vt 0.906544 0.250000
vt 0.892999 0.270274
vt 0.895989 0.272072
vt 0.859758 0.250000
vt 0.871342 0.269543
vt 0.864615 0.251423
vt 0.875000 0.288310
vt 0.887246 0.273437
vt 0.878531 0.280793
vt 0.869047 0.273348
vt 0.878531 0.280793
vt 0.871342 0.269543
vt 0.125000 0.333333
vt 0.062500 0.250000
vt 0.082570 0.333333
vt 0.870850 0.244514
vt 0.889193 0.246639
vt 0.875011 0.240462
vt 0.871342 0.269543
vt 0.889193 0.246639
vt 0.864615 0.251423
vt 0.645872 0.207266
vt 0.687500 0.269682
vt 0.640249 0.268953
vt 0.607601 0.500000
vt 0.500000 0.333333
vt 0.605203 0.333333
vt 0.687500 0.500000
vt 0.637703 0.333333
vt 0.687500 0.333333
vt 0.687500 0.333333
vt 0.640249 0.268953
vt 0.687500 0.269682
vt 0.375000 0.500000
vt 0.437500 0.333333
vt 0.437500 0.500000
vt 0.375000 0.333333
vt 0.437500 0.263890
vt 0.437500 0.333333
vt 0.125000 0.333333
vt 0.125000 0.250000
vt 0.183322 0.333333
vt 0.812500 0.333333
vt 0.875000 0.288310
vt 0.875000 0.333333
vt 0.187500 0.208333
vt 0.125000 0.166667
vt 0.187500 0.166667
vt 0.183322 0.333333
vt 0.125000 0.333333
vt 0.125000 0.333333
vt 0.062500 0.208333
vt 0.000000 0.166667
vt 0.062500 0.166667
vt 0.082570 0.333333
vt 0.000000 0.250000
vt 0.062500 0.250000
vt 0.906544 0.250000
vt 1.000000 0.208333
vt 1.000000 0.250000
vt 0.812500 0.208333
vt 0.750000 0.166667
vt 0.812500 0.166667
vt 0.812500 0.500000
vt 0.750000 0.333333
vt 0.812500 0.333333
vt 0.651044 0.166667
vt 0.875000 0.166667
vt 0.812500 0.166667
vt 0.607669 0.166667
vt 0.750000 0.166667
vt 0.687500 0.166667
vt 0.218750 0.166667
vt 0.000000 0.166667
vt 0.250000 0.166667
vt 0.375000 0.166667
vt 0.500000 0.166667
vt 0.406250 0.166667
vt 0.812500 0.333333
vt 0.750000 0.270646
vt 0.812500 0.250000
vt 0.984121 0.333333
vt 0.948802 0.303251
vt 0.993853 0.329721
vt 0.187500 0.250000
vt 0.183322 0.333333
vt 0.125000 0.250000
vt 0.312500 0.333333
vt 0.250000 0.250000
vt 0.312500 0.244658
vt 0.687500 0.166667
vt 0.736546 0.221540
vt 0.687500 0.207692
vt 0.437500 0.212070
vt 0.500000 0.166667
vt 0.500000 0.204476
vt 0.500000 0.333333
vt 0.600905 0.267971
vt 0.605203 0.333333
vt 0.312500 0.205662
vt 0.375000 0.166667
vt 0.375000 0.219664
vt 0.375000 0.166667
vt 0.250000 0.166667
vt 0.500000 0.166667
vt 0.651044 0.166667
vt 0.750000 0.166667
vt 0.656124 0.166667
vt 0.812500 0.500000
vt 0.875000 0.333333
vt 0.875000 0.500000
vt 0.500000 0.166667
vt 0.588659 0.166667
vt 0.500000 0.166667
vt 0.250000 0.208333
vt 0.187500 0.166667
vt 0.250000 0.166667
vt 0.437500 0.263890
vt 0.500000 0.204476
vt 0.500000 0.264842
vt 0.250000 0.250000
vt 0.187500 0.208333
vt 0.250000 0.208333
vt 0.812500 0.250000
vt 0.869047 0.273348
vt 0.812500 0.333333
vt 0.312500 0.244658
vt 0.375000 0.219664
vt 0.375000 0.262938
vt 0.812500 0.250000
vt 0.867497 0.242671
vt 0.859758 0.250000
vt 0.716411 0.241304
vt 0.713118 0.244536
vt 0.736546 0.221540
vt 0.750000 0.270646
vt 0.812500 0.208333
vt 0.812500 0.250000
vt 0.062500 0.250000
vt 0.000000 0.208333
vt 0.062500 0.208333
vt 0.187500 0.250000
vt 0.125000 0.208333
vt 0.187500 0.208333
vt 0.812500 0.166667
vt 0.875000 0.235565
vt 0.867497 0.242671
vt 0.875000 0.235565
vt 1.000000 0.166667
vt 1.000000 0.208333
vt 0.906544 0.250000
vt 0.951247 0.304618
vt 0.895989 0.272072
vt 0.079251 0.500000
vt 0.040139 0.333333
vt 0.082570 0.333333
vt 0.875000 0.333333
vt 0.890772 0.269155
vt 0.948802 0.303251
vt 0.018229 0.333333
vt 0.000000 0.435404
vt 0.000000 0.333333
vt 0.875000 0.500000
vt 0.984121 0.333333
vt 0.985411 0.500000
vt 0.025580 0.333333
vt 0.014364 0.463100
vt 0.018229 0.333333
vt 0.500000 0.264842
vt 0.594736 0.206428
vt 0.600905 0.267971
vt 0.250000 0.208333
vt 0.312500 0.244658
vt 0.250000 0.250000
vt 0.250000 0.208333
vt 0.312500 0.166667
vt 0.312500 0.205662
vt 0.500000 0.166667
vt 0.594736 0.206428
vt 0.500000 0.204476
vt 0.375000 0.262938
vt 0.312500 0.333333
vt 0.312500 0.244658
vt 0.406250 0.166667
vt 0.500000 0.166667
vt 0.437500 0.166667
vt 0.654366 0.166667
vt 0.687500 0.207692
vt 0.645872 0.207266
vt 0.687500 0.500000
vt 0.750000 0.333333
vt 0.750000 0.500000
vt 0.687500 0.269682
vt 0.721543 0.304352
vt 0.687500 0.269682
vt 0.726509 0.276722
vt 0.719282 0.302050
vt 0.718493 0.283037
vt 0.719282 0.302050
vt 0.703460 0.285936
vt 0.687500 0.269682
vt 0.715157 0.278009
vt 0.718493 0.283037
vt 0.719282 0.302050
vt 0.725867 0.263297
vt 0.716411 0.241304
vt 0.736546 0.221540
vt 0.687500 0.269682
vt 0.721543 0.304352
vt 0.687500 0.333333
vt 0.736546 0.221540
vt 0.713118 0.244536
vt 0.687500 0.207692
vt 0.716411 0.241304
vt 0.717209 0.256186
vt 0.710202 0.262743
vt 0.750000 0.270646
vt 0.725867 0.263297
vt 0.736546 0.221540
vt 0.750000 0.270646
vt 0.726509 0.276722
vt 0.734525 0.270408
vt 0.715157 0.278009
vt 0.718493 0.283037
vt 0.715157 0.278009
vt 0.687500 0.269682
vt 0.701205 0.256230
vt 0.687500 0.269682
vt 0.640249 0.268953
vt 0.605203 0.333333
vt 0.600905 0.267971
vt 0.605203 0.333333
vt 0.636252 0.500000
vt 0.607601 0.500000
vt 0.645872 0.207266
vt 0.600905 0.267971
vt 0.594736 0.206428
vt 0.654366 0.166667
vt 0.594736 0.206428
vt 0.588659 0.166667
vt 0.607669 0.166667
vt 0.654366 0.166667
vt 0.588659 0.166667
vt 0.500000 0.166667
vt 0.656124 0.166667
vt 0.607669 0.166667
vt 0.250000 0.166667
vt 0.656124 0.166667
vt 0.500000 0.166667
vt 0.250000 0.166667
vt 0.875000 0.166667
vt 0.651044 0.166667
vt 0.701205 0.256230
vt 0.687500 0.269682
vt 0.713118 0.244536
vt 0.701205 0.256230
vt 0.716411 0.241304
vt 0.687500 0.269682
vt 0.713118 0.244536
vt 0.687500 0.269682
vt 0.687500 0.207692
vt 0.721543 0.304352
vt 0.750000 0.333333
vt 0.687500 0.333333
vt 0.703460 0.285936
vt 0.687500 0.269682
vt 0.687500 0.269682
vt 0.703460 0.285936
vt 0.750000 0.333333
vt 0.721543 0.304352
vt 0.375000 0.166667
vt 0.406250 0.166667
vt 0.437500 0.166667
vt 0.125000 0.500000
vt 0.082570 0.333333
vt 0.125000 0.333333
vt 0.062500 0.250000
vt 0.125000 0.208333
vt 0.125000 0.250000
vt 0.375000 0.262938
vt 0.437500 0.212070
vt 0.437500 0.263890
vt 0.250000 0.166667
vt 0.218750 0.166667
vt 0.375000 0.166667
vt 0.375000 0.219664
vt 0.437500 0.166667
vt 0.437500 0.212070
vt 0.250000 0.166667
vt 0.406250 0.166667
vt 0.312500 0.166667
vt 0.187500 0.166667
vt 0.062500 0.166667
vt 0.218750 0.166667
vt 0.062500 0.208333
vt 0.125000 0.166667
vt 0.125000 0.208333
vt 1.000000 0.250000
vt 0.994146 0.329885
vt 0.951247 0.304618
vt 0.437500 0.333333
vt 0.500000 0.264842
vt 0.500000 0.333333
vt 0.437500 0.500000
vt 0.500000 0.333333
vt 0.500000 0.500000
vt 0.250000 0.333333
vt 0.187500 0.250000
vt 0.250000 0.250000
vt 0.312500 0.333333
vt 0.250000 0.333333
vt 0.250000 0.333333
vt 0.375000 0.333333
vt 0.312500 0.333333
vt 0.312500 0.333333
vt 0.125000 0.333333
vt 0.125000 0.500000
vt 0.125000 0.500000
vt 0.183322 0.333333
vt 0.203943 0.333333
vt 0.182832 0.333333
vt 0.250000 0.333333
vt 0.204990 0.333333
vt 0.250000 0.333333
vt 0.718493 0.283037
vt 0.710202 0.262743
vt 0.734525 0.270408
vt 0.734525 0.270408
vt 0.725867 0.263297
vt 0.725867 0.263297
vt 0.699793 0.269872
vt 0.715157 0.278009
vt 0.699793 0.269872
vt 0.726509 0.276722
vt 0.734525 0.270408
vt 0.726509 0.276722
vt 0.718493 0.283037
vt 0.726509 0.276722
vt 0.726509 0.276722
vt 0.710202 0.262743
vt 0.699793 0.269872
vt 0.699793 0.269872
vt 0.717209 0.256186
vt 0.710202 0.262743
vt 0.710202 0.262743
vt 0.725867 0.263297
vt 0.717209 0.256186
vt 0.725867 0.263297
vt 0.889193 0.246639
vt 0.875000 0.235565
vt 0.892944 0.243776
vt 0.899301 0.254584
vt 0.878531 0.280793
vt 0.871342 0.269543
vt 0.899301 0.254584
vt 0.892944 0.243776
vt 0.906544 0.250000
vt 0.875011 0.240462
vt 0.867497 0.242671
vt 0.875000 0.235565
vt 0.870850 0.244514
vt 0.859758 0.250000
vt 0.867497 0.242671
vt 0.892999 0.270274
vt 0.906544 0.250000
vt 0.895989 0.272072
vt 0.859758 0.250000
vt 0.871342 0.269543
vt 0.869047 0.273348
vt 0.875000 0.288310
vt 0.887246 0.273437
vt 0.890772 0.269155
vt 0.869047 0.273348
vt 0.878531 0.280793
vt 0.875000 0.288310
vt 0.125000 0.333333
vt 0.062500 0.250000
vt 0.125000 0.250000
vt 0.870850 0.244514
vt 0.889193 0.246639
vt 0.864615 0.251423
vt 0.889193 0.246639
vt 0.871342 0.269543
vt 0.864615 0.251423
vt 0.687500 0.269682
vt 0.687500 0.207692
vt 0.645872 0.207266
vt 0.607601 0.500000
vt 0.605203 0.333333
vt 0.500000 0.333333
vt 0.687500 0.500000
vt 0.687500 0.333333
vt 0.637703 0.333333
vt 0.687500 0.333333
vt 0.687500 0.269682
vt 0.640249 0.268953
vt 0.437500 0.333333
vt 0.375000 0.333333
vt 0.375000 0.500000
vt 0.437500 0.263890
vt 0.375000 0.262938
vt 0.375000 0.333333
vt 0.875000 0.288310
vt 0.869047 0.273348
vt 0.812500 0.333333
vt 0.187500 0.208333
vt 0.187500 0.166667
vt 0.125000 0.166667
vt 0.125000 0.333333
vt 0.182832 0.333333
vt 0.183322 0.333333
vt 0.062500 0.208333
vt 0.062500 0.166667
vt 0.000000 0.166667
vt 0.082570 0.333333
vt 0.062500 0.250000
vt 0.000000 0.250000
vt 1.000000 0.208333
vt 0.892944 0.243776
vt 0.906544 0.250000
vt 0.812500 0.208333
vt 0.812500 0.166667
vt 0.750000 0.166667
vt 0.812500 0.500000
vt 0.812500 0.333333
vt 0.750000 0.333333
vt 0.607669 0.166667
vt 0.687500 0.166667
vt 0.750000 0.166667
vt 0.218750 0.166667
vt 0.250000 0.166667
vt 0.000000 0.166667
vt 0.500000 0.166667
vt 0.500000 0.166667
vt 0.375000 0.166667
vt 0.812500 0.333333
vt 0.812500 0.250000
vt 0.750000 0.270646
vt 0.984121 0.333333
vt 0.993853 0.329721
vt 0.948802 0.303251
vt 0.187500 0.250000
vt 0.125000 0.250000
vt 0.183322 0.333333
vt 0.250000 0.250000
vt 0.250000 0.333333
vt 0.312500 0.333333
vt 0.736546 0.221540
vt 0.750000 0.166667
vt 0.687500 0.166667
vt 0.437500 0.212070
vt 0.500000 0.204476
vt 0.500000 0.166667
vt 0.600905 0.267971
vt 0.500000 0.264842
vt 0.500000 0.333333
vt 0.312500 0.205662
vt 0.375000 0.219664
vt 0.375000 0.166667
vt 0.375000 0.166667
vt 0.500000 0.166667
vt 0.250000 0.166667
vt 0.750000 0.166667
vt 0.812500 0.166667
vt 0.651044 0.166667
vt 0.875000 0.333333
vt 0.812500 0.333333
vt 0.812500 0.500000
vt 0.588659 0.166667
vt 0.607669 0.166667
vt 0.500000 0.166667
vt 0.250000 0.208333
vt 0.250000 0.166667
vt 0.187500 0.166667
vt 0.437500 0.263890
vt 0.500000 0.264842
vt 0.500000 0.204476
vt 0.250000 0.250000
vt 0.250000 0.208333
vt 0.187500 0.208333
vt 0.869047 0.273348
vt 0.859758 0.250000
vt 0.812500 0.250000
vt 0.312500 0.244658
vt 0.375000 0.262938
vt 0.375000 0.219664
vt 0.867497 0.242671
vt 0.812500 0.208333
vt 0.812500 0.250000
vt 0.713118 0.244536
vt 0.701205 0.256230
vt 0.716411 0.241304
vt 0.812500 0.208333
vt 0.736546 0.221540
vt 0.750000 0.270646
vt 0.062500 0.250000
vt 0.062500 0.208333
vt 0.000000 0.208333
vt 0.187500 0.250000
vt 0.187500 0.208333
vt 0.125000 0.208333
vt 0.812500 0.166667
vt 0.812500 0.208333
vt 0.867497 0.242671
vt 0.867497 0.242671
vt 0.875000 0.235565
vt 0.812500 0.166667
vt 0.875000 0.235565
vt 0.892944 0.243776
vt 1.000000 0.208333
vt 1.000000 0.208333
vt 1.000000 0.166667
vt 0.875000 0.235565
vt 0.906544 0.250000
vt 0.895989 0.272072
vt 0.951247 0.304618
vt 0.079251 0.500000
vt 0.082570 0.333333
vt 0.040139 0.333333
vt 0.875000 0.333333
vt 0.948802 0.303251
vt 0.890772 0.269155
vt 0.000000 0.435404
vt 0.014364 0.463100
vt 0.018229 0.333333
vt 0.984121 0.333333
vt 0.875000 0.333333
vt 0.875000 0.500000
vt 0.014364 0.463100
vt 0.021679 0.477204
vt 0.025580 0.333333
vt 0.500000 0.264842
vt 0.600905 0.267971
vt 0.594736 0.206428
vt 0.312500 0.244658
vt 0.312500 0.205662
vt 0.250000 0.208333
vt 0.250000 0.208333
vt 0.312500 0.205662
vt 0.312500 0.166667
vt 0.594736 0.206428
vt 0.588659 0.166667
vt 0.500000 0.166667
vt 0.375000 0.262938
vt 0.312500 0.244658
vt 0.312500 0.333333
vt 0.500000 0.166667
vt 0.500000 0.166667
vt 0.406250 0.166667
vt 0.687500 0.207692
vt 0.687500 0.166667
vt 0.654366 0.166667
vt 0.750000 0.333333
vt 0.687500 0.333333
vt 0.687500 0.500000
vt 0.721543 0.304352
vt 0.703460 0.285936
vt 0.687500 0.269682
vt 0.726509 0.276722
vt 0.718493 0.283037
vt 0.719282 0.302050
vt 0.699793 0.269872
vt 0.687500 0.269682
vt 0.715157 0.278009
vt 0.687500 0.269682
vt 0.719282 0.302050
vt 0.715157 0.278009
vt 0.716411 0.241304
vt 0.717209 0.256186
vt 0.725867 0.263297
vt 0.687500 0.269682
vt 0.699793 0.269872
vt 0.710202 0.262743
vt 0.710202 0.262743
vt 0.717209 0.256186
vt 0.716411 0.241304
vt 0.750000 0.270646
vt 0.736546 0.221540
vt 0.725867 0.263297
vt 0.726509 0.276722
vt 0.750000 0.333333
vt 0.750000 0.270646
vt 0.718493 0.283037
vt 0.605203 0.333333
vt 0.637703 0.333333
vt 0.640249 0.268953
vt 0.605203 0.333333
vt 0.607601 0.500000
vt 0.636252 0.500000
vt 0.600905 0.267971
vt 0.640249 0.268953
vt 0.645872 0.207266
vt 0.594736 0.206428
vt 0.645872 0.207266
vt 0.654366 0.166667
vt 0.654366 0.166667
vt 0.687500 0.166667
vt 0.607669 0.166667
vt 0.500000 0.166667
vt 0.607669 0.166667
vt 0.656124 0.166667
vt 0.656124 0.166667
vt 0.651044 0.166667
vt 0.250000 0.166667
vt 0.250000 0.166667
vt 0.651044 0.166667
vt 0.875000 0.166667
vt 0.701205 0.256230
vt 0.713118 0.244536
vt 0.687500 0.269682
vt 0.703460 0.285936
vt 0.721543 0.304352
vt 0.750000 0.333333
vt 0.375000 0.166667
vt 0.437500 0.166667
vt 0.406250 0.166667
vt 0.125000 0.500000
vt 0.125000 0.333333
vt 0.082570 0.333333
vt 0.125000 0.208333
vt 0.062500 0.208333
vt 0.062500 0.250000
vt 0.375000 0.262938
vt 0.437500 0.263890
vt 0.437500 0.212070
vt 0.250000 0.166667
vt 0.375000 0.166667
vt 0.218750 0.166667
vt 0.375000 0.219664
vt 0.437500 0.212070
vt 0.437500 0.166667
vt 0.406250 0.166667
vt 0.375000 0.166667
vt 0.250000 0.166667
vt 0.187500 0.166667
vt 0.218750 0.166667
vt 0.062500 0.166667
vt 0.125000 0.166667
vt 0.062500 0.166667
vt 0.062500 0.208333
vt 1.000000 0.250000
vt 0.951247 0.304618
vt 0.994146 0.329885
vt 0.500000 0.264842
vt 0.437500 0.263890
vt 0.437500 0.333333
vt 0.500000 0.333333
vt 0.437500 0.333333
vt 0.437500 0.500000
vt 0.187500 0.250000
vt 0.204990 0.333333
vt 0.250000 0.333333
vt 0.312500 0.333333
vt 0.250000 0.333333
vt 0.250000 0.333333
vt 0.375000 0.333333
vt 0.312500 0.333333
vt 0.312500 0.333333
vt 0.125000 0.333333
vt 0.125000 0.500000
vt 0.125000 0.500000
vt 0.183322 0.333333
vt 0.182832 0.333333
vt 0.203943 0.333333
vt 0.204990 0.333333
vt 0.203943 0.333333
vt 0.250000 0.333333
vt 0.734525 0.270408
vt 0.725867 0.263297
vt 0.717209 0.256186
vt 0.717209 0.256186
vt 0.710202 0.262743
vt 0.734525 0.270408
vt 0.710202 0.262743
vt 0.699793 0.269872
vt 0.715157 0.278009
vt 0.734525 0.270408
vt 0.710202 0.262743
vt 0.718493 0.283037
vt 0.715157 0.278009
vt 0.718493 0.283037
vt 0.710202 0.262743
vt 0.725867 0.263297
vt 0.715157 0.278009
vt 0.734525 0.270408
vt 0.726509 0.276722
vt 0.699793 0.269872
vt 0.710202 0.262743
vt 0.717209 0.256186
vt 0.875000 0.235565
vt 0.875011 0.240462
vt 0.889193 0.246639
vt 0.878531 0.280793
vt 0.892999 0.270274
vt 0.899301 0.254584
vt 0.892944 0.243776
vt 0.889193 0.246639
vt 0.899301 0.254584
vt 0.867497 0.242671
vt 0.870850 0.244514
vt 0.875011 0.240462
vt 0.859758 0.250000
vt 0.864615 0.251423
vt 0.870850 0.244514
vt 0.906544 0.250000
vt 0.899301 0.254584
vt 0.892999 0.270274
vt 0.859758 0.250000
vt 0.869047 0.273348
vt 0.871342 0.269543
vt 0.875000 0.288310
vt 0.890772 0.269155
vt 0.887246 0.273437
vt 0.869047 0.273348
vt 0.875000 0.288310
vt 0.878531 0.280793
vt 0.125000 0.333333
vt 0.125000 0.250000
vt 0.062500 0.250000
vt 0.870850 0.244514
vt 0.864615 0.251423
vt 0.889193 0.246639
vt 0.871342 0.269543
vt 0.899301 0.254584
vt 0.889193 0.246639
vt 0.645872 0.207266
vt 0.687500 0.207692
vt 0.687500 0.269682
vt 0.607601 0.500000
vt 0.500000 0.500000
vt 0.500000 0.333333
vt 0.687500 0.500000
vt 0.636252 0.500000
vt 0.637703 0.333333
vt 0.687500 0.333333
vt 0.637703 0.333333
vt 0.640249 0.268953
vt 0.375000 0.500000
vt 0.375000 0.333333
vt 0.437500 0.333333
vt 0.375000 0.333333
vt 0.375000 0.262938
vt 0.437500 0.263890
vt 0.812500 0.333333
vt 0.869047 0.273348
vt 0.875000 0.288310
vt 0.187500 0.208333
vt 0.125000 0.208333
vt 0.125000 0.166667
vt 0.183322 0.333333
vt 0.182832 0.333333
vt 0.125000 0.333333
vt 0.062500 0.208333
vt 0.000000 0.208333
vt 0.000000 0.166667
vt 0.082570 0.333333
vt 0.040139 0.333333
vt 0.000000 0.250000
vt 0.906544 0.250000
vt 0.892944 0.243776
vt 1.000000 0.208333
vt 0.812500 0.208333
vt 0.736546 0.221540
vt 0.750000 0.166667
vt 0.812500 0.500000
vt 0.750000 0.500000
vt 0.750000 0.333333
vt 0.607669 0.166667
vt 0.656124 0.166667
vt 0.750000 0.166667
vt 0.218750 0.166667
vt 0.062500 0.166667
vt 0.000000 0.166667
vt 0.375000 0.166667
vt 0.500000 0.166667
vt 0.500000 0.166667
vt 0.812500 0.333333
vt 0.750000 0.333333
vt 0.750000 0.270646
vt 0.984121 0.333333
vt 0.875000 0.333333
vt 0.948802 0.303251
vt 0.187500 0.250000
vt 0.204990 0.333333
vt 0.183322 0.333333
vt 0.312500 0.333333
vt 0.250000 0.333333
vt 0.250000 0.250000
vt 0.687500 0.166667
vt 0.750000 0.166667
vt 0.736546 0.221540
vt 0.437500 0.212070
vt 0.437500 0.166667
vt 0.500000 0.166667
vt 0.500000 0.333333
vt 0.500000 0.264842
vt 0.600905 0.267971
vt 0.312500 0.205662
vt 0.312500 0.166667
vt 0.375000 0.166667
vt 0.375000 0.166667
vt 0.218750 0.166667
vt 0.250000 0.166667
vt 0.651044 0.166667
vt 0.812500 0.166667
vt 0.750000 0.166667
vt 0.812500 0.500000
vt 0.812500 0.333333
vt 0.875000 0.333333
vt 0.500000 0.166667
vt 0.607669 0.166667
vt 0.588659 0.166667
vt 0.250000 0.208333
vt 0.187500 0.208333
vt 0.187500 0.166667
vt 0.437500 0.263890
vt 0.437500 0.212070
vt 0.500000 0.204476
vt 0.250000 0.250000
vt 0.187500 0.250000
vt 0.187500 0.208333
vt 0.812500 0.250000
vt 0.859758 0.250000
vt 0.869047 0.273348
vt 0.312500 0.244658
vt 0.312500 0.205662
vt 0.375000 0.219664
vt 0.812500 0.250000
vt 0.812500 0.208333
vt 0.867497 0.242671
vt 0.716411 0.241304
vt 0.701205 0.256230
vt 0.713118 0.244536
vt 0.750000 0.270646
vt 0.736546 0.221540
vt 0.812500 0.208333
vt 0.062500 0.250000
vt 0.000000 0.250000
vt 0.000000 0.208333
vt 0.187500 0.250000
vt 0.125000 0.250000
vt 0.125000 0.208333
vt 0.867497 0.242671
vt 0.812500 0.208333
vt 0.812500 0.166667
vt 0.812500 0.166667
vt 0.875000 0.166667
vt 0.875000 0.235565
vt 1.000000 0.208333
vt 0.892944 0.243776
vt 0.875000 0.235565
vt 0.875000 0.235565
vt 0.875000 0.166667
vt 1.000000 0.166667
vt 0.906544 0.250000
vt 1.000000 0.250000
vt 0.951247 0.304618
vt 0.079251 0.500000
vt 0.033502 0.500000
vt 0.040139 0.333333
vt 0.875000 0.333333
vt 0.875000 0.288310
vt 0.890772 0.269155
vt 0.018229 0.333333
vt 0.014364 0.463100
vt 0.000000 0.435404
vt 0.875000 0.500000
vt 0.875000 0.333333
vt 0.984121 0.333333
vt 0.025580 0.333333
vt 0.021679 0.477204
vt 0.014364 0.463100
vt 0.500000 0.264842
vt 0.500000 0.204476
vt 0.594736 0.206428
vt 0.250000 0.208333
vt 0.312500 0.205662
vt 0.312500 0.244658
vt 0.250000 0.208333
vt 0.250000 0.166667
vt 0.312500 0.166667
vt 0.500000 0.166667
vt 0.588659 0.166667
vt 0.594736 0.206428
vt 0.375000 0.262938
vt 0.375000 0.333333
vt 0.312500 0.333333
vt 0.406250 0.166667
vt 0.500000 0.166667
vt 0.500000 0.166667
vt 0.654366 0.166667
vt 0.687500 0.166667
vt 0.687500 0.207692
vt 0.687500 0.500000
vt 0.687500 0.333333
vt 0.750000 0.333333
vt 0.687500 0.269682
vt 0.703460 0.285936
vt 0.721543 0.304352
vt 0.726509 0.276722
vt 0.750000 0.333333
vt 0.719282 0.302050
vt 0.719282 0.302050
vt 0.687500 0.269682
vt 0.715157 0.278009
vt 0.687500 0.269682
vt 0.699793 0.269872
vt 0.715157 0.278009
vt 0.725867 0.263297
vt 0.717209 0.256186
vt 0.716411 0.241304
vt 0.710202 0.262743
vt 0.699793 0.269872
vt 0.687500 0.269682
vt 0.687500 0.269682
vt 0.716411 0.241304
vt 0.710202 0.262743
vt 0.750000 0.270646
vt 0.734525 0.270408
vt 0.725867 0.263297
vt 0.750000 0.270646
vt 0.750000 0.333333
vt 0.726509 0.276722
vt 0.718493 0.283037
vt 0.640249 0.268953
vt 0.637703 0.333333
vt 0.605203 0.333333
vt 0.605203 0.333333
vt 0.637703 0.333333
vt 0.636252 0.500000
vt 0.645872 0.207266
vt 0.640249 0.268953
vt 0.600905 0.267971
vt 0.654366 0.166667
vt 0.645872 0.207266
vt 0.594736 0.206428
vt 0.607669 0.166667
vt 0.687500 0.166667
vt 0.654366 0.166667
vt 0.500000 0.166667
vt 0.500000 0.166667
vt 0.656124 0.166667
vt 0.250000 0.166667
vt 0.651044 0.166667
vt 0.656124 0.166667
vt 0.250000 0.166667
vt 0.000000 0.166667
vt 0.875000 0.166667
vt 0.701205 0.256230
vt 0.687500 0.269682
vt 0.687500 0.269682
vt 0.703460 0.285936
vt 0.719282 0.302050
vt 0.750000 0.333333
vt 0.375000 0.166667
vt 0.312500 0.166667
vt 0.406250 0.166667
vt 0.125000 0.500000
vt 0.079251 0.500000
vt 0.082570 0.333333
vt 0.062500 0.250000
vt 0.062500 0.208333
vt 0.125000 0.208333
vt 0.375000 0.262938
vt 0.375000 0.219664
vt 0.437500 0.212070
vt 0.250000 0.166667
vt 0.187500 0.166667
vt 0.218750 0.166667
vt 0.375000 0.219664
vt 0.375000 0.166667
vt 0.437500 0.166667
vt 0.250000 0.166667
vt 0.375000 0.166667
vt 0.406250 0.166667
vt 0.187500 0.166667
vt 0.125000 0.166667
vt 0.062500 0.166667
vt 0.062500 0.208333
vt 0.062500 0.166667
vt 0.125000 0.166667
vt 1.000000 0.250000
vt 1.000000 0.321545
vt 0.994146 0.329885
vt 0.437500 0.333333
vt 0.437500 0.263890
vt 0.500000 0.264842
vt 0.437500 0.500000
vt 0.437500 0.333333
vt 0.500000 0.333333
vt 0.250000 0.333333
vt 0.204990 0.333333
vt 0.187500 0.250000
vt 0.312500 0.333333
vt 0.312500 0.333333
vt 0.250000 0.333333
vt 0.375000 0.333333
vt 0.375000 0.333333
vt 0.312500 0.333333
vt 0.125000 0.333333
vt 0.125000 0.333333
vt 0.125000 0.500000
vt 0.183322 0.333333
vt 0.204990 0.333333
vt 0.203943 0.333333
vt 0.250000 0.333333
vt 0.203943 0.333333
vt 0.204990 0.333333
vt 0.717209 0.256186
vt 0.725867 0.263297
vt 0.734525 0.270408
vt 0.734525 0.270408
vt 0.726509 0.276722
vt 0.718493 0.283037
vt 0.718493 0.283037
vt 0.715157 0.278009
vt 0.710202 0.262743
vt 0.715157 0.278009
vt 0.699793 0.269872
vt 0.710202 0.262743
vt 0.710202 0.262743
vt 0.717209 0.256186
vt 0.734525 0.270408
vt 0.734525 0.270408
vt 0.715157 0.278009
vt 0.734525 0.270408
vt 0.718493 0.283037
vt 0.710202 0.262743
vt 0.717209 0.256186
vt 0.717209 0.256186
vt 0.889193 0.246639
vt 0.875011 0.240462
vt 0.875000 0.235565
vt 0.899301 0.254584
vt 0.892999 0.270274
vt 0.878531 0.280793
vt 0.899301 0.254584
vt 0.889193 0.246639
vt 0.892944 0.243776
vt 0.875011 0.240462
vt 0.870850 0.244514
vt 0.867497 0.242671
vt 0.870850 0.244514
vt 0.864615 0.251423
vt 0.859758 0.250000
vt 0.892999 0.270274
vt 0.899301 0.254584
vt 0.906544 0.250000
vt 0.859758 0.250000
vt 0.864615 0.251423
vt 0.871342 0.269543
vt 0.875000 0.288310
vt 0.878531 0.280793
vt 0.887246 0.273437
vt 0.869047 0.273348
vt 0.871342 0.269543
vt 0.878531 0.280793
vt 0.125000 0.333333
vt 0.082570 0.333333
vt 0.062500 0.250000
vt 0.870850 0.244514
vt 0.875011 0.240462
vt 0.889193 0.246639
vt 0.889193 0.246639
vt 0.899301 0.254584
vt 0.871342 0.269543
vn 0.586812 0.769938 -0.250694
vn 0.586812 0.769938 -0.250694
vn 0.586812 0.769938 -0.250694
vn 0.326103 0.264968 -0.907441
vn 0.326103 0.264968 -0.907441
vn 0.326103 0.264968 -0.907441
vn 0.185365 0.939089 -0.289399
vn 0.185365 0.939089 -0.289399
vn 0.185365 0.939089 -0.289399
vn 0.429235 0.861825 -0.270213
vn 0.429235 0.861825 -0.270213
vn 0.429235 0.861825 -0.270213
vn 0.215741 -0.703249 -0.677419
vn 0.215741 -0.703249 -0.677419
vn 0.215741 -0.703249 -0.677419
vn 0.370863 -0.638815 -0.674075
vn 0.370863 -0.638815 -0.674075
vn 0.370863 -0.638815 -0.674075
vn 0.547060 -0.679702 0.488600
vn 0.547060 -0.679702 0.488600
vn 0.547060 -0.679702 0.488600
vn 0.278855 0.499038 0.820488
vn 0.278855 0.499038 0.820488
vn 0.278855 0.499038 0.820488
vn 0.560129 -0.560479 0.610016
vn 0.560129 -0.560479 0.610016
vn 0.560129 -0.560479 0.610016
vn 0.065272 -0.918751 0.389404
vn 0.065272 -0.918751 0.389404
vn 0.065272 -0.918751 0.389404
vn 0.623387 -0.071723 0.778617
vn 0.623387 -0.071723 0.778617
vn 0.623387 -0.071723 0.778617
vn 0.831578 -0.380559 0.404540
vn 0.831578 -0.380559 0.404540
vn 0.831578 -0.380559 0.404540
vn 0.240721 0.543874 0.803900
vn 0.240721 0.543874 0.803900
vn 0.240721 0.543874 0.803900
vn 0.621465 0.662504 0.418174
vn 0.621465 0.662504 0.418174
vn 0.621465 0.662504 0.418174
vn -0.003990 0.857096 0.515142
vn -0.003990 0.857096 0.515142
vn -0.003990 0.857096 0.515142
vn 0.593822 0.464994 0.656625
vn 0.593822 0.464994 0.656625
vn 0.593822 0.464994 0.656625
vn 0.515222 0.771821 -0.372612
vn 0.515222 0.771821 -0.372612
vn 0.515222 0.771821 -0.372612
vn 0.725154 -0.157310 0.670377
vn 0.725154 -0.157310 0.670377
vn 0.725154 -0.157310 0.670377
vn 0.856916 -0.284937 -0.429541
vn 0.856916 -0.284937 -0.429541
vn 0.856916 -0.284937 -0.429541
vn 0.355928 0.762081 0.540877
vn 0.355928 0.762081 0.540877
vn 0.355928 0.762081 0.540877
vn 0.578020 0.724710 0.375085
vn 0.578020 0.724710 0.375085
vn 0.578020 0.724710 0.375085
vn 0.321694 -0.862797 0.389992
vn 0.321694 -0.862797 0.389992
vn 0.321694 -0.862797 0.389992
vn 0.280194 -0.959385 0.032728
vn 0.280194 -0.959385 0.032728
vn 0.280194 -0.959385 0.032728
vn 0.652171 0.743670 -0.147064
vn 0.652171 0.743670 -0.147064
vn 0.652171 0.743670 -0.147064
vn 0.603957 -0.145725 -0.783582
vn 0.603957 -0.145725 -0.783582
vn 0.603957 -0.145725 -0.783582
vn 0.454383 0.166110 -0.875182
vn 0.454383 0.166110 -0.875182
vn 0.454383 0.166110 -0.875182
vn 0.682833 -0.706632 -0.185503
vn 0.682833 -0.706632 -0.185503
vn 0.682833 -0.706632 -0.185503
vn 0.746700 -0.095664 0.658246
vn 0.746700 -0.095664 0.658246
vn 0.746700 -0.095664 0.658246
vn 0.406466 0.763853 0.501313
vn 0.406466 0.763853 0.501313
vn 0.406466 0.763853 0.501313
vn 0.192390 0.548110 0.813979
vn 0.192390 0.548110 0.813979
vn 0.192390 0.548110 0.813979
vn 0.856669 0.204157 -0.473749
vn 0.856669 0.204157 -0.473749
vn 0.856669 0.204157 -0.473749
vn 0.544966 -0.725781 0.419827
vn 0.544966 -0.725781 0.419827
vn 0.544966 -0.725781 0.419827
vn 0.618301 -0.169129 -0.767528
vn 0.618301 -0.169129 -0.767528
vn 0.618301 -0.169129 -0.767528
vn 0.388951 -0.863501 0.321065
vn 0.388951 -0.863501 0.321065
vn 0.388951 -0.863501 0.321065
vn 0.270604 0.434682 0.858967
vn 0.270604 0.434682 0.858967
vn 0.270604 0.434682 0.858967
vn 0.469799 -0.854186 -0.222837
vn 0.469799 -0.854186 -0.222837
vn 0.469799 -0.854186 -0.222837
vn 0.389208 0.193393 0.900620
vn 0.389208 0.193393 0.900620
vn 0.389208 0.193393 0.900620
vn 0.807907 0.044263 -0.587645
vn 0.807907 0.044263 -0.587645
vn 0.807907 0.044263 -0.587645
vn 0.444206 0.749804 0.490382
vn 0.444206 0.749804 0.490382
vn 0.444206 0.749804 0.490382
vn 0.337584 -0.140933 0.930685
vn 0.337584 -0.140933 0.930685
vn 0.337584 -0.140933 0.930685
vn 0.410482 -0.712527 0.569042
vn 0.410482 -0.712527 0.569042
vn 0.410482 -0.712527 0.569042
vn 0.276165 0.379463 0.883029
vn 0.276165 0.379463 0.883029
vn 0.276165 0.379463 0.883029
vn 0.270634 0.316985 0.908998
vn 0.270634 0.316985 0.908998
vn 0.270634 0.316985 0.908998
vn 0.515606 0.445831 0.731700
vn 0.515606 0.445831 0.731700
vn 0.515606 0.445831 0.731700
vn 0.506960 -0.548423 0.664999
vn 0.506960 -0.548423 0.664999
vn 0.506960 -0.548423 0.664999
vn 0.338525 0.220285 0.914809
vn 0.338525 0.220285 0.914809
vn 0.338525 0.220285 0.914809
vn 0.481838 0.764813 0.427660
vn 0.481838 0.764813 0.427660
vn 0.481838 0.764813 0.427660
vn 0.421484 0.840158 0.341300
vn 0.421484 0.840158 0.341300
vn 0.421484 0.840158 0.341300
vn 0.510838 -0.182389 0.840107
vn 0.510838 -0.182389 0.840107
vn 0.510838 -0.182389 0.840107
vn 0.696426 0.110030 -0.709143
vn 0.696426 0.110030 -0.709143
vn 0.696426 0.110030 -0.709143
vn 0.353741 -0.934057 0.049047
vn 0.353741 -0.934057 0.049047
vn 0.353741 -0.934057 0.049047
vn 0.589471 -0.806571 -0.044357
vn 0.589471 -0.806571 -0.044357
vn 0.589471 -0.806571 -0.044357
vn 0.634369 0.115713 -0.764321
vn 0.634369 0.115713 -0.764321
vn 0.634369 0.115713 -0.764321
vn 0.232029 -0.949308 -0.212079
vn 0.232029 -0.949308 -0.212079
vn 0.232029 -0.949308 -0.212079
vn 0.940726 -0.044503 -0.336235
vn 0.940726 -0.044503 -0.336235
vn 0.940726 -0.044503 -0.336235
vn 0.794604 0.586263 -0.157796
vn 0.794604 0.586263 -0.157796
vn 0.794604 0.586263 -0.157796
vn 0.143573 0.979049 -0.144393
vn 0.143573 0.979049 -0.144393
vn 0.143573 0.979049 -0.144393
vn -0.183274 0.238109 -0.953790
vn -0.183274 0.238109 -0.953790
vn -0.183274 0.238109 -0.953790
vn 0.026093 -0.003005 0.999655
vn 0.026093 -0.003005 0.999655
vn 0.026093 -0.003005 0.999655
vn -0.524871 0.657380 -0.540705
vn -0.524871 0.657380 -0.540705
vn -0.524871 0.657380 -0.540705
vn 0.005008 0.001553 0.999986
vn 0.005008 0.001553 0.999986
vn 0.005008 0.001553 0.999986
vn 0.309422 -0.071603 0.948225
vn 0.309422 -0.071603 0.948225
vn 0.309422 -0.071603 0.948225
vn 0.425932 0.855002 -0.295894
vn 0.425932 0.855002 -0.295894
vn 0.425932 0.855002 -0.295894
vn 0.628754 0.764337 -0.143028
vn 0.628754 0.764337 -0.143028
vn 0.628754 0.764337 -0.143028
vn 0.345340 -0.047706 0.937265
vn 0.345340 -0.047706 0.937265
vn 0.345340 -0.047706 0.937265
vn 0.201428 -0.045868 0.978429
vn 0.201428 -0.045868 0.978429
vn 0.201428 -0.045868 0.978429
vn 0.011702 0.032427 0.999406
vn 0.011702 0.032427 0.999406
vn 0.011702 0.032427 0.999406
vn 0.544364 -0.751989 0.371726
vn 0.544364 -0.751989 0.371726
vn 0.544364 -0.751989 0.371726
vn 0.751387 0.169229 -0.637792
vn 0.751387 0.169229 -0.637792
vn 0.751387 0.169229 -0.637792
vn 0.475923 0.507625 -0.718202
vn 0.475923 0.507625 -0.718202
vn 0.475923 0.507625 -0.718202
vn 0.237206 0.564427 -0.790668
vn 0.237206 0.564427 -0.790668
vn 0.237206 0.564427 -0.790668
vn 0.700713 0.353495 -0.619712
vn 0.700713 0.353495 -0.619712
vn 0.700713 0.353495 -0.619712
vn 0.721144 0.438473 -0.536370
vn 0.721144 0.438473 -0.536370
vn 0.721144 0.438473 -0.536370
vn 0.847490 0.371273 -0.379364
vn 0.847490 0.371273 -0.379364
vn 0.847490 0.371273 -0.379364
vn 0.313892 0.679224 -0.663420
vn 0.313892 0.679224 -0.663420
vn 0.313892 0.679224 -0.663420
vn 0.189027 0.647021 0.738669
vn 0.189027 0.647021 0.738669
vn 0.189027 0.647021 0.738669
vn 0.703402 0.170391 0.690067
vn 0.703402 0.170391 0.690067
vn 0.703402 0.170391 0.690067
vn 0.696804 0.019664 -0.716992
vn 0.696804 0.019664 -0.716992
vn 0.696804 0.019664 -0.716992
vn 0.886034 0.104616 -0.451662
vn 0.886034 0.104616 -0.451662
vn 0.886034 0.104616 -0.451662
vn 0.631975 0.762432 -0.138940
vn 0.631975 0.762432 -0.138940
vn 0.631975 0.762432 -0.138940
vn 0.158288 0.977086 -0.142297
vn 0.158288 0.977086 -0.142297
vn 0.158288 0.977086 -0.142297
vn -0.133374 0.504225 -0.853211
vn -0.133374 0.504225 -0.853211
vn -0.133374 0.504225 -0.853211
vn -0.610064 0.575865 -0.544244
vn -0.610064 0.575865 -0.544244
vn -0.610064 0.575865 -0.544244
vn 0.858902 -0.473541 -0.195053
vn 0.858902 -0.473541 -0.195053
vn 0.858902 -0.473541 -0.195053
vn 0.402877 -0.747928 0.527536
vn 0.402877 -0.747928 0.527536
vn 0.402877 -0.747928 0.527536
vn 0.452816 -0.493285 0.742717
vn 0.452816 -0.493285 0.742717
vn 0.452816 -0.493285 0.742717
vn 0.634969 -0.567343 -0.524344
vn 0.634969 -0.567343 -0.524344
vn 0.634969 -0.567343 -0.524344
vn 0.719376 -0.527445 0.451996
vn 0.719376 -0.527445 0.451996
vn 0.719376 -0.527445 0.451996
vn 0.649501 -0.610449 -0.453321
vn 0.649501 -0.610449 -0.453321
vn 0.649501 -0.610449 -0.453321
vn 0.880520 -0.471397 -0.049692
vn 0.880520 -0.471397 -0.049692
vn 0.880520 -0.471397 -0.049692
vn 0.548426 -0.562123 0.619070
vn 0.548426 -0.562123 0.619070
vn 0.548426 -0.562123 0.619070
vn 0.547941 -0.605330 0.577353
vn 0.547941 -0.605330 0.577353
vn 0.547941 -0.605330 0.577353
vn 0.882492 -0.128119 0.452540
vn 0.882492 -0.128119 0.452540
vn 0.882492 -0.128119 0.452540
vn 0.467982 -0.332851 -0.818660
vn 0.467982 -0.332851 -0.818660
vn 0.467982 -0.332851 -0.818660
vn 0.306264 -0.424143 -0.852235
vn 0.306264 -0.424143 -0.852235
vn 0.306264 -0.424143 -0.852235
vn 0.387262 -0.864490 0.320447
vn 0.387262 -0.864490 0.320447
vn 0.387262 -0.864490 0.320447
vn 0.105737 -0.991113 -0.080710
vn 0.105737 -0.991113 -0.080710
vn 0.105737 -0.991113 -0.080710
vn 0.086148 -0.973995 -0.209555
vn 0.086148 -0.973995 -0.209555
vn 0.086148 -0.973995 -0.209555
vn 0.253459 -0.958465 0.130782
vn 0.253459 -0.958465 0.130782
vn 0.253459 -0.958465 0.130782
vn 0.121617 -0.943603 0.307933
vn 0.121617 -0.943603 0.307933
vn 0.121617 -0.943603 0.307933
vn 0.086342 -0.963778 0.252343
vn 0.086342 -0.963778 0.252343
vn 0.086342 -0.963778 0.252343
vn -0.000191 0.009942 0.999951
vn -0.000191 0.009942 0.999951
vn -0.000191 0.009942 0.999951
vn 0.483492 0.775538 0.405927
vn 0.483492 0.775538 0.405927
vn 0.483492 0.775538 0.405927
vn 0.496333 -0.779918 0.381289
vn 0.496333 -0.779918 0.381289
vn 0.496333 -0.779918 0.381289
vn 0.424012 0.806092 0.412832
vn 0.424012 0.806092 0.412832
vn 0.424012 0.806092 0.412832
vn 0.655823 -0.644808 0.392581
vn 0.655823 -0.644808 0.392581
vn 0.655823 -0.644808 0.392581
vn -0.936274 -0.112311 0.332831
vn -0.936274 -0.112311 0.332831
vn -0.936274 -0.112311 0.332831
vn -0.936072 -0.113497 0.332998
vn -0.936072 -0.113497 0.332998
vn -0.936072 -0.113497 0.332998
vn -0.931693 0.011518 0.363064
vn -0.931693 0.011518 0.363064
vn -0.931693 0.011518 0.363064
vn -0.007299 0.887083 0.461552
vn -0.007299 0.887083 0.461552
vn -0.007299 0.887083 0.461552
vn 0.493799 0.363756 0.789838
vn 0.493799 0.363756 0.789838
vn 0.493799 0.363756 0.789838
vn 0.271973 0.890465 0.364832
vn 0.271973 0.890465 0.364832
vn 0.271973 0.890465 0.364832
vn -0.634806 0.333552 0.696968
vn -0.634806 0.333552 0.696968
vn -0.634806 0.333552 0.696968
vn -0.199204 -0.426141 0.882452
vn -0.199204 -0.426141 0.882452
vn -0.199204 -0.426141 0.882452
vn 0.294415 0.902169 0.315294
vn 0.294415 0.902169 0.315294
vn 0.294415 0.902169 0.315294
vn 0.251759 -0.801909 0.541811
vn 0.251759 -0.801909 0.541811
vn 0.251759 -0.801909 0.541811
vn 0.928023 -0.208604 0.308639
vn 0.928023 -0.208604 0.308639
vn 0.928023 -0.208604 0.308639
vn 0.682890 -0.606478 0.407242
vn 0.682890 -0.606478 0.407242
vn 0.682890 -0.606478 0.407242
vn 0.657441 -0.598740 0.457473
vn 0.657441 -0.598740 0.457473
vn 0.657441 -0.598740 0.457473
vn 0.657927 0.078933 0.748933
vn 0.657927 0.078933 0.748933
vn 0.657927 0.078933 0.748933
vn 0.505194 0.300306 0.809070
vn 0.505194 0.300306 0.809070
vn 0.505194 0.300306 0.809070
vn -0.586812 0.769938 -0.250694
vn -0.586812 0.769938 -0.250694
vn -0.586812 0.769938 -0.250694
vn -0.249931 0.177737 -0.951811
vn -0.249931 0.177737 -0.951811
vn -0.249931 0.177737 -0.951811
vn -0.162679 0.934695 -0.316040
vn -0.162679 0.934695 -0.316040
vn -0.162679 0.934695 -0.316040
vn -0.428518 0.861915 -0.271061
vn -0.428518 0.861915 -0.271061
vn -0.428518 0.861915 -0.271061
vn -0.215741 -0.703249 -0.677419
vn -0.215741 -0.703249 -0.677419
vn -0.215741 -0.703249 -0.677419
vn -0.370863 -0.638815 -0.674074
vn -0.370863 -0.638815 -0.674074
vn -0.370863 -0.638815 -0.674074
vn -0.547060 -0.679702 0.488600
vn -0.547060 -0.679702 0.488600
vn -0.547060 -0.679702 0.488600
vn -0.278855 0.499038 0.820488
vn -0.278855 0.499038 0.820488
vn -0.278855 0.499038 0.820488
vn -0.551375 -0.558189 0.620008
vn -0.551375 -0.558189 0.620008
vn -0.551375 -0.558189 0.620008
vn -0.065272 -0.918751 0.389404
vn -0.065272 -0.918751 0.389404
vn -0.065272 -0.918751 0.389404
vn -0.657747 -0.173911 0.732887
vn -0.657747 -0.173911 0.732887
vn -0.657747 -0.173911 0.732887
vn -0.823389 0.003813 0.567465
vn -0.823389 0.003813 0.567465
vn -0.823389 0.003813 0.567465
vn -0.240720 0.543874 0.803899
vn -0.240720 0.543874 0.803899
vn -0.240720 0.543874 0.803899
vn -0.584337 0.712454 0.388535
vn -0.584337 0.712454 0.388535
vn -0.584337 0.712454 0.388535
vn -0.166460 0.802123 0.573489
vn -0.166460 0.802123 0.573489
vn -0.166460 0.802123 0.573489
vn -0.593822 0.464994 0.656625
vn -0.593822 0.464994 0.656625
vn -0.593822 0.464994 0.656625
vn -0.874615 0.482443 0.047937
vn -0.874615 0.482443 0.047937
vn -0.874615 0.482443 0.047937
vn -0.748303 -0.095530 0.656442
vn -0.748303 -0.095530 0.656442
vn -0.748303 -0.095530 0.656442
vn -0.856916 -0.284937 -0.429541
vn -0.856916 -0.284937 -0.429541
vn -0.856916 -0.284937 -0.429541
vn -0.301449 0.807028 0.507774
vn -0.301449 0.807028 0.507774
vn -0.301449 0.807028 0.507774
vn -0.535479 0.761672 0.364854
vn -0.535479 0.761672 0.364854
vn -0.535479 0.761672 0.364854
vn -0.424208 -0.701195 0.573039
vn -0.424208 -0.701195 0.573039
vn -0.424208 -0.701195 0.573039
vn -0.280194 -0.959385 0.032728
vn -0.280194 -0.959385 0.032728
vn -0.280194 -0.959385 0.032728
vn -0.652172 0.743670 -0.147064
vn -0.652172 0.743670 -0.147064
vn -0.652172 0.743670 -0.147064
vn -0.629723 -0.166688 -0.758725
vn -0.629723 -0.166688 -0.758725
vn -0.629723 -0.166688 -0.758725
vn -0.454383 0.166110 -0.875182
vn -0.454383 0.166110 -0.875182
vn -0.454383 0.166110 -0.875182
vn -0.611871 -0.753583 -0.240264
vn -0.611871 -0.753583 -0.240264
vn -0.611871 -0.753583 -0.240264
vn -0.682674 -0.224462 0.695394
vn -0.682674 -0.224462 0.695394
vn -0.682674 -0.224462 0.695394
vn -0.406466 0.763853 0.501313
vn -0.406466 0.763853 0.501313
vn -0.406466 0.763853 0.501313
vn -0.192390 0.548110 0.813979
vn -0.192390 0.548110 0.813979
vn -0.192390 0.548110 0.813979
vn -0.856669 0.204157 -0.473749
vn -0.856669 0.204157 -0.473749
vn -0.856669 0.204157 -0.473749
vn -0.533041 -0.729358 0.428840
vn -0.533041 -0.729358 0.428840
vn -0.533041 -0.729358 0.428840
vn -0.682008 -0.229324 -0.694461
vn -0.682008 -0.229324 -0.694461
vn -0.682008 -0.229324 -0.694461
vn -0.332915 -0.879069 0.341182
vn -0.332915 -0.879069 0.341182
vn -0.332915 -0.879069 0.341182
vn -0.270604 0.434682 0.858967
vn -0.270604 0.434682 0.858967
vn -0.270604 0.434682 0.858967
vn -0.540280 -0.821513 -0.182247
vn -0.540280 -0.821513 -0.182247
vn -0.540280 -0.821513 -0.182247
vn -0.389208 0.193393 0.900620
vn -0.389208 0.193393 0.900620
vn -0.389208 0.193393 0.900620
vn -0.807907 0.044263 -0.587645
vn -0.807907 0.044263 -0.587645
vn -0.807907 0.044263 -0.587645
vn -0.444206 0.749804 0.490382
vn -0.444206 0.749804 0.490382
vn -0.444206 0.749804 0.490382
vn -0.375078 -0.196800 0.905862
vn -0.375078 -0.196800 0.905862
vn -0.375078 -0.196800 0.905862
vn -0.381358 -0.715157 0.585762
vn -0.381358 -0.715157 0.585762
vn -0.381358 -0.715157 0.585762
vn -0.332357 0.227176 0.915385
vn -0.332357 0.227176 0.915385
vn -0.332357 0.227176 0.915385
vn -0.464108 0.635408 0.617139
vn -0.464108 0.635408 0.617139
vn -0.464108 0.635408 0.617139
vn -0.322058 0.785456 0.528524
vn -0.322058 0.785456 0.528524
vn -0.322058 0.785456 0.528524
vn -0.491882 -0.515520 0.701634
vn -0.491882 -0.515520 0.701634
vn -0.491882 -0.515520 0.701634
vn -0.467616 0.683270 0.560783
vn -0.467616 0.683270 0.560783
vn -0.467616 0.683270 0.560783
vn -0.481839 0.764812 0.427660
vn -0.481839 0.764812 0.427660
vn -0.481839 0.764812 0.427660
vn -0.421484 0.840158 0.341300
vn -0.421484 0.840158 0.341300
vn -0.421484 0.840158 0.341300
vn -0.510838 -0.182389 0.840107
vn -0.510838 -0.182389 0.840107
vn -0.510838 -0.182389 0.840107
vn -0.690069 0.118669 -0.713949
vn -0.690069 0.118669 -0.713949
vn -0.690069 0.118669 -0.713949
vn -0.353741 -0.934057 0.049047
vn -0.353741 -0.934057 0.049047
vn -0.353741 -0.934057 0.049047
vn -0.666117 -0.745119 0.032952
vn -0.666117 -0.745119 0.032952
vn -0.666117 -0.745119 0.032952
vn -0.634369 0.115714 -0.764321
vn -0.634369 0.115714 -0.764321
vn -0.634369 0.115714 -0.764321
vn -0.319733 -0.933854 -0.160275
vn -0.319733 -0.933854 -0.160275
vn -0.319733 -0.933854 -0.160275
vn -0.940726 -0.044503 -0.336235
vn -0.940726 -0.044503 -0.336235
vn -0.940726 -0.044503 -0.336235
vn -0.794604 0.586263 -0.157796
vn -0.794604 0.586263 -0.157796
vn -0.794604 0.586263 -0.157796
vn -0.143574 0.979049 -0.144393
vn -0.143574 0.979049 -0.144393
vn -0.143574 0.979049 -0.144393
vn 0.183274 0.238109 -0.953790
vn 0.183274 0.238109 -0.953790
vn 0.183274 0.238109 -0.953790
vn -0.006571 0.003255 0.999973
vn -0.006571 0.003255 0.999973
vn -0.006571 0.003255 0.999973
vn 0.524871 0.657380 -0.540705
vn 0.524871 0.657380 -0.540705
vn 0.524871 0.657380 -0.540705
vn -0.005008 0.001553 0.999986
vn -0.005008 0.001553 0.999986
vn -0.005008 0.001553 0.999986
vn -0.309422 -0.071603 0.948225
vn -0.309422 -0.071603 0.948225
vn -0.309422 -0.071603 0.948225
vn -0.425932 0.855002 -0.295894
vn -0.425932 0.855002 -0.295894
vn -0.425932 0.855002 -0.295894
vn -0.628754 0.764337 -0.143028
vn -0.628754 0.764337 -0.143028
vn -0.628754 0.764337 -0.143028
vn -0.364573 -0.039718 0.930327
vn -0.364573 -0.039718 0.930327
vn -0.364573 -0.039718 0.930327
vn -0.191232 -0.135080 0.972205
vn -0.191232 -0.135080 0.972205
vn -0.191232 -0.135080 0.972205
vn -0.011702 0.032427 0.999406
vn -0.011702 0.032427 0.999406
vn -0.011702 0.032427 0.999406
vn -0.544364 -0.751989 0.371726
vn -0.544364 -0.751989 0.371726
vn -0.544364 -0.751989 0.371726
vn -0.751387 0.169229 -0.637792
vn -0.751387 0.169229 -0.637792
vn -0.751387 0.169229 -0.637792
vn -0.475923 0.507625 -0.718202
vn -0.475923 0.507625 -0.718202
vn -0.475923 0.507625 -0.718202
vn -0.239986 0.567026 -0.787965
vn -0.239986 0.567026 -0.787965
vn -0.239986 0.567026 -0.787965
vn -0.700713 0.353495 -0.619712
vn -0.700713 0.353495 -0.619712
vn -0.700713 0.353495 -0.619712
vn -0.721144 0.438473 -0.536370
vn -0.721144 0.438473 -0.536370
vn -0.721144 0.438473 -0.536370
vn -0.847490 0.371273 -0.379364
vn -0.847490 0.371273 -0.379364
vn -0.847490 0.371273 -0.379364
vn -0.839998 0.412489 -0.352499
vn -0.839998 0.412489 -0.352499
vn -0.839998 0.412489 -0.352499
vn -0.189027 0.647021 0.738669
vn -0.189027 0.647021 0.738669
vn -0.189027 0.647021 0.738669
vn -0.711053 0.197886 0.674718
vn -0.711053 0.197886 0.674718
vn -0.711053 0.197886 0.674718
vn -0.718290 -0.015281 -0.695576
vn -0.718290 -0.015281 -0.695576
vn -0.718290 -0.015281 -0.695576
vn -0.886034 0.104616 -0.451662
vn -0.886034 0.104616 -0.451662
vn -0.886034 0.104616 -0.451662
vn -0.631975 0.762432 -0.138940
vn -0.631975 0.762432 -0.138940
vn -0.631975 0.762432 -0.138940
vn -0.158288 0.977086 -0.142297
vn -0.158288 0.977086 -0.142297
vn -0.158288 0.977086 -0.142297
vn 0.133374 0.504225 -0.853211
vn 0.133374 0.504225 -0.853211
vn 0.133374 0.504225 -0.853211
vn 0.616207 0.502537 -0.606421
vn 0.616207 0.502537 -0.606421
vn 0.616207 0.502537 -0.606421
vn -0.869254 -0.429791 -0.244289
vn -0.869254 -0.429791 -0.244289
vn -0.869254 -0.429791 -0.244289
vn -0.371484 -0.716397 0.590572
vn -0.371484 -0.716397 0.590572
vn -0.371484 -0.716397 0.590572
vn -0.452816 -0.493285 0.742717
vn -0.452816 -0.493285 0.742717
vn -0.452816 -0.493285 0.742717
vn -0.575364 -0.549914 -0.605435
vn -0.575364 -0.549914 -0.605435
vn -0.575364 -0.549914 -0.605435
vn -0.652208 -0.555021 0.516311
vn -0.652208 -0.555021 0.516311
vn -0.652208 -0.555021 0.516311
vn -0.581157 -0.591369 -0.559052
vn -0.581157 -0.591369 -0.559052
vn -0.581157 -0.591369 -0.559052
vn -0.880520 -0.471397 -0.049692
vn -0.880520 -0.471397 -0.049692
vn -0.880520 -0.471397 -0.049692
vn -0.658092 -0.492297 0.569700
vn -0.658092 -0.492297 0.569700
vn -0.658092 -0.492297 0.569700
vn -0.547941 -0.605330 0.577353
vn -0.547941 -0.605330 0.577353
vn -0.547941 -0.605330 0.577353
vn -0.780337 0.527003 0.336663
vn -0.780337 0.527003 0.336663
vn -0.780337 0.527003 0.336663
vn -0.467982 -0.332851 -0.818660
vn -0.467982 -0.332851 -0.818660
vn -0.467982 -0.332851 -0.818660
vn -0.306264 -0.424143 -0.852235
vn -0.306264 -0.424143 -0.852235
vn -0.306264 -0.424143 -0.852235
vn -0.387262 -0.864490 0.320447
vn -0.387262 -0.864490 0.320447
vn -0.387262 -0.864490 0.320447
vn -0.111821 -0.991369 -0.068435
vn -0.111821 -0.991369 -0.068435
vn -0.111821 -0.991369 -0.068435
vn -0.110753 -0.977925 -0.177188
vn -0.110753 -0.977925 -0.177188
vn -0.110753 -0.977925 -0.177188
vn -0.239901 -0.892744 0.381386
vn -0.239901 -0.892744 0.381386
vn -0.239901 -0.892744 0.381386
vn -0.158764 -0.957689 0.240056
vn -0.158764 -0.957689 0.240056
vn -0.158764 -0.957689 0.240056
vn -0.086342 -0.963778 0.252343
vn -0.086342 -0.963778 0.252343
vn -0.086342 -0.963778 0.252343
vn -0.045306 0.028655 0.998562
vn -0.045306 0.028655 0.998562
vn -0.045306 0.028655 0.998562
vn -0.483493 0.775538 0.405927
vn -0.483493 0.775538 0.405927
vn -0.483493 0.775538 0.405927
vn -0.496333 -0.779918 0.381289
vn -0.496333 -0.779918 0.381289
vn -0.496333 -0.779918 0.381289
vn -0.424012 0.806092 0.412831
vn -0.424012 0.806092 0.412831
vn -0.424012 0.806092 0.412831
vn -0.655824 -0.644807 0.392580
vn -0.655824 -0.644807 0.392580
vn -0.655824 -0.644807 0.392580
vn 0.936275 -0.112311 0.332831
vn 0.936275 -0.112311 0.332831
vn 0.936275 -0.112311 0.332831
vn 0.936073 -0.113497 0.332996
vn 0.936073 -0.113497 0.332996
vn 0.936073 -0.113497 0.332996
vn 0.931693 0.011518 0.363064
vn 0.931693 0.011518 0.363064
vn 0.931693 0.011518 0.363064
vn 0.007299 0.887083 0.461553
vn 0.007299 0.887083 0.461553
vn 0.007299 0.887083 0.461553
vn -0.493799 0.363756 0.789838
vn -0.493799 0.363756 0.789838
vn -0.493799 0.363756 0.789838
vn -0.271973 0.890465 0.364832
vn -0.271973 0.890465 0.364832
vn -0.271973 0.890465 0.364832
vn 0.634805 0.333551 0.696969
vn 0.634805 0.333551 0.696969
vn 0.634805 0.333551 0.696969
vn 0.199204 -0.426141 0.882452
vn 0.199204 -0.426141 0.882452
vn 0.199204 -0.426141 0.882452
vn -0.294415 0.902169 0.315294
vn -0.294415 0.902169 0.315294
vn -0.294415 0.902169 0.315294
vn -0.251799 -0.801621 0.542219
vn -0.251799 -0.801621 0.542219
vn -0.251799 -0.801621 0.542219
vn -0.938001 -0.202489 0.281340
vn -0.938001 -0.202489 0.281340
vn -0.938001 -0.202489 0.281340
vn -0.682149 -0.603349 0.413090
vn -0.682149 -0.603349 0.413090
vn -0.682149 -0.603349 0.413090
vn -0.692186 -0.446680 0.566881
vn -0.692186 -0.446680 0.566881
vn -0.692186 -0.446680 0.566881
vn -0.471178 0.313081 0.824604
vn -0.471178 0.313081 0.824604
vn -0.471178 0.313081 0.824604
vn -0.505194 0.300306 0.809070
vn -0.505194 0.300306 0.809070
vn -0.505194 0.300306 0.809070
vn 0.633786 0.751122 -0.184744
vn 0.633786 0.751122 -0.184744
vn 0.633786 0.751122 -0.184744
vn 0.249931 0.177737 -0.951811
vn 0.249931 0.177737 -0.951811
vn 0.249931 0.177737 -0.951811
vn 0.162679 0.934695 -0.316040
vn 0.162679 0.934695 -0.316040
vn 0.162679 0.934695 -0.316040
vn 0.428518 0.861915 -0.271061
vn 0.428518 0.861915 -0.271061
vn 0.428518 0.861915 -0.271061
vn 0.195682 -0.679584 -0.707018
vn 0.195682 -0.679584 -0.707018
vn 0.195682 -0.679584 -0.707018
vn 0.359436 -0.631588 -0.686951
vn 0.359436 -0.631588 -0.686951
vn 0.359436 -0.631588 -0.686951
vn 0.375739 0.525394 0.763401
vn 0.375739 0.525394 0.763401
vn 0.375739 0.525394 0.763401
vn 0.551375 -0.558189 0.620008
vn 0.551375 -0.558189 0.620008
vn 0.551375 -0.558189 0.620008
vn 0.145665 -0.877964 0.456027
vn 0.145665 -0.877964 0.456027
vn 0.145665 -0.877964 0.456027
vn 0.657747 -0.173911 0.732887
vn 0.657747 -0.173911 0.732887
vn 0.657747 -0.173911 0.732887
vn 0.823389 0.003813 0.567465
vn 0.823389 0.003813 0.567465
vn 0.823389 0.003813 0.567465
vn 0.444218 0.677554 0.586167
vn 0.444218 0.677554 0.586167
vn 0.444218 0.677554 0.586167
vn 0.584337 0.712454 0.388535
vn 0.584337 0.712454 0.388535
vn 0.584337 0.712454 0.388535
vn 0.166460 0.802123 0.573489
vn 0.166460 0.802123 0.573489
vn 0.166460 0.802123 0.573489
vn 0.874615 0.482443 0.047937
vn 0.874615 0.482443 0.047937
vn 0.874615 0.482443 0.047937
vn 0.748303 -0.095530 0.656442
vn 0.748303 -0.095530 0.656442
vn 0.748303 -0.095530 0.656442
vn 0.842744 -0.309293 -0.440591
vn 0.842744 -0.309293 -0.440591
vn 0.842744 -0.309293 -0.440591
vn 0.301449 0.807028 0.507774
vn 0.301449 0.807028 0.507774
vn 0.301449 0.807028 0.507774
vn 0.535479 0.761672 0.364854
vn 0.535479 0.761672 0.364854
vn 0.535479 0.761672 0.364854
vn 0.424208 -0.701195 0.573039
vn 0.424208 -0.701195 0.573039
vn 0.424208 -0.701195 0.573039
vn 0.408644 -0.912222 -0.029352
vn 0.408644 -0.912222 -0.029352
vn 0.408644 -0.912222 -0.029352
vn 0.798676 0.599973 0.046360
vn 0.798676 0.599973 0.046360
vn 0.798676 0.599973 0.046360
vn 0.629723 -0.166688 -0.758725
vn 0.629723 -0.166688 -0.758725
vn 0.629723 -0.166688 -0.758725
vn 0.492473 0.123622 -0.861503
vn 0.492473 0.123622 -0.861503
vn 0.492473 0.123622 -0.861503
vn 0.611871 -0.753583 -0.240264
vn 0.611871 -0.753583 -0.240264
vn 0.611871 -0.753583 -0.240264
vn 0.682674 -0.224462 0.695394
vn 0.682674 -0.224462 0.695394
vn 0.682674 -0.224462 0.695394
vn 0.618584 0.679804 0.393979
vn 0.618584 0.679804 0.393979
vn 0.618584 0.679804 0.393979
vn 0.170177 0.540034 0.824259
vn 0.170177 0.540034 0.824259
vn 0.170177 0.540034 0.824259
vn 0.832175 0.407143 -0.376455
vn 0.832175 0.407143 -0.376455
vn 0.832175 0.407143 -0.376455
vn 0.533041 -0.729358 0.428840
vn 0.533041 -0.729358 0.428840
vn 0.533041 -0.729358 0.428840
vn 0.682008 -0.229324 -0.694461
vn 0.682008 -0.229324 -0.694461
vn 0.682008 -0.229324 -0.694461
vn 0.332915 -0.879069 0.341182
vn 0.332915 -0.879069 0.341182
vn 0.332915 -0.879069 0.341182
vn 0.512027 0.132216 0.848733
vn 0.512027 0.132216 0.848733
vn 0.512027 0.132216 0.848733
vn 0.540280 -0.821513 -0.182247
vn 0.540280 -0.821513 -0.182247
vn 0.540280 -0.821513 -0.182247
vn 0.361849 0.191003 0.912460
vn 0.361849 0.191003 0.912460
vn 0.361849 0.191003 0.912460
vn 0.864051 -0.053250 -0.500580
vn 0.864051 -0.053250 -0.500580
vn 0.864051 -0.053250 -0.500580
vn 0.563456 0.717880 0.408858
vn 0.563456 0.717880 0.408858
vn 0.563456 0.717880 0.408858
vn 0.375078 -0.196800 0.905862
vn 0.375078 -0.196800 0.905862
vn 0.375078 -0.196800 0.905862
vn 0.381358 -0.715157 0.585762
vn 0.381358 -0.715157 0.585762
vn 0.381358 -0.715157 0.585762
vn 0.331295 0.234572 0.913904
vn 0.331295 0.234572 0.913904
vn 0.331295 0.234572 0.913904
vn 0.332357 0.227176 0.915385
vn 0.332357 0.227176 0.915385
vn 0.332357 0.227176 0.915385
vn 0.308194 0.655682 0.689273
vn 0.308194 0.655682 0.689273
vn 0.308194 0.655682 0.689273
vn 0.464108 0.635408 0.617139
vn 0.464108 0.635408 0.617139
vn 0.464108 0.635408 0.617139
vn 0.322058 0.785456 0.528524
vn 0.322058 0.785456 0.528524
vn 0.322058 0.785456 0.528524
vn 0.491882 -0.515520 0.701634
vn 0.491882 -0.515520 0.701634
vn 0.491882 -0.515520 0.701634
vn 0.467616 0.683270 0.560783
vn 0.467616 0.683270 0.560783
vn 0.467616 0.683270 0.560783
vn 0.440193 0.559442 0.702321
vn 0.440193 0.559442 0.702321
vn 0.440193 0.559442 0.702321
vn 0.242244 0.877468 0.413965
vn 0.242244 0.877468 0.413965
vn 0.242244 0.877468 0.413965
vn 0.539568 -0.106083 0.835232
vn 0.539568 -0.106083 0.835232
vn 0.539568 -0.106083 0.835232
vn 0.690069 0.118669 -0.713949
vn 0.690069 0.118669 -0.713949
vn 0.690069 0.118669 -0.713949
vn 0.435408 -0.900216 0.005594
vn 0.435408 -0.900216 0.005594
vn 0.435408 -0.900216 0.005594
vn 0.666117 -0.745119 0.032952
vn 0.666117 -0.745119 0.032952
vn 0.666117 -0.745119 0.032952
vn 0.750959 0.241294 -0.614685
vn 0.750959 0.241294 -0.614685
vn 0.750959 0.241294 -0.614685
vn 0.319733 -0.933854 -0.160275
vn 0.319733 -0.933854 -0.160275
vn 0.319733 -0.933854 -0.160275
vn 0.873397 -0.287389 -0.393175
vn 0.873397 -0.287389 -0.393175
vn 0.873397 -0.287389 -0.393175
vn 0.674028 0.660076 -0.331641
vn 0.674028 0.660076 -0.331641
vn 0.674028 0.660076 -0.331641
vn 0.147556 0.978102 -0.146775
vn 0.147556 0.978102 -0.146775
vn 0.147556 0.978102 -0.146775
vn -0.228293 0.373000 -0.899307
vn -0.228293 0.373000 -0.899307
vn -0.228293 0.373000 -0.899307
vn 0.006571 0.003255 0.999973
vn 0.006571 0.003255 0.999973
vn 0.006571 0.003255 0.999973
vn 0.022084 0.008354 0.999721
vn 0.022084 0.008354 0.999721
vn 0.022084 0.008354 0.999721
vn 0.001955 0.022218 0.999751
vn 0.001955 0.022218 0.999751
vn 0.001955 0.022218 0.999751
vn 0.322950 -0.083003 0.942769
vn 0.322950 -0.083003 0.942769
vn 0.322950 -0.083003 0.942769
vn 0.145568 -0.028389 0.988941
vn 0.145568 -0.028389 0.988941
vn 0.145568 -0.028389 0.988941
vn 0.364573 -0.039718 0.930327
vn 0.364573 -0.039718 0.930327
vn 0.364573 -0.039718 0.930327
vn 0.191232 -0.135080 0.972205
vn 0.191232 -0.135080 0.972205
vn 0.191232 -0.135080 0.972205
vn 0.018609 0.039843 0.999033
vn 0.018609 0.039843 0.999033
vn 0.018609 0.039843 0.999033
vn 0.544364 -0.751989 0.371726
vn 0.464868 0.520289 -0.716378
vn 0.464868 0.520289 -0.716378
vn 0.464868 0.520289 -0.716378
vn 0.239986 0.567026 -0.787965
vn 0.239986 0.567026 -0.787965
vn 0.239986 0.567026 -0.787965
vn 0.634777 0.448608 -0.629134
vn 0.634777 0.448608 -0.629134
vn 0.634777 0.448608 -0.629134
vn 0.825680 0.276608 -0.491672
vn 0.825680 0.276608 -0.491672
vn 0.825680 0.276608 -0.491672
vn 0.839958 0.424127 -0.338506
vn 0.839958 0.424127 -0.338506
vn 0.839958 0.424127 -0.338506
vn 0.839998 0.412489 -0.352499
vn 0.839998 0.412489 -0.352499
vn 0.839998 0.412489 -0.352499
vn 0.825057 0.237025 0.512933
vn 0.825057 0.237025 0.512933
vn 0.825057 0.237025 0.512933
vn 0.711053 0.197886 0.674718
vn 0.711053 0.197886 0.674718
vn 0.711053 0.197886 0.674718
vn 0.718290 -0.015281 -0.695576
vn 0.718290 -0.015281 -0.695576
vn 0.718290 -0.015281 -0.695576
vn -0.616207 0.502537 -0.606421
vn -0.616207 0.502537 -0.606421
vn -0.616207 0.502537 -0.606421
vn 0.869254 -0.429791 -0.244289
vn 0.869254 -0.429791 -0.244289
vn 0.869254 -0.429791 -0.244289
vn 0.371484 -0.716397 0.590572
vn 0.371484 -0.716397 0.590572
vn 0.371484 -0.716397 0.590572
vn 0.348049 -0.624639 0.699062
vn 0.348049 -0.624639 0.699062
vn 0.348049 -0.624639 0.699062
vn 0.575364 -0.549914 -0.605435
vn 0.575364 -0.549914 -0.605435
vn 0.575364 -0.549914 -0.605435
vn 0.652208 -0.555021 0.516311
vn 0.652208 -0.555021 0.516311
vn 0.652208 -0.555021 0.516311
vn 0.581157 -0.591369 -0.559052
vn 0.581157 -0.591369 -0.559052
vn 0.581157 -0.591369 -0.559052
vn 0.711456 -0.644688 -0.279655
vn 0.711456 -0.644688 -0.279655
vn 0.711456 -0.644688 -0.279655
vn 0.658092 -0.492297 0.569700
vn 0.658092 -0.492297 0.569700
vn 0.658092 -0.492297 0.569700
vn 0.579329 -0.569301 0.583331
vn 0.579329 -0.569301 0.583331
vn 0.579329 -0.569301 0.583331
vn 0.780337 0.527003 0.336663
vn 0.780337 0.527003 0.336663
vn 0.780337 0.527003 0.336663
vn 0.429578 -0.290860 -0.854906
vn 0.429578 -0.290860 -0.854906
vn 0.429578 -0.290860 -0.854906
vn 0.272498 -0.370514 -0.887955
vn 0.272498 -0.370514 -0.887955
vn 0.272498 -0.370514 -0.887955
vn 0.333321 -0.880759 0.336393
vn 0.333321 -0.880759 0.336393
vn 0.333321 -0.880759 0.336393
vn 0.111821 -0.991369 -0.068435
vn 0.111821 -0.991369 -0.068435
vn 0.111821 -0.991369 -0.068435
vn 0.110753 -0.977925 -0.177188
vn 0.110753 -0.977925 -0.177188
vn 0.110753 -0.977925 -0.177188
vn 0.239901 -0.892744 0.381386
vn 0.239901 -0.892744 0.381386
vn 0.239901 -0.892744 0.381386
vn 0.158764 -0.957689 0.240056
vn 0.158764 -0.957689 0.240056
vn 0.158764 -0.957689 0.240056
vn 0.126549 -0.971977 0.198108
vn 0.126549 -0.971977 0.198108
vn 0.126549 -0.971977 0.198108
vn 0.184500 -0.080024 0.979569
vn 0.184500 -0.080024 0.979569
vn 0.184500 -0.080024 0.979569
vn 0.176450 -0.061352 0.982396
vn 0.176450 -0.061352 0.982396
vn 0.176450 -0.061352 0.982396
vn 0.051301 -0.038617 0.997936
vn 0.051301 -0.038617 0.997936
vn 0.051301 -0.038617 0.997936
vn 0.045306 0.028655 0.998562
vn 0.045306 0.028655 0.998562
vn 0.045306 0.028655 0.998562
vn 0.042921 -0.051060 0.997773
vn 0.042921 -0.051060 0.997773
vn 0.042921 -0.051060 0.997773
vn 0.483493 0.775538 0.405927
vn 0.496331 -0.779920 0.381288
vn 0.424012 0.806092 0.412830
vn 0.655824 -0.644807 0.392580
vn -0.936275 -0.112311 0.332831
vn -0.936073 -0.113497 0.332996
vn -0.931690 0.011517 0.363071
vn -0.007537 0.887433 0.460875
vn -0.007537 0.887433 0.460875
vn -0.007537 0.887433 0.460875
vn 0.198271 0.191599 0.961238
vn 0.198271 0.191599 0.961238
vn 0.198271 0.191599 0.961238
vn 0.271770 0.891821 0.361658
vn 0.271770 0.891821 0.361658
vn 0.271770 0.891821 0.361658
vn -0.327138 0.000150 0.944977
vn -0.327138 0.000150 0.944977
vn -0.327138 0.000150 0.944977
vn -0.577299 -0.473190 0.665444
vn -0.577299 -0.473190 0.665444
vn -0.577299 -0.473190 0.665444
vn 0.269738 0.890896 0.365440
vn 0.269738 0.890896 0.365440
vn 0.269738 0.890896 0.365440
vn 0.251799 -0.801621 0.542219
vn 0.251799 -0.801621 0.542219
vn 0.251799 -0.801621 0.542219
vn 0.938001 -0.202489 0.281340
vn 0.938001 -0.202489 0.281340
vn 0.938001 -0.202489 0.281340
vn 0.682149 -0.603349 0.413090
vn 0.682149 -0.603349 0.413090
vn 0.682149 -0.603349 0.413090
vn 0.692186 -0.446680 0.566881
vn 0.692186 -0.446680 0.566881
vn 0.692186 -0.446680 0.566881
vn 0.471178 0.313081 0.824604
vn 0.471178 0.313081 0.824604
vn 0.471178 0.313081 0.824604
vn 0.579992 0.332916 0.743490
vn 0.579992 0.332916 0.743490
vn 0.579992 0.332916 0.743490
vn -0.633786 0.751123 -0.184745
vn -0.633786 0.751123 -0.184745
vn -0.633786 0.751123 -0.184745
vn -0.326103 0.264968 -0.907441
vn -0.326103 0.264968 -0.907441
vn -0.326103 0.264968 -0.907441
vn -0.185365 0.939089 -0.289399
vn -0.185365 0.939089 -0.289399
vn -0.185365 0.939089 -0.289399
vn -0.429235 0.861825 -0.270213
vn -0.429235 0.861825 -0.270213
vn -0.429235 0.861825 -0.270213
vn -0.195682 -0.679583 -0.707018
vn -0.195682 -0.679583 -0.707018
vn -0.195682 -0.679583 -0.707018
vn -0.359437 -0.631588 -0.686951
vn -0.359437 -0.631588 -0.686951
vn -0.359437 -0.631588 -0.686951
vn -0.375739 0.525394 0.763401
vn -0.375739 0.525394 0.763401
vn -0.375739 0.525394 0.763401
vn -0.560129 -0.560479 0.610016
vn -0.560129 -0.560479 0.610016
vn -0.560129 -0.560479 0.610016
vn -0.145665 -0.877964 0.456027
vn -0.145665 -0.877964 0.456027
vn -0.145665 -0.877964 0.456027
vn -0.623387 -0.071723 0.778617
vn -0.623387 -0.071723 0.778617
vn -0.623387 -0.071723 0.778617
vn -0.831578 -0.380559 0.404540
vn -0.831578 -0.380559 0.404540
vn -0.831578 -0.380559 0.404540
vn -0.444218 0.677553 0.586167
vn -0.444218 0.677553 0.586167
vn -0.444218 0.677553 0.586167
vn -0.621465 0.662504 0.418174
vn -0.621465 0.662504 0.418174
vn -0.621465 0.662504 0.418174
vn 0.003990 0.857096 0.515142
vn 0.003990 0.857096 0.515142
vn 0.003990 0.857096 0.515142
vn -0.515222 0.771821 -0.372612
vn -0.515222 0.771821 -0.372612
vn -0.515222 0.771821 -0.372612
vn -0.725154 -0.157310 0.670377
vn -0.725154 -0.157310 0.670377
vn -0.725154 -0.157310 0.670377
vn -0.842744 -0.309293 -0.440591
vn -0.842744 -0.309293 -0.440591
vn -0.842744 -0.309293 -0.440591
vn -0.355928 0.762081 0.540877
vn -0.355928 0.762081 0.540877
vn -0.355928 0.762081 0.540877
vn -0.578020 0.724710 0.375085
vn -0.578020 0.724710 0.375085
vn -0.578020 0.724710 0.375085
vn -0.321694 -0.862797 0.389992
vn -0.321694 -0.862797 0.389992
vn -0.321694 -0.862797 0.389992
vn -0.408644 -0.912222 -0.029352
vn -0.408644 -0.912222 -0.029352
vn -0.408644 -0.912222 -0.029352
vn -0.798676 0.599973 0.046360
vn -0.798676 0.599973 0.046360
vn -0.798676 0.599973 0.046360
vn -0.603957 -0.145725 -0.783582
vn -0.603957 -0.145725 -0.783582
vn -0.603957 -0.145725 -0.783582
vn -0.492473 0.123622 -0.861503
vn -0.492473 0.123622 -0.861503
vn -0.492473 0.123622 -0.861503
vn -0.682833 -0.706632 -0.185503
vn -0.682833 -0.706632 -0.185503
vn -0.682833 -0.706632 -0.185503
vn -0.746700 -0.095664 0.658246
vn -0.746700 -0.095664 0.658246
vn -0.746700 -0.095664 0.658246
vn -0.618584 0.679804 0.393980
vn -0.618584 0.679804 0.393980
vn -0.618584 0.679804 0.393980
vn -0.170176 0.540034 0.824259
vn -0.170176 0.540034 0.824259
vn -0.170176 0.540034 0.824259
vn -0.832175 0.407144 -0.376455
vn -0.832175 0.407144 -0.376455
vn -0.832175 0.407144 -0.376455
vn -0.544966 -0.725781 0.419827
vn -0.544966 -0.725781 0.419827
vn -0.544966 -0.725781 0.419827
vn -0.618301 -0.169129 -0.767528
vn -0.618301 -0.169129 -0.767528
vn -0.618301 -0.169129 -0.767528
vn -0.388951 -0.863501 0.321065
vn -0.388951 -0.863501 0.321065
vn -0.388951 -0.863501 0.321065
vn -0.512027 0.132216 0.848733
vn -0.512027 0.132216 0.848733
vn -0.512027 0.132216 0.848733
vn -0.469799 -0.854186 -0.222837
vn -0.469799 -0.854186 -0.222837
vn -0.469799 -0.854186 -0.222837
vn -0.361849 0.191003 0.912460
vn -0.361849 0.191003 0.912460
vn -0.361849 0.191003 0.912460
vn -0.864051 -0.053250 -0.500580
vn -0.864051 -0.053250 -0.500580
vn -0.864051 -0.053250 -0.500580
vn -0.563456 0.717880 0.408859
vn -0.563456 0.717880 0.408859
vn -0.563456 0.717880 0.408859
vn -0.337584 -0.140933 0.930685
vn -0.337584 -0.140933 0.930685
vn -0.337584 -0.140933 0.930685
vn -0.410482 -0.712527 0.569042
vn -0.410482 -0.712527 0.569042
vn -0.410482 -0.712527 0.569042
vn -0.331295 0.234572 0.913903
vn -0.331295 0.234572 0.913903
vn -0.331295 0.234572 0.913903
vn -0.276165 0.379463 0.883029
vn -0.276165 0.379463 0.883029
vn -0.276165 0.379463 0.883029
vn -0.308194 0.655682 0.689273
vn -0.308194 0.655682 0.689273
vn -0.308194 0.655682 0.689273
vn -0.270634 0.316985 0.908998
vn -0.270634 0.316985 0.908998
vn -0.270634 0.316985 0.908998
vn -0.515606 0.445831 0.731700
vn -0.515606 0.445831 0.731700
vn -0.515606 0.445831 0.731700
vn -0.506960 -0.548423 0.664999
vn -0.506960 -0.548423 0.664999
vn -0.506960 -0.548423 0.664999
vn -0.338525 0.220285 0.914809
vn -0.338525 0.220285 0.914809
vn -0.338525 0.220285 0.914809
vn -0.440193 0.559442 0.702321
vn -0.440193 0.559442 0.702321
vn -0.440193 0.559442 0.702321
vn -0.242244 0.877469 0.413965
vn -0.242244 0.877469 0.413965
vn -0.242244 0.877469 0.413965
vn -0.539568 -0.106083 0.835232
vn -0.539568 -0.106083 0.835232
vn -0.539568 -0.106083 0.835232
vn -0.696426 0.110030 -0.709143
vn -0.696426 0.110030 -0.709143
vn -0.696426 0.110030 -0.709143
vn -0.435409 -0.900216 0.005594
vn -0.435409 -0.900216 0.005594
vn -0.435409 -0.900216 0.005594
vn -0.589471 -0.806571 -0.044357
vn -0.589471 -0.806571 -0.044357
vn -0.589471 -0.806571 -0.044357
vn -0.750959 0.241294 -0.614685
vn -0.750959 0.241294 -0.614685
vn -0.750959 0.241294 -0.614685
vn -0.232029 -0.949308 -0.212079
vn -0.232029 -0.949308 -0.212079
vn -0.232029 -0.949308 -0.212079
vn -0.873397 -0.287389 -0.393175
vn -0.873397 -0.287389 -0.393175
vn -0.873397 -0.287389 -0.393175
vn -0.674028 0.660076 -0.331641
vn -0.674028 0.660076 -0.331641
vn -0.674028 0.660076 -0.331641
vn -0.147556 0.978102 -0.146775
vn -0.147556 0.978102 -0.146775
vn -0.147556 0.978102 -0.146775
vn 0.228293 0.373000 -0.899307
vn 0.228293 0.373000 -0.899307
vn 0.228293 0.373000 -0.899307
vn -0.026093 -0.003005 0.999655
vn -0.026093 -0.003005 0.999655
vn -0.026093 -0.003005 0.999655
vn -0.001955 0.022218 0.999751
vn -0.001955 0.022218 0.999751
vn -0.001955 0.022218 0.999751
vn -0.022084 0.008354 0.999721
vn -0.022084 0.008354 0.999721
vn -0.022084 0.008354 0.999721
vn -0.322950 -0.083003 0.942769
vn -0.322950 -0.083003 0.942769
vn -0.322950 -0.083003 0.942769
vn -0.145568 -0.028389 0.988941
vn -0.145568 -0.028389 0.988941
vn -0.145568 -0.028389 0.988941
vn -0.345339 -0.047706 0.937265
vn -0.345339 -0.047706 0.937265
vn -0.345339 -0.047706 0.937265
vn -0.201428 -0.045868 0.978429
vn -0.201428 -0.045868 0.978429
vn -0.201428 -0.045868 0.978429
vn -0.018609 0.039843 0.999033
vn -0.018609 0.039843 0.999033
vn -0.018609 0.039843 0.999033
vn -0.544364 -0.751989 0.371726
vn -0.464868 0.520289 -0.716378
vn -0.464868 0.520289 -0.716378
vn -0.464868 0.520289 -0.716378
vn -0.237206 0.564427 -0.790668
vn -0.237206 0.564427 -0.790668
vn -0.237206 0.564427 -0.790668
vn -0.634777 0.448608 -0.629134
vn -0.634777 0.448608 -0.629134
vn -0.634777 0.448608 -0.629134
vn -0.825679 0.276608 -0.491672
vn -0.825679 0.276608 -0.491672
vn -0.825679 0.276608 -0.491672
vn -0.839958 0.424127 -0.338507
vn -0.839958 0.424127 -0.338507
vn -0.839958 0.424127 -0.338507
vn -0.313892 0.679224 -0.663420
vn -0.313892 0.679224 -0.663420
vn -0.313892 0.679224 -0.663420
vn -0.825057 0.237025 0.512933
vn -0.825057 0.237025 0.512933
vn -0.825057 0.237025 0.512933
vn -0.703402 0.170391 0.690067
vn -0.703402 0.170391 0.690067
vn -0.703402 0.170391 0.690067
vn -0.696804 0.019664 -0.716992
vn -0.696804 0.019664 -0.716992
vn -0.696804 0.019664 -0.716992
vn 0.610064 0.575865 -0.544244
vn 0.610064 0.575865 -0.544244
vn 0.610064 0.575865 -0.544244
vn -0.858902 -0.473541 -0.195053
vn -0.858902 -0.473541 -0.195053
vn -0.858902 -0.473541 -0.195053
vn -0.402877 -0.747928 0.527536
vn -0.402877 -0.747928 0.527536
vn -0.402877 -0.747928 0.527536
vn -0.348049 -0.624639 0.699062
vn -0.348049 -0.624639 0.699062
vn -0.348049 -0.624639 0.699062
vn -0.634969 -0.567343 -0.524344
vn -0.634969 -0.567343 -0.524344
vn -0.634969 -0.567343 -0.524344
vn -0.719376 -0.527445 0.451996
vn -0.719376 -0.527445 0.451996
vn -0.719376 -0.527445 0.451996
vn -0.649501 -0.610449 -0.453321
vn -0.649501 -0.610449 -0.453321
vn -0.649501 -0.610449 -0.453321
vn -0.711456 -0.644688 -0.279655
vn -0.711456 -0.644688 -0.279655
vn -0.711456 -0.644688 -0.279655
vn -0.548426 -0.562123 0.619070
vn -0.548426 -0.562123 0.619070
vn -0.548426 -0.562123 0.619070
vn -0.579329 -0.569301 0.583331
vn -0.579329 -0.569301 0.583331
vn -0.579329 -0.569301 0.583331
vn -0.882492 -0.128119 0.452540
vn -0.882492 -0.128119 0.452540
vn -0.882492 -0.128119 0.452540
vn -0.429578 -0.290860 -0.854906
vn -0.429578 -0.290860 -0.854906
vn -0.429578 -0.290860 -0.854906
vn -0.272498 -0.370514 -0.887955
vn -0.272498 -0.370514 -0.887955
vn -0.272498 -0.370514 -0.887955
vn -0.333321 -0.880759 0.336393
vn -0.333321 -0.880759 0.336393
vn -0.333321 -0.880759 0.336393
vn -0.105737 -0.991113 -0.080710
vn -0.105737 -0.991113 -0.080710
vn -0.105737 -0.991113 -0.080710
vn -0.086148 -0.973995 -0.209555
vn -0.086148 -0.973995 -0.209555
vn -0.086148 -0.973995 -0.209555
vn -0.253459 -0.958465 0.130782
vn -0.253459 -0.958465 0.130782
vn -0.253459 -0.958465 0.130782
vn -0.121617 -0.943603 0.307933
vn -0.121617 -0.943603 0.307933
vn -0.121617 -0.943603 0.307933
vn -0.126549 -0.971977 0.198108
vn -0.126549 -0.971977 0.198108
vn -0.126549 -0.971977 0.198108
vn -0.184500 -0.080023 0.979569
vn -0.184500 -0.080023 0.979569
vn -0.184500 -0.080023 0.979569
vn 0.000191 0.009942 0.999951
vn 0.000191 0.009942 0.999951
vn 0.000191 0.009942 0.999951
vn -0.042921 -0.051060 0.997773
vn -0.042921 -0.051060 0.997773
vn -0.042921 -0.051060 0.997773
vn -0.051301 -0.038617 0.997936
vn -0.051301 -0.038617 0.997936
vn -0.051301 -0.038617 0.997936
vn -0.176450 -0.061352 0.982396
vn -0.176450 -0.061352 0.982396
vn -0.176450 -0.061352 0.982396
vn -0.483492 0.775538 0.405927
vn -0.496331 -0.779920 0.381288
vn -0.424012 0.806092 0.412830
vn -0.655823 -0.644808 0.392581
vn 0.936274 -0.112311 0.332831
vn 0.936072 -0.113497 0.332998
vn 0.931691 0.011517 0.363071
vn 0.007536 0.887433 0.460875
vn 0.007536 0.887433 0.460875
vn 0.007536 0.887433 0.460875
vn -0.198271 0.191599 0.961238
vn -0.198271 0.191599 0.961238
vn -0.198271 0.191599 0.961238
vn -0.271770 0.891821 0.361659
vn -0.271770 0.891821 0.361659
vn -0.271770 0.891821 0.361659
vn 0.327138 0.000150 0.944977
vn 0.327138 0.000150 0.944977
vn 0.327138 0.000150 0.944977
vn 0.577299 -0.473190 0.665444
vn 0.577299 -0.473190 0.665444
vn 0.577299 -0.473190 0.665444
vn -0.269738 0.890896 0.365440
vn -0.269738 0.890896 0.365440
vn -0.269738 0.890896 0.365440
vn -0.251759 -0.801909 0.541811
vn -0.251759 -0.801909 0.541811
vn -0.251759 -0.801909 0.541811
vn -0.928023 -0.208604 0.308639
vn -0.928023 -0.208604 0.308639
vn -0.928023 -0.208604 0.308639
vn -0.682890 -0.606478 0.407242
vn -0.682890 -0.606478 0.407242
vn -0.682890 -0.606478 0.407242
vn -0.657441 -0.598740 0.457473
vn -0.657441 -0.598740 0.457473
vn -0.657441 -0.598740 0.457473
vn -0.657927 0.078933 0.748933
vn -0.657927 0.078933 0.748933
vn -0.657927 0.078933 0.748933
vn -0.579992 0.332916 0.743490
vn -0.579992 0.332916 0.743490
vn -0.579992 0.332916 0.743490
f 1/1/1 2/2/2 3/3/3
f 4/4/4 5/5/5 6/6/6
f 7/7/7 8/8/8 9/9/9
f 10/10/10 11/11/11 12/12/12
f 13/13/13 14/14/14 15/15/15
f 16/16/16 17/17/17 18/18/18
f 19/19/19 20/20/20 21/21/21
f 22/22/22 23/23/23 24/24/24
f 25/25/25 26/26/26 27/27/27
f 28/28/28 29/29/29 30/30/30
f 31/31/31 32/32/32 33/33/33
f 34/34/34 35/35/35 36/36/36
f 37/37/37 38/38/38 39/39/39
f 40/40/40 41/41/41 42/42/42
f 43/43/43 44/44/44 45/45/45
f 46/46/46 47/47/47 48/48/48
f 49/49/49 50/50/50 51/51/51
f 52/52/52 53/53/53 54/54/54
f 55/55/55 56/56/56 57/57/57
f 58/58/58 59/59/59 60/60/60
f 61/61/61 62/62/62 63/63/63
f 64/64/64 65/65/65 66/66/66
f 67/67/67 68/68/68 69/69/69
f 70/70/70 71/71/71 72/72/72
f 73/73/73 74/74/74 75/75/75
f 76/76/76 77/77/77 78/78/78
f 79/79/79 80/80/80 81/81/81
f 82/82/82 83/83/83 84/84/84
f 85/85/85 86/86/86 87/87/87
f 88/88/88 89/89/89 90/90/90
f 91/91/91 92/92/92 93/93/93
f 94/94/94 95/95/95 96/96/96
f 97/97/97 98/98/98 99/99/99
f 100/100/100 101/101/101 102/102/102
f 103/103/103 104/104/104 105/105/105
f 106/106/106 107/107/107 108/108/108
f 109/109/109 110/110/110 111/111/111
f 112/112/112 113/113/113 114/114/114
f 115/115/115 116/116/116 117/117/117
f 118/118/118 119/119/119 120/120/120
f 121/121/121 122/122/122 123/123/123
f 124/124/124 125/125/125 126/126/126
f 127/127/127 128/128/128 129/129/129
f 130/130/130 131/131/131 132/132/132
f 133/133/133 134/134/134 135/135/135
f 136/136/136 137/137/137 138/138/138
f 139/139/139 140/140/140 141/141/141
f 142/142/142 143/143/143 144/144/144
f 145/145/145 146/146/146 147/147/147
f 148/148/148 149/149/149 150/150/150
f 151/151/151 152/152/152 153/153/153
f 154/154/154 155/155/155 156/156/156
f 157/157/157 158/158/158 159/159/159
f 160/160/160 161/161/161 162/162/162
f 163/163/163 164/164/164 165/165/165
f 166/166/166 167/167/167 168/168/168
f 169/169/169 170/170/170 171/171/171
f 172/172/172 173/173/173 174/174/174
f 175/175/175 176/176/176 177/177/177
f 178/178/178 179/179/179 180/180/180
f 181/181/181 182/182/182 183/183/183
f 184/184/184 185/185/185 186/186/186
f 187/187/187 188/188/188 189/189/189
f 190/190/190 191/191/191 192/192/192
f 193/193/193 194/194/194 195/195/195
f 196/196/196 197/197/197 198/198/198
f 199/199/199 200/200/200 201/201/201
f 202/202/202 203/203/203 204/204/204
f 205/205/205 206/206/206 207/207/207
f 208/208/208 209/209/209 210/210/210
f 211/211/211 212/212/212 213/213/213
f 214/214/214 215/215/215 216/216/216
f 217/217/217 218/218/218 219/219/219
f 220/220/220 221/221/221 222/222/222
f 223/223/223 224/224/224 225/225/225
f 226/226/226 227/227/227 228/228/228
f 229/229/229 230/230/230 231/231/231
f 232/232/232 233/233/233 234/234/234
f 235/235/235 236/236/236 237/237/237
f 238/238/238 239/239/239 240/240/240
f 241/241/241 242/242/242 243/243/243
f 244/244/244 245/245/245 246/246/246
f 247/247/247 248/248/248 249/249/249
f 250/250/250 251/251/251 252/252/252
f 253/253/253 254/254/254 255/255/255
f 256/256/256 257/257/257 258/258/258
f 259/259/259 260/260/260 261/261/261
f 262/262/262 263/263/263 264/264/264
f 265/265/265 266/266/266 267/267/267
f 268/268/268 269/269/269 270/270/270
f 271/271/271 272/272/272 273/273/273
f 274/274/274 275/275/275 276/276/276
f 277/277/277 278/278/278 279/279/279
f 280/280/280 281/281/281 282/282/282
f 283/283/283 284/284/284 285/285/285
f 286/286/286 287/287/287 288/288/288
f 289/289/289 290/290/290 291/291/291
f 292/292/292 293/293/293 294/294/294
f 295/295/295 296/296/296 297/297/297
f 298/298/298 299/299/299 300/300/300
f 301/301/301 302/302/302 303/303/303
f 304/304/304 305/305/305 306/306/306
f 307/307/307 308/308/308 309/309/309
f 310/310/310 311/311/311 312/312/312
f 313/313/313 314/314/314 315/315/315
f 316/316/316 317/317/317 318/318/318
f 319/319/319 320/320/320 321/321/321
f 322/322/322 323/323/323 324/324/324
f 325/325/325 326/326/326 327/327/327
f 328/328/328 329/329/329 330/330/330
f 331/331/331 332/332/332 333/333/333
f 334/334/334 335/335/335 336/336/336
f 337/337/337 338/338/338 339/339/339
f 340/340/340 341/341/341 342/342/342
f 343/343/343 344/344/344 345/345/345
f 346/346/346 347/347/347 348/348/348
f 349/349/349 350/350/350 351/351/351
f 352/352/352 353/353/353 354/354/354
f 355/355/355 356/356/356 357/357/357
f 358/358/358 359/359/359 360/360/360
f 361/361/361 362/362/362 363/363/363
f 364/364/364 365/365/365 366/366/366
f 367/367/367 368/368/368 369/369/369
f 370/370/370 371/371/371 372/372/372
f 373/373/373 374/374/374 375/375/375
f 376/376/376 377/377/377 378/378/378
f 379/379/379 380/380/380 381/381/381
f 382/382/382 383/383/383 384/384/384
f 385/385/385 386/386/386 387/387/387
f 388/388/388 389/389/389 390/390/390
f 391/391/391 392/392/392 393/393/393
f 394/394/394 395/395/395 396/396/396
f 397/397/397 398/398/398 399/399/399
f 400/400/400 401/401/401 402/402/402
f 403/403/403 404/404/404 405/405/405
f 406/406/406 407/407/407 408/408/408
f 409/409/409 410/410/410 411/411/411
f 412/412/412 413/413/413 414/414/414
f 415/415/415 416/416/416 417/417/417
f 418/418/418 419/419/419 420/420/420
f 421/421/421 422/422/422 423/423/423
f 424/424/424 425/425/425 426/426/426
f 427/427/427 428/428/428 429/429/429
f 430/430/430 431/431/431 432/432/432
f 433/433/433 434/434/434 435/435/435
f 436/436/436 437/437/437 438/438/438
f 439/439/439 440/440/440 441/441/441
f 442/442/442 443/443/443 444/444/444
f 445/445/445 446/446/446 447/447/447
f 448/448/448 449/449/449 450/450/450
f 451/451/451 452/452/452 453/453/453
f 454/454/454 455/455/455 456/456/456
f 457/457/457 458/458/458 459/459/459
f 460/460/460 461/461/461 462/462/462
f 463/463/463 464/464/464 465/465/465
f 466/466/466 467/467/467 468/468/468
f 469/469/469 470/470/470 471/471/471
f 472/472/472 473/473/473 474/474/474
f 475/475/475 476/476/476 477/477/477
f 478/478/478 479/479/479 480/480/480
f 481/481/481 482/482/482 483/483/483
f 484/484/484 485/485/485 486/486/486
f 487/487/487 488/488/488 489/489/489
f 490/490/490 491/491/491 492/492/492
f 493/493/493 494/494/494 495/495/495
f 496/496/496 497/497/497 498/498/498
f 499/499/499 500/500/500 501/501/501
f 502/502/502 503/503/503 504/504/504
f 505/505/505 506/506/506 507/507/507
f 508/508/508 509/509/509 510/510/510
f 511/511/511 512/512/512 513/513/513
f 514/514/514 515/515/515 516/516/516
f 517/517/517 518/518/518 519/519/519
f 520/520/520 521/521/521 522/522/522
f 523/523/523 524/524/524 525/525/525
f 526/526/526 527/527/527 528/528/528
f 529/529/529 530/530/530 531/531/531
f 532/532/532 533/533/533 534/534/534
f 535/535/535 536/536/536 537/537/537
f 538/538/538 539/539/539 540/540/540
f 541/541/541 542/542/542 543/543/543
f 544/544/544 545/545/545 546/546/546
f 547/547/547 548/548/548 549/549/549
f 550/550/550 551/551/551 552/552/552
f 553/553/553 554/554/554 555/555/555
f 556/556/556 557/557/557 558/558/558
f 559/559/559 560/560/560 561/561/561
f 562/562/562 563/563/563 564/564/564
f 565/565/565 566/566/566 567/567/567
f 568/568/568 569/569/569 570/570/570
f 571/571/571 572/572/572 573/573/573
f 574/574/574 575/575/575 576/576/576
f 577/577/577 578/578/578 579/579/579
f 580/580/580 581/581/581 582/582/582
f 583/583/583 584/584/584 585/585/585
f 586/586/586 587/587/587 588/588/588
f 589/589/589 590/590/590 591/591/591
f 592/592/592 593/593/593 594/594/594
f 595/595/595 596/596/596 597/597/597
f 598/598/598 599/599/599 600/600/600
f 601/601/601 602/602/602 603/603/603
f 604/604/604 605/605/605 606/606/606
f 607/607/607 608/608/608 609/609/609
f 610/610/610 611/611/611 612/612/612
f 613/613/613 614/614/614 615/615/615
f 616/616/616 617/617/617 618/618/618
f 619/619/619 620/620/620 621/621/621
f 622/622/622 623/623/623 624/624/624
f 625/625/625 626/626/626 627/627/627
f 628/628/628 629/629/629 630/630/630
f 631/631/631 632/632/632 633/633/633
f 634/634/634 635/635/635 636/636/636
f 637/637/637 638/638/638 639/639/639
f 640/640/640 641/641/641 642/642/642
f 643/643/643 644/644/644 645/645/645
f 646/646/646 647/647/647 648/648/648
f 649/649/649 650/650/650 651/651/651
f 652/652/652 653/653/653 654/654/654
f 655/655/655 656/656/656 657/657/657
f 658/658/658 659/659/659 660/660/660
f 661/661/661 662/662/662 663/663/663
f 664/664/664 665/665/665 666/666/666
f 667/667/667 668/668/668 669/669/669
f 670/670/670 671/671/671 672/672/672
f 673/673/673 674/674/674 675/675/675
f 676/676/676 677/677/677 678/678/678
f 679/679/679 680/680/680 681/681/681
f 682/682/682 683/683/683 684/684/684
f 685/685/685 686/686/686 687/687/687
f 688/688/688 689/689/689 690/690/690
f 691/691/691 692/692/692 693/693/693
f 694/694/694 695/695/695 696/696/696
f 697/697/697 698/698/698 699/699/699
f 700/700/700 701/701/701 702/702/702
f 703/703/703 704/704/704 705/705/705
f 706/706/706 707/707/707 708/708/708
f 709/709/709 710/710/710 711/711/711
f 712/712/712 713/713/713 714/714/714
f 715/715/715 716/716/716 717/717/717
f 718/718/718 719/719/719 720/720/720
f 721/721/721 722/722/722 723/723/723
f 724/724/724 725/725/725 726/726/726
f 727/727/727 728/728/728 729/729/729
f 730/730/730 731/731/731 732/732/732
f 733/733/733 734/734/734 735/735/735
f 736/736/736 737/737/737 738/738/738
f 739/739/739 740/740/740 741/741/741
f 742/742/742 743/743/743 744/744/744
f 745/745/745 746/746/746 747/747/747
f 748/748/748 749/749/749 750/750/750
f 751/751/751 752/752/752 753/753/753
f 754/754/754 755/755/755 756/756/756
f 757/757/757 758/758/758 759/759/759
f 760/760/760 761/761/761 762/762/762
f 763/763/763 764/764/764 765/765/765
f 766/766/766 767/767/767 768/768/768
f 769/769/769 770/770/770 771/771/771
f 772/772/772 773/773/773 774/774/774
f 775/775/775 776/776/776 777/777/777
f 778/778/778 779/779/779 780/780/780
f 781/781/781 782/782/782 783/783/783
f 784/784/784 785/785/785 786/786/786
f 787/787/787 788/788/788 789/789/789
f 790/790/790 791/791/791 792/792/792
f 793/793/793 794/794/794 795/795/795
f 796/796/796 797/797/797 798/798/798
f 799/799/799 800/800/800 801/801/801
f 802/802/802 803/803/803 804/804/804
f 805/805/805 806/806/806 807/807/807
f 808/808/808 809/809/809 810/810/810
f 811/811/811 812/812/812 813/813/813
f 814/814/814 815/815/815 816/816/816
f 817/817/817 818/818/818 819/819/819
f 820/820/820 821/821/821 822/822/822
f 823/823/823 824/824/824 825/825/825
f 826/826/826 827/827/827 828/828/828
f 829/829/829 830/830/830 831/831/831
f 832/832/832 833/833/833 834/834/834
f 835/835/835 836/836/836 837/837/837
f 838/838/838 839/839/839 840/840/840
f 841/841/841 842/842/842 843/843/843
f 844/844/844 845/845/845 846/846/846
f 847/847/847 848/848/848 849/849/849
f 850/850/850 851/851/851 852/852/852
f 853/853/853 854/854/854 855/855/855
f 856/856/856 857/857/857 858/858/858
f 859/859/859 860/860/860 861/861/861
f 862/862/862 863/863/863 864/864/864
f 865/865/865 866/866/866 867/867/867
f 868/868/868 869/869/869 870/870/870
f 871/871/871 872/872/872 873/873/873
f 874/874/874 875/875/875 876/876/876
f 877/877/877 878/878/878 879/879/879
f 880/880/880 881/881/881 882/882/882
f 883/883/883 884/884/884 885/885/885
f 886/886/886 887/887/887 888/888/888
f 889/889/889 890/890/890 891/891/891
f 892/892/892 893/893/893 894/894/894
f 895/895/895 896/896/896 897/897/897
f 898/898/898 899/899/899 900/900/900
f 901/901/901 902/902/902 903/903/903
f 904/904/904 905/905/905 906/906/906
f 907/907/907 908/908/908 909/909/909
f 910/910/910 911/911/911 912/912/912
f 913/913/913 914/914/914 915/915/915
f 916/916/916 917/917/917 918/918/918
f 919/919/919 920/920/920 921/921/921
f 922/922/922 923/923/923 924/924/924
f 202/202/202 925/925/925 203/203/203
f 926/926/926 927/927/927 928/928/928
f 929/929/929 930/930/930 931/931/931
f 932/932/932 933/933/933 934/934/934
f 935/935/935 936/936/936 937/937/937
f 938/938/938 939/939/939 940/940/940
f 941/941/941 942/942/942 943/943/943
f 944/944/944 945/945/945 946/946/946
f 947/947/947 948/948/948 949/949/949
f 950/950/950 951/951/951 952/952/952
f 953/953/953 954/954/954 955/955/955
f 956/956/956 957/957/957 958/958/958
f 959/959/959 960/960/960 961/961/961
f 962/962/962 963/963/963 964/964/964
f 965/965/965 966/966/966 967/967/967
f 968/968/968 969/969/969 970/970/970
f 971/971/971 972/972/972 973/973/973
f 974/974/974 975/975/975 976/976/976
f 977/977/977 978/978/978 979/979/979
f 980/980/980 981/981/981 982/982/982
f 983/983/983 984/984/984 985/985/985
f 986/986/986 987/987/987 988/988/988
f 989/989/989 990/990/990 991/991/991
f 992/992/992 993/993/993 994/994/994
f 995/995/995 996/996/996 997/997/997
f 998/998/998 999/999/999 1000/1000/1000
f 1001/1001/1001 1002/1002/1002 1003/1003/1003
f 1004/1004/1004 1005/1005/1005 1006/1006/1006
f 1007/1007/1007 1008/1008/1008 1009/1009/1009
f 1010/1010/1010 1011/1011/1011 1012/1012/1012
f 1013/1013/1013 1014/1014/1014 1015/1015/1015
f 1016/1016/1016 1017/1017/1017 1018/1018/1018
f 1019/1019/1019 1020/1020/1020 1021/1021/1021
f 1022/1022/1022 1023/1023/1023 1024/1024/1024
f 307/307/307 1025/1025/1025 308/308/308
f 310/310/310 1026/1026/1026 311/311/311
f 313/313/313 1027/1027/1027 314/314/314
f 316/316/316 1028/1028/1028 317/317/317
f 319/319/319 1029/1029/1029 320/320/320
f 322/322/322 1030/1030/1030 323/323/323
f 325/325/325 1031/1031/1031 326/326/326
f 1032/1032/1032 1033/1033/1033 1034/1034/1034
f 1035/1035/1035 1036/1036/1036 1037/1037/1037
f 1038/1038/1038 1039/1039/1039 1040/1040/1040
f 1041/1041/1041 1042/1042/1042 1043/1043/1043
f 1044/1044/1044 1045/1045/1045 1046/1046/1046
f 1047/1047/1047 1048/1048/1048 1049/1049/1049
f 1050/1050/1050 1051/1051/1051 1052/1052/1052
f 1053/1053/1053 1054/1054/1054 1055/1055/1055
f 1056/1056/1056 1057/1057/1057 1058/1058/1058
f 1059/1059/1059 1060/1060/1060 1061/1061/1061
f 1062/1062/1062 1063/1063/1063 1064/1064/1064
f 1065/1065/1065 1066/1066/1066 1067/1067/1067
f 1068/1068/1068 1069/1069/1069 1070/1070/1070
f 1071/1071/1071 1072/1072/1072 1073/1073/1073
f 1074/1074/1074 1075/1075/1075 1076/1076/1076
f 1077/1077/1077 1078/1078/1078 1079/1079/1079
f 1080/1080/1080 1081/1081/1081 1082/1082/1082
f 1083/1083/1083 1084/1084/1084 1085/1085/1085
f 1086/1086/1086 1087/1087/1087 1088/1088/1088
f 1089/1089/1089 1090/1090/1090 1091/1091/1091
f 1092/1092/1092 1093/1093/1093 1094/1094/1094
f 1095/1095/1095 1096/1096/1096 1097/1097/1097
f 1098/1098/1098 1099/1099/1099 1100/1100/1100
f 1101/1101/1101 1102/1102/1102 1103/1103/1103
f 1104/1104/1104 1105/1105/1105 1106/1106/1106
f 1107/1107/1107 1108/1108/1108 1109/1109/1109
f 1110/1110/1110 1111/1111/1111 1112/1112/1112
f 1113/1113/1113 1114/1114/1114 1115/1115/1115
f 1116/1116/1116 1117/1117/1117 1118/1118/1118
f 1119/1119/1119 1120/1120/1120 1121/1121/1121
f 1122/1122/1122 1123/1123/1123 1124/1124/1124
f 1125/1125/1125 1126/1126/1126 1127/1127/1127
f 1128/1128/1128 1129/1129/1129 1130/1130/1130
f 1131/1131/1131 1132/1132/1132 1133/1133/1133
f 1134/1134/1134 1135/1135/1135 1136/1136/1136
f 1137/1137/1137 1138/1138/1138 1139/1139/1139
f 1140/1140/1140 1141/1141/1141 1142/1142/1142
f 1143/1143/1143 1144/1144/1144 1145/1145/1145
f 1146/1146/1146 1147/1147/1147 1148/1148/1148
f 1149/1149/1149 1150/1150/1150 1151/1151/1151
f 1152/1152/1152 1153/1153/1153 1154/1154/1154
f 1155/1155/1155 1156/1156/1156 1157/1157/1157
f 1158/1158/1158 1159/1159/1159 1160/1160/1160
f 1161/1161/1161 1162/1162/1162 1163/1163/1163
f 1164/1164/1164 1165/1165/1165 1166/1166/1166
f 1167/1167/1167 1168/1168/1168 1169/1169/1169
f 1170/1170/1170 1171/1171/1171 1172/1172/1172
f 1173/1173/1173 1174/1174/1174 1175/1175/1175
f 1176/1176/1176 1177/1177/1177 1178/1178/1178
f 1179/1179/1179 1180/1180/1180 1181/1181/1181
f 1182/1182/1182 1183/1183/1183 1184/1184/1184
f 1185/1185/1185 1186/1186/1186 1187/1187/1187
f 1188/1188/1188 1189/1189/1189 1190/1190/1190
f 1191/1191/1191 1192/1192/1192 1193/1193/1193
f 1194/1194/1194 1195/1195/1195 1196/1196/1196
f 1197/1197/1197 1198/1198/1198 1199/1199/1199
f 1200/1200/1200 1201/1201/1201 1202/1202/1202
f 1203/1203/1203 1204/1204/1204 1205/1205/1205
f 1206/1206/1206 1207/1207/1207 1208/1208/1208
f 1209/1209/1209 1210/1210/1210 1211/1211/1211
f 1212/1212/1212 1213/1213/1213 1214/1214/1214
f 1215/1215/1215 1216/1216/1216 1217/1217/1217
f 1218/1218/1218 1219/1219/1219 1220/1220/1220
f 1221/1221/1221 1222/1222/1222 1223/1223/1223
f 1224/1224/1224 1225/1225/1225 1226/1226/1226
f 1227/1227/1227 1228/1228/1228 1229/1229/1229
f 1230/1230/1230 1231/1231/1231 1232/1232/1232
f 1233/1233/1233 1234/1234/1234 1235/1235/1235
f 1236/1236/1236 1237/1237/1237 1238/1238/1238
f 1239/1239/1239 1240/1240/1240 1241/1241/1241
f 1242/1242/1242 1243/1243/1243 1244/1244/1244
f 1245/1245/1245 1246/1246/1246 1247/1247/1247
f 1248/1248/1248 1249/1249/1249 1250/1250/1250
f 1251/1251/1251 1252/1252/1252 1253/1253/1253
f 1254/1254/1254 1255/1255/1255 1256/1256/1256
f 1257/1257/1257 1258/1258/1258 1259/1259/1259
f 1260/1260/1260 1261/1261/1261 1262/1262/1262
f 1263/1263/1263 1264/1264/1264 1265/1265/1265
f 565/565/565 1266/1266/1266 566/566/566
f 1267/1267/1267 1268/1268/1268 1269/1269/1269
f 1270/1270/1270 1271/1271/1271 1272/1272/1272
f 1273/1273/1273 1274/1274/1274 1275/1275/1275
f 1276/1276/1276 1277/1277/1277 1278/1278/1278
f 1279/1279/1279 1280/1280/1280 1281/1281/1281
f 1282/1282/1282 1283/1283/1283 1284/1284/1284
f 1285/1285/1285 1286/1286/1286 1287/1287/1287
f 1288/1288/1288 1289/1289/1289 1290/1290/1290
f 1291/1291/1291 1292/1292/1292 1293/1293/1293
f 1294/1294/1294 1295/1295/1295 1296/1296/1296
f 1297/1297/1297 1298/1298/1298 1299/1299/1299
f 1300/1300/1300 1301/1301/1301 1302/1302/1302
f 1303/1303/1303 1304/1304/1304 1305/1305/1305
f 1306/1306/1306 1307/1307/1307 1308/1308/1308
f 1309/1309/1309 1310/1310/1310 1311/1311/1311
f 1312/1312/1312 1313/1313/1313 1314/1314/1314
f 1315/1315/1315 1316/1316/1316 1317/1317/1317
f 1318/1318/1318 1319/1319/1319 1320/1320/1320
f 1321/1321/1321 1322/1322/1322 1323/1323/1323
f 1324/1324/1324 1325/1325/1325 1326/1326/1326
f 1327/1327/1327 1328/1328/1328 1329/1329/1329
f 1330/1330/1330 1331/1331/1331 1332/1332/1332
f 1333/1333/1333 1334/1334/1334 1335/1335/1335
f 1336/1336/1336 1337/1337/1337 1338/1338/1338
f 1339/1339/1339 1340/1340/1340 1341/1341/1341
f 1342/1342/1342 1343/1343/1343 1344/1344/1344
f 1345/1345/1345 1346/1346/1346 1347/1347/1347
f 1348/1348/1348 1349/1349/1349 1350/1350/1350
f 1351/1351/1351 1352/1352/1352 1353/1353/1353
f 1354/1354/1354 1355/1355/1355 1356/1356/1356
f 1357/1357/1357 1358/1358/1358 1359/1359/1359
f 1360/1360/1360 1361/1361/1361 1362/1362/1362
f 1363/1363/1363 1364/1364/1364 1365/1365/1365
f 670/670/670 1366/1366/1366 671/671/671
f 673/673/673 1367/1367/1367 674/674/674
f 676/676/676 1368/1368/1368 677/677/677
f 679/679/679 1369/1369/1369 680/680/680
f 682/682/682 1370/1370/1370 683/683/683
f 685/685/685 1371/1371/1371 686/686/686
f 688/688/688 1372/1372/1372 689/689/689
f 1373/1373/1373 1374/1374/1374 1375/1375/1375
f 1376/1376/1376 1377/1377/1377 1378/1378/1378
f 1379/1379/1379 1380/1380/1380 1381/1381/1381
f 1382/1382/1382 1383/1383/1383 1384/1384/1384
f 1385/1385/1385 1386/1386/1386 1387/1387/1387
f 1388/1388/1388 1389/1389/1389 1390/1390/1390
f 1391/1391/1391 1392/1392/1392 1393/1393/1393
f 1394/1394/1394 1395/1395/1395 1396/1396/1396
f 1397/1397/1397 1398/1398/1398 1399/1399/1399
f 1400/1400/1400 1401/1401/1401 1402/1402/1402
f 1403/1403/1403 1404/1404/1404 1405/1405/1405
f 1406/1406/1406 1407/1407/1407 1408/1408/1408
