# Cube -- imported by tools/import_asset_pack.py from awp.fbx
o __pending__
v -0.023634 0.008784 -0.018240
v 0.025834 0.009884 0.018240
v 0.025834 0.009884 -0.018240
v 0.025559 -0.001375 0.018240
v -0.023634 0.008784 0.018240
v -0.023909 -0.001375 0.018240
v -0.024184 -0.026384 -0.018240
v -0.166090 -0.023634 0.012533
v -0.166090 -0.023634 -0.012533
v 0.025284 -0.027485 -0.018240
v -0.024184 -0.026384 0.018240
v 0.025284 -0.027485 0.018240
v 0.072165 -0.009190 0.018240
v -0.023634 0.008784 -0.018240
v 0.025559 -0.001375 -0.018240
v -0.023909 -0.001375 -0.018240
v -0.166090 0.008784 0.012533
v -0.166090 -0.000000 -0.012533
v -0.166090 0.000000 0.012533
v -0.166090 0.008784 0.012533
v -0.023634 0.008784 0.018240
v -0.166090 -0.023634 -0.012533
v -0.166090 -0.000000 -0.012533
v -0.166090 0.008784 0.012533
v -0.166090 0.000000 0.012533
v 0.071615 0.028195 0.018240
v 0.181783 0.029610 -0.018240
v 0.071615 0.028195 -0.018240
v 0.025834 0.009884 -0.018240
v 0.072165 -0.009190 -0.018240
v 0.025284 -0.027485 0.018240
v 0.072715 -0.046575 -0.018240
v 0.072715 -0.046575 0.018240
v 0.194540 -0.030860 -0.018240
v 0.209849 -0.029989 0.018240
v 0.194540 -0.030860 0.018240
v 0.181783 0.029610 -0.018240
v 0.194540 -0.030860 -0.018240
v 0.186734 -0.053293 0.018240
v 0.186734 -0.053293 0.018240
v 0.194540 -0.030860 0.018240
v 0.181783 0.029610 0.018240
v 0.071615 0.028195 0.018240
v 0.186734 -0.053293 -0.018240
v 0.072715 -0.046575 -0.018240
v 0.194540 -0.030860 -0.018240
v 0.186734 -0.053293 0.018240
v 0.186734 -0.053293 -0.018240
v 0.025284 -0.027485 -0.018240
v -0.166090 -0.023634 0.012533
v -0.024184 -0.026384 0.018240
v -0.166090 0.008784 -0.012533
v -0.166090 -0.023634 -0.012533
v -0.166090 -0.023634 0.012533
v -0.024184 -0.026384 -0.018240
v 0.025834 0.009884 0.018240
v 0.209849 -0.029989 -0.018240
v 0.249748 -0.030065 0.018240
v 0.210861 0.029570 -0.018240
v 0.209849 -0.029989 -0.018240
v 0.210861 0.029570 0.018240
v 0.181783 0.029610 0.018240
v 0.210861 0.029570 -0.018240
v 0.249748 -0.030065 0.018240
v 0.257981 0.006087 0.018240
v 0.250977 0.029362 0.018240
v 0.249748 -0.030065 -0.018240
v 0.210861 0.029570 0.018240
v 0.250977 0.029362 -0.018240
v 0.261389 -0.057805 0.018240
v 0.277982 -0.083433 0.018240
v 0.260376 -0.046334 0.018240
v 0.250977 0.029362 0.018240
v 0.257981 0.006087 -0.018240
v 0.250977 0.029362 -0.018240
v 0.260376 -0.046334 -0.018240
v 0.253430 -0.057766 -0.018240
v 0.252062 -0.047477 -0.018240
v 0.257981 0.006087 -0.018240
v 0.258661 -0.026921 -0.018240
v 0.253430 -0.057766 -0.018240
v 0.261389 -0.057805 0.018240
v 0.253430 -0.057766 0.018240
v 0.261389 -0.057805 0.018240
v 0.278286 -0.116527 -0.018240
v 0.278286 -0.116527 0.018240
v 0.252062 -0.047477 -0.018240
v 0.253430 -0.057766 0.018240
v 0.252062 -0.047477 0.018240
v 0.253430 -0.057766 0.018240
v 0.277468 -0.027420 0.018240
v 0.288224 0.005756 0.018240
v 0.276788 0.005588 0.018240
v 0.278286 -0.116527 -0.018240
v 0.296215 -0.116893 0.018240
v 0.278286 -0.116527 0.018240
v 0.277468 -0.027420 -0.018240
v 0.277982 -0.083433 -0.018240
v 0.276788 0.005588 -0.018240
v 0.258661 -0.026921 0.018240
v 0.257981 0.006087 0.018240
v 0.276788 0.005588 -0.018240
v 0.257981 0.006087 -0.018240
v 0.288904 -0.027252 -0.018240
v 0.318977 -0.021513 0.018240
v 0.288904 -0.027252 0.018240
v 0.296215 -0.116893 0.018240
v 0.326270 -0.077696 0.018240
v 0.295792 -0.068704 0.018240
v 0.276788 0.005588 0.018240
v 0.288224 0.005756 -0.018240
v 0.295792 -0.068704 -0.018240
v 0.288224 0.005756 -0.018240
v 0.288904 -0.027252 -0.018240
v 0.288904 -0.027252 0.018240
v 0.296215 -0.116893 -0.018240
v 0.278286 -0.116527 -0.018240
v 0.288904 -0.027252 0.018240
v 0.295792 -0.068704 -0.018240
v 0.288904 -0.027252 -0.018240
v 0.261389 -0.057805 -0.018240
v 0.249748 -0.030065 -0.018240
v 0.249748 -0.030065 0.018240
v 0.333569 -0.102204 0.018240
v 0.356447 -0.070253 0.018240
v 0.296215 -0.116893 -0.018240
v 0.333569 -0.102204 0.018240
v 0.295792 -0.068704 0.018240
v 0.326270 -0.077696 -0.018240
v 0.295792 -0.068704 -0.018240
v 0.326270 -0.077696 -0.018240
v 0.333569 -0.102204 -0.018240
v 0.317151 0.006147 0.018240
v 0.349159 0.006216 -0.018240
v 0.317151 0.006147 -0.018240
v 0.318977 -0.021513 -0.018240
v 0.318977 -0.021513 0.018240
v 0.317151 0.006147 0.018240
v 0.288224 0.005756 0.018240
v 0.343728 -0.026792 -0.018240
v 0.362367 -0.054845 0.018240
v 0.343728 -0.026792 0.018240
v 0.318977 -0.021513 -0.018240
v 0.343728 -0.026792 0.018240
v 0.349159 0.006216 -0.018240
v 0.343728 -0.026792 -0.018240
v 0.349159 0.006216 0.018240
v 0.408493 -0.075678 0.018240
v 0.359943 -0.051170 0.018240
v 0.333569 -0.102204 -0.018240
v 0.378260 -0.105456 0.018240
v 0.326270 -0.077696 0.018240
v 0.356447 -0.070253 -0.018240
v 0.356447 -0.070253 -0.018240
v 0.378260 -0.105456 -0.018240
v 0.359943 -0.051170 0.018240
v 0.408493 -0.075678 -0.018240
v 0.359943 -0.051170 -0.018240
v 0.378260 -0.105456 -0.018240
v 0.408493 -0.075678 0.018240
v 0.356447 -0.070253 0.018240
v 0.359943 -0.051170 -0.018240
v 0.356447 -0.070253 -0.018240
v 0.408493 -0.075678 -0.018240
v 0.385369 0.006045 -0.018240
v 0.407906 -0.076822 -0.018240
v 0.362367 -0.054845 -0.018240
v 0.343728 -0.026792 0.018240
v 0.385369 0.006045 0.018240
v 0.349159 0.006216 0.018240
v 0.385369 0.006045 -0.018240
v 0.424055 0.005952 0.018240
v 0.464419 -0.074214 0.018240
v 0.466643 0.005908 0.018240
v 0.407906 -0.076822 0.018240
v 0.385369 0.006045 0.018240
v 0.424055 0.005952 -0.018240
v 0.362367 -0.054845 -0.018240
v 0.407906 -0.076822 0.018240
v 0.362367 -0.054845 0.018240
v 0.464419 -0.074214 -0.018240
v 0.472736 -0.101294 0.018240
v 0.464419 -0.074214 0.018240
v 0.424055 0.005952 0.018240
v 0.466643 0.005908 -0.018240
v 0.407906 -0.076822 -0.018240
v 0.464419 -0.074214 0.018240
v 0.424055 0.005952 -0.018240
v 0.464419 -0.074214 -0.018240
v 0.472736 -0.101294 0.018240
v 0.528516 0.016287 0.018240
v 0.472749 0.005795 0.018240
v 0.472749 0.005795 -0.018240
v 0.472736 -0.101294 -0.018240
v 0.466643 0.005908 0.018240
v 0.472749 0.005795 -0.018240
v 0.566699 -0.101305 0.018240
v 0.582564 0.018577 0.018240
v 0.528516 0.016287 0.018240
v 0.528516 0.016287 -0.018240
v 0.472736 -0.101294 -0.018240
v 0.566699 -0.101305 0.018240
v 0.472736 -0.101294 0.018240
v 0.528516 0.016287 -0.018240
v 0.566699 -0.101305 -0.018240
v 0.582564 0.018577 -0.018240
v 0.587707 -0.110092 0.018240
v 0.587707 -0.110092 -0.018240
v 0.582564 0.018577 -0.018240
v 0.566699 -0.101305 -0.018240
v 0.587707 -0.110092 0.018240
v 0.582564 0.018577 -0.018240
v 0.587707 -0.110092 -0.018240
v 0.059167 0.013306 -0.015514
v -0.195687 0.004643 -0.008664
v -0.195687 0.013306 -0.012252
v 0.059167 0.002336 -0.010970
v -0.195687 0.001054 0.000000
v -0.195687 0.004643 -0.008664
v 0.059167 -0.002208 0.000000
v -0.195687 0.004643 0.008664
v 0.059167 0.002336 0.010970
v -0.195687 0.013306 0.012252
v -0.195687 0.004643 0.008664
v 0.059167 0.013306 0.015514
v -0.195687 0.021970 0.008664
v 0.059167 0.024276 0.010970
v -0.195687 0.025558 -0.000000
v -0.195687 0.021970 0.008664
v 0.059167 0.002336 0.010970
v 0.059167 -0.002208 0.000000
v 0.059167 0.028820 -0.000000
v 0.059167 0.028820 -0.000000
v -0.195687 0.021970 -0.008664
v 0.059167 0.024276 -0.010970
v -0.195687 0.021970 -0.008664
v -0.537581 0.001054 0.000000
v -0.537581 0.025558 0.000000
v -0.612293 0.021970 0.008664
v -0.537581 0.021970 0.008664
v -0.537581 0.004643 0.008664
v -0.537581 0.004643 -0.008663
v -0.537581 0.013306 0.012252
v -0.537581 0.021970 -0.008663
v -0.537581 0.013306 -0.012252
v -0.612293 0.004643 0.008664
v -0.612293 0.021970 0.008664
v -0.612293 0.021970 -0.008663
v -0.612293 0.004643 0.008664
v -0.612293 0.004643 -0.008663
v -0.537581 0.021970 -0.008663
v -0.612293 0.025558 0.000000
v -0.537581 0.021970 0.008664
v -0.612293 0.013306 0.012252
v -0.537581 0.004643 0.008664
v -0.612293 0.001054 0.000000
v -0.537581 0.004643 -0.008663
v -0.612293 0.013306 -0.012252
v -0.612293 0.021970 -0.008663
v 0.182071 -0.033996 0.006564
v 0.187965 -0.055044 -0.006564
v 0.187965 -0.055044 0.006564
v 0.182071 -0.033996 -0.006564
v 0.192067 -0.051729 -0.006564
v 0.187965 -0.055044 -0.006564
v 0.189316 -0.030154 -0.004832
v 0.192067 -0.051729 0.006564
v 0.192067 -0.051729 -0.006564
v 0.192067 -0.051729 0.006564
v 0.182071 -0.033996 0.006564
v 0.187965 -0.055044 0.006564
v 0.197277 -0.061830 0.006564
v 0.189316 -0.030154 -0.004832
v 0.182071 -0.033996 0.006564
v 0.189316 -0.030154 0.008295
v 0.197277 -0.061830 0.006564
v 0.210474 -0.063496 -0.006297
v 0.197277 -0.061830 -0.006564
v 0.197277 -0.061830 -0.006564
v 0.194280 -0.065329 -0.006564
v 0.194280 -0.065329 0.006564
v 0.197277 -0.061830 -0.006564
v 0.210474 -0.063496 0.006297
v 0.238977 -0.067954 0.006297
v 0.239511 -0.063566 0.006297
v 0.194280 -0.065329 -0.006564
v 0.208982 -0.067657 0.006297
v 0.194280 -0.065329 0.006564
v 0.208982 -0.067657 0.006297
v 0.208982 -0.067657 -0.006297
v 0.239511 -0.063566 0.006297
v 0.246338 -0.062161 -0.006297
v 0.239511 -0.063566 -0.006297
v 0.210474 -0.063496 -0.006297
v 0.238977 -0.067954 -0.006297
v 0.210474 -0.063496 0.006297
v 0.208982 -0.067657 -0.006297
v 0.238977 -0.067954 0.006297
v 0.248403 -0.066069 -0.006297
v 0.257853 -0.052556 0.006297
v 0.248403 -0.066069 0.006297
v 0.248403 -0.066069 -0.006297
v 0.248403 -0.066069 0.006297
v 0.248403 -0.066069 0.006297
v 0.246338 -0.062161 0.006297
v 0.239511 -0.063566 -0.006297
v 0.248403 -0.066069 -0.006297
v 0.253890 -0.050597 -0.006297
v 0.257853 -0.052556 0.006297
v 0.257853 -0.052556 -0.006297
v 0.257853 -0.052556 0.006297
v 0.253890 -0.050597 0.006297
v 0.246338 -0.062161 -0.006297
v 0.257853 -0.052556 -0.006297
v 0.246338 -0.062161 0.006297
v 0.253890 -0.050597 -0.006297
v 0.246338 -0.062161 -0.006297
v 0.227251 -0.028547 0.003468
v 0.227620 -0.036404 -0.003468
v 0.227620 -0.036404 0.003468
v 0.227620 -0.036404 -0.003468
v 0.234187 -0.028547 -0.003468
v 0.234555 -0.036404 -0.003468
v 0.234187 -0.028547 -0.003468
v 0.234555 -0.036404 0.003468
v 0.234555 -0.036404 -0.003468
v 0.234187 -0.028547 0.003468
v 0.227620 -0.036404 0.003468
v 0.234555 -0.036404 0.003468
v 0.233951 -0.047824 0.002863
v 0.227251 -0.028547 -0.003468
v 0.234187 -0.028547 0.003468
v 0.234187 -0.028547 -0.003468
v 0.228224 -0.047824 -0.002863
v 0.224903 -0.052143 0.001952
v 0.228224 -0.047824 0.002863
v 0.228224 -0.047824 -0.002863
v 0.233951 -0.047824 -0.002863
v 0.224903 -0.052143 0.001952
v 0.218404 -0.056725 0.001193
v 0.228430 -0.053820 0.001952
v 0.228224 -0.047824 0.002863
v 0.228430 -0.053820 -0.001952
v 0.224903 -0.052143 -0.001952
v 0.233951 -0.047824 0.002863
v 0.228430 -0.053820 -0.001952
v 0.233951 -0.047824 -0.002863
v 0.216249 -0.055700 -0.001193
v 0.218404 -0.056725 0.001193
v 0.216249 -0.055700 0.001193
v 0.218404 -0.056725 -0.001193
v 0.216249 -0.055700 -0.001193
v 0.228430 -0.053820 0.001952
v 0.218404 -0.056725 -0.001193
v 0.224903 -0.052143 0.001952
v 0.216249 -0.055700 -0.001193
v 0.216249 -0.055700 0.001193
v 0.064978 0.032777 0.006796
v 0.064978 0.027152 -0.006796
v 0.064978 0.027152 0.006796
v 0.146257 0.032777 -0.006796
v 0.151030 0.027152 -0.006796
v 0.146257 0.027152 -0.006796
v 0.151030 0.032777 -0.006796
v 0.151030 0.027152 0.006796
v 0.151030 0.027152 -0.006796
v 0.069263 0.032777 0.006796
v 0.064978 0.027152 0.006796
v 0.069263 0.027152 0.006796
v 0.151030 0.027152 -0.006796
v 0.146257 0.027152 0.006796
v 0.146257 0.027152 -0.006796
v 0.064978 0.032777 -0.006796
v 0.069263 0.032777 0.006796
v 0.069263 0.032777 -0.006796
v 0.146257 0.032777 -0.006796
v 0.151030 0.032777 0.006796
v 0.151030 0.032777 -0.006796
v 0.141728 0.032777 -0.006796
v 0.146257 0.032777 0.006796
v 0.141728 0.032777 0.006796
v 0.137199 0.034817 0.006796
v 0.137199 0.032777 0.006796
v 0.137199 0.032777 -0.006796
v 0.132669 0.032777 0.006796
v 0.137199 0.032777 0.006796
v 0.132669 0.032777 -0.006796
v 0.128140 0.032777 0.006796
v 0.069263 0.032777 -0.006796
v 0.073792 0.034817 -0.006796
v 0.073792 0.032777 -0.006796
v 0.123611 0.032777 -0.006796
v 0.119082 0.032777 0.006796
v 0.123612 0.032777 0.006796
v 0.119082 0.032777 -0.006796
v 0.114553 0.032777 0.006796
v 0.087379 0.032777 -0.006796
v 0.087379 0.034817 0.006796
v 0.087379 0.032777 0.006796
v 0.110024 0.032777 -0.006796
v 0.105495 0.032777 0.006796
v 0.110024 0.032777 0.006796
v 0.105495 0.032777 -0.006796
v 0.100966 0.032777 0.006796
v 0.123612 0.032777 0.006796
v 0.123611 0.034817 -0.006796
v 0.123611 0.032777 -0.006796
v 0.096437 0.032777 -0.006796
v 0.091908 0.032777 0.006796
v 0.096437 0.032777 0.006796
v 0.091908 0.032777 -0.006796
v 0.087379 0.032777 0.006796
v 0.114553 0.032777 0.006796
v 0.110024 0.034817 0.006796
v 0.110024 0.032777 0.006796
v 0.078321 0.032777 -0.006796
v 0.082850 0.032777 0.006796
v 0.082850 0.032777 -0.006796
v 0.073792 0.032777 -0.006796
v 0.078321 0.032777 0.006796
v 0.096437 0.032777 -0.006796
v 0.100966 0.034817 -0.006796
v 0.100966 0.032777 -0.006796
v 0.069263 0.027152 -0.006796
v 0.064978 0.027152 0.006796
v 0.064978 0.027152 -0.006796
v 0.073792 0.027152 -0.006796
v 0.069263 0.027152 0.006796
v 0.078321 0.027152 -0.006796
v 0.073792 0.027152 0.006796
v 0.082850 0.027152 -0.006796
v 0.078321 0.027152 0.006796
v 0.087379 0.027152 0.006796
v 0.082850 0.027152 0.006796
v 0.087379 0.027152 -0.006796
v 0.091908 0.027152 0.006796
v 0.091908 0.027152 -0.006796
v 0.096437 0.027152 0.006796
v 0.096437 0.027152 -0.006796
v 0.100966 0.027152 0.006796
v 0.100966 0.027152 -0.006796
v 0.105495 0.027152 0.006796
v 0.105495 0.027152 -0.006796
v 0.110024 0.027152 0.006796
v 0.110024 0.027152 -0.006796
v 0.114553 0.027152 0.006796
v 0.114553 0.027152 -0.006796
v 0.119082 0.027152 0.006796
v 0.119082 0.027152 -0.006796
v 0.123611 0.027152 0.006796
v 0.123612 0.027152 -0.006796
v 0.128140 0.027152 0.006796
v 0.128140 0.027152 -0.006796
v 0.132669 0.027152 0.006796
v 0.132669 0.027152 -0.006796
v 0.137199 0.027152 0.006796
v 0.141728 0.027152 -0.006796
v 0.137199 0.027152 -0.006796
v 0.141728 0.027152 0.006796
v 0.151030 0.032777 0.006796
v 0.146257 0.027152 0.006796
v 0.151030 0.027152 0.006796
v 0.146257 0.032777 0.006796
v 0.141728 0.027152 0.006796
v 0.137199 0.027152 0.006796
v 0.132669 0.032777 0.006796
v 0.132669 0.027152 0.006796
v 0.128140 0.032777 0.006796
v 0.128140 0.027152 0.006796
v 0.123612 0.032777 0.006796
v 0.123611 0.027152 0.006796
v 0.119082 0.032777 0.006796
v 0.119082 0.027152 0.006796
v 0.114553 0.027152 0.006796
v 0.110024 0.027152 0.006796
v 0.105495 0.032777 0.006796
v 0.105495 0.027152 0.006796
v 0.100966 0.032777 0.006796
v 0.100966 0.027152 0.006796
v 0.096437 0.032777 0.006796
v 0.096437 0.027152 0.006796
v 0.091908 0.032777 0.006796
v 0.091908 0.027152 0.006796
v 0.087379 0.032777 0.006796
v 0.087379 0.027152 0.006796
v 0.082850 0.032777 0.006796
v 0.082850 0.027152 0.006796
v 0.078321 0.027152 0.006796
v 0.078321 0.032777 0.006796
v 0.073792 0.027152 0.006796
v 0.073792 0.032777 0.006796
v 0.064978 0.032777 -0.006796
v 0.069263 0.027152 -0.006796
v 0.064978 0.027152 -0.006796
v 0.073792 0.027152 -0.006796
v 0.078321 0.027152 -0.006796
v 0.078321 0.032777 -0.006796
v 0.082850 0.027152 -0.006796
v 0.087379 0.032777 -0.006796
v 0.087379 0.027152 -0.006796
v 0.091908 0.032777 -0.006796
v 0.091908 0.027152 -0.006796
v 0.096437 0.027152 -0.006796
v 0.100966 0.027152 -0.006796
v 0.105495 0.032777 -0.006796
v 0.105495 0.027152 -0.006796
v 0.110024 0.032777 -0.006796
v 0.110024 0.027152 -0.006796
v 0.114553 0.032777 -0.006796
v 0.114553 0.027152 -0.006796
v 0.119082 0.032777 -0.006796
v 0.119082 0.027152 -0.006796
v 0.123611 0.032777 -0.006796
v 0.123612 0.027152 -0.006796
v 0.128140 0.032777 -0.006796
v 0.128140 0.027152 -0.006796
v 0.132669 0.032777 -0.006796
v 0.132669 0.027152 -0.006796
v 0.137199 0.032777 -0.006796
v 0.137199 0.027152 -0.006796
v 0.141728 0.027152 -0.006796
v 0.141728 0.032777 -0.006796
v 0.137199 0.034817 -0.006796
v 0.141728 0.034817 0.006796
v 0.141728 0.034817 -0.006796
v 0.128140 0.034817 -0.006796
v 0.123612 0.034817 0.006796
v 0.128140 0.034817 0.006796
v 0.114553 0.034817 -0.006796
v 0.110024 0.034817 0.006796
v 0.114553 0.034817 0.006796
v 0.100966 0.034817 -0.006796
v 0.096437 0.034817 0.006796
v 0.100966 0.034817 0.006796
v 0.087379 0.034817 -0.006796
v 0.082850 0.034817 0.006796
v 0.087379 0.034817 0.006796
v 0.069263 0.034817 -0.006796
v 0.073792 0.034817 0.006796
v 0.073792 0.034817 -0.006796
v 0.141728 0.034817 -0.006796
v 0.069263 0.034817 0.006796
v 0.082850 0.032777 0.006796
v 0.082850 0.034817 -0.006796
v 0.082850 0.032777 -0.006796
v 0.114553 0.032777 -0.006796
v 0.114553 0.034817 0.006796
v 0.114553 0.032777 0.006796
v 0.114553 0.034817 -0.006796
v 0.096437 0.034817 0.006796
v 0.110024 0.032777 0.006796
v 0.110024 0.034817 -0.006796
v 0.110024 0.032777 -0.006796
v 0.141728 0.032777 -0.006796
v 0.141728 0.034817 0.006796
v 0.141728 0.032777 0.006796
v 0.073792 0.032777 -0.006796
v 0.073792 0.034817 0.006796
v 0.073792 0.032777 0.006796
v 0.082850 0.032777 -0.006796
v 0.087379 0.034817 -0.006796
v 0.123612 0.034817 0.006796
v 0.137199 0.032777 0.006796
v 0.137199 0.034817 -0.006796
v 0.137199 0.032777 -0.006796
v 0.069263 0.032777 0.006796
v 0.069263 0.034817 -0.006796
v 0.069263 0.032777 -0.006796
v 0.100966 0.032777 -0.006796
v 0.100966 0.034817 0.006796
v 0.100966 0.032777 0.006796
v 0.082850 0.034817 0.006796
v 0.128140 0.034817 -0.006796
v 0.096437 0.032777 0.006796
v 0.096437 0.034817 -0.006796
v 0.096437 0.032777 -0.006796
v 0.128140 0.032777 -0.006796
v 0.128140 0.034817 0.006796
v 0.128140 0.032777 0.006796
v 0.187370 0.032777 -0.006796
v 0.192144 0.027152 -0.006796
v 0.187370 0.027152 -0.006796
v 0.192144 0.032777 -0.006796
v 0.192144 0.027152 0.006796
v 0.192144 0.027152 -0.006796
v 0.192144 0.027152 -0.006796
v 0.187370 0.027152 0.006796
v 0.187370 0.027152 -0.006796
v 0.187370 0.032777 -0.006796
v 0.192144 0.032777 0.006796
v 0.192144 0.032777 -0.006796
v 0.182842 0.032777 -0.006796
v 0.187370 0.032777 0.006796
v 0.182842 0.032777 0.006796
v 0.178312 0.034817 0.006796
v 0.178312 0.032777 0.006796
v 0.178312 0.032777 -0.006796
v 0.173783 0.032777 0.006796
v 0.178312 0.032777 0.006796
v 0.173783 0.032777 -0.006796
v 0.169254 0.032777 0.006796
v 0.164725 0.032777 -0.006796
v 0.160196 0.032777 0.006796
v 0.164725 0.032777 0.006796
v 0.160196 0.032777 -0.006796
v 0.155667 0.032777 0.006796
v 0.164725 0.032777 0.006796
v 0.164725 0.034817 -0.006796
v 0.164725 0.032777 -0.006796
v 0.155667 0.032777 0.006796
v 0.151138 0.034817 0.006796
v 0.151138 0.032777 0.006796
v 0.151138 0.027152 -0.006796
v 0.155667 0.027152 0.006796
v 0.151138 0.027152 0.006796
v 0.155667 0.027152 -0.006796
v 0.160196 0.027152 0.006796
v 0.160196 0.027152 -0.006796
v 0.164725 0.027152 0.006796
v 0.164725 0.027152 -0.006796
v 0.169254 0.027152 0.006796
v 0.169254 0.027152 -0.006796
v 0.173783 0.027152 0.006796
v 0.173783 0.027152 -0.006796
v 0.178312 0.027152 0.006796
v 0.182842 0.027152 -0.006796
v 0.178312 0.027152 -0.006796
v 0.182842 0.027152 0.006796
v 0.192144 0.032777 0.006796
v 0.187370 0.027152 0.006796
v 0.192144 0.027152 0.006796
v 0.187370 0.032777 0.006796
v 0.182842 0.027152 0.006796
v 0.178312 0.027152 0.006796
v 0.173783 0.032777 0.006796
v 0.173783 0.027152 0.006796
v 0.169254 0.032777 0.006796
v 0.169254 0.027152 0.006796
v 0.164725 0.032777 0.006796
v 0.164725 0.027152 0.006796
v 0.160196 0.032777 0.006796
v 0.160196 0.027152 0.006796
v 0.155667 0.027152 0.006796
v 0.151138 0.027152 0.006796
v 0.151138 0.027152 -0.006796
v 0.155667 0.032777 -0.006796
v 0.155667 0.027152 -0.006796
v 0.160196 0.032777 -0.006796
v 0.160196 0.027152 -0.006796
v 0.164725 0.032777 -0.006796
v 0.164725 0.027152 -0.006796
v 0.169254 0.032777 -0.006796
v 0.169254 0.027152 -0.006796
v 0.173783 0.032777 -0.006796
v 0.173783 0.027152 -0.006796
v 0.178312 0.032777 -0.006796
v 0.178312 0.027152 -0.006796
v 0.182842 0.027152 -0.006796
v 0.182842 0.032777 -0.006796
v 0.178312 0.034817 -0.006796
v 0.182842 0.034817 0.006796
v 0.182842 0.034817 -0.006796
v 0.169254 0.034817 -0.006796
v 0.164725 0.034817 0.006796
v 0.169254 0.034817 0.006796
v 0.155667 0.034817 -0.006796
v 0.151138 0.034817 0.006796
v 0.155667 0.034817 0.006796
v 0.182842 0.034817 -0.006796
v 0.155667 0.032777 -0.006796
v 0.155667 0.034817 0.006796
v 0.155667 0.032777 0.006796
v 0.151138 0.032777 -0.006796
v 0.155667 0.034817 -0.006796
v 0.151138 0.032777 0.006796
v 0.151138 0.034817 -0.006796
v 0.151138 0.032777 -0.006796
v 0.182842 0.032777 -0.006796
v 0.182842 0.034817 0.006796
v 0.182842 0.032777 0.006796
v 0.164725 0.034817 0.006796
v 0.178312 0.032777 0.006796
v 0.178312 0.034817 -0.006796
v 0.178312 0.032777 -0.006796
v 0.169254 0.034817 -0.006796
v 0.169254 0.032777 -0.006796
v 0.169254 0.034817 0.006796
v 0.169254 0.032777 0.006796
v 0.085510 0.091237 0.010773
v 0.085510 0.061391 -0.015213
v 0.085510 0.061391 0.015213
v 0.085510 0.091237 -0.010773
v 0.101353 0.061391 -0.015213
v 0.085510 0.061391 -0.015213
v 0.101353 0.091237 -0.010773
v 0.101353 0.061391 0.015213
v 0.101353 0.061391 -0.015213
v 0.101353 0.091237 0.010773
v 0.085510 0.061391 0.015213
v 0.101353 0.061391 0.015213
v 0.101353 0.031546 -0.015213
v 0.085510 0.031546 0.015213
v 0.085510 0.031546 -0.015213
v 0.085510 0.091237 -0.010773
v 0.101353 0.091237 0.010773
v 0.101353 0.091237 -0.010773
v 0.177389 0.031546 -0.015213
v 0.161546 0.031546 0.015213
v 0.161546 0.031546 -0.015213
v 0.161546 0.091237 -0.010773
v 0.177389 0.061391 -0.015213
v 0.161546 0.061391 -0.015213
v 0.161546 0.091237 0.010773
v 0.161546 0.061391 -0.015213
v 0.161546 0.061391 0.015213
v 0.177389 0.091237 0.010773
v 0.161546 0.061391 0.015213
v 0.177389 0.061391 0.015213
v 0.161546 0.091237 -0.010773
v 0.177389 0.091237 0.010773
v 0.177389 0.091237 -0.010773
v 0.177389 0.091237 -0.010773
v 0.177389 0.061391 0.015213
v 0.177389 0.061391 -0.015213
v 0.116461 0.083113 0.016588
v 0.113035 0.067630 -0.016588
v 0.113035 0.067630 0.016588
v 0.133160 0.068404 -0.016588
v 0.149638 0.083113 -0.016588
v 0.153506 0.068072 -0.016588
v 0.149638 0.083113 -0.016588
v 0.153506 0.068072 0.016588
v 0.153506 0.068072 -0.016588
v 0.133271 0.050158 0.016588
v 0.119037 0.054862 0.020574
v 0.117346 0.053252 0.016588
v 0.149638 0.053252 -0.016588
v 0.133271 0.050158 -0.016588
v 0.116461 0.083113 -0.016588
v 0.133050 0.088418 0.016588
v 0.133050 0.088418 -0.016588
v 0.149638 0.083113 0.016588
v 0.149638 0.083113 -0.016588
v 0.117346 0.053252 -0.016588
v 0.147892 0.054862 0.020574
v 0.149638 0.053252 0.016588
v 0.116461 0.083113 -0.016588
v 0.113035 0.067630 -0.016588
v 0.117346 0.053252 -0.016588
v 0.133271 0.050158 -0.016588
v 0.119037 0.054862 0.020574
v 0.115185 0.067710 0.020574
v 0.118247 0.081545 0.020574
v 0.133069 0.086285 0.020574
v 0.149638 0.053252 -0.016588
v 0.149638 0.053252 -0.016588
v 0.117346 0.053252 -0.016588
v 0.117346 0.053252 0.016588
v 0.122412 0.077960 -0.010542
v 0.078976 0.084672 -0.000000
v 0.122412 0.084700 -0.000000
v 0.122412 0.077960 -0.010542
v 0.143497 0.067418 -0.014168
v 0.122412 0.067418 -0.014168
v 0.143497 0.056875 0.010542
v 0.188674 0.067418 0.014168
v 0.143497 0.067418 0.014168
v 0.143497 0.077960 0.010542
v 0.122412 0.067418 0.014168
v 0.143497 0.050136 -0.000000
v 0.122412 0.056875 0.010542
v 0.122412 0.050136 -0.000000
v 0.143497 0.077960 0.010542
v 0.143497 0.084700 -0.000000
v 0.188674 0.056875 -0.010542
v 0.208300 0.047042 -0.000000
v 0.188158 0.050156 -0.000000
v 0.143497 0.056875 -0.010542
v 0.188158 0.084680 -0.000000
v 0.143497 0.077960 -0.010542
v 0.188674 0.067418 -0.014168
v 0.208300 0.087794 -0.000000
v 0.260205 0.081074 0.013656
v 0.264971 0.085840 -0.000000
v 0.188674 0.077960 0.010542
v 0.188674 0.077960 -0.010542
v 0.208816 0.067418 -0.018353
v 0.188674 0.056875 0.010542
v 0.208816 0.067418 0.018353
v 0.264971 0.048996 -0.000000
v 0.260656 0.057633 0.009784
v 0.260205 0.053762 0.013656
v 0.208816 0.081074 -0.013656
v 0.260205 0.067418 -0.018353
v 0.208816 0.053762 0.013656
v 0.260205 0.067418 0.018353
v 0.260205 0.053762 -0.013656
v 0.264971 0.048996 -0.000000
v 0.078364 0.077960 -0.010542
v 0.027963 0.094054 -0.000000
v 0.078976 0.050164 -0.000000
v 0.122412 0.056875 -0.010542
v 0.078364 0.067418 -0.014168
v 0.122412 0.077960 0.010542
v 0.078364 0.067418 0.014168
v -0.001563 0.087343 -0.019925
v -0.006328 0.092108 -0.000000
v 0.078364 0.056875 0.010542
v 0.027963 0.040781 0.000000
v 0.078364 0.056875 -0.010542
v 0.027351 0.067418 -0.026778
v 0.078364 0.077960 0.010542
v 0.027351 0.067418 0.026778
v -0.006328 0.042727 0.000000
v -0.001992 0.052886 0.014532
v -0.005468 0.049410 -0.000000
v -0.001563 0.047493 0.019925
v -0.006328 0.042727 0.000000
v 0.027351 0.047493 -0.019925
v -0.001563 0.067418 -0.026778
v 0.027351 0.087343 0.019925
v -0.001563 0.067418 0.026778
v -0.001563 0.047493 -0.019925
v 0.027351 0.047493 -0.019925
v -0.001992 0.052886 -0.014532
v -0.001563 0.047493 -0.019925
v 0.078364 0.056875 -0.010542
v -0.001563 0.087343 0.019925
v 0.027351 0.087343 0.019925
v 0.122412 0.056875 -0.010542
v 0.078364 0.077960 0.010542
v 0.260205 0.053762 0.013656
v 0.208816 0.053762 0.013656
v 0.260205 0.067418 0.018353
v 0.260656 0.077202 0.009784
v 0.260205 0.081074 0.013656
v 0.188674 0.077960 -0.010542
v 0.208816 0.081074 -0.013656
v 0.260205 0.081074 -0.013656
v 0.143497 0.077960 -0.010542
v 0.143497 0.056875 0.010542
v 0.188674 0.056875 0.010542
v 0.122412 0.077960 0.010542
v 0.260205 0.067418 -0.018353
v 0.260656 0.057633 -0.009784
v 0.260205 0.053762 -0.013656
v -0.001563 0.067418 -0.026778
v -0.001992 0.081950 -0.014532
v -0.001563 0.087343 -0.019925
v -0.001563 0.047493 0.019925
v 0.027351 0.047493 0.019925
v -0.001563 0.087343 -0.019925
v 0.027351 0.087343 -0.019925
v -0.006328 0.092108 -0.000000
v -0.005468 0.085425 -0.000000
v 0.078364 0.056875 0.010542
v 0.078364 0.077960 -0.010542
v 0.122412 0.056875 0.010542
v 0.260205 0.081074 0.013656
v 0.208816 0.081074 0.013656
v 0.260205 0.053762 -0.013656
v 0.208816 0.053762 -0.013656
v 0.264971 0.085840 -0.000000
v 0.264070 0.080617 -0.000000
v 0.188674 0.077960 0.010542
v 0.188674 0.056875 -0.010542
v 0.143497 0.056875 -0.010542
v 0.260656 0.057633 0.009784
v 0.255593 0.054219 -0.000000
v 0.252179 0.057633 0.009784
v 0.260656 0.067418 0.013150
v 0.252179 0.077202 0.009784
v 0.260656 0.077202 0.009784
v 0.260656 0.057633 -0.009784
v 0.264070 0.054219 -0.000000
v 0.260656 0.057633 0.009784
v 0.252179 0.067418 0.013150
v 0.260656 0.067418 0.013150
v 0.264070 0.054219 -0.000000
v 0.260656 0.077202 -0.009784
v 0.260205 0.081074 -0.013656
v 0.260656 0.067418 -0.013150
v 0.255593 0.067418 -0.000000
v 0.252179 0.077202 0.009784
v 0.252179 0.067418 0.013150
v 0.252179 0.077202 -0.009784
v 0.252179 0.067418 -0.013150
v 0.252179 0.057633 -0.009784
v 0.255593 0.054219 -0.000000
v 0.252179 0.057633 0.009784
v 0.260656 0.077202 0.009784
v 0.255593 0.080617 -0.000000
v 0.264070 0.080617 -0.000000
v 0.260656 0.067418 -0.013150
v 0.252179 0.057633 -0.009784
v 0.260656 0.057633 -0.009784
v 0.260656 0.077202 -0.009784
v 0.252179 0.067418 -0.013150
v 0.260656 0.077202 -0.009784
v 0.252179 0.077202 -0.009784
v -0.001992 0.067418 0.019530
v 0.014169 0.053920 0.013498
v -0.001992 0.052886 0.014532
v -0.001992 0.052886 0.014532
v 0.010941 0.050691 -0.000000
v -0.005468 0.049410 -0.000000
v -0.001992 0.081950 -0.014532
v 0.010941 0.084145 -0.000000
v -0.005468 0.085425 -0.000000
v -0.001992 0.052886 -0.014532
v 0.014169 0.053920 -0.013498
v -0.001992 0.067418 -0.019530
v -0.001992 0.081950 0.014532
v -0.001563 0.087343 0.019925
v -0.001563 0.067418 0.026778
v -0.001992 0.067418 0.019530
v -0.001563 0.047493 0.019925
v 0.010941 0.067418 -0.000000
v 0.014169 0.080916 -0.013498
v 0.014169 0.067418 -0.018141
v 0.014169 0.080916 0.013498
v 0.014169 0.067418 0.018141
v 0.014169 0.053920 0.013498
v 0.010941 0.050691 -0.000000
v 0.014169 0.053920 -0.013498
v -0.001992 0.081950 0.014532
v 0.014169 0.080916 0.013498
v -0.001992 0.067418 -0.019530
v 0.014169 0.053920 -0.013498
v 0.014169 0.067418 -0.018141
v 0.014169 0.080916 0.013498
v 0.014169 0.067418 0.018141
v 0.014169 0.080916 -0.013498
v -0.001992 0.081950 -0.014532
v 0.124510 0.091298 0.008412
v 0.120183 0.083299 -0.012867
v 0.120183 0.083299 0.012867
v 0.120183 0.083299 -0.012867
v 0.141335 0.091298 -0.008412
v 0.145918 0.083299 -0.012867
v 0.141335 0.091298 -0.008412
v 0.145918 0.083299 0.012867
v 0.145918 0.083299 -0.012867
v 0.141335 0.091298 0.008412
v 0.120183 0.083299 0.012867
v 0.145918 0.083299 0.012867
v 0.145918 0.083299 -0.012867
v 0.120183 0.083299 0.012867
v 0.120183 0.083299 -0.012867
v 0.141335 0.093089 0.008412
v 0.141335 0.091298 0.008412
v 0.141335 0.093089 -0.008412
v 0.146095 0.093856 0.013173
v 0.141335 0.093089 0.008412
v 0.124510 0.093089 -0.008412
v 0.124510 0.091298 -0.008412
v 0.124510 0.093089 0.008412
v 0.124510 0.091298 0.008412
v 0.124510 0.091298 -0.008412
v 0.141335 0.093089 -0.008412
v 0.146095 0.093856 0.013173
v 0.119749 0.100124 0.013173
v 0.119749 0.093856 0.013173
v 0.124510 0.093089 0.008412
v 0.119749 0.093856 -0.013173
v 0.124510 0.093089 -0.008412
v 0.119749 0.093856 0.013173
v 0.146095 0.093856 -0.013173
v 0.146095 0.100124 0.013173
v 0.141881 0.101147 -0.008959
v 0.141881 0.101147 0.008959
v 0.119749 0.093856 -0.013173
v 0.146095 0.100124 -0.013173
v 0.146095 0.093856 -0.013173
v 0.146095 0.093856 -0.013173
v 0.146095 0.100124 0.013173
v 0.146095 0.093856 0.013173
v 0.119749 0.093856 0.013173
v 0.119749 0.100124 -0.013173
v 0.119749 0.093856 -0.013173
v 0.123964 0.101147 -0.008959
v 0.119749 0.100124 -0.013173
v 0.123964 0.101147 0.008959
v 0.119749 0.100124 0.013173
v 0.146095 0.100124 -0.013173
v 0.085510 0.031546 0.015213
v 0.101353 0.031546 0.015213
v 0.101353 0.031546 0.015213
v 0.101353 0.031546 -0.015213
v 0.101353 0.031546 -0.015213
v 0.085510 0.031546 -0.015213
v 0.085510 0.031546 -0.015213
v 0.085510 0.031546 0.015213
v 0.161546 0.031546 0.015213
v 0.177389 0.031546 0.015213
v 0.177389 0.031546 0.015213
v 0.177389 0.031546 -0.015213
v 0.177389 0.031546 -0.015213
v 0.161546 0.031546 -0.015213
v 0.161546 0.031546 -0.015213
v 0.161546 0.031546 0.015213
v -0.163759 -0.020361 0.013267
v -0.143133 -0.038873 -0.013267
v -0.143133 -0.038873 0.013267
v -0.143133 -0.038873 -0.013267
v -0.100940 -0.020361 -0.013267
v -0.105141 -0.038873 -0.013267
v -0.100940 -0.020361 -0.013267
v -0.105141 -0.038873 0.013267
v -0.105141 -0.038873 -0.013267
v -0.100940 -0.020361 0.013267
v -0.143133 -0.038873 0.013267
v -0.105141 -0.038873 0.013267
v -0.132821 -0.045367 -0.013267
v -0.163759 -0.020361 -0.013267
v -0.100940 -0.020361 0.013267
v -0.100940 -0.020361 -0.013267
v -0.115454 -0.046131 -0.013267
v -0.132821 -0.045367 0.013267
v -0.132821 -0.045367 -0.013267
v -0.105141 -0.038873 0.013267
v -0.105141 -0.038873 -0.013267
v -0.132821 -0.045367 0.013267
v -0.115454 -0.046131 0.013267
v -0.197476 -0.030908 0.017998
v -0.250802 -0.035384 0.017265
v -0.250889 -0.031959 0.018684
v -0.153657 -0.028327 0.022109
v -0.197476 -0.030908 0.017998
v -0.197483 -0.029205 0.022109
v -0.141265 -0.032263 0.016295
v -0.152114 -0.038133 0.017998
v -0.152753 -0.034071 0.016295
v -0.250889 -0.031959 0.025535
v -0.197476 -0.030908 0.026221
v -0.152114 -0.038133 0.026221
v -0.197435 -0.040835 0.022109
v -0.151849 -0.039815 0.022109
v -0.152114 -0.038133 0.017998
v -0.140361 -0.038007 0.022109
v -0.197459 -0.035020 0.027924
v -0.250714 -0.038808 0.025535
v -0.197442 -0.039132 0.026221
v -0.153393 -0.030009 0.017998
v -0.197459 -0.035020 0.016295
v -0.250714 -0.038808 0.018684
v -0.153393 -0.030009 0.026221
v -0.152114 -0.038133 0.026221
v -0.141265 -0.032263 0.027924
v -0.152753 -0.034071 0.027924
v -0.197476 -0.030908 0.026221
v -0.250802 -0.035384 0.026954
v -0.197442 -0.039132 0.017998
v -0.153393 -0.030009 0.026221
v -0.250678 -0.040227 0.022109
v -0.253359 -0.038695 0.019597
v -0.250714 -0.038808 0.018684
v -0.197442 -0.039132 0.017998
v -0.141904 -0.028201 0.026221
v -0.140626 -0.036325 0.026221
v -0.119845 -0.033655 0.014263
v -0.250889 -0.031959 0.018684
v -0.250926 -0.030541 0.022109
v -0.142169 -0.026519 0.022109
v -0.153393 -0.030009 0.017998
v -0.197442 -0.039132 0.026221
v -0.141904 -0.028201 0.017998
v -0.253333 -0.039736 0.022109
v -0.308781 -0.039302 0.024622
v -0.308809 -0.040343 0.022109
v -0.253423 -0.036183 0.025663
v -0.253359 -0.038695 0.024622
v -0.253514 -0.032630 0.022109
v -0.253488 -0.033671 0.024622
v -0.253488 -0.033671 0.019597
v -0.253423 -0.036183 0.018556
v -0.253359 -0.038695 0.024622
v -0.253488 -0.033671 0.024622
v -0.308712 -0.036790 0.018555
v -0.324644 -0.032426 0.018126
v -0.308642 -0.034278 0.019597
v -0.308642 -0.034278 0.024622
v -0.308712 -0.036790 0.025663
v -0.253488 -0.033671 0.019597
v -0.308614 -0.033238 0.022109
v -0.308781 -0.039302 0.019597
v -0.308781 -0.039302 0.024622
v -0.308642 -0.034278 0.024622
v -0.253359 -0.038695 0.019597
v -0.324864 -0.040391 0.018126
v -0.345561 -0.042221 0.022109
v -0.345509 -0.040352 0.017596
v -0.308781 -0.039302 0.019597
v -0.324754 -0.036408 0.016476
v -0.324864 -0.040391 0.026093
v -0.324909 -0.042040 0.022109
v -0.324644 -0.032426 0.026093
v -0.324754 -0.036408 0.027743
v -0.308642 -0.034278 0.019597
v -0.324599 -0.030777 0.022109
v -0.324864 -0.040391 0.026093
v -0.324644 -0.032426 0.026093
v -0.345209 -0.029459 0.022109
v -0.349116 -0.032245 0.018618
v -0.349076 -0.030799 0.022109
v -0.345385 -0.035840 0.028492
v -0.345509 -0.040352 0.026623
v -0.345261 -0.031328 0.026623
v -0.345261 -0.031328 0.017596
v -0.324864 -0.040391 0.018126
v -0.345385 -0.035840 0.015726
v -0.345261 -0.031328 0.026623
v -0.324644 -0.032426 0.018126
v -0.349116 -0.032245 0.025600
v -0.349076 -0.030799 0.022109
v -0.349116 -0.032245 0.018618
v -0.349348 -0.040670 0.022109
v -0.349308 -0.039224 0.018618
v -0.349212 -0.035735 0.027047
v -0.349308 -0.039224 0.025600
v -0.349116 -0.032245 0.025600
v -0.349116 -0.032245 0.018618
v -0.349308 -0.039224 0.018618
v -0.349212 -0.035735 0.017172
v -0.345509 -0.040352 0.026623
v -0.349116 -0.032245 0.025600
v -0.139369 -0.033655 0.015581
v -0.129504 -0.023990 0.016439
v -0.119845 -0.033655 0.014263
v -0.136437 -0.026821 0.016461
v -0.122632 -0.026821 0.015529
v -0.141904 -0.028201 0.026221
v -0.136582 -0.040490 0.014315
v -0.129709 -0.043320 0.013404
v -0.129504 -0.023990 0.016439
v -0.140626 -0.036325 0.017998
v -0.139369 -0.033655 0.015581
v -0.136582 -0.040490 0.014315
v -0.122776 -0.040490 0.013383
v -0.140626 -0.036325 0.026221
v -0.136437 -0.026821 0.016461
v -0.141904 -0.028201 0.017998
v -0.197476 -0.030908 -0.015751
v -0.250802 -0.035384 -0.015018
v -0.197459 -0.035020 -0.014048
v -0.153657 -0.028327 -0.019863
v -0.197476 -0.030908 -0.015751
v -0.153393 -0.030009 -0.015751
v -0.152114 -0.038133 -0.015751
v -0.141265 -0.032263 -0.014048
v -0.152753 -0.034071 -0.014048
v -0.250889 -0.031959 -0.023289
v -0.197483 -0.029205 -0.019863
v -0.197476 -0.030908 -0.023975
v -0.197435 -0.040835 -0.019863
v -0.152114 -0.038133 -0.023975
v -0.151849 -0.039815 -0.019863
v -0.152114 -0.038133 -0.015751
v -0.140361 -0.038007 -0.019863
v -0.140626 -0.036325 -0.015751
v -0.250714 -0.038808 -0.023289
v -0.197459 -0.035020 -0.025678
v -0.197442 -0.039132 -0.023975
v -0.153393 -0.030009 -0.015751
v -0.250714 -0.038808 -0.016437
v -0.197442 -0.039132 -0.015751
v -0.153393 -0.030009 -0.023975
v -0.152753 -0.034071 -0.025678
v -0.140626 -0.036325 -0.023975
v -0.152114 -0.038133 -0.023975
v -0.250802 -0.035384 -0.024708
v -0.197476 -0.030908 -0.023975
v -0.153393 -0.030009 -0.023975
v -0.141265 -0.032263 -0.025678
v -0.253359 -0.038695 -0.017350
v -0.250678 -0.040227 -0.019863
v -0.250714 -0.038808 -0.016437
v -0.141904 -0.028201 -0.023975
v -0.119845 -0.033655 -0.012016
v -0.250889 -0.031959 -0.016437
v -0.141904 -0.028201 -0.015751
v -0.142169 -0.026519 -0.019863
v -0.197442 -0.039132 -0.023975
v -0.141904 -0.028201 -0.015751
v -0.197442 -0.039132 -0.015751
v -0.253333 -0.039736 -0.019863
v -0.308781 -0.039302 -0.022376
v -0.253359 -0.038695 -0.022376
v -0.253423 -0.036183 -0.023417
v -0.253514 -0.032630 -0.019863
v -0.250926 -0.030541 -0.019863
v -0.253488 -0.033671 -0.017350
v -0.250889 -0.031959 -0.016437
v -0.253423 -0.036183 -0.016309
v -0.250714 -0.038808 -0.023289
v -0.253488 -0.033671 -0.022376
v -0.250889 -0.031959 -0.023289
v -0.324644 -0.032426 -0.015879
v -0.308712 -0.036790 -0.016309
v -0.308642 -0.034278 -0.017350
v -0.308642 -0.034278 -0.022376
v -0.308614 -0.033238 -0.019863
v -0.253488 -0.033671 -0.017350
v -0.308781 -0.039302 -0.017350
v -0.253359 -0.038695 -0.022376
v -0.308712 -0.036790 -0.023417
v -0.253488 -0.033671 -0.022376
v -0.253359 -0.038695 -0.017350
v -0.324864 -0.040391 -0.015879
v -0.345561 -0.042221 -0.019863
v -0.324909 -0.042040 -0.019863
v -0.324754 -0.036408 -0.014229
v -0.308781 -0.039302 -0.017350
v -0.308809 -0.040343 -0.019863
v -0.324864 -0.040391 -0.023847
v -0.324644 -0.032426 -0.023847
v -0.324599 -0.030777 -0.019863
v -0.308642 -0.034278 -0.017350
v -0.308781 -0.039302 -0.022376
v -0.324754 -0.036408 -0.025497
v -0.308642 -0.034278 -0.022376
v -0.345209 -0.029459 -0.019863
v -0.349116 -0.032245 -0.016372
v -0.345261 -0.031328 -0.015350
v -0.324864 -0.040391 -0.023847
v -0.345385 -0.035840 -0.026246
v -0.345261 -0.031328 -0.024376
v -0.324644 -0.032426 -0.023847
v -0.345261 -0.031328 -0.015350
v -0.345385 -0.035840 -0.013480
v -0.324864 -0.040391 -0.015879
v -0.345261 -0.031328 -0.024376
v -0.324644 -0.032426 -0.015879
v -0.349308 -0.039224 -0.023354
v -0.349348 -0.040670 -0.019863
v -0.349308 -0.039224 -0.016372
v -0.345509 -0.040352 -0.015350
v -0.349348 -0.040670 -0.019863
v -0.349308 -0.039224 -0.023354
v -0.345509 -0.040352 -0.024376
v -0.349116 -0.032245 -0.023354
v -0.349116 -0.032245 -0.016372
v -0.349212 -0.035735 -0.014926
v -0.345509 -0.040352 -0.015350
v -0.345509 -0.040352 -0.024376
v -0.349116 -0.032245 -0.023354
v -0.119845 -0.033655 -0.012016
v -0.129504 -0.023990 -0.014193
v -0.139369 -0.033655 -0.013334
v -0.136437 -0.026821 -0.014214
v -0.122632 -0.026821 -0.013282
v -0.141904 -0.028201 -0.023975
v -0.136582 -0.040490 -0.012068
v -0.129504 -0.023990 -0.014193
v -0.140626 -0.036325 -0.015751
v -0.139369 -0.033655 -0.013334
v -0.141265 -0.032263 -0.014048
v -0.122776 -0.040490 -0.011136
v -0.140626 -0.036325 -0.023975
v -0.136437 -0.026821 -0.014214
v -0.566298 0.011656 -0.017194
v -0.531911 -0.000502 -0.012158
v -0.566298 -0.000502 -0.012158
v -0.531911 -0.000502 -0.012158
v -0.566298 -0.005537 0.000000
v -0.566298 -0.000502 -0.012158
v -0.531911 -0.005537 0.000000
v -0.566298 -0.000502 0.012158
v -0.531911 -0.000502 0.012158
v -0.566298 0.011656 0.017194
v -0.566298 -0.000502 0.012158
v -0.531911 0.011656 0.017194
v -0.566298 0.023814 0.012158
v -0.531911 0.023814 0.012158
v -0.566298 0.028850 -0.000000
v -0.566298 0.023814 0.012158
v -0.531911 0.011656 -0.017194
v -0.531911 0.028850 -0.000000
v -0.531911 0.011656 0.017194
v -0.531911 0.028850 -0.000000
v -0.566298 0.023814 -0.012158
v -0.531911 0.023814 -0.012158
v -0.566298 0.023814 -0.012158
v -0.566298 0.023814 0.012158
v -0.566298 0.028850 -0.000000
v -0.566298 0.023814 -0.012158
v 0.440741 0.020033 -0.014330
v 0.392678 0.015259 0.014330
v 0.440741 0.020033 0.014330
v 0.440741 0.020033 -0.014330
v 0.469402 -0.008628 -0.014330
v 0.440741 -0.008628 -0.014330
v 0.469402 0.020033 -0.014330
v 0.514283 -0.008628 -0.014330
v 0.469402 0.020033 0.014330
v 0.440741 -0.008628 0.014330
v 0.469402 -0.008628 0.014330
v 0.469402 -0.008628 -0.014330
v 0.440741 -0.008628 0.014330
v 0.440741 -0.008628 -0.014330
v 0.469402 0.020033 0.014330
v 0.469402 0.020033 -0.014330
v 0.392678 0.015259 0.014330
v 0.384402 -0.008628 -0.014330
v 0.384402 -0.008628 0.014330
v 0.384402 -0.008628 -0.014330
v 0.392678 0.015259 -0.014330
v 0.392678 0.015259 0.014330
v 0.384402 -0.008628 0.014330
v 0.514283 0.020033 0.014330
v 0.527015 0.013349 -0.014330
v 0.514283 0.020033 -0.014330
v 0.514283 0.020033 0.014330
v 0.514283 -0.008628 0.014330
v 0.469402 -0.008628 0.014330
v 0.527015 0.013349 -0.014330
v 0.530198 -0.008628 0.014330
v 0.530198 -0.008628 -0.014330
v 0.527015 0.013349 -0.014330
v 0.530198 -0.008628 -0.014330
v 0.514283 -0.008628 0.014330
v 0.527015 0.013349 0.014330
v 0.514283 -0.008628 -0.014330
v 0.530198 -0.008628 0.014330
v 0.133273 0.049031 0.022512
v 0.116363 0.052317 0.022512
v 0.147892 0.081545 0.020574
v 0.154759 0.068053 0.022512
v 0.151349 0.068105 0.020574
v 0.150652 0.052317 0.022512
v 0.133038 0.089657 0.022512
v 0.118247 0.081545 0.020574
v 0.147892 0.054862 0.020574
v 0.133267 0.052097 0.020574
v 0.147892 0.081545 0.020574
v 0.150652 0.052317 0.034224
v 0.115424 0.084024 0.022512
v 0.133038 0.089657 0.034224
v 0.150652 0.084024 0.034224
v 0.150652 0.084024 0.022512
v 0.116363 0.052317 0.022512
v 0.111786 0.067584 0.034224
v 0.111786 0.067584 0.022512
v 0.115424 0.084024 0.022512
v 0.133156 0.068405 0.034224
v 0.115424 0.084024 0.034224
v 0.111786 0.067584 0.034224
v 0.150652 0.084024 0.034224
v 0.154759 0.068053 0.034224
v 0.150652 0.052317 0.034224
v 0.133273 0.049031 0.034224
v 0.116363 0.052317 0.034224
v 0.150652 0.084024 0.022512
v 0.154759 0.068053 0.034224
v 0.116363 0.052317 0.034224
v 0.150652 0.052317 0.022512
v 0.133273 0.049031 0.034224
v 0.115424 0.084024 0.034224
v 0.108828 0.007079 -0.013155
v 0.108828 -0.001013 -0.036856
v 0.108828 -0.001013 -0.013155
v 0.108828 0.007079 -0.036856
v 0.117783 -0.001013 -0.036856
v 0.108828 -0.001013 -0.036856
v 0.117783 0.007079 -0.036856
v 0.117783 -0.001013 -0.013155
v 0.117783 -0.001013 -0.036856
v 0.117783 0.007079 -0.013155
v 0.108828 -0.001013 -0.013155
v 0.117783 -0.001013 -0.013155
v 0.117783 -0.001013 -0.036856
v 0.108828 -0.001013 -0.013155
v 0.108828 -0.001013 -0.036856
v 0.108828 0.007079 -0.036856
v 0.117783 0.007079 -0.013155
v 0.117783 0.007079 -0.036856
v 0.084377 -0.007112 0.016016
v 0.079832 -0.090182 -0.004947
v 0.079832 -0.090182 0.016016
v 0.084377 -0.007112 -0.004947
v 0.164968 -0.094839 -0.004947
v 0.079832 -0.090182 -0.004947
v 0.169513 -0.011770 -0.004947
v 0.164968 -0.094839 0.016016
v 0.164968 -0.094839 -0.004947
v 0.169513 -0.011770 0.016016
v 0.079832 -0.090182 0.016016
v 0.164968 -0.094839 0.016016
v 0.164968 -0.094839 -0.004947
v 0.079832 -0.090182 0.016016
v 0.079832 -0.090182 -0.004947
v 0.084377 -0.007112 -0.004947
v 0.169513 -0.011770 0.016016
v 0.169513 -0.011770 -0.004947
v 0.072715 -0.046575 0.018240
v -0.166090 0.008784 -0.012533
v -0.166090 0.008784 -0.012533
v 0.071615 0.028195 -0.018240
v 0.186734 -0.053293 -0.018240
v 0.194540 -0.030860 0.018240
v 0.249748 -0.030065 -0.018240
v 0.209849 -0.029989 0.018240
v 0.250977 0.029362 -0.018240
v 0.250977 0.029362 0.018240
v 0.278286 -0.116527 0.018240
v 0.257981 0.006087 0.018240
v 0.261389 -0.057805 -0.018240
v 0.261389 -0.057805 -0.018240
v 0.253430 -0.057766 -0.018240
v 0.252062 -0.047477 0.018240
v 0.295792 -0.068704 0.018240
v 0.378260 -0.105456 0.018240
v 0.317151 0.006147 -0.018240
v 0.362367 -0.054845 -0.018240
v 0.343728 -0.026792 -0.018240
v 0.356447 -0.070253 0.018240
v 0.408493 -0.075678 0.018240
v 0.408493 -0.075678 -0.018240
v 0.359943 -0.051170 0.018240
v 0.359943 -0.051170 -0.018240
v 0.362367 -0.054845 0.018240
v 0.472736 -0.101294 -0.018240
v 0.464419 -0.074214 -0.018240
v 0.466643 0.005908 -0.018240
v 0.472749 0.005795 0.018240
v 0.587707 -0.110092 0.018240
v 0.582564 0.018577 0.018240
v 0.582564 0.018577 0.018240
v 0.587707 -0.110092 -0.018240
v 0.059167 0.002336 -0.010970
v 0.059167 0.002336 0.010970
v 0.059167 0.024276 0.010970
v 0.059167 0.002336 -0.010970
v 0.059167 0.013306 -0.015514
v 0.059167 0.024276 -0.010970
v 0.059167 0.024276 0.010970
v 0.059167 0.013306 0.015514
v 0.059167 0.024276 -0.010970
v -0.612293 0.013306 -0.012252
v -0.612293 0.004643 -0.008663
v -0.612293 0.001054 0.000000
v -0.612293 0.013306 0.012252
v -0.612293 0.025558 0.000000
v -0.612293 0.021970 -0.008663
v -0.612293 0.021970 0.008664
v -0.612293 0.004643 0.008664
v -0.612293 0.004643 -0.008663
v 0.182071 -0.033996 -0.006564
v 0.189316 -0.030154 -0.004832
v 0.189316 -0.030154 0.008295
v 0.189316 -0.030154 0.008295
v 0.194280 -0.065329 0.006564
v 0.182071 -0.033996 -0.006564
v 0.194280 -0.065329 -0.006564
v 0.197277 -0.061830 0.006564
v 0.246338 -0.062161 0.006297
v 0.238977 -0.067954 -0.006297
v 0.257853 -0.052556 -0.006297
v 0.253890 -0.050597 0.006297
v 0.253890 -0.050597 -0.006297
v 0.253890 -0.050597 0.006297
v 0.227251 -0.028547 -0.003468
v 0.227251 -0.028547 -0.003468
v 0.234187 -0.028547 0.003468
v 0.227251 -0.028547 0.003468
v 0.227251 -0.028547 0.003468
v 0.224903 -0.052143 -0.001952
v 0.233951 -0.047824 -0.002863
v 0.233951 -0.047824 0.002863
v 0.216249 -0.055700 0.001193
v 0.224903 -0.052143 -0.001952
v 0.064978 0.032777 -0.006796
v 0.151030 0.032777 -0.006796
v 0.151030 0.032777 0.006796
v 0.064978 0.032777 0.006796
v 0.151030 0.027152 0.006796
v 0.064978 0.032777 0.006796
v 0.141728 0.032777 0.006796
v 0.141728 0.034817 0.006796
v 0.128140 0.032777 -0.006796
v 0.069263 0.034817 -0.006796
v 0.114553 0.032777 -0.006796
v 0.087379 0.034817 -0.006796
v 0.100966 0.032777 -0.006796
v 0.123612 0.034817 0.006796
v 0.087379 0.032777 -0.006796
v 0.114553 0.034817 0.006796
v 0.073792 0.032777 0.006796
v 0.096437 0.034817 -0.006796
v 0.137199 0.034817 0.006796
v 0.123611 0.034817 -0.006796
v 0.110024 0.034817 -0.006796
v 0.096437 0.034817 -0.006796
v 0.082850 0.034817 -0.006796
v 0.069263 0.034817 0.006796
v 0.137199 0.034817 -0.006796
v 0.073792 0.034817 0.006796
v 0.082850 0.034817 0.006796
v 0.114553 0.034817 -0.006796
v 0.110024 0.034817 -0.006796
v 0.100966 0.034817 0.006796
v 0.110024 0.034817 0.006796
v 0.141728 0.034817 -0.006796
v 0.073792 0.034817 -0.006796
v 0.082850 0.034817 -0.006796
v 0.128140 0.034817 0.006796
v 0.137199 0.034817 0.006796
v 0.069263 0.034817 0.006796
v 0.100966 0.034817 -0.006796
v 0.087379 0.034817 0.006796
v 0.123611 0.034817 -0.006796
v 0.096437 0.034817 0.006796
v 0.128140 0.034817 -0.006796
v 0.192144 0.032777 -0.006796
v 0.192144 0.032777 0.006796
v 0.192144 0.027152 0.006796
v 0.182842 0.032777 0.006796
v 0.182842 0.034817 0.006796
v 0.169254 0.032777 -0.006796
v 0.155667 0.032777 -0.006796
v 0.164725 0.034817 0.006796
v 0.155667 0.034817 0.006796
v 0.178312 0.034817 0.006796
v 0.164725 0.034817 -0.006796
v 0.151138 0.034817 -0.006796
v 0.178312 0.034817 -0.006796
v 0.155667 0.034817 -0.006796
v 0.151138 0.034817 -0.006796
v 0.151138 0.034817 0.006796
v 0.182842 0.034817 -0.006796
v 0.169254 0.034817 0.006796
v 0.178312 0.034817 0.006796
v 0.164725 0.034817 -0.006796
v 0.169254 0.034817 -0.006796
v 0.085510 0.091237 -0.010773
v 0.101353 0.091237 -0.010773
v 0.101353 0.091237 0.010773
v 0.085510 0.091237 0.010773
v 0.101353 0.031546 0.015213
v 0.085510 0.091237 0.010773
v 0.177389 0.031546 0.015213
v 0.177389 0.091237 -0.010773
v 0.161546 0.091237 -0.010773
v 0.161546 0.091237 0.010773
v 0.161546 0.091237 0.010773
v 0.177389 0.091237 0.010773
v 0.116461 0.083113 -0.016588
v 0.133050 0.088418 -0.016588
v 0.149638 0.083113 0.016588
v 0.149638 0.053252 0.016588
v 0.116461 0.083113 0.016588
v 0.208816 0.053762 -0.013656
v 0.208816 0.081074 0.013656
v 0.260205 0.081074 -0.013656
v 0.260205 0.053762 0.013656
v 0.027351 0.087343 -0.019925
v 0.027351 0.047493 0.019925
v -0.001563 0.047493 -0.019925
v -0.001563 0.087343 0.019925
v 0.252179 0.057633 -0.009784
v 0.252179 0.057633 0.009784
v 0.255593 0.080617 -0.000000
v 0.252179 0.077202 0.009784
v 0.252179 0.077202 -0.009784
v 0.014169 0.053920 0.013498
v 0.014169 0.080916 -0.013498
v 0.010941 0.084145 -0.000000
v -0.001992 0.052886 -0.014532
v -0.001992 0.081950 0.014532
v 0.145918 0.083299 0.012867
v 0.141335 0.093089 -0.008412
v 0.124510 0.093089 0.008412
v 0.141335 0.093089 0.008412
v 0.124510 0.093089 -0.008412
v 0.146095 0.100124 0.013173
v 0.119749 0.100124 -0.013173
v 0.146095 0.100124 -0.013173
v 0.119749 0.100124 0.013173
v -0.163759 -0.020361 -0.013267
v -0.163759 -0.020361 -0.013267
v -0.100940 -0.020361 0.013267
v -0.163759 -0.020361 0.013267
v -0.115454 -0.046131 -0.013267
v -0.163759 -0.020361 0.013267
v -0.115454 -0.046131 0.013267
v -0.140626 -0.036325 0.017998
v -0.140626 -0.036325 0.017998
v -0.250889 -0.031959 0.025535
v -0.122776 -0.040490 0.013383
v -0.250714 -0.038808 0.025535
v -0.345261 -0.031328 0.017596
v -0.345509 -0.040352 0.017596
v -0.349212 -0.035735 0.017172
v -0.349308 -0.039224 0.025600
v -0.349308 -0.039224 0.018618
v -0.349348 -0.040670 0.022109
v -0.349212 -0.035735 0.027047
v -0.349308 -0.039224 0.025600
v -0.129709 -0.043320 0.013404
v -0.136582 -0.040490 0.014315
v -0.122632 -0.026821 0.015529
v -0.122776 -0.040490 0.013383
v -0.122632 -0.026821 0.015529
v -0.141265 -0.032263 0.016295
v -0.140626 -0.036325 -0.015751
v -0.122776 -0.040490 -0.011136
v -0.349076 -0.030799 -0.019863
v -0.349212 -0.035735 -0.014926
v -0.349116 -0.032245 -0.023354
v -0.349116 -0.032245 -0.016372
v -0.349076 -0.030799 -0.019863
v -0.349212 -0.035735 -0.024800
v -0.349308 -0.039224 -0.016372
v -0.349212 -0.035735 -0.024800
v -0.349308 -0.039224 -0.016372
v -0.349308 -0.039224 -0.023354
v -0.136582 -0.040490 -0.012068
v -0.129709 -0.043320 -0.011158
v -0.122776 -0.040490 -0.011136
v -0.122632 -0.026821 -0.013282
v -0.129709 -0.043320 -0.011158
v -0.122632 -0.026821 -0.013282
v -0.136582 -0.040490 -0.012068
v -0.531911 0.011656 -0.017194
v -0.531911 -0.000502 0.012158
v -0.531911 0.023814 0.012158
v -0.531911 -0.005537 0.000000
v -0.531911 -0.000502 -0.012158
v -0.531911 0.023814 -0.012158
v -0.531911 0.023814 0.012158
v -0.531911 -0.000502 0.012158
v -0.531911 0.023814 -0.012158
v -0.566298 0.011656 -0.017194
v -0.566298 -0.000502 0.012158
v -0.566298 -0.000502 -0.012158
v -0.566298 -0.005537 0.000000
v -0.566298 0.011656 0.017194
v 0.392678 0.015259 -0.014330
v 0.514283 0.020033 -0.014330
v 0.440741 0.020033 0.014330
v 0.392678 0.015259 -0.014330
v 0.384402 -0.008628 0.014330
v 0.384402 -0.008628 -0.014330
v 0.527015 0.013349 0.014330
v 0.527015 0.013349 0.014330
v 0.530198 -0.008628 0.014330
v 0.530198 -0.008628 -0.014330
v 0.115424 0.084024 0.034224
v 0.116363 0.052317 0.034224
v 0.133038 0.089657 0.034224
v 0.150652 0.084024 0.034224
v 0.150652 0.052317 0.034224
v 0.108828 0.007079 -0.036856
v 0.117783 0.007079 -0.036856
v 0.117783 0.007079 -0.013155
v 0.108828 0.007079 -0.013155
v 0.117783 -0.001013 -0.013155
v 0.108828 0.007079 -0.013155
v 0.084377 -0.007112 -0.004947
v 0.169513 -0.011770 -0.004947
v 0.169513 -0.011770 0.016016
v 0.084377 -0.007112 0.016016
v 0.164968 -0.094839 0.016016
v 0.084377 -0.007112 0.016016
vt 0.549348 0.720332
vt 0.513703 0.768698
vt 0.549358 0.768689
vt 0.042657 0.800188
vt 0.032798 0.848284
vt 0.042727 0.848539
vt 0.571628 0.784657
vt 0.601783 0.646398
vt 0.577283 0.646377
vt 0.571601 0.832855
vt 0.607284 0.784688
vt 0.068177 0.800420
vt 0.050230 0.754624
vt 0.033100 0.848672
vt 0.042581 0.800499
vt 0.043031 0.848848
vt 0.913049 0.745267
vt 0.937549 0.736686
vt 0.913049 0.736686
vt 0.519231 0.581105
vt 0.513692 0.720341
vt 0.066060 0.987614
vt 0.042961 0.987829
vt 0.032984 0.987536
vt 0.041569 0.987523
vt 0.513656 0.813565
vt 0.549338 0.921242
vt 0.549312 0.813555
vt 0.031575 0.800332
vt 0.049796 0.754876
vt 0.607257 0.832886
vt 0.571646 0.878004
vt 0.607302 0.878035
vt 0.382597 0.108321
vt 0.418250 0.123314
vt 0.418253 0.108327
vt 0.010877 0.648092
vt 0.069862 0.635074
vt 0.607257 0.988879
vt 0.093174 0.642582
vt 0.071237 0.634983
vt 0.012151 0.647537
vt 0.013690 0.755214
vt 0.091858 0.642500
vt 0.086329 0.753999
vt 0.837621 0.136985
vt 0.815897 0.101328
vt 0.815897 0.136985
vt 0.068102 0.800530
vt 0.064670 0.987490
vt 0.067172 0.848772
vt 0.034376 0.987909
vt 0.937549 0.713595
vt 0.913049 0.713595
vt 0.067477 0.848889
vt 0.031653 0.799935
vt 0.382594 0.123308
vt 0.418253 0.162236
vt 0.010651 0.619672
vt 0.068872 0.620120
vt 0.012149 0.619116
vt 0.513683 0.921251
vt 0.549347 0.949661
vt 0.070381 0.581024
vt 0.035035 0.573027
vt 0.012296 0.579906
vt 0.068582 0.581124
vt 0.513691 0.949671
vt 0.549358 0.988869
vt 0.097478 0.569607
vt 0.122503 0.553352
vt 0.086268 0.570613
vt 0.064675 0.142823
vt 0.087592 0.107167
vt 0.064675 0.107167
vt 0.084387 0.570588
vt 0.095623 0.577272
vt 0.085580 0.578703
vt 0.033174 0.573405
vt 0.065428 0.572440
vt 0.889599 0.185047
vt 0.897362 0.149389
vt 0.889599 0.149391
vt 0.857837 0.624134
vt 0.893493 0.566282
vt 0.857837 0.566282
vt 0.250019 0.128139
vt 0.260109 0.092483
vt 0.250019 0.092483
vt 0.097451 0.577386
vt 0.067757 0.553934
vt 0.035315 0.543467
vt 0.035496 0.554645
vt 0.469969 0.182020
vt 0.505648 0.199457
vt 0.505625 0.181986
vt 0.065745 0.554054
vt 0.120485 0.553043
vt 0.033491 0.555019
vt 0.067296 0.572316
vt 0.629545 0.671553
vt 0.665205 0.689928
vt 0.665201 0.671549
vt 0.857898 0.935357
vt 0.893533 0.965042
vt 0.893554 0.935364
vt 0.155183 0.535484
vt 0.116828 0.506164
vt 0.108082 0.535966
vt 0.629549 0.689931
vt 0.665206 0.701106
vt 0.105928 0.535770
vt 0.033222 0.543843
vt 0.065476 0.542879
vt 0.067576 0.542756
vt 0.153023 0.534918
vt 0.152828 0.552445
vt 0.895520 0.310218
vt 0.859864 0.269543
vt 0.859864 0.310218
vt 0.095588 0.569493
vt 0.232941 0.128139
vt 0.232941 0.092483
vt 0.140772 0.498995
vt 0.109511 0.476679
vt 0.469992 0.199491
vt 0.505636 0.236766
vt 0.112106 0.167189
vt 0.147788 0.196923
vt 0.147762 0.167193
vt 0.114439 0.505900
vt 0.138326 0.498543
vt 0.629552 0.729385
vt 0.665212 0.760666
vt 0.665208 0.729381
vt 0.059595 0.513539
vt 0.061925 0.513371
vt 0.034893 0.515195
vt 0.629550 0.701110
vt 0.314439 0.107173
vt 0.286501 0.142829
vt 0.314439 0.142829
vt 0.857877 0.965035
vt 0.893554 0.988879
vt 0.032218 0.484292
vt 0.064528 0.489300
vt 0.034779 0.483910
vt 0.114740 0.425801
vt 0.090854 0.473289
vt 0.469981 0.236801
vt 0.505702 0.280177
vt 0.112132 0.196919
vt 0.147762 0.226467
vt 0.106890 0.476474
vt 0.141098 0.454834
vt 0.857877 0.790759
vt 0.893533 0.838111
vt 0.893533 0.790819
vt 0.470046 0.280211
vt 0.505625 0.311430
vt 0.883314 0.682944
vt 0.901859 0.647288
vt 0.883314 0.647288
vt 0.111719 0.425555
vt 0.032056 0.448900
vt 0.112843 0.426119
vt 0.091777 0.470827
vt 0.067049 0.489172
vt 0.034895 0.448518
vt 0.629556 0.760670
vt 0.665217 0.796056
vt 0.034932 0.410705
vt 0.113229 0.371140
vt 0.034915 0.369080
vt 0.115859 0.426373
vt 0.629561 0.796060
vt 0.665222 0.833867
vt 0.825363 0.646809
vt 0.861071 0.689977
vt 0.861019 0.646845
vt 0.037815 0.092477
vt 0.011121 0.128133
vt 0.037815 0.128133
vt 0.629566 0.833871
vt 0.665227 0.875492
vt 0.825415 0.689942
vt 0.861019 0.745267
vt 0.031796 0.411088
vt 0.109779 0.370909
vt 0.139685 0.362973
vt 0.024682 0.308619
vt 0.035016 0.363111
vt 0.031506 0.363495
vt 0.136170 0.362534
vt 0.629571 0.875495
vt 0.665228 0.881459
vt 0.139563 0.271133
vt 0.022367 0.255796
vt 0.629546 0.936038
vt 0.665201 0.936034
vt 0.175042 0.114803
vt 0.210670 0.206495
vt 0.210698 0.114823
vt 0.020744 0.309085
vt 0.135327 0.270697
vt 0.382594 0.310329
vt 0.418250 0.184479
vt 0.382594 0.184479
vt 0.665201 0.988875
vt 0.175014 0.206476
vt 0.210698 0.226473
vt 0.018014 0.256281
vt 0.143724 0.250085
vt 0.437020 0.988879
vt 0.445465 0.739775
vt 0.437009 0.739779
vt 0.469969 0.988878
vt 0.480637 0.740160
vt 0.472156 0.740372
vt 0.480709 0.988610
vt 0.489091 0.740372
vt 0.382594 0.988868
vt 0.393311 0.739775
vt 0.384853 0.739766
vt 0.393304 0.988879
vt 0.401789 0.739766
vt 0.338907 0.988849
vt 0.349619 0.739766
vt 0.341163 0.739742
vt 0.410605 0.077873
vt 0.410605 0.066268
vt 0.382594 0.077867
vt 0.349615 0.988879
vt 0.358099 0.739742
vt 0.426282 0.988874
vt 0.428529 0.739775
vt 0.480558 0.406598
vt 0.349612 0.405602
vt 0.341154 0.332556
vt 0.341155 0.405578
vt 0.384851 0.405595
vt 0.472077 0.406810
vt 0.393309 0.405604
vt 0.428530 0.405604
vt 0.437010 0.405607
vt 0.950850 0.831632
vt 0.966491 0.838108
vt 0.972969 0.822461
vt 0.384851 0.332572
vt 0.472059 0.333919
vt 0.358091 0.405578
vt 0.349610 0.332580
vt 0.401787 0.405595
vt 0.393309 0.332581
vt 0.489012 0.406810
vt 0.480541 0.333707
vt 0.445466 0.405604
vt 0.437011 0.332584
vt 0.428530 0.332580
vt 0.915776 0.838111
vt 0.928607 0.817379
vt 0.915776 0.817379
vt 0.258535 0.226473
vt 0.244961 0.211926
vt 0.240661 0.214770
vt 0.339449 0.122669
vt 0.351719 0.102155
vt 0.338907 0.101459
vt 0.030411 0.211922
vt 0.016836 0.226467
vt 0.034711 0.214766
vt 0.038287 0.204087
vt 0.791298 0.648871
vt 0.784191 0.659998
vt 0.791298 0.661702
vt 0.859864 0.332461
vt 0.872440 0.345349
vt 0.872695 0.332461
vt 0.237086 0.204091
vt 0.232941 0.205850
vt 0.915776 0.807151
vt 0.339449 0.091473
vt 0.035947 0.191298
vt 0.031694 0.163424
vt 0.027448 0.164220
vt 0.857877 0.860354
vt 0.870460 0.874560
vt 0.870708 0.860354
vt 0.040264 0.191462
vt 0.235111 0.191465
vt 0.860131 0.373729
vt 0.872436 0.380410
vt 0.872441 0.373729
vt 0.239428 0.191302
vt 0.243685 0.163427
vt 0.860130 0.345349
vt 0.858150 0.874560
vt 0.870468 0.903807
vt 0.382594 0.022848
vt 0.394904 0.035815
vt 0.394904 0.022848
vt 0.858153 0.913114
vt 0.870463 0.913114
vt 0.027158 0.155197
vt 0.024125 0.158273
vt 0.247931 0.164224
vt 0.248222 0.155201
vt 0.755179 0.011128
vt 0.759039 0.023431
vt 0.759039 0.011121
vt 0.011779 0.150376
vt 0.011121 0.154646
vt 0.251255 0.158278
vt 0.263602 0.150382
vt 0.969314 0.344883
vt 0.980397 0.332573
vt 0.969314 0.332573
vt 0.859864 0.066046
vt 0.866643 0.058359
vt 0.859864 0.058359
vt 0.918955 0.614605
vt 0.922019 0.624134
vt 0.925237 0.617152
vt 0.959792 0.745267
vt 0.966571 0.737581
vt 0.959792 0.737581
vt 0.920887 0.122724
vt 0.923950 0.113195
vt 0.917667 0.115742
vt 0.914023 0.105177
vt 0.011121 0.015278
vt 0.017901 0.022057
vt 0.017901 0.015278
vt 0.866052 0.047184
vt 0.861345 0.043058
vt 0.860455 0.047184
vt 0.923695 0.604484
vt 0.960383 0.726437
vt 0.920634 0.097943
vt 0.924841 0.091407
vt 0.916824 0.097719
vt 0.919209 0.103074
vt 0.926081 0.599131
vt 0.922271 0.599355
vt 0.966169 0.069165
vt 0.961484 0.063425
vt 0.960572 0.069165
vt 0.962231 0.051430
vt 0.964568 0.053472
vt 0.964563 0.051430
vt 0.918064 0.592821
vt 0.915736 0.592957
vt 0.965301 0.063425
vt 0.962235 0.053472
vt 0.953497 0.947509
vt 0.956583 0.939027
vt 0.954250 0.939027
vt 0.969314 0.367126
vt 0.974810 0.380410
vt 0.974810 0.367126
vt 0.529938 0.306798
vt 0.535436 0.311464
vt 0.535436 0.306798
vt 0.602698 0.034697
vt 0.608195 0.047982
vt 0.608195 0.034697
vt 0.344406 0.230393
vt 0.338907 0.226205
vt 0.338907 0.230393
vt 0.748664 0.742300
vt 0.761948 0.737646
vt 0.748664 0.737643
vt 0.138775 0.020634
vt 0.142963 0.033918
vt 0.142963 0.020634
vt 0.920203 0.771624
vt 0.924868 0.784908
vt 0.924868 0.771624
vt 0.915776 0.771624
vt 0.920203 0.784908
vt 0.344406 0.301221
vt 0.346399 0.296794
vt 0.344406 0.296794
vt 0.580455 0.034697
vt 0.576028 0.047982
vt 0.580455 0.047981
vt 0.576028 0.034697
vt 0.571601 0.047982
vt 0.529938 0.231544
vt 0.527945 0.235970
vt 0.529938 0.235970
vt 0.974090 0.669660
vt 0.969664 0.682944
vt 0.974090 0.682944
vt 0.969664 0.669660
vt 0.965237 0.682944
vt 0.432848 0.086078
vt 0.434841 0.072793
vt 0.432848 0.072793
vt 0.702839 0.032765
vt 0.698413 0.046049
vt 0.702839 0.046049
vt 0.698413 0.032765
vt 0.693986 0.046049
vt 0.983089 0.109439
vt 0.981096 0.122724
vt 0.983089 0.122724
vt 0.969923 0.171762
vt 0.965497 0.185047
vt 0.969923 0.185047
vt 0.965497 0.171762
vt 0.961070 0.185047
vt 0.344406 0.274660
vt 0.346399 0.270233
vt 0.344406 0.270233
vt 0.955551 0.567546
vt 0.959978 0.580830
vt 0.959978 0.567546
vt 0.951124 0.567546
vt 0.955551 0.580830
vt 0.529938 0.258104
vt 0.527945 0.262531
vt 0.529938 0.262531
vt 0.748664 0.662525
vt 0.761948 0.658349
vt 0.748664 0.658345
vt 0.748664 0.666944
vt 0.761948 0.662528
vt 0.748664 0.671363
vt 0.761948 0.666947
vt 0.748664 0.675781
vt 0.761948 0.671366
vt 0.761948 0.680203
vt 0.761948 0.675784
vt 0.748664 0.680200
vt 0.761948 0.684622
vt 0.748664 0.684619
vt 0.761948 0.689040
vt 0.748664 0.689037
vt 0.761948 0.693459
vt 0.748664 0.693456
vt 0.761948 0.697878
vt 0.748664 0.697875
vt 0.761948 0.702296
vt 0.748664 0.702293
vt 0.761948 0.706715
vt 0.748664 0.706712
vt 0.761948 0.711134
vt 0.748664 0.711131
vt 0.761948 0.715553
vt 0.748664 0.715549
vt 0.761948 0.719971
vt 0.748664 0.719968
vt 0.761948 0.724390
vt 0.748664 0.724387
vt 0.761948 0.728809
vt 0.748664 0.733224
vt 0.748664 0.728805
vt 0.761948 0.733227
vt 0.344406 0.310313
vt 0.338907 0.305647
vt 0.338908 0.310313
vt 0.344406 0.305647
vt 0.338907 0.301221
vt 0.338907 0.296794
vt 0.344406 0.292367
vt 0.338907 0.292367
vt 0.344406 0.287940
vt 0.338907 0.287940
vt 0.344406 0.283514
vt 0.338907 0.283514
vt 0.344406 0.279087
vt 0.338907 0.279087
vt 0.338907 0.274660
vt 0.338907 0.270233
vt 0.344406 0.265807
vt 0.338907 0.265807
vt 0.344406 0.261380
vt 0.338907 0.261380
vt 0.344406 0.256953
vt 0.338907 0.256953
vt 0.344406 0.252526
vt 0.338907 0.252526
vt 0.344406 0.248100
vt 0.338907 0.248100
vt 0.344406 0.243673
vt 0.338907 0.243673
vt 0.338907 0.239246
vt 0.344406 0.239246
vt 0.338907 0.234820
vt 0.344406 0.234820
vt 0.529938 0.227356
vt 0.535437 0.231544
vt 0.535437 0.227356
vt 0.535437 0.235970
vt 0.535437 0.240397
vt 0.529938 0.240397
vt 0.535437 0.244824
vt 0.529938 0.249251
vt 0.535437 0.249251
vt 0.529938 0.253677
vt 0.535437 0.253677
vt 0.535437 0.258104
vt 0.535437 0.262531
vt 0.529938 0.266958
vt 0.535437 0.266958
vt 0.529938 0.271384
vt 0.535437 0.271384
vt 0.529938 0.275811
vt 0.535437 0.275811
vt 0.529938 0.280238
vt 0.535437 0.280238
vt 0.529938 0.284665
vt 0.535437 0.284665
vt 0.529938 0.289091
vt 0.535437 0.289091
vt 0.529938 0.293518
vt 0.535436 0.293518
vt 0.529938 0.297945
vt 0.535436 0.297945
vt 0.535436 0.302372
vt 0.529938 0.302372
vt 0.206111 0.024606
vt 0.210537 0.037890
vt 0.210537 0.024606
vt 0.977749 0.234015
vt 0.973323 0.247300
vt 0.977749 0.247300
vt 0.977838 0.495227
vt 0.973412 0.508511
vt 0.977838 0.508511
vt 0.290928 0.020995
vt 0.286501 0.034280
vt 0.290928 0.034279
vt 0.977838 0.530754
vt 0.973412 0.544039
vt 0.977838 0.544039
vt 0.417147 0.022530
vt 0.421573 0.035815
vt 0.421573 0.022530
vt 0.527944 0.302372
vt 0.346399 0.230393
vt 0.962565 0.015902
vt 0.960573 0.029187
vt 0.962565 0.029187
vt 0.888886 0.066046
vt 0.890879 0.052761
vt 0.888886 0.052761
vt 0.527945 0.275811
vt 0.346399 0.256953
vt 0.817890 0.015545
vt 0.815897 0.028829
vt 0.817890 0.028829
vt 0.982935 0.899829
vt 0.980942 0.913114
vt 0.982935 0.913114
vt 0.542918 0.020089
vt 0.540925 0.033373
vt 0.542918 0.033373
vt 0.529938 0.244824
vt 0.527945 0.249251
vt 0.346399 0.283514
vt 0.986026 0.975594
vt 0.984034 0.988879
vt 0.986026 0.988879
vt 0.986026 0.940067
vt 0.984034 0.953351
vt 0.986026 0.953351
vt 0.516690 0.033373
vt 0.518682 0.020089
vt 0.516690 0.020089
vt 0.346399 0.243673
vt 0.527945 0.289091
vt 0.986801 0.015902
vt 0.984808 0.029187
vt 0.986801 0.029187
vt 0.458591 0.033373
vt 0.460583 0.020088
vt 0.458591 0.020088
vt 0.861857 0.180381
vt 0.867356 0.185047
vt 0.867356 0.180381
vt 0.725082 0.032765
vt 0.730579 0.046049
vt 0.730579 0.032765
vt 0.859864 0.247297
vt 0.873148 0.242642
vt 0.859864 0.242639
vt 0.532371 0.111228
vt 0.537037 0.124512
vt 0.537037 0.111228
vt 0.527945 0.111228
vt 0.532371 0.124512
vt 0.888813 0.736174
vt 0.890806 0.731748
vt 0.888812 0.731748
vt 0.641647 0.023826
vt 0.637220 0.037110
vt 0.641647 0.037110
vt 0.637220 0.023826
vt 0.632794 0.037110
vt 0.183868 0.024606
vt 0.179441 0.037890
vt 0.183868 0.037890
vt 0.179441 0.024606
vt 0.175014 0.037890
vt 0.984213 0.567546
vt 0.982221 0.580831
vt 0.984213 0.580831
vt 0.888812 0.709614
vt 0.890806 0.705187
vt 0.888812 0.705187
vt 0.859864 0.207290
vt 0.873148 0.211712
vt 0.873148 0.207293
vt 0.859864 0.211708
vt 0.873148 0.216130
vt 0.859864 0.216127
vt 0.873148 0.220549
vt 0.859864 0.220546
vt 0.873148 0.224968
vt 0.859864 0.224964
vt 0.873148 0.229386
vt 0.859864 0.229383
vt 0.873148 0.233805
vt 0.859864 0.238220
vt 0.859864 0.233802
vt 0.873148 0.238224
vt 0.888813 0.745267
vt 0.883314 0.740601
vt 0.883314 0.745267
vt 0.888813 0.740601
vt 0.883314 0.736174
vt 0.883314 0.731748
vt 0.888812 0.727321
vt 0.883314 0.727321
vt 0.888812 0.722894
vt 0.883314 0.722894
vt 0.888812 0.718468
vt 0.883314 0.718467
vt 0.888812 0.714041
vt 0.883314 0.714041
vt 0.883314 0.709614
vt 0.883314 0.705187
vt 0.867356 0.144967
vt 0.861857 0.149393
vt 0.867356 0.149394
vt 0.861857 0.153820
vt 0.867356 0.153820
vt 0.861857 0.158247
vt 0.867356 0.158247
vt 0.861857 0.162674
vt 0.867356 0.162674
vt 0.861857 0.167100
vt 0.867356 0.167101
vt 0.861857 0.171527
vt 0.867356 0.171527
vt 0.867356 0.175954
vt 0.861857 0.175954
vt 0.663890 0.023826
vt 0.668317 0.037110
vt 0.668317 0.023826
vt 0.069102 0.020989
vt 0.064675 0.034274
vt 0.069102 0.034274
vt 0.116532 0.020634
vt 0.112106 0.033918
vt 0.116532 0.033918
vt 0.859864 0.175954
vt 0.482826 0.033373
vt 0.484819 0.020088
vt 0.482826 0.020088
vt 0.861857 0.144967
vt 0.859864 0.149393
vt 0.987918 0.408785
vt 0.985926 0.422069
vt 0.987918 0.422069
vt 0.982935 0.864302
vt 0.980943 0.877586
vt 0.982935 0.877586
vt 0.890806 0.718468
vt 0.987987 0.296933
vt 0.985995 0.310218
vt 0.987987 0.310218
vt 0.859864 0.162674
vt 0.888886 0.030518
vt 0.890879 0.017234
vt 0.888886 0.017234
vt 0.698326 0.181296
vt 0.723725 0.152136
vt 0.693986 0.152136
vt 0.784191 0.742303
vt 0.799680 0.713117
vt 0.784195 0.713117
vt 0.759518 0.212775
vt 0.784918 0.183613
vt 0.755179 0.183613
vt 0.857847 0.544039
vt 0.873322 0.514855
vt 0.857837 0.514855
vt 0.933220 0.310214
vt 0.917763 0.280479
vt 0.917763 0.310218
vt 0.950850 0.772680
vt 0.966335 0.793739
vt 0.966335 0.772679
vt 0.931254 0.988875
vt 0.915797 0.959140
vt 0.915797 0.988879
vt 0.527945 0.205113
vt 0.543434 0.175926
vt 0.527949 0.175926
vt 0.637133 0.172342
vt 0.662533 0.143182
vt 0.632794 0.143182
vt 0.338918 0.203962
vt 0.354392 0.174779
vt 0.338907 0.174779
vt 0.951124 0.603074
vt 0.966609 0.624133
vt 0.966609 0.603074
vt 0.575941 0.183235
vt 0.601340 0.154074
vt 0.571601 0.154074
vt 0.175014 0.060133
vt 0.190044 0.092560
vt 0.190044 0.060133
vt 0.129905 0.125904
vt 0.147422 0.113285
vt 0.133885 0.106418
vt 0.632794 0.059353
vt 0.647587 0.091780
vt 0.647587 0.059353
vt 0.709341 0.068292
vt 0.693986 0.068308
vt 0.693986 0.068308
vt 0.725491 0.100727
vt 0.709341 0.100719
vt 0.571602 0.070225
vt 0.587849 0.102669
vt 0.587849 0.070242
vt 0.604028 0.102651
vt 0.604028 0.070224
vt 0.693986 0.100734
vt 0.661970 0.091780
vt 0.661970 0.091780
vt 0.140416 0.144946
vt 0.124916 0.144946
vt 0.112106 0.137797
vt 0.112515 0.121946
vt 0.204213 0.060133
vt 0.190044 0.060133
vt 0.571602 0.102652
vt 0.587849 0.102669
vt 0.661970 0.059353
vt 0.118925 0.106979
vt 0.204213 0.092560
vt 0.204213 0.060133
vt 0.601410 0.484747
vt 0.591085 0.442337
vt 0.591085 0.484791
vt 0.696609 0.854191
vt 0.706926 0.874802
vt 0.706926 0.854194
vt 0.703183 0.510043
vt 0.713478 0.554208
vt 0.713477 0.510052
vt 0.723791 0.510043
vt 0.713477 0.489443
vt 0.652258 0.505687
vt 0.662537 0.485516
vt 0.652258 0.485116
vt 0.580802 0.505354
vt 0.591085 0.505399
vt 0.641928 0.550159
vt 0.652270 0.568728
vt 0.652258 0.549261
vt 0.641928 0.506082
vt 0.591085 0.549050
vt 0.696609 0.874799
vt 0.706925 0.918959
vt 0.591075 0.568757
vt 0.577749 0.619444
vt 0.591081 0.624134
vt 0.580802 0.549510
vt 0.696609 0.918956
vt 0.706940 0.938650
vt 0.703183 0.554200
vt 0.713467 0.573905
vt 0.904019 0.879020
vt 0.915843 0.883992
vt 0.918194 0.879194
vt 0.693576 0.938646
vt 0.706940 0.988879
vt 0.700131 0.573894
vt 0.713467 0.624134
vt 0.638897 0.619762
vt 0.652263 0.624134
vt 0.601410 0.441695
vt 0.591055 0.392539
vt 0.652258 0.442740
vt 0.717217 0.854191
vt 0.706926 0.811141
vt 0.723791 0.489434
vt 0.713477 0.446390
vt 0.610551 0.363637
vt 0.591061 0.359010
vt 0.662537 0.442542
vt 0.652294 0.392417
vt 0.717217 0.811138
vt 0.706970 0.761292
vt 0.723791 0.446381
vt 0.713443 0.396560
vt 0.458854 0.128597
vt 0.464978 0.144731
vt 0.465170 0.130151
vt 0.671743 0.364012
vt 0.652287 0.359077
vt 0.726421 0.761286
vt 0.706970 0.733031
vt 0.732936 0.396544
vt 0.713442 0.368300
vt 0.632794 0.364003
vt 0.632794 0.392211
vt 0.471765 0.117146
vt 0.467896 0.110766
vt 0.641928 0.442537
vt 0.571601 0.363636
vt 0.571601 0.391896
vt 0.641928 0.485511
vt 0.580802 0.441694
vt 0.665592 0.619769
vt 0.665592 0.569632
vt 0.926876 0.890318
vt 0.922064 0.902072
vt 0.926876 0.904429
vt 0.601410 0.549511
vt 0.604444 0.569217
vt 0.604444 0.619445
vt 0.601410 0.505355
vt 0.662537 0.506087
vt 0.662537 0.550164
vt 0.580802 0.484746
vt 0.892951 0.901990
vt 0.897757 0.890214
vt 0.892951 0.887879
vt 0.488399 0.108913
vt 0.499338 0.123930
vt 0.505702 0.120067
vt 0.693986 0.368283
vt 0.693986 0.396544
vt 0.687471 0.733025
vt 0.687471 0.761286
vt 0.505702 0.140123
vt 0.499338 0.138557
vt 0.703183 0.446381
vt 0.696609 0.811138
vt 0.703183 0.489434
vt 0.726827 0.624122
vt 0.726827 0.573894
vt 0.720271 0.988874
vt 0.720271 0.938646
vt 0.915731 0.913062
vt 0.914078 0.908257
vt 0.723792 0.554200
vt 0.717217 0.918956
vt 0.717217 0.874799
vt 0.960368 0.422069
vt 0.955397 0.412495
vt 0.952082 0.422069
vt 0.963749 0.300666
vt 0.955466 0.310218
vt 0.963752 0.310218
vt 0.960368 0.402942
vt 0.963683 0.412495
vt 0.963752 0.291091
vt 0.955463 0.300666
vt 0.922064 0.891962
vt 0.905687 0.883867
vt 0.903977 0.908295
vt 0.901633 0.913114
vt 0.897757 0.900324
vt 0.926204 0.056932
vt 0.932109 0.069164
vt 0.938330 0.061194
vt 0.914023 0.062942
vt 0.914023 0.052832
vt 0.920243 0.044861
vt 0.930399 0.044737
vt 0.938330 0.051084
vt 0.960353 0.444312
vt 0.955615 0.453890
vt 0.963885 0.453888
vt 0.953505 0.979324
vt 0.961783 0.969752
vt 0.953497 0.969752
vt 0.953497 0.988879
vt 0.961791 0.979324
vt 0.960353 0.463439
vt 0.952082 0.463441
vt 0.064675 0.070738
vt 0.080477 0.057523
vt 0.064680 0.056517
vt 0.923024 0.185047
vt 0.935651 0.170836
vt 0.919604 0.170832
vt 0.927287 0.682944
vt 0.940035 0.668746
vt 0.924101 0.668755
vt 0.923024 0.156639
vt 0.938827 0.157652
vt 0.486718 0.115794
vt 0.492551 0.151515
vt 0.496397 0.157889
vt 0.475893 0.159743
vt 0.477598 0.152867
vt 0.458591 0.148588
vt 0.875733 0.105528
vt 0.866168 0.121468
vt 0.880058 0.122724
vt 0.859864 0.095845
vt 0.871586 0.088288
vt 0.885476 0.089544
vt 0.891602 0.101624
vt 0.891780 0.115167
vt 0.927287 0.654537
vt 0.942994 0.655540
vt 0.302312 0.070740
vt 0.286501 0.057530
vt 0.286512 0.070736
vt 0.080477 0.083910
vt 0.080473 0.070733
vt 0.286501 0.083917
vt 0.302300 0.084930
vt 0.951162 0.101925
vt 0.958853 0.122724
vt 0.958853 0.097570
vt 0.951169 0.518885
vt 0.943335 0.539555
vt 0.951169 0.544039
vt 0.943150 0.226501
vt 0.951080 0.247300
vt 0.951080 0.222146
vt 0.956949 0.908623
vt 0.949119 0.887960
vt 0.949120 0.913114
vt 0.352262 0.069224
vt 0.327154 0.044077
vt 0.327154 0.069230
vt 0.941400 0.242945
vt 0.943150 0.242945
vt 0.776193 0.066776
vt 0.780882 0.045680
vt 0.776193 0.050331
vt 0.949412 0.118369
vt 0.951162 0.118369
vt 0.958699 0.892179
vt 0.956949 0.892179
vt 0.943335 0.523110
vt 0.941585 0.539555
vt 0.441600 0.262344
vt 0.447726 0.236594
vt 0.441600 0.236594
vt 0.759778 0.050335
vt 0.755179 0.071437
vt 0.759778 0.066780
vt 0.755179 0.045686
vt 0.780882 0.071430
vt 0.232941 0.070240
vt 0.254569 0.066128
vt 0.237057 0.066128
vt 0.447726 0.284587
vt 0.441600 0.310337
vt 0.447726 0.310337
vt 0.447724 0.188601
vt 0.441600 0.214351
vt 0.447724 0.214351
vt 0.947071 0.354660
vt 0.940947 0.380410
vt 0.947071 0.380410
vt 0.254569 0.048616
vt 0.258691 0.044491
vt 0.237057 0.048616
vt 0.232941 0.044490
vt 0.258691 0.070240
vt 0.873322 0.485684
vt 0.857837 0.485684
vt 0.784918 0.154451
vt 0.755179 0.154451
vt 0.799680 0.683945
vt 0.784195 0.683945
vt 0.723725 0.122977
vt 0.693986 0.122977
vt 0.354392 0.145608
vt 0.338907 0.145608
vt 0.601340 0.124912
vt 0.571601 0.124912
vt 0.543434 0.146755
vt 0.527949 0.146755
vt 0.662533 0.114023
vt 0.632794 0.114023
vt 0.883771 0.407343
vt 0.857884 0.426336
vt 0.883818 0.426375
vt 0.304595 0.185232
vt 0.286501 0.226473
vt 0.304595 0.222366
vt 0.029104 0.070234
vt 0.011121 0.044300
vt 0.011121 0.070234
vt 0.089863 0.226467
vt 0.071768 0.185226
vt 0.071769 0.222360
vt 0.310942 0.195312
vt 0.713405 0.649383
vt 0.687471 0.710782
vt 0.713405 0.710782
vt 0.857878 0.452912
vt 0.883830 0.436053
vt 0.857897 0.436014
vt 0.883771 0.463441
vt 0.857837 0.463402
vt 0.065422 0.195306
vt 0.064675 0.212280
vt 0.518152 0.483110
vt 0.520756 0.430871
vt 0.517403 0.430898
vt 0.829447 0.593741
vt 0.833868 0.550935
vt 0.829844 0.550902
vt 0.521348 0.537976
vt 0.526716 0.527181
vt 0.522733 0.526693
vt 0.826986 0.498657
vt 0.825831 0.550861
vt 0.837408 0.351691
vt 0.832539 0.307401
vt 0.833400 0.351927
vt 0.829372 0.351846
vt 0.833612 0.363240
vt 0.796564 0.913039
vt 0.793930 0.860916
vt 0.792551 0.912969
vt 0.518738 0.526202
vt 0.522175 0.482991
vt 0.524099 0.430841
vt 0.825431 0.593952
vt 0.792624 0.957284
vt 0.798139 0.968007
vt 0.796601 0.956744
vt 0.800587 0.913100
vt 0.797275 0.860902
vt 0.828516 0.307572
vt 0.800588 0.956196
vt 0.831528 0.255501
vt 0.829018 0.253023
vt 0.828176 0.255614
vt 0.526186 0.482870
vt 0.825322 0.605192
vt 0.794162 0.968546
vt 0.796390 0.988879
vt 0.833682 0.498719
vt 0.830330 0.498662
vt 0.829337 0.604981
vt 0.833468 0.594026
vt 0.836552 0.307418
vt 0.517353 0.537485
vt 0.831477 0.252941
vt 0.832881 0.198833
vt 0.830427 0.198790
vt 0.796549 0.858321
vt 0.794096 0.858332
vt 0.830360 0.496118
vt 0.827907 0.496115
vt 0.518985 0.428302
vt 0.521445 0.428282
vt 0.833929 0.252929
vt 0.799008 0.858306
vt 0.520202 0.374254
vt 0.515412 0.358835
vt 0.517747 0.374404
vt 0.799513 0.804397
vt 0.797057 0.804282
vt 0.832819 0.496160
vt 0.830859 0.442263
vt 0.827969 0.198927
vt 0.794607 0.804161
vt 0.828406 0.442206
vt 0.523897 0.428261
vt 0.826230 0.183202
vt 0.829736 0.162830
vt 0.825322 0.163076
vt 0.522650 0.374102
vt 0.519304 0.358597
vt 0.834016 0.183053
vt 0.830127 0.182986
vt 0.801638 0.788800
vt 0.797744 0.788617
vt 0.833318 0.442251
vt 0.830995 0.426656
vt 0.793859 0.788427
vt 0.827107 0.426565
vt 0.831176 0.406521
vt 0.834632 0.402716
vt 0.831215 0.402733
vt 0.798709 0.768469
vt 0.794307 0.768254
vt 0.826771 0.406418
vt 0.513657 0.338733
vt 0.523184 0.358357
vt 0.518066 0.338463
vt 0.803120 0.768676
vt 0.834894 0.426637
vt 0.947881 0.496638
vt 0.950489 0.494024
vt 0.950489 0.490332
vt 0.829660 0.159228
vt 0.826246 0.159417
vt 0.798892 0.764728
vt 0.795488 0.764561
vt 0.827808 0.402653
vt 0.514420 0.334936
vt 0.521232 0.334516
vt 0.517831 0.334727
vt 0.834143 0.162906
vt 0.802304 0.764888
vt 0.522773 0.539782
vt 0.513657 0.549739
vt 0.523426 0.558855
vt 0.516192 0.542872
vt 0.803120 0.986294
vt 0.802126 0.967459
vt 0.826074 0.366926
vt 0.825322 0.373480
vt 0.834757 0.617427
vt 0.914023 0.018873
vt 0.916810 0.020978
vt 0.916810 0.014109
vt 0.825424 0.380410
vt 0.837621 0.363004
vt 0.834807 0.610632
vt 0.833359 0.605266
vt 0.753168 0.913139
vt 0.755764 0.860899
vt 0.757179 0.913018
vt 0.829488 0.958461
vt 0.833912 0.915597
vt 0.833512 0.958658
vt 0.761733 0.957211
vt 0.756354 0.968002
vt 0.757738 0.956720
vt 0.827029 0.863356
vt 0.829886 0.915653
vt 0.825874 0.915521
vt 0.797999 0.551010
vt 0.802867 0.595237
vt 0.798859 0.595563
vt 0.794830 0.595393
vt 0.799071 0.606801
vt 0.795042 0.606631
vt 0.759369 0.496119
vt 0.762031 0.548229
vt 0.758008 0.548169
vt 0.753755 0.956232
vt 0.759117 0.860872
vt 0.761202 0.912899
vt 0.825474 0.958582
vt 0.762080 0.591935
vt 0.759635 0.603746
vt 0.758094 0.592483
vt 0.762721 0.496097
vt 0.766045 0.548297
vt 0.766057 0.591394
vt 0.763621 0.603197
vt 0.794477 0.496422
vt 0.796988 0.498984
vt 0.793636 0.499023
vt 0.825363 0.969896
vt 0.761802 0.624134
vt 0.833726 0.863420
vt 0.833400 0.969972
vt 0.829377 0.969775
vt 0.802011 0.550936
vt 0.752371 0.967514
vt 0.793975 0.551092
vt 0.796937 0.496393
vt 0.798341 0.442164
vt 0.799389 0.496327
vt 0.761988 0.493523
vt 0.830404 0.860788
vt 0.830372 0.863436
vt 0.754010 0.858334
vt 0.752421 0.860928
vt 0.756462 0.858312
vt 0.800331 0.498893
vt 0.764441 0.493512
vt 0.766065 0.496082
vt 0.750423 0.788865
vt 0.755218 0.804284
vt 0.752770 0.804436
vt 0.764931 0.439602
vt 0.830902 0.806998
vt 0.832865 0.860776
vt 0.793429 0.442260
vt 0.759529 0.493538
vt 0.762481 0.439483
vt 0.827952 0.860729
vt 0.758922 0.858292
vt 0.791691 0.426564
vt 0.795197 0.406251
vt 0.795588 0.426433
vt 0.754304 0.788624
vt 0.757673 0.804134
vt 0.795888 0.442177
vt 0.799477 0.426413
vt 0.767060 0.423998
vt 0.831035 0.791548
vt 0.833363 0.806932
vt 0.760024 0.439368
vt 0.763175 0.423808
vt 0.828451 0.806885
vt 0.831214 0.771518
vt 0.834674 0.767575
vt 0.835634 0.771399
vt 0.759281 0.423627
vt 0.764138 0.403657
vt 0.826812 0.771316
vt 0.827149 0.791370
vt 0.748664 0.768762
vt 0.753060 0.768489
vt 0.758196 0.788386
vt 0.768539 0.403871
vt 0.834936 0.791443
vt 0.787579 0.014523
vt 0.790187 0.017136
vt 0.790187 0.020829
vt 0.790782 0.406399
vt 0.795121 0.402560
vt 0.760900 0.399763
vt 0.759726 0.403451
vt 0.827850 0.767510
vt 0.749435 0.764966
vt 0.752835 0.764755
vt 0.757470 0.768219
vt 0.799603 0.406228
vt 0.767716 0.400088
vt 0.758419 0.988879
vt 0.748664 0.979766
vt 0.757774 0.969808
vt 0.751199 0.972900
vt 0.768539 0.621542
vt 0.767598 0.602656
vt 0.791533 0.610625
vt 0.834794 0.982332
vt 0.232941 0.018628
vt 0.235729 0.020737
vt 0.235297 0.022247
vt 0.790883 0.624134
vt 0.803079 0.606476
vt 0.834847 0.975401
vt 0.917974 0.429830
vt 0.929839 0.463436
vt 0.929839 0.429826
vt 0.894938 0.380404
vt 0.906840 0.346561
vt 0.894938 0.346855
vt 0.906840 0.380110
vt 0.918704 0.346861
vt 0.895576 0.544027
vt 0.907445 0.510428
vt 0.895576 0.510416
vt 0.907445 0.544039
vt 0.919342 0.510416
vt 0.895391 0.247266
vt 0.907258 0.213690
vt 0.895391 0.213657
vt 0.520967 0.055616
vt 0.511874 0.077570
vt 0.533826 0.086670
vt 0.907258 0.247300
vt 0.919157 0.213657
vt 0.906073 0.463436
vt 0.906073 0.429826
vt 0.458591 0.064707
vt 0.458591 0.077569
vt 0.467682 0.086666
vt 0.599618 0.252488
vt 0.571622 0.205478
vt 0.571605 0.252486
vt 0.755179 0.290085
vt 0.783192 0.318098
vt 0.783192 0.290085
vt 0.755179 0.318098
vt 0.783192 0.361965
vt 0.722000 0.286618
vt 0.693987 0.258605
vt 0.693987 0.286618
vt 0.632794 0.277513
vt 0.660807 0.249557
vt 0.632794 0.249551
vt 0.571604 0.280499
vt 0.599617 0.280501
vt 0.112106 0.056161
vt 0.135207 0.084175
vt 0.135207 0.056161
vt 0.632794 0.194585
vt 0.759846 0.243107
vt 0.717333 0.211627
vt 0.693986 0.203538
vt 0.571602 0.324365
vt 0.599636 0.336767
vt 0.599615 0.324367
vt 0.722000 0.330485
vt 0.660807 0.321307
vt 0.660807 0.277520
vt 0.815897 0.051072
vt 0.837450 0.079085
vt 0.837450 0.051072
vt 0.761712 0.374409
vt 0.783192 0.377520
vt 0.693987 0.330485
vt 0.715467 0.342929
vt 0.632794 0.321300
vt 0.660807 0.336834
vt 0.709341 0.068292
vt 0.693986 0.068308
vt 0.632794 0.091780
vt 0.647587 0.091780
vt 0.647587 0.091780
vt 0.661970 0.091780
vt 0.587849 0.102669
vt 0.175014 0.060133
vt 0.725491 0.068300
vt 0.709341 0.068292
vt 0.604028 0.102651
vt 0.661970 0.091780
vt 0.571602 0.102652
vt 0.587849 0.102669
vt 0.604028 0.102651
vt 0.604028 0.102651
vt 0.204213 0.060133
vt 0.190044 0.060133
vt 0.190044 0.060133
vt 0.175014 0.060133
vt 0.774256 0.113166
vt 0.763745 0.132208
vt 0.779244 0.132208
vt 0.756738 0.100547
vt 0.770275 0.093679
vt 0.785235 0.094241
vt 0.791645 0.109207
vt 0.792055 0.125058
vt 0.632794 0.091780
vt 0.647587 0.091780
vt 0.693986 0.068308
vt 0.725491 0.068300
vt 0.709341 0.068292
vt 0.175014 0.060133
vt 0.208318 0.746149
vt 0.218626 0.776337
vt 0.218626 0.746149
vt 0.196535 0.734365
vt 0.206843 0.745772
vt 0.206843 0.734365
vt 0.219003 0.746149
vt 0.229311 0.776337
vt 0.229311 0.746149
vt 0.208318 0.734365
vt 0.218626 0.745772
vt 0.218626 0.734365
vt 0.184752 0.746149
vt 0.196159 0.776337
vt 0.196159 0.746149
vt 0.196535 0.746149
vt 0.207942 0.776337
vt 0.207942 0.746149
vt 0.153985 0.565032
vt 0.186965 0.434150
vt 0.153985 0.434150
vt 0.075319 0.571385
vt 0.206201 0.705523
vt 0.206201 0.571385
vt 0.212554 0.565032
vt 0.245534 0.434150
vt 0.212554 0.434150
vt 0.212554 0.571385
vt 0.343436 0.705523
vt 0.343436 0.571385
vt 0.108299 0.430894
vt 0.075319 0.565032
vt 0.108299 0.565032
vt 0.147632 0.430894
vt 0.114652 0.565032
vt 0.147632 0.565032
vt 0.086769 0.754033
vt 0.937549 0.745267
vt 0.543731 0.581098
vt 0.013262 0.755754
vt 0.571601 0.988847
vt 0.837621 0.101328
vt 0.382597 0.162229
vt 0.070364 0.620021
vt 0.010490 0.580462
vt 0.513703 0.988879
vt 0.154850 0.553009
vt 0.087592 0.142823
vt 0.897362 0.185045
vt 0.893493 0.624134
vt 0.260109 0.128139
vt 0.087397 0.578737
vt 0.895520 0.269543
vt 0.143888 0.455309
vt 0.032577 0.515575
vt 0.286501 0.107173
vt 0.857898 0.988871
vt 0.112106 0.226463
vt 0.857877 0.838051
vt 0.469969 0.311465
vt 0.901859 0.682944
vt 0.088207 0.473230
vt 0.094443 0.470914
vt 0.011121 0.092477
vt 0.825363 0.745232
vt 0.031451 0.369464
vt 0.629572 0.881463
vt 0.148122 0.250587
vt 0.418250 0.310329
vt 0.629545 0.988878
vt 0.175042 0.226454
vt 0.447726 0.988874
vt 0.491414 0.988878
vt 0.404039 0.988868
vt 0.402401 0.058060
vt 0.390799 0.058058
vt 0.382594 0.066262
vt 0.390799 0.086075
vt 0.402401 0.086078
vt 0.360351 0.988849
vt 0.966491 0.815982
vt 0.957329 0.815985
vt 0.950850 0.822467
vt 0.957329 0.838111
vt 0.972969 0.831626
vt 0.358089 0.332556
vt 0.401786 0.332572
vt 0.488995 0.333919
vt 0.445466 0.332580
vt 0.928607 0.838111
vt 0.264258 0.220858
vt 0.352262 0.123365
vt 0.011121 0.220842
vt 0.042432 0.205848
vt 0.784191 0.647167
vt 0.928607 0.807151
vt 0.352262 0.092169
vt 0.860127 0.380410
vt 0.858158 0.903807
vt 0.382594 0.035815
vt 0.755179 0.023437
vt 0.264258 0.154653
vt 0.980397 0.344883
vt 0.866643 0.066046
vt 0.915736 0.621587
vt 0.966571 0.745267
vt 0.927169 0.120176
vt 0.011121 0.022057
vt 0.865162 0.043058
vt 0.928882 0.606587
vt 0.965980 0.726437
vt 0.927169 0.091544
vt 0.957314 0.947509
vt 0.969314 0.380410
vt 0.529938 0.311464
vt 0.602698 0.047982
vt 0.344406 0.226205
vt 0.761948 0.742303
vt 0.138775 0.033918
vt 0.915776 0.784908
vt 0.346399 0.301221
vt 0.571601 0.034697
vt 0.527945 0.231544
vt 0.965237 0.669660
vt 0.434841 0.086078
vt 0.693986 0.032765
vt 0.981096 0.109439
vt 0.961070 0.171762
vt 0.346399 0.274660
vt 0.951124 0.580831
vt 0.527945 0.258104
vt 0.206111 0.037890
vt 0.973323 0.234015
vt 0.973412 0.495227
vt 0.286501 0.020995
vt 0.973412 0.530754
vt 0.417147 0.035815
vt 0.527945 0.297945
vt 0.346399 0.234820
vt 0.960573 0.015902
vt 0.890879 0.066046
vt 0.527945 0.271384
vt 0.346399 0.261380
vt 0.815897 0.015545
vt 0.980942 0.899829
vt 0.540925 0.020089
vt 0.527945 0.244824
vt 0.346399 0.287940
vt 0.984034 0.975594
vt 0.984034 0.940067
vt 0.518682 0.033373
vt 0.346399 0.248100
vt 0.527945 0.284665
vt 0.984808 0.015902
vt 0.460583 0.033373
vt 0.861857 0.185047
vt 0.725082 0.046049
vt 0.873148 0.247300
vt 0.527945 0.124512
vt 0.890806 0.736174
vt 0.632794 0.023826
vt 0.175014 0.024606
vt 0.982221 0.567546
vt 0.890806 0.709614
vt 0.663890 0.037110
vt 0.064675 0.020989
vt 0.112106 0.020634
vt 0.859864 0.171527
vt 0.484819 0.033373
vt 0.859864 0.144967
vt 0.985926 0.408785
vt 0.980943 0.864302
vt 0.890806 0.722894
vt 0.985995 0.296933
vt 0.859864 0.158247
vt 0.890879 0.030518
vt 0.719386 0.181296
vt 0.799676 0.742303
vt 0.780578 0.212775
vt 0.873333 0.544039
vt 0.933220 0.280475
vt 0.950850 0.793739
vt 0.931254 0.959136
vt 0.543430 0.205113
vt 0.658193 0.172342
vt 0.354403 0.203962
vt 0.951124 0.624134
vt 0.597001 0.183235
vt 0.175014 0.092560
vt 0.148981 0.130236
vt 0.632794 0.091780
vt 0.725491 0.068300
vt 0.571602 0.102652
vt 0.638897 0.569625
vt 0.577749 0.569217
vt 0.693576 0.988874
vt 0.700132 0.624122
vt 0.610551 0.391897
vt 0.671743 0.392221
vt 0.726421 0.733025
vt 0.732936 0.368283
vt 0.952082 0.402943
vt 0.955466 0.291091
vt 0.922008 0.069127
vt 0.952082 0.444314
vt 0.961783 0.988878
vt 0.938827 0.184039
vt 0.942994 0.681926
vt 0.859864 0.109432
vt 0.302300 0.056523
vt 0.064680 0.084924
vt 0.352262 0.044071
vt 0.941400 0.226501
vt 0.949412 0.101925
vt 0.958700 0.908623
vt 0.941585 0.523110
vt 0.447726 0.262344
vt 0.441600 0.284587
vt 0.441600 0.188601
vt 0.940947 0.354660
vt 0.857837 0.407304
vt 0.286501 0.165072
vt 0.029104 0.044300
vt 0.089862 0.165066
vt 0.311689 0.212286
vt 0.687471 0.649382
vt 0.883812 0.452951
vt 0.525331 0.538464
vt 0.829585 0.363159
vt 0.800627 0.860882
vt 0.789772 0.985875
vt 0.834872 0.255485
vt 0.835594 0.406499
vt 0.522463 0.338190
vt 0.947881 0.487724
vt 0.941585 0.494034
vt 0.944193 0.487728
vt 0.941585 0.490342
vt 0.944193 0.496642
vt 0.833069 0.159286
vt 0.532543 0.548899
vt 0.529546 0.542279
vt 0.516653 0.556359
vt 0.530008 0.555765
vt 0.835594 0.624134
vt 0.916378 0.022494
vt 0.760349 0.968493
vt 0.755179 0.621137
vt 0.831255 0.767666
vt 0.787579 0.023437
vt 0.781281 0.017128
vt 0.783890 0.023434
vt 0.781281 0.020820
vt 0.783890 0.014519
vt 0.791706 0.402675
vt 0.764312 0.399922
vt 0.756246 0.764546
vt 0.798529 0.402543
vt 0.764538 0.972302
vt 0.767529 0.978921
vt 0.764994 0.985787
vt 0.751654 0.986385
vt 0.790782 0.617340
vt 0.835634 0.988879
vt 0.235729 0.013877
vt 0.917974 0.463441
vt 0.918704 0.380410
vt 0.919342 0.544027
vt 0.542918 0.064716
vt 0.533826 0.055619
vt 0.511874 0.064708
vt 0.520967 0.086667
vt 0.542918 0.077577
vt 0.919157 0.247267
vt 0.480540 0.086670
vt 0.480540 0.055620
vt 0.489632 0.077578
vt 0.489632 0.064717
vt 0.467682 0.055616
vt 0.599636 0.205480
vt 0.755179 0.361965
vt 0.722000 0.258605
vt 0.112106 0.084175
vt 0.660807 0.194591
vt 0.783193 0.235018
vt 0.571622 0.336765
vt 0.815897 0.079085
vt 0.693987 0.346040
vt 0.632794 0.336827
vt 0.571602 0.102652
vt 0.204213 0.060133
vt 0.755179 0.117498
vt 0.632794 0.091780
vt 0.725491 0.068300
vt 0.208318 0.776337
vt 0.196535 0.745772
vt 0.219003 0.776337
vt 0.208318 0.745772
vt 0.184752 0.776337
vt 0.196535 0.776337
vt 0.186965 0.565032
vt 0.075319 0.705523
vt 0.245534 0.565032
vt 0.212554 0.705523
vt 0.075319 0.430894
vt 0.114652 0.430894
vn -0.021825 0.700163 -0.713649
vn -0.132403 0.648643 0.749487
vn -0.132400 0.648632 -0.749498
vn 0.000000 0.000000 1.000000
vn -0.021825 0.700167 0.713646
vn -0.020157 0.000362 0.999797
vn -0.028835 -0.701909 -0.711683
vn -0.592917 -0.573255 0.565534
vn -0.592936 -0.573247 -0.565522
vn -0.133044 -0.648198 -0.749759
vn -0.028835 -0.701923 0.711669
vn -0.133047 -0.648196 0.749760
vn 0.000000 0.000000 1.000000
vn -0.021825 0.700163 -0.713649
vn 0.000000 -0.000000 -1.000000
vn -0.020157 0.000362 -0.999797
vn -0.587703 0.579486 0.564626
vn -0.721138 -0.000000 -0.692791
vn -0.721157 0.000000 0.692772
vn -0.587703 0.579486 0.564626
vn -0.021825 0.700167 0.713646
vn -0.592936 -0.573247 -0.565522
vn -0.721138 -0.000000 -0.692791
vn -0.587703 0.579486 0.564626
vn -0.721157 0.000000 0.692772
vn -0.145377 0.729648 0.668191
vn -0.004062 0.708681 -0.705518
vn -0.145378 0.729662 -0.668176
vn -0.132400 0.648632 -0.749498
vn -0.000000 -0.000000 -1.000000
vn -0.133047 -0.648196 0.749760
vn -0.162048 -0.722088 -0.672554
vn -0.162045 -0.722093 0.672550
vn 0.311530 -0.412896 -0.855842
vn 0.019228 -0.700110 0.713776
vn 0.311526 -0.412907 0.855838
vn -0.004062 0.708681 -0.705518
vn 0.311530 -0.412896 -0.855842
vn 0.446900 -0.669554 0.593277
vn 0.446900 -0.669554 0.593277
vn 0.311526 -0.412907 0.855838
vn -0.004062 0.708697 0.705501
vn -0.145377 0.729648 0.668191
vn 0.446888 -0.669569 -0.593269
vn -0.162048 -0.722088 -0.672554
vn 0.311530 -0.412896 -0.855842
vn 0.446900 -0.669554 0.593277
vn 0.446888 -0.669569 -0.593269
vn -0.133044 -0.648198 -0.749759
vn -0.592917 -0.573255 0.565534
vn -0.028835 -0.701923 0.711669
vn -0.587721 0.579478 -0.564615
vn -0.592936 -0.573247 -0.565522
vn -0.592917 -0.573255 0.565534
vn -0.028835 -0.701909 -0.711683
vn -0.132403 0.648643 0.749487
vn 0.019228 -0.700128 -0.713758
vn -0.302738 -0.345007 0.888437
vn 0.002322 0.707543 -0.706667
vn 0.019228 -0.700128 -0.713758
vn 0.002322 0.707545 0.706664
vn -0.004062 0.708697 0.705501
vn 0.002322 0.707543 -0.706667
vn -0.302738 -0.345007 0.888437
vn 0.304428 0.398364 0.865234
vn 0.481336 0.644005 0.594620
vn -0.302730 -0.344993 -0.888445
vn 0.002322 0.707545 0.706664
vn 0.481324 0.644021 -0.594612
vn -0.297989 -0.393809 0.869550
vn 0.000000 0.000000 1.000000
vn 0.000000 0.000000 1.000000
vn 0.481336 0.644005 0.594620
vn 0.304430 0.398372 -0.865230
vn 0.481324 0.644021 -0.594612
vn -0.000000 -0.000000 -1.000000
vn -0.535904 -0.608838 -0.584913
vn -0.700931 -0.093183 -0.707115
vn 0.304430 0.398372 -0.865230
vn 0.000000 -0.000000 -1.000000
vn -0.535904 -0.608838 -0.584913
vn -0.297989 -0.393809 0.869550
vn -0.535882 -0.608854 0.584917
vn -0.297989 -0.393809 0.869550
vn -0.490020 -0.637237 -0.594818
vn -0.490016 -0.637247 0.594811
vn -0.700931 -0.093183 -0.707115
vn -0.535882 -0.608854 0.584917
vn -0.700933 -0.093184 0.707113
vn -0.535882 -0.608854 0.584917
vn 0.000000 0.000000 1.000000
vn -0.009982 0.707181 0.706962
vn 0.004147 0.702384 0.711787
vn -0.490020 -0.637237 -0.594818
vn 0.131519 -0.734727 0.665492
vn -0.490016 -0.637247 0.594811
vn -0.000000 -0.000000 -1.000000
vn -0.000000 -0.000000 -1.000000
vn 0.004147 0.702387 -0.711783
vn 0.000000 0.000000 1.000000
vn 0.304428 0.398364 0.865234
vn 0.004147 0.702387 -0.711783
vn 0.304430 0.398372 -0.865230
vn 0.354643 -0.247247 -0.901719
vn -0.007071 -0.656251 0.754510
vn 0.354655 -0.247230 0.901719
vn 0.131519 -0.734727 0.665492
vn 0.014355 0.636787 0.770906
vn 0.396891 0.351125 0.848050
vn 0.004147 0.702384 0.711787
vn -0.009982 0.707165 -0.706978
vn 0.396902 0.351112 -0.848050
vn -0.009982 0.707165 -0.706978
vn 0.354643 -0.247247 -0.901719
vn 0.354655 -0.247230 0.901719
vn 0.131523 -0.734741 -0.665475
vn -0.490020 -0.637237 -0.594818
vn 0.354655 -0.247230 0.901719
vn 0.396902 0.351112 -0.848050
vn 0.354643 -0.247247 -0.901719
vn -0.297990 -0.393818 -0.869546
vn -0.302730 -0.344993 -0.888445
vn -0.302738 -0.345007 0.888437
vn 0.097677 -0.641841 0.760591
vn -0.381502 0.359054 0.851784
vn 0.131523 -0.734741 -0.665475
vn 0.097677 -0.641841 0.760591
vn 0.396891 0.351125 0.848050
vn 0.014364 0.636786 -0.770906
vn 0.396902 0.351112 -0.848050
vn 0.014364 0.636786 -0.770906
vn 0.097669 -0.641841 -0.760592
vn -0.005549 0.708365 0.705825
vn 0.000902 0.707882 -0.706330
vn -0.005550 0.708363 -0.705827
vn -0.007076 -0.656246 -0.754514
vn -0.007071 -0.656251 0.754510
vn -0.005549 0.708365 0.705825
vn -0.009982 0.707181 0.706962
vn -0.335367 -0.493124 -0.802719
vn -0.498141 -0.571414 0.652182
vn -0.335355 -0.493123 0.802724
vn -0.007076 -0.656246 -0.754514
vn -0.335355 -0.493123 0.802724
vn 0.000902 0.707882 -0.706330
vn -0.335367 -0.493124 -0.802719
vn 0.000902 0.707883 0.706329
vn 0.817119 0.127790 0.562126
vn -0.367456 0.739698 0.563758
vn 0.097669 -0.641841 -0.760592
vn 0.269571 -0.732630 0.624968
vn 0.014355 0.636787 0.770906
vn -0.381509 0.359066 -0.851776
vn -0.381509 0.359066 -0.851776
vn 0.269587 -0.732625 -0.624967
vn -0.367456 0.739698 0.563758
vn 0.817109 0.127825 -0.562133
vn -0.367450 0.739695 -0.563766
vn 0.269587 -0.732625 -0.624967
vn 0.817119 0.127790 0.562126
vn -0.381502 0.359054 0.851784
vn -0.367450 0.739695 -0.563766
vn -0.381509 0.359066 -0.851776
vn 0.817109 0.127825 -0.562133
vn 0.002523 0.706849 -0.707360
vn -0.151273 -0.739599 -0.655827
vn -0.498132 -0.571417 -0.652187
vn -0.335355 -0.493123 0.802724
vn 0.002523 0.706849 0.707360
vn 0.000902 0.707883 0.706329
vn 0.002523 0.706849 -0.707360
vn 0.001221 0.706957 0.707256
vn -0.279953 -0.397711 0.873758
vn 0.006912 0.709021 0.705154
vn -0.151277 -0.739601 0.655824
vn 0.002523 0.706849 0.707360
vn 0.001221 0.706958 -0.707255
vn -0.498132 -0.571417 -0.652187
vn -0.151277 -0.739601 0.655824
vn -0.498141 -0.571414 0.652182
vn -0.279963 -0.397711 -0.873755
vn -0.477873 -0.646562 0.594639
vn -0.279953 -0.397711 0.873758
vn 0.001221 0.706957 0.707256
vn 0.006912 0.709031 -0.705143
vn -0.151273 -0.739599 -0.655827
vn -0.279953 -0.397711 0.873758
vn 0.001221 0.706958 -0.707255
vn -0.279963 -0.397711 -0.873755
vn -0.477873 -0.646562 0.594639
vn -0.082307 0.717858 0.691308
vn -0.057101 0.680185 0.730813
vn -0.057102 0.680185 -0.730814
vn -0.477868 -0.646550 -0.594655
vn 0.006912 0.709021 0.705154
vn -0.057102 0.680185 -0.730814
vn -0.129262 -0.643812 0.754187
vn 0.553175 0.600679 0.577219
vn -0.082307 0.717858 0.691308
vn -0.082306 0.717853 -0.691312
vn -0.477868 -0.646550 -0.594655
vn -0.129262 -0.643812 0.754187
vn -0.477873 -0.646562 0.594639
vn -0.082306 0.717853 -0.691312
vn -0.129261 -0.643822 -0.754178
vn 0.553153 0.600693 -0.577225
vn 0.473595 -0.681580 0.557814
vn 0.473625 -0.681567 -0.557805
vn 0.553153 0.600693 -0.577225
vn -0.129261 -0.643822 -0.754178
vn 0.473595 -0.681580 0.557814
vn 0.553153 0.600693 -0.577225
vn 0.473625 -0.681567 -0.557805
vn 0.625449 -0.000002 -0.780265
vn -0.006410 -0.707090 -0.707094
vn -0.006410 0.000003 -0.999979
vn 0.625440 -0.551738 -0.551734
vn -0.006410 -0.999979 -0.000003
vn -0.006410 -0.707090 -0.707094
vn 0.625424 -0.780285 0.000002
vn -0.006409 -0.707095 0.707090
vn 0.625455 -0.551726 0.551729
vn -0.006409 -0.000003 0.999979
vn -0.006409 -0.707095 0.707090
vn 0.625449 0.000002 0.780265
vn -0.006409 0.707090 0.707094
vn 0.625440 0.551738 0.551734
vn -0.006410 0.999979 0.000003
vn -0.006409 0.707090 0.707094
vn 0.625455 -0.551726 0.551729
vn 0.625424 -0.780285 0.000002
vn 0.625424 0.780285 -0.000002
vn 0.625424 0.780285 -0.000002
vn -0.006410 0.707095 -0.707090
vn 0.625455 0.551726 -0.551729
vn -0.006410 0.707095 -0.707090
vn 0.000000 -1.000000 0.000001
vn 0.000000 1.000000 -0.000001
vn -0.630252 0.548992 0.548990
vn 0.000000 0.707108 0.707106
vn 0.000000 -0.707106 0.707107
vn -0.000000 -0.707108 -0.707106
vn 0.000000 0.000001 1.000000
vn -0.000000 0.707106 -0.707107
vn -0.000000 -0.000001 -1.000000
vn -0.630266 -0.548983 0.548982
vn -0.630252 0.548992 0.548990
vn -0.630266 0.548983 -0.548983
vn -0.630266 -0.548983 0.548982
vn -0.630252 -0.548993 -0.548989
vn -0.000000 0.707106 -0.707107
vn -0.630255 0.776388 -0.000001
vn 0.000000 0.707108 0.707106
vn -0.630259 0.000001 0.776385
vn 0.000000 -0.707106 0.707107
vn -0.630255 -0.776389 0.000001
vn -0.000000 -0.707108 -0.707106
vn -0.630259 -0.000001 -0.776385
vn -0.630266 0.548983 -0.548983
vn -0.793386 0.299671 0.529846
vn -0.674246 -0.294539 -0.677229
vn -0.674240 -0.294533 0.677238
vn -0.685817 0.343207 -0.641766
vn 0.631599 0.203359 -0.748149
vn -0.674246 -0.294539 -0.677229
vn 0.414977 0.773913 -0.478385
vn 0.635219 0.190601 0.748444
vn 0.631599 0.203359 -0.748149
vn 0.635219 0.190601 0.748444
vn -0.793386 0.299671 0.529846
vn -0.674240 -0.294533 0.677238
vn 0.328376 0.450690 0.830089
vn 0.414977 0.773913 -0.478385
vn -0.793386 0.299671 0.529846
vn 0.339433 0.690373 0.638882
vn 0.328376 0.450690 0.830089
vn 0.050550 0.692321 -0.719817
vn 0.328388 0.450684 -0.830087
vn 0.328388 0.450684 -0.830087
vn -0.429879 -0.650870 -0.625757
vn -0.429895 -0.650863 0.625754
vn 0.328388 0.450684 -0.830087
vn 0.050549 0.692300 0.719837
vn 0.068242 -0.725773 0.684541
vn -0.068350 0.679008 0.730942
vn -0.429879 -0.650870 -0.625757
vn -0.053043 -0.724262 0.687482
vn -0.429895 -0.650863 0.625754
vn -0.053043 -0.724262 0.687482
vn -0.053041 -0.724243 -0.687502
vn -0.068350 0.679008 0.730942
vn -0.334076 0.490793 -0.804683
vn -0.068352 0.679002 -0.730947
vn 0.050550 0.692321 -0.719817
vn 0.068239 -0.725776 -0.684538
vn 0.050549 0.692300 0.719837
vn -0.053041 -0.724243 -0.687502
vn 0.068242 -0.725773 0.684541
vn 0.423984 -0.648607 -0.632097
vn 0.796116 0.203782 0.569801
vn 0.423977 -0.648598 0.632111
vn 0.423984 -0.648607 -0.632097
vn 0.423977 -0.648598 0.632111
vn 0.423977 -0.648598 0.632111
vn -0.334088 0.490802 0.804673
vn -0.068352 0.679002 -0.730947
vn 0.423984 -0.648607 -0.632097
vn -0.213837 0.783174 -0.583877
vn 0.796116 0.203782 0.569801
vn 0.796107 0.203824 -0.569798
vn 0.796116 0.203782 0.569801
vn -0.213799 0.783184 0.583877
vn -0.334076 0.490793 -0.804683
vn 0.796107 0.203824 -0.569798
vn -0.334088 0.490802 0.804673
vn -0.213837 0.783174 -0.583877
vn -0.334076 0.490793 -0.804683
vn -0.591968 0.564831 0.574926
vn -0.700560 -0.053174 -0.711610
vn -0.700569 -0.053173 0.711600
vn -0.700560 -0.053174 -0.711610
vn 0.562451 0.589413 -0.579863
vn 0.712159 -0.020085 -0.701731
vn 0.562451 0.589413 -0.579863
vn 0.712150 -0.020083 0.701740
vn 0.712159 -0.020085 -0.701731
vn 0.562421 0.589443 0.579862
vn -0.700569 -0.053173 0.711600
vn 0.712150 -0.020083 0.701740
vn 0.698423 -0.333095 0.633445
vn -0.591936 0.564865 -0.574925
vn 0.562421 0.589443 0.579862
vn 0.562451 0.589413 -0.579863
vn -0.588239 0.074007 -0.805294
vn -0.459987 0.428533 0.777671
vn -0.588242 0.074004 0.805291
vn -0.588239 0.074007 -0.805294
vn 0.698435 -0.333104 -0.633428
vn -0.459987 0.428533 0.777671
vn -0.081713 -0.800574 0.593637
vn 0.367395 -0.699414 0.613059
vn -0.588242 0.074004 0.805291
vn 0.367401 -0.699428 -0.613039
vn -0.459981 0.428545 -0.777668
vn 0.698423 -0.333095 0.633445
vn 0.367401 -0.699428 -0.613039
vn 0.698435 -0.333104 -0.633428
vn -0.849767 0.016929 -0.526886
vn -0.081713 -0.800574 0.593637
vn -0.849761 0.016994 0.526895
vn -0.081708 -0.800565 -0.593649
vn -0.849767 0.016929 -0.526886
vn 0.367395 -0.699414 0.613059
vn -0.081708 -0.800565 -0.593649
vn -0.459987 0.428533 0.777671
vn -0.849767 0.016929 -0.526886
vn -0.849761 0.016994 0.526895
vn -0.577332 0.577360 0.577359
vn -0.577332 -0.577360 -0.577359
vn -0.577353 -0.577324 0.577374
vn 0.000000 0.707089 -0.707125
vn 0.577351 -0.577321 -0.577379
vn 0.000000 -0.707090 -0.707123
vn 0.577332 0.577359 -0.577360
vn 0.577332 -0.577359 0.577360
vn 0.577351 -0.577321 -0.577379
vn -0.301509 0.301495 0.904541
vn -0.577353 -0.577324 0.577374
vn 0.000000 -0.707090 0.707124
vn 0.577351 -0.577321 -0.577379
vn 0.000000 -0.707089 0.707125
vn 0.000000 -0.707090 -0.707123
vn -0.577353 0.577324 -0.577374
vn -0.301509 0.301495 0.904541
vn -0.301511 0.301511 -0.904534
vn 0.000000 0.707089 -0.707125
vn 0.577351 0.577321 0.577379
vn 0.577332 0.577359 -0.577360
vn 0.301508 0.301494 -0.904541
vn 0.000000 0.707090 0.707123
vn 0.301511 0.301511 0.904534
vn -0.577358 0.577359 0.577334
vn -0.301510 0.301512 0.904534
vn -0.301509 0.301493 -0.904541
vn 0.000000 0.707090 0.707123
vn -0.301510 0.301512 0.904534
vn 0.000000 0.707090 -0.707124
vn 0.301513 0.301498 0.904538
vn -0.301511 0.301511 -0.904534
vn 0.577358 0.577358 -0.577334
vn 0.301508 0.301494 -0.904541
vn -0.301513 0.301498 -0.904538
vn 0.000000 0.707090 0.707123
vn -0.301506 0.301508 0.904537
vn 0.000000 0.707090 -0.707124
vn 0.301513 0.301498 0.904538
vn 0.301507 0.301508 -0.904537
vn 0.577349 0.577351 0.577351
vn 0.301513 0.301497 0.904538
vn -0.301513 0.301497 -0.904538
vn 0.000000 0.707090 0.707123
vn -0.301507 0.301508 0.904537
vn 0.000000 0.707090 -0.707124
vn 0.301513 0.301497 0.904538
vn -0.301506 0.301508 0.904537
vn -0.577350 0.577351 -0.577350
vn -0.301513 0.301498 -0.904538
vn -0.301513 0.301497 -0.904538
vn 0.000000 0.707090 0.707123
vn -0.301507 0.301508 0.904537
vn 0.000000 0.707090 -0.707124
vn 0.301513 0.301497 0.904538
vn 0.301513 0.301498 0.904538
vn -0.577368 0.577339 0.577344
vn -0.301507 0.301508 0.904537
vn 0.000000 0.707090 -0.707124
vn -0.301505 0.301490 0.904543
vn -0.301515 0.301515 -0.904532
vn 0.301508 0.301494 -0.904541
vn 0.000000 0.707090 0.707123
vn -0.301513 0.301497 -0.904538
vn 0.577368 0.577338 -0.577344
vn 0.301507 0.301508 -0.904537
vn 0.000000 -0.707092 -0.707122
vn -0.577353 -0.577324 0.577374
vn -0.577332 -0.577360 -0.577359
vn 0.000000 -0.707090 -0.707123
vn 0.000000 -0.707090 0.707124
vn 0.000000 -0.707090 -0.707123
vn 0.000000 -0.707090 0.707124
vn 0.000000 -0.707073 -0.707140
vn 0.000000 -0.707090 0.707124
vn 0.000000 -0.707090 0.707124
vn 0.000000 -0.707107 0.707107
vn 0.000000 -0.707090 -0.707123
vn 0.000000 -0.707090 0.707124
vn 0.000000 -0.707090 -0.707123
vn 0.000000 -0.707090 0.707124
vn 0.000000 -0.707090 -0.707123
vn 0.000000 -0.707090 0.707124
vn 0.000000 -0.707090 -0.707123
vn 0.000000 -0.707090 0.707124
vn 0.000000 -0.707090 -0.707123
vn 0.000000 -0.707090 0.707124
vn 0.000000 -0.707090 -0.707123
vn 0.000000 -0.707090 0.707124
vn 0.000000 -0.707090 -0.707123
vn 0.000000 -0.707090 0.707124
vn 0.000000 -0.707090 -0.707123
vn 0.000000 -0.707090 0.707124
vn 0.000000 -0.707090 -0.707123
vn 0.000000 -0.707090 0.707124
vn 0.000000 -0.707090 -0.707123
vn 0.000000 -0.707090 0.707124
vn 0.000000 -0.707090 -0.707123
vn 0.000000 -0.707073 0.707140
vn 0.000000 -0.707090 -0.707123
vn 0.000000 -0.707107 -0.707107
vn 0.000000 -0.707090 0.707124
vn 0.577351 0.577321 0.577379
vn 0.000000 -0.707089 0.707125
vn 0.577332 -0.577359 0.577360
vn 0.000000 0.707090 0.707123
vn 0.000000 -0.707090 0.707124
vn 0.000000 -0.707073 0.707140
vn 0.000000 0.707090 0.707123
vn 0.000000 -0.707090 0.707124
vn 0.301513 0.301498 0.904538
vn 0.000000 -0.707090 0.707124
vn -0.301506 0.301508 0.904537
vn 0.000000 -0.707090 0.707124
vn 0.000000 0.707090 0.707123
vn 0.000000 -0.707090 0.707124
vn 0.000000 -0.707090 0.707124
vn 0.000000 -0.707090 0.707124
vn 0.000000 0.707090 0.707123
vn 0.000000 -0.707090 0.707124
vn 0.301513 0.301497 0.904538
vn 0.000000 -0.707090 0.707124
vn -0.301507 0.301508 0.904537
vn 0.000000 -0.707090 0.707124
vn 0.000000 0.707090 0.707123
vn 0.000000 -0.707090 0.707124
vn 0.301513 0.301497 0.904538
vn 0.000000 -0.707090 0.707124
vn -0.301505 0.301490 0.904543
vn 0.000000 -0.707107 0.707107
vn 0.000000 -0.707090 0.707124
vn 0.000000 0.707090 0.707123
vn 0.000000 -0.707090 0.707124
vn 0.301511 0.301511 0.904534
vn -0.577353 0.577324 -0.577374
vn 0.000000 -0.707092 -0.707122
vn -0.577332 -0.577360 -0.577359
vn 0.000000 -0.707090 -0.707123
vn 0.000000 -0.707090 -0.707123
vn 0.000000 0.707090 -0.707124
vn 0.000000 -0.707073 -0.707140
vn 0.301507 0.301508 -0.904537
vn 0.000000 -0.707090 -0.707123
vn 0.000000 0.707090 -0.707124
vn 0.000000 -0.707090 -0.707123
vn 0.000000 -0.707090 -0.707123
vn 0.000000 -0.707090 -0.707123
vn 0.000000 0.707090 -0.707124
vn 0.000000 -0.707090 -0.707123
vn -0.301513 0.301497 -0.904538
vn 0.000000 -0.707090 -0.707123
vn 0.301506 0.301507 -0.904537
vn 0.000000 -0.707090 -0.707123
vn 0.000000 0.707090 -0.707124
vn 0.000000 -0.707090 -0.707123
vn -0.301513 0.301498 -0.904538
vn 0.000000 -0.707090 -0.707123
vn 0.301506 0.301507 -0.904537
vn 0.000000 -0.707090 -0.707123
vn 0.000000 0.707090 -0.707124
vn 0.000000 -0.707090 -0.707123
vn -0.301509 0.301493 -0.904541
vn 0.000000 -0.707107 -0.707107
vn 0.000000 -0.707090 -0.707123
vn 0.301508 0.301494 -0.904541
vn -0.577359 0.577331 -0.577361
vn 0.577359 0.577331 0.577361
vn 0.577358 0.577358 -0.577334
vn 0.577368 0.577338 -0.577345
vn -0.577368 0.577339 0.577344
vn 0.577349 0.577351 0.577350
vn 0.577368 0.577338 -0.577345
vn -0.577368 0.577339 0.577344
vn 0.577349 0.577351 0.577350
vn 0.577368 0.577338 -0.577344
vn -0.577368 0.577339 0.577344
vn 0.577349 0.577351 0.577351
vn 0.577368 0.577338 -0.577344
vn -0.577369 0.577339 0.577344
vn 0.577349 0.577351 0.577351
vn -0.577359 0.577331 -0.577361
vn 0.577359 0.577331 0.577361
vn 0.577358 0.577358 -0.577334
vn 0.577358 0.577358 -0.577334
vn -0.577358 0.577359 0.577334
vn -0.301505 0.301490 0.904543
vn -0.577348 0.577351 -0.577351
vn -0.301515 0.301515 -0.904532
vn 0.301506 0.301507 -0.904537
vn 0.577349 0.577351 0.577350
vn 0.301513 0.301498 0.904538
vn 0.577368 0.577338 -0.577345
vn -0.577368 0.577339 0.577344
vn -0.301507 0.301508 0.904537
vn -0.577349 0.577351 -0.577351
vn -0.301513 0.301497 -0.904538
vn 0.301508 0.301494 -0.904541
vn 0.577359 0.577331 0.577361
vn 0.301511 0.301511 0.904534
vn 0.301508 0.301494 -0.904541
vn 0.577359 0.577331 0.577361
vn 0.301511 0.301511 0.904534
vn -0.301515 0.301515 -0.904532
vn 0.577368 0.577338 -0.577344
vn -0.577368 0.577339 0.577344
vn -0.301510 0.301512 0.904534
vn -0.577359 0.577331 -0.577361
vn -0.301509 0.301493 -0.904541
vn -0.301509 0.301495 0.904541
vn -0.577359 0.577331 -0.577361
vn -0.301511 0.301511 -0.904534
vn 0.301507 0.301508 -0.904537
vn 0.577349 0.577351 0.577351
vn 0.301513 0.301497 0.904538
vn -0.577369 0.577339 0.577344
vn 0.577368 0.577338 -0.577345
vn -0.301507 0.301508 0.904537
vn -0.577349 0.577351 -0.577351
vn -0.301513 0.301497 -0.904538
vn 0.301506 0.301507 -0.904537
vn 0.577349 0.577351 0.577350
vn 0.301513 0.301498 0.904538
vn 0.000000 0.707089 -0.707125
vn 0.577351 -0.577321 -0.577379
vn 0.000000 -0.707090 -0.707123
vn 0.577332 0.577359 -0.577360
vn 0.577332 -0.577359 0.577360
vn 0.577351 -0.577321 -0.577379
vn 0.577351 -0.577321 -0.577379
vn 0.000000 -0.707089 0.707125
vn 0.000000 -0.707090 -0.707123
vn 0.000000 0.707089 -0.707125
vn 0.577351 0.577321 0.577379
vn 0.577332 0.577359 -0.577360
vn 0.301508 0.301494 -0.904541
vn 0.000000 0.707090 0.707123
vn 0.301511 0.301511 0.904534
vn -0.577358 0.577359 0.577334
vn -0.301510 0.301512 0.904534
vn -0.301509 0.301493 -0.904541
vn 0.000000 0.707090 0.707123
vn -0.301510 0.301512 0.904534
vn 0.000000 0.707090 -0.707124
vn 0.301513 0.301498 0.904538
vn -0.301513 0.301498 -0.904538
vn 0.000000 0.707090 0.707123
vn -0.301506 0.301508 0.904537
vn 0.000000 0.707090 -0.707124
vn 0.301513 0.301498 0.904538
vn -0.301506 0.301508 0.904537
vn -0.577349 0.577351 -0.577351
vn -0.301513 0.301498 -0.904538
vn 0.301513 0.301498 0.904538
vn -0.577368 0.577339 0.577344
vn -0.447204 0.000000 0.894432
vn 0.000000 -0.707073 -0.707141
vn 0.000000 -0.707090 0.707124
vn 0.000000 -0.707107 0.707107
vn 0.000000 -0.707090 -0.707123
vn 0.000000 -0.707090 0.707124
vn 0.000000 -0.707090 -0.707123
vn 0.000000 -0.707090 0.707124
vn 0.000000 -0.707090 -0.707123
vn 0.000000 -0.707090 0.707124
vn 0.000000 -0.707090 -0.707123
vn 0.000000 -0.707090 0.707124
vn 0.000000 -0.707090 -0.707123
vn 0.000000 -0.707073 0.707140
vn 0.000000 -0.707090 -0.707123
vn 0.000000 -0.707107 -0.707107
vn 0.000000 -0.707090 0.707124
vn 0.577351 0.577321 0.577379
vn 0.000000 -0.707089 0.707125
vn 0.577332 -0.577359 0.577360
vn 0.000000 0.707090 0.707123
vn 0.000000 -0.707090 0.707124
vn 0.000000 -0.707073 0.707140
vn 0.000000 0.707090 0.707123
vn 0.000000 -0.707090 0.707124
vn 0.301513 0.301498 0.904538
vn 0.000000 -0.707090 0.707124
vn -0.301506 0.301508 0.904537
vn 0.000000 -0.707090 0.707124
vn 0.000000 0.707090 0.707123
vn 0.000000 -0.707090 0.707124
vn 0.000000 -0.707090 0.707124
vn 0.000000 -0.707107 0.707107
vn 0.000000 -0.707073 -0.707141
vn 0.301506 0.301507 -0.904537
vn 0.000000 -0.707090 -0.707123
vn 0.000000 0.707090 -0.707124
vn 0.000000 -0.707090 -0.707123
vn -0.301513 0.301498 -0.904538
vn 0.000000 -0.707090 -0.707123
vn 0.301506 0.301507 -0.904537
vn 0.000000 -0.707090 -0.707123
vn 0.000000 0.707090 -0.707124
vn 0.000000 -0.707090 -0.707123
vn -0.301509 0.301493 -0.904541
vn 0.000000 -0.707107 -0.707107
vn 0.000000 -0.707090 -0.707123
vn 0.301508 0.301494 -0.904541
vn -0.577359 0.577331 -0.577361
vn 0.577359 0.577331 0.577361
vn 0.577358 0.577358 -0.577334
vn 0.577368 0.577338 -0.577345
vn -0.577368 0.577339 0.577344
vn 0.577349 0.577351 0.577350
vn 0.577368 0.577338 -0.577345
vn -0.577368 0.577339 0.577344
vn 0.577349 0.577351 0.577350
vn 0.577358 0.577358 -0.577334
vn 0.301506 0.301507 -0.904537
vn 0.577349 0.577351 0.577350
vn 0.301513 0.301498 0.904538
vn -0.447222 -0.000000 -0.894423
vn 0.577368 0.577338 -0.577345
vn -0.447204 0.000000 0.894432
vn -0.577349 0.577351 -0.577351
vn -0.447222 -0.000000 -0.894423
vn 0.301508 0.301494 -0.904541
vn 0.577359 0.577331 0.577361
vn 0.301511 0.301511 0.904534
vn -0.577368 0.577339 0.577344
vn -0.301510 0.301512 0.904534
vn -0.577359 0.577331 -0.577361
vn -0.301509 0.301493 -0.904541
vn 0.577368 0.577338 -0.577345
vn 0.301506 0.301507 -0.904537
vn 0.577349 0.577351 0.577350
vn 0.301513 0.301498 0.904538
vn -0.585532 0.613941 0.529366
vn -0.690884 0.053335 -0.720996
vn -0.690892 0.053333 0.720988
vn -0.585509 0.613966 -0.529363
vn 0.690892 0.053333 -0.720988
vn -0.690884 0.053335 -0.720996
vn 0.585532 0.613941 -0.529367
vn 0.690884 0.053335 0.720996
vn 0.690892 0.053333 -0.720988
vn 0.585509 0.613966 0.529363
vn -0.690892 0.053333 0.720988
vn 0.690884 0.053335 0.720996
vn 0.577360 -0.577345 -0.577346
vn -0.577360 -0.577345 0.577346
vn -0.577372 -0.577340 -0.577339
vn -0.585509 0.613966 -0.529363
vn 0.585509 0.613966 0.529363
vn 0.585532 0.613941 -0.529367
vn 0.577360 -0.577345 -0.577346
vn -0.577360 -0.577345 0.577346
vn -0.577372 -0.577340 -0.577339
vn -0.585509 0.613966 -0.529363
vn 0.690892 0.053333 -0.720988
vn -0.690884 0.053335 -0.720996
vn -0.585532 0.613941 0.529366
vn -0.690884 0.053335 -0.720996
vn -0.690892 0.053333 0.720988
vn 0.585509 0.613966 0.529363
vn -0.690892 0.053333 0.720988
vn 0.690884 0.053335 0.720996
vn -0.585509 0.613966 -0.529363
vn 0.585509 0.613966 0.529363
vn 0.585532 0.613941 -0.529367
vn 0.585532 0.613941 -0.529367
vn 0.690884 0.053335 0.720996
vn 0.690892 0.053333 -0.720988
vn -0.716737 0.652449 0.246169
vn -0.755479 -0.027776 -0.654584
vn -0.971073 -0.035705 0.236097
vn 0.000000 -0.000000 -1.000000
vn 0.574722 0.542438 -0.612744
vn 0.755826 -0.001355 -0.654772
vn 0.574722 0.542438 -0.612744
vn 0.971582 -0.002148 0.236693
vn 0.755826 -0.001355 -0.654772
vn -0.002372 -0.975763 0.218816
vn -0.606434 -0.704590 -0.368499
vn -0.654236 -0.716536 0.241973
vn 0.543820 -0.582369 -0.604240
vn -0.001883 -0.744972 -0.667093
vn -0.585274 0.533888 -0.610261
vn -0.000320 0.972536 0.232752
vn -0.000003 0.764575 -0.644534
vn 0.706091 0.664614 0.244386
vn 0.574722 0.542438 -0.612744
vn -0.533284 -0.589090 -0.607109
vn 0.614490 -0.694633 -0.374014
vn 0.664897 -0.705796 0.244468
vn -0.585274 0.533888 -0.610261
vn -0.755479 -0.027776 -0.654584
vn -0.533284 -0.589090 -0.607109
vn -0.001883 -0.744972 -0.667093
vn -0.606434 -0.704590 -0.368499
vn -0.949967 -0.034885 -0.310396
vn -0.684121 0.631632 -0.364720
vn 0.001316 0.947691 -0.319188
vn 0.543820 -0.582369 -0.604240
vn 0.543820 -0.582369 -0.604240
vn -0.533284 -0.589090 -0.607109
vn -0.654236 -0.716536 0.241973
vn -0.000118 0.618404 -0.785860
vn 0.090765 0.995872 -0.000000
vn -0.000321 1.000000 -0.000001
vn -0.000118 0.618404 -0.785860
vn 0.000000 0.000001 -1.000000
vn 0.000000 -0.000001 -1.000000
vn 0.000082 -0.618385 0.785875
vn -0.104471 0.000003 0.994528
vn 0.000000 -0.000001 1.000000
vn 0.000082 0.618384 0.785876
vn 0.000000 0.000002 1.000000
vn 0.000222 -1.000000 -0.000001
vn -0.000118 -0.618404 0.785861
vn -0.000321 -1.000000 0.000001
vn 0.000082 0.618384 0.785876
vn 0.000222 1.000000 0.000001
vn -0.097139 -0.621951 -0.777008
vn -0.097185 -0.995266 0.000000
vn -0.076580 -0.997063 0.000000
vn 0.000082 -0.618384 -0.785876
vn -0.076580 0.997063 -0.000000
vn 0.000082 0.618385 -0.785875
vn -0.104471 -0.000003 -0.994528
vn -0.097185 0.995266 -0.000000
vn 0.556022 0.531277 0.639206
vn 0.765228 0.643760 -0.000000
vn -0.097139 0.621952 0.777007
vn -0.097138 0.621949 -0.777010
vn -0.100160 0.000004 -0.994971
vn -0.097138 -0.621949 0.777010
vn -0.100160 -0.000004 0.994971
vn 0.765227 -0.643760 0.000000
vn 0.803564 0.524201 -0.281954
vn 0.556014 -0.531275 0.639214
vn -0.103406 0.657545 -0.746286
vn 0.613072 -0.000006 -0.790027
vn -0.103406 -0.657544 0.746286
vn 0.613072 0.000006 0.790027
vn 0.556022 -0.531277 -0.639206
vn 0.765227 -0.643760 0.000000
vn 0.110988 0.623461 -0.773937
vn 0.104876 0.994485 -0.000000
vn 0.090765 -0.995872 0.000000
vn -0.000118 -0.618406 -0.785859
vn 0.123982 0.000003 -0.992285
vn -0.000118 0.618406 0.785859
vn 0.123982 -0.000003 0.992285
vn -0.573962 0.564606 -0.593117
vn -0.762007 0.647569 -0.000000
vn 0.110988 -0.623461 0.773937
vn 0.104876 -0.994485 0.000000
vn 0.110987 -0.623458 -0.773939
vn 0.117964 0.000002 -0.993018
vn 0.110987 0.623458 0.773939
vn 0.117964 -0.000002 0.993018
vn -0.762007 -0.647569 0.000000
vn -0.845514 0.472996 -0.247754
vn -0.777227 0.629221 -0.000000
vn -0.573962 -0.564606 0.593117
vn -0.762007 -0.647569 0.000000
vn 0.121520 -0.702981 -0.700750
vn -0.621821 -0.000004 -0.783159
vn 0.121520 0.702981 0.700750
vn -0.621821 0.000004 0.783159
vn -0.573967 -0.564607 -0.593111
vn 0.121520 -0.702981 -0.700750
vn -0.845514 0.472996 0.247754
vn -0.573967 -0.564607 -0.593111
vn 0.110987 -0.623458 -0.773939
vn -0.573967 0.564607 0.593111
vn 0.121520 0.702981 0.700750
vn -0.000118 -0.618406 -0.785859
vn 0.110987 0.623458 0.773939
vn 0.556014 -0.531275 0.639214
vn -0.103406 -0.657544 0.746286
vn 0.613072 0.000006 0.790027
vn 0.803570 -0.524200 -0.281941
vn 0.556022 0.531277 0.639206
vn -0.097138 0.621949 -0.777010
vn -0.103406 0.657545 -0.746286
vn 0.556014 0.531275 -0.639214
vn 0.000082 0.618385 -0.785875
vn 0.000082 -0.618385 0.785875
vn -0.097138 -0.621949 0.777010
vn -0.000118 0.618406 0.785859
vn 0.613072 -0.000006 -0.790027
vn 0.803569 0.524199 0.281942
vn 0.556022 -0.531277 -0.639206
vn -0.621821 -0.000004 -0.783159
vn -0.845514 -0.472996 0.247754
vn -0.573962 0.564606 -0.593117
vn -0.573962 -0.564606 0.593117
vn 0.121521 -0.702984 0.700747
vn -0.573962 0.564606 -0.593117
vn 0.121521 0.702984 -0.700747
vn -0.762007 0.647569 -0.000000
vn -0.777227 -0.629221 -0.000000
vn 0.110988 -0.623461 0.773937
vn 0.110988 0.623461 -0.773937
vn -0.000118 -0.618404 0.785861
vn 0.556022 0.531277 0.639206
vn -0.103405 0.657541 0.746289
vn 0.556022 -0.531277 -0.639206
vn -0.103405 -0.657541 -0.746289
vn 0.765228 0.643760 -0.000000
vn 0.775044 -0.631907 0.000000
vn -0.097139 0.621952 0.777007
vn -0.097139 -0.621951 -0.777008
vn 0.000082 -0.618384 -0.785876
vn 0.803564 0.524201 -0.281954
vn 0.552589 0.833454 -0.000000
vn 0.719199 0.545219 -0.430684
vn 0.819933 -0.000005 -0.572460
vn 0.719189 -0.545220 -0.430701
vn 0.803570 -0.524200 -0.281941
vn 0.803569 0.524199 0.281942
vn 0.775045 0.631906 -0.000000
vn 0.803564 0.524201 -0.281954
vn 0.717016 0.000006 -0.697056
vn 0.819933 -0.000005 -0.572460
vn 0.775045 0.631906 -0.000000
vn 0.803565 -0.524201 0.281953
vn 0.556014 0.531275 -0.639214
vn 0.819933 0.000005 0.572460
vn 1.000000 0.000000 -0.000000
vn 0.719189 -0.545220 -0.430701
vn 0.717016 0.000006 -0.697056
vn 0.719199 -0.545220 0.430684
vn 0.717016 -0.000007 0.697056
vn 0.719189 0.545220 0.430701
vn 0.552589 0.833454 -0.000000
vn 0.719199 0.545219 -0.430684
vn 0.803570 -0.524200 -0.281941
vn 0.552589 -0.833454 -0.000000
vn 0.775044 -0.631907 0.000000
vn 0.819933 0.000005 0.572460
vn 0.719189 0.545220 0.430701
vn 0.803569 0.524199 0.281942
vn 0.803565 -0.524201 0.281953
vn 0.717016 -0.000007 0.697056
vn 0.803565 -0.524201 0.281953
vn 0.719199 -0.545220 0.430684
vn -0.833334 -0.000000 -0.552770
vn -0.712313 0.556844 -0.427241
vn -0.845514 0.472996 -0.247754
vn -0.845514 0.472996 -0.247754
vn -0.632214 0.774793 -0.000000
vn -0.777227 0.629221 -0.000000
vn -0.845514 -0.472996 0.247754
vn -0.632214 -0.774793 0.000000
vn -0.777227 -0.629221 -0.000000
vn -0.845514 0.472996 0.247754
vn -0.712313 0.556844 0.427241
vn -0.833334 0.000000 0.552770
vn -0.845514 -0.472996 -0.247754
vn -0.573967 0.564607 0.593111
vn -0.621821 0.000004 0.783159
vn -0.833334 -0.000000 -0.552770
vn -0.573962 -0.564606 0.593117
vn -1.000000 -0.000000 0.000000
vn -0.712313 -0.556844 0.427241
vn -0.723979 0.000000 0.689822
vn -0.712313 -0.556844 -0.427241
vn -0.723979 -0.000000 -0.689822
vn -0.712313 0.556844 -0.427241
vn -0.632214 0.774793 -0.000000
vn -0.712313 0.556844 0.427241
vn -0.845514 -0.472996 -0.247754
vn -0.712313 -0.556844 -0.427241
vn -0.833334 0.000000 0.552770
vn -0.712313 0.556844 0.427241
vn -0.723979 0.000000 0.689822
vn -0.712313 -0.556844 -0.427241
vn -0.723979 -0.000000 -0.689822
vn -0.712313 -0.556844 0.427241
vn -0.845514 -0.472996 0.247754
vn -0.656306 0.380404 0.651579
vn -0.664942 -0.332554 -0.668775
vn -0.664909 -0.332627 0.668771
vn -0.664942 -0.332554 -0.668775
vn 0.648921 0.389423 -0.653644
vn 0.669994 -0.327508 -0.666218
vn 0.648921 0.389423 -0.653644
vn 0.670028 -0.327430 0.666222
vn 0.669994 -0.327508 -0.666218
vn 0.648925 0.389428 0.653637
vn -0.664909 -0.332627 0.668771
vn 0.670028 -0.327430 0.666222
vn 0.669994 -0.327508 -0.666218
vn -0.664909 -0.332627 0.668771
vn -0.664942 -0.332554 -0.668775
vn 0.360584 -0.860209 0.360582
vn 0.648925 0.389428 0.653637
vn 0.360581 -0.860209 -0.360585
vn 0.592461 -0.545892 0.592446
vn 0.360584 -0.860209 0.360582
vn -0.360585 -0.860209 -0.360582
vn -0.656311 0.380407 -0.651572
vn -0.360582 -0.860209 0.360585
vn -0.656306 0.380404 0.651579
vn -0.656311 0.380407 -0.651572
vn 0.360581 -0.860209 -0.360585
vn 0.592461 -0.545892 0.592446
vn -0.599725 0.529795 0.599706
vn -0.592445 -0.545892 0.592461
vn -0.360582 -0.860209 0.360585
vn -0.592461 -0.545892 -0.592446
vn -0.360585 -0.860209 -0.360582
vn -0.592445 -0.545892 0.592461
vn 0.592445 -0.545893 -0.592461
vn 0.599718 0.529769 0.599737
vn 0.089539 0.991950 -0.089539
vn 0.089537 0.991951 0.089537
vn -0.592461 -0.545892 -0.592446
vn 0.599733 0.529781 -0.599710
vn 0.592445 -0.545893 -0.592461
vn 0.592445 -0.545893 -0.592461
vn 0.599718 0.529769 0.599737
vn 0.592461 -0.545892 0.592446
vn -0.592445 -0.545892 0.592461
vn -0.599709 0.529781 -0.599734
vn -0.592461 -0.545892 -0.592446
vn -0.089537 0.991951 -0.089538
vn -0.599709 0.529781 -0.599734
vn -0.089538 0.991950 0.089538
vn -0.599725 0.529795 0.599706
vn 0.599733 0.529781 -0.599710
vn -0.577360 -0.577345 0.577346
vn 0.577372 -0.577339 0.577340
vn 0.577372 -0.577339 0.577340
vn 0.577360 -0.577345 -0.577346
vn 0.577360 -0.577345 -0.577346
vn -0.577372 -0.577340 -0.577339
vn -0.577372 -0.577340 -0.577339
vn -0.577360 -0.577345 0.577346
vn -0.577360 -0.577345 0.577346
vn 0.577372 -0.577339 0.577340
vn 0.577372 -0.577339 0.577340
vn 0.577360 -0.577345 -0.577346
vn 0.577360 -0.577345 -0.577346
vn -0.577372 -0.577340 -0.577339
vn -0.577372 -0.577340 -0.577339
vn -0.577360 -0.577345 0.577346
vn -0.782637 0.299646 0.545611
vn -0.436966 -0.578770 -0.688539
vn -0.436962 -0.578769 0.688542
vn -0.436966 -0.578770 -0.688539
vn 0.643969 0.514174 -0.566506
vn 0.642079 -0.430266 -0.634512
vn 0.643969 0.514174 -0.566506
vn 0.642083 -0.430257 0.634514
vn 0.642079 -0.430266 -0.634512
vn 0.643969 0.514159 0.566520
vn -0.436962 -0.578769 0.688542
vn 0.642083 -0.430257 0.634514
vn -0.225752 -0.722262 -0.653738
vn -0.782622 0.299650 -0.545631
vn 0.643969 0.514159 0.566520
vn 0.643969 0.514174 -0.566506
vn 0.215476 -0.736524 -0.641173
vn -0.225745 -0.722259 0.653744
vn -0.225752 -0.722262 -0.653738
vn 0.642083 -0.430257 0.634514
vn 0.642079 -0.430266 -0.634512
vn -0.225745 -0.722259 0.653744
vn 0.215483 -0.736526 0.641168
vn -0.018591 0.706147 -0.707821
vn -0.228411 0.018965 -0.973380
vn -0.298754 0.681625 -0.667932
vn -0.086972 0.996211 -0.000005
vn -0.018591 0.706147 -0.707821
vn -0.022501 0.999747 -0.000000
vn -0.197792 0.034580 -0.979634
vn 0.063658 -0.712751 -0.698522
vn 0.000437 -0.016491 -0.999864
vn -0.298755 0.681625 0.667932
vn -0.018591 0.706148 0.707820
vn 0.063657 -0.712751 0.698522
vn 0.005312 -0.999986 0.000000
vn 0.090166 -0.995927 0.000000
vn 0.063658 -0.712751 -0.698522
vn -0.024641 -0.987640 0.154792
vn -0.008959 -0.001753 0.999958
vn -0.138693 -0.687293 0.713017
vn 0.001039 -0.708067 0.706145
vn -0.061628 0.696496 -0.714909
vn -0.008959 -0.001754 -0.999958
vn -0.138691 -0.687293 -0.713017
vn -0.061629 0.696503 0.714902
vn 0.063657 -0.712751 0.698522
vn 0.242865 0.041011 0.969193
vn 0.000436 -0.016486 0.999864
vn -0.018591 0.706148 0.707820
vn -0.228413 0.018966 0.973380
vn 0.001039 -0.708067 -0.706144
vn -0.061629 0.696503 0.714902
vn -0.094526 -0.995522 0.000001
vn -0.128793 -0.721420 -0.680416
vn -0.138691 -0.687293 -0.713017
vn 0.001039 -0.708067 -0.706144
vn 0.085550 0.683231 0.725174
vn 0.259680 -0.616300 0.743466
vn 0.963557 0.012742 -0.267199
vn -0.298754 0.681625 -0.667932
vn -0.323455 0.946244 0.000000
vn -0.152017 0.987167 0.048913
vn -0.061628 0.696496 -0.714909
vn 0.001039 -0.708067 0.706145
vn -0.237173 0.684473 -0.689381
vn -0.088565 -0.996070 0.000000
vn 0.060889 -0.708798 0.702779
vn 0.058947 -0.998261 0.000000
vn -0.228552 -0.042004 0.972625
vn -0.128796 -0.721420 0.680416
vn -0.364802 0.931085 -0.000000
vn -0.326364 0.646987 0.689126
vn -0.326361 0.646987 -0.689128
vn -0.228548 -0.042005 -0.972626
vn -0.128796 -0.721420 0.680416
vn -0.326364 0.646987 0.689126
vn 0.065473 -0.005951 -0.997837
vn 0.099701 0.702134 -0.705030
vn 0.069908 0.702430 -0.708311
vn 0.069907 0.702430 0.708311
vn 0.065472 -0.005951 0.997837
vn -0.326361 0.646987 -0.689128
vn 0.071701 0.997426 -0.000000
vn 0.060890 -0.708798 -0.702779
vn 0.060889 -0.708798 0.702779
vn 0.069907 0.702430 0.708311
vn -0.128793 -0.721420 -0.680416
vn 0.063396 -0.706897 -0.704470
vn -0.181659 -0.983362 0.000000
vn -0.173690 -0.694097 -0.698613
vn 0.060890 -0.708798 -0.702779
vn 0.081542 -0.002665 -0.996666
vn 0.063396 -0.706897 0.704470
vn 0.055883 -0.998437 0.000000
vn 0.099701 0.702135 0.705029
vn 0.081542 -0.002665 0.996666
vn 0.069908 0.702430 -0.708311
vn 0.107226 0.994235 -0.000002
vn 0.063396 -0.706897 0.704470
vn 0.099701 0.702135 0.705029
vn -0.127245 0.991871 0.000004
vn -0.746957 0.480398 -0.459644
vn -0.741734 0.670694 -0.000000
vn -0.154451 0.004263 0.987991
vn -0.173692 -0.694095 0.698615
vn -0.135214 0.702606 0.698614
vn -0.135212 0.702609 -0.698612
vn 0.063396 -0.706897 -0.704470
vn -0.154454 0.004259 -0.987991
vn -0.135214 0.702606 0.698614
vn 0.099701 0.702134 -0.705030
vn -0.746972 0.480387 0.459632
vn -0.741734 0.670694 -0.000000
vn -0.746957 0.480398 -0.459644
vn -0.777519 -0.628859 0.000000
vn -0.772294 -0.438520 -0.459633
vn -0.759637 0.020920 0.650011
vn -0.772286 -0.438533 0.459634
vn -0.746972 0.480387 0.459632
vn -0.746957 0.480398 -0.459644
vn -0.772294 -0.438520 -0.459633
vn -0.759644 0.020925 -0.650002
vn -0.173692 -0.694095 0.698615
vn -0.746972 0.480387 0.459632
vn -0.371771 -0.031571 -0.927788
vn 0.188281 0.934720 -0.301413
vn 0.963557 0.012742 -0.267199
vn -0.257605 0.557899 -0.788916
vn 0.744245 0.637081 -0.200569
vn 0.085550 0.683231 0.725174
vn -0.477680 -0.562695 -0.674682
vn 0.132976 -0.889109 -0.437954
vn 0.188281 0.934720 -0.301413
vn -0.439608 -0.625582 -0.644509
vn -0.371771 -0.031571 -0.927788
vn -0.477680 -0.562695 -0.674682
vn 0.700496 -0.614945 -0.362144
vn 0.259680 -0.616300 0.743466
vn -0.257605 0.557899 -0.788916
vn -0.237173 0.684473 -0.689381
vn -0.018591 0.706147 0.707821
vn -0.228412 0.018966 0.973380
vn -0.008959 -0.001754 0.999958
vn -0.086971 0.996211 -0.000000
vn -0.018591 0.706147 0.707821
vn -0.061629 0.696500 0.714906
vn 0.063658 -0.712751 0.698522
vn -0.197792 0.034580 0.979634
vn 0.000437 -0.016491 0.999864
vn -0.298755 0.681625 -0.667932
vn -0.022501 0.999747 0.000000
vn -0.018591 0.706147 -0.707821
vn 0.005312 -0.999986 0.000000
vn 0.063657 -0.712748 -0.698526
vn 0.090166 -0.995927 -0.000000
vn 0.063658 -0.712751 0.698522
vn -0.024641 -0.987640 -0.154792
vn -0.439608 -0.625582 0.644509
vn -0.138693 -0.687292 -0.713017
vn -0.008959 -0.001754 -0.999958
vn 0.001039 -0.708067 -0.706144
vn -0.061629 0.696500 0.714906
vn -0.138691 -0.687292 0.713018
vn 0.001039 -0.708067 0.706145
vn -0.061629 0.696503 -0.714903
vn 0.000435 -0.016481 -0.999864
vn 0.259682 -0.616303 -0.743462
vn 0.063657 -0.712748 -0.698526
vn -0.228413 0.018965 -0.973380
vn -0.018591 0.706147 -0.707821
vn -0.061629 0.696503 -0.714903
vn 0.242863 0.041005 -0.969194
vn -0.128793 -0.721419 0.680417
vn -0.094527 -0.995522 0.000000
vn -0.138691 -0.687292 0.713018
vn 0.085550 0.683231 -0.725174
vn 0.963582 0.012727 0.267112
vn -0.298754 0.681625 0.667933
vn -0.237174 0.684470 0.689384
vn -0.152017 0.987167 -0.048908
vn 0.001039 -0.708067 -0.706144
vn -0.237174 0.684470 0.689384
vn 0.001039 -0.708067 0.706145
vn -0.088565 -0.996070 0.000001
vn 0.060889 -0.708798 -0.702779
vn -0.128796 -0.721419 -0.680416
vn -0.228552 -0.042004 -0.972625
vn -0.364802 0.931085 0.000001
vn -0.323455 0.946244 0.000001
vn -0.326361 0.646986 0.689128
vn -0.298754 0.681625 0.667933
vn -0.228549 -0.042004 0.972626
vn -0.138693 -0.687292 -0.713017
vn -0.326364 0.646986 -0.689127
vn -0.298755 0.681625 -0.667932
vn 0.099702 0.702134 0.705030
vn 0.065473 -0.005951 0.997837
vn 0.069908 0.702430 0.708311
vn 0.069907 0.702430 -0.708311
vn 0.071701 0.997426 0.000000
vn -0.326361 0.646986 0.689128
vn 0.060890 -0.708798 0.702779
vn -0.128796 -0.721419 -0.680416
vn 0.065472 -0.005952 -0.997837
vn -0.326364 0.646986 -0.689127
vn -0.128793 -0.721419 0.680417
vn 0.063396 -0.706897 0.704470
vn -0.181659 -0.983362 -0.000000
vn 0.055883 -0.998437 -0.000000
vn 0.081542 -0.002665 0.996666
vn 0.060890 -0.708798 0.702779
vn 0.058947 -0.998261 0.000000
vn 0.063396 -0.706897 -0.704470
vn 0.099701 0.702135 -0.705029
vn 0.107226 0.994235 0.000001
vn 0.069908 0.702430 0.708311
vn 0.060889 -0.708798 -0.702779
vn 0.081542 -0.002666 -0.996666
vn 0.069907 0.702430 -0.708311
vn -0.127245 0.991871 -0.000004
vn -0.746971 0.480387 0.459632
vn -0.135212 0.702609 0.698612
vn 0.063396 -0.706897 -0.704470
vn -0.154454 0.004259 -0.987991
vn -0.135214 0.702605 -0.698615
vn 0.099701 0.702135 -0.705029
vn -0.135212 0.702609 0.698612
vn -0.154451 0.004263 0.987991
vn 0.063396 -0.706897 0.704470
vn -0.135214 0.702605 -0.698615
vn 0.099702 0.702134 0.705030
vn -0.772294 -0.438520 -0.459632
vn -0.777519 -0.628859 0.000000
vn -0.772286 -0.438533 0.459633
vn -0.173693 -0.694095 0.698615
vn -0.777519 -0.628859 0.000000
vn -0.772294 -0.438520 -0.459632
vn -0.173690 -0.694097 -0.698614
vn -0.746957 0.480398 -0.459644
vn -0.746971 0.480387 0.459632
vn -0.759637 0.020920 0.650010
vn -0.173693 -0.694095 0.698615
vn -0.173690 -0.694097 -0.698614
vn -0.746957 0.480398 -0.459644
vn 0.963582 0.012727 0.267112
vn 0.188281 0.934720 0.301413
vn -0.371774 -0.031573 0.927786
vn -0.257605 0.557899 0.788916
vn 0.744245 0.637081 0.200568
vn 0.085550 0.683231 -0.725174
vn -0.477675 -0.562682 0.674696
vn 0.188281 0.934720 0.301413
vn -0.439608 -0.625582 0.644509
vn -0.371774 -0.031573 0.927786
vn -0.197792 0.034580 0.979634
vn 0.700496 -0.614944 0.362145
vn 0.259682 -0.616303 -0.743462
vn -0.257605 0.557899 0.788916
vn -0.630289 -0.000000 -0.776360
vn 0.630276 -0.548984 -0.548971
vn -0.630265 -0.548984 -0.548984
vn 0.630276 -0.548984 -0.548971
vn -0.630265 -0.776380 0.000008
vn -0.630265 -0.548984 -0.548984
vn 0.630261 -0.776383 -0.000008
vn -0.630250 -0.548986 0.548999
vn 0.630267 -0.548995 0.548971
vn -0.630280 0.000009 0.776368
vn -0.630250 -0.548986 0.548999
vn 0.630278 -0.000009 0.776370
vn -0.630274 0.548984 0.548972
vn 0.630265 0.548978 0.548990
vn -0.630265 0.776380 -0.000008
vn -0.630274 0.548984 0.548972
vn 0.630268 -0.000001 -0.776378
vn 0.630262 0.776382 0.000008
vn 0.630278 -0.000009 0.776370
vn 0.630262 0.776382 0.000008
vn -0.630250 0.548986 -0.548998
vn 0.630264 0.548988 -0.548980
vn -0.630250 0.548986 -0.548998
vn -0.630274 0.548984 0.548972
vn -0.630265 0.776380 -0.000008
vn -0.630250 0.548986 -0.548998
vn -0.035525 0.717024 -0.696143
vn -0.493968 0.625858 0.603570
vn -0.035526 0.717025 0.696141
vn -0.035525 0.717024 -0.696143
vn 0.000000 -0.707108 -0.707106
vn 0.000000 -0.707113 -0.707101
vn 0.000000 0.707106 -0.707108
vn -0.000000 -0.707105 -0.707109
vn 0.000000 0.707108 0.707106
vn -0.000000 -0.707107 0.707106
vn 0.000000 -0.707106 0.707108
vn 0.000000 -0.707108 -0.707106
vn -0.000000 -0.707107 0.707106
vn 0.000000 -0.707113 -0.707101
vn 0.000000 0.707108 0.707106
vn 0.000000 0.707106 -0.707108
vn -0.493968 0.625858 0.603570
vn -0.673986 -0.479721 -0.561792
vn -0.673957 -0.479757 0.561797
vn -0.673986 -0.479721 -0.561792
vn -0.493953 0.625862 -0.603579
vn -0.493968 0.625858 0.603570
vn -0.673957 -0.479757 0.561797
vn 0.180463 0.731981 0.656990
vn 0.642053 0.454092 -0.617712
vn 0.180467 0.731988 -0.656982
vn 0.180463 0.731981 0.656990
vn 0.000000 -0.707110 0.707104
vn 0.000000 -0.707106 0.707108
vn 0.642053 0.454092 -0.617712
vn 0.621167 -0.537646 0.570165
vn 0.621148 -0.537664 -0.570169
vn 0.642053 0.454092 -0.617712
vn 0.621148 -0.537664 -0.570169
vn 0.000000 -0.707110 0.707104
vn 0.642044 0.454103 0.617713
vn -0.000000 -0.707105 -0.707109
vn 0.621167 -0.537646 0.570165
vn -0.002133 -0.888147 -0.459554
vn -0.600931 -0.658386 -0.453221
vn 0.673555 0.645314 -0.360407
vn 0.882193 -0.002000 -0.470884
vn 0.950637 -0.000196 -0.310306
vn 0.610866 -0.648781 -0.453790
vn -0.000330 0.886476 -0.462775
vn -0.684121 0.631632 -0.364720
vn 0.614490 -0.694633 -0.374014
vn -0.002769 -0.954814 -0.297190
vn 0.673555 0.645314 -0.360407
vn 0.543825 -0.582376 0.604229
vn -0.657375 0.598469 -0.457923
vn -0.000001 0.764580 0.644528
vn 0.574732 0.542438 0.612735
vn 0.647383 0.609411 -0.457726
vn -0.600931 -0.658386 -0.453221
vn -0.755490 -0.027776 0.654572
vn -0.881925 -0.032429 -0.470273
vn -0.657375 0.598469 -0.457923
vn 0.000000 0.000000 1.000000
vn -0.585279 0.533893 0.610252
vn -0.755490 -0.027776 0.654572
vn 0.574732 0.542438 0.612735
vn 0.755836 -0.001356 0.654759
vn 0.543825 -0.582376 0.604229
vn -0.001885 -0.744979 0.667085
vn -0.533295 -0.589092 0.607097
vn 0.647383 0.609411 -0.457726
vn 0.755836 -0.001356 0.654759
vn -0.533295 -0.589092 0.607097
vn 0.610866 -0.648781 -0.453790
vn -0.001885 -0.744979 0.667085
vn -0.585279 0.533893 0.610252
vn -1.000000 0.000000 0.000000
vn -1.000000 0.000000 0.000000
vn -1.000000 0.000000 0.000000
vn 0.000000 -0.000000 -1.000000
vn 0.000000 -0.000000 -1.000000
vn 0.000000 -0.000000 -1.000000
vn 1.000000 0.000000 0.000000
vn 1.000000 0.000000 0.000000
vn 1.000000 0.000000 0.000000
vn 0.000000 0.000000 1.000000
vn 0.000000 0.000000 1.000000
vn 0.000000 0.000000 1.000000
vn 0.000000 -1.000000 0.000000
vn 0.000000 -1.000000 0.000000
vn 0.000000 -1.000000 0.000000
vn 0.000000 1.000000 -0.000000
vn 0.000000 1.000000 -0.000000
vn 0.000000 1.000000 -0.000000
vn -0.998507 0.054623 -0.000000
vn -0.998507 0.054623 0.000000
vn -0.998507 0.054623 0.000000
vn -0.000000 0.000000 -1.000000
vn -0.000000 0.000000 -1.000000
vn -0.000000 0.000000 -1.000000
vn 0.998507 -0.054623 -0.000001
vn 0.998507 -0.054623 0.000001
vn 0.998507 -0.054623 0.000001
vn 0.000000 -0.000000 1.000000
vn 0.000000 -0.000000 1.000000
vn 0.000000 -0.000000 1.000000
vn -0.054623 -0.998507 -0.000000
vn -0.054623 -0.998507 -0.000000
vn -0.054623 -0.998507 -0.000000
vn 0.054623 0.998507 0.000000
vn 0.054623 0.998507 0.000000
vn 0.054623 0.998507 0.000000
vn -0.162045 -0.722093 0.672550
vn -0.587721 0.579478 -0.564615
vn -0.587721 0.579478 -0.564615
vn -0.145378 0.729662 -0.668176
vn 0.446888 -0.669569 -0.593269
vn 0.311526 -0.412907 0.855838
vn -0.302730 -0.344993 -0.888445
vn 0.019228 -0.700110 0.713776
vn 0.481324 0.644021 -0.594612
vn 0.481336 0.644005 0.594620
vn -0.490016 -0.637247 0.594811
vn 0.304428 0.398364 0.865234
vn -0.297990 -0.393818 -0.869546
vn -0.297990 -0.393818 -0.869546
vn -0.535904 -0.608838 -0.584913
vn -0.700933 -0.093184 0.707113
vn 0.396891 0.351125 0.848050
vn 0.269571 -0.732630 0.624968
vn -0.005550 0.708363 -0.705827
vn -0.498132 -0.571417 -0.652187
vn -0.335367 -0.493124 -0.802719
vn -0.381502 0.359054 0.851784
vn 0.817119 0.127790 0.562126
vn 0.817109 0.127825 -0.562133
vn -0.367456 0.739698 0.563758
vn -0.367450 0.739695 -0.563766
vn -0.498141 -0.571414 0.652182
vn -0.477868 -0.646550 -0.594655
vn -0.279963 -0.397711 -0.873755
vn 0.006912 0.709031 -0.705143
vn -0.057101 0.680185 0.730813
vn 0.473595 -0.681580 0.557814
vn 0.553175 0.600679 0.577219
vn 0.553175 0.600679 0.577219
vn 0.473625 -0.681567 -0.557805
vn 0.625440 -0.551738 -0.551734
vn 0.625455 -0.551726 0.551729
vn 0.625440 0.551738 0.551734
vn 0.625440 -0.551738 -0.551734
vn 0.625449 -0.000002 -0.780265
vn 0.625455 0.551726 -0.551729
vn 0.625440 0.551738 0.551734
vn 0.625449 0.000002 0.780265
vn 0.625455 0.551726 -0.551729
vn -0.630259 -0.000001 -0.776385
vn -0.630252 -0.548993 -0.548989
vn -0.630255 -0.776389 0.000001
vn -0.630259 0.000001 0.776385
vn -0.630255 0.776388 -0.000001
vn -0.630266 0.548983 -0.548983
vn -0.630252 0.548992 0.548990
vn -0.630266 -0.548983 0.548982
vn -0.630252 -0.548993 -0.548989
vn -0.685817 0.343207 -0.641766
vn 0.414977 0.773913 -0.478385
vn 0.339433 0.690373 0.638882
vn 0.339433 0.690373 0.638882
vn -0.429895 -0.650863 0.625754
vn -0.685817 0.343207 -0.641766
vn -0.429879 -0.650870 -0.625757
vn 0.328376 0.450690 0.830089
vn -0.334088 0.490802 0.804673
vn 0.068239 -0.725776 -0.684538
vn 0.796107 0.203824 -0.569798
vn -0.213799 0.783184 0.583877
vn -0.213837 0.783174 -0.583877
vn -0.213799 0.783184 0.583877
vn -0.591936 0.564865 -0.574925
vn -0.591936 0.564865 -0.574925
vn 0.562421 0.589443 0.579862
vn -0.591968 0.564831 0.574926
vn -0.591968 0.564831 0.574926
vn -0.459981 0.428545 -0.777668
vn 0.698435 -0.333104 -0.633428
vn 0.698423 -0.333095 0.633445
vn -0.849761 0.016994 0.526895
vn -0.459981 0.428545 -0.777668
vn -0.577353 0.577324 -0.577374
vn 0.577332 0.577359 -0.577360
vn 0.577351 0.577321 0.577379
vn -0.577332 0.577360 0.577359
vn 0.577332 -0.577359 0.577360
vn -0.577332 0.577360 0.577359
vn 0.301511 0.301511 0.904534
vn 0.577359 0.577331 0.577361
vn 0.301506 0.301507 -0.904537
vn -0.577359 0.577331 -0.577361
vn 0.301506 0.301507 -0.904537
vn 0.577368 0.577338 -0.577344
vn 0.301507 0.301508 -0.904537
vn -0.577368 0.577339 0.577344
vn 0.301507 0.301508 -0.904537
vn 0.577349 0.577351 0.577350
vn 0.301511 0.301511 0.904534
vn -0.577349 0.577351 -0.577351
vn -0.577358 0.577359 0.577334
vn -0.577350 0.577351 -0.577350
vn -0.577349 0.577351 -0.577351
vn -0.577349 0.577351 -0.577351
vn -0.577348 0.577351 -0.577351
vn -0.577358 0.577359 0.577334
vn -0.577359 0.577331 -0.577361
vn 0.577359 0.577331 0.577361
vn -0.577369 0.577339 0.577344
vn 0.577368 0.577338 -0.577345
vn -0.577349 0.577351 -0.577351
vn 0.577349 0.577351 0.577351
vn -0.577368 0.577339 0.577344
vn 0.577358 0.577358 -0.577334
vn 0.577358 0.577358 -0.577334
vn -0.577348 0.577351 -0.577351
vn 0.577349 0.577351 0.577350
vn -0.577358 0.577359 0.577334
vn -0.577358 0.577359 0.577334
vn 0.577368 0.577338 -0.577344
vn 0.577349 0.577351 0.577351
vn -0.577350 0.577351 -0.577350
vn -0.577368 0.577339 0.577344
vn 0.577368 0.577338 -0.577345
vn 0.577332 0.577359 -0.577360
vn 0.577351 0.577321 0.577379
vn 0.577332 -0.577359 0.577360
vn 0.301511 0.301511 0.904534
vn 0.577359 0.577331 0.577361
vn 0.301506 0.301507 -0.904537
vn 0.301506 0.301507 -0.904537
vn -0.577368 0.577339 0.577344
vn 0.577349 0.577351 0.577350
vn -0.577358 0.577359 0.577334
vn -0.577349 0.577351 -0.577351
vn -0.577349 0.577351 -0.577351
vn -0.577359 0.577331 -0.577361
vn 0.577368 0.577338 -0.577345
vn -0.577349 0.577351 -0.577351
vn -0.577368 0.577339 0.577344
vn 0.577358 0.577358 -0.577334
vn 0.577349 0.577351 0.577350
vn -0.577358 0.577359 0.577334
vn -0.577349 0.577351 -0.577351
vn 0.577368 0.577338 -0.577345
vn -0.585509 0.613966 -0.529363
vn 0.585532 0.613941 -0.529367
vn 0.585509 0.613966 0.529363
vn -0.585532 0.613941 0.529366
vn 0.577372 -0.577339 0.577340
vn -0.585532 0.613941 0.529366
vn 0.577372 -0.577339 0.577340
vn 0.585532 0.613941 -0.529367
vn -0.585509 0.613966 -0.529363
vn -0.585532 0.613941 0.529366
vn -0.585532 0.613941 0.529366
vn 0.585509 0.613966 0.529363
vn -0.585274 0.533888 -0.610261
vn -0.000003 0.764575 -0.644534
vn 0.706091 0.664614 0.244386
vn 0.664897 -0.705796 0.244468
vn -0.716737 0.652449 0.246169
vn -0.103405 -0.657541 -0.746289
vn -0.103405 0.657541 0.746289
vn 0.556014 0.531275 -0.639214
vn 0.556014 -0.531275 0.639214
vn 0.121521 0.702984 -0.700747
vn 0.121521 -0.702984 0.700747
vn -0.573967 -0.564607 -0.593111
vn -0.573967 0.564607 0.593111
vn 0.719189 0.545220 0.430701
vn 0.719199 0.545219 -0.430684
vn 0.552589 -0.833454 -0.000000
vn 0.719189 -0.545220 -0.430701
vn 0.719199 -0.545220 0.430684
vn -0.712313 0.556844 -0.427241
vn -0.712313 -0.556844 0.427241
vn -0.632214 -0.774793 0.000000
vn -0.845514 0.472996 0.247754
vn -0.845514 -0.472996 -0.247754
vn 0.670028 -0.327430 0.666222
vn 0.360581 -0.860209 -0.360585
vn -0.360582 -0.860209 0.360585
vn 0.360584 -0.860209 0.360582
vn -0.360585 -0.860209 -0.360582
vn 0.599718 0.529769 0.599737
vn -0.599709 0.529781 -0.599734
vn 0.599733 0.529781 -0.599710
vn -0.599725 0.529795 0.599706
vn -0.782622 0.299650 -0.545631
vn -0.782622 0.299650 -0.545631
vn 0.643969 0.514159 0.566520
vn -0.782637 0.299646 0.545611
vn 0.215476 -0.736524 -0.641173
vn -0.782637 0.299646 0.545611
vn 0.215483 -0.736526 0.641168
vn -0.439608 -0.625582 -0.644509
vn -0.439608 -0.625582 -0.644509
vn -0.298755 0.681625 0.667932
vn 0.700496 -0.614945 -0.362144
vn -0.138693 -0.687293 0.713017
vn -0.135212 0.702609 -0.698612
vn -0.173690 -0.694097 -0.698613
vn -0.759644 0.020925 -0.650002
vn -0.772286 -0.438533 0.459634
vn -0.772294 -0.438520 -0.459633
vn -0.777519 -0.628859 0.000000
vn -0.759637 0.020920 0.650011
vn -0.772286 -0.438533 0.459634
vn 0.132976 -0.889109 -0.437954
vn -0.477680 -0.562695 -0.674682
vn 0.744245 0.637081 -0.200569
vn 0.700496 -0.614945 -0.362144
vn 0.744245 0.637081 -0.200569
vn -0.197792 0.034580 -0.979634
vn -0.439608 -0.625582 0.644509
vn 0.700496 -0.614944 0.362145
vn -0.741734 0.670694 -0.000000
vn -0.759637 0.020920 0.650010
vn -0.746957 0.480398 -0.459644
vn -0.746971 0.480387 0.459632
vn -0.741734 0.670694 -0.000000
vn -0.759644 0.020925 -0.650002
vn -0.772286 -0.438533 0.459633
vn -0.759644 0.020925 -0.650002
vn -0.772286 -0.438533 0.459633
vn -0.772294 -0.438520 -0.459632
vn -0.477675 -0.562682 0.674696
vn 0.132971 -0.889090 0.437994
vn 0.700496 -0.614944 0.362145
vn 0.744245 0.637081 0.200568
vn 0.132971 -0.889090 0.437994
vn 0.744245 0.637081 0.200568
vn -0.477675 -0.562682 0.674696
vn 0.630268 -0.000001 -0.776378
vn 0.630267 -0.548995 0.548971
vn 0.630265 0.548978 0.548990
vn 0.630261 -0.776383 -0.000008
vn 0.630276 -0.548984 -0.548971
vn 0.630264 0.548988 -0.548980
vn 0.630265 0.548978 0.548990
vn 0.630267 -0.548995 0.548971
vn 0.630264 0.548988 -0.548980
vn -0.630289 -0.000000 -0.776360
vn -0.630250 -0.548986 0.548999
vn -0.630265 -0.548984 -0.548984
vn -0.630265 -0.776380 0.000008
vn -0.630280 0.000009 0.776368
vn -0.493953 0.625862 -0.603579
vn 0.180467 0.731988 -0.656982
vn -0.035526 0.717025 0.696141
vn -0.493953 0.625862 -0.603579
vn -0.673957 -0.479757 0.561797
vn -0.673986 -0.479721 -0.561792
vn 0.642044 0.454103 0.617713
vn 0.642044 0.454103 0.617713
vn 0.621167 -0.537646 0.570165
vn 0.621148 -0.537664 -0.570169
vn -0.585279 0.533893 0.610252
vn -0.533295 -0.589092 0.607097
vn -0.000001 0.764580 0.644528
vn 0.574732 0.542438 0.612735
vn 0.543825 -0.582376 0.604229
vn -1.000000 0.000000 0.000000
vn 0.000000 -0.000000 -1.000000
vn 1.000000 0.000000 0.000000
vn 0.000000 0.000000 1.000000
vn 0.000000 -1.000000 0.000000
vn 0.000000 1.000000 -0.000000
vn -0.998507 0.054623 -0.000001
vn -0.000000 0.000000 -1.000000
vn 0.998507 -0.054623 -0.000001
vn 0.000000 0.000000 1.000000
vn -0.054623 -0.998507 -0.000000
vn 0.054623 0.998507 0.000000
f 1/1/1 2/2/2 3/3/3
f 4/4/4 5/5/5 6/6/6
f 7/7/7 8/8/8 9/9/9
f 10/10/10 11/11/11 7/7/7
f 12/12/12 13/13/13 4/4/4
f 14/14/14 15/15/15 16/16/16
f 17/17/17 18/18/18 19/19/19
f 1/1/1 20/20/20 21/21/21
f 16/16/16 22/22/22 23/23/23
f 6/6/6 24/24/24 25/25/25
f 26/26/26 27/27/27 28/28/28
f 29/29/29 30/30/30 15/15/15
f 31/31/31 32/32/32 33/33/33
f 2/2/2 28/28/28 3/3/3
f 34/34/34 35/35/35 36/36/36
f 30/30/30 37/37/37 38/38/38
f 32/32/32 39/39/39 33/33/33
f 13/13/13 40/40/40 41/41/41
f 13/13/13 42/42/42 43/43/43
f 30/30/30 44/44/44 45/45/45
f 46/46/46 47/47/47 48/48/48
f 49/49/49 30/30/30 45/45/45
f 6/6/6 50/50/50 51/51/51
f 16/16/16 52/52/52 14/14/14
f 19/19/19 53/53/53 54/54/54
f 55/55/55 15/15/15 49/49/49
f 56/56/56 13/13/13 43/43/43
f 4/4/4 51/51/51 12/12/12
f 57/57/57 58/58/58 35/35/35
f 38/38/38 59/59/59 60/60/60
f 41/41/41 61/61/61 42/42/42
f 62/62/62 63/63/63 27/27/27
f 64/64/64 65/65/65 66/66/66
f 59/59/59 67/67/67 60/60/60
f 61/61/61 64/64/64 66/66/66
f 68/68/68 69/69/69 63/63/63
f 70/70/70 71/71/71 72/72/72
f 73/73/73 74/74/74 75/75/75
f 76/76/76 77/77/77 78/78/78
f 67/67/67 79/79/79 80/80/80
f 81/81/81 82/82/82 83/83/83
f 84/84/84 85/85/85 86/86/86
f 87/87/87 88/88/88 89/89/89
f 72/72/72 90/90/90 70/70/70
f 91/91/91 92/92/92 93/93/93
f 94/94/94 95/95/95 96/96/96
f 76/76/76 97/97/97 98/98/98
f 80/80/80 99/99/99 97/97/97
f 100/100/100 93/93/93 65/65/65
f 101/101/101 102/102/102 103/103/103
f 104/104/104 105/105/105 106/106/106
f 107/107/107 108/108/108 109/109/109
f 110/110/110 111/111/111 102/102/102
f 97/97/97 112/112/112 98/98/98
f 97/97/97 113/113/113 114/114/114
f 71/71/71 107/107/107 109/109/109
f 91/91/91 109/109/109 115/115/115
f 98/98/98 116/116/116 117/117/117
f 118/118/118 119/119/119 120/120/120
f 121/121/121 98/98/98 117/117/117
f 64/64/64 72/72/72 100/100/100
f 122/122/122 89/89/89 123/123/123
f 67/67/67 76/76/76 78/78/78
f 72/72/72 91/91/91 100/100/100
f 124/124/124 125/125/125 108/108/108
f 126/126/126 127/127/127 95/95/95
f 128/128/128 129/129/129 130/130/130
f 116/116/116 131/131/131 132/132/132
f 133/133/133 134/134/134 135/135/135
f 113/113/113 136/136/136 114/114/114
f 92/92/92 137/137/137 138/138/138
f 139/139/139 135/135/135 111/111/111
f 140/140/140 141/141/141 142/142/142
f 143/143/143 144/144/144 105/105/105
f 136/136/136 145/145/145 146/146/146
f 137/137/137 147/147/147 138/138/138
f 125/125/125 148/148/148 149/149/149
f 150/150/150 151/151/151 127/127/127
f 152/152/152 153/153/153 129/129/129
f 132/132/132 154/154/154 155/155/155
f 156/156/156 157/157/157 158/158/158
f 159/159/159 160/160/160 151/151/151
f 161/161/161 162/162/162 163/163/163
f 154/154/154 164/164/164 155/155/155
f 165/165/165 166/166/166 167/167/167
f 146/146/146 165/165/165 167/167/167
f 168/168/168 169/169/169 147/147/147
f 170/170/170 171/171/171 134/134/134
f 172/172/172 173/173/173 174/174/174
f 169/169/169 175/175/175 172/172/172
f 176/176/176 177/177/177 171/171/171
f 178/178/178 179/179/179 180/180/180
f 181/181/181 182/182/182 183/183/183
f 184/184/184 185/185/185 177/177/177
f 186/186/186 187/187/187 179/179/179
f 188/188/188 189/189/189 166/166/166
f 190/190/190 191/191/191 192/192/192
f 189/189/189 193/193/193 194/194/194
f 173/173/173 192/192/192 174/174/174
f 195/195/195 196/196/196 185/185/185
f 197/197/197 198/198/198 191/191/191
f 196/196/196 199/199/199 200/200/200
f 201/201/201 202/202/202 203/203/203
f 194/194/194 204/204/204 205/205/205
f 206/206/206 207/207/207 208/208/208
f 199/199/199 209/209/209 200/200/200
f 210/210/210 211/211/211 202/202/202
f 205/205/205 212/212/212 213/213/213
f 214/214/214 215/215/215 216/216/216
f 217/217/217 218/218/218 219/219/219
f 220/220/220 221/221/221 218/218/218
f 222/222/222 223/223/223 224/224/224
f 225/225/225 226/226/226 223/223/223
f 227/227/227 228/228/228 229/229/229
f 230/230/230 231/231/231 232/232/232
f 233/233/233 234/234/234 228/228/228
f 235/235/235 216/216/216 236/236/236
f 221/221/221 237/237/237 218/218/218
f 238/238/238 239/239/239 240/240/240
f 228/228/228 240/240/240 229/229/229
f 223/223/223 241/241/241 224/224/224
f 234/234/234 238/238/238 228/228/228
f 218/218/218 242/242/242 219/219/219
f 226/226/226 243/243/243 223/223/223
f 216/216/216 244/244/244 236/236/236
f 215/215/215 245/245/245 216/216/216
f 246/246/246 247/247/247 248/248/248
f 243/243/243 249/249/249 241/241/241
f 237/237/237 250/250/250 242/242/242
f 251/251/251 252/252/252 238/238/238
f 253/253/253 254/254/254 243/243/243
f 255/255/255 256/256/256 237/237/237
f 257/257/257 258/258/258 245/245/245
f 245/245/245 259/259/259 244/244/244
f 260/260/260 261/261/261 262/262/262
f 263/263/263 264/264/264 265/265/265
f 266/266/266 267/267/267 268/268/268
f 269/269/269 270/270/270 271/271/271
f 271/271/271 272/272/272 269/269/269
f 273/273/273 274/274/274 275/275/275
f 276/276/276 277/277/277 278/278/278
f 265/265/265 279/279/279 280/280/280
f 261/261/261 281/281/281 262/262/262
f 267/267/267 282/282/282 268/268/268
f 283/283/283 284/284/284 285/285/285
f 286/286/286 287/287/287 288/288/288
f 272/272/272 289/289/289 283/283/283
f 279/279/279 290/290/290 280/280/280
f 291/291/291 292/292/292 293/293/293
f 294/294/294 295/295/295 290/290/290
f 296/296/296 293/293/293 277/277/277
f 297/297/297 298/298/298 287/287/287
f 299/299/299 300/300/300 301/301/301
f 298/298/298 302/302/302 303/303/303
f 285/285/285 304/304/304 305/305/305
f 306/306/306 307/307/307 295/295/295
f 308/308/308 309/309/309 310/310/310
f 305/305/305 311/311/311 312/312/312
f 313/313/313 314/314/314 307/307/307
f 315/315/315 316/316/316 317/317/317
f 318/318/318 319/319/319 320/320/320
f 321/321/321 322/322/322 323/323/323
f 324/324/324 325/325/325 326/326/326
f 327/327/327 328/328/328 329/329/329
f 328/328/328 330/330/330 329/329/329
f 331/331/331 332/332/332 333/333/333
f 334/334/334 335/335/335 336/336/336
f 323/323/323 337/337/337 321/321/321
f 319/319/319 336/336/336 320/320/320
f 325/325/325 338/338/338 326/326/326
f 339/339/339 340/340/340 341/341/341
f 342/342/342 341/341/341 330/330/330
f 337/337/337 343/343/343 344/344/344
f 345/345/345 346/346/346 347/347/347
f 348/348/348 349/349/349 350/350/350
f 344/344/344 351/351/351 352/352/352
f 353/353/353 354/354/354 346/346/346
f 355/355/355 356/356/356 357/357/357
f 358/358/358 359/359/359 360/360/360
f 361/361/361 362/362/362 363/363/363
f 364/364/364 365/365/365 366/366/366
f 367/367/367 368/368/368 369/369/369
f 370/370/370 371/371/371 372/372/372
f 373/373/373 374/374/374 375/375/375
f 376/376/376 377/377/377 378/378/378
f 379/379/379 380/380/380 376/376/376
f 381/381/381 382/382/382 383/383/383
f 384/384/384 385/385/385 386/386/386
f 387/387/387 388/388/388 385/385/385
f 389/389/389 390/390/390 391/391/391
f 392/392/392 393/393/393 394/394/394
f 395/395/395 396/396/396 393/393/393
f 397/397/397 398/398/398 399/399/399
f 400/400/400 401/401/401 402/402/402
f 403/403/403 404/404/404 401/401/401
f 405/405/405 406/406/406 407/407/407
f 408/408/408 409/409/409 410/410/410
f 411/411/411 412/412/412 409/409/409
f 413/413/413 414/414/414 415/415/415
f 416/416/416 417/417/417 418/418/418
f 419/419/419 420/420/420 416/416/416
f 421/421/421 422/422/422 423/423/423
f 424/424/424 425/425/425 426/426/426
f 427/427/427 428/428/428 424/424/424
f 429/429/429 430/430/430 427/427/427
f 431/431/431 432/432/432 429/429/429
f 431/431/431 433/433/433 434/434/434
f 435/435/435 436/436/436 433/433/433
f 437/437/437 438/438/438 436/436/436
f 439/439/439 440/440/440 438/438/438
f 441/441/441 442/442/442 440/440/440
f 443/443/443 444/444/444 442/442/442
f 445/445/445 446/446/446 444/444/444
f 447/447/447 448/448/448 446/446/446
f 449/449/449 450/450/450 448/448/448
f 451/451/451 452/452/452 450/450/450
f 453/453/453 454/454/454 452/452/452
f 455/455/455 456/456/456 454/454/454
f 457/457/457 456/456/456 458/458/458
f 372/372/372 459/459/459 457/457/457
f 460/460/460 461/461/461 462/462/462
f 463/463/463 464/464/464 461/461/461
f 381/381/381 465/465/465 464/464/464
f 465/465/465 466/466/466 467/467/467
f 467/467/467 468/468/468 469/469/469
f 469/469/469 470/470/470 471/471/471
f 471/471/471 472/472/472 473/473/473
f 473/473/473 413/413/413 474/474/474
f 474/474/474 415/415/415 475/475/475
f 475/475/475 476/476/476 477/477/477
f 477/477/477 478/478/478 479/479/479
f 479/479/479 480/480/480 481/481/481
f 481/481/481 482/482/482 483/483/483
f 483/483/483 484/484/484 485/485/485
f 485/485/485 486/486/486 487/487/487
f 486/486/486 488/488/488 487/487/487
f 489/489/489 490/490/490 488/488/488
f 491/491/491 369/369/369 490/490/490
f 492/492/492 493/493/493 494/494/494
f 389/389/389 495/495/495 493/493/493
f 391/391/391 496/496/496 495/495/495
f 497/497/497 498/498/498 496/496/496
f 498/498/498 499/499/499 500/500/500
f 500/500/500 501/501/501 502/502/502
f 502/502/502 421/421/421 503/503/503
f 503/503/503 423/423/423 504/504/504
f 504/504/504 505/505/505 506/506/506
f 506/506/506 507/507/507 508/508/508
f 508/508/508 509/509/509 510/510/510
f 510/510/510 511/511/511 512/512/512
f 512/512/512 513/513/513 514/514/514
f 514/514/514 515/515/515 516/516/516
f 516/516/516 517/517/517 518/518/518
f 518/518/518 519/519/519 520/520/520
f 519/519/519 521/521/521 520/520/520
f 522/522/522 363/363/363 521/521/521
f 523/523/523 524/524/524 525/525/525
f 526/526/526 527/527/527 528/528/528
f 529/529/529 530/530/530 531/531/531
f 532/532/532 533/533/533 534/534/534
f 535/535/535 536/536/536 537/537/537
f 538/538/538 539/539/539 540/540/540
f 519/519/519 541/541/541 522/522/522
f 491/491/491 542/542/542 367/367/367
f 543/543/543 544/544/544 545/545/545
f 546/546/546 547/547/547 548/548/548
f 507/507/507 549/549/549 509/509/509
f 478/478/478 550/550/550 480/480/480
f 551/551/551 552/552/552 553/553/553
f 554/554/554 555/555/555 556/556/556
f 557/557/557 558/558/558 559/559/559
f 560/560/560 561/561/561 499/499/499
f 468/468/468 562/562/562 470/470/470
f 563/563/563 564/564/564 565/565/565
f 566/566/566 567/567/567 568/568/568
f 569/569/569 570/570/570 571/571/571
f 484/484/484 572/572/572 486/486/486
f 513/513/513 573/573/573 515/515/515
f 574/574/574 575/575/575 576/576/576
f 577/577/577 578/578/578 579/579/579
f 580/580/580 581/581/581 582/582/582
f 583/583/583 584/584/584 585/585/585
f 586/586/586 587/587/587 588/588/588
f 589/589/589 590/590/590 591/591/591
f 592/592/592 593/593/593 589/589/589
f 594/594/594 595/595/595 596/596/596
f 597/597/597 598/598/598 599/599/599
f 600/600/600 601/601/601 598/598/598
f 602/602/602 603/603/603 604/604/604
f 605/605/605 606/606/606 603/603/603
f 607/607/607 608/608/608 609/609/609
f 610/610/610 611/611/611 612/612/612
f 613/613/613 614/614/614 615/615/615
f 616/616/616 617/617/617 614/614/614
f 618/618/618 619/619/619 617/617/617
f 620/620/620 621/621/621 619/619/619
f 622/622/622 623/623/623 621/621/621
f 624/624/624 625/625/625 623/623/623
f 626/626/626 625/625/625 627/627/627
f 588/588/588 628/628/628 626/626/626
f 629/629/629 630/630/630 631/631/631
f 632/632/632 633/633/633 630/630/630
f 594/594/594 634/634/634 633/633/633
f 634/634/634 635/635/635 636/636/636
f 636/636/636 637/637/637 638/638/638
f 638/638/638 639/639/639 640/640/640
f 640/640/640 641/641/641 642/642/642
f 642/642/642 610/610/610 643/643/643
f 643/643/643 612/612/612 644/644/644
f 645/645/645 646/646/646 647/647/647
f 647/647/647 648/648/648 649/649/649
f 649/649/649 650/650/650 651/651/651
f 651/651/651 652/652/652 653/653/653
f 653/653/653 654/654/654 655/655/655
f 655/655/655 656/656/656 657/657/657
f 656/656/656 658/658/658 657/657/657
f 659/659/659 582/582/582 658/658/658
f 660/660/660 661/661/661 662/662/662
f 663/663/663 664/664/664 665/665/665
f 666/666/666 667/667/667 668/668/668
f 656/656/656 669/669/669 659/659/659
f 670/670/670 671/671/671 672/672/672
f 673/673/673 674/674/674 646/646/646
f 675/675/675 676/676/676 677/677/677
f 678/678/678 679/679/679 680/680/680
f 637/637/637 681/681/681 639/639/639
f 682/682/682 683/683/683 684/684/684
f 650/650/650 685/685/685 652/652/652
f 686/686/686 687/687/687 688/688/688
f 689/689/689 690/690/690 691/691/691
f 692/692/692 693/693/693 694/694/694
f 695/695/695 696/696/696 697/697/697
f 698/698/698 699/699/699 700/700/700
f 701/701/701 702/702/702 703/703/703
f 704/704/704 705/705/705 706/706/706
f 707/707/707 708/708/708 709/709/709
f 710/710/710 711/711/711 712/712/712
f 713/713/713 714/714/714 715/715/715
f 716/716/716 717/717/717 718/718/718
f 719/719/719 720/720/720 721/721/721
f 722/722/722 723/723/723 724/724/724
f 725/725/725 726/726/726 727/727/727
f 728/728/728 729/729/729 730/730/730
f 731/731/731 732/732/732 733/733/733
f 734/734/734 735/735/735 736/736/736
f 737/737/737 734/734/734 738/738/738
f 739/739/739 740/740/740 741/741/741
f 741/741/741 742/742/742 743/743/743
f 738/738/738 736/736/736 744/744/744
f 732/732/732 745/745/745 746/746/746
f 747/747/747 728/728/728 748/748/748
f 749/749/749 728/728/728 750/750/750
f 727/727/727 751/751/751 752/752/752
f 740/740/740 753/753/753 754/754/754
f 733/733/733 746/746/746 755/755/755
f 728/728/728 756/756/756 750/750/750
f 727/727/727 757/757/757 758/758/758
f 759/759/759 760/760/760 761/761/761
f 762/762/762 763/763/763 764/764/764
f 765/765/765 766/766/766 767/767/767
f 768/768/768 769/769/769 767/767/767
f 770/770/770 771/771/771 772/772/772
f 761/761/761 773/773/773 774/774/774
f 775/775/775 776/776/776 777/777/777
f 778/778/778 777/777/777 770/770/770
f 773/773/773 779/779/779 774/774/774
f 780/780/780 781/781/781 763/763/763
f 782/782/782 783/783/783 784/784/784
f 785/785/785 782/782/782 779/779/779
f 786/786/786 787/787/787 781/781/781
f 788/788/788 789/789/789 766/766/766
f 790/790/790 791/791/791 792/792/792
f 793/793/793 794/794/794 787/787/787
f 795/795/795 796/796/796 789/789/789
f 776/776/776 797/797/797 798/798/798
f 799/799/799 800/800/800 760/760/760
f 771/771/771 801/801/801 772/772/772
f 802/802/802 803/803/803 764/764/764
f 804/804/804 805/805/805 769/769/769
f 800/800/800 806/806/806 807/807/807
f 808/808/808 809/809/809 801/801/801
f 810/810/810 811/811/811 803/803/803
f 812/812/812 813/813/813 805/805/805
f 814/814/814 815/815/815 816/816/816
f 809/809/809 817/817/817 818/818/818
f 819/819/819 820/820/820 811/811/811
f 821/821/821 822/822/822 813/813/813
f 809/809/809 823/823/823 824/824/824
f 814/814/814 825/825/825 826/826/826
f 827/827/827 809/809/809 824/824/824
f 800/800/800 828/828/828 829/829/829
f 830/830/830 801/801/801 827/827/827
f 831/831/831 800/800/800 829/829/829
f 776/776/776 832/832/832 833/833/833
f 834/834/834 835/835/835 836/836/836
f 837/837/837 782/782/782 838/838/838
f 782/782/782 839/839/839 838/838/838
f 840/840/840 779/779/779 837/837/837
f 841/841/841 777/777/777 842/842/842
f 842/842/842 776/776/776 833/833/833
f 759/759/759 774/774/774 840/840/840
f 778/778/778 772/772/772 830/830/830
f 843/843/843 760/760/760 831/831/831
f 844/844/844 845/845/845 846/846/846
f 847/847/847 848/848/848 849/849/849
f 813/813/813 850/850/850 851/851/851
f 811/811/811 852/852/852 853/853/853
f 854/854/854 848/848/848 855/855/855
f 856/856/856 813/813/813 851/851/851
f 857/857/857 811/811/811 853/853/853
f 769/769/769 856/856/856 858/858/858
f 764/764/764 857/857/857 762/762/762
f 789/789/789 859/859/859 860/860/860
f 787/787/787 861/861/861 862/862/862
f 863/863/863 835/835/835 864/864/864
f 865/865/865 789/789/789 860/860/860
f 866/866/866 787/787/787 862/862/862
f 763/763/763 866/866/866 867/867/867
f 767/767/767 858/858/858 765/765/765
f 767/767/767 865/865/865 768/768/768
f 764/764/764 867/867/867 802/802/802
f 868/868/868 869/869/869 870/870/870
f 871/871/871 872/872/872 873/873/873
f 874/874/874 869/869/869 875/875/875
f 876/876/876 877/877/877 871/871/871
f 834/834/834 791/791/791 878/878/878
f 790/790/790 845/845/845 879/879/879
f 863/863/863 880/880/880 881/881/881
f 844/844/844 880/880/880 882/882/882
f 883/883/883 884/884/884 885/885/885
f 886/886/886 883/883/883 887/887/887
f 888/888/888 883/883/883 889/889/889
f 883/883/883 890/890/890 889/889/889
f 891/891/891 892/892/892 893/893/893
f 894/894/894 895/895/895 896/896/896
f 897/897/897 898/898/898 894/894/894
f 899/899/899 892/892/892 900/900/900
f 901/901/901 902/902/902 903/903/903
f 904/904/904 905/905/905 906/906/906
f 907/907/907 908/908/908 909/909/909
f 910/910/910 905/905/905 911/911/911
f 847/847/847 825/825/825 912/912/912
f 854/854/854 913/913/913 914/914/914
f 915/915/915 913/913/913 916/916/916
f 915/915/915 815/815/815 917/917/917
f 918/918/918 919/919/919 920/920/920
f 921/921/921 918/918/918 922/922/922
f 923/923/923 918/918/918 924/924/924
f 918/918/918 925/925/925 924/924/924
f 926/926/926 908/908/908 927/927/927
f 928/928/928 929/929/929 930/930/930
f 901/901/901 931/931/931 932/932/932
f 928/928/928 933/933/933 934/934/934
f 935/935/935 936/936/936 937/937/937
f 938/938/938 939/939/939 940/940/940
f 941/941/941 942/942/942 943/943/943
f 944/944/944 945/945/945 946/946/946
f 947/947/947 948/948/948 949/949/949
f 941/941/941 950/950/950 951/951/951
f 952/952/952 953/953/953 954/954/954
f 935/935/935 955/955/955 956/956/956
f 944/944/944 957/957/957 958/958/958
f 959/959/959 960/960/960 939/939/939
f 961/961/961 962/962/962 963/963/963
f 964/964/964 965/965/965 966/966/966
f 954/954/954 967/967/967 964/964/964
f 966/966/966 968/968/968 952/952/952
f 969/969/969 970/970/970 971/971/971
f 972/972/972 973/973/973 974/974/974
f 975/975/975 976/976/976 977/977/977
f 978/978/978 979/979/979 980/980/980
f 981/981/981 971/971/971 970/970/970
f 982/982/982 983/983/983 981/981/981
f 969/969/969 983/983/983 984/984/984
f 985/985/985 981/981/981 970/970/970
f 700/700/700 986/986/986 987/987/987
f 697/697/697 988/988/988 989/989/989
f 694/694/694 990/990/990 991/991/991
f 691/691/691 992/992/992 993/993/993
f 718/718/718 994/994/994 995/995/995
f 724/724/724 996/996/996 997/997/997
f 712/712/712 998/998/998 999/999/999
f 715/715/715 1000/1000/1000 1001/1001/1001
f 1002/1002/1002 1003/1003/1003 1004/1004/1004
f 1005/1005/1005 1006/1006/1006 1007/1007/1007
f 1008/1008/1008 1009/1009/1009 1010/1010/1010
f 1011/1011/1011 1012/1012/1012 1013/1013/1013
f 1007/1007/1007 1014/1014/1014 1005/1005/1005
f 1015/1015/1015 1016/1016/1016 1017/1017/1017
f 1018/1018/1018 1019/1019/1019 1020/1020/1020
f 1003/1003/1003 1019/1019/1019 1004/1004/1004
f 1021/1021/1021 1018/1018/1018 1022/1022/1022
f 1013/1013/1013 1023/1023/1023 1024/1024/1024
f 1025/1025/1025 1026/1026/1026 1027/1027/1027
f 1028/1028/1028 1029/1029/1029 1030/1030/1030
f 1031/1031/1031 1032/1032/1032 1033/1033/1033
f 1030/1030/1030 1034/1034/1034 1035/1035/1035
f 1036/1036/1036 1037/1037/1037 1038/1038/1038
f 1039/1039/1039 1040/1040/1040 1038/1038/1038
f 1041/1041/1041 1042/1042/1042 1043/1043/1043
f 1044/1044/1044 1045/1045/1045 1025/1025/1025
f 1040/1040/1040 1036/1036/1036 1038/1038/1038
f 1045/1045/1045 1046/1046/1046 1026/1026/1026
f 1028/1028/1028 1035/1035/1035 1047/1047/1047
f 1048/1048/1048 1049/1049/1049 1050/1050/1050
f 1051/1051/1051 1052/1052/1052 1041/1041/1041
f 1039/1039/1039 1037/1037/1037 1053/1053/1053
f 1049/1049/1049 1054/1054/1054 1050/1050/1050
f 1055/1055/1055 1056/1056/1056 1057/1057/1057
f 1033/1033/1033 1058/1058/1058 1045/1045/1045
f 1059/1059/1059 1028/1028/1028 1047/1047/1047
f 1060/1060/1060 1061/1061/1061 1049/1049/1049
f 1030/1030/1030 1062/1062/1062 1063/1063/1063
f 1064/1064/1064 1065/1065/1065 1028/1028/1028
f 1066/1066/1066 1055/1055/1055 1037/1037/1037
f 1050/1050/1050 1043/1043/1043 1048/1048/1048
f 1067/1067/1067 1033/1033/1033 1044/1044/1044
f 1054/1054/1054 1041/1041/1041 1050/1050/1050
f 1053/1053/1053 1055/1055/1055 1057/1057/1057
f 1068/1068/1068 1069/1069/1069 1070/1070/1070
f 1042/1042/1042 1071/1071/1071 1072/1072/1072
f 1034/1034/1034 1073/1073/1073 1074/1074/1074
f 1026/1026/1026 1075/1075/1075 1027/1027/1027
f 1046/1046/1046 1076/1076/1076 1026/1026/1026
f 1055/1055/1055 1077/1077/1077 1068/1068/1068
f 1052/1052/1052 1078/1078/1078 1071/1071/1071
f 1062/1062/1062 1073/1073/1073 1063/1063/1063
f 1079/1079/1079 1080/1080/1080 1081/1081/1081
f 1071/1071/1071 1082/1082/1082 1083/1083/1083
f 1084/1084/1084 1085/1085/1085 1073/1073/1073
f 1068/1068/1068 1086/1086/1086 1056/1056/1056
f 1072/1072/1072 1083/1083/1083 1087/1087/1087
f 1074/1074/1074 1085/1085/1085 1088/1088/1088
f 1076/1076/1076 1081/1081/1081 1075/1075/1075
f 1089/1089/1089 1079/1079/1079 1076/1076/1076
f 1090/1090/1090 1091/1091/1091 1092/1092/1092
f 1093/1093/1093 1094/1094/1094 1079/1079/1079
f 1070/1070/1070 1095/1095/1095 1096/1096/1096
f 1083/1083/1083 1097/1097/1097 1098/1098/1098
f 1099/1099/1099 1100/1100/1100 1085/1085/1085
f 1070/1070/1070 1090/1090/1090 1086/1086/1086
f 1087/1087/1087 1098/1098/1098 1101/1101/1101
f 1088/1088/1088 1100/1100/1100 1102/1102/1102
f 1103/1103/1103 1104/1104/1104 1105/1105/1105
f 1101/1101/1101 1106/1106/1106 1107/1107/1107
f 1100/1100/1100 1108/1108/1108 1102/1102/1102
f 1094/1094/1094 1109/1109/1109 1080/1080/1080
f 1110/1110/1110 1111/1111/1111 1094/1094/1094
f 1095/1095/1095 1091/1091/1091 1096/1096/1096
f 1098/1098/1098 1112/1112/1112 1106/1106/1106
f 1113/1113/1113 1103/1103/1103 1100/1100/1100
f 1114/1114/1114 1115/1115/1115 1116/1116/1116
f 1092/1092/1092 1117/1117/1117 1118/1118/1118
f 1107/1107/1107 1119/1119/1119 1120/1120/1120
f 1103/1103/1103 1121/1121/1121 1108/1108/1108
f 1111/1111/1111 1122/1122/1122 1109/1109/1109
f 1111/1111/1111 1123/1123/1123 1124/1124/1124
f 1125/1125/1125 1117/1117/1117 1091/1091/1091
f 1106/1106/1106 1126/1126/1126 1119/1119/1119
f 1127/1127/1127 1128/1128/1128 1129/1129/1129
f 1031/1031/1031 1130/1130/1130 1127/1127/1127
f 1049/1049/1049 1131/1131/1131 1132/1132/1132
f 1040/1040/1040 1133/1133/1133 1134/1134/1134
f 1059/1059/1059 1135/1135/1135 1064/1064/1064
f 1136/1136/1136 1137/1137/1137 1138/1138/1138
f 1040/1040/1040 1139/1139/1139 1140/1140/1140
f 1064/1064/1064 1141/1141/1141 1142/1142/1142
f 1143/1143/1143 1144/1144/1144 1145/1145/1145
f 1146/1146/1146 1147/1147/1147 1148/1148/1148
f 1149/1149/1149 1150/1150/1150 1151/1151/1151
f 1152/1152/1152 1153/1153/1153 1154/1154/1154
f 1155/1155/1155 1156/1156/1156 1157/1157/1157
f 1158/1158/1158 1159/1159/1159 1160/1160/1160
f 1161/1161/1161 1162/1162/1162 1163/1163/1163
f 1164/1164/1164 1145/1145/1145 1151/1151/1151
f 1156/1156/1156 1159/1159/1159 1157/1157/1157
f 1145/1145/1145 1165/1165/1165 1166/1166/1166
f 1154/1154/1154 1146/1146/1146 1167/1167/1167
f 1168/1168/1168 1169/1169/1169 1170/1170/1170
f 1171/1171/1171 1172/1172/1172 1162/1162/1162
f 1158/1158/1158 1155/1155/1155 1157/1157/1157
f 1173/1173/1173 1174/1174/1174 1168/1168/1168
f 1175/1175/1175 1176/1176/1176 1177/1177/1177
f 1151/1151/1151 1166/1166/1166 1149/1149/1149
f 1146/1146/1146 1178/1178/1178 1167/1167/1167
f 1179/1179/1179 1169/1169/1169 1174/1174/1174
f 1153/1153/1153 1180/1180/1180 1147/1147/1147
f 1146/1146/1146 1181/1181/1181 1182/1182/1182
f 1176/1176/1176 1183/1183/1183 1155/1155/1155
f 1163/1163/1163 1168/1168/1168 1170/1170/1170
f 1151/1151/1151 1184/1184/1184 1164/1164/1164
f 1162/1162/1162 1173/1173/1173 1168/1168/1168
f 1185/1185/1185 1176/1176/1176 1155/1155/1155
f 1186/1186/1186 1187/1187/1187 1188/1188/1188
f 1161/1161/1161 1189/1189/1189 1171/1171/1171
f 1152/1152/1152 1190/1190/1190 1191/1191/1191
f 1192/1192/1192 1144/1144/1144 1193/1193/1193
f 1194/1194/1194 1165/1165/1165 1144/1144/1144
f 1176/1176/1176 1188/1188/1188 1195/1195/1195
f 1171/1171/1171 1196/1196/1196 1197/1197/1197
f 1190/1190/1190 1180/1180/1180 1191/1191/1191
f 1198/1198/1198 1199/1199/1199 1200/1200/1200
f 1189/1189/1189 1201/1201/1201 1196/1196/1196
f 1202/1202/1202 1203/1203/1203 1190/1190/1190
f 1204/1204/1204 1186/1186/1186 1175/1175/1175
f 1205/1205/1205 1206/1206/1206 1189/1189/1189
f 1207/1207/1207 1202/1202/1202 1190/1190/1190
f 1200/1200/1200 1194/1194/1194 1192/1192/1192
f 1199/1199/1199 1208/1208/1208 1194/1194/1194
f 1209/1209/1209 1210/1210/1210 1211/1211/1211
f 1212/1212/1212 1213/1213/1213 1199/1199/1199
f 1214/1214/1214 1215/1215/1215 1187/1187/1187
f 1206/1206/1206 1216/1216/1216 1201/1201/1201
f 1217/1217/1217 1218/1218/1218 1202/1202/1202
f 1209/1209/1209 1214/1214/1214 1204/1204/1204
f 1219/1219/1219 1220/1220/1220 1206/1206/1206
f 1221/1221/1221 1217/1217/1217 1202/1202/1202
f 1222/1222/1222 1223/1223/1223 1224/1224/1224
f 1225/1225/1225 1226/1226/1226 1220/1220/1220
f 1227/1227/1227 1217/1217/1217 1228/1228/1228
f 1229/1229/1229 1212/1212/1212 1198/1198/1198
f 1230/1230/1230 1231/1231/1231 1212/1212/1212
f 1210/1210/1210 1215/1215/1215 1211/1211/1211
f 1220/1220/1220 1232/1232/1232 1216/1216/1216
f 1222/1222/1222 1233/1233/1233 1217/1217/1217
f 1234/1234/1234 1235/1235/1235 1236/1236/1236
f 1237/1237/1237 1238/1238/1238 1210/1210/1210
f 1239/1239/1239 1226/1226/1226 1240/1240/1240
f 1241/1241/1241 1222/1222/1222 1227/1227/1227
f 1242/1242/1242 1230/1230/1230 1229/1229/1229
f 1243/1243/1243 1244/1244/1244 1230/1230/1230
f 1238/1238/1238 1245/1245/1245 1210/1210/1210
f 1226/1226/1226 1246/1246/1246 1232/1232/1232
f 1247/1247/1247 1248/1248/1248 1249/1249/1249
f 1150/1150/1150 1250/1250/1250 1184/1184/1184
f 1251/1251/1251 1174/1174/1174 1252/1252/1252
f 1159/1159/1159 1253/1253/1253 1160/1160/1160
f 1254/1254/1254 1178/1178/1178 1182/1182/1182
f 1255/1255/1255 1256/1256/1256 1257/1257/1257
f 1258/1258/1258 1159/1159/1159 1259/1259/1259
f 1260/1260/1260 1182/1182/1182 1181/1181/1181
f 1261/1261/1261 1262/1262/1262 1263/1263/1263
f 1264/1264/1264 1265/1265/1265 1266/1266/1266
f 1267/1267/1267 1268/1268/1268 1265/1265/1265
f 1269/1269/1269 1270/1270/1270 1271/1271/1271
f 1272/1272/1272 1273/1273/1273 1270/1270/1270
f 1274/1274/1274 1275/1275/1275 1276/1276/1276
f 1277/1277/1277 1278/1278/1278 1279/1279/1279
f 1280/1280/1280 1281/1281/1281 1275/1275/1275
f 1282/1282/1282 1261/1261/1261 1283/1283/1283
f 1284/1284/1284 1285/1285/1285 1286/1286/1286
f 1287/1287/1287 1288/1288/1288 1289/1289/1289
f 1290/1290/1290 1291/1291/1291 1292/1292/1292
f 1293/1293/1293 1294/1294/1294 1291/1291/1291
f 1295/1295/1295 1296/1296/1296 1297/1297/1297
f 1298/1298/1298 1299/1299/1299 1300/1300/1300
f 1287/1287/1287 1301/1301/1301 1302/1302/1302
f 1303/1303/1303 1304/1304/1304 1305/1305/1305
f 1299/1299/1299 1306/1306/1306 1300/1300/1300
f 1292/1292/1292 1307/1307/1307 1290/1290/1290
f 1296/1296/1296 1308/1308/1308 1309/1309/1309
f 1310/1310/1310 1311/1311/1311 1312/1312/1312
f 1297/1297/1297 1313/1313/1313 1295/1295/1295
f 1298/1298/1298 1314/1314/1314 1315/1315/1315
f 1301/1301/1301 1312/1312/1312 1302/1302/1302
f 1316/1316/1316 1317/1317/1317 1318/1318/1318
f 1294/1294/1294 1319/1319/1319 1320/1320/1320
f 1321/1321/1321 1322/1322/1322 1313/1313/1313
f 1323/1323/1323 1324/1324/1324 1314/1314/1314
f 735/735/735 1325/1325/1325 1326/1326/1326
f 1327/1327/1327 1328/1328/1328 1329/1329/1329
f 745/745/745 1328/1328/1328 1330/1330/1330
f 753/753/753 1331/1331/1331 754/754/754
f 732/732/732 1327/1327/1327 1329/1329/1329
f 727/727/727 1332/1332/1332 725/725/725
f 734/734/734 1333/1333/1333 1334/1334/1334
f 740/740/740 1335/1335/1335 742/742/742
f 1328/1328/1328 1336/1336/1336 1330/1330/1330
f 1337/1337/1337 1338/1338/1338 1331/1331/1331
f 1331/1331/1331 1339/1339/1339 1340/1340/1340
f 1341/1341/1341 1342/1342/1342 1343/1343/1343
f 1333/1333/1333 1325/1325/1325 1334/1334/1334
f 1332/1332/1332 1343/1343/1343 1344/1344/1344
f 751/751/751 1343/1343/1343 752/752/752
f 1335/1335/1335 1331/1331/1331 1340/1340/1340
f 1345/1345/1345 1346/1346/1346 1347/1347/1347
f 1348/1348/1348 1345/1345/1345 1349/1349/1349
f 1350/1350/1350 1345/1345/1345 1351/1351/1351
f 1345/1345/1345 1352/1352/1352 1351/1351/1351
f 1353/1353/1353 1354/1354/1354 1328/1328/1328
f 1325/1325/1325 1355/1355/1355 1326/1326/1326
f 1356/1356/1356 1357/1357/1357 1325/1325/1325
f 1343/1343/1343 1358/1358/1358 1344/1344/1344
f 1359/1359/1359 1360/1360/1360 1361/1361/1361
f 1362/1362/1362 1363/1363/1363 1364/1364/1364
f 1365/1365/1365 1366/1366/1366 1367/1367/1367
f 1368/1368/1368 1369/1369/1369 1370/1370/1370
f 1371/1371/1371 1372/1372/1372 1373/1373/1373
f 1374/1374/1374 1375/1375/1375 1376/1376/1376
f 1377/1377/1377 1378/1378/1378 1379/1379/1379
f 1380/1380/1380 1381/1381/1381 1382/1382/1382
f 1383/1383/1383 1384/1384/1384 1385/1385/1385
f 1386/1386/1386 1387/1387/1387 1388/1388/1388
f 1389/1389/1389 1390/1390/1390 1391/1391/1391
f 1392/1392/1392 1393/1393/1393 1394/1394/1394
f 1/1/1 21/21/21 2/2/2
f 4/4/4 56/56/56 5/5/5
f 7/7/7 11/11/11 8/8/8
f 10/10/10 31/31/31 11/11/11
f 12/12/12 1395/1395/1395 13/13/13
f 14/14/14 29/29/29 15/15/15
f 17/17/17 1396/1396/1396 18/18/18
f 1/1/1 1397/1397/1397 20/20/20
f 16/16/16 55/55/55 22/22/22
f 6/6/6 5/5/5 24/24/24
f 26/26/26 62/62/62 27/27/27
f 29/29/29 1398/1398/1398 30/30/30
f 31/31/31 10/10/10 32/32/32
f 2/2/2 26/26/26 28/28/28
f 34/34/34 57/57/57 35/35/35
f 30/30/30 1398/1398/1398 37/37/37
f 32/32/32 1399/1399/1399 39/39/39
f 13/13/13 1395/1395/1395 40/40/40
f 13/13/13 41/41/41 42/42/42
f 30/30/30 38/38/38 44/44/44
f 46/46/46 1400/1400/1400 47/47/47
f 49/49/49 15/15/15 30/30/30
f 6/6/6 25/25/25 50/50/50
f 16/16/16 23/23/23 52/52/52
f 19/19/19 18/18/18 53/53/53
f 55/55/55 16/16/16 15/15/15
f 56/56/56 4/4/4 13/13/13
f 4/4/4 6/6/6 51/51/51
f 57/57/57 1401/1401/1401 58/58/58
f 38/38/38 37/37/37 59/59/59
f 41/41/41 1402/1402/1402 61/61/61
f 62/62/62 68/68/68 63/63/63
f 64/64/64 100/100/100 65/65/65
f 59/59/59 1403/1403/1403 67/67/67
f 61/61/61 1402/1402/1402 64/64/64
f 68/68/68 1404/1404/1404 69/69/69
f 70/70/70 1405/1405/1405 71/71/71
f 73/73/73 1406/1406/1406 74/74/74
f 76/76/76 121/121/121 77/77/77
f 67/67/67 1403/1403/1403 79/79/79
f 81/81/81 1407/1407/1407 82/82/82
f 84/84/84 1408/1408/1408 85/85/85
f 87/87/87 1409/1409/1409 88/88/88
f 72/72/72 1410/1410/1410 90/90/90
f 91/91/91 115/115/115 92/92/92
f 94/94/94 126/126/126 95/95/95
f 76/76/76 80/80/80 97/97/97
f 80/80/80 79/79/79 99/99/99
f 100/100/100 91/91/91 93/93/93
f 101/101/101 110/110/110 102/102/102
f 104/104/104 143/143/143 105/105/105
f 107/107/107 124/124/124 108/108/108
f 110/110/110 139/139/139 111/111/111
f 97/97/97 114/114/114 112/112/112
f 97/97/97 99/99/99 113/113/113
f 71/71/71 1405/1405/1405 107/107/107
f 91/91/91 71/71/71 109/109/109
f 98/98/98 112/112/112 116/116/116
f 118/118/118 1411/1411/1411 119/119/119
f 121/121/121 76/76/76 98/98/98
f 64/64/64 1410/1410/1410 72/72/72
f 122/122/122 87/87/87 89/89/89
f 67/67/67 80/80/80 76/76/76
f 72/72/72 71/71/71 91/91/91
f 124/124/124 1412/1412/1412 125/125/125
f 126/126/126 150/150/150 127/127/127
f 128/128/128 152/152/152 129/129/129
f 116/116/116 112/112/112 131/131/131
f 133/133/133 170/170/170 134/134/134
f 113/113/113 1413/1413/1413 136/136/136
f 92/92/92 115/115/115 137/137/137
f 139/139/139 133/133/133 135/135/135
f 140/140/140 1414/1414/1414 141/141/141
f 143/143/143 1415/1415/1415 144/144/144
f 136/136/136 1413/1413/1413 145/145/145
f 137/137/137 168/168/168 147/147/147
f 125/125/125 1412/1412/1412 148/148/148
f 150/150/150 159/159/159 151/151/151
f 152/152/152 1416/1416/1416 153/153/153
f 132/132/132 131/131/131 154/154/154
f 156/156/156 1417/1417/1417 157/157/157
f 159/159/159 1418/1418/1418 160/160/160
f 161/161/161 1419/1419/1419 162/162/162
f 154/154/154 1420/1420/1420 164/164/164
f 165/165/165 188/188/188 166/166/166
f 146/146/146 145/145/145 165/165/165
f 168/168/168 1421/1421/1421 169/169/169
f 170/170/170 176/176/176 171/171/171
f 172/172/172 175/175/175 173/173/173
f 169/169/169 1421/1421/1421 175/175/175
f 176/176/176 184/184/184 177/177/177
f 178/178/178 186/186/186 179/179/179
f 181/181/181 1422/1422/1422 182/182/182
f 184/184/184 195/195/195 185/185/185
f 186/186/186 1423/1423/1423 187/187/187
f 188/188/188 1424/1424/1424 189/189/189
f 190/190/190 197/197/197 191/191/191
f 189/189/189 1424/1424/1424 193/193/193
f 173/173/173 190/190/190 192/192/192
f 195/195/195 1425/1425/1425 196/196/196
f 197/197/197 1426/1426/1426 198/198/198
f 196/196/196 1425/1425/1425 199/199/199
f 201/201/201 210/210/210 202/202/202
f 194/194/194 193/193/193 204/204/204
f 206/206/206 1427/1427/1427 207/207/207
f 199/199/199 1428/1428/1428 209/209/209
f 210/210/210 1429/1429/1429 211/211/211
f 205/205/205 204/204/204 212/212/212
f 214/214/214 1430/1430/1430 215/215/215
f 217/217/217 220/220/220 218/218/218
f 220/220/220 1431/1431/1431 221/221/221
f 222/222/222 225/225/225 223/223/223
f 225/225/225 1432/1432/1432 226/226/226
f 227/227/227 233/233/233 228/228/228
f 231/231/231 1433/1433/1433 1434/1434/1434
f 1434/1434/1434 1435/1435/1435 231/231/231
f 1435/1435/1435 232/232/232 231/231/231
f 232/232/232 1436/1436/1436 1437/1437/1437
f 1437/1437/1437 230/230/230 232/232/232
f 233/233/233 1438/1438/1438 234/234/234
f 235/235/235 214/214/214 216/216/216
f 221/221/221 255/255/255 237/237/237
f 238/238/238 252/252/252 239/239/239
f 228/228/228 238/238/238 240/240/240
f 223/223/223 243/243/243 241/241/241
f 234/234/234 251/251/251 238/238/238
f 218/218/218 237/237/237 242/242/242
f 226/226/226 253/253/253 243/243/243
f 216/216/216 245/245/245 244/244/244
f 215/215/215 257/257/257 245/245/245
f 248/248/248 1439/1439/1439 1440/1440/1440
f 1440/1440/1440 1441/1441/1441 246/246/246
f 246/246/246 1442/1442/1442 247/247/247
f 247/247/247 1443/1443/1443 248/248/248
f 248/248/248 1440/1440/1440 246/246/246
f 243/243/243 254/254/254 249/249/249
f 237/237/237 256/256/256 250/250/250
f 251/251/251 1444/1444/1444 252/252/252
f 253/253/253 1445/1445/1445 254/254/254
f 255/255/255 1446/1446/1446 256/256/256
f 257/257/257 1447/1447/1447 258/258/258
f 245/245/245 258/258/258 259/259/259
f 260/260/260 1448/1448/1448 261/261/261
f 263/263/263 1449/1449/1449 264/264/264
f 266/266/266 1450/1450/1450 267/267/267
f 269/269/269 1451/1451/1451 270/270/270
f 271/271/271 1452/1452/1452 272/272/272
f 273/273/273 1453/1453/1453 274/274/274
f 276/276/276 296/296/296 277/277/277
f 265/265/265 264/264/264 279/279/279
f 261/261/261 1454/1454/1454 281/281/281
f 267/267/267 1455/1455/1455 282/282/282
f 283/283/283 289/289/289 284/284/284
f 286/286/286 297/297/297 287/287/287
f 272/272/272 1452/1452/1452 289/289/289
f 279/279/279 294/294/294 290/290/290
f 291/291/291 1456/1456/1456 292/292/292
f 294/294/294 306/306/306 295/295/295
f 296/296/296 291/291/291 293/293/293
f 297/297/297 1457/1457/1457 298/298/298
f 299/299/299 1458/1458/1458 300/300/300
f 298/298/298 1457/1457/1457 302/302/302
f 285/285/285 284/284/284 304/304/304
f 306/306/306 313/313/313 307/307/307
f 308/308/308 1459/1459/1459 309/309/309
f 305/305/305 304/304/304 311/311/311
f 313/313/313 1460/1460/1460 314/314/314
f 315/315/315 1461/1461/1461 316/316/316
f 318/318/318 1462/1462/1462 319/319/319
f 321/321/321 1463/1463/1463 322/322/322
f 324/324/324 1464/1464/1464 325/325/325
f 327/327/327 1465/1465/1465 328/328/328
f 328/328/328 342/342/342 330/330/330
f 331/331/331 1466/1466/1466 332/332/332
f 334/334/334 1467/1467/1467 335/335/335
f 323/323/323 1468/1468/1468 337/337/337
f 319/319/319 334/334/334 336/336/336
f 325/325/325 1469/1469/1469 338/338/338
f 339/339/339 1470/1470/1470 340/340/340
f 342/342/342 339/339/339 341/341/341
f 337/337/337 1468/1468/1468 343/343/343
f 345/345/345 353/353/353 346/346/346
f 348/348/348 354/354/354 349/349/349
f 344/344/344 343/343/343 351/351/351
f 353/353/353 349/349/349 354/354/354
f 355/355/355 1471/1471/1471 356/356/356
f 358/358/358 1472/1472/1472 359/359/359
f 361/361/361 1473/1473/1473 362/362/362
f 364/364/364 1474/1474/1474 365/365/365
f 367/367/367 1475/1475/1475 368/368/368
f 370/370/370 1476/1476/1476 371/371/371
f 373/373/373 1477/1477/1477 374/374/374
f 376/376/376 380/380/380 377/377/377
f 379/379/379 1478/1478/1478 380/380/380
f 381/381/381 1479/1479/1479 382/382/382
f 384/384/384 387/387/387 385/385/385
f 387/387/387 1480/1480/1480 388/388/388
f 389/389/389 1481/1481/1481 390/390/390
f 392/392/392 395/395/395 393/393/393
f 395/395/395 1482/1482/1482 396/396/396
f 397/397/397 1483/1483/1483 398/398/398
f 400/400/400 403/403/403 401/401/401
f 403/403/403 1484/1484/1484 404/404/404
f 405/405/405 1485/1485/1485 406/406/406
f 408/408/408 411/411/411 409/409/409
f 411/411/411 1486/1486/1486 412/412/412
f 413/413/413 1487/1487/1487 414/414/414
f 416/416/416 420/420/420 417/417/417
f 419/419/419 1488/1488/1488 420/420/420
f 421/421/421 1489/1489/1489 422/422/422
f 424/424/424 428/428/428 425/425/425
f 427/427/427 430/430/430 428/428/428
f 429/429/429 432/432/432 430/430/430
f 431/431/431 434/434/434 432/432/432
f 431/431/431 435/435/435 433/433/433
f 435/435/435 437/437/437 436/436/436
f 437/437/437 439/439/439 438/438/438
f 439/439/439 441/441/441 440/440/440
f 441/441/441 443/443/443 442/442/442
f 443/443/443 445/445/445 444/444/444
f 445/445/445 447/447/447 446/446/446
f 447/447/447 449/449/449 448/448/448
f 449/449/449 451/451/451 450/450/450
f 451/451/451 453/453/453 452/452/452
f 453/453/453 455/455/455 454/454/454
f 455/455/455 458/458/458 456/456/456
f 457/457/457 459/459/459 456/456/456
f 372/372/372 371/371/371 459/459/459
f 460/460/460 463/463/463 461/461/461
f 463/463/463 381/381/381 464/464/464
f 381/381/381 383/383/383 465/465/465
f 465/465/465 383/383/383 466/466/466
f 467/467/467 466/466/466 468/468/468
f 469/469/469 468/468/468 470/470/470
f 471/471/471 470/470/470 472/472/472
f 473/473/473 472/472/472 413/413/413
f 474/474/474 413/413/413 415/415/415
f 475/475/475 415/415/415 476/476/476
f 477/477/477 476/476/476 478/478/478
f 479/479/479 478/478/478 480/480/480
f 481/481/481 480/480/480 482/482/482
f 483/483/483 482/482/482 484/484/484
f 485/485/485 484/484/484 486/486/486
f 486/486/486 489/489/489 488/488/488
f 489/489/489 491/491/491 490/490/490
f 491/491/491 367/367/367 369/369/369
f 492/492/492 389/389/389 493/493/493
f 389/389/389 391/391/391 495/495/495
f 391/391/391 497/497/497 496/496/496
f 497/497/497 560/560/560 498/498/498
f 498/498/498 560/560/560 499/499/499
f 500/500/500 499/499/499 501/501/501
f 502/502/502 501/501/501 421/421/421
f 503/503/503 421/421/421 423/423/423
f 504/504/504 423/423/423 505/505/505
f 506/506/506 505/505/505 507/507/507
f 508/508/508 507/507/507 509/509/509
f 510/510/510 509/509/509 511/511/511
f 512/512/512 511/511/511 513/513/513
f 514/514/514 513/513/513 515/515/515
f 516/516/516 515/515/515 517/517/517
f 518/518/518 517/517/517 519/519/519
f 519/519/519 522/522/522 521/521/521
f 522/522/522 361/361/361 363/363/363
f 523/523/523 1490/1490/1490 524/524/524
f 526/526/526 1491/1491/1491 527/527/527
f 529/529/529 1492/1492/1492 530/530/530
f 532/532/532 1493/1493/1493 533/533/533
f 535/535/535 1494/1494/1494 536/536/536
f 538/538/538 1495/1495/1495 539/539/539
f 519/519/519 1496/1496/1496 541/541/541
f 491/491/491 1497/1497/1497 542/542/542
f 543/543/543 1498/1498/1498 544/544/544
f 546/546/546 1499/1499/1499 547/547/547
f 507/507/507 1500/1500/1500 549/549/549
f 478/478/478 1501/1501/1501 550/550/550
f 551/551/551 1502/1502/1502 552/552/552
f 554/554/554 1503/1503/1503 555/555/555
f 557/557/557 1504/1504/1504 558/558/558
f 560/560/560 1505/1505/1505 561/561/561
f 468/468/468 1506/1506/1506 562/562/562
f 563/563/563 1507/1507/1507 564/564/564
f 566/566/566 1508/1508/1508 567/567/567
f 569/569/569 1509/1509/1509 570/570/570
f 484/484/484 1510/1510/1510 572/572/572
f 513/513/513 1511/1511/1511 573/573/573
f 574/574/574 1512/1512/1512 575/575/575
f 577/577/577 1513/1513/1513 578/578/578
f 580/580/580 1514/1514/1514 581/581/581
f 583/583/583 1515/1515/1515 584/584/584
f 586/586/586 1516/1516/1516 587/587/587
f 589/589/589 593/593/593 590/590/590
f 592/592/592 1517/1517/1517 593/593/593
f 594/594/594 1518/1518/1518 595/595/595
f 597/597/597 600/600/600 598/598/598
f 600/600/600 1519/1519/1519 601/601/601
f 602/602/602 605/605/605 603/603/603
f 605/605/605 1520/1520/1520 606/606/606
f 607/607/607 1521/1521/1521 608/608/608
f 610/610/610 1522/1522/1522 611/611/611
f 613/613/613 616/616/616 614/614/614
f 616/616/616 618/618/618 617/617/617
f 618/618/618 620/620/620 619/619/619
f 620/620/620 622/622/622 621/621/621
f 622/622/622 624/624/624 623/623/623
f 624/624/624 627/627/627 625/625/625
f 626/626/626 628/628/628 625/625/625
f 588/588/588 587/587/587 628/628/628
f 629/629/629 632/632/632 630/630/630
f 632/632/632 594/594/594 633/633/633
f 594/594/594 596/596/596 634/634/634
f 634/634/634 596/596/596 635/635/635
f 636/636/636 635/635/635 637/637/637
f 638/638/638 637/637/637 639/639/639
f 640/640/640 639/639/639 641/641/641
f 642/642/642 641/641/641 610/610/610
f 643/643/643 610/610/610 612/612/612
f 645/645/645 673/673/673 646/646/646
f 647/647/647 646/646/646 648/648/648
f 649/649/649 648/648/648 650/650/650
f 651/651/651 650/650/650 652/652/652
f 653/653/653 652/652/652 654/654/654
f 655/655/655 654/654/654 656/656/656
f 656/656/656 659/659/659 658/658/658
f 659/659/659 580/580/580 582/582/582
f 660/660/660 1523/1523/1523 661/661/661
f 663/663/663 1524/1524/1524 664/664/664
f 666/666/666 1525/1525/1525 667/667/667
f 656/656/656 1526/1526/1526 669/669/669
f 670/670/670 1527/1527/1527 671/671/671
f 673/673/673 1528/1528/1528 674/674/674
f 675/675/675 1529/1529/1529 676/676/676
f 678/678/678 1530/1530/1530 679/679/679
f 637/637/637 1531/1531/1531 681/681/681
f 682/682/682 1532/1532/1532 683/683/683
f 650/650/650 1533/1533/1533 685/685/685
f 686/686/686 1534/1534/1534 687/687/687
f 689/689/689 1535/1535/1535 690/690/690
f 692/692/692 1536/1536/1536 693/693/693
f 695/695/695 1537/1537/1537 696/696/696
f 698/698/698 1538/1538/1538 699/699/699
f 701/701/701 1539/1539/1539 702/702/702
f 704/704/704 1540/1540/1540 705/705/705
f 707/707/707 1541/1541/1541 708/708/708
f 710/710/710 1542/1542/1542 711/711/711
f 713/713/713 1543/1543/1543 714/714/714
f 716/716/716 1544/1544/1544 717/717/717
f 719/719/719 1545/1545/1545 720/720/720
f 722/722/722 1546/1546/1546 723/723/723
f 725/725/725 1547/1547/1547 726/726/726
f 728/728/728 1548/1548/1548 729/729/729
f 731/731/731 1549/1549/1549 732/732/732
f 734/734/734 1334/1334/1334 735/735/735
f 737/737/737 1550/1550/1550 734/734/734
f 739/739/739 1551/1551/1551 740/740/740
f 741/741/741 740/740/740 742/742/742
f 738/738/738 734/734/734 736/736/736
f 732/732/732 1329/1329/1329 745/745/745
f 747/747/747 1548/1548/1548 728/728/728
f 749/749/749 748/748/748 728/728/728
f 727/727/727 758/758/758 751/751/751
f 740/740/740 1551/1551/1551 753/753/753
f 733/733/733 732/732/732 746/746/746
f 728/728/728 730/730/730 756/756/756
f 727/727/727 726/726/726 757/757/757
f 759/759/759 799/799/799 760/760/760
f 762/762/762 780/780/780 763/763/763
f 765/765/765 788/788/788 766/766/766
f 768/768/768 804/804/804 769/769/769
f 770/770/770 841/841/841 771/771/771
f 761/761/761 843/843/843 773/773/773
f 775/775/775 1552/1552/1552 776/776/776
f 778/778/778 775/775/775 777/777/777
f 773/773/773 785/785/785 779/779/779
f 780/780/780 786/786/786 781/781/781
f 782/782/782 1553/1553/1553 783/783/783
f 785/785/785 1553/1553/1553 782/782/782
f 786/786/786 793/793/793 787/787/787
f 788/788/788 795/795/795 789/789/789
f 790/790/790 879/879/879 791/791/791
f 793/793/793 1554/1554/1554 794/794/794
f 795/795/795 1555/1555/1555 796/796/796
f 776/776/776 1552/1552/1552 797/797/797
f 799/799/799 1556/1556/1556 800/800/800
f 771/771/771 808/808/808 801/801/801
f 802/802/802 810/810/810 803/803/803
f 804/804/804 812/812/812 805/805/805
f 800/800/800 1556/1556/1556 806/806/806
f 808/808/808 1557/1557/1557 809/809/809
f 810/810/810 819/819/819 811/811/811
f 812/812/812 821/821/821 813/813/813
f 814/814/814 917/917/917 815/815/815
f 809/809/809 1557/1557/1557 817/817/817
f 819/819/819 1558/1558/1558 820/820/820
f 821/821/821 1559/1559/1559 822/822/822
f 809/809/809 818/818/818 823/823/823
f 814/814/814 816/816/816 825/825/825
f 827/827/827 801/801/801 809/809/809
f 800/800/800 807/807/807 828/828/828
f 830/830/830 772/772/772 801/801/801
f 831/831/831 760/760/760 800/800/800
f 776/776/776 798/798/798 832/832/832
f 834/834/834 878/878/878 835/835/835
f 837/837/837 779/779/779 782/782/782
f 782/782/782 784/784/784 839/839/839
f 840/840/840 774/774/774 779/779/779
f 841/841/841 770/770/770 777/777/777
f 842/842/842 777/777/777 776/776/776
f 759/759/759 761/761/761 774/774/774
f 778/778/778 770/770/770 772/772/772
f 843/843/843 761/761/761 760/760/760
f 844/844/844 882/882/882 845/845/845
f 847/847/847 912/912/912 848/848/848
f 813/813/813 822/822/822 850/850/850
f 811/811/811 820/820/820 852/852/852
f 854/854/854 849/849/849 848/848/848
f 856/856/856 805/805/805 813/813/813
f 857/857/857 803/803/803 811/811/811
f 769/769/769 805/805/805 856/856/856
f 764/764/764 803/803/803 857/857/857
f 789/789/789 796/796/796 859/859/859
f 787/787/787 794/794/794 861/861/861
f 863/863/863 836/836/836 835/835/835
f 865/865/865 766/766/766 789/789/789
f 866/866/866 781/781/781 787/787/787
f 763/763/763 781/781/781 866/866/866
f 767/767/767 769/769/769 858/858/858
f 767/767/767 766/766/766 865/865/865
f 764/764/764 763/763/763 867/867/867
f 868/868/868 875/875/875 869/869/869
f 871/871/871 877/877/877 872/872/872
f 874/874/874 1560/1560/1560 869/869/869
f 876/876/876 1561/1561/1561 877/877/877
f 834/834/834 792/792/792 791/791/791
f 790/790/790 846/846/846 845/845/845
f 863/863/863 864/864/864 880/880/880
f 844/844/844 881/881/881 880/880/880
f 883/883/883 1562/1562/1562 884/884/884
f 886/886/886 1562/1562/1562 883/883/883
f 888/888/888 887/887/887 883/883/883
f 883/883/883 885/885/885 890/890/890
f 891/891/891 1563/1563/1563 892/892/892
f 894/894/894 898/898/898 895/895/895
f 897/897/897 1564/1564/1564 898/898/898
f 899/899/899 893/893/893 892/892/892
f 901/901/901 932/932/932 902/902/902
f 904/904/904 1565/1565/1565 905/905/905
f 907/907/907 1566/1566/1566 908/908/908
f 910/910/910 906/906/906 905/905/905
f 847/847/847 826/826/826 825/825/825
f 854/854/854 855/855/855 913/913/913
f 915/915/915 914/914/914 913/913/913
f 915/915/915 916/916/916 815/815/815
f 918/918/918 1567/1567/1567 919/919/919
f 921/921/921 1567/1567/1567 918/918/918
f 923/923/923 922/922/922 918/918/918
f 918/918/918 920/920/920 925/925/925
f 926/926/926 909/909/909 908/908/908
f 928/928/928 1568/1568/1568 929/929/929
f 901/901/901 1569/1569/1569 931/931/931
f 928/928/928 930/930/930 933/933/933
f 935/935/935 956/956/956 936/936/936
f 938/938/938 959/959/959 939/939/939
f 941/941/941 951/951/951 942/942/942
f 944/944/944 958/958/958 945/945/945
f 947/947/947 1570/1570/1570 948/948/948
f 941/941/941 1571/1571/1571 950/950/950
f 952/952/952 968/968/968 953/953/953
f 935/935/935 1572/1572/1572 955/955/955
f 944/944/944 1573/1573/1573 957/957/957
f 959/959/959 1574/1574/1574 960/960/960
f 961/961/961 1575/1575/1575 962/962/962
f 964/964/964 967/967/967 965/965/965
f 954/954/954 953/953/953 967/967/967
f 966/966/966 965/965/965 968/968/968
f 969/969/969 985/985/985 970/970/970
f 972/972/972 1576/1576/1576 973/973/973
f 975/975/975 1577/1577/1577 976/976/976
f 978/978/978 1578/1578/1578 979/979/979
f 981/981/981 983/983/983 971/971/971
f 982/982/982 984/984/984 983/983/983
f 969/969/969 971/971/971 983/983/983
f 985/985/985 982/982/982 981/981/981
f 700/700/700 699/699/699 986/986/986
f 697/697/697 696/696/696 988/988/988
f 694/694/694 693/693/693 990/990/990
f 691/691/691 690/690/690 992/992/992
f 718/718/718 717/717/717 994/994/994
f 724/724/724 723/723/723 996/996/996
f 712/712/712 711/711/711 998/998/998
f 715/715/715 714/714/714 1000/1000/1000
f 1002/1002/1002 1579/1579/1579 1003/1003/1003
f 1005/1005/1005 1580/1580/1580 1006/1006/1006
f 1008/1008/1008 1581/1581/1581 1009/1009/1009
f 1011/1011/1011 1582/1582/1582 1012/1012/1012
f 1007/1007/1007 1583/1583/1583 1014/1014/1014
f 1015/1015/1015 1584/1584/1584 1016/1016/1016
f 1018/1018/1018 1585/1585/1585 1019/1019/1019
f 1003/1003/1003 1020/1020/1020 1019/1019/1019
f 1021/1021/1021 1585/1585/1585 1018/1018/1018
f 1013/1013/1013 1012/1012/1012 1023/1023/1023
f 1025/1025/1025 1045/1045/1045 1026/1026/1026
f 1028/1028/1028 1065/1065/1065 1029/1029/1029
f 1031/1031/1031 1586/1586/1586 1032/1032/1032
f 1030/1030/1030 1063/1063/1063 1034/1034/1034
f 1036/1036/1036 1066/1066/1066 1037/1037/1037
f 1039/1039/1039 1587/1587/1587 1040/1040/1040
f 1041/1041/1041 1052/1052/1052 1042/1042/1042
f 1044/1044/1044 1033/1033/1033 1045/1045/1045
f 1040/1040/1040 1140/1140/1140 1036/1036/1036
f 1045/1045/1045 1058/1058/1058 1046/1046/1046
f 1028/1028/1028 1030/1030/1030 1035/1035/1035
f 1048/1048/1048 1060/1060/1060 1049/1049/1049
f 1051/1051/1051 1588/1588/1588 1052/1052/1052
f 1039/1039/1039 1038/1038/1038 1037/1037/1037
f 1049/1049/1049 1132/1132/1132 1054/1054/1054
f 1055/1055/1055 1068/1068/1068 1056/1056/1056
f 1033/1033/1033 1032/1032/1032 1058/1058/1058
f 1059/1059/1059 1064/1064/1064 1028/1028/1028
f 1060/1060/1060 1589/1589/1589 1061/1061/1061
f 1030/1030/1030 1029/1029/1029 1062/1062/1062
f 1064/1064/1064 1142/1142/1142 1065/1065/1065
f 1066/1066/1066 1590/1590/1590 1055/1055/1055
f 1050/1050/1050 1041/1041/1041 1043/1043/1043
f 1067/1067/1067 1031/1031/1031 1033/1033/1033
f 1054/1054/1054 1051/1051/1051 1041/1041/1041
f 1053/1053/1053 1037/1037/1037 1055/1055/1055
f 1068/1068/1068 1077/1077/1077 1069/1069/1069
f 1042/1042/1042 1052/1052/1052 1071/1071/1071
f 1034/1034/1034 1063/1063/1063 1073/1073/1073
f 1026/1026/1026 1076/1076/1076 1075/1075/1075
f 1046/1046/1046 1089/1089/1089 1076/1076/1076
f 1055/1055/1055 1590/1590/1590 1077/1077/1077
f 1052/1052/1052 1588/1588/1588 1078/1078/1078
f 1062/1062/1062 1084/1084/1084 1073/1073/1073
f 1079/1079/1079 1094/1094/1094 1080/1080/1080
f 1071/1071/1071 1078/1078/1078 1082/1082/1082
f 1084/1084/1084 1099/1099/1099 1085/1085/1085
f 1068/1068/1068 1070/1070/1070 1086/1086/1086
f 1072/1072/1072 1071/1071/1071 1083/1083/1083
f 1074/1074/1074 1073/1073/1073 1085/1085/1085
f 1076/1076/1076 1079/1079/1079 1081/1081/1081
f 1089/1089/1089 1093/1093/1093 1079/1079/1079
f 1090/1090/1090 1096/1096/1096 1091/1091/1091
f 1093/1093/1093 1110/1110/1110 1094/1094/1094
f 1070/1070/1070 1069/1069/1069 1095/1095/1095
f 1083/1083/1083 1082/1082/1082 1097/1097/1097
f 1099/1099/1099 1113/1113/1113 1100/1100/1100
f 1070/1070/1070 1096/1096/1096 1090/1090/1090
f 1087/1087/1087 1083/1083/1083 1098/1098/1098
f 1088/1088/1088 1085/1085/1085 1100/1100/1100
f 1103/1103/1103 1591/1591/1591 1104/1104/1104
f 1101/1101/1101 1098/1098/1098 1106/1106/1106
f 1100/1100/1100 1103/1103/1103 1108/1108/1108
f 1094/1094/1094 1111/1111/1111 1109/1109/1109
f 1110/1110/1110 1592/1592/1592 1111/1111/1111
f 1095/1095/1095 1125/1125/1125 1091/1091/1091
f 1098/1098/1098 1097/1097/1097 1112/1112/1112
f 1113/1113/1113 1591/1591/1591 1103/1103/1103
f 1116/1116/1116 1593/1593/1593 1594/1594/1594
f 1593/1593/1593 1595/1595/1595 1594/1594/1594
f 1595/1595/1595 1596/1596/1596 1594/1594/1594
f 1594/1594/1594 1597/1597/1597 1116/1116/1116
f 1597/1597/1597 1114/1114/1114 1116/1116/1116
f 1092/1092/1092 1091/1091/1091 1117/1117/1117
f 1107/1107/1107 1106/1106/1106 1119/1119/1119
f 1103/1103/1103 1105/1105/1105 1121/1121/1121
f 1111/1111/1111 1124/1124/1124 1122/1122/1122
f 1111/1111/1111 1592/1592/1592 1123/1123/1123
f 1125/1125/1125 1598/1598/1598 1117/1117/1117
f 1106/1106/1106 1112/1112/1112 1126/1126/1126
f 1599/1599/1599 1600/1600/1600 1127/1127/1127
f 1127/1127/1127 1130/1130/1130 1128/1128/1128
f 1128/1128/1128 1601/1601/1601 1129/1129/1129
f 1129/1129/1129 1602/1602/1602 1599/1599/1599
f 1599/1599/1599 1127/1127/1127 1129/1129/1129
f 1031/1031/1031 1067/1067/1067 1130/1130/1130
f 1049/1049/1049 1061/1061/1061 1131/1131/1131
f 1040/1040/1040 1587/1587/1587 1133/1133/1133
f 1059/1059/1059 1603/1603/1603 1135/1135/1135
f 1136/1136/1136 1604/1604/1604 1137/1137/1137
f 1040/1040/1040 1134/1134/1134 1139/1139/1139
f 1064/1064/1064 1135/1135/1135 1141/1141/1141
f 1143/1143/1143 1193/1193/1193 1144/1144/1144
f 1146/1146/1146 1153/1153/1153 1147/1147/1147
f 1149/1149/1149 1605/1605/1605 1150/1150/1150
f 1152/1152/1152 1191/1191/1191 1153/1153/1153
f 1155/1155/1155 1183/1183/1183 1156/1156/1156
f 1158/1158/1158 1157/1157/1157 1159/1159/1159
f 1161/1161/1161 1171/1171/1171 1162/1162/1162
f 1164/1164/1164 1143/1143/1143 1145/1145/1145
f 1156/1156/1156 1259/1259/1259 1159/1159/1159
f 1145/1145/1145 1144/1144/1144 1165/1165/1165
f 1154/1154/1154 1153/1153/1153 1146/1146/1146
f 1168/1168/1168 1174/1174/1174 1169/1169/1169
f 1171/1171/1171 1197/1197/1197 1172/1172/1172
f 1158/1158/1158 1185/1185/1185 1155/1155/1155
f 1173/1173/1173 1252/1252/1252 1174/1174/1174
f 1175/1175/1175 1186/1186/1186 1176/1176/1176
f 1151/1151/1151 1145/1145/1145 1166/1166/1166
f 1146/1146/1146 1182/1182/1182 1178/1178/1178
f 1179/1179/1179 1606/1606/1606 1169/1169/1169
f 1153/1153/1153 1191/1191/1191 1180/1180/1180
f 1146/1146/1146 1148/1148/1148 1181/1181/1181
f 1176/1176/1176 1195/1195/1195 1183/1183/1183
f 1163/1163/1163 1162/1162/1162 1168/1168/1168
f 1151/1151/1151 1150/1150/1150 1184/1184/1184
f 1162/1162/1162 1172/1172/1172 1173/1173/1173
f 1185/1185/1185 1177/1177/1177 1176/1176/1176
f 1186/1186/1186 1214/1214/1214 1187/1187/1187
f 1161/1161/1161 1205/1205/1205 1189/1189/1189
f 1152/1152/1152 1207/1207/1207 1190/1190/1190
f 1192/1192/1192 1194/1194/1194 1144/1144/1144
f 1194/1194/1194 1208/1208/1208 1165/1165/1165
f 1176/1176/1176 1186/1186/1186 1188/1188/1188
f 1171/1171/1171 1189/1189/1189 1196/1196/1196
f 1190/1190/1190 1203/1203/1203 1180/1180/1180
f 1198/1198/1198 1212/1212/1212 1199/1199/1199
f 1189/1189/1189 1206/1206/1206 1201/1201/1201
f 1202/1202/1202 1218/1218/1218 1203/1203/1203
f 1204/1204/1204 1214/1214/1214 1186/1186/1186
f 1205/1205/1205 1219/1219/1219 1206/1206/1206
f 1207/1207/1207 1221/1221/1221 1202/1202/1202
f 1200/1200/1200 1199/1199/1199 1194/1194/1194
f 1199/1199/1199 1213/1213/1213 1208/1208/1208
f 1209/1209/1209 1237/1237/1237 1210/1210/1210
f 1212/1212/1212 1231/1231/1231 1213/1213/1213
f 1214/1214/1214 1211/1211/1211 1215/1215/1215
f 1206/1206/1206 1220/1220/1220 1216/1216/1216
f 1217/1217/1217 1233/1233/1233 1218/1218/1218
f 1209/1209/1209 1211/1211/1211 1214/1214/1214
f 1219/1219/1219 1225/1225/1225 1220/1220/1220
f 1221/1221/1221 1228/1228/1228 1217/1217/1217
f 1222/1222/1222 1607/1607/1607 1223/1223/1223
f 1225/1225/1225 1240/1240/1240 1226/1226/1226
f 1227/1227/1227 1222/1222/1222 1217/1217/1217
f 1229/1229/1229 1230/1230/1230 1212/1212/1212
f 1230/1230/1230 1244/1244/1244 1231/1231/1231
f 1210/1210/1210 1245/1245/1245 1215/1215/1215
f 1220/1220/1220 1226/1226/1226 1232/1232/1232
f 1222/1222/1222 1224/1224/1224 1233/1233/1233
f 1236/1236/1236 1608/1608/1608 1609/1609/1609
f 1608/1608/1608 1610/1610/1610 1609/1609/1609
f 1610/1610/1610 1611/1611/1611 1609/1609/1609
f 1609/1609/1609 1612/1612/1612 1236/1236/1236
f 1612/1612/1612 1234/1234/1234 1236/1236/1236
f 1237/1237/1237 1613/1613/1613 1238/1238/1238
f 1239/1239/1239 1614/1614/1614 1226/1226/1226
f 1241/1241/1241 1607/1607/1607 1222/1222/1222
f 1242/1242/1242 1243/1243/1243 1230/1230/1230
f 1243/1243/1243 1615/1615/1615 1244/1244/1244
f 1238/1238/1238 1616/1616/1616 1245/1245/1245
f 1226/1226/1226 1614/1614/1614 1246/1246/1246
f 1249/1249/1249 1617/1617/1617 1247/1247/1247
f 1617/1617/1617 1618/1618/1618 1247/1247/1247
f 1618/1618/1618 1619/1619/1619 1247/1247/1247
f 1247/1247/1247 1620/1620/1620 1248/1248/1248
f 1248/1248/1248 1250/1250/1250 1249/1249/1249
f 1150/1150/1150 1249/1249/1249 1250/1250/1250
f 1251/1251/1251 1179/1179/1179 1174/1174/1174
f 1159/1159/1159 1621/1621/1621 1253/1253/1253
f 1254/1254/1254 1622/1622/1622 1178/1178/1178
f 1255/1255/1255 1623/1623/1623 1256/1256/1256
f 1258/1258/1258 1621/1621/1621 1159/1159/1159
f 1260/1260/1260 1254/1254/1254 1182/1182/1182
f 1261/1261/1261 1624/1624/1624 1262/1262/1262
f 1264/1264/1264 1267/1267/1267 1265/1265/1265
f 1267/1267/1267 1625/1625/1625 1268/1268/1268
f 1269/1269/1269 1272/1272/1272 1270/1270/1270
f 1272/1272/1272 1626/1626/1626 1273/1273/1273
f 1274/1274/1274 1280/1280/1280 1275/1275/1275
f 1627/1627/1627 1628/1628/1628 1277/1277/1277
f 1277/1277/1277 1629/1629/1629 1278/1278/1278
f 1278/1278/1278 1630/1630/1630 1279/1279/1279
f 1279/1279/1279 1631/1631/1631 1627/1627/1627
f 1627/1627/1627 1277/1277/1277 1279/1279/1279
f 1280/1280/1280 1632/1632/1632 1281/1281/1281
f 1282/1282/1282 1624/1624/1624 1261/1261/1261
f 1286/1286/1286 1633/1633/1633 1634/1634/1634
f 1633/1633/1633 1635/1635/1635 1634/1634/1634
f 1635/1635/1635 1636/1636/1636 1634/1634/1634
f 1634/1634/1634 1637/1637/1637 1286/1286/1286
f 1637/1637/1637 1284/1284/1284 1286/1286/1286
f 1287/1287/1287 1638/1638/1638 1288/1288/1288
f 1290/1290/1290 1293/1293/1293 1291/1291/1291
f 1293/1293/1293 1639/1639/1639 1294/1294/1294
f 1295/1295/1295 1640/1640/1640 1296/1296/1296
f 1298/1298/1298 1315/1315/1315 1299/1299/1299
f 1287/1287/1287 1289/1289/1289 1301/1301/1301
f 1303/1303/1303 1641/1641/1641 1304/1304/1304
f 1299/1299/1299 1642/1642/1642 1306/1306/1306
f 1292/1292/1292 1643/1643/1643 1307/1307/1307
f 1296/1296/1296 1640/1640/1640 1308/1308/1308
f 1310/1310/1310 1644/1644/1644 1311/1311/1311
f 1297/1297/1297 1321/1321/1321 1313/1313/1313
f 1298/1298/1298 1323/1323/1323 1314/1314/1314
f 1301/1301/1301 1310/1310/1310 1312/1312/1312
f 1316/1316/1316 1645/1645/1645 1317/1317/1317
f 1294/1294/1294 1639/1639/1639 1319/1319/1319
f 1321/1321/1321 1646/1646/1646 1322/1322/1322
f 1323/1323/1323 1647/1647/1647 1324/1324/1324
f 735/735/735 1334/1334/1334 1325/1325/1325
f 1327/1327/1327 1353/1353/1353 1328/1328/1328
f 745/745/745 1329/1329/1329 1328/1328/1328
f 753/753/753 1337/1337/1337 1331/1331/1331
f 732/732/732 1549/1549/1549 1327/1327/1327
f 727/727/727 752/752/752 1332/1332/1332
f 734/734/734 1550/1550/1550 1333/1333/1333
f 740/740/740 754/754/754 1335/1335/1335
f 1328/1328/1328 1354/1354/1354 1336/1336/1336
f 1337/1337/1337 1648/1648/1648 1338/1338/1338
f 1331/1331/1331 1338/1338/1338 1339/1339/1339
f 1341/1341/1341 1649/1649/1649 1342/1342/1342
f 1333/1333/1333 1356/1356/1356 1325/1325/1325
f 1332/1332/1332 752/752/752 1343/1343/1343
f 751/751/751 1341/1341/1341 1343/1343/1343
f 1335/1335/1335 754/754/754 1331/1331/1331
f 1345/1345/1345 1650/1650/1650 1346/1346/1346
f 1348/1348/1348 1650/1650/1650 1345/1345/1345
f 1350/1350/1350 1349/1349/1349 1345/1345/1345
f 1345/1345/1345 1347/1347/1347 1352/1352/1352
f 1353/1353/1353 1651/1651/1651 1354/1354/1354
f 1325/1325/1325 1357/1357/1357 1355/1355/1355
f 1356/1356/1356 1652/1652/1652 1357/1357/1357
f 1343/1343/1343 1342/1342/1342 1358/1358/1358
f 1359/1359/1359 1653/1653/1653 1360/1360/1360
f 1362/1362/1362 1654/1654/1654 1363/1363/1363
f 1365/1365/1365 1655/1655/1655 1366/1366/1366
f 1368/1368/1368 1656/1656/1656 1369/1369/1369
f 1371/1371/1371 1657/1657/1657 1372/1372/1372
f 1374/1374/1374 1658/1658/1658 1375/1375/1375
f 1377/1377/1377 1659/1659/1659 1378/1378/1378
f 1380/1380/1380 1660/1660/1660 1381/1381/1381
f 1383/1383/1383 1661/1661/1661 1384/1384/1384
f 1386/1386/1386 1662/1662/1662 1387/1387/1387
f 1389/1389/1389 1663/1663/1663 1390/1390/1390
f 1392/1392/1392 1664/1664/1664 1393/1393/1393
