# Cube -- imported by tools/import_asset_pack.py from famas.fbx
o __pending__
v -0.006567 0.058679 -0.020086
v 0.118696 0.061660 0.020086
v 0.118696 0.061660 -0.020086
v 0.118696 -0.018149 0.011176
v -0.006567 0.058679 0.020086
v -0.021056 -0.017404 0.020086
v -0.067517 -0.024971 0.020086
v -0.022498 -0.026695 0.020086
v 0.118696 -0.018149 -0.011176
v -0.021056 -0.017404 0.020086
v -0.021056 -0.017404 -0.020086
v 0.227921 0.063150 0.020086
v 0.118696 0.061660 0.020086
v -0.006567 0.058679 -0.020086
v 0.118696 -0.018149 -0.011176
v -0.021056 -0.017404 -0.020086
v 0.264744 -0.018149 -0.011176
v 0.242031 0.068973 -0.020086
v 0.289202 -0.006117 -0.011176
v 0.227921 0.063150 -0.020086
v 0.264744 -0.018149 0.011176
v 0.118696 -0.018149 0.011176
v 0.227921 0.063150 -0.020086
v 0.289202 -0.006117 0.011176
v 0.285328 0.016708 -0.011176
v 0.285328 0.016708 0.011176
v 0.264744 -0.018149 -0.011176
v 0.289202 -0.006117 0.011176
v 0.264744 -0.018149 0.011176
v 0.242031 0.068973 0.020086
v 0.227921 0.063150 0.020086
v 0.242031 0.068973 -0.020086
v 0.285328 0.016708 0.011176
v 0.246953 0.073687 0.020086
v 0.242031 0.068973 0.020086
v 0.246953 0.073687 -0.020086
v 0.285328 0.016708 -0.011176
v 0.296057 0.074140 -0.011176
v 0.295623 0.054419 -0.008144
v 0.295623 0.054419 -0.011176
v 0.246953 0.073687 -0.020086
v 0.295623 0.054419 -0.011176
v 0.295623 0.054419 0.011176
v 0.295623 0.054419 0.011176
v 0.296057 0.074140 0.011176
v 0.128190 0.140133 0.011176
v -0.072503 0.146072 0.014637
v -0.072503 0.146072 0.020086
v 0.246172 0.101680 -0.020086
v 0.294759 0.105755 -0.011176
v 0.246172 0.101680 0.020086
v 0.296057 0.074140 -0.008144
v 0.235673 0.114173 0.020086
v 0.269806 0.136843 0.011176
v 0.239848 0.137425 0.011176
v 0.286847 0.128081 0.011176
v 0.246172 0.101680 -0.020086
v 0.235673 0.114173 0.020086
v 0.235673 0.114173 -0.020086
v 0.286847 0.128081 -0.011176
v -0.136285 0.113435 -0.020086
v -0.123313 0.142897 -0.014637
v -0.123313 0.142897 -0.020086
v 0.127637 0.114294 0.020086
v 0.235673 0.114173 -0.020086
v 0.269806 0.136843 -0.011176
v 0.128190 0.140133 0.008144
v -0.063224 0.114541 0.020086
v 0.235673 0.114173 0.020086
v 0.127637 0.114294 -0.020086
v 0.235673 0.114173 -0.020086
v 0.128190 0.140133 -0.008144
v 0.239848 0.137425 -0.011176
v -0.147234 0.062349 0.014536
v -0.136390 0.082679 0.014637
v -0.147234 0.062349 0.010592
v -0.123313 0.142897 0.020086
v -0.136285 0.113435 0.020086
v 0.127637 0.114294 0.020086
v -0.063224 0.114541 -0.020086
v -0.063224 0.114541 -0.020086
v -0.072503 0.146072 -0.014637
v 0.294759 0.105755 0.011176
v 0.286847 0.128081 0.008144
v 0.269806 0.136843 0.008144
v -0.084601 0.101374 0.020086
v -0.123313 0.142897 0.014637
v -0.136285 0.113435 0.014637
v -0.137481 0.101303 0.020086
v -0.089202 0.083784 0.020086
v -0.063224 0.114541 0.020086
v -0.084601 0.101374 -0.020086
v -0.084601 0.101374 -0.020086
v -0.137481 0.101303 -0.014637
v 0.294759 0.105755 -0.008144
v -0.074892 0.057704 0.014536
v -0.084601 0.101374 -0.020086
v -0.089202 0.083784 0.020086
v -0.089202 0.083784 -0.020086
v -0.089202 0.083784 -0.020086
v -0.136390 0.082679 -0.020086
v 0.269806 0.136843 -0.008144
v -0.076941 0.060231 -0.020086
v -0.108575 0.062030 0.020086
v -0.076941 0.060231 0.020086
v -0.006567 0.058679 0.020086
v -0.076941 0.060231 -0.020086
v -0.076941 0.060231 0.020086
v -0.068662 -0.014817 0.020086
v -0.108575 0.062030 -0.020086
v -0.134893 -0.020649 -0.020086
v -0.139550 0.069923 -0.020086
v -0.102366 -0.007326 0.020086
v -0.102366 -0.007326 -0.020086
v -0.068662 -0.014817 0.020086
v -0.102366 -0.007326 -0.020086
v -0.068662 -0.014817 -0.020086
v -0.139550 0.069923 -0.020086
v -0.177907 0.068838 0.020086
v -0.139550 0.069923 0.020086
v -0.102366 -0.007326 0.020086
v -0.134893 -0.020649 -0.020086
v -0.108575 0.062030 -0.020086
v -0.108575 0.062030 0.020086
v -0.134893 -0.020649 0.020086
v -0.155656 -0.042950 0.020086
v -0.192243 0.069114 0.020086
v -0.160160 -0.075274 0.020086
v -0.177907 0.068838 0.020086
v -0.177907 0.068838 -0.020086
v -0.134893 -0.020649 0.020086
v -0.155656 -0.042950 -0.020086
v -0.192243 0.069114 -0.020086
v -0.253955 -0.027580 -0.020086
v -0.255508 0.067649 -0.020086
v -0.155656 -0.042950 -0.020086
v -0.155656 -0.042950 -0.020086
v -0.160160 -0.075274 0.020086
v -0.160160 -0.075274 -0.020086
v -0.177907 0.068838 -0.020086
v -0.192243 0.069114 0.020086
v -0.255508 0.067649 -0.020086
v -0.292355 0.067048 0.020086
v -0.255508 0.067649 0.020086
v -0.160160 -0.075274 0.020086
v -0.253955 -0.027580 -0.020086
v -0.160160 -0.075274 -0.020086
v -0.192243 0.069114 -0.020086
v -0.253955 -0.027580 0.020086
v -0.299082 -0.042670 -0.020086
v -0.301048 0.058553 -0.020086
v -0.292355 0.067048 -0.020086
v -0.292355 0.067048 0.020086
v -0.299082 -0.042670 0.020086
v -0.253955 -0.027580 0.020086
v -0.299082 -0.042670 -0.020086
v -0.344767 -0.052535 -0.020086
v -0.320964 0.058736 -0.020086
v -0.299082 -0.042670 0.020086
v -0.338305 -0.057893 -0.020086
v -0.292355 0.067048 -0.020086
v -0.301048 0.058553 0.020086
v -0.301048 0.058553 0.020086
v -0.338305 -0.057893 0.020086
v -0.320964 0.058736 -0.020086
v -0.337895 0.080608 0.020086
v -0.320964 0.058736 0.020086
v -0.338305 -0.057893 0.020086
v -0.344767 -0.052535 -0.020086
v -0.338305 -0.057893 -0.020086
v -0.301048 0.058553 -0.020086
v -0.320964 0.058736 0.020086
v -0.344767 -0.052535 0.020086
v -0.387054 -0.069472 -0.020086
v -0.428384 0.078449 -0.020086
v -0.337895 0.080608 -0.020086
v -0.320964 0.058736 0.020086
v -0.387054 -0.069472 0.020086
v -0.344767 -0.052535 0.020086
v -0.387054 -0.069472 -0.020086
v -0.344767 -0.052535 -0.020086
v -0.430971 -0.066974 0.020086
v -0.448069 -0.029357 -0.020086
v -0.430971 -0.066974 -0.020086
v -0.387054 -0.069472 0.020086
v -0.430971 -0.066974 -0.020086
v -0.337895 0.080608 -0.020086
v -0.428384 0.078449 0.020086
v -0.337895 0.080608 0.020086
v -0.428384 0.078449 0.020086
v -0.430971 -0.066974 0.020086
v -0.446516 0.046209 0.020086
v -0.448069 -0.029357 0.020086
v -0.428384 0.078449 -0.020086
v -0.428384 0.078449 0.020086
v -0.448069 -0.029357 0.020086
v -0.448069 -0.029357 -0.020086
v -0.446516 0.046209 -0.020086
v -0.070636 -0.033972 0.020086
v -0.017532 -0.031804 0.020086
v -0.021056 -0.017404 0.020086
v -0.022498 -0.026695 -0.020086
v -0.021056 -0.017404 -0.020086
v -0.068662 -0.014817 -0.020086
v -0.067517 -0.024971 0.020086
v -0.068662 -0.014817 0.020086
v -0.067517 -0.024971 -0.020086
v -0.068662 -0.014817 -0.020086
v -0.070636 -0.033972 -0.020086
v -0.015913 -0.047799 -0.020086
v -0.082194 -0.046074 -0.020086
v -0.022498 -0.026695 0.020086
v -0.017532 -0.031804 -0.020086
v -0.022498 -0.026695 -0.020086
v -0.070636 -0.033972 -0.020086
v -0.070636 -0.033972 0.020086
v -0.082194 -0.046074 -0.020086
v -0.087620 -0.052984 0.020086
v -0.082194 -0.046074 0.020086
v -0.070636 -0.033972 -0.020086
v -0.082194 -0.046074 0.020086
v -0.070636 -0.033972 0.020086
v -0.015913 -0.047799 0.020086
v -0.017532 -0.031804 0.020086
v -0.015913 -0.047799 -0.020086
v -0.087620 -0.052984 0.020086
v -0.024617 -0.061826 0.020086
v -0.012057 -0.052313 0.020086
v -0.015913 -0.047799 0.020086
v -0.012057 -0.052313 -0.020086
v -0.087620 -0.052984 -0.020086
v -0.093293 -0.065492 -0.020086
v -0.026602 -0.074757 -0.020086
v -0.097374 -0.075428 -0.020086
v -0.012057 -0.052313 0.020086
v -0.024617 -0.061826 -0.020086
v -0.012057 -0.052313 -0.020086
v -0.024617 -0.061826 -0.020086
v -0.087620 -0.052984 -0.020086
v -0.093293 -0.065492 0.020086
v -0.097374 -0.075428 0.020086
v -0.023158 -0.082818 0.020086
v -0.026602 -0.074757 0.020086
v -0.093293 -0.065492 -0.020086
v -0.097374 -0.075428 0.020086
v -0.093293 -0.065492 0.020086
v -0.024617 -0.061826 0.020086
v -0.026602 -0.074757 -0.020086
v -0.024617 -0.061826 -0.020086
v -0.101716 -0.084986 0.020086
v -0.037255 -0.093233 0.020086
v -0.026602 -0.074757 0.020086
v -0.023158 -0.082818 -0.020086
v -0.023158 -0.082818 -0.020086
v -0.101716 -0.084986 -0.020086
v -0.097374 -0.075428 -0.020086
v -0.101716 -0.084986 0.020086
v -0.105032 -0.095701 -0.020086
v -0.038245 -0.104017 -0.020086
v -0.106322 -0.107982 -0.020086
v -0.023158 -0.082818 0.020086
v -0.037255 -0.093233 -0.020086
v -0.023158 -0.082818 -0.020086
v -0.037255 -0.093233 -0.020086
v -0.101716 -0.084986 -0.020086
v -0.105032 -0.095701 0.020086
v -0.038245 -0.104017 0.020086
v -0.105558 -0.121096 0.020086
v -0.036283 -0.112040 0.020086
v -0.105032 -0.095701 -0.020086
v -0.106322 -0.107982 0.020086
v -0.105032 -0.095701 0.020086
v -0.037255 -0.093233 0.020086
v -0.038245 -0.104017 -0.020086
v -0.037255 -0.093233 -0.020086
v -0.036283 -0.112040 0.020086
v -0.048508 -0.122984 -0.020086
v -0.036283 -0.112040 -0.020086
v -0.038245 -0.104017 0.020086
v -0.036283 -0.112040 -0.020086
v -0.105558 -0.121096 -0.020086
v -0.106322 -0.107982 -0.020086
v -0.105558 -0.121096 0.020086
v -0.048508 -0.122984 -0.020086
v -0.068473 -0.144411 -0.020086
v -0.094126 -0.137131 -0.020086
v -0.105558 -0.121096 -0.020086
v -0.094126 -0.137131 0.020086
v -0.048508 -0.122984 0.020086
v -0.051303 -0.144639 -0.020086
v -0.068473 -0.144411 0.020086
v -0.068473 -0.144411 -0.020086
v -0.094126 -0.137131 -0.020086
v -0.094126 -0.137131 0.020086
v -0.068473 -0.144411 0.020086
v -0.051303 -0.144639 0.020086
v -0.048508 -0.122984 0.020086
v -0.051303 -0.144639 -0.020086
v -0.048508 -0.122984 -0.020086
v 0.123231 -0.002083 0.011916
v 0.123231 -0.025915 -0.011916
v 0.123231 -0.025915 0.011916
v 0.123231 -0.002083 -0.011916
v 0.147064 -0.025915 -0.011916
v 0.123231 -0.025915 -0.011916
v 0.147064 -0.002083 -0.011916
v 0.148262 -0.004996 0.009003
v 0.148262 -0.004996 -0.009003
v 0.147064 -0.002083 0.011916
v 0.123231 -0.025915 0.011916
v 0.147064 -0.025915 0.011916
v 0.147064 -0.025915 -0.011916
v 0.123231 -0.025915 0.011916
v 0.123231 -0.025915 -0.011916
v 0.123231 -0.002083 -0.011916
v 0.147064 -0.002083 0.011916
v 0.147064 -0.002083 -0.011916
v 0.148262 -0.023002 0.009003
v 0.151004 -0.004996 0.009003
v 0.148262 -0.004996 0.009003
v 0.148262 -0.023002 -0.009003
v 0.147064 -0.025915 -0.011916
v 0.147064 -0.025915 0.011916
v 0.147064 -0.002083 0.011916
v 0.148262 -0.023002 0.009003
v 0.151004 -0.004996 0.009003
v 0.151351 -0.002358 -0.011640
v 0.151004 -0.004996 -0.009003
v 0.148262 -0.023002 -0.009003
v 0.151004 -0.023002 0.009003
v 0.148262 -0.023002 0.009003
v 0.148262 -0.004996 0.009003
v 0.151004 -0.004996 -0.009003
v 0.148262 -0.004996 -0.009003
v 0.148262 -0.004996 -0.009003
v 0.151004 -0.023002 -0.009003
v 0.148262 -0.023002 -0.009003
v 0.151351 -0.002358 0.011640
v 0.160882 -0.002358 -0.011640
v 0.151351 -0.002358 -0.011640
v 0.151004 -0.023002 -0.009003
v 0.151351 -0.025639 -0.011640
v 0.151351 -0.025639 0.011640
v 0.151351 -0.002358 0.011640
v 0.151004 -0.023002 0.009003
v 0.160882 -0.025639 0.011640
v 0.161575 -0.004234 0.009764
v 0.160882 -0.002358 0.011640
v 0.151351 -0.002358 -0.011640
v 0.160882 -0.025639 -0.011640
v 0.151351 -0.025639 -0.011640
v 0.151351 -0.025639 0.011640
v 0.160882 -0.002358 0.011640
v 0.151351 -0.002358 0.011640
v 0.151351 -0.025639 -0.011640
v 0.160882 -0.025639 0.011640
v 0.151351 -0.025639 0.011640
v 0.161575 -0.004234 0.009764
v 0.165214 -0.004234 -0.009765
v 0.161575 -0.004234 -0.009765
v 0.160882 -0.025639 -0.011640
v 0.161575 -0.023763 0.009764
v 0.161575 -0.004234 -0.009765
v 0.160882 -0.002358 -0.011640
v 0.161575 -0.023763 -0.009765
v 0.165214 -0.004234 -0.009765
v 0.165734 -0.025800 -0.011801
v 0.165214 -0.023763 -0.009765
v 0.161575 -0.004234 -0.009765
v 0.165214 -0.023763 -0.009765
v 0.161575 -0.023763 -0.009765
v 0.161575 -0.023763 0.009764
v 0.165214 -0.004234 0.009764
v 0.161575 -0.004234 0.009764
v 0.161575 -0.023763 -0.009765
v 0.165214 -0.023763 0.009764
v 0.161575 -0.023763 0.009764
v 0.165734 -0.025800 0.011801
v 0.172839 -0.002198 0.011801
v 0.165734 -0.002198 0.011801
v 0.165214 -0.023763 0.009764
v 0.165734 -0.002198 0.011801
v 0.165214 -0.004234 0.009764
v 0.165734 -0.025800 0.011801
v 0.165734 -0.002198 -0.011801
v 0.172839 -0.002198 0.011801
v 0.173533 -0.003831 -0.010168
v 0.172839 -0.002198 -0.011801
v 0.165734 -0.025800 -0.011801
v 0.172839 -0.025800 0.011801
v 0.165734 -0.025800 0.011801
v 0.165734 -0.002198 0.011801
v 0.172839 -0.002198 -0.011801
v 0.165734 -0.002198 -0.011801
v 0.165734 -0.002198 -0.011801
v 0.172839 -0.025800 -0.011801
v 0.165734 -0.025800 -0.011801
v 0.173533 -0.024167 0.010168
v 0.176132 -0.003831 0.010168
v 0.173533 -0.003831 0.010168
v 0.173533 -0.024167 -0.010168
v 0.172839 -0.025800 -0.011801
v 0.172839 -0.025800 0.011801
v 0.173533 -0.003831 0.010168
v 0.173533 -0.024167 0.010168
v 0.176132 -0.024167 -0.010168
v 0.177172 -0.025904 0.011905
v 0.176132 -0.024167 0.010168
v 0.173533 -0.024167 -0.010168
v 0.176132 -0.024167 0.010168
v 0.173533 -0.024167 0.010168
v 0.173533 -0.003831 0.010168
v 0.176132 -0.003831 -0.010168
v 0.173533 -0.003831 -0.010168
v 0.173533 -0.003831 -0.010168
v 0.176132 -0.024167 -0.010168
v 0.173533 -0.024167 -0.010168
v 0.177172 -0.002094 0.011905
v 0.184623 -0.002094 -0.011905
v 0.177172 -0.002094 -0.011905
v 0.176132 -0.003831 -0.010168
v 0.177172 -0.002094 0.011905
v 0.177172 -0.002094 -0.011905
v 0.177172 -0.025904 -0.011905
v 0.176132 -0.003831 0.010168
v 0.184623 -0.002094 0.011905
v 0.185143 -0.024211 0.010212
v 0.185143 -0.003787 0.010212
v 0.177172 -0.002094 -0.011905
v 0.184623 -0.025904 -0.011905
v 0.177172 -0.025904 -0.011905
v 0.177172 -0.025904 0.011905
v 0.184623 -0.002094 0.011905
v 0.177172 -0.002094 0.011905
v 0.177172 -0.025904 -0.011905
v 0.184623 -0.025904 0.011905
v 0.177172 -0.025904 0.011905
v 0.185143 -0.003787 0.010212
v 0.189302 -0.003787 -0.010212
v 0.185143 -0.003787 -0.010212
v 0.184623 -0.025904 -0.011905
v 0.184623 -0.025904 0.011905
v 0.185143 -0.003787 -0.010212
v 0.184623 -0.002094 -0.011905
v 0.185143 -0.024211 -0.010212
v 0.189302 -0.003787 0.010212
v 0.189996 -0.002152 -0.011846
v 0.189302 -0.003787 -0.010212
v 0.185143 -0.003787 -0.010212
v 0.189302 -0.024211 -0.010212
v 0.185143 -0.024211 -0.010212
v 0.185143 -0.024211 0.010212
v 0.189302 -0.003787 0.010212
v 0.185143 -0.003787 0.010212
v 0.185143 -0.024211 -0.010212
v 0.189302 -0.024211 0.010212
v 0.185143 -0.024211 0.010212
v 0.189996 -0.025845 0.011846
v 0.196234 -0.002152 0.011846
v 0.189996 -0.002152 0.011846
v 0.189996 -0.025845 -0.011846
v 0.189302 -0.024211 -0.010212
v 0.189302 -0.024211 0.010212
v 0.189996 -0.002152 0.011846
v 0.189996 -0.025845 0.011846
v 0.196234 -0.002152 0.011846
v 0.197101 -0.003940 -0.010059
v 0.196234 -0.002152 -0.011846
v 0.189996 -0.025845 -0.011846
v 0.196234 -0.025845 0.011846
v 0.189996 -0.025845 0.011846
v 0.189996 -0.002152 0.011846
v 0.196234 -0.002152 -0.011846
v 0.189996 -0.002152 -0.011846
v 0.189996 -0.002152 -0.011846
v 0.196234 -0.025845 -0.011846
v 0.189996 -0.025845 -0.011846
v 0.197101 -0.003940 -0.010059
v 0.200047 -0.024058 -0.010059
v 0.197101 -0.024058 -0.010059
v 0.197101 -0.024058 -0.010059
v 0.196234 -0.025845 -0.011846
v 0.197101 -0.024058 0.010059
v 0.197101 -0.003940 0.010059
v 0.196234 -0.025845 0.011846
v 0.200047 -0.024058 0.010059
v 0.200913 -0.002280 0.011719
v 0.200047 -0.003940 0.010059
v 0.197101 -0.024058 0.010059
v 0.200047 -0.003940 0.010059
v 0.197101 -0.003940 0.010059
v 0.197101 -0.024058 -0.010059
v 0.200047 -0.024058 0.010059
v 0.197101 -0.024058 0.010059
v 0.197101 -0.003940 0.010059
v 0.200047 -0.003940 -0.010059
v 0.197101 -0.003940 -0.010059
v 0.200913 -0.002280 0.011719
v 0.208538 -0.002280 -0.011719
v 0.200913 -0.002280 -0.011719
v 0.200047 -0.024058 -0.010059
v 0.200913 -0.025717 0.011719
v 0.200913 -0.002280 -0.011719
v 0.200047 -0.003940 -0.010059
v 0.200913 -0.025717 -0.011719
v 0.208538 -0.025717 0.011719
v 0.209578 -0.003761 0.010238
v 0.208538 -0.002280 0.011719
v 0.200913 -0.002280 -0.011719
v 0.208538 -0.025717 -0.011719
v 0.200913 -0.025717 -0.011719
v 0.200913 -0.025717 0.011719
v 0.208538 -0.002280 0.011719
v 0.200913 -0.002280 0.011719
v 0.200913 -0.025717 -0.011719
v 0.208538 -0.025717 0.011719
v 0.200913 -0.025717 0.011719
v 0.209578 -0.024237 -0.010238
v 0.213564 -0.024237 0.010238
v 0.209578 -0.024237 0.010238
v 0.208538 -0.025717 -0.011719
v 0.209578 -0.024237 0.010238
v 0.209578 -0.003761 -0.010238
v 0.208538 -0.002280 -0.011719
v 0.209578 -0.024237 -0.010238
v 0.213564 -0.003761 0.010238
v 0.214430 -0.002348 -0.011650
v 0.213564 -0.003761 -0.010238
v 0.209578 -0.003761 0.010238
v 0.213564 -0.003761 -0.010238
v 0.209578 -0.003761 -0.010238
v 0.209578 -0.003761 -0.010238
v 0.213564 -0.024237 -0.010238
v 0.209578 -0.024237 -0.010238
v 0.209578 -0.024237 0.010238
v 0.213564 -0.003761 0.010238
v 0.209578 -0.003761 0.010238
v 0.214430 -0.025649 0.011650
v 0.230720 -0.002348 0.011650
v 0.214430 -0.002348 0.011650
v 0.214430 -0.025649 -0.011650
v 0.213564 -0.024237 -0.010238
v 0.213564 -0.024237 0.010238
v 0.214430 -0.002348 0.011650
v 0.214430 -0.025649 0.011650
v 0.230720 -0.002348 0.011650
v 0.235226 -0.002348 -0.011650
v 0.230720 -0.002348 -0.011650
v 0.214430 -0.025649 -0.011650
v 0.230720 -0.025649 0.011650
v 0.214430 -0.025649 0.011650
v 0.214430 -0.002348 0.011650
v 0.214430 -0.002348 -0.011650
v 0.214430 -0.002348 -0.011650
v 0.230720 -0.025649 -0.011650
v 0.214430 -0.025649 -0.011650
v 0.235226 -0.002348 -0.011650
v 0.240598 -0.016638 0.011650
v 0.240598 -0.016638 -0.011650
v 0.230720 -0.002348 -0.011650
v 0.240598 -0.016638 -0.011650
v 0.240598 -0.016638 0.011650
v 0.235226 -0.002348 0.011650
v 0.230720 -0.025649 -0.011650
v 0.240598 -0.016638 0.011650
v -0.074892 0.057704 0.014536
v -0.147234 0.062349 -0.014536
v -0.074892 0.057704 -0.014536
v -0.074892 0.057704 0.014536
v -0.074892 0.057704 -0.014536
v -0.147234 0.062349 -0.014536
v -0.136390 0.082679 -0.014637
v -0.137481 0.101303 -0.014637
v 0.073494 0.072617 0.009254
v 0.066307 0.059859 -0.009254
v 0.066307 0.059859 0.009254
v 0.066307 0.059859 -0.009254
v 0.093080 0.074055 -0.009254
v 0.107095 0.058422 -0.009254
v 0.125574 0.072034 -0.009254
v 0.125934 0.059276 -0.009254
v 0.093080 0.074055 0.009254
v 0.066307 0.059859 0.009254
v 0.107095 0.058422 0.009254
v 0.107095 0.058422 -0.009254
v 0.066307 0.059859 0.009254
v 0.066307 0.059859 -0.009254
v 0.076073 0.089357 -0.009254
v 0.073494 0.072617 -0.009254
v 0.125574 0.072034 -0.009254
v 0.125934 0.059276 0.009254
v 0.125934 0.059276 -0.009254
v 0.125574 0.072034 0.009254
v 0.125934 0.059276 0.009254
v 0.107095 0.058422 0.009254
v 0.093080 0.074055 0.009254
v 0.125574 0.072034 -0.009254
v 0.093080 0.074055 -0.009254
v 0.083800 0.089716 -0.009254
v 0.086470 0.100241 0.009254
v 0.083800 0.089716 0.009254
v 0.073494 0.072617 0.009254
v 0.083800 0.089716 0.009254
v 0.076073 0.089357 0.009254
v 0.073494 0.072617 -0.009254
v 0.083800 0.089716 -0.009254
v 0.093080 0.074055 -0.009254
v 0.093080 0.074055 0.009254
v 0.080619 0.100850 0.009254
v 0.088265 0.106203 -0.009254
v 0.080619 0.100850 -0.009254
v 0.076073 0.089357 0.009254
v 0.080619 0.100850 -0.009254
v 0.080619 0.100850 0.009254
v 0.080619 0.100850 -0.009254
v 0.086470 0.100241 -0.009254
v 0.092868 0.107840 0.009254
v 0.092868 0.107840 -0.009254
v 0.086470 0.100241 0.009254
v 0.088265 0.106203 0.009254
v 0.088265 0.106203 -0.009254
v 0.092868 0.107840 -0.009254
v 0.086470 0.100241 -0.009254
v 0.092868 0.107840 0.009254
v 0.086470 0.100241 0.009254
v 0.147226 0.083116 0.011606
v 0.147226 0.074049 -0.011606
v 0.147226 0.074049 0.011606
v 0.159455 0.074298 -0.011606
v 0.170437 0.083116 -0.011606
v 0.171685 0.074548 -0.011606
v 0.242057 0.081815 -0.008276
v 0.242057 0.075349 -0.008276
v 0.159455 0.074298 0.011606
v 0.147226 0.083116 0.011606
v 0.147226 0.074049 0.011606
v 0.174180 0.060404 -0.011606
v 0.160703 0.060154 0.011606
v 0.160703 0.060154 -0.011606
v 0.147226 0.083116 -0.011606
v 0.158582 0.086609 0.011606
v 0.158582 0.086609 -0.011606
v 0.147226 0.059905 0.011606
v 0.160703 0.060154 0.011606
v 0.171685 0.074548 -0.011606
v 0.174180 0.060404 0.011606
v 0.174180 0.060404 -0.011606
v 0.160703 0.060154 -0.011606
v 0.174180 0.060404 -0.011606
v 0.147226 0.059905 -0.011606
v 0.147226 0.059905 0.011606
v 0.242057 0.081815 -0.008276
v 0.242057 0.075349 0.008276
v 0.242057 0.075349 -0.008276
v 0.170437 0.083116 0.011606
v 0.242057 0.081815 -0.008276
v 0.170437 0.083116 -0.011606
v 0.171685 0.074548 -0.011606
v 0.242057 0.075349 0.008276
v 0.171685 0.074548 0.011606
v 0.171685 0.074548 0.011606
v 0.242057 0.081815 0.008276
v 0.170437 0.083116 0.011606
v 0.147226 0.059905 -0.011606
v 0.174180 0.060404 0.011606
v 0.147226 0.059905 0.011606
v 0.147226 0.059905 -0.011606
v 0.147226 0.083116 -0.011606
v 0.147226 0.074049 -0.011606
v 0.358472 0.021166 -0.005714
v 0.362065 0.009999 0.000000
v 0.358472 0.018800 0.000000
v 0.297742 0.032593 -0.005714
v 0.358472 0.026880 -0.008080
v 0.297742 0.026880 -0.008080
v 0.281581 0.021166 -0.005714
v 0.281581 0.026880 -0.008080
v 0.358472 0.032593 -0.005714
v 0.362065 0.043761 0.000000
v 0.362065 0.038816 -0.011937
v 0.297742 0.021166 0.005714
v 0.358472 0.026880 0.008080
v 0.297742 0.026880 0.008080
v 0.297742 0.021166 -0.005714
v 0.281581 0.018800 0.000000
v 0.281581 0.021166 -0.005714
v 0.362065 0.026880 -0.016881
v 0.358472 0.026880 -0.008080
v 0.297742 0.034960 0.000000
v 0.358472 0.032593 -0.005714
v 0.297742 0.032593 -0.005714
v 0.297742 0.018800 0.000000
v 0.281581 0.021166 0.005714
v 0.362065 0.014943 0.011937
v 0.358472 0.021166 0.005714
v 0.358472 0.021166 0.005714
v 0.297742 0.021166 0.005714
v 0.281581 0.026880 0.008080
v 0.281581 0.021166 0.005714
v 0.358472 0.026880 0.008080
v 0.362065 0.026880 0.016881
v 0.358472 0.021166 -0.005714
v 0.297742 0.021166 -0.005714
v 0.281581 0.032593 0.005714
v 0.362065 0.014943 -0.011937
v 0.378236 0.009999 0.000000
v 0.362065 0.009999 0.000000
v 0.297742 0.032593 0.005714
v 0.358472 0.034960 0.000000
v 0.281581 0.034960 0.000000
v 0.281581 0.032593 0.005714
v 0.358472 0.018800 0.000000
v 0.362065 0.014943 -0.011937
v 0.281581 0.032593 -0.005714
v 0.358472 0.032593 0.005714
v 0.358472 0.034960 0.000000
v 0.358472 0.032593 0.005714
v 0.297742 0.032593 0.005714
v 0.281581 0.032593 -0.005714
v 0.281581 0.034960 0.000000
v 0.281581 0.032593 -0.005714
v 0.281581 0.021166 0.005714
v 0.362065 0.038816 0.011937
v 0.378236 0.043761 0.000000
v 0.381829 0.034359 -0.007479
v 0.378236 0.038816 -0.011937
v 0.362065 0.014943 0.011937
v 0.378236 0.026880 0.016881
v 0.362065 0.026880 0.016881
v 0.362065 0.038816 0.011937
v 0.378236 0.043761 0.000000
v 0.362065 0.043761 0.000000
v 0.362065 0.038816 -0.011937
v 0.378236 0.026880 -0.016881
v 0.362065 0.026880 -0.016881
v 0.378236 0.014943 -0.011937
v 0.362065 0.014943 -0.011937
v 0.378236 0.014943 0.011937
v 0.362065 0.014943 0.011937
v 0.378236 0.038816 0.011937
v 0.362065 0.038816 0.011937
v 0.378236 0.038816 -0.011937
v 0.362065 0.038816 -0.011937
v 0.381829 0.019400 -0.007479
v 0.383266 0.026880 -0.013653
v 0.383266 0.017226 -0.009654
v 0.378236 0.014943 -0.011937
v 0.381829 0.016302 0.000000
v 0.378236 0.009999 0.000000
v 0.378236 0.014943 0.011937
v 0.381829 0.026880 0.010578
v 0.378236 0.026880 0.016881
v 0.378236 0.038816 0.011937
v 0.381829 0.037457 0.000000
v 0.378236 0.026880 -0.016881
v 0.381829 0.026880 -0.010577
v 0.381829 0.019400 -0.007479
v 0.381829 0.019400 0.007479
v 0.381829 0.034359 0.007479
v 0.383266 0.036534 0.009654
v 0.391172 0.040533 0.000000
v 0.383266 0.040533 0.000000
v 0.381829 0.016302 0.000000
v 0.383266 0.017226 0.009654
v 0.381829 0.019400 0.007479
v 0.381829 0.034359 0.007479
v 0.383266 0.026880 0.013653
v 0.383266 0.036534 0.009654
v 0.381829 0.037457 0.000000
v 0.383266 0.036534 -0.009654
v 0.381829 0.034359 -0.007479
v 0.383266 0.013227 0.000000
v 0.381829 0.026880 0.010578
v 0.383266 0.040533 0.000000
v 0.381829 0.026880 -0.010577
v 0.391172 0.017226 -0.009654
v 0.393328 0.016570 0.000000
v 0.391172 0.013227 0.000000
v 0.383266 0.036534 -0.009654
v 0.391172 0.026880 -0.013653
v 0.383266 0.026880 -0.013653
v 0.391172 0.017226 -0.009654
v 0.383266 0.017226 -0.009654
v 0.383266 0.013227 0.000000
v 0.391172 0.017226 0.009654
v 0.383266 0.017226 0.009654
v 0.383266 0.026880 0.013653
v 0.391172 0.036534 0.009654
v 0.383266 0.036534 0.009654
v 0.391172 0.036534 -0.009654
v 0.383266 0.036534 -0.009654
v 0.383266 0.017226 -0.009654
v 0.391172 0.013227 0.000000
v 0.383266 0.017226 0.009654
v 0.391172 0.026880 0.013653
v 0.393328 0.034170 0.007290
v 0.395844 0.026880 0.013806
v 0.395844 0.036642 0.009763
v 0.391172 0.017226 0.009654
v 0.393328 0.026880 0.010310
v 0.391172 0.026880 0.013653
v 0.391172 0.036534 0.009654
v 0.393328 0.037189 0.000000
v 0.391172 0.040533 0.000000
v 0.391172 0.026880 -0.013653
v 0.393328 0.034170 -0.007290
v 0.393328 0.026880 -0.010309
v 0.393328 0.019590 -0.007290
v 0.393328 0.019590 0.007290
v 0.393328 0.034170 0.007290
v 0.391172 0.036534 -0.009654
v 0.395844 0.026880 -0.013806
v 0.447919 0.014768 -0.012112
v 0.395844 0.017117 -0.009763
v 0.393328 0.034170 -0.007290
v 0.395844 0.040686 0.000000
v 0.395844 0.036642 -0.009763
v 0.393328 0.016570 0.000000
v 0.395844 0.017117 -0.009763
v 0.395844 0.013073 0.000000
v 0.393328 0.019590 0.007290
v 0.393328 0.026880 0.010310
v 0.393328 0.037189 0.000000
v 0.395844 0.026880 -0.013806
v 0.393328 0.026880 -0.010309
v 0.393328 0.019590 -0.007290
v 0.395844 0.017117 0.009763
v 0.447919 0.026880 0.017128
v 0.451932 0.017929 0.008950
v 0.451932 0.026880 0.012658
v 0.395844 0.013073 0.000000
v 0.447919 0.014768 0.012112
v 0.395844 0.017117 0.009763
v 0.395844 0.036642 0.009763
v 0.447919 0.026880 0.017128
v 0.447919 0.038991 0.012112
v 0.395844 0.036642 -0.009763
v 0.447919 0.044008 -0.000000
v 0.447919 0.038991 -0.012112
v 0.395844 0.017117 -0.009763
v 0.447919 0.009752 0.000000
v 0.395844 0.017117 0.009763
v 0.395844 0.026880 0.013806
v 0.395844 0.040686 0.000000
v 0.447919 0.038991 0.012112
v 0.395844 0.036642 -0.009763
v 0.447919 0.026880 -0.017128
v 0.451932 0.039538 -0.000000
v 0.451932 0.014222 0.000000
v 0.447919 0.038991 0.012112
v 0.447919 0.044008 -0.000000
v 0.447919 0.038991 -0.012112
v 0.451932 0.026880 -0.012658
v 0.447919 0.026880 -0.017128
v 0.451932 0.017929 -0.008950
v 0.447919 0.014768 -0.012112
v 0.451932 0.014222 0.000000
v 0.451932 0.017929 0.008950
v 0.451932 0.035830 0.008950
v 0.451932 0.035830 -0.008950
v 0.447919 0.014768 -0.012112
v 0.011089 -0.016128 0.004166
v 0.013806 -0.030105 -0.004166
v 0.013806 -0.030105 0.004166
v 0.011089 -0.016128 -0.004166
v 0.019631 -0.030105 -0.004166
v 0.013806 -0.030105 -0.004166
v 0.022688 -0.015789 -0.004166
v 0.019631 -0.030105 0.004166
v 0.019631 -0.030105 -0.004166
v 0.019631 -0.030105 0.004166
v 0.011089 -0.016128 0.004166
v 0.013806 -0.030105 0.004166
v 0.018951 -0.039276 0.004166
v 0.011089 -0.016128 -0.004166
v 0.022688 -0.015789 0.004166
v 0.022688 -0.015789 -0.004166
v 0.018951 -0.039276 0.004166
v 0.024957 -0.048688 -0.004166
v 0.018951 -0.039276 -0.004166
v 0.018951 -0.039276 -0.004166
v 0.015165 -0.041314 -0.004166
v 0.015165 -0.041314 0.004166
v 0.024957 -0.048688 -0.004166
v 0.019132 -0.045971 0.004166
v 0.019132 -0.045971 -0.004166
v 0.015165 -0.041314 -0.004166
v 0.019132 -0.045971 0.004166
v 0.019132 -0.045971 0.004166
v 0.024957 -0.048688 0.004166
v 0.019132 -0.045971 -0.004166
v -0.018809 -0.015158 0.002391
v -0.018809 -0.019941 -0.002391
v -0.018809 -0.019941 0.002391
v -0.018809 -0.015158 -0.002391
v -0.014026 -0.019941 -0.002391
v -0.018809 -0.019941 -0.002391
v -0.014026 -0.015158 -0.002391
v -0.014026 -0.019941 0.002391
v -0.014026 -0.019941 -0.002391
v -0.014026 -0.015158 0.002391
v -0.018809 -0.019941 0.002391
v -0.014026 -0.019941 0.002391
v -0.018809 -0.024855 0.002391
v -0.014026 -0.027804 0.002391
v -0.014026 -0.024855 0.002391
v -0.018809 -0.015158 -0.002391
v -0.014026 -0.015158 0.002391
v -0.014026 -0.015158 -0.002391
v -0.014026 -0.027804 -0.002391
v -0.018809 -0.027804 0.002391
v -0.018809 -0.027804 -0.002391
v -0.014026 -0.024855 -0.002391
v -0.018809 -0.027804 -0.002391
v -0.018809 -0.024855 -0.002391
v -0.018809 -0.024855 -0.002391
v -0.018809 -0.027804 0.002391
v -0.018809 -0.024855 0.002391
v -0.008307 -0.027720 -0.002391
v -0.005377 -0.024855 -0.002391
v -0.004694 -0.027667 -0.002391
v -0.014026 -0.024855 -0.002391
v -0.005377 -0.024855 0.002391
v -0.004694 -0.027667 -0.002391
v -0.005377 -0.024855 -0.002391
v -0.004694 -0.027667 0.002391
v -0.007336 -0.031981 0.002391
v -0.003724 -0.031929 0.002391
v -0.008307 -0.027720 0.002391
v -0.005377 -0.024855 0.002391
v -0.008725 -0.024855 0.002391
v -0.008725 -0.024855 0.002391
v -0.005377 -0.024855 -0.002391
v -0.008725 -0.024855 -0.002391
v -0.014026 -0.024855 0.002391
v -0.014026 -0.024855 -0.002391
v -0.008307 -0.027720 0.002391
v -0.014026 -0.027804 0.002391
v -0.014026 -0.027804 -0.002391
v -0.008725 -0.024855 -0.002391
v -0.007336 -0.031981 -0.002391
v -0.008938 -0.047070 0.002391
v -0.007336 -0.031981 0.002391
v -0.003724 -0.031929 0.002391
v -0.003724 -0.031929 -0.002391
v -0.007336 -0.031981 -0.002391
v -0.008307 -0.027720 0.002391
v -0.005325 -0.047017 0.002391
v -0.005842 -0.053899 0.002168
v -0.003147 -0.052039 0.002168
v -0.005325 -0.047017 -0.002391
v -0.008938 -0.047070 -0.002391
v -0.005325 -0.047017 -0.002391
v 0.003897 -0.058606 0.002168
v 0.004474 -0.055383 0.002168
v -0.005325 -0.047017 0.002391
v -0.003147 -0.052039 -0.002168
v -0.008938 -0.047070 -0.002391
v -0.005842 -0.053899 0.002168
v -0.005842 -0.053899 -0.002168
v 0.003897 -0.058606 -0.002168
v 0.017640 -0.058697 0.002168
v 0.003897 -0.058606 0.002168
v -0.003147 -0.052039 0.002168
v 0.004474 -0.055383 -0.002168
v -0.003147 -0.052039 -0.002168
v -0.005842 -0.053899 -0.002168
v -0.005842 -0.053899 0.002168
v -0.003147 -0.052039 -0.002168
v 0.003897 -0.058606 -0.002168
v 0.017640 -0.058697 0.002168
v 0.032367 -0.058095 0.002168
v 0.017806 -0.055426 0.002168
v 0.004474 -0.055383 -0.002168
v 0.017640 -0.058697 -0.002168
v 0.017806 -0.055426 0.002168
v 0.017806 -0.055426 -0.002168
v 0.032367 -0.058095 -0.002168
v 0.046082 -0.058235 0.002168
v 0.046082 -0.058235 -0.002168
v 0.017640 -0.058697 -0.002168
v 0.032202 -0.061366 0.002168
v 0.032367 -0.058095 -0.002168
v 0.032202 -0.061366 -0.002168
v 0.046734 -0.061444 -0.002168
v 0.056704 -0.059697 0.002020
v 0.046734 -0.061444 0.002168
v 0.046082 -0.058235 -0.002168
v 0.046734 -0.061444 -0.002168
v 0.032202 -0.061366 0.002168
v 0.046082 -0.058235 0.002168
v 0.056096 -0.056707 0.002020
v 0.066924 -0.050435 0.002020
v 0.064358 -0.048783 0.002020
v 0.056096 -0.056707 -0.002020
v 0.056704 -0.059697 -0.002020
v 0.046734 -0.061444 0.002168
v 0.056096 -0.056707 -0.002020
v 0.066924 -0.050435 -0.002020
v 0.067441 -0.037875 0.002020
v 0.066924 -0.050435 0.002020
v 0.056096 -0.056707 0.002020
v 0.064358 -0.048783 -0.002020
v 0.056704 -0.059697 -0.002020
v 0.066924 -0.050435 0.002020
v 0.066924 -0.050435 -0.002020
v 0.064559 -0.038877 -0.002020
v 0.059914 -0.028362 -0.002020
v 0.067441 -0.037875 -0.002020
v 0.064358 -0.048783 -0.002020
v 0.067441 -0.037875 0.002020
v 0.064559 -0.038877 0.002020
v 0.064358 -0.048783 0.002020
v 0.064559 -0.038877 -0.002020
v 0.064358 -0.048783 -0.002020
v 0.059914 -0.028362 0.002020
v 0.057442 -0.012319 0.002020
v 0.057370 -0.030047 0.002020
v 0.064559 -0.038877 0.002020
v 0.057370 -0.030047 -0.002020
v 0.067441 -0.037875 -0.002020
v 0.059914 -0.028362 0.002020
v 0.060487 -0.012132 -0.002020
v 0.057442 -0.012319 0.002020
v 0.060487 -0.012132 0.002020
v 0.057370 -0.030047 0.002020
v 0.057442 -0.012319 -0.002020
v 0.059914 -0.028362 -0.002020
v 0.060487 -0.012132 0.002020
v 0.057442 -0.012319 -0.002020
v 0.060487 -0.012132 -0.002020
v 0.294759 0.105755 0.008144
v -0.137481 0.101303 0.014637
v 0.296057 0.074140 0.008144
v -0.136390 0.082679 0.020086
v 0.286847 0.128081 -0.008144
v 0.239848 0.137425 -0.008144
v 0.128190 0.140133 -0.008144
v -0.072503 0.146072 -0.014637
v -0.136285 0.113435 -0.014637
v 0.239848 0.137425 0.008144
v 0.281813 0.074454 -0.008144
v 0.281379 0.054733 0.008144
v 0.281379 0.054733 -0.008144
v 0.296057 0.074140 -0.008144
v 0.295623 0.054419 -0.008144
v 0.296057 0.074140 0.008144
v 0.295623 0.054419 0.008144
v 0.281330 0.100996 -0.008144
v 0.273418 0.123321 0.008144
v 0.281330 0.100996 0.008144
v 0.273418 0.123321 -0.008144
v 0.294759 0.105755 -0.008144
v 0.286847 0.128081 -0.008144
v 0.281330 0.100996 0.008144
v 0.286847 0.128081 0.008144
v 0.294759 0.105755 0.008144
v 0.281822 0.073556 -0.008144
v 0.280524 0.105171 0.008144
v 0.281822 0.073556 0.008144
v 0.280524 0.105171 -0.008144
v 0.239571 0.123180 0.008144
v 0.269529 0.122599 -0.008144
v 0.239571 0.123180 -0.008144
v 0.269529 0.122599 0.008144
v 0.239848 0.137425 0.008144
v 0.269806 0.136843 0.008144
v 0.239571 0.123180 -0.008144
v 0.269806 0.136843 -0.008144
v 0.239848 0.137425 -0.008144
v 0.263290 0.124173 -0.008144
v 0.286847 0.128081 -0.008144
v 0.280331 0.115410 0.008144
v 0.286847 0.128081 0.008144
v 0.239503 0.123181 -0.008144
v 0.127844 0.125889 0.008144
v 0.239503 0.123181 0.008144
v 0.127844 0.125889 -0.008144
v 0.128190 0.140133 -0.008144
v 0.239503 0.123181 0.008144
v 0.128190 0.140133 0.008144
v 0.127768 0.125891 -0.008144
v -0.072924 0.131831 0.014637
v 0.127768 0.125891 0.008144
v -0.072924 0.131831 -0.014637
v -0.072503 0.146072 -0.014637
v 0.127768 0.125891 0.008144
v -0.072503 0.146072 0.014637
v -0.123245 0.107694 0.014637
v -0.110274 0.137155 -0.014637
v -0.123245 0.107694 -0.014637
v -0.110274 0.137155 0.014637
v -0.136285 0.113435 0.014637
v -0.123313 0.142897 0.014637
v -0.123313 0.142897 -0.014637
v -0.136285 0.113435 -0.014637
v -0.072924 0.131831 -0.014637
v -0.110274 0.137155 0.014637
v -0.122424 0.128677 -0.014637
v -0.123313 0.142897 -0.014637
v -0.071614 0.131852 0.014637
v -0.123313 0.142897 0.014637
v -0.122106 0.112037 -0.014637
v -0.123303 0.099905 0.014637
v -0.122106 0.112037 0.014637
v -0.123303 0.099905 -0.014637
v -0.137481 0.101303 -0.014637
v -0.137481 0.101303 0.014637
v -0.123258 0.102137 -0.014637
v -0.122167 0.083512 0.014637
v -0.123258 0.102137 0.014637
v -0.122167 0.083512 -0.014637
v -0.136390 0.082679 -0.014637
v -0.136390 0.082679 0.014637
v -0.123819 0.075973 -0.014637
v -0.134664 0.055643 0.010592
v -0.123819 0.075973 0.014637
v -0.134664 0.055643 -0.010592
v -0.147234 0.062349 -0.010592
v -0.147234 0.062349 0.010592
v 0.118696 0.061660 -0.020086
v 0.289202 -0.006117 -0.011176
v 0.289202 -0.006117 -0.011176
v 0.289202 -0.006117 0.011176
v 0.246953 0.073687 0.020086
v 0.246172 0.101680 0.020086
v 0.127637 0.114294 -0.020086
v -0.084601 0.101374 0.020086
v -0.084601 0.101374 0.020086
v -0.139550 0.069923 0.020086
v -0.155656 -0.042950 0.020086
v -0.160160 -0.075274 -0.020086
v -0.155656 -0.042950 0.020086
v -0.255508 0.067649 0.020086
v -0.338305 -0.057893 -0.020086
v -0.338305 -0.057893 0.020086
v -0.337895 0.080608 -0.020086
v -0.344767 -0.052535 0.020086
v -0.320964 0.058736 -0.020086
v -0.430971 -0.066974 -0.020086
v -0.337895 0.080608 0.020086
v -0.430971 -0.066974 0.020086
v -0.428384 0.078449 -0.020086
v -0.446516 0.046209 -0.020086
v -0.446516 0.046209 0.020086
v -0.067517 -0.024971 -0.020086
v -0.017532 -0.031804 -0.020086
v -0.082194 -0.046074 -0.020086
v -0.082194 -0.046074 0.020086
v -0.012057 -0.052313 0.020086
v -0.012057 -0.052313 -0.020086
v -0.024617 -0.061826 0.020086
v -0.023158 -0.082818 0.020086
v -0.037255 -0.093233 0.020086
v -0.106322 -0.107982 0.020086
v -0.048508 -0.122984 0.020086
v -0.036283 -0.112040 0.020086
v -0.036283 -0.112040 -0.020086
v -0.051303 -0.144639 -0.020086
v -0.094126 -0.137131 -0.020086
v -0.094126 -0.137131 0.020086
v -0.051303 -0.144639 0.020086
v -0.051303 -0.144639 0.020086
v 0.123231 -0.002083 -0.011916
v 0.147064 -0.002083 -0.011916
v 0.123231 -0.002083 0.011916
v 0.147064 -0.025915 0.011916
v 0.123231 -0.002083 0.011916
v 0.151004 -0.023002 0.009003
v 0.151004 -0.023002 -0.009003
v 0.151004 -0.004996 0.009003
v 0.151004 -0.004996 -0.009003
v 0.160882 -0.002358 0.011640
v 0.160882 -0.002358 -0.011640
v 0.160882 -0.025639 0.011640
v 0.160882 -0.025639 -0.011640
v 0.165214 -0.004234 0.009764
v 0.165214 -0.004234 -0.009765
v 0.165214 -0.023763 0.009764
v 0.165214 -0.023763 -0.009765
v 0.172839 -0.025800 0.011801
v 0.172839 -0.025800 -0.011801
v 0.172839 -0.002198 0.011801
v 0.172839 -0.002198 -0.011801
v 0.176132 -0.024167 0.010168
v 0.176132 -0.024167 -0.010168
v 0.176132 -0.003831 0.010168
v 0.176132 -0.003831 -0.010168
v 0.184623 -0.002094 0.011905
v 0.184623 -0.002094 -0.011905
v 0.184623 -0.025904 0.011905
v 0.184623 -0.025904 -0.011905
v 0.189302 -0.003787 0.010212
v 0.189302 -0.003787 -0.010212
v 0.189302 -0.024211 0.010212
v 0.189302 -0.024211 -0.010212
v 0.196234 -0.025845 0.011846
v 0.196234 -0.025845 -0.011846
v 0.196234 -0.002152 0.011846
v 0.196234 -0.002152 -0.011846
v 0.200047 -0.003940 -0.010059
v 0.200047 -0.024058 0.010059
v 0.200047 -0.024058 -0.010059
v 0.200047 -0.003940 0.010059
v 0.208538 -0.002280 0.011719
v 0.208538 -0.002280 -0.011719
v 0.208538 -0.025717 0.011719
v 0.208538 -0.025717 -0.011719
v 0.213564 -0.024237 -0.010238
v 0.213564 -0.003761 0.010238
v 0.213564 -0.003761 -0.010238
v 0.213564 -0.024237 0.010238
v 0.230720 -0.025649 0.011650
v 0.235226 -0.002348 0.011650
v 0.235226 -0.002348 0.011650
v 0.235226 -0.002348 -0.011650
v 0.240598 -0.016638 -0.011650
v -0.147234 0.062349 0.014536
v -0.074892 0.057704 -0.014536
v 0.125574 0.072034 0.009254
v 0.125934 0.059276 0.009254
v 0.125934 0.059276 -0.009254
v 0.125574 0.072034 0.009254
v 0.086470 0.100241 -0.009254
v 0.076073 0.089357 -0.009254
v 0.088265 0.106203 0.009254
v 0.080619 0.100850 0.009254
v 0.092868 0.107840 0.009254
v 0.092868 0.107840 -0.009254
v 0.147226 0.083116 -0.011606
v 0.158582 0.086609 -0.011606
v 0.158582 0.086609 0.011606
v 0.174180 0.060404 0.011606
v 0.147226 0.083116 0.011606
v 0.171685 0.074548 0.011606
v 0.242057 0.081815 0.008276
v 0.242057 0.081815 0.008276
v 0.242057 0.075349 -0.008276
v 0.242057 0.075349 0.008276
v 0.358472 0.032593 -0.005714
v 0.358472 0.021166 0.005714
v 0.378236 0.014943 -0.011937
v 0.358472 0.032593 0.005714
v 0.358472 0.021166 -0.005714
v 0.281581 0.026880 -0.008080
v 0.281581 0.021166 -0.005714
v 0.281581 0.018800 0.000000
v 0.281581 0.026880 0.008080
v 0.281581 0.032593 0.005714
v 0.378236 0.014943 0.011937
v 0.378236 0.038816 0.011937
v 0.378236 0.038816 -0.011937
v 0.391172 0.036534 0.009654
v 0.391172 0.036534 -0.009654
v 0.391172 0.017226 -0.009654
v 0.391172 0.017226 0.009654
v 0.447919 0.014768 0.012112
v 0.447919 0.014768 0.012112
v 0.395844 0.036642 0.009763
v 0.447919 0.038991 -0.012112
v 0.451932 0.017929 -0.008950
v 0.011089 -0.016128 -0.004166
v 0.022688 -0.015789 -0.004166
v 0.022688 -0.015789 0.004166
v 0.022688 -0.015789 0.004166
v 0.015165 -0.041314 0.004166
v 0.011089 -0.016128 0.004166
v 0.024957 -0.048688 0.004166
v 0.024957 -0.048688 0.004166
v 0.019132 -0.045971 -0.004166
v 0.024957 -0.048688 -0.004166
v -0.018809 -0.015158 -0.002391
v -0.014026 -0.015158 -0.002391
v -0.014026 -0.015158 0.002391
v -0.018809 -0.015158 0.002391
v -0.018809 -0.027804 0.002391
v -0.018809 -0.015158 0.002391
v -0.018809 -0.027804 -0.002391
v -0.014026 -0.024855 0.002391
v -0.004694 -0.027667 0.002391
v -0.005377 -0.024855 0.002391
v -0.008307 -0.027720 -0.002391
v -0.003724 -0.031929 -0.002391
v -0.008307 -0.027720 -0.002391
v -0.008938 -0.047070 0.002391
v -0.003147 -0.052039 0.002168
v -0.005842 -0.053899 -0.002168
v 0.004474 -0.055383 0.002168
v 0.017806 -0.055426 -0.002168
v 0.032367 -0.058095 0.002168
v 0.032202 -0.061366 -0.002168
v 0.056704 -0.059697 0.002020
v 0.064358 -0.048783 0.002020
v 0.066924 -0.050435 -0.002020
v 0.057370 -0.030047 -0.002020
v 0.060487 -0.012132 0.002020
v 0.057442 -0.012319 -0.002020
v 0.057442 -0.012319 0.002020
v 0.060487 -0.012132 -0.002020
v 0.295623 0.054419 0.008144
v -0.147234 0.062349 -0.010592
v 0.281813 0.074454 0.008144
v 0.273418 0.123321 -0.008144
v 0.281330 0.100996 -0.008144
v 0.273418 0.123321 0.008144
v 0.269529 0.122599 0.008144
v 0.239571 0.123180 0.008144
v 0.269529 0.122599 -0.008144
v 0.280331 0.115410 -0.008144
v 0.263290 0.124173 0.008144
v 0.127844 0.125889 -0.008144
v 0.239503 0.123181 -0.008144
v 0.127844 0.125889 0.008144
v 0.127768 0.125891 -0.008144
v -0.072924 0.131831 0.014637
v -0.110274 0.137155 -0.014637
v -0.071614 0.131852 -0.014637
v -0.122424 0.128677 0.014637
vt 0.683086 0.731121
vt 0.642077 0.859025
vt 0.683086 0.859025
vt 0.172196 0.411500
vt 0.097262 0.541512
vt 0.175300 0.554209
vt 0.184295 0.601413
vt 0.184821 0.555426
vt 0.772740 0.815909
vt 0.804655 0.674512
vt 0.763645 0.674512
vt 0.086272 0.302354
vt 0.090787 0.413771
vt 0.534928 0.541512
vt 0.459994 0.411500
vt 0.456889 0.554209
vt 0.463997 0.262467
vt 0.552247 0.288115
vt 0.476947 0.237839
vt 0.545918 0.302354
vt 0.795559 0.963778
vt 0.795559 0.815909
vt 0.683086 0.970538
vt 0.786464 0.353760
vt 0.763645 0.377357
vt 0.786464 0.377357
vt 0.772740 0.963778
vt 0.795559 0.990113
vt 0.168192 0.262467
vt 0.079943 0.288115
vt 0.642077 0.970538
vt 0.683086 0.985022
vt 0.132057 0.242418
vt 0.074997 0.283222
vt 0.642077 0.985022
vt 0.683086 0.990113
vt 0.500133 0.242418
vt 0.559035 0.233046
vt 0.538898 0.232948
vt 0.538898 0.232948
vt 0.557192 0.283222
vt 0.763645 0.414435
vt 0.786464 0.414435
vt 0.093292 0.232948
vt 0.073154 0.233046
vt 0.010413 0.406156
vt 0.009887 0.611195
vt 0.009887 0.611195
vt 0.585737 0.284787
vt 0.591262 0.235239
vt 0.046453 0.284787
vt 0.559035 0.233046
vt 0.033991 0.295844
vt 0.009887 0.261555
vt 0.010115 0.292141
vt 0.018362 0.243925
vt 0.583757 0.125470
vt 0.542748 0.140140
vt 0.583757 0.140140
vt 0.613827 0.243925
vt 0.587249 0.675385
vt 0.617669 0.662956
vt 0.617669 0.662956
vt 0.036830 0.406091
vt 0.598198 0.295844
vt 0.622302 0.261555
vt 0.010413 0.406156
vt 0.041810 0.600861
vt 0.743871 0.551873
vt 0.702861 0.442506
vt 0.702861 0.551873
vt 0.621777 0.406156
vt 0.622074 0.292141
vt 0.097352 0.685106
vt 0.076330 0.674648
vt 0.097352 0.685106
vt 0.014520 0.662956
vt 0.044940 0.675385
vt 0.743871 0.442506
vt 0.702861 0.249297
vt 0.590380 0.600861
vt 0.622302 0.611195
vt 0.040928 0.235239
vt 0.018362 0.243925
vt 0.009887 0.261555
vt 0.055832 0.622314
vt 0.014520 0.662956
vt 0.044940 0.675385
vt 0.057353 0.676273
vt 0.073908 0.626526
vt 0.743871 0.249297
vt 0.702861 0.225934
vt 0.576358 0.622314
vt 0.574836 0.676273
vt 0.591262 0.235239
vt 0.100108 0.611158
vt 0.642076 0.192553
vt 0.683086 0.175235
vt 0.642076 0.175235
vt 0.558281 0.626526
vt 0.555860 0.674648
vt 0.622302 0.261555
vt 0.683086 0.659308
vt 0.642077 0.627042
vt 0.642077 0.659308
vt 0.642077 0.731121
vt 0.534583 0.613368
vt 0.097607 0.613368
vt 0.173965 0.602860
vt 0.535551 0.645698
vt 0.450458 0.670284
vt 0.542757 0.677522
vt 0.167245 0.637458
vt 0.464945 0.637458
vt 0.865439 0.877941
vt 0.824429 0.844795
vt 0.824429 0.877941
vt 0.683086 0.595535
vt 0.642077 0.556367
vt 0.642077 0.595535
vt 0.865439 0.844795
vt 0.824429 0.810123
vt 0.683086 0.627042
vt 0.096638 0.645698
vt 0.181732 0.670284
vt 0.205058 0.690860
vt 0.091703 0.731270
vt 0.238167 0.694569
vt 0.091591 0.716634
vt 0.540598 0.716634
vt 0.865439 0.810123
vt 0.824429 0.786189
vt 0.540487 0.731270
vt 0.440121 0.791590
vt 0.537257 0.795788
vt 0.427131 0.690860
vt 0.352493 0.132549
vt 0.320218 0.091540
vt 0.320218 0.132549
vt 0.683086 0.556367
vt 0.642077 0.541738
vt 0.683087 0.477139
vt 0.642077 0.439518
vt 0.642077 0.477139
vt 0.683086 0.390425
vt 0.642077 0.301686
vt 0.642077 0.390425
vt 0.683086 0.541738
vt 0.192069 0.791590
vt 0.423485 0.837226
vt 0.526726 0.842010
vt 0.535634 0.833373
vt 0.096555 0.833373
vt 0.208704 0.837226
vt 0.683086 0.301686
vt 0.642077 0.254026
vt 0.412166 0.883574
vt 0.526367 0.862338
vt 0.683086 0.254026
vt 0.642077 0.212327
vt 0.683087 0.439518
vt 0.642077 0.430526
vt 0.105463 0.842010
vt 0.225314 0.876833
vt 0.902254 0.292976
vt 0.878131 0.333986
vt 0.902254 0.333985
vt 0.891913 0.766751
vt 0.885213 0.807761
vt 0.891913 0.807761
vt 0.683087 0.430526
vt 0.642077 0.410199
vt 0.220023 0.883574
vt 0.393722 0.926260
vt 0.543540 0.972495
vt 0.548223 0.880215
vt 0.105822 0.862338
vt 0.238467 0.926260
vt 0.865439 0.766415
vt 0.824429 0.721391
vt 0.824429 0.766415
vt 0.763645 0.509937
vt 0.804655 0.551089
vt 0.804655 0.509937
vt 0.865439 0.721391
vt 0.824429 0.677251
vt 0.865439 0.990113
vt 0.824429 0.897716
vt 0.824429 0.990113
vt 0.088650 0.972495
vt 0.237121 0.971144
vt 0.763645 0.626288
vt 0.763645 0.551089
vt 0.804655 0.654738
vt 0.763645 0.654738
vt 0.199203 0.989623
vt 0.432987 0.989623
vt 0.510142 0.990113
vt 0.193567 0.604349
vt 0.189898 0.550218
vt 0.459577 0.133106
vt 0.468837 0.092096
vt 0.459577 0.092096
vt 0.603532 0.140140
vt 0.613918 0.099131
vt 0.603532 0.099131
vt 0.447895 0.601413
vt 0.458225 0.602860
vt 0.438623 0.604349
vt 0.426013 0.548128
vt 0.425957 0.615810
vt 0.468837 0.133106
vt 0.474588 0.092096
vt 0.447368 0.555426
vt 0.622265 0.140140
vt 0.622265 0.099131
vt 0.865439 0.657477
vt 0.824429 0.651700
vt 0.824429 0.657477
vt 0.885213 0.868545
vt 0.897180 0.827535
vt 0.885213 0.827535
vt 0.206176 0.548128
vt 0.474588 0.133106
vt 0.490998 0.092096
vt 0.213433 0.621158
vt 0.220729 0.556625
vt 0.210677 0.544068
vt 0.490998 0.133106
vt 0.496019 0.092096
vt 0.418757 0.621158
vt 0.405837 0.626604
vt 0.398210 0.558295
vt 0.395586 0.630496
vt 0.885213 0.990113
vt 0.899173 0.949103
vt 0.885213 0.949103
vt 0.411460 0.556625
vt 0.865439 0.651700
vt 0.824429 0.640380
vt 0.236604 0.630496
vt 0.242111 0.554559
vt 0.233979 0.558295
vt 0.865439 0.640380
vt 0.824429 0.631299
vt 0.226352 0.626604
vt 0.880004 0.156646
vt 0.892894 0.115636
vt 0.880004 0.115636
vt 0.246477 0.634664
vt 0.253126 0.568658
vt 0.892894 0.156646
vt 0.901465 0.115636
vt 0.390079 0.554559
vt 0.385713 0.634664
vt 0.865439 0.631299
vt 0.824429 0.622649
vt 0.374688 0.637754
vt 0.368032 0.569372
vt 0.362120 0.638732
vt 0.884497 0.429378
vt 0.900129 0.388369
vt 0.884497 0.388369
vt 0.379063 0.568658
vt 0.865439 0.622649
vt 0.824429 0.612630
vt 0.264158 0.569372
vt 0.283431 0.637593
vt 0.272292 0.567151
vt 0.865439 0.612630
vt 0.824429 0.600624
vt 0.257502 0.637754
vt 0.903687 0.449153
vt 0.892861 0.490162
vt 0.903687 0.490162
vt 0.885213 0.929329
vt 0.899019 0.888319
vt 0.885213 0.888319
vt 0.892861 0.449153
vt 0.884497 0.490162
vt 0.348758 0.637593
vt 0.865439 0.600624
vt 0.824429 0.587359
vt 0.348395 0.579325
vt 0.325982 0.599110
vt 0.332709 0.625487
vt 0.865439 0.587359
vt 0.824429 0.568955
vt 0.283794 0.579325
vt 0.702861 0.133210
vt 0.743871 0.115856
vt 0.702861 0.115856
vt 0.702861 0.090834
vt 0.743871 0.090834
vt 0.306207 0.599110
vt 0.305969 0.581583
vt 0.880004 0.217430
vt 0.901651 0.176420
vt 0.880004 0.176420
vt 0.410936 0.060775
vt 0.434754 0.085105
vt 0.434754 0.060775
vt 0.911687 0.807761
vt 0.936015 0.783431
vt 0.911687 0.783431
vt 0.913493 0.619177
vt 0.916585 0.640533
vt 0.916585 0.622151
vt 0.909742 0.273201
vt 0.934070 0.248872
vt 0.909742 0.248871
vt 0.937622 0.599403
vt 0.913493 0.575073
vt 0.913493 0.599403
vt 0.937820 0.687611
vt 0.913493 0.663281
vt 0.913493 0.687611
vt 0.986147 0.789379
vt 0.983348 0.807761
vt 0.986147 0.807761
vt 0.934851 0.622151
vt 0.937669 0.619177
vt 0.937669 0.643507
vt 0.913493 0.643507
vt 0.934851 0.640533
vt 0.462141 0.051248
vt 0.459577 0.072322
vt 0.462141 0.069629
vt 0.984793 0.929329
vt 0.987569 0.910947
vt 0.984793 0.910947
vt 0.905585 0.031929
vt 0.902786 0.050310
vt 0.905585 0.050310
vt 0.983598 0.490162
vt 0.986397 0.471781
vt 0.983598 0.471781
vt 0.967947 0.193663
vt 0.958218 0.217430
vt 0.967947 0.217430
vt 0.480137 0.069629
vt 0.482845 0.072322
vt 0.482845 0.048555
vt 0.459577 0.048555
vt 0.480137 0.051248
vt 0.226713 0.073631
vt 0.205078 0.071716
vt 0.203096 0.073631
vt 0.957594 0.687611
vt 0.967324 0.663844
vt 0.957594 0.663844
vt 0.967173 0.619740
vt 0.957444 0.643506
vt 0.967173 0.643507
vt 0.958379 0.333986
vt 0.968029 0.310219
vt 0.958379 0.310219
vt 0.569952 0.013919
vt 0.566237 0.033856
vt 0.569952 0.033856
vt 0.226713 0.049865
vt 0.224889 0.071716
vt 0.205078 0.051780
vt 0.203096 0.049865
vt 0.224889 0.051780
vt 0.923167 0.154567
vt 0.944828 0.156646
vt 0.942684 0.154567
vt 0.981403 0.273201
vt 0.985118 0.253265
vt 0.981403 0.253265
vt 0.546463 0.013919
vt 0.542748 0.033855
vt 0.546463 0.033856
vt 0.593411 0.013919
vt 0.589726 0.033856
vt 0.593411 0.033856
vt 0.149565 0.042135
vt 0.142312 0.066228
vt 0.149565 0.066228
vt 0.942684 0.134631
vt 0.921240 0.132552
vt 0.923167 0.134631
vt 0.944828 0.132552
vt 0.921240 0.156646
vt 0.919904 0.385417
vt 0.921639 0.362990
vt 0.919904 0.361323
vt 0.844682 0.039483
vt 0.837489 0.063577
vt 0.844682 0.063577
vt 0.817714 0.039483
vt 0.810462 0.063577
vt 0.817714 0.063577
vt 0.169339 0.066228
vt 0.176592 0.042135
vt 0.169339 0.042135
vt 0.965410 0.969353
vt 0.962756 0.990113
vt 0.965410 0.990113
vt 0.942269 0.362990
vt 0.943846 0.361323
vt 0.943846 0.385417
vt 0.921639 0.383750
vt 0.942269 0.383750
vt 0.940638 0.927555
vt 0.942590 0.905022
vt 0.940638 0.906795
vt 0.966252 0.364657
vt 0.963620 0.385417
vt 0.966252 0.385417
vt 0.965018 0.908568
vt 0.962365 0.929329
vt 0.965018 0.929329
vt 0.963358 0.429378
vt 0.966011 0.408618
vt 0.963358 0.408618
vt 0.510226 0.048015
vt 0.502619 0.072322
vt 0.510226 0.072322
vt 0.920313 0.927555
vt 0.918794 0.905022
vt 0.918794 0.929329
vt 0.942590 0.929329
vt 0.920313 0.906795
vt 0.916954 0.868545
vt 0.939450 0.866816
vt 0.918731 0.866816
vt 0.940056 0.549181
vt 0.947663 0.524874
vt 0.940056 0.524874
vt 0.941376 0.722670
vt 0.933769 0.746976
vt 0.941376 0.746977
vt 0.763645 0.071591
vt 0.771190 0.047284
vt 0.763645 0.047284
vt 0.965965 0.075011
vt 0.961720 0.095862
vt 0.965965 0.095862
vt 0.941108 0.844238
vt 0.941108 0.868545
vt 0.918731 0.845966
vt 0.916954 0.844238
vt 0.939450 0.845966
vt 0.921393 0.406860
vt 0.919904 0.429378
vt 0.921393 0.427710
vt 0.961150 0.746977
vt 0.965396 0.726126
vt 0.961150 0.726126
vt 0.965128 0.847694
vt 0.960882 0.868545
vt 0.965128 0.868545
vt 0.965931 0.034387
vt 0.961720 0.055237
vt 0.965931 0.055237
vt 0.258917 0.046144
vt 0.252548 0.070331
vt 0.258917 0.070331
vt 0.943583 0.429378
vt 0.941806 0.427710
vt 0.941806 0.406860
vt 0.919904 0.405191
vt 0.943583 0.405191
vt 0.918947 0.990113
vt 0.920859 0.967750
vt 0.918947 0.965926
vt 0.111889 0.044214
vt 0.105572 0.068401
vt 0.111889 0.068401
vt 0.085798 0.044214
vt 0.079430 0.068401
vt 0.085798 0.068401
vt 0.278691 0.070331
vt 0.285060 0.046144
vt 0.278691 0.046144
vt 0.880004 0.050310
vt 0.883011 0.029773
vt 0.880004 0.029773
vt 0.941268 0.967750
vt 0.942982 0.965926
vt 0.941268 0.988288
vt 0.920859 0.988288
vt 0.942982 0.990113
vt 0.607882 0.055324
vt 0.586297 0.053630
vt 0.587776 0.055324
vt 0.928401 0.031178
vt 0.925393 0.051716
vt 0.928401 0.051716
vt 0.970420 0.528643
vt 0.967438 0.549181
vt 0.970420 0.549181
vt 0.967609 0.136108
vt 0.964602 0.156646
vt 0.967609 0.156646
vt 0.052079 0.036275
vt 0.044295 0.060201
vt 0.052079 0.060201
vt 0.607882 0.075862
vt 0.609721 0.053630
vt 0.586297 0.077556
vt 0.587776 0.075862
vt 0.609721 0.077556
vt 0.566523 0.077556
vt 0.544369 0.076044
vt 0.542748 0.077556
vt 0.955790 0.807761
vt 0.963574 0.783835
vt 0.955790 0.783835
vt 0.961628 0.249276
vt 0.953845 0.273201
vt 0.961628 0.273201
vt 0.957397 0.599403
vt 0.965117 0.575477
vt 0.957397 0.575477
vt 0.963824 0.469260
vt 0.959788 0.490162
vt 0.963824 0.490162
vt 0.566523 0.053630
vt 0.565140 0.076044
vt 0.544369 0.055142
vt 0.542748 0.053630
vt 0.565140 0.055142
vt 0.643308 0.052911
vt 0.642077 0.075256
vt 0.643308 0.073813
vt 0.741814 0.050157
vt 0.737746 0.071059
vt 0.741814 0.071059
vt 0.854023 0.110064
vt 0.858092 0.089161
vt 0.854023 0.089161
vt 0.059020 0.084905
vt 0.054952 0.105808
vt 0.059020 0.105808
vt 0.103216 0.114888
vt 0.079430 0.098259
vt 0.079430 0.114888
vt 0.665364 0.075256
vt 0.663772 0.073813
vt 0.663772 0.052911
vt 0.642077 0.051469
vt 0.665364 0.051469
vt 0.367789 0.047978
vt 0.363190 0.071765
vt 0.367789 0.071765
vt 0.410936 0.104879
vt 0.434723 0.121372
vt 0.434723 0.104879
vt 0.384417 0.047978
vt 0.384417 0.071765
vt 0.834249 0.110064
vt 0.810462 0.093435
vt 0.810462 0.110064
vt 0.702861 0.047273
vt 0.717971 0.071059
vt 0.717971 0.047273
vt 0.834248 0.093435
vt 0.819661 0.083351
vt 0.094018 0.088175
vt 0.079430 0.093659
vt 0.410936 0.121372
vt 0.434723 0.132549
vt 0.232774 0.213174
vt 0.203096 0.140536
vt 0.203096 0.213174
vt 0.677420 0.147143
vt 0.647742 0.147143
vt 0.534838 0.685106
vt 0.555860 0.674648
vt 0.574836 0.676273
vt 0.824429 0.522446
vt 0.843323 0.511191
vt 0.824429 0.511191
vt 0.389897 0.213174
vt 0.405343 0.186372
vt 0.389897 0.171512
vt 0.404449 0.153149
vt 0.391446 0.152324
vt 0.354678 0.186372
vt 0.370123 0.213174
vt 0.370123 0.171512
vt 0.459577 0.193989
vt 0.478471 0.152880
vt 0.459577 0.152880
vt 0.843323 0.538640
vt 0.843323 0.522446
vt 0.806239 0.354262
vt 0.819222 0.373156
vt 0.819222 0.354262
vt 0.355571 0.153149
vt 0.478471 0.213174
vt 0.478471 0.193989
vt 0.372267 0.099409
vt 0.391161 0.132549
vt 0.391161 0.099409
vt 0.763645 0.108314
vt 0.782539 0.118686
vt 0.782539 0.108314
vt 0.356848 0.206301
vt 0.339033 0.196403
vt 0.339678 0.204273
vt 0.403172 0.206301
vt 0.420987 0.196403
vt 0.763645 0.091365
vt 0.782539 0.091365
vt 0.215697 0.011197
vt 0.207817 0.030091
vt 0.215697 0.030091
vt 0.824429 0.538640
vt 0.843323 0.549181
vt 0.327789 0.200048
vt 0.432232 0.200048
vt 0.431821 0.194058
vt 0.203096 0.011197
vt 0.203096 0.030091
vt 0.328200 0.194058
vt 0.322053 0.192441
vt 0.437967 0.192441
vt 0.439803 0.187804
vt 0.459577 0.028781
vt 0.467047 0.009887
vt 0.459577 0.009887
vt 0.320218 0.048070
vt 0.329279 0.071765
vt 0.329279 0.048070
vt 0.818820 0.405684
vt 0.810028 0.417059
vt 0.818797 0.418171
vt 0.812698 0.490162
vt 0.819297 0.490040
vt 0.778105 0.249507
vt 0.787336 0.237192
vt 0.778082 0.237021
vt 0.203096 0.120762
vt 0.226791 0.107084
vt 0.203096 0.107084
vt 0.834157 0.237204
vt 0.810462 0.248845
vt 0.834157 0.248845
vt 0.763645 0.236754
vt 0.763645 0.250514
vt 0.009887 0.036506
vt 0.024521 0.060201
vt 0.024521 0.036506
vt 0.833281 0.406691
vt 0.833281 0.420451
vt 0.343416 0.071765
vt 0.343416 0.048070
vt 0.320218 0.011398
vt 0.326777 0.028296
vt 0.326777 0.011398
vt 0.810462 0.260897
vt 0.830758 0.333985
vt 0.834157 0.260897
vt 0.252548 0.141820
vt 0.272845 0.213174
vt 0.276243 0.141820
vt 0.778129 0.261994
vt 0.784228 0.333986
vt 0.786897 0.260882
vt 0.833281 0.392931
vt 0.763645 0.264274
vt 0.226791 0.093406
vt 0.203096 0.093406
vt 0.809590 0.393369
vt 0.818844 0.393197
vt 0.265776 0.098805
vt 0.252548 0.099735
vt 0.261392 0.103322
vt 0.091097 0.196656
vt 0.085254 0.134684
vt 0.085256 0.196677
vt 0.079432 0.213152
vt 0.085256 0.213174
vt 0.276359 0.103097
vt 0.283818 0.112416
vt 0.283818 0.099266
vt 0.864721 0.473644
vt 0.858899 0.411672
vt 0.858897 0.473666
vt 0.110872 0.151687
vt 0.116705 0.135016
vt 0.110872 0.135325
vt 0.274659 0.090106
vt 0.271976 0.098712
vt 0.769478 0.154989
vt 0.775310 0.216946
vt 0.775311 0.154956
vt 0.116705 0.151378
vt 0.122537 0.135325
vt 0.252548 0.112885
vt 0.261392 0.109616
vt 0.122537 0.213174
vt 0.122537 0.151687
vt 0.858896 0.490162
vt 0.864721 0.490141
vt 0.265776 0.114000
vt 0.261707 0.122045
vt 0.079430 0.134662
vt 0.079432 0.196656
vt 0.853055 0.490141
vt 0.922071 0.217430
vt 0.937798 0.205244
vt 0.921426 0.205244
vt 0.763645 0.154956
vt 0.769478 0.216979
vt 0.769478 0.138493
vt 0.763645 0.138460
vt 0.116705 0.212865
vt 0.261707 0.090300
vt 0.775311 0.138460
vt 0.271976 0.113908
vt 0.276359 0.109391
vt 0.853058 0.411651
vt 0.853056 0.473644
vt 0.091097 0.213152
vt 0.517586 0.023631
vt 0.517586 0.017337
vt 0.502619 0.023856
vt 0.274659 0.121851
vt 0.142312 0.108457
vt 0.148605 0.097610
vt 0.142312 0.095279
vt 0.941900 0.071491
vt 0.925438 0.083658
vt 0.941945 0.083659
vt 0.938604 0.309614
vt 0.922029 0.321800
vt 0.938535 0.321800
vt 0.923506 0.490162
vt 0.939969 0.477959
vt 0.923461 0.477959
vt 0.940014 0.465791
vt 0.923506 0.465791
vt 0.938443 0.193059
vt 0.922071 0.193059
vt 0.925393 0.095861
vt 0.941900 0.095862
vt 0.922098 0.333985
vt 0.938604 0.333985
vt 0.018751 0.083119
vt 0.027770 0.079976
vt 0.017294 0.080133
vt 0.164707 0.086061
vt 0.168450 0.097698
vt 0.173983 0.095421
vt 0.173983 0.108598
vt 0.162637 0.111768
vt 0.164707 0.117875
vt 0.151588 0.117816
vt 0.148605 0.105867
vt 0.151588 0.086003
vt 0.154417 0.091797
vt 0.162637 0.091834
vt 0.168450 0.105955
vt 0.154417 0.111731
vt 0.621311 0.014145
vt 0.613185 0.024000
vt 0.621255 0.024000
vt 0.013013 0.089031
vt 0.009887 0.098399
vt 0.013013 0.097271
vt 0.026867 0.102889
vt 0.017294 0.105808
vt 0.027770 0.105651
vt 0.032606 0.096977
vt 0.035177 0.087385
vt 0.032606 0.088737
vt 0.009887 0.087764
vt 0.018751 0.103011
vt 0.035177 0.098019
vt 0.026867 0.082998
vt 0.898116 0.070132
vt 0.902710 0.078899
vt 0.905619 0.077702
vt 0.669994 0.031694
vt 0.678028 0.021824
vt 0.669958 0.021825
vt 0.678064 0.011983
vt 0.669994 0.011984
vt 0.410936 0.031145
vt 0.419462 0.021290
vt 0.411458 0.021290
vt 0.650183 0.021825
vt 0.642077 0.031694
vt 0.650147 0.031694
vt 0.613241 0.033856
vt 0.621311 0.033856
vt 0.411458 0.041001
vt 0.418940 0.031145
vt 0.650147 0.011984
vt 0.642113 0.021824
vt 0.911935 0.545950
vt 0.902198 0.549181
vt 0.912791 0.549022
vt 0.905619 0.088359
vt 0.897045 0.092612
vt 0.898116 0.095862
vt 0.887506 0.095814
vt 0.883369 0.086860
vt 0.880004 0.088245
vt 0.887506 0.070085
vt 0.883369 0.078813
vt 0.889034 0.073147
vt 0.897045 0.073183
vt 0.902710 0.086946
vt 0.889034 0.092576
vt 0.880004 0.077587
vt 0.599610 0.213174
vt 0.587250 0.159999
vt 0.589658 0.213137
vt 0.917528 0.532158
vt 0.920282 0.541305
vt 0.920282 0.530550
vt 0.898432 0.532444
vt 0.902198 0.523217
vt 0.894708 0.530934
vt 0.898432 0.540475
vt 0.904025 0.546069
vt 0.917528 0.540188
vt 0.912791 0.523058
vt 0.911935 0.526563
vt 0.904025 0.526682
vt 0.894708 0.541688
vt 0.664799 0.095030
vt 0.652801 0.099119
vt 0.662638 0.099075
vt 0.510609 0.155753
vt 0.522973 0.208699
vt 0.520575 0.156281
vt 0.705249 0.206123
vt 0.715243 0.153030
vt 0.702861 0.152985
vt 0.565078 0.159915
vt 0.555112 0.213174
vt 0.567476 0.213104
vt 0.500643 0.156281
vt 0.510609 0.208044
vt 0.725181 0.206123
vt 0.715229 0.206159
vt 0.555112 0.159971
vt 0.542748 0.213104
vt 0.609590 0.213137
vt 0.599596 0.160045
vt 0.669594 0.115912
vt 0.645846 0.106137
vt 0.674211 0.104442
vt 0.674211 0.117813
vt 0.664799 0.127309
vt 0.652801 0.122974
vt 0.651489 0.127368
vt 0.645846 0.116018
vt 0.642076 0.117956
vt 0.510609 0.212690
vt 0.519746 0.213174
vt 0.669594 0.106031
vt 0.662638 0.122930
vt 0.498245 0.208699
vt 0.885213 0.634203
vt 0.893718 0.619669
vt 0.885213 0.619669
vt 0.863097 0.549181
vt 0.870814 0.534346
vt 0.864883 0.534755
vt 0.885213 0.687611
vt 0.893718 0.673437
vt 0.885213 0.673437
vt 0.882250 0.258367
vt 0.889967 0.273202
vt 0.888182 0.258776
vt 0.883586 0.249075
vt 0.893718 0.571085
vt 0.885213 0.582929
vt 0.893718 0.582929
vt 0.893718 0.664212
vt 0.885213 0.653977
vt 0.885213 0.664212
vt 0.869478 0.525054
vt 0.865479 0.523244
vt 0.885213 0.608183
vt 0.702861 0.018993
vt 0.708403 0.027498
vt 0.708403 0.018993
vt 0.893718 0.608183
vt 0.885213 0.602704
vt 0.883872 0.242244
vt 0.878131 0.239067
vt 0.869193 0.518223
vt 0.876954 0.366632
vt 0.881836 0.361852
vt 0.876954 0.361852
vt 0.009887 0.126074
vt 0.014952 0.130767
vt 0.014766 0.125888
vt 0.363190 0.028204
vt 0.368073 0.023352
vt 0.363190 0.023352
vt 0.860043 0.135209
vt 0.855351 0.130144
vt 0.855164 0.135023
vt 0.850338 0.129953
vt 0.847144 0.134717
vt 0.850151 0.134831
vt 0.257430 0.026370
vt 0.252548 0.021487
vt 0.252548 0.026370
vt 0.737746 0.024581
vt 0.742628 0.019738
vt 0.737746 0.019738
vt 0.019965 0.130576
vt 0.022787 0.125582
vt 0.019779 0.125697
vt 0.881836 0.356941
vt 0.876954 0.353994
vt 0.876954 0.356941
vt 0.023110 0.136298
vt 0.020302 0.139398
vt 0.023197 0.139985
vt 0.363190 0.018367
vt 0.522973 0.135978
vt 0.518091 0.133048
vt 0.518091 0.135978
vt 0.846920 0.144241
vt 0.842621 0.141378
vt 0.842535 0.145065
vt 0.847006 0.140554
vt 0.849815 0.143654
vt 0.849945 0.140239
vt 0.763645 0.024092
vt 0.768528 0.027510
vt 0.768528 0.024092
vt 0.763645 0.018681
vt 0.768528 0.018681
vt 0.742628 0.030382
vt 0.742628 0.024581
vt 0.022973 0.130461
vt 0.020172 0.135983
vt 0.913994 0.742516
vt 0.909112 0.727768
vt 0.909112 0.742516
vt 0.522973 0.128614
vt 0.518091 0.128614
vt 0.027495 0.137122
vt 0.909112 0.746977
vt 0.827205 0.142844
vt 0.820205 0.142052
vt 0.821998 0.144873
vt 0.042912 0.138588
vt 0.042825 0.134902
vt 0.518091 0.113490
vt 0.815025 0.151803
vt 0.818290 0.152517
vt 0.522973 0.113490
vt 0.518319 0.108147
vt 0.913994 0.727768
vt 0.909340 0.720299
vt 0.049912 0.137796
vt 0.853931 0.269106
vt 0.858357 0.283009
vt 0.858357 0.269106
vt 0.296018 0.144223
vt 0.300443 0.151955
vt 0.300443 0.144223
vt 0.853931 0.259860
vt 0.858357 0.259860
vt 0.048119 0.140617
vt 0.055092 0.147547
vt 0.814397 0.165818
vt 0.814437 0.180864
vt 0.817727 0.166114
vt 0.051827 0.148261
vt 0.055720 0.161562
vt 0.296018 0.165562
vt 0.300443 0.165562
vt 0.300443 0.180389
vt 0.296018 0.194386
vt 0.300443 0.194386
vt 0.853931 0.283009
vt 0.858357 0.297403
vt 0.055680 0.176608
vt 0.059010 0.176312
vt 0.853931 0.312107
vt 0.858206 0.322429
vt 0.858357 0.312107
vt 0.056356 0.190592
vt 0.059655 0.191133
vt 0.811107 0.180568
vt 0.813760 0.194848
vt 0.814930 0.205124
vt 0.820906 0.216414
vt 0.822691 0.213861
vt 0.055187 0.200869
vt 0.058261 0.201373
vt 0.810462 0.195389
vt 0.300293 0.204630
vt 0.885213 0.707385
vt 0.889337 0.720068
vt 0.889337 0.707385
vt 0.296168 0.204630
vt 0.300293 0.213174
vt 0.854082 0.322429
vt 0.858206 0.333985
vt 0.049211 0.212158
vt 0.037329 0.210195
vt 0.026421 0.205866
vt 0.036418 0.213174
vt 0.047426 0.209605
vt 0.833699 0.217430
vt 0.832788 0.214451
vt 0.853055 0.353994
vt 0.857179 0.363852
vt 0.857179 0.353994
vt 0.843696 0.210122
vt 0.860158 0.208224
vt 0.842076 0.207461
vt 0.853055 0.363852
vt 0.857179 0.374173
vt 0.885213 0.720068
vt 0.889337 0.730578
vt 0.387847 0.028204
vt 0.390959 0.024080
vt 0.387847 0.024080
vt 0.853055 0.374173
vt 0.857179 0.391876
vt 0.885213 0.730578
vt 0.889337 0.746977
vt 0.009959 0.203968
vt 0.009887 0.207083
vt 0.040928 0.235239
vt 0.057353 0.676273
vt 0.073154 0.233046
vt 0.076330 0.674648
vt 0.613827 0.243925
vt 0.622074 0.292141
vt 0.621777 0.406156
vt 0.622302 0.611195
vt 0.587249 0.675385
vt 0.010115 0.292141
vt 0.763645 0.434391
vt 0.786464 0.414435
vt 0.763645 0.414435
vt 0.763645 0.434391
vt 0.763645 0.414435
vt 0.786464 0.434391
vt 0.786464 0.414435
vt 0.320022 0.850111
vt 0.327430 0.860884
vt 0.327430 0.850111
vt 0.763645 0.490162
vt 0.763645 0.466611
vt 0.763645 0.490162
vt 0.786464 0.466611
vt 0.786464 0.490162
vt 0.786464 0.466611
vt 0.763645 0.434391
vt 0.786464 0.466611
vt 0.786464 0.434391
vt 0.763645 0.466611
vt 0.327430 0.874503
vt 0.320022 0.860884
vt 0.320022 0.874503
vt 0.711956 0.972841
vt 0.711956 0.942269
vt 0.711956 0.972841
vt 0.734775 0.942269
vt 0.734775 0.972841
vt 0.734775 0.942269
vt 0.734775 0.972841
vt 0.734775 0.990113
vt 0.711956 0.990113
vt 0.711956 0.990113
vt 0.312614 0.823728
vt 0.320022 0.874503
vt 0.320022 0.823728
vt 0.734775 0.828331
vt 0.734775 0.828331
vt 0.711956 0.942269
vt 0.711956 0.828331
vt 0.302254 0.766122
vt 0.312614 0.857411
vt 0.309662 0.766122
vt 0.743871 0.623556
vt 0.743871 0.623556
vt 0.711956 0.828331
vt 0.702861 0.623556
vt 0.142312 0.186428
vt 0.183321 0.213174
vt 0.183321 0.186428
vt 0.142312 0.213174
vt 0.142312 0.186428
vt 0.142312 0.213174
vt 0.183321 0.213174
vt 0.183321 0.186428
vt 0.299301 0.857411
vt 0.312614 0.874503
vt 0.743871 0.571647
vt 0.743871 0.571647
vt 0.702861 0.623556
vt 0.702861 0.571647
vt 0.183321 0.186428
vt 0.142312 0.174553
vt 0.142312 0.186428
vt 0.183321 0.174553
vt 0.183321 0.174553
vt 0.142312 0.174553
vt 0.183321 0.174553
vt 0.142312 0.155711
vt 0.142312 0.174553
vt 0.183321 0.155711
vt 0.183321 0.155711
vt 0.142312 0.155711
vt 0.183321 0.155711
vt 0.147978 0.137649
vt 0.142312 0.155711
vt 0.177656 0.137649
vt 0.177656 0.137649
vt 0.147978 0.137649
vt 0.541403 0.413771
vt 0.763645 0.353760
vt 0.772740 0.990113
vt 0.155243 0.237839
vt 0.642077 0.990113
vt 0.542748 0.125470
vt 0.595360 0.406091
vt 0.743871 0.225934
vt 0.683086 0.192553
vt 0.089433 0.677522
vt 0.865439 0.786189
vt 0.394022 0.694569
vt 0.352493 0.091540
vt 0.094932 0.795788
vt 0.406876 0.876833
vt 0.683086 0.212327
vt 0.878131 0.292976
vt 0.885213 0.766751
vt 0.683087 0.410199
vt 0.395069 0.971144
vt 0.083967 0.880215
vt 0.865439 0.677251
vt 0.865439 0.897716
vt 0.804655 0.626288
vt 0.122047 0.990113
vt 0.613918 0.140140
vt 0.442291 0.550218
vt 0.897180 0.868545
vt 0.206233 0.615810
vt 0.496019 0.133106
vt 0.421512 0.544068
vt 0.899173 0.990113
vt 0.901465 0.156646
vt 0.900129 0.429378
vt 0.270070 0.638732
vt 0.899019 0.929329
vt 0.884497 0.449153
vt 0.359898 0.567151
vt 0.326220 0.581583
vt 0.865439 0.568955
vt 0.299481 0.625487
vt 0.743871 0.133210
vt 0.901651 0.217430
vt 0.410936 0.085105
vt 0.936015 0.807760
vt 0.934070 0.273201
vt 0.937622 0.575073
vt 0.937820 0.663281
vt 0.983348 0.789379
vt 0.987569 0.929329
vt 0.902786 0.031929
vt 0.986397 0.490162
vt 0.958218 0.193663
vt 0.967324 0.687610
vt 0.957444 0.619740
vt 0.968029 0.333986
vt 0.566237 0.013919
vt 0.985118 0.273201
vt 0.542748 0.013919
vt 0.589726 0.013919
vt 0.142312 0.042135
vt 0.837489 0.039483
vt 0.810462 0.039483
vt 0.176592 0.066228
vt 0.962756 0.969352
vt 0.963620 0.364657
vt 0.962365 0.908568
vt 0.966011 0.429378
vt 0.502619 0.048015
vt 0.947663 0.549180
vt 0.933769 0.722670
vt 0.771190 0.071591
vt 0.961720 0.075011
vt 0.965396 0.746976
vt 0.960882 0.847694
vt 0.961720 0.034387
vt 0.252548 0.046144
vt 0.105572 0.044214
vt 0.079430 0.044214
vt 0.285060 0.070331
vt 0.883011 0.050310
vt 0.925393 0.031178
vt 0.967438 0.528643
vt 0.964602 0.136108
vt 0.044295 0.036275
vt 0.963574 0.807760
vt 0.953845 0.249275
vt 0.965117 0.599403
vt 0.959788 0.469260
vt 0.737746 0.050157
vt 0.858092 0.110064
vt 0.054952 0.084905
vt 0.103217 0.098259
vt 0.363190 0.047978
vt 0.702861 0.071059
vt 0.834248 0.088835
vt 0.410936 0.132549
vt 0.232774 0.140536
vt 0.532081 0.611158
vt 0.806239 0.373156
vt 0.368575 0.152324
vt 0.459577 0.213174
vt 0.372267 0.132549
vt 0.763645 0.118686
vt 0.420343 0.204273
vt 0.207817 0.011197
vt 0.824429 0.549181
vt 0.320218 0.187804
vt 0.467047 0.028781
vt 0.320218 0.071765
vt 0.806238 0.405025
vt 0.790687 0.248848
vt 0.226791 0.120762
vt 0.810462 0.237204
vt 0.009887 0.060201
vt 0.320218 0.028296
vt 0.813860 0.333985
vt 0.255947 0.213174
vt 0.777628 0.333864
vt 0.091095 0.134662
vt 0.864723 0.411651
vt 0.938443 0.217430
vt 0.763645 0.216946
vt 0.110872 0.213174
vt 0.513203 0.012953
vt 0.507003 0.013045
vt 0.502619 0.017562
vt 0.507003 0.028241
vt 0.513203 0.028148
vt 0.925393 0.071490
vt 0.922098 0.309614
vt 0.940014 0.490162
vt 0.613241 0.014145
vt 0.678064 0.031694
vt 0.419462 0.041001
vt 0.642077 0.011983
vt 0.651489 0.095089
vt 0.727589 0.152985
vt 0.545145 0.159915
vt 0.611978 0.159999
vt 0.501472 0.213174
vt 0.893718 0.634203
vt 0.874933 0.548711
vt 0.893718 0.687611
vt 0.878131 0.272732
vt 0.887586 0.247265
vt 0.885213 0.571085
vt 0.893718 0.653977
vt 0.702861 0.027498
vt 0.893718 0.602704
vt 0.874933 0.515046
vt 0.881836 0.366632
vt 0.010073 0.130953
vt 0.368073 0.028204
vt 0.860230 0.130330
vt 0.847330 0.129838
vt 0.257430 0.021487
vt 0.881836 0.353994
vt 0.368073 0.018367
vt 0.522973 0.133048
vt 0.763645 0.027510
vt 0.737746 0.030382
vt 0.027582 0.140809
vt 0.913994 0.746977
vt 0.827291 0.139158
vt 0.522745 0.108147
vt 0.913766 0.720299
vt 0.296018 0.151955
vt 0.052390 0.161858
vt 0.296018 0.180389
vt 0.853931 0.297403
vt 0.811856 0.205628
vt 0.296168 0.213174
vt 0.854082 0.333985
vt 0.028041 0.203206
vt 0.860230 0.211339
vt 0.390959 0.028204
vt 0.853055 0.391876
vt 0.885213 0.746977
vt 0.093292 0.232948
vt 0.534838 0.685106
vt 0.786464 0.434391
vt 0.320022 0.860884
vt 0.763645 0.466611
vt 0.786464 0.490162
vt 0.327430 0.860884
vt 0.711956 0.942269
vt 0.734775 0.972841
vt 0.734775 0.990113
vt 0.711956 0.972841
vt 0.312614 0.874503
vt 0.734775 0.942269
vt 0.711956 0.828331
vt 0.734775 0.828331
vt 0.702861 0.623556
vt 0.299301 0.874503
vt 0.743871 0.623556
vt 0.702861 0.571647
vn 0.017124 0.692969 -0.720764
vn -0.012508 0.667915 0.744133
vn -0.012508 0.667936 -0.744114
vn 0.006391 -0.746731 0.665096
vn 0.017123 0.692981 0.720753
vn 0.316597 -0.342292 0.884648
vn -0.645448 0.071703 0.760431
vn 0.541787 0.172716 0.822579
vn 0.006391 -0.746729 -0.665097
vn 0.316597 -0.342292 0.884648
vn 0.316604 -0.342307 -0.884640
vn -0.126650 0.601065 0.789102
vn -0.012508 0.667915 0.744133
vn 0.017124 0.692969 -0.720764
vn 0.006391 -0.746729 -0.665097
vn 0.316604 -0.342307 -0.884640
vn 0.178069 -0.759566 -0.625580
vn -0.325896 0.516976 -0.791535
vn 0.732150 -0.383568 -0.562877
vn -0.126657 0.601063 -0.789102
vn 0.178064 -0.759560 0.625589
vn 0.006391 -0.746731 0.665096
vn -0.126657 0.601063 -0.789102
vn 0.732163 -0.383571 0.562860
vn 0.744117 -0.016929 -0.667835
vn 0.744108 -0.016931 0.667845
vn 0.178069 -0.759566 -0.625580
vn 0.732163 -0.383571 0.562860
vn 0.178064 -0.759560 0.625589
vn -0.325897 0.516986 0.791528
vn -0.126650 0.601065 0.789102
vn -0.325896 0.516976 -0.791535
vn 0.744108 -0.016931 0.667845
vn -0.125718 0.241505 0.962222
vn -0.325897 0.516986 0.791528
vn -0.125715 0.241502 -0.962223
vn 0.744117 -0.016929 -0.667835
vn 0.772920 0.007104 -0.634464
vn 0.907516 0.293634 0.300324
vn 0.776244 -0.114516 -0.619945
vn -0.125715 0.241502 -0.962223
vn 0.776244 -0.114516 -0.619945
vn 0.776244 -0.114517 0.619944
vn 0.776244 -0.114517 0.619944
vn 0.772923 0.007104 0.634461
vn 0.018787 0.813556 0.581183
vn -0.022688 0.710371 -0.703462
vn 0.000767 0.714139 0.700003
vn -0.153021 -0.200081 -0.967756
vn 0.776945 0.149074 -0.611664
vn -0.153035 -0.200093 0.967752
vn 0.706904 0.006718 0.707278
vn -0.236469 -0.354890 0.904508
vn 0.214331 0.794542 0.568125
vn 0.017919 0.823137 0.567560
vn 0.622095 0.535442 0.571227
vn -0.153021 -0.200081 -0.967756
vn -0.236469 -0.354890 0.904508
vn -0.246091 -0.348795 -0.904313
vn 0.622095 0.535442 -0.571226
vn -0.707716 0.042951 -0.705190
vn -0.371663 0.532651 0.760362
vn -0.442613 0.655998 -0.611359
vn -0.000700 -0.580553 0.814222
vn -0.246091 -0.348795 -0.904313
vn 0.214330 0.794540 -0.568128
vn 0.007432 0.703561 -0.710596
vn 0.189481 -0.598500 0.778392
vn -0.236469 -0.354890 0.904508
vn -0.000649 -0.538758 -0.842460
vn -0.246091 -0.348795 -0.904313
vn 0.013241 0.841972 -0.539359
vn 0.010830 0.821480 -0.570134
vn -0.748036 -0.442621 0.494499
vn -0.753624 0.227625 -0.616635
vn -0.786067 0.511714 -0.346767
vn -0.454891 0.651930 0.606681
vn -0.715167 0.187602 0.673306
vn -0.000700 -0.580553 0.814222
vn 0.216619 -0.532112 -0.818494
vn 0.216619 -0.532112 -0.818494
vn 0.172969 0.765534 -0.619709
vn 0.776944 0.149075 0.611665
vn 0.512655 0.448019 -0.732437
vn 0.170728 0.676580 -0.716304
vn 0.480902 -0.356029 0.801234
vn -0.371663 0.532651 -0.760361
vn -0.679662 0.178286 -0.711529
vn -0.723775 0.014399 0.689886
vn 0.576801 -0.039876 0.815911
vn 0.189481 -0.598500 0.778392
vn 0.453570 -0.373755 -0.809062
vn 0.453570 -0.373755 -0.809062
vn -0.823110 -0.034006 -0.566863
vn 0.690354 0.133356 0.711075
vn 0.721276 -0.477010 0.502217
vn 0.453570 -0.373755 -0.809062
vn 0.576801 -0.039876 0.815911
vn 0.555689 -0.008641 -0.831345
vn 0.555689 -0.008641 -0.831345
vn -0.568112 0.104305 -0.816314
vn 0.170731 0.676596 0.716289
vn 0.027716 0.702618 -0.711027
vn 0.104361 0.676064 0.729415
vn 0.027716 0.702609 0.711036
vn 0.017123 0.692981 0.720753
vn 0.027716 0.702618 -0.711027
vn 0.027716 0.702609 0.711036
vn -0.374871 -0.336974 0.863667
vn 0.104363 0.676064 -0.729415
vn 0.370455 -0.535834 -0.758713
vn 0.081223 0.731290 -0.677213
vn 0.053040 -0.622263 0.781009
vn 0.053030 -0.622264 -0.781009
vn -0.374871 -0.336974 0.863667
vn 0.053030 -0.622264 -0.781009
vn -0.374860 -0.336962 -0.863676
vn 0.081223 0.731290 -0.677213
vn -0.003166 0.701689 0.712477
vn 0.081228 0.731287 0.677216
vn 0.053040 -0.622263 0.781009
vn 0.370455 -0.535834 -0.758713
vn 0.104363 0.676064 -0.729415
vn 0.104361 0.676064 0.729415
vn 0.370459 -0.535827 0.758716
vn 0.563381 -0.268040 0.781509
vn -0.001389 0.711809 0.702372
vn 0.382758 -0.733345 0.561873
vn -0.003166 0.701689 0.712477
vn -0.003166 0.701669 -0.712496
vn 0.370459 -0.535827 0.758716
vn 0.563395 -0.268046 -0.781497
vn -0.001388 0.711819 -0.702361
vn -0.043753 -0.591374 -0.805209
vn -0.013935 0.706206 -0.707869
vn 0.563395 -0.268046 -0.781497
vn 0.563395 -0.268046 -0.781497
vn 0.382758 -0.733345 0.561873
vn 0.382709 -0.733372 -0.561871
vn -0.003166 0.701669 -0.712496
vn -0.001389 0.711809 0.702372
vn -0.013935 0.706206 -0.707869
vn -0.298111 0.714844 0.632557
vn -0.013935 0.706198 0.707878
vn 0.382758 -0.733345 0.561873
vn -0.043753 -0.591374 -0.805209
vn 0.382709 -0.733372 -0.561871
vn -0.001388 0.711819 -0.702361
vn -0.043754 -0.591393 0.805195
vn 0.238266 -0.659998 -0.712483
vn -0.221924 0.551834 -0.803883
vn -0.298106 0.714828 -0.632577
vn -0.298111 0.714844 0.632557
vn 0.238267 -0.659999 0.712482
vn -0.043754 -0.591393 0.805195
vn 0.238266 -0.659998 -0.712483
vn -0.083615 -0.532882 -0.842049
vn 0.254661 0.513180 -0.819630
vn 0.238267 -0.659999 0.712482
vn -0.127179 -0.783002 -0.608879
vn -0.298106 0.714828 -0.632577
vn -0.221914 0.551836 0.803885
vn -0.221914 0.551836 0.803885
vn -0.127184 -0.782988 0.608895
vn 0.254661 0.513180 -0.819630
vn 0.337693 0.709720 0.618273
vn 0.254659 0.513170 0.819637
vn -0.127184 -0.782988 0.608895
vn -0.083615 -0.532882 -0.842049
vn -0.127179 -0.783002 -0.608879
vn -0.221924 0.551834 -0.803883
vn 0.254659 0.513170 0.819637
vn -0.083614 -0.532897 0.842039
vn 0.121043 -0.740268 -0.661325
vn -0.407856 0.678595 -0.610870
vn 0.337693 0.709709 -0.618285
vn 0.254659 0.513170 0.819637
vn 0.121034 -0.740270 0.661325
vn -0.083614 -0.532897 0.842039
vn 0.121043 -0.740268 -0.661325
vn -0.083615 -0.532882 -0.842049
vn -0.449027 -0.655594 0.607101
vn -0.735465 -0.151417 -0.660427
vn -0.449005 -0.655609 -0.607101
vn 0.121034 -0.740270 0.661325
vn -0.449005 -0.655609 -0.607101
vn 0.337693 0.709709 -0.618285
vn -0.407847 0.678584 0.610889
vn 0.337693 0.709720 0.618273
vn -0.407847 0.678584 0.610889
vn -0.449027 -0.655594 0.607101
vn -0.727964 0.198683 0.656197
vn -0.735461 -0.151409 0.660433
vn -0.407856 0.678595 -0.610870
vn -0.407847 0.678584 0.610889
vn -0.735461 -0.151409 0.660433
vn -0.735465 -0.151417 -0.660427
vn -0.727960 0.198674 -0.656203
vn -0.556478 0.339634 0.758275
vn 0.696453 0.324524 0.640029
vn 0.316597 -0.342292 0.884648
vn 0.541781 0.172720 -0.822582
vn 0.316604 -0.342307 -0.884640
vn -0.374860 -0.336962 -0.863676
vn -0.645448 0.071703 0.760431
vn -0.374871 -0.336974 0.863667
vn -0.645462 0.071704 -0.760419
vn -0.374860 -0.336962 -0.863676
vn -0.556465 0.339624 -0.758289
vn 0.574448 0.245545 -0.780844
vn -0.542338 0.469998 -0.696399
vn 0.541787 0.172716 0.822579
vn 0.696462 0.324518 -0.640022
vn 0.541781 0.172720 -0.822582
vn -0.556465 0.339624 -0.758289
vn -0.556478 0.339634 0.758275
vn -0.542338 0.469998 -0.696399
vn -0.625784 0.380042 0.681148
vn -0.542337 0.469995 0.696402
vn -0.556465 0.339624 -0.758289
vn -0.542337 0.469995 0.696402
vn -0.556478 0.339634 0.758275
vn 0.574458 0.245544 0.780837
vn 0.696453 0.324524 0.640029
vn 0.574448 0.245545 -0.780844
vn -0.625784 0.380042 0.681148
vn 0.512871 -0.305662 0.802205
vn 0.813863 -0.088047 0.574347
vn 0.574458 0.245544 0.780837
vn 0.813867 -0.088072 -0.574338
vn -0.625779 0.380043 -0.681152
vn -0.652813 0.282011 -0.703068
vn 0.627676 0.079345 -0.774421
vn -0.645222 0.278932 -0.711256
vn 0.813863 -0.088047 0.574347
vn 0.512878 -0.305652 -0.802205
vn 0.813867 -0.088072 -0.574338
vn 0.512878 -0.305652 -0.802205
vn -0.625779 0.380043 -0.681152
vn -0.652812 0.282010 0.703070
vn -0.645221 0.278933 0.711257
vn 0.778744 -0.211606 0.590577
vn 0.627681 0.079338 0.774417
vn -0.652813 0.282011 -0.703068
vn -0.645221 0.278933 0.711257
vn -0.652812 0.282010 0.703070
vn 0.512871 -0.305662 0.802205
vn 0.627676 0.079345 -0.774421
vn 0.512878 -0.305652 -0.802205
vn -0.673731 0.256098 0.693181
vn 0.508830 -0.286632 0.811747
vn 0.627681 0.079338 0.774417
vn 0.778739 -0.211630 -0.590574
vn 0.778739 -0.211630 -0.590574
vn -0.673730 0.256099 -0.693182
vn -0.645222 0.278932 -0.711256
vn -0.673731 0.256098 0.693181
vn -0.712953 0.146287 -0.685783
vn 0.663917 0.049303 -0.746179
vn -0.724309 0.016819 -0.689270
vn 0.778744 -0.211606 0.590577
vn 0.508836 -0.286622 -0.811748
vn 0.778739 -0.211630 -0.590574
vn 0.508836 -0.286622 -0.811748
vn -0.673730 0.256099 -0.693182
vn -0.712954 0.146284 0.685782
vn 0.663921 0.049300 0.746176
vn -0.716928 -0.252620 0.649767
vn 0.758647 -0.235022 0.607634
vn -0.712953 0.146287 -0.685783
vn -0.724310 0.016816 0.689270
vn -0.712954 0.146284 0.685782
vn 0.508830 -0.286632 0.811747
vn 0.663917 0.049303 -0.746179
vn 0.508836 -0.286622 -0.811748
vn 0.758647 -0.235022 0.607634
vn 0.537235 -0.282772 -0.794619
vn 0.758645 -0.235040 -0.607630
vn 0.663921 0.049300 0.746176
vn 0.758645 -0.235040 -0.607630
vn -0.716934 -0.252612 -0.649764
vn -0.724309 0.016819 -0.689270
vn -0.716928 -0.252620 0.649767
vn 0.537235 -0.282772 -0.794619
vn -0.106039 -0.726692 -0.678730
vn -0.442857 -0.628289 -0.639633
vn -0.716934 -0.252612 -0.649764
vn -0.442851 -0.628285 0.639642
vn 0.537236 -0.282781 0.794614
vn 0.532115 -0.613356 -0.583651
vn -0.106041 -0.726686 0.678736
vn -0.106039 -0.726692 -0.678730
vn -0.442857 -0.628289 -0.639633
vn -0.442851 -0.628285 0.639642
vn -0.106041 -0.726686 0.678736
vn 0.532113 -0.613370 0.583638
vn 0.537236 -0.282781 0.794614
vn 0.532115 -0.613356 -0.583651
vn 0.537235 -0.282772 -0.794619
vn -0.577372 0.577339 0.577339
vn -0.577372 -0.577339 -0.577339
vn -0.577329 -0.577361 0.577361
vn -0.577329 0.577361 -0.577361
vn 0.496672 -0.613722 -0.613728
vn -0.577372 -0.577339 -0.577339
vn 0.496683 0.613720 -0.613721
vn 0.777439 0.444739 0.444742
vn 0.777439 0.444741 -0.444740
vn 0.496679 0.613722 0.613722
vn -0.577329 -0.577361 0.577361
vn 0.496690 -0.613720 0.613716
vn 0.496672 -0.613722 -0.613728
vn -0.577329 -0.577361 0.577361
vn -0.577372 -0.577339 -0.577339
vn -0.577329 0.577361 -0.577361
vn 0.496679 0.613722 0.613722
vn 0.496683 0.613720 -0.613721
vn 0.777439 -0.444741 0.444740
vn -0.869057 0.349814 0.349815
vn 0.777439 0.444739 0.444742
vn 0.777439 -0.444739 -0.444742
vn 0.496672 -0.613722 -0.613728
vn 0.496690 -0.613720 0.613716
vn 0.496679 0.613722 0.613722
vn 0.777439 -0.444741 0.444740
vn -0.869057 0.349814 0.349815
vn -0.551764 0.589741 -0.589714
vn -0.869059 0.349811 -0.349813
vn 0.777439 -0.444739 -0.444742
vn -0.869059 -0.349811 0.349813
vn 0.777439 -0.444741 0.444740
vn 0.777439 0.444739 0.444742
vn -0.869059 0.349811 -0.349813
vn 0.777439 0.444741 -0.444740
vn 0.777439 0.444741 -0.444740
vn -0.869057 -0.349814 -0.349815
vn 0.777439 -0.444739 -0.444742
vn -0.551782 0.589704 0.589734
vn 0.504836 0.610373 -0.610397
vn -0.551764 0.589741 -0.589714
vn -0.869057 -0.349814 -0.349815
vn -0.551782 -0.589704 -0.589734
vn -0.551764 -0.589741 0.589714
vn -0.551782 0.589704 0.589734
vn -0.869059 -0.349811 0.349813
vn 0.504836 -0.610373 0.610397
vn 0.792038 0.431666 0.431672
vn 0.504837 0.610396 0.610374
vn -0.551764 0.589741 -0.589714
vn 0.504837 -0.610396 -0.610374
vn -0.551782 -0.589704 -0.589734
vn -0.551764 -0.589741 0.589714
vn 0.504837 0.610396 0.610374
vn -0.551782 0.589704 0.589734
vn -0.551782 -0.589704 -0.589734
vn 0.504836 -0.610373 0.610397
vn -0.551764 -0.589741 0.589714
vn 0.792038 0.431666 0.431672
vn -0.830634 0.393730 -0.393730
vn 0.792037 0.431671 -0.431669
vn 0.504837 -0.610396 -0.610374
vn 0.792037 -0.431671 0.431669
vn 0.792037 0.431671 -0.431669
vn 0.504836 0.610373 -0.610397
vn 0.792038 -0.431666 -0.431672
vn -0.830634 0.393730 -0.393730
vn -0.527323 -0.600791 -0.600816
vn -0.830631 -0.393734 -0.393732
vn 0.792037 0.431671 -0.431669
vn -0.830631 -0.393734 -0.393732
vn 0.792038 -0.431666 -0.431672
vn 0.792037 -0.431671 0.431669
vn -0.830631 0.393734 0.393732
vn 0.792038 0.431666 0.431672
vn 0.792038 -0.431666 -0.431672
vn -0.830634 -0.393730 0.393730
vn 0.792037 -0.431671 0.431669
vn -0.527325 -0.600816 0.600789
vn 0.494083 0.614779 0.614759
vn -0.527323 0.600792 0.600816
vn -0.830634 -0.393730 0.393730
vn -0.527323 0.600792 0.600816
vn -0.830631 0.393734 0.393732
vn -0.527325 -0.600816 0.600789
vn -0.527325 0.600817 -0.600789
vn 0.494083 0.614779 0.614759
vn 0.772683 0.448867 -0.448865
vn 0.494086 0.614757 -0.614779
vn -0.527323 -0.600791 -0.600816
vn 0.494085 -0.614757 0.614779
vn -0.527325 -0.600816 0.600789
vn -0.527323 0.600792 0.600816
vn 0.494086 0.614757 -0.614779
vn -0.527325 0.600817 -0.600789
vn -0.527325 0.600817 -0.600789
vn 0.494084 -0.614780 -0.614757
vn -0.527323 -0.600791 -0.600816
vn 0.772683 -0.448867 0.448865
vn -0.710265 0.497752 0.497761
vn 0.772679 0.448868 0.448870
vn 0.772681 -0.448868 -0.448867
vn 0.494084 -0.614780 -0.614757
vn 0.494085 -0.614757 0.614779
vn 0.772679 0.448868 0.448870
vn 0.772683 -0.448867 0.448865
vn -0.710264 -0.497752 -0.497763
vn -0.460891 -0.627539 0.627515
vn -0.710271 -0.497754 0.497751
vn 0.772681 -0.448868 -0.448867
vn -0.710271 -0.497754 0.497751
vn 0.772683 -0.448867 0.448865
vn 0.772679 0.448868 0.448870
vn -0.710274 0.497754 -0.497747
vn 0.772683 0.448867 -0.448865
vn 0.772683 0.448867 -0.448865
vn -0.710264 -0.497752 -0.497763
vn 0.772681 -0.448868 -0.448867
vn -0.460884 0.627515 0.627544
vn 0.517111 0.605216 -0.605235
vn -0.460895 0.627540 -0.627511
vn -0.710274 0.497754 -0.497747
vn -0.460884 0.627515 0.627544
vn -0.460895 0.627540 -0.627511
vn -0.460886 -0.627514 -0.627543
vn -0.710265 0.497752 0.497761
vn 0.517107 0.605244 0.605211
vn 0.813440 -0.411289 0.411286
vn 0.813447 0.411283 0.411278
vn -0.460895 0.627540 -0.627511
vn 0.517106 -0.605239 -0.605216
vn -0.460886 -0.627514 -0.627543
vn -0.460891 -0.627539 0.627515
vn 0.517107 0.605244 0.605211
vn -0.460884 0.627515 0.627544
vn -0.460886 -0.627514 -0.627543
vn 0.517111 -0.605211 0.605240
vn -0.460891 -0.627539 0.627515
vn 0.813447 0.411283 0.411278
vn -0.772835 0.448735 -0.448735
vn 0.813447 0.411290 -0.411272
vn 0.517106 -0.605239 -0.605216
vn 0.517111 -0.605211 0.605240
vn 0.813447 0.411290 -0.411272
vn 0.517111 0.605216 -0.605235
vn 0.813441 -0.411282 -0.411292
vn -0.772827 0.448740 0.448742
vn -0.494168 0.614747 -0.614723
vn -0.772835 0.448735 -0.448735
vn 0.813447 0.411290 -0.411272
vn -0.772827 -0.448740 -0.448742
vn 0.813441 -0.411282 -0.411292
vn 0.813440 -0.411289 0.411286
vn -0.772827 0.448740 0.448742
vn 0.813447 0.411283 0.411278
vn 0.813441 -0.411282 -0.411292
vn -0.772835 -0.448735 0.448735
vn 0.813440 -0.411289 0.411286
vn -0.494168 -0.614747 0.614723
vn 0.482446 0.619383 0.619363
vn -0.494162 0.614725 0.614749
vn -0.494162 -0.614725 -0.614749
vn -0.772827 -0.448740 -0.448742
vn -0.772835 -0.448735 0.448735
vn -0.494162 0.614725 0.614749
vn -0.494168 -0.614747 0.614723
vn 0.482446 0.619383 0.619363
vn 0.751209 0.466734 -0.466737
vn 0.482450 0.619361 -0.619382
vn -0.494162 -0.614725 -0.614749
vn 0.482452 -0.619358 0.619383
vn -0.494168 -0.614747 0.614723
vn -0.494162 0.614725 0.614749
vn 0.482450 0.619361 -0.619382
vn -0.494168 0.614747 -0.614723
vn -0.494168 0.614747 -0.614723
vn 0.482448 -0.619380 -0.619364
vn -0.494162 -0.614725 -0.614749
vn 0.751209 0.466734 -0.466737
vn -0.737797 -0.477316 -0.477310
vn 0.751208 -0.466734 -0.466740
vn 0.751208 -0.466734 -0.466740
vn 0.482448 -0.619380 -0.619364
vn 0.751208 -0.466735 0.466740
vn 0.751209 0.466734 0.466738
vn 0.482452 -0.619358 0.619383
vn -0.737792 -0.477314 0.477320
vn -0.475311 0.622114 0.622136
vn -0.737796 0.477316 0.477312
vn 0.751208 -0.466735 0.466740
vn -0.737796 0.477316 0.477312
vn 0.751209 0.466734 0.466738
vn 0.751208 -0.466734 -0.466740
vn -0.737792 -0.477314 0.477320
vn 0.751208 -0.466735 0.466740
vn 0.751209 0.466734 0.466738
vn -0.737792 0.477314 -0.477320
vn 0.751209 0.466734 -0.466737
vn -0.475311 0.622114 0.622136
vn 0.441888 0.634314 -0.634335
vn -0.475308 0.622136 -0.622116
vn -0.737797 -0.477316 -0.477310
vn -0.475308 -0.622136 0.622116
vn -0.475308 0.622136 -0.622116
vn -0.737792 0.477314 -0.477320
vn -0.475312 -0.622115 -0.622135
vn 0.441885 -0.634314 0.634337
vn 0.673361 0.522771 0.522777
vn 0.441886 0.634337 0.634314
vn -0.475308 0.622136 -0.622116
vn 0.441884 -0.634336 -0.634315
vn -0.475312 -0.622115 -0.622135
vn -0.475308 -0.622136 0.622116
vn 0.441886 0.634337 0.634314
vn -0.475311 0.622114 0.622136
vn -0.475312 -0.622115 -0.622135
vn 0.441885 -0.634314 0.634337
vn -0.475308 -0.622136 0.622116
vn 0.673359 -0.522770 -0.522780
vn -0.704978 -0.501495 0.501506
vn 0.673360 -0.522777 0.522772
vn 0.441884 -0.634336 -0.634315
vn 0.673360 -0.522777 0.522772
vn 0.673364 0.522777 -0.522767
vn 0.441888 0.634314 -0.634335
vn 0.673359 -0.522770 -0.522780
vn -0.704980 0.501501 0.501497
vn -0.458134 0.628527 -0.628543
vn -0.704978 0.501495 -0.501506
vn 0.673361 0.522771 0.522777
vn -0.704978 0.501495 -0.501506
vn 0.673364 0.522777 -0.522767
vn 0.673364 0.522777 -0.522767
vn -0.704980 -0.501502 -0.501497
vn 0.673359 -0.522770 -0.522780
vn 0.673360 -0.522777 0.522772
vn -0.704980 0.501501 0.501497
vn 0.673361 0.522771 0.522777
vn -0.458134 -0.628527 0.628543
vn -0.000000 0.707096 0.707118
vn -0.458136 0.628540 0.628529
vn -0.458135 -0.628540 -0.628529
vn -0.704980 -0.501502 -0.501497
vn -0.704978 -0.501495 0.501506
vn -0.458136 0.628540 0.628529
vn -0.458134 -0.628527 0.628543
vn -0.000000 0.707096 0.707118
vn 0.455979 0.658546 -0.598665
vn 0.000000 0.707107 -0.707107
vn -0.458135 -0.628540 -0.628529
vn 0.279460 -0.720993 0.634091
vn -0.458134 -0.628527 0.628543
vn -0.458136 0.628540 0.628529
vn -0.458134 0.628527 -0.628543
vn -0.458134 0.628527 -0.628543
vn 0.279458 -0.720984 -0.634102
vn -0.458135 -0.628540 -0.628529
vn 0.455979 0.658546 -0.598665
vn 0.777867 -0.186907 0.599991
vn 0.777866 -0.186913 -0.599990
vn 0.000000 0.707107 -0.707107
vn 0.777866 -0.186913 -0.599990
vn 0.777867 -0.186907 0.599991
vn 0.455973 0.658553 0.598663
vn 0.279458 -0.720984 -0.634102
vn 0.777867 -0.186907 0.599991
vn 0.721276 -0.477010 0.502217
vn -0.748046 -0.442594 -0.494507
vn 0.721251 -0.477054 -0.502212
vn 0.721276 -0.477010 0.502217
vn 0.721251 -0.477054 -0.502212
vn -0.748046 -0.442594 -0.494507
vn -0.753677 0.227584 0.616585
vn -0.705845 0.011978 0.708265
vn -0.625425 0.216265 0.749715
vn -0.724729 -0.406571 -0.556298
vn -0.724721 -0.406565 0.556314
vn -0.724729 -0.406571 -0.556298
vn 0.291866 0.477103 -0.828967
vn 0.003606 -0.715935 -0.698158
vn 0.584566 0.565031 -0.582257
vn 0.597693 -0.555326 -0.578252
vn 0.291854 0.477095 0.828976
vn -0.724721 -0.406565 0.556314
vn 0.003605 -0.715932 0.698161
vn 0.003606 -0.715935 -0.698158
vn -0.724721 -0.406565 0.556314
vn -0.724729 -0.406571 -0.556298
vn -0.705154 0.191183 -0.682794
vn -0.625408 0.216260 -0.749731
vn 0.584566 0.565031 -0.582257
vn 0.597691 -0.555344 0.578238
vn 0.597693 -0.555326 -0.578252
vn 0.584557 0.565039 0.582258
vn 0.597691 -0.555344 0.578238
vn 0.003605 -0.715932 0.698161
vn 0.291854 0.477095 0.828976
vn 0.584566 0.565031 -0.582257
vn 0.291866 0.477103 -0.828967
vn 0.588651 0.084901 -0.803916
vn 0.577053 -0.296147 0.761122
vn 0.588663 0.084909 0.803907
vn -0.625425 0.216265 0.749715
vn 0.588663 0.084909 0.803907
vn -0.705147 0.191184 0.682801
vn -0.625408 0.216260 -0.749731
vn 0.588651 0.084901 -0.803916
vn 0.291866 0.477103 -0.828967
vn 0.291854 0.477095 0.828976
vn -0.597922 0.472124 0.647756
vn -0.336901 0.653159 -0.678145
vn -0.597926 0.472130 -0.647748
vn -0.705147 0.191184 0.682801
vn -0.597926 0.472130 -0.647748
vn -0.597922 0.472124 0.647756
vn -0.597926 0.472130 -0.647748
vn 0.577052 -0.296144 -0.761124
vn 0.690865 0.479026 0.541517
vn 0.690853 0.479056 -0.541505
vn 0.577053 -0.296147 0.761122
vn -0.336907 0.653171 0.678131
vn -0.336901 0.653159 -0.678145
vn 0.690853 0.479056 -0.541505
vn 0.577052 -0.296144 -0.761124
vn 0.690865 0.479026 0.541517
vn 0.577053 -0.296147 0.761122
vn -0.646665 0.477649 0.594707
vn -0.707098 -0.000000 -0.707116
vn -0.707107 0.000000 0.707107
vn 0.000000 -0.000000 -1.000000
vn 0.116819 0.661090 -0.741157
vn 0.310672 -0.234285 -0.921191
vn 0.594386 0.574035 -0.563195
vn 0.592614 -0.576209 -0.562842
vn 0.000000 0.000000 1.000000
vn -0.646665 0.477649 0.594707
vn -0.707107 0.000000 0.707107
vn 0.634526 -0.522440 -0.569590
vn 0.013091 -0.706971 0.707122
vn 0.013090 -0.706971 -0.707121
vn -0.646681 0.477632 -0.594703
vn -0.004521 0.761974 0.647592
vn -0.004527 0.761974 -0.647591
vn -0.572452 -0.583144 0.576405
vn 0.013091 -0.706971 0.707122
vn 0.310672 -0.234285 -0.921191
vn 0.634525 -0.522444 0.569589
vn 0.634526 -0.522440 -0.569590
vn 0.013090 -0.706971 -0.707121
vn 0.634526 -0.522440 -0.569590
vn -0.572449 -0.583148 -0.576403
vn -0.572452 -0.583144 0.576405
vn 0.594386 0.574035 -0.563195
vn 0.592599 -0.576211 0.562856
vn 0.592614 -0.576209 -0.562842
vn 0.116819 0.661073 0.741172
vn 0.594386 0.574035 -0.563195
vn 0.116819 0.661090 -0.741157
vn 0.310672 -0.234285 -0.921191
vn 0.592599 -0.576211 0.562856
vn 0.310671 -0.234305 0.921187
vn 0.310671 -0.234305 0.921187
vn 0.594401 0.574033 0.563182
vn 0.116819 0.661073 0.741172
vn -0.572449 -0.583148 -0.576403
vn 0.634525 -0.522444 0.569589
vn -0.572452 -0.583144 0.576405
vn -0.572449 -0.583148 -0.576403
vn -0.646681 0.477632 -0.594703
vn -0.707098 -0.000000 -0.707116
vn -0.631095 -0.548506 -0.548507
vn -0.502385 -0.864644 0.000003
vn -0.631097 -0.775704 -0.000002
vn 0.000000 0.707110 -0.707104
vn -0.631099 0.000001 -0.775702
vn 0.000000 0.000004 -1.000000
vn -0.630276 -0.548986 -0.548969
vn -0.630261 -0.000008 -0.776383
vn -0.631094 0.548508 -0.548507
vn -0.502393 0.864639 -0.000006
vn -0.502376 0.611396 -0.611403
vn -0.000000 -0.707110 0.707104
vn -0.631096 -0.000001 0.775705
vn -0.000000 -0.000004 1.000000
vn 0.000000 -0.707103 -0.707110
vn -0.630279 -0.776368 0.000007
vn -0.630276 -0.548986 -0.548969
vn -0.502393 -0.000005 -0.864639
vn -0.631099 0.000001 -0.775702
vn -0.000000 1.000000 0.000004
vn -0.631094 0.548508 -0.548507
vn 0.000000 0.707110 -0.707104
vn -0.000000 -1.000000 -0.000004
vn -0.630250 -0.548987 0.548997
vn -0.502393 -0.611388 0.611396
vn -0.631100 -0.548504 0.548504
vn -0.631100 -0.548504 0.548504
vn -0.000000 -0.707110 0.707104
vn -0.630261 0.000008 0.776383
vn -0.630250 -0.548987 0.548997
vn -0.631096 -0.000001 0.775705
vn -0.502378 0.000005 0.864648
vn -0.631095 -0.548506 -0.548507
vn 0.000000 -0.707103 -0.707110
vn -0.630274 0.548984 0.548973
vn -0.502376 -0.611404 -0.611395
vn 0.455505 -0.890233 -0.000005
vn -0.502385 -0.864644 0.000003
vn -0.000000 0.707104 0.707109
vn -0.631099 0.775702 0.000001
vn -0.630280 0.776368 -0.000008
vn -0.630274 0.548984 0.548973
vn -0.631097 -0.775704 -0.000002
vn -0.502376 -0.611404 -0.611395
vn -0.630249 0.548987 -0.548999
vn -0.631096 0.548503 0.548509
vn -0.631099 0.775702 0.000001
vn -0.631096 0.548503 0.548509
vn -0.000000 0.707104 0.707109
vn -0.630249 0.548987 -0.548999
vn -0.630280 0.776368 -0.000008
vn -0.630249 0.548987 -0.548999
vn -0.630250 -0.548987 0.548997
vn -0.502385 0.611399 0.611393
vn 0.455514 0.890228 0.000001
vn -0.053318 0.706108 -0.706094
vn 0.455506 0.629494 -0.629485
vn -0.502393 -0.611388 0.611396
vn 0.455516 -0.000002 0.890228
vn -0.502378 0.000005 0.864648
vn -0.502385 0.611399 0.611393
vn 0.455514 0.890228 0.000001
vn -0.502393 0.864639 -0.000006
vn -0.502376 0.611396 -0.611403
vn 0.455524 0.000006 -0.890223
vn -0.502393 -0.000005 -0.864639
vn 0.455515 -0.629486 -0.629487
vn -0.502376 -0.611404 -0.611395
vn 0.455524 -0.629487 0.629479
vn -0.502393 -0.611388 0.611396
vn 0.455515 0.629486 0.629486
vn -0.502385 0.611399 0.611393
vn 0.455506 0.629494 -0.629485
vn -0.502376 0.611396 -0.611403
vn -0.053279 -0.706103 -0.706102
vn -0.484812 -0.000004 -0.874618
vn -0.484805 -0.618453 -0.618449
vn 0.455515 -0.629486 -0.629487
vn -0.053317 -0.998578 -0.000002
vn 0.455505 -0.890233 -0.000005
vn 0.455524 -0.629487 0.629479
vn -0.053333 0.000002 0.998577
vn 0.455516 -0.000002 0.890228
vn 0.455515 0.629486 0.629486
vn -0.053280 0.998580 -0.000002
vn 0.455524 0.000006 -0.890223
vn -0.053325 0.000000 -0.998577
vn -0.053279 -0.706103 -0.706102
vn -0.053299 -0.706103 0.706101
vn -0.053308 0.706109 0.706094
vn -0.484811 0.618455 0.618443
vn 0.435285 0.900293 0.000005
vn -0.484805 0.874622 -0.000004
vn -0.053317 -0.998578 -0.000002
vn -0.484809 -0.618447 0.618453
vn -0.053299 -0.706103 0.706101
vn -0.053308 0.706109 0.706094
vn -0.484813 0.000004 0.874618
vn -0.484811 0.618455 0.618443
vn -0.053280 0.998580 -0.000002
vn -0.484810 0.618448 -0.618451
vn -0.053318 0.706108 -0.706094
vn -0.484809 -0.874620 0.000004
vn -0.053333 0.000002 0.998577
vn -0.484805 0.874622 -0.000004
vn -0.053325 0.000000 -0.998577
vn 0.435290 -0.636600 -0.636602
vn 0.032701 -0.999465 0.000002
vn 0.435289 -0.900291 -0.000001
vn -0.484810 0.618448 -0.618451
vn 0.435293 0.000005 -0.900289
vn -0.484812 -0.000004 -0.874618
vn 0.435290 -0.636600 -0.636602
vn -0.484805 -0.618453 -0.618449
vn -0.484809 -0.874620 0.000004
vn 0.435290 -0.636604 0.636599
vn -0.484809 -0.618447 0.618453
vn -0.484813 0.000004 0.874618
vn 0.435295 0.636598 0.636601
vn -0.484811 0.618455 0.618443
vn 0.435290 0.636606 -0.636597
vn -0.484810 0.618448 -0.618451
vn -0.484805 -0.618453 -0.618449
vn 0.435289 -0.900291 -0.000001
vn -0.484809 -0.618447 0.618453
vn 0.435284 -0.000005 0.900293
vn 0.032717 0.706731 0.706726
vn -0.444696 -0.000000 0.895682
vn -0.444686 0.633346 0.633345
vn 0.435290 -0.636604 0.636599
vn 0.032687 -0.000001 0.999466
vn 0.435284 -0.000005 0.900293
vn 0.435295 0.636598 0.636601
vn 0.032690 0.999465 -0.000000
vn 0.435285 0.900293 0.000005
vn 0.435293 0.000005 -0.900289
vn 0.032705 0.706731 -0.706726
vn 0.032697 0.000000 -0.999465
vn 0.032702 -0.706732 -0.706725
vn 0.032707 -0.706730 0.706727
vn 0.032717 0.706731 0.706726
vn 0.435290 0.636606 -0.636597
vn -0.444700 0.000002 -0.895680
vn 0.345348 -0.663608 -0.663596
vn -0.444693 -0.633344 -0.633344
vn 0.032705 0.706731 -0.706726
vn -0.444698 0.895681 -0.000002
vn -0.444691 0.633345 -0.633343
vn 0.032701 -0.999465 0.000002
vn -0.444693 -0.633344 -0.633344
vn -0.444693 -0.895683 -0.000002
vn 0.032707 -0.706730 0.706727
vn 0.032687 -0.000001 0.999466
vn 0.032690 0.999465 -0.000000
vn -0.444700 0.000002 -0.895680
vn 0.032697 0.000000 -0.999465
vn 0.032702 -0.706732 -0.706725
vn -0.444688 -0.633346 0.633344
vn 0.345354 -0.000003 0.938472
vn 0.902718 -0.304221 0.304220
vn 0.902718 -0.000002 0.430232
vn -0.444693 -0.895683 -0.000002
vn 0.345349 -0.663599 0.663604
vn -0.444688 -0.633346 0.633344
vn -0.444686 0.633346 0.633345
vn 0.345354 -0.000003 0.938472
vn 0.345357 0.663597 0.663602
vn -0.444691 0.633345 -0.633343
vn 0.345345 0.938476 0.000005
vn 0.345350 0.663602 -0.663600
vn -0.444693 -0.633344 -0.633344
vn 0.345345 -0.938476 0.000006
vn -0.444688 -0.633346 0.633344
vn -0.444696 -0.000000 0.895682
vn -0.444698 0.895681 -0.000002
vn 0.345357 0.663597 0.663602
vn -0.444691 0.633345 -0.633343
vn 0.345348 -0.000010 -0.938475
vn 0.902722 0.430225 -0.000000
vn 0.902722 -0.430225 0.000000
vn 0.345357 0.663597 0.663602
vn 0.345345 0.938476 0.000005
vn 0.345350 0.663602 -0.663600
vn 0.902718 -0.000002 -0.430232
vn 0.345348 -0.000010 -0.938475
vn 0.902718 -0.304221 -0.304220
vn 0.345348 -0.663608 -0.663596
vn 0.902722 -0.430225 0.000000
vn 0.902718 -0.304221 0.304220
vn 0.902719 0.304221 0.304217
vn 0.902718 0.304221 -0.304219
vn 0.345348 -0.663608 -0.663596
vn -0.641993 0.513606 0.569257
vn -0.690378 -0.108810 -0.715219
vn -0.690374 -0.108810 0.715223
vn -0.641991 0.513616 -0.569251
vn 0.684102 -0.097910 -0.722784
vn -0.690378 -0.108810 -0.715219
vn 0.633377 0.527942 -0.565783
vn 0.684110 -0.097909 0.722778
vn 0.684102 -0.097910 -0.722784
vn 0.684110 -0.097909 0.722778
vn -0.641993 0.513606 0.569257
vn -0.690374 -0.108810 0.715223
vn 0.600122 0.151330 0.785463
vn -0.641991 0.513616 -0.569251
vn 0.633377 0.527951 0.565775
vn 0.633377 0.527942 -0.565783
vn 0.600122 0.151330 0.785463
vn 0.631904 -0.553869 -0.542150
vn 0.600129 0.151322 -0.785460
vn 0.600129 0.151322 -0.785460
vn -0.697881 -0.305943 -0.647581
vn -0.697884 -0.305937 0.647581
vn 0.631904 -0.553869 -0.542150
vn -0.453955 -0.596142 0.662223
vn -0.453949 -0.596133 -0.662236
vn -0.697881 -0.305943 -0.647581
vn -0.453955 -0.596142 0.662223
vn -0.453955 -0.596142 0.662223
vn 0.631902 -0.553858 0.542164
vn -0.453949 -0.596133 -0.662236
vn -0.577372 0.577339 0.577339
vn -0.707127 -0.000000 -0.707087
vn -0.707087 0.000000 0.707127
vn -0.577328 0.577361 -0.577361
vn 0.707087 -0.000000 -0.707127
vn -0.707127 -0.000000 -0.707087
vn 0.577372 0.577339 -0.577339
vn 0.707127 0.000000 0.707087
vn 0.707087 -0.000000 -0.707127
vn 0.577328 0.577361 0.577361
vn -0.707087 0.000000 0.707127
vn 0.707127 0.000000 0.707087
vn -0.707117 0.000000 0.707097
vn 0.005184 -0.708730 0.705461
vn 0.301505 0.301522 0.904533
vn -0.577328 0.577361 -0.577361
vn 0.577328 0.577361 0.577361
vn 0.577372 0.577339 -0.577339
vn 0.005184 -0.708748 -0.705442
vn -0.577340 -0.577372 0.577339
vn -0.577350 -0.577350 -0.577350
vn 0.301527 0.301510 -0.904529
vn -0.577350 -0.577350 -0.577350
vn -0.707097 -0.000000 -0.707117
vn -0.707097 -0.000000 -0.707117
vn -0.577340 -0.577372 0.577339
vn -0.707117 0.000000 0.707097
vn -0.294512 -0.374716 -0.879119
vn 0.498647 0.634167 -0.590918
vn 0.689874 0.162271 -0.705508
vn 0.301527 0.301510 -0.904529
vn 0.498649 0.634160 0.590923
vn 0.689874 0.162271 -0.705508
vn 0.498647 0.634167 -0.590918
vn 0.689865 0.162270 0.705517
vn -0.664811 -0.039333 0.745975
vn 0.739279 0.043746 0.671977
vn -0.294524 -0.374729 0.879109
vn 0.498649 0.634160 0.590923
vn 0.000000 0.707113 0.707101
vn 0.000000 0.707113 0.707101
vn 0.498647 0.634167 -0.590918
vn 0.000000 0.707118 -0.707095
vn 0.301505 0.301522 0.904533
vn 0.301527 0.301510 -0.904529
vn -0.294524 -0.374729 0.879109
vn 0.005184 -0.708730 0.705461
vn 0.005184 -0.708748 -0.705442
vn 0.000000 0.707118 -0.707095
vn -0.664812 -0.039340 -0.745974
vn -0.744488 -0.127615 0.655326
vn -0.664811 -0.039333 0.745975
vn 0.739279 0.043746 0.671977
vn 0.739279 0.043739 -0.671977
vn -0.664812 -0.039340 -0.745974
vn -0.294524 -0.374729 0.879109
vn 0.629577 0.079995 0.772809
vn -0.547769 -0.548278 0.631933
vn 0.440773 0.413734 0.796582
vn 0.629563 0.079995 -0.772820
vn -0.744493 -0.127608 -0.655321
vn 0.629563 0.079995 -0.772820
vn -0.169944 -0.731082 0.660787
vn 0.135409 0.640476 0.755947
vn 0.629577 0.079995 0.772809
vn 0.440790 0.413743 -0.796568
vn -0.744493 -0.127608 -0.655321
vn -0.547769 -0.548278 0.631933
vn -0.547764 -0.548268 -0.631946
vn -0.169952 -0.731080 -0.660787
vn -0.064382 -0.683311 0.727283
vn -0.169944 -0.731082 0.660787
vn 0.440773 0.413734 0.796582
vn 0.135408 0.640461 -0.755959
vn 0.440790 0.413743 -0.796568
vn -0.547764 -0.548268 -0.631946
vn -0.547769 -0.548278 0.631933
vn 0.440790 0.413743 -0.796568
vn -0.169952 -0.731080 -0.660787
vn -0.064382 -0.683311 0.727283
vn 0.065646 0.683650 0.726851
vn 0.066899 0.722941 0.687663
vn 0.135408 0.640461 -0.755959
vn -0.064379 -0.683312 -0.727282
vn 0.066899 0.722941 0.687663
vn 0.066901 0.722958 -0.687645
vn 0.065645 0.683632 -0.726868
vn -0.043373 0.685256 0.727009
vn -0.043375 0.685276 -0.726990
vn -0.064379 -0.683312 -0.727282
vn -0.067642 -0.722672 0.687873
vn 0.065645 0.683632 -0.726868
vn -0.067643 -0.722689 -0.687855
vn 0.065864 -0.721258 -0.689528
vn 0.338931 -0.682872 0.647157
vn 0.065866 -0.721276 0.689508
vn -0.043375 0.685276 -0.726990
vn 0.065864 -0.721258 -0.689528
vn -0.067642 -0.722672 0.687873
vn -0.043373 0.685256 0.727009
vn -0.271070 0.562764 0.780908
vn 0.703639 -0.329393 0.629597
vn -0.544210 0.238676 0.804282
vn -0.271080 0.562763 -0.780906
vn 0.338922 -0.682875 -0.647159
vn 0.065866 -0.721276 0.689508
vn -0.271080 0.562763 -0.780906
vn 0.703631 -0.329408 -0.629598
vn 0.733491 0.238314 0.636551
vn 0.703639 -0.329393 0.629597
vn -0.271070 0.562764 0.780908
vn -0.544214 0.238664 -0.804283
vn 0.338922 -0.682875 -0.647159
vn 0.703639 -0.329393 0.629597
vn 0.703631 -0.329408 -0.629598
vn -0.575447 -0.198090 -0.793486
vn 0.578070 0.189678 -0.793636
vn 0.733496 0.238299 -0.636551
vn -0.544214 0.238664 -0.804283
vn 0.733491 0.238314 0.636551
vn -0.575450 -0.198079 0.793487
vn -0.544210 0.238676 0.804282
vn -0.575447 -0.198090 -0.793486
vn -0.544214 0.238664 -0.804283
vn 0.578071 0.189667 0.793638
vn -0.591808 0.558900 0.580857
vn -0.725610 -0.256381 0.638560
vn -0.575450 -0.198079 0.793487
vn -0.725610 -0.256370 -0.638564
vn 0.733496 0.238299 -0.636551
vn 0.578071 0.189667 0.793638
vn 0.572207 0.587268 -0.572447
vn -0.591808 0.558900 0.580857
vn 0.572199 0.587262 0.572460
vn -0.725610 -0.256381 0.638560
vn -0.591802 0.558893 -0.580869
vn 0.578070 0.189678 -0.793636
vn 0.572199 0.587262 0.572460
vn -0.591802 0.558893 -0.580869
vn 0.572207 0.587268 -0.572447
vn 0.690363 0.133357 -0.711066
vn -0.705853 0.014042 -0.708219
vn 0.706893 0.006718 -0.707289
vn -0.604620 -0.003332 0.796507
vn 0.512649 0.448013 0.732444
vn 0.015431 0.706937 0.707108
vn 0.003129 0.703624 0.710565
vn 0.109296 0.695033 0.710621
vn -0.679704 0.178279 0.711491
vn 0.015432 0.706946 -0.707099
vn 0.706951 -0.015581 0.707091
vn 0.589944 0.564474 -0.577352
vn 0.589917 0.564503 0.577351
vn 0.706904 0.006718 0.707278
vn 0.907516 0.293634 0.300324
vn 0.706893 0.006718 -0.707289
vn 0.907512 0.293647 -0.300322
vn 0.666494 0.236211 0.707100
vn 0.666494 0.236211 -0.707100
vn 0.666489 0.236209 -0.707105
vn 0.666489 0.236209 0.707105
vn 0.690354 0.133356 0.711075
vn 0.512649 0.448013 0.732444
vn 0.666489 0.236209 -0.707105
vn 0.512655 0.448019 -0.732437
vn 0.690363 0.133357 -0.711066
vn 0.706502 0.029013 0.707117
vn 0.706502 0.029013 -0.707117
vn 0.706526 0.029014 -0.707092
vn 0.706526 0.029014 0.707092
vn 0.013719 0.706967 -0.707114
vn 0.013718 0.706967 0.707114
vn 0.013719 0.706987 0.707093
vn 0.013718 0.706987 -0.707094
vn 0.015432 0.706946 -0.707099
vn 0.170728 0.676580 -0.716304
vn 0.013719 0.706987 0.707093
vn 0.170731 0.676596 0.716289
vn 0.015431 0.706937 0.707108
vn 0.000000 0.000000 1.000000
vn 0.512649 0.448013 0.732444
vn 0.000000 -0.000000 -1.000000
vn 0.512655 0.448019 -0.732437
vn 0.017144 0.706898 0.707108
vn 0.017144 0.706898 -0.707108
vn 0.017144 0.706898 -0.707108
vn 0.017144 0.706898 0.707108
vn 0.003129 0.703624 0.710565
vn 0.017144 0.706898 -0.707108
vn 0.007432 0.703561 -0.710596
vn -0.001481 0.714629 0.699502
vn 0.062264 0.890055 -0.451580
vn -0.001482 0.714615 -0.699516
vn 0.062264 0.890057 0.451577
vn 0.109296 0.695033 0.710621
vn -0.001482 0.714615 -0.699516
vn -0.022688 0.710371 -0.703462
vn -0.647172 0.284948 -0.707088
vn -0.411462 0.740396 0.531520
vn -0.647169 0.284947 0.707091
vn -0.411441 0.740417 -0.531506
vn -0.679662 0.178286 -0.711529
vn -0.371663 0.532651 -0.760361
vn -0.371663 0.532651 0.760362
vn -0.679704 0.178279 0.711491
vn 0.062264 0.890057 0.451577
vn -0.411441 0.740417 -0.531506
vn -0.000000 -0.000000 1.000000
vn -0.371663 0.532651 0.760362
vn 0.000000 -0.000000 -1.000000
vn -0.371663 0.532651 -0.760361
vn -0.703675 0.069406 0.707124
vn -0.703675 0.069406 -0.707124
vn -0.703675 0.069406 -0.707124
vn -0.703675 0.069406 0.707124
vn -0.705845 0.011978 0.708265
vn -0.705853 0.014042 -0.708219
vn -0.705898 -0.041366 0.707104
vn -0.610145 0.542571 -0.577356
vn -0.705883 -0.041365 -0.707119
vn -0.610129 0.542580 0.577364
vn -0.753677 0.227584 0.616585
vn -0.753624 0.227625 -0.616635
vn -0.750786 -0.198972 0.629865
vn -0.226183 0.823292 -0.520607
vn -0.750777 -0.199004 -0.629867
vn -0.226174 0.823290 0.520615
vn -0.064664 0.959641 0.273693
vn -0.786067 0.511714 -0.346767
vn -0.012508 0.667936 -0.744114
vn 0.732150 -0.383568 -0.562877
vn 0.732150 -0.383568 -0.562877
vn 0.732163 -0.383571 0.562860
vn -0.125718 0.241505 0.962222
vn -0.153035 -0.200093 0.967752
vn -0.000649 -0.538758 -0.842460
vn 0.480902 -0.356029 0.801234
vn 0.480902 -0.356029 0.801234
vn 0.081228 0.731287 0.677216
vn 0.563381 -0.268040 0.781509
vn 0.382709 -0.733372 -0.561871
vn 0.563381 -0.268040 0.781509
vn -0.013935 0.706198 0.707878
vn -0.127179 -0.783002 -0.608879
vn -0.127184 -0.782988 0.608895
vn 0.337693 0.709709 -0.618285
vn -0.083614 -0.532897 0.842039
vn 0.254661 0.513180 -0.819630
vn -0.449005 -0.655609 -0.607101
vn 0.337693 0.709720 0.618273
vn -0.449027 -0.655594 0.607101
vn -0.407856 0.678595 -0.610870
vn -0.727960 0.198674 -0.656203
vn -0.727964 0.198683 0.656197
vn -0.645462 0.071704 -0.760419
vn 0.696462 0.324518 -0.640022
vn -0.542338 0.469998 -0.696399
vn -0.542337 0.469995 0.696402
vn 0.813863 -0.088047 0.574347
vn 0.813867 -0.088072 -0.574338
vn 0.512871 -0.305662 0.802205
vn 0.778744 -0.211606 0.590577
vn 0.508830 -0.286632 0.811747
vn -0.724310 0.016816 0.689270
vn 0.537236 -0.282781 0.794614
vn 0.758647 -0.235022 0.607634
vn 0.758645 -0.235040 -0.607630
vn 0.532115 -0.613356 -0.583651
vn -0.442857 -0.628289 -0.639633
vn -0.442851 -0.628285 0.639642
vn 0.532113 -0.613370 0.583638
vn 0.532113 -0.613370 0.583638
vn -0.577329 0.577361 -0.577361
vn 0.496683 0.613720 -0.613721
vn -0.577372 0.577339 0.577339
vn 0.496690 -0.613720 0.613716
vn -0.577372 0.577339 0.577339
vn -0.869059 -0.349811 0.349813
vn -0.869057 -0.349814 -0.349815
vn -0.869057 0.349814 0.349815
vn -0.869059 0.349811 -0.349813
vn 0.504837 0.610396 0.610374
vn 0.504836 0.610373 -0.610397
vn 0.504836 -0.610373 0.610397
vn 0.504837 -0.610396 -0.610374
vn -0.830631 0.393734 0.393732
vn -0.830634 0.393730 -0.393730
vn -0.830634 -0.393730 0.393730
vn -0.830631 -0.393734 -0.393732
vn 0.494085 -0.614757 0.614779
vn 0.494084 -0.614780 -0.614757
vn 0.494083 0.614779 0.614759
vn 0.494086 0.614757 -0.614779
vn -0.710271 -0.497754 0.497751
vn -0.710264 -0.497752 -0.497763
vn -0.710265 0.497752 0.497761
vn -0.710274 0.497754 -0.497747
vn 0.517107 0.605244 0.605211
vn 0.517111 0.605216 -0.605235
vn 0.517111 -0.605211 0.605240
vn 0.517106 -0.605239 -0.605216
vn -0.772827 0.448740 0.448742
vn -0.772835 0.448735 -0.448735
vn -0.772835 -0.448735 0.448735
vn -0.772827 -0.448740 -0.448742
vn 0.482452 -0.619358 0.619383
vn 0.482448 -0.619380 -0.619364
vn 0.482446 0.619383 0.619363
vn 0.482450 0.619361 -0.619382
vn -0.737792 0.477314 -0.477320
vn -0.737792 -0.477314 0.477320
vn -0.737797 -0.477316 -0.477310
vn -0.737796 0.477316 0.477312
vn 0.441886 0.634337 0.634314
vn 0.441888 0.634314 -0.634335
vn 0.441885 -0.634314 0.634337
vn 0.441884 -0.634336 -0.634315
vn -0.704980 -0.501502 -0.501497
vn -0.704980 0.501501 0.501497
vn -0.704978 0.501495 -0.501506
vn -0.704978 -0.501495 0.501506
vn 0.279460 -0.720993 0.634091
vn 0.455973 0.658553 0.598663
vn 0.455973 0.658553 0.598663
vn 0.455979 0.658546 -0.598665
vn 0.777866 -0.186913 -0.599990
vn -0.748036 -0.442621 0.494499
vn 0.721251 -0.477054 -0.502212
vn 0.584557 0.565039 0.582258
vn 0.597691 -0.555344 0.578238
vn 0.597693 -0.555326 -0.578252
vn 0.584557 0.565039 0.582258
vn 0.577052 -0.296144 -0.761124
vn -0.705154 0.191183 -0.682794
vn -0.336907 0.653171 0.678131
vn -0.597922 0.472124 0.647756
vn 0.690865 0.479026 0.541517
vn 0.690853 0.479056 -0.541505
vn -0.646681 0.477632 -0.594703
vn -0.004527 0.761974 -0.647591
vn -0.004521 0.761974 0.647592
vn 0.634525 -0.522444 0.569589
vn -0.646665 0.477649 0.594707
vn 0.310671 -0.234305 0.921187
vn 0.594401 0.574033 0.563182
vn 0.594401 0.574033 0.563182
vn 0.592614 -0.576209 -0.562842
vn 0.592599 -0.576211 0.562856
vn -0.631094 0.548508 -0.548507
vn -0.631100 -0.548504 0.548504
vn 0.455515 -0.629486 -0.629487
vn -0.631096 0.548503 0.548509
vn -0.631095 -0.548506 -0.548507
vn -0.630261 -0.000008 -0.776383
vn -0.630276 -0.548986 -0.548969
vn -0.630279 -0.776368 0.000007
vn -0.630261 0.000008 0.776383
vn -0.630274 0.548984 0.548973
vn 0.455524 -0.629487 0.629479
vn 0.455515 0.629486 0.629486
vn 0.455506 0.629494 -0.629485
vn 0.435295 0.636598 0.636601
vn 0.435290 0.636606 -0.636597
vn 0.435290 -0.636600 -0.636602
vn 0.435290 -0.636604 0.636599
vn 0.345349 -0.663599 0.663604
vn 0.345349 -0.663599 0.663604
vn -0.444686 0.633346 0.633345
vn 0.345350 0.663602 -0.663600
vn 0.902718 -0.304221 -0.304220
vn -0.641991 0.513616 -0.569251
vn 0.633377 0.527942 -0.565783
vn 0.633377 0.527951 0.565775
vn 0.633377 0.527951 0.565775
vn -0.697884 -0.305937 0.647581
vn -0.641993 0.513606 0.569257
vn 0.631902 -0.553858 0.542164
vn 0.631902 -0.553858 0.542164
vn -0.453949 -0.596133 -0.662236
vn 0.631904 -0.553869 -0.542150
vn -0.577328 0.577361 -0.577361
vn 0.577372 0.577339 -0.577339
vn 0.577328 0.577361 0.577361
vn -0.577372 0.577339 0.577339
vn -0.577340 -0.577372 0.577339
vn -0.577372 0.577339 0.577339
vn -0.577350 -0.577350 -0.577350
vn 0.301505 0.301522 0.904533
vn 0.689865 0.162270 0.705517
vn 0.498649 0.634160 0.590923
vn -0.294512 -0.374716 -0.879119
vn 0.739279 0.043739 -0.671977
vn -0.294512 -0.374716 -0.879119
vn -0.744488 -0.127615 0.655326
vn 0.440773 0.413734 0.796582
vn -0.547764 -0.548268 -0.631946
vn 0.135409 0.640476 0.755947
vn 0.066901 0.722958 -0.687645
vn 0.065646 0.683650 0.726851
vn -0.067643 -0.722689 -0.687855
vn 0.338931 -0.682872 0.647157
vn -0.544210 0.238676 0.804282
vn 0.703631 -0.329408 -0.629598
vn -0.725610 -0.256370 -0.638564
vn 0.572199 0.587262 0.572460
vn -0.591802 0.558893 -0.580869
vn -0.591808 0.558900 0.580857
vn 0.572207 0.587268 -0.572447
vn 0.907512 0.293647 -0.300322
vn -0.064664 0.959641 0.273693
vn 0.706935 -0.015581 -0.707107
vn 0.666489 0.236209 0.707105
vn 0.666494 0.236211 0.707100
vn 0.666494 0.236211 -0.707100
vn 0.013718 0.706987 -0.707094
vn 0.013719 0.706967 -0.707114
vn 0.013718 0.706967 0.707114
vn 0.000000 0.000000 1.000000
vn 0.000000 -0.000000 -1.000000
vn 0.017144 0.706898 0.707108
vn 0.017144 0.706898 0.707108
vn 0.017144 0.706898 -0.707108
vn -0.001481 0.714629 0.699502
vn 0.062264 0.890055 -0.451580
vn -0.411462 0.740396 0.531520
vn -0.000000 0.000000 1.000000
vn 0.000000 -0.000000 -1.000000
f 1/1/1 2/2/2 3/3/3
f 4/4/4 5/5/5 6/6/6
f 6/6/6 7/7/7 8/8/8
f 9/9/9 10/10/10 11/11/11
f 4/4/4 12/12/12 13/13/13
f 14/14/14 15/15/15 16/16/16
f 17/17/17 18/18/18 19/19/19
f 15/15/15 20/20/20 17/17/17
f 9/9/9 21/21/21 22/22/22
f 2/2/2 23/23/23 3/3/3
f 24/24/24 25/25/25 26/26/26
f 27/27/27 28/28/28 21/21/21
f 29/29/29 30/30/30 12/12/12
f 31/31/31 32/32/32 23/23/23
f 30/30/30 33/33/33 34/34/34
f 35/35/35 36/36/36 32/32/32
f 18/18/18 37/37/37 19/19/19
f 38/38/38 39/39/39 40/40/40
f 41/41/41 40/40/40 37/37/37
f 26/26/26 42/42/42 43/43/43
f 34/34/34 44/44/44 45/45/45
f 46/46/46 47/47/47 48/48/48
f 38/38/38 49/49/49 50/50/50
f 45/45/45 51/51/51 34/34/34
f 50/50/50 52/52/52 38/38/38
f 53/53/53 54/54/54 55/55/55
f 51/51/51 56/56/56 53/53/53
f 57/57/57 58/58/58 59/59/59
f 49/49/49 60/60/60 50/50/50
f 61/61/61 62/62/62 63/63/63
f 53/53/53 46/46/46 64/64/64
f 65/65/65 66/66/66 60/60/60
f 55/55/55 67/67/67 46/46/46
f 46/46/46 68/68/68 64/64/64
f 69/69/69 70/70/70 71/71/71
f 65/65/65 72/72/72 73/73/73
f 74/74/74 75/75/75 76/76/76
f 68/68/68 77/77/77 78/78/78
f 79/79/79 80/80/80 70/70/70
f 72/72/72 81/81/81 82/82/82
f 83/83/83 84/84/84 56/56/56
f 56/56/56 85/85/85 54/54/54
f 78/78/78 86/86/86 68/68/68
f 81/81/81 63/63/63 82/82/82
f 78/78/78 87/87/87 88/88/88
f 89/89/89 90/90/90 86/86/86
f 91/91/91 92/92/92 80/80/80
f 61/61/61 93/93/93 94/94/94
f 60/60/60 95/95/95 50/50/50
f 90/90/90 74/74/74 96/96/96
f 97/97/97 98/98/98 99/99/99
f 94/94/94 100/100/100 101/101/101
f 73/73/73 102/102/102 66/66/66
f 103/103/103 104/104/104 105/105/105
f 1/1/1 105/105/105 106/106/106
f 16/16/16 107/107/107 14/14/14
f 6/6/6 108/108/108 109/109/109
f 110/110/110 111/111/111 112/112/112
f 108/108/108 113/113/113 109/109/109
f 107/107/107 114/114/114 110/110/110
f 115/115/115 116/116/116 117/117/117
f 118/118/118 119/119/119 120/120/120
f 121/121/121 122/122/122 116/116/116
f 123/123/123 120/120/120 104/104/104
f 124/124/124 125/125/125 113/113/113
f 126/126/126 127/127/127 128/128/128
f 125/125/125 129/129/129 126/126/126
f 111/111/111 130/130/130 112/112/112
f 131/131/131 132/132/132 122/122/122
f 133/133/133 134/134/134 135/135/135
f 136/136/136 133/133/133 130/130/130
f 137/137/137 138/138/138 139/139/139
f 140/140/140 141/141/141 119/119/119
f 142/142/142 143/143/143 144/144/144
f 145/145/145 146/146/146 147/147/147
f 148/148/148 144/144/144 141/141/141
f 127/127/127 149/149/149 128/128/128
f 150/150/150 151/151/151 152/152/152
f 149/149/149 153/153/153 154/154/154
f 134/134/134 152/152/152 135/135/135
f 155/155/155 156/156/156 146/146/146
f 151/151/151 157/157/157 158/158/158
f 159/159/159 160/160/160 156/156/156
f 161/161/161 162/162/162 143/143/143
f 154/154/154 163/163/163 164/164/164
f 165/165/165 166/166/166 167/167/167
f 168/168/168 169/169/169 170/170/170
f 171/171/171 172/172/172 162/162/162
f 163/163/163 173/173/173 164/164/164
f 174/174/174 175/175/175 176/176/176
f 177/177/177 178/178/178 173/173/173
f 158/158/158 174/174/174 176/176/176
f 179/179/179 180/180/180 181/181/181
f 182/182/182 183/183/183 184/184/184
f 185/185/185 186/186/186 180/180/180
f 187/187/187 188/188/188 189/189/189
f 178/178/178 190/190/190 191/191/191
f 192/192/192 183/183/183 193/193/193
f 194/194/194 192/192/192 195/195/195
f 190/190/190 196/196/196 191/191/191
f 175/175/175 197/197/197 198/198/198
f 8/8/8 199/199/199 200/200/200
f 201/201/201 202/202/202 203/203/203
f 204/204/204 205/205/205 206/206/206
f 16/16/16 207/207/207 208/208/208
f 209/209/209 210/210/210 211/211/211
f 212/212/212 213/213/213 202/202/202
f 214/214/214 209/209/209 207/207/207
f 205/205/205 215/215/215 216/216/216
f 217/217/217 218/218/218 219/219/219
f 220/220/220 221/221/221 222/222/222
f 199/199/199 223/223/223 200/200/200
f 224/224/224 225/225/225 213/213/213
f 226/226/226 227/227/227 228/228/228
f 223/223/223 226/226/226 228/228/228
f 229/229/229 230/230/230 225/225/225
f 210/210/210 231/231/231 211/211/211
f 232/232/232 233/233/233 234/234/234
f 235/235/235 236/236/236 237/237/237
f 231/231/231 238/238/238 232/232/232
f 239/239/239 240/240/240 218/218/218
f 241/241/241 242/242/242 243/243/243
f 244/244/244 245/245/245 240/240/240
f 246/246/246 243/243/243 227/227/227
f 247/247/247 248/248/248 249/249/249
f 250/250/250 251/251/251 242/242/242
f 252/252/252 253/253/253 248/248/248
f 234/234/234 254/254/254 255/255/255
f 256/256/256 257/257/257 245/245/245
f 258/258/258 259/259/259 260/260/260
f 261/261/261 262/262/262 263/263/263
f 255/255/255 264/264/264 258/258/258
f 265/265/265 266/266/266 257/257/257
f 267/267/267 268/268/268 269/269/269
f 270/270/270 271/271/271 266/266/266
f 272/272/272 267/267/267 251/251/251
f 273/273/273 274/274/274 275/275/275
f 276/276/276 277/277/277 278/278/278
f 279/279/279 280/280/280 274/274/274
f 259/259/259 281/281/281 260/260/260
f 282/282/282 283/283/283 271/271/271
f 284/284/284 285/285/285 286/286/286
f 281/281/281 284/284/284 286/286/286
f 287/287/287 288/288/288 283/283/283
f 268/268/268 289/289/289 269/269/269
f 290/290/290 291/291/291 292/292/292
f 293/293/293 291/291/291 294/294/294
f 289/289/289 295/295/295 296/296/296
f 297/297/297 298/298/298 299/299/299
f 300/300/300 301/301/301 302/302/302
f 303/303/303 304/304/304 305/305/305
f 306/306/306 307/307/307 308/308/308
f 309/309/309 310/310/310 311/311/311
f 312/312/312 313/313/313 314/314/314
f 315/315/315 316/316/316 317/317/317
f 318/318/318 319/319/319 320/320/320
f 306/306/306 321/321/321 322/322/322
f 323/323/323 307/307/307 324/324/324
f 322/322/322 325/325/325 323/323/323
f 326/326/326 327/327/327 328/328/328
f 329/329/329 330/330/330 331/331/331
f 332/332/332 333/333/333 334/334/334
f 335/335/335 336/336/336 337/337/337
f 338/338/338 339/339/339 340/340/340
f 341/341/341 327/327/327 342/342/342
f 326/326/326 343/343/343 344/344/344
f 341/341/341 343/343/343 345/345/345
f 346/346/346 347/347/347 348/348/348
f 349/349/349 350/350/350 351/351/351
f 352/352/352 353/353/353 354/354/354
f 355/355/355 356/356/356 357/357/357
f 358/358/358 359/359/359 360/360/360
f 361/361/361 362/362/362 346/346/346
f 348/348/348 363/363/363 364/364/364
f 364/364/364 365/365/365 361/361/361
f 366/366/366 367/367/367 368/368/368
f 369/369/369 370/370/370 371/371/371
f 372/372/372 373/373/373 374/374/374
f 375/375/375 376/376/376 377/377/377
f 378/378/378 379/379/379 380/380/380
f 381/381/381 382/382/382 383/383/383
f 368/368/368 384/384/384 381/381/381
f 383/383/383 385/385/385 366/366/366
f 386/386/386 387/387/387 388/388/388
f 389/389/389 390/390/390 391/391/391
f 392/392/392 393/393/393 394/394/394
f 395/395/395 396/396/396 397/397/397
f 398/398/398 399/399/399 400/400/400
f 388/388/388 401/401/401 402/402/402
f 403/403/403 404/404/404 386/386/386
f 402/402/402 405/405/405 403/403/403
f 406/406/406 407/407/407 408/408/408
f 409/409/409 410/410/410 411/411/411
f 412/412/412 413/413/413 414/414/414
f 415/415/415 416/416/416 417/417/417
f 418/418/418 419/419/419 420/420/420
f 421/421/421 422/422/422 423/423/423
f 421/421/421 424/424/424 406/406/406
f 408/408/408 422/422/422 425/425/425
f 426/426/426 427/427/427 428/428/428
f 429/429/429 430/430/430 431/431/431
f 432/432/432 433/433/433 434/434/434
f 435/435/435 436/436/436 437/437/437
f 438/438/438 439/439/439 440/440/440
f 441/441/441 427/427/427 442/442/442
f 426/426/426 443/443/443 444/444/444
f 444/444/444 445/445/445 441/441/441
f 446/446/446 447/447/447 448/448/448
f 449/449/449 450/450/450 451/451/451
f 452/452/452 453/453/453 454/454/454
f 455/455/455 456/456/456 457/457/457
f 458/458/458 459/459/459 460/460/460
f 448/448/448 461/461/461 462/462/462
f 463/463/463 464/464/464 446/446/446
f 462/462/462 465/465/465 463/463/463
f 466/466/466 467/467/467 468/468/468
f 469/469/469 470/470/470 471/471/471
f 472/472/472 473/473/473 474/474/474
f 475/475/475 476/476/476 477/477/477
f 478/478/478 479/479/479 480/480/480
f 468/468/468 481/481/481 482/482/482
f 466/466/466 483/483/483 484/484/484
f 482/482/482 483/483/483 485/485/485
f 486/486/486 487/487/487 488/488/488
f 489/489/489 490/490/490 491/491/491
f 492/492/492 493/493/493 494/494/494
f 495/495/495 496/496/496 497/497/497
f 498/498/498 499/499/499 500/500/500
f 501/501/501 502/502/502 486/486/486
f 488/488/488 503/503/503 504/504/504
f 504/504/504 505/505/505 501/501/501
f 506/506/506 507/507/507 508/508/508
f 509/509/509 510/510/510 511/511/511
f 512/512/512 513/513/513 514/514/514
f 515/515/515 516/516/516 517/517/517
f 518/518/518 519/519/519 520/520/520
f 521/521/521 522/522/522 506/506/506
f 508/508/508 523/523/523 524/524/524
f 524/524/524 525/525/525 521/521/521
f 526/526/526 527/527/527 528/528/528
f 529/529/529 530/530/530 531/531/531
f 532/532/532 533/533/533 534/534/534
f 535/535/535 536/536/536 537/537/537
f 538/538/538 539/539/539 540/540/540
f 528/528/528 541/541/541 542/542/542
f 543/543/543 544/544/544 526/526/526
f 542/542/542 545/545/545 543/543/543
f 546/546/546 547/547/547 548/548/548
f 549/549/549 550/550/550 551/551/551
f 552/552/552 548/548/548 553/553/553
f 554/554/554 555/555/555 556/556/556
f 557/557/557 558/558/558 559/559/559
f 560/560/560 561/561/561 555/555/555
f 539/539/539 562/562/562 563/563/563
f 564/564/564 565/565/565 550/550/550
f 566/566/566 567/567/567 568/568/568
f 99/99/99 569/569/569 570/570/570
f 100/100/100 571/571/571 101/101/101
f 94/94/94 572/572/572 573/573/573
f 574/574/574 575/575/575 576/576/576
f 577/577/577 578/578/578 579/579/579
f 579/579/579 580/580/580 581/581/581
f 582/582/582 583/583/583 584/584/584
f 585/585/585 586/586/586 587/587/587
f 574/574/574 588/588/588 589/589/589
f 590/590/590 591/591/591 592/592/592
f 584/584/584 593/593/593 582/582/582
f 585/585/585 594/594/594 595/595/595
f 596/596/596 597/597/597 598/598/598
f 599/599/599 600/600/600 601/601/601
f 602/602/602 603/603/603 604/604/604
f 605/605/605 606/606/606 578/578/578
f 607/607/607 601/601/601 608/608/608
f 609/609/609 610/610/610 611/611/611
f 612/612/612 613/613/613 588/588/588
f 603/603/603 614/614/614 604/604/604
f 606/606/606 615/615/615 616/616/616
f 610/610/610 617/617/617 618/618/618
f 619/619/619 620/620/620 614/614/614
f 616/616/616 621/621/621 622/622/622
f 623/623/623 624/624/624 625/625/625
f 626/626/626 627/627/627 628/628/628
f 629/629/629 630/630/630 631/631/631
f 631/631/631 632/632/632 633/633/633
f 634/634/634 635/635/635 636/636/636
f 637/637/637 638/638/638 639/639/639
f 640/640/640 641/641/641 642/642/642
f 634/634/634 643/643/643 644/644/644
f 645/645/645 646/646/646 647/647/647
f 648/648/648 631/631/631 649/649/649
f 628/628/628 650/650/650 651/651/651
f 652/652/652 653/653/653 654/654/654
f 655/655/655 656/656/656 657/657/657
f 658/658/658 659/659/659 660/660/660
f 661/661/661 662/662/662 663/663/663
f 664/664/664 629/629/629 648/648/648
f 661/661/661 644/644/644 665/665/665
f 642/642/642 655/655/655 657/657/657
f 639/639/639 666/666/666 667/667/667
f 663/663/663 634/634/634 661/661/661
f 668/668/668 629/629/629 669/669/669
f 670/670/670 671/671/671 672/672/672
f 673/673/673 674/674/674 675/675/675
f 675/675/675 676/676/676 677/677/677
f 678/678/678 679/679/679 680/680/680
f 681/681/681 682/682/682 683/683/683
f 684/684/684 685/685/685 686/686/686
f 678/678/678 687/687/687 688/688/688
f 689/689/689 690/690/690 691/691/691
f 692/692/692 693/693/693 685/685/685
f 672/672/672 694/694/694 695/695/695
f 692/692/692 696/696/696 697/697/697
f 681/681/681 698/698/698 699/699/699
f 700/700/700 694/694/694 701/701/701
f 675/675/675 702/702/702 703/703/703
f 683/683/683 704/704/704 698/698/698
f 705/705/705 706/706/706 707/707/707
f 708/708/708 709/709/709 689/689/689
f 708/708/708 710/710/710 711/711/711
f 684/684/684 712/712/712 692/692/692
f 670/670/670 687/687/687 713/713/713
f 689/689/689 714/714/714 710/710/710
f 715/715/715 679/679/679 716/716/716
f 683/683/683 717/717/717 718/718/718
f 673/673/673 677/677/677 719/719/719
f 720/720/720 721/721/721 722/722/722
f 700/700/700 723/723/723 715/715/715
f 724/724/724 725/725/725 726/726/726
f 727/727/727 728/728/728 729/729/729
f 730/730/730 731/731/731 732/732/732
f 733/733/733 734/734/734 735/735/735
f 735/735/735 736/736/736 737/737/737
f 707/707/707 738/738/738 739/739/739
f 729/729/729 740/740/740 741/741/741
f 732/732/732 742/742/742 743/743/743
f 744/744/744 745/745/745 746/746/746
f 747/747/747 748/748/748 749/749/749
f 750/750/750 751/751/751 752/752/752
f 753/753/753 754/754/754 724/724/724
f 755/755/755 725/725/725 756/756/756
f 755/755/755 757/757/757 747/747/747
f 750/750/750 748/748/748 758/758/758
f 752/752/752 759/759/759 753/753/753
f 760/760/760 761/761/761 762/762/762
f 763/763/763 764/764/764 765/765/765
f 766/766/766 767/767/767 768/768/768
f 769/769/769 770/770/770 771/771/771
f 744/744/744 772/772/772 763/763/763
f 765/765/765 767/767/767 773/773/773
f 769/769/769 768/768/768 774/774/774
f 771/771/771 745/745/745 775/775/775
f 776/776/776 777/777/777 778/778/778
f 779/779/779 780/780/780 781/781/781
f 781/781/781 782/782/782 783/783/783
f 784/784/784 785/785/785 786/786/786
f 787/787/787 788/788/788 789/789/789
f 762/762/762 790/790/790 791/791/791
f 792/792/792 793/793/793 784/784/784
f 794/794/794 795/795/795 787/787/787
f 796/796/796 797/797/797 798/798/798
f 799/799/799 800/800/800 801/801/801
f 802/802/802 803/803/803 804/804/804
f 805/805/805 806/806/806 807/807/807
f 805/805/805 808/808/808 776/776/776
f 778/778/778 809/809/809 799/799/799
f 802/802/802 800/800/800 810/810/810
f 811/811/811 803/803/803 806/806/806
f 812/812/812 813/813/813 814/814/814
f 815/815/815 816/816/816 817/817/817
f 818/818/818 819/819/819 820/820/820
f 821/821/821 797/797/797 822/822/822
f 796/796/796 816/816/816 823/823/823
f 815/815/815 824/824/824 825/825/825
f 826/826/826 824/824/824 819/819/819
f 821/821/821 820/820/820 827/827/827
f 828/828/828 829/829/829 830/830/830
f 831/831/831 832/832/832 833/833/833
f 834/834/834 835/835/835 836/836/836
f 837/837/837 838/838/838 839/839/839
f 840/840/840 841/841/841 831/831/831
f 842/842/842 835/835/835 843/843/843
f 844/844/844 845/845/845 838/838/838
f 846/846/846 847/847/847 812/812/812
f 848/848/848 830/830/830 849/849/849
f 850/850/850 848/848/848 851/851/851
f 852/852/852 853/853/853 854/854/854
f 854/854/854 855/855/855 856/856/856
f 832/832/832 857/857/857 858/858/858
f 850/850/850 830/830/830 859/859/859
f 852/852/852 848/848/848 860/860/860
f 861/861/861 857/857/857 841/841/841
f 862/862/862 863/863/863 864/864/864
f 865/865/865 866/866/866 867/867/867
f 868/868/868 869/869/869 870/870/870
f 871/871/871 872/872/872 873/873/873
f 873/873/873 874/874/874 871/871/871
f 875/875/875 876/876/876 877/877/877
f 878/878/878 879/879/879 880/880/880
f 867/867/867 881/881/881 882/882/882
f 863/863/863 883/883/883 864/864/864
f 869/869/869 880/880/880 870/870/870
f 884/884/884 885/885/885 886/886/886
f 887/887/887 888/888/888 883/883/883
f 874/874/874 889/889/889 890/890/890
f 881/881/881 891/891/891 882/882/882
f 892/892/892 893/893/893 894/894/894
f 895/895/895 896/896/896 897/897/897
f 898/898/898 899/899/899 900/900/900
f 901/901/901 902/902/902 903/903/903
f 904/904/904 905/905/905 906/906/906
f 907/907/907 908/908/908 909/909/909
f 910/910/910 911/911/911 912/912/912
f 913/913/913 914/914/914 915/915/915
f 916/916/916 917/917/917 918/918/918
f 919/919/919 920/920/920 921/921/921
f 899/899/899 922/922/922 900/900/900
f 893/893/893 918/918/918 894/894/894
f 896/896/896 915/915/915 897/897/897
f 902/902/902 906/906/906 903/903/903
f 923/923/923 924/924/924 925/925/925
f 926/926/926 927/927/927 928/928/928
f 929/929/929 930/930/930 931/931/931
f 932/932/932 933/933/933 934/934/934
f 935/935/935 934/934/934 936/936/936
f 905/905/905 931/931/931 906/906/906
f 910/910/910 937/937/937 938/938/938
f 939/939/939 940/940/940 919/919/919
f 941/941/941 942/942/942 943/943/943
f 924/924/924 944/944/944 945/945/945
f 921/921/921 946/946/946 919/919/919
f 947/947/947 941/941/941 943/943/943
f 948/948/948 949/949/949 950/950/950
f 946/946/946 951/951/951 952/952/952
f 927/927/927 948/948/948 928/928/928
f 944/944/944 953/953/953 945/945/945
f 950/950/950 954/954/954 955/955/955
f 956/956/956 957/957/957 953/953/953
f 958/958/958 959/959/959 942/942/942
f 951/951/951 960/960/960 952/952/952
f 961/961/961 962/962/962 963/963/963
f 964/964/964 965/965/965 966/966/966
f 967/967/967 963/963/963 968/968/968
f 969/969/969 970/970/970 960/960/960
f 971/971/971 972/972/972 973/973/973
f 974/974/974 975/975/975 970/970/970
f 955/955/955 971/971/971 973/973/973
f 965/965/965 976/976/976 977/977/977
f 978/978/978 979/979/979 980/980/980
f 976/976/976 978/978/978 977/977/977
f 981/981/981 982/982/982 962/962/962
f 975/975/975 983/983/983 984/984/984
f 985/985/985 986/986/986 987/987/987
f 982/982/982 985/985/985 987/987/987
f 984/984/984 988/988/988 989/989/989
f 990/990/990 991/991/991 972/972/972
f 992/992/992 993/993/993 994/994/994
f 989/989/989 995/995/995 996/996/996
f 997/997/997 992/992/992 991/991/991
f 979/979/979 998/998/998 980/980/980
f 999/999/999 1000/1000/1000 1001/1001/1001
f 1002/1002/1002 1003/1003/1003 998/998/998
f 1004/1004/1004 1005/1005/1005 986/986/986
f 995/995/995 1006/1006/1006 996/996/996
f 1007/1007/1007 1008/1008/1008 1009/1009/1009
f 1010/1010/1010 1009/1009/1009 1006/1006/1006
f 994/994/994 1011/1011/1011 1012/1012/1012
f 1013/1013/1013 1014/1014/1014 1015/1015/1015
f 1016/1016/1016 1017/1017/1017 1018/1018/1018
f 1012/1012/1012 1016/1016/1016 1018/1018/1018
f 1019/1019/1019 1020/1020/1020 1014/1014/1014
f 1021/1021/1021 1022/1022/1022 1000/1000/1000
f 1023/1023/1023 1024/1024/1024 1025/1025/1025
f 1026/1026/1026 1027/1027/1027 1020/1020/1020
f 1028/1028/1028 1029/1029/1029 1022/1022/1022
f 1008/1008/1008 1030/1030/1030 1031/1031/1031
f 77/77/77 47/47/47 87/87/87
f 45/45/45 1032/1032/1032 83/83/83
f 78/78/78 1033/1033/1033 89/89/89
f 44/44/44 1034/1034/1034 45/45/45
f 1035/1035/1035 1033/1033/1033 75/75/75
f 66/66/66 1036/1036/1036 60/60/60
f 571/571/571 572/572/572 101/101/101
f 72/72/72 1037/1037/1037 73/73/73
f 82/82/82 1038/1038/1038 72/72/72
f 63/63/63 1039/1039/1039 82/82/82
f 94/94/94 1040/1040/1040 61/61/61
f 54/54/54 1041/1041/1041 55/55/55
f 1042/1042/1042 1043/1043/1043 1044/1044/1044
f 1045/1045/1045 1044/1044/1044 1046/1046/1046
f 1043/1043/1043 1047/1047/1047 1048/1048/1048
f 1044/1044/1044 1048/1048/1048 1046/1046/1046
f 1049/1049/1049 1050/1050/1050 1051/1051/1051
f 1052/1052/1052 1053/1053/1053 1054/1054/1054
f 1055/1055/1055 1056/1056/1056 1057/1057/1057
f 1058/1058/1058 1059/1059/1059 1060/1060/1060
f 1061/1061/1061 1045/1045/1045 1053/1053/1053
f 1060/1060/1060 1057/1057/1057 1047/1047/1047
f 1062/1062/1062 1063/1063/1063 1064/1064/1064
f 1065/1065/1065 1066/1066/1066 1067/1067/1067
f 1068/1068/1068 1069/1069/1069 1070/1070/1070
f 1071/1071/1071 1072/1072/1072 1069/1069/1069
f 1073/1073/1073 1067/1067/1067 1074/1074/1074
f 1075/1075/1075 1076/1076/1076 1077/1077/1077
f 1078/1078/1078 1070/1070/1070 1079/1079/1079
f 1080/1080/1080 1081/1081/1081 1066/1066/1066
f 1082/1082/1082 1083/1083/1083 1084/1084/1084
f 1085/1085/1085 1079/1079/1079 1086/1086/1086
f 1087/1087/1087 1088/1088/1088 1081/1081/1081
f 1089/1089/1089 1090/1090/1090 1091/1091/1091
f 1092/1092/1092 1093/1093/1093 1094/1094/1094
f 1091/1091/1091 1095/1095/1095 1096/1096/1096
f 1097/1097/1097 1098/1098/1098 1083/1083/1083
f 1099/1099/1099 1086/1086/1086 1100/1100/1100
f 1101/1101/1101 1102/1102/1102 1088/1088/1088
f 1103/1103/1103 1104/1104/1104 1105/1105/1105
f 1106/1106/1106 1096/1096/1096 1107/1107/1107
f 1105/1105/1105 1108/1108/1108 1093/1093/1093
f 1109/1109/1109 1110/1110/1110 1111/1111/1111
f 1112/1112/1112 1107/1107/1107 1113/1113/1113
f 1110/1110/1110 1113/1113/1113 1114/1114/1114
f 1111/1111/1111 1114/1114/1114 1108/1108/1108
f 1115/1115/1115 1116/1116/1116 1117/1117/1117
f 1115/1115/1115 1114/1114/1114 1113/1113/1113
f 1118/1118/1118 1113/1113/1113 1119/1119/1119
f 1116/1116/1116 1119/1119/1119 1120/1120/1120
f 1114/1114/1114 1116/1116/1116 1120/1120/1120
f 1/1/1 106/106/106 2/2/2
f 4/4/4 13/13/13 5/5/5
f 6/6/6 109/109/109 7/7/7
f 9/9/9 22/22/22 10/10/10
f 4/4/4 29/29/29 12/12/12
f 14/14/14 1121/1121/1121 15/15/15
f 17/17/17 20/20/20 18/18/18
f 15/15/15 1121/1121/1121 20/20/20
f 9/9/9 27/27/27 21/21/21
f 2/2/2 31/31/31 23/23/23
f 24/24/24 1122/1122/1122 25/25/25
f 27/27/27 1123/1123/1123 28/28/28
f 29/29/29 1124/1124/1124 30/30/30
f 31/31/31 35/35/35 32/32/32
f 30/30/30 1124/1124/1124 33/33/33
f 35/35/35 1125/1125/1125 36/36/36
f 18/18/18 41/41/41 37/37/37
f 38/38/38 52/52/52 39/39/39
f 41/41/41 38/38/38 40/40/40
f 26/26/26 25/25/25 42/42/42
f 34/34/34 33/33/33 44/44/44
f 46/46/46 67/67/67 47/47/47
f 38/38/38 41/41/41 49/49/49
f 45/45/45 83/83/83 51/51/51
f 50/50/50 95/95/95 52/52/52
f 53/53/53 56/56/56 54/54/54
f 51/51/51 83/83/83 56/56/56
f 57/57/57 1126/1126/1126 58/58/58
f 49/49/49 65/65/65 60/60/60
f 61/61/61 1040/1040/1040 62/62/62
f 53/53/53 55/55/55 46/46/46
f 65/65/65 73/73/73 66/66/66
f 55/55/55 1041/1041/1041 67/67/67
f 46/46/46 48/48/48 68/68/68
f 69/69/69 79/79/79 70/70/70
f 65/65/65 1127/1127/1127 72/72/72
f 74/74/74 1035/1035/1035 75/75/75
f 68/68/68 48/48/48 77/77/77
f 79/79/79 91/91/91 80/80/80
f 72/72/72 1127/1127/1127 81/81/81
f 83/83/83 1032/1032/1032 84/84/84
f 56/56/56 84/84/84 85/85/85
f 78/78/78 89/89/89 86/86/86
f 81/81/81 61/61/61 63/63/63
f 78/78/78 77/77/77 87/87/87
f 89/89/89 1035/1035/1035 90/90/90
f 91/91/91 1128/1128/1128 92/92/92
f 61/61/61 81/81/81 93/93/93
f 60/60/60 1036/1036/1036 95/95/95
f 90/90/90 1035/1035/1035 74/74/74
f 97/97/97 1129/1129/1129 98/98/98
f 94/94/94 93/93/93 100/100/100
f 73/73/73 1037/1037/1037 102/102/102
f 103/103/103 123/123/123 104/104/104
f 1/1/1 103/103/103 105/105/105
f 16/16/16 208/208/208 107/107/107
f 6/6/6 5/5/5 108/108/108
f 110/110/110 114/114/114 111/111/111
f 108/108/108 124/124/124 113/113/113
f 107/107/107 208/208/208 114/114/114
f 115/115/115 121/121/121 116/116/116
f 118/118/118 140/140/140 119/119/119
f 121/121/121 131/131/131 122/122/122
f 123/123/123 118/118/118 120/120/120
f 124/124/124 1130/1130/1130 125/125/125
f 126/126/126 129/129/129 127/127/127
f 125/125/125 1130/1130/1130 129/129/129
f 111/111/111 136/136/136 130/130/130
f 131/131/131 1131/1131/1131 132/132/132
f 133/133/133 1132/1132/1132 134/134/134
f 136/136/136 1132/1132/1132 133/133/133
f 137/137/137 1133/1133/1133 138/138/138
f 140/140/140 148/148/148 141/141/141
f 142/142/142 161/161/161 143/143/143
f 145/145/145 155/155/155 146/146/146
f 148/148/148 142/142/142 144/144/144
f 127/127/127 1134/1134/1134 149/149/149
f 150/150/150 1135/1135/1135 151/151/151
f 149/149/149 1134/1134/1134 153/153/153
f 134/134/134 150/150/150 152/152/152
f 155/155/155 159/159/159 156/156/156
f 151/151/151 1135/1135/1135 157/157/157
f 159/159/159 1136/1136/1136 160/160/160
f 161/161/161 171/171/171 162/162/162
f 154/154/154 153/153/153 163/163/163
f 165/165/165 1137/1137/1137 166/166/166
f 168/168/168 1138/1138/1138 169/169/169
f 171/171/171 1139/1139/1139 172/172/172
f 163/163/163 177/177/177 173/173/173
f 174/174/174 1140/1140/1140 175/175/175
f 177/177/177 1141/1141/1141 178/178/178
f 158/158/158 157/157/157 174/174/174
f 179/179/179 185/185/185 180/180/180
f 182/182/182 193/193/193 183/183/183
f 185/185/185 1142/1142/1142 186/186/186
f 187/187/187 1143/1143/1143 188/188/188
f 178/178/178 1141/1141/1141 190/190/190
f 192/192/192 1144/1144/1144 183/183/183
f 194/194/194 1144/1144/1144 192/192/192
f 190/190/190 1145/1145/1145 196/196/196
f 175/175/175 1140/1140/1140 197/197/197
f 8/8/8 7/7/7 199/199/199
f 201/201/201 212/212/212 202/202/202
f 204/204/204 1146/1146/1146 205/205/205
f 16/16/16 214/214/214 207/207/207
f 209/209/209 1147/1147/1147 210/210/210
f 212/212/212 224/224/224 213/213/213
f 214/214/214 1147/1147/1147 209/209/209
f 205/205/205 1146/1146/1146 215/215/215
f 217/217/217 239/239/239 218/218/218
f 220/220/220 1148/1148/1148 221/221/221
f 199/199/199 1149/1149/1149 223/223/223
f 224/224/224 229/229/229 225/225/225
f 226/226/226 246/246/246 227/227/227
f 223/223/223 1149/1149/1149 226/226/226
f 229/229/229 1150/1150/1150 230/230/230
f 210/210/210 1151/1151/1151 231/231/231
f 232/232/232 238/238/238 233/233/233
f 235/235/235 1152/1152/1152 236/236/236
f 231/231/231 1151/1151/1151 238/238/238
f 239/239/239 244/244/244 240/240/240
f 241/241/241 250/250/250 242/242/242
f 244/244/244 256/256/256 245/245/245
f 246/246/246 241/241/241 243/243/243
f 247/247/247 252/252/252 248/248/248
f 250/250/250 272/272/272 251/251/251
f 252/252/252 1153/1153/1153 253/253/253
f 234/234/234 233/233/233 254/254/254
f 256/256/256 265/265/265 257/257/257
f 258/258/258 264/264/264 259/259/259
f 261/261/261 1154/1154/1154 262/262/262
f 255/255/255 254/254/254 264/264/264
f 265/265/265 270/270/270 266/266/266
f 267/267/267 1155/1155/1155 268/268/268
f 270/270/270 282/282/282 271/271/271
f 272/272/272 1155/1155/1155 267/267/267
f 273/273/273 279/279/279 274/274/274
f 276/276/276 1156/1156/1156 277/277/277
f 279/279/279 1157/1157/1157 280/280/280
f 259/259/259 1158/1158/1158 281/281/281
f 282/282/282 287/287/287 283/283/283
f 284/284/284 1159/1159/1159 285/285/285
f 281/281/281 1158/1158/1158 284/284/284
f 287/287/287 1160/1160/1160 288/288/288
f 268/268/268 1161/1161/1161 289/289/289
f 290/290/290 1162/1162/1162 291/291/291
f 293/293/293 292/292/292 291/291/291
f 289/289/289 1161/1161/1161 295/295/295
f 297/297/297 1163/1163/1163 298/298/298
f 300/300/300 1164/1164/1164 301/301/301
f 303/303/303 1165/1165/1165 304/304/304
f 306/306/306 324/324/324 307/307/307
f 309/309/309 1166/1166/1166 310/310/310
f 312/312/312 1167/1167/1167 313/313/313
f 315/315/315 1168/1168/1168 316/316/316
f 318/318/318 1169/1169/1169 319/319/319
f 306/306/306 308/308/308 321/321/321
f 323/323/323 325/325/325 307/307/307
f 322/322/322 321/321/321 325/325/325
f 326/326/326 344/344/344 327/327/327
f 329/329/329 1170/1170/1170 330/330/330
f 332/332/332 1171/1171/1171 333/333/333
f 335/335/335 1172/1172/1172 336/336/336
f 338/338/338 1173/1173/1173 339/339/339
f 341/341/341 328/328/328 327/327/327
f 326/326/326 345/345/345 343/343/343
f 341/341/341 342/342/342 343/343/343
f 346/346/346 362/362/362 347/347/347
f 349/349/349 1174/1174/1174 350/350/350
f 352/352/352 1175/1175/1175 353/353/353
f 355/355/355 1176/1176/1176 356/356/356
f 358/358/358 1177/1177/1177 359/359/359
f 361/361/361 365/365/365 362/362/362
f 348/348/348 347/347/347 363/363/363
f 364/364/364 363/363/363 365/365/365
f 366/366/366 385/385/385 367/367/367
f 369/369/369 1178/1178/1178 370/370/370
f 372/372/372 1179/1179/1179 373/373/373
f 375/375/375 1180/1180/1180 376/376/376
f 378/378/378 1181/1181/1181 379/379/379
f 381/381/381 384/384/384 382/382/382
f 368/368/368 367/367/367 384/384/384
f 383/383/383 382/382/382 385/385/385
f 386/386/386 404/404/404 387/387/387
f 389/389/389 1182/1182/1182 390/390/390
f 392/392/392 1183/1183/1183 393/393/393
f 395/395/395 1184/1184/1184 396/396/396
f 398/398/398 1185/1185/1185 399/399/399
f 388/388/388 387/387/387 401/401/401
f 403/403/403 405/405/405 404/404/404
f 402/402/402 401/401/401 405/405/405
f 406/406/406 424/424/424 407/407/407
f 409/409/409 1186/1186/1186 410/410/410
f 412/412/412 1187/1187/1187 413/413/413
f 415/415/415 1188/1188/1188 416/416/416
f 418/418/418 1189/1189/1189 419/419/419
f 421/421/421 425/425/425 422/422/422
f 421/421/421 423/423/423 424/424/424
f 408/408/408 407/407/407 422/422/422
f 426/426/426 442/442/442 427/427/427
f 429/429/429 1190/1190/1190 430/430/430
f 432/432/432 1191/1191/1191 433/433/433
f 435/435/435 1192/1192/1192 436/436/436
f 438/438/438 1193/1193/1193 439/439/439
f 441/441/441 445/445/445 427/427/427
f 426/426/426 428/428/428 443/443/443
f 444/444/444 443/443/443 445/445/445
f 446/446/446 464/464/464 447/447/447
f 449/449/449 1194/1194/1194 450/450/450
f 452/452/452 1195/1195/1195 453/453/453
f 455/455/455 1196/1196/1196 456/456/456
f 458/458/458 1197/1197/1197 459/459/459
f 448/448/448 447/447/447 461/461/461
f 463/463/463 465/465/465 464/464/464
f 462/462/462 461/461/461 465/465/465
f 466/466/466 484/484/484 467/467/467
f 469/469/469 1198/1198/1198 470/470/470
f 472/472/472 1199/1199/1199 473/473/473
f 475/475/475 1200/1200/1200 476/476/476
f 478/478/478 1201/1201/1201 479/479/479
f 468/468/468 467/467/467 481/481/481
f 466/466/466 485/485/485 483/483/483
f 482/482/482 481/481/481 483/483/483
f 486/486/486 502/502/502 487/487/487
f 489/489/489 1202/1202/1202 490/490/490
f 492/492/492 1203/1203/1203 493/493/493
f 495/495/495 1204/1204/1204 496/496/496
f 498/498/498 1205/1205/1205 499/499/499
f 501/501/501 505/505/505 502/502/502
f 488/488/488 487/487/487 503/503/503
f 504/504/504 503/503/503 505/505/505
f 506/506/506 522/522/522 507/507/507
f 509/509/509 1206/1206/1206 510/510/510
f 512/512/512 1207/1207/1207 513/513/513
f 515/515/515 1208/1208/1208 516/516/516
f 518/518/518 1209/1209/1209 519/519/519
f 521/521/521 525/525/525 522/522/522
f 508/508/508 507/507/507 523/523/523
f 524/524/524 523/523/523 525/525/525
f 526/526/526 544/544/544 527/527/527
f 529/529/529 1210/1210/1210 530/530/530
f 532/532/532 1211/1211/1211 533/533/533
f 535/535/535 1212/1212/1212 536/536/536
f 538/538/538 1213/1213/1213 539/539/539
f 528/528/528 527/527/527 541/541/541
f 543/543/543 545/545/545 544/544/544
f 542/542/542 541/541/541 545/545/545
f 546/546/546 1214/1214/1214 547/547/547
f 549/549/549 564/564/564 550/550/550
f 552/552/552 546/546/546 548/548/548
f 554/554/554 560/560/560 555/555/555
f 557/557/557 1215/1215/1215 558/558/558
f 560/560/560 1216/1216/1216 561/561/561
f 539/539/539 1213/1213/1213 562/562/562
f 564/564/564 1217/1217/1217 565/565/565
f 566/566/566 1218/1218/1218 567/567/567
f 99/99/99 98/98/98 569/569/569
f 100/100/100 1219/1219/1219 571/571/571
f 94/94/94 101/101/101 572/572/572
f 574/574/574 589/589/589 575/575/575
f 577/577/577 605/605/605 578/578/578
f 579/579/579 578/578/578 580/580/580
f 582/582/582 602/602/602 583/583/583
f 585/585/585 595/595/595 586/586/586
f 574/574/574 612/612/612 588/588/588
f 590/590/590 1220/1220/1220 591/591/591
f 584/584/584 1221/1221/1221 593/593/593
f 585/585/585 1222/1222/1222 594/594/594
f 596/596/596 1223/1223/1223 597/597/597
f 599/599/599 1224/1224/1224 600/600/600
f 602/602/602 582/582/582 603/603/603
f 605/605/605 1225/1225/1225 606/606/606
f 607/607/607 599/599/599 601/601/601
f 609/609/609 1226/1226/1226 610/610/610
f 612/612/612 1227/1227/1227 613/613/613
f 603/603/603 619/619/619 614/614/614
f 606/606/606 1225/1225/1225 615/615/615
f 610/610/610 1226/1226/1226 617/617/617
f 619/619/619 1228/1228/1228 620/620/620
f 616/616/616 615/615/615 621/621/621
f 623/623/623 1229/1229/1229 624/624/624
f 626/626/626 1230/1230/1230 627/627/627
f 629/629/629 1231/1231/1231 630/630/630
f 631/631/631 630/630/630 632/632/632
f 634/634/634 1232/1232/1232 635/635/635
f 637/637/637 1233/1233/1233 638/638/638
f 640/640/640 1234/1234/1234 641/641/641
f 634/634/634 636/636/636 643/643/643
f 645/645/645 1235/1235/1235 646/646/646
f 648/648/648 629/629/629 631/631/631
f 628/628/628 627/627/627 650/650/650
f 652/652/652 1236/1236/1236 653/653/653
f 655/655/655 1237/1237/1237 656/656/656
f 658/658/658 1238/1238/1238 659/659/659
f 661/661/661 1239/1239/1239 662/662/662
f 664/664/664 669/669/669 629/629/629
f 661/661/661 634/634/634 644/644/644
f 642/642/642 641/641/641 655/655/655
f 639/639/639 638/638/638 666/666/666
f 663/663/663 1232/1232/1232 634/634/634
f 668/668/668 1231/1231/1231 629/629/629
f 670/670/670 713/713/713 671/671/671
f 673/673/673 1240/1240/1240 674/674/674
f 675/675/675 703/703/703 676/676/676
f 678/678/678 716/716/716 679/679/679
f 681/681/681 1241/1241/1241 682/682/682
f 684/684/684 692/692/692 685/685/685
f 678/678/678 680/680/680 687/687/687
f 689/689/689 709/709/709 690/690/690
f 692/692/692 697/697/697 693/693/693
f 672/672/672 671/671/671 694/694/694
f 692/692/692 712/712/712 696/696/696
f 681/681/681 683/683/683 698/698/698
f 700/700/700 695/695/695 694/694/694
f 675/675/675 674/674/674 702/702/702
f 683/683/683 718/718/718 704/704/704
f 705/705/705 1242/1242/1242 706/706/706
f 708/708/708 1243/1243/1243 709/709/709
f 708/708/708 689/689/689 710/710/710
f 684/684/684 1244/1244/1244 712/712/712
f 670/670/670 688/688/688 687/687/687
f 689/689/689 691/691/691 714/714/714
f 715/715/715 723/723/723 679/679/679
f 683/683/683 682/682/682 717/717/717
f 673/673/673 675/675/675 677/677/677
f 721/721/721 1245/1245/1245 1246/1246/1246
f 1246/1246/1246 1247/1247/1247 721/721/721
f 1247/1247/1247 722/722/722 721/721/721
f 722/722/722 1248/1248/1248 1249/1249/1249
f 1249/1249/1249 720/720/720 722/722/722
f 700/700/700 701/701/701 723/723/723
f 724/724/724 754/754/754 725/725/725
f 727/727/727 1250/1250/1250 728/728/728
f 730/730/730 1251/1251/1251 731/731/731
f 733/733/733 1252/1252/1252 734/734/734
f 735/735/735 734/734/734 736/736/736
f 707/707/707 706/706/706 738/738/738
f 729/729/729 728/728/728 740/740/740
f 732/732/732 731/731/731 742/742/742
f 744/744/744 775/775/775 745/745/745
f 747/747/747 757/757/757 748/748/748
f 750/750/750 758/758/758 751/751/751
f 753/753/753 759/759/759 754/754/754
f 755/755/755 726/726/726 725/725/725
f 755/755/755 756/756/756 757/757/757
f 750/750/750 749/749/749 748/748/748
f 752/752/752 751/751/751 759/759/759
f 760/760/760 1253/1253/1253 761/761/761
f 763/763/763 772/772/772 764/764/764
f 766/766/766 773/773/773 767/767/767
f 769/769/769 774/774/774 770/770/770
f 744/744/744 746/746/746 772/772/772
f 765/765/765 764/764/764 767/767/767
f 769/769/769 766/766/766 768/768/768
f 771/771/771 770/770/770 745/745/745
f 776/776/776 808/808/808 777/777/777
f 779/779/779 1254/1254/1254 780/780/780
f 781/781/781 780/780/780 782/782/782
f 784/784/784 793/793/793 785/785/785
f 787/787/787 795/795/795 788/788/788
f 762/762/762 761/761/761 790/790/790
f 792/792/792 1255/1255/1255 793/793/793
f 794/794/794 1256/1256/1256 795/795/795
f 796/796/796 822/822/822 797/797/797
f 799/799/799 809/809/809 800/800/800
f 802/802/802 810/810/810 803/803/803
f 805/805/805 811/811/811 806/806/806
f 805/805/805 807/807/807 808/808/808
f 778/778/778 777/777/777 809/809/809
f 802/802/802 801/801/801 800/800/800
f 811/811/811 804/804/804 803/803/803
f 812/812/812 847/847/847 813/813/813
f 815/815/815 823/823/823 816/816/816
f 818/818/818 826/826/826 819/819/819
f 821/821/821 827/827/827 797/797/797
f 796/796/796 798/798/798 816/816/816
f 815/815/815 817/817/817 824/824/824
f 826/826/826 825/825/825 824/824/824
f 821/821/821 818/818/818 820/820/820
f 828/828/828 1257/1257/1257 829/829/829
f 831/831/831 841/841/841 832/832/832
f 834/834/834 843/843/843 835/835/835
f 837/837/837 844/844/844 838/838/838
f 840/840/840 861/861/861 841/841/841
f 842/842/842 1258/1258/1258 835/835/835
f 844/844/844 1259/1259/1259 845/845/845
f 846/846/846 1260/1260/1260 847/847/847
f 849/849/849 855/855/855 853/853/853
f 853/853/853 860/860/860 848/848/848
f 848/848/848 859/859/859 830/830/830
f 830/830/830 829/829/829 849/849/849
f 849/849/849 853/853/853 848/848/848
f 850/850/850 859/859/859 848/848/848
f 852/852/852 860/860/860 853/853/853
f 854/854/854 853/853/853 855/855/855
f 832/832/832 841/841/841 857/857/857
f 850/850/850 828/828/828 830/830/830
f 852/852/852 851/851/851 848/848/848
f 861/861/861 1261/1261/1261 857/857/857
f 862/862/862 1262/1262/1262 863/863/863
f 865/865/865 1263/1263/1263 866/866/866
f 868/868/868 1264/1264/1264 869/869/869
f 871/871/871 1265/1265/1265 872/872/872
f 873/873/873 1266/1266/1266 874/874/874
f 875/875/875 1267/1267/1267 876/876/876
f 878/878/878 1268/1268/1268 879/879/879
f 867/867/867 866/866/866 881/881/881
f 863/863/863 887/887/887 883/883/883
f 869/869/869 878/878/878 880/880/880
f 884/884/884 1269/1269/1269 885/885/885
f 887/887/887 1270/1270/1270 888/888/888
f 874/874/874 1266/1266/1266 889/889/889
f 881/881/881 1271/1271/1271 891/891/891
f 892/892/892 1272/1272/1272 893/893/893
f 895/895/895 1273/1273/1273 896/896/896
f 898/898/898 1274/1274/1274 899/899/899
f 901/901/901 1275/1275/1275 902/902/902
f 904/904/904 1276/1276/1276 905/905/905
f 907/907/907 1277/1277/1277 908/908/908
f 910/910/910 938/938/938 911/911/911
f 913/913/913 939/939/939 914/914/914
f 916/916/916 1278/1278/1278 917/917/917
f 919/919/919 940/940/940 920/920/920
f 899/899/899 1279/1279/1279 922/922/922
f 893/893/893 916/916/916 918/918/918
f 896/896/896 913/913/913 915/915/915
f 902/902/902 904/904/904 906/906/906
f 923/923/923 1280/1280/1280 924/924/924
f 926/926/926 929/929/929 927/927/927
f 929/929/929 926/926/926 930/930/930
f 932/932/932 1281/1281/1281 933/933/933
f 935/935/935 932/932/932 934/934/934
f 905/905/905 929/929/929 931/931/931
f 910/910/910 1282/1282/1282 937/937/937
f 939/939/939 913/913/913 940/940/940
f 941/941/941 958/958/958 942/942/942
f 924/924/924 1280/1280/1280 944/944/944
f 921/921/921 1283/1283/1283 946/946/946
f 947/947/947 1284/1284/1284 941/941/941
f 948/948/948 1285/1285/1285 949/949/949
f 946/946/946 1283/1283/1283 951/951/951
f 927/927/927 1285/1285/1285 948/948/948
f 944/944/944 956/956/956 953/953/953
f 950/950/950 949/949/949 954/954/954
f 956/956/956 1286/1286/1286 957/957/957
f 958/958/958 1287/1287/1287 959/959/959
f 951/951/951 969/969/969 960/960/960
f 961/961/961 981/981/981 962/962/962
f 964/964/964 1288/1288/1288 965/965/965
f 967/967/967 961/961/961 963/963/963
f 969/969/969 974/974/974 970/970/970
f 971/971/971 990/990/990 972/972/972
f 974/974/974 1289/1289/1289 975/975/975
f 955/955/955 954/954/954 971/971/971
f 965/965/965 1288/1288/1288 976/976/976
f 978/978/978 1290/1290/1290 979/979/979
f 976/976/976 1290/1290/1290 978/978/978
f 981/981/981 1291/1291/1291 982/982/982
f 975/975/975 1289/1289/1289 983/983/983
f 985/985/985 1004/1004/1004 986/986/986
f 982/982/982 1291/1291/1291 985/985/985
f 984/984/984 983/983/983 988/988/988
f 990/990/990 997/997/997 991/991/991
f 992/992/992 1292/1292/1292 993/993/993
f 989/989/989 988/988/988 995/995/995
f 997/997/997 1292/1292/1292 992/992/992
f 979/979/979 1002/1002/1002 998/998/998
f 999/999/999 1021/1021/1021 1000/1000/1000
f 1002/1002/1002 1293/1293/1293 1003/1003/1003
f 1004/1004/1004 1294/1294/1294 1005/1005/1005
f 995/995/995 1010/1010/1010 1006/1006/1006
f 1007/1007/1007 1295/1295/1295 1008/1008/1008
f 1010/1010/1010 1007/1007/1007 1009/1009/1009
f 994/994/994 993/993/993 1011/1011/1011
f 1013/1013/1013 1019/1019/1019 1014/1014/1014
f 1016/1016/1016 1296/1296/1296 1017/1017/1017
f 1012/1012/1012 1011/1011/1011 1016/1016/1016
f 1019/1019/1019 1026/1026/1026 1020/1020/1020
f 1021/1021/1021 1028/1028/1028 1022/1022/1022
f 1023/1023/1023 1297/1297/1297 1024/1024/1024
f 1026/1026/1026 1298/1298/1298 1027/1027/1027
f 1028/1028/1028 1299/1299/1299 1029/1029/1029
f 1008/1008/1008 1295/1295/1295 1030/1030/1030
f 77/77/77 48/48/48 47/47/47
f 45/45/45 1034/1034/1034 1032/1032/1032
f 78/78/78 88/88/88 1033/1033/1033
f 44/44/44 1300/1300/1300 1034/1034/1034
f 1035/1035/1035 89/89/89 1033/1033/1033
f 66/66/66 102/102/102 1036/1036/1036
f 571/571/571 1301/1301/1301 572/572/572
f 72/72/72 1038/1038/1038 1037/1037/1037
f 82/82/82 1039/1039/1039 1038/1038/1038
f 63/63/63 62/62/62 1039/1039/1039
f 94/94/94 573/573/573 1040/1040/1040
f 54/54/54 85/85/85 1041/1041/1041
f 1042/1042/1042 1302/1302/1302 1043/1043/1043
f 1045/1045/1045 1042/1042/1042 1044/1044/1044
f 1043/1043/1043 1302/1302/1302 1047/1047/1047
f 1044/1044/1044 1043/1043/1043 1048/1048/1048
f 1049/1049/1049 1303/1303/1303 1050/1050/1050
f 1052/1052/1052 1304/1304/1304 1053/1053/1053
f 1055/1055/1055 1305/1305/1305 1056/1056/1056
f 1058/1058/1058 1061/1061/1061 1059/1059/1059
f 1061/1061/1061 1058/1058/1058 1045/1045/1045
f 1060/1060/1060 1059/1059/1059 1057/1057/1057
f 1062/1062/1062 1306/1306/1306 1063/1063/1063
f 1065/1065/1065 1307/1307/1307 1066/1066/1066
f 1068/1068/1068 1308/1308/1308 1069/1069/1069
f 1071/1071/1071 1309/1309/1309 1072/1072/1072
f 1073/1073/1073 1310/1310/1310 1067/1067/1067
f 1075/1075/1075 1311/1311/1311 1076/1076/1076
f 1078/1078/1078 1312/1312/1312 1070/1070/1070
f 1080/1080/1080 1313/1313/1313 1081/1081/1081
f 1082/1082/1082 1097/1097/1097 1083/1083/1083
f 1085/1085/1085 1314/1314/1314 1079/1079/1079
f 1087/1087/1087 1315/1315/1315 1088/1088/1088
f 1089/1089/1089 1092/1092/1092 1090/1090/1090
f 1092/1092/1092 1089/1089/1089 1093/1093/1093
f 1091/1091/1091 1090/1090/1090 1095/1095/1095
f 1097/1097/1097 1316/1316/1316 1098/1098/1098
f 1099/1099/1099 1317/1317/1317 1086/1086/1086
f 1101/1101/1101 1318/1318/1318 1102/1102/1102
f 1103/1103/1103 1106/1106/1106 1104/1104/1104
f 1106/1106/1106 1103/1103/1103 1096/1096/1096
f 1105/1105/1105 1104/1104/1104 1108/1108/1108
f 1109/1109/1109 1112/1112/1112 1110/1110/1110
f 1112/1112/1112 1109/1109/1109 1107/1107/1107
f 1110/1110/1110 1112/1112/1112 1113/1113/1113
f 1111/1111/1111 1110/1110/1110 1114/1114/1114
f 1115/1115/1115 1118/1118/1118 1116/1116/1116
f 1115/1115/1115 1117/1117/1117 1114/1114/1114
f 1118/1118/1118 1115/1115/1115 1113/1113/1113
f 1116/1116/1116 1118/1118/1118 1119/1119/1119
f 1114/1114/1114 1117/1117/1117 1116/1116/1116
